match_id,season,start_date,venue,innings,ball,actual_delivery,batting_team,bowling_team,striker,non_striker,bowler,runs_off_bat,extras,wides,noballs,byes,legbyes,penalty,non_boundary,wicket_type,player_dismissed,other_wicket_type,other_player_dismissed,fielder_1,fielder_2,fielder_3
1120120,2017/18,2017-11-24,Saxton Oval,1,0.1,0.1,Wellington Firebirds,Central Stags,MHW Papps,LJ Woodcock,DAJ Bracewell,0,0,,,,,,,,,,,,,
1120120,2017/18,2017-11-24,Saxton Oval,1,0.2,0.2,Wellington Firebirds,Central Stags,MHW Papps,LJ Woodcock,DAJ Bracewell,0,0,,,,,,,,,,,,,
1120120,2017/18,2017-11-24,Saxton Oval,1,0.3,0.3,Wellington Firebirds,Central Stags,MHW Papps,LJ Woodcock,DAJ Bracewell,0,0,,,,,,,,,,,,,
1120120,2017/18,2017-11-24,Saxton Oval,1,0.4,0.4,Wellington Firebirds,Central Stags,MHW Papps,LJ Woodcock,DAJ Bracewell,0,0,,,,,,,,,,,,,
1120120,2017/18,2017-11-24,Saxton Oval,1,0.5,0.5,Wellington Firebirds,Central Stags,MHW Papps,LJ Woodcock,DAJ Bracewell,0,0,,,,,,,,,,,,,
1120120,2017/18,2017-11-24,Saxton Oval,1,0.6,0.6,Wellington Firebirds,Central Stags,MHW Papps,LJ Woodcock,DAJ Bracewell,0,0,,,,,,,,,,,,,
1120120,2017/18,2017-11-24,Saxton Oval,1,1.1,1.1,Wellington Firebirds,Central Stags,LJ Woodcock,MHW Papps,BM Wheeler,0,0,,,,,,,,,,,,,
1120120,2017/18,2017-11-24,Saxton Oval,1,1.2,1.2,Wellington Firebirds,Central Stags,LJ Woodcock,MHW Papps,BM Wheeler,0,0,,,,,,,,,,,,,
1120120,2017/18,2017-11-24,Saxton Oval,1,1.3,1.3,Wellington Firebirds,Central Stags,LJ Woodcock,MHW Papps,BM Wheeler,0,0,,,,,,,,,,,,,
1120120,2017/18,2017-11-24,Saxton Oval,1,1.4,1.4,Wellington Firebirds,Central Stags,LJ Woodcock,MHW Papps,BM Wheeler,0,0,,,,,,,,,,,,,
1120120,2017/18,2017-11-24,Saxton Oval,1,1.5,1.5,Wellington Firebirds,Central Stags,LJ Woodcock,MHW Papps,BM Wheeler,0,0,,,,,,,,,,,,,
1120120,2017/18,2017-11-24,Saxton Oval,1,1.6,1.6,Wellington Firebirds,Central Stags,LJ Woodcock,MHW Papps,BM Wheeler,0,0,,,,,,,,,,,,,
1120120,2017/18,2017-11-24,Saxton Oval,1,2.1,2.1,Wellington Firebirds,Central Stags,MHW Papps,LJ Woodcock,DAJ Bracewell,0,0,,,,,,,,,,,,,
1120120,2017/18,2017-11-24,Saxton Oval,1,2.2,2.2,Wellington Firebirds,Central Stags,MHW Papps,LJ Woodcock,DAJ Bracewell,2,0,,,,,,,,,,,,,
1120120,2017/18,2017-11-24,Saxton Oval,1,2.3,2.3,Wellington Firebirds,Central Stags,MHW Papps,LJ Woodcock,DAJ Bracewell,1,0,,,,,,,,,,,,,
1120120,2017/18,2017-11-24,Saxton Oval,1,2.4,2.4,Wellington Firebirds,Central Stags,LJ Woodcock,MHW Papps,DAJ Bracewell,0,0,,,,,,,,,,,,,
1120120,2017/18,2017-11-24,Saxton Oval,1,2.5,2.5,Wellington Firebirds,Central Stags,LJ Woodcock,MHW Papps,DAJ Bracewell,0,0,,,,,,,,,,,,,
1120120,2017/18,2017-11-24,Saxton Oval,1,2.6,2.6,Wellington Firebirds,Central Stags,LJ Woodcock,MHW Papps,DAJ Bracewell,0,0,,,,,,,,,,,,,
1120120,2017/18,2017-11-24,Saxton Oval,1,3.1,3.1,Wellington Firebirds,Central Stags,MHW Papps,LJ Woodcock,BM Wheeler,1,0,,,,,,,,,,,,,
1120120,2017/18,2017-11-24,Saxton Oval,1,3.2,3.2,Wellington Firebirds,Central Stags,LJ Woodcock,MHW Papps,BM Wheeler,0,0,,,,,,,,,,,,,
1120120,2017/18,2017-11-24,Saxton Oval,1,3.3,3.3,Wellington Firebirds,Central Stags,LJ Woodcock,MHW Papps,BM Wheeler,0,0,,,,,,,,,,,,,
1120120,2017/18,2017-11-24,Saxton Oval,1,3.4,3.4,Wellington Firebirds,Central Stags,LJ Woodcock,MHW Papps,BM Wheeler,0,0,,,,,,,,,,,,,
1120120,2017/18,2017-11-24,Saxton Oval,1,3.5,3.5,Wellington Firebirds,Central Stags,LJ Woodcock,MHW Papps,BM Wheeler,0,0,,,,,,,,,,,,,
1120120,2017/18,2017-11-24,Saxton Oval,1,3.6,3.6,Wellington Firebirds,Central Stags,LJ Woodcock,MHW Papps,BM Wheeler,0,0,,,,,,,,,,,,,
1120120,2017/18,2017-11-24,Saxton Oval,1,4.1,4.1,Wellington Firebirds,Central Stags,MHW Papps,LJ Woodcock,DAJ Bracewell,0,0,,,,,,,lbw,MHW Papps,,,,,
1120120,2017/18,2017-11-24,Saxton Oval,1,4.2,4.2,Wellington Firebirds,Central Stags,SJ Murdoch,LJ Woodcock,DAJ Bracewell,0,0,,,,,,,,,,,,,
1120120,2017/18,2017-11-24,Saxton Oval,1,4.3,4.3,Wellington Firebirds,Central Stags,SJ Murdoch,LJ Woodcock,DAJ Bracewell,0,0,,,,,,,,,,,,,
1120120,2017/18,2017-11-24,Saxton Oval,1,4.4,4.4,Wellington Firebirds,Central Stags,SJ Murdoch,LJ Woodcock,DAJ Bracewell,0,0,,,,,,,,,,,,,
1120120,2017/18,2017-11-24,Saxton Oval,1,4.5,4.5,Wellington Firebirds,Central Stags,SJ Murdoch,LJ Woodcock,DAJ Bracewell,0,0,,,,,,,,,,,,,
1120120,2017/18,2017-11-24,Saxton Oval,1,4.6,4.6,Wellington Firebirds,Central Stags,SJ Murdoch,LJ Woodcock,DAJ Bracewell,0,0,,,,,,,,,,,,,
1120120,2017/18,2017-11-24,Saxton Oval,1,5.1,5.1,Wellington Firebirds,Central Stags,LJ Woodcock,SJ Murdoch,BM Wheeler,0,0,,,,,,,,,,,,,
1120120,2017/18,2017-11-24,Saxton Oval,1,5.2,5.2,Wellington Firebirds,Central Stags,LJ Woodcock,SJ Murdoch,BM Wheeler,0,0,,,,,,,,,,,,,
1120120,2017/18,2017-11-24,Saxton Oval,1,5.3,5.3,Wellington Firebirds,Central Stags,LJ Woodcock,SJ Murdoch,BM Wheeler,0,0,,,,,,,,,,,,,
1120120,2017/18,2017-11-24,Saxton Oval,1,5.4,5.4,Wellington Firebirds,Central Stags,LJ Woodcock,SJ Murdoch,BM Wheeler,0,0,,,,,,,,,,,,,
1120120,2017/18,2017-11-24,Saxton Oval,1,5.5,5.5,Wellington Firebirds,Central Stags,LJ Woodcock,SJ Murdoch,BM Wheeler,1,0,,,,,,,,,,,,,
1120120,2017/18,2017-11-24,Saxton Oval,1,5.6,5.6,Wellington Firebirds,Central Stags,SJ Murdoch,LJ Woodcock,BM Wheeler,0,0,,,,,,,,,,,,,
1120120,2017/18,2017-11-24,Saxton Oval,1,6.1,6.1,Wellington Firebirds,Central Stags,LJ Woodcock,SJ Murdoch,DAJ Bracewell,1,0,,,,,,,,,,,,,
1120120,2017/18,2017-11-24,Saxton Oval,1,6.2,6.2,Wellington Firebirds,Central Stags,SJ Murdoch,LJ Woodcock,DAJ Bracewell,0,0,,,,,,,,,,,,,
1120120,2017/18,2017-11-24,Saxton Oval,1,6.3,6.3,Wellington Firebirds,Central Stags,SJ Murdoch,LJ Woodcock,DAJ Bracewell,0,0,,,,,,,,,,,,,
1120120,2017/18,2017-11-24,Saxton Oval,1,6.4,6.4,Wellington Firebirds,Central Stags,SJ Murdoch,LJ Woodcock,DAJ Bracewell,0,0,,,,,,,,,,,,,
1120120,2017/18,2017-11-24,Saxton Oval,1,6.5,6.5,Wellington Firebirds,Central Stags,SJ Murdoch,LJ Woodcock,DAJ Bracewell,0,0,,,,,,,,,,,,,
1120120,2017/18,2017-11-24,Saxton Oval,1,6.6,6.6,Wellington Firebirds,Central Stags,SJ Murdoch,LJ Woodcock,DAJ Bracewell,0,0,,,,,,,,,,,,,
1120120,2017/18,2017-11-24,Saxton Oval,1,7.1,7.1,Wellington Firebirds,Central Stags,LJ Woodcock,SJ Murdoch,BM Wheeler,0,0,,,,,,,,,,,,,
1120120,2017/18,2017-11-24,Saxton Oval,1,7.2,7.2,Wellington Firebirds,Central Stags,LJ Woodcock,SJ Murdoch,BM Wheeler,0,0,,,,,,,,,,,,,
1120120,2017/18,2017-11-24,Saxton Oval,1,7.3,7.3,Wellington Firebirds,Central Stags,LJ Woodcock,SJ Murdoch,BM Wheeler,0,0,,,,,,,,,,,,,
1120120,2017/18,2017-11-24,Saxton Oval,1,7.4,7.4,Wellington Firebirds,Central Stags,LJ Woodcock,SJ Murdoch,BM Wheeler,0,0,,,,,,,,,,,,,
1120120,2017/18,2017-11-24,Saxton Oval,1,7.5,7.5,Wellington Firebirds,Central Stags,LJ Woodcock,SJ Murdoch,BM Wheeler,0,0,,,,,,,,,,,,,
1120120,2017/18,2017-11-24,Saxton Oval,1,7.6,7.6,Wellington Firebirds,Central Stags,LJ Woodcock,SJ Murdoch,BM Wheeler,0,0,,,,,,,,,,,,,
1120120,2017/18,2017-11-24,Saxton Oval,1,8.1,8.1,Wellington Firebirds,Central Stags,SJ Murdoch,LJ Woodcock,DAJ Bracewell,4,0,,,,,,,,,,,,,
1120120,2017/18,2017-11-24,Saxton Oval,1,8.2,8.2,Wellington Firebirds,Central Stags,SJ Murdoch,LJ Woodcock,DAJ Bracewell,0,0,,,,,,,,,,,,,
1120120,2017/18,2017-11-24,Saxton Oval,1,8.3,8.3,Wellington Firebirds,Central Stags,SJ Murdoch,LJ Woodcock,DAJ Bracewell,0,0,,,,,,,,,,,,,
1120120,2017/18,2017-11-24,Saxton Oval,1,8.4,8.4,Wellington Firebirds,Central Stags,SJ Murdoch,LJ Woodcock,DAJ Bracewell,0,0,,,,,,,,,,,,,
1120120,2017/18,2017-11-24,Saxton Oval,1,8.5,8.5,Wellington Firebirds,Central Stags,SJ Murdoch,LJ Woodcock,DAJ Bracewell,0,0,,,,,,,,,,,,,
1120120,2017/18,2017-11-24,Saxton Oval,1,8.6,8.6,Wellington Firebirds,Central Stags,SJ Murdoch,LJ Woodcock,DAJ Bracewell,0,0,,,,,,,,,,,,,
1120120,2017/18,2017-11-24,Saxton Oval,1,9.1,9.1,Wellington Firebirds,Central Stags,LJ Woodcock,SJ Murdoch,BM Wheeler,2,0,,,,,,,,,,,,,
1120120,2017/18,2017-11-24,Saxton Oval,1,9.2,9.2,Wellington Firebirds,Central Stags,LJ Woodcock,SJ Murdoch,BM Wheeler,0,0,,,,,,,,,,,,,
1120120,2017/18,2017-11-24,Saxton Oval,1,9.3,9.3,Wellington Firebirds,Central Stags,LJ Woodcock,SJ Murdoch,BM Wheeler,2,0,,,,,,,,,,,,,
1120120,2017/18,2017-11-24,Saxton Oval,1,9.4,9.4,Wellington Firebirds,Central Stags,LJ Woodcock,SJ Murdoch,BM Wheeler,0,0,,,,,,,,,,,,,
1120120,2017/18,2017-11-24,Saxton Oval,1,9.5,9.5,Wellington Firebirds,Central Stags,LJ Woodcock,SJ Murdoch,BM Wheeler,0,0,,,,,,,,,,,,,
1120120,2017/18,2017-11-24,Saxton Oval,1,9.6,9.6,Wellington Firebirds,Central Stags,LJ Woodcock,SJ Murdoch,BM Wheeler,0,0,,,,,,,,,,,,,
1120120,2017/18,2017-11-24,Saxton Oval,1,10.1,10.1,Wellington Firebirds,Central Stags,SJ Murdoch,LJ Woodcock,DAJ Bracewell,0,0,,,,,,,,,,,,,
1120120,2017/18,2017-11-24,Saxton Oval,1,10.2,10.2,Wellington Firebirds,Central Stags,SJ Murdoch,LJ Woodcock,DAJ Bracewell,0,0,,,,,,,,,,,,,
1120120,2017/18,2017-11-24,Saxton Oval,1,10.3,10.3,Wellington Firebirds,Central Stags,SJ Murdoch,LJ Woodcock,DAJ Bracewell,4,0,,,,,,,,,,,,,
1120120,2017/18,2017-11-24,Saxton Oval,1,10.4,10.4,Wellington Firebirds,Central Stags,SJ Murdoch,LJ Woodcock,DAJ Bracewell,0,0,,,,,,,,,,,,,
1120120,2017/18,2017-11-24,Saxton Oval,1,10.5,10.5,Wellington Firebirds,Central Stags,SJ Murdoch,LJ Woodcock,DAJ Bracewell,0,0,,,,,,,,,,,,,
1120120,2017/18,2017-11-24,Saxton Oval,1,10.6,10.6,Wellington Firebirds,Central Stags,SJ Murdoch,LJ Woodcock,DAJ Bracewell,0,0,,,,,,,,,,,,,
1120120,2017/18,2017-11-24,Saxton Oval,1,11.1,11.1,Wellington Firebirds,Central Stags,LJ Woodcock,SJ Murdoch,BM Wheeler,0,0,,,,,,,,,,,,,
1120120,2017/18,2017-11-24,Saxton Oval,1,11.2,11.2,Wellington Firebirds,Central Stags,LJ Woodcock,SJ Murdoch,BM Wheeler,0,0,,,,,,,,,,,,,
1120120,2017/18,2017-11-24,Saxton Oval,1,11.3,11.3,Wellington Firebirds,Central Stags,LJ Woodcock,SJ Murdoch,BM Wheeler,0,0,,,,,,,,,,,,,
1120120,2017/18,2017-11-24,Saxton Oval,1,11.4,11.4,Wellington Firebirds,Central Stags,LJ Woodcock,SJ Murdoch,BM Wheeler,0,0,,,,,,,,,,,,,
1120120,2017/18,2017-11-24,Saxton Oval,1,11.5,11.5,Wellington Firebirds,Central Stags,LJ Woodcock,SJ Murdoch,BM Wheeler,0,0,,,,,,,,,,,,,
1120120,2017/18,2017-11-24,Saxton Oval,1,11.6,11.6,Wellington Firebirds,Central Stags,LJ Woodcock,SJ Murdoch,BM Wheeler,0,0,,,,,,,,,,,,,
1120120,2017/18,2017-11-24,Saxton Oval,1,12.1,12.1,Wellington Firebirds,Central Stags,SJ Murdoch,LJ Woodcock,NA Patel,0,0,,,,,,,,,,,,,
1120120,2017/18,2017-11-24,Saxton Oval,1,12.2,12.2,Wellington Firebirds,Central Stags,SJ Murdoch,LJ Woodcock,NA Patel,0,0,,,,,,,,,,,,,
1120120,2017/18,2017-11-24,Saxton Oval,1,12.3,12.3,Wellington Firebirds,Central Stags,SJ Murdoch,LJ Woodcock,NA Patel,0,0,,,,,,,caught,SJ Murdoch,,,JD Ryder,,
1120120,2017/18,2017-11-24,Saxton Oval,1,12.4,12.4,Wellington Firebirds,Central Stags,MG Bracewell,LJ Woodcock,NA Patel,0,0,,,,,,,,,,,,,
1120120,2017/18,2017-11-24,Saxton Oval,1,12.5,12.5,Wellington Firebirds,Central Stags,MG Bracewell,LJ Woodcock,NA Patel,0,0,,,,,,,,,,,,,
1120120,2017/18,2017-11-24,Saxton Oval,1,12.6,12.6,Wellington Firebirds,Central Stags,MG Bracewell,LJ Woodcock,NA Patel,0,0,,,,,,,bowled,MG Bracewell,,,,,
1120120,2017/18,2017-11-24,Saxton Oval,1,13.1,13.1,Wellington Firebirds,Central Stags,LJ Woodcock,FJ Colson,BM Tickner,0,0,,,,,,,,,,,,,
1120120,2017/18,2017-11-24,Saxton Oval,1,13.2,13.2,Wellington Firebirds,Central Stags,LJ Woodcock,FJ Colson,BM Tickner,3,0,,,,,,,,,,,,,
1120120,2017/18,2017-11-24,Saxton Oval,1,13.3,13.3,Wellington Firebirds,Central Stags,FJ Colson,LJ Woodcock,BM Tickner,0,0,,,,,,,,,,,,,
1120120,2017/18,2017-11-24,Saxton Oval,1,13.4,13.4,Wellington Firebirds,Central Stags,FJ Colson,LJ Woodcock,BM Tickner,0,0,,,,,,,,,,,,,
1120120,2017/18,2017-11-24,Saxton Oval,1,13.5,13.5,Wellington Firebirds,Central Stags,FJ Colson,LJ Woodcock,BM Tickner,0,0,,,,,,,,,,,,,
1120120,2017/18,2017-11-24,Saxton Oval,1,13.6,13.6,Wellington Firebirds,Central Stags,FJ Colson,LJ Woodcock,BM Tickner,0,0,,,,,,,,,,,,,
1120120,2017/18,2017-11-24,Saxton Oval,1,14.1,14.1,Wellington Firebirds,Central Stags,LJ Woodcock,FJ Colson,NA Patel,0,0,,,,,,,,,,,,,
1120120,2017/18,2017-11-24,Saxton Oval,1,14.2,14.2,Wellington Firebirds,Central Stags,LJ Woodcock,FJ Colson,NA Patel,0,0,,,,,,,,,,,,,
1120120,2017/18,2017-11-24,Saxton Oval,1,14.3,14.3,Wellington Firebirds,Central Stags,LJ Woodcock,FJ Colson,NA Patel,0,0,,,,,,,,,,,,,
1120120,2017/18,2017-11-24,Saxton Oval,1,14.4,14.4,Wellington Firebirds,Central Stags,LJ Woodcock,FJ Colson,NA Patel,0,0,,,,,,,,,,,,,
1120120,2017/18,2017-11-24,Saxton Oval,1,14.5,14.5,Wellington Firebirds,Central Stags,LJ Woodcock,FJ Colson,NA Patel,0,0,,,,,,,,,,,,,
1120120,2017/18,2017-11-24,Saxton Oval,1,14.6,14.6,Wellington Firebirds,Central Stags,LJ Woodcock,FJ Colson,NA Patel,1,0,,,,,,,,,,,,,
1120120,2017/18,2017-11-24,Saxton Oval,1,15.1,15.1,Wellington Firebirds,Central Stags,LJ Woodcock,FJ Colson,BM Tickner,1,0,,,,,,,,,,,,,
1120120,2017/18,2017-11-24,Saxton Oval,1,15.2,15.2,Wellington Firebirds,Central Stags,FJ Colson,LJ Woodcock,BM Tickner,0,0,,,,,,,,,,,,,
1120120,2017/18,2017-11-24,Saxton Oval,1,15.3,15.3,Wellington Firebirds,Central Stags,FJ Colson,LJ Woodcock,BM Tickner,0,0,,,,,,,,,,,,,
1120120,2017/18,2017-11-24,Saxton Oval,1,15.4,15.4,Wellington Firebirds,Central Stags,FJ Colson,LJ Woodcock,BM Tickner,0,0,,,,,,,,,,,,,
1120120,2017/18,2017-11-24,Saxton Oval,1,15.5,15.5,Wellington Firebirds,Central Stags,FJ Colson,LJ Woodcock,BM Tickner,0,0,,,,,,,,,,,,,
1120120,2017/18,2017-11-24,Saxton Oval,1,15.6,15.6,Wellington Firebirds,Central Stags,FJ Colson,LJ Woodcock,BM Tickner,1,0,,,,,,,,,,,,,
1120120,2017/18,2017-11-24,Saxton Oval,1,16.1,16.1,Wellington Firebirds,Central Stags,FJ Colson,LJ Woodcock,NA Patel,0,0,,,,,,,,,,,,,
1120120,2017/18,2017-11-24,Saxton Oval,1,16.2,16.2,Wellington Firebirds,Central Stags,FJ Colson,LJ Woodcock,NA Patel,0,0,,,,,,,,,,,,,
1120120,2017/18,2017-11-24,Saxton Oval,1,16.3,16.3,Wellington Firebirds,Central Stags,FJ Colson,LJ Woodcock,NA Patel,0,0,,,,,,,,,,,,,
1120120,2017/18,2017-11-24,Saxton Oval,1,16.4,16.4,Wellington Firebirds,Central Stags,FJ Colson,LJ Woodcock,NA Patel,0,0,,,,,,,,,,,,,
1120120,2017/18,2017-11-24,Saxton Oval,1,16.5,16.5,Wellington Firebirds,Central Stags,FJ Colson,LJ Woodcock,NA Patel,4,0,,,,,,,,,,,,,
1120120,2017/18,2017-11-24,Saxton Oval,1,16.6,16.6,Wellington Firebirds,Central Stags,FJ Colson,LJ Woodcock,NA Patel,0,0,,,,,,,,,,,,,
1120120,2017/18,2017-11-24,Saxton Oval,1,17.1,17.1,Wellington Firebirds,Central Stags,LJ Woodcock,FJ Colson,BM Tickner,1,0,,,,,,,,,,,,,
1120120,2017/18,2017-11-24,Saxton Oval,1,17.2,17.2,Wellington Firebirds,Central Stags,FJ Colson,LJ Woodcock,BM Tickner,0,0,,,,,,,,,,,,,
1120120,2017/18,2017-11-24,Saxton Oval,1,17.3,17.3,Wellington Firebirds,Central Stags,FJ Colson,LJ Woodcock,BM Tickner,1,0,,,,,,,,,,,,,
1120120,2017/18,2017-11-24,Saxton Oval,1,17.4,17.4,Wellington Firebirds,Central Stags,LJ Woodcock,FJ Colson,BM Tickner,4,0,,,,,,,,,,,,,
1120120,2017/18,2017-11-24,Saxton Oval,1,17.5,17.5,Wellington Firebirds,Central Stags,LJ Woodcock,FJ Colson,BM Tickner,0,0,,,,,,,,,,,,,
1120120,2017/18,2017-11-24,Saxton Oval,1,17.6,17.6,Wellington Firebirds,Central Stags,LJ Woodcock,FJ Colson,BM Tickner,0,0,,,,,,,,,,,,,
1120120,2017/18,2017-11-24,Saxton Oval,1,18.1,18.1,Wellington Firebirds,Central Stags,FJ Colson,LJ Woodcock,NA Patel,0,0,,,,,,,,,,,,,
1120120,2017/18,2017-11-24,Saxton Oval,1,18.2,18.2,Wellington Firebirds,Central Stags,FJ Colson,LJ Woodcock,NA Patel,0,0,,,,,,,,,,,,,
1120120,2017/18,2017-11-24,Saxton Oval,1,18.3,18.3,Wellington Firebirds,Central Stags,FJ Colson,LJ Woodcock,NA Patel,0,0,,,,,,,,,,,,,
1120120,2017/18,2017-11-24,Saxton Oval,1,18.4,18.4,Wellington Firebirds,Central Stags,FJ Colson,LJ Woodcock,NA Patel,0,0,,,,,,,,,,,,,
1120120,2017/18,2017-11-24,Saxton Oval,1,18.5,18.5,Wellington Firebirds,Central Stags,FJ Colson,LJ Woodcock,NA Patel,4,0,,,,,,,,,,,,,
1120120,2017/18,2017-11-24,Saxton Oval,1,18.6,18.6,Wellington Firebirds,Central Stags,FJ Colson,LJ Woodcock,NA Patel,0,0,,,,,,,,,,,,,
1120120,2017/18,2017-11-24,Saxton Oval,1,19.1,19.1,Wellington Firebirds,Central Stags,LJ Woodcock,FJ Colson,BM Tickner,0,0,,,,,,,,,,,,,
1120120,2017/18,2017-11-24,Saxton Oval,1,19.2,19.2,Wellington Firebirds,Central Stags,LJ Woodcock,FJ Colson,BM Tickner,4,0,,,,,,,,,,,,,
1120120,2017/18,2017-11-24,Saxton Oval,1,19.3,19.3,Wellington Firebirds,Central Stags,LJ Woodcock,FJ Colson,BM Tickner,0,0,,,,,,,,,,,,,
1120120,2017/18,2017-11-24,Saxton Oval,1,19.4,19.4,Wellington Firebirds,Central Stags,LJ Woodcock,FJ Colson,BM Tickner,0,0,,,,,,,,,,,,,
1120120,2017/18,2017-11-24,Saxton Oval,1,19.5,19.5,Wellington Firebirds,Central Stags,LJ Woodcock,FJ Colson,BM Tickner,0,0,,,,,,,,,,,,,
1120120,2017/18,2017-11-24,Saxton Oval,1,19.6,19.6,Wellington Firebirds,Central Stags,LJ Woodcock,FJ Colson,BM Tickner,2,0,,,,,,,,,,,,,
1120120,2017/18,2017-11-24,Saxton Oval,1,20.1,20.1,Wellington Firebirds,Central Stags,FJ Colson,LJ Woodcock,DAJ Bracewell,0,0,,,,,,,,,,,,,
1120120,2017/18,2017-11-24,Saxton Oval,1,20.2,20.2,Wellington Firebirds,Central Stags,FJ Colson,LJ Woodcock,DAJ Bracewell,0,0,,,,,,,,,,,,,
1120120,2017/18,2017-11-24,Saxton Oval,1,20.3,20.3,Wellington Firebirds,Central Stags,FJ Colson,LJ Woodcock,DAJ Bracewell,0,0,,,,,,,,,,,,,
1120120,2017/18,2017-11-24,Saxton Oval,1,20.4,20.4,Wellington Firebirds,Central Stags,FJ Colson,LJ Woodcock,DAJ Bracewell,0,0,,,,,,,,,,,,,
1120120,2017/18,2017-11-24,Saxton Oval,1,20.5,20.5,Wellington Firebirds,Central Stags,FJ Colson,LJ Woodcock,DAJ Bracewell,4,0,,,,,,,,,,,,,
1120120,2017/18,2017-11-24,Saxton Oval,1,20.6,20.6,Wellington Firebirds,Central Stags,FJ Colson,LJ Woodcock,DAJ Bracewell,0,0,,,,,,,,,,,,,
1120120,2017/18,2017-11-24,Saxton Oval,1,21.1,21.1,Wellington Firebirds,Central Stags,LJ Woodcock,FJ Colson,BM Tickner,1,0,,,,,,,,,,,,,
1120120,2017/18,2017-11-24,Saxton Oval,1,21.2,21.2,Wellington Firebirds,Central Stags,FJ Colson,LJ Woodcock,BM Tickner,0,0,,,,,,,,,,,,,
1120120,2017/18,2017-11-24,Saxton Oval,1,21.3,21.3,Wellington Firebirds,Central Stags,FJ Colson,LJ Woodcock,BM Tickner,0,0,,,,,,,,,,,,,
1120120,2017/18,2017-11-24,Saxton Oval,1,21.4,21.4,Wellington Firebirds,Central Stags,FJ Colson,LJ Woodcock,BM Tickner,0,0,,,,,,,,,,,,,
1120120,2017/18,2017-11-24,Saxton Oval,1,21.5,21.5,Wellington Firebirds,Central Stags,FJ Colson,LJ Woodcock,BM Tickner,0,0,,,,,,,,,,,,,
1120120,2017/18,2017-11-24,Saxton Oval,1,21.6,21.6,Wellington Firebirds,Central Stags,FJ Colson,LJ Woodcock,BM Tickner,0,0,,,,,,,,,,,,,
1120120,2017/18,2017-11-24,Saxton Oval,1,22.1,22.1,Wellington Firebirds,Central Stags,LJ Woodcock,FJ Colson,DAJ Bracewell,0,0,,,,,,,,,,,,,
1120120,2017/18,2017-11-24,Saxton Oval,1,22.2,22.2,Wellington Firebirds,Central Stags,LJ Woodcock,FJ Colson,DAJ Bracewell,0,0,,,,,,,,,,,,,
1120120,2017/18,2017-11-24,Saxton Oval,1,22.3,22.3,Wellington Firebirds,Central Stags,LJ Woodcock,FJ Colson,DAJ Bracewell,0,0,,,,,,,,,,,,,
1120120,2017/18,2017-11-24,Saxton Oval,1,22.4,22.4,Wellington Firebirds,Central Stags,LJ Woodcock,FJ Colson,DAJ Bracewell,0,0,,,,,,,,,,,,,
1120120,2017/18,2017-11-24,Saxton Oval,1,22.5,22.5,Wellington Firebirds,Central Stags,LJ Woodcock,FJ Colson,DAJ Bracewell,0,0,,,,,,,,,,,,,
1120120,2017/18,2017-11-24,Saxton Oval,1,22.6,22.6,Wellington Firebirds,Central Stags,LJ Woodcock,FJ Colson,DAJ Bracewell,0,0,,,,,,,,,,,,,
1120120,2017/18,2017-11-24,Saxton Oval,1,23.1,23.1,Wellington Firebirds,Central Stags,FJ Colson,LJ Woodcock,BM Tickner,4,0,,,,,,,,,,,,,
1120120,2017/18,2017-11-24,Saxton Oval,1,23.2,23.2,Wellington Firebirds,Central Stags,FJ Colson,LJ Woodcock,BM Tickner,0,0,,,,,,,,,,,,,
1120120,2017/18,2017-11-24,Saxton Oval,1,23.3,23.3,Wellington Firebirds,Central Stags,FJ Colson,LJ Woodcock,BM Tickner,0,0,,,,,,,,,,,,,
1120120,2017/18,2017-11-24,Saxton Oval,1,23.4,23.4,Wellington Firebirds,Central Stags,FJ Colson,LJ Woodcock,BM Tickner,0,0,,,,,,,,,,,,,
1120120,2017/18,2017-11-24,Saxton Oval,1,23.5,23.5,Wellington Firebirds,Central Stags,FJ Colson,LJ Woodcock,BM Tickner,0,0,,,,,,,,,,,,,
1120120,2017/18,2017-11-24,Saxton Oval,1,23.6,23.6,Wellington Firebirds,Central Stags,FJ Colson,LJ Woodcock,BM Tickner,0,0,,,,,,,,,,,,,
1120120,2017/18,2017-11-24,Saxton Oval,1,24.1,24.1,Wellington Firebirds,Central Stags,LJ Woodcock,FJ Colson,DAJ Bracewell,0,0,,,,,,,,,,,,,
1120120,2017/18,2017-11-24,Saxton Oval,1,24.2,24.2,Wellington Firebirds,Central Stags,LJ Woodcock,FJ Colson,DAJ Bracewell,0,0,,,,,,,,,,,,,
1120120,2017/18,2017-11-24,Saxton Oval,1,24.3,24.3,Wellington Firebirds,Central Stags,LJ Woodcock,FJ Colson,DAJ Bracewell,0,0,,,,,,,,,,,,,
1120120,2017/18,2017-11-24,Saxton Oval,1,24.4,24.4,Wellington Firebirds,Central Stags,LJ Woodcock,FJ Colson,DAJ Bracewell,0,0,,,,,,,,,,,,,
1120120,2017/18,2017-11-24,Saxton Oval,1,24.5,24.5,Wellington Firebirds,Central Stags,LJ Woodcock,FJ Colson,DAJ Bracewell,0,0,,,,,,,,,,,,,
1120120,2017/18,2017-11-24,Saxton Oval,1,24.6,24.6,Wellington Firebirds,Central Stags,LJ Woodcock,FJ Colson,DAJ Bracewell,0,0,,,,,,,,,,,,,
1120120,2017/18,2017-11-24,Saxton Oval,1,25.1,25.1,Wellington Firebirds,Central Stags,FJ Colson,LJ Woodcock,BM Tickner,0,0,,,,,,,,,,,,,
1120120,2017/18,2017-11-24,Saxton Oval,1,25.2,25.2,Wellington Firebirds,Central Stags,FJ Colson,LJ Woodcock,BM Tickner,0,0,,,,,,,,,,,,,
1120120,2017/18,2017-11-24,Saxton Oval,1,25.3,25.3,Wellington Firebirds,Central Stags,FJ Colson,LJ Woodcock,BM Tickner,0,0,,,,,,,,,,,,,
1120120,2017/18,2017-11-24,Saxton Oval,1,25.4,25.4,Wellington Firebirds,Central Stags,FJ Colson,LJ Woodcock,BM Tickner,0,1,,,,1,,,,,,,,,
1120120,2017/18,2017-11-24,Saxton Oval,1,25.5,25.5,Wellington Firebirds,Central Stags,LJ Woodcock,FJ Colson,BM Tickner,1,0,,,,,,,,,,,,,
1120120,2017/18,2017-11-24,Saxton Oval,1,25.6,25.6,Wellington Firebirds,Central Stags,FJ Colson,LJ Woodcock,BM Tickner,4,0,,,,,,,,,,,,,
1120120,2017/18,2017-11-24,Saxton Oval,1,26.1,26.1,Wellington Firebirds,Central Stags,LJ Woodcock,FJ Colson,DAJ Bracewell,0,0,,,,,,,,,,,,,
1120120,2017/18,2017-11-24,Saxton Oval,1,26.2,26.2,Wellington Firebirds,Central Stags,LJ Woodcock,FJ Colson,DAJ Bracewell,1,0,,,,,,,,,,,,,
1120120,2017/18,2017-11-24,Saxton Oval,1,26.3,26.3,Wellington Firebirds,Central Stags,FJ Colson,LJ Woodcock,DAJ Bracewell,0,0,,,,,,,,,,,,,
1120120,2017/18,2017-11-24,Saxton Oval,1,26.4,26.4,Wellington Firebirds,Central Stags,FJ Colson,LJ Woodcock,DAJ Bracewell,0,0,,,,,,,,,,,,,
1120120,2017/18,2017-11-24,Saxton Oval,1,26.5,26.5,Wellington Firebirds,Central Stags,FJ Colson,LJ Woodcock,DAJ Bracewell,0,0,,,,,,,,,,,,,
1120120,2017/18,2017-11-24,Saxton Oval,1,26.6,26.6,Wellington Firebirds,Central Stags,FJ Colson,LJ Woodcock,DAJ Bracewell,0,0,,,,,,,,,,,,,
1120120,2017/18,2017-11-24,Saxton Oval,1,27.1,27.1,Wellington Firebirds,Central Stags,LJ Woodcock,FJ Colson,BM Wheeler,0,0,,,,,,,caught,LJ Woodcock,,,GR Hay,,
1120120,2017/18,2017-11-24,Saxton Oval,1,27.2,27.2,Wellington Firebirds,Central Stags,MJ Taylor,FJ Colson,BM Wheeler,0,0,,,,,,,,,,,,,
1120120,2017/18,2017-11-24,Saxton Oval,1,27.3,27.3,Wellington Firebirds,Central Stags,MJ Taylor,FJ Colson,BM Wheeler,0,0,,,,,,,,,,,,,
1120120,2017/18,2017-11-24,Saxton Oval,1,27.4,27.4,Wellington Firebirds,Central Stags,MJ Taylor,FJ Colson,BM Wheeler,0,0,,,,,,,,,,,,,
1120120,2017/18,2017-11-24,Saxton Oval,1,27.5,27.5,Wellington Firebirds,Central Stags,MJ Taylor,FJ Colson,BM Wheeler,0,0,,,,,,,,,,,,,
1120120,2017/18,2017-11-24,Saxton Oval,1,27.6,27.6,Wellington Firebirds,Central Stags,MJ Taylor,FJ Colson,BM Wheeler,0,0,,,,,,,,,,,,,
1120120,2017/18,2017-11-24,Saxton Oval,1,28.1,28.1,Wellington Firebirds,Central Stags,FJ Colson,MJ Taylor,DAJ Bracewell,0,0,,,,,,,,,,,,,
1120120,2017/18,2017-11-24,Saxton Oval,1,28.2,28.2,Wellington Firebirds,Central Stags,FJ Colson,MJ Taylor,DAJ Bracewell,0,0,,,,,,,,,,,,,
1120120,2017/18,2017-11-24,Saxton Oval,1,28.3,28.3,Wellington Firebirds,Central Stags,FJ Colson,MJ Taylor,DAJ Bracewell,0,0,,,,,,,,,,,,,
1120120,2017/18,2017-11-24,Saxton Oval,1,28.4,28.4,Wellington Firebirds,Central Stags,FJ Colson,MJ Taylor,DAJ Bracewell,0,0,,,,,,,,,,,,,
1120120,2017/18,2017-11-24,Saxton Oval,1,28.5,28.5,Wellington Firebirds,Central Stags,FJ Colson,MJ Taylor,DAJ Bracewell,4,0,,,,,,,,,,,,,
1120120,2017/18,2017-11-24,Saxton Oval,1,28.6,28.6,Wellington Firebirds,Central Stags,FJ Colson,MJ Taylor,DAJ Bracewell,0,0,,,,,,,,,,,,,
1120120,2017/18,2017-11-24,Saxton Oval,1,29.1,29.1,Wellington Firebirds,Central Stags,MJ Taylor,FJ Colson,BM Wheeler,0,0,,,,,,,,,,,,,
1120120,2017/18,2017-11-24,Saxton Oval,1,29.2,29.2,Wellington Firebirds,Central Stags,MJ Taylor,FJ Colson,BM Wheeler,0,0,,,,,,,,,,,,,
1120120,2017/18,2017-11-24,Saxton Oval,1,29.3,29.3,Wellington Firebirds,Central Stags,MJ Taylor,FJ Colson,BM Wheeler,1,0,,,,,,,,,,,,,
1120120,2017/18,2017-11-24,Saxton Oval,1,29.4,29.4,Wellington Firebirds,Central Stags,FJ Colson,MJ Taylor,BM Wheeler,0,0,,,,,,,,,,,,,
1120120,2017/18,2017-11-24,Saxton Oval,1,29.5,29.5,Wellington Firebirds,Central Stags,FJ Colson,MJ Taylor,BM Wheeler,1,0,,,,,,,,,,,,,
1120120,2017/18,2017-11-24,Saxton Oval,1,29.6,29.6,Wellington Firebirds,Central Stags,MJ Taylor,FJ Colson,BM Wheeler,4,0,,,,,,,,,,,,,
1120120,2017/18,2017-11-24,Saxton Oval,1,30.1,30.1,Wellington Firebirds,Central Stags,FJ Colson,MJ Taylor,NA Patel,0,0,,,,,,,,,,,,,
1120120,2017/18,2017-11-24,Saxton Oval,1,30.2,30.2,Wellington Firebirds,Central Stags,FJ Colson,MJ Taylor,NA Patel,0,0,,,,,,,,,,,,,
1120120,2017/18,2017-11-24,Saxton Oval,1,30.3,30.3,Wellington Firebirds,Central Stags,FJ Colson,MJ Taylor,NA Patel,0,0,,,,,,,,,,,,,
1120120,2017/18,2017-11-24,Saxton Oval,1,30.4,30.4,Wellington Firebirds,Central Stags,FJ Colson,MJ Taylor,NA Patel,0,0,,,,,,,,,,,,,
1120120,2017/18,2017-11-24,Saxton Oval,1,30.5,30.5,Wellington Firebirds,Central Stags,FJ Colson,MJ Taylor,NA Patel,1,0,,,,,,,,,,,,,
1120120,2017/18,2017-11-24,Saxton Oval,1,30.6,30.6,Wellington Firebirds,Central Stags,MJ Taylor,FJ Colson,NA Patel,0,0,,,,,,,,,,,,,
1120120,2017/18,2017-11-24,Saxton Oval,1,31.1,31.1,Wellington Firebirds,Central Stags,FJ Colson,MJ Taylor,BM Wheeler,1,0,,,,,,,,,,,,,
1120120,2017/18,2017-11-24,Saxton Oval,1,31.2,31.2,Wellington Firebirds,Central Stags,MJ Taylor,FJ Colson,BM Wheeler,0,0,,,,,,,,,,,,,
1120120,2017/18,2017-11-24,Saxton Oval,1,31.3,31.3,Wellington Firebirds,Central Stags,MJ Taylor,FJ Colson,BM Wheeler,0,0,,,,,,,,,,,,,
1120120,2017/18,2017-11-24,Saxton Oval,1,31.4,31.4,Wellington Firebirds,Central Stags,MJ Taylor,FJ Colson,BM Wheeler,0,0,,,,,,,bowled,MJ Taylor,,,,,
1120120,2017/18,2017-11-24,Saxton Oval,1,31.5,31.5,Wellington Firebirds,Central Stags,LR Johns,FJ Colson,BM Wheeler,0,0,,,,,,,,,,,,,
1120120,2017/18,2017-11-24,Saxton Oval,1,31.6,31.6,Wellington Firebirds,Central Stags,LR Johns,FJ Colson,BM Wheeler,0,0,,,,,,,,,,,,,
1120120,2017/18,2017-11-24,Saxton Oval,1,32.1,32.1,Wellington Firebirds,Central Stags,FJ Colson,LR Johns,NA Patel,0,0,,,,,,,,,,,,,
1120120,2017/18,2017-11-24,Saxton Oval,1,32.2,32.2,Wellington Firebirds,Central Stags,FJ Colson,LR Johns,NA Patel,2,0,,,,,,,,,,,,,
1120120,2017/18,2017-11-24,Saxton Oval,1,32.3,32.3,Wellington Firebirds,Central Stags,FJ Colson,LR Johns,NA Patel,0,0,,,,,,,,,,,,,
1120120,2017/18,2017-11-24,Saxton Oval,1,32.4,32.4,Wellington Firebirds,Central Stags,FJ Colson,LR Johns,NA Patel,0,0,,,,,,,,,,,,,
1120120,2017/18,2017-11-24,Saxton Oval,1,32.5,32.5,Wellington Firebirds,Central Stags,FJ Colson,LR Johns,NA Patel,0,0,,,,,,,,,,,,,
1120120,2017/18,2017-11-24,Saxton Oval,1,32.6,32.6,Wellington Firebirds,Central Stags,FJ Colson,LR Johns,NA Patel,0,0,,,,,,,,,,,,,
1120120,2017/18,2017-11-24,Saxton Oval,1,33.1,33.1,Wellington Firebirds,Central Stags,LR Johns,FJ Colson,BM Wheeler,0,0,,,,,,,,,,,,,
1120120,2017/18,2017-11-24,Saxton Oval,1,33.2,33.2,Wellington Firebirds,Central Stags,LR Johns,FJ Colson,BM Wheeler,0,0,,,,,,,,,,,,,
1120120,2017/18,2017-11-24,Saxton Oval,1,33.3,33.3,Wellington Firebirds,Central Stags,LR Johns,FJ Colson,BM Wheeler,0,0,,,,,,,,,,,,,
1120120,2017/18,2017-11-24,Saxton Oval,1,33.4,33.4,Wellington Firebirds,Central Stags,LR Johns,FJ Colson,BM Wheeler,1,0,,,,,,,,,,,,,
1120120,2017/18,2017-11-24,Saxton Oval,1,33.5,33.5,Wellington Firebirds,Central Stags,FJ Colson,LR Johns,BM Wheeler,0,0,,,,,,,,,,,,,
1120120,2017/18,2017-11-24,Saxton Oval,1,33.6,33.6,Wellington Firebirds,Central Stags,FJ Colson,LR Johns,BM Wheeler,0,0,,,,,,,,,,,,,
1120120,2017/18,2017-11-24,Saxton Oval,1,34.1,34.1,Wellington Firebirds,Central Stags,LR Johns,FJ Colson,NA Patel,0,0,,,,,,,,,,,,,
1120120,2017/18,2017-11-24,Saxton Oval,1,34.2,34.2,Wellington Firebirds,Central Stags,LR Johns,FJ Colson,NA Patel,0,0,,,,,,,,,,,,,
1120120,2017/18,2017-11-24,Saxton Oval,1,34.3,34.3,Wellington Firebirds,Central Stags,LR Johns,FJ Colson,NA Patel,0,0,,,,,,,,,,,,,
1120120,2017/18,2017-11-24,Saxton Oval,1,34.4,34.4,Wellington Firebirds,Central Stags,LR Johns,FJ Colson,NA Patel,0,0,,,,,,,,,,,,,
1120120,2017/18,2017-11-24,Saxton Oval,1,34.5,34.5,Wellington Firebirds,Central Stags,LR Johns,FJ Colson,NA Patel,1,0,,,,,,,,,,,,,
1120120,2017/18,2017-11-24,Saxton Oval,1,34.6,34.6,Wellington Firebirds,Central Stags,FJ Colson,LR Johns,NA Patel,0,0,,,,,,,,,,,,,
1120120,2017/18,2017-11-24,Saxton Oval,1,35.1,35.1,Wellington Firebirds,Central Stags,LR Johns,FJ Colson,BM Wheeler,0,0,,,,,,,,,,,,,
1120120,2017/18,2017-11-24,Saxton Oval,1,35.2,35.2,Wellington Firebirds,Central Stags,LR Johns,FJ Colson,BM Wheeler,0,0,,,,,,,,,,,,,
1120120,2017/18,2017-11-24,Saxton Oval,1,35.3,35.3,Wellington Firebirds,Central Stags,LR Johns,FJ Colson,BM Wheeler,0,0,,,,,,,,,,,,,
1120120,2017/18,2017-11-24,Saxton Oval,1,35.4,35.4,Wellington Firebirds,Central Stags,LR Johns,FJ Colson,BM Wheeler,4,0,,,,,,,,,,,,,
1120120,2017/18,2017-11-24,Saxton Oval,1,35.5,35.5,Wellington Firebirds,Central Stags,LR Johns,FJ Colson,BM Wheeler,0,0,,,,,,,,,,,,,
1120120,2017/18,2017-11-24,Saxton Oval,1,35.6,35.6,Wellington Firebirds,Central Stags,LR Johns,FJ Colson,BM Wheeler,1,0,,,,,,,,,,,,,
1120120,2017/18,2017-11-24,Saxton Oval,1,36.1,36.1,Wellington Firebirds,Central Stags,LR Johns,FJ Colson,NA Patel,2,0,,,,,,,,,,,,,
1120120,2017/18,2017-11-24,Saxton Oval,1,36.2,36.2,Wellington Firebirds,Central Stags,LR Johns,FJ Colson,NA Patel,0,0,,,,,,,,,,,,,
1120120,2017/18,2017-11-24,Saxton Oval,1,36.3,36.3,Wellington Firebirds,Central Stags,LR Johns,FJ Colson,NA Patel,4,0,,,,,,,,,,,,,
1120120,2017/18,2017-11-24,Saxton Oval,1,36.4,36.4,Wellington Firebirds,Central Stags,LR Johns,FJ Colson,NA Patel,0,0,,,,,,,,,,,,,
1120120,2017/18,2017-11-24,Saxton Oval,1,36.5,36.5,Wellington Firebirds,Central Stags,LR Johns,FJ Colson,NA Patel,0,0,,,,,,,,,,,,,
1120120,2017/18,2017-11-24,Saxton Oval,1,36.6,36.6,Wellington Firebirds,Central Stags,LR Johns,FJ Colson,NA Patel,0,0,,,,,,,,,,,,,
1120120,2017/18,2017-11-24,Saxton Oval,1,37.1,37.1,Wellington Firebirds,Central Stags,FJ Colson,LR Johns,BM Wheeler,0,0,,,,,,,,,,,,,
1120120,2017/18,2017-11-24,Saxton Oval,1,37.2,37.2,Wellington Firebirds,Central Stags,FJ Colson,LR Johns,BM Wheeler,0,0,,,,,,,,,,,,,
1120120,2017/18,2017-11-24,Saxton Oval,1,37.3,37.3,Wellington Firebirds,Central Stags,FJ Colson,LR Johns,BM Wheeler,0,0,,,,,,,,,,,,,
1120120,2017/18,2017-11-24,Saxton Oval,1,37.4,37.4,Wellington Firebirds,Central Stags,FJ Colson,LR Johns,BM Wheeler,0,0,,,,,,,,,,,,,
1120120,2017/18,2017-11-24,Saxton Oval,1,37.5,37.5,Wellington Firebirds,Central Stags,FJ Colson,LR Johns,BM Wheeler,0,0,,,,,,,,,,,,,
1120120,2017/18,2017-11-24,Saxton Oval,1,37.6,37.6,Wellington Firebirds,Central Stags,FJ Colson,LR Johns,BM Wheeler,0,0,,,,,,,,,,,,,
1120120,2017/18,2017-11-24,Saxton Oval,1,38.1,38.1,Wellington Firebirds,Central Stags,LR Johns,FJ Colson,NA Patel,0,0,,,,,,,,,,,,,
1120120,2017/18,2017-11-24,Saxton Oval,1,38.2,38.2,Wellington Firebirds,Central Stags,LR Johns,FJ Colson,NA Patel,0,0,,,,,,,,,,,,,
1120120,2017/18,2017-11-24,Saxton Oval,1,38.3,38.3,Wellington Firebirds,Central Stags,LR Johns,FJ Colson,NA Patel,0,0,,,,,,,,,,,,,
1120120,2017/18,2017-11-24,Saxton Oval,1,38.4,38.4,Wellington Firebirds,Central Stags,LR Johns,FJ Colson,NA Patel,0,0,,,,,,,,,,,,,
1120120,2017/18,2017-11-24,Saxton Oval,1,38.5,38.5,Wellington Firebirds,Central Stags,LR Johns,FJ Colson,NA Patel,0,0,,,,,,,,,,,,,
1120120,2017/18,2017-11-24,Saxton Oval,1,38.6,38.6,Wellington Firebirds,Central Stags,LR Johns,FJ Colson,NA Patel,2,0,,,,,,,,,,,,,
1120120,2017/18,2017-11-24,Saxton Oval,1,39.1,39.1,Wellington Firebirds,Central Stags,FJ Colson,LR Johns,BM Wheeler,0,0,,,,,,,,,,,,,
1120120,2017/18,2017-11-24,Saxton Oval,1,39.2,39.2,Wellington Firebirds,Central Stags,FJ Colson,LR Johns,BM Wheeler,0,0,,,,,,,,,,,,,
1120120,2017/18,2017-11-24,Saxton Oval,1,39.3,39.3,Wellington Firebirds,Central Stags,FJ Colson,LR Johns,BM Wheeler,0,0,,,,,,,,,,,,,
1120120,2017/18,2017-11-24,Saxton Oval,1,39.4,39.4,Wellington Firebirds,Central Stags,FJ Colson,LR Johns,BM Wheeler,1,0,,,,,,,,,,,,,
1120120,2017/18,2017-11-24,Saxton Oval,1,39.5,39.5,Wellington Firebirds,Central Stags,LR Johns,FJ Colson,BM Wheeler,0,0,,,,,,,,,,,,,
1120120,2017/18,2017-11-24,Saxton Oval,1,39.6,39.6,Wellington Firebirds,Central Stags,LR Johns,FJ Colson,BM Wheeler,0,0,,,,,,,,,,,,,
1120120,2017/18,2017-11-24,Saxton Oval,1,40.1,40.1,Wellington Firebirds,Central Stags,FJ Colson,LR Johns,DAJ Bracewell,0,0,,,,,,,,,,,,,
1120120,2017/18,2017-11-24,Saxton Oval,1,40.2,40.2,Wellington Firebirds,Central Stags,FJ Colson,LR Johns,DAJ Bracewell,0,0,,,,,,,,,,,,,
1120120,2017/18,2017-11-24,Saxton Oval,1,40.3,40.3,Wellington Firebirds,Central Stags,FJ Colson,LR Johns,DAJ Bracewell,1,0,,,,,,,,,,,,,
1120120,2017/18,2017-11-24,Saxton Oval,1,40.4,40.4,Wellington Firebirds,Central Stags,LR Johns,FJ Colson,DAJ Bracewell,0,0,,,,,,,caught,LR Johns,,,D Cleaver,,
1120120,2017/18,2017-11-24,Saxton Oval,1,40.5,40.5,Wellington Firebirds,Central Stags,JS Patel,FJ Colson,DAJ Bracewell,0,0,,,,,,,,,,,,,
1120120,2017/18,2017-11-24,Saxton Oval,1,40.6,40.6,Wellington Firebirds,Central Stags,JS Patel,FJ Colson,DAJ Bracewell,0,0,,,,,,,,,,,,,
1120120,2017/18,2017-11-24,Saxton Oval,1,41.1,41.1,Wellington Firebirds,Central Stags,FJ Colson,JS Patel,BM Tickner,0,0,,,,,,,,,,,,,
1120120,2017/18,2017-11-24,Saxton Oval,1,41.2,41.2,Wellington Firebirds,Central Stags,FJ Colson,JS Patel,BM Tickner,0,0,,,,,,,,,,,,,
1120120,2017/18,2017-11-24,Saxton Oval,1,41.3,41.3,Wellington Firebirds,Central Stags,FJ Colson,JS Patel,BM Tickner,2,0,,,,,,,,,,,,,
1120120,2017/18,2017-11-24,Saxton Oval,1,41.4,41.4,Wellington Firebirds,Central Stags,FJ Colson,JS Patel,BM Tickner,0,0,,,,,,,,,,,,,
1120120,2017/18,2017-11-24,Saxton Oval,1,41.5,41.5,Wellington Firebirds,Central Stags,FJ Colson,JS Patel,BM Tickner,0,0,,,,,,,,,,,,,
1120120,2017/18,2017-11-24,Saxton Oval,1,41.6,41.6,Wellington Firebirds,Central Stags,FJ Colson,JS Patel,BM Tickner,0,0,,,,,,,,,,,,,
1120120,2017/18,2017-11-24,Saxton Oval,1,42.1,42.1,Wellington Firebirds,Central Stags,JS Patel,FJ Colson,DAJ Bracewell,0,0,,,,,,,,,,,,,
1120120,2017/18,2017-11-24,Saxton Oval,1,42.2,42.2,Wellington Firebirds,Central Stags,JS Patel,FJ Colson,DAJ Bracewell,0,0,,,,,,,,,,,,,
1120120,2017/18,2017-11-24,Saxton Oval,1,42.3,42.3,Wellington Firebirds,Central Stags,JS Patel,FJ Colson,DAJ Bracewell,4,0,,,,,,,,,,,,,
1120120,2017/18,2017-11-24,Saxton Oval,1,42.4,42.4,Wellington Firebirds,Central Stags,JS Patel,FJ Colson,DAJ Bracewell,0,0,,,,,,,,,,,,,
1120120,2017/18,2017-11-24,Saxton Oval,1,42.5,42.5,Wellington Firebirds,Central Stags,JS Patel,FJ Colson,DAJ Bracewell,0,0,,,,,,,,,,,,,
1120120,2017/18,2017-11-24,Saxton Oval,1,42.6,42.6,Wellington Firebirds,Central Stags,JS Patel,FJ Colson,DAJ Bracewell,0,0,,,,,,,,,,,,,
1120120,2017/18,2017-11-24,Saxton Oval,1,43.1,43.1,Wellington Firebirds,Central Stags,FJ Colson,JS Patel,BM Tickner,4,0,,,,,,,,,,,,,
1120120,2017/18,2017-11-24,Saxton Oval,1,43.2,43.2,Wellington Firebirds,Central Stags,FJ Colson,JS Patel,BM Tickner,0,0,,,,,,,,,,,,,
1120120,2017/18,2017-11-24,Saxton Oval,1,43.3,43.3,Wellington Firebirds,Central Stags,FJ Colson,JS Patel,BM Tickner,0,0,,,,,,,,,,,,,
1120120,2017/18,2017-11-24,Saxton Oval,1,43.4,43.4,Wellington Firebirds,Central Stags,FJ Colson,JS Patel,BM Tickner,0,0,,,,,,,,,,,,,
1120120,2017/18,2017-11-24,Saxton Oval,1,43.5,43.5,Wellington Firebirds,Central Stags,FJ Colson,JS Patel,BM Tickner,0,0,,,,,,,,,,,,,
1120120,2017/18,2017-11-24,Saxton Oval,1,43.6,43.6,Wellington Firebirds,Central Stags,FJ Colson,JS Patel,BM Tickner,0,0,,,,,,,,,,,,,
1120120,2017/18,2017-11-24,Saxton Oval,1,44.1,44.1,Wellington Firebirds,Central Stags,JS Patel,FJ Colson,DAJ Bracewell,3,0,,,,,,,,,,,,,
1120120,2017/18,2017-11-24,Saxton Oval,1,44.2,44.2,Wellington Firebirds,Central Stags,FJ Colson,JS Patel,DAJ Bracewell,4,0,,,,,,,,,,,,,
1120120,2017/18,2017-11-24,Saxton Oval,1,44.3,44.3,Wellington Firebirds,Central Stags,FJ Colson,JS Patel,DAJ Bracewell,0,0,,,,,,,,,,,,,
1120120,2017/18,2017-11-24,Saxton Oval,1,44.4,44.4,Wellington Firebirds,Central Stags,FJ Colson,JS Patel,DAJ Bracewell,4,0,,,,,,,,,,,,,
1120120,2017/18,2017-11-24,Saxton Oval,1,44.5,44.5,Wellington Firebirds,Central Stags,FJ Colson,JS Patel,DAJ Bracewell,4,0,,,,,,,,,,,,,
1120120,2017/18,2017-11-24,Saxton Oval,1,44.6,44.6,Wellington Firebirds,Central Stags,FJ Colson,JS Patel,DAJ Bracewell,0,1,1,,,,,,,,,,,,
1120120,2017/18,2017-11-24,Saxton Oval,1,44.7,44.6,Wellington Firebirds,Central Stags,FJ Colson,JS Patel,DAJ Bracewell,0,0,,,,,,,,,,,,,
1120120,2017/18,2017-11-24,Saxton Oval,1,45.1,45.1,Wellington Firebirds,Central Stags,JS Patel,FJ Colson,BM Tickner,2,0,,,,,,,,,,,,,
1120120,2017/18,2017-11-24,Saxton Oval,1,45.2,45.2,Wellington Firebirds,Central Stags,JS Patel,FJ Colson,BM Tickner,0,0,,,,,,,,,,,,,
1120120,2017/18,2017-11-24,Saxton Oval,1,45.3,45.3,Wellington Firebirds,Central Stags,JS Patel,FJ Colson,BM Tickner,4,0,,,,,,,,,,,,,
1120120,2017/18,2017-11-24,Saxton Oval,1,45.4,45.4,Wellington Firebirds,Central Stags,JS Patel,FJ Colson,BM Tickner,0,0,,,,,,,,,,,,,
1120120,2017/18,2017-11-24,Saxton Oval,1,45.5,45.5,Wellington Firebirds,Central Stags,JS Patel,FJ Colson,BM Tickner,0,0,,,,,,,,,,,,,
1120120,2017/18,2017-11-24,Saxton Oval,1,45.6,45.6,Wellington Firebirds,Central Stags,JS Patel,FJ Colson,BM Tickner,0,0,,,,,,,,,,,,,
1120120,2017/18,2017-11-24,Saxton Oval,1,46.1,46.1,Wellington Firebirds,Central Stags,FJ Colson,JS Patel,DAJ Bracewell,0,0,,,,,,,,,,,,,
1120120,2017/18,2017-11-24,Saxton Oval,1,46.2,46.2,Wellington Firebirds,Central Stags,FJ Colson,JS Patel,DAJ Bracewell,0,0,,,,,,,,,,,,,
1120120,2017/18,2017-11-24,Saxton Oval,1,46.3,46.3,Wellington Firebirds,Central Stags,FJ Colson,JS Patel,DAJ Bracewell,0,0,,,,,,,,,,,,,
1120120,2017/18,2017-11-24,Saxton Oval,1,46.4,46.4,Wellington Firebirds,Central Stags,FJ Colson,JS Patel,DAJ Bracewell,0,0,,,,,,,,,,,,,
1120120,2017/18,2017-11-24,Saxton Oval,1,46.5,46.5,Wellington Firebirds,Central Stags,FJ Colson,JS Patel,DAJ Bracewell,0,0,,,,,,,,,,,,,
1120120,2017/18,2017-11-24,Saxton Oval,1,46.6,46.6,Wellington Firebirds,Central Stags,FJ Colson,JS Patel,DAJ Bracewell,0,0,,,,,,,,,,,,,
1120120,2017/18,2017-11-24,Saxton Oval,1,47.1,47.1,Wellington Firebirds,Central Stags,JS Patel,FJ Colson,AY Patel,0,0,,,,,,,,,,,,,
1120120,2017/18,2017-11-24,Saxton Oval,1,47.2,47.2,Wellington Firebirds,Central Stags,JS Patel,FJ Colson,AY Patel,0,0,,,,,,,,,,,,,
1120120,2017/18,2017-11-24,Saxton Oval,1,47.3,47.3,Wellington Firebirds,Central Stags,JS Patel,FJ Colson,AY Patel,0,0,,,,,,,,,,,,,
1120120,2017/18,2017-11-24,Saxton Oval,1,47.4,47.4,Wellington Firebirds,Central Stags,JS Patel,FJ Colson,AY Patel,0,0,,,,,,,,,,,,,
1120120,2017/18,2017-11-24,Saxton Oval,1,47.5,47.5,Wellington Firebirds,Central Stags,JS Patel,FJ Colson,AY Patel,3,0,,,,,,,,,,,,,
1120120,2017/18,2017-11-24,Saxton Oval,1,47.6,47.6,Wellington Firebirds,Central Stags,FJ Colson,JS Patel,AY Patel,0,0,,,,,,,,,,,,,
1120120,2017/18,2017-11-24,Saxton Oval,1,48.1,48.1,Wellington Firebirds,Central Stags,JS Patel,FJ Colson,BM Tickner,0,0,,,,,,,,,,,,,
1120120,2017/18,2017-11-24,Saxton Oval,1,48.2,48.2,Wellington Firebirds,Central Stags,JS Patel,FJ Colson,BM Tickner,0,0,,,,,,,,,,,,,
1120120,2017/18,2017-11-24,Saxton Oval,1,48.3,48.3,Wellington Firebirds,Central Stags,JS Patel,FJ Colson,BM Tickner,0,0,,,,,,,caught,JS Patel,,,AY Patel,,
1120120,2017/18,2017-11-24,Saxton Oval,1,48.4,48.4,Wellington Firebirds,Central Stags,OR Newton,FJ Colson,BM Tickner,0,0,,,,,,,lbw,OR Newton,,,,,
1120120,2017/18,2017-11-24,Saxton Oval,1,48.5,48.5,Wellington Firebirds,Central Stags,T Muller,FJ Colson,BM Tickner,0,0,,,,,,,caught,T Muller,,,D Cleaver,,
1120120,2017/18,2017-11-24,Saxton Oval,1,48.6,48.6,Wellington Firebirds,Central Stags,IG McPeake,FJ Colson,BM Tickner,0,0,,,,,,,,,,,,,
1120120,2017/18,2017-11-24,Saxton Oval,1,49.1,49.1,Wellington Firebirds,Central Stags,FJ Colson,IG McPeake,AY Patel,0,0,,,,,,,,,,,,,
1120120,2017/18,2017-11-24,Saxton Oval,1,49.2,49.2,Wellington Firebirds,Central Stags,FJ Colson,IG McPeake,AY Patel,0,0,,,,,,,,,,,,,
1120120,2017/18,2017-11-24,Saxton Oval,1,49.3,49.3,Wellington Firebirds,Central Stags,FJ Colson,IG McPeake,AY Patel,0,0,,,,,,,,,,,,,
1120120,2017/18,2017-11-24,Saxton Oval,1,49.4,49.4,Wellington Firebirds,Central Stags,FJ Colson,IG McPeake,AY Patel,6,0,,,,,,,,,,,,,
1120120,2017/18,2017-11-24,Saxton Oval,1,49.5,49.5,Wellington Firebirds,Central Stags,FJ Colson,IG McPeake,AY Patel,4,0,,,,,,,,,,,,,
1120120,2017/18,2017-11-24,Saxton Oval,1,49.6,49.6,Wellington Firebirds,Central Stags,FJ Colson,IG McPeake,AY Patel,6,0,,,,,,,,,,,,,
1120120,2017/18,2017-11-24,Saxton Oval,1,50.1,50.1,Wellington Firebirds,Central Stags,IG McPeake,FJ Colson,BM Tickner,0,1,,1,,,,,,,,,,,
1120120,2017/18,2017-11-24,Saxton Oval,1,50.2,50.1,Wellington Firebirds,Central Stags,IG McPeake,FJ Colson,BM Tickner,0,0,,,,,,,,,,,,,
1120120,2017/18,2017-11-24,Saxton Oval,1,50.3,50.2,Wellington Firebirds,Central Stags,IG McPeake,FJ Colson,BM Tickner,0,0,,,,,,,,,,,,,
1120120,2017/18,2017-11-24,Saxton Oval,1,50.4,50.3,Wellington Firebirds,Central Stags,IG McPeake,FJ Colson,BM Tickner,0,0,,,,,,,,,,,,,
1120120,2017/18,2017-11-24,Saxton Oval,1,50.5,50.4,Wellington Firebirds,Central Stags,IG McPeake,FJ Colson,BM Tickner,4,0,,,,,,,,,,,,,
1120120,2017/18,2017-11-24,Saxton Oval,1,50.6,50.5,Wellington Firebirds,Central Stags,IG McPeake,FJ Colson,BM Tickner,0,0,,,,,,,,,,,,,
1120120,2017/18,2017-11-24,Saxton Oval,1,50.7,50.6,Wellington Firebirds,Central Stags,IG McPeake,FJ Colson,BM Tickner,0,0,,,,,,,,,,,,,
1120120,2017/18,2017-11-24,Saxton Oval,1,51.1,51.1,Wellington Firebirds,Central Stags,FJ Colson,IG McPeake,BM Wheeler,0,0,,,,,,,,,,,,,
1120120,2017/18,2017-11-24,Saxton Oval,1,51.2,51.2,Wellington Firebirds,Central Stags,FJ Colson,IG McPeake,BM Wheeler,4,0,,,,,,,,,,,,,
1120120,2017/18,2017-11-24,Saxton Oval,1,51.3,51.3,Wellington Firebirds,Central Stags,FJ Colson,IG McPeake,BM Wheeler,0,0,,,,,,,,,,,,,
1120120,2017/18,2017-11-24,Saxton Oval,1,51.4,51.4,Wellington Firebirds,Central Stags,FJ Colson,IG McPeake,BM Wheeler,0,0,,,,,,,,,,,,,
1120120,2017/18,2017-11-24,Saxton Oval,1,51.5,51.5,Wellington Firebirds,Central Stags,FJ Colson,IG McPeake,BM Wheeler,0,0,,,,,,,,,,,,,
1120120,2017/18,2017-11-24,Saxton Oval,1,51.6,51.6,Wellington Firebirds,Central Stags,FJ Colson,IG McPeake,BM Wheeler,3,0,,,,,,,,,,,,,
1120120,2017/18,2017-11-24,Saxton Oval,1,52.1,52.1,Wellington Firebirds,Central Stags,FJ Colson,IG McPeake,BM Tickner,0,0,,,,,,,,,,,,,
1120120,2017/18,2017-11-24,Saxton Oval,1,52.2,52.2,Wellington Firebirds,Central Stags,FJ Colson,IG McPeake,BM Tickner,0,0,,,,,,,,,,,,,
1120120,2017/18,2017-11-24,Saxton Oval,1,52.3,52.3,Wellington Firebirds,Central Stags,FJ Colson,IG McPeake,BM Tickner,0,0,,,,,,,,,,,,,
1120120,2017/18,2017-11-24,Saxton Oval,1,52.4,52.4,Wellington Firebirds,Central Stags,FJ Colson,IG McPeake,BM Tickner,0,0,,,,,,,,,,,,,
1120120,2017/18,2017-11-24,Saxton Oval,1,52.5,52.5,Wellington Firebirds,Central Stags,FJ Colson,IG McPeake,BM Tickner,0,0,,,,,,,,,,,,,
1120120,2017/18,2017-11-24,Saxton Oval,1,52.6,52.6,Wellington Firebirds,Central Stags,FJ Colson,IG McPeake,BM Tickner,0,0,,,,,,,,,,,,,
1120120,2017/18,2017-11-24,Saxton Oval,1,53.1,53.1,Wellington Firebirds,Central Stags,IG McPeake,FJ Colson,BM Wheeler,0,0,,,,,,,,,,,,,
1120120,2017/18,2017-11-24,Saxton Oval,1,53.2,53.2,Wellington Firebirds,Central Stags,IG McPeake,FJ Colson,BM Wheeler,0,0,,,,,,,,,,,,,
1120120,2017/18,2017-11-24,Saxton Oval,1,53.3,53.3,Wellington Firebirds,Central Stags,IG McPeake,FJ Colson,BM Wheeler,0,0,,,,,,,,,,,,,
1120120,2017/18,2017-11-24,Saxton Oval,1,53.4,53.4,Wellington Firebirds,Central Stags,IG McPeake,FJ Colson,BM Wheeler,1,1,,1,,,,,,,,,,,
1120120,2017/18,2017-11-24,Saxton Oval,1,53.5,53.4,Wellington Firebirds,Central Stags,FJ Colson,IG McPeake,BM Wheeler,6,0,,,,,,,,,,,,,
1120120,2017/18,2017-11-24,Saxton Oval,1,53.6,53.5,Wellington Firebirds,Central Stags,FJ Colson,IG McPeake,BM Wheeler,4,0,,,,,,,,,,,,,
1120120,2017/18,2017-11-24,Saxton Oval,1,53.7,53.6,Wellington Firebirds,Central Stags,FJ Colson,IG McPeake,BM Wheeler,4,0,,,,,,,,,,,,,
1120120,2017/18,2017-11-24,Saxton Oval,1,54.1,54.1,Wellington Firebirds,Central Stags,IG McPeake,FJ Colson,BM Tickner,1,0,,,,,,,,,,,,,
1120120,2017/18,2017-11-24,Saxton Oval,1,54.2,54.2,Wellington Firebirds,Central Stags,FJ Colson,IG McPeake,BM Tickner,0,0,,,,,,,bowled,FJ Colson,,,,,
1120120,2017/18,2017-11-24,Saxton Oval,2,0.1,0.1,Central Stags,Wellington Firebirds,GR Hay,M Renwick,OR Newton,0,0,,,,,,,caught,GR Hay,,,MJ Taylor,,
1120120,2017/18,2017-11-24,Saxton Oval,2,0.2,0.2,Central Stags,Wellington Firebirds,BD Schmulian,M Renwick,OR Newton,0,0,,,,,,,,,,,,,
1120120,2017/18,2017-11-24,Saxton Oval,2,0.3,0.3,Central Stags,Wellington Firebirds,BD Schmulian,M Renwick,OR Newton,0,0,,,,,,,,,,,,,
1120120,2017/18,2017-11-24,Saxton Oval,2,0.4,0.4,Central Stags,Wellington Firebirds,BD Schmulian,M Renwick,OR Newton,0,0,,,,,,,,,,,,,
1120120,2017/18,2017-11-24,Saxton Oval,2,0.5,0.5,Central Stags,Wellington Firebirds,BD Schmulian,M Renwick,OR Newton,0,0,,,,,,,,,,,,,
1120120,2017/18,2017-11-24,Saxton Oval,2,0.6,0.6,Central Stags,Wellington Firebirds,BD Schmulian,M Renwick,OR Newton,0,4,,,,4,,,,,,,,,
1120120,2017/18,2017-11-24,Saxton Oval,2,1.1,1.1,Central Stags,Wellington Firebirds,M Renwick,BD Schmulian,IG McPeake,0,0,,,,,,,,,,,,,
1120120,2017/18,2017-11-24,Saxton Oval,2,1.2,1.2,Central Stags,Wellington Firebirds,M Renwick,BD Schmulian,IG McPeake,0,0,,,,,,,,,,,,,
1120120,2017/18,2017-11-24,Saxton Oval,2,1.3,1.3,Central Stags,Wellington Firebirds,M Renwick,BD Schmulian,IG McPeake,0,0,,,,,,,,,,,,,
1120120,2017/18,2017-11-24,Saxton Oval,2,1.4,1.4,Central Stags,Wellington Firebirds,M Renwick,BD Schmulian,IG McPeake,0,0,,,,,,,,,,,,,
1120120,2017/18,2017-11-24,Saxton Oval,2,1.5,1.5,Central Stags,Wellington Firebirds,M Renwick,BD Schmulian,IG McPeake,0,0,,,,,,,,,,,,,
1120120,2017/18,2017-11-24,Saxton Oval,2,1.6,1.6,Central Stags,Wellington Firebirds,M Renwick,BD Schmulian,IG McPeake,0,0,,,,,,,,,,,,,
1120120,2017/18,2017-11-24,Saxton Oval,2,2.1,2.1,Central Stags,Wellington Firebirds,BD Schmulian,M Renwick,OR Newton,4,0,,,,,,,,,,,,,
1120120,2017/18,2017-11-24,Saxton Oval,2,2.2,2.2,Central Stags,Wellington Firebirds,BD Schmulian,M Renwick,OR Newton,0,0,,,,,,,,,,,,,
1120120,2017/18,2017-11-24,Saxton Oval,2,2.3,2.3,Central Stags,Wellington Firebirds,BD Schmulian,M Renwick,OR Newton,0,0,,,,,,,,,,,,,
1120120,2017/18,2017-11-24,Saxton Oval,2,2.4,2.4,Central Stags,Wellington Firebirds,BD Schmulian,M Renwick,OR Newton,0,0,,,,,,,,,,,,,
1120120,2017/18,2017-11-24,Saxton Oval,2,2.5,2.5,Central Stags,Wellington Firebirds,BD Schmulian,M Renwick,OR Newton,0,0,,,,,,,,,,,,,
1120120,2017/18,2017-11-24,Saxton Oval,2,2.6,2.6,Central Stags,Wellington Firebirds,BD Schmulian,M Renwick,OR Newton,0,0,,,,,,,,,,,,,
1120120,2017/18,2017-11-24,Saxton Oval,2,3.1,3.1,Central Stags,Wellington Firebirds,M Renwick,BD Schmulian,IG McPeake,0,0,,,,,,,,,,,,,
1120120,2017/18,2017-11-24,Saxton Oval,2,3.2,3.2,Central Stags,Wellington Firebirds,M Renwick,BD Schmulian,IG McPeake,0,0,,,,,,,,,,,,,
1120120,2017/18,2017-11-24,Saxton Oval,2,3.3,3.3,Central Stags,Wellington Firebirds,M Renwick,BD Schmulian,IG McPeake,0,0,,,,,,,,,,,,,
1120120,2017/18,2017-11-24,Saxton Oval,2,3.4,3.4,Central Stags,Wellington Firebirds,M Renwick,BD Schmulian,IG McPeake,0,0,,,,,,,,,,,,,
1120120,2017/18,2017-11-24,Saxton Oval,2,3.5,3.5,Central Stags,Wellington Firebirds,M Renwick,BD Schmulian,IG McPeake,0,0,,,,,,,,,,,,,
1120120,2017/18,2017-11-24,Saxton Oval,2,3.6,3.6,Central Stags,Wellington Firebirds,M Renwick,BD Schmulian,IG McPeake,0,0,,,,,,,,,,,,,
1120120,2017/18,2017-11-24,Saxton Oval,2,4.1,4.1,Central Stags,Wellington Firebirds,BD Schmulian,M Renwick,OR Newton,0,0,,,,,,,,,,,,,
1120120,2017/18,2017-11-24,Saxton Oval,2,4.2,4.2,Central Stags,Wellington Firebirds,BD Schmulian,M Renwick,OR Newton,0,0,,,,,,,,,,,,,
1120120,2017/18,2017-11-24,Saxton Oval,2,4.3,4.3,Central Stags,Wellington Firebirds,BD Schmulian,M Renwick,OR Newton,0,0,,,,,,,,,,,,,
1120120,2017/18,2017-11-24,Saxton Oval,2,4.4,4.4,Central Stags,Wellington Firebirds,BD Schmulian,M Renwick,OR Newton,0,0,,,,,,,,,,,,,
1120120,2017/18,2017-11-24,Saxton Oval,2,4.5,4.5,Central Stags,Wellington Firebirds,BD Schmulian,M Renwick,OR Newton,4,0,,,,,,,,,,,,,
1120120,2017/18,2017-11-24,Saxton Oval,2,4.6,4.6,Central Stags,Wellington Firebirds,BD Schmulian,M Renwick,OR Newton,0,0,,,,,,,,,,,,,
1120120,2017/18,2017-11-24,Saxton Oval,2,5.1,5.1,Central Stags,Wellington Firebirds,M Renwick,BD Schmulian,IG McPeake,0,0,,,,,,,,,,,,,
1120120,2017/18,2017-11-24,Saxton Oval,2,5.2,5.2,Central Stags,Wellington Firebirds,M Renwick,BD Schmulian,IG McPeake,0,0,,,,,,,caught,M Renwick,,,MHW Papps,,
1120120,2017/18,2017-11-24,Saxton Oval,2,5.3,5.3,Central Stags,Wellington Firebirds,WA Young,BD Schmulian,IG McPeake,2,0,,,,,,,,,,,,,
1120120,2017/18,2017-11-24,Saxton Oval,2,5.4,5.4,Central Stags,Wellington Firebirds,WA Young,BD Schmulian,IG McPeake,0,0,,,,,,,,,,,,,
1120120,2017/18,2017-11-24,Saxton Oval,2,5.5,5.5,Central Stags,Wellington Firebirds,WA Young,BD Schmulian,IG McPeake,0,0,,,,,,,,,,,,,
1120120,2017/18,2017-11-24,Saxton Oval,2,5.6,5.6,Central Stags,Wellington Firebirds,WA Young,BD Schmulian,IG McPeake,0,0,,,,,,,,,,,,,
1120120,2017/18,2017-11-24,Saxton Oval,2,6.1,6.1,Central Stags,Wellington Firebirds,BD Schmulian,WA Young,OR Newton,0,0,,,,,,,,,,,,,
1120120,2017/18,2017-11-24,Saxton Oval,2,6.2,6.2,Central Stags,Wellington Firebirds,BD Schmulian,WA Young,OR Newton,0,0,,,,,,,,,,,,,
1120120,2017/18,2017-11-24,Saxton Oval,2,6.3,6.3,Central Stags,Wellington Firebirds,BD Schmulian,WA Young,OR Newton,1,0,,,,,,,,,,,,,
1120120,2017/18,2017-11-24,Saxton Oval,2,6.4,6.4,Central Stags,Wellington Firebirds,WA Young,BD Schmulian,OR Newton,0,0,,,,,,,,,,,,,
1120120,2017/18,2017-11-24,Saxton Oval,2,6.5,6.5,Central Stags,Wellington Firebirds,WA Young,BD Schmulian,OR Newton,0,0,,,,,,,,,,,,,
1120120,2017/18,2017-11-24,Saxton Oval,2,6.6,6.6,Central Stags,Wellington Firebirds,WA Young,BD Schmulian,OR Newton,0,0,,,,,,,,,,,,,
1120120,2017/18,2017-11-24,Saxton Oval,2,7.1,7.1,Central Stags,Wellington Firebirds,BD Schmulian,WA Young,IG McPeake,0,0,,,,,,,,,,,,,
1120120,2017/18,2017-11-24,Saxton Oval,2,7.2,7.2,Central Stags,Wellington Firebirds,BD Schmulian,WA Young,IG McPeake,4,0,,,,,,,,,,,,,
1120120,2017/18,2017-11-24,Saxton Oval,2,7.3,7.3,Central Stags,Wellington Firebirds,BD Schmulian,WA Young,IG McPeake,1,0,,,,,,,,,,,,,
1120120,2017/18,2017-11-24,Saxton Oval,2,7.4,7.4,Central Stags,Wellington Firebirds,WA Young,BD Schmulian,IG McPeake,0,0,,,,,,,,,,,,,
1120120,2017/18,2017-11-24,Saxton Oval,2,7.5,7.5,Central Stags,Wellington Firebirds,WA Young,BD Schmulian,IG McPeake,0,0,,,,,,,,,,,,,
1120120,2017/18,2017-11-24,Saxton Oval,2,7.6,7.6,Central Stags,Wellington Firebirds,WA Young,BD Schmulian,IG McPeake,0,0,,,,,,,,,,,,,
1120120,2017/18,2017-11-24,Saxton Oval,2,8.1,8.1,Central Stags,Wellington Firebirds,BD Schmulian,WA Young,OR Newton,1,0,,,,,,,,,,,,,
1120120,2017/18,2017-11-24,Saxton Oval,2,8.2,8.2,Central Stags,Wellington Firebirds,WA Young,BD Schmulian,OR Newton,0,0,,,,,,,,,,,,,
1120120,2017/18,2017-11-24,Saxton Oval,2,8.3,8.3,Central Stags,Wellington Firebirds,WA Young,BD Schmulian,OR Newton,1,0,,,,,,,,,,,,,
1120120,2017/18,2017-11-24,Saxton Oval,2,8.4,8.4,Central Stags,Wellington Firebirds,BD Schmulian,WA Young,OR Newton,0,0,,,,,,,,,,,,,
1120120,2017/18,2017-11-24,Saxton Oval,2,8.5,8.5,Central Stags,Wellington Firebirds,BD Schmulian,WA Young,OR Newton,0,0,,,,,,,,,,,,,
1120120,2017/18,2017-11-24,Saxton Oval,2,8.6,8.6,Central Stags,Wellington Firebirds,BD Schmulian,WA Young,OR Newton,1,0,,,,,,,,,,,,,
1120120,2017/18,2017-11-24,Saxton Oval,2,9.1,9.1,Central Stags,Wellington Firebirds,BD Schmulian,WA Young,IG McPeake,0,0,,,,,,,,,,,,,
1120120,2017/18,2017-11-24,Saxton Oval,2,9.2,9.2,Central Stags,Wellington Firebirds,BD Schmulian,WA Young,IG McPeake,0,0,,,,,,,,,,,,,
1120120,2017/18,2017-11-24,Saxton Oval,2,9.3,9.3,Central Stags,Wellington Firebirds,BD Schmulian,WA Young,IG McPeake,0,0,,,,,,,,,,,,,
1120120,2017/18,2017-11-24,Saxton Oval,2,9.4,9.4,Central Stags,Wellington Firebirds,BD Schmulian,WA Young,IG McPeake,0,0,,,,,,,,,,,,,
1120120,2017/18,2017-11-24,Saxton Oval,2,9.5,9.5,Central Stags,Wellington Firebirds,BD Schmulian,WA Young,IG McPeake,0,0,,,,,,,,,,,,,
1120120,2017/18,2017-11-24,Saxton Oval,2,9.6,9.6,Central Stags,Wellington Firebirds,BD Schmulian,WA Young,IG McPeake,0,0,,,,,,,,,,,,,
1120120,2017/18,2017-11-24,Saxton Oval,2,10.1,10.1,Central Stags,Wellington Firebirds,WA Young,BD Schmulian,OR Newton,0,0,,,,,,,,,,,,,
1120120,2017/18,2017-11-24,Saxton Oval,2,10.2,10.2,Central Stags,Wellington Firebirds,WA Young,BD Schmulian,OR Newton,0,0,,,,,,,,,,,,,
1120120,2017/18,2017-11-24,Saxton Oval,2,10.3,10.3,Central Stags,Wellington Firebirds,WA Young,BD Schmulian,OR Newton,0,0,,,,,,,,,,,,,
1120120,2017/18,2017-11-24,Saxton Oval,2,10.4,10.4,Central Stags,Wellington Firebirds,WA Young,BD Schmulian,OR Newton,0,0,,,,,,,,,,,,,
1120120,2017/18,2017-11-24,Saxton Oval,2,10.5,10.5,Central Stags,Wellington Firebirds,WA Young,BD Schmulian,OR Newton,0,0,,,,,,,,,,,,,
1120120,2017/18,2017-11-24,Saxton Oval,2,10.6,10.6,Central Stags,Wellington Firebirds,WA Young,BD Schmulian,OR Newton,0,0,,,,,,,,,,,,,
1120120,2017/18,2017-11-24,Saxton Oval,2,11.1,11.1,Central Stags,Wellington Firebirds,BD Schmulian,WA Young,IG McPeake,0,0,,,,,,,,,,,,,
1120120,2017/18,2017-11-24,Saxton Oval,2,11.2,11.2,Central Stags,Wellington Firebirds,BD Schmulian,WA Young,IG McPeake,4,0,,,,,,,,,,,,,
1120120,2017/18,2017-11-24,Saxton Oval,2,11.3,11.3,Central Stags,Wellington Firebirds,BD Schmulian,WA Young,IG McPeake,0,0,,,,,,,,,,,,,
1120120,2017/18,2017-11-24,Saxton Oval,2,11.4,11.4,Central Stags,Wellington Firebirds,BD Schmulian,WA Young,IG McPeake,0,0,,,,,,,,,,,,,
1120120,2017/18,2017-11-24,Saxton Oval,2,11.5,11.5,Central Stags,Wellington Firebirds,BD Schmulian,WA Young,IG McPeake,4,0,,,,,,,,,,,,,
1120120,2017/18,2017-11-24,Saxton Oval,2,11.6,11.6,Central Stags,Wellington Firebirds,BD Schmulian,WA Young,IG McPeake,2,0,,,,,,,,,,,,,
1120120,2017/18,2017-11-24,Saxton Oval,2,12.1,12.1,Central Stags,Wellington Firebirds,WA Young,BD Schmulian,OR Newton,0,0,,,,,,,,,,,,,
1120120,2017/18,2017-11-24,Saxton Oval,2,12.2,12.2,Central Stags,Wellington Firebirds,WA Young,BD Schmulian,OR Newton,0,0,,,,,,,,,,,,,
1120120,2017/18,2017-11-24,Saxton Oval,2,12.3,12.3,Central Stags,Wellington Firebirds,WA Young,BD Schmulian,OR Newton,0,0,,,,,,,,,,,,,
1120120,2017/18,2017-11-24,Saxton Oval,2,12.4,12.4,Central Stags,Wellington Firebirds,WA Young,BD Schmulian,OR Newton,0,0,,,,,,,,,,,,,
1120120,2017/18,2017-11-24,Saxton Oval,2,12.5,12.5,Central Stags,Wellington Firebirds,WA Young,BD Schmulian,OR Newton,0,0,,,,,,,,,,,,,
1120120,2017/18,2017-11-24,Saxton Oval,2,12.6,12.6,Central Stags,Wellington Firebirds,WA Young,BD Schmulian,OR Newton,0,0,,,,,,,caught,WA Young,,,JS Patel,,
1120120,2017/18,2017-11-24,Saxton Oval,2,13.1,13.1,Central Stags,Wellington Firebirds,BD Schmulian,JD Ryder,T Muller,4,0,,,,,,,,,,,,,
1120120,2017/18,2017-11-24,Saxton Oval,2,13.2,13.2,Central Stags,Wellington Firebirds,BD Schmulian,JD Ryder,T Muller,0,0,,,,,,,,,,,,,
1120120,2017/18,2017-11-24,Saxton Oval,2,13.3,13.3,Central Stags,Wellington Firebirds,BD Schmulian,JD Ryder,T Muller,0,0,,,,,,,,,,,,,
1120120,2017/18,2017-11-24,Saxton Oval,2,13.4,13.4,Central Stags,Wellington Firebirds,BD Schmulian,JD Ryder,T Muller,0,0,,,,,,,,,,,,,
1120120,2017/18,2017-11-24,Saxton Oval,2,13.5,13.5,Central Stags,Wellington Firebirds,BD Schmulian,JD Ryder,T Muller,0,0,,,,,,,,,,,,,
1120120,2017/18,2017-11-24,Saxton Oval,2,13.6,13.6,Central Stags,Wellington Firebirds,BD Schmulian,JD Ryder,T Muller,0,0,,,,,,,,,,,,,
1120120,2017/18,2017-11-24,Saxton Oval,2,14.1,14.1,Central Stags,Wellington Firebirds,JD Ryder,BD Schmulian,OR Newton,0,0,,,,,,,,,,,,,
1120120,2017/18,2017-11-24,Saxton Oval,2,14.2,14.2,Central Stags,Wellington Firebirds,JD Ryder,BD Schmulian,OR Newton,1,0,,,,,,,,,,,,,
1120120,2017/18,2017-11-24,Saxton Oval,2,14.3,14.3,Central Stags,Wellington Firebirds,BD Schmulian,JD Ryder,OR Newton,0,0,,,,,,,,,,,,,
1120120,2017/18,2017-11-24,Saxton Oval,2,14.4,14.4,Central Stags,Wellington Firebirds,BD Schmulian,JD Ryder,OR Newton,0,0,,,,,,,,,,,,,
1120120,2017/18,2017-11-24,Saxton Oval,2,14.5,14.5,Central Stags,Wellington Firebirds,BD Schmulian,JD Ryder,OR Newton,0,0,,,,,,,,,,,,,
1120120,2017/18,2017-11-24,Saxton Oval,2,14.6,14.6,Central Stags,Wellington Firebirds,BD Schmulian,JD Ryder,OR Newton,0,0,,,,,,,,,,,,,
1120120,2017/18,2017-11-24,Saxton Oval,2,15.1,15.1,Central Stags,Wellington Firebirds,JD Ryder,BD Schmulian,T Muller,0,0,,,,,,,,,,,,,
1120120,2017/18,2017-11-24,Saxton Oval,2,15.2,15.2,Central Stags,Wellington Firebirds,JD Ryder,BD Schmulian,T Muller,0,0,,,,,,,,,,,,,
1120120,2017/18,2017-11-24,Saxton Oval,2,15.3,15.3,Central Stags,Wellington Firebirds,JD Ryder,BD Schmulian,T Muller,0,0,,,,,,,,,,,,,
1120120,2017/18,2017-11-24,Saxton Oval,2,15.4,15.4,Central Stags,Wellington Firebirds,JD Ryder,BD Schmulian,T Muller,3,0,,,,,,,,,,,,,
1120120,2017/18,2017-11-24,Saxton Oval,2,15.5,15.5,Central Stags,Wellington Firebirds,BD Schmulian,JD Ryder,T Muller,4,0,,,,,,,,,,,,,
1120120,2017/18,2017-11-24,Saxton Oval,2,15.6,15.6,Central Stags,Wellington Firebirds,BD Schmulian,JD Ryder,T Muller,1,0,,,,,,,,,,,,,
1120120,2017/18,2017-11-24,Saxton Oval,2,16.1,16.1,Central Stags,Wellington Firebirds,BD Schmulian,JD Ryder,JS Patel,0,0,,,,,,,,,,,,,
1120120,2017/18,2017-11-24,Saxton Oval,2,16.2,16.2,Central Stags,Wellington Firebirds,BD Schmulian,JD Ryder,JS Patel,0,0,,,,,,,,,,,,,
1120120,2017/18,2017-11-24,Saxton Oval,2,16.3,16.3,Central Stags,Wellington Firebirds,BD Schmulian,JD Ryder,JS Patel,0,0,,,,,,,,,,,,,
1120120,2017/18,2017-11-24,Saxton Oval,2,16.4,16.4,Central Stags,Wellington Firebirds,BD Schmulian,JD Ryder,JS Patel,0,0,,,,,,,,,,,,,
1120120,2017/18,2017-11-24,Saxton Oval,2,16.5,16.5,Central Stags,Wellington Firebirds,BD Schmulian,JD Ryder,JS Patel,0,0,,,,,,,,,,,,,
1120120,2017/18,2017-11-24,Saxton Oval,2,16.6,16.6,Central Stags,Wellington Firebirds,BD Schmulian,JD Ryder,JS Patel,0,0,,,,,,,,,,,,,
1120120,2017/18,2017-11-24,Saxton Oval,2,17.1,17.1,Central Stags,Wellington Firebirds,JD Ryder,BD Schmulian,T Muller,4,0,,,,,,,,,,,,,
1120120,2017/18,2017-11-24,Saxton Oval,2,17.2,17.2,Central Stags,Wellington Firebirds,JD Ryder,BD Schmulian,T Muller,0,0,,,,,,,,,,,,,
1120120,2017/18,2017-11-24,Saxton Oval,2,17.3,17.3,Central Stags,Wellington Firebirds,JD Ryder,BD Schmulian,T Muller,0,0,,,,,,,,,,,,,
1120120,2017/18,2017-11-24,Saxton Oval,2,17.4,17.4,Central Stags,Wellington Firebirds,JD Ryder,BD Schmulian,T Muller,0,0,,,,,,,,,,,,,
1120120,2017/18,2017-11-24,Saxton Oval,2,17.5,17.5,Central Stags,Wellington Firebirds,JD Ryder,BD Schmulian,T Muller,4,0,,,,,,,,,,,,,
1120120,2017/18,2017-11-24,Saxton Oval,2,17.6,17.6,Central Stags,Wellington Firebirds,JD Ryder,BD Schmulian,T Muller,0,0,,,,,,,,,,,,,
1120120,2017/18,2017-11-24,Saxton Oval,2,18.1,18.1,Central Stags,Wellington Firebirds,BD Schmulian,JD Ryder,JS Patel,1,0,,,,,,,,,,,,,
1120120,2017/18,2017-11-24,Saxton Oval,2,18.2,18.2,Central Stags,Wellington Firebirds,JD Ryder,BD Schmulian,JS Patel,0,0,,,,,,,,,,,,,
1120120,2017/18,2017-11-24,Saxton Oval,2,18.3,18.3,Central Stags,Wellington Firebirds,JD Ryder,BD Schmulian,JS Patel,0,2,,,,2,,,,,,,,,
1120120,2017/18,2017-11-24,Saxton Oval,2,18.4,18.4,Central Stags,Wellington Firebirds,JD Ryder,BD Schmulian,JS Patel,0,0,,,,,,,,,,,,,
1120120,2017/18,2017-11-24,Saxton Oval,2,18.5,18.5,Central Stags,Wellington Firebirds,JD Ryder,BD Schmulian,JS Patel,0,0,,,,,,,,,,,,,
1120120,2017/18,2017-11-24,Saxton Oval,2,18.6,18.6,Central Stags,Wellington Firebirds,JD Ryder,BD Schmulian,JS Patel,0,0,,,,,,,,,,,,,
1120120,2017/18,2017-11-24,Saxton Oval,2,19.1,19.1,Central Stags,Wellington Firebirds,BD Schmulian,JD Ryder,T Muller,0,0,,,,,,,,,,,,,
1120120,2017/18,2017-11-24,Saxton Oval,2,19.2,19.2,Central Stags,Wellington Firebirds,BD Schmulian,JD Ryder,T Muller,4,0,,,,,,,,,,,,,
1120120,2017/18,2017-11-24,Saxton Oval,2,19.3,19.3,Central Stags,Wellington Firebirds,BD Schmulian,JD Ryder,T Muller,0,0,,,,,,,,,,,,,
1120120,2017/18,2017-11-24,Saxton Oval,2,19.4,19.4,Central Stags,Wellington Firebirds,BD Schmulian,JD Ryder,T Muller,0,0,,,,,,,,,,,,,
1120120,2017/18,2017-11-24,Saxton Oval,2,19.5,19.5,Central Stags,Wellington Firebirds,BD Schmulian,JD Ryder,T Muller,0,0,,,,,,,,,,,,,
1120120,2017/18,2017-11-24,Saxton Oval,2,19.6,19.6,Central Stags,Wellington Firebirds,BD Schmulian,JD Ryder,T Muller,0,0,,,,,,,,,,,,,
1120120,2017/18,2017-11-24,Saxton Oval,2,20.1,20.1,Central Stags,Wellington Firebirds,JD Ryder,BD Schmulian,JS Patel,0,0,,,,,,,,,,,,,
1120120,2017/18,2017-11-24,Saxton Oval,2,20.2,20.2,Central Stags,Wellington Firebirds,JD Ryder,BD Schmulian,JS Patel,0,0,,,,,,,,,,,,,
1120120,2017/18,2017-11-24,Saxton Oval,2,20.3,20.3,Central Stags,Wellington Firebirds,JD Ryder,BD Schmulian,JS Patel,0,0,,,,,,,,,,,,,
1120120,2017/18,2017-11-24,Saxton Oval,2,20.4,20.4,Central Stags,Wellington Firebirds,JD Ryder,BD Schmulian,JS Patel,0,0,,,,,,,,,,,,,
1120120,2017/18,2017-11-24,Saxton Oval,2,20.5,20.5,Central Stags,Wellington Firebirds,JD Ryder,BD Schmulian,JS Patel,0,0,,,,,,,,,,,,,
1120120,2017/18,2017-11-24,Saxton Oval,2,20.6,20.6,Central Stags,Wellington Firebirds,JD Ryder,BD Schmulian,JS Patel,0,0,,,,,,,,,,,,,
1120120,2017/18,2017-11-24,Saxton Oval,2,21.1,21.1,Central Stags,Wellington Firebirds,BD Schmulian,JD Ryder,IG McPeake,0,0,,,,,,,,,,,,,
1120120,2017/18,2017-11-24,Saxton Oval,2,21.2,21.2,Central Stags,Wellington Firebirds,BD Schmulian,JD Ryder,IG McPeake,0,0,,,,,,,bowled,BD Schmulian,,,,,
1120120,2017/18,2017-11-24,Saxton Oval,2,21.3,21.3,Central Stags,Wellington Firebirds,D Cleaver,JD Ryder,IG McPeake,0,0,,,,,,,,,,,,,
1120120,2017/18,2017-11-24,Saxton Oval,2,21.4,21.4,Central Stags,Wellington Firebirds,D Cleaver,JD Ryder,IG McPeake,0,0,,,,,,,,,,,,,
1120120,2017/18,2017-11-24,Saxton Oval,2,21.5,21.5,Central Stags,Wellington Firebirds,D Cleaver,JD Ryder,IG McPeake,4,0,,,,,,,,,,,,,
1120120,2017/18,2017-11-24,Saxton Oval,2,21.6,21.6,Central Stags,Wellington Firebirds,D Cleaver,JD Ryder,IG McPeake,4,0,,,,,,,,,,,,,
1120120,2017/18,2017-11-24,Saxton Oval,2,22.1,22.1,Central Stags,Wellington Firebirds,JD Ryder,D Cleaver,JS Patel,0,0,,,,,,,,,,,,,
1120120,2017/18,2017-11-24,Saxton Oval,2,22.2,22.2,Central Stags,Wellington Firebirds,JD Ryder,D Cleaver,JS Patel,0,0,,,,,,,,,,,,,
1120120,2017/18,2017-11-24,Saxton Oval,2,22.3,22.3,Central Stags,Wellington Firebirds,JD Ryder,D Cleaver,JS Patel,0,0,,,,,,,caught,JD Ryder,,,MG Bracewell,,
1120120,2017/18,2017-11-24,Saxton Oval,2,22.4,22.4,Central Stags,Wellington Firebirds,DAJ Bracewell,D Cleaver,JS Patel,0,0,,,,,,,,,,,,,
1120120,2017/18,2017-11-24,Saxton Oval,2,22.5,22.5,Central Stags,Wellington Firebirds,DAJ Bracewell,D Cleaver,JS Patel,0,0,,,,,,,,,,,,,
1120120,2017/18,2017-11-24,Saxton Oval,2,22.6,22.6,Central Stags,Wellington Firebirds,DAJ Bracewell,D Cleaver,JS Patel,0,0,,,,,,,,,,,,,
1120120,2017/18,2017-11-24,Saxton Oval,2,23.1,23.1,Central Stags,Wellington Firebirds,D Cleaver,DAJ Bracewell,IG McPeake,0,0,,,,,,,,,,,,,
1120120,2017/18,2017-11-24,Saxton Oval,2,23.2,23.2,Central Stags,Wellington Firebirds,D Cleaver,DAJ Bracewell,IG McPeake,0,0,,,,,,,,,,,,,
1120120,2017/18,2017-11-24,Saxton Oval,2,23.3,23.3,Central Stags,Wellington Firebirds,D Cleaver,DAJ Bracewell,IG McPeake,0,0,,,,,,,,,,,,,
1120120,2017/18,2017-11-24,Saxton Oval,2,23.4,23.4,Central Stags,Wellington Firebirds,D Cleaver,DAJ Bracewell,IG McPeake,0,0,,,,,,,,,,,,,
1120120,2017/18,2017-11-24,Saxton Oval,2,23.5,23.5,Central Stags,Wellington Firebirds,D Cleaver,DAJ Bracewell,IG McPeake,4,0,,,,,,,,,,,,,
1120120,2017/18,2017-11-24,Saxton Oval,2,23.6,23.6,Central Stags,Wellington Firebirds,D Cleaver,DAJ Bracewell,IG McPeake,4,0,,,,,,,,,,,,,
1120120,2017/18,2017-11-24,Saxton Oval,2,24.1,24.1,Central Stags,Wellington Firebirds,DAJ Bracewell,D Cleaver,JS Patel,0,0,,,,,,,,,,,,,
1120120,2017/18,2017-11-24,Saxton Oval,2,24.2,24.2,Central Stags,Wellington Firebirds,DAJ Bracewell,D Cleaver,JS Patel,0,0,,,,,,,,,,,,,
1120120,2017/18,2017-11-24,Saxton Oval,2,24.3,24.3,Central Stags,Wellington Firebirds,DAJ Bracewell,D Cleaver,JS Patel,0,0,,,,,,,,,,,,,
1120120,2017/18,2017-11-24,Saxton Oval,2,24.4,24.4,Central Stags,Wellington Firebirds,DAJ Bracewell,D Cleaver,JS Patel,2,1,,1,,,,,,,,,,,
1120120,2017/18,2017-11-24,Saxton Oval,2,24.5,24.4,Central Stags,Wellington Firebirds,DAJ Bracewell,D Cleaver,JS Patel,1,0,,,,,,,,,,,,,
1120120,2017/18,2017-11-24,Saxton Oval,2,24.6,24.5,Central Stags,Wellington Firebirds,D Cleaver,DAJ Bracewell,JS Patel,0,0,,,,,,,,,,,,,
1120120,2017/18,2017-11-24,Saxton Oval,2,24.7,24.6,Central Stags,Wellington Firebirds,D Cleaver,DAJ Bracewell,JS Patel,0,0,,,,,,,,,,,,,
1120120,2017/18,2017-11-24,Saxton Oval,2,25.1,25.1,Central Stags,Wellington Firebirds,DAJ Bracewell,D Cleaver,IG McPeake,0,0,,,,,,,,,,,,,
1120120,2017/18,2017-11-24,Saxton Oval,2,25.2,25.2,Central Stags,Wellington Firebirds,DAJ Bracewell,D Cleaver,IG McPeake,0,0,,,,,,,,,,,,,
1120120,2017/18,2017-11-24,Saxton Oval,2,25.3,25.3,Central Stags,Wellington Firebirds,DAJ Bracewell,D Cleaver,IG McPeake,0,0,,,,,,,,,,,,,
1120120,2017/18,2017-11-24,Saxton Oval,2,25.4,25.4,Central Stags,Wellington Firebirds,DAJ Bracewell,D Cleaver,IG McPeake,0,0,,,,,,,,,,,,,
1120120,2017/18,2017-11-24,Saxton Oval,2,25.5,25.5,Central Stags,Wellington Firebirds,DAJ Bracewell,D Cleaver,IG McPeake,0,0,,,,,,,,,,,,,
1120120,2017/18,2017-11-24,Saxton Oval,2,25.6,25.6,Central Stags,Wellington Firebirds,DAJ Bracewell,D Cleaver,IG McPeake,4,0,,,,,,,,,,,,,
1120120,2017/18,2017-11-24,Saxton Oval,2,26.1,26.1,Central Stags,Wellington Firebirds,D Cleaver,DAJ Bracewell,JS Patel,0,0,,,,,,,,,,,,,
1120120,2017/18,2017-11-24,Saxton Oval,2,26.2,26.2,Central Stags,Wellington Firebirds,D Cleaver,DAJ Bracewell,JS Patel,0,0,,,,,,,,,,,,,
1120120,2017/18,2017-11-24,Saxton Oval,2,26.3,26.3,Central Stags,Wellington Firebirds,D Cleaver,DAJ Bracewell,JS Patel,0,0,,,,,,,,,,,,,
1120120,2017/18,2017-11-24,Saxton Oval,2,26.4,26.4,Central Stags,Wellington Firebirds,D Cleaver,DAJ Bracewell,JS Patel,0,0,,,,,,,,,,,,,
1120120,2017/18,2017-11-24,Saxton Oval,2,26.5,26.5,Central Stags,Wellington Firebirds,D Cleaver,DAJ Bracewell,JS Patel,0,0,,,,,,,,,,,,,
1120120,2017/18,2017-11-24,Saxton Oval,2,26.6,26.6,Central Stags,Wellington Firebirds,D Cleaver,DAJ Bracewell,JS Patel,0,0,,,,,,,,,,,,,
1120120,2017/18,2017-11-24,Saxton Oval,2,27.1,27.1,Central Stags,Wellington Firebirds,DAJ Bracewell,D Cleaver,OR Newton,0,0,,,,,,,,,,,,,
1120120,2017/18,2017-11-24,Saxton Oval,2,27.2,27.2,Central Stags,Wellington Firebirds,DAJ Bracewell,D Cleaver,OR Newton,1,0,,,,,,,,,,,,,
1120120,2017/18,2017-11-24,Saxton Oval,2,27.3,27.3,Central Stags,Wellington Firebirds,D Cleaver,DAJ Bracewell,OR Newton,0,0,,,,,,,,,,,,,
1120120,2017/18,2017-11-24,Saxton Oval,2,27.4,27.4,Central Stags,Wellington Firebirds,D Cleaver,DAJ Bracewell,OR Newton,0,0,,,,,,,,,,,,,
1120120,2017/18,2017-11-24,Saxton Oval,2,27.5,27.5,Central Stags,Wellington Firebirds,D Cleaver,DAJ Bracewell,OR Newton,0,0,,,,,,,,,,,,,
1120120,2017/18,2017-11-24,Saxton Oval,2,27.6,27.6,Central Stags,Wellington Firebirds,D Cleaver,DAJ Bracewell,OR Newton,0,0,,,,,,,,,,,,,
1120120,2017/18,2017-11-24,Saxton Oval,2,28.1,28.1,Central Stags,Wellington Firebirds,DAJ Bracewell,D Cleaver,JS Patel,0,0,,,,,,,,,,,,,
1120120,2017/18,2017-11-24,Saxton Oval,2,28.2,28.2,Central Stags,Wellington Firebirds,DAJ Bracewell,D Cleaver,JS Patel,0,0,,,,,,,,,,,,,
1120120,2017/18,2017-11-24,Saxton Oval,2,28.3,28.3,Central Stags,Wellington Firebirds,DAJ Bracewell,D Cleaver,JS Patel,0,0,,,,,,,,,,,,,
1120120,2017/18,2017-11-24,Saxton Oval,2,28.4,28.4,Central Stags,Wellington Firebirds,DAJ Bracewell,D Cleaver,JS Patel,4,0,,,,,,,,,,,,,
1120120,2017/18,2017-11-24,Saxton Oval,2,28.5,28.5,Central Stags,Wellington Firebirds,DAJ Bracewell,D Cleaver,JS Patel,0,0,,,,,,,,,,,,,
1120120,2017/18,2017-11-24,Saxton Oval,2,28.6,28.6,Central Stags,Wellington Firebirds,DAJ Bracewell,D Cleaver,JS Patel,0,0,,,,,,,,,,,,,
1120120,2017/18,2017-11-24,Saxton Oval,2,29.1,29.1,Central Stags,Wellington Firebirds,D Cleaver,DAJ Bracewell,OR Newton,0,0,,,,,,,,,,,,,
1120120,2017/18,2017-11-24,Saxton Oval,2,29.2,29.2,Central Stags,Wellington Firebirds,D Cleaver,DAJ Bracewell,OR Newton,0,0,,,,,,,,,,,,,
1120120,2017/18,2017-11-24,Saxton Oval,2,29.3,29.3,Central Stags,Wellington Firebirds,D Cleaver,DAJ Bracewell,OR Newton,0,0,,,,,,,,,,,,,
1120120,2017/18,2017-11-24,Saxton Oval,2,29.4,29.4,Central Stags,Wellington Firebirds,D Cleaver,DAJ Bracewell,OR Newton,1,0,,,,,,,,,,,,,
1120120,2017/18,2017-11-24,Saxton Oval,2,29.5,29.5,Central Stags,Wellington Firebirds,DAJ Bracewell,D Cleaver,OR Newton,0,0,,,,,,,,,,,,,
1120120,2017/18,2017-11-24,Saxton Oval,2,29.6,29.6,Central Stags,Wellington Firebirds,DAJ Bracewell,D Cleaver,OR Newton,0,0,,,,,,,,,,,,,
1120120,2017/18,2017-11-24,Saxton Oval,2,30.1,30.1,Central Stags,Wellington Firebirds,D Cleaver,DAJ Bracewell,JS Patel,0,0,,,,,,,,,,,,,
1120120,2017/18,2017-11-24,Saxton Oval,2,30.2,30.2,Central Stags,Wellington Firebirds,D Cleaver,DAJ Bracewell,JS Patel,0,0,,,,,,,,,,,,,
1120120,2017/18,2017-11-24,Saxton Oval,2,30.3,30.3,Central Stags,Wellington Firebirds,D Cleaver,DAJ Bracewell,JS Patel,0,0,,,,,,,,,,,,,
1120120,2017/18,2017-11-24,Saxton Oval,2,30.4,30.4,Central Stags,Wellington Firebirds,D Cleaver,DAJ Bracewell,JS Patel,0,0,,,,,,,,,,,,,
1120120,2017/18,2017-11-24,Saxton Oval,2,30.5,30.5,Central Stags,Wellington Firebirds,D Cleaver,DAJ Bracewell,JS Patel,0,0,,,,,,,,,,,,,
1120120,2017/18,2017-11-24,Saxton Oval,2,30.6,30.6,Central Stags,Wellington Firebirds,D Cleaver,DAJ Bracewell,JS Patel,0,0,,,,,,,,,,,,,
1120120,2017/18,2017-11-24,Saxton Oval,2,31.1,31.1,Central Stags,Wellington Firebirds,DAJ Bracewell,D Cleaver,OR Newton,0,0,,,,,,,,,,,,,
1120120,2017/18,2017-11-24,Saxton Oval,2,31.2,31.2,Central Stags,Wellington Firebirds,DAJ Bracewell,D Cleaver,OR Newton,0,0,,,,,,,,,,,,,
1120120,2017/18,2017-11-24,Saxton Oval,2,31.3,31.3,Central Stags,Wellington Firebirds,DAJ Bracewell,D Cleaver,OR Newton,0,0,,,,,,,,,,,,,
1120120,2017/18,2017-11-24,Saxton Oval,2,31.4,31.4,Central Stags,Wellington Firebirds,DAJ Bracewell,D Cleaver,OR Newton,1,0,,,,,,,,,,,,,
1120120,2017/18,2017-11-24,Saxton Oval,2,31.5,31.5,Central Stags,Wellington Firebirds,D Cleaver,DAJ Bracewell,OR Newton,0,0,,,,,,,,,,,,,
1120120,2017/18,2017-11-24,Saxton Oval,2,31.6,31.6,Central Stags,Wellington Firebirds,D Cleaver,DAJ Bracewell,OR Newton,0,0,,,,,,,,,,,,,
1120120,2017/18,2017-11-24,Saxton Oval,2,32.1,32.1,Central Stags,Wellington Firebirds,DAJ Bracewell,D Cleaver,LJ Woodcock,0,0,,,,,,,,,,,,,
1120120,2017/18,2017-11-24,Saxton Oval,2,32.2,32.2,Central Stags,Wellington Firebirds,DAJ Bracewell,D Cleaver,LJ Woodcock,0,0,,,,,,,,,,,,,
1120120,2017/18,2017-11-24,Saxton Oval,2,32.3,32.3,Central Stags,Wellington Firebirds,DAJ Bracewell,D Cleaver,LJ Woodcock,0,0,,,,,,,,,,,,,
1120120,2017/18,2017-11-24,Saxton Oval,2,32.4,32.4,Central Stags,Wellington Firebirds,DAJ Bracewell,D Cleaver,LJ Woodcock,0,0,,,,,,,,,,,,,
1120120,2017/18,2017-11-24,Saxton Oval,2,32.5,32.5,Central Stags,Wellington Firebirds,DAJ Bracewell,D Cleaver,LJ Woodcock,0,0,,,,,,,,,,,,,
1120120,2017/18,2017-11-24,Saxton Oval,2,32.6,32.6,Central Stags,Wellington Firebirds,DAJ Bracewell,D Cleaver,LJ Woodcock,0,0,,,,,,,,,,,,,
1120120,2017/18,2017-11-24,Saxton Oval,2,33.1,33.1,Central Stags,Wellington Firebirds,D Cleaver,DAJ Bracewell,OR Newton,4,0,,,,,,,,,,,,,
1120120,2017/18,2017-11-24,Saxton Oval,2,33.2,33.2,Central Stags,Wellington Firebirds,D Cleaver,DAJ Bracewell,JS Patel,0,0,,,,,,,,,,,,,
1120120,2017/18,2017-11-24,Saxton Oval,2,33.3,33.3,Central Stags,Wellington Firebirds,D Cleaver,DAJ Bracewell,JS Patel,4,0,,,,,,,,,,,,,
1120120,2017/18,2017-11-24,Saxton Oval,2,33.4,33.4,Central Stags,Wellington Firebirds,D Cleaver,DAJ Bracewell,JS Patel,0,0,,,,,,,,,,,,,
1120120,2017/18,2017-11-24,Saxton Oval,2,33.5,33.5,Central Stags,Wellington Firebirds,D Cleaver,DAJ Bracewell,JS Patel,0,0,,,,,,,,,,,,,
1120120,2017/18,2017-11-24,Saxton Oval,2,33.6,33.6,Central Stags,Wellington Firebirds,D Cleaver,DAJ Bracewell,JS Patel,0,0,,,,,,,,,,,,,
1120120,2017/18,2017-11-24,Saxton Oval,2,34.1,34.1,Central Stags,Wellington Firebirds,DAJ Bracewell,D Cleaver,LJ Woodcock,4,0,,,,,,,,,,,,,
1120120,2017/18,2017-11-24,Saxton Oval,2,34.2,34.2,Central Stags,Wellington Firebirds,DAJ Bracewell,D Cleaver,LJ Woodcock,0,0,,,,,,,,,,,,,
1120120,2017/18,2017-11-24,Saxton Oval,2,34.3,34.3,Central Stags,Wellington Firebirds,DAJ Bracewell,D Cleaver,LJ Woodcock,0,0,,,,,,,,,,,,,
1120120,2017/18,2017-11-24,Saxton Oval,2,34.4,34.4,Central Stags,Wellington Firebirds,DAJ Bracewell,D Cleaver,LJ Woodcock,0,0,,,,,,,,,,,,,
1120120,2017/18,2017-11-24,Saxton Oval,2,34.5,34.5,Central Stags,Wellington Firebirds,DAJ Bracewell,D Cleaver,LJ Woodcock,0,0,,,,,,,,,,,,,
1120120,2017/18,2017-11-24,Saxton Oval,2,34.6,34.6,Central Stags,Wellington Firebirds,DAJ Bracewell,D Cleaver,LJ Woodcock,0,0,,,,,,,,,,,,,
1120120,2017/18,2017-11-24,Saxton Oval,2,35.1,35.1,Central Stags,Wellington Firebirds,D Cleaver,DAJ Bracewell,JS Patel,0,0,,,,,,,,,,,,,
1120120,2017/18,2017-11-24,Saxton Oval,2,35.2,35.2,Central Stags,Wellington Firebirds,D Cleaver,DAJ Bracewell,JS Patel,0,0,,,,,,,,,,,,,
1120120,2017/18,2017-11-24,Saxton Oval,2,35.3,35.3,Central Stags,Wellington Firebirds,D Cleaver,DAJ Bracewell,JS Patel,0,0,,,,,,,,,,,,,
1120120,2017/18,2017-11-24,Saxton Oval,2,35.4,35.4,Central Stags,Wellington Firebirds,D Cleaver,DAJ Bracewell,JS Patel,0,0,,,,,,,,,,,,,
1120120,2017/18,2017-11-24,Saxton Oval,2,35.5,35.5,Central Stags,Wellington Firebirds,D Cleaver,DAJ Bracewell,JS Patel,0,0,,,,,,,,,,,,,
1120120,2017/18,2017-11-24,Saxton Oval,2,35.6,35.6,Central Stags,Wellington Firebirds,D Cleaver,DAJ Bracewell,JS Patel,0,0,,,,,,,,,,,,,
1120120,2017/18,2017-11-24,Saxton Oval,2,36.1,36.1,Central Stags,Wellington Firebirds,DAJ Bracewell,D Cleaver,LJ Woodcock,1,0,,,,,,,,,,,,,
1120120,2017/18,2017-11-24,Saxton Oval,2,36.2,36.2,Central Stags,Wellington Firebirds,D Cleaver,DAJ Bracewell,LJ Woodcock,0,0,,,,,,,,,,,,,
1120120,2017/18,2017-11-24,Saxton Oval,2,36.3,36.3,Central Stags,Wellington Firebirds,D Cleaver,DAJ Bracewell,LJ Woodcock,0,0,,,,,,,,,,,,,
1120120,2017/18,2017-11-24,Saxton Oval,2,36.4,36.4,Central Stags,Wellington Firebirds,D Cleaver,DAJ Bracewell,LJ Woodcock,0,0,,,,,,,,,,,,,
1120120,2017/18,2017-11-24,Saxton Oval,2,36.5,36.5,Central Stags,Wellington Firebirds,D Cleaver,DAJ Bracewell,LJ Woodcock,4,0,,,,,,,,,,,,,
1120120,2017/18,2017-11-24,Saxton Oval,2,36.6,36.6,Central Stags,Wellington Firebirds,D Cleaver,DAJ Bracewell,LJ Woodcock,0,0,,,,,,,,,,,,,
1120120,2017/18,2017-11-24,Saxton Oval,2,37.1,37.1,Central Stags,Wellington Firebirds,DAJ Bracewell,D Cleaver,JS Patel,0,0,,,,,,,,,,,,,
1120120,2017/18,2017-11-24,Saxton Oval,2,37.2,37.2,Central Stags,Wellington Firebirds,DAJ Bracewell,D Cleaver,JS Patel,0,0,,,,,,,,,,,,,
1120120,2017/18,2017-11-24,Saxton Oval,2,37.3,37.3,Central Stags,Wellington Firebirds,DAJ Bracewell,D Cleaver,JS Patel,0,0,,,,,,,,,,,,,
1120120,2017/18,2017-11-24,Saxton Oval,2,37.4,37.4,Central Stags,Wellington Firebirds,DAJ Bracewell,D Cleaver,JS Patel,0,0,,,,,,,,,,,,,
1120120,2017/18,2017-11-24,Saxton Oval,2,37.5,37.5,Central Stags,Wellington Firebirds,DAJ Bracewell,D Cleaver,JS Patel,0,0,,,,,,,,,,,,,
1120120,2017/18,2017-11-24,Saxton Oval,2,37.6,37.6,Central Stags,Wellington Firebirds,DAJ Bracewell,D Cleaver,JS Patel,0,0,,,,,,,,,,,,,
1120120,2017/18,2017-11-24,Saxton Oval,2,38.1,38.1,Central Stags,Wellington Firebirds,D Cleaver,DAJ Bracewell,LJ Woodcock,1,0,,,,,,,,,,,,,
1120120,2017/18,2017-11-24,Saxton Oval,2,38.2,38.2,Central Stags,Wellington Firebirds,DAJ Bracewell,D Cleaver,LJ Woodcock,0,0,,,,,,,,,,,,,
1120120,2017/18,2017-11-24,Saxton Oval,2,38.3,38.3,Central Stags,Wellington Firebirds,DAJ Bracewell,D Cleaver,LJ Woodcock,0,0,,,,,,,,,,,,,
1120120,2017/18,2017-11-24,Saxton Oval,2,38.4,38.4,Central Stags,Wellington Firebirds,DAJ Bracewell,D Cleaver,LJ Woodcock,0,0,,,,,,,,,,,,,
1120120,2017/18,2017-11-24,Saxton Oval,2,38.5,38.5,Central Stags,Wellington Firebirds,DAJ Bracewell,D Cleaver,LJ Woodcock,0,0,,,,,,,,,,,,,
1120120,2017/18,2017-11-24,Saxton Oval,2,38.6,38.6,Central Stags,Wellington Firebirds,DAJ Bracewell,D Cleaver,LJ Woodcock,0,0,,,,,,,,,,,,,
1120120,2017/18,2017-11-24,Saxton Oval,2,39.1,39.1,Central Stags,Wellington Firebirds,D Cleaver,DAJ Bracewell,JS Patel,0,0,,,,,,,,,,,,,
1120120,2017/18,2017-11-24,Saxton Oval,2,39.2,39.2,Central Stags,Wellington Firebirds,D Cleaver,DAJ Bracewell,JS Patel,0,0,,,,,,,,,,,,,
1120120,2017/18,2017-11-24,Saxton Oval,2,39.3,39.3,Central Stags,Wellington Firebirds,D Cleaver,DAJ Bracewell,JS Patel,0,0,,,,,,,,,,,,,
1120120,2017/18,2017-11-24,Saxton Oval,2,39.4,39.4,Central Stags,Wellington Firebirds,D Cleaver,DAJ Bracewell,JS Patel,0,0,,,,,,,,,,,,,
1120120,2017/18,2017-11-24,Saxton Oval,2,39.5,39.5,Central Stags,Wellington Firebirds,D Cleaver,DAJ Bracewell,JS Patel,4,0,,,,,,,,,,,,,
1120120,2017/18,2017-11-24,Saxton Oval,2,39.6,39.6,Central Stags,Wellington Firebirds,D Cleaver,DAJ Bracewell,JS Patel,0,0,,,,,,,,,,,,,
1120120,2017/18,2017-11-24,Saxton Oval,2,40.1,40.1,Central Stags,Wellington Firebirds,DAJ Bracewell,D Cleaver,LJ Woodcock,0,0,,,,,,,,,,,,,
1120120,2017/18,2017-11-24,Saxton Oval,2,40.2,40.2,Central Stags,Wellington Firebirds,DAJ Bracewell,D Cleaver,LJ Woodcock,0,0,,,,,,,,,,,,,
1120120,2017/18,2017-11-24,Saxton Oval,2,40.3,40.3,Central Stags,Wellington Firebirds,DAJ Bracewell,D Cleaver,LJ Woodcock,0,0,,,,,,,,,,,,,
1120120,2017/18,2017-11-24,Saxton Oval,2,40.4,40.4,Central Stags,Wellington Firebirds,DAJ Bracewell,D Cleaver,LJ Woodcock,0,0,,,,,,,,,,,,,
1120120,2017/18,2017-11-24,Saxton Oval,2,40.5,40.5,Central Stags,Wellington Firebirds,DAJ Bracewell,D Cleaver,LJ Woodcock,0,0,,,,,,,,,,,,,
1120120,2017/18,2017-11-24,Saxton Oval,2,40.6,40.6,Central Stags,Wellington Firebirds,DAJ Bracewell,D Cleaver,LJ Woodcock,0,0,,,,,,,,,,,,,
1120120,2017/18,2017-11-24,Saxton Oval,2,41.1,41.1,Central Stags,Wellington Firebirds,D Cleaver,DAJ Bracewell,IG McPeake,0,0,,,,,,,,,,,,,
1120120,2017/18,2017-11-24,Saxton Oval,2,41.2,41.2,Central Stags,Wellington Firebirds,D Cleaver,DAJ Bracewell,IG McPeake,4,0,,,,,,,,,,,,,
1120120,2017/18,2017-11-24,Saxton Oval,2,41.3,41.3,Central Stags,Wellington Firebirds,D Cleaver,DAJ Bracewell,IG McPeake,0,0,,,,,,,,,,,,,
1120120,2017/18,2017-11-24,Saxton Oval,2,41.4,41.4,Central Stags,Wellington Firebirds,D Cleaver,DAJ Bracewell,IG McPeake,0,0,,,,,,,,,,,,,
1120120,2017/18,2017-11-24,Saxton Oval,2,41.5,41.5,Central Stags,Wellington Firebirds,D Cleaver,DAJ Bracewell,IG McPeake,0,0,,,,,,,,,,,,,
1120120,2017/18,2017-11-24,Saxton Oval,2,41.6,41.6,Central Stags,Wellington Firebirds,D Cleaver,DAJ Bracewell,IG McPeake,2,0,,,,,,,,,,,,,
1120120,2017/18,2017-11-24,Saxton Oval,2,42.1,42.1,Central Stags,Wellington Firebirds,DAJ Bracewell,D Cleaver,T Muller,2,0,,,,,,,,,,,,,
1120120,2017/18,2017-11-24,Saxton Oval,2,42.2,42.2,Central Stags,Wellington Firebirds,DAJ Bracewell,D Cleaver,T Muller,0,0,,,,,,,,,,,,,
1120120,2017/18,2017-11-24,Saxton Oval,2,42.3,42.3,Central Stags,Wellington Firebirds,DAJ Bracewell,D Cleaver,T Muller,0,0,,,,,,,,,,,,,
1120120,2017/18,2017-11-24,Saxton Oval,2,42.4,42.4,Central Stags,Wellington Firebirds,DAJ Bracewell,D Cleaver,T Muller,4,0,,,,,,,,,,,,,
1120120,2017/18,2017-11-24,Saxton Oval,2,42.5,42.5,Central Stags,Wellington Firebirds,DAJ Bracewell,D Cleaver,T Muller,0,0,,,,,,,,,,,,,
1120120,2017/18,2017-11-24,Saxton Oval,2,42.6,42.6,Central Stags,Wellington Firebirds,DAJ Bracewell,D Cleaver,T Muller,1,0,,,,,,,,,,,,,
1120120,2017/18,2017-11-24,Saxton Oval,2,43.1,43.1,Central Stags,Wellington Firebirds,DAJ Bracewell,D Cleaver,IG McPeake,4,0,,,,,,,,,,,,,
1120120,2017/18,2017-11-24,Saxton Oval,2,43.2,43.2,Central Stags,Wellington Firebirds,DAJ Bracewell,D Cleaver,IG McPeake,0,0,,,,,,,,,,,,,
1120120,2017/18,2017-11-24,Saxton Oval,2,43.3,43.3,Central Stags,Wellington Firebirds,DAJ Bracewell,D Cleaver,IG McPeake,0,0,,,,,,,,,,,,,
1120120,2017/18,2017-11-24,Saxton Oval,2,43.4,43.4,Central Stags,Wellington Firebirds,DAJ Bracewell,D Cleaver,IG McPeake,1,0,,,,,,,,,,,,,
1120120,2017/18,2017-11-24,Saxton Oval,2,43.5,43.5,Central Stags,Wellington Firebirds,D Cleaver,DAJ Bracewell,IG McPeake,0,0,,,,,,,,,,,,,
1120120,2017/18,2017-11-24,Saxton Oval,2,43.6,43.6,Central Stags,Wellington Firebirds,D Cleaver,DAJ Bracewell,IG McPeake,0,0,,,,,,,,,,,,,
1120120,2017/18,2017-11-24,Saxton Oval,2,44.1,44.1,Central Stags,Wellington Firebirds,DAJ Bracewell,D Cleaver,T Muller,0,0,,,,,,,,,,,,,
1120120,2017/18,2017-11-24,Saxton Oval,2,44.2,44.2,Central Stags,Wellington Firebirds,DAJ Bracewell,D Cleaver,T Muller,0,0,,,,,,,,,,,,,
1120120,2017/18,2017-11-24,Saxton Oval,2,44.3,44.3,Central Stags,Wellington Firebirds,DAJ Bracewell,D Cleaver,T Muller,0,0,,,,,,,,,,,,,
1120120,2017/18,2017-11-24,Saxton Oval,2,44.4,44.4,Central Stags,Wellington Firebirds,DAJ Bracewell,D Cleaver,T Muller,0,0,,,,,,,,,,,,,
1120120,2017/18,2017-11-24,Saxton Oval,2,44.5,44.5,Central Stags,Wellington Firebirds,DAJ Bracewell,D Cleaver,T Muller,0,0,,,,,,,,,,,,,
1120120,2017/18,2017-11-24,Saxton Oval,2,44.6,44.6,Central Stags,Wellington Firebirds,DAJ Bracewell,D Cleaver,T Muller,0,1,1,,,,,,,,,,,,
1120120,2017/18,2017-11-24,Saxton Oval,2,44.7,44.6,Central Stags,Wellington Firebirds,DAJ Bracewell,D Cleaver,T Muller,0,0,,,,,,,,,,,,,
1120120,2017/18,2017-11-24,Saxton Oval,2,45.1,45.1,Central Stags,Wellington Firebirds,D Cleaver,DAJ Bracewell,IG McPeake,0,0,,,,,,,,,,,,,
1120120,2017/18,2017-11-24,Saxton Oval,2,45.2,45.2,Central Stags,Wellington Firebirds,D Cleaver,DAJ Bracewell,IG McPeake,0,0,,,,,,,,,,,,,
1120120,2017/18,2017-11-24,Saxton Oval,2,45.3,45.3,Central Stags,Wellington Firebirds,D Cleaver,DAJ Bracewell,IG McPeake,0,0,,,,,,,,,,,,,
1120120,2017/18,2017-11-24,Saxton Oval,2,45.4,45.4,Central Stags,Wellington Firebirds,D Cleaver,DAJ Bracewell,IG McPeake,0,0,,,,,,,,,,,,,
1120120,2017/18,2017-11-24,Saxton Oval,2,45.5,45.5,Central Stags,Wellington Firebirds,D Cleaver,DAJ Bracewell,IG McPeake,0,0,,,,,,,,,,,,,
1120120,2017/18,2017-11-24,Saxton Oval,2,45.6,45.6,Central Stags,Wellington Firebirds,D Cleaver,DAJ Bracewell,IG McPeake,0,0,,,,,,,,,,,,,
1120120,2017/18,2017-11-24,Saxton Oval,2,46.1,46.1,Central Stags,Wellington Firebirds,DAJ Bracewell,D Cleaver,T Muller,0,0,,,,,,,,,,,,,
1120120,2017/18,2017-11-24,Saxton Oval,2,46.2,46.2,Central Stags,Wellington Firebirds,DAJ Bracewell,D Cleaver,T Muller,0,0,,,,,,,bowled,DAJ Bracewell,,,,,
1120120,2017/18,2017-11-24,Saxton Oval,2,46.3,46.3,Central Stags,Wellington Firebirds,BM Wheeler,D Cleaver,T Muller,0,0,,,,,,,,,,,,,
1120120,2017/18,2017-11-24,Saxton Oval,2,46.4,46.4,Central Stags,Wellington Firebirds,BM Wheeler,D Cleaver,T Muller,0,0,,,,,,,,,,,,,
1120120,2017/18,2017-11-24,Saxton Oval,2,46.5,46.5,Central Stags,Wellington Firebirds,BM Wheeler,D Cleaver,T Muller,0,0,,,,,,,,,,,,,
1120120,2017/18,2017-11-24,Saxton Oval,2,46.6,46.6,Central Stags,Wellington Firebirds,BM Wheeler,D Cleaver,T Muller,0,0,,,,,,,,,,,,,
1120120,2017/18,2017-11-24,Saxton Oval,2,47.1,47.1,Central Stags,Wellington Firebirds,D Cleaver,BM Wheeler,IG McPeake,1,0,,,,,,,,,,,,,
1120120,2017/18,2017-11-24,Saxton Oval,2,47.2,47.2,Central Stags,Wellington Firebirds,BM Wheeler,D Cleaver,IG McPeake,0,0,,,,,,,caught,BM Wheeler,,,MG Bracewell,,
1120120,2017/18,2017-11-24,Saxton Oval,2,47.3,47.3,Central Stags,Wellington Firebirds,NA Patel,D Cleaver,IG McPeake,0,0,,,,,,,,,,,,,
1120120,2017/18,2017-11-24,Saxton Oval,2,47.4,47.4,Central Stags,Wellington Firebirds,NA Patel,D Cleaver,IG McPeake,0,0,,,,,,,,,,,,,
1120120,2017/18,2017-11-24,Saxton Oval,2,47.5,47.5,Central Stags,Wellington Firebirds,NA Patel,D Cleaver,IG McPeake,0,0,,,,,,,,,,,,,
1120120,2017/18,2017-11-24,Saxton Oval,2,47.6,47.6,Central Stags,Wellington Firebirds,NA Patel,D Cleaver,IG McPeake,0,0,,,,,,,,,,,,,
1120120,2017/18,2017-11-24,Saxton Oval,2,48.1,48.1,Central Stags,Wellington Firebirds,D Cleaver,NA Patel,T Muller,0,0,,,,,,,,,,,,,
1120120,2017/18,2017-11-24,Saxton Oval,2,48.2,48.2,Central Stags,Wellington Firebirds,D Cleaver,NA Patel,T Muller,0,0,,,,,,,,,,,,,
1120120,2017/18,2017-11-24,Saxton Oval,2,48.3,48.3,Central Stags,Wellington Firebirds,D Cleaver,NA Patel,T Muller,0,0,,,,,,,,,,,,,
1120120,2017/18,2017-11-24,Saxton Oval,2,48.4,48.4,Central Stags,Wellington Firebirds,D Cleaver,NA Patel,T Muller,0,0,,,,,,,,,,,,,
1120120,2017/18,2017-11-24,Saxton Oval,2,48.5,48.5,Central Stags,Wellington Firebirds,D Cleaver,NA Patel,T Muller,0,0,,,,,,,,,,,,,
1120120,2017/18,2017-11-24,Saxton Oval,2,48.6,48.6,Central Stags,Wellington Firebirds,D Cleaver,NA Patel,T Muller,0,0,,,,,,,,,,,,,
1120120,2017/18,2017-11-24,Saxton Oval,2,49.1,49.1,Central Stags,Wellington Firebirds,NA Patel,D Cleaver,IG McPeake,0,0,,,,,,,,,,,,,
1120120,2017/18,2017-11-24,Saxton Oval,2,49.2,49.2,Central Stags,Wellington Firebirds,NA Patel,D Cleaver,IG McPeake,0,0,,,,,,,,,,,,,
1120120,2017/18,2017-11-24,Saxton Oval,2,49.3,49.3,Central Stags,Wellington Firebirds,NA Patel,D Cleaver,IG McPeake,0,0,,,,,,,,,,,,,
1120120,2017/18,2017-11-24,Saxton Oval,2,49.4,49.4,Central Stags,Wellington Firebirds,NA Patel,D Cleaver,IG McPeake,0,0,,,,,,,,,,,,,
1120120,2017/18,2017-11-24,Saxton Oval,2,49.5,49.5,Central Stags,Wellington Firebirds,NA Patel,D Cleaver,IG McPeake,0,0,,,,,,,,,,,,,
1120120,2017/18,2017-11-24,Saxton Oval,2,49.6,49.6,Central Stags,Wellington Firebirds,NA Patel,D Cleaver,IG McPeake,0,0,,,,,,,,,,,,,
1120120,2017/18,2017-11-24,Saxton Oval,2,50.1,50.1,Central Stags,Wellington Firebirds,D Cleaver,NA Patel,T Muller,0,0,,,,,,,,,,,,,
1120120,2017/18,2017-11-24,Saxton Oval,2,50.2,50.2,Central Stags,Wellington Firebirds,D Cleaver,NA Patel,T Muller,0,0,,,,,,,,,,,,,
1120120,2017/18,2017-11-24,Saxton Oval,2,50.3,50.3,Central Stags,Wellington Firebirds,D Cleaver,NA Patel,T Muller,0,0,,,,,,,,,,,,,
1120120,2017/18,2017-11-24,Saxton Oval,2,50.4,50.4,Central Stags,Wellington Firebirds,D Cleaver,NA Patel,T Muller,0,0,,,,,,,,,,,,,
1120120,2017/18,2017-11-24,Saxton Oval,2,50.5,50.5,Central Stags,Wellington Firebirds,D Cleaver,NA Patel,T Muller,0,0,,,,,,,,,,,,,
1120120,2017/18,2017-11-24,Saxton Oval,2,50.6,50.6,Central Stags,Wellington Firebirds,D Cleaver,NA Patel,T Muller,0,0,,,,,,,,,,,,,
1120120,2017/18,2017-11-24,Saxton Oval,2,51.1,51.1,Central Stags,Wellington Firebirds,NA Patel,D Cleaver,IG McPeake,0,0,,,,,,,,,,,,,
1120120,2017/18,2017-11-24,Saxton Oval,2,51.2,51.2,Central Stags,Wellington Firebirds,NA Patel,D Cleaver,IG McPeake,0,0,,,,,,,,,,,,,
1120120,2017/18,2017-11-24,Saxton Oval,2,51.3,51.3,Central Stags,Wellington Firebirds,NA Patel,D Cleaver,IG McPeake,0,0,,,,,,,,,,,,,
1120120,2017/18,2017-11-24,Saxton Oval,2,51.4,51.4,Central Stags,Wellington Firebirds,NA Patel,D Cleaver,IG McPeake,0,0,,,,,,,caught,NA Patel,,,JS Patel,,
1120120,2017/18,2017-11-24,Saxton Oval,2,51.5,51.5,Central Stags,Wellington Firebirds,AY Patel,D Cleaver,IG McPeake,0,0,,,,,,,,,,,,,
1120120,2017/18,2017-11-24,Saxton Oval,2,51.6,51.6,Central Stags,Wellington Firebirds,AY Patel,D Cleaver,IG McPeake,0,0,,,,,,,,,,,,,
1120120,2017/18,2017-11-24,Saxton Oval,2,52.1,52.1,Central Stags,Wellington Firebirds,D Cleaver,AY Patel,JS Patel,0,0,,,,,,,,,,,,,
1120120,2017/18,2017-11-24,Saxton Oval,2,52.2,52.2,Central Stags,Wellington Firebirds,D Cleaver,AY Patel,JS Patel,4,0,,,,,,,,,,,,,
1120120,2017/18,2017-11-24,Saxton Oval,2,52.3,52.3,Central Stags,Wellington Firebirds,D Cleaver,AY Patel,JS Patel,0,0,,,,,,,,,,,,,
1120120,2017/18,2017-11-24,Saxton Oval,2,52.4,52.4,Central Stags,Wellington Firebirds,D Cleaver,AY Patel,JS Patel,0,0,,,,,,,,,,,,,
1120120,2017/18,2017-11-24,Saxton Oval,2,52.5,52.5,Central Stags,Wellington Firebirds,D Cleaver,AY Patel,JS Patel,2,0,,,,,,,,,,,,,
1120120,2017/18,2017-11-24,Saxton Oval,2,52.6,52.6,Central Stags,Wellington Firebirds,D Cleaver,AY Patel,JS Patel,6,0,,,,,,,,,,,,,
1120120,2017/18,2017-11-24,Saxton Oval,2,53.1,53.1,Central Stags,Wellington Firebirds,AY Patel,D Cleaver,IG McPeake,0,0,,,,,,,caught,AY Patel,,,MJ Taylor,,
1120120,2017/18,2017-11-24,Saxton Oval,2,53.2,53.2,Central Stags,Wellington Firebirds,BM Tickner,D Cleaver,IG McPeake,0,0,,,,,,,,,,,,,
1120120,2017/18,2017-11-24,Saxton Oval,2,53.3,53.3,Central Stags,Wellington Firebirds,BM Tickner,D Cleaver,IG McPeake,0,0,,,,,,,,,,,,,
1120120,2017/18,2017-11-24,Saxton Oval,2,53.4,53.4,Central Stags,Wellington Firebirds,BM Tickner,D Cleaver,IG McPeake,0,0,,,,,,,,,,,,,
1120120,2017/18,2017-11-24,Saxton Oval,2,53.5,53.5,Central Stags,Wellington Firebirds,BM Tickner,D Cleaver,IG McPeake,0,0,,,,,,,,,,,,,
1120120,2017/18,2017-11-24,Saxton Oval,2,53.6,53.6,Central Stags,Wellington Firebirds,BM Tickner,D Cleaver,IG McPeake,0,0,,,,,,,,,,,,,
1120120,2017/18,2017-11-24,Saxton Oval,2,54.1,54.1,Central Stags,Wellington Firebirds,D Cleaver,BM Tickner,JS Patel,0,0,,,,,,,,,,,,,
1120120,2017/18,2017-11-24,Saxton Oval,2,54.2,54.2,Central Stags,Wellington Firebirds,D Cleaver,BM Tickner,JS Patel,0,0,,,,,,,,,,,,,
1120120,2017/18,2017-11-24,Saxton Oval,2,54.3,54.3,Central Stags,Wellington Firebirds,D Cleaver,BM Tickner,JS Patel,0,0,,,,,,,,,,,,,
1120120,2017/18,2017-11-24,Saxton Oval,2,54.4,54.4,Central Stags,Wellington Firebirds,D Cleaver,BM Tickner,JS Patel,1,0,,,,,,,,,,,,,
1120120,2017/18,2017-11-24,Saxton Oval,2,54.5,54.5,Central Stags,Wellington Firebirds,BM Tickner,D Cleaver,JS Patel,0,0,,,,,,,,,,,,,
1120120,2017/18,2017-11-24,Saxton Oval,2,54.6,54.6,Central Stags,Wellington Firebirds,BM Tickner,D Cleaver,JS Patel,0,0,,,,,,,,,,,,,
1120120,2017/18,2017-11-24,Saxton Oval,2,55.1,55.1,Central Stags,Wellington Firebirds,D Cleaver,BM Tickner,IG McPeake,0,0,,,,,,,,,,,,,
1120120,2017/18,2017-11-24,Saxton Oval,2,55.2,55.2,Central Stags,Wellington Firebirds,D Cleaver,BM Tickner,IG McPeake,0,0,,,,,,,,,,,,,
1120120,2017/18,2017-11-24,Saxton Oval,2,55.3,55.3,Central Stags,Wellington Firebirds,D Cleaver,BM Tickner,IG McPeake,0,0,,,,,,,,,,,,,
1120120,2017/18,2017-11-24,Saxton Oval,2,55.4,55.4,Central Stags,Wellington Firebirds,D Cleaver,BM Tickner,IG McPeake,0,0,,,,,,,,,,,,,
1120120,2017/18,2017-11-24,Saxton Oval,2,55.5,55.5,Central Stags,Wellington Firebirds,D Cleaver,BM Tickner,IG McPeake,0,0,,,,,,,,,,,,,
1120120,2017/18,2017-11-24,Saxton Oval,2,55.6,55.6,Central Stags,Wellington Firebirds,D Cleaver,BM Tickner,IG McPeake,1,0,,,,,,,,,,,,,
1120120,2017/18,2017-11-24,Saxton Oval,2,56.1,56.1,Central Stags,Wellington Firebirds,D Cleaver,BM Tickner,JS Patel,1,0,,,,,,,,,,,,,
1120120,2017/18,2017-11-24,Saxton Oval,2,56.2,56.2,Central Stags,Wellington Firebirds,BM Tickner,D Cleaver,JS Patel,0,0,,,,,,,,,,,,,
1120120,2017/18,2017-11-24,Saxton Oval,2,56.3,56.3,Central Stags,Wellington Firebirds,BM Tickner,D Cleaver,JS Patel,0,0,,,,,,,,,,,,,
1120120,2017/18,2017-11-24,Saxton Oval,2,56.4,56.4,Central Stags,Wellington Firebirds,BM Tickner,D Cleaver,JS Patel,0,0,,,,,,,,,,,,,
1120120,2017/18,2017-11-24,Saxton Oval,2,56.5,56.5,Central Stags,Wellington Firebirds,BM Tickner,D Cleaver,JS Patel,0,0,,,,,,,,,,,,,
1120120,2017/18,2017-11-24,Saxton Oval,2,56.6,56.6,Central Stags,Wellington Firebirds,BM Tickner,D Cleaver,JS Patel,0,0,,,,,,,,,,,,,
1120120,2017/18,2017-11-24,Saxton Oval,2,57.1,57.1,Central Stags,Wellington Firebirds,D Cleaver,BM Tickner,T Muller,6,0,,,,,,,,,,,,,
1120120,2017/18,2017-11-24,Saxton Oval,2,57.2,57.2,Central Stags,Wellington Firebirds,D Cleaver,BM Tickner,T Muller,1,0,,,,,,,,,,,,,
1120120,2017/18,2017-11-24,Saxton Oval,2,57.3,57.3,Central Stags,Wellington Firebirds,BM Tickner,D Cleaver,T Muller,0,0,,,,,,,,,,,,,
1120120,2017/18,2017-11-24,Saxton Oval,2,57.4,57.4,Central Stags,Wellington Firebirds,BM Tickner,D Cleaver,T Muller,4,0,,,,,,,,,,,,,
1120120,2017/18,2017-11-24,Saxton Oval,2,57.5,57.5,Central Stags,Wellington Firebirds,BM Tickner,D Cleaver,T Muller,0,0,,,,,,,,,,,,,
1120120,2017/18,2017-11-24,Saxton Oval,2,57.6,57.6,Central Stags,Wellington Firebirds,BM Tickner,D Cleaver,T Muller,0,0,,,,,,,,,,,,,
1120120,2017/18,2017-11-24,Saxton Oval,2,58.1,58.1,Central Stags,Wellington Firebirds,D Cleaver,BM Tickner,JS Patel,0,0,,,,,,,,,,,,,
1120120,2017/18,2017-11-24,Saxton Oval,2,58.2,58.2,Central Stags,Wellington Firebirds,D Cleaver,BM Tickner,JS Patel,0,0,,,,,,,,,,,,,
1120120,2017/18,2017-11-24,Saxton Oval,2,58.3,58.3,Central Stags,Wellington Firebirds,D Cleaver,BM Tickner,JS Patel,0,0,,,,,,,,,,,,,
1120120,2017/18,2017-11-24,Saxton Oval,2,58.4,58.4,Central Stags,Wellington Firebirds,D Cleaver,BM Tickner,JS Patel,2,0,,,,,,,,,,,,,
1120120,2017/18,2017-11-24,Saxton Oval,2,58.5,58.5,Central Stags,Wellington Firebirds,D Cleaver,BM Tickner,JS Patel,1,0,,,,,,,,,,,,,
1120120,2017/18,2017-11-24,Saxton Oval,2,58.6,58.6,Central Stags,Wellington Firebirds,BM Tickner,D Cleaver,JS Patel,0,0,,,,,,,,,,,,,
1120120,2017/18,2017-11-24,Saxton Oval,2,59.1,59.1,Central Stags,Wellington Firebirds,D Cleaver,BM Tickner,T Muller,2,0,,,,,,,,,,,,,
1120120,2017/18,2017-11-24,Saxton Oval,2,59.2,59.2,Central Stags,Wellington Firebirds,D Cleaver,BM Tickner,T Muller,0,1,1,,,,,,,,,,,,
1120120,2017/18,2017-11-24,Saxton Oval,2,59.3,59.2,Central Stags,Wellington Firebirds,D Cleaver,BM Tickner,T Muller,0,1,1,,,,,,,,,,,,
1120120,2017/18,2017-11-24,Saxton Oval,2,59.4,59.2,Central Stags,Wellington Firebirds,D Cleaver,BM Tickner,T Muller,4,0,,,,,,,,,,,,,
1120120,2017/18,2017-11-24,Saxton Oval,2,59.5,59.3,Central Stags,Wellington Firebirds,D Cleaver,BM Tickner,T Muller,1,0,,,,,,,,,,,,,
1120120,2017/18,2017-11-24,Saxton Oval,2,59.6,59.4,Central Stags,Wellington Firebirds,BM Tickner,D Cleaver,T Muller,0,0,,,,,,,,,,,,,
1120120,2017/18,2017-11-24,Saxton Oval,2,59.7,59.5,Central Stags,Wellington Firebirds,BM Tickner,D Cleaver,T Muller,0,0,,,,,,,,,,,,,
1120120,2017/18,2017-11-24,Saxton Oval,2,59.8,59.6,Central Stags,Wellington Firebirds,BM Tickner,D Cleaver,T Muller,0,0,,,,,,,,,,,,,
1120120,2017/18,2017-11-24,Saxton Oval,2,60.1,60.1,Central Stags,Wellington Firebirds,D Cleaver,BM Tickner,JS Patel,0,0,,,,,,,,,,,,,
1120120,2017/18,2017-11-24,Saxton Oval,2,60.2,60.2,Central Stags,Wellington Firebirds,D Cleaver,BM Tickner,JS Patel,0,0,,,,,,,,,,,,,
1120120,2017/18,2017-11-24,Saxton Oval,2,60.3,60.3,Central Stags,Wellington Firebirds,D Cleaver,BM Tickner,JS Patel,0,0,,,,,,,,,,,,,
1120120,2017/18,2017-11-24,Saxton Oval,2,60.4,60.4,Central Stags,Wellington Firebirds,D Cleaver,BM Tickner,JS Patel,0,0,,,,,,,lbw,D Cleaver,,,,,
1120120,2017/18,2017-11-24,Saxton Oval,3,0.1,0.1,Wellington Firebirds,Central Stags,LJ Woodcock,MHW Papps,DAJ Bracewell,0,0,,,,,,,,,,,,,
1120120,2017/18,2017-11-24,Saxton Oval,3,0.2,0.2,Wellington Firebirds,Central Stags,LJ Woodcock,MHW Papps,DAJ Bracewell,0,0,,,,,,,,,,,,,
1120120,2017/18,2017-11-24,Saxton Oval,3,0.3,0.3,Wellington Firebirds,Central Stags,LJ Woodcock,MHW Papps,DAJ Bracewell,2,0,,,,,,,,,,,,,
1120120,2017/18,2017-11-24,Saxton Oval,3,0.4,0.4,Wellington Firebirds,Central Stags,LJ Woodcock,MHW Papps,DAJ Bracewell,0,0,,,,,,,,,,,,,
1120120,2017/18,2017-11-24,Saxton Oval,3,0.5,0.5,Wellington Firebirds,Central Stags,LJ Woodcock,MHW Papps,DAJ Bracewell,0,0,,,,,,,,,,,,,
1120120,2017/18,2017-11-24,Saxton Oval,3,0.6,0.6,Wellington Firebirds,Central Stags,LJ Woodcock,MHW Papps,DAJ Bracewell,0,0,,,,,,,,,,,,,
1120120,2017/18,2017-11-24,Saxton Oval,3,1.1,1.1,Wellington Firebirds,Central Stags,MHW Papps,LJ Woodcock,BM Wheeler,0,0,,,,,,,,,,,,,
1120120,2017/18,2017-11-24,Saxton Oval,3,1.2,1.2,Wellington Firebirds,Central Stags,MHW Papps,LJ Woodcock,BM Wheeler,4,0,,,,,,,,,,,,,
1120120,2017/18,2017-11-24,Saxton Oval,3,1.3,1.3,Wellington Firebirds,Central Stags,MHW Papps,LJ Woodcock,BM Wheeler,0,0,,,,,,,,,,,,,
1120120,2017/18,2017-11-24,Saxton Oval,3,1.4,1.4,Wellington Firebirds,Central Stags,MHW Papps,LJ Woodcock,BM Wheeler,0,0,,,,,,,,,,,,,
1120120,2017/18,2017-11-24,Saxton Oval,3,1.5,1.5,Wellington Firebirds,Central Stags,MHW Papps,LJ Woodcock,BM Wheeler,0,0,,,,,,,,,,,,,
1120120,2017/18,2017-11-24,Saxton Oval,3,1.6,1.6,Wellington Firebirds,Central Stags,MHW Papps,LJ Woodcock,BM Wheeler,2,0,,,,,,,,,,,,,
1120120,2017/18,2017-11-24,Saxton Oval,3,2.1,2.1,Wellington Firebirds,Central Stags,LJ Woodcock,MHW Papps,DAJ Bracewell,0,0,,,,,,,,,,,,,
1120120,2017/18,2017-11-24,Saxton Oval,3,2.2,2.2,Wellington Firebirds,Central Stags,LJ Woodcock,MHW Papps,DAJ Bracewell,1,0,,,,,,,,,,,,,
1120120,2017/18,2017-11-24,Saxton Oval,3,2.3,2.3,Wellington Firebirds,Central Stags,MHW Papps,LJ Woodcock,DAJ Bracewell,0,0,,,,,,,,,,,,,
1120120,2017/18,2017-11-24,Saxton Oval,3,2.4,2.4,Wellington Firebirds,Central Stags,MHW Papps,LJ Woodcock,DAJ Bracewell,0,0,,,,,,,,,,,,,
1120120,2017/18,2017-11-24,Saxton Oval,3,2.5,2.5,Wellington Firebirds,Central Stags,MHW Papps,LJ Woodcock,DAJ Bracewell,0,0,,,,,,,,,,,,,
1120120,2017/18,2017-11-24,Saxton Oval,3,2.6,2.6,Wellington Firebirds,Central Stags,MHW Papps,LJ Woodcock,DAJ Bracewell,0,0,,,,,,,,,,,,,
1120120,2017/18,2017-11-24,Saxton Oval,3,3.1,3.1,Wellington Firebirds,Central Stags,LJ Woodcock,MHW Papps,BM Wheeler,0,0,,,,,,,,,,,,,
1120120,2017/18,2017-11-24,Saxton Oval,3,3.2,3.2,Wellington Firebirds,Central Stags,LJ Woodcock,MHW Papps,BM Wheeler,0,0,,,,,,,,,,,,,
1120120,2017/18,2017-11-24,Saxton Oval,3,3.3,3.3,Wellington Firebirds,Central Stags,LJ Woodcock,MHW Papps,BM Wheeler,0,0,,,,,,,,,,,,,
1120120,2017/18,2017-11-24,Saxton Oval,3,3.4,3.4,Wellington Firebirds,Central Stags,LJ Woodcock,MHW Papps,BM Wheeler,0,0,,,,,,,,,,,,,
1120120,2017/18,2017-11-24,Saxton Oval,3,3.5,3.5,Wellington Firebirds,Central Stags,LJ Woodcock,MHW Papps,BM Wheeler,1,0,,,,,,,,,,,,,
1120120,2017/18,2017-11-24,Saxton Oval,3,3.6,3.6,Wellington Firebirds,Central Stags,MHW Papps,LJ Woodcock,BM Wheeler,0,0,,,,,,,,,,,,,
1120120,2017/18,2017-11-24,Saxton Oval,3,4.1,4.1,Wellington Firebirds,Central Stags,LJ Woodcock,MHW Papps,DAJ Bracewell,1,0,,,,,,,,,,,,,
1120120,2017/18,2017-11-24,Saxton Oval,3,4.2,4.2,Wellington Firebirds,Central Stags,MHW Papps,LJ Woodcock,DAJ Bracewell,1,0,,,,,,,,,,,,,
1120120,2017/18,2017-11-24,Saxton Oval,3,4.3,4.3,Wellington Firebirds,Central Stags,LJ Woodcock,MHW Papps,DAJ Bracewell,0,0,,,,,,,,,,,,,
1120120,2017/18,2017-11-24,Saxton Oval,3,4.4,4.4,Wellington Firebirds,Central Stags,LJ Woodcock,MHW Papps,DAJ Bracewell,4,0,,,,,,,,,,,,,
1120120,2017/18,2017-11-24,Saxton Oval,3,4.5,4.5,Wellington Firebirds,Central Stags,LJ Woodcock,MHW Papps,DAJ Bracewell,0,0,,,,,,,,,,,,,
1120120,2017/18,2017-11-24,Saxton Oval,3,4.6,4.6,Wellington Firebirds,Central Stags,LJ Woodcock,MHW Papps,DAJ Bracewell,0,0,,,,,,,,,,,,,
1120120,2017/18,2017-11-24,Saxton Oval,3,5.1,5.1,Wellington Firebirds,Central Stags,MHW Papps,LJ Woodcock,BM Wheeler,0,0,,,,,,,,,,,,,
1120120,2017/18,2017-11-24,Saxton Oval,3,5.2,5.2,Wellington Firebirds,Central Stags,MHW Papps,LJ Woodcock,BM Wheeler,0,0,,,,,,,,,,,,,
1120120,2017/18,2017-11-24,Saxton Oval,3,5.3,5.3,Wellington Firebirds,Central Stags,MHW Papps,LJ Woodcock,BM Wheeler,0,0,,,,,,,,,,,,,
1120120,2017/18,2017-11-24,Saxton Oval,3,5.4,5.4,Wellington Firebirds,Central Stags,MHW Papps,LJ Woodcock,BM Wheeler,0,0,,,,,,,,,,,,,
1120120,2017/18,2017-11-24,Saxton Oval,3,5.5,5.5,Wellington Firebirds,Central Stags,MHW Papps,LJ Woodcock,BM Wheeler,4,0,,,,,,,,,,,,,
1120120,2017/18,2017-11-24,Saxton Oval,3,5.6,5.6,Wellington Firebirds,Central Stags,MHW Papps,LJ Woodcock,BM Wheeler,0,0,,,,,,,,,,,,,
1120120,2017/18,2017-11-24,Saxton Oval,3,6.1,6.1,Wellington Firebirds,Central Stags,LJ Woodcock,MHW Papps,BM Tickner,0,0,,,,,,,,,,,,,
1120120,2017/18,2017-11-24,Saxton Oval,3,6.2,6.2,Wellington Firebirds,Central Stags,LJ Woodcock,MHW Papps,BM Tickner,0,0,,,,,,,,,,,,,
1120120,2017/18,2017-11-24,Saxton Oval,3,6.3,6.3,Wellington Firebirds,Central Stags,LJ Woodcock,MHW Papps,BM Tickner,0,0,,,,,,,,,,,,,
1120120,2017/18,2017-11-24,Saxton Oval,3,6.4,6.4,Wellington Firebirds,Central Stags,LJ Woodcock,MHW Papps,BM Tickner,0,0,,,,,,,,,,,,,
1120120,2017/18,2017-11-24,Saxton Oval,3,6.5,6.5,Wellington Firebirds,Central Stags,LJ Woodcock,MHW Papps,BM Tickner,0,0,,,,,,,,,,,,,
1120120,2017/18,2017-11-24,Saxton Oval,3,6.6,6.6,Wellington Firebirds,Central Stags,LJ Woodcock,MHW Papps,BM Tickner,0,0,,,,,,,,,,,,,
1120120,2017/18,2017-11-24,Saxton Oval,3,7.1,7.1,Wellington Firebirds,Central Stags,MHW Papps,LJ Woodcock,BM Wheeler,6,0,,,,,,,,,,,,,
1120120,2017/18,2017-11-24,Saxton Oval,3,7.2,7.2,Wellington Firebirds,Central Stags,MHW Papps,LJ Woodcock,BM Wheeler,0,0,,,,,,,,,,,,,
1120120,2017/18,2017-11-24,Saxton Oval,3,7.3,7.3,Wellington Firebirds,Central Stags,MHW Papps,LJ Woodcock,BM Wheeler,0,0,,,,,,,,,,,,,
1120120,2017/18,2017-11-24,Saxton Oval,3,7.4,7.4,Wellington Firebirds,Central Stags,MHW Papps,LJ Woodcock,BM Wheeler,0,0,,,,,,,,,,,,,
1120120,2017/18,2017-11-24,Saxton Oval,3,7.5,7.5,Wellington Firebirds,Central Stags,MHW Papps,LJ Woodcock,BM Wheeler,4,0,,,,,,,,,,,,,
1120120,2017/18,2017-11-24,Saxton Oval,3,7.6,7.6,Wellington Firebirds,Central Stags,MHW Papps,LJ Woodcock,BM Wheeler,0,0,,,,,,,bowled,MHW Papps,,,,,
1120120,2017/18,2017-11-24,Saxton Oval,3,8.1,8.1,Wellington Firebirds,Central Stags,LJ Woodcock,SJ Murdoch,BM Tickner,0,1,1,,,,,,,,,,,,
1120120,2017/18,2017-11-24,Saxton Oval,3,8.2,8.1,Wellington Firebirds,Central Stags,LJ Woodcock,SJ Murdoch,BM Tickner,0,0,,,,,,,,,,,,,
1120120,2017/18,2017-11-24,Saxton Oval,3,8.3,8.2,Wellington Firebirds,Central Stags,LJ Woodcock,SJ Murdoch,BM Tickner,4,0,,,,,,,,,,,,,
1120120,2017/18,2017-11-24,Saxton Oval,3,8.4,8.3,Wellington Firebirds,Central Stags,LJ Woodcock,SJ Murdoch,BM Tickner,4,0,,,,,,,,,,,,,
1120120,2017/18,2017-11-24,Saxton Oval,3,8.5,8.4,Wellington Firebirds,Central Stags,LJ Woodcock,SJ Murdoch,BM Tickner,0,0,,,,,,,,,,,,,
1120120,2017/18,2017-11-24,Saxton Oval,3,8.6,8.5,Wellington Firebirds,Central Stags,LJ Woodcock,SJ Murdoch,BM Tickner,0,0,,,,,,,lbw,LJ Woodcock,,,,,
1120120,2017/18,2017-11-24,Saxton Oval,3,8.7,8.6,Wellington Firebirds,Central Stags,MG Bracewell,SJ Murdoch,BM Tickner,1,0,,,,,,,,,,,,,
1120120,2017/18,2017-11-24,Saxton Oval,3,9.1,9.1,Wellington Firebirds,Central Stags,MG Bracewell,SJ Murdoch,BM Wheeler,0,0,,,,,,,,,,,,,
1120120,2017/18,2017-11-24,Saxton Oval,3,9.2,9.2,Wellington Firebirds,Central Stags,MG Bracewell,SJ Murdoch,BM Wheeler,4,0,,,,,,,,,,,,,
1120120,2017/18,2017-11-24,Saxton Oval,3,9.3,9.3,Wellington Firebirds,Central Stags,MG Bracewell,SJ Murdoch,BM Wheeler,0,0,,,,,,,,,,,,,
1120120,2017/18,2017-11-24,Saxton Oval,3,9.4,9.4,Wellington Firebirds,Central Stags,MG Bracewell,SJ Murdoch,BM Wheeler,0,0,,,,,,,,,,,,,
1120120,2017/18,2017-11-24,Saxton Oval,3,9.5,9.5,Wellington Firebirds,Central Stags,MG Bracewell,SJ Murdoch,BM Wheeler,0,0,,,,,,,,,,,,,
1120120,2017/18,2017-11-24,Saxton Oval,3,9.6,9.6,Wellington Firebirds,Central Stags,MG Bracewell,SJ Murdoch,BM Wheeler,0,0,,,,,,,,,,,,,
1120120,2017/18,2017-11-24,Saxton Oval,3,10.1,10.1,Wellington Firebirds,Central Stags,SJ Murdoch,MG Bracewell,BM Tickner,0,0,,,,,,,,,,,,,
1120120,2017/18,2017-11-24,Saxton Oval,3,10.2,10.2,Wellington Firebirds,Central Stags,SJ Murdoch,MG Bracewell,BM Tickner,0,0,,,,,,,,,,,,,
1120120,2017/18,2017-11-24,Saxton Oval,3,10.3,10.3,Wellington Firebirds,Central Stags,SJ Murdoch,MG Bracewell,BM Tickner,0,0,,,,,,,,,,,,,
1120120,2017/18,2017-11-24,Saxton Oval,3,10.4,10.4,Wellington Firebirds,Central Stags,SJ Murdoch,MG Bracewell,BM Tickner,0,0,,,,,,,,,,,,,
1120120,2017/18,2017-11-24,Saxton Oval,3,10.5,10.5,Wellington Firebirds,Central Stags,SJ Murdoch,MG Bracewell,BM Tickner,0,0,,,,,,,,,,,,,
1120120,2017/18,2017-11-24,Saxton Oval,3,10.6,10.6,Wellington Firebirds,Central Stags,SJ Murdoch,MG Bracewell,BM Tickner,0,0,,,,,,,,,,,,,
1120120,2017/18,2017-11-24,Saxton Oval,3,11.1,11.1,Wellington Firebirds,Central Stags,MG Bracewell,SJ Murdoch,BM Wheeler,0,0,,,,,,,,,,,,,
1120120,2017/18,2017-11-24,Saxton Oval,3,11.2,11.2,Wellington Firebirds,Central Stags,MG Bracewell,SJ Murdoch,BM Wheeler,0,0,,,,,,,,,,,,,
1120120,2017/18,2017-11-24,Saxton Oval,3,11.3,11.3,Wellington Firebirds,Central Stags,MG Bracewell,SJ Murdoch,BM Wheeler,0,0,,,,,,,,,,,,,
1120120,2017/18,2017-11-24,Saxton Oval,3,11.4,11.4,Wellington Firebirds,Central Stags,MG Bracewell,SJ Murdoch,BM Wheeler,0,0,,,,,,,,,,,,,
1120120,2017/18,2017-11-24,Saxton Oval,3,11.5,11.5,Wellington Firebirds,Central Stags,MG Bracewell,SJ Murdoch,BM Wheeler,0,0,,,,,,,,,,,,,
1120120,2017/18,2017-11-24,Saxton Oval,3,11.6,11.6,Wellington Firebirds,Central Stags,MG Bracewell,SJ Murdoch,BM Wheeler,0,0,,,,,,,,,,,,,
1120120,2017/18,2017-11-24,Saxton Oval,3,12.1,12.1,Wellington Firebirds,Central Stags,SJ Murdoch,MG Bracewell,BM Tickner,0,0,,,,,,,,,,,,,
1120120,2017/18,2017-11-24,Saxton Oval,3,12.2,12.2,Wellington Firebirds,Central Stags,SJ Murdoch,MG Bracewell,BM Tickner,0,0,,,,,,,,,,,,,
1120120,2017/18,2017-11-24,Saxton Oval,3,12.3,12.3,Wellington Firebirds,Central Stags,SJ Murdoch,MG Bracewell,BM Tickner,0,0,,,,,,,,,,,,,
1120120,2017/18,2017-11-24,Saxton Oval,3,12.4,12.4,Wellington Firebirds,Central Stags,SJ Murdoch,MG Bracewell,BM Tickner,0,0,,,,,,,,,,,,,
1120120,2017/18,2017-11-24,Saxton Oval,3,12.5,12.5,Wellington Firebirds,Central Stags,SJ Murdoch,MG Bracewell,BM Tickner,0,0,,,,,,,,,,,,,
1120120,2017/18,2017-11-24,Saxton Oval,3,12.6,12.6,Wellington Firebirds,Central Stags,SJ Murdoch,MG Bracewell,BM Tickner,4,0,,,,,,,,,,,,,
1120120,2017/18,2017-11-24,Saxton Oval,3,13.1,13.1,Wellington Firebirds,Central Stags,MG Bracewell,SJ Murdoch,BM Wheeler,0,0,,,,,,,,,,,,,
1120120,2017/18,2017-11-24,Saxton Oval,3,13.2,13.2,Wellington Firebirds,Central Stags,MG Bracewell,SJ Murdoch,BM Wheeler,0,0,,,,,,,,,,,,,
1120120,2017/18,2017-11-24,Saxton Oval,3,13.3,13.3,Wellington Firebirds,Central Stags,MG Bracewell,SJ Murdoch,BM Wheeler,0,0,,,,,,,,,,,,,
1120120,2017/18,2017-11-24,Saxton Oval,3,13.4,13.4,Wellington Firebirds,Central Stags,MG Bracewell,SJ Murdoch,BM Wheeler,0,0,,,,,,,,,,,,,
1120120,2017/18,2017-11-24,Saxton Oval,3,13.5,13.5,Wellington Firebirds,Central Stags,MG Bracewell,SJ Murdoch,BM Wheeler,0,0,,,,,,,,,,,,,
1120120,2017/18,2017-11-24,Saxton Oval,3,13.6,13.6,Wellington Firebirds,Central Stags,MG Bracewell,SJ Murdoch,BM Wheeler,4,0,,,,,,,,,,,,,
1120120,2017/18,2017-11-24,Saxton Oval,3,14.1,14.1,Wellington Firebirds,Central Stags,SJ Murdoch,MG Bracewell,BM Tickner,0,0,,,,,,,,,,,,,
1120120,2017/18,2017-11-24,Saxton Oval,3,14.2,14.2,Wellington Firebirds,Central Stags,SJ Murdoch,MG Bracewell,BM Tickner,0,0,,,,,,,,,,,,,
1120120,2017/18,2017-11-24,Saxton Oval,3,14.3,14.3,Wellington Firebirds,Central Stags,SJ Murdoch,MG Bracewell,BM Tickner,0,0,,,,,,,,,,,,,
1120120,2017/18,2017-11-24,Saxton Oval,3,14.4,14.4,Wellington Firebirds,Central Stags,SJ Murdoch,MG Bracewell,BM Tickner,4,0,,,,,,,,,,,,,
1120120,2017/18,2017-11-24,Saxton Oval,3,14.5,14.5,Wellington Firebirds,Central Stags,SJ Murdoch,MG Bracewell,BM Tickner,0,0,,,,,,,,,,,,,
1120120,2017/18,2017-11-24,Saxton Oval,3,14.6,14.6,Wellington Firebirds,Central Stags,SJ Murdoch,MG Bracewell,BM Tickner,0,0,,,,,,,,,,,,,
1120120,2017/18,2017-11-24,Saxton Oval,3,15.1,15.1,Wellington Firebirds,Central Stags,MG Bracewell,SJ Murdoch,BM Wheeler,0,0,,,,,,,,,,,,,
1120120,2017/18,2017-11-24,Saxton Oval,3,15.2,15.2,Wellington Firebirds,Central Stags,MG Bracewell,SJ Murdoch,BM Wheeler,0,0,,,,,,,,,,,,,
1120120,2017/18,2017-11-24,Saxton Oval,3,15.3,15.3,Wellington Firebirds,Central Stags,MG Bracewell,SJ Murdoch,BM Wheeler,0,0,,,,,,,,,,,,,
1120120,2017/18,2017-11-24,Saxton Oval,3,15.4,15.4,Wellington Firebirds,Central Stags,MG Bracewell,SJ Murdoch,BM Wheeler,0,0,,,,,,,,,,,,,
1120120,2017/18,2017-11-24,Saxton Oval,3,15.5,15.5,Wellington Firebirds,Central Stags,MG Bracewell,SJ Murdoch,BM Wheeler,0,0,,,,,,,,,,,,,
1120120,2017/18,2017-11-24,Saxton Oval,3,15.6,15.6,Wellington Firebirds,Central Stags,MG Bracewell,SJ Murdoch,BM Wheeler,0,5,,,,5,,,,,,,,,
1120120,2017/18,2017-11-24,Saxton Oval,3,16.1,16.1,Wellington Firebirds,Central Stags,MG Bracewell,SJ Murdoch,BM Tickner,0,0,,,,,,,,,,,,,
1120120,2017/18,2017-11-24,Saxton Oval,3,16.2,16.2,Wellington Firebirds,Central Stags,MG Bracewell,SJ Murdoch,BM Tickner,0,0,,,,,,,,,,,,,
1120120,2017/18,2017-11-24,Saxton Oval,3,16.3,16.3,Wellington Firebirds,Central Stags,MG Bracewell,SJ Murdoch,BM Tickner,4,0,,,,,,,,,,,,,
1120120,2017/18,2017-11-24,Saxton Oval,3,16.4,16.4,Wellington Firebirds,Central Stags,MG Bracewell,SJ Murdoch,BM Tickner,0,0,,,,,,,,,,,,,
1120120,2017/18,2017-11-24,Saxton Oval,3,16.5,16.5,Wellington Firebirds,Central Stags,MG Bracewell,SJ Murdoch,BM Tickner,3,0,,,,,,,,,,,,,
1120120,2017/18,2017-11-24,Saxton Oval,3,16.6,16.6,Wellington Firebirds,Central Stags,SJ Murdoch,MG Bracewell,BM Tickner,0,0,,,,,,,,,,,,,
1120120,2017/18,2017-11-24,Saxton Oval,3,17.1,17.1,Wellington Firebirds,Central Stags,MG Bracewell,SJ Murdoch,NA Patel,0,0,,,,,,,,,,,,,
1120120,2017/18,2017-11-24,Saxton Oval,3,17.2,17.2,Wellington Firebirds,Central Stags,MG Bracewell,SJ Murdoch,NA Patel,0,0,,,,,,,,,,,,,
1120120,2017/18,2017-11-24,Saxton Oval,3,17.3,17.3,Wellington Firebirds,Central Stags,MG Bracewell,SJ Murdoch,NA Patel,0,0,,,,,,,,,,,,,
1120120,2017/18,2017-11-24,Saxton Oval,3,17.4,17.4,Wellington Firebirds,Central Stags,MG Bracewell,SJ Murdoch,NA Patel,0,0,,,,,,,,,,,,,
1120120,2017/18,2017-11-24,Saxton Oval,3,17.5,17.5,Wellington Firebirds,Central Stags,MG Bracewell,SJ Murdoch,NA Patel,0,0,,,,,,,,,,,,,
1120120,2017/18,2017-11-24,Saxton Oval,3,17.6,17.6,Wellington Firebirds,Central Stags,MG Bracewell,SJ Murdoch,NA Patel,0,0,,,,,,,,,,,,,
1120120,2017/18,2017-11-24,Saxton Oval,3,18.1,18.1,Wellington Firebirds,Central Stags,SJ Murdoch,MG Bracewell,DAJ Bracewell,0,0,,,,,,,,,,,,,
1120120,2017/18,2017-11-24,Saxton Oval,3,18.2,18.2,Wellington Firebirds,Central Stags,SJ Murdoch,MG Bracewell,DAJ Bracewell,0,0,,,,,,,,,,,,,
1120120,2017/18,2017-11-24,Saxton Oval,3,18.3,18.3,Wellington Firebirds,Central Stags,SJ Murdoch,MG Bracewell,DAJ Bracewell,0,0,,,,,,,,,,,,,
1120120,2017/18,2017-11-24,Saxton Oval,3,18.4,18.4,Wellington Firebirds,Central Stags,SJ Murdoch,MG Bracewell,DAJ Bracewell,0,0,,,,,,,,,,,,,
1120120,2017/18,2017-11-24,Saxton Oval,3,18.5,18.5,Wellington Firebirds,Central Stags,SJ Murdoch,MG Bracewell,DAJ Bracewell,0,0,,,,,,,lbw,SJ Murdoch,,,,,
1120120,2017/18,2017-11-24,Saxton Oval,3,18.6,18.6,Wellington Firebirds,Central Stags,FJ Colson,MG Bracewell,DAJ Bracewell,0,0,,,,,,,,,,,,,
1120120,2017/18,2017-11-24,Saxton Oval,3,19.1,19.1,Wellington Firebirds,Central Stags,MG Bracewell,FJ Colson,NA Patel,0,0,,,,,,,,,,,,,
1120120,2017/18,2017-11-24,Saxton Oval,3,19.2,19.2,Wellington Firebirds,Central Stags,MG Bracewell,FJ Colson,NA Patel,0,0,,,,,,,,,,,,,
1120120,2017/18,2017-11-24,Saxton Oval,3,19.3,19.3,Wellington Firebirds,Central Stags,MG Bracewell,FJ Colson,NA Patel,0,0,,,,,,,,,,,,,
1120120,2017/18,2017-11-24,Saxton Oval,3,19.4,19.4,Wellington Firebirds,Central Stags,MG Bracewell,FJ Colson,NA Patel,2,0,,,,,,,,,,,,,
1120120,2017/18,2017-11-24,Saxton Oval,3,19.5,19.5,Wellington Firebirds,Central Stags,MG Bracewell,FJ Colson,NA Patel,4,0,,,,,,,,,,,,,
1120120,2017/18,2017-11-24,Saxton Oval,3,19.6,19.6,Wellington Firebirds,Central Stags,MG Bracewell,FJ Colson,NA Patel,0,0,,,,,,,,,,,,,
1120120,2017/18,2017-11-24,Saxton Oval,3,20.1,20.1,Wellington Firebirds,Central Stags,FJ Colson,MG Bracewell,DAJ Bracewell,0,0,,,,,,,,,,,,,
1120120,2017/18,2017-11-24,Saxton Oval,3,20.2,20.2,Wellington Firebirds,Central Stags,FJ Colson,MG Bracewell,DAJ Bracewell,2,0,,,,,,,,,,,,,
1120120,2017/18,2017-11-24,Saxton Oval,3,20.3,20.3,Wellington Firebirds,Central Stags,FJ Colson,MG Bracewell,DAJ Bracewell,4,0,,,,,,,,,,,,,
1120120,2017/18,2017-11-24,Saxton Oval,3,20.4,20.4,Wellington Firebirds,Central Stags,FJ Colson,MG Bracewell,DAJ Bracewell,0,0,,,,,,,,,,,,,
1120120,2017/18,2017-11-24,Saxton Oval,3,20.5,20.5,Wellington Firebirds,Central Stags,FJ Colson,MG Bracewell,DAJ Bracewell,0,0,,,,,,,,,,,,,
1120120,2017/18,2017-11-24,Saxton Oval,3,20.6,20.6,Wellington Firebirds,Central Stags,FJ Colson,MG Bracewell,DAJ Bracewell,0,4,,,,4,,,,,,,,,
1120120,2017/18,2017-11-24,Saxton Oval,3,21.1,21.1,Wellington Firebirds,Central Stags,MG Bracewell,FJ Colson,NA Patel,1,0,,,,,,,,,,,,,
1120120,2017/18,2017-11-24,Saxton Oval,3,21.2,21.2,Wellington Firebirds,Central Stags,FJ Colson,MG Bracewell,NA Patel,0,0,,,,,,,,,,,,,
1120120,2017/18,2017-11-24,Saxton Oval,3,21.3,21.3,Wellington Firebirds,Central Stags,FJ Colson,MG Bracewell,NA Patel,0,0,,,,,,,caught,FJ Colson,,,AY Patel,,
1120120,2017/18,2017-11-24,Saxton Oval,3,21.4,21.4,Wellington Firebirds,Central Stags,MJ Taylor,MG Bracewell,NA Patel,0,0,,,,,,,,,,,,,
1120120,2017/18,2017-11-24,Saxton Oval,3,21.5,21.5,Wellington Firebirds,Central Stags,MJ Taylor,MG Bracewell,NA Patel,0,0,,,,,,,,,,,,,
1120120,2017/18,2017-11-24,Saxton Oval,3,21.6,21.6,Wellington Firebirds,Central Stags,MJ Taylor,MG Bracewell,NA Patel,0,0,,,,,,,,,,,,,
1120120,2017/18,2017-11-24,Saxton Oval,3,22.1,22.1,Wellington Firebirds,Central Stags,MG Bracewell,MJ Taylor,DAJ Bracewell,0,1,,1,,,,,,,,,,,
1120120,2017/18,2017-11-24,Saxton Oval,3,22.2,22.1,Wellington Firebirds,Central Stags,MG Bracewell,MJ Taylor,DAJ Bracewell,0,0,,,,,,,,,,,,,
1120120,2017/18,2017-11-24,Saxton Oval,3,22.3,22.2,Wellington Firebirds,Central Stags,MG Bracewell,MJ Taylor,DAJ Bracewell,0,0,,,,,,,,,,,,,
1120120,2017/18,2017-11-24,Saxton Oval,3,22.4,22.3,Wellington Firebirds,Central Stags,MG Bracewell,MJ Taylor,DAJ Bracewell,0,0,,,,,,,,,,,,,
1120120,2017/18,2017-11-24,Saxton Oval,3,22.5,22.4,Wellington Firebirds,Central Stags,MG Bracewell,MJ Taylor,DAJ Bracewell,0,0,,,,,,,,,,,,,
1120120,2017/18,2017-11-24,Saxton Oval,3,22.6,22.5,Wellington Firebirds,Central Stags,MG Bracewell,MJ Taylor,DAJ Bracewell,1,0,,,,,,,,,,,,,
1120120,2017/18,2017-11-24,Saxton Oval,3,22.7,22.6,Wellington Firebirds,Central Stags,MJ Taylor,MG Bracewell,DAJ Bracewell,0,0,,,,,,,,,,,,,
1120120,2017/18,2017-11-24,Saxton Oval,3,23.1,23.1,Wellington Firebirds,Central Stags,MG Bracewell,MJ Taylor,NA Patel,0,0,,,,,,,,,,,,,
1120120,2017/18,2017-11-24,Saxton Oval,3,23.2,23.2,Wellington Firebirds,Central Stags,MG Bracewell,MJ Taylor,NA Patel,0,0,,,,,,,,,,,,,
1120120,2017/18,2017-11-24,Saxton Oval,3,23.3,23.3,Wellington Firebirds,Central Stags,MG Bracewell,MJ Taylor,NA Patel,0,0,,,,,,,,,,,,,
1120120,2017/18,2017-11-24,Saxton Oval,3,23.4,23.4,Wellington Firebirds,Central Stags,MG Bracewell,MJ Taylor,NA Patel,4,0,,,,,,,,,,,,,
1120120,2017/18,2017-11-24,Saxton Oval,3,23.5,23.5,Wellington Firebirds,Central Stags,MG Bracewell,MJ Taylor,NA Patel,0,0,,,,,,,caught,MG Bracewell,,,D Cleaver,,
1120120,2017/18,2017-11-24,Saxton Oval,3,23.6,23.6,Wellington Firebirds,Central Stags,LR Johns,MJ Taylor,NA Patel,0,0,,,,,,,,,,,,,
1120120,2017/18,2017-11-24,Saxton Oval,3,24.1,24.1,Wellington Firebirds,Central Stags,MJ Taylor,LR Johns,DAJ Bracewell,0,0,,,,,,,,,,,,,
1120120,2017/18,2017-11-24,Saxton Oval,3,24.2,24.2,Wellington Firebirds,Central Stags,MJ Taylor,LR Johns,DAJ Bracewell,0,0,,,,,,,,,,,,,
1120120,2017/18,2017-11-24,Saxton Oval,3,24.3,24.3,Wellington Firebirds,Central Stags,MJ Taylor,LR Johns,DAJ Bracewell,0,0,,,,,,,,,,,,,
1120120,2017/18,2017-11-24,Saxton Oval,3,24.4,24.4,Wellington Firebirds,Central Stags,MJ Taylor,LR Johns,DAJ Bracewell,0,1,,,,1,,,,,,,,,
1120120,2017/18,2017-11-24,Saxton Oval,3,24.5,24.5,Wellington Firebirds,Central Stags,LR Johns,MJ Taylor,DAJ Bracewell,0,0,,,,,,,,,,,,,
1120120,2017/18,2017-11-24,Saxton Oval,3,24.6,24.6,Wellington Firebirds,Central Stags,LR Johns,MJ Taylor,DAJ Bracewell,0,0,,,,,,,,,,,,,
1120120,2017/18,2017-11-24,Saxton Oval,3,25.1,25.1,Wellington Firebirds,Central Stags,MJ Taylor,LR Johns,NA Patel,1,0,,,,,,,,,,,,,
1120120,2017/18,2017-11-24,Saxton Oval,3,25.2,25.2,Wellington Firebirds,Central Stags,LR Johns,MJ Taylor,NA Patel,0,0,,,,,,,,,,,,,
1120120,2017/18,2017-11-24,Saxton Oval,3,25.3,25.3,Wellington Firebirds,Central Stags,LR Johns,MJ Taylor,NA Patel,4,0,,,,,,,,,,,,,
1120120,2017/18,2017-11-24,Saxton Oval,3,25.4,25.4,Wellington Firebirds,Central Stags,LR Johns,MJ Taylor,NA Patel,0,0,,,,,,,,,,,,,
1120120,2017/18,2017-11-24,Saxton Oval,3,25.5,25.5,Wellington Firebirds,Central Stags,LR Johns,MJ Taylor,NA Patel,0,0,,,,,,,,,,,,,
1120120,2017/18,2017-11-24,Saxton Oval,3,25.6,25.6,Wellington Firebirds,Central Stags,LR Johns,MJ Taylor,NA Patel,0,0,,,,,,,,,,,,,
1120120,2017/18,2017-11-24,Saxton Oval,3,26.1,26.1,Wellington Firebirds,Central Stags,MJ Taylor,LR Johns,DAJ Bracewell,0,0,,,,,,,,,,,,,
1120120,2017/18,2017-11-24,Saxton Oval,3,26.2,26.2,Wellington Firebirds,Central Stags,MJ Taylor,LR Johns,DAJ Bracewell,0,0,,,,,,,,,,,,,
1120120,2017/18,2017-11-24,Saxton Oval,3,26.3,26.3,Wellington Firebirds,Central Stags,MJ Taylor,LR Johns,DAJ Bracewell,0,0,,,,,,,,,,,,,
1120120,2017/18,2017-11-24,Saxton Oval,3,26.4,26.4,Wellington Firebirds,Central Stags,MJ Taylor,LR Johns,DAJ Bracewell,4,0,,,,,,,,,,,,,
1120120,2017/18,2017-11-24,Saxton Oval,3,26.5,26.5,Wellington Firebirds,Central Stags,MJ Taylor,LR Johns,DAJ Bracewell,0,0,,,,,,,,,,,,,
1120120,2017/18,2017-11-24,Saxton Oval,3,26.6,26.6,Wellington Firebirds,Central Stags,MJ Taylor,LR Johns,DAJ Bracewell,0,0,,,,,,,,,,,,,
1120120,2017/18,2017-11-24,Saxton Oval,3,27.1,27.1,Wellington Firebirds,Central Stags,LR Johns,MJ Taylor,NA Patel,0,0,,,,,,,,,,,,,
1120120,2017/18,2017-11-24,Saxton Oval,3,27.2,27.2,Wellington Firebirds,Central Stags,LR Johns,MJ Taylor,NA Patel,0,0,,,,,,,,,,,,,
1120120,2017/18,2017-11-24,Saxton Oval,3,27.3,27.3,Wellington Firebirds,Central Stags,LR Johns,MJ Taylor,NA Patel,0,1,,,,1,,,,,,,,,
1120120,2017/18,2017-11-24,Saxton Oval,3,27.4,27.4,Wellington Firebirds,Central Stags,MJ Taylor,LR Johns,NA Patel,4,0,,,,,,,,,,,,,
1120120,2017/18,2017-11-24,Saxton Oval,3,27.5,27.5,Wellington Firebirds,Central Stags,MJ Taylor,LR Johns,NA Patel,0,0,,,,,,,,,,,,,
1120120,2017/18,2017-11-24,Saxton Oval,3,27.6,27.6,Wellington Firebirds,Central Stags,MJ Taylor,LR Johns,NA Patel,4,0,,,,,,,,,,,,,
1120120,2017/18,2017-11-24,Saxton Oval,3,28.1,28.1,Wellington Firebirds,Central Stags,LR Johns,MJ Taylor,DAJ Bracewell,0,0,,,,,,,bowled,LR Johns,,,,,
1120120,2017/18,2017-11-24,Saxton Oval,3,28.2,28.2,Wellington Firebirds,Central Stags,JS Patel,MJ Taylor,DAJ Bracewell,0,0,,,,,,,,,,,,,
1120120,2017/18,2017-11-24,Saxton Oval,3,28.3,28.3,Wellington Firebirds,Central Stags,JS Patel,MJ Taylor,DAJ Bracewell,0,4,,,4,,,,,,,,,,
1120120,2017/18,2017-11-24,Saxton Oval,3,28.4,28.4,Wellington Firebirds,Central Stags,JS Patel,MJ Taylor,DAJ Bracewell,0,0,,,,,,,,,,,,,
1120120,2017/18,2017-11-24,Saxton Oval,3,28.5,28.5,Wellington Firebirds,Central Stags,JS Patel,MJ Taylor,DAJ Bracewell,0,0,,,,,,,,,,,,,
1120120,2017/18,2017-11-24,Saxton Oval,3,28.6,28.6,Wellington Firebirds,Central Stags,JS Patel,MJ Taylor,DAJ Bracewell,0,0,,,,,,,caught,JS Patel,,,WA Young,,
1120120,2017/18,2017-11-24,Saxton Oval,3,29.1,29.1,Wellington Firebirds,Central Stags,MJ Taylor,T Muller,NA Patel,0,0,,,,,,,,,,,,,
1120120,2017/18,2017-11-24,Saxton Oval,3,29.2,29.2,Wellington Firebirds,Central Stags,MJ Taylor,T Muller,NA Patel,1,0,,,,,,,,,,,,,
1120120,2017/18,2017-11-24,Saxton Oval,3,29.3,29.3,Wellington Firebirds,Central Stags,T Muller,MJ Taylor,NA Patel,0,0,,,,,,,,,,,,,
1120120,2017/18,2017-11-24,Saxton Oval,3,29.4,29.4,Wellington Firebirds,Central Stags,T Muller,MJ Taylor,NA Patel,0,0,,,,,,,,,,,,,
1120120,2017/18,2017-11-24,Saxton Oval,3,29.5,29.5,Wellington Firebirds,Central Stags,T Muller,MJ Taylor,NA Patel,0,0,,,,,,,,,,,,,
1120120,2017/18,2017-11-24,Saxton Oval,3,29.6,29.6,Wellington Firebirds,Central Stags,T Muller,MJ Taylor,NA Patel,0,0,,,,,,,,,,,,,
1120120,2017/18,2017-11-24,Saxton Oval,3,30.1,30.1,Wellington Firebirds,Central Stags,MJ Taylor,T Muller,DAJ Bracewell,0,0,,,,,,,,,,,,,
1120120,2017/18,2017-11-24,Saxton Oval,3,30.2,30.2,Wellington Firebirds,Central Stags,MJ Taylor,T Muller,DAJ Bracewell,0,0,,,,,,,,,,,,,
1120120,2017/18,2017-11-24,Saxton Oval,3,30.3,30.3,Wellington Firebirds,Central Stags,MJ Taylor,T Muller,DAJ Bracewell,1,0,,,,,,,,,,,,,
1120120,2017/18,2017-11-24,Saxton Oval,3,30.4,30.4,Wellington Firebirds,Central Stags,T Muller,MJ Taylor,DAJ Bracewell,0,0,,,,,,,,,,,,,
1120120,2017/18,2017-11-24,Saxton Oval,3,30.5,30.5,Wellington Firebirds,Central Stags,T Muller,MJ Taylor,DAJ Bracewell,0,0,,,,,,,,,,,,,
1120120,2017/18,2017-11-24,Saxton Oval,3,30.6,30.6,Wellington Firebirds,Central Stags,T Muller,MJ Taylor,DAJ Bracewell,0,0,,,,,,,,,,,,,
1120120,2017/18,2017-11-24,Saxton Oval,3,31.1,31.1,Wellington Firebirds,Central Stags,MJ Taylor,T Muller,NA Patel,6,0,,,,,,,,,,,,,
1120120,2017/18,2017-11-24,Saxton Oval,3,31.2,31.2,Wellington Firebirds,Central Stags,MJ Taylor,T Muller,NA Patel,1,0,,,,,,,,,,,,,
1120120,2017/18,2017-11-24,Saxton Oval,3,31.3,31.3,Wellington Firebirds,Central Stags,T Muller,MJ Taylor,NA Patel,4,0,,,,,,,,,,,,,
1120120,2017/18,2017-11-24,Saxton Oval,3,31.4,31.4,Wellington Firebirds,Central Stags,T Muller,MJ Taylor,NA Patel,0,0,,,,,,,,,,,,,
1120120,2017/18,2017-11-24,Saxton Oval,3,31.5,31.5,Wellington Firebirds,Central Stags,T Muller,MJ Taylor,NA Patel,4,0,,,,,,,,,,,,,
1120120,2017/18,2017-11-24,Saxton Oval,3,31.6,31.6,Wellington Firebirds,Central Stags,T Muller,MJ Taylor,NA Patel,0,0,,,,,,,,,,,,,
1120120,2017/18,2017-11-24,Saxton Oval,3,32.1,32.1,Wellington Firebirds,Central Stags,MJ Taylor,T Muller,BM Tickner,0,0,,,,,,,,,,,,,
1120120,2017/18,2017-11-24,Saxton Oval,3,32.2,32.2,Wellington Firebirds,Central Stags,MJ Taylor,T Muller,BM Tickner,4,0,,,,,,,,,,,,,
1120120,2017/18,2017-11-24,Saxton Oval,3,32.3,32.3,Wellington Firebirds,Central Stags,MJ Taylor,T Muller,BM Tickner,0,0,,,,,,,,,,,,,
1120120,2017/18,2017-11-24,Saxton Oval,3,32.4,32.4,Wellington Firebirds,Central Stags,MJ Taylor,T Muller,BM Tickner,0,0,,,,,,,,,,,,,
1120120,2017/18,2017-11-24,Saxton Oval,3,32.5,32.5,Wellington Firebirds,Central Stags,MJ Taylor,T Muller,BM Tickner,1,0,,,,,,,,,,,,,
1120120,2017/18,2017-11-24,Saxton Oval,3,32.6,32.6,Wellington Firebirds,Central Stags,T Muller,MJ Taylor,BM Tickner,0,1,,,,1,,,,,,,,,
1120120,2017/18,2017-11-24,Saxton Oval,3,33.1,33.1,Wellington Firebirds,Central Stags,T Muller,MJ Taylor,BM Wheeler,0,0,,,,,,,,,,,,,
1120120,2017/18,2017-11-24,Saxton Oval,3,33.2,33.2,Wellington Firebirds,Central Stags,T Muller,MJ Taylor,BM Wheeler,0,0,,,,,,,,,,,,,
1120120,2017/18,2017-11-24,Saxton Oval,3,33.3,33.3,Wellington Firebirds,Central Stags,T Muller,MJ Taylor,BM Wheeler,0,1,,,,1,,,,,,,,,
1120120,2017/18,2017-11-24,Saxton Oval,3,33.4,33.4,Wellington Firebirds,Central Stags,MJ Taylor,T Muller,BM Wheeler,0,0,,,,,,,,,,,,,
1120120,2017/18,2017-11-24,Saxton Oval,3,33.5,33.5,Wellington Firebirds,Central Stags,MJ Taylor,T Muller,BM Wheeler,0,4,,,,4,,,,,,,,,
1120120,2017/18,2017-11-24,Saxton Oval,3,33.6,33.6,Wellington Firebirds,Central Stags,MJ Taylor,T Muller,BM Wheeler,0,0,,,,,,,,,,,,,
1120120,2017/18,2017-11-24,Saxton Oval,3,34.1,34.1,Wellington Firebirds,Central Stags,T Muller,MJ Taylor,BM Tickner,0,0,,,,,,,,,,,,,
1120120,2017/18,2017-11-24,Saxton Oval,3,34.2,34.2,Wellington Firebirds,Central Stags,T Muller,MJ Taylor,BM Tickner,0,0,,,,,,,,,,,,,
1120120,2017/18,2017-11-24,Saxton Oval,3,34.3,34.3,Wellington Firebirds,Central Stags,T Muller,MJ Taylor,BM Tickner,4,0,,,,,,,,,,,,,
1120120,2017/18,2017-11-24,Saxton Oval,3,34.4,34.4,Wellington Firebirds,Central Stags,T Muller,MJ Taylor,BM Tickner,0,0,,,,,,,bowled,T Muller,,,,,
1120120,2017/18,2017-11-24,Saxton Oval,3,34.5,34.5,Wellington Firebirds,Central Stags,IG McPeake,MJ Taylor,BM Tickner,0,0,,,,,,,,,,,,,
1120120,2017/18,2017-11-24,Saxton Oval,3,34.6,34.6,Wellington Firebirds,Central Stags,IG McPeake,MJ Taylor,BM Tickner,0,0,,,,,,,,,,,,,
1120120,2017/18,2017-11-24,Saxton Oval,3,35.1,35.1,Wellington Firebirds,Central Stags,MJ Taylor,IG McPeake,BM Wheeler,4,0,,,,,,,,,,,,,
1120120,2017/18,2017-11-24,Saxton Oval,3,35.2,35.2,Wellington Firebirds,Central Stags,MJ Taylor,IG McPeake,BM Wheeler,2,0,,,,,,,,,,,,,
1120120,2017/18,2017-11-24,Saxton Oval,3,35.3,35.3,Wellington Firebirds,Central Stags,MJ Taylor,IG McPeake,BM Wheeler,1,0,,,,,,,,,,,,,
1120120,2017/18,2017-11-24,Saxton Oval,3,35.4,35.4,Wellington Firebirds,Central Stags,IG McPeake,MJ Taylor,BM Wheeler,0,0,,,,,,,bowled,IG McPeake,,,,,
1120120,2017/18,2017-11-24,Saxton Oval,3,35.5,35.5,Wellington Firebirds,Central Stags,OR Newton,MJ Taylor,BM Wheeler,0,0,,,,,,,,,,,,,
1120120,2017/18,2017-11-24,Saxton Oval,3,35.6,35.6,Wellington Firebirds,Central Stags,OR Newton,MJ Taylor,BM Wheeler,0,0,,,,,,,,,,,,,
1120120,2017/18,2017-11-24,Saxton Oval,3,36.1,36.1,Wellington Firebirds,Central Stags,MJ Taylor,OR Newton,BM Tickner,0,0,,,,,,,,,,,,,
1120120,2017/18,2017-11-24,Saxton Oval,3,36.2,36.2,Wellington Firebirds,Central Stags,MJ Taylor,OR Newton,BM Tickner,6,0,,,,,,,,,,,,,
1120120,2017/18,2017-11-24,Saxton Oval,3,36.3,36.3,Wellington Firebirds,Central Stags,MJ Taylor,OR Newton,BM Tickner,0,0,,,,,,,,,,,,,
1120120,2017/18,2017-11-24,Saxton Oval,3,36.4,36.4,Wellington Firebirds,Central Stags,MJ Taylor,OR Newton,BM Tickner,0,0,,,,,,,,,,,,,
1120120,2017/18,2017-11-24,Saxton Oval,3,36.5,36.5,Wellington Firebirds,Central Stags,MJ Taylor,OR Newton,BM Tickner,0,0,,,,,,,,,,,,,
1120120,2017/18,2017-11-24,Saxton Oval,3,36.6,36.6,Wellington Firebirds,Central Stags,MJ Taylor,OR Newton,BM Tickner,4,0,,,,,,,,,,,,,
1120120,2017/18,2017-11-24,Saxton Oval,3,37.1,37.1,Wellington Firebirds,Central Stags,OR Newton,MJ Taylor,BM Wheeler,0,0,,,,,,,,,,,,,
1120120,2017/18,2017-11-24,Saxton Oval,3,37.2,37.2,Wellington Firebirds,Central Stags,OR Newton,MJ Taylor,BM Wheeler,0,0,,,,,,,,,,,,,
1120120,2017/18,2017-11-24,Saxton Oval,3,37.3,37.3,Wellington Firebirds,Central Stags,OR Newton,MJ Taylor,BM Wheeler,0,0,,,,,,,,,,,,,
1120120,2017/18,2017-11-24,Saxton Oval,3,37.4,37.4,Wellington Firebirds,Central Stags,OR Newton,MJ Taylor,BM Wheeler,0,0,,,,,,,,,,,,,
1120120,2017/18,2017-11-24,Saxton Oval,3,37.5,37.5,Wellington Firebirds,Central Stags,OR Newton,MJ Taylor,BM Wheeler,0,0,,,,,,,,,,,,,
1120120,2017/18,2017-11-24,Saxton Oval,3,37.6,37.6,Wellington Firebirds,Central Stags,OR Newton,MJ Taylor,BM Wheeler,4,0,,,,,,,,,,,,,
1120120,2017/18,2017-11-24,Saxton Oval,3,38.1,38.1,Wellington Firebirds,Central Stags,MJ Taylor,OR Newton,BM Tickner,0,0,,,,,,,,,,,,,
1120120,2017/18,2017-11-24,Saxton Oval,3,38.2,38.2,Wellington Firebirds,Central Stags,MJ Taylor,OR Newton,BM Tickner,4,0,,,,,,,,,,,,,
1120120,2017/18,2017-11-24,Saxton Oval,3,38.3,38.3,Wellington Firebirds,Central Stags,MJ Taylor,OR Newton,BM Tickner,0,0,,,,,,,,,,,,,
1120120,2017/18,2017-11-24,Saxton Oval,3,38.4,38.4,Wellington Firebirds,Central Stags,MJ Taylor,OR Newton,BM Tickner,0,0,,,,,,,,,,,,,
1120120,2017/18,2017-11-24,Saxton Oval,3,38.5,38.5,Wellington Firebirds,Central Stags,MJ Taylor,OR Newton,BM Tickner,1,0,,,,,,,,,,,,,
1120120,2017/18,2017-11-24,Saxton Oval,3,38.6,38.6,Wellington Firebirds,Central Stags,OR Newton,MJ Taylor,BM Tickner,0,0,,,,,,,,,,,,,
1120120,2017/18,2017-11-24,Saxton Oval,3,39.1,39.1,Wellington Firebirds,Central Stags,MJ Taylor,OR Newton,BM Wheeler,0,0,,,,,,,,,,,,,
1120120,2017/18,2017-11-24,Saxton Oval,3,39.2,39.2,Wellington Firebirds,Central Stags,MJ Taylor,OR Newton,BM Wheeler,0,0,,,,,,,lbw,MJ Taylor,,,,,
1120120,2017/18,2017-11-24,Saxton Oval,4,0.1,0.1,Central Stags,Wellington Firebirds,GR Hay,M Renwick,IG McPeake,0,0,,,,,,,,,,,,,
1120120,2017/18,2017-11-24,Saxton Oval,4,0.2,0.2,Central Stags,Wellington Firebirds,GR Hay,M Renwick,IG McPeake,1,0,,,,,,,,,,,,,
1120120,2017/18,2017-11-24,Saxton Oval,4,0.3,0.3,Central Stags,Wellington Firebirds,M Renwick,GR Hay,IG McPeake,4,0,,,,,,,,,,,,,
1120120,2017/18,2017-11-24,Saxton Oval,4,0.4,0.4,Central Stags,Wellington Firebirds,M Renwick,GR Hay,IG McPeake,1,0,,,,,,,,,,,,,
1120120,2017/18,2017-11-24,Saxton Oval,4,0.5,0.5,Central Stags,Wellington Firebirds,GR Hay,M Renwick,IG McPeake,1,0,,,,,,,,,,,,,
1120120,2017/18,2017-11-24,Saxton Oval,4,0.6,0.6,Central Stags,Wellington Firebirds,M Renwick,GR Hay,IG McPeake,0,0,,,,,,,,,,,,,
1120120,2017/18,2017-11-24,Saxton Oval,4,1.1,1.1,Central Stags,Wellington Firebirds,GR Hay,M Renwick,T Muller,2,0,,,,,,,,,,,,,
1120120,2017/18,2017-11-24,Saxton Oval,4,1.2,1.2,Central Stags,Wellington Firebirds,GR Hay,M Renwick,T Muller,0,0,,,,,,,,,,,,,
1120120,2017/18,2017-11-24,Saxton Oval,4,1.3,1.3,Central Stags,Wellington Firebirds,GR Hay,M Renwick,T Muller,4,0,,,,,,,,,,,,,
1120120,2017/18,2017-11-24,Saxton Oval,4,1.4,1.4,Central Stags,Wellington Firebirds,GR Hay,M Renwick,T Muller,4,0,,,,,,,,,,,,,
1120120,2017/18,2017-11-24,Saxton Oval,4,1.5,1.5,Central Stags,Wellington Firebirds,GR Hay,M Renwick,T Muller,0,0,,,,,,,,,,,,,
1120120,2017/18,2017-11-24,Saxton Oval,4,1.6,1.6,Central Stags,Wellington Firebirds,GR Hay,M Renwick,T Muller,0,1,,1,,,,,,,,,,,
1120120,2017/18,2017-11-24,Saxton Oval,4,1.7,1.6,Central Stags,Wellington Firebirds,GR Hay,M Renwick,T Muller,0,0,,,,,,,,,,,,,
1120120,2017/18,2017-11-24,Saxton Oval,4,2.1,2.1,Central Stags,Wellington Firebirds,M Renwick,GR Hay,IG McPeake,0,0,,,,,,,,,,,,,
1120120,2017/18,2017-11-24,Saxton Oval,4,2.2,2.2,Central Stags,Wellington Firebirds,M Renwick,GR Hay,IG McPeake,0,0,,,,,,,,,,,,,
1120120,2017/18,2017-11-24,Saxton Oval,4,2.3,2.3,Central Stags,Wellington Firebirds,M Renwick,GR Hay,IG McPeake,0,0,,,,,,,,,,,,,
1120120,2017/18,2017-11-24,Saxton Oval,4,2.4,2.4,Central Stags,Wellington Firebirds,M Renwick,GR Hay,IG McPeake,0,0,,,,,,,,,,,,,
1120120,2017/18,2017-11-24,Saxton Oval,4,2.5,2.5,Central Stags,Wellington Firebirds,M Renwick,GR Hay,IG McPeake,0,0,,,,,,,,,,,,,
1120120,2017/18,2017-11-24,Saxton Oval,4,2.6,2.6,Central Stags,Wellington Firebirds,M Renwick,GR Hay,IG McPeake,0,0,,,,,,,,,,,,,
1120120,2017/18,2017-11-24,Saxton Oval,4,3.1,3.1,Central Stags,Wellington Firebirds,GR Hay,M Renwick,T Muller,0,0,,,,,,,,,,,,,
1120120,2017/18,2017-11-24,Saxton Oval,4,3.2,3.2,Central Stags,Wellington Firebirds,GR Hay,M Renwick,T Muller,0,0,,,,,,,,,,,,,
1120120,2017/18,2017-11-24,Saxton Oval,4,3.3,3.3,Central Stags,Wellington Firebirds,GR Hay,M Renwick,T Muller,0,0,,,,,,,,,,,,,
1120120,2017/18,2017-11-24,Saxton Oval,4,3.4,3.4,Central Stags,Wellington Firebirds,GR Hay,M Renwick,T Muller,0,1,,1,,,,,,,,,,,
1120120,2017/18,2017-11-24,Saxton Oval,4,3.5,3.4,Central Stags,Wellington Firebirds,GR Hay,M Renwick,T Muller,2,0,,,,,,,,,,,,,
1120120,2017/18,2017-11-24,Saxton Oval,4,3.6,3.5,Central Stags,Wellington Firebirds,GR Hay,M Renwick,T Muller,0,0,,,,,,,,,,,,,
1120120,2017/18,2017-11-24,Saxton Oval,4,3.7,3.6,Central Stags,Wellington Firebirds,GR Hay,M Renwick,T Muller,0,0,,,,,,,,,,,,,
1120120,2017/18,2017-11-24,Saxton Oval,4,4.1,4.1,Central Stags,Wellington Firebirds,M Renwick,GR Hay,IG McPeake,0,0,,,,,,,,,,,,,
1120120,2017/18,2017-11-24,Saxton Oval,4,4.2,4.2,Central Stags,Wellington Firebirds,M Renwick,GR Hay,IG McPeake,4,0,,,,,,,,,,,,,
1120120,2017/18,2017-11-24,Saxton Oval,4,4.3,4.3,Central Stags,Wellington Firebirds,M Renwick,GR Hay,IG McPeake,0,0,,,,,,,,,,,,,
1120120,2017/18,2017-11-24,Saxton Oval,4,4.4,4.4,Central Stags,Wellington Firebirds,M Renwick,GR Hay,IG McPeake,0,0,,,,,,,lbw,M Renwick,,,,,
1120120,2017/18,2017-11-24,Saxton Oval,4,4.5,4.5,Central Stags,Wellington Firebirds,BD Schmulian,GR Hay,IG McPeake,0,0,,,,,,,,,,,,,
1120120,2017/18,2017-11-24,Saxton Oval,4,4.6,4.6,Central Stags,Wellington Firebirds,BD Schmulian,GR Hay,IG McPeake,0,0,,,,,,,,,,,,,
1120120,2017/18,2017-11-24,Saxton Oval,4,5.1,5.1,Central Stags,Wellington Firebirds,GR Hay,BD Schmulian,T Muller,0,0,,,,,,,,,,,,,
1120120,2017/18,2017-11-24,Saxton Oval,4,5.2,5.2,Central Stags,Wellington Firebirds,GR Hay,BD Schmulian,T Muller,0,0,,,,,,,,,,,,,
1120120,2017/18,2017-11-24,Saxton Oval,4,5.3,5.3,Central Stags,Wellington Firebirds,GR Hay,BD Schmulian,T Muller,0,0,,,,,,,,,,,,,
1120120,2017/18,2017-11-24,Saxton Oval,4,5.4,5.4,Central Stags,Wellington Firebirds,GR Hay,BD Schmulian,T Muller,0,1,,1,,,,,,,,,,,
1120120,2017/18,2017-11-24,Saxton Oval,4,5.5,5.4,Central Stags,Wellington Firebirds,GR Hay,BD Schmulian,T Muller,0,0,,,,,,,,,,,,,
1120120,2017/18,2017-11-24,Saxton Oval,4,5.6,5.5,Central Stags,Wellington Firebirds,GR Hay,BD Schmulian,T Muller,2,0,,,,,,,,,,,,,
1120120,2017/18,2017-11-24,Saxton Oval,4,5.7,5.6,Central Stags,Wellington Firebirds,GR Hay,BD Schmulian,T Muller,0,0,,,,,,,,,,,,,
1120120,2017/18,2017-11-24,Saxton Oval,4,6.1,6.1,Central Stags,Wellington Firebirds,BD Schmulian,GR Hay,IG McPeake,0,0,,,,,,,,,,,,,
1120120,2017/18,2017-11-24,Saxton Oval,4,6.2,6.2,Central Stags,Wellington Firebirds,BD Schmulian,GR Hay,IG McPeake,0,0,,,,,,,,,,,,,
1120120,2017/18,2017-11-24,Saxton Oval,4,6.3,6.3,Central Stags,Wellington Firebirds,BD Schmulian,GR Hay,IG McPeake,0,0,,,,,,,,,,,,,
1120120,2017/18,2017-11-24,Saxton Oval,4,6.4,6.4,Central Stags,Wellington Firebirds,BD Schmulian,GR Hay,IG McPeake,0,0,,,,,,,,,,,,,
1120120,2017/18,2017-11-24,Saxton Oval,4,6.5,6.5,Central Stags,Wellington Firebirds,BD Schmulian,GR Hay,IG McPeake,0,0,,,,,,,,,,,,,
1120120,2017/18,2017-11-24,Saxton Oval,4,6.6,6.6,Central Stags,Wellington Firebirds,BD Schmulian,GR Hay,IG McPeake,0,0,,,,,,,caught,BD Schmulian,,,LR Johns,,
1120120,2017/18,2017-11-24,Saxton Oval,4,7.1,7.1,Central Stags,Wellington Firebirds,GR Hay,WA Young,MJ Taylor,0,0,,,,,,,,,,,,,
1120120,2017/18,2017-11-24,Saxton Oval,4,7.2,7.2,Central Stags,Wellington Firebirds,GR Hay,WA Young,MJ Taylor,0,0,,,,,,,,,,,,,
1120120,2017/18,2017-11-24,Saxton Oval,4,7.3,7.3,Central Stags,Wellington Firebirds,GR Hay,WA Young,MJ Taylor,0,0,,,,,,,,,,,,,
1120120,2017/18,2017-11-24,Saxton Oval,4,7.4,7.4,Central Stags,Wellington Firebirds,GR Hay,WA Young,MJ Taylor,0,0,,,,,,,,,,,,,
1120120,2017/18,2017-11-24,Saxton Oval,4,7.5,7.5,Central Stags,Wellington Firebirds,GR Hay,WA Young,MJ Taylor,0,0,,,,,,,,,,,,,
1120120,2017/18,2017-11-24,Saxton Oval,4,7.6,7.6,Central Stags,Wellington Firebirds,GR Hay,WA Young,MJ Taylor,0,0,,,,,,,,,,,,,
1120120,2017/18,2017-11-24,Saxton Oval,4,8.1,8.1,Central Stags,Wellington Firebirds,WA Young,GR Hay,IG McPeake,0,0,,,,,,,,,,,,,
1120120,2017/18,2017-11-24,Saxton Oval,4,8.2,8.2,Central Stags,Wellington Firebirds,WA Young,GR Hay,IG McPeake,0,0,,,,,,,,,,,,,
1120120,2017/18,2017-11-24,Saxton Oval,4,8.3,8.3,Central Stags,Wellington Firebirds,WA Young,GR Hay,IG McPeake,0,0,,,,,,,,,,,,,
1120120,2017/18,2017-11-24,Saxton Oval,4,8.4,8.4,Central Stags,Wellington Firebirds,WA Young,GR Hay,IG McPeake,4,0,,,,,,,,,,,,,
1120120,2017/18,2017-11-24,Saxton Oval,4,8.5,8.5,Central Stags,Wellington Firebirds,WA Young,GR Hay,IG McPeake,0,0,,,,,,,,,,,,,
1120120,2017/18,2017-11-24,Saxton Oval,4,8.6,8.6,Central Stags,Wellington Firebirds,WA Young,GR Hay,IG McPeake,0,0,,,,,,,,,,,,,
1120120,2017/18,2017-11-24,Saxton Oval,4,9.1,9.1,Central Stags,Wellington Firebirds,GR Hay,WA Young,MJ Taylor,0,0,,,,,,,,,,,,,
1120120,2017/18,2017-11-24,Saxton Oval,4,9.2,9.2,Central Stags,Wellington Firebirds,GR Hay,WA Young,MJ Taylor,0,0,,,,,,,,,,,,,
1120120,2017/18,2017-11-24,Saxton Oval,4,9.3,9.3,Central Stags,Wellington Firebirds,GR Hay,WA Young,MJ Taylor,0,0,,,,,,,,,,,,,
1120120,2017/18,2017-11-24,Saxton Oval,4,9.4,9.4,Central Stags,Wellington Firebirds,GR Hay,WA Young,MJ Taylor,4,0,,,,,,,,,,,,,
1120120,2017/18,2017-11-24,Saxton Oval,4,9.5,9.5,Central Stags,Wellington Firebirds,GR Hay,WA Young,MJ Taylor,0,0,,,,,,,,,,,,,
1120120,2017/18,2017-11-24,Saxton Oval,4,9.6,9.6,Central Stags,Wellington Firebirds,GR Hay,WA Young,MJ Taylor,0,0,,,,,,,,,,,,,
1120120,2017/18,2017-11-24,Saxton Oval,4,10.1,10.1,Central Stags,Wellington Firebirds,WA Young,GR Hay,IG McPeake,0,0,,,,,,,,,,,,,
1120120,2017/18,2017-11-24,Saxton Oval,4,10.2,10.2,Central Stags,Wellington Firebirds,WA Young,GR Hay,IG McPeake,0,0,,,,,,,,,,,,,
1120120,2017/18,2017-11-24,Saxton Oval,4,10.3,10.3,Central Stags,Wellington Firebirds,WA Young,GR Hay,IG McPeake,0,0,,,,,,,,,,,,,
1120120,2017/18,2017-11-24,Saxton Oval,4,10.4,10.4,Central Stags,Wellington Firebirds,WA Young,GR Hay,IG McPeake,0,0,,,,,,,,,,,,,
1120120,2017/18,2017-11-24,Saxton Oval,4,10.5,10.5,Central Stags,Wellington Firebirds,WA Young,GR Hay,IG McPeake,1,0,,,,,,,,,,,,,
1120120,2017/18,2017-11-24,Saxton Oval,4,10.6,10.6,Central Stags,Wellington Firebirds,GR Hay,WA Young,IG McPeake,1,0,,,,,,,,,,,,,
1120120,2017/18,2017-11-24,Saxton Oval,4,11.1,11.1,Central Stags,Wellington Firebirds,GR Hay,WA Young,MJ Taylor,0,0,,,,,,,,,,,,,
1120120,2017/18,2017-11-24,Saxton Oval,4,11.2,11.2,Central Stags,Wellington Firebirds,GR Hay,WA Young,MJ Taylor,0,0,,,,,,,,,,,,,
1120120,2017/18,2017-11-24,Saxton Oval,4,11.3,11.3,Central Stags,Wellington Firebirds,GR Hay,WA Young,MJ Taylor,4,0,,,,,,,,,,,,,
1120120,2017/18,2017-11-24,Saxton Oval,4,11.4,11.4,Central Stags,Wellington Firebirds,GR Hay,WA Young,MJ Taylor,0,0,,,,,,,,,,,,,
1120120,2017/18,2017-11-24,Saxton Oval,4,11.5,11.5,Central Stags,Wellington Firebirds,GR Hay,WA Young,MJ Taylor,0,1,,,,1,,,,,,,,,
1120120,2017/18,2017-11-24,Saxton Oval,4,11.6,11.6,Central Stags,Wellington Firebirds,WA Young,GR Hay,MJ Taylor,0,0,,,,,,,,,,,,,
1120120,2017/18,2017-11-24,Saxton Oval,4,12.1,12.1,Central Stags,Wellington Firebirds,GR Hay,WA Young,T Muller,0,0,,,,,,,,,,,,,
1120120,2017/18,2017-11-24,Saxton Oval,4,12.2,12.2,Central Stags,Wellington Firebirds,GR Hay,WA Young,T Muller,1,0,,,,,,,,,,,,,
1120120,2017/18,2017-11-24,Saxton Oval,4,12.3,12.3,Central Stags,Wellington Firebirds,WA Young,GR Hay,T Muller,0,0,,,,,,,,,,,,,
1120120,2017/18,2017-11-24,Saxton Oval,4,12.4,12.4,Central Stags,Wellington Firebirds,WA Young,GR Hay,T Muller,0,0,,,,,,,,,,,,,
1120120,2017/18,2017-11-24,Saxton Oval,4,12.5,12.5,Central Stags,Wellington Firebirds,WA Young,GR Hay,T Muller,0,0,,,,,,,,,,,,,
1120120,2017/18,2017-11-24,Saxton Oval,4,12.6,12.6,Central Stags,Wellington Firebirds,WA Young,GR Hay,T Muller,0,0,,,,,,,,,,,,,
1120120,2017/18,2017-11-24,Saxton Oval,4,13.1,13.1,Central Stags,Wellington Firebirds,GR Hay,WA Young,MJ Taylor,0,0,,,,,,,,,,,,,
1120120,2017/18,2017-11-24,Saxton Oval,4,13.2,13.2,Central Stags,Wellington Firebirds,GR Hay,WA Young,MJ Taylor,0,0,,,,,,,,,,,,,
1120120,2017/18,2017-11-24,Saxton Oval,4,13.3,13.3,Central Stags,Wellington Firebirds,GR Hay,WA Young,MJ Taylor,2,0,,,,,,,,,,,,,
1120120,2017/18,2017-11-24,Saxton Oval,4,13.4,13.4,Central Stags,Wellington Firebirds,GR Hay,WA Young,MJ Taylor,0,0,,,,,,,,,,,,,
1120120,2017/18,2017-11-24,Saxton Oval,4,13.5,13.5,Central Stags,Wellington Firebirds,GR Hay,WA Young,MJ Taylor,0,0,,,,,,,,,,,,,
1120120,2017/18,2017-11-24,Saxton Oval,4,13.6,13.6,Central Stags,Wellington Firebirds,GR Hay,WA Young,MJ Taylor,0,0,,,,,,,,,,,,,
1120120,2017/18,2017-11-24,Saxton Oval,4,14.1,14.1,Central Stags,Wellington Firebirds,WA Young,GR Hay,T Muller,0,0,,,,,,,,,,,,,
1120120,2017/18,2017-11-24,Saxton Oval,4,14.2,14.2,Central Stags,Wellington Firebirds,WA Young,GR Hay,T Muller,0,0,,,,,,,,,,,,,
1120120,2017/18,2017-11-24,Saxton Oval,4,14.3,14.3,Central Stags,Wellington Firebirds,WA Young,GR Hay,T Muller,0,0,,,,,,,,,,,,,
1120120,2017/18,2017-11-24,Saxton Oval,4,14.4,14.4,Central Stags,Wellington Firebirds,WA Young,GR Hay,T Muller,4,0,,,,,,,,,,,,,
1120120,2017/18,2017-11-24,Saxton Oval,4,14.5,14.5,Central Stags,Wellington Firebirds,WA Young,GR Hay,T Muller,0,0,,,,,,,,,,,,,
1120120,2017/18,2017-11-24,Saxton Oval,4,14.6,14.6,Central Stags,Wellington Firebirds,WA Young,GR Hay,T Muller,2,0,,,,,,,,,,,,,
1120120,2017/18,2017-11-24,Saxton Oval,4,15.1,15.1,Central Stags,Wellington Firebirds,GR Hay,WA Young,MJ Taylor,0,0,,,,,,,,,,,,,
1120120,2017/18,2017-11-24,Saxton Oval,4,15.2,15.2,Central Stags,Wellington Firebirds,GR Hay,WA Young,MJ Taylor,0,0,,,,,,,,,,,,,
1120120,2017/18,2017-11-24,Saxton Oval,4,15.3,15.3,Central Stags,Wellington Firebirds,GR Hay,WA Young,MJ Taylor,4,0,,,,,,,,,,,,,
1120120,2017/18,2017-11-24,Saxton Oval,4,15.4,15.4,Central Stags,Wellington Firebirds,GR Hay,WA Young,MJ Taylor,0,0,,,,,,,,,,,,,
1120120,2017/18,2017-11-24,Saxton Oval,4,15.5,15.5,Central Stags,Wellington Firebirds,GR Hay,WA Young,MJ Taylor,0,0,,,,,,,,,,,,,
1120120,2017/18,2017-11-24,Saxton Oval,4,15.6,15.6,Central Stags,Wellington Firebirds,GR Hay,WA Young,MJ Taylor,4,0,,,,,,,,,,,,,
1120120,2017/18,2017-11-24,Saxton Oval,4,16.1,16.1,Central Stags,Wellington Firebirds,WA Young,GR Hay,JS Patel,1,0,,,,,,,,,,,,,
1120120,2017/18,2017-11-24,Saxton Oval,4,16.2,16.2,Central Stags,Wellington Firebirds,GR Hay,WA Young,JS Patel,0,0,,,,,,,,,,,,,
1120120,2017/18,2017-11-24,Saxton Oval,4,16.3,16.3,Central Stags,Wellington Firebirds,GR Hay,WA Young,JS Patel,0,0,,,,,,,,,,,,,
1120120,2017/18,2017-11-24,Saxton Oval,4,16.4,16.4,Central Stags,Wellington Firebirds,GR Hay,WA Young,JS Patel,0,0,,,,,,,,,,,,,
1120120,2017/18,2017-11-24,Saxton Oval,4,16.5,16.5,Central Stags,Wellington Firebirds,GR Hay,WA Young,JS Patel,0,0,,,,,,,,,,,,,
1120120,2017/18,2017-11-24,Saxton Oval,4,16.6,16.6,Central Stags,Wellington Firebirds,GR Hay,WA Young,JS Patel,1,0,,,,,,,,,,,,,
1120120,2017/18,2017-11-24,Saxton Oval,4,17.1,17.1,Central Stags,Wellington Firebirds,GR Hay,WA Young,MJ Taylor,4,0,,,,,,,,,,,,,
1120120,2017/18,2017-11-24,Saxton Oval,4,17.2,17.2,Central Stags,Wellington Firebirds,GR Hay,WA Young,MJ Taylor,1,0,,,,,,,,,,,,,
1120120,2017/18,2017-11-24,Saxton Oval,4,17.3,17.3,Central Stags,Wellington Firebirds,WA Young,GR Hay,MJ Taylor,0,0,,,,,,,,,,,,,
1120120,2017/18,2017-11-24,Saxton Oval,4,17.4,17.4,Central Stags,Wellington Firebirds,WA Young,GR Hay,MJ Taylor,0,0,,,,,,,,,,,,,
1120120,2017/18,2017-11-24,Saxton Oval,4,17.5,17.5,Central Stags,Wellington Firebirds,WA Young,GR Hay,MJ Taylor,0,0,,,,,,,,,,,,,
1120120,2017/18,2017-11-24,Saxton Oval,4,17.6,17.6,Central Stags,Wellington Firebirds,WA Young,GR Hay,MJ Taylor,0,0,,,,,,,,,,,,,
1120120,2017/18,2017-11-24,Saxton Oval,4,18.1,18.1,Central Stags,Wellington Firebirds,GR Hay,WA Young,JS Patel,0,0,,,,,,,,,,,,,
1120120,2017/18,2017-11-24,Saxton Oval,4,18.2,18.2,Central Stags,Wellington Firebirds,GR Hay,WA Young,JS Patel,0,0,,,,,,,,,,,,,
1120120,2017/18,2017-11-24,Saxton Oval,4,18.3,18.3,Central Stags,Wellington Firebirds,GR Hay,WA Young,JS Patel,0,0,,,,,,,,,,,,,
1120120,2017/18,2017-11-24,Saxton Oval,4,18.4,18.4,Central Stags,Wellington Firebirds,GR Hay,WA Young,JS Patel,0,0,,,,,,,,,,,,,
1120120,2017/18,2017-11-24,Saxton Oval,4,18.5,18.5,Central Stags,Wellington Firebirds,GR Hay,WA Young,JS Patel,0,0,,,,,,,,,,,,,
1120120,2017/18,2017-11-24,Saxton Oval,4,18.6,18.6,Central Stags,Wellington Firebirds,GR Hay,WA Young,JS Patel,0,0,,,,,,,,,,,,,
1120120,2017/18,2017-11-24,Saxton Oval,4,19.1,19.1,Central Stags,Wellington Firebirds,WA Young,GR Hay,MJ Taylor,0,0,,,,,,,,,,,,,
1120120,2017/18,2017-11-24,Saxton Oval,4,19.2,19.2,Central Stags,Wellington Firebirds,WA Young,GR Hay,MJ Taylor,0,0,,,,,,,,,,,,,
1120120,2017/18,2017-11-24,Saxton Oval,4,19.3,19.3,Central Stags,Wellington Firebirds,WA Young,GR Hay,MJ Taylor,1,0,,,,,,,,,,,,,
1120120,2017/18,2017-11-24,Saxton Oval,4,19.4,19.4,Central Stags,Wellington Firebirds,GR Hay,WA Young,MJ Taylor,0,0,,,,,,,,,,,,,
1120120,2017/18,2017-11-24,Saxton Oval,4,19.5,19.5,Central Stags,Wellington Firebirds,GR Hay,WA Young,MJ Taylor,0,0,,,,,,,,,,,,,
1120120,2017/18,2017-11-24,Saxton Oval,4,19.6,19.6,Central Stags,Wellington Firebirds,GR Hay,WA Young,MJ Taylor,0,0,,,,,,,,,,,,,
1120120,2017/18,2017-11-24,Saxton Oval,4,20.1,20.1,Central Stags,Wellington Firebirds,WA Young,GR Hay,JS Patel,0,0,,,,,,,,,,,,,
1120120,2017/18,2017-11-24,Saxton Oval,4,20.2,20.2,Central Stags,Wellington Firebirds,WA Young,GR Hay,JS Patel,0,0,,,,,,,,,,,,,
1120120,2017/18,2017-11-24,Saxton Oval,4,20.3,20.3,Central Stags,Wellington Firebirds,WA Young,GR Hay,JS Patel,0,0,,,,,,,,,,,,,
1120120,2017/18,2017-11-24,Saxton Oval,4,20.4,20.4,Central Stags,Wellington Firebirds,WA Young,GR Hay,JS Patel,0,0,,,,,,,,,,,,,
1120120,2017/18,2017-11-24,Saxton Oval,4,20.5,20.5,Central Stags,Wellington Firebirds,WA Young,GR Hay,JS Patel,0,0,,,,,,,,,,,,,
1120120,2017/18,2017-11-24,Saxton Oval,4,20.6,20.6,Central Stags,Wellington Firebirds,WA Young,GR Hay,JS Patel,0,0,,,,,,,,,,,,,
1120120,2017/18,2017-11-24,Saxton Oval,4,21.1,21.1,Central Stags,Wellington Firebirds,GR Hay,WA Young,MJ Taylor,0,0,,,,,,,,,,,,,
1120120,2017/18,2017-11-24,Saxton Oval,4,21.2,21.2,Central Stags,Wellington Firebirds,GR Hay,WA Young,MJ Taylor,1,0,,,,,,,,,,,,,
1120120,2017/18,2017-11-24,Saxton Oval,4,21.3,21.3,Central Stags,Wellington Firebirds,WA Young,GR Hay,MJ Taylor,0,0,,,,,,,,,,,,,
1120120,2017/18,2017-11-24,Saxton Oval,4,21.4,21.4,Central Stags,Wellington Firebirds,WA Young,GR Hay,MJ Taylor,2,0,,,,,,,,,,,,,
1120120,2017/18,2017-11-24,Saxton Oval,4,21.5,21.5,Central Stags,Wellington Firebirds,WA Young,GR Hay,MJ Taylor,2,0,,,,,,,,,,,,,
1120120,2017/18,2017-11-24,Saxton Oval,4,21.6,21.6,Central Stags,Wellington Firebirds,WA Young,GR Hay,MJ Taylor,1,0,,,,,,,,,,,,,
1120120,2017/18,2017-11-24,Saxton Oval,4,22.1,22.1,Central Stags,Wellington Firebirds,WA Young,GR Hay,JS Patel,0,0,,,,,,,,,,,,,
1120120,2017/18,2017-11-24,Saxton Oval,4,22.2,22.2,Central Stags,Wellington Firebirds,WA Young,GR Hay,JS Patel,0,0,,,,,,,,,,,,,
1120120,2017/18,2017-11-24,Saxton Oval,4,22.3,22.3,Central Stags,Wellington Firebirds,WA Young,GR Hay,JS Patel,0,0,,,,,,,,,,,,,
1120120,2017/18,2017-11-24,Saxton Oval,4,22.4,22.4,Central Stags,Wellington Firebirds,WA Young,GR Hay,JS Patel,0,0,,,,,,,,,,,,,
1120120,2017/18,2017-11-24,Saxton Oval,4,22.5,22.5,Central Stags,Wellington Firebirds,WA Young,GR Hay,JS Patel,4,0,,,,,,,,,,,,,
1120120,2017/18,2017-11-24,Saxton Oval,4,22.6,22.6,Central Stags,Wellington Firebirds,WA Young,GR Hay,JS Patel,0,0,,,,,,,,,,,,,
1120120,2017/18,2017-11-24,Saxton Oval,4,23.1,23.1,Central Stags,Wellington Firebirds,GR Hay,WA Young,IG McPeake,0,1,1,,,,,,,,,,,,
1120120,2017/18,2017-11-24,Saxton Oval,4,23.2,23.1,Central Stags,Wellington Firebirds,GR Hay,WA Young,IG McPeake,0,0,,,,,,,,,,,,,
1120120,2017/18,2017-11-24,Saxton Oval,4,23.3,23.2,Central Stags,Wellington Firebirds,GR Hay,WA Young,IG McPeake,4,0,,,,,,,,,,,,,
1120120,2017/18,2017-11-24,Saxton Oval,4,23.4,23.3,Central Stags,Wellington Firebirds,GR Hay,WA Young,IG McPeake,4,0,,,,,,,,,,,,,
1120120,2017/18,2017-11-24,Saxton Oval,4,23.5,23.4,Central Stags,Wellington Firebirds,GR Hay,WA Young,IG McPeake,0,0,,,,,,,,,,,,,
1120120,2017/18,2017-11-24,Saxton Oval,4,23.6,23.5,Central Stags,Wellington Firebirds,GR Hay,WA Young,IG McPeake,0,0,,,,,,,,,,,,,
1120120,2017/18,2017-11-24,Saxton Oval,4,23.7,23.6,Central Stags,Wellington Firebirds,GR Hay,WA Young,IG McPeake,0,0,,,,,,,,,,,,,
1120120,2017/18,2017-11-24,Saxton Oval,4,24.1,24.1,Central Stags,Wellington Firebirds,WA Young,GR Hay,JS Patel,0,0,,,,,,,,,,,,,
1120120,2017/18,2017-11-24,Saxton Oval,4,24.2,24.2,Central Stags,Wellington Firebirds,WA Young,GR Hay,JS Patel,0,0,,,,,,,,,,,,,
1120120,2017/18,2017-11-24,Saxton Oval,4,24.3,24.3,Central Stags,Wellington Firebirds,WA Young,GR Hay,JS Patel,0,0,,,,,,,,,,,,,
1120120,2017/18,2017-11-24,Saxton Oval,4,24.4,24.4,Central Stags,Wellington Firebirds,WA Young,GR Hay,JS Patel,0,0,,,,,,,,,,,,,
1120120,2017/18,2017-11-24,Saxton Oval,4,24.5,24.5,Central Stags,Wellington Firebirds,WA Young,GR Hay,JS Patel,0,0,,,,,,,,,,,,,
1120120,2017/18,2017-11-24,Saxton Oval,4,24.6,24.6,Central Stags,Wellington Firebirds,WA Young,GR Hay,JS Patel,0,0,,,,,,,,,,,,,
1120120,2017/18,2017-11-24,Saxton Oval,4,25.1,25.1,Central Stags,Wellington Firebirds,GR Hay,WA Young,IG McPeake,0,0,,,,,,,,,,,,,
1120120,2017/18,2017-11-24,Saxton Oval,4,25.2,25.2,Central Stags,Wellington Firebirds,GR Hay,WA Young,IG McPeake,4,0,,,,,,,,,,,,,
1120120,2017/18,2017-11-24,Saxton Oval,4,25.3,25.3,Central Stags,Wellington Firebirds,GR Hay,WA Young,IG McPeake,4,0,,,,,,,,,,,,,
1120120,2017/18,2017-11-24,Saxton Oval,4,25.4,25.4,Central Stags,Wellington Firebirds,GR Hay,WA Young,IG McPeake,4,0,,,,,,,,,,,,,
1120120,2017/18,2017-11-24,Saxton Oval,4,25.5,25.5,Central Stags,Wellington Firebirds,GR Hay,WA Young,IG McPeake,0,0,,,,,,,,,,,,,
1120120,2017/18,2017-11-24,Saxton Oval,4,25.6,25.6,Central Stags,Wellington Firebirds,GR Hay,WA Young,IG McPeake,0,0,,,,,,,,,,,,,
1120120,2017/18,2017-11-24,Saxton Oval,4,26.1,26.1,Central Stags,Wellington Firebirds,WA Young,GR Hay,JS Patel,1,0,,,,,,,,,,,,,
1120120,2017/18,2017-11-24,Saxton Oval,4,26.2,26.2,Central Stags,Wellington Firebirds,GR Hay,WA Young,JS Patel,0,0,,,,,,,,,,,,,
1120120,2017/18,2017-11-24,Saxton Oval,4,26.3,26.3,Central Stags,Wellington Firebirds,GR Hay,WA Young,JS Patel,0,0,,,,,,,,,,,,,
1120120,2017/18,2017-11-24,Saxton Oval,4,26.4,26.4,Central Stags,Wellington Firebirds,GR Hay,WA Young,JS Patel,0,0,,,,,,,,,,,,,
1120120,2017/18,2017-11-24,Saxton Oval,4,26.5,26.5,Central Stags,Wellington Firebirds,GR Hay,WA Young,JS Patel,2,0,,,,,,,,,,,,,
1120120,2017/18,2017-11-24,Saxton Oval,4,26.6,26.6,Central Stags,Wellington Firebirds,GR Hay,WA Young,JS Patel,0,0,,,,,,,,,,,,,
1120120,2017/18,2017-11-24,Saxton Oval,4,27.1,27.1,Central Stags,Wellington Firebirds,WA Young,GR Hay,LJ Woodcock,6,0,,,,,,,,,,,,,
1120120,2017/18,2017-11-24,Saxton Oval,4,27.2,27.2,Central Stags,Wellington Firebirds,WA Young,GR Hay,LJ Woodcock,0,0,,,,,,,,,,,,,
1120120,2017/18,2017-11-24,Saxton Oval,4,27.3,27.3,Central Stags,Wellington Firebirds,WA Young,GR Hay,LJ Woodcock,0,0,,,,,,,,,,,,,
1120120,2017/18,2017-11-24,Saxton Oval,4,27.4,27.4,Central Stags,Wellington Firebirds,WA Young,GR Hay,LJ Woodcock,6,0,,,,,,,,,,,,,
1120120,2017/18,2017-11-24,Saxton Oval,4,27.5,27.5,Central Stags,Wellington Firebirds,WA Young,GR Hay,LJ Woodcock,0,0,,,,,,,,,,,,,
1120120,2017/18,2017-11-24,Saxton Oval,4,27.6,27.6,Central Stags,Wellington Firebirds,WA Young,GR Hay,LJ Woodcock,0,0,,,,,,,,,,,,,
1120120,2017/18,2017-11-24,Saxton Oval,4,28.1,28.1,Central Stags,Wellington Firebirds,GR Hay,WA Young,JS Patel,0,0,,,,,,,,,,,,,
1120120,2017/18,2017-11-24,Saxton Oval,4,28.2,28.2,Central Stags,Wellington Firebirds,GR Hay,WA Young,JS Patel,0,0,,,,,,,,,,,,,
1120120,2017/18,2017-11-24,Saxton Oval,4,28.3,28.3,Central Stags,Wellington Firebirds,GR Hay,WA Young,JS Patel,0,0,,,,,,,,,,,,,
1120120,2017/18,2017-11-24,Saxton Oval,4,28.4,28.4,Central Stags,Wellington Firebirds,GR Hay,WA Young,JS Patel,0,0,,,,,,,,,,,,,
1120120,2017/18,2017-11-24,Saxton Oval,4,28.5,28.5,Central Stags,Wellington Firebirds,GR Hay,WA Young,JS Patel,0,0,,,,,,,,,,,,,
1120120,2017/18,2017-11-24,Saxton Oval,4,28.6,28.6,Central Stags,Wellington Firebirds,GR Hay,WA Young,JS Patel,0,0,,,,,,,,,,,,,
1120120,2017/18,2017-11-24,Saxton Oval,4,29.1,29.1,Central Stags,Wellington Firebirds,WA Young,GR Hay,LJ Woodcock,0,0,,,,,,,,,,,,,
1120120,2017/18,2017-11-24,Saxton Oval,4,29.2,29.2,Central Stags,Wellington Firebirds,WA Young,GR Hay,LJ Woodcock,0,0,,,,,,,,,,,,,
1120120,2017/18,2017-11-24,Saxton Oval,4,29.3,29.3,Central Stags,Wellington Firebirds,WA Young,GR Hay,LJ Woodcock,0,0,,,,,,,,,,,,,
1120120,2017/18,2017-11-24,Saxton Oval,4,29.4,29.4,Central Stags,Wellington Firebirds,WA Young,GR Hay,LJ Woodcock,0,0,,,,,,,,,,,,,
1120120,2017/18,2017-11-24,Saxton Oval,4,29.5,29.5,Central Stags,Wellington Firebirds,WA Young,GR Hay,LJ Woodcock,0,0,,,,,,,,,,,,,
1120120,2017/18,2017-11-24,Saxton Oval,4,29.6,29.6,Central Stags,Wellington Firebirds,WA Young,GR Hay,LJ Woodcock,0,0,,,,,,,,,,,,,
1120120,2017/18,2017-11-24,Saxton Oval,4,30.1,30.1,Central Stags,Wellington Firebirds,GR Hay,WA Young,JS Patel,0,0,,,,,,,,,,,,,
1120120,2017/18,2017-11-24,Saxton Oval,4,30.2,30.2,Central Stags,Wellington Firebirds,GR Hay,WA Young,JS Patel,0,0,,,,,,,,,,,,,
1120120,2017/18,2017-11-24,Saxton Oval,4,30.3,30.3,Central Stags,Wellington Firebirds,GR Hay,WA Young,JS Patel,2,0,,,,,,,,,,,,,
1120120,2017/18,2017-11-24,Saxton Oval,4,30.4,30.4,Central Stags,Wellington Firebirds,GR Hay,WA Young,JS Patel,0,0,,,,,,,,,,,,,
1120120,2017/18,2017-11-24,Saxton Oval,4,30.5,30.5,Central Stags,Wellington Firebirds,GR Hay,WA Young,JS Patel,2,0,,,,,,,,,,,,,
1120120,2017/18,2017-11-24,Saxton Oval,4,30.6,30.6,Central Stags,Wellington Firebirds,GR Hay,WA Young,JS Patel,0,0,,,,,,,,,,,,,
1120120,2017/18,2017-11-24,Saxton Oval,4,31.1,31.1,Central Stags,Wellington Firebirds,WA Young,GR Hay,LJ Woodcock,0,0,,,,,,,caught,WA Young,,,MHW Papps,,
1120120,2017/18,2017-11-24,Saxton Oval,4,31.2,31.2,Central Stags,Wellington Firebirds,AY Patel,GR Hay,LJ Woodcock,0,0,,,,,,,,,,,,,
1120120,2017/18,2017-11-24,Saxton Oval,4,31.3,31.3,Central Stags,Wellington Firebirds,AY Patel,GR Hay,LJ Woodcock,0,0,,,,,,,,,,,,,
1120120,2017/18,2017-11-24,Saxton Oval,4,31.4,31.4,Central Stags,Wellington Firebirds,AY Patel,GR Hay,LJ Woodcock,0,0,,,,,,,,,,,,,
1120120,2017/18,2017-11-24,Saxton Oval,4,31.5,31.5,Central Stags,Wellington Firebirds,AY Patel,GR Hay,LJ Woodcock,0,0,,,,,,,,,,,,,
1120120,2017/18,2017-11-24,Saxton Oval,4,31.6,31.6,Central Stags,Wellington Firebirds,AY Patel,GR Hay,LJ Woodcock,0,0,,,,,,,,,,,,,
1120120,2017/18,2017-11-24,Saxton Oval,4,32.1,32.1,Central Stags,Wellington Firebirds,GR Hay,AY Patel,JS Patel,0,0,,,,,,,,,,,,,
1120120,2017/18,2017-11-24,Saxton Oval,4,32.2,32.2,Central Stags,Wellington Firebirds,GR Hay,AY Patel,JS Patel,0,0,,,,,,,,,,,,,
1120120,2017/18,2017-11-24,Saxton Oval,4,32.3,32.3,Central Stags,Wellington Firebirds,GR Hay,AY Patel,JS Patel,0,0,,,,,,,,,,,,,
1120120,2017/18,2017-11-24,Saxton Oval,4,32.4,32.4,Central Stags,Wellington Firebirds,GR Hay,AY Patel,JS Patel,0,0,,,,,,,,,,,,,
1120120,2017/18,2017-11-24,Saxton Oval,4,32.5,32.5,Central Stags,Wellington Firebirds,GR Hay,AY Patel,JS Patel,0,0,,,,,,,,,,,,,
1120120,2017/18,2017-11-24,Saxton Oval,4,32.6,32.6,Central Stags,Wellington Firebirds,GR Hay,AY Patel,JS Patel,0,0,,,,,,,,,,,,,
1120120,2017/18,2017-11-24,Saxton Oval,4,33.1,33.1,Central Stags,Wellington Firebirds,AY Patel,GR Hay,IG McPeake,0,0,,,,,,,,,,,,,
1120120,2017/18,2017-11-24,Saxton Oval,4,33.2,33.2,Central Stags,Wellington Firebirds,AY Patel,GR Hay,IG McPeake,0,0,,,,,,,,,,,,,
1120120,2017/18,2017-11-24,Saxton Oval,4,33.3,33.3,Central Stags,Wellington Firebirds,AY Patel,GR Hay,IG McPeake,0,0,,,,,,,,,,,,,
1120120,2017/18,2017-11-24,Saxton Oval,4,33.4,33.4,Central Stags,Wellington Firebirds,AY Patel,GR Hay,IG McPeake,0,0,,,,,,,,,,,,,
1120120,2017/18,2017-11-24,Saxton Oval,4,33.5,33.5,Central Stags,Wellington Firebirds,AY Patel,GR Hay,IG McPeake,0,0,,,,,,,,,,,,,
1120120,2017/18,2017-11-24,Saxton Oval,4,33.6,33.6,Central Stags,Wellington Firebirds,AY Patel,GR Hay,IG McPeake,0,0,,,,,,,,,,,,,
1120120,2017/18,2017-11-24,Saxton Oval,4,34.1,34.1,Central Stags,Wellington Firebirds,GR Hay,AY Patel,LJ Woodcock,0,0,,,,,,,,,,,,,
1120120,2017/18,2017-11-24,Saxton Oval,4,34.2,34.2,Central Stags,Wellington Firebirds,GR Hay,AY Patel,LJ Woodcock,0,0,,,,,,,,,,,,,
1120120,2017/18,2017-11-24,Saxton Oval,4,34.3,34.3,Central Stags,Wellington Firebirds,GR Hay,AY Patel,LJ Woodcock,0,0,,,,,,,,,,,,,
1120120,2017/18,2017-11-24,Saxton Oval,4,34.4,34.4,Central Stags,Wellington Firebirds,GR Hay,AY Patel,LJ Woodcock,0,0,,,,,,,,,,,,,
1120120,2017/18,2017-11-24,Saxton Oval,4,34.5,34.5,Central Stags,Wellington Firebirds,GR Hay,AY Patel,LJ Woodcock,0,0,,,,,,,,,,,,,
1120120,2017/18,2017-11-24,Saxton Oval,4,34.6,34.6,Central Stags,Wellington Firebirds,GR Hay,AY Patel,LJ Woodcock,1,0,,,,,,,,,,,,,
1120120,2017/18,2017-11-24,Saxton Oval,4,35.1,35.1,Central Stags,Wellington Firebirds,GR Hay,AY Patel,JS Patel,1,0,,,,,,,,,,,,,
1120120,2017/18,2017-11-24,Saxton Oval,4,35.2,35.2,Central Stags,Wellington Firebirds,AY Patel,GR Hay,JS Patel,0,0,,,,,,,,,,,,,
1120120,2017/18,2017-11-24,Saxton Oval,4,35.3,35.3,Central Stags,Wellington Firebirds,AY Patel,GR Hay,JS Patel,0,0,,,,,,,,,,,,,
1120120,2017/18,2017-11-24,Saxton Oval,4,35.4,35.4,Central Stags,Wellington Firebirds,AY Patel,GR Hay,JS Patel,0,0,,,,,,,,,,,,,
1120120,2017/18,2017-11-24,Saxton Oval,4,35.5,35.5,Central Stags,Wellington Firebirds,AY Patel,GR Hay,JS Patel,0,0,,,,,,,,,,,,,
1120120,2017/18,2017-11-24,Saxton Oval,4,35.6,35.6,Central Stags,Wellington Firebirds,AY Patel,GR Hay,JS Patel,0,0,,,,,,,,,,,,,
1120120,2017/18,2017-11-24,Saxton Oval,4,36.1,36.1,Central Stags,Wellington Firebirds,GR Hay,AY Patel,IG McPeake,0,0,,,,,,,,,,,,,
1120120,2017/18,2017-11-24,Saxton Oval,4,36.2,36.2,Central Stags,Wellington Firebirds,GR Hay,AY Patel,IG McPeake,0,0,,,,,,,,,,,,,
1120120,2017/18,2017-11-24,Saxton Oval,4,36.3,36.3,Central Stags,Wellington Firebirds,GR Hay,AY Patel,IG McPeake,0,0,,,,,,,,,,,,,
1120120,2017/18,2017-11-24,Saxton Oval,4,36.4,36.4,Central Stags,Wellington Firebirds,GR Hay,AY Patel,IG McPeake,0,0,,,,,,,,,,,,,
1120120,2017/18,2017-11-24,Saxton Oval,4,36.5,36.5,Central Stags,Wellington Firebirds,GR Hay,AY Patel,IG McPeake,0,0,,,,,,,,,,,,,
1120120,2017/18,2017-11-24,Saxton Oval,4,36.6,36.6,Central Stags,Wellington Firebirds,GR Hay,AY Patel,IG McPeake,0,0,,,,,,,,,,,,,
1120120,2017/18,2017-11-24,Saxton Oval,4,37.1,37.1,Central Stags,Wellington Firebirds,AY Patel,GR Hay,JS Patel,0,0,,,,,,,,,,,,,
1120120,2017/18,2017-11-24,Saxton Oval,4,37.2,37.2,Central Stags,Wellington Firebirds,AY Patel,GR Hay,JS Patel,1,0,,,,,,,,,,,,,
1120120,2017/18,2017-11-24,Saxton Oval,4,37.3,37.3,Central Stags,Wellington Firebirds,GR Hay,AY Patel,JS Patel,0,0,,,,,,,,,,,,,
1120120,2017/18,2017-11-24,Saxton Oval,4,37.4,37.4,Central Stags,Wellington Firebirds,GR Hay,AY Patel,JS Patel,0,0,,,,,,,,,,,,,
1120120,2017/18,2017-11-24,Saxton Oval,4,37.5,37.5,Central Stags,Wellington Firebirds,GR Hay,AY Patel,JS Patel,0,0,,,,,,,,,,,,,
1120120,2017/18,2017-11-24,Saxton Oval,4,37.6,37.6,Central Stags,Wellington Firebirds,GR Hay,AY Patel,JS Patel,0,0,,,,,,,,,,,,,
1120120,2017/18,2017-11-24,Saxton Oval,4,38.1,38.1,Central Stags,Wellington Firebirds,AY Patel,GR Hay,IG McPeake,0,0,,,,,,,,,,,,,
1120120,2017/18,2017-11-24,Saxton Oval,4,38.2,38.2,Central Stags,Wellington Firebirds,AY Patel,GR Hay,IG McPeake,0,0,,,,,,,,,,,,,
1120120,2017/18,2017-11-24,Saxton Oval,4,38.3,38.3,Central Stags,Wellington Firebirds,AY Patel,GR Hay,IG McPeake,0,0,,,,,,,,,,,,,
1120120,2017/18,2017-11-24,Saxton Oval,4,38.4,38.4,Central Stags,Wellington Firebirds,AY Patel,GR Hay,IG McPeake,0,0,,,,,,,,,,,,,
1120120,2017/18,2017-11-24,Saxton Oval,4,38.5,38.5,Central Stags,Wellington Firebirds,AY Patel,GR Hay,IG McPeake,4,0,,,,,,,,,,,,,
1120120,2017/18,2017-11-24,Saxton Oval,4,38.6,38.6,Central Stags,Wellington Firebirds,AY Patel,GR Hay,IG McPeake,0,0,,,,,,,,,,,,,
1120120,2017/18,2017-11-24,Saxton Oval,4,39.1,39.1,Central Stags,Wellington Firebirds,GR Hay,AY Patel,JS Patel,0,0,,,,,,,,,,,,,
1120120,2017/18,2017-11-24,Saxton Oval,4,39.2,39.2,Central Stags,Wellington Firebirds,GR Hay,AY Patel,JS Patel,0,0,,,,,,,,,,,,,
1120120,2017/18,2017-11-24,Saxton Oval,4,39.3,39.3,Central Stags,Wellington Firebirds,GR Hay,AY Patel,JS Patel,0,0,,,,,,,,,,,,,
1120120,2017/18,2017-11-24,Saxton Oval,4,39.4,39.4,Central Stags,Wellington Firebirds,GR Hay,AY Patel,JS Patel,0,0,,,,,,,,,,,,,
1120120,2017/18,2017-11-24,Saxton Oval,4,39.5,39.5,Central Stags,Wellington Firebirds,GR Hay,AY Patel,JS Patel,0,0,,,,,,,,,,,,,
1120120,2017/18,2017-11-24,Saxton Oval,4,39.6,39.6,Central Stags,Wellington Firebirds,GR Hay,AY Patel,JS Patel,0,0,,,,,,,,,,,,,
1120120,2017/18,2017-11-24,Saxton Oval,4,40.1,40.1,Central Stags,Wellington Firebirds,AY Patel,GR Hay,IG McPeake,0,0,,,,,,,,,,,,,
1120120,2017/18,2017-11-24,Saxton Oval,4,40.2,40.2,Central Stags,Wellington Firebirds,AY Patel,GR Hay,IG McPeake,0,0,,,,,,,,,,,,,
1120120,2017/18,2017-11-24,Saxton Oval,4,40.3,40.3,Central Stags,Wellington Firebirds,AY Patel,GR Hay,IG McPeake,0,0,,,,,,,,,,,,,
1120120,2017/18,2017-11-24,Saxton Oval,4,40.4,40.4,Central Stags,Wellington Firebirds,AY Patel,GR Hay,IG McPeake,0,0,,,,,,,,,,,,,
1120120,2017/18,2017-11-24,Saxton Oval,4,40.5,40.5,Central Stags,Wellington Firebirds,AY Patel,GR Hay,IG McPeake,4,0,,,,,,,,,,,,,
1120120,2017/18,2017-11-24,Saxton Oval,4,40.6,40.6,Central Stags,Wellington Firebirds,AY Patel,GR Hay,IG McPeake,0,0,,,,,,,,,,,,,
1120120,2017/18,2017-11-24,Saxton Oval,4,41.1,41.1,Central Stags,Wellington Firebirds,GR Hay,AY Patel,JS Patel,0,0,,,,,,,,,,,,,
1120120,2017/18,2017-11-24,Saxton Oval,4,41.2,41.2,Central Stags,Wellington Firebirds,GR Hay,AY Patel,JS Patel,0,0,,,,,,,,,,,,,
1120120,2017/18,2017-11-24,Saxton Oval,4,41.3,41.3,Central Stags,Wellington Firebirds,GR Hay,AY Patel,JS Patel,0,0,,,,,,,,,,,,,
1120120,2017/18,2017-11-24,Saxton Oval,4,41.4,41.4,Central Stags,Wellington Firebirds,GR Hay,AY Patel,JS Patel,4,0,,,,,,,,,,,,,
1120120,2017/18,2017-11-24,Saxton Oval,4,41.5,41.5,Central Stags,Wellington Firebirds,GR Hay,AY Patel,JS Patel,0,0,,,,,,,,,,,,,
1120120,2017/18,2017-11-24,Saxton Oval,4,41.6,41.6,Central Stags,Wellington Firebirds,GR Hay,AY Patel,JS Patel,2,0,,,,,,,,,,,,,
1120120,2017/18,2017-11-24,Saxton Oval,4,42.1,42.1,Central Stags,Wellington Firebirds,AY Patel,GR Hay,IG McPeake,0,0,,,,,,,,,,,,,
1120120,2017/18,2017-11-24,Saxton Oval,4,42.2,42.2,Central Stags,Wellington Firebirds,AY Patel,GR Hay,IG McPeake,0,0,,,,,,,,,,,,,
1120120,2017/18,2017-11-24,Saxton Oval,4,42.3,42.3,Central Stags,Wellington Firebirds,AY Patel,GR Hay,IG McPeake,0,0,,,,,,,,,,,,,
1120120,2017/18,2017-11-24,Saxton Oval,4,42.4,42.4,Central Stags,Wellington Firebirds,AY Patel,GR Hay,IG McPeake,0,0,,,,,,,,,,,,,
1120120,2017/18,2017-11-24,Saxton Oval,4,42.5,42.5,Central Stags,Wellington Firebirds,AY Patel,GR Hay,IG McPeake,0,0,,,,,,,,,,,,,
1120120,2017/18,2017-11-24,Saxton Oval,4,42.6,42.6,Central Stags,Wellington Firebirds,AY Patel,GR Hay,IG McPeake,0,0,,,,,,,,,,,,,
1120120,2017/18,2017-11-24,Saxton Oval,4,43.1,43.1,Central Stags,Wellington Firebirds,GR Hay,AY Patel,JS Patel,0,0,,,,,,,,,,,,,
1120120,2017/18,2017-11-24,Saxton Oval,4,43.2,43.2,Central Stags,Wellington Firebirds,GR Hay,AY Patel,JS Patel,0,0,,,,,,,,,,,,,
1120120,2017/18,2017-11-24,Saxton Oval,4,43.3,43.3,Central Stags,Wellington Firebirds,GR Hay,AY Patel,JS Patel,0,0,,,,,,,,,,,,,
1120120,2017/18,2017-11-24,Saxton Oval,4,43.4,43.4,Central Stags,Wellington Firebirds,GR Hay,AY Patel,JS Patel,0,4,,,,4,,,,,,,,,
1120120,2017/18,2017-11-24,Saxton Oval,4,43.5,43.5,Central Stags,Wellington Firebirds,GR Hay,AY Patel,JS Patel,0,0,,,,,,,,,,,,,
1120120,2017/18,2017-11-24,Saxton Oval,4,43.6,43.6,Central Stags,Wellington Firebirds,GR Hay,AY Patel,JS Patel,0,0,,,,,,,,,,,,,
1120120,2017/18,2017-11-24,Saxton Oval,4,44.1,44.1,Central Stags,Wellington Firebirds,AY Patel,GR Hay,IG McPeake,0,0,,,,,,,,,,,,,
1120120,2017/18,2017-11-24,Saxton Oval,4,44.2,44.2,Central Stags,Wellington Firebirds,AY Patel,GR Hay,IG McPeake,1,0,,,,,,,,,,,,,
1120120,2017/18,2017-11-24,Saxton Oval,4,44.3,44.3,Central Stags,Wellington Firebirds,GR Hay,AY Patel,IG McPeake,0,0,,,,,,,,,,,,,
1120120,2017/18,2017-11-24,Saxton Oval,4,44.4,44.4,Central Stags,Wellington Firebirds,GR Hay,AY Patel,IG McPeake,4,0,,,,,,,,,,,,,
1120120,2017/18,2017-11-24,Saxton Oval,4,44.5,44.5,Central Stags,Wellington Firebirds,GR Hay,AY Patel,IG McPeake,0,0,,,,,,,,,,,,,
1120120,2017/18,2017-11-24,Saxton Oval,4,44.6,44.6,Central Stags,Wellington Firebirds,GR Hay,AY Patel,IG McPeake,0,0,,,,,,,,,,,,,
1120120,2017/18,2017-11-24,Saxton Oval,4,45.1,45.1,Central Stags,Wellington Firebirds,AY Patel,GR Hay,JS Patel,0,0,,,,,,,,,,,,,
1120120,2017/18,2017-11-24,Saxton Oval,4,45.2,45.2,Central Stags,Wellington Firebirds,AY Patel,GR Hay,JS Patel,0,0,,,,,,,,,,,,,
1120120,2017/18,2017-11-24,Saxton Oval,4,45.3,45.3,Central Stags,Wellington Firebirds,AY Patel,GR Hay,JS Patel,0,0,,,,,,,,,,,,,
1120120,2017/18,2017-11-24,Saxton Oval,4,45.4,45.4,Central Stags,Wellington Firebirds,AY Patel,GR Hay,JS Patel,2,0,,,,,,,,,,,,,
1120120,2017/18,2017-11-24,Saxton Oval,4,45.5,45.5,Central Stags,Wellington Firebirds,AY Patel,GR Hay,JS Patel,0,0,,,,,,,,,,,,,
1120120,2017/18,2017-11-24,Saxton Oval,4,45.6,45.6,Central Stags,Wellington Firebirds,AY Patel,GR Hay,JS Patel,0,0,,,,,,,,,,,,,
1120120,2017/18,2017-11-24,Saxton Oval,4,46.1,46.1,Central Stags,Wellington Firebirds,GR Hay,AY Patel,IG McPeake,1,0,,,,,,,,,,,,,
1120120,2017/18,2017-11-24,Saxton Oval,4,46.2,46.2,Central Stags,Wellington Firebirds,AY Patel,GR Hay,IG McPeake,0,0,,,,,,,,,,,,,
1120120,2017/18,2017-11-24,Saxton Oval,4,46.3,46.3,Central Stags,Wellington Firebirds,AY Patel,GR Hay,IG McPeake,3,0,,,,,,,,,,,,,
1120120,2017/18,2017-11-24,Saxton Oval,4,46.4,46.4,Central Stags,Wellington Firebirds,GR Hay,AY Patel,IG McPeake,0,0,,,,,,,,,,,,,
1120120,2017/18,2017-11-24,Saxton Oval,4,46.5,46.5,Central Stags,Wellington Firebirds,GR Hay,AY Patel,IG McPeake,1,0,,,,,,,,,,,,,
1120120,2017/18,2017-11-24,Saxton Oval,4,46.6,46.6,Central Stags,Wellington Firebirds,AY Patel,GR Hay,IG McPeake,4,0,,,,,,,,,,,,,
1120120,2017/18,2017-11-24,Saxton Oval,4,47.1,47.1,Central Stags,Wellington Firebirds,GR Hay,AY Patel,T Muller,0,0,,,,,,,,,,,,,
1120120,2017/18,2017-11-24,Saxton Oval,4,47.2,47.2,Central Stags,Wellington Firebirds,GR Hay,AY Patel,T Muller,0,0,,,,,,,,,,,,,
1120120,2017/18,2017-11-24,Saxton Oval,4,47.3,47.3,Central Stags,Wellington Firebirds,GR Hay,AY Patel,T Muller,0,0,,,,,,,,,,,,,
1120120,2017/18,2017-11-24,Saxton Oval,4,47.4,47.4,Central Stags,Wellington Firebirds,GR Hay,AY Patel,T Muller,0,0,,,,,,,,,,,,,
1120120,2017/18,2017-11-24,Saxton Oval,4,47.5,47.5,Central Stags,Wellington Firebirds,GR Hay,AY Patel,T Muller,1,0,,,,,,,,,,,,,
1120120,2017/18,2017-11-24,Saxton Oval,4,47.6,47.6,Central Stags,Wellington Firebirds,AY Patel,GR Hay,T Muller,4,0,,,,,,,,,,,,,
1120120,2017/18,2017-11-24,Saxton Oval,4,48.1,48.1,Central Stags,Wellington Firebirds,GR Hay,AY Patel,JS Patel,0,0,,,,,,,,,,,,,
1120120,2017/18,2017-11-24,Saxton Oval,4,48.2,48.2,Central Stags,Wellington Firebirds,GR Hay,AY Patel,JS Patel,0,0,,,,,,,,,,,,,
1120120,2017/18,2017-11-24,Saxton Oval,4,48.3,48.3,Central Stags,Wellington Firebirds,GR Hay,AY Patel,JS Patel,0,0,,,,,,,,,,,,,
1120120,2017/18,2017-11-24,Saxton Oval,4,48.4,48.4,Central Stags,Wellington Firebirds,GR Hay,AY Patel,JS Patel,0,0,,,,,,,,,,,,,
1120120,2017/18,2017-11-24,Saxton Oval,4,48.5,48.5,Central Stags,Wellington Firebirds,GR Hay,AY Patel,JS Patel,0,0,,,,,,,,,,,,,
1120120,2017/18,2017-11-24,Saxton Oval,4,48.6,48.6,Central Stags,Wellington Firebirds,GR Hay,AY Patel,JS Patel,0,0,,,,,,,,,,,,,
1120120,2017/18,2017-11-24,Saxton Oval,4,49.1,49.1,Central Stags,Wellington Firebirds,AY Patel,GR Hay,T Muller,0,0,,,,,,,,,,,,,
1120120,2017/18,2017-11-24,Saxton Oval,4,49.2,49.2,Central Stags,Wellington Firebirds,AY Patel,GR Hay,T Muller,0,0,,,,,,,,,,,,,
1120120,2017/18,2017-11-24,Saxton Oval,4,49.3,49.3,Central Stags,Wellington Firebirds,AY Patel,GR Hay,T Muller,0,0,,,,,,,,,,,,,
1120120,2017/18,2017-11-24,Saxton Oval,4,49.4,49.4,Central Stags,Wellington Firebirds,AY Patel,GR Hay,T Muller,0,0,,,,,,,,,,,,,
1120120,2017/18,2017-11-24,Saxton Oval,4,49.5,49.5,Central Stags,Wellington Firebirds,AY Patel,GR Hay,T Muller,4,0,,,,,,,,,,,,,
1120120,2017/18,2017-11-24,Saxton Oval,4,49.6,49.6,Central Stags,Wellington Firebirds,AY Patel,GR Hay,T Muller,1,0,,,,,,,,,,,,,
1120120,2017/18,2017-11-24,Saxton Oval,4,50.1,50.1,Central Stags,Wellington Firebirds,AY Patel,GR Hay,JS Patel,0,0,,,,,,,,,,,,,
1120120,2017/18,2017-11-24,Saxton Oval,4,50.2,50.2,Central Stags,Wellington Firebirds,AY Patel,GR Hay,JS Patel,4,0,,,,,,,,,,,,,
1120120,2017/18,2017-11-24,Saxton Oval,4,50.3,50.3,Central Stags,Wellington Firebirds,AY Patel,GR Hay,JS Patel,0,0,,,,,,,,,,,,,
1120120,2017/18,2017-11-24,Saxton Oval,4,50.4,50.4,Central Stags,Wellington Firebirds,AY Patel,GR Hay,JS Patel,0,0,,,,,,,,,,,,,
1120120,2017/18,2017-11-24,Saxton Oval,4,50.5,50.5,Central Stags,Wellington Firebirds,AY Patel,GR Hay,JS Patel,0,0,,,,,,,,,,,,,
1120120,2017/18,2017-11-24,Saxton Oval,4,50.6,50.6,Central Stags,Wellington Firebirds,AY Patel,GR Hay,JS Patel,0,0,,,,,,,,,,,,,
1120120,2017/18,2017-11-24,Saxton Oval,4,51.1,51.1,Central Stags,Wellington Firebirds,GR Hay,AY Patel,T Muller,1,0,,,,,,,,,,,,,
1120120,2017/18,2017-11-24,Saxton Oval,4,51.2,51.2,Central Stags,Wellington Firebirds,AY Patel,GR Hay,T Muller,0,0,,,,,,,,,,,,,
1120120,2017/18,2017-11-24,Saxton Oval,4,51.3,51.3,Central Stags,Wellington Firebirds,AY Patel,GR Hay,T Muller,0,0,,,,,,,,,,,,,
1120120,2017/18,2017-11-24,Saxton Oval,4,51.4,51.4,Central Stags,Wellington Firebirds,AY Patel,GR Hay,T Muller,0,0,,,,,,,,,,,,,
1120120,2017/18,2017-11-24,Saxton Oval,4,51.5,51.5,Central Stags,Wellington Firebirds,AY Patel,GR Hay,T Muller,0,0,,,,,,,,,,,,,
1120120,2017/18,2017-11-24,Saxton Oval,4,51.6,51.6,Central Stags,Wellington Firebirds,AY Patel,GR Hay,T Muller,2,0,,,,,,,,,,,,,
