match_id,season,start_date,venue,innings,ball,actual_delivery,batting_team,bowling_team,striker,non_striker,bowler,runs_off_bat,extras,wides,noballs,byes,legbyes,penalty,non_boundary,wicket_type,player_dismissed,other_wicket_type,other_player_dismissed,fielder_1,fielder_2,fielder_3
1127736,2018,2018-09-18,"Grace Road, Leicester",1,0.1,0.1,Leicestershire,Durham,A Javid,ST Evans,C Rushworth,0,1,,,,1,,,,,,,,,
1127736,2018,2018-09-18,"Grace Road, Leicester",1,0.2,0.2,Leicestershire,Durham,ST Evans,A Javid,C Rushworth,0,0,,,,,,,,,,,,,
1127736,2018,2018-09-18,"Grace Road, Leicester",1,0.3,0.3,Leicestershire,Durham,ST Evans,A Javid,C Rushworth,0,0,,,,,,,,,,,,,
1127736,2018,2018-09-18,"Grace Road, Leicester",1,0.4,0.4,Leicestershire,Durham,ST Evans,A Javid,C Rushworth,0,0,,,,,,,,,,,,,
1127736,2018,2018-09-18,"Grace Road, Leicester",1,0.5,0.5,Leicestershire,Durham,ST Evans,A Javid,C Rushworth,0,0,,,,,,,,,,,,,
1127736,2018,2018-09-18,"Grace Road, Leicester",1,0.6,0.6,Leicestershire,Durham,ST Evans,A Javid,C Rushworth,0,0,,,,,,,,,,,,,
1127736,2018,2018-09-18,"Grace Road, Leicester",1,1.1,1.1,Leicestershire,Durham,A Javid,ST Evans,MET Salisbury,2,0,,,,,,,,,,,,,
1127736,2018,2018-09-18,"Grace Road, Leicester",1,1.2,1.2,Leicestershire,Durham,A Javid,ST Evans,MET Salisbury,0,0,,,,,,,,,,,,,
1127736,2018,2018-09-18,"Grace Road, Leicester",1,1.3,1.3,Leicestershire,Durham,A Javid,ST Evans,MET Salisbury,0,0,,,,,,,,,,,,,
1127736,2018,2018-09-18,"Grace Road, Leicester",1,1.4,1.4,Leicestershire,Durham,A Javid,ST Evans,MET Salisbury,0,0,,,,,,,,,,,,,
1127736,2018,2018-09-18,"Grace Road, Leicester",1,1.5,1.5,Leicestershire,Durham,A Javid,ST Evans,MET Salisbury,0,0,,,,,,,,,,,,,
1127736,2018,2018-09-18,"Grace Road, Leicester",1,1.6,1.6,Leicestershire,Durham,A Javid,ST Evans,MET Salisbury,0,0,,,,,,,,,,,,,
1127736,2018,2018-09-18,"Grace Road, Leicester",1,2.1,2.1,Leicestershire,Durham,ST Evans,A Javid,C Rushworth,3,0,,,,,,,,,,,,,
1127736,2018,2018-09-18,"Grace Road, Leicester",1,2.2,2.2,Leicestershire,Durham,A Javid,ST Evans,C Rushworth,0,0,,,,,,,,,,,,,
1127736,2018,2018-09-18,"Grace Road, Leicester",1,2.3,2.3,Leicestershire,Durham,A Javid,ST Evans,C Rushworth,0,0,,,,,,,,,,,,,
1127736,2018,2018-09-18,"Grace Road, Leicester",1,2.4,2.4,Leicestershire,Durham,A Javid,ST Evans,C Rushworth,4,0,,,,,,,,,,,,,
1127736,2018,2018-09-18,"Grace Road, Leicester",1,2.5,2.5,Leicestershire,Durham,A Javid,ST Evans,C Rushworth,0,0,,,,,,,,,,,,,
1127736,2018,2018-09-18,"Grace Road, Leicester",1,2.6,2.6,Leicestershire,Durham,A Javid,ST Evans,C Rushworth,1,0,,,,,,,,,,,,,
1127736,2018,2018-09-18,"Grace Road, Leicester",1,3.1,3.1,Leicestershire,Durham,A Javid,ST Evans,MET Salisbury,0,1,,,,1,,,,,,,,,
1127736,2018,2018-09-18,"Grace Road, Leicester",1,3.2,3.2,Leicestershire,Durham,ST Evans,A Javid,MET Salisbury,1,0,,,,,,,,,,,,,
1127736,2018,2018-09-18,"Grace Road, Leicester",1,3.3,3.3,Leicestershire,Durham,A Javid,ST Evans,MET Salisbury,2,0,,,,,,,,,,,,,
1127736,2018,2018-09-18,"Grace Road, Leicester",1,3.4,3.4,Leicestershire,Durham,A Javid,ST Evans,MET Salisbury,0,0,,,,,,,,,,,,,
1127736,2018,2018-09-18,"Grace Road, Leicester",1,3.5,3.5,Leicestershire,Durham,A Javid,ST Evans,MET Salisbury,0,0,,,,,,,,,,,,,
1127736,2018,2018-09-18,"Grace Road, Leicester",1,3.6,3.6,Leicestershire,Durham,A Javid,ST Evans,MET Salisbury,1,0,,,,,,,,,,,,,
1127736,2018,2018-09-18,"Grace Road, Leicester",1,4.1,4.1,Leicestershire,Durham,A Javid,ST Evans,C Rushworth,0,0,,,,,,,,,,,,,
1127736,2018,2018-09-18,"Grace Road, Leicester",1,4.2,4.2,Leicestershire,Durham,A Javid,ST Evans,C Rushworth,0,0,,,,,,,,,,,,,
1127736,2018,2018-09-18,"Grace Road, Leicester",1,4.3,4.3,Leicestershire,Durham,A Javid,ST Evans,C Rushworth,2,0,,,,,,,,,,,,,
1127736,2018,2018-09-18,"Grace Road, Leicester",1,4.4,4.4,Leicestershire,Durham,A Javid,ST Evans,C Rushworth,4,0,,,,,,,,,,,,,
1127736,2018,2018-09-18,"Grace Road, Leicester",1,4.5,4.5,Leicestershire,Durham,A Javid,ST Evans,C Rushworth,0,0,,,,,,,,,,,,,
1127736,2018,2018-09-18,"Grace Road, Leicester",1,4.6,4.6,Leicestershire,Durham,A Javid,ST Evans,C Rushworth,0,0,,,,,,,,,,,,,
1127736,2018,2018-09-18,"Grace Road, Leicester",1,5.1,5.1,Leicestershire,Durham,ST Evans,A Javid,MET Salisbury,0,0,,,,,,,,,,,,,
1127736,2018,2018-09-18,"Grace Road, Leicester",1,5.2,5.2,Leicestershire,Durham,ST Evans,A Javid,MET Salisbury,0,0,,,,,,,,,,,,,
1127736,2018,2018-09-18,"Grace Road, Leicester",1,5.3,5.3,Leicestershire,Durham,ST Evans,A Javid,MET Salisbury,2,0,,,,,,,,,,,,,
1127736,2018,2018-09-18,"Grace Road, Leicester",1,5.4,5.4,Leicestershire,Durham,ST Evans,A Javid,MET Salisbury,0,0,,,,,,,,,,,,,
1127736,2018,2018-09-18,"Grace Road, Leicester",1,5.5,5.5,Leicestershire,Durham,ST Evans,A Javid,MET Salisbury,4,0,,,,,,,,,,,,,
1127736,2018,2018-09-18,"Grace Road, Leicester",1,5.6,5.6,Leicestershire,Durham,ST Evans,A Javid,MET Salisbury,0,0,,,,,,,,,,,,,
1127736,2018,2018-09-18,"Grace Road, Leicester",1,6.1,6.1,Leicestershire,Durham,A Javid,ST Evans,C Rushworth,0,0,,,,,,,,,,,,,
1127736,2018,2018-09-18,"Grace Road, Leicester",1,6.2,6.2,Leicestershire,Durham,A Javid,ST Evans,C Rushworth,0,0,,,,,,,,,,,,,
1127736,2018,2018-09-18,"Grace Road, Leicester",1,6.3,6.3,Leicestershire,Durham,A Javid,ST Evans,C Rushworth,0,0,,,,,,,,,,,,,
1127736,2018,2018-09-18,"Grace Road, Leicester",1,6.4,6.4,Leicestershire,Durham,A Javid,ST Evans,C Rushworth,0,0,,,,,,,,,,,,,
1127736,2018,2018-09-18,"Grace Road, Leicester",1,6.5,6.5,Leicestershire,Durham,A Javid,ST Evans,C Rushworth,0,0,,,,,,,,,,,,,
1127736,2018,2018-09-18,"Grace Road, Leicester",1,6.6,6.6,Leicestershire,Durham,A Javid,ST Evans,C Rushworth,0,0,,,,,,,,,,,,,
1127736,2018,2018-09-18,"Grace Road, Leicester",1,7.1,7.1,Leicestershire,Durham,ST Evans,A Javid,MET Salisbury,0,0,,,,,,,,,,,,,
1127736,2018,2018-09-18,"Grace Road, Leicester",1,7.2,7.2,Leicestershire,Durham,ST Evans,A Javid,MET Salisbury,0,0,,,,,,,,,,,,,
1127736,2018,2018-09-18,"Grace Road, Leicester",1,7.3,7.3,Leicestershire,Durham,ST Evans,A Javid,MET Salisbury,0,0,,,,,,,,,,,,,
1127736,2018,2018-09-18,"Grace Road, Leicester",1,7.4,7.4,Leicestershire,Durham,ST Evans,A Javid,MET Salisbury,0,0,,,,,,,,,,,,,
1127736,2018,2018-09-18,"Grace Road, Leicester",1,7.5,7.5,Leicestershire,Durham,ST Evans,A Javid,MET Salisbury,0,0,,,,,,,,,,,,,
1127736,2018,2018-09-18,"Grace Road, Leicester",1,7.6,7.6,Leicestershire,Durham,ST Evans,A Javid,MET Salisbury,0,0,,,,,,,,,,,,,
1127736,2018,2018-09-18,"Grace Road, Leicester",1,8.1,8.1,Leicestershire,Durham,A Javid,ST Evans,C Rushworth,3,0,,,,,,,,,,,,,
1127736,2018,2018-09-18,"Grace Road, Leicester",1,8.2,8.2,Leicestershire,Durham,ST Evans,A Javid,C Rushworth,0,0,,,,,,,,,,,,,
1127736,2018,2018-09-18,"Grace Road, Leicester",1,8.3,8.3,Leicestershire,Durham,ST Evans,A Javid,C Rushworth,0,0,,,,,,,,,,,,,
1127736,2018,2018-09-18,"Grace Road, Leicester",1,8.4,8.4,Leicestershire,Durham,ST Evans,A Javid,C Rushworth,0,0,,,,,,,,,,,,,
1127736,2018,2018-09-18,"Grace Road, Leicester",1,8.5,8.5,Leicestershire,Durham,ST Evans,A Javid,C Rushworth,0,0,,,,,,,,,,,,,
1127736,2018,2018-09-18,"Grace Road, Leicester",1,8.6,8.6,Leicestershire,Durham,ST Evans,A Javid,C Rushworth,0,0,,,,,,,,,,,,,
1127736,2018,2018-09-18,"Grace Road, Leicester",1,9.1,9.1,Leicestershire,Durham,A Javid,ST Evans,MET Salisbury,0,0,,,,,,,,,,,,,
1127736,2018,2018-09-18,"Grace Road, Leicester",1,9.2,9.2,Leicestershire,Durham,A Javid,ST Evans,MET Salisbury,0,0,,,,,,,,,,,,,
1127736,2018,2018-09-18,"Grace Road, Leicester",1,9.3,9.3,Leicestershire,Durham,A Javid,ST Evans,MET Salisbury,0,0,,,,,,,,,,,,,
1127736,2018,2018-09-18,"Grace Road, Leicester",1,9.4,9.4,Leicestershire,Durham,A Javid,ST Evans,MET Salisbury,0,0,,,,,,,,,,,,,
1127736,2018,2018-09-18,"Grace Road, Leicester",1,9.5,9.5,Leicestershire,Durham,A Javid,ST Evans,MET Salisbury,0,0,,,,,,,,,,,,,
1127736,2018,2018-09-18,"Grace Road, Leicester",1,9.6,9.6,Leicestershire,Durham,A Javid,ST Evans,MET Salisbury,0,0,,,,,,,,,,,,,
1127736,2018,2018-09-18,"Grace Road, Leicester",1,10.1,10.1,Leicestershire,Durham,ST Evans,A Javid,C Rushworth,0,0,,,,,,,,,,,,,
1127736,2018,2018-09-18,"Grace Road, Leicester",1,10.2,10.2,Leicestershire,Durham,ST Evans,A Javid,C Rushworth,0,0,,,,,,,,,,,,,
1127736,2018,2018-09-18,"Grace Road, Leicester",1,10.3,10.3,Leicestershire,Durham,ST Evans,A Javid,C Rushworth,0,0,,,,,,,lbw,ST Evans,,,,,
1127736,2018,2018-09-18,"Grace Road, Leicester",1,10.4,10.4,Leicestershire,Durham,CN Ackermann,A Javid,C Rushworth,0,0,,,,,,,,,,,,,
1127736,2018,2018-09-18,"Grace Road, Leicester",1,10.5,10.5,Leicestershire,Durham,CN Ackermann,A Javid,C Rushworth,0,0,,,,,,,,,,,,,
1127736,2018,2018-09-18,"Grace Road, Leicester",1,10.6,10.6,Leicestershire,Durham,CN Ackermann,A Javid,C Rushworth,0,0,,,,,,,,,,,,,
1127736,2018,2018-09-18,"Grace Road, Leicester",1,11.1,11.1,Leicestershire,Durham,A Javid,CN Ackermann,BJ McCarthy,4,0,,,,,,,,,,,,,
1127736,2018,2018-09-18,"Grace Road, Leicester",1,11.2,11.2,Leicestershire,Durham,A Javid,CN Ackermann,BJ McCarthy,0,0,,,,,,,,,,,,,
1127736,2018,2018-09-18,"Grace Road, Leicester",1,11.3,11.3,Leicestershire,Durham,A Javid,CN Ackermann,BJ McCarthy,0,0,,,,,,,,,,,,,
1127736,2018,2018-09-18,"Grace Road, Leicester",1,11.4,11.4,Leicestershire,Durham,A Javid,CN Ackermann,BJ McCarthy,1,0,,,,,,,,,,,,,
1127736,2018,2018-09-18,"Grace Road, Leicester",1,11.5,11.5,Leicestershire,Durham,CN Ackermann,A Javid,BJ McCarthy,0,0,,,,,,,,,,,,,
1127736,2018,2018-09-18,"Grace Road, Leicester",1,11.6,11.6,Leicestershire,Durham,CN Ackermann,A Javid,BJ McCarthy,0,0,,,,,,,,,,,,,
1127736,2018,2018-09-18,"Grace Road, Leicester",1,12.1,12.1,Leicestershire,Durham,A Javid,CN Ackermann,C Rushworth,0,0,,,,,,,,,,,,,
1127736,2018,2018-09-18,"Grace Road, Leicester",1,12.2,12.2,Leicestershire,Durham,A Javid,CN Ackermann,C Rushworth,0,0,,,,,,,,,,,,,
1127736,2018,2018-09-18,"Grace Road, Leicester",1,12.3,12.3,Leicestershire,Durham,A Javid,CN Ackermann,C Rushworth,0,0,,,,,,,,,,,,,
1127736,2018,2018-09-18,"Grace Road, Leicester",1,12.4,12.4,Leicestershire,Durham,A Javid,CN Ackermann,C Rushworth,0,0,,,,,,,,,,,,,
1127736,2018,2018-09-18,"Grace Road, Leicester",1,12.5,12.5,Leicestershire,Durham,A Javid,CN Ackermann,C Rushworth,0,0,,,,,,,,,,,,,
1127736,2018,2018-09-18,"Grace Road, Leicester",1,12.6,12.6,Leicestershire,Durham,A Javid,CN Ackermann,C Rushworth,0,0,,,,,,,,,,,,,
1127736,2018,2018-09-18,"Grace Road, Leicester",1,13.1,13.1,Leicestershire,Durham,CN Ackermann,A Javid,BJ McCarthy,0,0,,,,,,,,,,,,,
1127736,2018,2018-09-18,"Grace Road, Leicester",1,13.2,13.2,Leicestershire,Durham,CN Ackermann,A Javid,BJ McCarthy,1,0,,,,,,,,,,,,,
1127736,2018,2018-09-18,"Grace Road, Leicester",1,13.3,13.3,Leicestershire,Durham,A Javid,CN Ackermann,BJ McCarthy,0,0,,,,,,,,,,,,,
1127736,2018,2018-09-18,"Grace Road, Leicester",1,13.4,13.4,Leicestershire,Durham,A Javid,CN Ackermann,BJ McCarthy,1,0,,,,,,,,,,,,,
1127736,2018,2018-09-18,"Grace Road, Leicester",1,13.5,13.5,Leicestershire,Durham,CN Ackermann,A Javid,BJ McCarthy,0,0,,,,,,,,,,,,,
1127736,2018,2018-09-18,"Grace Road, Leicester",1,13.6,13.6,Leicestershire,Durham,CN Ackermann,A Javid,BJ McCarthy,0,0,,,,,,,,,,,,,
1127736,2018,2018-09-18,"Grace Road, Leicester",1,14.1,14.1,Leicestershire,Durham,A Javid,CN Ackermann,C Rushworth,0,0,,,,,,,,,,,,,
1127736,2018,2018-09-18,"Grace Road, Leicester",1,14.2,14.2,Leicestershire,Durham,A Javid,CN Ackermann,C Rushworth,0,0,,,,,,,,,,,,,
1127736,2018,2018-09-18,"Grace Road, Leicester",1,14.3,14.3,Leicestershire,Durham,A Javid,CN Ackermann,C Rushworth,0,0,,,,,,,,,,,,,
1127736,2018,2018-09-18,"Grace Road, Leicester",1,14.4,14.4,Leicestershire,Durham,A Javid,CN Ackermann,C Rushworth,0,0,,,,,,,,,,,,,
1127736,2018,2018-09-18,"Grace Road, Leicester",1,14.5,14.5,Leicestershire,Durham,A Javid,CN Ackermann,C Rushworth,0,0,,,,,,,,,,,,,
1127736,2018,2018-09-18,"Grace Road, Leicester",1,14.6,14.6,Leicestershire,Durham,A Javid,CN Ackermann,C Rushworth,0,4,,,,4,,,,,,,,,
1127736,2018,2018-09-18,"Grace Road, Leicester",1,15.1,15.1,Leicestershire,Durham,CN Ackermann,A Javid,BJ McCarthy,1,0,,,,,,,,,,,,,
1127736,2018,2018-09-18,"Grace Road, Leicester",1,15.2,15.2,Leicestershire,Durham,A Javid,CN Ackermann,BJ McCarthy,0,0,,,,,,,,,,,,,
1127736,2018,2018-09-18,"Grace Road, Leicester",1,15.3,15.3,Leicestershire,Durham,A Javid,CN Ackermann,BJ McCarthy,0,0,,,,,,,,,,,,,
1127736,2018,2018-09-18,"Grace Road, Leicester",1,15.4,15.4,Leicestershire,Durham,A Javid,CN Ackermann,BJ McCarthy,1,0,,,,,,,,,,,,,
1127736,2018,2018-09-18,"Grace Road, Leicester",1,15.5,15.5,Leicestershire,Durham,CN Ackermann,A Javid,BJ McCarthy,2,0,,,,,,,,,,,,,
1127736,2018,2018-09-18,"Grace Road, Leicester",1,15.6,15.6,Leicestershire,Durham,CN Ackermann,A Javid,BJ McCarthy,0,0,,,,,,,,,,,,,
1127736,2018,2018-09-18,"Grace Road, Leicester",1,16.1,16.1,Leicestershire,Durham,A Javid,CN Ackermann,MA Wood,2,0,,,,,,,,,,,,,
1127736,2018,2018-09-18,"Grace Road, Leicester",1,16.2,16.2,Leicestershire,Durham,A Javid,CN Ackermann,MA Wood,0,0,,,,,,,,,,,,,
1127736,2018,2018-09-18,"Grace Road, Leicester",1,16.3,16.3,Leicestershire,Durham,A Javid,CN Ackermann,MA Wood,0,0,,,,,,,,,,,,,
1127736,2018,2018-09-18,"Grace Road, Leicester",1,16.4,16.4,Leicestershire,Durham,A Javid,CN Ackermann,MA Wood,0,0,,,,,,,,,,,,,
1127736,2018,2018-09-18,"Grace Road, Leicester",1,16.5,16.5,Leicestershire,Durham,A Javid,CN Ackermann,MA Wood,0,0,,,,,,,,,,,,,
1127736,2018,2018-09-18,"Grace Road, Leicester",1,16.6,16.6,Leicestershire,Durham,A Javid,CN Ackermann,MA Wood,0,0,,,,,,,,,,,,,
1127736,2018,2018-09-18,"Grace Road, Leicester",1,17.1,17.1,Leicestershire,Durham,CN Ackermann,A Javid,BJ McCarthy,0,0,,,,,,,,,,,,,
1127736,2018,2018-09-18,"Grace Road, Leicester",1,17.2,17.2,Leicestershire,Durham,CN Ackermann,A Javid,BJ McCarthy,0,0,,,,,,,,,,,,,
1127736,2018,2018-09-18,"Grace Road, Leicester",1,17.3,17.3,Leicestershire,Durham,CN Ackermann,A Javid,BJ McCarthy,2,0,,,,,,,,,,,,,
1127736,2018,2018-09-18,"Grace Road, Leicester",1,17.4,17.4,Leicestershire,Durham,CN Ackermann,A Javid,BJ McCarthy,0,0,,,,,,,,,,,,,
1127736,2018,2018-09-18,"Grace Road, Leicester",1,17.5,17.5,Leicestershire,Durham,CN Ackermann,A Javid,BJ McCarthy,0,0,,,,,,,,,,,,,
1127736,2018,2018-09-18,"Grace Road, Leicester",1,17.6,17.6,Leicestershire,Durham,CN Ackermann,A Javid,BJ McCarthy,0,0,,,,,,,,,,,,,
1127736,2018,2018-09-18,"Grace Road, Leicester",1,18.1,18.1,Leicestershire,Durham,A Javid,CN Ackermann,MA Wood,0,0,,,,,,,,,,,,,
1127736,2018,2018-09-18,"Grace Road, Leicester",1,18.2,18.2,Leicestershire,Durham,A Javid,CN Ackermann,MA Wood,0,0,,,,,,,,,,,,,
1127736,2018,2018-09-18,"Grace Road, Leicester",1,18.3,18.3,Leicestershire,Durham,A Javid,CN Ackermann,MA Wood,1,0,,,,,,,,,,,,,
1127736,2018,2018-09-18,"Grace Road, Leicester",1,18.4,18.4,Leicestershire,Durham,CN Ackermann,A Javid,MA Wood,0,0,,,,,,,,,,,,,
1127736,2018,2018-09-18,"Grace Road, Leicester",1,18.5,18.5,Leicestershire,Durham,CN Ackermann,A Javid,MA Wood,0,0,,,,,,,,,,,,,
1127736,2018,2018-09-18,"Grace Road, Leicester",1,18.6,18.6,Leicestershire,Durham,CN Ackermann,A Javid,MA Wood,1,0,,,,,,,,,,,,,
1127736,2018,2018-09-18,"Grace Road, Leicester",1,19.1,19.1,Leicestershire,Durham,CN Ackermann,A Javid,BJ McCarthy,0,0,,,,,,,,,,,,,
1127736,2018,2018-09-18,"Grace Road, Leicester",1,19.2,19.2,Leicestershire,Durham,CN Ackermann,A Javid,BJ McCarthy,0,0,,,,,,,,,,,,,
1127736,2018,2018-09-18,"Grace Road, Leicester",1,19.3,19.3,Leicestershire,Durham,CN Ackermann,A Javid,BJ McCarthy,0,0,,,,,,,,,,,,,
1127736,2018,2018-09-18,"Grace Road, Leicester",1,19.4,19.4,Leicestershire,Durham,CN Ackermann,A Javid,BJ McCarthy,1,0,,,,,,,,,,,,,
1127736,2018,2018-09-18,"Grace Road, Leicester",1,19.5,19.5,Leicestershire,Durham,A Javid,CN Ackermann,BJ McCarthy,2,0,,,,,,,,,,,,,
1127736,2018,2018-09-18,"Grace Road, Leicester",1,19.6,19.6,Leicestershire,Durham,A Javid,CN Ackermann,BJ McCarthy,0,0,,,,,,,,,,,,,
1127736,2018,2018-09-18,"Grace Road, Leicester",1,20.1,20.1,Leicestershire,Durham,CN Ackermann,A Javid,MA Wood,0,0,,,,,,,,,,,,,
1127736,2018,2018-09-18,"Grace Road, Leicester",1,20.2,20.2,Leicestershire,Durham,CN Ackermann,A Javid,MA Wood,0,0,,,,,,,,,,,,,
1127736,2018,2018-09-18,"Grace Road, Leicester",1,20.3,20.3,Leicestershire,Durham,CN Ackermann,A Javid,MA Wood,0,0,,,,,,,,,,,,,
1127736,2018,2018-09-18,"Grace Road, Leicester",1,20.4,20.4,Leicestershire,Durham,CN Ackermann,A Javid,MA Wood,1,0,,,,,,,,,,,,,
1127736,2018,2018-09-18,"Grace Road, Leicester",1,20.5,20.5,Leicestershire,Durham,A Javid,CN Ackermann,MA Wood,1,0,,,,,,,,,,,,,
1127736,2018,2018-09-18,"Grace Road, Leicester",1,20.6,20.6,Leicestershire,Durham,CN Ackermann,A Javid,MA Wood,1,0,,,,,,,,,,,,,
1127736,2018,2018-09-18,"Grace Road, Leicester",1,21.1,21.1,Leicestershire,Durham,CN Ackermann,A Javid,BJ McCarthy,0,0,,,,,,,,,,,,,
1127736,2018,2018-09-18,"Grace Road, Leicester",1,21.2,21.2,Leicestershire,Durham,CN Ackermann,A Javid,BJ McCarthy,4,0,,,,,,,,,,,,,
1127736,2018,2018-09-18,"Grace Road, Leicester",1,21.3,21.3,Leicestershire,Durham,CN Ackermann,A Javid,BJ McCarthy,4,0,,,,,,,,,,,,,
1127736,2018,2018-09-18,"Grace Road, Leicester",1,21.4,21.4,Leicestershire,Durham,CN Ackermann,A Javid,BJ McCarthy,0,0,,,,,,,,,,,,,
1127736,2018,2018-09-18,"Grace Road, Leicester",1,21.5,21.5,Leicestershire,Durham,CN Ackermann,A Javid,BJ McCarthy,0,0,,,,,,,caught,CN Ackermann,,,SW Poynter,,
1127736,2018,2018-09-18,"Grace Road, Leicester",1,21.6,21.6,Leicestershire,Durham,MJ Cosgrove,A Javid,BJ McCarthy,0,0,,,,,,,,,,,,,
1127736,2018,2018-09-18,"Grace Road, Leicester",1,22.1,22.1,Leicestershire,Durham,A Javid,MJ Cosgrove,MA Wood,0,0,,,,,,,,,,,,,
1127736,2018,2018-09-18,"Grace Road, Leicester",1,22.2,22.2,Leicestershire,Durham,A Javid,MJ Cosgrove,MA Wood,0,0,,,,,,,,,,,,,
1127736,2018,2018-09-18,"Grace Road, Leicester",1,22.3,22.3,Leicestershire,Durham,A Javid,MJ Cosgrove,MA Wood,3,0,,,,,,,,,,,,,
1127736,2018,2018-09-18,"Grace Road, Leicester",1,22.4,22.4,Leicestershire,Durham,MJ Cosgrove,A Javid,MA Wood,0,0,,,,,,,,,,,,,
1127736,2018,2018-09-18,"Grace Road, Leicester",1,22.5,22.5,Leicestershire,Durham,MJ Cosgrove,A Javid,MA Wood,0,0,,,,,,,,,,,,,
1127736,2018,2018-09-18,"Grace Road, Leicester",1,22.6,22.6,Leicestershire,Durham,MJ Cosgrove,A Javid,MA Wood,0,0,,,,,,,,,,,,,
1127736,2018,2018-09-18,"Grace Road, Leicester",1,23.1,23.1,Leicestershire,Durham,A Javid,MJ Cosgrove,BJ McCarthy,1,0,,,,,,,,,,,,,
1127736,2018,2018-09-18,"Grace Road, Leicester",1,23.2,23.2,Leicestershire,Durham,MJ Cosgrove,A Javid,BJ McCarthy,0,0,,,,,,,,,,,,,
1127736,2018,2018-09-18,"Grace Road, Leicester",1,23.3,23.3,Leicestershire,Durham,MJ Cosgrove,A Javid,BJ McCarthy,0,0,,,,,,,,,,,,,
1127736,2018,2018-09-18,"Grace Road, Leicester",1,23.4,23.4,Leicestershire,Durham,MJ Cosgrove,A Javid,BJ McCarthy,0,0,,,,,,,,,,,,,
1127736,2018,2018-09-18,"Grace Road, Leicester",1,23.5,23.5,Leicestershire,Durham,MJ Cosgrove,A Javid,BJ McCarthy,0,0,,,,,,,,,,,,,
1127736,2018,2018-09-18,"Grace Road, Leicester",1,23.6,23.6,Leicestershire,Durham,MJ Cosgrove,A Javid,BJ McCarthy,0,0,,,,,,,,,,,,,
1127736,2018,2018-09-18,"Grace Road, Leicester",1,24.1,24.1,Leicestershire,Durham,A Javid,MJ Cosgrove,MA Wood,0,0,,,,,,,,,,,,,
1127736,2018,2018-09-18,"Grace Road, Leicester",1,24.2,24.2,Leicestershire,Durham,A Javid,MJ Cosgrove,MA Wood,0,0,,,,,,,,,,,,,
1127736,2018,2018-09-18,"Grace Road, Leicester",1,24.3,24.3,Leicestershire,Durham,A Javid,MJ Cosgrove,MA Wood,0,0,,,,,,,,,,,,,
1127736,2018,2018-09-18,"Grace Road, Leicester",1,24.4,24.4,Leicestershire,Durham,A Javid,MJ Cosgrove,MA Wood,0,0,,,,,,,,,,,,,
1127736,2018,2018-09-18,"Grace Road, Leicester",1,24.5,24.5,Leicestershire,Durham,A Javid,MJ Cosgrove,MA Wood,0,0,,,,,,,,,,,,,
1127736,2018,2018-09-18,"Grace Road, Leicester",1,24.6,24.6,Leicestershire,Durham,A Javid,MJ Cosgrove,MA Wood,4,0,,,,,,,,,,,,,
1127736,2018,2018-09-18,"Grace Road, Leicester",1,25.1,25.1,Leicestershire,Durham,MJ Cosgrove,A Javid,PD Collingwood,0,0,,,,,,,,,,,,,
1127736,2018,2018-09-18,"Grace Road, Leicester",1,25.2,25.2,Leicestershire,Durham,MJ Cosgrove,A Javid,PD Collingwood,0,0,,,,,,,,,,,,,
1127736,2018,2018-09-18,"Grace Road, Leicester",1,25.3,25.3,Leicestershire,Durham,MJ Cosgrove,A Javid,PD Collingwood,0,0,,,,,,,,,,,,,
1127736,2018,2018-09-18,"Grace Road, Leicester",1,25.4,25.4,Leicestershire,Durham,MJ Cosgrove,A Javid,PD Collingwood,0,0,,,,,,,,,,,,,
1127736,2018,2018-09-18,"Grace Road, Leicester",1,25.5,25.5,Leicestershire,Durham,MJ Cosgrove,A Javid,PD Collingwood,0,0,,,,,,,,,,,,,
1127736,2018,2018-09-18,"Grace Road, Leicester",1,25.6,25.6,Leicestershire,Durham,MJ Cosgrove,A Javid,PD Collingwood,0,0,,,,,,,,,,,,,
1127736,2018,2018-09-18,"Grace Road, Leicester",1,26.1,26.1,Leicestershire,Durham,A Javid,MJ Cosgrove,MA Wood,0,0,,,,,,,,,,,,,
1127736,2018,2018-09-18,"Grace Road, Leicester",1,26.2,26.2,Leicestershire,Durham,A Javid,MJ Cosgrove,MA Wood,1,0,,,,,,,,,,,,,
1127736,2018,2018-09-18,"Grace Road, Leicester",1,26.3,26.3,Leicestershire,Durham,MJ Cosgrove,A Javid,MA Wood,0,0,,,,,,,,,,,,,
1127736,2018,2018-09-18,"Grace Road, Leicester",1,26.4,26.4,Leicestershire,Durham,MJ Cosgrove,A Javid,MA Wood,0,0,,,,,,,,,,,,,
1127736,2018,2018-09-18,"Grace Road, Leicester",1,26.5,26.5,Leicestershire,Durham,MJ Cosgrove,A Javid,MA Wood,0,1,,,,1,,,,,,,,,
1127736,2018,2018-09-18,"Grace Road, Leicester",1,26.6,26.6,Leicestershire,Durham,A Javid,MJ Cosgrove,MA Wood,0,0,,,,,,,,,,,,,
1127736,2018,2018-09-18,"Grace Road, Leicester",1,27.1,27.1,Leicestershire,Durham,MJ Cosgrove,A Javid,PD Collingwood,0,0,,,,,,,,,,,,,
1127736,2018,2018-09-18,"Grace Road, Leicester",1,27.2,27.2,Leicestershire,Durham,MJ Cosgrove,A Javid,PD Collingwood,0,0,,,,,,,,,,,,,
1127736,2018,2018-09-18,"Grace Road, Leicester",1,27.3,27.3,Leicestershire,Durham,MJ Cosgrove,A Javid,PD Collingwood,0,0,,,,,,,,,,,,,
1127736,2018,2018-09-18,"Grace Road, Leicester",1,27.4,27.4,Leicestershire,Durham,MJ Cosgrove,A Javid,PD Collingwood,2,0,,,,,,,,,,,,,
1127736,2018,2018-09-18,"Grace Road, Leicester",1,27.5,27.5,Leicestershire,Durham,MJ Cosgrove,A Javid,PD Collingwood,0,0,,,,,,,,,,,,,
1127736,2018,2018-09-18,"Grace Road, Leicester",1,27.6,27.6,Leicestershire,Durham,MJ Cosgrove,A Javid,PD Collingwood,0,0,,,,,,,,,,,,,
1127736,2018,2018-09-18,"Grace Road, Leicester",1,28.1,28.1,Leicestershire,Durham,A Javid,MJ Cosgrove,C Rushworth,0,0,,,,,,,,,,,,,
1127736,2018,2018-09-18,"Grace Road, Leicester",1,28.2,28.2,Leicestershire,Durham,A Javid,MJ Cosgrove,C Rushworth,0,0,,,,,,,,,,,,,
1127736,2018,2018-09-18,"Grace Road, Leicester",1,28.3,28.3,Leicestershire,Durham,A Javid,MJ Cosgrove,C Rushworth,0,0,,,,,,,,,,,,,
1127736,2018,2018-09-18,"Grace Road, Leicester",1,28.4,28.4,Leicestershire,Durham,A Javid,MJ Cosgrove,C Rushworth,2,0,,,,,,,,,,,,,
1127736,2018,2018-09-18,"Grace Road, Leicester",1,28.5,28.5,Leicestershire,Durham,A Javid,MJ Cosgrove,C Rushworth,0,0,,,,,,,,,,,,,
1127736,2018,2018-09-18,"Grace Road, Leicester",1,28.6,28.6,Leicestershire,Durham,A Javid,MJ Cosgrove,C Rushworth,0,0,,,,,,,,,,,,,
1127736,2018,2018-09-18,"Grace Road, Leicester",1,29.1,29.1,Leicestershire,Durham,MJ Cosgrove,A Javid,PD Collingwood,0,0,,,,,,,,,,,,,
1127736,2018,2018-09-18,"Grace Road, Leicester",1,29.2,29.2,Leicestershire,Durham,MJ Cosgrove,A Javid,PD Collingwood,0,0,,,,,,,,,,,,,
1127736,2018,2018-09-18,"Grace Road, Leicester",1,29.3,29.3,Leicestershire,Durham,MJ Cosgrove,A Javid,PD Collingwood,0,0,,,,,,,,,,,,,
1127736,2018,2018-09-18,"Grace Road, Leicester",1,29.4,29.4,Leicestershire,Durham,MJ Cosgrove,A Javid,PD Collingwood,0,0,,,,,,,,,,,,,
1127736,2018,2018-09-18,"Grace Road, Leicester",1,29.5,29.5,Leicestershire,Durham,MJ Cosgrove,A Javid,PD Collingwood,0,0,,,,,,,,,,,,,
1127736,2018,2018-09-18,"Grace Road, Leicester",1,29.6,29.6,Leicestershire,Durham,MJ Cosgrove,A Javid,PD Collingwood,0,0,,,,,,,,,,,,,
1127736,2018,2018-09-18,"Grace Road, Leicester",1,30.1,30.1,Leicestershire,Durham,A Javid,MJ Cosgrove,C Rushworth,0,0,,,,,,,,,,,,,
1127736,2018,2018-09-18,"Grace Road, Leicester",1,30.2,30.2,Leicestershire,Durham,A Javid,MJ Cosgrove,C Rushworth,1,0,,,,,,,,,,,,,
1127736,2018,2018-09-18,"Grace Road, Leicester",1,30.3,30.3,Leicestershire,Durham,MJ Cosgrove,A Javid,C Rushworth,0,0,,,,,,,,,,,,,
1127736,2018,2018-09-18,"Grace Road, Leicester",1,30.4,30.4,Leicestershire,Durham,MJ Cosgrove,A Javid,C Rushworth,0,0,,,,,,,,,,,,,
1127736,2018,2018-09-18,"Grace Road, Leicester",1,30.5,30.5,Leicestershire,Durham,MJ Cosgrove,A Javid,C Rushworth,4,0,,,,,,,,,,,,,
1127736,2018,2018-09-18,"Grace Road, Leicester",1,30.6,30.6,Leicestershire,Durham,MJ Cosgrove,A Javid,C Rushworth,0,0,,,,,,,,,,,,,
1127736,2018,2018-09-18,"Grace Road, Leicester",1,31.1,31.1,Leicestershire,Durham,A Javid,MJ Cosgrove,PD Collingwood,4,0,,,,,,,,,,,,,
1127736,2018,2018-09-18,"Grace Road, Leicester",1,31.2,31.2,Leicestershire,Durham,A Javid,MJ Cosgrove,PD Collingwood,0,0,,,,,,,,,,,,,
1127736,2018,2018-09-18,"Grace Road, Leicester",1,31.3,31.3,Leicestershire,Durham,A Javid,MJ Cosgrove,PD Collingwood,0,0,,,,,,,,,,,,,
1127736,2018,2018-09-18,"Grace Road, Leicester",1,31.4,31.4,Leicestershire,Durham,A Javid,MJ Cosgrove,PD Collingwood,1,0,,,,,,,,,,,,,
1127736,2018,2018-09-18,"Grace Road, Leicester",1,31.5,31.5,Leicestershire,Durham,MJ Cosgrove,A Javid,PD Collingwood,0,0,,,,,,,,,,,,,
1127736,2018,2018-09-18,"Grace Road, Leicester",1,31.6,31.6,Leicestershire,Durham,MJ Cosgrove,A Javid,PD Collingwood,0,1,,,1,,,,,,,,,,
1127736,2018,2018-09-18,"Grace Road, Leicester",1,32.1,32.1,Leicestershire,Durham,MJ Cosgrove,A Javid,C Rushworth,1,0,,,,,,,,,,,,,
1127736,2018,2018-09-18,"Grace Road, Leicester",1,32.2,32.2,Leicestershire,Durham,A Javid,MJ Cosgrove,C Rushworth,0,0,,,,,,,,,,,,,
1127736,2018,2018-09-18,"Grace Road, Leicester",1,32.3,32.3,Leicestershire,Durham,A Javid,MJ Cosgrove,C Rushworth,0,0,,,,,,,,,,,,,
1127736,2018,2018-09-18,"Grace Road, Leicester",1,32.4,32.4,Leicestershire,Durham,A Javid,MJ Cosgrove,C Rushworth,1,0,,,,,,,,,,,,,
1127736,2018,2018-09-18,"Grace Road, Leicester",1,32.5,32.5,Leicestershire,Durham,MJ Cosgrove,A Javid,C Rushworth,2,0,,,,,,,,,,,,,
1127736,2018,2018-09-18,"Grace Road, Leicester",1,32.6,32.6,Leicestershire,Durham,MJ Cosgrove,A Javid,C Rushworth,0,0,,,,,,,,,,,,,
1127736,2018,2018-09-18,"Grace Road, Leicester",1,33.1,33.1,Leicestershire,Durham,A Javid,MJ Cosgrove,PD Collingwood,0,0,,,,,,,,,,,,,
1127736,2018,2018-09-18,"Grace Road, Leicester",1,33.2,33.2,Leicestershire,Durham,A Javid,MJ Cosgrove,PD Collingwood,0,0,,,,,,,,,,,,,
1127736,2018,2018-09-18,"Grace Road, Leicester",1,33.3,33.3,Leicestershire,Durham,A Javid,MJ Cosgrove,PD Collingwood,4,0,,,,,,,,,,,,,
1127736,2018,2018-09-18,"Grace Road, Leicester",1,33.4,33.4,Leicestershire,Durham,A Javid,MJ Cosgrove,PD Collingwood,0,0,,,,,,,,,,,,,
1127736,2018,2018-09-18,"Grace Road, Leicester",1,33.5,33.5,Leicestershire,Durham,A Javid,MJ Cosgrove,PD Collingwood,0,0,,,,,,,,,,,,,
1127736,2018,2018-09-18,"Grace Road, Leicester",1,33.6,33.6,Leicestershire,Durham,A Javid,MJ Cosgrove,PD Collingwood,0,0,,,,,,,,,,,,,
1127736,2018,2018-09-18,"Grace Road, Leicester",1,34.1,34.1,Leicestershire,Durham,MJ Cosgrove,A Javid,C Rushworth,0,0,,,,,,,,,,,,,
1127736,2018,2018-09-18,"Grace Road, Leicester",1,34.2,34.2,Leicestershire,Durham,MJ Cosgrove,A Javid,C Rushworth,1,0,,,,,,,,,,,,,
1127736,2018,2018-09-18,"Grace Road, Leicester",1,34.3,34.3,Leicestershire,Durham,A Javid,MJ Cosgrove,C Rushworth,1,0,,,,,,,,,,,,,
1127736,2018,2018-09-18,"Grace Road, Leicester",1,34.4,34.4,Leicestershire,Durham,MJ Cosgrove,A Javid,C Rushworth,0,0,,,,,,,,,,,,,
1127736,2018,2018-09-18,"Grace Road, Leicester",1,34.5,34.5,Leicestershire,Durham,MJ Cosgrove,A Javid,C Rushworth,0,0,,,,,,,,,,,,,
1127736,2018,2018-09-18,"Grace Road, Leicester",1,34.6,34.6,Leicestershire,Durham,MJ Cosgrove,A Javid,C Rushworth,0,0,,,,,,,,,,,,,
1127736,2018,2018-09-18,"Grace Road, Leicester",1,35.1,35.1,Leicestershire,Durham,A Javid,MJ Cosgrove,PD Collingwood,0,0,,,,,,,,,,,,,
1127736,2018,2018-09-18,"Grace Road, Leicester",1,35.2,35.2,Leicestershire,Durham,A Javid,MJ Cosgrove,PD Collingwood,0,0,,,,,,,,,,,,,
1127736,2018,2018-09-18,"Grace Road, Leicester",1,35.3,35.3,Leicestershire,Durham,A Javid,MJ Cosgrove,PD Collingwood,1,0,,,,,,,,,,,,,
1127736,2018,2018-09-18,"Grace Road, Leicester",1,35.4,35.4,Leicestershire,Durham,MJ Cosgrove,A Javid,PD Collingwood,0,0,,,,,,,,,,,,,
1127736,2018,2018-09-18,"Grace Road, Leicester",1,35.5,35.5,Leicestershire,Durham,MJ Cosgrove,A Javid,PD Collingwood,1,0,,,,,,,,,,,,,
1127736,2018,2018-09-18,"Grace Road, Leicester",1,35.6,35.6,Leicestershire,Durham,A Javid,MJ Cosgrove,PD Collingwood,0,0,,,,,,,,,,,,,
1127736,2018,2018-09-18,"Grace Road, Leicester",1,36.1,36.1,Leicestershire,Durham,MJ Cosgrove,A Javid,C Rushworth,1,0,,,,,,,,,,,,,
1127736,2018,2018-09-18,"Grace Road, Leicester",1,36.2,36.2,Leicestershire,Durham,A Javid,MJ Cosgrove,C Rushworth,0,0,,,,,,,,,,,,,
1127736,2018,2018-09-18,"Grace Road, Leicester",1,36.3,36.3,Leicestershire,Durham,A Javid,MJ Cosgrove,C Rushworth,0,0,,,,,,,,,,,,,
1127736,2018,2018-09-18,"Grace Road, Leicester",1,36.4,36.4,Leicestershire,Durham,A Javid,MJ Cosgrove,C Rushworth,1,0,,,,,,,,,,,,,
1127736,2018,2018-09-18,"Grace Road, Leicester",1,36.5,36.5,Leicestershire,Durham,MJ Cosgrove,A Javid,C Rushworth,0,0,,,,,,,,,,,,,
1127736,2018,2018-09-18,"Grace Road, Leicester",1,36.6,36.6,Leicestershire,Durham,MJ Cosgrove,A Javid,C Rushworth,4,0,,,,,,,,,,,,,
1127736,2018,2018-09-18,"Grace Road, Leicester",1,37.1,37.1,Leicestershire,Durham,A Javid,MJ Cosgrove,PD Collingwood,0,0,,,,,,,,,,,,,
1127736,2018,2018-09-18,"Grace Road, Leicester",1,37.2,37.2,Leicestershire,Durham,A Javid,MJ Cosgrove,PD Collingwood,0,0,,,,,,,,,,,,,
1127736,2018,2018-09-18,"Grace Road, Leicester",1,37.3,37.3,Leicestershire,Durham,A Javid,MJ Cosgrove,PD Collingwood,1,0,,,,,,,,,,,,,
1127736,2018,2018-09-18,"Grace Road, Leicester",1,37.4,37.4,Leicestershire,Durham,MJ Cosgrove,A Javid,PD Collingwood,0,0,,,,,,,,,,,,,
1127736,2018,2018-09-18,"Grace Road, Leicester",1,37.5,37.5,Leicestershire,Durham,MJ Cosgrove,A Javid,PD Collingwood,0,0,,,,,,,,,,,,,
1127736,2018,2018-09-18,"Grace Road, Leicester",1,37.6,37.6,Leicestershire,Durham,MJ Cosgrove,A Javid,PD Collingwood,1,0,,,,,,,,,,,,,
1127736,2018,2018-09-18,"Grace Road, Leicester",1,38.1,38.1,Leicestershire,Durham,MJ Cosgrove,A Javid,C Rushworth,2,0,,,,,,,,,,,,,
1127736,2018,2018-09-18,"Grace Road, Leicester",1,38.2,38.2,Leicestershire,Durham,MJ Cosgrove,A Javid,C Rushworth,0,0,,,,,,,,,,,,,
1127736,2018,2018-09-18,"Grace Road, Leicester",1,38.3,38.3,Leicestershire,Durham,MJ Cosgrove,A Javid,C Rushworth,4,0,,,,,,,,,,,,,
1127736,2018,2018-09-18,"Grace Road, Leicester",1,38.4,38.4,Leicestershire,Durham,MJ Cosgrove,A Javid,C Rushworth,0,0,,,,,,,,,,,,,
1127736,2018,2018-09-18,"Grace Road, Leicester",1,38.5,38.5,Leicestershire,Durham,MJ Cosgrove,A Javid,C Rushworth,1,0,,,,,,,,,,,,,
1127736,2018,2018-09-18,"Grace Road, Leicester",1,38.6,38.6,Leicestershire,Durham,A Javid,MJ Cosgrove,C Rushworth,0,0,,,,,,,lbw,A Javid,,,,,
1127736,2018,2018-09-18,"Grace Road, Leicester",1,39.1,39.1,Leicestershire,Durham,MJ Cosgrove,HE Dearden,BJ McCarthy,1,0,,,,,,,,,,,,,
1127736,2018,2018-09-18,"Grace Road, Leicester",1,39.2,39.2,Leicestershire,Durham,HE Dearden,MJ Cosgrove,BJ McCarthy,0,0,,,,,,,,,,,,,
1127736,2018,2018-09-18,"Grace Road, Leicester",1,39.3,39.3,Leicestershire,Durham,HE Dearden,MJ Cosgrove,BJ McCarthy,0,0,,,,,,,,,,,,,
1127736,2018,2018-09-18,"Grace Road, Leicester",1,39.4,39.4,Leicestershire,Durham,HE Dearden,MJ Cosgrove,BJ McCarthy,0,0,,,,,,,,,,,,,
1127736,2018,2018-09-18,"Grace Road, Leicester",1,39.5,39.5,Leicestershire,Durham,HE Dearden,MJ Cosgrove,BJ McCarthy,0,0,,,,,,,,,,,,,
1127736,2018,2018-09-18,"Grace Road, Leicester",1,39.6,39.6,Leicestershire,Durham,HE Dearden,MJ Cosgrove,BJ McCarthy,1,0,,,,,,,,,,,,,
1127736,2018,2018-09-18,"Grace Road, Leicester",1,40.1,40.1,Leicestershire,Durham,HE Dearden,MJ Cosgrove,C Rushworth,0,0,,,,,,,,,,,,,
1127736,2018,2018-09-18,"Grace Road, Leicester",1,40.2,40.2,Leicestershire,Durham,HE Dearden,MJ Cosgrove,C Rushworth,0,0,,,,,,,,,,,,,
1127736,2018,2018-09-18,"Grace Road, Leicester",1,40.3,40.3,Leicestershire,Durham,HE Dearden,MJ Cosgrove,C Rushworth,0,0,,,,,,,,,,,,,
1127736,2018,2018-09-18,"Grace Road, Leicester",1,40.4,40.4,Leicestershire,Durham,HE Dearden,MJ Cosgrove,C Rushworth,0,0,,,,,,,,,,,,,
1127736,2018,2018-09-18,"Grace Road, Leicester",1,40.5,40.5,Leicestershire,Durham,HE Dearden,MJ Cosgrove,C Rushworth,0,0,,,,,,,,,,,,,
1127736,2018,2018-09-18,"Grace Road, Leicester",1,40.6,40.6,Leicestershire,Durham,HE Dearden,MJ Cosgrove,C Rushworth,0,0,,,,,,,,,,,,,
1127736,2018,2018-09-18,"Grace Road, Leicester",1,41.1,41.1,Leicestershire,Durham,MJ Cosgrove,HE Dearden,BJ McCarthy,0,0,,,,,,,,,,,,,
1127736,2018,2018-09-18,"Grace Road, Leicester",1,41.2,41.2,Leicestershire,Durham,MJ Cosgrove,HE Dearden,BJ McCarthy,0,0,,,,,,,,,,,,,
1127736,2018,2018-09-18,"Grace Road, Leicester",1,41.3,41.3,Leicestershire,Durham,MJ Cosgrove,HE Dearden,BJ McCarthy,0,0,,,,,,,,,,,,,
1127736,2018,2018-09-18,"Grace Road, Leicester",1,41.4,41.4,Leicestershire,Durham,MJ Cosgrove,HE Dearden,BJ McCarthy,0,1,,,,1,,,,,,,,,
1127736,2018,2018-09-18,"Grace Road, Leicester",1,41.5,41.5,Leicestershire,Durham,HE Dearden,MJ Cosgrove,BJ McCarthy,0,0,,,,,,,,,,,,,
1127736,2018,2018-09-18,"Grace Road, Leicester",1,41.6,41.6,Leicestershire,Durham,HE Dearden,MJ Cosgrove,BJ McCarthy,0,0,,,,,,,,,,,,,
1127736,2018,2018-09-18,"Grace Road, Leicester",1,42.1,42.1,Leicestershire,Durham,MJ Cosgrove,HE Dearden,C Rushworth,2,0,,,,,,,,,,,,,
1127736,2018,2018-09-18,"Grace Road, Leicester",1,42.2,42.2,Leicestershire,Durham,MJ Cosgrove,HE Dearden,C Rushworth,0,0,,,,,,,,,,,,,
1127736,2018,2018-09-18,"Grace Road, Leicester",1,42.3,42.3,Leicestershire,Durham,MJ Cosgrove,HE Dearden,C Rushworth,4,0,,,,,,,,,,,,,
1127736,2018,2018-09-18,"Grace Road, Leicester",1,42.4,42.4,Leicestershire,Durham,MJ Cosgrove,HE Dearden,C Rushworth,1,0,,,,,,,,,,,,,
1127736,2018,2018-09-18,"Grace Road, Leicester",1,42.5,42.5,Leicestershire,Durham,HE Dearden,MJ Cosgrove,C Rushworth,4,0,,,,,,,,,,,,,
1127736,2018,2018-09-18,"Grace Road, Leicester",1,42.6,42.6,Leicestershire,Durham,HE Dearden,MJ Cosgrove,C Rushworth,0,0,,,,,,,,,,,,,
1127736,2018,2018-09-18,"Grace Road, Leicester",1,43.1,43.1,Leicestershire,Durham,MJ Cosgrove,HE Dearden,BJ McCarthy,1,0,,,,,,,,,,,,,
1127736,2018,2018-09-18,"Grace Road, Leicester",1,43.2,43.2,Leicestershire,Durham,HE Dearden,MJ Cosgrove,BJ McCarthy,0,0,,,,,,,,,,,,,
1127736,2018,2018-09-18,"Grace Road, Leicester",1,43.3,43.3,Leicestershire,Durham,HE Dearden,MJ Cosgrove,BJ McCarthy,0,0,,,,,,,,,,,,,
1127736,2018,2018-09-18,"Grace Road, Leicester",1,43.4,43.4,Leicestershire,Durham,HE Dearden,MJ Cosgrove,BJ McCarthy,0,1,,,,1,,,,,,,,,
1127736,2018,2018-09-18,"Grace Road, Leicester",1,43.5,43.5,Leicestershire,Durham,MJ Cosgrove,HE Dearden,BJ McCarthy,1,0,,,,,,,,,,,,,
1127736,2018,2018-09-18,"Grace Road, Leicester",1,43.6,43.6,Leicestershire,Durham,HE Dearden,MJ Cosgrove,BJ McCarthy,0,0,,,,,,,,,,,,,
1127736,2018,2018-09-18,"Grace Road, Leicester",1,44.1,44.1,Leicestershire,Durham,MJ Cosgrove,HE Dearden,MET Salisbury,4,0,,,,,,,,,,,,,
1127736,2018,2018-09-18,"Grace Road, Leicester",1,44.2,44.2,Leicestershire,Durham,MJ Cosgrove,HE Dearden,MET Salisbury,0,0,,,,,,,,,,,,,
1127736,2018,2018-09-18,"Grace Road, Leicester",1,44.3,44.3,Leicestershire,Durham,MJ Cosgrove,HE Dearden,MET Salisbury,0,0,,,,,,,,,,,,,
1127736,2018,2018-09-18,"Grace Road, Leicester",1,44.4,44.4,Leicestershire,Durham,MJ Cosgrove,HE Dearden,MET Salisbury,0,0,,,,,,,bowled,MJ Cosgrove,,,,,
1127736,2018,2018-09-18,"Grace Road, Leicester",1,44.5,44.5,Leicestershire,Durham,NJ Dexter,HE Dearden,MET Salisbury,0,0,,,,,,,,,,,,,
1127736,2018,2018-09-18,"Grace Road, Leicester",1,44.6,44.6,Leicestershire,Durham,NJ Dexter,HE Dearden,MET Salisbury,0,0,,,,,,,,,,,,,
1127736,2018,2018-09-18,"Grace Road, Leicester",1,45.1,45.1,Leicestershire,Durham,HE Dearden,NJ Dexter,BJ McCarthy,0,0,,,,,,,,,,,,,
1127736,2018,2018-09-18,"Grace Road, Leicester",1,45.2,45.2,Leicestershire,Durham,HE Dearden,NJ Dexter,BJ McCarthy,0,0,,,,,,,,,,,,,
1127736,2018,2018-09-18,"Grace Road, Leicester",1,45.3,45.3,Leicestershire,Durham,HE Dearden,NJ Dexter,BJ McCarthy,0,0,,,,,,,,,,,,,
1127736,2018,2018-09-18,"Grace Road, Leicester",1,45.4,45.4,Leicestershire,Durham,HE Dearden,NJ Dexter,BJ McCarthy,0,0,,,,,,,,,,,,,
1127736,2018,2018-09-18,"Grace Road, Leicester",1,45.5,45.5,Leicestershire,Durham,HE Dearden,NJ Dexter,BJ McCarthy,0,0,,,,,,,,,,,,,
1127736,2018,2018-09-18,"Grace Road, Leicester",1,45.6,45.6,Leicestershire,Durham,HE Dearden,NJ Dexter,BJ McCarthy,1,0,,,,,,,,,,,,,
1127736,2018,2018-09-18,"Grace Road, Leicester",1,46.1,46.1,Leicestershire,Durham,HE Dearden,NJ Dexter,MET Salisbury,1,0,,,,,,,,,,,,,
1127736,2018,2018-09-18,"Grace Road, Leicester",1,46.2,46.2,Leicestershire,Durham,NJ Dexter,HE Dearden,MET Salisbury,0,0,,,,,,,,,,,,,
1127736,2018,2018-09-18,"Grace Road, Leicester",1,46.3,46.3,Leicestershire,Durham,NJ Dexter,HE Dearden,MET Salisbury,4,0,,,,,,,,,,,,,
1127736,2018,2018-09-18,"Grace Road, Leicester",1,46.4,46.4,Leicestershire,Durham,NJ Dexter,HE Dearden,MET Salisbury,0,0,,,,,,,,,,,,,
1127736,2018,2018-09-18,"Grace Road, Leicester",1,46.5,46.5,Leicestershire,Durham,NJ Dexter,HE Dearden,MET Salisbury,0,0,,,,,,,,,,,,,
1127736,2018,2018-09-18,"Grace Road, Leicester",1,46.6,46.6,Leicestershire,Durham,NJ Dexter,HE Dearden,MET Salisbury,0,0,,,,,,,,,,,,,
1127736,2018,2018-09-18,"Grace Road, Leicester",1,47.1,47.1,Leicestershire,Durham,HE Dearden,NJ Dexter,BJ McCarthy,4,0,,,,,,,,,,,,,
1127736,2018,2018-09-18,"Grace Road, Leicester",1,47.2,47.2,Leicestershire,Durham,HE Dearden,NJ Dexter,BJ McCarthy,0,0,,,,,,,,,,,,,
1127736,2018,2018-09-18,"Grace Road, Leicester",1,47.3,47.3,Leicestershire,Durham,HE Dearden,NJ Dexter,BJ McCarthy,0,0,,,,,,,,,,,,,
1127736,2018,2018-09-18,"Grace Road, Leicester",1,47.4,47.4,Leicestershire,Durham,HE Dearden,NJ Dexter,BJ McCarthy,4,0,,,,,,,,,,,,,
1127736,2018,2018-09-18,"Grace Road, Leicester",1,47.5,47.5,Leicestershire,Durham,HE Dearden,NJ Dexter,BJ McCarthy,0,0,,,,,,,,,,,,,
1127736,2018,2018-09-18,"Grace Road, Leicester",1,47.6,47.6,Leicestershire,Durham,HE Dearden,NJ Dexter,BJ McCarthy,2,0,,,,,,,,,,,,,
1127736,2018,2018-09-18,"Grace Road, Leicester",1,48.1,48.1,Leicestershire,Durham,NJ Dexter,HE Dearden,MET Salisbury,0,0,,,,,,,,,,,,,
1127736,2018,2018-09-18,"Grace Road, Leicester",1,48.2,48.2,Leicestershire,Durham,NJ Dexter,HE Dearden,MET Salisbury,4,0,,,,,,,,,,,,,
1127736,2018,2018-09-18,"Grace Road, Leicester",1,48.3,48.3,Leicestershire,Durham,NJ Dexter,HE Dearden,MET Salisbury,0,0,,,,,,,,,,,,,
1127736,2018,2018-09-18,"Grace Road, Leicester",1,48.4,48.4,Leicestershire,Durham,NJ Dexter,HE Dearden,MET Salisbury,4,0,,,,,,,,,,,,,
1127736,2018,2018-09-18,"Grace Road, Leicester",1,48.5,48.5,Leicestershire,Durham,NJ Dexter,HE Dearden,MET Salisbury,0,0,,,,,,,,,,,,,
1127736,2018,2018-09-18,"Grace Road, Leicester",1,48.6,48.6,Leicestershire,Durham,NJ Dexter,HE Dearden,MET Salisbury,0,0,,,,,,,,,,,,,
1127736,2018,2018-09-18,"Grace Road, Leicester",1,49.1,49.1,Leicestershire,Durham,HE Dearden,NJ Dexter,MA Wood,1,0,,,,,,,,,,,,,
1127736,2018,2018-09-18,"Grace Road, Leicester",1,49.2,49.2,Leicestershire,Durham,NJ Dexter,HE Dearden,MA Wood,0,0,,,,,,,,,,,,,
1127736,2018,2018-09-18,"Grace Road, Leicester",1,49.3,49.3,Leicestershire,Durham,NJ Dexter,HE Dearden,MA Wood,0,0,,,,,,,,,,,,,
1127736,2018,2018-09-18,"Grace Road, Leicester",1,49.4,49.4,Leicestershire,Durham,NJ Dexter,HE Dearden,MA Wood,0,4,,,4,,,,,,,,,,
1127736,2018,2018-09-18,"Grace Road, Leicester",1,49.5,49.5,Leicestershire,Durham,NJ Dexter,HE Dearden,MA Wood,0,0,,,,,,,,,,,,,
1127736,2018,2018-09-18,"Grace Road, Leicester",1,49.6,49.6,Leicestershire,Durham,NJ Dexter,HE Dearden,MA Wood,0,0,,,,,,,,,,,,,
1127736,2018,2018-09-18,"Grace Road, Leicester",1,50.1,50.1,Leicestershire,Durham,HE Dearden,NJ Dexter,MET Salisbury,0,0,,,,,,,,,,,,,
1127736,2018,2018-09-18,"Grace Road, Leicester",1,50.2,50.2,Leicestershire,Durham,HE Dearden,NJ Dexter,MET Salisbury,0,0,,,,,,,,,,,,,
1127736,2018,2018-09-18,"Grace Road, Leicester",1,50.3,50.3,Leicestershire,Durham,HE Dearden,NJ Dexter,MET Salisbury,0,0,,,,,,,,,,,,,
1127736,2018,2018-09-18,"Grace Road, Leicester",1,50.4,50.4,Leicestershire,Durham,HE Dearden,NJ Dexter,MET Salisbury,1,0,,,,,,,,,,,,,
1127736,2018,2018-09-18,"Grace Road, Leicester",1,50.5,50.5,Leicestershire,Durham,NJ Dexter,HE Dearden,MET Salisbury,0,0,,,,,,,,,,,,,
1127736,2018,2018-09-18,"Grace Road, Leicester",1,50.6,50.6,Leicestershire,Durham,NJ Dexter,HE Dearden,MET Salisbury,0,0,,,,,,,,,,,,,
1127736,2018,2018-09-18,"Grace Road, Leicester",1,51.1,51.1,Leicestershire,Durham,HE Dearden,NJ Dexter,MA Wood,0,0,,,,,,,,,,,,,
1127736,2018,2018-09-18,"Grace Road, Leicester",1,51.2,51.2,Leicestershire,Durham,HE Dearden,NJ Dexter,MA Wood,0,0,,,,,,,,,,,,,
1127736,2018,2018-09-18,"Grace Road, Leicester",1,51.3,51.3,Leicestershire,Durham,HE Dearden,NJ Dexter,MA Wood,0,0,,,,,,,,,,,,,
1127736,2018,2018-09-18,"Grace Road, Leicester",1,51.4,51.4,Leicestershire,Durham,HE Dearden,NJ Dexter,MA Wood,0,0,,,,,,,,,,,,,
1127736,2018,2018-09-18,"Grace Road, Leicester",1,51.5,51.5,Leicestershire,Durham,HE Dearden,NJ Dexter,MA Wood,0,0,,,,,,,,,,,,,
1127736,2018,2018-09-18,"Grace Road, Leicester",1,51.6,51.6,Leicestershire,Durham,HE Dearden,NJ Dexter,MA Wood,4,0,,,,,,,,,,,,,
1127736,2018,2018-09-18,"Grace Road, Leicester",1,52.1,52.1,Leicestershire,Durham,NJ Dexter,HE Dearden,MET Salisbury,0,0,,,,,,,,,,,,,
1127736,2018,2018-09-18,"Grace Road, Leicester",1,52.2,52.2,Leicestershire,Durham,NJ Dexter,HE Dearden,MET Salisbury,4,0,,,,,,,,,,,,,
1127736,2018,2018-09-18,"Grace Road, Leicester",1,52.3,52.3,Leicestershire,Durham,NJ Dexter,HE Dearden,MET Salisbury,0,0,,,,,,,,,,,,,
1127736,2018,2018-09-18,"Grace Road, Leicester",1,52.4,52.4,Leicestershire,Durham,NJ Dexter,HE Dearden,MET Salisbury,0,0,,,,,,,,,,,,,
1127736,2018,2018-09-18,"Grace Road, Leicester",1,52.5,52.5,Leicestershire,Durham,NJ Dexter,HE Dearden,MET Salisbury,4,0,,,,,,,,,,,,,
1127736,2018,2018-09-18,"Grace Road, Leicester",1,52.6,52.6,Leicestershire,Durham,NJ Dexter,HE Dearden,MET Salisbury,0,0,,,,,,,,,,,,,
1127736,2018,2018-09-18,"Grace Road, Leicester",1,53.1,53.1,Leicestershire,Durham,HE Dearden,NJ Dexter,PD Collingwood,0,0,,,,,,,,,,,,,
1127736,2018,2018-09-18,"Grace Road, Leicester",1,53.2,53.2,Leicestershire,Durham,HE Dearden,NJ Dexter,PD Collingwood,0,0,,,,,,,,,,,,,
1127736,2018,2018-09-18,"Grace Road, Leicester",1,53.3,53.3,Leicestershire,Durham,HE Dearden,NJ Dexter,PD Collingwood,0,0,,,,,,,,,,,,,
1127736,2018,2018-09-18,"Grace Road, Leicester",1,53.4,53.4,Leicestershire,Durham,HE Dearden,NJ Dexter,PD Collingwood,2,0,,,,,,,,,,,,,
1127736,2018,2018-09-18,"Grace Road, Leicester",1,53.5,53.5,Leicestershire,Durham,HE Dearden,NJ Dexter,PD Collingwood,0,0,,,,,,,,,,,,,
1127736,2018,2018-09-18,"Grace Road, Leicester",1,53.6,53.6,Leicestershire,Durham,HE Dearden,NJ Dexter,PD Collingwood,0,0,,,,,,,,,,,,,
1127736,2018,2018-09-18,"Grace Road, Leicester",1,54.1,54.1,Leicestershire,Durham,NJ Dexter,HE Dearden,MET Salisbury,0,0,,,,,,,,,,,,,
1127736,2018,2018-09-18,"Grace Road, Leicester",1,54.2,54.2,Leicestershire,Durham,NJ Dexter,HE Dearden,MET Salisbury,1,0,,,,,,,,,,,,,
1127736,2018,2018-09-18,"Grace Road, Leicester",1,54.3,54.3,Leicestershire,Durham,HE Dearden,NJ Dexter,MET Salisbury,4,0,,,,,,,,,,,,,
1127736,2018,2018-09-18,"Grace Road, Leicester",1,54.4,54.4,Leicestershire,Durham,HE Dearden,NJ Dexter,MET Salisbury,0,0,,,,,,,,,,,,,
1127736,2018,2018-09-18,"Grace Road, Leicester",1,54.5,54.5,Leicestershire,Durham,HE Dearden,NJ Dexter,MET Salisbury,0,0,,,,,,,,,,,,,
1127736,2018,2018-09-18,"Grace Road, Leicester",1,54.6,54.6,Leicestershire,Durham,HE Dearden,NJ Dexter,MET Salisbury,2,0,,,,,,,,,,,,,
1127736,2018,2018-09-18,"Grace Road, Leicester",1,55.1,55.1,Leicestershire,Durham,NJ Dexter,HE Dearden,PD Collingwood,0,0,,,,,,,,,,,,,
1127736,2018,2018-09-18,"Grace Road, Leicester",1,55.2,55.2,Leicestershire,Durham,NJ Dexter,HE Dearden,PD Collingwood,0,0,,,,,,,,,,,,,
1127736,2018,2018-09-18,"Grace Road, Leicester",1,55.3,55.3,Leicestershire,Durham,NJ Dexter,HE Dearden,PD Collingwood,0,0,,,,,,,,,,,,,
1127736,2018,2018-09-18,"Grace Road, Leicester",1,55.4,55.4,Leicestershire,Durham,NJ Dexter,HE Dearden,PD Collingwood,1,0,,,,,,,,,,,,,
1127736,2018,2018-09-18,"Grace Road, Leicester",1,55.5,55.5,Leicestershire,Durham,HE Dearden,NJ Dexter,PD Collingwood,0,0,,,,,,,,,,,,,
1127736,2018,2018-09-18,"Grace Road, Leicester",1,55.6,55.6,Leicestershire,Durham,HE Dearden,NJ Dexter,PD Collingwood,0,0,,,,,,,,,,,,,
1127736,2018,2018-09-18,"Grace Road, Leicester",1,56.1,56.1,Leicestershire,Durham,NJ Dexter,HE Dearden,MET Salisbury,0,0,,,,,,,,,,,,,
1127736,2018,2018-09-18,"Grace Road, Leicester",1,56.2,56.2,Leicestershire,Durham,NJ Dexter,HE Dearden,MET Salisbury,0,0,,,,,,,,,,,,,
1127736,2018,2018-09-18,"Grace Road, Leicester",1,56.3,56.3,Leicestershire,Durham,NJ Dexter,HE Dearden,MET Salisbury,4,0,,,,,,,,,,,,,
1127736,2018,2018-09-18,"Grace Road, Leicester",1,56.4,56.4,Leicestershire,Durham,NJ Dexter,HE Dearden,MET Salisbury,1,0,,,,,,,,,,,,,
1127736,2018,2018-09-18,"Grace Road, Leicester",1,56.5,56.5,Leicestershire,Durham,HE Dearden,NJ Dexter,MET Salisbury,0,0,,,,,,,,,,,,,
1127736,2018,2018-09-18,"Grace Road, Leicester",1,56.6,56.6,Leicestershire,Durham,HE Dearden,NJ Dexter,MET Salisbury,0,0,,,,,,,,,,,,,
1127736,2018,2018-09-18,"Grace Road, Leicester",1,57.1,57.1,Leicestershire,Durham,NJ Dexter,HE Dearden,GJ Harte,0,0,,,,,,,,,,,,,
1127736,2018,2018-09-18,"Grace Road, Leicester",1,57.2,57.2,Leicestershire,Durham,NJ Dexter,HE Dearden,GJ Harte,0,0,,,,,,,,,,,,,
1127736,2018,2018-09-18,"Grace Road, Leicester",1,57.3,57.3,Leicestershire,Durham,NJ Dexter,HE Dearden,GJ Harte,0,0,,,,,,,,,,,,,
1127736,2018,2018-09-18,"Grace Road, Leicester",1,57.4,57.4,Leicestershire,Durham,NJ Dexter,HE Dearden,GJ Harte,4,0,,,,,,,,,,,,,
1127736,2018,2018-09-18,"Grace Road, Leicester",1,57.5,57.5,Leicestershire,Durham,NJ Dexter,HE Dearden,GJ Harte,2,0,,,,,,,,,,,,,
1127736,2018,2018-09-18,"Grace Road, Leicester",1,57.6,57.6,Leicestershire,Durham,NJ Dexter,HE Dearden,GJ Harte,4,0,,,,,,,,,,,,,
1127736,2018,2018-09-18,"Grace Road, Leicester",1,58.1,58.1,Leicestershire,Durham,HE Dearden,NJ Dexter,MA Wood,0,0,,,,,,,,,,,,,
1127736,2018,2018-09-18,"Grace Road, Leicester",1,58.2,58.2,Leicestershire,Durham,HE Dearden,NJ Dexter,MA Wood,0,0,,,,,,,,,,,,,
1127736,2018,2018-09-18,"Grace Road, Leicester",1,58.3,58.3,Leicestershire,Durham,HE Dearden,NJ Dexter,MA Wood,0,0,,,,,,,,,,,,,
1127736,2018,2018-09-18,"Grace Road, Leicester",1,58.4,58.4,Leicestershire,Durham,HE Dearden,NJ Dexter,MA Wood,0,0,,,,,,,,,,,,,
1127736,2018,2018-09-18,"Grace Road, Leicester",1,58.5,58.5,Leicestershire,Durham,HE Dearden,NJ Dexter,MA Wood,0,0,,,,,,,,,,,,,
1127736,2018,2018-09-18,"Grace Road, Leicester",1,58.6,58.6,Leicestershire,Durham,HE Dearden,NJ Dexter,MA Wood,0,0,,,,,,,,,,,,,
1127736,2018,2018-09-18,"Grace Road, Leicester",1,59.1,59.1,Leicestershire,Durham,NJ Dexter,HE Dearden,GJ Harte,4,0,,,,,,,,,,,,,
1127736,2018,2018-09-18,"Grace Road, Leicester",1,59.2,59.2,Leicestershire,Durham,NJ Dexter,HE Dearden,GJ Harte,0,0,,,,,,,,,,,,,
1127736,2018,2018-09-18,"Grace Road, Leicester",1,59.3,59.3,Leicestershire,Durham,NJ Dexter,HE Dearden,GJ Harte,0,0,,,,,,,,,,,,,
1127736,2018,2018-09-18,"Grace Road, Leicester",1,59.4,59.4,Leicestershire,Durham,NJ Dexter,HE Dearden,GJ Harte,0,0,,,,,,,,,,,,,
1127736,2018,2018-09-18,"Grace Road, Leicester",1,59.5,59.5,Leicestershire,Durham,NJ Dexter,HE Dearden,GJ Harte,1,0,,,,,,,,,,,,,
1127736,2018,2018-09-18,"Grace Road, Leicester",1,59.6,59.6,Leicestershire,Durham,HE Dearden,NJ Dexter,GJ Harte,0,0,,,,,,,,,,,,,
1127736,2018,2018-09-18,"Grace Road, Leicester",1,60.1,60.1,Leicestershire,Durham,NJ Dexter,HE Dearden,MA Wood,0,0,,,,,,,,,,,,,
1127736,2018,2018-09-18,"Grace Road, Leicester",1,60.2,60.2,Leicestershire,Durham,NJ Dexter,HE Dearden,MA Wood,0,0,,,,,,,,,,,,,
1127736,2018,2018-09-18,"Grace Road, Leicester",1,60.3,60.3,Leicestershire,Durham,NJ Dexter,HE Dearden,MA Wood,0,0,,,,,,,,,,,,,
1127736,2018,2018-09-18,"Grace Road, Leicester",1,60.4,60.4,Leicestershire,Durham,NJ Dexter,HE Dearden,MA Wood,1,0,,,,,,,,,,,,,
1127736,2018,2018-09-18,"Grace Road, Leicester",1,60.5,60.5,Leicestershire,Durham,HE Dearden,NJ Dexter,MA Wood,0,1,,,,1,,,,,,,,,
1127736,2018,2018-09-18,"Grace Road, Leicester",1,60.6,60.6,Leicestershire,Durham,NJ Dexter,HE Dearden,MA Wood,0,0,,,,,,,,,,,,,
1127736,2018,2018-09-18,"Grace Road, Leicester",1,61.1,61.1,Leicestershire,Durham,HE Dearden,NJ Dexter,GJ Harte,0,2,,,2,,,,,,,,,,
1127736,2018,2018-09-18,"Grace Road, Leicester",1,61.2,61.2,Leicestershire,Durham,HE Dearden,NJ Dexter,GJ Harte,0,0,,,,,,,,,,,,,
1127736,2018,2018-09-18,"Grace Road, Leicester",1,61.3,61.3,Leicestershire,Durham,HE Dearden,NJ Dexter,GJ Harte,1,0,,,,,,,,,,,,,
1127736,2018,2018-09-18,"Grace Road, Leicester",1,61.4,61.4,Leicestershire,Durham,NJ Dexter,HE Dearden,GJ Harte,0,0,,,,,,,lbw,NJ Dexter,,,,,
1127736,2018,2018-09-18,"Grace Road, Leicester",1,61.5,61.5,Leicestershire,Durham,LJ Hill,HE Dearden,GJ Harte,0,0,,,,,,,,,,,,,
1127736,2018,2018-09-18,"Grace Road, Leicester",1,61.6,61.6,Leicestershire,Durham,LJ Hill,HE Dearden,GJ Harte,0,0,,,,,,,,,,,,,
1127736,2018,2018-09-18,"Grace Road, Leicester",1,62.1,62.1,Leicestershire,Durham,HE Dearden,LJ Hill,MA Wood,0,0,,,,,,,,,,,,,
1127736,2018,2018-09-18,"Grace Road, Leicester",1,62.2,62.2,Leicestershire,Durham,HE Dearden,LJ Hill,MA Wood,0,0,,,,,,,caught,HE Dearden,,,SW Poynter,,
1127736,2018,2018-09-18,"Grace Road, Leicester",1,62.3,62.3,Leicestershire,Durham,BWM Mike,LJ Hill,MA Wood,1,0,,,,,,,,,,,,,
1127736,2018,2018-09-18,"Grace Road, Leicester",1,62.4,62.4,Leicestershire,Durham,LJ Hill,BWM Mike,MA Wood,0,0,,,,,,,,,,,,,
1127736,2018,2018-09-18,"Grace Road, Leicester",1,62.5,62.5,Leicestershire,Durham,LJ Hill,BWM Mike,MA Wood,1,0,,,,,,,,,,,,,
1127736,2018,2018-09-18,"Grace Road, Leicester",1,62.6,62.6,Leicestershire,Durham,BWM Mike,LJ Hill,MA Wood,0,0,,,,,,,,,,,,,
1127736,2018,2018-09-18,"Grace Road, Leicester",1,63.1,63.1,Leicestershire,Durham,LJ Hill,BWM Mike,BJ McCarthy,0,0,,,,,,,,,,,,,
1127736,2018,2018-09-18,"Grace Road, Leicester",1,63.2,63.2,Leicestershire,Durham,LJ Hill,BWM Mike,BJ McCarthy,0,0,,,,,,,,,,,,,
1127736,2018,2018-09-18,"Grace Road, Leicester",1,63.3,63.3,Leicestershire,Durham,LJ Hill,BWM Mike,BJ McCarthy,0,0,,,,,,,,,,,,,
1127736,2018,2018-09-18,"Grace Road, Leicester",1,63.4,63.4,Leicestershire,Durham,LJ Hill,BWM Mike,BJ McCarthy,1,0,,,,,,,,,,,,,
1127736,2018,2018-09-18,"Grace Road, Leicester",1,63.5,63.5,Leicestershire,Durham,BWM Mike,LJ Hill,BJ McCarthy,0,4,,,,4,,,,,,,,,
1127736,2018,2018-09-18,"Grace Road, Leicester",1,63.6,63.6,Leicestershire,Durham,BWM Mike,LJ Hill,BJ McCarthy,0,0,,,,,,,,,,,,,
1127736,2018,2018-09-18,"Grace Road, Leicester",1,64.1,64.1,Leicestershire,Durham,LJ Hill,BWM Mike,MA Wood,0,0,,,,,,,,,,,,,
1127736,2018,2018-09-18,"Grace Road, Leicester",1,64.2,64.2,Leicestershire,Durham,LJ Hill,BWM Mike,MA Wood,0,0,,,,,,,,,,,,,
1127736,2018,2018-09-18,"Grace Road, Leicester",1,64.3,64.3,Leicestershire,Durham,LJ Hill,BWM Mike,MA Wood,0,0,,,,,,,,,,,,,
1127736,2018,2018-09-18,"Grace Road, Leicester",1,64.4,64.4,Leicestershire,Durham,LJ Hill,BWM Mike,MA Wood,0,0,,,,,,,,,,,,,
1127736,2018,2018-09-18,"Grace Road, Leicester",1,64.5,64.5,Leicestershire,Durham,LJ Hill,BWM Mike,MA Wood,0,0,,,,,,,,,,,,,
1127736,2018,2018-09-18,"Grace Road, Leicester",1,64.6,64.6,Leicestershire,Durham,LJ Hill,BWM Mike,MA Wood,0,0,,,,,,,,,,,,,
1127736,2018,2018-09-18,"Grace Road, Leicester",1,65.1,65.1,Leicestershire,Durham,BWM Mike,LJ Hill,BJ McCarthy,0,0,,,,,,,,,,,,,
1127736,2018,2018-09-18,"Grace Road, Leicester",1,65.2,65.2,Leicestershire,Durham,BWM Mike,LJ Hill,BJ McCarthy,0,0,,,,,,,,,,,,,
1127736,2018,2018-09-18,"Grace Road, Leicester",1,65.3,65.3,Leicestershire,Durham,BWM Mike,LJ Hill,BJ McCarthy,0,0,,,,,,,,,,,,,
1127736,2018,2018-09-18,"Grace Road, Leicester",1,65.4,65.4,Leicestershire,Durham,BWM Mike,LJ Hill,BJ McCarthy,0,0,,,,,,,,,,,,,
1127736,2018,2018-09-18,"Grace Road, Leicester",1,65.5,65.5,Leicestershire,Durham,BWM Mike,LJ Hill,BJ McCarthy,0,0,,,,,,,,,,,,,
1127736,2018,2018-09-18,"Grace Road, Leicester",1,65.6,65.6,Leicestershire,Durham,BWM Mike,LJ Hill,BJ McCarthy,0,0,,,,,,,,,,,,,
1127736,2018,2018-09-18,"Grace Road, Leicester",1,66.1,66.1,Leicestershire,Durham,LJ Hill,BWM Mike,MA Wood,0,0,,,,,,,,,,,,,
1127736,2018,2018-09-18,"Grace Road, Leicester",1,66.2,66.2,Leicestershire,Durham,LJ Hill,BWM Mike,MA Wood,0,0,,,,,,,,,,,,,
1127736,2018,2018-09-18,"Grace Road, Leicester",1,66.3,66.3,Leicestershire,Durham,LJ Hill,BWM Mike,MA Wood,0,0,,,,,,,,,,,,,
1127736,2018,2018-09-18,"Grace Road, Leicester",1,66.4,66.4,Leicestershire,Durham,LJ Hill,BWM Mike,MA Wood,4,0,,,,,,,,,,,,,
1127736,2018,2018-09-18,"Grace Road, Leicester",1,66.5,66.5,Leicestershire,Durham,LJ Hill,BWM Mike,MA Wood,0,0,,,,,,,,,,,,,
1127736,2018,2018-09-18,"Grace Road, Leicester",1,66.6,66.6,Leicestershire,Durham,LJ Hill,BWM Mike,MA Wood,0,0,,,,,,,,,,,,,
1127736,2018,2018-09-18,"Grace Road, Leicester",1,67.1,67.1,Leicestershire,Durham,BWM Mike,LJ Hill,BJ McCarthy,0,0,,,,,,,,,,,,,
1127736,2018,2018-09-18,"Grace Road, Leicester",1,67.2,67.2,Leicestershire,Durham,BWM Mike,LJ Hill,BJ McCarthy,0,0,,,,,,,,,,,,,
1127736,2018,2018-09-18,"Grace Road, Leicester",1,67.3,67.3,Leicestershire,Durham,BWM Mike,LJ Hill,BJ McCarthy,0,0,,,,,,,,,,,,,
1127736,2018,2018-09-18,"Grace Road, Leicester",1,67.4,67.4,Leicestershire,Durham,BWM Mike,LJ Hill,BJ McCarthy,0,0,,,,,,,,,,,,,
1127736,2018,2018-09-18,"Grace Road, Leicester",1,67.5,67.5,Leicestershire,Durham,BWM Mike,LJ Hill,BJ McCarthy,0,0,,,,,,,,,,,,,
1127736,2018,2018-09-18,"Grace Road, Leicester",1,67.6,67.6,Leicestershire,Durham,BWM Mike,LJ Hill,BJ McCarthy,4,0,,,,,,,,,,,,,
1127736,2018,2018-09-18,"Grace Road, Leicester",1,68.1,68.1,Leicestershire,Durham,LJ Hill,BWM Mike,MA Wood,0,0,,,,,,,,,,,,,
1127736,2018,2018-09-18,"Grace Road, Leicester",1,68.2,68.2,Leicestershire,Durham,LJ Hill,BWM Mike,MA Wood,0,0,,,,,,,,,,,,,
1127736,2018,2018-09-18,"Grace Road, Leicester",1,68.3,68.3,Leicestershire,Durham,LJ Hill,BWM Mike,MA Wood,0,0,,,,,,,,,,,,,
1127736,2018,2018-09-18,"Grace Road, Leicester",1,68.4,68.4,Leicestershire,Durham,LJ Hill,BWM Mike,MA Wood,0,0,,,,,,,,,,,,,
1127736,2018,2018-09-18,"Grace Road, Leicester",1,68.5,68.5,Leicestershire,Durham,LJ Hill,BWM Mike,MA Wood,0,0,,,,,,,,,,,,,
1127736,2018,2018-09-18,"Grace Road, Leicester",1,68.6,68.6,Leicestershire,Durham,LJ Hill,BWM Mike,MA Wood,0,0,,,,,,,,,,,,,
1127736,2018,2018-09-18,"Grace Road, Leicester",1,69.1,69.1,Leicestershire,Durham,BWM Mike,LJ Hill,BJ McCarthy,0,0,,,,,,,,,,,,,
1127736,2018,2018-09-18,"Grace Road, Leicester",1,69.2,69.2,Leicestershire,Durham,BWM Mike,LJ Hill,BJ McCarthy,0,0,,,,,,,,,,,,,
1127736,2018,2018-09-18,"Grace Road, Leicester",1,69.3,69.3,Leicestershire,Durham,BWM Mike,LJ Hill,BJ McCarthy,0,0,,,,,,,,,,,,,
1127736,2018,2018-09-18,"Grace Road, Leicester",1,69.4,69.4,Leicestershire,Durham,BWM Mike,LJ Hill,BJ McCarthy,0,0,,,,,,,,,,,,,
1127736,2018,2018-09-18,"Grace Road, Leicester",1,69.5,69.5,Leicestershire,Durham,BWM Mike,LJ Hill,BJ McCarthy,0,0,,,,,,,,,,,,,
1127736,2018,2018-09-18,"Grace Road, Leicester",1,69.6,69.6,Leicestershire,Durham,BWM Mike,LJ Hill,BJ McCarthy,1,0,,,,,,,,,,,,,
1127736,2018,2018-09-18,"Grace Road, Leicester",1,70.1,70.1,Leicestershire,Durham,BWM Mike,LJ Hill,MA Wood,0,0,,,,,,,,,,,,,
1127736,2018,2018-09-18,"Grace Road, Leicester",1,70.2,70.2,Leicestershire,Durham,BWM Mike,LJ Hill,MA Wood,0,0,,,,,,,,,,,,,
1127736,2018,2018-09-18,"Grace Road, Leicester",1,70.3,70.3,Leicestershire,Durham,BWM Mike,LJ Hill,MA Wood,0,0,,,,,,,,,,,,,
1127736,2018,2018-09-18,"Grace Road, Leicester",1,70.4,70.4,Leicestershire,Durham,BWM Mike,LJ Hill,MA Wood,1,0,,,,,,,,,,,,,
1127736,2018,2018-09-18,"Grace Road, Leicester",1,70.5,70.5,Leicestershire,Durham,LJ Hill,BWM Mike,MA Wood,0,0,,,,,,,,,,,,,
1127736,2018,2018-09-18,"Grace Road, Leicester",1,70.6,70.6,Leicestershire,Durham,LJ Hill,BWM Mike,MA Wood,0,0,,,,,,,,,,,,,
1127736,2018,2018-09-18,"Grace Road, Leicester",1,71.1,71.1,Leicestershire,Durham,BWM Mike,LJ Hill,GJ Harte,0,0,,,,,,,,,,,,,
1127736,2018,2018-09-18,"Grace Road, Leicester",1,71.2,71.2,Leicestershire,Durham,BWM Mike,LJ Hill,GJ Harte,0,0,,,,,,,,,,,,,
1127736,2018,2018-09-18,"Grace Road, Leicester",1,71.3,71.3,Leicestershire,Durham,BWM Mike,LJ Hill,GJ Harte,0,0,,,,,,,,,,,,,
1127736,2018,2018-09-18,"Grace Road, Leicester",1,71.4,71.4,Leicestershire,Durham,BWM Mike,LJ Hill,GJ Harte,0,0,,,,,,,,,,,,,
1127736,2018,2018-09-18,"Grace Road, Leicester",1,71.5,71.5,Leicestershire,Durham,BWM Mike,LJ Hill,GJ Harte,1,0,,,,,,,,,,,,,
1127736,2018,2018-09-18,"Grace Road, Leicester",1,71.6,71.6,Leicestershire,Durham,LJ Hill,BWM Mike,GJ Harte,0,0,,,,,,,,,,,,,
1127736,2018,2018-09-18,"Grace Road, Leicester",1,72.1,72.1,Leicestershire,Durham,BWM Mike,LJ Hill,MET Salisbury,0,0,,,,,,,,,,,,,
1127736,2018,2018-09-18,"Grace Road, Leicester",1,72.2,72.2,Leicestershire,Durham,BWM Mike,LJ Hill,MET Salisbury,0,0,,,,,,,,,,,,,
1127736,2018,2018-09-18,"Grace Road, Leicester",1,72.3,72.3,Leicestershire,Durham,BWM Mike,LJ Hill,MET Salisbury,0,0,,,,,,,,,,,,,
1127736,2018,2018-09-18,"Grace Road, Leicester",1,72.4,72.4,Leicestershire,Durham,BWM Mike,LJ Hill,MET Salisbury,0,0,,,,,,,,,,,,,
1127736,2018,2018-09-18,"Grace Road, Leicester",1,72.5,72.5,Leicestershire,Durham,BWM Mike,LJ Hill,MET Salisbury,4,0,,,,,,,,,,,,,
1127736,2018,2018-09-18,"Grace Road, Leicester",1,72.6,72.6,Leicestershire,Durham,BWM Mike,LJ Hill,MET Salisbury,1,0,,,,,,,,,,,,,
1127736,2018,2018-09-18,"Grace Road, Leicester",1,73.1,73.1,Leicestershire,Durham,BWM Mike,LJ Hill,GJ Harte,0,0,,,,,,,,,,,,,
1127736,2018,2018-09-18,"Grace Road, Leicester",1,73.2,73.2,Leicestershire,Durham,BWM Mike,LJ Hill,GJ Harte,0,0,,,,,,,,,,,,,
1127736,2018,2018-09-18,"Grace Road, Leicester",1,73.3,73.3,Leicestershire,Durham,BWM Mike,LJ Hill,GJ Harte,0,0,,,,,,,,,,,,,
1127736,2018,2018-09-18,"Grace Road, Leicester",1,73.4,73.4,Leicestershire,Durham,BWM Mike,LJ Hill,GJ Harte,0,0,,,,,,,,,,,,,
1127736,2018,2018-09-18,"Grace Road, Leicester",1,73.5,73.5,Leicestershire,Durham,BWM Mike,LJ Hill,GJ Harte,0,0,,,,,,,,,,,,,
1127736,2018,2018-09-18,"Grace Road, Leicester",1,73.6,73.6,Leicestershire,Durham,BWM Mike,LJ Hill,GJ Harte,4,0,,,,,,,,,,,,,
1127736,2018,2018-09-18,"Grace Road, Leicester",1,74.1,74.1,Leicestershire,Durham,LJ Hill,BWM Mike,MET Salisbury,0,0,,,,,,,,,,,,,
1127736,2018,2018-09-18,"Grace Road, Leicester",1,74.2,74.2,Leicestershire,Durham,LJ Hill,BWM Mike,MET Salisbury,0,0,,,,,,,,,,,,,
1127736,2018,2018-09-18,"Grace Road, Leicester",1,74.3,74.3,Leicestershire,Durham,LJ Hill,BWM Mike,MET Salisbury,0,0,,,,,,,,,,,,,
1127736,2018,2018-09-18,"Grace Road, Leicester",1,74.4,74.4,Leicestershire,Durham,LJ Hill,BWM Mike,MET Salisbury,4,0,,,,,,,,,,,,,
1127736,2018,2018-09-18,"Grace Road, Leicester",1,74.5,74.5,Leicestershire,Durham,LJ Hill,BWM Mike,MET Salisbury,0,0,,,,,,,,,,,,,
1127736,2018,2018-09-18,"Grace Road, Leicester",1,74.6,74.6,Leicestershire,Durham,LJ Hill,BWM Mike,MET Salisbury,4,0,,,,,,,,,,,,,
1127736,2018,2018-09-18,"Grace Road, Leicester",1,75.1,75.1,Leicestershire,Durham,BWM Mike,LJ Hill,CT Steel,0,0,,,,,,,,,,,,,
1127736,2018,2018-09-18,"Grace Road, Leicester",1,75.2,75.2,Leicestershire,Durham,BWM Mike,LJ Hill,CT Steel,1,0,,,,,,,,,,,,,
1127736,2018,2018-09-18,"Grace Road, Leicester",1,75.3,75.3,Leicestershire,Durham,LJ Hill,BWM Mike,CT Steel,1,0,,,,,,,,,,,,,
1127736,2018,2018-09-18,"Grace Road, Leicester",1,75.4,75.4,Leicestershire,Durham,BWM Mike,LJ Hill,CT Steel,0,0,,,,,,,,,,,,,
1127736,2018,2018-09-18,"Grace Road, Leicester",1,75.5,75.5,Leicestershire,Durham,BWM Mike,LJ Hill,CT Steel,2,0,,,,,,,,,,,,,
1127736,2018,2018-09-18,"Grace Road, Leicester",1,75.6,75.6,Leicestershire,Durham,BWM Mike,LJ Hill,CT Steel,0,0,,,,,,,,,,,,,
1127736,2018,2018-09-18,"Grace Road, Leicester",1,76.1,76.1,Leicestershire,Durham,LJ Hill,BWM Mike,GJ Harte,1,0,,,,,,,,,,,,,
1127736,2018,2018-09-18,"Grace Road, Leicester",1,76.2,76.2,Leicestershire,Durham,BWM Mike,LJ Hill,GJ Harte,0,0,,,,,,,,,,,,,
1127736,2018,2018-09-18,"Grace Road, Leicester",1,76.3,76.3,Leicestershire,Durham,BWM Mike,LJ Hill,GJ Harte,0,0,,,,,,,,,,,,,
1127736,2018,2018-09-18,"Grace Road, Leicester",1,76.4,76.4,Leicestershire,Durham,BWM Mike,LJ Hill,GJ Harte,0,0,,,,,,,,,,,,,
1127736,2018,2018-09-18,"Grace Road, Leicester",1,76.5,76.5,Leicestershire,Durham,BWM Mike,LJ Hill,GJ Harte,0,0,,,,,,,lbw,BWM Mike,,,,,
1127736,2018,2018-09-18,"Grace Road, Leicester",1,76.6,76.6,Leicestershire,Durham,CF Parkinson,LJ Hill,GJ Harte,0,0,,,,,,,,,,,,,
1127736,2018,2018-09-18,"Grace Road, Leicester",1,77.1,77.1,Leicestershire,Durham,LJ Hill,CF Parkinson,CT Steel,1,0,,,,,,,,,,,,,
1127736,2018,2018-09-18,"Grace Road, Leicester",1,77.2,77.2,Leicestershire,Durham,CF Parkinson,LJ Hill,CT Steel,1,0,,,,,,,,,,,,,
1127736,2018,2018-09-18,"Grace Road, Leicester",1,77.3,77.3,Leicestershire,Durham,LJ Hill,CF Parkinson,CT Steel,1,0,,,,,,,,,,,,,
1127736,2018,2018-09-18,"Grace Road, Leicester",1,77.4,77.4,Leicestershire,Durham,CF Parkinson,LJ Hill,CT Steel,0,0,,,,,,,,,,,,,
1127736,2018,2018-09-18,"Grace Road, Leicester",1,77.5,77.5,Leicestershire,Durham,CF Parkinson,LJ Hill,CT Steel,0,0,,,,,,,,,,,,,
1127736,2018,2018-09-18,"Grace Road, Leicester",1,77.6,77.6,Leicestershire,Durham,CF Parkinson,LJ Hill,CT Steel,1,0,,,,,,,,,,,,,
1127736,2018,2018-09-18,"Grace Road, Leicester",1,78.1,78.1,Leicestershire,Durham,CF Parkinson,LJ Hill,GJ Harte,0,0,,,,,,,,,,,,,
1127736,2018,2018-09-18,"Grace Road, Leicester",1,78.2,78.2,Leicestershire,Durham,CF Parkinson,LJ Hill,GJ Harte,0,0,,,,,,,,,,,,,
1127736,2018,2018-09-18,"Grace Road, Leicester",1,78.3,78.3,Leicestershire,Durham,CF Parkinson,LJ Hill,GJ Harte,1,0,,,,,,,,,,,,,
1127736,2018,2018-09-18,"Grace Road, Leicester",1,78.4,78.4,Leicestershire,Durham,LJ Hill,CF Parkinson,GJ Harte,0,0,,,,,,,,,,,,,
1127736,2018,2018-09-18,"Grace Road, Leicester",1,78.5,78.5,Leicestershire,Durham,LJ Hill,CF Parkinson,GJ Harte,0,0,,,,,,,,,,,,,
1127736,2018,2018-09-18,"Grace Road, Leicester",1,78.6,78.6,Leicestershire,Durham,LJ Hill,CF Parkinson,GJ Harte,1,0,,,,,,,,,,,,,
1127736,2018,2018-09-18,"Grace Road, Leicester",1,79.1,79.1,Leicestershire,Durham,LJ Hill,CF Parkinson,CT Steel,1,0,,,,,,,,,,,,,
1127736,2018,2018-09-18,"Grace Road, Leicester",1,79.2,79.2,Leicestershire,Durham,CF Parkinson,LJ Hill,CT Steel,0,0,,,,,,,,,,,,,
1127736,2018,2018-09-18,"Grace Road, Leicester",1,79.3,79.3,Leicestershire,Durham,CF Parkinson,LJ Hill,CT Steel,1,0,,,,,,,,,,,,,
1127736,2018,2018-09-18,"Grace Road, Leicester",1,79.4,79.4,Leicestershire,Durham,LJ Hill,CF Parkinson,CT Steel,1,0,,,,,,,,,,,,,
1127736,2018,2018-09-18,"Grace Road, Leicester",1,79.5,79.5,Leicestershire,Durham,CF Parkinson,LJ Hill,CT Steel,0,0,,,,,,,,,,,,,
1127736,2018,2018-09-18,"Grace Road, Leicester",1,79.6,79.6,Leicestershire,Durham,CF Parkinson,LJ Hill,CT Steel,2,0,,,,,,,,,,,,,
1127736,2018,2018-09-18,"Grace Road, Leicester",1,80.1,80.1,Leicestershire,Durham,LJ Hill,CF Parkinson,C Rushworth,0,0,,,,,,,,,,,,,
1127736,2018,2018-09-18,"Grace Road, Leicester",1,80.2,80.2,Leicestershire,Durham,LJ Hill,CF Parkinson,C Rushworth,0,0,,,,,,,,,,,,,
1127736,2018,2018-09-18,"Grace Road, Leicester",1,80.3,80.3,Leicestershire,Durham,LJ Hill,CF Parkinson,C Rushworth,0,0,,,,,,,,,,,,,
1127736,2018,2018-09-18,"Grace Road, Leicester",1,80.4,80.4,Leicestershire,Durham,LJ Hill,CF Parkinson,C Rushworth,1,0,,,,,,,,,,,,,
1127736,2018,2018-09-18,"Grace Road, Leicester",1,80.5,80.5,Leicestershire,Durham,CF Parkinson,LJ Hill,C Rushworth,0,0,,,,,,,,,,,,,
1127736,2018,2018-09-18,"Grace Road, Leicester",1,80.6,80.6,Leicestershire,Durham,CF Parkinson,LJ Hill,C Rushworth,0,0,,,,,,,,,,,,,
1127736,2018,2018-09-18,"Grace Road, Leicester",1,81.1,81.1,Leicestershire,Durham,LJ Hill,CF Parkinson,MET Salisbury,0,0,,,,,,,,,,,,,
1127736,2018,2018-09-18,"Grace Road, Leicester",1,81.2,81.2,Leicestershire,Durham,LJ Hill,CF Parkinson,MET Salisbury,0,0,,,,,,,,,,,,,
1127736,2018,2018-09-18,"Grace Road, Leicester",1,81.3,81.3,Leicestershire,Durham,LJ Hill,CF Parkinson,MET Salisbury,0,0,,,,,,,,,,,,,
1127736,2018,2018-09-18,"Grace Road, Leicester",1,81.4,81.4,Leicestershire,Durham,LJ Hill,CF Parkinson,MET Salisbury,0,0,,,,,,,,,,,,,
1127736,2018,2018-09-18,"Grace Road, Leicester",1,81.5,81.5,Leicestershire,Durham,LJ Hill,CF Parkinson,MET Salisbury,1,0,,,,,,,,,,,,,
1127736,2018,2018-09-18,"Grace Road, Leicester",1,81.6,81.6,Leicestershire,Durham,CF Parkinson,LJ Hill,MET Salisbury,1,0,,,,,,,,,,,,,
1127736,2018,2018-09-18,"Grace Road, Leicester",1,82.1,82.1,Leicestershire,Durham,CF Parkinson,LJ Hill,C Rushworth,0,0,,,,,,,,,,,,,
1127736,2018,2018-09-18,"Grace Road, Leicester",1,82.2,82.2,Leicestershire,Durham,CF Parkinson,LJ Hill,C Rushworth,0,0,,,,,,,,,,,,,
1127736,2018,2018-09-18,"Grace Road, Leicester",1,82.3,82.3,Leicestershire,Durham,CF Parkinson,LJ Hill,C Rushworth,0,0,,,,,,,,,,,,,
1127736,2018,2018-09-18,"Grace Road, Leicester",1,82.4,82.4,Leicestershire,Durham,CF Parkinson,LJ Hill,C Rushworth,0,0,,,,,,,,,,,,,
1127736,2018,2018-09-18,"Grace Road, Leicester",1,82.5,82.5,Leicestershire,Durham,CF Parkinson,LJ Hill,C Rushworth,0,0,,,,,,,,,,,,,
1127736,2018,2018-09-18,"Grace Road, Leicester",1,82.6,82.6,Leicestershire,Durham,CF Parkinson,LJ Hill,C Rushworth,0,0,,,,,,,,,,,,,
1127736,2018,2018-09-18,"Grace Road, Leicester",1,83.1,83.1,Leicestershire,Durham,LJ Hill,CF Parkinson,MET Salisbury,0,0,,,,,,,,,,,,,
1127736,2018,2018-09-18,"Grace Road, Leicester",1,83.2,83.2,Leicestershire,Durham,LJ Hill,CF Parkinson,MET Salisbury,0,0,,,,,,,,,,,,,
1127736,2018,2018-09-18,"Grace Road, Leicester",1,83.3,83.3,Leicestershire,Durham,LJ Hill,CF Parkinson,MET Salisbury,0,0,,,,,,,,,,,,,
1127736,2018,2018-09-18,"Grace Road, Leicester",1,83.4,83.4,Leicestershire,Durham,LJ Hill,CF Parkinson,MET Salisbury,0,0,,,,,,,,,,,,,
1127736,2018,2018-09-18,"Grace Road, Leicester",1,83.5,83.5,Leicestershire,Durham,LJ Hill,CF Parkinson,MET Salisbury,0,0,,,,,,,,,,,,,
1127736,2018,2018-09-18,"Grace Road, Leicester",1,83.6,83.6,Leicestershire,Durham,LJ Hill,CF Parkinson,MET Salisbury,4,0,,,,,,,,,,,,,
1127736,2018,2018-09-18,"Grace Road, Leicester",1,84.1,84.1,Leicestershire,Durham,CF Parkinson,LJ Hill,C Rushworth,0,0,,,,,,,,,,,,,
1127736,2018,2018-09-18,"Grace Road, Leicester",1,84.2,84.2,Leicestershire,Durham,CF Parkinson,LJ Hill,C Rushworth,0,0,,,,,,,,,,,,,
1127736,2018,2018-09-18,"Grace Road, Leicester",1,84.3,84.3,Leicestershire,Durham,CF Parkinson,LJ Hill,C Rushworth,3,0,,,,,,,,,,,,,
1127736,2018,2018-09-18,"Grace Road, Leicester",1,84.4,84.4,Leicestershire,Durham,LJ Hill,CF Parkinson,C Rushworth,0,0,,,,,,,,,,,,,
1127736,2018,2018-09-18,"Grace Road, Leicester",1,84.5,84.5,Leicestershire,Durham,LJ Hill,CF Parkinson,C Rushworth,0,0,,,,,,,,,,,,,
1127736,2018,2018-09-18,"Grace Road, Leicester",1,84.6,84.6,Leicestershire,Durham,LJ Hill,CF Parkinson,C Rushworth,3,0,,,,,,,,,,,,,
1127736,2018,2018-09-18,"Grace Road, Leicester",1,85.1,85.1,Leicestershire,Durham,LJ Hill,CF Parkinson,MET Salisbury,0,0,,,,,,,,,,,,,
1127736,2018,2018-09-18,"Grace Road, Leicester",1,85.2,85.2,Leicestershire,Durham,LJ Hill,CF Parkinson,MET Salisbury,0,0,,,,,,,,,,,,,
1127736,2018,2018-09-18,"Grace Road, Leicester",1,85.3,85.3,Leicestershire,Durham,LJ Hill,CF Parkinson,MET Salisbury,4,0,,,,,,,,,,,,,
1127736,2018,2018-09-18,"Grace Road, Leicester",1,85.4,85.4,Leicestershire,Durham,LJ Hill,CF Parkinson,MET Salisbury,0,0,,,,,,,,,,,,,
1127736,2018,2018-09-18,"Grace Road, Leicester",1,85.5,85.5,Leicestershire,Durham,LJ Hill,CF Parkinson,MET Salisbury,0,0,,,,,,,,,,,,,
1127736,2018,2018-09-18,"Grace Road, Leicester",1,85.6,85.6,Leicestershire,Durham,LJ Hill,CF Parkinson,MET Salisbury,0,0,,,,,,,,,,,,,
1127736,2018,2018-09-18,"Grace Road, Leicester",1,86.1,86.1,Leicestershire,Durham,CF Parkinson,LJ Hill,C Rushworth,1,0,,,,,,,,,,,,,
1127736,2018,2018-09-18,"Grace Road, Leicester",1,86.2,86.2,Leicestershire,Durham,LJ Hill,CF Parkinson,C Rushworth,0,0,,,,,,,,,,,,,
1127736,2018,2018-09-18,"Grace Road, Leicester",1,86.3,86.3,Leicestershire,Durham,LJ Hill,CF Parkinson,C Rushworth,1,0,,,,,,,,,,,,,
1127736,2018,2018-09-18,"Grace Road, Leicester",1,86.4,86.4,Leicestershire,Durham,CF Parkinson,LJ Hill,C Rushworth,1,0,,,,,,,,,,,,,
1127736,2018,2018-09-18,"Grace Road, Leicester",1,86.5,86.5,Leicestershire,Durham,LJ Hill,CF Parkinson,C Rushworth,0,0,,,,,,,,,,,,,
1127736,2018,2018-09-18,"Grace Road, Leicester",1,86.6,86.6,Leicestershire,Durham,LJ Hill,CF Parkinson,C Rushworth,0,0,,,,,,,,,,,,,
1127736,2018,2018-09-18,"Grace Road, Leicester",1,87.1,87.1,Leicestershire,Durham,CF Parkinson,LJ Hill,MET Salisbury,0,0,,,,,,,,,,,,,
1127736,2018,2018-09-18,"Grace Road, Leicester",1,87.2,87.2,Leicestershire,Durham,CF Parkinson,LJ Hill,MET Salisbury,0,0,,,,,,,,,,,,,
1127736,2018,2018-09-18,"Grace Road, Leicester",1,87.3,87.3,Leicestershire,Durham,CF Parkinson,LJ Hill,MET Salisbury,1,0,,,,,,,,,,,,,
1127736,2018,2018-09-18,"Grace Road, Leicester",1,87.4,87.4,Leicestershire,Durham,LJ Hill,CF Parkinson,MET Salisbury,0,0,,,,,,,,,,,,,
1127736,2018,2018-09-18,"Grace Road, Leicester",1,87.5,87.5,Leicestershire,Durham,LJ Hill,CF Parkinson,MET Salisbury,4,0,,,,,,,,,,,,,
1127736,2018,2018-09-18,"Grace Road, Leicester",1,87.6,87.6,Leicestershire,Durham,LJ Hill,CF Parkinson,MET Salisbury,0,0,,,,,,,,,,,,,
1127736,2018,2018-09-18,"Grace Road, Leicester",1,88.1,88.1,Leicestershire,Durham,CF Parkinson,LJ Hill,MA Wood,0,0,,,,,,,,,,,,,
1127736,2018,2018-09-18,"Grace Road, Leicester",1,88.2,88.2,Leicestershire,Durham,CF Parkinson,LJ Hill,MA Wood,0,0,,,,,,,caught,CF Parkinson,,,SW Poynter,,
1127736,2018,2018-09-18,"Grace Road, Leicester",1,88.3,88.3,Leicestershire,Durham,GT Griffiths,LJ Hill,MA Wood,0,0,,,,,,,,,,,,,
1127736,2018,2018-09-18,"Grace Road, Leicester",1,88.4,88.4,Leicestershire,Durham,GT Griffiths,LJ Hill,MA Wood,1,0,,,,,,,,,,,,,
1127736,2018,2018-09-18,"Grace Road, Leicester",1,88.5,88.5,Leicestershire,Durham,LJ Hill,GT Griffiths,MA Wood,1,0,,,,,,,,,,,,,
1127736,2018,2018-09-18,"Grace Road, Leicester",1,88.6,88.6,Leicestershire,Durham,GT Griffiths,LJ Hill,MA Wood,1,0,,,,,,,,,,,,,
1127736,2018,2018-09-18,"Grace Road, Leicester",1,89.1,89.1,Leicestershire,Durham,GT Griffiths,LJ Hill,BJ McCarthy,0,0,,,,,,,,,,,,,
1127736,2018,2018-09-18,"Grace Road, Leicester",1,89.2,89.2,Leicestershire,Durham,GT Griffiths,LJ Hill,BJ McCarthy,4,0,,,,,,,,,,,,,
1127736,2018,2018-09-18,"Grace Road, Leicester",1,89.3,89.3,Leicestershire,Durham,GT Griffiths,LJ Hill,BJ McCarthy,0,0,,,,,,,,,,,,,
1127736,2018,2018-09-18,"Grace Road, Leicester",1,89.4,89.4,Leicestershire,Durham,GT Griffiths,LJ Hill,BJ McCarthy,1,0,,,,,,,,,,,,,
1127736,2018,2018-09-18,"Grace Road, Leicester",1,89.5,89.5,Leicestershire,Durham,LJ Hill,GT Griffiths,BJ McCarthy,1,0,,,,,,,,,,,,,
1127736,2018,2018-09-18,"Grace Road, Leicester",1,89.6,89.6,Leicestershire,Durham,GT Griffiths,LJ Hill,BJ McCarthy,0,0,,,,,,,,,,,,,
1127736,2018,2018-09-18,"Grace Road, Leicester",1,90.1,90.1,Leicestershire,Durham,LJ Hill,GT Griffiths,MA Wood,0,0,,,,,,,,,,,,,
1127736,2018,2018-09-18,"Grace Road, Leicester",1,90.2,90.2,Leicestershire,Durham,LJ Hill,GT Griffiths,MA Wood,0,0,,,,,,,,,,,,,
1127736,2018,2018-09-18,"Grace Road, Leicester",1,90.3,90.3,Leicestershire,Durham,LJ Hill,GT Griffiths,MA Wood,0,0,,,,,,,,,,,,,
1127736,2018,2018-09-18,"Grace Road, Leicester",1,90.4,90.4,Leicestershire,Durham,LJ Hill,GT Griffiths,MA Wood,0,0,,,,,,,,,,,,,
1127736,2018,2018-09-18,"Grace Road, Leicester",1,90.5,90.5,Leicestershire,Durham,LJ Hill,GT Griffiths,MA Wood,0,0,,,,,,,,,,,,,
1127736,2018,2018-09-18,"Grace Road, Leicester",1,90.6,90.6,Leicestershire,Durham,LJ Hill,GT Griffiths,MA Wood,0,0,,,,,,,,,,,,,
1127736,2018,2018-09-18,"Grace Road, Leicester",1,91.1,91.1,Leicestershire,Durham,GT Griffiths,LJ Hill,BJ McCarthy,0,0,,,,,,,,,,,,,
1127736,2018,2018-09-18,"Grace Road, Leicester",1,91.2,91.2,Leicestershire,Durham,GT Griffiths,LJ Hill,BJ McCarthy,4,0,,,,,,,,,,,,,
1127736,2018,2018-09-18,"Grace Road, Leicester",1,91.3,91.3,Leicestershire,Durham,GT Griffiths,LJ Hill,BJ McCarthy,4,0,,,,,,,,,,,,,
1127736,2018,2018-09-18,"Grace Road, Leicester",1,91.4,91.4,Leicestershire,Durham,GT Griffiths,LJ Hill,BJ McCarthy,1,0,,,,,,,,,,,,,
1127736,2018,2018-09-18,"Grace Road, Leicester",1,91.5,91.5,Leicestershire,Durham,LJ Hill,GT Griffiths,BJ McCarthy,0,0,,,,,,,,,,,,,
1127736,2018,2018-09-18,"Grace Road, Leicester",1,91.6,91.6,Leicestershire,Durham,LJ Hill,GT Griffiths,BJ McCarthy,0,0,,,,,,,,,,,,,
1127736,2018,2018-09-18,"Grace Road, Leicester",1,92.1,92.1,Leicestershire,Durham,GT Griffiths,LJ Hill,MA Wood,0,0,,,,,,,,,,,,,
1127736,2018,2018-09-18,"Grace Road, Leicester",1,92.2,92.2,Leicestershire,Durham,GT Griffiths,LJ Hill,MA Wood,4,0,,,,,,,,,,,,,
1127736,2018,2018-09-18,"Grace Road, Leicester",1,92.3,92.3,Leicestershire,Durham,GT Griffiths,LJ Hill,MA Wood,0,0,,,,,,,,,,,,,
1127736,2018,2018-09-18,"Grace Road, Leicester",1,92.4,92.4,Leicestershire,Durham,GT Griffiths,LJ Hill,MA Wood,0,0,,,,,,,,,,,,,
1127736,2018,2018-09-18,"Grace Road, Leicester",1,92.5,92.5,Leicestershire,Durham,GT Griffiths,LJ Hill,MA Wood,0,0,,,,,,,,,,,,,
1127736,2018,2018-09-18,"Grace Road, Leicester",1,92.6,92.6,Leicestershire,Durham,GT Griffiths,LJ Hill,MA Wood,0,0,,,,,,,,,,,,,
1127736,2018,2018-09-18,"Grace Road, Leicester",1,93.1,93.1,Leicestershire,Durham,LJ Hill,GT Griffiths,GJ Harte,1,0,,,,,,,,,,,,,
1127736,2018,2018-09-18,"Grace Road, Leicester",1,93.2,93.2,Leicestershire,Durham,GT Griffiths,LJ Hill,GJ Harte,0,0,,,,,,,,,,,,,
1127736,2018,2018-09-18,"Grace Road, Leicester",1,93.3,93.3,Leicestershire,Durham,GT Griffiths,LJ Hill,GJ Harte,0,0,,,,,,,,,,,,,
1127736,2018,2018-09-18,"Grace Road, Leicester",1,93.4,93.4,Leicestershire,Durham,GT Griffiths,LJ Hill,GJ Harte,1,0,,,,,,,,,,,,,
1127736,2018,2018-09-18,"Grace Road, Leicester",1,93.5,93.5,Leicestershire,Durham,LJ Hill,GT Griffiths,GJ Harte,0,0,,,,,,,,,,,,,
1127736,2018,2018-09-18,"Grace Road, Leicester",1,93.6,93.6,Leicestershire,Durham,LJ Hill,GT Griffiths,GJ Harte,0,0,,,,,,,,,,,,,
1127736,2018,2018-09-18,"Grace Road, Leicester",1,94.1,94.1,Leicestershire,Durham,GT Griffiths,LJ Hill,MA Wood,0,0,,,,,,,,,,,,,
1127736,2018,2018-09-18,"Grace Road, Leicester",1,94.2,94.2,Leicestershire,Durham,GT Griffiths,LJ Hill,MA Wood,0,0,,,,,,,,,,,,,
1127736,2018,2018-09-18,"Grace Road, Leicester",1,94.3,94.3,Leicestershire,Durham,GT Griffiths,LJ Hill,MA Wood,0,0,,,,,,,,,,,,,
1127736,2018,2018-09-18,"Grace Road, Leicester",1,94.4,94.4,Leicestershire,Durham,GT Griffiths,LJ Hill,MA Wood,0,0,,,,,,,,,,,,,
1127736,2018,2018-09-18,"Grace Road, Leicester",1,94.5,94.5,Leicestershire,Durham,GT Griffiths,LJ Hill,MA Wood,0,0,,,,,,,,,,,,,
1127736,2018,2018-09-18,"Grace Road, Leicester",1,94.6,94.6,Leicestershire,Durham,GT Griffiths,LJ Hill,MA Wood,0,0,,,,,,,,,,,,,
1127736,2018,2018-09-18,"Grace Road, Leicester",1,95.1,95.1,Leicestershire,Durham,LJ Hill,GT Griffiths,GJ Harte,0,0,,,,,,,,,,,,,
1127736,2018,2018-09-18,"Grace Road, Leicester",1,95.2,95.2,Leicestershire,Durham,LJ Hill,GT Griffiths,GJ Harte,0,0,,,,,,,,,,,,,
1127736,2018,2018-09-18,"Grace Road, Leicester",1,95.3,95.3,Leicestershire,Durham,LJ Hill,GT Griffiths,GJ Harte,0,0,,,,,,,,,,,,,
1127736,2018,2018-09-18,"Grace Road, Leicester",1,95.4,95.4,Leicestershire,Durham,LJ Hill,GT Griffiths,GJ Harte,0,0,,,,,,,,,,,,,
1127736,2018,2018-09-18,"Grace Road, Leicester",1,95.5,95.5,Leicestershire,Durham,LJ Hill,GT Griffiths,GJ Harte,0,0,,,,,,,,,,,,,
1127736,2018,2018-09-18,"Grace Road, Leicester",1,95.6,95.6,Leicestershire,Durham,LJ Hill,GT Griffiths,GJ Harte,0,0,,,,,,,,,,,,,
1127736,2018,2018-09-18,"Grace Road, Leicester",1,96.1,96.1,Leicestershire,Durham,GT Griffiths,LJ Hill,C Rushworth,0,0,,,,,,,,,,,,,
1127736,2018,2018-09-18,"Grace Road, Leicester",1,96.2,96.2,Leicestershire,Durham,GT Griffiths,LJ Hill,C Rushworth,1,0,,,,,,,,,,,,,
1127736,2018,2018-09-18,"Grace Road, Leicester",1,96.3,96.3,Leicestershire,Durham,LJ Hill,GT Griffiths,C Rushworth,0,1,,,,1,,,,,,,,,
1127736,2018,2018-09-18,"Grace Road, Leicester",1,96.4,96.4,Leicestershire,Durham,GT Griffiths,LJ Hill,C Rushworth,0,0,,,,,,,,,,,,,
1127736,2018,2018-09-18,"Grace Road, Leicester",1,96.5,96.5,Leicestershire,Durham,GT Griffiths,LJ Hill,C Rushworth,0,0,,,,,,,,,,,,,
1127736,2018,2018-09-18,"Grace Road, Leicester",1,96.6,96.6,Leicestershire,Durham,GT Griffiths,LJ Hill,C Rushworth,1,0,,,,,,,,,,,,,
1127736,2018,2018-09-18,"Grace Road, Leicester",1,97.1,97.1,Leicestershire,Durham,GT Griffiths,LJ Hill,MET Salisbury,0,0,,,,,,,bowled,GT Griffiths,,,,,
1127736,2018,2018-09-18,"Grace Road, Leicester",1,97.2,97.2,Leicestershire,Durham,Mohammad Abbas,LJ Hill,MET Salisbury,0,1,,,,1,,,,,,,,,
1127736,2018,2018-09-18,"Grace Road, Leicester",1,97.3,97.3,Leicestershire,Durham,LJ Hill,Mohammad Abbas,MET Salisbury,1,0,,,,,,,,,,,,,
1127736,2018,2018-09-18,"Grace Road, Leicester",1,97.4,97.4,Leicestershire,Durham,Mohammad Abbas,LJ Hill,MET Salisbury,0,0,,,,,,,,,,,,,
1127736,2018,2018-09-18,"Grace Road, Leicester",1,97.5,97.5,Leicestershire,Durham,Mohammad Abbas,LJ Hill,MET Salisbury,0,0,,,,,,,lbw,Mohammad Abbas,,,,,
1127736,2018,2018-09-18,"Grace Road, Leicester",2,0.1,0.1,Durham,Leicestershire,CT Steel,AZ Lees,Mohammad Abbas,0,0,,,,,,,,,,,,,
1127736,2018,2018-09-18,"Grace Road, Leicester",2,0.2,0.2,Durham,Leicestershire,CT Steel,AZ Lees,Mohammad Abbas,0,0,,,,,,,,,,,,,
1127736,2018,2018-09-18,"Grace Road, Leicester",2,0.3,0.3,Durham,Leicestershire,CT Steel,AZ Lees,Mohammad Abbas,0,0,,,,,,,,,,,,,
1127736,2018,2018-09-18,"Grace Road, Leicester",2,0.4,0.4,Durham,Leicestershire,CT Steel,AZ Lees,Mohammad Abbas,0,0,,,,,,,lbw,CT Steel,,,,,
1127736,2018,2018-09-18,"Grace Road, Leicester",2,0.5,0.5,Durham,Leicestershire,GJ Harte,AZ Lees,Mohammad Abbas,0,1,,,,1,,,,,,,,,
1127736,2018,2018-09-18,"Grace Road, Leicester",2,0.6,0.6,Durham,Leicestershire,AZ Lees,GJ Harte,Mohammad Abbas,0,0,,,,,,,,,,,,,
1127736,2018,2018-09-18,"Grace Road, Leicester",2,1.1,1.1,Durham,Leicestershire,GJ Harte,AZ Lees,NJ Dexter,0,0,,,,,,,,,,,,,
1127736,2018,2018-09-18,"Grace Road, Leicester",2,1.2,1.2,Durham,Leicestershire,GJ Harte,AZ Lees,NJ Dexter,0,0,,,,,,,,,,,,,
1127736,2018,2018-09-18,"Grace Road, Leicester",2,1.3,1.3,Durham,Leicestershire,GJ Harte,AZ Lees,NJ Dexter,0,0,,,,,,,,,,,,,
1127736,2018,2018-09-18,"Grace Road, Leicester",2,1.4,1.4,Durham,Leicestershire,GJ Harte,AZ Lees,NJ Dexter,0,0,,,,,,,,,,,,,
1127736,2018,2018-09-18,"Grace Road, Leicester",2,1.5,1.5,Durham,Leicestershire,GJ Harte,AZ Lees,NJ Dexter,0,0,,,,,,,,,,,,,
1127736,2018,2018-09-18,"Grace Road, Leicester",2,1.6,1.6,Durham,Leicestershire,GJ Harte,AZ Lees,NJ Dexter,0,0,,,,,,,,,,,,,
1127736,2018,2018-09-18,"Grace Road, Leicester",2,2.1,2.1,Durham,Leicestershire,AZ Lees,GJ Harte,Mohammad Abbas,0,0,,,,,,,,,,,,,
1127736,2018,2018-09-18,"Grace Road, Leicester",2,2.2,2.2,Durham,Leicestershire,AZ Lees,GJ Harte,Mohammad Abbas,1,0,,,,,,,,,,,,,
1127736,2018,2018-09-18,"Grace Road, Leicester",2,2.3,2.3,Durham,Leicestershire,GJ Harte,AZ Lees,Mohammad Abbas,0,0,,,,,,,,,,,,,
1127736,2018,2018-09-18,"Grace Road, Leicester",2,2.4,2.4,Durham,Leicestershire,GJ Harte,AZ Lees,Mohammad Abbas,0,0,,,,,,,,,,,,,
1127736,2018,2018-09-18,"Grace Road, Leicester",2,2.5,2.5,Durham,Leicestershire,GJ Harte,AZ Lees,Mohammad Abbas,0,0,,,,,,,,,,,,,
1127736,2018,2018-09-18,"Grace Road, Leicester",2,2.6,2.6,Durham,Leicestershire,GJ Harte,AZ Lees,Mohammad Abbas,0,0,,,,,,,,,,,,,
1127736,2018,2018-09-18,"Grace Road, Leicester",2,3.1,3.1,Durham,Leicestershire,AZ Lees,GJ Harte,NJ Dexter,0,0,,,,,,,,,,,,,
1127736,2018,2018-09-18,"Grace Road, Leicester",2,3.2,3.2,Durham,Leicestershire,AZ Lees,GJ Harte,NJ Dexter,0,0,,,,,,,,,,,,,
1127736,2018,2018-09-18,"Grace Road, Leicester",2,3.3,3.3,Durham,Leicestershire,AZ Lees,GJ Harte,NJ Dexter,0,0,,,,,,,,,,,,,
1127736,2018,2018-09-18,"Grace Road, Leicester",2,3.4,3.4,Durham,Leicestershire,AZ Lees,GJ Harte,NJ Dexter,0,0,,,,,,,,,,,,,
1127736,2018,2018-09-18,"Grace Road, Leicester",2,3.5,3.5,Durham,Leicestershire,AZ Lees,GJ Harte,NJ Dexter,0,0,,,,,,,,,,,,,
1127736,2018,2018-09-18,"Grace Road, Leicester",2,3.6,3.6,Durham,Leicestershire,AZ Lees,GJ Harte,NJ Dexter,0,0,,,,,,,,,,,,,
1127736,2018,2018-09-18,"Grace Road, Leicester",2,4.1,4.1,Durham,Leicestershire,GJ Harte,AZ Lees,Mohammad Abbas,0,0,,,,,,,,,,,,,
1127736,2018,2018-09-18,"Grace Road, Leicester",2,4.2,4.2,Durham,Leicestershire,GJ Harte,AZ Lees,Mohammad Abbas,0,0,,,,,,,,,,,,,
1127736,2018,2018-09-18,"Grace Road, Leicester",2,4.3,4.3,Durham,Leicestershire,GJ Harte,AZ Lees,Mohammad Abbas,4,0,,,,,,,,,,,,,
1127736,2018,2018-09-18,"Grace Road, Leicester",2,4.4,4.4,Durham,Leicestershire,GJ Harte,AZ Lees,Mohammad Abbas,0,0,,,,,,,,,,,,,
1127736,2018,2018-09-18,"Grace Road, Leicester",2,4.5,4.5,Durham,Leicestershire,GJ Harte,AZ Lees,Mohammad Abbas,0,0,,,,,,,,,,,,,
1127736,2018,2018-09-18,"Grace Road, Leicester",2,4.6,4.6,Durham,Leicestershire,GJ Harte,AZ Lees,Mohammad Abbas,1,0,,,,,,,,,,,,,
1127736,2018,2018-09-18,"Grace Road, Leicester",2,5.1,5.1,Durham,Leicestershire,GJ Harte,AZ Lees,NJ Dexter,0,0,,,,,,,,,,,,,
1127736,2018,2018-09-18,"Grace Road, Leicester",2,5.2,5.2,Durham,Leicestershire,GJ Harte,AZ Lees,NJ Dexter,0,0,,,,,,,,,,,,,
1127736,2018,2018-09-18,"Grace Road, Leicester",2,5.3,5.3,Durham,Leicestershire,GJ Harte,AZ Lees,NJ Dexter,0,0,,,,,,,,,,,,,
1127736,2018,2018-09-18,"Grace Road, Leicester",2,5.4,5.4,Durham,Leicestershire,GJ Harte,AZ Lees,NJ Dexter,0,0,,,,,,,,,,,,,
1127736,2018,2018-09-18,"Grace Road, Leicester",2,5.5,5.5,Durham,Leicestershire,GJ Harte,AZ Lees,NJ Dexter,0,0,,,,,,,,,,,,,
1127736,2018,2018-09-18,"Grace Road, Leicester",2,5.6,5.6,Durham,Leicestershire,GJ Harte,AZ Lees,NJ Dexter,0,0,,,,,,,,,,,,,
1127736,2018,2018-09-18,"Grace Road, Leicester",2,6.1,6.1,Durham,Leicestershire,AZ Lees,GJ Harte,Mohammad Abbas,0,0,,,,,,,,,,,,,
1127736,2018,2018-09-18,"Grace Road, Leicester",2,6.2,6.2,Durham,Leicestershire,AZ Lees,GJ Harte,Mohammad Abbas,0,0,,,,,,,,,,,,,
1127736,2018,2018-09-18,"Grace Road, Leicester",2,6.3,6.3,Durham,Leicestershire,AZ Lees,GJ Harte,Mohammad Abbas,0,0,,,,,,,,,,,,,
1127736,2018,2018-09-18,"Grace Road, Leicester",2,6.4,6.4,Durham,Leicestershire,AZ Lees,GJ Harte,Mohammad Abbas,0,0,,,,,,,,,,,,,
1127736,2018,2018-09-18,"Grace Road, Leicester",2,6.5,6.5,Durham,Leicestershire,AZ Lees,GJ Harte,Mohammad Abbas,4,0,,,,,,,,,,,,,
1127736,2018,2018-09-18,"Grace Road, Leicester",2,6.6,6.6,Durham,Leicestershire,AZ Lees,GJ Harte,Mohammad Abbas,0,0,,,,,,,,,,,,,
1127736,2018,2018-09-18,"Grace Road, Leicester",2,7.1,7.1,Durham,Leicestershire,GJ Harte,AZ Lees,NJ Dexter,0,0,,,,,,,,,,,,,
1127736,2018,2018-09-18,"Grace Road, Leicester",2,7.2,7.2,Durham,Leicestershire,GJ Harte,AZ Lees,NJ Dexter,0,0,,,,,,,,,,,,,
1127736,2018,2018-09-18,"Grace Road, Leicester",2,7.3,7.3,Durham,Leicestershire,GJ Harte,AZ Lees,NJ Dexter,0,0,,,,,,,,,,,,,
1127736,2018,2018-09-18,"Grace Road, Leicester",2,7.4,7.4,Durham,Leicestershire,GJ Harte,AZ Lees,NJ Dexter,0,0,,,,,,,,,,,,,
1127736,2018,2018-09-18,"Grace Road, Leicester",2,7.5,7.5,Durham,Leicestershire,GJ Harte,AZ Lees,NJ Dexter,0,0,,,,,,,,,,,,,
1127736,2018,2018-09-18,"Grace Road, Leicester",2,7.6,7.6,Durham,Leicestershire,GJ Harte,AZ Lees,NJ Dexter,0,0,,,,,,,,,,,,,
1127736,2018,2018-09-18,"Grace Road, Leicester",2,8.1,8.1,Durham,Leicestershire,AZ Lees,GJ Harte,Mohammad Abbas,0,0,,,,,,,,,,,,,
1127736,2018,2018-09-18,"Grace Road, Leicester",2,8.2,8.2,Durham,Leicestershire,AZ Lees,GJ Harte,Mohammad Abbas,3,0,,,,,,,,,,,,,
1127736,2018,2018-09-18,"Grace Road, Leicester",2,8.3,8.3,Durham,Leicestershire,GJ Harte,AZ Lees,Mohammad Abbas,0,0,,,,,,,,,,,,,
1127736,2018,2018-09-18,"Grace Road, Leicester",2,8.4,8.4,Durham,Leicestershire,GJ Harte,AZ Lees,Mohammad Abbas,0,0,,,,,,,caught,GJ Harte,,,NJ Dexter,,
1127736,2018,2018-09-18,"Grace Road, Leicester",2,8.5,8.5,Durham,Leicestershire,G Clark,AZ Lees,Mohammad Abbas,4,0,,,,,,,,,,,,,
1127736,2018,2018-09-18,"Grace Road, Leicester",2,8.6,8.6,Durham,Leicestershire,G Clark,AZ Lees,Mohammad Abbas,0,0,,,,,,,,,,,,,
1127736,2018,2018-09-18,"Grace Road, Leicester",2,9.1,9.1,Durham,Leicestershire,AZ Lees,G Clark,NJ Dexter,0,0,,,,,,,,,,,,,
1127736,2018,2018-09-18,"Grace Road, Leicester",2,9.2,9.2,Durham,Leicestershire,AZ Lees,G Clark,NJ Dexter,0,0,,,,,,,,,,,,,
1127736,2018,2018-09-18,"Grace Road, Leicester",2,9.3,9.3,Durham,Leicestershire,AZ Lees,G Clark,NJ Dexter,0,0,,,,,,,,,,,,,
1127736,2018,2018-09-18,"Grace Road, Leicester",2,9.4,9.4,Durham,Leicestershire,AZ Lees,G Clark,NJ Dexter,0,0,,,,,,,,,,,,,
1127736,2018,2018-09-18,"Grace Road, Leicester",2,9.5,9.5,Durham,Leicestershire,AZ Lees,G Clark,NJ Dexter,0,0,,,,,,,,,,,,,
1127736,2018,2018-09-18,"Grace Road, Leicester",2,9.6,9.6,Durham,Leicestershire,AZ Lees,G Clark,NJ Dexter,0,0,,,,,,,,,,,,,
1127736,2018,2018-09-18,"Grace Road, Leicester",2,10.1,10.1,Durham,Leicestershire,G Clark,AZ Lees,Mohammad Abbas,0,0,,,,,,,lbw,G Clark,,,,,
1127736,2018,2018-09-18,"Grace Road, Leicester",2,10.2,10.2,Durham,Leicestershire,MJ Richardson,AZ Lees,Mohammad Abbas,0,0,,,,,,,,,,,,,
1127736,2018,2018-09-18,"Grace Road, Leicester",2,10.3,10.3,Durham,Leicestershire,MJ Richardson,AZ Lees,Mohammad Abbas,0,0,,,,,,,bowled,MJ Richardson,,,,,
1127736,2018,2018-09-18,"Grace Road, Leicester",2,10.4,10.4,Durham,Leicestershire,PD Collingwood,AZ Lees,Mohammad Abbas,0,0,,,,,,,caught,PD Collingwood,,,CN Ackermann,,
1127736,2018,2018-09-18,"Grace Road, Leicester",2,10.5,10.5,Durham,Leicestershire,SW Poynter,AZ Lees,Mohammad Abbas,0,0,,,,,,,,,,,,,
1127736,2018,2018-09-18,"Grace Road, Leicester",2,10.6,10.6,Durham,Leicestershire,SW Poynter,AZ Lees,Mohammad Abbas,0,0,,,,,,,,,,,,,
1127736,2018,2018-09-18,"Grace Road, Leicester",2,11.1,11.1,Durham,Leicestershire,AZ Lees,SW Poynter,NJ Dexter,0,0,,,,,,,,,,,,,
1127736,2018,2018-09-18,"Grace Road, Leicester",2,11.2,11.2,Durham,Leicestershire,AZ Lees,SW Poynter,NJ Dexter,0,0,,,,,,,,,,,,,
1127736,2018,2018-09-18,"Grace Road, Leicester",2,11.3,11.3,Durham,Leicestershire,AZ Lees,SW Poynter,NJ Dexter,0,1,,,,1,,,,,,,,,
1127736,2018,2018-09-18,"Grace Road, Leicester",2,11.4,11.4,Durham,Leicestershire,SW Poynter,AZ Lees,NJ Dexter,0,0,,,,,,,,,,,,,
1127736,2018,2018-09-18,"Grace Road, Leicester",2,11.5,11.5,Durham,Leicestershire,SW Poynter,AZ Lees,NJ Dexter,0,0,,,,,,,,,,,,,
1127736,2018,2018-09-18,"Grace Road, Leicester",2,11.6,11.6,Durham,Leicestershire,SW Poynter,AZ Lees,NJ Dexter,0,0,,,,,,,,,,,,,
1127736,2018,2018-09-18,"Grace Road, Leicester",2,12.1,12.1,Durham,Leicestershire,AZ Lees,SW Poynter,Mohammad Abbas,0,0,,,,,,,,,,,,,
1127736,2018,2018-09-18,"Grace Road, Leicester",2,12.2,12.2,Durham,Leicestershire,AZ Lees,SW Poynter,Mohammad Abbas,0,2,,2,,,,,,,,,,,
1127736,2018,2018-09-18,"Grace Road, Leicester",2,12.3,12.2,Durham,Leicestershire,AZ Lees,SW Poynter,Mohammad Abbas,0,0,,,,,,,,,,,,,
1127736,2018,2018-09-18,"Grace Road, Leicester",2,12.4,12.3,Durham,Leicestershire,AZ Lees,SW Poynter,Mohammad Abbas,0,0,,,,,,,,,,,,,
1127736,2018,2018-09-18,"Grace Road, Leicester",2,12.5,12.4,Durham,Leicestershire,AZ Lees,SW Poynter,Mohammad Abbas,0,0,,,,,,,,,,,,,
1127736,2018,2018-09-18,"Grace Road, Leicester",2,12.6,12.5,Durham,Leicestershire,AZ Lees,SW Poynter,Mohammad Abbas,0,0,,,,,,,,,,,,,
1127736,2018,2018-09-18,"Grace Road, Leicester",2,12.7,12.6,Durham,Leicestershire,AZ Lees,SW Poynter,Mohammad Abbas,0,0,,,,,,,,,,,,,
1127736,2018,2018-09-18,"Grace Road, Leicester",2,13.1,13.1,Durham,Leicestershire,SW Poynter,AZ Lees,NJ Dexter,0,0,,,,,,,,,,,,,
1127736,2018,2018-09-18,"Grace Road, Leicester",2,13.2,13.2,Durham,Leicestershire,SW Poynter,AZ Lees,NJ Dexter,0,0,,,,,,,caught,SW Poynter,,,HE Dearden,,
1127736,2018,2018-09-18,"Grace Road, Leicester",2,13.3,13.3,Durham,Leicestershire,MA Wood,AZ Lees,NJ Dexter,0,0,,,,,,,,,,,,,
1127736,2018,2018-09-18,"Grace Road, Leicester",2,13.4,13.4,Durham,Leicestershire,MA Wood,AZ Lees,NJ Dexter,0,0,,,,,,,,,,,,,
1127736,2018,2018-09-18,"Grace Road, Leicester",2,13.5,13.5,Durham,Leicestershire,MA Wood,AZ Lees,NJ Dexter,0,0,,,,,,,,,,,,,
1127736,2018,2018-09-18,"Grace Road, Leicester",2,13.6,13.6,Durham,Leicestershire,MA Wood,AZ Lees,NJ Dexter,1,0,,,,,,,,,,,,,
1127736,2018,2018-09-18,"Grace Road, Leicester",2,14.1,14.1,Durham,Leicestershire,MA Wood,AZ Lees,Mohammad Abbas,0,0,,,,,,,,,,,,,
1127736,2018,2018-09-18,"Grace Road, Leicester",2,14.2,14.2,Durham,Leicestershire,MA Wood,AZ Lees,Mohammad Abbas,0,0,,,,,,,,,,,,,
1127736,2018,2018-09-18,"Grace Road, Leicester",2,14.3,14.3,Durham,Leicestershire,MA Wood,AZ Lees,Mohammad Abbas,4,0,,,,,,,,,,,,,
1127736,2018,2018-09-18,"Grace Road, Leicester",2,14.4,14.4,Durham,Leicestershire,MA Wood,AZ Lees,Mohammad Abbas,0,0,,,,,,,,,,,,,
1127736,2018,2018-09-18,"Grace Road, Leicester",2,14.5,14.5,Durham,Leicestershire,MA Wood,AZ Lees,Mohammad Abbas,0,0,,,,,,,,,,,,,
1127736,2018,2018-09-18,"Grace Road, Leicester",2,14.6,14.6,Durham,Leicestershire,MA Wood,AZ Lees,Mohammad Abbas,0,0,,,,,,,,,,,,,
1127736,2018,2018-09-18,"Grace Road, Leicester",2,15.1,15.1,Durham,Leicestershire,AZ Lees,MA Wood,GT Griffiths,0,0,,,,,,,,,,,,,
1127736,2018,2018-09-18,"Grace Road, Leicester",2,15.2,15.2,Durham,Leicestershire,AZ Lees,MA Wood,GT Griffiths,0,4,,,4,,,,,,,,,,
1127736,2018,2018-09-18,"Grace Road, Leicester",2,15.3,15.3,Durham,Leicestershire,AZ Lees,MA Wood,GT Griffiths,0,0,,,,,,,,,,,,,
1127736,2018,2018-09-18,"Grace Road, Leicester",2,15.4,15.4,Durham,Leicestershire,AZ Lees,MA Wood,GT Griffiths,0,0,,,,,,,,,,,,,
1127736,2018,2018-09-18,"Grace Road, Leicester",2,15.5,15.5,Durham,Leicestershire,AZ Lees,MA Wood,GT Griffiths,0,0,,,,,,,,,,,,,
1127736,2018,2018-09-18,"Grace Road, Leicester",2,15.6,15.6,Durham,Leicestershire,AZ Lees,MA Wood,GT Griffiths,0,0,,,,,,,,,,,,,
1127736,2018,2018-09-18,"Grace Road, Leicester",2,16.1,16.1,Durham,Leicestershire,MA Wood,AZ Lees,BWM Mike,0,0,,,,,,,,,,,,,
1127736,2018,2018-09-18,"Grace Road, Leicester",2,16.2,16.2,Durham,Leicestershire,MA Wood,AZ Lees,BWM Mike,0,0,,,,,,,,,,,,,
1127736,2018,2018-09-18,"Grace Road, Leicester",2,16.3,16.3,Durham,Leicestershire,MA Wood,AZ Lees,BWM Mike,0,0,,,,,,,bowled,MA Wood,,,,,
1127736,2018,2018-09-18,"Grace Road, Leicester",2,16.4,16.4,Durham,Leicestershire,BJ McCarthy,AZ Lees,BWM Mike,0,0,,,,,,,,,,,,,
1127736,2018,2018-09-18,"Grace Road, Leicester",2,16.5,16.5,Durham,Leicestershire,BJ McCarthy,AZ Lees,BWM Mike,0,0,,,,,,,,,,,,,
1127736,2018,2018-09-18,"Grace Road, Leicester",2,16.6,16.6,Durham,Leicestershire,BJ McCarthy,AZ Lees,BWM Mike,1,0,,,,,,,,,,,,,
1127736,2018,2018-09-18,"Grace Road, Leicester",2,17.1,17.1,Durham,Leicestershire,BJ McCarthy,AZ Lees,GT Griffiths,0,0,,,,,,,,,,,,,
1127736,2018,2018-09-18,"Grace Road, Leicester",2,17.2,17.2,Durham,Leicestershire,BJ McCarthy,AZ Lees,GT Griffiths,0,0,,,,,,,,,,,,,
1127736,2018,2018-09-18,"Grace Road, Leicester",2,17.3,17.3,Durham,Leicestershire,BJ McCarthy,AZ Lees,GT Griffiths,0,0,,,,,,,,,,,,,
1127736,2018,2018-09-18,"Grace Road, Leicester",2,17.4,17.4,Durham,Leicestershire,BJ McCarthy,AZ Lees,GT Griffiths,0,0,,,,,,,,,,,,,
1127736,2018,2018-09-18,"Grace Road, Leicester",2,17.5,17.5,Durham,Leicestershire,BJ McCarthy,AZ Lees,GT Griffiths,0,0,,,,,,,,,,,,,
1127736,2018,2018-09-18,"Grace Road, Leicester",2,17.6,17.6,Durham,Leicestershire,BJ McCarthy,AZ Lees,GT Griffiths,1,0,,,,,,,,,,,,,
1127736,2018,2018-09-18,"Grace Road, Leicester",2,18.1,18.1,Durham,Leicestershire,BJ McCarthy,AZ Lees,BWM Mike,0,0,,,,,,,,,,,,,
1127736,2018,2018-09-18,"Grace Road, Leicester",2,18.2,18.2,Durham,Leicestershire,BJ McCarthy,AZ Lees,BWM Mike,0,0,,,,,,,,,,,,,
1127736,2018,2018-09-18,"Grace Road, Leicester",2,18.3,18.3,Durham,Leicestershire,BJ McCarthy,AZ Lees,BWM Mike,0,0,,,,,,,,,,,,,
1127736,2018,2018-09-18,"Grace Road, Leicester",2,18.4,18.4,Durham,Leicestershire,BJ McCarthy,AZ Lees,BWM Mike,0,0,,,,,,,,,,,,,
1127736,2018,2018-09-18,"Grace Road, Leicester",2,18.5,18.5,Durham,Leicestershire,BJ McCarthy,AZ Lees,BWM Mike,0,0,,,,,,,,,,,,,
1127736,2018,2018-09-18,"Grace Road, Leicester",2,18.6,18.6,Durham,Leicestershire,BJ McCarthy,AZ Lees,BWM Mike,1,0,,,,,,,,,,,,,
1127736,2018,2018-09-18,"Grace Road, Leicester",2,19.1,19.1,Durham,Leicestershire,BJ McCarthy,AZ Lees,GT Griffiths,3,0,,,,,,,,,,,,,
1127736,2018,2018-09-18,"Grace Road, Leicester",2,19.2,19.2,Durham,Leicestershire,AZ Lees,BJ McCarthy,GT Griffiths,0,0,,,,,,,,,,,,,
1127736,2018,2018-09-18,"Grace Road, Leicester",2,19.3,19.3,Durham,Leicestershire,AZ Lees,BJ McCarthy,GT Griffiths,0,0,,,,,,,,,,,,,
1127736,2018,2018-09-18,"Grace Road, Leicester",2,19.4,19.4,Durham,Leicestershire,AZ Lees,BJ McCarthy,GT Griffiths,0,0,,,,,,,,,,,,,
1127736,2018,2018-09-18,"Grace Road, Leicester",2,19.5,19.5,Durham,Leicestershire,AZ Lees,BJ McCarthy,GT Griffiths,0,0,,,,,,,,,,,,,
1127736,2018,2018-09-18,"Grace Road, Leicester",2,19.6,19.6,Durham,Leicestershire,AZ Lees,BJ McCarthy,GT Griffiths,0,0,,,,,,,,,,,,,
1127736,2018,2018-09-18,"Grace Road, Leicester",2,20.1,20.1,Durham,Leicestershire,BJ McCarthy,AZ Lees,BWM Mike,0,0,,,,,,,,,,,,,
1127736,2018,2018-09-18,"Grace Road, Leicester",2,20.2,20.2,Durham,Leicestershire,BJ McCarthy,AZ Lees,BWM Mike,0,0,,,,,,,,,,,,,
1127736,2018,2018-09-18,"Grace Road, Leicester",2,20.3,20.3,Durham,Leicestershire,BJ McCarthy,AZ Lees,BWM Mike,0,0,,,,,,,,,,,,,
1127736,2018,2018-09-18,"Grace Road, Leicester",2,20.4,20.4,Durham,Leicestershire,BJ McCarthy,AZ Lees,BWM Mike,0,0,,,,,,,,,,,,,
1127736,2018,2018-09-18,"Grace Road, Leicester",2,20.5,20.5,Durham,Leicestershire,BJ McCarthy,AZ Lees,BWM Mike,0,0,,,,,,,,,,,,,
1127736,2018,2018-09-18,"Grace Road, Leicester",2,20.6,20.6,Durham,Leicestershire,BJ McCarthy,AZ Lees,BWM Mike,1,0,,,,,,,,,,,,,
1127736,2018,2018-09-18,"Grace Road, Leicester",2,21.1,21.1,Durham,Leicestershire,BJ McCarthy,AZ Lees,GT Griffiths,0,0,,,,,,,,,,,,,
1127736,2018,2018-09-18,"Grace Road, Leicester",2,21.2,21.2,Durham,Leicestershire,BJ McCarthy,AZ Lees,GT Griffiths,0,0,,,,,,,,,,,,,
1127736,2018,2018-09-18,"Grace Road, Leicester",2,21.3,21.3,Durham,Leicestershire,BJ McCarthy,AZ Lees,GT Griffiths,0,0,,,,,,,,,,,,,
1127736,2018,2018-09-18,"Grace Road, Leicester",2,21.4,21.4,Durham,Leicestershire,BJ McCarthy,AZ Lees,GT Griffiths,0,0,,,,,,,,,,,,,
1127736,2018,2018-09-18,"Grace Road, Leicester",2,21.5,21.5,Durham,Leicestershire,BJ McCarthy,AZ Lees,GT Griffiths,0,0,,,,,,,,,,,,,
1127736,2018,2018-09-18,"Grace Road, Leicester",2,21.6,21.6,Durham,Leicestershire,BJ McCarthy,AZ Lees,GT Griffiths,0,0,,,,,,,,,,,,,
1127736,2018,2018-09-18,"Grace Road, Leicester",2,22.1,22.1,Durham,Leicestershire,AZ Lees,BJ McCarthy,BWM Mike,0,0,,,,,,,,,,,,,
1127736,2018,2018-09-18,"Grace Road, Leicester",2,22.2,22.2,Durham,Leicestershire,AZ Lees,BJ McCarthy,BWM Mike,4,0,,,,,,,,,,,,,
1127736,2018,2018-09-18,"Grace Road, Leicester",2,22.3,22.3,Durham,Leicestershire,AZ Lees,BJ McCarthy,BWM Mike,2,0,,,,,,,,,,,,,
1127736,2018,2018-09-18,"Grace Road, Leicester",2,22.4,22.4,Durham,Leicestershire,AZ Lees,BJ McCarthy,BWM Mike,0,0,,,,,,,,,,,,,
1127736,2018,2018-09-18,"Grace Road, Leicester",2,22.5,22.5,Durham,Leicestershire,AZ Lees,BJ McCarthy,BWM Mike,2,0,,,,,,,,,,,,,
1127736,2018,2018-09-18,"Grace Road, Leicester",2,22.6,22.6,Durham,Leicestershire,AZ Lees,BJ McCarthy,BWM Mike,0,3,,,,3,,,,,,,,,
1127736,2018,2018-09-18,"Grace Road, Leicester",2,23.1,23.1,Durham,Leicestershire,AZ Lees,BJ McCarthy,GT Griffiths,0,0,,,,,,,caught,AZ Lees,,,HE Dearden,,
1127736,2018,2018-09-18,"Grace Road, Leicester",2,23.2,23.2,Durham,Leicestershire,MET Salisbury,BJ McCarthy,GT Griffiths,0,0,,,,,,,,,,,,,
1127736,2018,2018-09-18,"Grace Road, Leicester",2,23.3,23.3,Durham,Leicestershire,MET Salisbury,BJ McCarthy,GT Griffiths,0,0,,,,,,,,,,,,,
1127736,2018,2018-09-18,"Grace Road, Leicester",2,23.4,23.4,Durham,Leicestershire,MET Salisbury,BJ McCarthy,GT Griffiths,0,0,,,,,,,,,,,,,
1127736,2018,2018-09-18,"Grace Road, Leicester",2,23.5,23.5,Durham,Leicestershire,MET Salisbury,BJ McCarthy,GT Griffiths,2,0,,,,,,,,,,,,,
1127736,2018,2018-09-18,"Grace Road, Leicester",2,23.6,23.6,Durham,Leicestershire,MET Salisbury,BJ McCarthy,GT Griffiths,0,0,,,,,,,,,,,,,
1127736,2018,2018-09-18,"Grace Road, Leicester",2,24.1,24.1,Durham,Leicestershire,BJ McCarthy,MET Salisbury,BWM Mike,0,0,,,,,,,,,,,,,
1127736,2018,2018-09-18,"Grace Road, Leicester",2,24.2,24.2,Durham,Leicestershire,BJ McCarthy,MET Salisbury,BWM Mike,2,0,,,,,,,,,,,,,
1127736,2018,2018-09-18,"Grace Road, Leicester",2,24.3,24.3,Durham,Leicestershire,BJ McCarthy,MET Salisbury,BWM Mike,1,0,,,,,,,,,,,,,
1127736,2018,2018-09-18,"Grace Road, Leicester",2,24.4,24.4,Durham,Leicestershire,MET Salisbury,BJ McCarthy,BWM Mike,0,0,,,,,,,,,,,,,
1127736,2018,2018-09-18,"Grace Road, Leicester",2,24.5,24.5,Durham,Leicestershire,MET Salisbury,BJ McCarthy,BWM Mike,0,0,,,,,,,,,,,,,
1127736,2018,2018-09-18,"Grace Road, Leicester",2,24.6,24.6,Durham,Leicestershire,MET Salisbury,BJ McCarthy,BWM Mike,0,0,,,,,,,caught,MET Salisbury,,,LJ Hill,,
1127736,2018,2018-09-18,"Grace Road, Leicester",2,25.1,25.1,Durham,Leicestershire,BJ McCarthy,C Rushworth,GT Griffiths,0,0,,,,,,,,,,,,,
1127736,2018,2018-09-18,"Grace Road, Leicester",2,25.2,25.2,Durham,Leicestershire,BJ McCarthy,C Rushworth,GT Griffiths,0,0,,,,,,,,,,,,,
1127736,2018,2018-09-18,"Grace Road, Leicester",2,25.3,25.3,Durham,Leicestershire,BJ McCarthy,C Rushworth,GT Griffiths,0,0,,,,,,,,,,,,,
1127736,2018,2018-09-18,"Grace Road, Leicester",2,25.4,25.4,Durham,Leicestershire,BJ McCarthy,C Rushworth,GT Griffiths,0,0,,,,,,,,,,,,,
1127736,2018,2018-09-18,"Grace Road, Leicester",2,25.5,25.5,Durham,Leicestershire,BJ McCarthy,C Rushworth,GT Griffiths,0,0,,,,,,,,,,,,,
1127736,2018,2018-09-18,"Grace Road, Leicester",2,25.6,25.6,Durham,Leicestershire,BJ McCarthy,C Rushworth,GT Griffiths,0,0,,,,,,,,,,,,,
1127736,2018,2018-09-18,"Grace Road, Leicester",2,26.1,26.1,Durham,Leicestershire,C Rushworth,BJ McCarthy,BWM Mike,4,0,,,,,,,,,,,,,
1127736,2018,2018-09-18,"Grace Road, Leicester",2,26.2,26.2,Durham,Leicestershire,C Rushworth,BJ McCarthy,BWM Mike,0,0,,,,,,,,,,,,,
1127736,2018,2018-09-18,"Grace Road, Leicester",2,26.3,26.3,Durham,Leicestershire,C Rushworth,BJ McCarthy,BWM Mike,0,0,,,,,,,,,,,,,
1127736,2018,2018-09-18,"Grace Road, Leicester",2,26.4,26.4,Durham,Leicestershire,C Rushworth,BJ McCarthy,BWM Mike,0,0,,,,,,,,,,,,,
1127736,2018,2018-09-18,"Grace Road, Leicester",2,26.5,26.5,Durham,Leicestershire,C Rushworth,BJ McCarthy,BWM Mike,0,0,,,,,,,,,,,,,
1127736,2018,2018-09-18,"Grace Road, Leicester",2,26.6,26.6,Durham,Leicestershire,C Rushworth,BJ McCarthy,BWM Mike,0,0,,,,,,,,,,,,,
1127736,2018,2018-09-18,"Grace Road, Leicester",2,27.1,27.1,Durham,Leicestershire,BJ McCarthy,C Rushworth,GT Griffiths,0,0,,,,,,,,,,,,,
1127736,2018,2018-09-18,"Grace Road, Leicester",2,27.2,27.2,Durham,Leicestershire,BJ McCarthy,C Rushworth,GT Griffiths,0,0,,,,,,,,,,,,,
1127736,2018,2018-09-18,"Grace Road, Leicester",2,27.3,27.3,Durham,Leicestershire,BJ McCarthy,C Rushworth,GT Griffiths,0,0,,,,,,,,,,,,,
1127736,2018,2018-09-18,"Grace Road, Leicester",2,27.4,27.4,Durham,Leicestershire,BJ McCarthy,C Rushworth,GT Griffiths,4,0,,,,,,,,,,,,,
1127736,2018,2018-09-18,"Grace Road, Leicester",2,27.5,27.5,Durham,Leicestershire,BJ McCarthy,C Rushworth,GT Griffiths,0,0,,,,,,,,,,,,,
1127736,2018,2018-09-18,"Grace Road, Leicester",2,27.6,27.6,Durham,Leicestershire,BJ McCarthy,C Rushworth,GT Griffiths,0,0,,,,,,,caught,BJ McCarthy,,,LJ Hill,,
1127736,2018,2018-09-18,"Grace Road, Leicester",3,0.1,0.1,Durham,Leicestershire,CT Steel,AZ Lees,Mohammad Abbas,1,0,,,,,,,,,,,,,
1127736,2018,2018-09-18,"Grace Road, Leicester",3,0.2,0.2,Durham,Leicestershire,AZ Lees,CT Steel,Mohammad Abbas,0,0,,,,,,,,,,,,,
1127736,2018,2018-09-18,"Grace Road, Leicester",3,0.3,0.3,Durham,Leicestershire,AZ Lees,CT Steel,Mohammad Abbas,0,0,,,,,,,,,,,,,
1127736,2018,2018-09-18,"Grace Road, Leicester",3,0.4,0.4,Durham,Leicestershire,AZ Lees,CT Steel,Mohammad Abbas,1,0,,,,,,,,,,,,,
1127736,2018,2018-09-18,"Grace Road, Leicester",3,0.5,0.5,Durham,Leicestershire,CT Steel,AZ Lees,Mohammad Abbas,0,0,,,,,,,,,,,,,
1127736,2018,2018-09-18,"Grace Road, Leicester",3,0.6,0.6,Durham,Leicestershire,CT Steel,AZ Lees,Mohammad Abbas,0,0,,,,,,,,,,,,,
1127736,2018,2018-09-18,"Grace Road, Leicester",3,1.1,1.1,Durham,Leicestershire,AZ Lees,CT Steel,NJ Dexter,0,0,,,,,,,,,,,,,
1127736,2018,2018-09-18,"Grace Road, Leicester",3,1.2,1.2,Durham,Leicestershire,AZ Lees,CT Steel,NJ Dexter,0,0,,,,,,,,,,,,,
1127736,2018,2018-09-18,"Grace Road, Leicester",3,1.3,1.3,Durham,Leicestershire,AZ Lees,CT Steel,NJ Dexter,4,0,,,,,,,,,,,,,
1127736,2018,2018-09-18,"Grace Road, Leicester",3,1.4,1.4,Durham,Leicestershire,AZ Lees,CT Steel,NJ Dexter,0,0,,,,,,,,,,,,,
1127736,2018,2018-09-18,"Grace Road, Leicester",3,1.5,1.5,Durham,Leicestershire,AZ Lees,CT Steel,NJ Dexter,0,0,,,,,,,,,,,,,
1127736,2018,2018-09-18,"Grace Road, Leicester",3,1.6,1.6,Durham,Leicestershire,AZ Lees,CT Steel,NJ Dexter,0,0,,,,,,,,,,,,,
1127736,2018,2018-09-18,"Grace Road, Leicester",3,2.1,2.1,Durham,Leicestershire,CT Steel,AZ Lees,Mohammad Abbas,0,0,,,,,,,,,,,,,
1127736,2018,2018-09-18,"Grace Road, Leicester",3,2.2,2.2,Durham,Leicestershire,CT Steel,AZ Lees,Mohammad Abbas,4,0,,,,,,,,,,,,,
1127736,2018,2018-09-18,"Grace Road, Leicester",3,2.3,2.3,Durham,Leicestershire,CT Steel,AZ Lees,Mohammad Abbas,0,0,,,,,,,,,,,,,
1127736,2018,2018-09-18,"Grace Road, Leicester",3,2.4,2.4,Durham,Leicestershire,CT Steel,AZ Lees,Mohammad Abbas,0,0,,,,,,,bowled,CT Steel,,,,,
1127736,2018,2018-09-18,"Grace Road, Leicester",3,2.5,2.5,Durham,Leicestershire,GJ Harte,AZ Lees,Mohammad Abbas,1,0,,,,,,,,,,,,,
1127736,2018,2018-09-18,"Grace Road, Leicester",3,2.6,2.6,Durham,Leicestershire,AZ Lees,GJ Harte,Mohammad Abbas,1,0,,,,,,,,,,,,,
1127736,2018,2018-09-18,"Grace Road, Leicester",3,3.1,3.1,Durham,Leicestershire,AZ Lees,GJ Harte,NJ Dexter,0,0,,,,,,,,,,,,,
1127736,2018,2018-09-18,"Grace Road, Leicester",3,3.2,3.2,Durham,Leicestershire,AZ Lees,GJ Harte,NJ Dexter,0,0,,,,,,,,,,,,,
1127736,2018,2018-09-18,"Grace Road, Leicester",3,3.3,3.3,Durham,Leicestershire,AZ Lees,GJ Harte,NJ Dexter,0,0,,,,,,,,,,,,,
1127736,2018,2018-09-18,"Grace Road, Leicester",3,3.4,3.4,Durham,Leicestershire,AZ Lees,GJ Harte,NJ Dexter,0,0,,,,,,,,,,,,,
1127736,2018,2018-09-18,"Grace Road, Leicester",3,3.5,3.5,Durham,Leicestershire,AZ Lees,GJ Harte,NJ Dexter,0,0,,,,,,,,,,,,,
1127736,2018,2018-09-18,"Grace Road, Leicester",3,3.6,3.6,Durham,Leicestershire,AZ Lees,GJ Harte,NJ Dexter,0,0,,,,,,,,,,,,,
1127736,2018,2018-09-18,"Grace Road, Leicester",3,4.1,4.1,Durham,Leicestershire,GJ Harte,AZ Lees,Mohammad Abbas,0,0,,,,,,,,,,,,,
1127736,2018,2018-09-18,"Grace Road, Leicester",3,4.2,4.2,Durham,Leicestershire,GJ Harte,AZ Lees,Mohammad Abbas,0,0,,,,,,,,,,,,,
1127736,2018,2018-09-18,"Grace Road, Leicester",3,4.3,4.3,Durham,Leicestershire,GJ Harte,AZ Lees,Mohammad Abbas,0,0,,,,,,,,,,,,,
1127736,2018,2018-09-18,"Grace Road, Leicester",3,4.4,4.4,Durham,Leicestershire,GJ Harte,AZ Lees,Mohammad Abbas,0,0,,,,,,,,,,,,,
1127736,2018,2018-09-18,"Grace Road, Leicester",3,4.5,4.5,Durham,Leicestershire,GJ Harte,AZ Lees,Mohammad Abbas,0,0,,,,,,,,,,,,,
1127736,2018,2018-09-18,"Grace Road, Leicester",3,4.6,4.6,Durham,Leicestershire,GJ Harte,AZ Lees,Mohammad Abbas,0,0,,,,,,,,,,,,,
1127736,2018,2018-09-18,"Grace Road, Leicester",3,5.1,5.1,Durham,Leicestershire,AZ Lees,GJ Harte,NJ Dexter,0,0,,,,,,,,,,,,,
1127736,2018,2018-09-18,"Grace Road, Leicester",3,5.2,5.2,Durham,Leicestershire,AZ Lees,GJ Harte,NJ Dexter,0,0,,,,,,,,,,,,,
1127736,2018,2018-09-18,"Grace Road, Leicester",3,5.3,5.3,Durham,Leicestershire,AZ Lees,GJ Harte,NJ Dexter,0,0,,,,,,,,,,,,,
1127736,2018,2018-09-18,"Grace Road, Leicester",3,5.4,5.4,Durham,Leicestershire,AZ Lees,GJ Harte,NJ Dexter,4,0,,,,,,,,,,,,,
1127736,2018,2018-09-18,"Grace Road, Leicester",3,5.5,5.5,Durham,Leicestershire,AZ Lees,GJ Harte,NJ Dexter,0,0,,,,,,,,,,,,,
1127736,2018,2018-09-18,"Grace Road, Leicester",3,5.6,5.6,Durham,Leicestershire,AZ Lees,GJ Harte,NJ Dexter,0,0,,,,,,,,,,,,,
1127736,2018,2018-09-18,"Grace Road, Leicester",3,6.1,6.1,Durham,Leicestershire,GJ Harte,AZ Lees,Mohammad Abbas,4,0,,,,,,,,,,,,,
1127736,2018,2018-09-18,"Grace Road, Leicester",3,6.2,6.2,Durham,Leicestershire,GJ Harte,AZ Lees,Mohammad Abbas,0,0,,,,,,,,,,,,,
1127736,2018,2018-09-18,"Grace Road, Leicester",3,6.3,6.3,Durham,Leicestershire,GJ Harte,AZ Lees,Mohammad Abbas,0,0,,,,,,,,,,,,,
1127736,2018,2018-09-18,"Grace Road, Leicester",3,6.4,6.4,Durham,Leicestershire,GJ Harte,AZ Lees,Mohammad Abbas,0,0,,,,,,,,,,,,,
1127736,2018,2018-09-18,"Grace Road, Leicester",3,6.5,6.5,Durham,Leicestershire,GJ Harte,AZ Lees,Mohammad Abbas,0,0,,,,,,,,,,,,,
1127736,2018,2018-09-18,"Grace Road, Leicester",3,6.6,6.6,Durham,Leicestershire,GJ Harte,AZ Lees,Mohammad Abbas,0,0,,,,,,,,,,,,,
1127736,2018,2018-09-18,"Grace Road, Leicester",3,7.1,7.1,Durham,Leicestershire,AZ Lees,GJ Harte,NJ Dexter,0,0,,,,,,,lbw,AZ Lees,,,,,
1127736,2018,2018-09-18,"Grace Road, Leicester",3,7.2,7.2,Durham,Leicestershire,G Clark,GJ Harte,NJ Dexter,0,0,,,,,,,,,,,,,
1127736,2018,2018-09-18,"Grace Road, Leicester",3,7.3,7.3,Durham,Leicestershire,G Clark,GJ Harte,NJ Dexter,0,0,,,,,,,,,,,,,
1127736,2018,2018-09-18,"Grace Road, Leicester",3,7.4,7.4,Durham,Leicestershire,G Clark,GJ Harte,NJ Dexter,0,0,,,,,,,caught,G Clark,,,A Javid,,
1127736,2018,2018-09-18,"Grace Road, Leicester",3,7.5,7.5,Durham,Leicestershire,MJ Richardson,GJ Harte,NJ Dexter,0,0,,,,,,,,,,,,,
1127736,2018,2018-09-18,"Grace Road, Leicester",3,7.6,7.6,Durham,Leicestershire,MJ Richardson,GJ Harte,NJ Dexter,0,0,,,,,,,,,,,,,
1127736,2018,2018-09-18,"Grace Road, Leicester",3,8.1,8.1,Durham,Leicestershire,GJ Harte,MJ Richardson,Mohammad Abbas,0,0,,,,,,,,,,,,,
1127736,2018,2018-09-18,"Grace Road, Leicester",3,8.2,8.2,Durham,Leicestershire,GJ Harte,MJ Richardson,Mohammad Abbas,0,0,,,,,,,,,,,,,
1127736,2018,2018-09-18,"Grace Road, Leicester",3,8.3,8.3,Durham,Leicestershire,GJ Harte,MJ Richardson,Mohammad Abbas,0,0,,,,,,,,,,,,,
1127736,2018,2018-09-18,"Grace Road, Leicester",3,8.4,8.4,Durham,Leicestershire,GJ Harte,MJ Richardson,Mohammad Abbas,0,0,,,,,,,,,,,,,
1127736,2018,2018-09-18,"Grace Road, Leicester",3,8.5,8.5,Durham,Leicestershire,GJ Harte,MJ Richardson,Mohammad Abbas,0,0,,,,,,,,,,,,,
1127736,2018,2018-09-18,"Grace Road, Leicester",3,8.6,8.6,Durham,Leicestershire,GJ Harte,MJ Richardson,Mohammad Abbas,0,0,,,,,,,caught,GJ Harte,,,LJ Hill,,
1127736,2018,2018-09-18,"Grace Road, Leicester",3,9.1,9.1,Durham,Leicestershire,MJ Richardson,PD Collingwood,NJ Dexter,0,0,,,,,,,,,,,,,
1127736,2018,2018-09-18,"Grace Road, Leicester",3,9.2,9.2,Durham,Leicestershire,MJ Richardson,PD Collingwood,NJ Dexter,0,0,,,,,,,,,,,,,
1127736,2018,2018-09-18,"Grace Road, Leicester",3,9.3,9.3,Durham,Leicestershire,MJ Richardson,PD Collingwood,NJ Dexter,0,0,,,,,,,,,,,,,
1127736,2018,2018-09-18,"Grace Road, Leicester",3,9.4,9.4,Durham,Leicestershire,MJ Richardson,PD Collingwood,NJ Dexter,4,0,,,,,,,,,,,,,
1127736,2018,2018-09-18,"Grace Road, Leicester",3,9.5,9.5,Durham,Leicestershire,MJ Richardson,PD Collingwood,NJ Dexter,0,0,,,,,,,,,,,,,
1127736,2018,2018-09-18,"Grace Road, Leicester",3,9.6,9.6,Durham,Leicestershire,MJ Richardson,PD Collingwood,NJ Dexter,0,0,,,,,,,,,,,,,
1127736,2018,2018-09-18,"Grace Road, Leicester",3,10.1,10.1,Durham,Leicestershire,PD Collingwood,MJ Richardson,Mohammad Abbas,0,0,,,,,,,,,,,,,
1127736,2018,2018-09-18,"Grace Road, Leicester",3,10.2,10.2,Durham,Leicestershire,PD Collingwood,MJ Richardson,Mohammad Abbas,0,1,,,1,,,,,,,,,,
1127736,2018,2018-09-18,"Grace Road, Leicester",3,10.3,10.3,Durham,Leicestershire,MJ Richardson,PD Collingwood,Mohammad Abbas,4,0,,,,,,,,,,,,,
1127736,2018,2018-09-18,"Grace Road, Leicester",3,10.4,10.4,Durham,Leicestershire,MJ Richardson,PD Collingwood,Mohammad Abbas,0,0,,,,,,,bowled,MJ Richardson,,,,,
1127736,2018,2018-09-18,"Grace Road, Leicester",3,10.5,10.5,Durham,Leicestershire,SW Poynter,PD Collingwood,Mohammad Abbas,0,0,,,,,,,,,,,,,
1127736,2018,2018-09-18,"Grace Road, Leicester",3,10.6,10.6,Durham,Leicestershire,SW Poynter,PD Collingwood,Mohammad Abbas,0,0,,,,,,,,,,,,,
1127736,2018,2018-09-18,"Grace Road, Leicester",3,11.1,11.1,Durham,Leicestershire,PD Collingwood,SW Poynter,NJ Dexter,1,0,,,,,,,,,,,,,
1127736,2018,2018-09-18,"Grace Road, Leicester",3,11.2,11.2,Durham,Leicestershire,SW Poynter,PD Collingwood,NJ Dexter,0,0,,,,,,,,,,,,,
1127736,2018,2018-09-18,"Grace Road, Leicester",3,11.3,11.3,Durham,Leicestershire,SW Poynter,PD Collingwood,NJ Dexter,0,0,,,,,,,,,,,,,
1127736,2018,2018-09-18,"Grace Road, Leicester",3,11.4,11.4,Durham,Leicestershire,SW Poynter,PD Collingwood,NJ Dexter,4,0,,,,,,,,,,,,,
1127736,2018,2018-09-18,"Grace Road, Leicester",3,11.5,11.5,Durham,Leicestershire,SW Poynter,PD Collingwood,NJ Dexter,0,0,,,,,,,caught,SW Poynter,,,ST Evans,,
1127736,2018,2018-09-18,"Grace Road, Leicester",3,11.6,11.6,Durham,Leicestershire,MA Wood,PD Collingwood,NJ Dexter,0,0,,,,,,,,,,,,,
1127736,2018,2018-09-18,"Grace Road, Leicester",3,12.1,12.1,Durham,Leicestershire,PD Collingwood,MA Wood,Mohammad Abbas,0,0,,,,,,,,,,,,,
1127736,2018,2018-09-18,"Grace Road, Leicester",3,12.2,12.2,Durham,Leicestershire,PD Collingwood,MA Wood,Mohammad Abbas,0,0,,,,,,,,,,,,,
1127736,2018,2018-09-18,"Grace Road, Leicester",3,12.3,12.3,Durham,Leicestershire,PD Collingwood,MA Wood,Mohammad Abbas,0,0,,,,,,,,,,,,,
1127736,2018,2018-09-18,"Grace Road, Leicester",3,12.4,12.4,Durham,Leicestershire,PD Collingwood,MA Wood,Mohammad Abbas,0,0,,,,,,,,,,,,,
1127736,2018,2018-09-18,"Grace Road, Leicester",3,12.5,12.5,Durham,Leicestershire,PD Collingwood,MA Wood,Mohammad Abbas,0,0,,,,,,,,,,,,,
1127736,2018,2018-09-18,"Grace Road, Leicester",3,12.6,12.6,Durham,Leicestershire,PD Collingwood,MA Wood,Mohammad Abbas,4,0,,,,,,,,,,,,,
1127736,2018,2018-09-18,"Grace Road, Leicester",3,13.1,13.1,Durham,Leicestershire,MA Wood,PD Collingwood,NJ Dexter,0,0,,,,,,,,,,,,,
1127736,2018,2018-09-18,"Grace Road, Leicester",3,13.2,13.2,Durham,Leicestershire,MA Wood,PD Collingwood,NJ Dexter,0,0,,,,,,,,,,,,,
1127736,2018,2018-09-18,"Grace Road, Leicester",3,13.3,13.3,Durham,Leicestershire,MA Wood,PD Collingwood,NJ Dexter,0,0,,,,,,,,,,,,,
1127736,2018,2018-09-18,"Grace Road, Leicester",3,13.4,13.4,Durham,Leicestershire,MA Wood,PD Collingwood,NJ Dexter,0,0,,,,,,,,,,,,,
1127736,2018,2018-09-18,"Grace Road, Leicester",3,13.5,13.5,Durham,Leicestershire,MA Wood,PD Collingwood,NJ Dexter,0,0,,,,,,,,,,,,,
1127736,2018,2018-09-18,"Grace Road, Leicester",3,13.6,13.6,Durham,Leicestershire,MA Wood,PD Collingwood,NJ Dexter,0,0,,,,,,,,,,,,,
1127736,2018,2018-09-18,"Grace Road, Leicester",3,14.1,14.1,Durham,Leicestershire,PD Collingwood,MA Wood,Mohammad Abbas,0,0,,,,,,,,,,,,,
1127736,2018,2018-09-18,"Grace Road, Leicester",3,14.2,14.2,Durham,Leicestershire,PD Collingwood,MA Wood,Mohammad Abbas,0,0,,,,,,,,,,,,,
1127736,2018,2018-09-18,"Grace Road, Leicester",3,14.3,14.3,Durham,Leicestershire,PD Collingwood,MA Wood,Mohammad Abbas,0,0,,,,,,,,,,,,,
1127736,2018,2018-09-18,"Grace Road, Leicester",3,14.4,14.4,Durham,Leicestershire,PD Collingwood,MA Wood,Mohammad Abbas,0,0,,,,,,,,,,,,,
1127736,2018,2018-09-18,"Grace Road, Leicester",3,14.5,14.5,Durham,Leicestershire,PD Collingwood,MA Wood,Mohammad Abbas,0,0,,,,,,,,,,,,,
1127736,2018,2018-09-18,"Grace Road, Leicester",3,14.6,14.6,Durham,Leicestershire,PD Collingwood,MA Wood,Mohammad Abbas,0,0,,,,,,,bowled,PD Collingwood,,,,,
1127736,2018,2018-09-18,"Grace Road, Leicester",3,15.1,15.1,Durham,Leicestershire,MA Wood,BJ McCarthy,GT Griffiths,0,0,,,,,,,,,,,,,
1127736,2018,2018-09-18,"Grace Road, Leicester",3,15.2,15.2,Durham,Leicestershire,MA Wood,BJ McCarthy,GT Griffiths,0,0,,,,,,,,,,,,,
1127736,2018,2018-09-18,"Grace Road, Leicester",3,15.3,15.3,Durham,Leicestershire,MA Wood,BJ McCarthy,GT Griffiths,0,0,,,,,,,,,,,,,
1127736,2018,2018-09-18,"Grace Road, Leicester",3,15.4,15.4,Durham,Leicestershire,MA Wood,BJ McCarthy,GT Griffiths,0,0,,,,,,,,,,,,,
1127736,2018,2018-09-18,"Grace Road, Leicester",3,15.5,15.5,Durham,Leicestershire,MA Wood,BJ McCarthy,GT Griffiths,0,0,,,,,,,,,,,,,
1127736,2018,2018-09-18,"Grace Road, Leicester",3,15.6,15.6,Durham,Leicestershire,MA Wood,BJ McCarthy,GT Griffiths,4,0,,,,,,,,,,,,,
1127736,2018,2018-09-18,"Grace Road, Leicester",3,16.1,16.1,Durham,Leicestershire,BJ McCarthy,MA Wood,Mohammad Abbas,1,0,,,,,,,,,,,,,
1127736,2018,2018-09-18,"Grace Road, Leicester",3,16.2,16.2,Durham,Leicestershire,MA Wood,BJ McCarthy,Mohammad Abbas,0,0,,,,,,,,,,,,,
1127736,2018,2018-09-18,"Grace Road, Leicester",3,16.3,16.3,Durham,Leicestershire,MA Wood,BJ McCarthy,Mohammad Abbas,4,0,,,,,,,,,,,,,
1127736,2018,2018-09-18,"Grace Road, Leicester",3,16.4,16.4,Durham,Leicestershire,MA Wood,BJ McCarthy,Mohammad Abbas,0,0,,,,,,,,,,,,,
1127736,2018,2018-09-18,"Grace Road, Leicester",3,16.5,16.5,Durham,Leicestershire,MA Wood,BJ McCarthy,Mohammad Abbas,0,0,,,,,,,,,,,,,
1127736,2018,2018-09-18,"Grace Road, Leicester",3,16.6,16.6,Durham,Leicestershire,MA Wood,BJ McCarthy,Mohammad Abbas,0,0,,,,,,,,,,,,,
1127736,2018,2018-09-18,"Grace Road, Leicester",3,17.1,17.1,Durham,Leicestershire,BJ McCarthy,MA Wood,GT Griffiths,0,0,,,,,,,,,,,,,
1127736,2018,2018-09-18,"Grace Road, Leicester",3,17.2,17.2,Durham,Leicestershire,BJ McCarthy,MA Wood,GT Griffiths,0,0,,,,,,,,,,,,,
1127736,2018,2018-09-18,"Grace Road, Leicester",3,17.3,17.3,Durham,Leicestershire,BJ McCarthy,MA Wood,GT Griffiths,0,0,,,,,,,,,,,,,
1127736,2018,2018-09-18,"Grace Road, Leicester",3,17.4,17.4,Durham,Leicestershire,BJ McCarthy,MA Wood,GT Griffiths,0,0,,,,,,,,,,,,,
1127736,2018,2018-09-18,"Grace Road, Leicester",3,17.5,17.5,Durham,Leicestershire,BJ McCarthy,MA Wood,GT Griffiths,0,0,,,,,,,,,,,,,
1127736,2018,2018-09-18,"Grace Road, Leicester",3,17.6,17.6,Durham,Leicestershire,BJ McCarthy,MA Wood,GT Griffiths,0,0,,,,,,,,,,,,,
1127736,2018,2018-09-18,"Grace Road, Leicester",3,18.1,18.1,Durham,Leicestershire,MA Wood,BJ McCarthy,Mohammad Abbas,0,0,,,,,,,,,,,,,
1127736,2018,2018-09-18,"Grace Road, Leicester",3,18.2,18.2,Durham,Leicestershire,MA Wood,BJ McCarthy,Mohammad Abbas,0,0,,,,,,,,,,,,,
1127736,2018,2018-09-18,"Grace Road, Leicester",3,18.3,18.3,Durham,Leicestershire,MA Wood,BJ McCarthy,Mohammad Abbas,0,0,,,,,,,,,,,,,
1127736,2018,2018-09-18,"Grace Road, Leicester",3,18.4,18.4,Durham,Leicestershire,MA Wood,BJ McCarthy,Mohammad Abbas,0,0,,,,,,,,,,,,,
1127736,2018,2018-09-18,"Grace Road, Leicester",3,18.5,18.5,Durham,Leicestershire,MA Wood,BJ McCarthy,Mohammad Abbas,0,0,,,,,,,,,,,,,
1127736,2018,2018-09-18,"Grace Road, Leicester",3,18.6,18.6,Durham,Leicestershire,MA Wood,BJ McCarthy,Mohammad Abbas,0,0,,,,,,,,,,,,,
1127736,2018,2018-09-18,"Grace Road, Leicester",3,19.1,19.1,Durham,Leicestershire,BJ McCarthy,MA Wood,GT Griffiths,0,0,,,,,,,,,,,,,
1127736,2018,2018-09-18,"Grace Road, Leicester",3,19.2,19.2,Durham,Leicestershire,BJ McCarthy,MA Wood,GT Griffiths,0,0,,,,,,,,,,,,,
1127736,2018,2018-09-18,"Grace Road, Leicester",3,19.3,19.3,Durham,Leicestershire,BJ McCarthy,MA Wood,GT Griffiths,0,0,,,,,,,,,,,,,
1127736,2018,2018-09-18,"Grace Road, Leicester",3,19.4,19.4,Durham,Leicestershire,BJ McCarthy,MA Wood,GT Griffiths,0,0,,,,,,,,,,,,,
1127736,2018,2018-09-18,"Grace Road, Leicester",3,19.5,19.5,Durham,Leicestershire,BJ McCarthy,MA Wood,GT Griffiths,0,0,,,,,,,,,,,,,
1127736,2018,2018-09-18,"Grace Road, Leicester",3,19.6,19.6,Durham,Leicestershire,BJ McCarthy,MA Wood,GT Griffiths,0,0,,,,,,,,,,,,,
1127736,2018,2018-09-18,"Grace Road, Leicester",3,20.1,20.1,Durham,Leicestershire,MA Wood,BJ McCarthy,BWM Mike,0,0,,,,,,,,,,,,,
1127736,2018,2018-09-18,"Grace Road, Leicester",3,20.2,20.2,Durham,Leicestershire,MA Wood,BJ McCarthy,BWM Mike,3,0,,,,,,,,,,,,,
1127736,2018,2018-09-18,"Grace Road, Leicester",3,20.3,20.3,Durham,Leicestershire,BJ McCarthy,MA Wood,BWM Mike,0,0,,,,,,,,,,,,,
1127736,2018,2018-09-18,"Grace Road, Leicester",3,20.4,20.4,Durham,Leicestershire,BJ McCarthy,MA Wood,BWM Mike,0,0,,,,,,,,,,,,,
1127736,2018,2018-09-18,"Grace Road, Leicester",3,20.5,20.5,Durham,Leicestershire,BJ McCarthy,MA Wood,BWM Mike,0,0,,,,,,,caught,BJ McCarthy,,,LJ Hill,,
1127736,2018,2018-09-18,"Grace Road, Leicester",3,20.6,20.6,Durham,Leicestershire,MET Salisbury,MA Wood,BWM Mike,4,0,,,,,,,,,,,,,
1127736,2018,2018-09-18,"Grace Road, Leicester",3,21.1,21.1,Durham,Leicestershire,MA Wood,MET Salisbury,GT Griffiths,0,0,,,,,,,,,,,,,
1127736,2018,2018-09-18,"Grace Road, Leicester",3,21.2,21.2,Durham,Leicestershire,MA Wood,MET Salisbury,GT Griffiths,0,0,,,,,,,,,,,,,
1127736,2018,2018-09-18,"Grace Road, Leicester",3,21.3,21.3,Durham,Leicestershire,MA Wood,MET Salisbury,GT Griffiths,4,0,,,,,,,,,,,,,
1127736,2018,2018-09-18,"Grace Road, Leicester",3,21.4,21.4,Durham,Leicestershire,MA Wood,MET Salisbury,GT Griffiths,0,0,,,,,,,,,,,,,
1127736,2018,2018-09-18,"Grace Road, Leicester",3,21.5,21.5,Durham,Leicestershire,MA Wood,MET Salisbury,GT Griffiths,0,0,,,,,,,,,,,,,
1127736,2018,2018-09-18,"Grace Road, Leicester",3,21.6,21.6,Durham,Leicestershire,MA Wood,MET Salisbury,GT Griffiths,0,0,,,,,,,,,,,,,
1127736,2018,2018-09-18,"Grace Road, Leicester",3,22.1,22.1,Durham,Leicestershire,MET Salisbury,MA Wood,BWM Mike,0,0,,,,,,,,,,,,,
1127736,2018,2018-09-18,"Grace Road, Leicester",3,22.2,22.2,Durham,Leicestershire,MET Salisbury,MA Wood,BWM Mike,0,0,,,,,,,,,,,,,
1127736,2018,2018-09-18,"Grace Road, Leicester",3,22.3,22.3,Durham,Leicestershire,MET Salisbury,MA Wood,BWM Mike,0,0,,,,,,,,,,,,,
1127736,2018,2018-09-18,"Grace Road, Leicester",3,22.4,22.4,Durham,Leicestershire,MET Salisbury,MA Wood,BWM Mike,0,0,,,,,,,,,,,,,
1127736,2018,2018-09-18,"Grace Road, Leicester",3,22.5,22.5,Durham,Leicestershire,MET Salisbury,MA Wood,BWM Mike,1,0,,,,,,,,,,,,,
1127736,2018,2018-09-18,"Grace Road, Leicester",3,22.6,22.6,Durham,Leicestershire,MA Wood,MET Salisbury,BWM Mike,0,0,,,,,,,,,,,,,
1127736,2018,2018-09-18,"Grace Road, Leicester",3,23.1,23.1,Durham,Leicestershire,MET Salisbury,MA Wood,GT Griffiths,0,0,,,,,,,,,,,,,
1127736,2018,2018-09-18,"Grace Road, Leicester",3,23.2,23.2,Durham,Leicestershire,MET Salisbury,MA Wood,GT Griffiths,0,0,,,,,,,,,,,,,
1127736,2018,2018-09-18,"Grace Road, Leicester",3,23.3,23.3,Durham,Leicestershire,MET Salisbury,MA Wood,GT Griffiths,0,0,,,,,,,bowled,MET Salisbury,,,,,
1127736,2018,2018-09-18,"Grace Road, Leicester",3,23.4,23.4,Durham,Leicestershire,C Rushworth,MA Wood,GT Griffiths,0,0,,,,,,,,,,,,,
1127736,2018,2018-09-18,"Grace Road, Leicester",3,23.5,23.5,Durham,Leicestershire,C Rushworth,MA Wood,GT Griffiths,3,0,,,,,,,,,,,,,
1127736,2018,2018-09-18,"Grace Road, Leicester",3,23.6,23.6,Durham,Leicestershire,MA Wood,C Rushworth,GT Griffiths,0,0,,,,,,,,,,,,,
1127736,2018,2018-09-18,"Grace Road, Leicester",3,24.1,24.1,Durham,Leicestershire,C Rushworth,MA Wood,Mohammad Abbas,0,0,,,,,,,,,,,,,
1127736,2018,2018-09-18,"Grace Road, Leicester",3,24.2,24.2,Durham,Leicestershire,C Rushworth,MA Wood,Mohammad Abbas,4,0,,,,,,,,,,,,,
1127736,2018,2018-09-18,"Grace Road, Leicester",3,24.3,24.3,Durham,Leicestershire,C Rushworth,MA Wood,Mohammad Abbas,0,0,,,,,,,bowled,C Rushworth,,,,,
