match_id,season,start_date,venue,innings,ball,actual_delivery,batting_team,bowling_team,striker,non_striker,bowler,runs_off_bat,extras,wides,noballs,byes,legbyes,penalty,non_boundary,wicket_type,player_dismissed,other_wicket_type,other_player_dismissed,fielder_1,fielder_2,fielder_3
1127686,2018,2018-05-04,"Sophia Gardens, Cardiff",1,0.1,0.1,Glamorgan,Kent,NJ Selman,JR Murphy,MJ Henry,0,0,,,,,,,,,,,,,
1127686,2018,2018-05-04,"Sophia Gardens, Cardiff",1,0.2,0.2,Glamorgan,Kent,NJ Selman,JR Murphy,MJ Henry,0,0,,,,,,,,,,,,,
1127686,2018,2018-05-04,"Sophia Gardens, Cardiff",1,0.3,0.3,Glamorgan,Kent,NJ Selman,JR Murphy,MJ Henry,0,0,,,,,,,,,,,,,
1127686,2018,2018-05-04,"Sophia Gardens, Cardiff",1,0.4,0.4,Glamorgan,Kent,NJ Selman,JR Murphy,MJ Henry,0,0,,,,,,,,,,,,,
1127686,2018,2018-05-04,"Sophia Gardens, Cardiff",1,0.5,0.5,Glamorgan,Kent,NJ Selman,JR Murphy,MJ Henry,0,0,,,,,,,,,,,,,
1127686,2018,2018-05-04,"Sophia Gardens, Cardiff",1,0.6,0.6,Glamorgan,Kent,NJ Selman,JR Murphy,MJ Henry,0,0,,,,,,,,,,,,,
1127686,2018,2018-05-04,"Sophia Gardens, Cardiff",1,1.1,1.1,Glamorgan,Kent,JR Murphy,NJ Selman,DI Stevens,0,0,,,,,,,,,,,,,
1127686,2018,2018-05-04,"Sophia Gardens, Cardiff",1,1.2,1.2,Glamorgan,Kent,JR Murphy,NJ Selman,DI Stevens,0,0,,,,,,,,,,,,,
1127686,2018,2018-05-04,"Sophia Gardens, Cardiff",1,1.3,1.3,Glamorgan,Kent,JR Murphy,NJ Selman,DI Stevens,0,1,1,,,,,,,,,,,,
1127686,2018,2018-05-04,"Sophia Gardens, Cardiff",1,1.4,1.3,Glamorgan,Kent,JR Murphy,NJ Selman,DI Stevens,0,0,,,,,,,,,,,,,
1127686,2018,2018-05-04,"Sophia Gardens, Cardiff",1,1.5,1.4,Glamorgan,Kent,JR Murphy,NJ Selman,DI Stevens,0,1,,,,1,,,,,,,,,
1127686,2018,2018-05-04,"Sophia Gardens, Cardiff",1,1.6,1.5,Glamorgan,Kent,NJ Selman,JR Murphy,DI Stevens,0,0,,,,,,,,,,,,,
1127686,2018,2018-05-04,"Sophia Gardens, Cardiff",1,1.7,1.6,Glamorgan,Kent,NJ Selman,JR Murphy,DI Stevens,0,0,,,,,,,,,,,,,
1127686,2018,2018-05-04,"Sophia Gardens, Cardiff",1,2.1,2.1,Glamorgan,Kent,JR Murphy,NJ Selman,MJ Henry,0,0,,,,,,,,,,,,,
1127686,2018,2018-05-04,"Sophia Gardens, Cardiff",1,2.2,2.2,Glamorgan,Kent,JR Murphy,NJ Selman,MJ Henry,0,0,,,,,,,,,,,,,
1127686,2018,2018-05-04,"Sophia Gardens, Cardiff",1,2.3,2.3,Glamorgan,Kent,JR Murphy,NJ Selman,MJ Henry,0,0,,,,,,,,,,,,,
1127686,2018,2018-05-04,"Sophia Gardens, Cardiff",1,2.4,2.4,Glamorgan,Kent,JR Murphy,NJ Selman,MJ Henry,0,0,,,,,,,,,,,,,
1127686,2018,2018-05-04,"Sophia Gardens, Cardiff",1,2.5,2.5,Glamorgan,Kent,JR Murphy,NJ Selman,MJ Henry,0,0,,,,,,,,,,,,,
1127686,2018,2018-05-04,"Sophia Gardens, Cardiff",1,2.6,2.6,Glamorgan,Kent,JR Murphy,NJ Selman,MJ Henry,0,0,,,,,,,,,,,,,
1127686,2018,2018-05-04,"Sophia Gardens, Cardiff",1,3.1,3.1,Glamorgan,Kent,NJ Selman,JR Murphy,DI Stevens,0,0,,,,,,,,,,,,,
1127686,2018,2018-05-04,"Sophia Gardens, Cardiff",1,3.2,3.2,Glamorgan,Kent,NJ Selman,JR Murphy,DI Stevens,0,0,,,,,,,,,,,,,
1127686,2018,2018-05-04,"Sophia Gardens, Cardiff",1,3.3,3.3,Glamorgan,Kent,NJ Selman,JR Murphy,DI Stevens,0,0,,,,,,,,,,,,,
1127686,2018,2018-05-04,"Sophia Gardens, Cardiff",1,3.4,3.4,Glamorgan,Kent,NJ Selman,JR Murphy,DI Stevens,4,0,,,,,,,,,,,,,
1127686,2018,2018-05-04,"Sophia Gardens, Cardiff",1,3.5,3.5,Glamorgan,Kent,NJ Selman,JR Murphy,DI Stevens,0,0,,,,,,,,,,,,,
1127686,2018,2018-05-04,"Sophia Gardens, Cardiff",1,3.6,3.6,Glamorgan,Kent,NJ Selman,JR Murphy,DI Stevens,0,0,,,,,,,,,,,,,
1127686,2018,2018-05-04,"Sophia Gardens, Cardiff",1,4.1,4.1,Glamorgan,Kent,JR Murphy,NJ Selman,MJ Henry,0,0,,,,,,,,,,,,,
1127686,2018,2018-05-04,"Sophia Gardens, Cardiff",1,4.2,4.2,Glamorgan,Kent,JR Murphy,NJ Selman,MJ Henry,0,0,,,,,,,,,,,,,
1127686,2018,2018-05-04,"Sophia Gardens, Cardiff",1,4.3,4.3,Glamorgan,Kent,JR Murphy,NJ Selman,MJ Henry,0,0,,,,,,,,,,,,,
1127686,2018,2018-05-04,"Sophia Gardens, Cardiff",1,4.4,4.4,Glamorgan,Kent,JR Murphy,NJ Selman,MJ Henry,0,0,,,,,,,,,,,,,
1127686,2018,2018-05-04,"Sophia Gardens, Cardiff",1,4.5,4.5,Glamorgan,Kent,JR Murphy,NJ Selman,MJ Henry,0,0,,,,,,,,,,,,,
1127686,2018,2018-05-04,"Sophia Gardens, Cardiff",1,4.6,4.6,Glamorgan,Kent,JR Murphy,NJ Selman,MJ Henry,0,0,,,,,,,,,,,,,
1127686,2018,2018-05-04,"Sophia Gardens, Cardiff",1,5.1,5.1,Glamorgan,Kent,NJ Selman,JR Murphy,DI Stevens,0,0,,,,,,,,,,,,,
1127686,2018,2018-05-04,"Sophia Gardens, Cardiff",1,5.2,5.2,Glamorgan,Kent,NJ Selman,JR Murphy,DI Stevens,0,0,,,,,,,,,,,,,
1127686,2018,2018-05-04,"Sophia Gardens, Cardiff",1,5.3,5.3,Glamorgan,Kent,NJ Selman,JR Murphy,DI Stevens,0,0,,,,,,,,,,,,,
1127686,2018,2018-05-04,"Sophia Gardens, Cardiff",1,5.4,5.4,Glamorgan,Kent,NJ Selman,JR Murphy,DI Stevens,0,0,,,,,,,,,,,,,
1127686,2018,2018-05-04,"Sophia Gardens, Cardiff",1,5.5,5.5,Glamorgan,Kent,NJ Selman,JR Murphy,DI Stevens,0,0,,,,,,,,,,,,,
1127686,2018,2018-05-04,"Sophia Gardens, Cardiff",1,5.6,5.6,Glamorgan,Kent,NJ Selman,JR Murphy,DI Stevens,0,0,,,,,,,,,,,,,
1127686,2018,2018-05-04,"Sophia Gardens, Cardiff",1,6.1,6.1,Glamorgan,Kent,JR Murphy,NJ Selman,MJ Henry,0,0,,,,,,,,,,,,,
1127686,2018,2018-05-04,"Sophia Gardens, Cardiff",1,6.2,6.2,Glamorgan,Kent,JR Murphy,NJ Selman,MJ Henry,0,0,,,,,,,,,,,,,
1127686,2018,2018-05-04,"Sophia Gardens, Cardiff",1,6.3,6.3,Glamorgan,Kent,JR Murphy,NJ Selman,MJ Henry,0,0,,,,,,,,,,,,,
1127686,2018,2018-05-04,"Sophia Gardens, Cardiff",1,6.4,6.4,Glamorgan,Kent,JR Murphy,NJ Selman,MJ Henry,0,0,,,,,,,,,,,,,
1127686,2018,2018-05-04,"Sophia Gardens, Cardiff",1,6.5,6.5,Glamorgan,Kent,JR Murphy,NJ Selman,MJ Henry,0,0,,,,,,,,,,,,,
1127686,2018,2018-05-04,"Sophia Gardens, Cardiff",1,6.6,6.6,Glamorgan,Kent,JR Murphy,NJ Selman,MJ Henry,0,0,,,,,,,,,,,,,
1127686,2018,2018-05-04,"Sophia Gardens, Cardiff",1,7.1,7.1,Glamorgan,Kent,NJ Selman,JR Murphy,DI Stevens,0,0,,,,,,,,,,,,,
1127686,2018,2018-05-04,"Sophia Gardens, Cardiff",1,7.2,7.2,Glamorgan,Kent,NJ Selman,JR Murphy,DI Stevens,0,0,,,,,,,,,,,,,
1127686,2018,2018-05-04,"Sophia Gardens, Cardiff",1,7.3,7.3,Glamorgan,Kent,NJ Selman,JR Murphy,DI Stevens,2,0,,,,,,,,,,,,,
1127686,2018,2018-05-04,"Sophia Gardens, Cardiff",1,7.4,7.4,Glamorgan,Kent,NJ Selman,JR Murphy,DI Stevens,0,0,,,,,,,,,,,,,
1127686,2018,2018-05-04,"Sophia Gardens, Cardiff",1,7.5,7.5,Glamorgan,Kent,NJ Selman,JR Murphy,DI Stevens,0,0,,,,,,,,,,,,,
1127686,2018,2018-05-04,"Sophia Gardens, Cardiff",1,7.6,7.6,Glamorgan,Kent,NJ Selman,JR Murphy,DI Stevens,0,0,,,,,,,,,,,,,
1127686,2018,2018-05-04,"Sophia Gardens, Cardiff",1,8.1,8.1,Glamorgan,Kent,JR Murphy,NJ Selman,MJ Henry,0,0,,,,,,,,,,,,,
1127686,2018,2018-05-04,"Sophia Gardens, Cardiff",1,8.2,8.2,Glamorgan,Kent,JR Murphy,NJ Selman,MJ Henry,0,0,,,,,,,,,,,,,
1127686,2018,2018-05-04,"Sophia Gardens, Cardiff",1,8.3,8.3,Glamorgan,Kent,JR Murphy,NJ Selman,MJ Henry,0,0,,,,,,,,,,,,,
1127686,2018,2018-05-04,"Sophia Gardens, Cardiff",1,8.4,8.4,Glamorgan,Kent,JR Murphy,NJ Selman,MJ Henry,0,0,,,,,,,,,,,,,
1127686,2018,2018-05-04,"Sophia Gardens, Cardiff",1,8.5,8.5,Glamorgan,Kent,JR Murphy,NJ Selman,MJ Henry,0,0,,,,,,,,,,,,,
1127686,2018,2018-05-04,"Sophia Gardens, Cardiff",1,8.6,8.6,Glamorgan,Kent,JR Murphy,NJ Selman,MJ Henry,0,0,,,,,,,,,,,,,
1127686,2018,2018-05-04,"Sophia Gardens, Cardiff",1,9.1,9.1,Glamorgan,Kent,NJ Selman,JR Murphy,DI Stevens,4,0,,,,,,,,,,,,,
1127686,2018,2018-05-04,"Sophia Gardens, Cardiff",1,9.2,9.2,Glamorgan,Kent,NJ Selman,JR Murphy,DI Stevens,0,0,,,,,,,,,,,,,
1127686,2018,2018-05-04,"Sophia Gardens, Cardiff",1,9.3,9.3,Glamorgan,Kent,NJ Selman,JR Murphy,DI Stevens,0,0,,,,,,,,,,,,,
1127686,2018,2018-05-04,"Sophia Gardens, Cardiff",1,9.4,9.4,Glamorgan,Kent,NJ Selman,JR Murphy,DI Stevens,0,0,,,,,,,,,,,,,
1127686,2018,2018-05-04,"Sophia Gardens, Cardiff",1,9.5,9.5,Glamorgan,Kent,NJ Selman,JR Murphy,DI Stevens,0,0,,,,,,,,,,,,,
1127686,2018,2018-05-04,"Sophia Gardens, Cardiff",1,9.6,9.6,Glamorgan,Kent,NJ Selman,JR Murphy,DI Stevens,0,0,,,,,,,,,,,,,
1127686,2018,2018-05-04,"Sophia Gardens, Cardiff",1,10.1,10.1,Glamorgan,Kent,JR Murphy,NJ Selman,MJ Henry,0,0,,,,,,,,,,,,,
1127686,2018,2018-05-04,"Sophia Gardens, Cardiff",1,10.2,10.2,Glamorgan,Kent,JR Murphy,NJ Selman,MJ Henry,1,0,,,,,,,,,,,,,
1127686,2018,2018-05-04,"Sophia Gardens, Cardiff",1,10.3,10.3,Glamorgan,Kent,NJ Selman,JR Murphy,MJ Henry,4,0,,,,,,,,,,,,,
1127686,2018,2018-05-04,"Sophia Gardens, Cardiff",1,10.4,10.4,Glamorgan,Kent,NJ Selman,JR Murphy,MJ Henry,4,0,,,,,,,,,,,,,
1127686,2018,2018-05-04,"Sophia Gardens, Cardiff",1,10.5,10.5,Glamorgan,Kent,NJ Selman,JR Murphy,MJ Henry,0,0,,,,,,,,,,,,,
1127686,2018,2018-05-04,"Sophia Gardens, Cardiff",1,10.6,10.6,Glamorgan,Kent,NJ Selman,JR Murphy,MJ Henry,0,0,,,,,,,,,,,,,
1127686,2018,2018-05-04,"Sophia Gardens, Cardiff",1,11.1,11.1,Glamorgan,Kent,JR Murphy,NJ Selman,DI Stevens,0,0,,,,,,,,,,,,,
1127686,2018,2018-05-04,"Sophia Gardens, Cardiff",1,11.2,11.2,Glamorgan,Kent,JR Murphy,NJ Selman,DI Stevens,0,0,,,,,,,,,,,,,
1127686,2018,2018-05-04,"Sophia Gardens, Cardiff",1,11.3,11.3,Glamorgan,Kent,JR Murphy,NJ Selman,DI Stevens,0,0,,,,,,,,,,,,,
1127686,2018,2018-05-04,"Sophia Gardens, Cardiff",1,11.4,11.4,Glamorgan,Kent,JR Murphy,NJ Selman,DI Stevens,0,0,,,,,,,,,,,,,
1127686,2018,2018-05-04,"Sophia Gardens, Cardiff",1,11.5,11.5,Glamorgan,Kent,JR Murphy,NJ Selman,DI Stevens,1,0,,,,,,,,,,,,,
1127686,2018,2018-05-04,"Sophia Gardens, Cardiff",1,11.6,11.6,Glamorgan,Kent,NJ Selman,JR Murphy,DI Stevens,0,0,,,,,,,,,,,,,
1127686,2018,2018-05-04,"Sophia Gardens, Cardiff",1,12.1,12.1,Glamorgan,Kent,JR Murphy,NJ Selman,HW Podmore,0,0,,,,,,,,,,,,,
1127686,2018,2018-05-04,"Sophia Gardens, Cardiff",1,12.2,12.2,Glamorgan,Kent,JR Murphy,NJ Selman,HW Podmore,0,0,,,,,,,,,,,,,
1127686,2018,2018-05-04,"Sophia Gardens, Cardiff",1,12.3,12.3,Glamorgan,Kent,JR Murphy,NJ Selman,HW Podmore,0,0,,,,,,,,,,,,,
1127686,2018,2018-05-04,"Sophia Gardens, Cardiff",1,12.4,12.4,Glamorgan,Kent,JR Murphy,NJ Selman,HW Podmore,0,0,,,,,,,,,,,,,
1127686,2018,2018-05-04,"Sophia Gardens, Cardiff",1,12.5,12.5,Glamorgan,Kent,JR Murphy,NJ Selman,HW Podmore,0,0,,,,,,,,,,,,,
1127686,2018,2018-05-04,"Sophia Gardens, Cardiff",1,12.6,12.6,Glamorgan,Kent,JR Murphy,NJ Selman,HW Podmore,4,0,,,,,,,,,,,,,
1127686,2018,2018-05-04,"Sophia Gardens, Cardiff",1,13.1,13.1,Glamorgan,Kent,NJ Selman,JR Murphy,DI Stevens,0,0,,,,,,,,,,,,,
1127686,2018,2018-05-04,"Sophia Gardens, Cardiff",1,13.2,13.2,Glamorgan,Kent,NJ Selman,JR Murphy,DI Stevens,0,0,,,,,,,,,,,,,
1127686,2018,2018-05-04,"Sophia Gardens, Cardiff",1,13.3,13.3,Glamorgan,Kent,NJ Selman,JR Murphy,DI Stevens,0,0,,,,,,,,,,,,,
1127686,2018,2018-05-04,"Sophia Gardens, Cardiff",1,13.4,13.4,Glamorgan,Kent,NJ Selman,JR Murphy,DI Stevens,0,0,,,,,,,,,,,,,
1127686,2018,2018-05-04,"Sophia Gardens, Cardiff",1,13.5,13.5,Glamorgan,Kent,NJ Selman,JR Murphy,DI Stevens,0,0,,,,,,,,,,,,,
1127686,2018,2018-05-04,"Sophia Gardens, Cardiff",1,13.6,13.6,Glamorgan,Kent,NJ Selman,JR Murphy,DI Stevens,0,0,,,,,,,,,,,,,
1127686,2018,2018-05-04,"Sophia Gardens, Cardiff",1,14.1,14.1,Glamorgan,Kent,JR Murphy,NJ Selman,HW Podmore,1,0,,,,,,,,,,,,,
1127686,2018,2018-05-04,"Sophia Gardens, Cardiff",1,14.2,14.2,Glamorgan,Kent,NJ Selman,JR Murphy,HW Podmore,0,0,,,,,,,,,,,,,
1127686,2018,2018-05-04,"Sophia Gardens, Cardiff",1,14.3,14.3,Glamorgan,Kent,NJ Selman,JR Murphy,HW Podmore,0,0,,,,,,,,,,,,,
1127686,2018,2018-05-04,"Sophia Gardens, Cardiff",1,14.4,14.4,Glamorgan,Kent,NJ Selman,JR Murphy,HW Podmore,0,0,,,,,,,,,,,,,
1127686,2018,2018-05-04,"Sophia Gardens, Cardiff",1,14.5,14.5,Glamorgan,Kent,NJ Selman,JR Murphy,HW Podmore,0,0,,,,,,,,,,,,,
1127686,2018,2018-05-04,"Sophia Gardens, Cardiff",1,14.6,14.6,Glamorgan,Kent,NJ Selman,JR Murphy,HW Podmore,0,0,,,,,,,,,,,,,
1127686,2018,2018-05-04,"Sophia Gardens, Cardiff",1,15.1,15.1,Glamorgan,Kent,JR Murphy,NJ Selman,DI Stevens,0,0,,,,,,,,,,,,,
1127686,2018,2018-05-04,"Sophia Gardens, Cardiff",1,15.2,15.2,Glamorgan,Kent,JR Murphy,NJ Selman,DI Stevens,0,0,,,,,,,,,,,,,
1127686,2018,2018-05-04,"Sophia Gardens, Cardiff",1,15.3,15.3,Glamorgan,Kent,JR Murphy,NJ Selman,DI Stevens,0,0,,,,,,,,,,,,,
1127686,2018,2018-05-04,"Sophia Gardens, Cardiff",1,15.4,15.4,Glamorgan,Kent,JR Murphy,NJ Selman,DI Stevens,0,0,,,,,,,,,,,,,
1127686,2018,2018-05-04,"Sophia Gardens, Cardiff",1,15.5,15.5,Glamorgan,Kent,JR Murphy,NJ Selman,DI Stevens,0,0,,,,,,,,,,,,,
1127686,2018,2018-05-04,"Sophia Gardens, Cardiff",1,15.6,15.6,Glamorgan,Kent,JR Murphy,NJ Selman,DI Stevens,0,0,,,,,,,,,,,,,
1127686,2018,2018-05-04,"Sophia Gardens, Cardiff",1,16.1,16.1,Glamorgan,Kent,NJ Selman,JR Murphy,HW Podmore,0,0,,,,,,,,,,,,,
1127686,2018,2018-05-04,"Sophia Gardens, Cardiff",1,16.2,16.2,Glamorgan,Kent,NJ Selman,JR Murphy,HW Podmore,0,0,,,,,,,,,,,,,
1127686,2018,2018-05-04,"Sophia Gardens, Cardiff",1,16.3,16.3,Glamorgan,Kent,NJ Selman,JR Murphy,HW Podmore,0,0,,,,,,,,,,,,,
1127686,2018,2018-05-04,"Sophia Gardens, Cardiff",1,16.4,16.4,Glamorgan,Kent,NJ Selman,JR Murphy,HW Podmore,0,0,,,,,,,,,,,,,
1127686,2018,2018-05-04,"Sophia Gardens, Cardiff",1,16.5,16.5,Glamorgan,Kent,NJ Selman,JR Murphy,HW Podmore,1,0,,,,,,,,,,,,,
1127686,2018,2018-05-04,"Sophia Gardens, Cardiff",1,16.6,16.6,Glamorgan,Kent,JR Murphy,NJ Selman,HW Podmore,1,0,,,,,,,,,,,,,
1127686,2018,2018-05-04,"Sophia Gardens, Cardiff",1,17.1,17.1,Glamorgan,Kent,JR Murphy,NJ Selman,IAA Thomas,0,1,1,,,,,,,,,,,,
1127686,2018,2018-05-04,"Sophia Gardens, Cardiff",1,17.2,17.1,Glamorgan,Kent,JR Murphy,NJ Selman,IAA Thomas,0,0,,,,,,,,,,,,,
1127686,2018,2018-05-04,"Sophia Gardens, Cardiff",1,17.3,17.2,Glamorgan,Kent,JR Murphy,NJ Selman,IAA Thomas,0,0,,,,,,,,,,,,,
1127686,2018,2018-05-04,"Sophia Gardens, Cardiff",1,17.4,17.3,Glamorgan,Kent,JR Murphy,NJ Selman,IAA Thomas,0,0,,,,,,,,,,,,,
1127686,2018,2018-05-04,"Sophia Gardens, Cardiff",1,17.5,17.4,Glamorgan,Kent,JR Murphy,NJ Selman,IAA Thomas,0,0,,,,,,,,,,,,,
1127686,2018,2018-05-04,"Sophia Gardens, Cardiff",1,17.6,17.5,Glamorgan,Kent,JR Murphy,NJ Selman,IAA Thomas,0,0,,,,,,,,,,,,,
1127686,2018,2018-05-04,"Sophia Gardens, Cardiff",1,17.7,17.6,Glamorgan,Kent,JR Murphy,NJ Selman,IAA Thomas,0,0,,,,,,,,,,,,,
1127686,2018,2018-05-04,"Sophia Gardens, Cardiff",1,18.1,18.1,Glamorgan,Kent,NJ Selman,JR Murphy,HW Podmore,0,0,,,,,,,,,,,,,
1127686,2018,2018-05-04,"Sophia Gardens, Cardiff",1,18.2,18.2,Glamorgan,Kent,NJ Selman,JR Murphy,HW Podmore,0,0,,,,,,,,,,,,,
1127686,2018,2018-05-04,"Sophia Gardens, Cardiff",1,18.3,18.3,Glamorgan,Kent,NJ Selman,JR Murphy,HW Podmore,0,0,,,,,,,,,,,,,
1127686,2018,2018-05-04,"Sophia Gardens, Cardiff",1,18.4,18.4,Glamorgan,Kent,NJ Selman,JR Murphy,HW Podmore,0,0,,,,,,,,,,,,,
1127686,2018,2018-05-04,"Sophia Gardens, Cardiff",1,18.5,18.5,Glamorgan,Kent,NJ Selman,JR Murphy,HW Podmore,0,0,,,,,,,,,,,,,
1127686,2018,2018-05-04,"Sophia Gardens, Cardiff",1,18.6,18.6,Glamorgan,Kent,NJ Selman,JR Murphy,HW Podmore,0,0,,,,,,,,,,,,,
1127686,2018,2018-05-04,"Sophia Gardens, Cardiff",1,19.1,19.1,Glamorgan,Kent,JR Murphy,NJ Selman,IAA Thomas,0,0,,,,,,,,,,,,,
1127686,2018,2018-05-04,"Sophia Gardens, Cardiff",1,19.2,19.2,Glamorgan,Kent,JR Murphy,NJ Selman,IAA Thomas,0,0,,,,,,,,,,,,,
1127686,2018,2018-05-04,"Sophia Gardens, Cardiff",1,19.3,19.3,Glamorgan,Kent,JR Murphy,NJ Selman,IAA Thomas,0,0,,,,,,,,,,,,,
1127686,2018,2018-05-04,"Sophia Gardens, Cardiff",1,19.4,19.4,Glamorgan,Kent,JR Murphy,NJ Selman,IAA Thomas,0,0,,,,,,,,,,,,,
1127686,2018,2018-05-04,"Sophia Gardens, Cardiff",1,19.5,19.5,Glamorgan,Kent,JR Murphy,NJ Selman,IAA Thomas,0,0,,,,,,,,,,,,,
1127686,2018,2018-05-04,"Sophia Gardens, Cardiff",1,19.6,19.6,Glamorgan,Kent,JR Murphy,NJ Selman,IAA Thomas,0,0,,,,,,,,,,,,,
1127686,2018,2018-05-04,"Sophia Gardens, Cardiff",1,20.1,20.1,Glamorgan,Kent,NJ Selman,JR Murphy,HW Podmore,0,0,,,,,,,,,,,,,
1127686,2018,2018-05-04,"Sophia Gardens, Cardiff",1,20.2,20.2,Glamorgan,Kent,NJ Selman,JR Murphy,HW Podmore,0,0,,,,,,,,,,,,,
1127686,2018,2018-05-04,"Sophia Gardens, Cardiff",1,20.3,20.3,Glamorgan,Kent,NJ Selman,JR Murphy,HW Podmore,0,0,,,,,,,,,,,,,
1127686,2018,2018-05-04,"Sophia Gardens, Cardiff",1,20.4,20.4,Glamorgan,Kent,NJ Selman,JR Murphy,HW Podmore,0,0,,,,,,,,,,,,,
1127686,2018,2018-05-04,"Sophia Gardens, Cardiff",1,20.5,20.5,Glamorgan,Kent,NJ Selman,JR Murphy,HW Podmore,0,0,,,,,,,,,,,,,
1127686,2018,2018-05-04,"Sophia Gardens, Cardiff",1,20.6,20.6,Glamorgan,Kent,NJ Selman,JR Murphy,HW Podmore,1,0,,,,,,,,,,,,,
1127686,2018,2018-05-04,"Sophia Gardens, Cardiff",1,21.1,21.1,Glamorgan,Kent,NJ Selman,JR Murphy,IAA Thomas,4,0,,,,,,,,,,,,,
1127686,2018,2018-05-04,"Sophia Gardens, Cardiff",1,21.2,21.2,Glamorgan,Kent,NJ Selman,JR Murphy,IAA Thomas,4,0,,,,,,,,,,,,,
1127686,2018,2018-05-04,"Sophia Gardens, Cardiff",1,21.3,21.3,Glamorgan,Kent,NJ Selman,JR Murphy,IAA Thomas,0,0,,,,,,,,,,,,,
1127686,2018,2018-05-04,"Sophia Gardens, Cardiff",1,21.4,21.4,Glamorgan,Kent,NJ Selman,JR Murphy,IAA Thomas,1,0,,,,,,,,,,,,,
1127686,2018,2018-05-04,"Sophia Gardens, Cardiff",1,21.5,21.5,Glamorgan,Kent,JR Murphy,NJ Selman,IAA Thomas,0,0,,,,,,,,,,,,,
1127686,2018,2018-05-04,"Sophia Gardens, Cardiff",1,21.6,21.6,Glamorgan,Kent,JR Murphy,NJ Selman,IAA Thomas,0,0,,,,,,,,,,,,,
1127686,2018,2018-05-04,"Sophia Gardens, Cardiff",1,22.1,22.1,Glamorgan,Kent,NJ Selman,JR Murphy,HW Podmore,0,0,,,,,,,,,,,,,
1127686,2018,2018-05-04,"Sophia Gardens, Cardiff",1,22.2,22.2,Glamorgan,Kent,NJ Selman,JR Murphy,HW Podmore,0,0,,,,,,,,,,,,,
1127686,2018,2018-05-04,"Sophia Gardens, Cardiff",1,22.3,22.3,Glamorgan,Kent,NJ Selman,JR Murphy,HW Podmore,0,0,,,,,,,,,,,,,
1127686,2018,2018-05-04,"Sophia Gardens, Cardiff",1,22.4,22.4,Glamorgan,Kent,NJ Selman,JR Murphy,HW Podmore,0,0,,,,,,,,,,,,,
1127686,2018,2018-05-04,"Sophia Gardens, Cardiff",1,22.5,22.5,Glamorgan,Kent,NJ Selman,JR Murphy,HW Podmore,0,0,,,,,,,,,,,,,
1127686,2018,2018-05-04,"Sophia Gardens, Cardiff",1,22.6,22.6,Glamorgan,Kent,NJ Selman,JR Murphy,HW Podmore,0,0,,,,,,,,,,,,,
1127686,2018,2018-05-04,"Sophia Gardens, Cardiff",1,23.1,23.1,Glamorgan,Kent,JR Murphy,NJ Selman,IAA Thomas,0,0,,,,,,,,,,,,,
1127686,2018,2018-05-04,"Sophia Gardens, Cardiff",1,23.2,23.2,Glamorgan,Kent,JR Murphy,NJ Selman,IAA Thomas,0,0,,,,,,,,,,,,,
1127686,2018,2018-05-04,"Sophia Gardens, Cardiff",1,23.3,23.3,Glamorgan,Kent,JR Murphy,NJ Selman,IAA Thomas,0,0,,,,,,,,,,,,,
1127686,2018,2018-05-04,"Sophia Gardens, Cardiff",1,23.4,23.4,Glamorgan,Kent,JR Murphy,NJ Selman,IAA Thomas,0,0,,,,,,,,,,,,,
1127686,2018,2018-05-04,"Sophia Gardens, Cardiff",1,23.5,23.5,Glamorgan,Kent,JR Murphy,NJ Selman,IAA Thomas,0,0,,,,,,,,,,,,,
1127686,2018,2018-05-04,"Sophia Gardens, Cardiff",1,23.6,23.6,Glamorgan,Kent,JR Murphy,NJ Selman,IAA Thomas,0,0,,,,,,,,,,,,,
1127686,2018,2018-05-04,"Sophia Gardens, Cardiff",1,24.1,24.1,Glamorgan,Kent,NJ Selman,JR Murphy,HW Podmore,1,0,,,,,,,,,,,,,
1127686,2018,2018-05-04,"Sophia Gardens, Cardiff",1,24.2,24.2,Glamorgan,Kent,JR Murphy,NJ Selman,HW Podmore,0,0,,,,,,,,,,,,,
1127686,2018,2018-05-04,"Sophia Gardens, Cardiff",1,24.3,24.3,Glamorgan,Kent,JR Murphy,NJ Selman,HW Podmore,0,0,,,,,,,,,,,,,
1127686,2018,2018-05-04,"Sophia Gardens, Cardiff",1,24.4,24.4,Glamorgan,Kent,JR Murphy,NJ Selman,HW Podmore,0,0,,,,,,,,,,,,,
1127686,2018,2018-05-04,"Sophia Gardens, Cardiff",1,24.5,24.5,Glamorgan,Kent,JR Murphy,NJ Selman,HW Podmore,0,0,,,,,,,,,,,,,
1127686,2018,2018-05-04,"Sophia Gardens, Cardiff",1,24.6,24.6,Glamorgan,Kent,JR Murphy,NJ Selman,HW Podmore,0,0,,,,,,,,,,,,,
1127686,2018,2018-05-04,"Sophia Gardens, Cardiff",1,25.1,25.1,Glamorgan,Kent,NJ Selman,JR Murphy,IAA Thomas,1,0,,,,,,,,,,,,,
1127686,2018,2018-05-04,"Sophia Gardens, Cardiff",1,25.2,25.2,Glamorgan,Kent,JR Murphy,NJ Selman,IAA Thomas,0,0,,,,,,,,,,,,,
1127686,2018,2018-05-04,"Sophia Gardens, Cardiff",1,25.3,25.3,Glamorgan,Kent,JR Murphy,NJ Selman,IAA Thomas,0,0,,,,,,,,,,,,,
1127686,2018,2018-05-04,"Sophia Gardens, Cardiff",1,25.4,25.4,Glamorgan,Kent,JR Murphy,NJ Selman,IAA Thomas,0,0,,,,,,,,,,,,,
1127686,2018,2018-05-04,"Sophia Gardens, Cardiff",1,25.5,25.5,Glamorgan,Kent,JR Murphy,NJ Selman,IAA Thomas,0,0,,,,,,,,,,,,,
1127686,2018,2018-05-04,"Sophia Gardens, Cardiff",1,25.6,25.6,Glamorgan,Kent,JR Murphy,NJ Selman,IAA Thomas,0,0,,,,,,,,,,,,,
1127686,2018,2018-05-04,"Sophia Gardens, Cardiff",1,26.1,26.1,Glamorgan,Kent,NJ Selman,JR Murphy,HW Podmore,0,0,,,,,,,,,,,,,
1127686,2018,2018-05-04,"Sophia Gardens, Cardiff",1,26.2,26.2,Glamorgan,Kent,NJ Selman,JR Murphy,HW Podmore,1,0,,,,,,,,,,,,,
1127686,2018,2018-05-04,"Sophia Gardens, Cardiff",1,26.3,26.3,Glamorgan,Kent,JR Murphy,NJ Selman,HW Podmore,0,0,,,,,,,,,,,,,
1127686,2018,2018-05-04,"Sophia Gardens, Cardiff",1,26.4,26.4,Glamorgan,Kent,JR Murphy,NJ Selman,HW Podmore,0,0,,,,,,,,,,,,,
1127686,2018,2018-05-04,"Sophia Gardens, Cardiff",1,26.5,26.5,Glamorgan,Kent,JR Murphy,NJ Selman,HW Podmore,0,0,,,,,,,,,,,,,
1127686,2018,2018-05-04,"Sophia Gardens, Cardiff",1,26.6,26.6,Glamorgan,Kent,JR Murphy,NJ Selman,HW Podmore,0,0,,,,,,,,,,,,,
1127686,2018,2018-05-04,"Sophia Gardens, Cardiff",1,27.1,27.1,Glamorgan,Kent,NJ Selman,JR Murphy,IAA Thomas,0,0,,,,,,,,,,,,,
1127686,2018,2018-05-04,"Sophia Gardens, Cardiff",1,27.2,27.2,Glamorgan,Kent,NJ Selman,JR Murphy,IAA Thomas,0,0,,,,,,,,,,,,,
1127686,2018,2018-05-04,"Sophia Gardens, Cardiff",1,27.3,27.3,Glamorgan,Kent,NJ Selman,JR Murphy,IAA Thomas,0,0,,,,,,,,,,,,,
1127686,2018,2018-05-04,"Sophia Gardens, Cardiff",1,27.4,27.4,Glamorgan,Kent,NJ Selman,JR Murphy,IAA Thomas,1,0,,,,,,,,,,,,,
1127686,2018,2018-05-04,"Sophia Gardens, Cardiff",1,27.5,27.5,Glamorgan,Kent,JR Murphy,NJ Selman,IAA Thomas,0,0,,,,,,,,,,,,,
1127686,2018,2018-05-04,"Sophia Gardens, Cardiff",1,27.6,27.6,Glamorgan,Kent,JR Murphy,NJ Selman,IAA Thomas,4,0,,,,,,,,,,,,,
1127686,2018,2018-05-04,"Sophia Gardens, Cardiff",1,28.1,28.1,Glamorgan,Kent,NJ Selman,JR Murphy,WRS Gidman,0,0,,,,,,,,,,,,,
1127686,2018,2018-05-04,"Sophia Gardens, Cardiff",1,28.2,28.2,Glamorgan,Kent,NJ Selman,JR Murphy,WRS Gidman,0,0,,,,,,,,,,,,,
1127686,2018,2018-05-04,"Sophia Gardens, Cardiff",1,28.3,28.3,Glamorgan,Kent,NJ Selman,JR Murphy,WRS Gidman,0,0,,,,,,,,,,,,,
1127686,2018,2018-05-04,"Sophia Gardens, Cardiff",1,28.4,28.4,Glamorgan,Kent,NJ Selman,JR Murphy,WRS Gidman,0,0,,,,,,,,,,,,,
1127686,2018,2018-05-04,"Sophia Gardens, Cardiff",1,28.5,28.5,Glamorgan,Kent,NJ Selman,JR Murphy,WRS Gidman,0,0,,,,,,,,,,,,,
1127686,2018,2018-05-04,"Sophia Gardens, Cardiff",1,28.6,28.6,Glamorgan,Kent,NJ Selman,JR Murphy,WRS Gidman,0,0,,,,,,,,,,,,,
1127686,2018,2018-05-04,"Sophia Gardens, Cardiff",1,29.1,29.1,Glamorgan,Kent,JR Murphy,NJ Selman,JL Denly,0,0,,,,,,,,,,,,,
1127686,2018,2018-05-04,"Sophia Gardens, Cardiff",1,29.2,29.2,Glamorgan,Kent,JR Murphy,NJ Selman,JL Denly,4,0,,,,,,,,,,,,,
1127686,2018,2018-05-04,"Sophia Gardens, Cardiff",1,29.3,29.3,Glamorgan,Kent,JR Murphy,NJ Selman,JL Denly,2,0,,,,,,,,,,,,,
1127686,2018,2018-05-04,"Sophia Gardens, Cardiff",1,29.4,29.4,Glamorgan,Kent,JR Murphy,NJ Selman,JL Denly,0,0,,,,,,,,,,,,,
1127686,2018,2018-05-04,"Sophia Gardens, Cardiff",1,29.5,29.5,Glamorgan,Kent,JR Murphy,NJ Selman,JL Denly,1,0,,,,,,,,,,,,,
1127686,2018,2018-05-04,"Sophia Gardens, Cardiff",1,29.6,29.6,Glamorgan,Kent,NJ Selman,JR Murphy,JL Denly,0,0,,,,,,,,,,,,,
1127686,2018,2018-05-04,"Sophia Gardens, Cardiff",1,30.1,30.1,Glamorgan,Kent,JR Murphy,NJ Selman,WRS Gidman,2,0,,,,,,,,,,,,,
1127686,2018,2018-05-04,"Sophia Gardens, Cardiff",1,30.2,30.2,Glamorgan,Kent,JR Murphy,NJ Selman,WRS Gidman,0,0,,,,,,,,,,,,,
1127686,2018,2018-05-04,"Sophia Gardens, Cardiff",1,30.3,30.3,Glamorgan,Kent,JR Murphy,NJ Selman,WRS Gidman,0,0,,,,,,,,,,,,,
1127686,2018,2018-05-04,"Sophia Gardens, Cardiff",1,30.4,30.4,Glamorgan,Kent,JR Murphy,NJ Selman,WRS Gidman,0,0,,,,,,,,,,,,,
1127686,2018,2018-05-04,"Sophia Gardens, Cardiff",1,30.5,30.5,Glamorgan,Kent,JR Murphy,NJ Selman,WRS Gidman,0,0,,,,,,,,,,,,,
1127686,2018,2018-05-04,"Sophia Gardens, Cardiff",1,30.6,30.6,Glamorgan,Kent,JR Murphy,NJ Selman,WRS Gidman,0,0,,,,,,,,,,,,,
1127686,2018,2018-05-04,"Sophia Gardens, Cardiff",1,31.1,31.1,Glamorgan,Kent,NJ Selman,JR Murphy,DI Stevens,0,0,,,,,,,,,,,,,
1127686,2018,2018-05-04,"Sophia Gardens, Cardiff",1,31.2,31.2,Glamorgan,Kent,NJ Selman,JR Murphy,DI Stevens,0,0,,,,,,,lbw,NJ Selman,,,,,
1127686,2018,2018-05-04,"Sophia Gardens, Cardiff",1,31.3,31.3,Glamorgan,Kent,SE Marsh,JR Murphy,DI Stevens,0,0,,,,,,,,,,,,,
1127686,2018,2018-05-04,"Sophia Gardens, Cardiff",1,31.4,31.4,Glamorgan,Kent,SE Marsh,JR Murphy,DI Stevens,0,0,,,,,,,,,,,,,
1127686,2018,2018-05-04,"Sophia Gardens, Cardiff",1,31.5,31.5,Glamorgan,Kent,SE Marsh,JR Murphy,DI Stevens,1,0,,,,,,,,,,,,,
1127686,2018,2018-05-04,"Sophia Gardens, Cardiff",1,31.6,31.6,Glamorgan,Kent,JR Murphy,SE Marsh,DI Stevens,0,0,,,,,,,,,,,,,
1127686,2018,2018-05-04,"Sophia Gardens, Cardiff",1,32.1,32.1,Glamorgan,Kent,SE Marsh,JR Murphy,MJ Henry,0,0,,,,,,,,,,,,,
1127686,2018,2018-05-04,"Sophia Gardens, Cardiff",1,32.2,32.2,Glamorgan,Kent,SE Marsh,JR Murphy,MJ Henry,0,0,,,,,,,,,,,,,
1127686,2018,2018-05-04,"Sophia Gardens, Cardiff",1,32.3,32.3,Glamorgan,Kent,SE Marsh,JR Murphy,MJ Henry,4,0,,,,,,,,,,,,,
1127686,2018,2018-05-04,"Sophia Gardens, Cardiff",1,32.4,32.4,Glamorgan,Kent,SE Marsh,JR Murphy,MJ Henry,0,0,,,,,,,,,,,,,
1127686,2018,2018-05-04,"Sophia Gardens, Cardiff",1,32.5,32.5,Glamorgan,Kent,SE Marsh,JR Murphy,MJ Henry,0,0,,,,,,,,,,,,,
1127686,2018,2018-05-04,"Sophia Gardens, Cardiff",1,32.6,32.6,Glamorgan,Kent,SE Marsh,JR Murphy,MJ Henry,0,0,,,,,,,,,,,,,
1127686,2018,2018-05-04,"Sophia Gardens, Cardiff",1,33.1,33.1,Glamorgan,Kent,JR Murphy,SE Marsh,DI Stevens,4,0,,,,,,,,,,,,,
1127686,2018,2018-05-04,"Sophia Gardens, Cardiff",1,33.2,33.2,Glamorgan,Kent,JR Murphy,SE Marsh,DI Stevens,0,0,,,,,,,,,,,,,
1127686,2018,2018-05-04,"Sophia Gardens, Cardiff",1,33.3,33.3,Glamorgan,Kent,JR Murphy,SE Marsh,DI Stevens,0,0,,,,,,,,,,,,,
1127686,2018,2018-05-04,"Sophia Gardens, Cardiff",1,33.4,33.4,Glamorgan,Kent,JR Murphy,SE Marsh,DI Stevens,0,0,,,,,,,,,,,,,
1127686,2018,2018-05-04,"Sophia Gardens, Cardiff",1,33.5,33.5,Glamorgan,Kent,JR Murphy,SE Marsh,DI Stevens,0,0,,,,,,,,,,,,,
1127686,2018,2018-05-04,"Sophia Gardens, Cardiff",1,33.6,33.6,Glamorgan,Kent,JR Murphy,SE Marsh,DI Stevens,0,0,,,,,,,,,,,,,
1127686,2018,2018-05-04,"Sophia Gardens, Cardiff",1,34.1,34.1,Glamorgan,Kent,SE Marsh,JR Murphy,MJ Henry,0,0,,,,,,,,,,,,,
1127686,2018,2018-05-04,"Sophia Gardens, Cardiff",1,34.2,34.2,Glamorgan,Kent,SE Marsh,JR Murphy,MJ Henry,0,0,,,,,,,,,,,,,
1127686,2018,2018-05-04,"Sophia Gardens, Cardiff",1,34.3,34.3,Glamorgan,Kent,SE Marsh,JR Murphy,MJ Henry,0,0,,,,,,,,,,,,,
1127686,2018,2018-05-04,"Sophia Gardens, Cardiff",1,34.4,34.4,Glamorgan,Kent,SE Marsh,JR Murphy,MJ Henry,0,0,,,,,,,caught,SE Marsh,,,AP Rouse,,
1127686,2018,2018-05-04,"Sophia Gardens, Cardiff",1,34.5,34.5,Glamorgan,Kent,KS Carlson,JR Murphy,MJ Henry,0,0,,,,,,,,,,,,,
1127686,2018,2018-05-04,"Sophia Gardens, Cardiff",1,34.6,34.6,Glamorgan,Kent,KS Carlson,JR Murphy,MJ Henry,1,0,,,,,,,,,,,,,
1127686,2018,2018-05-04,"Sophia Gardens, Cardiff",1,35.1,35.1,Glamorgan,Kent,KS Carlson,JR Murphy,DI Stevens,0,0,,,,,,,,,,,,,
1127686,2018,2018-05-04,"Sophia Gardens, Cardiff",1,35.2,35.2,Glamorgan,Kent,KS Carlson,JR Murphy,DI Stevens,0,0,,,,,,,,,,,,,
1127686,2018,2018-05-04,"Sophia Gardens, Cardiff",1,35.3,35.3,Glamorgan,Kent,KS Carlson,JR Murphy,DI Stevens,0,0,,,,,,,lbw,KS Carlson,,,,,
1127686,2018,2018-05-04,"Sophia Gardens, Cardiff",1,35.4,35.4,Glamorgan,Kent,AHT Donald,JR Murphy,DI Stevens,0,0,,,,,,,,,,,,,
1127686,2018,2018-05-04,"Sophia Gardens, Cardiff",1,35.5,35.5,Glamorgan,Kent,AHT Donald,JR Murphy,DI Stevens,0,0,,,,,,,,,,,,,
1127686,2018,2018-05-04,"Sophia Gardens, Cardiff",1,35.6,35.6,Glamorgan,Kent,AHT Donald,JR Murphy,DI Stevens,0,0,,,,,,,,,,,,,
1127686,2018,2018-05-04,"Sophia Gardens, Cardiff",1,36.1,36.1,Glamorgan,Kent,JR Murphy,AHT Donald,MJ Henry,0,0,,,,,,,,,,,,,
1127686,2018,2018-05-04,"Sophia Gardens, Cardiff",1,36.2,36.2,Glamorgan,Kent,JR Murphy,AHT Donald,MJ Henry,0,0,,,,,,,,,,,,,
1127686,2018,2018-05-04,"Sophia Gardens, Cardiff",1,36.3,36.3,Glamorgan,Kent,JR Murphy,AHT Donald,MJ Henry,0,0,,,,,,,,,,,,,
1127686,2018,2018-05-04,"Sophia Gardens, Cardiff",1,36.4,36.4,Glamorgan,Kent,JR Murphy,AHT Donald,MJ Henry,4,0,,,,,,,,,,,,,
1127686,2018,2018-05-04,"Sophia Gardens, Cardiff",1,36.5,36.5,Glamorgan,Kent,JR Murphy,AHT Donald,MJ Henry,0,0,,,,,,,,,,,,,
1127686,2018,2018-05-04,"Sophia Gardens, Cardiff",1,36.6,36.6,Glamorgan,Kent,JR Murphy,AHT Donald,MJ Henry,2,0,,,,,,,,,,,,,
1127686,2018,2018-05-04,"Sophia Gardens, Cardiff",1,37.1,37.1,Glamorgan,Kent,AHT Donald,JR Murphy,DI Stevens,0,0,,,,,,,,,,,,,
1127686,2018,2018-05-04,"Sophia Gardens, Cardiff",1,37.2,37.2,Glamorgan,Kent,AHT Donald,JR Murphy,DI Stevens,0,0,,,,,,,,,,,,,
1127686,2018,2018-05-04,"Sophia Gardens, Cardiff",1,37.3,37.3,Glamorgan,Kent,AHT Donald,JR Murphy,DI Stevens,0,0,,,,,,,bowled,AHT Donald,,,,,
1127686,2018,2018-05-04,"Sophia Gardens, Cardiff",1,37.4,37.4,Glamorgan,Kent,CB Cooke,JR Murphy,DI Stevens,0,0,,,,,,,,,,,,,
1127686,2018,2018-05-04,"Sophia Gardens, Cardiff",1,37.5,37.5,Glamorgan,Kent,CB Cooke,JR Murphy,DI Stevens,0,0,,,,,,,,,,,,,
1127686,2018,2018-05-04,"Sophia Gardens, Cardiff",1,37.6,37.6,Glamorgan,Kent,CB Cooke,JR Murphy,DI Stevens,0,0,,,,,,,,,,,,,
1127686,2018,2018-05-04,"Sophia Gardens, Cardiff",1,38.1,38.1,Glamorgan,Kent,JR Murphy,CB Cooke,MJ Henry,0,0,,,,,,,,,,,,,
1127686,2018,2018-05-04,"Sophia Gardens, Cardiff",1,38.2,38.2,Glamorgan,Kent,JR Murphy,CB Cooke,MJ Henry,0,0,,,,,,,,,,,,,
1127686,2018,2018-05-04,"Sophia Gardens, Cardiff",1,38.3,38.3,Glamorgan,Kent,JR Murphy,CB Cooke,MJ Henry,1,0,,,,,,,,,,,,,
1127686,2018,2018-05-04,"Sophia Gardens, Cardiff",1,38.4,38.4,Glamorgan,Kent,CB Cooke,JR Murphy,MJ Henry,0,0,,,,,,,,,,,,,
1127686,2018,2018-05-04,"Sophia Gardens, Cardiff",1,38.5,38.5,Glamorgan,Kent,CB Cooke,JR Murphy,MJ Henry,0,0,,,,,,,,,,,,,
1127686,2018,2018-05-04,"Sophia Gardens, Cardiff",1,38.6,38.6,Glamorgan,Kent,CB Cooke,JR Murphy,MJ Henry,0,0,,,,,,,,,,,,,
1127686,2018,2018-05-04,"Sophia Gardens, Cardiff",1,39.1,39.1,Glamorgan,Kent,JR Murphy,CB Cooke,DI Stevens,0,0,,,,,,,,,,,,,
1127686,2018,2018-05-04,"Sophia Gardens, Cardiff",1,39.2,39.2,Glamorgan,Kent,JR Murphy,CB Cooke,DI Stevens,0,0,,,,,,,,,,,,,
1127686,2018,2018-05-04,"Sophia Gardens, Cardiff",1,39.3,39.3,Glamorgan,Kent,JR Murphy,CB Cooke,DI Stevens,0,0,,,,,,,,,,,,,
1127686,2018,2018-05-04,"Sophia Gardens, Cardiff",1,39.4,39.4,Glamorgan,Kent,JR Murphy,CB Cooke,DI Stevens,0,1,,,,1,,,,,,,,,
1127686,2018,2018-05-04,"Sophia Gardens, Cardiff",1,39.5,39.5,Glamorgan,Kent,CB Cooke,JR Murphy,DI Stevens,0,0,,,,,,,,,,,,,
1127686,2018,2018-05-04,"Sophia Gardens, Cardiff",1,39.6,39.6,Glamorgan,Kent,CB Cooke,JR Murphy,DI Stevens,2,0,,,,,,,,,,,,,
1127686,2018,2018-05-04,"Sophia Gardens, Cardiff",1,40.1,40.1,Glamorgan,Kent,JR Murphy,CB Cooke,MJ Henry,0,0,,,,,,,,,,,,,
1127686,2018,2018-05-04,"Sophia Gardens, Cardiff",1,40.2,40.2,Glamorgan,Kent,JR Murphy,CB Cooke,MJ Henry,0,0,,,,,,,,,,,,,
1127686,2018,2018-05-04,"Sophia Gardens, Cardiff",1,40.3,40.3,Glamorgan,Kent,JR Murphy,CB Cooke,MJ Henry,0,0,,,,,,,,,,,,,
1127686,2018,2018-05-04,"Sophia Gardens, Cardiff",1,40.4,40.4,Glamorgan,Kent,JR Murphy,CB Cooke,MJ Henry,0,0,,,,,,,,,,,,,
1127686,2018,2018-05-04,"Sophia Gardens, Cardiff",1,40.5,40.5,Glamorgan,Kent,JR Murphy,CB Cooke,MJ Henry,0,0,,,,,,,,,,,,,
1127686,2018,2018-05-04,"Sophia Gardens, Cardiff",1,40.6,40.6,Glamorgan,Kent,JR Murphy,CB Cooke,MJ Henry,0,0,,,,,,,,,,,,,
1127686,2018,2018-05-04,"Sophia Gardens, Cardiff",1,41.1,41.1,Glamorgan,Kent,CB Cooke,JR Murphy,DI Stevens,0,0,,,,,,,,,,,,,
1127686,2018,2018-05-04,"Sophia Gardens, Cardiff",1,41.2,41.2,Glamorgan,Kent,CB Cooke,JR Murphy,DI Stevens,0,0,,,,,,,lbw,CB Cooke,,,,,
1127686,2018,2018-05-04,"Sophia Gardens, Cardiff",1,41.3,41.3,Glamorgan,Kent,DL Lloyd,JR Murphy,DI Stevens,0,0,,,,,,,,,,,,,
1127686,2018,2018-05-04,"Sophia Gardens, Cardiff",1,41.4,41.4,Glamorgan,Kent,DL Lloyd,JR Murphy,DI Stevens,0,0,,,,,,,,,,,,,
1127686,2018,2018-05-04,"Sophia Gardens, Cardiff",1,41.5,41.5,Glamorgan,Kent,DL Lloyd,JR Murphy,DI Stevens,0,0,,,,,,,,,,,,,
1127686,2018,2018-05-04,"Sophia Gardens, Cardiff",1,41.6,41.6,Glamorgan,Kent,DL Lloyd,JR Murphy,DI Stevens,0,0,,,,,,,,,,,,,
1127686,2018,2018-05-04,"Sophia Gardens, Cardiff",1,42.1,42.1,Glamorgan,Kent,JR Murphy,DL Lloyd,MJ Henry,0,0,,,,,,,,,,,,,
1127686,2018,2018-05-04,"Sophia Gardens, Cardiff",1,42.2,42.2,Glamorgan,Kent,JR Murphy,DL Lloyd,MJ Henry,0,0,,,,,,,,,,,,,
1127686,2018,2018-05-04,"Sophia Gardens, Cardiff",1,42.3,42.3,Glamorgan,Kent,JR Murphy,DL Lloyd,MJ Henry,0,0,,,,,,,,,,,,,
1127686,2018,2018-05-04,"Sophia Gardens, Cardiff",1,42.4,42.4,Glamorgan,Kent,JR Murphy,DL Lloyd,MJ Henry,0,0,,,,,,,,,,,,,
1127686,2018,2018-05-04,"Sophia Gardens, Cardiff",1,42.5,42.5,Glamorgan,Kent,JR Murphy,DL Lloyd,MJ Henry,1,0,,,,,,,,,,,,,
1127686,2018,2018-05-04,"Sophia Gardens, Cardiff",1,42.6,42.6,Glamorgan,Kent,DL Lloyd,JR Murphy,MJ Henry,4,0,,,,,,,,,,,,,
1127686,2018,2018-05-04,"Sophia Gardens, Cardiff",1,43.1,43.1,Glamorgan,Kent,JR Murphy,DL Lloyd,DI Stevens,4,0,,,,,,,,,,,,,
1127686,2018,2018-05-04,"Sophia Gardens, Cardiff",1,43.2,43.2,Glamorgan,Kent,JR Murphy,DL Lloyd,DI Stevens,0,0,,,,,,,,,,,,,
1127686,2018,2018-05-04,"Sophia Gardens, Cardiff",1,43.3,43.3,Glamorgan,Kent,JR Murphy,DL Lloyd,DI Stevens,0,0,,,,,,,,,,,,,
1127686,2018,2018-05-04,"Sophia Gardens, Cardiff",1,43.4,43.4,Glamorgan,Kent,JR Murphy,DL Lloyd,DI Stevens,0,0,,,,,,,,,,,,,
1127686,2018,2018-05-04,"Sophia Gardens, Cardiff",1,43.5,43.5,Glamorgan,Kent,JR Murphy,DL Lloyd,DI Stevens,0,0,,,,,,,,,,,,,
1127686,2018,2018-05-04,"Sophia Gardens, Cardiff",1,43.6,43.6,Glamorgan,Kent,JR Murphy,DL Lloyd,DI Stevens,0,0,,,,,,,,,,,,,
1127686,2018,2018-05-04,"Sophia Gardens, Cardiff",1,44.1,44.1,Glamorgan,Kent,DL Lloyd,JR Murphy,MJ Henry,0,0,,,,,,,,,,,,,
1127686,2018,2018-05-04,"Sophia Gardens, Cardiff",1,44.2,44.2,Glamorgan,Kent,DL Lloyd,JR Murphy,MJ Henry,0,0,,,,,,,caught,DL Lloyd,,,AP Rouse,,
1127686,2018,2018-05-04,"Sophia Gardens, Cardiff",1,44.3,44.3,Glamorgan,Kent,AG Salter,JR Murphy,MJ Henry,4,0,,,,,,,,,,,,,
1127686,2018,2018-05-04,"Sophia Gardens, Cardiff",1,44.4,44.4,Glamorgan,Kent,AG Salter,JR Murphy,MJ Henry,0,0,,,,,,,,,,,,,
1127686,2018,2018-05-04,"Sophia Gardens, Cardiff",1,44.5,44.5,Glamorgan,Kent,AG Salter,JR Murphy,MJ Henry,0,0,,,,,,,,,,,,,
1127686,2018,2018-05-04,"Sophia Gardens, Cardiff",1,44.6,44.6,Glamorgan,Kent,AG Salter,JR Murphy,MJ Henry,0,0,,,,,,,,,,,,,
1127686,2018,2018-05-04,"Sophia Gardens, Cardiff",1,45.1,45.1,Glamorgan,Kent,JR Murphy,AG Salter,DI Stevens,1,0,,,,,,,,,,,,,
1127686,2018,2018-05-04,"Sophia Gardens, Cardiff",1,45.2,45.2,Glamorgan,Kent,AG Salter,JR Murphy,DI Stevens,0,0,,,,,,,lbw,AG Salter,,,,,
1127686,2018,2018-05-04,"Sophia Gardens, Cardiff",1,45.3,45.3,Glamorgan,Kent,M de Lange,JR Murphy,DI Stevens,0,0,,,,,,,caught,M de Lange,,,HG Kuhn,,
1127686,2018,2018-05-04,"Sophia Gardens, Cardiff",1,45.4,45.4,Glamorgan,Kent,T van der Gugten,JR Murphy,DI Stevens,2,0,,,,,,,,,,,,,
1127686,2018,2018-05-04,"Sophia Gardens, Cardiff",1,45.5,45.5,Glamorgan,Kent,T van der Gugten,JR Murphy,DI Stevens,0,0,,,,,,,,,,,,,
1127686,2018,2018-05-04,"Sophia Gardens, Cardiff",1,45.6,45.6,Glamorgan,Kent,T van der Gugten,JR Murphy,DI Stevens,0,0,,,,,,,,,,,,,
1127686,2018,2018-05-04,"Sophia Gardens, Cardiff",1,46.1,46.1,Glamorgan,Kent,JR Murphy,T van der Gugten,MJ Henry,1,0,,,,,,,,,,,,,
1127686,2018,2018-05-04,"Sophia Gardens, Cardiff",1,46.2,46.2,Glamorgan,Kent,T van der Gugten,JR Murphy,MJ Henry,0,0,,,,,,,,,,,,,
1127686,2018,2018-05-04,"Sophia Gardens, Cardiff",1,46.3,46.3,Glamorgan,Kent,T van der Gugten,JR Murphy,MJ Henry,0,0,,,,,,,lbw,T van der Gugten,,,,,
1127686,2018,2018-05-04,"Sophia Gardens, Cardiff",1,46.4,46.4,Glamorgan,Kent,MG Hogan,JR Murphy,MJ Henry,0,0,,,,,,,bowled,MG Hogan,,,,,
1127686,2018,2018-05-04,"Sophia Gardens, Cardiff",2,0.1,0.1,Kent,Glamorgan,DJ Bell-Drummond,SR Dickson,M de Lange,0,0,,,,,,,,,,,,,
1127686,2018,2018-05-04,"Sophia Gardens, Cardiff",2,0.2,0.2,Kent,Glamorgan,DJ Bell-Drummond,SR Dickson,M de Lange,0,0,,,,,,,,,,,,,
1127686,2018,2018-05-04,"Sophia Gardens, Cardiff",2,0.3,0.3,Kent,Glamorgan,DJ Bell-Drummond,SR Dickson,M de Lange,0,0,,,,,,,,,,,,,
1127686,2018,2018-05-04,"Sophia Gardens, Cardiff",2,0.4,0.4,Kent,Glamorgan,DJ Bell-Drummond,SR Dickson,M de Lange,1,0,,,,,,,,,,,,,
1127686,2018,2018-05-04,"Sophia Gardens, Cardiff",2,0.5,0.5,Kent,Glamorgan,SR Dickson,DJ Bell-Drummond,M de Lange,0,0,,,,,,,,,,,,,
1127686,2018,2018-05-04,"Sophia Gardens, Cardiff",2,0.6,0.6,Kent,Glamorgan,SR Dickson,DJ Bell-Drummond,M de Lange,0,0,,,,,,,,,,,,,
1127686,2018,2018-05-04,"Sophia Gardens, Cardiff",2,1.1,1.1,Kent,Glamorgan,DJ Bell-Drummond,SR Dickson,T van der Gugten,0,0,,,,,,,,,,,,,
1127686,2018,2018-05-04,"Sophia Gardens, Cardiff",2,1.2,1.2,Kent,Glamorgan,DJ Bell-Drummond,SR Dickson,T van der Gugten,1,0,,,,,,,,,,,,,
1127686,2018,2018-05-04,"Sophia Gardens, Cardiff",2,1.3,1.3,Kent,Glamorgan,SR Dickson,DJ Bell-Drummond,T van der Gugten,0,0,,,,,,,,,,,,,
1127686,2018,2018-05-04,"Sophia Gardens, Cardiff",2,1.4,1.4,Kent,Glamorgan,SR Dickson,DJ Bell-Drummond,T van der Gugten,0,0,,,,,,,,,,,,,
1127686,2018,2018-05-04,"Sophia Gardens, Cardiff",2,1.5,1.5,Kent,Glamorgan,SR Dickson,DJ Bell-Drummond,T van der Gugten,4,0,,,,,,,,,,,,,
1127686,2018,2018-05-04,"Sophia Gardens, Cardiff",2,1.6,1.6,Kent,Glamorgan,SR Dickson,DJ Bell-Drummond,T van der Gugten,0,0,,,,,,,,,,,,,
1127686,2018,2018-05-04,"Sophia Gardens, Cardiff",2,2.1,2.1,Kent,Glamorgan,DJ Bell-Drummond,SR Dickson,M de Lange,0,0,,,,,,,,,,,,,
1127686,2018,2018-05-04,"Sophia Gardens, Cardiff",2,2.2,2.2,Kent,Glamorgan,DJ Bell-Drummond,SR Dickson,M de Lange,0,0,,,,,,,,,,,,,
1127686,2018,2018-05-04,"Sophia Gardens, Cardiff",2,2.3,2.3,Kent,Glamorgan,DJ Bell-Drummond,SR Dickson,M de Lange,2,0,,,,,,,,,,,,,
1127686,2018,2018-05-04,"Sophia Gardens, Cardiff",2,2.4,2.4,Kent,Glamorgan,DJ Bell-Drummond,SR Dickson,M de Lange,4,0,,,,,,,,,,,,,
1127686,2018,2018-05-04,"Sophia Gardens, Cardiff",2,2.5,2.5,Kent,Glamorgan,DJ Bell-Drummond,SR Dickson,M de Lange,0,0,,,,,,,,,,,,,
1127686,2018,2018-05-04,"Sophia Gardens, Cardiff",2,2.6,2.6,Kent,Glamorgan,DJ Bell-Drummond,SR Dickson,M de Lange,0,0,,,,,,,,,,,,,
1127686,2018,2018-05-04,"Sophia Gardens, Cardiff",2,3.1,3.1,Kent,Glamorgan,SR Dickson,DJ Bell-Drummond,T van der Gugten,0,0,,,,,,,,,,,,,
1127686,2018,2018-05-04,"Sophia Gardens, Cardiff",2,3.2,3.2,Kent,Glamorgan,SR Dickson,DJ Bell-Drummond,T van der Gugten,0,0,,,,,,,,,,,,,
1127686,2018,2018-05-04,"Sophia Gardens, Cardiff",2,3.3,3.3,Kent,Glamorgan,SR Dickson,DJ Bell-Drummond,T van der Gugten,0,0,,,,,,,,,,,,,
1127686,2018,2018-05-04,"Sophia Gardens, Cardiff",2,3.4,3.4,Kent,Glamorgan,SR Dickson,DJ Bell-Drummond,T van der Gugten,0,0,,,,,,,,,,,,,
1127686,2018,2018-05-04,"Sophia Gardens, Cardiff",2,3.5,3.5,Kent,Glamorgan,SR Dickson,DJ Bell-Drummond,T van der Gugten,2,0,,,,,,,,,,,,,
1127686,2018,2018-05-04,"Sophia Gardens, Cardiff",2,3.6,3.6,Kent,Glamorgan,SR Dickson,DJ Bell-Drummond,T van der Gugten,0,0,,,,,,,,,,,,,
1127686,2018,2018-05-04,"Sophia Gardens, Cardiff",2,4.1,4.1,Kent,Glamorgan,DJ Bell-Drummond,SR Dickson,M de Lange,0,0,,,,,,,,,,,,,
1127686,2018,2018-05-04,"Sophia Gardens, Cardiff",2,4.2,4.2,Kent,Glamorgan,DJ Bell-Drummond,SR Dickson,M de Lange,0,0,,,,,,,,,,,,,
1127686,2018,2018-05-04,"Sophia Gardens, Cardiff",2,4.3,4.3,Kent,Glamorgan,DJ Bell-Drummond,SR Dickson,M de Lange,0,0,,,,,,,,,,,,,
1127686,2018,2018-05-04,"Sophia Gardens, Cardiff",2,4.4,4.4,Kent,Glamorgan,DJ Bell-Drummond,SR Dickson,M de Lange,0,0,,,,,,,,,,,,,
1127686,2018,2018-05-04,"Sophia Gardens, Cardiff",2,4.5,4.5,Kent,Glamorgan,DJ Bell-Drummond,SR Dickson,M de Lange,0,0,,,,,,,,,,,,,
1127686,2018,2018-05-04,"Sophia Gardens, Cardiff",2,4.6,4.6,Kent,Glamorgan,DJ Bell-Drummond,SR Dickson,M de Lange,4,0,,,,,,,,,,,,,
1127686,2018,2018-05-04,"Sophia Gardens, Cardiff",2,5.1,5.1,Kent,Glamorgan,SR Dickson,DJ Bell-Drummond,T van der Gugten,0,0,,,,,,,,,,,,,
1127686,2018,2018-05-04,"Sophia Gardens, Cardiff",2,5.2,5.2,Kent,Glamorgan,SR Dickson,DJ Bell-Drummond,T van der Gugten,0,0,,,,,,,,,,,,,
1127686,2018,2018-05-04,"Sophia Gardens, Cardiff",2,5.3,5.3,Kent,Glamorgan,SR Dickson,DJ Bell-Drummond,T van der Gugten,0,0,,,,,,,,,,,,,
1127686,2018,2018-05-04,"Sophia Gardens, Cardiff",2,5.4,5.4,Kent,Glamorgan,SR Dickson,DJ Bell-Drummond,T van der Gugten,0,0,,,,,,,,,,,,,
1127686,2018,2018-05-04,"Sophia Gardens, Cardiff",2,5.5,5.5,Kent,Glamorgan,SR Dickson,DJ Bell-Drummond,T van der Gugten,0,0,,,,,,,,,,,,,
1127686,2018,2018-05-04,"Sophia Gardens, Cardiff",2,5.6,5.6,Kent,Glamorgan,SR Dickson,DJ Bell-Drummond,T van der Gugten,0,0,,,,,,,,,,,,,
1127686,2018,2018-05-04,"Sophia Gardens, Cardiff",2,6.1,6.1,Kent,Glamorgan,DJ Bell-Drummond,SR Dickson,M de Lange,0,0,,,,,,,,,,,,,
1127686,2018,2018-05-04,"Sophia Gardens, Cardiff",2,6.2,6.2,Kent,Glamorgan,DJ Bell-Drummond,SR Dickson,M de Lange,0,0,,,,,,,,,,,,,
1127686,2018,2018-05-04,"Sophia Gardens, Cardiff",2,6.3,6.3,Kent,Glamorgan,DJ Bell-Drummond,SR Dickson,M de Lange,0,0,,,,,,,,,,,,,
1127686,2018,2018-05-04,"Sophia Gardens, Cardiff",2,6.4,6.4,Kent,Glamorgan,DJ Bell-Drummond,SR Dickson,M de Lange,0,0,,,,,,,,,,,,,
1127686,2018,2018-05-04,"Sophia Gardens, Cardiff",2,6.5,6.5,Kent,Glamorgan,DJ Bell-Drummond,SR Dickson,M de Lange,0,0,,,,,,,,,,,,,
1127686,2018,2018-05-04,"Sophia Gardens, Cardiff",2,6.6,6.6,Kent,Glamorgan,DJ Bell-Drummond,SR Dickson,M de Lange,0,0,,,,,,,,,,,,,
1127686,2018,2018-05-04,"Sophia Gardens, Cardiff",2,7.1,7.1,Kent,Glamorgan,SR Dickson,DJ Bell-Drummond,T van der Gugten,0,0,,,,,,,lbw,SR Dickson,,,,,
1127686,2018,2018-05-04,"Sophia Gardens, Cardiff",2,7.2,7.2,Kent,Glamorgan,HG Kuhn,DJ Bell-Drummond,T van der Gugten,0,0,,,,,,,,,,,,,
1127686,2018,2018-05-04,"Sophia Gardens, Cardiff",2,7.3,7.3,Kent,Glamorgan,HG Kuhn,DJ Bell-Drummond,T van der Gugten,0,0,,,,,,,,,,,,,
1127686,2018,2018-05-04,"Sophia Gardens, Cardiff",2,7.4,7.4,Kent,Glamorgan,HG Kuhn,DJ Bell-Drummond,T van der Gugten,0,0,,,,,,,,,,,,,
1127686,2018,2018-05-04,"Sophia Gardens, Cardiff",2,7.5,7.5,Kent,Glamorgan,HG Kuhn,DJ Bell-Drummond,T van der Gugten,0,0,,,,,,,,,,,,,
1127686,2018,2018-05-04,"Sophia Gardens, Cardiff",2,7.6,7.6,Kent,Glamorgan,HG Kuhn,DJ Bell-Drummond,T van der Gugten,0,0,,,,,,,,,,,,,
1127686,2018,2018-05-04,"Sophia Gardens, Cardiff",2,8.1,8.1,Kent,Glamorgan,DJ Bell-Drummond,HG Kuhn,M de Lange,0,0,,,,,,,,,,,,,
1127686,2018,2018-05-04,"Sophia Gardens, Cardiff",2,8.2,8.2,Kent,Glamorgan,DJ Bell-Drummond,HG Kuhn,M de Lange,4,0,,,,,,,,,,,,,
1127686,2018,2018-05-04,"Sophia Gardens, Cardiff",2,8.3,8.3,Kent,Glamorgan,DJ Bell-Drummond,HG Kuhn,M de Lange,3,0,,,,,,,,,,,,,
1127686,2018,2018-05-04,"Sophia Gardens, Cardiff",2,8.4,8.4,Kent,Glamorgan,HG Kuhn,DJ Bell-Drummond,M de Lange,0,0,,,,,,,,,,,,,
1127686,2018,2018-05-04,"Sophia Gardens, Cardiff",2,8.5,8.5,Kent,Glamorgan,HG Kuhn,DJ Bell-Drummond,M de Lange,0,0,,,,,,,,,,,,,
1127686,2018,2018-05-04,"Sophia Gardens, Cardiff",2,8.6,8.6,Kent,Glamorgan,HG Kuhn,DJ Bell-Drummond,M de Lange,0,0,,,,,,,,,,,,,
1127686,2018,2018-05-04,"Sophia Gardens, Cardiff",2,9.1,9.1,Kent,Glamorgan,DJ Bell-Drummond,HG Kuhn,T van der Gugten,0,0,,,,,,,,,,,,,
1127686,2018,2018-05-04,"Sophia Gardens, Cardiff",2,9.2,9.2,Kent,Glamorgan,DJ Bell-Drummond,HG Kuhn,T van der Gugten,0,0,,,,,,,,,,,,,
1127686,2018,2018-05-04,"Sophia Gardens, Cardiff",2,9.3,9.3,Kent,Glamorgan,DJ Bell-Drummond,HG Kuhn,T van der Gugten,0,0,,,,,,,,,,,,,
1127686,2018,2018-05-04,"Sophia Gardens, Cardiff",2,9.4,9.4,Kent,Glamorgan,DJ Bell-Drummond,HG Kuhn,T van der Gugten,0,0,,,,,,,,,,,,,
1127686,2018,2018-05-04,"Sophia Gardens, Cardiff",2,9.5,9.5,Kent,Glamorgan,DJ Bell-Drummond,HG Kuhn,T van der Gugten,0,0,,,,,,,,,,,,,
1127686,2018,2018-05-04,"Sophia Gardens, Cardiff",2,9.6,9.6,Kent,Glamorgan,DJ Bell-Drummond,HG Kuhn,T van der Gugten,0,0,,,,,,,,,,,,,
1127686,2018,2018-05-04,"Sophia Gardens, Cardiff",2,10.1,10.1,Kent,Glamorgan,HG Kuhn,DJ Bell-Drummond,MG Hogan,0,0,,,,,,,,,,,,,
1127686,2018,2018-05-04,"Sophia Gardens, Cardiff",2,10.2,10.2,Kent,Glamorgan,HG Kuhn,DJ Bell-Drummond,MG Hogan,0,0,,,,,,,bowled,HG Kuhn,,,,,
1127686,2018,2018-05-04,"Sophia Gardens, Cardiff",2,10.3,10.3,Kent,Glamorgan,JL Denly,DJ Bell-Drummond,MG Hogan,0,0,,,,,,,,,,,,,
1127686,2018,2018-05-04,"Sophia Gardens, Cardiff",2,10.4,10.4,Kent,Glamorgan,JL Denly,DJ Bell-Drummond,MG Hogan,0,0,,,,,,,,,,,,,
1127686,2018,2018-05-04,"Sophia Gardens, Cardiff",2,10.5,10.5,Kent,Glamorgan,JL Denly,DJ Bell-Drummond,MG Hogan,4,0,,,,,,,,,,,,,
1127686,2018,2018-05-04,"Sophia Gardens, Cardiff",2,10.6,10.6,Kent,Glamorgan,JL Denly,DJ Bell-Drummond,MG Hogan,0,0,,,,,,,,,,,,,
1127686,2018,2018-05-04,"Sophia Gardens, Cardiff",2,11.1,11.1,Kent,Glamorgan,DJ Bell-Drummond,JL Denly,T van der Gugten,0,0,,,,,,,,,,,,,
1127686,2018,2018-05-04,"Sophia Gardens, Cardiff",2,11.2,11.2,Kent,Glamorgan,DJ Bell-Drummond,JL Denly,T van der Gugten,0,0,,,,,,,,,,,,,
1127686,2018,2018-05-04,"Sophia Gardens, Cardiff",2,11.3,11.3,Kent,Glamorgan,DJ Bell-Drummond,JL Denly,T van der Gugten,0,0,,,,,,,lbw,DJ Bell-Drummond,,,,,
1127686,2018,2018-05-04,"Sophia Gardens, Cardiff",2,11.4,11.4,Kent,Glamorgan,Z Crawley,JL Denly,T van der Gugten,0,0,,,,,,,,,,,,,
1127686,2018,2018-05-04,"Sophia Gardens, Cardiff",2,11.5,11.5,Kent,Glamorgan,Z Crawley,JL Denly,T van der Gugten,0,0,,,,,,,,,,,,,
1127686,2018,2018-05-04,"Sophia Gardens, Cardiff",2,11.6,11.6,Kent,Glamorgan,Z Crawley,JL Denly,T van der Gugten,0,0,,,,,,,,,,,,,
1127686,2018,2018-05-04,"Sophia Gardens, Cardiff",2,12.1,12.1,Kent,Glamorgan,JL Denly,Z Crawley,MG Hogan,0,0,,,,,,,,,,,,,
1127686,2018,2018-05-04,"Sophia Gardens, Cardiff",2,12.2,12.2,Kent,Glamorgan,JL Denly,Z Crawley,MG Hogan,0,0,,,,,,,,,,,,,
1127686,2018,2018-05-04,"Sophia Gardens, Cardiff",2,12.3,12.3,Kent,Glamorgan,JL Denly,Z Crawley,MG Hogan,4,0,,,,,,,,,,,,,
1127686,2018,2018-05-04,"Sophia Gardens, Cardiff",2,12.4,12.4,Kent,Glamorgan,JL Denly,Z Crawley,MG Hogan,0,0,,,,,,,,,,,,,
1127686,2018,2018-05-04,"Sophia Gardens, Cardiff",2,12.5,12.5,Kent,Glamorgan,JL Denly,Z Crawley,MG Hogan,0,0,,,,,,,,,,,,,
1127686,2018,2018-05-04,"Sophia Gardens, Cardiff",2,12.6,12.6,Kent,Glamorgan,JL Denly,Z Crawley,MG Hogan,1,0,,,,,,,,,,,,,
1127686,2018,2018-05-04,"Sophia Gardens, Cardiff",2,13.1,13.1,Kent,Glamorgan,JL Denly,Z Crawley,T van der Gugten,1,0,,,,,,,,,,,,,
1127686,2018,2018-05-04,"Sophia Gardens, Cardiff",2,13.2,13.2,Kent,Glamorgan,Z Crawley,JL Denly,T van der Gugten,0,0,,,,,,,,,,,,,
1127686,2018,2018-05-04,"Sophia Gardens, Cardiff",2,13.3,13.3,Kent,Glamorgan,Z Crawley,JL Denly,T van der Gugten,0,0,,,,,,,,,,,,,
1127686,2018,2018-05-04,"Sophia Gardens, Cardiff",2,13.4,13.4,Kent,Glamorgan,Z Crawley,JL Denly,T van der Gugten,0,0,,,,,,,,,,,,,
1127686,2018,2018-05-04,"Sophia Gardens, Cardiff",2,13.5,13.5,Kent,Glamorgan,Z Crawley,JL Denly,T van der Gugten,0,0,,,,,,,,,,,,,
1127686,2018,2018-05-04,"Sophia Gardens, Cardiff",2,13.6,13.6,Kent,Glamorgan,Z Crawley,JL Denly,T van der Gugten,2,0,,,,,,,,,,,,,
1127686,2018,2018-05-04,"Sophia Gardens, Cardiff",2,14.1,14.1,Kent,Glamorgan,JL Denly,Z Crawley,MG Hogan,0,0,,,,,,,,,,,,,
1127686,2018,2018-05-04,"Sophia Gardens, Cardiff",2,14.2,14.2,Kent,Glamorgan,JL Denly,Z Crawley,MG Hogan,1,0,,,,,,,,,,,,,
1127686,2018,2018-05-04,"Sophia Gardens, Cardiff",2,14.3,14.3,Kent,Glamorgan,Z Crawley,JL Denly,MG Hogan,1,0,,,,,,,,,,,,,
1127686,2018,2018-05-04,"Sophia Gardens, Cardiff",2,14.4,14.4,Kent,Glamorgan,JL Denly,Z Crawley,MG Hogan,0,0,,,,,,,,,,,,,
1127686,2018,2018-05-04,"Sophia Gardens, Cardiff",2,14.5,14.5,Kent,Glamorgan,JL Denly,Z Crawley,MG Hogan,1,0,,,,,,,,,,,,,
1127686,2018,2018-05-04,"Sophia Gardens, Cardiff",2,14.6,14.6,Kent,Glamorgan,Z Crawley,JL Denly,MG Hogan,0,0,,,,,,,,,,,,,
1127686,2018,2018-05-04,"Sophia Gardens, Cardiff",2,15.1,15.1,Kent,Glamorgan,JL Denly,Z Crawley,M de Lange,0,0,,,,,,,,,,,,,
1127686,2018,2018-05-04,"Sophia Gardens, Cardiff",2,15.2,15.2,Kent,Glamorgan,JL Denly,Z Crawley,M de Lange,0,0,,,,,,,,,,,,,
1127686,2018,2018-05-04,"Sophia Gardens, Cardiff",2,15.3,15.3,Kent,Glamorgan,JL Denly,Z Crawley,M de Lange,1,0,,,,,,,,,,,,,
1127686,2018,2018-05-04,"Sophia Gardens, Cardiff",2,15.4,15.4,Kent,Glamorgan,Z Crawley,JL Denly,M de Lange,0,0,,,,,,,,,,,,,
1127686,2018,2018-05-04,"Sophia Gardens, Cardiff",2,15.5,15.5,Kent,Glamorgan,Z Crawley,JL Denly,M de Lange,1,0,,,,,,,,,,,,,
1127686,2018,2018-05-04,"Sophia Gardens, Cardiff",2,15.6,15.6,Kent,Glamorgan,JL Denly,Z Crawley,M de Lange,0,0,,,,,,,,,,,,,
1127686,2018,2018-05-04,"Sophia Gardens, Cardiff",2,16.1,16.1,Kent,Glamorgan,Z Crawley,JL Denly,MG Hogan,0,0,,,,,,,,,,,,,
1127686,2018,2018-05-04,"Sophia Gardens, Cardiff",2,16.2,16.2,Kent,Glamorgan,Z Crawley,JL Denly,MG Hogan,1,0,,,,,,,,,,,,,
1127686,2018,2018-05-04,"Sophia Gardens, Cardiff",2,16.3,16.3,Kent,Glamorgan,JL Denly,Z Crawley,MG Hogan,0,0,,,,,,,,,,,,,
1127686,2018,2018-05-04,"Sophia Gardens, Cardiff",2,16.4,16.4,Kent,Glamorgan,JL Denly,Z Crawley,MG Hogan,0,0,,,,,,,,,,,,,
1127686,2018,2018-05-04,"Sophia Gardens, Cardiff",2,16.5,16.5,Kent,Glamorgan,JL Denly,Z Crawley,MG Hogan,4,0,,,,,,,,,,,,,
1127686,2018,2018-05-04,"Sophia Gardens, Cardiff",2,16.6,16.6,Kent,Glamorgan,JL Denly,Z Crawley,MG Hogan,0,0,,,,,,,,,,,,,
1127686,2018,2018-05-04,"Sophia Gardens, Cardiff",2,17.1,17.1,Kent,Glamorgan,Z Crawley,JL Denly,M de Lange,0,0,,,,,,,,,,,,,
1127686,2018,2018-05-04,"Sophia Gardens, Cardiff",2,17.2,17.2,Kent,Glamorgan,Z Crawley,JL Denly,M de Lange,4,0,,,,,,,,,,,,,
1127686,2018,2018-05-04,"Sophia Gardens, Cardiff",2,17.3,17.3,Kent,Glamorgan,Z Crawley,JL Denly,M de Lange,1,0,,,,,,,,,,,,,
1127686,2018,2018-05-04,"Sophia Gardens, Cardiff",2,17.4,17.4,Kent,Glamorgan,JL Denly,Z Crawley,M de Lange,0,0,,,,,,,,,,,,,
1127686,2018,2018-05-04,"Sophia Gardens, Cardiff",2,17.5,17.5,Kent,Glamorgan,JL Denly,Z Crawley,M de Lange,0,0,,,,,,,,,,,,,
1127686,2018,2018-05-04,"Sophia Gardens, Cardiff",2,17.6,17.6,Kent,Glamorgan,JL Denly,Z Crawley,M de Lange,0,0,,,,,,,,,,,,,
1127686,2018,2018-05-04,"Sophia Gardens, Cardiff",2,18.1,18.1,Kent,Glamorgan,Z Crawley,JL Denly,MG Hogan,0,0,,,,,,,,,,,,,
1127686,2018,2018-05-04,"Sophia Gardens, Cardiff",2,18.2,18.2,Kent,Glamorgan,Z Crawley,JL Denly,MG Hogan,0,0,,,,,,,,,,,,,
1127686,2018,2018-05-04,"Sophia Gardens, Cardiff",2,18.3,18.3,Kent,Glamorgan,Z Crawley,JL Denly,MG Hogan,4,0,,,,,,,,,,,,,
1127686,2018,2018-05-04,"Sophia Gardens, Cardiff",2,18.4,18.4,Kent,Glamorgan,Z Crawley,JL Denly,MG Hogan,0,0,,,,,,,,,,,,,
1127686,2018,2018-05-04,"Sophia Gardens, Cardiff",2,18.5,18.5,Kent,Glamorgan,Z Crawley,JL Denly,MG Hogan,4,0,,,,,,,,,,,,,
1127686,2018,2018-05-04,"Sophia Gardens, Cardiff",2,18.6,18.6,Kent,Glamorgan,Z Crawley,JL Denly,MG Hogan,4,0,,,,,,,,,,,,,
1127686,2018,2018-05-04,"Sophia Gardens, Cardiff",2,19.1,19.1,Kent,Glamorgan,JL Denly,Z Crawley,M de Lange,0,0,,,,,,,,,,,,,
1127686,2018,2018-05-04,"Sophia Gardens, Cardiff",2,19.2,19.2,Kent,Glamorgan,JL Denly,Z Crawley,M de Lange,4,0,,,,,,,,,,,,,
1127686,2018,2018-05-04,"Sophia Gardens, Cardiff",2,19.3,19.3,Kent,Glamorgan,JL Denly,Z Crawley,M de Lange,4,0,,,,,,,,,,,,,
1127686,2018,2018-05-04,"Sophia Gardens, Cardiff",2,19.4,19.4,Kent,Glamorgan,JL Denly,Z Crawley,M de Lange,0,0,,,,,,,,,,,,,
1127686,2018,2018-05-04,"Sophia Gardens, Cardiff",2,19.5,19.5,Kent,Glamorgan,JL Denly,Z Crawley,M de Lange,0,0,,,,,,,,,,,,,
1127686,2018,2018-05-04,"Sophia Gardens, Cardiff",2,19.6,19.6,Kent,Glamorgan,JL Denly,Z Crawley,M de Lange,4,0,,,,,,,,,,,,,
1127686,2018,2018-05-04,"Sophia Gardens, Cardiff",2,20.1,20.1,Kent,Glamorgan,Z Crawley,JL Denly,T van der Gugten,0,0,,,,,,,,,,,,,
1127686,2018,2018-05-04,"Sophia Gardens, Cardiff",2,20.2,20.2,Kent,Glamorgan,Z Crawley,JL Denly,T van der Gugten,0,0,,,,,,,,,,,,,
1127686,2018,2018-05-04,"Sophia Gardens, Cardiff",2,20.3,20.3,Kent,Glamorgan,Z Crawley,JL Denly,T van der Gugten,0,0,,,,,,,,,,,,,
1127686,2018,2018-05-04,"Sophia Gardens, Cardiff",2,20.4,20.4,Kent,Glamorgan,Z Crawley,JL Denly,T van der Gugten,0,0,,,,,,,,,,,,,
1127686,2018,2018-05-04,"Sophia Gardens, Cardiff",2,20.5,20.5,Kent,Glamorgan,Z Crawley,JL Denly,T van der Gugten,0,0,,,,,,,,,,,,,
1127686,2018,2018-05-04,"Sophia Gardens, Cardiff",2,20.6,20.6,Kent,Glamorgan,Z Crawley,JL Denly,T van der Gugten,0,1,,,,1,,,,,,,,,
1127686,2018,2018-05-04,"Sophia Gardens, Cardiff",2,21.1,21.1,Kent,Glamorgan,Z Crawley,JL Denly,DL Lloyd,0,2,,2,,,,,,,,,,,
1127686,2018,2018-05-04,"Sophia Gardens, Cardiff",2,21.2,21.1,Kent,Glamorgan,Z Crawley,JL Denly,DL Lloyd,4,0,,,,,,,,,,,,,
1127686,2018,2018-05-04,"Sophia Gardens, Cardiff",2,21.3,21.2,Kent,Glamorgan,Z Crawley,JL Denly,DL Lloyd,0,0,,,,,,,,,,,,,
1127686,2018,2018-05-04,"Sophia Gardens, Cardiff",2,21.4,21.3,Kent,Glamorgan,Z Crawley,JL Denly,DL Lloyd,1,0,,,,,,,,,,,,,
1127686,2018,2018-05-04,"Sophia Gardens, Cardiff",2,21.5,21.4,Kent,Glamorgan,JL Denly,Z Crawley,DL Lloyd,0,0,,,,,,,,,,,,,
1127686,2018,2018-05-04,"Sophia Gardens, Cardiff",2,21.6,21.5,Kent,Glamorgan,JL Denly,Z Crawley,DL Lloyd,0,0,,,,,,,,,,,,,
1127686,2018,2018-05-04,"Sophia Gardens, Cardiff",2,21.7,21.6,Kent,Glamorgan,JL Denly,Z Crawley,DL Lloyd,1,0,,,,,,,,,,,,,
1127686,2018,2018-05-04,"Sophia Gardens, Cardiff",2,22.1,22.1,Kent,Glamorgan,JL Denly,Z Crawley,T van der Gugten,0,0,,,,,,,,,,,,,
1127686,2018,2018-05-04,"Sophia Gardens, Cardiff",2,22.2,22.2,Kent,Glamorgan,JL Denly,Z Crawley,T van der Gugten,3,0,,,,,,,,,,,,,
1127686,2018,2018-05-04,"Sophia Gardens, Cardiff",2,22.3,22.3,Kent,Glamorgan,Z Crawley,JL Denly,T van der Gugten,0,0,,,,,,,,,,,,,
1127686,2018,2018-05-04,"Sophia Gardens, Cardiff",2,22.4,22.4,Kent,Glamorgan,Z Crawley,JL Denly,T van der Gugten,0,0,,,,,,,,,,,,,
1127686,2018,2018-05-04,"Sophia Gardens, Cardiff",2,22.5,22.5,Kent,Glamorgan,Z Crawley,JL Denly,T van der Gugten,0,0,,,,,,,,,,,,,
1127686,2018,2018-05-04,"Sophia Gardens, Cardiff",2,22.6,22.6,Kent,Glamorgan,Z Crawley,JL Denly,T van der Gugten,0,0,,,,,,,,,,,,,
1127686,2018,2018-05-04,"Sophia Gardens, Cardiff",2,23.1,23.1,Kent,Glamorgan,JL Denly,Z Crawley,DL Lloyd,0,0,,,,,,,,,,,,,
1127686,2018,2018-05-04,"Sophia Gardens, Cardiff",2,23.2,23.2,Kent,Glamorgan,JL Denly,Z Crawley,DL Lloyd,0,0,,,,,,,,,,,,,
1127686,2018,2018-05-04,"Sophia Gardens, Cardiff",2,23.3,23.3,Kent,Glamorgan,JL Denly,Z Crawley,DL Lloyd,0,0,,,,,,,,,,,,,
1127686,2018,2018-05-04,"Sophia Gardens, Cardiff",2,23.4,23.4,Kent,Glamorgan,JL Denly,Z Crawley,DL Lloyd,1,0,,,,,,,,,,,,,
1127686,2018,2018-05-04,"Sophia Gardens, Cardiff",2,23.5,23.5,Kent,Glamorgan,Z Crawley,JL Denly,DL Lloyd,0,0,,,,,,,,,,,,,
1127686,2018,2018-05-04,"Sophia Gardens, Cardiff",2,23.6,23.6,Kent,Glamorgan,Z Crawley,JL Denly,DL Lloyd,0,0,,,,,,,,,,,,,
1127686,2018,2018-05-04,"Sophia Gardens, Cardiff",2,24.1,24.1,Kent,Glamorgan,JL Denly,Z Crawley,T van der Gugten,1,0,,,,,,,,,,,,,
1127686,2018,2018-05-04,"Sophia Gardens, Cardiff",2,24.2,24.2,Kent,Glamorgan,Z Crawley,JL Denly,T van der Gugten,1,0,,,,,,,,,,,,,
1127686,2018,2018-05-04,"Sophia Gardens, Cardiff",2,24.3,24.3,Kent,Glamorgan,JL Denly,Z Crawley,T van der Gugten,0,0,,,,,,,,,,,,,
1127686,2018,2018-05-04,"Sophia Gardens, Cardiff",2,24.4,24.4,Kent,Glamorgan,JL Denly,Z Crawley,T van der Gugten,0,0,,,,,,,,,,,,,
1127686,2018,2018-05-04,"Sophia Gardens, Cardiff",2,24.5,24.5,Kent,Glamorgan,JL Denly,Z Crawley,T van der Gugten,0,0,,,,,,,,,,,,,
1127686,2018,2018-05-04,"Sophia Gardens, Cardiff",2,24.6,24.6,Kent,Glamorgan,JL Denly,Z Crawley,T van der Gugten,0,4,,,4,,,,,,,,,,
1127686,2018,2018-05-04,"Sophia Gardens, Cardiff",2,25.1,25.1,Kent,Glamorgan,Z Crawley,JL Denly,DL Lloyd,4,0,,,,,,,,,,,,,
1127686,2018,2018-05-04,"Sophia Gardens, Cardiff",2,25.2,25.2,Kent,Glamorgan,Z Crawley,JL Denly,DL Lloyd,0,0,,,,,,,,,,,,,
1127686,2018,2018-05-04,"Sophia Gardens, Cardiff",2,25.3,25.3,Kent,Glamorgan,Z Crawley,JL Denly,DL Lloyd,0,0,,,,,,,,,,,,,
1127686,2018,2018-05-04,"Sophia Gardens, Cardiff",2,25.4,25.4,Kent,Glamorgan,Z Crawley,JL Denly,DL Lloyd,0,0,,,,,,,,,,,,,
1127686,2018,2018-05-04,"Sophia Gardens, Cardiff",2,25.5,25.5,Kent,Glamorgan,Z Crawley,JL Denly,DL Lloyd,0,0,,,,,,,,,,,,,
1127686,2018,2018-05-04,"Sophia Gardens, Cardiff",2,25.6,25.6,Kent,Glamorgan,Z Crawley,JL Denly,DL Lloyd,0,0,,,,,,,,,,,,,
1127686,2018,2018-05-04,"Sophia Gardens, Cardiff",2,26.1,26.1,Kent,Glamorgan,JL Denly,Z Crawley,T van der Gugten,0,0,,,,,,,,,,,,,
1127686,2018,2018-05-04,"Sophia Gardens, Cardiff",2,26.2,26.2,Kent,Glamorgan,JL Denly,Z Crawley,T van der Gugten,0,0,,,,,,,,,,,,,
1127686,2018,2018-05-04,"Sophia Gardens, Cardiff",2,26.3,26.3,Kent,Glamorgan,JL Denly,Z Crawley,T van der Gugten,4,0,,,,,,,,,,,,,
1127686,2018,2018-05-04,"Sophia Gardens, Cardiff",2,26.4,26.4,Kent,Glamorgan,JL Denly,Z Crawley,T van der Gugten,4,0,,,,,,,,,,,,,
1127686,2018,2018-05-04,"Sophia Gardens, Cardiff",2,26.5,26.5,Kent,Glamorgan,JL Denly,Z Crawley,T van der Gugten,0,0,,,,,,,lbw,JL Denly,,,,,
1127686,2018,2018-05-04,"Sophia Gardens, Cardiff",2,26.6,26.6,Kent,Glamorgan,DI Stevens,Z Crawley,T van der Gugten,0,0,,,,,,,,,,,,,
1127686,2018,2018-05-04,"Sophia Gardens, Cardiff",2,27.1,27.1,Kent,Glamorgan,Z Crawley,DI Stevens,DL Lloyd,1,0,,,,,,,,,,,,,
1127686,2018,2018-05-04,"Sophia Gardens, Cardiff",2,27.2,27.2,Kent,Glamorgan,DI Stevens,Z Crawley,DL Lloyd,1,0,,,,,,,,,,,,,
1127686,2018,2018-05-04,"Sophia Gardens, Cardiff",2,27.3,27.3,Kent,Glamorgan,Z Crawley,DI Stevens,DL Lloyd,0,2,,2,,,,,,,,,,,
1127686,2018,2018-05-04,"Sophia Gardens, Cardiff",2,27.4,27.3,Kent,Glamorgan,Z Crawley,DI Stevens,DL Lloyd,0,0,,,,,,,,,,,,,
1127686,2018,2018-05-04,"Sophia Gardens, Cardiff",2,27.5,27.4,Kent,Glamorgan,Z Crawley,DI Stevens,DL Lloyd,0,0,,,,,,,,,,,,,
1127686,2018,2018-05-04,"Sophia Gardens, Cardiff",2,27.6,27.5,Kent,Glamorgan,Z Crawley,DI Stevens,DL Lloyd,0,0,,,,,,,,,,,,,
1127686,2018,2018-05-04,"Sophia Gardens, Cardiff",2,27.7,27.6,Kent,Glamorgan,Z Crawley,DI Stevens,DL Lloyd,0,0,,,,,,,,,,,,,
1127686,2018,2018-05-04,"Sophia Gardens, Cardiff",2,28.1,28.1,Kent,Glamorgan,DI Stevens,Z Crawley,T van der Gugten,0,0,,,,,,,caught,DI Stevens,,,M de Lange,,
1127686,2018,2018-05-04,"Sophia Gardens, Cardiff",2,28.2,28.2,Kent,Glamorgan,WRS Gidman,Z Crawley,T van der Gugten,0,0,,,,,,,,,,,,,
1127686,2018,2018-05-04,"Sophia Gardens, Cardiff",2,28.3,28.3,Kent,Glamorgan,WRS Gidman,Z Crawley,T van der Gugten,0,0,,,,,,,,,,,,,
1127686,2018,2018-05-04,"Sophia Gardens, Cardiff",2,28.4,28.4,Kent,Glamorgan,WRS Gidman,Z Crawley,T van der Gugten,0,0,,,,,,,,,,,,,
1127686,2018,2018-05-04,"Sophia Gardens, Cardiff",2,28.5,28.5,Kent,Glamorgan,WRS Gidman,Z Crawley,T van der Gugten,4,0,,,,,,,,,,,,,
1127686,2018,2018-05-04,"Sophia Gardens, Cardiff",2,28.6,28.6,Kent,Glamorgan,WRS Gidman,Z Crawley,T van der Gugten,0,0,,,,,,,,,,,,,
1127686,2018,2018-05-04,"Sophia Gardens, Cardiff",2,29.1,29.1,Kent,Glamorgan,Z Crawley,WRS Gidman,DL Lloyd,0,0,,,,,,,,,,,,,
1127686,2018,2018-05-04,"Sophia Gardens, Cardiff",2,29.2,29.2,Kent,Glamorgan,Z Crawley,WRS Gidman,DL Lloyd,0,0,,,,,,,,,,,,,
1127686,2018,2018-05-04,"Sophia Gardens, Cardiff",2,29.3,29.3,Kent,Glamorgan,Z Crawley,WRS Gidman,DL Lloyd,0,0,,,,,,,,,,,,,
1127686,2018,2018-05-04,"Sophia Gardens, Cardiff",2,29.4,29.4,Kent,Glamorgan,Z Crawley,WRS Gidman,DL Lloyd,0,0,,,,,,,lbw,Z Crawley,,,,,
1127686,2018,2018-05-04,"Sophia Gardens, Cardiff",2,29.5,29.5,Kent,Glamorgan,AP Rouse,WRS Gidman,DL Lloyd,0,0,,,,,,,,,,,,,
1127686,2018,2018-05-04,"Sophia Gardens, Cardiff",2,29.6,29.6,Kent,Glamorgan,AP Rouse,WRS Gidman,DL Lloyd,0,0,,,,,,,,,,,,,
1127686,2018,2018-05-04,"Sophia Gardens, Cardiff",2,30.1,30.1,Kent,Glamorgan,WRS Gidman,AP Rouse,T van der Gugten,3,0,,,,,,,,,,,,,
1127686,2018,2018-05-04,"Sophia Gardens, Cardiff",2,30.2,30.2,Kent,Glamorgan,AP Rouse,WRS Gidman,T van der Gugten,0,0,,,,,,,,,,,,,
1127686,2018,2018-05-04,"Sophia Gardens, Cardiff",2,30.3,30.3,Kent,Glamorgan,AP Rouse,WRS Gidman,T van der Gugten,0,0,,,,,,,,,,,,,
1127686,2018,2018-05-04,"Sophia Gardens, Cardiff",2,30.4,30.4,Kent,Glamorgan,AP Rouse,WRS Gidman,T van der Gugten,0,0,,,,,,,,,,,,,
1127686,2018,2018-05-04,"Sophia Gardens, Cardiff",2,30.5,30.5,Kent,Glamorgan,AP Rouse,WRS Gidman,T van der Gugten,0,0,,,,,,,,,,,,,
1127686,2018,2018-05-04,"Sophia Gardens, Cardiff",2,30.6,30.6,Kent,Glamorgan,AP Rouse,WRS Gidman,T van der Gugten,0,0,,,,,,,,,,,,,
1127686,2018,2018-05-04,"Sophia Gardens, Cardiff",2,31.1,31.1,Kent,Glamorgan,WRS Gidman,AP Rouse,DL Lloyd,0,0,,,,,,,,,,,,,
1127686,2018,2018-05-04,"Sophia Gardens, Cardiff",2,31.2,31.2,Kent,Glamorgan,WRS Gidman,AP Rouse,DL Lloyd,0,0,,,,,,,caught,WRS Gidman,,,NJ Selman,,
1127686,2018,2018-05-04,"Sophia Gardens, Cardiff",2,31.3,31.3,Kent,Glamorgan,MJ Henry,AP Rouse,DL Lloyd,0,0,,,,,,,,,,,,,
1127686,2018,2018-05-04,"Sophia Gardens, Cardiff",2,31.4,31.4,Kent,Glamorgan,MJ Henry,AP Rouse,DL Lloyd,0,0,,,,,,,,,,,,,
1127686,2018,2018-05-04,"Sophia Gardens, Cardiff",2,31.5,31.5,Kent,Glamorgan,MJ Henry,AP Rouse,DL Lloyd,1,0,,,,,,,,,,,,,
1127686,2018,2018-05-04,"Sophia Gardens, Cardiff",2,31.6,31.6,Kent,Glamorgan,AP Rouse,MJ Henry,DL Lloyd,0,0,,,,,,,,,,,,,
1127686,2018,2018-05-04,"Sophia Gardens, Cardiff",2,32.1,32.1,Kent,Glamorgan,MJ Henry,AP Rouse,T van der Gugten,0,0,,,,,,,,,,,,,
1127686,2018,2018-05-04,"Sophia Gardens, Cardiff",2,32.2,32.2,Kent,Glamorgan,MJ Henry,AP Rouse,T van der Gugten,0,0,,,,,,,,,,,,,
1127686,2018,2018-05-04,"Sophia Gardens, Cardiff",2,32.3,32.3,Kent,Glamorgan,MJ Henry,AP Rouse,T van der Gugten,0,0,,,,,,,,,,,,,
1127686,2018,2018-05-04,"Sophia Gardens, Cardiff",2,32.4,32.4,Kent,Glamorgan,MJ Henry,AP Rouse,T van der Gugten,0,0,,,,,,,,,,,,,
1127686,2018,2018-05-04,"Sophia Gardens, Cardiff",2,32.5,32.5,Kent,Glamorgan,MJ Henry,AP Rouse,T van der Gugten,4,0,,,,,,,,,,,,,
1127686,2018,2018-05-04,"Sophia Gardens, Cardiff",2,32.6,32.6,Kent,Glamorgan,MJ Henry,AP Rouse,T van der Gugten,0,0,,,,,,,,,,,,,
1127686,2018,2018-05-04,"Sophia Gardens, Cardiff",2,33.1,33.1,Kent,Glamorgan,AP Rouse,MJ Henry,DL Lloyd,0,0,,,,,,,,,,,,,
1127686,2018,2018-05-04,"Sophia Gardens, Cardiff",2,33.2,33.2,Kent,Glamorgan,AP Rouse,MJ Henry,DL Lloyd,4,0,,,,,,,,,,,,,
1127686,2018,2018-05-04,"Sophia Gardens, Cardiff",2,33.3,33.3,Kent,Glamorgan,AP Rouse,MJ Henry,DL Lloyd,0,0,,,,,,,,,,,,,
1127686,2018,2018-05-04,"Sophia Gardens, Cardiff",2,33.4,33.4,Kent,Glamorgan,AP Rouse,MJ Henry,DL Lloyd,0,0,,,,,,,,,,,,,
1127686,2018,2018-05-04,"Sophia Gardens, Cardiff",2,33.5,33.5,Kent,Glamorgan,AP Rouse,MJ Henry,DL Lloyd,0,0,,,,,,,,,,,,,
1127686,2018,2018-05-04,"Sophia Gardens, Cardiff",2,33.6,33.6,Kent,Glamorgan,AP Rouse,MJ Henry,DL Lloyd,0,0,,,,,,,,,,,,,
1127686,2018,2018-05-04,"Sophia Gardens, Cardiff",2,34.1,34.1,Kent,Glamorgan,MJ Henry,AP Rouse,T van der Gugten,0,4,,,4,,,,,,,,,,
1127686,2018,2018-05-04,"Sophia Gardens, Cardiff",2,34.2,34.2,Kent,Glamorgan,MJ Henry,AP Rouse,T van der Gugten,2,0,,,,,,,,,,,,,
1127686,2018,2018-05-04,"Sophia Gardens, Cardiff",2,34.3,34.3,Kent,Glamorgan,MJ Henry,AP Rouse,T van der Gugten,4,0,,,,,,,,,,,,,
1127686,2018,2018-05-04,"Sophia Gardens, Cardiff",2,34.4,34.4,Kent,Glamorgan,MJ Henry,AP Rouse,T van der Gugten,0,0,,,,,,,,,,,,,
1127686,2018,2018-05-04,"Sophia Gardens, Cardiff",2,34.5,34.5,Kent,Glamorgan,MJ Henry,AP Rouse,T van der Gugten,0,0,,,,,,,,,,,,,
1127686,2018,2018-05-04,"Sophia Gardens, Cardiff",2,34.6,34.6,Kent,Glamorgan,MJ Henry,AP Rouse,T van der Gugten,0,0,,,,,,,caught,MJ Henry,,,MG Hogan,,
1127686,2018,2018-05-04,"Sophia Gardens, Cardiff",2,35.1,35.1,Kent,Glamorgan,HW Podmore,AP Rouse,DL Lloyd,0,0,,,,,,,,,,,,,
1127686,2018,2018-05-04,"Sophia Gardens, Cardiff",2,35.2,35.2,Kent,Glamorgan,HW Podmore,AP Rouse,DL Lloyd,4,0,,,,,,,,,,,,,
1127686,2018,2018-05-04,"Sophia Gardens, Cardiff",2,35.3,35.3,Kent,Glamorgan,HW Podmore,AP Rouse,DL Lloyd,0,0,,,,,,,,,,,,,
1127686,2018,2018-05-04,"Sophia Gardens, Cardiff",2,35.4,35.4,Kent,Glamorgan,HW Podmore,AP Rouse,DL Lloyd,0,0,,,,,,,,,,,,,
1127686,2018,2018-05-04,"Sophia Gardens, Cardiff",2,35.5,35.5,Kent,Glamorgan,HW Podmore,AP Rouse,DL Lloyd,0,0,,,,,,,,,,,,,
1127686,2018,2018-05-04,"Sophia Gardens, Cardiff",2,35.6,35.6,Kent,Glamorgan,HW Podmore,AP Rouse,DL Lloyd,0,0,,,,,,,,,,,,,
1127686,2018,2018-05-04,"Sophia Gardens, Cardiff",2,36.1,36.1,Kent,Glamorgan,AP Rouse,HW Podmore,T van der Gugten,0,0,,,,,,,,,,,,,
1127686,2018,2018-05-04,"Sophia Gardens, Cardiff",2,36.2,36.2,Kent,Glamorgan,AP Rouse,HW Podmore,T van der Gugten,0,0,,,,,,,bowled,AP Rouse,,,,,
1127686,2018,2018-05-04,"Sophia Gardens, Cardiff",2,36.3,36.3,Kent,Glamorgan,IAA Thomas,HW Podmore,T van der Gugten,0,0,,,,,,,,,,,,,
1127686,2018,2018-05-04,"Sophia Gardens, Cardiff",2,36.4,36.4,Kent,Glamorgan,IAA Thomas,HW Podmore,T van der Gugten,0,0,,,,,,,,,,,,,
1127686,2018,2018-05-04,"Sophia Gardens, Cardiff",2,36.5,36.5,Kent,Glamorgan,IAA Thomas,HW Podmore,T van der Gugten,0,0,,,,,,,,,,,,,
1127686,2018,2018-05-04,"Sophia Gardens, Cardiff",2,36.6,36.6,Kent,Glamorgan,IAA Thomas,HW Podmore,T van der Gugten,0,0,,,,,,,,,,,,,
1127686,2018,2018-05-04,"Sophia Gardens, Cardiff",2,37.1,37.1,Kent,Glamorgan,HW Podmore,IAA Thomas,DL Lloyd,0,0,,,,,,,,,,,,,
1127686,2018,2018-05-04,"Sophia Gardens, Cardiff",2,37.2,37.2,Kent,Glamorgan,HW Podmore,IAA Thomas,DL Lloyd,0,0,,,,,,,,,,,,,
1127686,2018,2018-05-04,"Sophia Gardens, Cardiff",2,37.3,37.3,Kent,Glamorgan,HW Podmore,IAA Thomas,DL Lloyd,0,0,,,,,,,,,,,,,
1127686,2018,2018-05-04,"Sophia Gardens, Cardiff",2,37.4,37.4,Kent,Glamorgan,HW Podmore,IAA Thomas,DL Lloyd,4,0,,,,,,,,,,,,,
1127686,2018,2018-05-04,"Sophia Gardens, Cardiff",2,37.5,37.5,Kent,Glamorgan,HW Podmore,IAA Thomas,DL Lloyd,0,0,,,,,,,,,,,,,
1127686,2018,2018-05-04,"Sophia Gardens, Cardiff",2,37.6,37.6,Kent,Glamorgan,HW Podmore,IAA Thomas,DL Lloyd,1,0,,,,,,,,,,,,,
1127686,2018,2018-05-04,"Sophia Gardens, Cardiff",2,38.1,38.1,Kent,Glamorgan,HW Podmore,IAA Thomas,M de Lange,0,0,,,,,,,,,,,,,
1127686,2018,2018-05-04,"Sophia Gardens, Cardiff",2,38.2,38.2,Kent,Glamorgan,HW Podmore,IAA Thomas,M de Lange,0,0,,,,,,,,,,,,,
1127686,2018,2018-05-04,"Sophia Gardens, Cardiff",2,38.3,38.3,Kent,Glamorgan,HW Podmore,IAA Thomas,M de Lange,0,0,,,,,,,,,,,,,
1127686,2018,2018-05-04,"Sophia Gardens, Cardiff",2,38.4,38.4,Kent,Glamorgan,HW Podmore,IAA Thomas,M de Lange,4,0,,,,,,,,,,,,,
1127686,2018,2018-05-04,"Sophia Gardens, Cardiff",2,38.5,38.5,Kent,Glamorgan,HW Podmore,IAA Thomas,M de Lange,0,0,,,,,,,,,,,,,
1127686,2018,2018-05-04,"Sophia Gardens, Cardiff",2,38.6,38.6,Kent,Glamorgan,HW Podmore,IAA Thomas,M de Lange,1,0,,,,,,,,,,,,,
1127686,2018,2018-05-04,"Sophia Gardens, Cardiff",2,39.1,39.1,Kent,Glamorgan,HW Podmore,IAA Thomas,DL Lloyd,0,0,,,,,,,,,,,,,
1127686,2018,2018-05-04,"Sophia Gardens, Cardiff",2,39.2,39.2,Kent,Glamorgan,HW Podmore,IAA Thomas,DL Lloyd,0,0,,,,,,,,,,,,,
1127686,2018,2018-05-04,"Sophia Gardens, Cardiff",2,39.3,39.3,Kent,Glamorgan,HW Podmore,IAA Thomas,DL Lloyd,0,0,,,,,,,,,,,,,
1127686,2018,2018-05-04,"Sophia Gardens, Cardiff",2,39.4,39.4,Kent,Glamorgan,HW Podmore,IAA Thomas,DL Lloyd,0,0,,,,,,,,,,,,,
1127686,2018,2018-05-04,"Sophia Gardens, Cardiff",2,39.5,39.5,Kent,Glamorgan,HW Podmore,IAA Thomas,DL Lloyd,0,0,,,,,,,,,,,,,
1127686,2018,2018-05-04,"Sophia Gardens, Cardiff",2,39.6,39.6,Kent,Glamorgan,HW Podmore,IAA Thomas,DL Lloyd,0,0,,,,,,,,,,,,,
1127686,2018,2018-05-04,"Sophia Gardens, Cardiff",2,40.1,40.1,Kent,Glamorgan,IAA Thomas,HW Podmore,M de Lange,0,0,,,,,,,,,,,,,
1127686,2018,2018-05-04,"Sophia Gardens, Cardiff",2,40.2,40.2,Kent,Glamorgan,IAA Thomas,HW Podmore,M de Lange,0,0,,,,,,,,,,,,,
1127686,2018,2018-05-04,"Sophia Gardens, Cardiff",2,40.3,40.3,Kent,Glamorgan,IAA Thomas,HW Podmore,M de Lange,0,0,,,,,,,,,,,,,
1127686,2018,2018-05-04,"Sophia Gardens, Cardiff",2,40.4,40.4,Kent,Glamorgan,IAA Thomas,HW Podmore,M de Lange,0,1,,,,1,,,,,,,,,
1127686,2018,2018-05-04,"Sophia Gardens, Cardiff",2,40.5,40.5,Kent,Glamorgan,HW Podmore,IAA Thomas,M de Lange,1,0,,,,,,,,,,,,,
1127686,2018,2018-05-04,"Sophia Gardens, Cardiff",2,40.6,40.6,Kent,Glamorgan,IAA Thomas,HW Podmore,M de Lange,0,0,,,,,,,,,,,,,
1127686,2018,2018-05-04,"Sophia Gardens, Cardiff",2,41.1,41.1,Kent,Glamorgan,HW Podmore,IAA Thomas,MG Hogan,0,0,,,,,,,,,,,,,
1127686,2018,2018-05-04,"Sophia Gardens, Cardiff",2,41.2,41.2,Kent,Glamorgan,HW Podmore,IAA Thomas,MG Hogan,0,0,,,,,,,,,,,,,
1127686,2018,2018-05-04,"Sophia Gardens, Cardiff",2,41.3,41.3,Kent,Glamorgan,HW Podmore,IAA Thomas,MG Hogan,1,0,,,,,,,,,,,,,
1127686,2018,2018-05-04,"Sophia Gardens, Cardiff",2,41.4,41.4,Kent,Glamorgan,IAA Thomas,HW Podmore,MG Hogan,0,0,,,,,,,,,,,,,
1127686,2018,2018-05-04,"Sophia Gardens, Cardiff",2,41.5,41.5,Kent,Glamorgan,IAA Thomas,HW Podmore,MG Hogan,0,0,,,,,,,,,,,,,
1127686,2018,2018-05-04,"Sophia Gardens, Cardiff",2,41.6,41.6,Kent,Glamorgan,IAA Thomas,HW Podmore,MG Hogan,0,0,,,,,,,,,,,,,
1127686,2018,2018-05-04,"Sophia Gardens, Cardiff",2,42.1,42.1,Kent,Glamorgan,HW Podmore,IAA Thomas,M de Lange,0,0,,,,,,,,,,,,,
1127686,2018,2018-05-04,"Sophia Gardens, Cardiff",2,42.2,42.2,Kent,Glamorgan,HW Podmore,IAA Thomas,M de Lange,0,0,,,,,,,,,,,,,
1127686,2018,2018-05-04,"Sophia Gardens, Cardiff",2,42.3,42.3,Kent,Glamorgan,HW Podmore,IAA Thomas,M de Lange,4,0,,,,,,,,,,,,,
1127686,2018,2018-05-04,"Sophia Gardens, Cardiff",2,42.4,42.4,Kent,Glamorgan,HW Podmore,IAA Thomas,M de Lange,4,0,,,,,,,,,,,,,
1127686,2018,2018-05-04,"Sophia Gardens, Cardiff",2,42.5,42.5,Kent,Glamorgan,HW Podmore,IAA Thomas,M de Lange,0,0,,,,,,,,,,,,,
1127686,2018,2018-05-04,"Sophia Gardens, Cardiff",2,42.6,42.6,Kent,Glamorgan,HW Podmore,IAA Thomas,M de Lange,1,0,,,,,,,,,,,,,
1127686,2018,2018-05-04,"Sophia Gardens, Cardiff",2,43.1,43.1,Kent,Glamorgan,HW Podmore,IAA Thomas,MG Hogan,0,0,,,,,,,,,,,,,
1127686,2018,2018-05-04,"Sophia Gardens, Cardiff",2,43.2,43.2,Kent,Glamorgan,HW Podmore,IAA Thomas,MG Hogan,0,1,1,,,,,,,,,,,,
1127686,2018,2018-05-04,"Sophia Gardens, Cardiff",2,43.3,43.2,Kent,Glamorgan,HW Podmore,IAA Thomas,MG Hogan,4,0,,,,,,,,,,,,,
1127686,2018,2018-05-04,"Sophia Gardens, Cardiff",2,43.4,43.3,Kent,Glamorgan,HW Podmore,IAA Thomas,MG Hogan,0,0,,,,,,,,,,,,,
1127686,2018,2018-05-04,"Sophia Gardens, Cardiff",2,43.5,43.4,Kent,Glamorgan,HW Podmore,IAA Thomas,MG Hogan,0,0,,,,,,,,,,,,,
1127686,2018,2018-05-04,"Sophia Gardens, Cardiff",2,43.6,43.5,Kent,Glamorgan,HW Podmore,IAA Thomas,MG Hogan,0,0,,,,,,,,,,,,,
1127686,2018,2018-05-04,"Sophia Gardens, Cardiff",2,43.7,43.6,Kent,Glamorgan,HW Podmore,IAA Thomas,MG Hogan,0,0,,,,,,,,,,,,,
1127686,2018,2018-05-04,"Sophia Gardens, Cardiff",2,44.1,44.1,Kent,Glamorgan,IAA Thomas,HW Podmore,T van der Gugten,1,0,,,,,,,,,,,,,
1127686,2018,2018-05-04,"Sophia Gardens, Cardiff",2,44.2,44.2,Kent,Glamorgan,HW Podmore,IAA Thomas,T van der Gugten,0,0,,,,,,,,,,,,,
1127686,2018,2018-05-04,"Sophia Gardens, Cardiff",2,44.3,44.3,Kent,Glamorgan,HW Podmore,IAA Thomas,T van der Gugten,0,0,,,,,,,,,,,,,
1127686,2018,2018-05-04,"Sophia Gardens, Cardiff",2,44.4,44.4,Kent,Glamorgan,HW Podmore,IAA Thomas,T van der Gugten,0,0,,,,,,,,,,,,,
1127686,2018,2018-05-04,"Sophia Gardens, Cardiff",2,44.5,44.5,Kent,Glamorgan,HW Podmore,IAA Thomas,T van der Gugten,0,0,,,,,,,,,,,,,
1127686,2018,2018-05-04,"Sophia Gardens, Cardiff",2,44.6,44.6,Kent,Glamorgan,HW Podmore,IAA Thomas,T van der Gugten,0,0,,,,,,,,,,,,,
1127686,2018,2018-05-04,"Sophia Gardens, Cardiff",2,45.1,45.1,Kent,Glamorgan,IAA Thomas,HW Podmore,MG Hogan,1,0,,,,,,,,,,,,,
1127686,2018,2018-05-04,"Sophia Gardens, Cardiff",2,45.2,45.2,Kent,Glamorgan,HW Podmore,IAA Thomas,MG Hogan,0,0,,,,,,,,,,,,,
1127686,2018,2018-05-04,"Sophia Gardens, Cardiff",2,45.3,45.3,Kent,Glamorgan,HW Podmore,IAA Thomas,MG Hogan,0,0,,,,,,,,,,,,,
1127686,2018,2018-05-04,"Sophia Gardens, Cardiff",2,45.4,45.4,Kent,Glamorgan,HW Podmore,IAA Thomas,MG Hogan,1,0,,,,,,,,,,,,,
1127686,2018,2018-05-04,"Sophia Gardens, Cardiff",2,45.5,45.5,Kent,Glamorgan,IAA Thomas,HW Podmore,MG Hogan,0,0,,,,,,,,,,,,,
1127686,2018,2018-05-04,"Sophia Gardens, Cardiff",2,45.6,45.6,Kent,Glamorgan,IAA Thomas,HW Podmore,MG Hogan,0,0,,,,,,,,,,,,,
1127686,2018,2018-05-04,"Sophia Gardens, Cardiff",2,46.1,46.1,Kent,Glamorgan,HW Podmore,IAA Thomas,T van der Gugten,0,0,,,,,,,,,,,,,
1127686,2018,2018-05-04,"Sophia Gardens, Cardiff",2,46.2,46.2,Kent,Glamorgan,HW Podmore,IAA Thomas,T van der Gugten,1,0,,,,,,,,,,,,,
1127686,2018,2018-05-04,"Sophia Gardens, Cardiff",2,46.3,46.3,Kent,Glamorgan,IAA Thomas,HW Podmore,T van der Gugten,0,0,,,,,,,,,,,,,
1127686,2018,2018-05-04,"Sophia Gardens, Cardiff",2,46.4,46.4,Kent,Glamorgan,IAA Thomas,HW Podmore,T van der Gugten,0,0,,,,,,,,,,,,,
1127686,2018,2018-05-04,"Sophia Gardens, Cardiff",2,46.5,46.5,Kent,Glamorgan,IAA Thomas,HW Podmore,T van der Gugten,0,0,,,,,,,,,,,,,
1127686,2018,2018-05-04,"Sophia Gardens, Cardiff",2,46.6,46.6,Kent,Glamorgan,IAA Thomas,HW Podmore,T van der Gugten,0,0,,,,,,,,,,,,,
1127686,2018,2018-05-04,"Sophia Gardens, Cardiff",2,47.1,47.1,Kent,Glamorgan,HW Podmore,IAA Thomas,MG Hogan,0,0,,,,,,,,,,,,,
1127686,2018,2018-05-04,"Sophia Gardens, Cardiff",2,47.2,47.2,Kent,Glamorgan,HW Podmore,IAA Thomas,MG Hogan,0,0,,,,,,,,,,,,,
1127686,2018,2018-05-04,"Sophia Gardens, Cardiff",2,47.3,47.3,Kent,Glamorgan,HW Podmore,IAA Thomas,MG Hogan,0,0,,,,,,,,,,,,,
1127686,2018,2018-05-04,"Sophia Gardens, Cardiff",2,47.4,47.4,Kent,Glamorgan,HW Podmore,IAA Thomas,MG Hogan,0,0,,,,,,,,,,,,,
1127686,2018,2018-05-04,"Sophia Gardens, Cardiff",2,47.5,47.5,Kent,Glamorgan,HW Podmore,IAA Thomas,MG Hogan,0,0,,,,,,,,,,,,,
1127686,2018,2018-05-04,"Sophia Gardens, Cardiff",2,47.6,47.6,Kent,Glamorgan,HW Podmore,IAA Thomas,MG Hogan,0,0,,,,,,,,,,,,,
1127686,2018,2018-05-04,"Sophia Gardens, Cardiff",2,48.1,48.1,Kent,Glamorgan,IAA Thomas,HW Podmore,T van der Gugten,0,0,,,,,,,,,,,,,
1127686,2018,2018-05-04,"Sophia Gardens, Cardiff",2,48.2,48.2,Kent,Glamorgan,IAA Thomas,HW Podmore,T van der Gugten,0,0,,,,,,,,,,,,,
1127686,2018,2018-05-04,"Sophia Gardens, Cardiff",2,48.3,48.3,Kent,Glamorgan,IAA Thomas,HW Podmore,T van der Gugten,0,0,,,,,,,,,,,,,
1127686,2018,2018-05-04,"Sophia Gardens, Cardiff",2,48.4,48.4,Kent,Glamorgan,IAA Thomas,HW Podmore,T van der Gugten,0,0,,,,,,,,,,,,,
1127686,2018,2018-05-04,"Sophia Gardens, Cardiff",2,48.5,48.5,Kent,Glamorgan,IAA Thomas,HW Podmore,T van der Gugten,0,0,,,,,,,,,,,,,
1127686,2018,2018-05-04,"Sophia Gardens, Cardiff",2,48.6,48.6,Kent,Glamorgan,IAA Thomas,HW Podmore,T van der Gugten,0,0,,,,,,,,,,,,,
1127686,2018,2018-05-04,"Sophia Gardens, Cardiff",2,49.1,49.1,Kent,Glamorgan,HW Podmore,IAA Thomas,MG Hogan,0,0,,,,,,,,,,,,,
1127686,2018,2018-05-04,"Sophia Gardens, Cardiff",2,49.2,49.2,Kent,Glamorgan,HW Podmore,IAA Thomas,MG Hogan,0,0,,,,,,,,,,,,,
1127686,2018,2018-05-04,"Sophia Gardens, Cardiff",2,49.3,49.3,Kent,Glamorgan,HW Podmore,IAA Thomas,MG Hogan,0,0,,,,,,,,,,,,,
1127686,2018,2018-05-04,"Sophia Gardens, Cardiff",2,49.4,49.4,Kent,Glamorgan,HW Podmore,IAA Thomas,MG Hogan,0,0,,,,,,,,,,,,,
1127686,2018,2018-05-04,"Sophia Gardens, Cardiff",2,49.5,49.5,Kent,Glamorgan,HW Podmore,IAA Thomas,MG Hogan,2,0,,,,,,,,,,,,,
1127686,2018,2018-05-04,"Sophia Gardens, Cardiff",2,49.6,49.6,Kent,Glamorgan,HW Podmore,IAA Thomas,MG Hogan,0,0,,,,,,,,,,,,,
1127686,2018,2018-05-04,"Sophia Gardens, Cardiff",2,50.1,50.1,Kent,Glamorgan,IAA Thomas,HW Podmore,T van der Gugten,0,0,,,,,,,,,,,,,
1127686,2018,2018-05-04,"Sophia Gardens, Cardiff",2,50.2,50.2,Kent,Glamorgan,IAA Thomas,HW Podmore,T van der Gugten,0,0,,,,,,,,,,,,,
1127686,2018,2018-05-04,"Sophia Gardens, Cardiff",2,50.3,50.3,Kent,Glamorgan,IAA Thomas,HW Podmore,T van der Gugten,0,0,,,,,,,,,,,,,
1127686,2018,2018-05-04,"Sophia Gardens, Cardiff",2,50.4,50.4,Kent,Glamorgan,IAA Thomas,HW Podmore,T van der Gugten,0,0,,,,,,,,,,,,,
1127686,2018,2018-05-04,"Sophia Gardens, Cardiff",2,50.5,50.5,Kent,Glamorgan,IAA Thomas,HW Podmore,T van der Gugten,0,0,,,,,,,caught and bowled,IAA Thomas,,,,,
1127686,2018,2018-05-04,"Sophia Gardens, Cardiff",3,0.1,0.1,Glamorgan,Kent,NJ Selman,JR Murphy,MJ Henry,0,0,,,,,,,,,,,,,
1127686,2018,2018-05-04,"Sophia Gardens, Cardiff",3,0.2,0.2,Glamorgan,Kent,NJ Selman,JR Murphy,MJ Henry,0,0,,,,,,,,,,,,,
1127686,2018,2018-05-04,"Sophia Gardens, Cardiff",3,0.3,0.3,Glamorgan,Kent,NJ Selman,JR Murphy,MJ Henry,4,0,,,,,,,,,,,,,
1127686,2018,2018-05-04,"Sophia Gardens, Cardiff",3,0.4,0.4,Glamorgan,Kent,NJ Selman,JR Murphy,MJ Henry,0,0,,,,,,,,,,,,,
1127686,2018,2018-05-04,"Sophia Gardens, Cardiff",3,0.5,0.5,Glamorgan,Kent,NJ Selman,JR Murphy,MJ Henry,0,0,,,,,,,,,,,,,
1127686,2018,2018-05-04,"Sophia Gardens, Cardiff",3,0.6,0.6,Glamorgan,Kent,NJ Selman,JR Murphy,MJ Henry,3,0,,,,,,,,,,,,,
1127686,2018,2018-05-04,"Sophia Gardens, Cardiff",3,1.1,1.1,Glamorgan,Kent,NJ Selman,JR Murphy,DI Stevens,4,0,,,,,,,,,,,,,
1127686,2018,2018-05-04,"Sophia Gardens, Cardiff",3,1.2,1.2,Glamorgan,Kent,NJ Selman,JR Murphy,DI Stevens,0,0,,,,,,,lbw,NJ Selman,,,,,
1127686,2018,2018-05-04,"Sophia Gardens, Cardiff",3,1.3,1.3,Glamorgan,Kent,SE Marsh,JR Murphy,DI Stevens,0,0,,,,,,,,,,,,,
1127686,2018,2018-05-04,"Sophia Gardens, Cardiff",3,1.4,1.4,Glamorgan,Kent,SE Marsh,JR Murphy,DI Stevens,0,0,,,,,,,,,,,,,
1127686,2018,2018-05-04,"Sophia Gardens, Cardiff",3,1.5,1.5,Glamorgan,Kent,SE Marsh,JR Murphy,DI Stevens,1,0,,,,,,,,,,,,,
1127686,2018,2018-05-04,"Sophia Gardens, Cardiff",3,1.6,1.6,Glamorgan,Kent,JR Murphy,SE Marsh,DI Stevens,0,0,,,,,,,,,,,,,
1127686,2018,2018-05-04,"Sophia Gardens, Cardiff",3,2.1,2.1,Glamorgan,Kent,SE Marsh,JR Murphy,MJ Henry,4,0,,,,,,,,,,,,,
1127686,2018,2018-05-04,"Sophia Gardens, Cardiff",3,2.2,2.2,Glamorgan,Kent,SE Marsh,JR Murphy,MJ Henry,0,0,,,,,,,,,,,,,
1127686,2018,2018-05-04,"Sophia Gardens, Cardiff",3,2.3,2.3,Glamorgan,Kent,SE Marsh,JR Murphy,MJ Henry,0,0,,,,,,,,,,,,,
1127686,2018,2018-05-04,"Sophia Gardens, Cardiff",3,2.4,2.4,Glamorgan,Kent,SE Marsh,JR Murphy,MJ Henry,0,0,,,,,,,,,,,,,
1127686,2018,2018-05-04,"Sophia Gardens, Cardiff",3,2.5,2.5,Glamorgan,Kent,SE Marsh,JR Murphy,MJ Henry,4,0,,,,,,,,,,,,,
1127686,2018,2018-05-04,"Sophia Gardens, Cardiff",3,2.6,2.6,Glamorgan,Kent,SE Marsh,JR Murphy,MJ Henry,4,0,,,,,,,,,,,,,
1127686,2018,2018-05-04,"Sophia Gardens, Cardiff",3,3.1,3.1,Glamorgan,Kent,JR Murphy,SE Marsh,DI Stevens,0,0,,,,,,,,,,,,,
1127686,2018,2018-05-04,"Sophia Gardens, Cardiff",3,3.2,3.2,Glamorgan,Kent,JR Murphy,SE Marsh,DI Stevens,0,0,,,,,,,,,,,,,
1127686,2018,2018-05-04,"Sophia Gardens, Cardiff",3,3.3,3.3,Glamorgan,Kent,JR Murphy,SE Marsh,DI Stevens,1,0,,,,,,,,,,,,,
1127686,2018,2018-05-04,"Sophia Gardens, Cardiff",3,3.4,3.4,Glamorgan,Kent,SE Marsh,JR Murphy,DI Stevens,0,0,,,,,,,,,,,,,
1127686,2018,2018-05-04,"Sophia Gardens, Cardiff",3,3.5,3.5,Glamorgan,Kent,SE Marsh,JR Murphy,DI Stevens,0,0,,,,,,,,,,,,,
1127686,2018,2018-05-04,"Sophia Gardens, Cardiff",3,3.6,3.6,Glamorgan,Kent,SE Marsh,JR Murphy,DI Stevens,0,0,,,,,,,,,,,,,
1127686,2018,2018-05-04,"Sophia Gardens, Cardiff",3,4.1,4.1,Glamorgan,Kent,JR Murphy,SE Marsh,MJ Henry,0,0,,,,,,,,,,,,,
1127686,2018,2018-05-04,"Sophia Gardens, Cardiff",3,4.2,4.2,Glamorgan,Kent,JR Murphy,SE Marsh,MJ Henry,0,0,,,,,,,,,,,,,
1127686,2018,2018-05-04,"Sophia Gardens, Cardiff",3,4.3,4.3,Glamorgan,Kent,JR Murphy,SE Marsh,MJ Henry,4,0,,,,,,,,,,,,,
1127686,2018,2018-05-04,"Sophia Gardens, Cardiff",3,4.4,4.4,Glamorgan,Kent,JR Murphy,SE Marsh,MJ Henry,0,0,,,,,,,,,,,,,
1127686,2018,2018-05-04,"Sophia Gardens, Cardiff",3,4.5,4.5,Glamorgan,Kent,JR Murphy,SE Marsh,MJ Henry,1,0,,,,,,,,,,,,,
1127686,2018,2018-05-04,"Sophia Gardens, Cardiff",3,4.6,4.6,Glamorgan,Kent,SE Marsh,JR Murphy,MJ Henry,0,0,,,,,,,,,,,,,
1127686,2018,2018-05-04,"Sophia Gardens, Cardiff",3,5.1,5.1,Glamorgan,Kent,JR Murphy,SE Marsh,DI Stevens,1,0,,,,,,,,,,,,,
1127686,2018,2018-05-04,"Sophia Gardens, Cardiff",3,5.2,5.2,Glamorgan,Kent,SE Marsh,JR Murphy,DI Stevens,0,0,,,,,,,,,,,,,
1127686,2018,2018-05-04,"Sophia Gardens, Cardiff",3,5.3,5.3,Glamorgan,Kent,SE Marsh,JR Murphy,DI Stevens,0,0,,,,,,,,,,,,,
1127686,2018,2018-05-04,"Sophia Gardens, Cardiff",3,5.4,5.4,Glamorgan,Kent,SE Marsh,JR Murphy,DI Stevens,5,0,,,,,,,,,,,,,
1127686,2018,2018-05-04,"Sophia Gardens, Cardiff",3,5.5,5.5,Glamorgan,Kent,JR Murphy,SE Marsh,DI Stevens,0,0,,,,,,,,,,,,,
1127686,2018,2018-05-04,"Sophia Gardens, Cardiff",3,5.6,5.6,Glamorgan,Kent,JR Murphy,SE Marsh,DI Stevens,0,0,,,,,,,,,,,,,
1127686,2018,2018-05-04,"Sophia Gardens, Cardiff",3,6.1,6.1,Glamorgan,Kent,SE Marsh,JR Murphy,MJ Henry,1,0,,,,,,,,,,,,,
1127686,2018,2018-05-04,"Sophia Gardens, Cardiff",3,6.2,6.2,Glamorgan,Kent,JR Murphy,SE Marsh,MJ Henry,0,0,,,,,,,,,,,,,
1127686,2018,2018-05-04,"Sophia Gardens, Cardiff",3,6.3,6.3,Glamorgan,Kent,JR Murphy,SE Marsh,MJ Henry,0,0,,,,,,,,,,,,,
1127686,2018,2018-05-04,"Sophia Gardens, Cardiff",3,6.4,6.4,Glamorgan,Kent,JR Murphy,SE Marsh,MJ Henry,0,0,,,,,,,,,,,,,
1127686,2018,2018-05-04,"Sophia Gardens, Cardiff",3,6.5,6.5,Glamorgan,Kent,JR Murphy,SE Marsh,MJ Henry,0,0,,,,,,,,,,,,,
1127686,2018,2018-05-04,"Sophia Gardens, Cardiff",3,6.6,6.6,Glamorgan,Kent,JR Murphy,SE Marsh,MJ Henry,0,0,,,,,,,,,,,,,
1127686,2018,2018-05-04,"Sophia Gardens, Cardiff",3,7.1,7.1,Glamorgan,Kent,SE Marsh,JR Murphy,DI Stevens,0,0,,,,,,,,,,,,,
1127686,2018,2018-05-04,"Sophia Gardens, Cardiff",3,7.2,7.2,Glamorgan,Kent,SE Marsh,JR Murphy,DI Stevens,0,0,,,,,,,,,,,,,
1127686,2018,2018-05-04,"Sophia Gardens, Cardiff",3,7.3,7.3,Glamorgan,Kent,SE Marsh,JR Murphy,DI Stevens,0,0,,,,,,,,,,,,,
1127686,2018,2018-05-04,"Sophia Gardens, Cardiff",3,7.4,7.4,Glamorgan,Kent,SE Marsh,JR Murphy,DI Stevens,6,2,,2,,,,,,,,,,,
1127686,2018,2018-05-04,"Sophia Gardens, Cardiff",3,7.5,7.4,Glamorgan,Kent,SE Marsh,JR Murphy,DI Stevens,1,0,,,,,,,,,,,,,
1127686,2018,2018-05-04,"Sophia Gardens, Cardiff",3,7.6,7.5,Glamorgan,Kent,JR Murphy,SE Marsh,DI Stevens,0,0,,,,,,,,,,,,,
1127686,2018,2018-05-04,"Sophia Gardens, Cardiff",3,7.7,7.6,Glamorgan,Kent,JR Murphy,SE Marsh,DI Stevens,0,0,,,,,,,,,,,,,
1127686,2018,2018-05-04,"Sophia Gardens, Cardiff",3,8.1,8.1,Glamorgan,Kent,SE Marsh,JR Murphy,MJ Henry,0,1,,,,1,,,,,,,,,
1127686,2018,2018-05-04,"Sophia Gardens, Cardiff",3,8.2,8.2,Glamorgan,Kent,JR Murphy,SE Marsh,MJ Henry,2,0,,,,,,,,,,,,,
1127686,2018,2018-05-04,"Sophia Gardens, Cardiff",3,8.3,8.3,Glamorgan,Kent,JR Murphy,SE Marsh,MJ Henry,0,0,,,,,,,,,,,,,
1127686,2018,2018-05-04,"Sophia Gardens, Cardiff",3,8.4,8.4,Glamorgan,Kent,JR Murphy,SE Marsh,MJ Henry,1,0,,,,,,,,,,,,,
1127686,2018,2018-05-04,"Sophia Gardens, Cardiff",3,8.5,8.5,Glamorgan,Kent,SE Marsh,JR Murphy,MJ Henry,0,0,,,,,,,,,,,,,
1127686,2018,2018-05-04,"Sophia Gardens, Cardiff",3,8.6,8.6,Glamorgan,Kent,SE Marsh,JR Murphy,MJ Henry,0,0,,,,,,,,,,,,,
1127686,2018,2018-05-04,"Sophia Gardens, Cardiff",3,9.1,9.1,Glamorgan,Kent,JR Murphy,SE Marsh,DI Stevens,0,0,,,,,,,,,,,,,
1127686,2018,2018-05-04,"Sophia Gardens, Cardiff",3,9.2,9.2,Glamorgan,Kent,JR Murphy,SE Marsh,DI Stevens,1,0,,,,,,,,,,,,,
1127686,2018,2018-05-04,"Sophia Gardens, Cardiff",3,9.3,9.3,Glamorgan,Kent,SE Marsh,JR Murphy,DI Stevens,4,0,,,,,,,,,,,,,
1127686,2018,2018-05-04,"Sophia Gardens, Cardiff",3,9.4,9.4,Glamorgan,Kent,SE Marsh,JR Murphy,DI Stevens,0,0,,,,,,,,,,,,,
1127686,2018,2018-05-04,"Sophia Gardens, Cardiff",3,9.5,9.5,Glamorgan,Kent,SE Marsh,JR Murphy,DI Stevens,1,0,,,,,,,,,,,,,
1127686,2018,2018-05-04,"Sophia Gardens, Cardiff",3,9.6,9.6,Glamorgan,Kent,JR Murphy,SE Marsh,DI Stevens,0,0,,,,,,,,,,,,,
1127686,2018,2018-05-04,"Sophia Gardens, Cardiff",3,10.1,10.1,Glamorgan,Kent,SE Marsh,JR Murphy,HW Podmore,0,0,,,,,,,,,,,,,
1127686,2018,2018-05-04,"Sophia Gardens, Cardiff",3,10.2,10.2,Glamorgan,Kent,SE Marsh,JR Murphy,HW Podmore,0,0,,,,,,,,,,,,,
1127686,2018,2018-05-04,"Sophia Gardens, Cardiff",3,10.3,10.3,Glamorgan,Kent,SE Marsh,JR Murphy,HW Podmore,0,0,,,,,,,,,,,,,
1127686,2018,2018-05-04,"Sophia Gardens, Cardiff",3,10.4,10.4,Glamorgan,Kent,SE Marsh,JR Murphy,HW Podmore,0,0,,,,,,,,,,,,,
1127686,2018,2018-05-04,"Sophia Gardens, Cardiff",3,10.5,10.5,Glamorgan,Kent,SE Marsh,JR Murphy,HW Podmore,0,0,,,,,,,,,,,,,
1127686,2018,2018-05-04,"Sophia Gardens, Cardiff",3,10.6,10.6,Glamorgan,Kent,SE Marsh,JR Murphy,HW Podmore,0,0,,,,,,,,,,,,,
1127686,2018,2018-05-04,"Sophia Gardens, Cardiff",3,11.1,11.1,Glamorgan,Kent,JR Murphy,SE Marsh,IAA Thomas,4,0,,,,,,,,,,,,,
1127686,2018,2018-05-04,"Sophia Gardens, Cardiff",3,11.2,11.2,Glamorgan,Kent,JR Murphy,SE Marsh,IAA Thomas,0,0,,,,,,,,,,,,,
1127686,2018,2018-05-04,"Sophia Gardens, Cardiff",3,11.3,11.3,Glamorgan,Kent,JR Murphy,SE Marsh,IAA Thomas,0,0,,,,,,,,,,,,,
1127686,2018,2018-05-04,"Sophia Gardens, Cardiff",3,11.4,11.4,Glamorgan,Kent,JR Murphy,SE Marsh,IAA Thomas,0,0,,,,,,,,,,,,,
1127686,2018,2018-05-04,"Sophia Gardens, Cardiff",3,11.5,11.5,Glamorgan,Kent,JR Murphy,SE Marsh,IAA Thomas,0,0,,,,,,,,,,,,,
1127686,2018,2018-05-04,"Sophia Gardens, Cardiff",3,11.6,11.6,Glamorgan,Kent,JR Murphy,SE Marsh,IAA Thomas,0,0,,,,,,,,,,,,,
1127686,2018,2018-05-04,"Sophia Gardens, Cardiff",3,12.1,12.1,Glamorgan,Kent,SE Marsh,JR Murphy,HW Podmore,0,0,,,,,,,,,,,,,
1127686,2018,2018-05-04,"Sophia Gardens, Cardiff",3,12.2,12.2,Glamorgan,Kent,SE Marsh,JR Murphy,HW Podmore,0,0,,,,,,,,,,,,,
1127686,2018,2018-05-04,"Sophia Gardens, Cardiff",3,12.3,12.3,Glamorgan,Kent,SE Marsh,JR Murphy,HW Podmore,4,0,,,,,,,,,,,,,
1127686,2018,2018-05-04,"Sophia Gardens, Cardiff",3,12.4,12.4,Glamorgan,Kent,SE Marsh,JR Murphy,HW Podmore,0,0,,,,,,,,,,,,,
1127686,2018,2018-05-04,"Sophia Gardens, Cardiff",3,12.5,12.5,Glamorgan,Kent,SE Marsh,JR Murphy,HW Podmore,2,0,,,,,,,,,,,,,
1127686,2018,2018-05-04,"Sophia Gardens, Cardiff",3,12.6,12.6,Glamorgan,Kent,SE Marsh,JR Murphy,HW Podmore,0,0,,,,,,,,,,,,,
1127686,2018,2018-05-04,"Sophia Gardens, Cardiff",3,13.1,13.1,Glamorgan,Kent,JR Murphy,SE Marsh,IAA Thomas,0,0,,,,,,,,,,,,,
1127686,2018,2018-05-04,"Sophia Gardens, Cardiff",3,13.2,13.2,Glamorgan,Kent,JR Murphy,SE Marsh,IAA Thomas,0,0,,,,,,,,,,,,,
1127686,2018,2018-05-04,"Sophia Gardens, Cardiff",3,13.3,13.3,Glamorgan,Kent,JR Murphy,SE Marsh,IAA Thomas,0,0,,,,,,,,,,,,,
1127686,2018,2018-05-04,"Sophia Gardens, Cardiff",3,13.4,13.4,Glamorgan,Kent,JR Murphy,SE Marsh,IAA Thomas,0,0,,,,,,,,,,,,,
1127686,2018,2018-05-04,"Sophia Gardens, Cardiff",3,13.5,13.5,Glamorgan,Kent,JR Murphy,SE Marsh,IAA Thomas,0,0,,,,,,,,,,,,,
1127686,2018,2018-05-04,"Sophia Gardens, Cardiff",3,13.6,13.6,Glamorgan,Kent,JR Murphy,SE Marsh,IAA Thomas,0,0,,,,,,,,,,,,,
1127686,2018,2018-05-04,"Sophia Gardens, Cardiff",3,14.1,14.1,Glamorgan,Kent,SE Marsh,JR Murphy,HW Podmore,0,0,,,,,,,,,,,,,
1127686,2018,2018-05-04,"Sophia Gardens, Cardiff",3,14.2,14.2,Glamorgan,Kent,SE Marsh,JR Murphy,HW Podmore,0,0,,,,,,,,,,,,,
1127686,2018,2018-05-04,"Sophia Gardens, Cardiff",3,14.3,14.3,Glamorgan,Kent,SE Marsh,JR Murphy,HW Podmore,2,0,,,,,,,,,,,,,
1127686,2018,2018-05-04,"Sophia Gardens, Cardiff",3,14.4,14.4,Glamorgan,Kent,SE Marsh,JR Murphy,HW Podmore,0,0,,,,,,,,,,,,,
1127686,2018,2018-05-04,"Sophia Gardens, Cardiff",3,14.5,14.5,Glamorgan,Kent,SE Marsh,JR Murphy,HW Podmore,4,0,,,,,,,,,,,,,
1127686,2018,2018-05-04,"Sophia Gardens, Cardiff",3,14.6,14.6,Glamorgan,Kent,SE Marsh,JR Murphy,HW Podmore,0,0,,,,,,,,,,,,,
1127686,2018,2018-05-04,"Sophia Gardens, Cardiff",3,15.1,15.1,Glamorgan,Kent,JR Murphy,SE Marsh,IAA Thomas,0,0,,,,,,,,,,,,,
1127686,2018,2018-05-04,"Sophia Gardens, Cardiff",3,15.2,15.2,Glamorgan,Kent,JR Murphy,SE Marsh,IAA Thomas,0,0,,,,,,,,,,,,,
1127686,2018,2018-05-04,"Sophia Gardens, Cardiff",3,15.3,15.3,Glamorgan,Kent,JR Murphy,SE Marsh,IAA Thomas,0,0,,,,,,,,,,,,,
1127686,2018,2018-05-04,"Sophia Gardens, Cardiff",3,15.4,15.4,Glamorgan,Kent,JR Murphy,SE Marsh,IAA Thomas,0,0,,,,,,,,,,,,,
1127686,2018,2018-05-04,"Sophia Gardens, Cardiff",3,15.5,15.5,Glamorgan,Kent,JR Murphy,SE Marsh,IAA Thomas,0,0,,,,,,,,,,,,,
1127686,2018,2018-05-04,"Sophia Gardens, Cardiff",3,15.6,15.6,Glamorgan,Kent,JR Murphy,SE Marsh,IAA Thomas,0,0,,,,,,,,,,,,,
1127686,2018,2018-05-04,"Sophia Gardens, Cardiff",3,16.1,16.1,Glamorgan,Kent,SE Marsh,JR Murphy,HW Podmore,0,0,,,,,,,,,,,,,
1127686,2018,2018-05-04,"Sophia Gardens, Cardiff",3,16.2,16.2,Glamorgan,Kent,SE Marsh,JR Murphy,HW Podmore,1,0,,,,,,,,,,,,,
1127686,2018,2018-05-04,"Sophia Gardens, Cardiff",3,16.3,16.3,Glamorgan,Kent,JR Murphy,SE Marsh,HW Podmore,1,0,,,,,,,,,,,,,
1127686,2018,2018-05-04,"Sophia Gardens, Cardiff",3,16.4,16.4,Glamorgan,Kent,SE Marsh,JR Murphy,HW Podmore,0,0,,,,,,,,,,,,,
1127686,2018,2018-05-04,"Sophia Gardens, Cardiff",3,16.5,16.5,Glamorgan,Kent,SE Marsh,JR Murphy,HW Podmore,0,0,,,,,,,,,,,,,
1127686,2018,2018-05-04,"Sophia Gardens, Cardiff",3,16.6,16.6,Glamorgan,Kent,SE Marsh,JR Murphy,HW Podmore,0,0,,,,,,,,,,,,,
1127686,2018,2018-05-04,"Sophia Gardens, Cardiff",3,17.1,17.1,Glamorgan,Kent,JR Murphy,SE Marsh,IAA Thomas,0,0,,,,,,,,,,,,,
1127686,2018,2018-05-04,"Sophia Gardens, Cardiff",3,17.2,17.2,Glamorgan,Kent,JR Murphy,SE Marsh,IAA Thomas,0,0,,,,,,,,,,,,,
1127686,2018,2018-05-04,"Sophia Gardens, Cardiff",3,17.3,17.3,Glamorgan,Kent,JR Murphy,SE Marsh,IAA Thomas,0,0,,,,,,,,,,,,,
1127686,2018,2018-05-04,"Sophia Gardens, Cardiff",3,17.4,17.4,Glamorgan,Kent,JR Murphy,SE Marsh,IAA Thomas,0,0,,,,,,,,,,,,,
1127686,2018,2018-05-04,"Sophia Gardens, Cardiff",3,17.5,17.5,Glamorgan,Kent,JR Murphy,SE Marsh,IAA Thomas,0,0,,,,,,,,,,,,,
1127686,2018,2018-05-04,"Sophia Gardens, Cardiff",3,17.6,17.6,Glamorgan,Kent,JR Murphy,SE Marsh,IAA Thomas,0,0,,,,,,,,,,,,,
1127686,2018,2018-05-04,"Sophia Gardens, Cardiff",3,18.1,18.1,Glamorgan,Kent,SE Marsh,JR Murphy,HW Podmore,1,0,,,,,,,,,,,,,
1127686,2018,2018-05-04,"Sophia Gardens, Cardiff",3,18.2,18.2,Glamorgan,Kent,JR Murphy,SE Marsh,HW Podmore,0,0,,,,,,,,,,,,,
1127686,2018,2018-05-04,"Sophia Gardens, Cardiff",3,18.3,18.3,Glamorgan,Kent,JR Murphy,SE Marsh,HW Podmore,0,0,,,,,,,,,,,,,
1127686,2018,2018-05-04,"Sophia Gardens, Cardiff",3,18.4,18.4,Glamorgan,Kent,JR Murphy,SE Marsh,HW Podmore,0,0,,,,,,,,,,,,,
1127686,2018,2018-05-04,"Sophia Gardens, Cardiff",3,18.5,18.5,Glamorgan,Kent,JR Murphy,SE Marsh,HW Podmore,0,0,,,,,,,,,,,,,
1127686,2018,2018-05-04,"Sophia Gardens, Cardiff",3,18.6,18.6,Glamorgan,Kent,JR Murphy,SE Marsh,HW Podmore,2,0,,,,,,,,,,,,,
1127686,2018,2018-05-04,"Sophia Gardens, Cardiff",3,19.1,19.1,Glamorgan,Kent,SE Marsh,JR Murphy,MJ Henry,0,0,,,,,,,,,,,,,
1127686,2018,2018-05-04,"Sophia Gardens, Cardiff",3,19.2,19.2,Glamorgan,Kent,SE Marsh,JR Murphy,MJ Henry,0,0,,,,,,,,,,,,,
1127686,2018,2018-05-04,"Sophia Gardens, Cardiff",3,19.3,19.3,Glamorgan,Kent,SE Marsh,JR Murphy,MJ Henry,0,0,,,,,,,,,,,,,
1127686,2018,2018-05-04,"Sophia Gardens, Cardiff",3,19.4,19.4,Glamorgan,Kent,SE Marsh,JR Murphy,MJ Henry,0,0,,,,,,,,,,,,,
1127686,2018,2018-05-04,"Sophia Gardens, Cardiff",3,19.5,19.5,Glamorgan,Kent,SE Marsh,JR Murphy,MJ Henry,0,0,,,,,,,,,,,,,
1127686,2018,2018-05-04,"Sophia Gardens, Cardiff",3,19.6,19.6,Glamorgan,Kent,SE Marsh,JR Murphy,MJ Henry,0,0,,,,,,,,,,,,,
1127686,2018,2018-05-04,"Sophia Gardens, Cardiff",3,20.1,20.1,Glamorgan,Kent,JR Murphy,SE Marsh,HW Podmore,1,0,,,,,,,,,,,,,
1127686,2018,2018-05-04,"Sophia Gardens, Cardiff",3,20.2,20.2,Glamorgan,Kent,SE Marsh,JR Murphy,HW Podmore,1,0,,,,,,,,,,,,,
1127686,2018,2018-05-04,"Sophia Gardens, Cardiff",3,20.3,20.3,Glamorgan,Kent,JR Murphy,SE Marsh,HW Podmore,0,0,,,,,,,,,,,,,
1127686,2018,2018-05-04,"Sophia Gardens, Cardiff",3,20.4,20.4,Glamorgan,Kent,JR Murphy,SE Marsh,HW Podmore,0,0,,,,,,,,,,,,,
1127686,2018,2018-05-04,"Sophia Gardens, Cardiff",3,20.5,20.5,Glamorgan,Kent,JR Murphy,SE Marsh,HW Podmore,0,0,,,,,,,,,,,,,
1127686,2018,2018-05-04,"Sophia Gardens, Cardiff",3,20.6,20.6,Glamorgan,Kent,JR Murphy,SE Marsh,HW Podmore,0,0,,,,,,,,,,,,,
1127686,2018,2018-05-04,"Sophia Gardens, Cardiff",3,21.1,21.1,Glamorgan,Kent,SE Marsh,JR Murphy,MJ Henry,0,0,,,,,,,,,,,,,
1127686,2018,2018-05-04,"Sophia Gardens, Cardiff",3,21.2,21.2,Glamorgan,Kent,SE Marsh,JR Murphy,MJ Henry,1,0,,,,,,,,,,,,,
1127686,2018,2018-05-04,"Sophia Gardens, Cardiff",3,21.3,21.3,Glamorgan,Kent,JR Murphy,SE Marsh,MJ Henry,4,0,,,,,,,,,,,,,
1127686,2018,2018-05-04,"Sophia Gardens, Cardiff",3,21.4,21.4,Glamorgan,Kent,JR Murphy,SE Marsh,MJ Henry,0,0,,,,,,,,,,,,,
1127686,2018,2018-05-04,"Sophia Gardens, Cardiff",3,21.5,21.5,Glamorgan,Kent,JR Murphy,SE Marsh,MJ Henry,0,0,,,,,,,,,,,,,
1127686,2018,2018-05-04,"Sophia Gardens, Cardiff",3,21.6,21.6,Glamorgan,Kent,JR Murphy,SE Marsh,MJ Henry,0,0,,,,,,,,,,,,,
1127686,2018,2018-05-04,"Sophia Gardens, Cardiff",3,22.1,22.1,Glamorgan,Kent,SE Marsh,JR Murphy,HW Podmore,0,0,,,,,,,,,,,,,
1127686,2018,2018-05-04,"Sophia Gardens, Cardiff",3,22.2,22.2,Glamorgan,Kent,SE Marsh,JR Murphy,HW Podmore,2,0,,,,,,,,,,,,,
1127686,2018,2018-05-04,"Sophia Gardens, Cardiff",3,22.3,22.3,Glamorgan,Kent,SE Marsh,JR Murphy,HW Podmore,0,0,,,,,,,,,,,,,
1127686,2018,2018-05-04,"Sophia Gardens, Cardiff",3,22.4,22.4,Glamorgan,Kent,SE Marsh,JR Murphy,HW Podmore,4,0,,,,,,,,,,,,,
1127686,2018,2018-05-04,"Sophia Gardens, Cardiff",3,22.5,22.5,Glamorgan,Kent,SE Marsh,JR Murphy,HW Podmore,0,0,,,,,,,,,,,,,
1127686,2018,2018-05-04,"Sophia Gardens, Cardiff",3,22.6,22.6,Glamorgan,Kent,SE Marsh,JR Murphy,HW Podmore,1,0,,,,,,,,,,,,,
1127686,2018,2018-05-04,"Sophia Gardens, Cardiff",3,23.1,23.1,Glamorgan,Kent,SE Marsh,JR Murphy,MJ Henry,0,0,,,,,,,,,,,,,
1127686,2018,2018-05-04,"Sophia Gardens, Cardiff",3,23.2,23.2,Glamorgan,Kent,SE Marsh,JR Murphy,MJ Henry,0,0,,,,,,,,,,,,,
1127686,2018,2018-05-04,"Sophia Gardens, Cardiff",3,23.3,23.3,Glamorgan,Kent,SE Marsh,JR Murphy,MJ Henry,0,0,,,,,,,,,,,,,
1127686,2018,2018-05-04,"Sophia Gardens, Cardiff",3,23.4,23.4,Glamorgan,Kent,SE Marsh,JR Murphy,MJ Henry,1,0,,,,,,,,,,,,,
1127686,2018,2018-05-04,"Sophia Gardens, Cardiff",3,23.5,23.5,Glamorgan,Kent,JR Murphy,SE Marsh,MJ Henry,0,0,,,,,,,,,,,,,
1127686,2018,2018-05-04,"Sophia Gardens, Cardiff",3,23.6,23.6,Glamorgan,Kent,JR Murphy,SE Marsh,MJ Henry,0,0,,,,,,,,,,,,,
1127686,2018,2018-05-04,"Sophia Gardens, Cardiff",3,24.1,24.1,Glamorgan,Kent,SE Marsh,JR Murphy,WRS Gidman,1,0,,,,,,,,,,,,,
1127686,2018,2018-05-04,"Sophia Gardens, Cardiff",3,24.2,24.2,Glamorgan,Kent,JR Murphy,SE Marsh,WRS Gidman,3,0,,,,,,,,,,,,,
1127686,2018,2018-05-04,"Sophia Gardens, Cardiff",3,24.3,24.3,Glamorgan,Kent,SE Marsh,JR Murphy,WRS Gidman,0,0,,,,,,,,,,,,,
1127686,2018,2018-05-04,"Sophia Gardens, Cardiff",3,24.4,24.4,Glamorgan,Kent,SE Marsh,JR Murphy,WRS Gidman,0,0,,,,,,,,,,,,,
1127686,2018,2018-05-04,"Sophia Gardens, Cardiff",3,24.5,24.5,Glamorgan,Kent,SE Marsh,JR Murphy,WRS Gidman,0,0,,,,,,,,,,,,,
1127686,2018,2018-05-04,"Sophia Gardens, Cardiff",3,24.6,24.6,Glamorgan,Kent,SE Marsh,JR Murphy,WRS Gidman,0,0,,,,,,,,,,,,,
1127686,2018,2018-05-04,"Sophia Gardens, Cardiff",3,25.1,25.1,Glamorgan,Kent,JR Murphy,SE Marsh,MJ Henry,0,0,,,,,,,,,,,,,
1127686,2018,2018-05-04,"Sophia Gardens, Cardiff",3,25.2,25.2,Glamorgan,Kent,JR Murphy,SE Marsh,MJ Henry,0,0,,,,,,,,,,,,,
1127686,2018,2018-05-04,"Sophia Gardens, Cardiff",3,25.3,25.3,Glamorgan,Kent,JR Murphy,SE Marsh,MJ Henry,0,0,,,,,,,,,,,,,
1127686,2018,2018-05-04,"Sophia Gardens, Cardiff",3,25.4,25.4,Glamorgan,Kent,JR Murphy,SE Marsh,MJ Henry,0,0,,,,,,,,,,,,,
1127686,2018,2018-05-04,"Sophia Gardens, Cardiff",3,25.5,25.5,Glamorgan,Kent,JR Murphy,SE Marsh,MJ Henry,4,0,,,,,,,,,,,,,
1127686,2018,2018-05-04,"Sophia Gardens, Cardiff",3,25.6,25.6,Glamorgan,Kent,JR Murphy,SE Marsh,MJ Henry,0,0,,,,,,,,,,,,,
1127686,2018,2018-05-04,"Sophia Gardens, Cardiff",3,26.1,26.1,Glamorgan,Kent,SE Marsh,JR Murphy,WRS Gidman,0,0,,,,,,,,,,,,,
1127686,2018,2018-05-04,"Sophia Gardens, Cardiff",3,26.2,26.2,Glamorgan,Kent,SE Marsh,JR Murphy,WRS Gidman,0,0,,,,,,,,,,,,,
1127686,2018,2018-05-04,"Sophia Gardens, Cardiff",3,26.3,26.3,Glamorgan,Kent,SE Marsh,JR Murphy,WRS Gidman,2,0,,,,,,,,,,,,,
1127686,2018,2018-05-04,"Sophia Gardens, Cardiff",3,26.4,26.4,Glamorgan,Kent,SE Marsh,JR Murphy,WRS Gidman,0,0,,,,,,,,,,,,,
1127686,2018,2018-05-04,"Sophia Gardens, Cardiff",3,26.5,26.5,Glamorgan,Kent,SE Marsh,JR Murphy,WRS Gidman,1,0,,,,,,,,,,,,,
1127686,2018,2018-05-04,"Sophia Gardens, Cardiff",3,26.6,26.6,Glamorgan,Kent,JR Murphy,SE Marsh,WRS Gidman,0,0,,,,,,,,,,,,,
1127686,2018,2018-05-04,"Sophia Gardens, Cardiff",3,27.1,27.1,Glamorgan,Kent,SE Marsh,JR Murphy,DI Stevens,0,0,,,,,,,,,,,,,
1127686,2018,2018-05-04,"Sophia Gardens, Cardiff",3,27.2,27.2,Glamorgan,Kent,SE Marsh,JR Murphy,DI Stevens,0,0,,,,,,,,,,,,,
1127686,2018,2018-05-04,"Sophia Gardens, Cardiff",3,27.3,27.3,Glamorgan,Kent,SE Marsh,JR Murphy,DI Stevens,0,0,,,,,,,,,,,,,
1127686,2018,2018-05-04,"Sophia Gardens, Cardiff",3,27.4,27.4,Glamorgan,Kent,SE Marsh,JR Murphy,DI Stevens,0,0,,,,,,,,,,,,,
1127686,2018,2018-05-04,"Sophia Gardens, Cardiff",3,27.5,27.5,Glamorgan,Kent,SE Marsh,JR Murphy,DI Stevens,0,0,,,,,,,,,,,,,
1127686,2018,2018-05-04,"Sophia Gardens, Cardiff",3,27.6,27.6,Glamorgan,Kent,SE Marsh,JR Murphy,DI Stevens,4,0,,,,,,,,,,,,,
1127686,2018,2018-05-04,"Sophia Gardens, Cardiff",3,28.1,28.1,Glamorgan,Kent,JR Murphy,SE Marsh,WRS Gidman,2,0,,,,,,,,,,,,,
1127686,2018,2018-05-04,"Sophia Gardens, Cardiff",3,28.2,28.2,Glamorgan,Kent,JR Murphy,SE Marsh,WRS Gidman,0,0,,,,,,,,,,,,,
1127686,2018,2018-05-04,"Sophia Gardens, Cardiff",3,28.3,28.3,Glamorgan,Kent,JR Murphy,SE Marsh,WRS Gidman,4,0,,,,,,,,,,,,,
1127686,2018,2018-05-04,"Sophia Gardens, Cardiff",3,28.4,28.4,Glamorgan,Kent,JR Murphy,SE Marsh,WRS Gidman,0,0,,,,,,,,,,,,,
1127686,2018,2018-05-04,"Sophia Gardens, Cardiff",3,28.5,28.5,Glamorgan,Kent,JR Murphy,SE Marsh,WRS Gidman,0,0,,,,,,,,,,,,,
1127686,2018,2018-05-04,"Sophia Gardens, Cardiff",3,28.6,28.6,Glamorgan,Kent,JR Murphy,SE Marsh,WRS Gidman,0,0,,,,,,,,,,,,,
1127686,2018,2018-05-04,"Sophia Gardens, Cardiff",3,29.1,29.1,Glamorgan,Kent,SE Marsh,JR Murphy,DI Stevens,4,0,,,,,,,,,,,,,
1127686,2018,2018-05-04,"Sophia Gardens, Cardiff",3,29.2,29.2,Glamorgan,Kent,SE Marsh,JR Murphy,DI Stevens,0,0,,,,,,,,,,,,,
1127686,2018,2018-05-04,"Sophia Gardens, Cardiff",3,29.3,29.3,Glamorgan,Kent,SE Marsh,JR Murphy,DI Stevens,1,0,,,,,,,,,,,,,
1127686,2018,2018-05-04,"Sophia Gardens, Cardiff",3,29.4,29.4,Glamorgan,Kent,JR Murphy,SE Marsh,DI Stevens,0,0,,,,,,,,,,,,,
1127686,2018,2018-05-04,"Sophia Gardens, Cardiff",3,29.5,29.5,Glamorgan,Kent,JR Murphy,SE Marsh,DI Stevens,1,0,,,,,,,,,,,,,
1127686,2018,2018-05-04,"Sophia Gardens, Cardiff",3,29.6,29.6,Glamorgan,Kent,SE Marsh,JR Murphy,DI Stevens,0,0,,,,,,,,,,,,,
1127686,2018,2018-05-04,"Sophia Gardens, Cardiff",3,30.1,30.1,Glamorgan,Kent,JR Murphy,SE Marsh,IAA Thomas,0,0,,,,,,,,,,,,,
1127686,2018,2018-05-04,"Sophia Gardens, Cardiff",3,30.2,30.2,Glamorgan,Kent,JR Murphy,SE Marsh,IAA Thomas,0,0,,,,,,,,,,,,,
1127686,2018,2018-05-04,"Sophia Gardens, Cardiff",3,30.3,30.3,Glamorgan,Kent,JR Murphy,SE Marsh,IAA Thomas,1,0,,,,,,,,,,,,,
1127686,2018,2018-05-04,"Sophia Gardens, Cardiff",3,30.4,30.4,Glamorgan,Kent,SE Marsh,JR Murphy,IAA Thomas,0,0,,,,,,,,,,,,,
1127686,2018,2018-05-04,"Sophia Gardens, Cardiff",3,30.5,30.5,Glamorgan,Kent,SE Marsh,JR Murphy,IAA Thomas,0,0,,,,,,,,,,,,,
1127686,2018,2018-05-04,"Sophia Gardens, Cardiff",3,30.6,30.6,Glamorgan,Kent,SE Marsh,JR Murphy,IAA Thomas,2,0,,,,,,,,,,,,,
1127686,2018,2018-05-04,"Sophia Gardens, Cardiff",3,31.1,31.1,Glamorgan,Kent,JR Murphy,SE Marsh,DI Stevens,0,0,,,,,,,,,,,,,
1127686,2018,2018-05-04,"Sophia Gardens, Cardiff",3,31.2,31.2,Glamorgan,Kent,JR Murphy,SE Marsh,DI Stevens,0,0,,,,,,,,,,,,,
1127686,2018,2018-05-04,"Sophia Gardens, Cardiff",3,31.3,31.3,Glamorgan,Kent,JR Murphy,SE Marsh,DI Stevens,0,0,,,,,,,,,,,,,
1127686,2018,2018-05-04,"Sophia Gardens, Cardiff",3,31.4,31.4,Glamorgan,Kent,JR Murphy,SE Marsh,DI Stevens,0,0,,,,,,,,,,,,,
1127686,2018,2018-05-04,"Sophia Gardens, Cardiff",3,31.5,31.5,Glamorgan,Kent,JR Murphy,SE Marsh,DI Stevens,0,0,,,,,,,,,,,,,
1127686,2018,2018-05-04,"Sophia Gardens, Cardiff",3,31.6,31.6,Glamorgan,Kent,JR Murphy,SE Marsh,DI Stevens,0,0,,,,,,,,,,,,,
1127686,2018,2018-05-04,"Sophia Gardens, Cardiff",3,32.1,32.1,Glamorgan,Kent,SE Marsh,JR Murphy,IAA Thomas,0,0,,,,,,,,,,,,,
1127686,2018,2018-05-04,"Sophia Gardens, Cardiff",3,32.2,32.2,Glamorgan,Kent,SE Marsh,JR Murphy,IAA Thomas,0,0,,,,,,,,,,,,,
1127686,2018,2018-05-04,"Sophia Gardens, Cardiff",3,32.3,32.3,Glamorgan,Kent,SE Marsh,JR Murphy,IAA Thomas,0,0,,,,,,,,,,,,,
1127686,2018,2018-05-04,"Sophia Gardens, Cardiff",3,32.4,32.4,Glamorgan,Kent,SE Marsh,JR Murphy,IAA Thomas,0,0,,,,,,,,,,,,,
1127686,2018,2018-05-04,"Sophia Gardens, Cardiff",3,32.5,32.5,Glamorgan,Kent,SE Marsh,JR Murphy,IAA Thomas,1,0,,,,,,,,,,,,,
1127686,2018,2018-05-04,"Sophia Gardens, Cardiff",3,32.6,32.6,Glamorgan,Kent,JR Murphy,SE Marsh,IAA Thomas,4,0,,,,,,,,,,,,,
1127686,2018,2018-05-04,"Sophia Gardens, Cardiff",3,33.1,33.1,Glamorgan,Kent,SE Marsh,JR Murphy,DI Stevens,0,2,,,2,,,,,,,,,,
1127686,2018,2018-05-04,"Sophia Gardens, Cardiff",3,33.2,33.2,Glamorgan,Kent,SE Marsh,JR Murphy,DI Stevens,0,0,,,,,,,,,,,,,
1127686,2018,2018-05-04,"Sophia Gardens, Cardiff",3,33.3,33.3,Glamorgan,Kent,SE Marsh,JR Murphy,DI Stevens,0,0,,,,,,,,,,,,,
1127686,2018,2018-05-04,"Sophia Gardens, Cardiff",3,33.4,33.4,Glamorgan,Kent,SE Marsh,JR Murphy,DI Stevens,0,0,,,,,,,,,,,,,
1127686,2018,2018-05-04,"Sophia Gardens, Cardiff",3,33.5,33.5,Glamorgan,Kent,SE Marsh,JR Murphy,DI Stevens,0,0,,,,,,,,,,,,,
1127686,2018,2018-05-04,"Sophia Gardens, Cardiff",3,33.6,33.6,Glamorgan,Kent,SE Marsh,JR Murphy,DI Stevens,0,0,,,,,,,,,,,,,
1127686,2018,2018-05-04,"Sophia Gardens, Cardiff",3,34.1,34.1,Glamorgan,Kent,JR Murphy,SE Marsh,IAA Thomas,0,0,,,,,,,,,,,,,
1127686,2018,2018-05-04,"Sophia Gardens, Cardiff",3,34.2,34.2,Glamorgan,Kent,JR Murphy,SE Marsh,IAA Thomas,0,0,,,,,,,,,,,,,
1127686,2018,2018-05-04,"Sophia Gardens, Cardiff",3,34.3,34.3,Glamorgan,Kent,JR Murphy,SE Marsh,IAA Thomas,0,0,,,,,,,,,,,,,
1127686,2018,2018-05-04,"Sophia Gardens, Cardiff",3,34.4,34.4,Glamorgan,Kent,JR Murphy,SE Marsh,IAA Thomas,0,0,,,,,,,,,,,,,
1127686,2018,2018-05-04,"Sophia Gardens, Cardiff",3,34.5,34.5,Glamorgan,Kent,JR Murphy,SE Marsh,IAA Thomas,0,0,,,,,,,,,,,,,
1127686,2018,2018-05-04,"Sophia Gardens, Cardiff",3,34.6,34.6,Glamorgan,Kent,JR Murphy,SE Marsh,IAA Thomas,0,0,,,,,,,,,,,,,
1127686,2018,2018-05-04,"Sophia Gardens, Cardiff",3,35.1,35.1,Glamorgan,Kent,SE Marsh,JR Murphy,DI Stevens,0,0,,,,,,,,,,,,,
1127686,2018,2018-05-04,"Sophia Gardens, Cardiff",3,35.2,35.2,Glamorgan,Kent,SE Marsh,JR Murphy,DI Stevens,4,0,,,,,,,,,,,,,
1127686,2018,2018-05-04,"Sophia Gardens, Cardiff",3,35.3,35.3,Glamorgan,Kent,SE Marsh,JR Murphy,DI Stevens,0,0,,,,,,,,,,,,,
1127686,2018,2018-05-04,"Sophia Gardens, Cardiff",3,35.4,35.4,Glamorgan,Kent,SE Marsh,JR Murphy,DI Stevens,0,0,,,,,,,,,,,,,
1127686,2018,2018-05-04,"Sophia Gardens, Cardiff",3,35.5,35.5,Glamorgan,Kent,SE Marsh,JR Murphy,DI Stevens,0,2,,,2,,,,,,,,,,
1127686,2018,2018-05-04,"Sophia Gardens, Cardiff",3,35.6,35.6,Glamorgan,Kent,SE Marsh,JR Murphy,DI Stevens,0,0,,,,,,,,,,,,,
1127686,2018,2018-05-04,"Sophia Gardens, Cardiff",3,36.1,36.1,Glamorgan,Kent,JR Murphy,SE Marsh,IAA Thomas,0,0,,,,,,,,,,,,,
1127686,2018,2018-05-04,"Sophia Gardens, Cardiff",3,36.2,36.2,Glamorgan,Kent,JR Murphy,SE Marsh,IAA Thomas,0,0,,,,,,,,,,,,,
1127686,2018,2018-05-04,"Sophia Gardens, Cardiff",3,36.3,36.3,Glamorgan,Kent,JR Murphy,SE Marsh,IAA Thomas,1,0,,,,,,,,,,,,,
1127686,2018,2018-05-04,"Sophia Gardens, Cardiff",3,36.4,36.4,Glamorgan,Kent,SE Marsh,JR Murphy,IAA Thomas,0,0,,,,,,,,,,,,,
1127686,2018,2018-05-04,"Sophia Gardens, Cardiff",3,36.5,36.5,Glamorgan,Kent,SE Marsh,JR Murphy,IAA Thomas,1,0,,,,,,,,,,,,,
1127686,2018,2018-05-04,"Sophia Gardens, Cardiff",3,36.6,36.6,Glamorgan,Kent,JR Murphy,SE Marsh,IAA Thomas,0,0,,,,,,,run out,SE Marsh,,,WRS Gidman,,
1127686,2018,2018-05-04,"Sophia Gardens, Cardiff",3,37.1,37.1,Glamorgan,Kent,JR Murphy,KS Carlson,DI Stevens,0,0,,,,,,,,,,,,,
1127686,2018,2018-05-04,"Sophia Gardens, Cardiff",3,37.2,37.2,Glamorgan,Kent,JR Murphy,KS Carlson,DI Stevens,0,0,,,,,,,,,,,,,
1127686,2018,2018-05-04,"Sophia Gardens, Cardiff",3,37.3,37.3,Glamorgan,Kent,JR Murphy,KS Carlson,DI Stevens,0,0,,,,,,,,,,,,,
1127686,2018,2018-05-04,"Sophia Gardens, Cardiff",3,37.4,37.4,Glamorgan,Kent,JR Murphy,KS Carlson,DI Stevens,0,0,,,,,,,,,,,,,
1127686,2018,2018-05-04,"Sophia Gardens, Cardiff",3,37.5,37.5,Glamorgan,Kent,JR Murphy,KS Carlson,DI Stevens,0,0,,,,,,,,,,,,,
1127686,2018,2018-05-04,"Sophia Gardens, Cardiff",3,37.6,37.6,Glamorgan,Kent,JR Murphy,KS Carlson,DI Stevens,0,0,,,,,,,,,,,,,
1127686,2018,2018-05-04,"Sophia Gardens, Cardiff",3,38.1,38.1,Glamorgan,Kent,KS Carlson,JR Murphy,IAA Thomas,0,0,,,,,,,,,,,,,
1127686,2018,2018-05-04,"Sophia Gardens, Cardiff",3,38.2,38.2,Glamorgan,Kent,KS Carlson,JR Murphy,IAA Thomas,1,0,,,,,,,,,,,,,
1127686,2018,2018-05-04,"Sophia Gardens, Cardiff",3,38.3,38.3,Glamorgan,Kent,JR Murphy,KS Carlson,IAA Thomas,4,0,,,,,,,,,,,,,
1127686,2018,2018-05-04,"Sophia Gardens, Cardiff",3,38.4,38.4,Glamorgan,Kent,JR Murphy,KS Carlson,IAA Thomas,0,0,,,,,,,,,,,,,
1127686,2018,2018-05-04,"Sophia Gardens, Cardiff",3,38.5,38.5,Glamorgan,Kent,JR Murphy,KS Carlson,IAA Thomas,0,0,,,,,,,,,,,,,
1127686,2018,2018-05-04,"Sophia Gardens, Cardiff",3,38.6,38.6,Glamorgan,Kent,JR Murphy,KS Carlson,IAA Thomas,0,0,,,,,,,,,,,,,
1127686,2018,2018-05-04,"Sophia Gardens, Cardiff",3,39.1,39.1,Glamorgan,Kent,KS Carlson,JR Murphy,HW Podmore,0,0,,,,,,,,,,,,,
1127686,2018,2018-05-04,"Sophia Gardens, Cardiff",3,39.2,39.2,Glamorgan,Kent,KS Carlson,JR Murphy,HW Podmore,0,0,,,,,,,,,,,,,
1127686,2018,2018-05-04,"Sophia Gardens, Cardiff",3,39.3,39.3,Glamorgan,Kent,KS Carlson,JR Murphy,HW Podmore,0,0,,,,,,,,,,,,,
1127686,2018,2018-05-04,"Sophia Gardens, Cardiff",3,39.4,39.4,Glamorgan,Kent,KS Carlson,JR Murphy,HW Podmore,0,0,,,,,,,,,,,,,
1127686,2018,2018-05-04,"Sophia Gardens, Cardiff",3,39.5,39.5,Glamorgan,Kent,KS Carlson,JR Murphy,HW Podmore,0,0,,,,,,,,,,,,,
1127686,2018,2018-05-04,"Sophia Gardens, Cardiff",3,39.6,39.6,Glamorgan,Kent,KS Carlson,JR Murphy,HW Podmore,0,0,,,,,,,,,,,,,
1127686,2018,2018-05-04,"Sophia Gardens, Cardiff",3,40.1,40.1,Glamorgan,Kent,JR Murphy,KS Carlson,MJ Henry,0,0,,,,,,,,,,,,,
1127686,2018,2018-05-04,"Sophia Gardens, Cardiff",3,40.2,40.2,Glamorgan,Kent,JR Murphy,KS Carlson,MJ Henry,0,0,,,,,,,,,,,,,
1127686,2018,2018-05-04,"Sophia Gardens, Cardiff",3,40.3,40.3,Glamorgan,Kent,JR Murphy,KS Carlson,MJ Henry,0,0,,,,,,,,,,,,,
1127686,2018,2018-05-04,"Sophia Gardens, Cardiff",3,40.4,40.4,Glamorgan,Kent,JR Murphy,KS Carlson,MJ Henry,0,4,,,4,,,,,,,,,,
1127686,2018,2018-05-04,"Sophia Gardens, Cardiff",3,40.5,40.5,Glamorgan,Kent,JR Murphy,KS Carlson,MJ Henry,0,0,,,,,,,,,,,,,
1127686,2018,2018-05-04,"Sophia Gardens, Cardiff",3,40.6,40.6,Glamorgan,Kent,JR Murphy,KS Carlson,MJ Henry,1,0,,,,,,,,,,,,,
1127686,2018,2018-05-04,"Sophia Gardens, Cardiff",3,41.1,41.1,Glamorgan,Kent,JR Murphy,KS Carlson,HW Podmore,2,0,,,,,,,,,,,,,
1127686,2018,2018-05-04,"Sophia Gardens, Cardiff",3,41.2,41.2,Glamorgan,Kent,JR Murphy,KS Carlson,HW Podmore,0,0,,,,,,,,,,,,,
1127686,2018,2018-05-04,"Sophia Gardens, Cardiff",3,41.3,41.3,Glamorgan,Kent,JR Murphy,KS Carlson,HW Podmore,0,0,,,,,,,,,,,,,
1127686,2018,2018-05-04,"Sophia Gardens, Cardiff",3,41.4,41.4,Glamorgan,Kent,JR Murphy,KS Carlson,HW Podmore,0,0,,,,,,,,,,,,,
1127686,2018,2018-05-04,"Sophia Gardens, Cardiff",3,41.5,41.5,Glamorgan,Kent,JR Murphy,KS Carlson,HW Podmore,1,0,,,,,,,,,,,,,
1127686,2018,2018-05-04,"Sophia Gardens, Cardiff",3,41.6,41.6,Glamorgan,Kent,KS Carlson,JR Murphy,HW Podmore,2,0,,,,,,,,,,,,,
1127686,2018,2018-05-04,"Sophia Gardens, Cardiff",3,42.1,42.1,Glamorgan,Kent,JR Murphy,KS Carlson,MJ Henry,0,0,,,,,,,,,,,,,
1127686,2018,2018-05-04,"Sophia Gardens, Cardiff",3,42.2,42.2,Glamorgan,Kent,JR Murphy,KS Carlson,MJ Henry,0,0,,,,,,,,,,,,,
1127686,2018,2018-05-04,"Sophia Gardens, Cardiff",3,42.3,42.3,Glamorgan,Kent,JR Murphy,KS Carlson,MJ Henry,0,0,,,,,,,,,,,,,
1127686,2018,2018-05-04,"Sophia Gardens, Cardiff",3,42.4,42.4,Glamorgan,Kent,JR Murphy,KS Carlson,MJ Henry,1,0,,,,,,,,,,,,,
1127686,2018,2018-05-04,"Sophia Gardens, Cardiff",3,42.5,42.5,Glamorgan,Kent,KS Carlson,JR Murphy,MJ Henry,0,0,,,,,,,,,,,,,
1127686,2018,2018-05-04,"Sophia Gardens, Cardiff",3,42.6,42.6,Glamorgan,Kent,KS Carlson,JR Murphy,MJ Henry,0,0,,,,,,,,,,,,,
1127686,2018,2018-05-04,"Sophia Gardens, Cardiff",3,43.1,43.1,Glamorgan,Kent,JR Murphy,KS Carlson,HW Podmore,1,0,,,,,,,,,,,,,
1127686,2018,2018-05-04,"Sophia Gardens, Cardiff",3,43.2,43.2,Glamorgan,Kent,KS Carlson,JR Murphy,HW Podmore,1,0,,,,,,,,,,,,,
1127686,2018,2018-05-04,"Sophia Gardens, Cardiff",3,43.3,43.3,Glamorgan,Kent,JR Murphy,KS Carlson,HW Podmore,0,0,,,,,,,,,,,,,
1127686,2018,2018-05-04,"Sophia Gardens, Cardiff",3,43.4,43.4,Glamorgan,Kent,JR Murphy,KS Carlson,HW Podmore,0,0,,,,,,,,,,,,,
1127686,2018,2018-05-04,"Sophia Gardens, Cardiff",3,43.5,43.5,Glamorgan,Kent,JR Murphy,KS Carlson,HW Podmore,0,0,,,,,,,,,,,,,
1127686,2018,2018-05-04,"Sophia Gardens, Cardiff",3,43.6,43.6,Glamorgan,Kent,JR Murphy,KS Carlson,HW Podmore,0,0,,,,,,,,,,,,,
1127686,2018,2018-05-04,"Sophia Gardens, Cardiff",3,44.1,44.1,Glamorgan,Kent,KS Carlson,JR Murphy,MJ Henry,0,0,,,,,,,,,,,,,
1127686,2018,2018-05-04,"Sophia Gardens, Cardiff",3,44.2,44.2,Glamorgan,Kent,KS Carlson,JR Murphy,MJ Henry,0,0,,,,,,,,,,,,,
1127686,2018,2018-05-04,"Sophia Gardens, Cardiff",3,44.3,44.3,Glamorgan,Kent,KS Carlson,JR Murphy,MJ Henry,2,0,,,,,,,,,,,,,
1127686,2018,2018-05-04,"Sophia Gardens, Cardiff",3,44.4,44.4,Glamorgan,Kent,KS Carlson,JR Murphy,MJ Henry,0,0,,,,,,,,,,,,,
1127686,2018,2018-05-04,"Sophia Gardens, Cardiff",3,44.5,44.5,Glamorgan,Kent,KS Carlson,JR Murphy,MJ Henry,0,0,,,,,,,,,,,,,
1127686,2018,2018-05-04,"Sophia Gardens, Cardiff",3,44.6,44.6,Glamorgan,Kent,KS Carlson,JR Murphy,MJ Henry,0,0,,,,,,,,,,,,,
1127686,2018,2018-05-04,"Sophia Gardens, Cardiff",3,45.1,45.1,Glamorgan,Kent,JR Murphy,KS Carlson,HW Podmore,0,0,,,,,,,,,,,,,
1127686,2018,2018-05-04,"Sophia Gardens, Cardiff",3,45.2,45.2,Glamorgan,Kent,JR Murphy,KS Carlson,HW Podmore,0,0,,,,,,,,,,,,,
1127686,2018,2018-05-04,"Sophia Gardens, Cardiff",3,45.3,45.3,Glamorgan,Kent,JR Murphy,KS Carlson,HW Podmore,1,0,,,,,,,,,,,,,
1127686,2018,2018-05-04,"Sophia Gardens, Cardiff",3,45.4,45.4,Glamorgan,Kent,KS Carlson,JR Murphy,HW Podmore,0,0,,,,,,,,,,,,,
1127686,2018,2018-05-04,"Sophia Gardens, Cardiff",3,45.5,45.5,Glamorgan,Kent,KS Carlson,JR Murphy,HW Podmore,0,0,,,,,,,,,,,,,
1127686,2018,2018-05-04,"Sophia Gardens, Cardiff",3,45.6,45.6,Glamorgan,Kent,KS Carlson,JR Murphy,HW Podmore,0,0,,,,,,,,,,,,,
1127686,2018,2018-05-04,"Sophia Gardens, Cardiff",3,46.1,46.1,Glamorgan,Kent,JR Murphy,KS Carlson,MJ Henry,0,0,,,,,,,,,,,,,
1127686,2018,2018-05-04,"Sophia Gardens, Cardiff",3,46.2,46.2,Glamorgan,Kent,JR Murphy,KS Carlson,MJ Henry,0,0,,,,,,,,,,,,,
1127686,2018,2018-05-04,"Sophia Gardens, Cardiff",3,46.3,46.3,Glamorgan,Kent,JR Murphy,KS Carlson,MJ Henry,0,0,,,,,,,,,,,,,
1127686,2018,2018-05-04,"Sophia Gardens, Cardiff",3,46.4,46.4,Glamorgan,Kent,JR Murphy,KS Carlson,MJ Henry,0,0,,,,,,,caught,JR Murphy,,,HG Kuhn,,
1127686,2018,2018-05-04,"Sophia Gardens, Cardiff",3,46.5,46.5,Glamorgan,Kent,AHT Donald,KS Carlson,MJ Henry,0,0,,,,,,,,,,,,,
1127686,2018,2018-05-04,"Sophia Gardens, Cardiff",3,46.6,46.6,Glamorgan,Kent,AHT Donald,KS Carlson,MJ Henry,1,0,,,,,,,,,,,,,
1127686,2018,2018-05-04,"Sophia Gardens, Cardiff",3,47.1,47.1,Glamorgan,Kent,AHT Donald,KS Carlson,HW Podmore,0,0,,,,,,,,,,,,,
1127686,2018,2018-05-04,"Sophia Gardens, Cardiff",3,47.2,47.2,Glamorgan,Kent,AHT Donald,KS Carlson,HW Podmore,0,0,,,,,,,,,,,,,
1127686,2018,2018-05-04,"Sophia Gardens, Cardiff",3,47.3,47.3,Glamorgan,Kent,AHT Donald,KS Carlson,HW Podmore,0,0,,,,,,,,,,,,,
1127686,2018,2018-05-04,"Sophia Gardens, Cardiff",3,47.4,47.4,Glamorgan,Kent,AHT Donald,KS Carlson,HW Podmore,0,0,,,,,,,,,,,,,
1127686,2018,2018-05-04,"Sophia Gardens, Cardiff",3,47.5,47.5,Glamorgan,Kent,AHT Donald,KS Carlson,HW Podmore,0,0,,,,,,,lbw,AHT Donald,,,,,
1127686,2018,2018-05-04,"Sophia Gardens, Cardiff",3,47.6,47.6,Glamorgan,Kent,CB Cooke,KS Carlson,HW Podmore,0,0,,,,,,,,,,,,,
1127686,2018,2018-05-04,"Sophia Gardens, Cardiff",3,48.1,48.1,Glamorgan,Kent,KS Carlson,CB Cooke,MJ Henry,0,0,,,,,,,,,,,,,
1127686,2018,2018-05-04,"Sophia Gardens, Cardiff",3,48.2,48.2,Glamorgan,Kent,KS Carlson,CB Cooke,MJ Henry,0,0,,,,,,,,,,,,,
1127686,2018,2018-05-04,"Sophia Gardens, Cardiff",3,48.3,48.3,Glamorgan,Kent,KS Carlson,CB Cooke,MJ Henry,0,0,,,,,,,,,,,,,
1127686,2018,2018-05-04,"Sophia Gardens, Cardiff",3,48.4,48.4,Glamorgan,Kent,KS Carlson,CB Cooke,MJ Henry,0,4,,,,4,,,,,,,,,
1127686,2018,2018-05-04,"Sophia Gardens, Cardiff",3,48.5,48.5,Glamorgan,Kent,KS Carlson,CB Cooke,MJ Henry,0,0,,,,,,,,,,,,,
1127686,2018,2018-05-04,"Sophia Gardens, Cardiff",3,48.6,48.6,Glamorgan,Kent,KS Carlson,CB Cooke,MJ Henry,1,0,,,,,,,,,,,,,
1127686,2018,2018-05-04,"Sophia Gardens, Cardiff",3,49.1,49.1,Glamorgan,Kent,KS Carlson,CB Cooke,HW Podmore,0,0,,,,,,,,,,,,,
1127686,2018,2018-05-04,"Sophia Gardens, Cardiff",3,49.2,49.2,Glamorgan,Kent,KS Carlson,CB Cooke,HW Podmore,0,0,,,,,,,,,,,,,
1127686,2018,2018-05-04,"Sophia Gardens, Cardiff",3,49.3,49.3,Glamorgan,Kent,KS Carlson,CB Cooke,HW Podmore,0,0,,,,,,,,,,,,,
1127686,2018,2018-05-04,"Sophia Gardens, Cardiff",3,49.4,49.4,Glamorgan,Kent,KS Carlson,CB Cooke,HW Podmore,0,0,,,,,,,,,,,,,
1127686,2018,2018-05-04,"Sophia Gardens, Cardiff",3,49.5,49.5,Glamorgan,Kent,KS Carlson,CB Cooke,HW Podmore,0,0,,,,,,,,,,,,,
1127686,2018,2018-05-04,"Sophia Gardens, Cardiff",3,49.6,49.6,Glamorgan,Kent,KS Carlson,CB Cooke,HW Podmore,0,0,,,,,,,,,,,,,
1127686,2018,2018-05-04,"Sophia Gardens, Cardiff",3,50.1,50.1,Glamorgan,Kent,CB Cooke,KS Carlson,MJ Henry,0,0,,,,,,,,,,,,,
1127686,2018,2018-05-04,"Sophia Gardens, Cardiff",3,50.2,50.2,Glamorgan,Kent,CB Cooke,KS Carlson,MJ Henry,0,0,,,,,,,,,,,,,
1127686,2018,2018-05-04,"Sophia Gardens, Cardiff",3,50.3,50.3,Glamorgan,Kent,CB Cooke,KS Carlson,MJ Henry,1,0,,,,,,,,,,,,,
1127686,2018,2018-05-04,"Sophia Gardens, Cardiff",3,50.4,50.4,Glamorgan,Kent,KS Carlson,CB Cooke,MJ Henry,0,0,,,,,,,,,,,,,
1127686,2018,2018-05-04,"Sophia Gardens, Cardiff",3,50.5,50.5,Glamorgan,Kent,KS Carlson,CB Cooke,MJ Henry,0,0,,,,,,,,,,,,,
1127686,2018,2018-05-04,"Sophia Gardens, Cardiff",3,50.6,50.6,Glamorgan,Kent,KS Carlson,CB Cooke,MJ Henry,0,0,,,,,,,,,,,,,
1127686,2018,2018-05-04,"Sophia Gardens, Cardiff",3,51.1,51.1,Glamorgan,Kent,CB Cooke,KS Carlson,HW Podmore,4,0,,,,,,,,,,,,,
1127686,2018,2018-05-04,"Sophia Gardens, Cardiff",3,51.2,51.2,Glamorgan,Kent,CB Cooke,KS Carlson,HW Podmore,0,0,,,,,,,,,,,,,
1127686,2018,2018-05-04,"Sophia Gardens, Cardiff",3,51.3,51.3,Glamorgan,Kent,CB Cooke,KS Carlson,HW Podmore,1,0,,,,,,,,,,,,,
1127686,2018,2018-05-04,"Sophia Gardens, Cardiff",3,51.4,51.4,Glamorgan,Kent,KS Carlson,CB Cooke,HW Podmore,0,0,,,,,,,,,,,,,
1127686,2018,2018-05-04,"Sophia Gardens, Cardiff",3,51.5,51.5,Glamorgan,Kent,KS Carlson,CB Cooke,HW Podmore,0,0,,,,,,,,,,,,,
1127686,2018,2018-05-04,"Sophia Gardens, Cardiff",3,51.6,51.6,Glamorgan,Kent,KS Carlson,CB Cooke,HW Podmore,0,0,,,,,,,,,,,,,
1127686,2018,2018-05-04,"Sophia Gardens, Cardiff",3,52.1,52.1,Glamorgan,Kent,CB Cooke,KS Carlson,JL Denly,1,0,,,,,,,,,,,,,
1127686,2018,2018-05-04,"Sophia Gardens, Cardiff",3,52.2,52.2,Glamorgan,Kent,KS Carlson,CB Cooke,JL Denly,1,0,,,,,,,,,,,,,
1127686,2018,2018-05-04,"Sophia Gardens, Cardiff",3,52.3,52.3,Glamorgan,Kent,CB Cooke,KS Carlson,JL Denly,0,0,,,,,,,,,,,,,
1127686,2018,2018-05-04,"Sophia Gardens, Cardiff",3,52.4,52.4,Glamorgan,Kent,CB Cooke,KS Carlson,JL Denly,0,0,,,,,,,,,,,,,
1127686,2018,2018-05-04,"Sophia Gardens, Cardiff",3,52.5,52.5,Glamorgan,Kent,CB Cooke,KS Carlson,JL Denly,0,0,,,,,,,,,,,,,
1127686,2018,2018-05-04,"Sophia Gardens, Cardiff",3,52.6,52.6,Glamorgan,Kent,CB Cooke,KS Carlson,JL Denly,0,0,,,,,,,,,,,,,
1127686,2018,2018-05-04,"Sophia Gardens, Cardiff",3,53.1,53.1,Glamorgan,Kent,KS Carlson,CB Cooke,HW Podmore,0,0,,,,,,,,,,,,,
1127686,2018,2018-05-04,"Sophia Gardens, Cardiff",3,53.2,53.2,Glamorgan,Kent,KS Carlson,CB Cooke,HW Podmore,0,0,,,,,,,,,,,,,
1127686,2018,2018-05-04,"Sophia Gardens, Cardiff",3,53.3,53.3,Glamorgan,Kent,KS Carlson,CB Cooke,HW Podmore,1,0,,,,,,,,,,,,,
1127686,2018,2018-05-04,"Sophia Gardens, Cardiff",3,53.4,53.4,Glamorgan,Kent,CB Cooke,KS Carlson,HW Podmore,0,0,,,,,,,,,,,,,
1127686,2018,2018-05-04,"Sophia Gardens, Cardiff",3,53.5,53.5,Glamorgan,Kent,CB Cooke,KS Carlson,HW Podmore,0,1,,,,1,,,,,,,,,
1127686,2018,2018-05-04,"Sophia Gardens, Cardiff",3,53.6,53.6,Glamorgan,Kent,KS Carlson,CB Cooke,HW Podmore,4,0,,,,,,,,,,,,,
1127686,2018,2018-05-04,"Sophia Gardens, Cardiff",3,54.1,54.1,Glamorgan,Kent,CB Cooke,KS Carlson,MJ Henry,1,0,,,,,,,,,,,,,
1127686,2018,2018-05-04,"Sophia Gardens, Cardiff",3,54.2,54.2,Glamorgan,Kent,KS Carlson,CB Cooke,MJ Henry,0,0,,,,,,,,,,,,,
1127686,2018,2018-05-04,"Sophia Gardens, Cardiff",3,54.3,54.3,Glamorgan,Kent,KS Carlson,CB Cooke,MJ Henry,0,0,,,,,,,,,,,,,
1127686,2018,2018-05-04,"Sophia Gardens, Cardiff",3,54.4,54.4,Glamorgan,Kent,KS Carlson,CB Cooke,MJ Henry,0,0,,,,,,,,,,,,,
1127686,2018,2018-05-04,"Sophia Gardens, Cardiff",3,54.5,54.5,Glamorgan,Kent,KS Carlson,CB Cooke,MJ Henry,0,0,,,,,,,,,,,,,
1127686,2018,2018-05-04,"Sophia Gardens, Cardiff",3,54.6,54.6,Glamorgan,Kent,KS Carlson,CB Cooke,MJ Henry,0,0,,,,,,,,,,,,,
1127686,2018,2018-05-04,"Sophia Gardens, Cardiff",3,55.1,55.1,Glamorgan,Kent,CB Cooke,KS Carlson,DI Stevens,0,0,,,,,,,,,,,,,
1127686,2018,2018-05-04,"Sophia Gardens, Cardiff",3,55.2,55.2,Glamorgan,Kent,CB Cooke,KS Carlson,DI Stevens,0,0,,,,,,,,,,,,,
1127686,2018,2018-05-04,"Sophia Gardens, Cardiff",3,55.3,55.3,Glamorgan,Kent,CB Cooke,KS Carlson,DI Stevens,0,0,,,,,,,,,,,,,
1127686,2018,2018-05-04,"Sophia Gardens, Cardiff",3,55.4,55.4,Glamorgan,Kent,CB Cooke,KS Carlson,DI Stevens,0,0,,,,,,,,,,,,,
1127686,2018,2018-05-04,"Sophia Gardens, Cardiff",3,55.5,55.5,Glamorgan,Kent,CB Cooke,KS Carlson,DI Stevens,0,0,,,,,,,,,,,,,
1127686,2018,2018-05-04,"Sophia Gardens, Cardiff",3,55.6,55.6,Glamorgan,Kent,CB Cooke,KS Carlson,DI Stevens,0,0,,,,,,,,,,,,,
1127686,2018,2018-05-04,"Sophia Gardens, Cardiff",3,56.1,56.1,Glamorgan,Kent,KS Carlson,CB Cooke,MJ Henry,0,0,,,,,,,,,,,,,
1127686,2018,2018-05-04,"Sophia Gardens, Cardiff",3,56.2,56.2,Glamorgan,Kent,KS Carlson,CB Cooke,MJ Henry,0,0,,,,,,,,,,,,,
1127686,2018,2018-05-04,"Sophia Gardens, Cardiff",3,56.3,56.3,Glamorgan,Kent,KS Carlson,CB Cooke,MJ Henry,0,0,,,,,,,,,,,,,
1127686,2018,2018-05-04,"Sophia Gardens, Cardiff",3,56.4,56.4,Glamorgan,Kent,KS Carlson,CB Cooke,MJ Henry,0,0,,,,,,,,,,,,,
1127686,2018,2018-05-04,"Sophia Gardens, Cardiff",3,56.5,56.5,Glamorgan,Kent,KS Carlson,CB Cooke,MJ Henry,0,0,,,,,,,,,,,,,
1127686,2018,2018-05-04,"Sophia Gardens, Cardiff",3,56.6,56.6,Glamorgan,Kent,KS Carlson,CB Cooke,MJ Henry,0,0,,,,,,,,,,,,,
1127686,2018,2018-05-04,"Sophia Gardens, Cardiff",3,57.1,57.1,Glamorgan,Kent,CB Cooke,KS Carlson,DI Stevens,0,0,,,,,,,,,,,,,
1127686,2018,2018-05-04,"Sophia Gardens, Cardiff",3,57.2,57.2,Glamorgan,Kent,CB Cooke,KS Carlson,DI Stevens,0,0,,,,,,,,,,,,,
1127686,2018,2018-05-04,"Sophia Gardens, Cardiff",3,57.3,57.3,Glamorgan,Kent,CB Cooke,KS Carlson,DI Stevens,0,0,,,,,,,,,,,,,
1127686,2018,2018-05-04,"Sophia Gardens, Cardiff",3,57.4,57.4,Glamorgan,Kent,CB Cooke,KS Carlson,DI Stevens,1,0,,,,,,,,,,,,,
1127686,2018,2018-05-04,"Sophia Gardens, Cardiff",3,57.5,57.5,Glamorgan,Kent,KS Carlson,CB Cooke,DI Stevens,0,0,,,,,,,,,,,,,
1127686,2018,2018-05-04,"Sophia Gardens, Cardiff",3,57.6,57.6,Glamorgan,Kent,KS Carlson,CB Cooke,DI Stevens,0,0,,,,,,,,,,,,,
1127686,2018,2018-05-04,"Sophia Gardens, Cardiff",3,58.1,58.1,Glamorgan,Kent,CB Cooke,KS Carlson,IAA Thomas,4,0,,,,,,,,,,,,,
1127686,2018,2018-05-04,"Sophia Gardens, Cardiff",3,58.2,58.2,Glamorgan,Kent,CB Cooke,KS Carlson,IAA Thomas,0,0,,,,,,,,,,,,,
1127686,2018,2018-05-04,"Sophia Gardens, Cardiff",3,58.3,58.3,Glamorgan,Kent,CB Cooke,KS Carlson,IAA Thomas,1,0,,,,,,,,,,,,,
1127686,2018,2018-05-04,"Sophia Gardens, Cardiff",3,58.4,58.4,Glamorgan,Kent,KS Carlson,CB Cooke,IAA Thomas,4,0,,,,,,,,,,,,,
1127686,2018,2018-05-04,"Sophia Gardens, Cardiff",3,58.5,58.5,Glamorgan,Kent,KS Carlson,CB Cooke,IAA Thomas,0,0,,,,,,,,,,,,,
1127686,2018,2018-05-04,"Sophia Gardens, Cardiff",3,58.6,58.6,Glamorgan,Kent,KS Carlson,CB Cooke,IAA Thomas,0,0,,,,,,,,,,,,,
1127686,2018,2018-05-04,"Sophia Gardens, Cardiff",3,59.1,59.1,Glamorgan,Kent,CB Cooke,KS Carlson,DI Stevens,2,0,,,,,,,,,,,,,
1127686,2018,2018-05-04,"Sophia Gardens, Cardiff",3,59.2,59.2,Glamorgan,Kent,CB Cooke,KS Carlson,DI Stevens,0,0,,,,,,,,,,,,,
1127686,2018,2018-05-04,"Sophia Gardens, Cardiff",3,59.3,59.3,Glamorgan,Kent,CB Cooke,KS Carlson,DI Stevens,0,0,,,,,,,,,,,,,
1127686,2018,2018-05-04,"Sophia Gardens, Cardiff",3,59.4,59.4,Glamorgan,Kent,CB Cooke,KS Carlson,DI Stevens,0,0,,,,,,,,,,,,,
1127686,2018,2018-05-04,"Sophia Gardens, Cardiff",3,59.5,59.5,Glamorgan,Kent,CB Cooke,KS Carlson,DI Stevens,0,0,,,,,,,,,,,,,
1127686,2018,2018-05-04,"Sophia Gardens, Cardiff",3,59.6,59.6,Glamorgan,Kent,CB Cooke,KS Carlson,DI Stevens,0,0,,,,,,,caught,CB Cooke,,,AP Rouse,,
1127686,2018,2018-05-04,"Sophia Gardens, Cardiff",3,60.1,60.1,Glamorgan,Kent,KS Carlson,DL Lloyd,IAA Thomas,0,0,,,,,,,,,,,,,
1127686,2018,2018-05-04,"Sophia Gardens, Cardiff",3,60.2,60.2,Glamorgan,Kent,KS Carlson,DL Lloyd,IAA Thomas,0,1,1,,,,,,,,,,,,
1127686,2018,2018-05-04,"Sophia Gardens, Cardiff",3,60.3,60.2,Glamorgan,Kent,KS Carlson,DL Lloyd,IAA Thomas,0,0,,,,,,,,,,,,,
1127686,2018,2018-05-04,"Sophia Gardens, Cardiff",3,60.4,60.3,Glamorgan,Kent,KS Carlson,DL Lloyd,IAA Thomas,0,0,,,,,,,,,,,,,
1127686,2018,2018-05-04,"Sophia Gardens, Cardiff",3,60.5,60.4,Glamorgan,Kent,KS Carlson,DL Lloyd,IAA Thomas,0,0,,,,,,,,,,,,,
1127686,2018,2018-05-04,"Sophia Gardens, Cardiff",3,60.6,60.5,Glamorgan,Kent,KS Carlson,DL Lloyd,IAA Thomas,0,0,,,,,,,,,,,,,
1127686,2018,2018-05-04,"Sophia Gardens, Cardiff",3,60.7,60.6,Glamorgan,Kent,KS Carlson,DL Lloyd,IAA Thomas,0,0,,,,,,,,,,,,,
1127686,2018,2018-05-04,"Sophia Gardens, Cardiff",3,61.1,61.1,Glamorgan,Kent,DL Lloyd,KS Carlson,DI Stevens,0,0,,,,,,,,,,,,,
1127686,2018,2018-05-04,"Sophia Gardens, Cardiff",3,61.2,61.2,Glamorgan,Kent,DL Lloyd,KS Carlson,DI Stevens,0,0,,,,,,,,,,,,,
1127686,2018,2018-05-04,"Sophia Gardens, Cardiff",3,61.3,61.3,Glamorgan,Kent,DL Lloyd,KS Carlson,DI Stevens,1,0,,,,,,,,,,,,,
1127686,2018,2018-05-04,"Sophia Gardens, Cardiff",3,61.4,61.4,Glamorgan,Kent,KS Carlson,DL Lloyd,DI Stevens,2,0,,,,,,,,,,,,,
1127686,2018,2018-05-04,"Sophia Gardens, Cardiff",3,61.5,61.5,Glamorgan,Kent,KS Carlson,DL Lloyd,DI Stevens,1,0,,,,,,,,,,,,,
1127686,2018,2018-05-04,"Sophia Gardens, Cardiff",3,61.6,61.6,Glamorgan,Kent,DL Lloyd,KS Carlson,DI Stevens,0,0,,,,,,,,,,,,,
1127686,2018,2018-05-04,"Sophia Gardens, Cardiff",3,62.1,62.1,Glamorgan,Kent,KS Carlson,DL Lloyd,IAA Thomas,1,0,,,,,,,,,,,,,
1127686,2018,2018-05-04,"Sophia Gardens, Cardiff",3,62.2,62.2,Glamorgan,Kent,DL Lloyd,KS Carlson,IAA Thomas,0,0,,,,,,,,,,,,,
1127686,2018,2018-05-04,"Sophia Gardens, Cardiff",3,62.3,62.3,Glamorgan,Kent,DL Lloyd,KS Carlson,IAA Thomas,3,0,,,,,,,,,,,,,
1127686,2018,2018-05-04,"Sophia Gardens, Cardiff",3,62.4,62.4,Glamorgan,Kent,KS Carlson,DL Lloyd,IAA Thomas,0,0,,,,,,,,,,,,,
1127686,2018,2018-05-04,"Sophia Gardens, Cardiff",3,62.5,62.5,Glamorgan,Kent,KS Carlson,DL Lloyd,IAA Thomas,0,0,,,,,,,,,,,,,
1127686,2018,2018-05-04,"Sophia Gardens, Cardiff",3,62.6,62.6,Glamorgan,Kent,KS Carlson,DL Lloyd,IAA Thomas,0,0,,,,,,,,,,,,,
1127686,2018,2018-05-04,"Sophia Gardens, Cardiff",3,63.1,63.1,Glamorgan,Kent,DL Lloyd,KS Carlson,DI Stevens,0,0,,,,,,,,,,,,,
1127686,2018,2018-05-04,"Sophia Gardens, Cardiff",3,63.2,63.2,Glamorgan,Kent,DL Lloyd,KS Carlson,DI Stevens,0,0,,,,,,,,,,,,,
1127686,2018,2018-05-04,"Sophia Gardens, Cardiff",3,63.3,63.3,Glamorgan,Kent,DL Lloyd,KS Carlson,DI Stevens,0,0,,,,,,,,,,,,,
1127686,2018,2018-05-04,"Sophia Gardens, Cardiff",3,63.4,63.4,Glamorgan,Kent,DL Lloyd,KS Carlson,DI Stevens,0,0,,,,,,,,,,,,,
1127686,2018,2018-05-04,"Sophia Gardens, Cardiff",3,63.5,63.5,Glamorgan,Kent,DL Lloyd,KS Carlson,DI Stevens,0,0,,,,,,,,,,,,,
1127686,2018,2018-05-04,"Sophia Gardens, Cardiff",3,63.6,63.6,Glamorgan,Kent,DL Lloyd,KS Carlson,DI Stevens,0,0,,,,,,,,,,,,,
1127686,2018,2018-05-04,"Sophia Gardens, Cardiff",3,64.1,64.1,Glamorgan,Kent,KS Carlson,DL Lloyd,IAA Thomas,1,0,,,,,,,,,,,,,
1127686,2018,2018-05-04,"Sophia Gardens, Cardiff",3,64.2,64.2,Glamorgan,Kent,DL Lloyd,KS Carlson,IAA Thomas,0,0,,,,,,,,,,,,,
1127686,2018,2018-05-04,"Sophia Gardens, Cardiff",3,64.3,64.3,Glamorgan,Kent,DL Lloyd,KS Carlson,IAA Thomas,1,0,,,,,,,,,,,,,
1127686,2018,2018-05-04,"Sophia Gardens, Cardiff",3,64.4,64.4,Glamorgan,Kent,KS Carlson,DL Lloyd,IAA Thomas,0,0,,,,,,,,,,,,,
1127686,2018,2018-05-04,"Sophia Gardens, Cardiff",3,64.5,64.5,Glamorgan,Kent,KS Carlson,DL Lloyd,IAA Thomas,4,0,,,,,,,,,,,,,
1127686,2018,2018-05-04,"Sophia Gardens, Cardiff",3,64.6,64.6,Glamorgan,Kent,KS Carlson,DL Lloyd,IAA Thomas,0,0,,,,,,,,,,,,,
1127686,2018,2018-05-04,"Sophia Gardens, Cardiff",3,65.1,65.1,Glamorgan,Kent,DL Lloyd,KS Carlson,DI Stevens,0,0,,,,,,,,,,,,,
1127686,2018,2018-05-04,"Sophia Gardens, Cardiff",3,65.2,65.2,Glamorgan,Kent,DL Lloyd,KS Carlson,DI Stevens,0,0,,,,,,,,,,,,,
1127686,2018,2018-05-04,"Sophia Gardens, Cardiff",3,65.3,65.3,Glamorgan,Kent,DL Lloyd,KS Carlson,DI Stevens,0,0,,,,,,,,,,,,,
1127686,2018,2018-05-04,"Sophia Gardens, Cardiff",3,65.4,65.4,Glamorgan,Kent,DL Lloyd,KS Carlson,DI Stevens,0,0,,,,,,,,,,,,,
1127686,2018,2018-05-04,"Sophia Gardens, Cardiff",3,65.5,65.5,Glamorgan,Kent,DL Lloyd,KS Carlson,DI Stevens,1,0,,,,,,,,,,,,,
1127686,2018,2018-05-04,"Sophia Gardens, Cardiff",3,65.6,65.6,Glamorgan,Kent,KS Carlson,DL Lloyd,DI Stevens,0,0,,,,,,,,,,,,,
1127686,2018,2018-05-04,"Sophia Gardens, Cardiff",3,66.1,66.1,Glamorgan,Kent,DL Lloyd,KS Carlson,WRS Gidman,0,0,,,,,,,,,,,,,
1127686,2018,2018-05-04,"Sophia Gardens, Cardiff",3,66.2,66.2,Glamorgan,Kent,DL Lloyd,KS Carlson,WRS Gidman,0,0,,,,,,,,,,,,,
1127686,2018,2018-05-04,"Sophia Gardens, Cardiff",3,66.3,66.3,Glamorgan,Kent,DL Lloyd,KS Carlson,WRS Gidman,0,0,,,,,,,,,,,,,
1127686,2018,2018-05-04,"Sophia Gardens, Cardiff",3,66.4,66.4,Glamorgan,Kent,DL Lloyd,KS Carlson,WRS Gidman,0,0,,,,,,,,,,,,,
1127686,2018,2018-05-04,"Sophia Gardens, Cardiff",3,66.5,66.5,Glamorgan,Kent,DL Lloyd,KS Carlson,WRS Gidman,0,0,,,,,,,,,,,,,
1127686,2018,2018-05-04,"Sophia Gardens, Cardiff",3,66.6,66.6,Glamorgan,Kent,DL Lloyd,KS Carlson,WRS Gidman,1,0,,,,,,,,,,,,,
1127686,2018,2018-05-04,"Sophia Gardens, Cardiff",3,67.1,67.1,Glamorgan,Kent,DL Lloyd,KS Carlson,HW Podmore,0,0,,,,,,,,,,,,,
1127686,2018,2018-05-04,"Sophia Gardens, Cardiff",3,67.2,67.2,Glamorgan,Kent,DL Lloyd,KS Carlson,HW Podmore,0,0,,,,,,,,,,,,,
1127686,2018,2018-05-04,"Sophia Gardens, Cardiff",3,67.3,67.3,Glamorgan,Kent,DL Lloyd,KS Carlson,HW Podmore,0,0,,,,,,,,,,,,,
1127686,2018,2018-05-04,"Sophia Gardens, Cardiff",3,67.4,67.4,Glamorgan,Kent,DL Lloyd,KS Carlson,HW Podmore,0,0,,,,,,,,,,,,,
1127686,2018,2018-05-04,"Sophia Gardens, Cardiff",3,67.5,67.5,Glamorgan,Kent,DL Lloyd,KS Carlson,HW Podmore,2,0,,,,,,,,,,,,,
1127686,2018,2018-05-04,"Sophia Gardens, Cardiff",3,67.6,67.6,Glamorgan,Kent,DL Lloyd,KS Carlson,HW Podmore,0,0,,,,,,,,,,,,,
1127686,2018,2018-05-04,"Sophia Gardens, Cardiff",3,68.1,68.1,Glamorgan,Kent,KS Carlson,DL Lloyd,WRS Gidman,0,0,,,,,,,,,,,,,
1127686,2018,2018-05-04,"Sophia Gardens, Cardiff",3,68.2,68.2,Glamorgan,Kent,KS Carlson,DL Lloyd,WRS Gidman,0,0,,,,,,,,,,,,,
1127686,2018,2018-05-04,"Sophia Gardens, Cardiff",3,68.3,68.3,Glamorgan,Kent,KS Carlson,DL Lloyd,WRS Gidman,1,0,,,,,,,,,,,,,
1127686,2018,2018-05-04,"Sophia Gardens, Cardiff",3,68.4,68.4,Glamorgan,Kent,DL Lloyd,KS Carlson,WRS Gidman,0,0,,,,,,,,,,,,,
1127686,2018,2018-05-04,"Sophia Gardens, Cardiff",3,68.5,68.5,Glamorgan,Kent,DL Lloyd,KS Carlson,WRS Gidman,0,0,,,,,,,,,,,,,
1127686,2018,2018-05-04,"Sophia Gardens, Cardiff",3,68.6,68.6,Glamorgan,Kent,DL Lloyd,KS Carlson,WRS Gidman,0,0,,,,,,,,,,,,,
1127686,2018,2018-05-04,"Sophia Gardens, Cardiff",3,69.1,69.1,Glamorgan,Kent,KS Carlson,DL Lloyd,HW Podmore,0,0,,,,,,,,,,,,,
1127686,2018,2018-05-04,"Sophia Gardens, Cardiff",3,69.2,69.2,Glamorgan,Kent,KS Carlson,DL Lloyd,HW Podmore,1,0,,,,,,,,,,,,,
1127686,2018,2018-05-04,"Sophia Gardens, Cardiff",3,69.3,69.3,Glamorgan,Kent,DL Lloyd,KS Carlson,HW Podmore,0,0,,,,,,,,,,,,,
1127686,2018,2018-05-04,"Sophia Gardens, Cardiff",3,69.4,69.4,Glamorgan,Kent,DL Lloyd,KS Carlson,HW Podmore,1,0,,,,,,,,,,,,,
1127686,2018,2018-05-04,"Sophia Gardens, Cardiff",3,69.5,69.5,Glamorgan,Kent,KS Carlson,DL Lloyd,HW Podmore,1,0,,,,,,,,,,,,,
1127686,2018,2018-05-04,"Sophia Gardens, Cardiff",3,69.6,69.6,Glamorgan,Kent,DL Lloyd,KS Carlson,HW Podmore,1,0,,,,,,,,,,,,,
1127686,2018,2018-05-04,"Sophia Gardens, Cardiff",3,70.1,70.1,Glamorgan,Kent,DL Lloyd,KS Carlson,WRS Gidman,4,0,,,,,,,,,,,,,
1127686,2018,2018-05-04,"Sophia Gardens, Cardiff",3,70.2,70.2,Glamorgan,Kent,DL Lloyd,KS Carlson,WRS Gidman,4,0,,,,,,,,,,,,,
1127686,2018,2018-05-04,"Sophia Gardens, Cardiff",3,70.3,70.3,Glamorgan,Kent,DL Lloyd,KS Carlson,WRS Gidman,0,0,,,,,,,,,,,,,
1127686,2018,2018-05-04,"Sophia Gardens, Cardiff",3,70.4,70.4,Glamorgan,Kent,DL Lloyd,KS Carlson,WRS Gidman,3,0,,,,,,,,,,,,,
1127686,2018,2018-05-04,"Sophia Gardens, Cardiff",3,70.5,70.5,Glamorgan,Kent,KS Carlson,DL Lloyd,WRS Gidman,0,0,,,,,,,,,,,,,
1127686,2018,2018-05-04,"Sophia Gardens, Cardiff",3,70.6,70.6,Glamorgan,Kent,KS Carlson,DL Lloyd,WRS Gidman,0,0,,,,,,,,,,,,,
1127686,2018,2018-05-04,"Sophia Gardens, Cardiff",3,71.1,71.1,Glamorgan,Kent,DL Lloyd,KS Carlson,JL Denly,0,0,,,,,,,,,,,,,
1127686,2018,2018-05-04,"Sophia Gardens, Cardiff",3,71.2,71.2,Glamorgan,Kent,DL Lloyd,KS Carlson,JL Denly,1,0,,,,,,,,,,,,,
1127686,2018,2018-05-04,"Sophia Gardens, Cardiff",3,71.3,71.3,Glamorgan,Kent,KS Carlson,DL Lloyd,JL Denly,0,0,,,,,,,,,,,,,
1127686,2018,2018-05-04,"Sophia Gardens, Cardiff",3,71.4,71.4,Glamorgan,Kent,KS Carlson,DL Lloyd,JL Denly,1,0,,,,,,,,,,,,,
1127686,2018,2018-05-04,"Sophia Gardens, Cardiff",3,71.5,71.5,Glamorgan,Kent,DL Lloyd,KS Carlson,JL Denly,0,0,,,,,,,,,,,,,
1127686,2018,2018-05-04,"Sophia Gardens, Cardiff",3,71.6,71.6,Glamorgan,Kent,DL Lloyd,KS Carlson,JL Denly,0,0,,,,,,,,,,,,,
1127686,2018,2018-05-04,"Sophia Gardens, Cardiff",3,72.1,72.1,Glamorgan,Kent,KS Carlson,DL Lloyd,WRS Gidman,0,0,,,,,,,caught,KS Carlson,,,AP Rouse,,
1127686,2018,2018-05-04,"Sophia Gardens, Cardiff",3,72.2,72.2,Glamorgan,Kent,AG Salter,DL Lloyd,WRS Gidman,0,0,,,,,,,,,,,,,
1127686,2018,2018-05-04,"Sophia Gardens, Cardiff",3,72.3,72.3,Glamorgan,Kent,AG Salter,DL Lloyd,WRS Gidman,1,0,,,,,,,,,,,,,
1127686,2018,2018-05-04,"Sophia Gardens, Cardiff",3,72.4,72.4,Glamorgan,Kent,DL Lloyd,AG Salter,WRS Gidman,0,0,,,,,,,,,,,,,
1127686,2018,2018-05-04,"Sophia Gardens, Cardiff",3,72.5,72.5,Glamorgan,Kent,DL Lloyd,AG Salter,WRS Gidman,1,0,,,,,,,,,,,,,
1127686,2018,2018-05-04,"Sophia Gardens, Cardiff",3,72.6,72.6,Glamorgan,Kent,AG Salter,DL Lloyd,WRS Gidman,0,0,,,,,,,,,,,,,
1127686,2018,2018-05-04,"Sophia Gardens, Cardiff",3,73.1,73.1,Glamorgan,Kent,DL Lloyd,AG Salter,JL Denly,1,0,,,,,,,,,,,,,
1127686,2018,2018-05-04,"Sophia Gardens, Cardiff",3,73.2,73.2,Glamorgan,Kent,AG Salter,DL Lloyd,JL Denly,0,0,,,,,,,,,,,,,
1127686,2018,2018-05-04,"Sophia Gardens, Cardiff",3,73.3,73.3,Glamorgan,Kent,AG Salter,DL Lloyd,JL Denly,0,0,,,,,,,,,,,,,
1127686,2018,2018-05-04,"Sophia Gardens, Cardiff",3,73.4,73.4,Glamorgan,Kent,AG Salter,DL Lloyd,JL Denly,0,0,,,,,,,,,,,,,
1127686,2018,2018-05-04,"Sophia Gardens, Cardiff",3,73.5,73.5,Glamorgan,Kent,AG Salter,DL Lloyd,JL Denly,0,0,,,,,,,,,,,,,
1127686,2018,2018-05-04,"Sophia Gardens, Cardiff",3,73.6,73.6,Glamorgan,Kent,AG Salter,DL Lloyd,JL Denly,0,0,,,,,,,,,,,,,
1127686,2018,2018-05-04,"Sophia Gardens, Cardiff",3,74.1,74.1,Glamorgan,Kent,DL Lloyd,AG Salter,WRS Gidman,0,0,,,,,,,,,,,,,
1127686,2018,2018-05-04,"Sophia Gardens, Cardiff",3,74.2,74.2,Glamorgan,Kent,DL Lloyd,AG Salter,WRS Gidman,0,0,,,,,,,,,,,,,
1127686,2018,2018-05-04,"Sophia Gardens, Cardiff",3,74.3,74.3,Glamorgan,Kent,DL Lloyd,AG Salter,WRS Gidman,0,0,,,,,,,,,,,,,
1127686,2018,2018-05-04,"Sophia Gardens, Cardiff",3,74.4,74.4,Glamorgan,Kent,DL Lloyd,AG Salter,WRS Gidman,1,0,,,,,,,,,,,,,
1127686,2018,2018-05-04,"Sophia Gardens, Cardiff",3,74.5,74.5,Glamorgan,Kent,AG Salter,DL Lloyd,WRS Gidman,0,0,,,,,,,,,,,,,
1127686,2018,2018-05-04,"Sophia Gardens, Cardiff",3,74.6,74.6,Glamorgan,Kent,AG Salter,DL Lloyd,WRS Gidman,0,0,,,,,,,,,,,,,
1127686,2018,2018-05-04,"Sophia Gardens, Cardiff",3,75.1,75.1,Glamorgan,Kent,DL Lloyd,AG Salter,JL Denly,0,0,,,,,,,,,,,,,
1127686,2018,2018-05-04,"Sophia Gardens, Cardiff",3,75.2,75.2,Glamorgan,Kent,DL Lloyd,AG Salter,JL Denly,1,0,,,,,,,,,,,,,
1127686,2018,2018-05-04,"Sophia Gardens, Cardiff",3,75.3,75.3,Glamorgan,Kent,AG Salter,DL Lloyd,JL Denly,4,0,,,,,,,,,,,,,
1127686,2018,2018-05-04,"Sophia Gardens, Cardiff",3,75.4,75.4,Glamorgan,Kent,AG Salter,DL Lloyd,JL Denly,0,0,,,,,,,,,,,,,
1127686,2018,2018-05-04,"Sophia Gardens, Cardiff",3,75.5,75.5,Glamorgan,Kent,AG Salter,DL Lloyd,JL Denly,0,0,,,,,,,,,,,,,
1127686,2018,2018-05-04,"Sophia Gardens, Cardiff",3,75.6,75.6,Glamorgan,Kent,AG Salter,DL Lloyd,JL Denly,1,0,,,,,,,,,,,,,
1127686,2018,2018-05-04,"Sophia Gardens, Cardiff",3,76.1,76.1,Glamorgan,Kent,AG Salter,DL Lloyd,WRS Gidman,0,0,,,,,,,,,,,,,
1127686,2018,2018-05-04,"Sophia Gardens, Cardiff",3,76.2,76.2,Glamorgan,Kent,AG Salter,DL Lloyd,WRS Gidman,0,0,,,,,,,,,,,,,
1127686,2018,2018-05-04,"Sophia Gardens, Cardiff",3,76.3,76.3,Glamorgan,Kent,AG Salter,DL Lloyd,WRS Gidman,0,0,,,,,,,,,,,,,
1127686,2018,2018-05-04,"Sophia Gardens, Cardiff",3,76.4,76.4,Glamorgan,Kent,AG Salter,DL Lloyd,WRS Gidman,4,0,,,,,,,,,,,,,
1127686,2018,2018-05-04,"Sophia Gardens, Cardiff",3,76.5,76.5,Glamorgan,Kent,AG Salter,DL Lloyd,WRS Gidman,1,0,,,,,,,,,,,,,
1127686,2018,2018-05-04,"Sophia Gardens, Cardiff",3,76.6,76.6,Glamorgan,Kent,DL Lloyd,AG Salter,WRS Gidman,0,0,,,,,,,,,,,,,
1127686,2018,2018-05-04,"Sophia Gardens, Cardiff",3,77.1,77.1,Glamorgan,Kent,AG Salter,DL Lloyd,JL Denly,0,0,,,,,,,,,,,,,
1127686,2018,2018-05-04,"Sophia Gardens, Cardiff",3,77.2,77.2,Glamorgan,Kent,AG Salter,DL Lloyd,JL Denly,0,0,,,,,,,,,,,,,
1127686,2018,2018-05-04,"Sophia Gardens, Cardiff",3,77.3,77.3,Glamorgan,Kent,AG Salter,DL Lloyd,JL Denly,0,0,,,,,,,,,,,,,
1127686,2018,2018-05-04,"Sophia Gardens, Cardiff",3,77.4,77.4,Glamorgan,Kent,AG Salter,DL Lloyd,JL Denly,0,0,,,,,,,,,,,,,
1127686,2018,2018-05-04,"Sophia Gardens, Cardiff",3,77.5,77.5,Glamorgan,Kent,AG Salter,DL Lloyd,JL Denly,0,0,,,,,,,,,,,,,
1127686,2018,2018-05-04,"Sophia Gardens, Cardiff",3,77.6,77.6,Glamorgan,Kent,AG Salter,DL Lloyd,JL Denly,0,0,,,,,,,,,,,,,
1127686,2018,2018-05-04,"Sophia Gardens, Cardiff",3,78.1,78.1,Glamorgan,Kent,DL Lloyd,AG Salter,WRS Gidman,1,0,,,,,,,,,,,,,
1127686,2018,2018-05-04,"Sophia Gardens, Cardiff",3,78.2,78.2,Glamorgan,Kent,AG Salter,DL Lloyd,WRS Gidman,0,0,,,,,,,,,,,,,
1127686,2018,2018-05-04,"Sophia Gardens, Cardiff",3,78.3,78.3,Glamorgan,Kent,AG Salter,DL Lloyd,WRS Gidman,0,0,,,,,,,,,,,,,
1127686,2018,2018-05-04,"Sophia Gardens, Cardiff",3,78.4,78.4,Glamorgan,Kent,AG Salter,DL Lloyd,WRS Gidman,0,0,,,,,,,,,,,,,
1127686,2018,2018-05-04,"Sophia Gardens, Cardiff",3,78.5,78.5,Glamorgan,Kent,AG Salter,DL Lloyd,WRS Gidman,0,0,,,,,,,,,,,,,
1127686,2018,2018-05-04,"Sophia Gardens, Cardiff",3,78.6,78.6,Glamorgan,Kent,AG Salter,DL Lloyd,WRS Gidman,1,0,,,,,,,,,,,,,
1127686,2018,2018-05-04,"Sophia Gardens, Cardiff",3,79.1,79.1,Glamorgan,Kent,AG Salter,DL Lloyd,JL Denly,1,0,,,,,,,,,,,,,
1127686,2018,2018-05-04,"Sophia Gardens, Cardiff",3,79.2,79.2,Glamorgan,Kent,DL Lloyd,AG Salter,JL Denly,0,0,,,,,,,,,,,,,
1127686,2018,2018-05-04,"Sophia Gardens, Cardiff",3,79.3,79.3,Glamorgan,Kent,DL Lloyd,AG Salter,JL Denly,0,0,,,,,,,,,,,,,
1127686,2018,2018-05-04,"Sophia Gardens, Cardiff",3,79.4,79.4,Glamorgan,Kent,DL Lloyd,AG Salter,JL Denly,1,0,,,,,,,,,,,,,
1127686,2018,2018-05-04,"Sophia Gardens, Cardiff",3,79.5,79.5,Glamorgan,Kent,AG Salter,DL Lloyd,JL Denly,0,0,,,,,,,,,,,,,
1127686,2018,2018-05-04,"Sophia Gardens, Cardiff",3,79.6,79.6,Glamorgan,Kent,AG Salter,DL Lloyd,JL Denly,0,0,,,,,,,,,,,,,
1127686,2018,2018-05-04,"Sophia Gardens, Cardiff",3,80.1,80.1,Glamorgan,Kent,DL Lloyd,AG Salter,MJ Henry,0,0,,,,,,,,,,,,,
1127686,2018,2018-05-04,"Sophia Gardens, Cardiff",3,80.2,80.2,Glamorgan,Kent,DL Lloyd,AG Salter,MJ Henry,0,0,,,,,,,,,,,,,
1127686,2018,2018-05-04,"Sophia Gardens, Cardiff",3,80.3,80.3,Glamorgan,Kent,DL Lloyd,AG Salter,MJ Henry,4,0,,,,,,,,,,,,,
1127686,2018,2018-05-04,"Sophia Gardens, Cardiff",3,80.4,80.4,Glamorgan,Kent,DL Lloyd,AG Salter,MJ Henry,0,0,,,,,,,,,,,,,
1127686,2018,2018-05-04,"Sophia Gardens, Cardiff",3,80.5,80.5,Glamorgan,Kent,DL Lloyd,AG Salter,MJ Henry,4,0,,,,,,,,,,,,,
1127686,2018,2018-05-04,"Sophia Gardens, Cardiff",3,80.6,80.6,Glamorgan,Kent,DL Lloyd,AG Salter,MJ Henry,0,0,,,,,,,,,,,,,
1127686,2018,2018-05-04,"Sophia Gardens, Cardiff",3,81.1,81.1,Glamorgan,Kent,AG Salter,DL Lloyd,DI Stevens,0,0,,,,,,,,,,,,,
1127686,2018,2018-05-04,"Sophia Gardens, Cardiff",3,81.2,81.2,Glamorgan,Kent,AG Salter,DL Lloyd,DI Stevens,2,0,,,,,,,,,,,,,
1127686,2018,2018-05-04,"Sophia Gardens, Cardiff",3,81.3,81.3,Glamorgan,Kent,AG Salter,DL Lloyd,DI Stevens,0,0,,,,,,,,,,,,,
1127686,2018,2018-05-04,"Sophia Gardens, Cardiff",3,81.4,81.4,Glamorgan,Kent,AG Salter,DL Lloyd,DI Stevens,0,0,,,,,,,,,,,,,
1127686,2018,2018-05-04,"Sophia Gardens, Cardiff",3,81.5,81.5,Glamorgan,Kent,AG Salter,DL Lloyd,DI Stevens,2,0,,,,,,,,,,,,,
1127686,2018,2018-05-04,"Sophia Gardens, Cardiff",3,81.6,81.6,Glamorgan,Kent,AG Salter,DL Lloyd,DI Stevens,1,0,,,,,,,,,,,,,
1127686,2018,2018-05-04,"Sophia Gardens, Cardiff",3,82.1,82.1,Glamorgan,Kent,AG Salter,DL Lloyd,MJ Henry,0,0,,,,,,,,,,,,,
1127686,2018,2018-05-04,"Sophia Gardens, Cardiff",3,82.2,82.2,Glamorgan,Kent,AG Salter,DL Lloyd,MJ Henry,0,0,,,,,,,,,,,,,
1127686,2018,2018-05-04,"Sophia Gardens, Cardiff",3,82.3,82.3,Glamorgan,Kent,AG Salter,DL Lloyd,MJ Henry,0,0,,,,,,,,,,,,,
1127686,2018,2018-05-04,"Sophia Gardens, Cardiff",3,82.4,82.4,Glamorgan,Kent,AG Salter,DL Lloyd,MJ Henry,0,0,,,,,,,,,,,,,
1127686,2018,2018-05-04,"Sophia Gardens, Cardiff",3,82.5,82.5,Glamorgan,Kent,AG Salter,DL Lloyd,MJ Henry,0,0,,,,,,,caught,AG Salter,,,AP Rouse,,
1127686,2018,2018-05-04,"Sophia Gardens, Cardiff",3,82.6,82.6,Glamorgan,Kent,M de Lange,DL Lloyd,MJ Henry,0,0,,,,,,,,,,,,,
1127686,2018,2018-05-04,"Sophia Gardens, Cardiff",3,83.1,83.1,Glamorgan,Kent,DL Lloyd,M de Lange,DI Stevens,1,0,,,,,,,,,,,,,
1127686,2018,2018-05-04,"Sophia Gardens, Cardiff",3,83.2,83.2,Glamorgan,Kent,M de Lange,DL Lloyd,DI Stevens,0,0,,,,,,,,,,,,,
1127686,2018,2018-05-04,"Sophia Gardens, Cardiff",3,83.3,83.3,Glamorgan,Kent,M de Lange,DL Lloyd,DI Stevens,0,0,,,,,,,,,,,,,
1127686,2018,2018-05-04,"Sophia Gardens, Cardiff",3,83.4,83.4,Glamorgan,Kent,M de Lange,DL Lloyd,DI Stevens,0,0,,,,,,,,,,,,,
1127686,2018,2018-05-04,"Sophia Gardens, Cardiff",3,83.5,83.5,Glamorgan,Kent,M de Lange,DL Lloyd,DI Stevens,0,3,,2,1,,,,,,,,,,
1127686,2018,2018-05-04,"Sophia Gardens, Cardiff",3,83.6,83.5,Glamorgan,Kent,DL Lloyd,M de Lange,HW Podmore,4,0,,,,,,true,,,,,,,
1127686,2018,2018-05-04,"Sophia Gardens, Cardiff",3,83.7,83.6,Glamorgan,Kent,DL Lloyd,M de Lange,HW Podmore,0,0,,,,,,,,,,,,,
1127686,2018,2018-05-04,"Sophia Gardens, Cardiff",3,84.1,84.1,Glamorgan,Kent,M de Lange,DL Lloyd,MJ Henry,0,0,,,,,,,,,,,,,
1127686,2018,2018-05-04,"Sophia Gardens, Cardiff",3,84.2,84.2,Glamorgan,Kent,M de Lange,DL Lloyd,MJ Henry,1,0,,,,,,,,,,,,,
1127686,2018,2018-05-04,"Sophia Gardens, Cardiff",3,84.3,84.3,Glamorgan,Kent,DL Lloyd,M de Lange,MJ Henry,0,0,,,,,,,,,,,,,
1127686,2018,2018-05-04,"Sophia Gardens, Cardiff",3,84.4,84.4,Glamorgan,Kent,DL Lloyd,M de Lange,MJ Henry,4,0,,,,,,,,,,,,,
1127686,2018,2018-05-04,"Sophia Gardens, Cardiff",3,84.5,84.5,Glamorgan,Kent,DL Lloyd,M de Lange,MJ Henry,0,0,,,,,,,caught,DL Lloyd,,,HG Kuhn,,
1127686,2018,2018-05-04,"Sophia Gardens, Cardiff",3,84.6,84.6,Glamorgan,Kent,T van der Gugten,M de Lange,MJ Henry,0,0,,,,,,,,,,,,,
1127686,2018,2018-05-04,"Sophia Gardens, Cardiff",3,85.1,85.1,Glamorgan,Kent,M de Lange,T van der Gugten,HW Podmore,0,0,,,,,,,lbw,M de Lange,,,,,
1127686,2018,2018-05-04,"Sophia Gardens, Cardiff",3,85.2,85.2,Glamorgan,Kent,MG Hogan,T van der Gugten,HW Podmore,0,0,,,,,,,,,,,,,
1127686,2018,2018-05-04,"Sophia Gardens, Cardiff",3,85.3,85.3,Glamorgan,Kent,MG Hogan,T van der Gugten,HW Podmore,1,0,,,,,,,,,,,,,
1127686,2018,2018-05-04,"Sophia Gardens, Cardiff",3,85.4,85.4,Glamorgan,Kent,T van der Gugten,MG Hogan,HW Podmore,0,0,,,,,,,,,,,,,
1127686,2018,2018-05-04,"Sophia Gardens, Cardiff",3,85.5,85.5,Glamorgan,Kent,T van der Gugten,MG Hogan,HW Podmore,0,0,,,,,,,,,,,,,
1127686,2018,2018-05-04,"Sophia Gardens, Cardiff",3,85.6,85.6,Glamorgan,Kent,T van der Gugten,MG Hogan,HW Podmore,0,0,,,,,,,,,,,,,
1127686,2018,2018-05-04,"Sophia Gardens, Cardiff",3,86.1,86.1,Glamorgan,Kent,MG Hogan,T van der Gugten,MJ Henry,0,0,,,,,,,,,,,,,
1127686,2018,2018-05-04,"Sophia Gardens, Cardiff",3,86.2,86.2,Glamorgan,Kent,MG Hogan,T van der Gugten,MJ Henry,0,0,,,,,,,,,,,,,
1127686,2018,2018-05-04,"Sophia Gardens, Cardiff",3,86.3,86.3,Glamorgan,Kent,MG Hogan,T van der Gugten,MJ Henry,0,0,,,,,,,caught,MG Hogan,,,SR Dickson,,
1127686,2018,2018-05-04,"Sophia Gardens, Cardiff",4,0.1,0.1,Kent,Glamorgan,DJ Bell-Drummond,SR Dickson,M de Lange,0,0,,,,,,,,,,,,,
1127686,2018,2018-05-04,"Sophia Gardens, Cardiff",4,0.2,0.2,Kent,Glamorgan,DJ Bell-Drummond,SR Dickson,M de Lange,0,0,,,,,,,,,,,,,
1127686,2018,2018-05-04,"Sophia Gardens, Cardiff",4,0.3,0.3,Kent,Glamorgan,DJ Bell-Drummond,SR Dickson,M de Lange,0,0,,,,,,,,,,,,,
1127686,2018,2018-05-04,"Sophia Gardens, Cardiff",4,0.4,0.4,Kent,Glamorgan,DJ Bell-Drummond,SR Dickson,M de Lange,0,0,,,,,,,,,,,,,
1127686,2018,2018-05-04,"Sophia Gardens, Cardiff",4,0.5,0.5,Kent,Glamorgan,DJ Bell-Drummond,SR Dickson,M de Lange,0,0,,,,,,,,,,,,,
1127686,2018,2018-05-04,"Sophia Gardens, Cardiff",4,0.6,0.6,Kent,Glamorgan,DJ Bell-Drummond,SR Dickson,M de Lange,0,0,,,,,,,,,,,,,
1127686,2018,2018-05-04,"Sophia Gardens, Cardiff",4,1.1,1.1,Kent,Glamorgan,SR Dickson,DJ Bell-Drummond,T van der Gugten,0,1,,,,1,,,,,,,,,
1127686,2018,2018-05-04,"Sophia Gardens, Cardiff",4,1.2,1.2,Kent,Glamorgan,DJ Bell-Drummond,SR Dickson,T van der Gugten,1,0,,,,,,,,,,,,,
1127686,2018,2018-05-04,"Sophia Gardens, Cardiff",4,1.3,1.3,Kent,Glamorgan,SR Dickson,DJ Bell-Drummond,T van der Gugten,1,0,,,,,,,,,,,,,
1127686,2018,2018-05-04,"Sophia Gardens, Cardiff",4,1.4,1.4,Kent,Glamorgan,DJ Bell-Drummond,SR Dickson,T van der Gugten,0,0,,,,,,,,,,,,,
1127686,2018,2018-05-04,"Sophia Gardens, Cardiff",4,1.5,1.5,Kent,Glamorgan,DJ Bell-Drummond,SR Dickson,T van der Gugten,0,0,,,,,,,,,,,,,
1127686,2018,2018-05-04,"Sophia Gardens, Cardiff",4,1.6,1.6,Kent,Glamorgan,DJ Bell-Drummond,SR Dickson,T van der Gugten,0,0,,,,,,,,,,,,,
1127686,2018,2018-05-04,"Sophia Gardens, Cardiff",4,2.1,2.1,Kent,Glamorgan,SR Dickson,DJ Bell-Drummond,M de Lange,0,0,,,,,,,,,,,,,
1127686,2018,2018-05-04,"Sophia Gardens, Cardiff",4,2.2,2.2,Kent,Glamorgan,SR Dickson,DJ Bell-Drummond,M de Lange,0,0,,,,,,,,,,,,,
1127686,2018,2018-05-04,"Sophia Gardens, Cardiff",4,2.3,2.3,Kent,Glamorgan,SR Dickson,DJ Bell-Drummond,M de Lange,0,0,,,,,,,,,,,,,
1127686,2018,2018-05-04,"Sophia Gardens, Cardiff",4,2.4,2.4,Kent,Glamorgan,SR Dickson,DJ Bell-Drummond,M de Lange,0,0,,,,,,,,,,,,,
1127686,2018,2018-05-04,"Sophia Gardens, Cardiff",4,2.5,2.5,Kent,Glamorgan,SR Dickson,DJ Bell-Drummond,M de Lange,3,0,,,,,,,,,,,,,
1127686,2018,2018-05-04,"Sophia Gardens, Cardiff",4,2.6,2.6,Kent,Glamorgan,DJ Bell-Drummond,SR Dickson,M de Lange,1,0,,,,,,,,,,,,,
1127686,2018,2018-05-04,"Sophia Gardens, Cardiff",4,3.1,3.1,Kent,Glamorgan,DJ Bell-Drummond,SR Dickson,T van der Gugten,0,0,,,,,,,,,,,,,
1127686,2018,2018-05-04,"Sophia Gardens, Cardiff",4,3.2,3.2,Kent,Glamorgan,DJ Bell-Drummond,SR Dickson,T van der Gugten,4,0,,,,,,,,,,,,,
1127686,2018,2018-05-04,"Sophia Gardens, Cardiff",4,3.3,3.3,Kent,Glamorgan,DJ Bell-Drummond,SR Dickson,T van der Gugten,0,4,,,4,,,,,,,,,,
1127686,2018,2018-05-04,"Sophia Gardens, Cardiff",4,3.4,3.4,Kent,Glamorgan,DJ Bell-Drummond,SR Dickson,T van der Gugten,0,0,,,,,,,,,,,,,
1127686,2018,2018-05-04,"Sophia Gardens, Cardiff",4,3.5,3.5,Kent,Glamorgan,DJ Bell-Drummond,SR Dickson,T van der Gugten,1,0,,,,,,,,,,,,,
1127686,2018,2018-05-04,"Sophia Gardens, Cardiff",4,3.6,3.6,Kent,Glamorgan,SR Dickson,DJ Bell-Drummond,T van der Gugten,0,0,,,,,,,,,,,,,
1127686,2018,2018-05-04,"Sophia Gardens, Cardiff",4,4.1,4.1,Kent,Glamorgan,DJ Bell-Drummond,SR Dickson,M de Lange,0,0,,,,,,,,,,,,,
1127686,2018,2018-05-04,"Sophia Gardens, Cardiff",4,4.2,4.2,Kent,Glamorgan,DJ Bell-Drummond,SR Dickson,M de Lange,0,1,,,1,,,,,,,,,,
1127686,2018,2018-05-04,"Sophia Gardens, Cardiff",4,4.3,4.3,Kent,Glamorgan,SR Dickson,DJ Bell-Drummond,M de Lange,0,0,,,,,,,,,,,,,
1127686,2018,2018-05-04,"Sophia Gardens, Cardiff",4,4.4,4.4,Kent,Glamorgan,SR Dickson,DJ Bell-Drummond,M de Lange,0,0,,,,,,,,,,,,,
1127686,2018,2018-05-04,"Sophia Gardens, Cardiff",4,4.5,4.5,Kent,Glamorgan,SR Dickson,DJ Bell-Drummond,M de Lange,0,0,,,,,,,,,,,,,
1127686,2018,2018-05-04,"Sophia Gardens, Cardiff",4,4.6,4.6,Kent,Glamorgan,SR Dickson,DJ Bell-Drummond,M de Lange,0,0,,,,,,,,,,,,,
1127686,2018,2018-05-04,"Sophia Gardens, Cardiff",4,5.1,5.1,Kent,Glamorgan,DJ Bell-Drummond,SR Dickson,T van der Gugten,0,0,,,,,,,,,,,,,
1127686,2018,2018-05-04,"Sophia Gardens, Cardiff",4,5.2,5.2,Kent,Glamorgan,DJ Bell-Drummond,SR Dickson,T van der Gugten,0,0,,,,,,,,,,,,,
1127686,2018,2018-05-04,"Sophia Gardens, Cardiff",4,5.3,5.3,Kent,Glamorgan,DJ Bell-Drummond,SR Dickson,T van der Gugten,0,0,,,,,,,,,,,,,
1127686,2018,2018-05-04,"Sophia Gardens, Cardiff",4,5.4,5.4,Kent,Glamorgan,DJ Bell-Drummond,SR Dickson,T van der Gugten,0,0,,,,,,,,,,,,,
1127686,2018,2018-05-04,"Sophia Gardens, Cardiff",4,5.5,5.5,Kent,Glamorgan,DJ Bell-Drummond,SR Dickson,T van der Gugten,0,0,,,,,,,,,,,,,
1127686,2018,2018-05-04,"Sophia Gardens, Cardiff",4,5.6,5.6,Kent,Glamorgan,DJ Bell-Drummond,SR Dickson,T van der Gugten,4,0,,,,,,,,,,,,,
1127686,2018,2018-05-04,"Sophia Gardens, Cardiff",4,6.1,6.1,Kent,Glamorgan,SR Dickson,DJ Bell-Drummond,M de Lange,0,0,,,,,,,,,,,,,
1127686,2018,2018-05-04,"Sophia Gardens, Cardiff",4,6.2,6.2,Kent,Glamorgan,SR Dickson,DJ Bell-Drummond,M de Lange,0,0,,,,,,,,,,,,,
1127686,2018,2018-05-04,"Sophia Gardens, Cardiff",4,6.3,6.3,Kent,Glamorgan,SR Dickson,DJ Bell-Drummond,M de Lange,0,0,,,,,,,,,,,,,
1127686,2018,2018-05-04,"Sophia Gardens, Cardiff",4,6.4,6.4,Kent,Glamorgan,SR Dickson,DJ Bell-Drummond,M de Lange,4,0,,,,,,,,,,,,,
1127686,2018,2018-05-04,"Sophia Gardens, Cardiff",4,6.5,6.5,Kent,Glamorgan,SR Dickson,DJ Bell-Drummond,M de Lange,0,0,,,,,,,,,,,,,
1127686,2018,2018-05-04,"Sophia Gardens, Cardiff",4,6.6,6.6,Kent,Glamorgan,SR Dickson,DJ Bell-Drummond,M de Lange,0,0,,,,,,,,,,,,,
1127686,2018,2018-05-04,"Sophia Gardens, Cardiff",4,7.1,7.1,Kent,Glamorgan,DJ Bell-Drummond,SR Dickson,T van der Gugten,0,0,,,,,,,,,,,,,
1127686,2018,2018-05-04,"Sophia Gardens, Cardiff",4,7.2,7.2,Kent,Glamorgan,DJ Bell-Drummond,SR Dickson,T van der Gugten,0,0,,,,,,,,,,,,,
1127686,2018,2018-05-04,"Sophia Gardens, Cardiff",4,7.3,7.3,Kent,Glamorgan,DJ Bell-Drummond,SR Dickson,T van der Gugten,1,0,,,,,,,,,,,,,
1127686,2018,2018-05-04,"Sophia Gardens, Cardiff",4,7.4,7.4,Kent,Glamorgan,SR Dickson,DJ Bell-Drummond,T van der Gugten,1,0,,,,,,,,,,,,,
1127686,2018,2018-05-04,"Sophia Gardens, Cardiff",4,7.5,7.5,Kent,Glamorgan,DJ Bell-Drummond,SR Dickson,T van der Gugten,0,0,,,,,,,,,,,,,
1127686,2018,2018-05-04,"Sophia Gardens, Cardiff",4,7.6,7.6,Kent,Glamorgan,DJ Bell-Drummond,SR Dickson,T van der Gugten,0,0,,,,,,,,,,,,,
1127686,2018,2018-05-04,"Sophia Gardens, Cardiff",4,8.1,8.1,Kent,Glamorgan,SR Dickson,DJ Bell-Drummond,M de Lange,1,0,,,,,,,,,,,,,
1127686,2018,2018-05-04,"Sophia Gardens, Cardiff",4,8.2,8.2,Kent,Glamorgan,DJ Bell-Drummond,SR Dickson,M de Lange,4,0,,,,,,,,,,,,,
1127686,2018,2018-05-04,"Sophia Gardens, Cardiff",4,8.3,8.3,Kent,Glamorgan,DJ Bell-Drummond,SR Dickson,M de Lange,1,0,,,,,,,,,,,,,
1127686,2018,2018-05-04,"Sophia Gardens, Cardiff",4,8.4,8.4,Kent,Glamorgan,SR Dickson,DJ Bell-Drummond,M de Lange,0,1,,,,1,,,,,,,,,
1127686,2018,2018-05-04,"Sophia Gardens, Cardiff",4,8.5,8.5,Kent,Glamorgan,DJ Bell-Drummond,SR Dickson,M de Lange,0,0,,,,,,,,,,,,,
1127686,2018,2018-05-04,"Sophia Gardens, Cardiff",4,8.6,8.6,Kent,Glamorgan,DJ Bell-Drummond,SR Dickson,M de Lange,0,0,,,,,,,,,,,,,
1127686,2018,2018-05-04,"Sophia Gardens, Cardiff",4,9.1,9.1,Kent,Glamorgan,SR Dickson,DJ Bell-Drummond,T van der Gugten,1,0,,,,,,,,,,,,,
1127686,2018,2018-05-04,"Sophia Gardens, Cardiff",4,9.2,9.2,Kent,Glamorgan,DJ Bell-Drummond,SR Dickson,T van der Gugten,0,0,,,,,,,,,,,,,
1127686,2018,2018-05-04,"Sophia Gardens, Cardiff",4,9.3,9.3,Kent,Glamorgan,DJ Bell-Drummond,SR Dickson,T van der Gugten,0,0,,,,,,,,,,,,,
1127686,2018,2018-05-04,"Sophia Gardens, Cardiff",4,9.4,9.4,Kent,Glamorgan,DJ Bell-Drummond,SR Dickson,T van der Gugten,2,0,,,,,,,,,,,,,
1127686,2018,2018-05-04,"Sophia Gardens, Cardiff",4,9.5,9.5,Kent,Glamorgan,DJ Bell-Drummond,SR Dickson,T van der Gugten,0,0,,,,,,,,,,,,,
1127686,2018,2018-05-04,"Sophia Gardens, Cardiff",4,9.6,9.6,Kent,Glamorgan,DJ Bell-Drummond,SR Dickson,T van der Gugten,0,0,,,,,,,,,,,,,
1127686,2018,2018-05-04,"Sophia Gardens, Cardiff",4,10.1,10.1,Kent,Glamorgan,SR Dickson,DJ Bell-Drummond,M de Lange,4,0,,,,,,,,,,,,,
1127686,2018,2018-05-04,"Sophia Gardens, Cardiff",4,10.2,10.2,Kent,Glamorgan,SR Dickson,DJ Bell-Drummond,M de Lange,0,2,,2,,,,,,,,,,,
1127686,2018,2018-05-04,"Sophia Gardens, Cardiff",4,10.3,10.2,Kent,Glamorgan,SR Dickson,DJ Bell-Drummond,M de Lange,0,0,,,,,,,,,,,,,
1127686,2018,2018-05-04,"Sophia Gardens, Cardiff",4,10.4,10.3,Kent,Glamorgan,SR Dickson,DJ Bell-Drummond,M de Lange,0,0,,,,,,,,,,,,,
1127686,2018,2018-05-04,"Sophia Gardens, Cardiff",4,10.5,10.4,Kent,Glamorgan,SR Dickson,DJ Bell-Drummond,M de Lange,0,0,,,,,,,,,,,,,
1127686,2018,2018-05-04,"Sophia Gardens, Cardiff",4,10.6,10.5,Kent,Glamorgan,SR Dickson,DJ Bell-Drummond,M de Lange,0,0,,,,,,,,,,,,,
1127686,2018,2018-05-04,"Sophia Gardens, Cardiff",4,10.7,10.6,Kent,Glamorgan,SR Dickson,DJ Bell-Drummond,M de Lange,0,0,,,,,,,,,,,,,
1127686,2018,2018-05-04,"Sophia Gardens, Cardiff",4,11.1,11.1,Kent,Glamorgan,DJ Bell-Drummond,SR Dickson,MG Hogan,0,0,,,,,,,,,,,,,
1127686,2018,2018-05-04,"Sophia Gardens, Cardiff",4,11.2,11.2,Kent,Glamorgan,DJ Bell-Drummond,SR Dickson,MG Hogan,0,0,,,,,,,,,,,,,
1127686,2018,2018-05-04,"Sophia Gardens, Cardiff",4,11.3,11.3,Kent,Glamorgan,DJ Bell-Drummond,SR Dickson,MG Hogan,0,0,,,,,,,,,,,,,
1127686,2018,2018-05-04,"Sophia Gardens, Cardiff",4,11.4,11.4,Kent,Glamorgan,DJ Bell-Drummond,SR Dickson,MG Hogan,0,0,,,,,,,,,,,,,
1127686,2018,2018-05-04,"Sophia Gardens, Cardiff",4,11.5,11.5,Kent,Glamorgan,DJ Bell-Drummond,SR Dickson,MG Hogan,0,0,,,,,,,,,,,,,
1127686,2018,2018-05-04,"Sophia Gardens, Cardiff",4,11.6,11.6,Kent,Glamorgan,DJ Bell-Drummond,SR Dickson,MG Hogan,0,0,,,,,,,,,,,,,
1127686,2018,2018-05-04,"Sophia Gardens, Cardiff",4,12.1,12.1,Kent,Glamorgan,SR Dickson,DJ Bell-Drummond,DL Lloyd,0,0,,,,,,,,,,,,,
1127686,2018,2018-05-04,"Sophia Gardens, Cardiff",4,12.2,12.2,Kent,Glamorgan,SR Dickson,DJ Bell-Drummond,DL Lloyd,0,0,,,,,,,,,,,,,
1127686,2018,2018-05-04,"Sophia Gardens, Cardiff",4,12.3,12.3,Kent,Glamorgan,SR Dickson,DJ Bell-Drummond,DL Lloyd,0,0,,,,,,,,,,,,,
1127686,2018,2018-05-04,"Sophia Gardens, Cardiff",4,12.4,12.4,Kent,Glamorgan,SR Dickson,DJ Bell-Drummond,DL Lloyd,1,0,,,,,,,,,,,,,
1127686,2018,2018-05-04,"Sophia Gardens, Cardiff",4,12.5,12.5,Kent,Glamorgan,DJ Bell-Drummond,SR Dickson,DL Lloyd,4,0,,,,,,,,,,,,,
1127686,2018,2018-05-04,"Sophia Gardens, Cardiff",4,12.6,12.6,Kent,Glamorgan,DJ Bell-Drummond,SR Dickson,DL Lloyd,0,0,,,,,,,,,,,,,
1127686,2018,2018-05-04,"Sophia Gardens, Cardiff",4,13.1,13.1,Kent,Glamorgan,SR Dickson,DJ Bell-Drummond,MG Hogan,0,0,,,,,,,,,,,,,
1127686,2018,2018-05-04,"Sophia Gardens, Cardiff",4,13.2,13.2,Kent,Glamorgan,SR Dickson,DJ Bell-Drummond,MG Hogan,0,0,,,,,,,,,,,,,
1127686,2018,2018-05-04,"Sophia Gardens, Cardiff",4,13.3,13.3,Kent,Glamorgan,SR Dickson,DJ Bell-Drummond,MG Hogan,0,0,,,,,,,,,,,,,
1127686,2018,2018-05-04,"Sophia Gardens, Cardiff",4,13.4,13.4,Kent,Glamorgan,SR Dickson,DJ Bell-Drummond,MG Hogan,0,0,,,,,,,,,,,,,
1127686,2018,2018-05-04,"Sophia Gardens, Cardiff",4,13.5,13.5,Kent,Glamorgan,SR Dickson,DJ Bell-Drummond,MG Hogan,0,0,,,,,,,,,,,,,
1127686,2018,2018-05-04,"Sophia Gardens, Cardiff",4,13.6,13.6,Kent,Glamorgan,SR Dickson,DJ Bell-Drummond,MG Hogan,0,0,,,,,,,,,,,,,
1127686,2018,2018-05-04,"Sophia Gardens, Cardiff",4,14.1,14.1,Kent,Glamorgan,DJ Bell-Drummond,SR Dickson,DL Lloyd,1,0,,,,,,,,,,,,,
1127686,2018,2018-05-04,"Sophia Gardens, Cardiff",4,14.2,14.2,Kent,Glamorgan,SR Dickson,DJ Bell-Drummond,DL Lloyd,0,0,,,,,,,,,,,,,
1127686,2018,2018-05-04,"Sophia Gardens, Cardiff",4,14.3,14.3,Kent,Glamorgan,SR Dickson,DJ Bell-Drummond,DL Lloyd,4,0,,,,,,,,,,,,,
1127686,2018,2018-05-04,"Sophia Gardens, Cardiff",4,14.4,14.4,Kent,Glamorgan,SR Dickson,DJ Bell-Drummond,DL Lloyd,0,0,,,,,,,,,,,,,
1127686,2018,2018-05-04,"Sophia Gardens, Cardiff",4,14.5,14.5,Kent,Glamorgan,SR Dickson,DJ Bell-Drummond,DL Lloyd,0,0,,,,,,,,,,,,,
1127686,2018,2018-05-04,"Sophia Gardens, Cardiff",4,14.6,14.6,Kent,Glamorgan,SR Dickson,DJ Bell-Drummond,DL Lloyd,0,0,,,,,,,,,,,,,
1127686,2018,2018-05-04,"Sophia Gardens, Cardiff",4,15.1,15.1,Kent,Glamorgan,DJ Bell-Drummond,SR Dickson,MG Hogan,0,0,,,,,,,,,,,,,
1127686,2018,2018-05-04,"Sophia Gardens, Cardiff",4,15.2,15.2,Kent,Glamorgan,DJ Bell-Drummond,SR Dickson,MG Hogan,2,0,,,,,,,,,,,,,
1127686,2018,2018-05-04,"Sophia Gardens, Cardiff",4,15.3,15.3,Kent,Glamorgan,DJ Bell-Drummond,SR Dickson,MG Hogan,0,0,,,,,,,,,,,,,
1127686,2018,2018-05-04,"Sophia Gardens, Cardiff",4,15.4,15.4,Kent,Glamorgan,DJ Bell-Drummond,SR Dickson,MG Hogan,1,0,,,,,,,,,,,,,
1127686,2018,2018-05-04,"Sophia Gardens, Cardiff",4,15.5,15.5,Kent,Glamorgan,SR Dickson,DJ Bell-Drummond,MG Hogan,0,0,,,,,,,,,,,,,
1127686,2018,2018-05-04,"Sophia Gardens, Cardiff",4,15.6,15.6,Kent,Glamorgan,SR Dickson,DJ Bell-Drummond,MG Hogan,0,0,,,,,,,,,,,,,
1127686,2018,2018-05-04,"Sophia Gardens, Cardiff",4,16.1,16.1,Kent,Glamorgan,DJ Bell-Drummond,SR Dickson,DL Lloyd,0,0,,,,,,,,,,,,,
1127686,2018,2018-05-04,"Sophia Gardens, Cardiff",4,16.2,16.2,Kent,Glamorgan,DJ Bell-Drummond,SR Dickson,DL Lloyd,0,0,,,,,,,,,,,,,
1127686,2018,2018-05-04,"Sophia Gardens, Cardiff",4,16.3,16.3,Kent,Glamorgan,DJ Bell-Drummond,SR Dickson,DL Lloyd,0,0,,,,,,,,,,,,,
1127686,2018,2018-05-04,"Sophia Gardens, Cardiff",4,16.4,16.4,Kent,Glamorgan,DJ Bell-Drummond,SR Dickson,DL Lloyd,0,0,,,,,,,,,,,,,
1127686,2018,2018-05-04,"Sophia Gardens, Cardiff",4,16.5,16.5,Kent,Glamorgan,DJ Bell-Drummond,SR Dickson,DL Lloyd,3,0,,,,,,,,,,,,,
1127686,2018,2018-05-04,"Sophia Gardens, Cardiff",4,16.6,16.6,Kent,Glamorgan,SR Dickson,DJ Bell-Drummond,DL Lloyd,0,0,,,,,,,,,,,,,
1127686,2018,2018-05-04,"Sophia Gardens, Cardiff",4,17.1,17.1,Kent,Glamorgan,DJ Bell-Drummond,SR Dickson,MG Hogan,0,0,,,,,,,,,,,,,
1127686,2018,2018-05-04,"Sophia Gardens, Cardiff",4,17.2,17.2,Kent,Glamorgan,DJ Bell-Drummond,SR Dickson,MG Hogan,0,0,,,,,,,,,,,,,
1127686,2018,2018-05-04,"Sophia Gardens, Cardiff",4,17.3,17.3,Kent,Glamorgan,DJ Bell-Drummond,SR Dickson,MG Hogan,0,0,,,,,,,,,,,,,
1127686,2018,2018-05-04,"Sophia Gardens, Cardiff",4,17.4,17.4,Kent,Glamorgan,DJ Bell-Drummond,SR Dickson,MG Hogan,0,0,,,,,,,,,,,,,
1127686,2018,2018-05-04,"Sophia Gardens, Cardiff",4,17.5,17.5,Kent,Glamorgan,DJ Bell-Drummond,SR Dickson,MG Hogan,4,0,,,,,,,,,,,,,
1127686,2018,2018-05-04,"Sophia Gardens, Cardiff",4,17.6,17.6,Kent,Glamorgan,DJ Bell-Drummond,SR Dickson,MG Hogan,0,0,,,,,,,,,,,,,
1127686,2018,2018-05-04,"Sophia Gardens, Cardiff",4,18.1,18.1,Kent,Glamorgan,SR Dickson,DJ Bell-Drummond,DL Lloyd,0,0,,,,,,,,,,,,,
1127686,2018,2018-05-04,"Sophia Gardens, Cardiff",4,18.2,18.2,Kent,Glamorgan,SR Dickson,DJ Bell-Drummond,DL Lloyd,6,0,,,,,,,,,,,,,
1127686,2018,2018-05-04,"Sophia Gardens, Cardiff",4,18.3,18.3,Kent,Glamorgan,SR Dickson,DJ Bell-Drummond,DL Lloyd,0,0,,,,,,,,,,,,,
1127686,2018,2018-05-04,"Sophia Gardens, Cardiff",4,18.4,18.4,Kent,Glamorgan,SR Dickson,DJ Bell-Drummond,DL Lloyd,0,0,,,,,,,,,,,,,
1127686,2018,2018-05-04,"Sophia Gardens, Cardiff",4,18.5,18.5,Kent,Glamorgan,SR Dickson,DJ Bell-Drummond,DL Lloyd,0,0,,,,,,,,,,,,,
1127686,2018,2018-05-04,"Sophia Gardens, Cardiff",4,18.6,18.6,Kent,Glamorgan,SR Dickson,DJ Bell-Drummond,DL Lloyd,4,0,,,,,,,,,,,,,
1127686,2018,2018-05-04,"Sophia Gardens, Cardiff",4,19.1,19.1,Kent,Glamorgan,DJ Bell-Drummond,SR Dickson,MG Hogan,0,0,,,,,,,,,,,,,
1127686,2018,2018-05-04,"Sophia Gardens, Cardiff",4,19.2,19.2,Kent,Glamorgan,DJ Bell-Drummond,SR Dickson,MG Hogan,0,0,,,,,,,,,,,,,
1127686,2018,2018-05-04,"Sophia Gardens, Cardiff",4,19.3,19.3,Kent,Glamorgan,DJ Bell-Drummond,SR Dickson,MG Hogan,1,0,,,,,,,,,,,,,
1127686,2018,2018-05-04,"Sophia Gardens, Cardiff",4,19.4,19.4,Kent,Glamorgan,SR Dickson,DJ Bell-Drummond,MG Hogan,0,0,,,,,,,,,,,,,
1127686,2018,2018-05-04,"Sophia Gardens, Cardiff",4,19.5,19.5,Kent,Glamorgan,SR Dickson,DJ Bell-Drummond,MG Hogan,1,0,,,,,,,,,,,,,
1127686,2018,2018-05-04,"Sophia Gardens, Cardiff",4,19.6,19.6,Kent,Glamorgan,DJ Bell-Drummond,SR Dickson,MG Hogan,0,0,,,,,,,,,,,,,
1127686,2018,2018-05-04,"Sophia Gardens, Cardiff",4,20.1,20.1,Kent,Glamorgan,SR Dickson,DJ Bell-Drummond,AG Salter,0,0,,,,,,,,,,,,,
1127686,2018,2018-05-04,"Sophia Gardens, Cardiff",4,20.2,20.2,Kent,Glamorgan,SR Dickson,DJ Bell-Drummond,AG Salter,0,0,,,,,,,,,,,,,
1127686,2018,2018-05-04,"Sophia Gardens, Cardiff",4,20.3,20.3,Kent,Glamorgan,SR Dickson,DJ Bell-Drummond,AG Salter,1,0,,,,,,,,,,,,,
1127686,2018,2018-05-04,"Sophia Gardens, Cardiff",4,20.4,20.4,Kent,Glamorgan,DJ Bell-Drummond,SR Dickson,AG Salter,1,0,,,,,,,,,,,,,
1127686,2018,2018-05-04,"Sophia Gardens, Cardiff",4,20.5,20.5,Kent,Glamorgan,SR Dickson,DJ Bell-Drummond,AG Salter,0,0,,,,,,,,,,,,,
1127686,2018,2018-05-04,"Sophia Gardens, Cardiff",4,20.6,20.6,Kent,Glamorgan,SR Dickson,DJ Bell-Drummond,AG Salter,0,0,,,,,,,,,,,,,
1127686,2018,2018-05-04,"Sophia Gardens, Cardiff",4,21.1,21.1,Kent,Glamorgan,DJ Bell-Drummond,SR Dickson,T van der Gugten,0,0,,,,,,,,,,,,,
1127686,2018,2018-05-04,"Sophia Gardens, Cardiff",4,21.2,21.2,Kent,Glamorgan,DJ Bell-Drummond,SR Dickson,T van der Gugten,0,0,,,,,,,,,,,,,
1127686,2018,2018-05-04,"Sophia Gardens, Cardiff",4,21.3,21.3,Kent,Glamorgan,DJ Bell-Drummond,SR Dickson,T van der Gugten,0,0,,,,,,,,,,,,,
1127686,2018,2018-05-04,"Sophia Gardens, Cardiff",4,21.4,21.4,Kent,Glamorgan,DJ Bell-Drummond,SR Dickson,T van der Gugten,0,0,,,,,,,,,,,,,
1127686,2018,2018-05-04,"Sophia Gardens, Cardiff",4,21.5,21.5,Kent,Glamorgan,DJ Bell-Drummond,SR Dickson,T van der Gugten,0,0,,,,,,,,,,,,,
1127686,2018,2018-05-04,"Sophia Gardens, Cardiff",4,21.6,21.6,Kent,Glamorgan,DJ Bell-Drummond,SR Dickson,T van der Gugten,0,0,,,,,,,lbw,DJ Bell-Drummond,,,,,
1127686,2018,2018-05-04,"Sophia Gardens, Cardiff",4,22.1,22.1,Kent,Glamorgan,SR Dickson,HG Kuhn,AG Salter,0,0,,,,,,,,,,,,,
1127686,2018,2018-05-04,"Sophia Gardens, Cardiff",4,22.2,22.2,Kent,Glamorgan,SR Dickson,HG Kuhn,AG Salter,0,0,,,,,,,,,,,,,
1127686,2018,2018-05-04,"Sophia Gardens, Cardiff",4,22.3,22.3,Kent,Glamorgan,SR Dickson,HG Kuhn,AG Salter,1,0,,,,,,,,,,,,,
1127686,2018,2018-05-04,"Sophia Gardens, Cardiff",4,22.4,22.4,Kent,Glamorgan,HG Kuhn,SR Dickson,AG Salter,0,0,,,,,,,,,,,,,
1127686,2018,2018-05-04,"Sophia Gardens, Cardiff",4,22.5,22.5,Kent,Glamorgan,HG Kuhn,SR Dickson,AG Salter,0,0,,,,,,,,,,,,,
1127686,2018,2018-05-04,"Sophia Gardens, Cardiff",4,22.6,22.6,Kent,Glamorgan,HG Kuhn,SR Dickson,AG Salter,0,0,,,,,,,,,,,,,
1127686,2018,2018-05-04,"Sophia Gardens, Cardiff",4,23.1,23.1,Kent,Glamorgan,SR Dickson,HG Kuhn,T van der Gugten,0,0,,,,,,,,,,,,,
1127686,2018,2018-05-04,"Sophia Gardens, Cardiff",4,23.2,23.2,Kent,Glamorgan,SR Dickson,HG Kuhn,T van der Gugten,1,0,,,,,,,,,,,,,
1127686,2018,2018-05-04,"Sophia Gardens, Cardiff",4,23.3,23.3,Kent,Glamorgan,HG Kuhn,SR Dickson,T van der Gugten,0,0,,,,,,,,,,,,,
1127686,2018,2018-05-04,"Sophia Gardens, Cardiff",4,23.4,23.4,Kent,Glamorgan,HG Kuhn,SR Dickson,T van der Gugten,4,0,,,,,,,,,,,,,
1127686,2018,2018-05-04,"Sophia Gardens, Cardiff",4,23.5,23.5,Kent,Glamorgan,HG Kuhn,SR Dickson,T van der Gugten,4,0,,,,,,,,,,,,,
1127686,2018,2018-05-04,"Sophia Gardens, Cardiff",4,23.6,23.6,Kent,Glamorgan,HG Kuhn,SR Dickson,T van der Gugten,1,0,,,,,,,,,,,,,
1127686,2018,2018-05-04,"Sophia Gardens, Cardiff",4,24.1,24.1,Kent,Glamorgan,HG Kuhn,SR Dickson,AG Salter,0,0,,,,,,,,,,,,,
1127686,2018,2018-05-04,"Sophia Gardens, Cardiff",4,24.2,24.2,Kent,Glamorgan,HG Kuhn,SR Dickson,AG Salter,1,0,,,,,,,,,,,,,
1127686,2018,2018-05-04,"Sophia Gardens, Cardiff",4,24.3,24.3,Kent,Glamorgan,SR Dickson,HG Kuhn,AG Salter,1,0,,,,,,,,,,,,,
1127686,2018,2018-05-04,"Sophia Gardens, Cardiff",4,24.4,24.4,Kent,Glamorgan,HG Kuhn,SR Dickson,AG Salter,0,0,,,,,,,,,,,,,
1127686,2018,2018-05-04,"Sophia Gardens, Cardiff",4,24.5,24.5,Kent,Glamorgan,HG Kuhn,SR Dickson,AG Salter,2,0,,,,,,,,,,,,,
1127686,2018,2018-05-04,"Sophia Gardens, Cardiff",4,24.6,24.6,Kent,Glamorgan,HG Kuhn,SR Dickson,AG Salter,0,0,,,,,,,,,,,,,
1127686,2018,2018-05-04,"Sophia Gardens, Cardiff",4,25.1,25.1,Kent,Glamorgan,SR Dickson,HG Kuhn,T van der Gugten,0,0,,,,,,,,,,,,,
1127686,2018,2018-05-04,"Sophia Gardens, Cardiff",4,25.2,25.2,Kent,Glamorgan,SR Dickson,HG Kuhn,T van der Gugten,0,0,,,,,,,,,,,,,
1127686,2018,2018-05-04,"Sophia Gardens, Cardiff",4,25.3,25.3,Kent,Glamorgan,SR Dickson,HG Kuhn,T van der Gugten,0,0,,,,,,,,,,,,,
1127686,2018,2018-05-04,"Sophia Gardens, Cardiff",4,25.4,25.4,Kent,Glamorgan,SR Dickson,HG Kuhn,T van der Gugten,1,0,,,,,,,,,,,,,
1127686,2018,2018-05-04,"Sophia Gardens, Cardiff",4,25.5,25.5,Kent,Glamorgan,HG Kuhn,SR Dickson,T van der Gugten,0,0,,,,,,,,,,,,,
1127686,2018,2018-05-04,"Sophia Gardens, Cardiff",4,25.6,25.6,Kent,Glamorgan,HG Kuhn,SR Dickson,T van der Gugten,0,0,,,,,,,,,,,,,
1127686,2018,2018-05-04,"Sophia Gardens, Cardiff",4,26.1,26.1,Kent,Glamorgan,SR Dickson,HG Kuhn,AG Salter,0,0,,,,,,,,,,,,,
1127686,2018,2018-05-04,"Sophia Gardens, Cardiff",4,26.2,26.2,Kent,Glamorgan,SR Dickson,HG Kuhn,AG Salter,1,0,,,,,,,,,,,,,
1127686,2018,2018-05-04,"Sophia Gardens, Cardiff",4,26.3,26.3,Kent,Glamorgan,HG Kuhn,SR Dickson,AG Salter,0,0,,,,,,,,,,,,,
1127686,2018,2018-05-04,"Sophia Gardens, Cardiff",4,26.4,26.4,Kent,Glamorgan,HG Kuhn,SR Dickson,AG Salter,0,0,,,,,,,,,,,,,
1127686,2018,2018-05-04,"Sophia Gardens, Cardiff",4,26.5,26.5,Kent,Glamorgan,HG Kuhn,SR Dickson,AG Salter,0,0,,,,,,,,,,,,,
1127686,2018,2018-05-04,"Sophia Gardens, Cardiff",4,26.6,26.6,Kent,Glamorgan,HG Kuhn,SR Dickson,AG Salter,1,0,,,,,,,,,,,,,
1127686,2018,2018-05-04,"Sophia Gardens, Cardiff",4,27.1,27.1,Kent,Glamorgan,HG Kuhn,SR Dickson,T van der Gugten,0,0,,,,,,,,,,,,,
1127686,2018,2018-05-04,"Sophia Gardens, Cardiff",4,27.2,27.2,Kent,Glamorgan,HG Kuhn,SR Dickson,T van der Gugten,0,0,,,,,,,,,,,,,
1127686,2018,2018-05-04,"Sophia Gardens, Cardiff",4,27.3,27.3,Kent,Glamorgan,HG Kuhn,SR Dickson,T van der Gugten,1,0,,,,,,,,,,,,,
1127686,2018,2018-05-04,"Sophia Gardens, Cardiff",4,27.4,27.4,Kent,Glamorgan,SR Dickson,HG Kuhn,T van der Gugten,0,0,,,,,,,,,,,,,
1127686,2018,2018-05-04,"Sophia Gardens, Cardiff",4,27.5,27.5,Kent,Glamorgan,SR Dickson,HG Kuhn,T van der Gugten,1,0,,,,,,,,,,,,,
1127686,2018,2018-05-04,"Sophia Gardens, Cardiff",4,27.6,27.6,Kent,Glamorgan,HG Kuhn,SR Dickson,T van der Gugten,0,0,,,,,,,,,,,,,
1127686,2018,2018-05-04,"Sophia Gardens, Cardiff",4,28.1,28.1,Kent,Glamorgan,SR Dickson,HG Kuhn,AG Salter,0,0,,,,,,,,,,,,,
1127686,2018,2018-05-04,"Sophia Gardens, Cardiff",4,28.2,28.2,Kent,Glamorgan,SR Dickson,HG Kuhn,AG Salter,0,0,,,,,,,,,,,,,
1127686,2018,2018-05-04,"Sophia Gardens, Cardiff",4,28.3,28.3,Kent,Glamorgan,SR Dickson,HG Kuhn,AG Salter,1,0,,,,,,,,,,,,,
1127686,2018,2018-05-04,"Sophia Gardens, Cardiff",4,28.4,28.4,Kent,Glamorgan,HG Kuhn,SR Dickson,AG Salter,4,0,,,,,,,,,,,,,
1127686,2018,2018-05-04,"Sophia Gardens, Cardiff",4,28.5,28.5,Kent,Glamorgan,HG Kuhn,SR Dickson,AG Salter,0,0,,,,,,,,,,,,,
1127686,2018,2018-05-04,"Sophia Gardens, Cardiff",4,28.6,28.6,Kent,Glamorgan,HG Kuhn,SR Dickson,AG Salter,0,0,,,,,,,,,,,,,
1127686,2018,2018-05-04,"Sophia Gardens, Cardiff",4,29.1,29.1,Kent,Glamorgan,SR Dickson,HG Kuhn,M de Lange,0,0,,,,,,,,,,,,,
1127686,2018,2018-05-04,"Sophia Gardens, Cardiff",4,29.2,29.2,Kent,Glamorgan,SR Dickson,HG Kuhn,M de Lange,0,0,,,,,,,lbw,SR Dickson,,,,,
1127686,2018,2018-05-04,"Sophia Gardens, Cardiff",4,29.3,29.3,Kent,Glamorgan,JL Denly,HG Kuhn,M de Lange,0,0,,,,,,,,,,,,,
1127686,2018,2018-05-04,"Sophia Gardens, Cardiff",4,29.4,29.4,Kent,Glamorgan,JL Denly,HG Kuhn,M de Lange,2,0,,,,,,,,,,,,,
1127686,2018,2018-05-04,"Sophia Gardens, Cardiff",4,29.5,29.5,Kent,Glamorgan,JL Denly,HG Kuhn,M de Lange,0,0,,,,,,,,,,,,,
1127686,2018,2018-05-04,"Sophia Gardens, Cardiff",4,29.6,29.6,Kent,Glamorgan,JL Denly,HG Kuhn,M de Lange,0,0,,,,,,,,,,,,,
1127686,2018,2018-05-04,"Sophia Gardens, Cardiff",4,30.1,30.1,Kent,Glamorgan,HG Kuhn,JL Denly,AG Salter,1,0,,,,,,,,,,,,,
1127686,2018,2018-05-04,"Sophia Gardens, Cardiff",4,30.2,30.2,Kent,Glamorgan,JL Denly,HG Kuhn,AG Salter,0,0,,,,,,,,,,,,,
1127686,2018,2018-05-04,"Sophia Gardens, Cardiff",4,30.3,30.3,Kent,Glamorgan,JL Denly,HG Kuhn,AG Salter,1,0,,,,,,,,,,,,,
1127686,2018,2018-05-04,"Sophia Gardens, Cardiff",4,30.4,30.4,Kent,Glamorgan,HG Kuhn,JL Denly,AG Salter,0,0,,,,,,,,,,,,,
1127686,2018,2018-05-04,"Sophia Gardens, Cardiff",4,30.5,30.5,Kent,Glamorgan,HG Kuhn,JL Denly,AG Salter,1,0,,,,,,,,,,,,,
1127686,2018,2018-05-04,"Sophia Gardens, Cardiff",4,30.6,30.6,Kent,Glamorgan,JL Denly,HG Kuhn,AG Salter,0,0,,,,,,,,,,,,,
1127686,2018,2018-05-04,"Sophia Gardens, Cardiff",4,31.1,31.1,Kent,Glamorgan,HG Kuhn,JL Denly,M de Lange,4,0,,,,,,,,,,,,,
1127686,2018,2018-05-04,"Sophia Gardens, Cardiff",4,31.2,31.2,Kent,Glamorgan,HG Kuhn,JL Denly,M de Lange,0,0,,,,,,,,,,,,,
1127686,2018,2018-05-04,"Sophia Gardens, Cardiff",4,31.3,31.3,Kent,Glamorgan,HG Kuhn,JL Denly,M de Lange,0,0,,,,,,,,,,,,,
1127686,2018,2018-05-04,"Sophia Gardens, Cardiff",4,31.4,31.4,Kent,Glamorgan,HG Kuhn,JL Denly,M de Lange,4,0,,,,,,,,,,,,,
1127686,2018,2018-05-04,"Sophia Gardens, Cardiff",4,31.5,31.5,Kent,Glamorgan,HG Kuhn,JL Denly,M de Lange,4,0,,,,,,,,,,,,,
1127686,2018,2018-05-04,"Sophia Gardens, Cardiff",4,31.6,31.6,Kent,Glamorgan,HG Kuhn,JL Denly,M de Lange,0,0,,,,,,,,,,,,,
1127686,2018,2018-05-04,"Sophia Gardens, Cardiff",4,32.1,32.1,Kent,Glamorgan,JL Denly,HG Kuhn,AG Salter,0,0,,,,,,,,,,,,,
1127686,2018,2018-05-04,"Sophia Gardens, Cardiff",4,32.2,32.2,Kent,Glamorgan,JL Denly,HG Kuhn,AG Salter,0,0,,,,,,,,,,,,,
1127686,2018,2018-05-04,"Sophia Gardens, Cardiff",4,32.3,32.3,Kent,Glamorgan,JL Denly,HG Kuhn,AG Salter,6,0,,,,,,,,,,,,,
1127686,2018,2018-05-04,"Sophia Gardens, Cardiff",4,32.4,32.4,Kent,Glamorgan,JL Denly,HG Kuhn,AG Salter,0,0,,,,,,,,,,,,,
1127686,2018,2018-05-04,"Sophia Gardens, Cardiff",4,32.5,32.5,Kent,Glamorgan,JL Denly,HG Kuhn,AG Salter,2,0,,,,,,,,,,,,,
1127686,2018,2018-05-04,"Sophia Gardens, Cardiff",4,32.6,32.6,Kent,Glamorgan,JL Denly,HG Kuhn,AG Salter,2,0,,,,,,,,,,,,,
1127686,2018,2018-05-04,"Sophia Gardens, Cardiff",4,33.1,33.1,Kent,Glamorgan,HG Kuhn,JL Denly,M de Lange,0,0,,,,,,,,,,,,,
1127686,2018,2018-05-04,"Sophia Gardens, Cardiff",4,33.2,33.2,Kent,Glamorgan,HG Kuhn,JL Denly,M de Lange,0,0,,,,,,,,,,,,,
1127686,2018,2018-05-04,"Sophia Gardens, Cardiff",4,33.3,33.3,Kent,Glamorgan,HG Kuhn,JL Denly,M de Lange,0,0,,,,,,,,,,,,,
1127686,2018,2018-05-04,"Sophia Gardens, Cardiff",4,33.4,33.4,Kent,Glamorgan,HG Kuhn,JL Denly,M de Lange,4,0,,,,,,,,,,,,,
1127686,2018,2018-05-04,"Sophia Gardens, Cardiff",4,33.5,33.5,Kent,Glamorgan,HG Kuhn,JL Denly,M de Lange,0,0,,,,,,,,,,,,,
1127686,2018,2018-05-04,"Sophia Gardens, Cardiff",4,33.6,33.6,Kent,Glamorgan,HG Kuhn,JL Denly,M de Lange,0,0,,,,,,,,,,,,,
1127686,2018,2018-05-04,"Sophia Gardens, Cardiff",4,34.1,34.1,Kent,Glamorgan,JL Denly,HG Kuhn,AG Salter,0,0,,,,,,,,,,,,,
1127686,2018,2018-05-04,"Sophia Gardens, Cardiff",4,34.2,34.2,Kent,Glamorgan,JL Denly,HG Kuhn,AG Salter,0,0,,,,,,,,,,,,,
1127686,2018,2018-05-04,"Sophia Gardens, Cardiff",4,34.3,34.3,Kent,Glamorgan,JL Denly,HG Kuhn,AG Salter,0,0,,,,,,,,,,,,,
1127686,2018,2018-05-04,"Sophia Gardens, Cardiff",4,34.4,34.4,Kent,Glamorgan,JL Denly,HG Kuhn,AG Salter,0,0,,,,,,,,,,,,,
1127686,2018,2018-05-04,"Sophia Gardens, Cardiff",4,34.5,34.5,Kent,Glamorgan,JL Denly,HG Kuhn,AG Salter,4,0,,,,,,,,,,,,,
1127686,2018,2018-05-04,"Sophia Gardens, Cardiff",4,34.6,34.6,Kent,Glamorgan,JL Denly,HG Kuhn,AG Salter,0,0,,,,,,,,,,,,,
1127686,2018,2018-05-04,"Sophia Gardens, Cardiff",4,35.1,35.1,Kent,Glamorgan,HG Kuhn,JL Denly,M de Lange,0,0,,,,,,,,,,,,,
1127686,2018,2018-05-04,"Sophia Gardens, Cardiff",4,35.2,35.2,Kent,Glamorgan,HG Kuhn,JL Denly,M de Lange,4,0,,,,,,,,,,,,,
1127686,2018,2018-05-04,"Sophia Gardens, Cardiff",4,35.3,35.3,Kent,Glamorgan,HG Kuhn,JL Denly,M de Lange,0,0,,,,,,,,,,,,,
1127686,2018,2018-05-04,"Sophia Gardens, Cardiff",4,35.4,35.4,Kent,Glamorgan,HG Kuhn,JL Denly,M de Lange,1,0,,,,,,,,,,,,,
1127686,2018,2018-05-04,"Sophia Gardens, Cardiff",4,35.5,35.5,Kent,Glamorgan,JL Denly,HG Kuhn,M de Lange,0,0,,,,,,,,,,,,,
1127686,2018,2018-05-04,"Sophia Gardens, Cardiff",4,35.6,35.6,Kent,Glamorgan,JL Denly,HG Kuhn,M de Lange,1,0,,,,,,,,,,,,,
1127686,2018,2018-05-04,"Sophia Gardens, Cardiff",4,36.1,36.1,Kent,Glamorgan,JL Denly,HG Kuhn,AG Salter,1,0,,,,,,,,,,,,,
1127686,2018,2018-05-04,"Sophia Gardens, Cardiff",4,36.2,36.2,Kent,Glamorgan,HG Kuhn,JL Denly,AG Salter,4,0,,,,,,,,,,,,,
1127686,2018,2018-05-04,"Sophia Gardens, Cardiff",4,36.3,36.3,Kent,Glamorgan,HG Kuhn,JL Denly,AG Salter,0,0,,,,,,,,,,,,,
1127686,2018,2018-05-04,"Sophia Gardens, Cardiff",4,36.4,36.4,Kent,Glamorgan,HG Kuhn,JL Denly,AG Salter,4,0,,,,,,,,,,,,,
1127686,2018,2018-05-04,"Sophia Gardens, Cardiff",4,36.5,36.5,Kent,Glamorgan,HG Kuhn,JL Denly,AG Salter,0,0,,,,,,,,,,,,,
1127686,2018,2018-05-04,"Sophia Gardens, Cardiff",4,36.6,36.6,Kent,Glamorgan,HG Kuhn,JL Denly,AG Salter,1,0,,,,,,,,,,,,,
1127686,2018,2018-05-04,"Sophia Gardens, Cardiff",4,37.1,37.1,Kent,Glamorgan,HG Kuhn,JL Denly,MG Hogan,1,0,,,,,,,,,,,,,
1127686,2018,2018-05-04,"Sophia Gardens, Cardiff",4,37.2,37.2,Kent,Glamorgan,JL Denly,HG Kuhn,MG Hogan,0,0,,,,,,,,,,,,,
1127686,2018,2018-05-04,"Sophia Gardens, Cardiff",4,37.3,37.3,Kent,Glamorgan,JL Denly,HG Kuhn,MG Hogan,0,0,,,,,,,,,,,,,
1127686,2018,2018-05-04,"Sophia Gardens, Cardiff",4,37.4,37.4,Kent,Glamorgan,JL Denly,HG Kuhn,MG Hogan,0,0,,,,,,,,,,,,,
1127686,2018,2018-05-04,"Sophia Gardens, Cardiff",4,37.5,37.5,Kent,Glamorgan,JL Denly,HG Kuhn,MG Hogan,0,0,,,,,,,,,,,,,
1127686,2018,2018-05-04,"Sophia Gardens, Cardiff",4,37.6,37.6,Kent,Glamorgan,JL Denly,HG Kuhn,MG Hogan,0,0,,,,,,,,,,,,,
1127686,2018,2018-05-04,"Sophia Gardens, Cardiff",4,38.1,38.1,Kent,Glamorgan,HG Kuhn,JL Denly,AG Salter,0,0,,,,,,,,,,,,,
1127686,2018,2018-05-04,"Sophia Gardens, Cardiff",4,38.2,38.2,Kent,Glamorgan,HG Kuhn,JL Denly,AG Salter,0,0,,,,,,,,,,,,,
1127686,2018,2018-05-04,"Sophia Gardens, Cardiff",4,38.3,38.3,Kent,Glamorgan,HG Kuhn,JL Denly,AG Salter,0,0,,,,,,,,,,,,,
1127686,2018,2018-05-04,"Sophia Gardens, Cardiff",4,38.4,38.4,Kent,Glamorgan,HG Kuhn,JL Denly,AG Salter,0,4,,,4,,,,,,,,,,
1127686,2018,2018-05-04,"Sophia Gardens, Cardiff",4,38.5,38.5,Kent,Glamorgan,HG Kuhn,JL Denly,AG Salter,0,0,,,,,,,,,,,,,
1127686,2018,2018-05-04,"Sophia Gardens, Cardiff",4,38.6,38.6,Kent,Glamorgan,HG Kuhn,JL Denly,AG Salter,1,0,,,,,,,,,,,,,
1127686,2018,2018-05-04,"Sophia Gardens, Cardiff",4,39.1,39.1,Kent,Glamorgan,HG Kuhn,JL Denly,MG Hogan,0,0,,,,,,,,,,,,,
1127686,2018,2018-05-04,"Sophia Gardens, Cardiff",4,39.2,39.2,Kent,Glamorgan,HG Kuhn,JL Denly,MG Hogan,0,0,,,,,,,,,,,,,
1127686,2018,2018-05-04,"Sophia Gardens, Cardiff",4,39.3,39.3,Kent,Glamorgan,HG Kuhn,JL Denly,MG Hogan,0,0,,,,,,,,,,,,,
1127686,2018,2018-05-04,"Sophia Gardens, Cardiff",4,39.4,39.4,Kent,Glamorgan,HG Kuhn,JL Denly,MG Hogan,1,0,,,,,,,,,,,,,
1127686,2018,2018-05-04,"Sophia Gardens, Cardiff",4,39.5,39.5,Kent,Glamorgan,JL Denly,HG Kuhn,MG Hogan,0,0,,,,,,,,,,,,,
1127686,2018,2018-05-04,"Sophia Gardens, Cardiff",4,39.6,39.6,Kent,Glamorgan,JL Denly,HG Kuhn,MG Hogan,4,0,,,,,,,,,,,,,
1127686,2018,2018-05-04,"Sophia Gardens, Cardiff",4,40.1,40.1,Kent,Glamorgan,HG Kuhn,JL Denly,AG Salter,0,0,,,,,,,,,,,,,
1127686,2018,2018-05-04,"Sophia Gardens, Cardiff",4,40.2,40.2,Kent,Glamorgan,HG Kuhn,JL Denly,AG Salter,1,0,,,,,,,,,,,,,
1127686,2018,2018-05-04,"Sophia Gardens, Cardiff",4,40.3,40.3,Kent,Glamorgan,JL Denly,HG Kuhn,AG Salter,0,0,,,,,,,,,,,,,
1127686,2018,2018-05-04,"Sophia Gardens, Cardiff",4,40.4,40.4,Kent,Glamorgan,JL Denly,HG Kuhn,AG Salter,1,0,,,,,,,,,,,,,
1127686,2018,2018-05-04,"Sophia Gardens, Cardiff",4,40.5,40.5,Kent,Glamorgan,HG Kuhn,JL Denly,AG Salter,1,0,,,,,,,,,,,,,
1127686,2018,2018-05-04,"Sophia Gardens, Cardiff",4,40.6,40.6,Kent,Glamorgan,JL Denly,HG Kuhn,AG Salter,1,0,,,,,,,,,,,,,
1127686,2018,2018-05-04,"Sophia Gardens, Cardiff",4,41.1,41.1,Kent,Glamorgan,JL Denly,HG Kuhn,MG Hogan,0,0,,,,,,,,,,,,,
1127686,2018,2018-05-04,"Sophia Gardens, Cardiff",4,41.2,41.2,Kent,Glamorgan,JL Denly,HG Kuhn,MG Hogan,1,0,,,,,,,,,,,,,
1127686,2018,2018-05-04,"Sophia Gardens, Cardiff",4,41.3,41.3,Kent,Glamorgan,HG Kuhn,JL Denly,MG Hogan,0,0,,,,,,,,,,,,,
1127686,2018,2018-05-04,"Sophia Gardens, Cardiff",4,41.4,41.4,Kent,Glamorgan,HG Kuhn,JL Denly,MG Hogan,0,0,,,,,,,,,,,,,
1127686,2018,2018-05-04,"Sophia Gardens, Cardiff",4,41.5,41.5,Kent,Glamorgan,HG Kuhn,JL Denly,MG Hogan,4,0,,,,,,,,,,,,,
1127686,2018,2018-05-04,"Sophia Gardens, Cardiff",4,41.6,41.6,Kent,Glamorgan,HG Kuhn,JL Denly,MG Hogan,0,0,,,,,,,,,,,,,
1127686,2018,2018-05-04,"Sophia Gardens, Cardiff",4,42.1,42.1,Kent,Glamorgan,JL Denly,HG Kuhn,AG Salter,0,0,,,,,,,,,,,,,
1127686,2018,2018-05-04,"Sophia Gardens, Cardiff",4,42.2,42.2,Kent,Glamorgan,JL Denly,HG Kuhn,AG Salter,0,0,,,,,,,,,,,,,
1127686,2018,2018-05-04,"Sophia Gardens, Cardiff",4,42.3,42.3,Kent,Glamorgan,JL Denly,HG Kuhn,AG Salter,0,0,,,,,,,,,,,,,
1127686,2018,2018-05-04,"Sophia Gardens, Cardiff",4,42.4,42.4,Kent,Glamorgan,JL Denly,HG Kuhn,AG Salter,0,0,,,,,,,caught,JL Denly,,,TN Cullen,,
1127686,2018,2018-05-04,"Sophia Gardens, Cardiff",4,42.5,42.5,Kent,Glamorgan,HG Kuhn,Z Crawley,AG Salter,1,0,,,,,,,,,,,,,
1127686,2018,2018-05-04,"Sophia Gardens, Cardiff",4,42.6,42.6,Kent,Glamorgan,Z Crawley,HG Kuhn,AG Salter,0,0,,,,,,,,,,,,,
1127686,2018,2018-05-04,"Sophia Gardens, Cardiff",4,43.1,43.1,Kent,Glamorgan,HG Kuhn,Z Crawley,MG Hogan,0,0,,,,,,,,,,,,,
1127686,2018,2018-05-04,"Sophia Gardens, Cardiff",4,43.2,43.2,Kent,Glamorgan,HG Kuhn,Z Crawley,MG Hogan,0,0,,,,,,,,,,,,,
1127686,2018,2018-05-04,"Sophia Gardens, Cardiff",4,43.3,43.3,Kent,Glamorgan,HG Kuhn,Z Crawley,MG Hogan,0,0,,,,,,,,,,,,,
1127686,2018,2018-05-04,"Sophia Gardens, Cardiff",4,43.4,43.4,Kent,Glamorgan,HG Kuhn,Z Crawley,MG Hogan,0,0,,,,,,,,,,,,,
1127686,2018,2018-05-04,"Sophia Gardens, Cardiff",4,43.5,43.5,Kent,Glamorgan,HG Kuhn,Z Crawley,MG Hogan,1,0,,,,,,,,,,,,,
1127686,2018,2018-05-04,"Sophia Gardens, Cardiff",4,43.6,43.6,Kent,Glamorgan,Z Crawley,HG Kuhn,MG Hogan,0,0,,,,,,,,,,,,,
1127686,2018,2018-05-04,"Sophia Gardens, Cardiff",4,44.1,44.1,Kent,Glamorgan,HG Kuhn,Z Crawley,AG Salter,0,0,,,,,,,,,,,,,
1127686,2018,2018-05-04,"Sophia Gardens, Cardiff",4,44.2,44.2,Kent,Glamorgan,HG Kuhn,Z Crawley,AG Salter,0,0,,,,,,,,,,,,,
1127686,2018,2018-05-04,"Sophia Gardens, Cardiff",4,44.3,44.3,Kent,Glamorgan,HG Kuhn,Z Crawley,AG Salter,1,0,,,,,,,,,,,,,
1127686,2018,2018-05-04,"Sophia Gardens, Cardiff",4,44.4,44.4,Kent,Glamorgan,Z Crawley,HG Kuhn,AG Salter,0,0,,,,,,,,,,,,,
1127686,2018,2018-05-04,"Sophia Gardens, Cardiff",4,44.5,44.5,Kent,Glamorgan,Z Crawley,HG Kuhn,AG Salter,4,0,,,,,,,,,,,,,
1127686,2018,2018-05-04,"Sophia Gardens, Cardiff",4,44.6,44.6,Kent,Glamorgan,Z Crawley,HG Kuhn,AG Salter,0,0,,,,,,,,,,,,,
1127686,2018,2018-05-04,"Sophia Gardens, Cardiff",4,45.1,45.1,Kent,Glamorgan,HG Kuhn,Z Crawley,M de Lange,1,0,,,,,,,,,,,,,
1127686,2018,2018-05-04,"Sophia Gardens, Cardiff",4,45.2,45.2,Kent,Glamorgan,Z Crawley,HG Kuhn,M de Lange,1,0,,,,,,,,,,,,,
1127686,2018,2018-05-04,"Sophia Gardens, Cardiff",4,45.3,45.3,Kent,Glamorgan,HG Kuhn,Z Crawley,M de Lange,0,0,,,,,,,,,,,,,
1127686,2018,2018-05-04,"Sophia Gardens, Cardiff",4,45.4,45.4,Kent,Glamorgan,HG Kuhn,Z Crawley,M de Lange,1,0,,,,,,,,,,,,,
1127686,2018,2018-05-04,"Sophia Gardens, Cardiff",4,45.5,45.5,Kent,Glamorgan,Z Crawley,HG Kuhn,M de Lange,2,0,,,,,,,,,,,,,
1127686,2018,2018-05-04,"Sophia Gardens, Cardiff",4,45.6,45.6,Kent,Glamorgan,Z Crawley,HG Kuhn,M de Lange,1,0,,,,,,,,,,,,,
1127686,2018,2018-05-04,"Sophia Gardens, Cardiff",4,46.1,46.1,Kent,Glamorgan,Z Crawley,HG Kuhn,AG Salter,3,0,,,,,,,,,,,,,
1127686,2018,2018-05-04,"Sophia Gardens, Cardiff",4,46.2,46.2,Kent,Glamorgan,HG Kuhn,Z Crawley,AG Salter,0,0,,,,,,,,,,,,,
1127686,2018,2018-05-04,"Sophia Gardens, Cardiff",4,46.3,46.3,Kent,Glamorgan,HG Kuhn,Z Crawley,AG Salter,0,0,,,,,,,,,,,,,
1127686,2018,2018-05-04,"Sophia Gardens, Cardiff",4,46.4,46.4,Kent,Glamorgan,HG Kuhn,Z Crawley,AG Salter,0,0,,,,,,,,,,,,,
1127686,2018,2018-05-04,"Sophia Gardens, Cardiff",4,46.5,46.5,Kent,Glamorgan,HG Kuhn,Z Crawley,AG Salter,4,0,,,,,,,,,,,,,
1127686,2018,2018-05-04,"Sophia Gardens, Cardiff",4,46.6,46.6,Kent,Glamorgan,HG Kuhn,Z Crawley,AG Salter,0,0,,,,,,,,,,,,,
1127686,2018,2018-05-04,"Sophia Gardens, Cardiff",4,47.1,47.1,Kent,Glamorgan,Z Crawley,HG Kuhn,M de Lange,0,0,,,,,,,,,,,,,
1127686,2018,2018-05-04,"Sophia Gardens, Cardiff",4,47.2,47.2,Kent,Glamorgan,Z Crawley,HG Kuhn,M de Lange,0,0,,,,,,,,,,,,,
1127686,2018,2018-05-04,"Sophia Gardens, Cardiff",4,47.3,47.3,Kent,Glamorgan,Z Crawley,HG Kuhn,M de Lange,0,0,,,,,,,,,,,,,
1127686,2018,2018-05-04,"Sophia Gardens, Cardiff",4,47.4,47.4,Kent,Glamorgan,Z Crawley,HG Kuhn,M de Lange,0,0,,,,,,,lbw,Z Crawley,,,,,
1127686,2018,2018-05-04,"Sophia Gardens, Cardiff",4,47.5,47.5,Kent,Glamorgan,DI Stevens,HG Kuhn,M de Lange,0,0,,,,,,,,,,,,,
1127686,2018,2018-05-04,"Sophia Gardens, Cardiff",4,47.6,47.6,Kent,Glamorgan,DI Stevens,HG Kuhn,M de Lange,0,0,,,,,,,,,,,,,
1127686,2018,2018-05-04,"Sophia Gardens, Cardiff",4,48.1,48.1,Kent,Glamorgan,HG Kuhn,DI Stevens,AG Salter,0,0,,,,,,,,,,,,,
1127686,2018,2018-05-04,"Sophia Gardens, Cardiff",4,48.2,48.2,Kent,Glamorgan,HG Kuhn,DI Stevens,AG Salter,0,0,,,,,,,,,,,,,
1127686,2018,2018-05-04,"Sophia Gardens, Cardiff",4,48.3,48.3,Kent,Glamorgan,HG Kuhn,DI Stevens,AG Salter,1,0,,,,,,,,,,,,,
1127686,2018,2018-05-04,"Sophia Gardens, Cardiff",4,48.4,48.4,Kent,Glamorgan,DI Stevens,HG Kuhn,AG Salter,0,0,,,,,,,,,,,,,
1127686,2018,2018-05-04,"Sophia Gardens, Cardiff",4,48.5,48.5,Kent,Glamorgan,DI Stevens,HG Kuhn,AG Salter,1,0,,,,,,,,,,,,,
