match_id,season,start_date,venue,innings,ball,actual_delivery,batting_team,bowling_team,striker,non_striker,bowler,runs_off_bat,extras,wides,noballs,byes,legbyes,penalty,non_boundary,wicket_type,player_dismissed,other_wicket_type,other_player_dismissed,fielder_1,fielder_2,fielder_3
1167037,2019,2019-09-23,"Lord's, London",1,0.1,0.1,Middlesex,Derbyshire,SD Robson,NRT Gubbins,LM Reece,0,0,,,,,,,,,,,,,
1167037,2019,2019-09-23,"Lord's, London",1,0.2,0.2,Middlesex,Derbyshire,SD Robson,NRT Gubbins,LM Reece,0,0,,,,,,,,,,,,,
1167037,2019,2019-09-23,"Lord's, London",1,0.3,0.3,Middlesex,Derbyshire,SD Robson,NRT Gubbins,LM Reece,4,0,,,,,,,,,,,,,
1167037,2019,2019-09-23,"Lord's, London",1,0.4,0.4,Middlesex,Derbyshire,SD Robson,NRT Gubbins,LM Reece,1,0,,,,,,,,,,,,,
1167037,2019,2019-09-23,"Lord's, London",1,0.5,0.5,Middlesex,Derbyshire,NRT Gubbins,SD Robson,LM Reece,0,0,,,,,,,,,,,,,
1167037,2019,2019-09-23,"Lord's, London",1,0.6,0.6,Middlesex,Derbyshire,NRT Gubbins,SD Robson,LM Reece,0,0,,,,,,,,,,,,,
1167037,2019,2019-09-23,"Lord's, London",1,1.1,1.1,Middlesex,Derbyshire,SD Robson,NRT Gubbins,FJ Hudson-Prentice,0,0,,,,,,,,,,,,,
1167037,2019,2019-09-23,"Lord's, London",1,1.2,1.2,Middlesex,Derbyshire,SD Robson,NRT Gubbins,FJ Hudson-Prentice,4,0,,,,,,,,,,,,,
1167037,2019,2019-09-23,"Lord's, London",1,1.3,1.3,Middlesex,Derbyshire,SD Robson,NRT Gubbins,FJ Hudson-Prentice,0,0,,,,,,,,,,,,,
1167037,2019,2019-09-23,"Lord's, London",1,1.4,1.4,Middlesex,Derbyshire,SD Robson,NRT Gubbins,FJ Hudson-Prentice,0,0,,,,,,,,,,,,,
1167037,2019,2019-09-23,"Lord's, London",1,1.5,1.5,Middlesex,Derbyshire,SD Robson,NRT Gubbins,FJ Hudson-Prentice,0,0,,,,,,,,,,,,,
1167037,2019,2019-09-23,"Lord's, London",1,1.6,1.6,Middlesex,Derbyshire,SD Robson,NRT Gubbins,FJ Hudson-Prentice,4,0,,,,,,,,,,,,,
1167037,2019,2019-09-23,"Lord's, London",1,2.1,2.1,Middlesex,Derbyshire,NRT Gubbins,SD Robson,LM Reece,0,0,,,,,,,,,,,,,
1167037,2019,2019-09-23,"Lord's, London",1,2.2,2.2,Middlesex,Derbyshire,NRT Gubbins,SD Robson,LM Reece,0,0,,,,,,,,,,,,,
1167037,2019,2019-09-23,"Lord's, London",1,2.3,2.3,Middlesex,Derbyshire,NRT Gubbins,SD Robson,LM Reece,0,0,,,,,,,,,,,,,
1167037,2019,2019-09-23,"Lord's, London",1,2.4,2.4,Middlesex,Derbyshire,NRT Gubbins,SD Robson,LM Reece,0,0,,,,,,,,,,,,,
1167037,2019,2019-09-23,"Lord's, London",1,2.5,2.5,Middlesex,Derbyshire,NRT Gubbins,SD Robson,LM Reece,0,0,,,,,,,,,,,,,
1167037,2019,2019-09-23,"Lord's, London",1,2.6,2.6,Middlesex,Derbyshire,NRT Gubbins,SD Robson,LM Reece,0,0,,,,,,,,,,,,,
1167037,2019,2019-09-23,"Lord's, London",1,3.1,3.1,Middlesex,Derbyshire,SD Robson,NRT Gubbins,FJ Hudson-Prentice,0,0,,,,,,,,,,,,,
1167037,2019,2019-09-23,"Lord's, London",1,3.2,3.2,Middlesex,Derbyshire,SD Robson,NRT Gubbins,FJ Hudson-Prentice,0,0,,,,,,,,,,,,,
1167037,2019,2019-09-23,"Lord's, London",1,3.3,3.3,Middlesex,Derbyshire,SD Robson,NRT Gubbins,FJ Hudson-Prentice,0,0,,,,,,,,,,,,,
1167037,2019,2019-09-23,"Lord's, London",1,3.4,3.4,Middlesex,Derbyshire,SD Robson,NRT Gubbins,FJ Hudson-Prentice,0,0,,,,,,,,,,,,,
1167037,2019,2019-09-23,"Lord's, London",1,3.5,3.5,Middlesex,Derbyshire,SD Robson,NRT Gubbins,FJ Hudson-Prentice,0,0,,,,,,,,,,,,,
1167037,2019,2019-09-23,"Lord's, London",1,3.6,3.6,Middlesex,Derbyshire,SD Robson,NRT Gubbins,FJ Hudson-Prentice,0,0,,,,,,,,,,,,,
1167037,2019,2019-09-23,"Lord's, London",1,4.1,4.1,Middlesex,Derbyshire,NRT Gubbins,SD Robson,LM Reece,0,0,,,,,,,,,,,,,
1167037,2019,2019-09-23,"Lord's, London",1,4.2,4.2,Middlesex,Derbyshire,NRT Gubbins,SD Robson,LM Reece,0,0,,,,,,,,,,,,,
1167037,2019,2019-09-23,"Lord's, London",1,4.3,4.3,Middlesex,Derbyshire,NRT Gubbins,SD Robson,LM Reece,0,0,,,,,,,caught,NRT Gubbins,,,HR Hosein,,
1167037,2019,2019-09-23,"Lord's, London",1,4.4,4.4,Middlesex,Derbyshire,MDE Holden,SD Robson,LM Reece,0,0,,,,,,,,,,,,,
1167037,2019,2019-09-23,"Lord's, London",1,4.5,4.5,Middlesex,Derbyshire,MDE Holden,SD Robson,LM Reece,0,0,,,,,,,,,,,,,
1167037,2019,2019-09-23,"Lord's, London",1,4.6,4.6,Middlesex,Derbyshire,MDE Holden,SD Robson,LM Reece,0,0,,,,,,,,,,,,,
1167037,2019,2019-09-23,"Lord's, London",1,5.1,5.1,Middlesex,Derbyshire,SD Robson,MDE Holden,FJ Hudson-Prentice,0,0,,,,,,,,,,,,,
1167037,2019,2019-09-23,"Lord's, London",1,5.2,5.2,Middlesex,Derbyshire,SD Robson,MDE Holden,FJ Hudson-Prentice,0,0,,,,,,,,,,,,,
1167037,2019,2019-09-23,"Lord's, London",1,5.3,5.3,Middlesex,Derbyshire,SD Robson,MDE Holden,FJ Hudson-Prentice,0,0,,,,,,,,,,,,,
1167037,2019,2019-09-23,"Lord's, London",1,5.4,5.4,Middlesex,Derbyshire,SD Robson,MDE Holden,FJ Hudson-Prentice,0,0,,,,,,,,,,,,,
1167037,2019,2019-09-23,"Lord's, London",1,5.5,5.5,Middlesex,Derbyshire,SD Robson,MDE Holden,FJ Hudson-Prentice,0,0,,,,,,,,,,,,,
1167037,2019,2019-09-23,"Lord's, London",1,5.6,5.6,Middlesex,Derbyshire,SD Robson,MDE Holden,FJ Hudson-Prentice,0,0,,,,,,,,,,,,,
1167037,2019,2019-09-23,"Lord's, London",1,6.1,6.1,Middlesex,Derbyshire,MDE Holden,SD Robson,LM Reece,0,0,,,,,,,,,,,,,
1167037,2019,2019-09-23,"Lord's, London",1,6.2,6.2,Middlesex,Derbyshire,MDE Holden,SD Robson,LM Reece,0,0,,,,,,,,,,,,,
1167037,2019,2019-09-23,"Lord's, London",1,6.3,6.3,Middlesex,Derbyshire,MDE Holden,SD Robson,LM Reece,0,0,,,,,,,,,,,,,
1167037,2019,2019-09-23,"Lord's, London",1,6.4,6.4,Middlesex,Derbyshire,MDE Holden,SD Robson,LM Reece,0,0,,,,,,,,,,,,,
1167037,2019,2019-09-23,"Lord's, London",1,6.5,6.5,Middlesex,Derbyshire,MDE Holden,SD Robson,LM Reece,0,0,,,,,,,,,,,,,
1167037,2019,2019-09-23,"Lord's, London",1,6.6,6.6,Middlesex,Derbyshire,MDE Holden,SD Robson,LM Reece,0,0,,,,,,,,,,,,,
1167037,2019,2019-09-23,"Lord's, London",1,7.1,7.1,Middlesex,Derbyshire,SD Robson,MDE Holden,FJ Hudson-Prentice,0,0,,,,,,,,,,,,,
1167037,2019,2019-09-23,"Lord's, London",1,7.2,7.2,Middlesex,Derbyshire,SD Robson,MDE Holden,FJ Hudson-Prentice,0,0,,,,,,,,,,,,,
1167037,2019,2019-09-23,"Lord's, London",1,7.3,7.3,Middlesex,Derbyshire,SD Robson,MDE Holden,FJ Hudson-Prentice,0,0,,,,,,,,,,,,,
1167037,2019,2019-09-23,"Lord's, London",1,7.4,7.4,Middlesex,Derbyshire,SD Robson,MDE Holden,FJ Hudson-Prentice,0,0,,,,,,,,,,,,,
1167037,2019,2019-09-23,"Lord's, London",1,7.5,7.5,Middlesex,Derbyshire,SD Robson,MDE Holden,FJ Hudson-Prentice,0,0,,,,,,,,,,,,,
1167037,2019,2019-09-23,"Lord's, London",1,7.6,7.6,Middlesex,Derbyshire,SD Robson,MDE Holden,FJ Hudson-Prentice,0,0,,,,,,,,,,,,,
1167037,2019,2019-09-23,"Lord's, London",1,8.1,8.1,Middlesex,Derbyshire,MDE Holden,SD Robson,LM Reece,1,0,,,,,,,,,,,,,
1167037,2019,2019-09-23,"Lord's, London",1,8.2,8.2,Middlesex,Derbyshire,SD Robson,MDE Holden,LM Reece,0,0,,,,,,,,,,,,,
1167037,2019,2019-09-23,"Lord's, London",1,8.3,8.3,Middlesex,Derbyshire,SD Robson,MDE Holden,LM Reece,0,0,,,,,,,,,,,,,
1167037,2019,2019-09-23,"Lord's, London",1,8.4,8.4,Middlesex,Derbyshire,SD Robson,MDE Holden,LM Reece,0,0,,,,,,,,,,,,,
1167037,2019,2019-09-23,"Lord's, London",1,8.5,8.5,Middlesex,Derbyshire,SD Robson,MDE Holden,LM Reece,2,0,,,,,,,,,,,,,
1167037,2019,2019-09-23,"Lord's, London",1,8.6,8.6,Middlesex,Derbyshire,SD Robson,MDE Holden,LM Reece,2,0,,,,,,,,,,,,,
1167037,2019,2019-09-23,"Lord's, London",1,9.1,9.1,Middlesex,Derbyshire,MDE Holden,SD Robson,FJ Hudson-Prentice,0,0,,,,,,,,,,,,,
1167037,2019,2019-09-23,"Lord's, London",1,9.2,9.2,Middlesex,Derbyshire,MDE Holden,SD Robson,FJ Hudson-Prentice,0,0,,,,,,,,,,,,,
1167037,2019,2019-09-23,"Lord's, London",1,9.3,9.3,Middlesex,Derbyshire,MDE Holden,SD Robson,FJ Hudson-Prentice,0,0,,,,,,,,,,,,,
1167037,2019,2019-09-23,"Lord's, London",1,9.4,9.4,Middlesex,Derbyshire,MDE Holden,SD Robson,FJ Hudson-Prentice,0,0,,,,,,,,,,,,,
1167037,2019,2019-09-23,"Lord's, London",1,9.5,9.5,Middlesex,Derbyshire,MDE Holden,SD Robson,FJ Hudson-Prentice,0,0,,,,,,,,,,,,,
1167037,2019,2019-09-23,"Lord's, London",1,9.6,9.6,Middlesex,Derbyshire,MDE Holden,SD Robson,FJ Hudson-Prentice,0,0,,,,,,,,,,,,,
1167037,2019,2019-09-23,"Lord's, London",1,10.1,10.1,Middlesex,Derbyshire,SD Robson,MDE Holden,LM Reece,0,0,,,,,,,,,,,,,
1167037,2019,2019-09-23,"Lord's, London",1,10.2,10.2,Middlesex,Derbyshire,SD Robson,MDE Holden,LM Reece,0,0,,,,,,,,,,,,,
1167037,2019,2019-09-23,"Lord's, London",1,10.3,10.3,Middlesex,Derbyshire,SD Robson,MDE Holden,LM Reece,1,0,,,,,,,,,,,,,
1167037,2019,2019-09-23,"Lord's, London",1,10.4,10.4,Middlesex,Derbyshire,MDE Holden,SD Robson,LM Reece,0,0,,,,,,,,,,,,,
1167037,2019,2019-09-23,"Lord's, London",1,10.5,10.5,Middlesex,Derbyshire,MDE Holden,SD Robson,LM Reece,0,0,,,,,,,,,,,,,
1167037,2019,2019-09-23,"Lord's, London",1,10.6,10.6,Middlesex,Derbyshire,MDE Holden,SD Robson,LM Reece,0,0,,,,,,,,,,,,,
1167037,2019,2019-09-23,"Lord's, London",1,11.1,11.1,Middlesex,Derbyshire,SD Robson,MDE Holden,FJ Hudson-Prentice,0,0,,,,,,,,,,,,,
1167037,2019,2019-09-23,"Lord's, London",1,11.2,11.2,Middlesex,Derbyshire,SD Robson,MDE Holden,FJ Hudson-Prentice,0,0,,,,,,,,,,,,,
1167037,2019,2019-09-23,"Lord's, London",1,11.3,11.3,Middlesex,Derbyshire,SD Robson,MDE Holden,FJ Hudson-Prentice,0,0,,,,,,,,,,,,,
1167037,2019,2019-09-23,"Lord's, London",1,11.4,11.4,Middlesex,Derbyshire,SD Robson,MDE Holden,FJ Hudson-Prentice,2,0,,,,,,,,,,,,,
1167037,2019,2019-09-23,"Lord's, London",1,11.5,11.5,Middlesex,Derbyshire,SD Robson,MDE Holden,FJ Hudson-Prentice,0,0,,,,,,,,,,,,,
1167037,2019,2019-09-23,"Lord's, London",1,11.6,11.6,Middlesex,Derbyshire,SD Robson,MDE Holden,FJ Hudson-Prentice,1,0,,,,,,,,,,,,,
1167037,2019,2019-09-23,"Lord's, London",1,12.1,12.1,Middlesex,Derbyshire,SD Robson,MDE Holden,LM Reece,0,0,,,,,,,,,,,,,
1167037,2019,2019-09-23,"Lord's, London",1,12.2,12.2,Middlesex,Derbyshire,SD Robson,MDE Holden,LM Reece,0,0,,,,,,,,,,,,,
1167037,2019,2019-09-23,"Lord's, London",1,12.3,12.3,Middlesex,Derbyshire,SD Robson,MDE Holden,LM Reece,0,0,,,,,,,,,,,,,
1167037,2019,2019-09-23,"Lord's, London",1,12.4,12.4,Middlesex,Derbyshire,SD Robson,MDE Holden,LM Reece,0,0,,,,,,,,,,,,,
1167037,2019,2019-09-23,"Lord's, London",1,12.5,12.5,Middlesex,Derbyshire,SD Robson,MDE Holden,LM Reece,0,0,,,,,,,,,,,,,
1167037,2019,2019-09-23,"Lord's, London",1,12.6,12.6,Middlesex,Derbyshire,SD Robson,MDE Holden,LM Reece,0,0,,,,,,,,,,,,,
1167037,2019,2019-09-23,"Lord's, London",1,13.1,13.1,Middlesex,Derbyshire,MDE Holden,SD Robson,Anuj Dal,0,0,,,,,,,,,,,,,
1167037,2019,2019-09-23,"Lord's, London",1,13.2,13.2,Middlesex,Derbyshire,MDE Holden,SD Robson,Anuj Dal,0,0,,,,,,,,,,,,,
1167037,2019,2019-09-23,"Lord's, London",1,13.3,13.3,Middlesex,Derbyshire,MDE Holden,SD Robson,Anuj Dal,3,0,,,,,,,,,,,,,
1167037,2019,2019-09-23,"Lord's, London",1,13.4,13.4,Middlesex,Derbyshire,SD Robson,MDE Holden,Anuj Dal,0,0,,,,,,,,,,,,,
1167037,2019,2019-09-23,"Lord's, London",1,13.5,13.5,Middlesex,Derbyshire,SD Robson,MDE Holden,Anuj Dal,0,0,,,,,,,,,,,,,
1167037,2019,2019-09-23,"Lord's, London",1,13.6,13.6,Middlesex,Derbyshire,SD Robson,MDE Holden,Anuj Dal,1,0,,,,,,,,,,,,,
1167037,2019,2019-09-23,"Lord's, London",1,14.1,14.1,Middlesex,Derbyshire,SD Robson,MDE Holden,LM Reece,1,0,,,,,,,,,,,,,
1167037,2019,2019-09-23,"Lord's, London",1,14.2,14.2,Middlesex,Derbyshire,MDE Holden,SD Robson,LM Reece,0,0,,,,,,,,,,,,,
1167037,2019,2019-09-23,"Lord's, London",1,14.3,14.3,Middlesex,Derbyshire,MDE Holden,SD Robson,LM Reece,0,0,,,,,,,,,,,,,
1167037,2019,2019-09-23,"Lord's, London",1,14.4,14.4,Middlesex,Derbyshire,MDE Holden,SD Robson,LM Reece,0,0,,,,,,,,,,,,,
1167037,2019,2019-09-23,"Lord's, London",1,14.5,14.5,Middlesex,Derbyshire,MDE Holden,SD Robson,LM Reece,0,0,,,,,,,,,,,,,
1167037,2019,2019-09-23,"Lord's, London",1,14.6,14.6,Middlesex,Derbyshire,MDE Holden,SD Robson,LM Reece,1,0,,,,,,,,,,,,,
1167037,2019,2019-09-23,"Lord's, London",1,15.1,15.1,Middlesex,Derbyshire,MDE Holden,SD Robson,Anuj Dal,0,0,,,,,,,,,,,,,
1167037,2019,2019-09-23,"Lord's, London",1,15.2,15.2,Middlesex,Derbyshire,MDE Holden,SD Robson,Anuj Dal,0,0,,,,,,,,,,,,,
1167037,2019,2019-09-23,"Lord's, London",1,15.3,15.3,Middlesex,Derbyshire,MDE Holden,SD Robson,Anuj Dal,0,0,,,,,,,,,,,,,
1167037,2019,2019-09-23,"Lord's, London",1,15.4,15.4,Middlesex,Derbyshire,MDE Holden,SD Robson,Anuj Dal,0,0,,,,,,,,,,,,,
1167037,2019,2019-09-23,"Lord's, London",1,15.5,15.5,Middlesex,Derbyshire,MDE Holden,SD Robson,Anuj Dal,0,0,,,,,,,,,,,,,
1167037,2019,2019-09-23,"Lord's, London",1,15.6,15.6,Middlesex,Derbyshire,MDE Holden,SD Robson,Anuj Dal,0,0,,,,,,,,,,,,,
1167037,2019,2019-09-23,"Lord's, London",1,16.1,16.1,Middlesex,Derbyshire,SD Robson,MDE Holden,DR Melton,0,0,,,,,,,,,,,,,
1167037,2019,2019-09-23,"Lord's, London",1,16.2,16.2,Middlesex,Derbyshire,SD Robson,MDE Holden,DR Melton,3,0,,,,,,,,,,,,,
1167037,2019,2019-09-23,"Lord's, London",1,16.3,16.3,Middlesex,Derbyshire,MDE Holden,SD Robson,DR Melton,4,0,,,,,,,,,,,,,
1167037,2019,2019-09-23,"Lord's, London",1,16.4,16.4,Middlesex,Derbyshire,MDE Holden,SD Robson,DR Melton,0,0,,,,,,,,,,,,,
1167037,2019,2019-09-23,"Lord's, London",1,16.5,16.5,Middlesex,Derbyshire,MDE Holden,SD Robson,DR Melton,0,0,,,,,,,,,,,,,
1167037,2019,2019-09-23,"Lord's, London",1,16.6,16.6,Middlesex,Derbyshire,MDE Holden,SD Robson,DR Melton,2,2,,2,,,,,,,,,,,
1167037,2019,2019-09-23,"Lord's, London",1,16.7,16.6,Middlesex,Derbyshire,MDE Holden,SD Robson,DR Melton,0,0,,,,,,,,,,,,,
1167037,2019,2019-09-23,"Lord's, London",1,17.1,17.1,Middlesex,Derbyshire,SD Robson,MDE Holden,Anuj Dal,0,0,,,,,,,,,,,,,
1167037,2019,2019-09-23,"Lord's, London",1,17.2,17.2,Middlesex,Derbyshire,SD Robson,MDE Holden,Anuj Dal,0,0,,,,,,,,,,,,,
1167037,2019,2019-09-23,"Lord's, London",1,17.3,17.3,Middlesex,Derbyshire,SD Robson,MDE Holden,Anuj Dal,0,0,,,,,,,,,,,,,
1167037,2019,2019-09-23,"Lord's, London",1,17.4,17.4,Middlesex,Derbyshire,SD Robson,MDE Holden,Anuj Dal,0,0,,,,,,,,,,,,,
1167037,2019,2019-09-23,"Lord's, London",1,17.5,17.5,Middlesex,Derbyshire,SD Robson,MDE Holden,Anuj Dal,0,0,,,,,,,,,,,,,
1167037,2019,2019-09-23,"Lord's, London",1,17.6,17.6,Middlesex,Derbyshire,SD Robson,MDE Holden,Anuj Dal,1,0,,,,,,,,,,,,,
1167037,2019,2019-09-23,"Lord's, London",1,18.1,18.1,Middlesex,Derbyshire,SD Robson,MDE Holden,DR Melton,0,0,,,,,,,,,,,,,
1167037,2019,2019-09-23,"Lord's, London",1,18.2,18.2,Middlesex,Derbyshire,SD Robson,MDE Holden,DR Melton,0,0,,,,,,,,,,,,,
1167037,2019,2019-09-23,"Lord's, London",1,18.3,18.3,Middlesex,Derbyshire,SD Robson,MDE Holden,DR Melton,0,1,,,,1,,,,,,,,,
1167037,2019,2019-09-23,"Lord's, London",1,18.4,18.4,Middlesex,Derbyshire,MDE Holden,SD Robson,DR Melton,1,0,,,,,,,,,,,,,
1167037,2019,2019-09-23,"Lord's, London",1,18.5,18.5,Middlesex,Derbyshire,SD Robson,MDE Holden,DR Melton,0,0,,,,,,,,,,,,,
1167037,2019,2019-09-23,"Lord's, London",1,18.6,18.6,Middlesex,Derbyshire,SD Robson,MDE Holden,DR Melton,4,0,,,,,,,,,,,,,
1167037,2019,2019-09-23,"Lord's, London",1,19.1,19.1,Middlesex,Derbyshire,MDE Holden,SD Robson,Anuj Dal,0,0,,,,,,,,,,,,,
1167037,2019,2019-09-23,"Lord's, London",1,19.2,19.2,Middlesex,Derbyshire,MDE Holden,SD Robson,Anuj Dal,0,0,,,,,,,,,,,,,
1167037,2019,2019-09-23,"Lord's, London",1,19.3,19.3,Middlesex,Derbyshire,MDE Holden,SD Robson,Anuj Dal,0,0,,,,,,,,,,,,,
1167037,2019,2019-09-23,"Lord's, London",1,19.4,19.4,Middlesex,Derbyshire,MDE Holden,SD Robson,Anuj Dal,0,0,,,,,,,,,,,,,
1167037,2019,2019-09-23,"Lord's, London",1,19.5,19.5,Middlesex,Derbyshire,MDE Holden,SD Robson,Anuj Dal,0,0,,,,,,,,,,,,,
1167037,2019,2019-09-23,"Lord's, London",1,19.6,19.6,Middlesex,Derbyshire,MDE Holden,SD Robson,Anuj Dal,0,0,,,,,,,,,,,,,
1167037,2019,2019-09-23,"Lord's, London",1,20.1,20.1,Middlesex,Derbyshire,SD Robson,MDE Holden,DR Melton,4,0,,,,,,,,,,,,,
1167037,2019,2019-09-23,"Lord's, London",1,20.2,20.2,Middlesex,Derbyshire,SD Robson,MDE Holden,DR Melton,0,0,,,,,,,,,,,,,
1167037,2019,2019-09-23,"Lord's, London",1,20.3,20.3,Middlesex,Derbyshire,SD Robson,MDE Holden,DR Melton,0,0,,,,,,,,,,,,,
1167037,2019,2019-09-23,"Lord's, London",1,20.4,20.4,Middlesex,Derbyshire,SD Robson,MDE Holden,DR Melton,0,0,,,,,,,,,,,,,
1167037,2019,2019-09-23,"Lord's, London",1,20.5,20.5,Middlesex,Derbyshire,SD Robson,MDE Holden,DR Melton,4,0,,,,,,,,,,,,,
1167037,2019,2019-09-23,"Lord's, London",1,20.6,20.6,Middlesex,Derbyshire,SD Robson,MDE Holden,DR Melton,1,0,,,,,,,,,,,,,
1167037,2019,2019-09-23,"Lord's, London",1,21.1,21.1,Middlesex,Derbyshire,SD Robson,MDE Holden,Anuj Dal,1,0,,,,,,,,,,,,,
1167037,2019,2019-09-23,"Lord's, London",1,21.2,21.2,Middlesex,Derbyshire,MDE Holden,SD Robson,Anuj Dal,0,0,,,,,,,,,,,,,
1167037,2019,2019-09-23,"Lord's, London",1,21.3,21.3,Middlesex,Derbyshire,MDE Holden,SD Robson,Anuj Dal,0,0,,,,,,,,,,,,,
1167037,2019,2019-09-23,"Lord's, London",1,21.4,21.4,Middlesex,Derbyshire,MDE Holden,SD Robson,Anuj Dal,0,0,,,,,,,,,,,,,
1167037,2019,2019-09-23,"Lord's, London",1,21.5,21.5,Middlesex,Derbyshire,MDE Holden,SD Robson,Anuj Dal,0,0,,,,,,,,,,,,,
1167037,2019,2019-09-23,"Lord's, London",1,21.6,21.6,Middlesex,Derbyshire,MDE Holden,SD Robson,Anuj Dal,0,0,,,,,,,,,,,,,
1167037,2019,2019-09-23,"Lord's, London",1,22.1,22.1,Middlesex,Derbyshire,SD Robson,MDE Holden,S Conners,0,0,,,,,,,,,,,,,
1167037,2019,2019-09-23,"Lord's, London",1,22.2,22.2,Middlesex,Derbyshire,SD Robson,MDE Holden,S Conners,0,0,,,,,,,,,,,,,
1167037,2019,2019-09-23,"Lord's, London",1,22.3,22.3,Middlesex,Derbyshire,SD Robson,MDE Holden,S Conners,0,0,,,,,,,,,,,,,
1167037,2019,2019-09-23,"Lord's, London",1,22.4,22.4,Middlesex,Derbyshire,SD Robson,MDE Holden,S Conners,1,0,,,,,,,,,,,,,
1167037,2019,2019-09-23,"Lord's, London",1,22.5,22.5,Middlesex,Derbyshire,MDE Holden,SD Robson,S Conners,0,0,,,,,,,,,,,,,
1167037,2019,2019-09-23,"Lord's, London",1,22.6,22.6,Middlesex,Derbyshire,MDE Holden,SD Robson,S Conners,0,0,,,,,,,,,,,,,
1167037,2019,2019-09-23,"Lord's, London",1,23.1,23.1,Middlesex,Derbyshire,SD Robson,MDE Holden,Anuj Dal,0,0,,,,,,,,,,,,,
1167037,2019,2019-09-23,"Lord's, London",1,23.2,23.2,Middlesex,Derbyshire,SD Robson,MDE Holden,Anuj Dal,0,0,,,,,,,,,,,,,
1167037,2019,2019-09-23,"Lord's, London",1,23.3,23.3,Middlesex,Derbyshire,SD Robson,MDE Holden,Anuj Dal,1,0,,,,,,,,,,,,,
1167037,2019,2019-09-23,"Lord's, London",1,23.4,23.4,Middlesex,Derbyshire,MDE Holden,SD Robson,Anuj Dal,0,0,,,,,,,,,,,,,
1167037,2019,2019-09-23,"Lord's, London",1,23.5,23.5,Middlesex,Derbyshire,MDE Holden,SD Robson,Anuj Dal,0,0,,,,,,,,,,,,,
1167037,2019,2019-09-23,"Lord's, London",1,23.6,23.6,Middlesex,Derbyshire,MDE Holden,SD Robson,Anuj Dal,1,0,,,,,,,,,,,,,
1167037,2019,2019-09-23,"Lord's, London",1,24.1,24.1,Middlesex,Derbyshire,MDE Holden,SD Robson,S Conners,2,0,,,,,,,,,,,,,
1167037,2019,2019-09-23,"Lord's, London",1,24.2,24.2,Middlesex,Derbyshire,MDE Holden,SD Robson,S Conners,3,0,,,,,,,,,,,,,
1167037,2019,2019-09-23,"Lord's, London",1,24.3,24.3,Middlesex,Derbyshire,SD Robson,MDE Holden,S Conners,0,0,,,,,,,,,,,,,
1167037,2019,2019-09-23,"Lord's, London",1,24.4,24.4,Middlesex,Derbyshire,SD Robson,MDE Holden,S Conners,0,0,,,,,,,,,,,,,
1167037,2019,2019-09-23,"Lord's, London",1,24.5,24.5,Middlesex,Derbyshire,SD Robson,MDE Holden,S Conners,0,0,,,,,,,,,,,,,
1167037,2019,2019-09-23,"Lord's, London",1,24.6,24.6,Middlesex,Derbyshire,SD Robson,MDE Holden,S Conners,0,0,,,,,,,,,,,,,
1167037,2019,2019-09-23,"Lord's, London",1,25.1,25.1,Middlesex,Derbyshire,MDE Holden,SD Robson,FJ Hudson-Prentice,0,0,,,,,,,,,,,,,
1167037,2019,2019-09-23,"Lord's, London",1,25.2,25.2,Middlesex,Derbyshire,MDE Holden,SD Robson,FJ Hudson-Prentice,0,0,,,,,,,,,,,,,
1167037,2019,2019-09-23,"Lord's, London",1,25.3,25.3,Middlesex,Derbyshire,MDE Holden,SD Robson,FJ Hudson-Prentice,0,0,,,,,,,,,,,,,
1167037,2019,2019-09-23,"Lord's, London",1,25.4,25.4,Middlesex,Derbyshire,MDE Holden,SD Robson,FJ Hudson-Prentice,0,0,,,,,,,,,,,,,
1167037,2019,2019-09-23,"Lord's, London",1,25.5,25.5,Middlesex,Derbyshire,MDE Holden,SD Robson,FJ Hudson-Prentice,0,0,,,,,,,,,,,,,
1167037,2019,2019-09-23,"Lord's, London",1,25.6,25.6,Middlesex,Derbyshire,MDE Holden,SD Robson,FJ Hudson-Prentice,1,0,,,,,,,,,,,,,
1167037,2019,2019-09-23,"Lord's, London",1,26.1,26.1,Middlesex,Derbyshire,MDE Holden,SD Robson,S Conners,0,0,,,,,,,,,,,,,
1167037,2019,2019-09-23,"Lord's, London",1,26.2,26.2,Middlesex,Derbyshire,MDE Holden,SD Robson,S Conners,0,0,,,,,,,,,,,,,
1167037,2019,2019-09-23,"Lord's, London",1,26.3,26.3,Middlesex,Derbyshire,MDE Holden,SD Robson,S Conners,0,0,,,,,,,caught,MDE Holden,,,WL Madsen,,
1167037,2019,2019-09-23,"Lord's, London",1,26.4,26.4,Middlesex,Derbyshire,DJ Malan,SD Robson,S Conners,0,0,,,,,,,,,,,,,
1167037,2019,2019-09-23,"Lord's, London",1,26.5,26.5,Middlesex,Derbyshire,DJ Malan,SD Robson,S Conners,0,0,,,,,,,,,,,,,
1167037,2019,2019-09-23,"Lord's, London",1,26.6,26.6,Middlesex,Derbyshire,DJ Malan,SD Robson,S Conners,0,1,,,1,,,,,,,,,,
1167037,2019,2019-09-23,"Lord's, London",1,27.1,27.1,Middlesex,Derbyshire,DJ Malan,SD Robson,FJ Hudson-Prentice,4,0,,,,,,,,,,,,,
1167037,2019,2019-09-23,"Lord's, London",1,27.2,27.2,Middlesex,Derbyshire,DJ Malan,SD Robson,FJ Hudson-Prentice,0,0,,,,,,,,,,,,,
1167037,2019,2019-09-23,"Lord's, London",1,27.3,27.3,Middlesex,Derbyshire,DJ Malan,SD Robson,FJ Hudson-Prentice,0,0,,,,,,,,,,,,,
1167037,2019,2019-09-23,"Lord's, London",1,27.4,27.4,Middlesex,Derbyshire,DJ Malan,SD Robson,FJ Hudson-Prentice,0,0,,,,,,,,,,,,,
1167037,2019,2019-09-23,"Lord's, London",1,27.5,27.5,Middlesex,Derbyshire,DJ Malan,SD Robson,FJ Hudson-Prentice,0,0,,,,,,,,,,,,,
1167037,2019,2019-09-23,"Lord's, London",1,27.6,27.6,Middlesex,Derbyshire,DJ Malan,SD Robson,FJ Hudson-Prentice,0,0,,,,,,,,,,,,,
1167037,2019,2019-09-23,"Lord's, London",1,28.1,28.1,Middlesex,Derbyshire,SD Robson,DJ Malan,S Conners,2,0,,,,,,,,,,,,,
1167037,2019,2019-09-23,"Lord's, London",1,28.2,28.2,Middlesex,Derbyshire,SD Robson,DJ Malan,S Conners,0,0,,,,,,,,,,,,,
1167037,2019,2019-09-23,"Lord's, London",1,28.3,28.3,Middlesex,Derbyshire,SD Robson,DJ Malan,S Conners,0,0,,,,,,,,,,,,,
1167037,2019,2019-09-23,"Lord's, London",1,28.4,28.4,Middlesex,Derbyshire,SD Robson,DJ Malan,S Conners,0,0,,,,,,,,,,,,,
1167037,2019,2019-09-23,"Lord's, London",1,28.5,28.5,Middlesex,Derbyshire,SD Robson,DJ Malan,S Conners,0,0,,,,,,,,,,,,,
1167037,2019,2019-09-23,"Lord's, London",1,28.6,28.6,Middlesex,Derbyshire,SD Robson,DJ Malan,S Conners,0,0,,,,,,,,,,,,,
1167037,2019,2019-09-23,"Lord's, London",1,29.1,29.1,Middlesex,Derbyshire,DJ Malan,SD Robson,FJ Hudson-Prentice,3,0,,,,,,,,,,,,,
1167037,2019,2019-09-23,"Lord's, London",1,29.2,29.2,Middlesex,Derbyshire,SD Robson,DJ Malan,FJ Hudson-Prentice,0,0,,,,,,,,,,,,,
1167037,2019,2019-09-23,"Lord's, London",1,29.3,29.3,Middlesex,Derbyshire,SD Robson,DJ Malan,FJ Hudson-Prentice,0,0,,,,,,,,,,,,,
1167037,2019,2019-09-23,"Lord's, London",1,29.4,29.4,Middlesex,Derbyshire,SD Robson,DJ Malan,FJ Hudson-Prentice,3,0,,,,,,,,,,,,,
1167037,2019,2019-09-23,"Lord's, London",1,29.5,29.5,Middlesex,Derbyshire,DJ Malan,SD Robson,FJ Hudson-Prentice,0,0,,,,,,,,,,,,,
1167037,2019,2019-09-23,"Lord's, London",1,29.6,29.6,Middlesex,Derbyshire,DJ Malan,SD Robson,FJ Hudson-Prentice,0,0,,,,,,,,,,,,,
1167037,2019,2019-09-23,"Lord's, London",1,30.1,30.1,Middlesex,Derbyshire,SD Robson,DJ Malan,LM Reece,2,0,,,,,,,,,,,,,
1167037,2019,2019-09-23,"Lord's, London",1,30.2,30.2,Middlesex,Derbyshire,SD Robson,DJ Malan,LM Reece,0,0,,,,,,,,,,,,,
1167037,2019,2019-09-23,"Lord's, London",1,30.3,30.3,Middlesex,Derbyshire,SD Robson,DJ Malan,LM Reece,0,0,,,,,,,,,,,,,
1167037,2019,2019-09-23,"Lord's, London",1,30.4,30.4,Middlesex,Derbyshire,SD Robson,DJ Malan,LM Reece,0,0,,,,,,,,,,,,,
1167037,2019,2019-09-23,"Lord's, London",1,30.5,30.5,Middlesex,Derbyshire,SD Robson,DJ Malan,LM Reece,0,0,,,,,,,,,,,,,
1167037,2019,2019-09-23,"Lord's, London",1,30.6,30.6,Middlesex,Derbyshire,SD Robson,DJ Malan,LM Reece,0,0,,,,,,,,,,,,,
1167037,2019,2019-09-23,"Lord's, London",1,31.1,31.1,Middlesex,Derbyshire,DJ Malan,SD Robson,FJ Hudson-Prentice,1,0,,,,,,,,,,,,,
1167037,2019,2019-09-23,"Lord's, London",1,31.2,31.2,Middlesex,Derbyshire,SD Robson,DJ Malan,FJ Hudson-Prentice,0,0,,,,,,,,,,,,,
1167037,2019,2019-09-23,"Lord's, London",1,31.3,31.3,Middlesex,Derbyshire,SD Robson,DJ Malan,FJ Hudson-Prentice,0,0,,,,,,,,,,,,,
1167037,2019,2019-09-23,"Lord's, London",1,31.4,31.4,Middlesex,Derbyshire,SD Robson,DJ Malan,FJ Hudson-Prentice,0,0,,,,,,,,,,,,,
1167037,2019,2019-09-23,"Lord's, London",1,31.5,31.5,Middlesex,Derbyshire,SD Robson,DJ Malan,FJ Hudson-Prentice,0,0,,,,,,,,,,,,,
1167037,2019,2019-09-23,"Lord's, London",1,31.6,31.6,Middlesex,Derbyshire,SD Robson,DJ Malan,FJ Hudson-Prentice,0,0,,,,,,,,,,,,,
1167037,2019,2019-09-23,"Lord's, London",1,32.1,32.1,Middlesex,Derbyshire,DJ Malan,SD Robson,LM Reece,0,0,,,,,,,,,,,,,
1167037,2019,2019-09-23,"Lord's, London",1,32.2,32.2,Middlesex,Derbyshire,DJ Malan,SD Robson,LM Reece,0,0,,,,,,,,,,,,,
1167037,2019,2019-09-23,"Lord's, London",1,32.3,32.3,Middlesex,Derbyshire,DJ Malan,SD Robson,LM Reece,0,0,,,,,,,,,,,,,
1167037,2019,2019-09-23,"Lord's, London",1,32.4,32.4,Middlesex,Derbyshire,DJ Malan,SD Robson,LM Reece,0,0,,,,,,,,,,,,,
1167037,2019,2019-09-23,"Lord's, London",1,32.5,32.5,Middlesex,Derbyshire,DJ Malan,SD Robson,LM Reece,0,0,,,,,,,,,,,,,
1167037,2019,2019-09-23,"Lord's, London",1,32.6,32.6,Middlesex,Derbyshire,DJ Malan,SD Robson,LM Reece,0,0,,,,,,,,,,,,,
1167037,2019,2019-09-23,"Lord's, London",1,33.1,33.1,Middlesex,Derbyshire,SD Robson,DJ Malan,FJ Hudson-Prentice,0,0,,,,,,,,,,,,,
1167037,2019,2019-09-23,"Lord's, London",1,33.2,33.2,Middlesex,Derbyshire,SD Robson,DJ Malan,FJ Hudson-Prentice,0,0,,,,,,,,,,,,,
1167037,2019,2019-09-23,"Lord's, London",1,33.3,33.3,Middlesex,Derbyshire,SD Robson,DJ Malan,FJ Hudson-Prentice,0,0,,,,,,,,,,,,,
1167037,2019,2019-09-23,"Lord's, London",1,33.4,33.4,Middlesex,Derbyshire,SD Robson,DJ Malan,FJ Hudson-Prentice,0,0,,,,,,,,,,,,,
1167037,2019,2019-09-23,"Lord's, London",1,33.5,33.5,Middlesex,Derbyshire,SD Robson,DJ Malan,FJ Hudson-Prentice,0,0,,,,,,,,,,,,,
1167037,2019,2019-09-23,"Lord's, London",1,33.6,33.6,Middlesex,Derbyshire,SD Robson,DJ Malan,FJ Hudson-Prentice,4,0,,,,,,,,,,,,,
1167037,2019,2019-09-23,"Lord's, London",1,34.1,34.1,Middlesex,Derbyshire,DJ Malan,SD Robson,LM Reece,1,0,,,,,,,,,,,,,
1167037,2019,2019-09-23,"Lord's, London",1,34.2,34.2,Middlesex,Derbyshire,SD Robson,DJ Malan,LM Reece,1,0,,,,,,,,,,,,,
1167037,2019,2019-09-23,"Lord's, London",1,34.3,34.3,Middlesex,Derbyshire,DJ Malan,SD Robson,LM Reece,0,0,,,,,,,,,,,,,
1167037,2019,2019-09-23,"Lord's, London",1,34.4,34.4,Middlesex,Derbyshire,DJ Malan,SD Robson,LM Reece,1,0,,,,,,,,,,,,,
1167037,2019,2019-09-23,"Lord's, London",1,34.5,34.5,Middlesex,Derbyshire,SD Robson,DJ Malan,LM Reece,0,0,,,,,,,,,,,,,
1167037,2019,2019-09-23,"Lord's, London",1,34.6,34.6,Middlesex,Derbyshire,SD Robson,DJ Malan,LM Reece,0,0,,,,,,,,,,,,,
1167037,2019,2019-09-23,"Lord's, London",1,35.1,35.1,Middlesex,Derbyshire,DJ Malan,SD Robson,FJ Hudson-Prentice,0,0,,,,,,,,,,,,,
1167037,2019,2019-09-23,"Lord's, London",1,35.2,35.2,Middlesex,Derbyshire,DJ Malan,SD Robson,FJ Hudson-Prentice,0,0,,,,,,,,,,,,,
1167037,2019,2019-09-23,"Lord's, London",1,35.3,35.3,Middlesex,Derbyshire,DJ Malan,SD Robson,FJ Hudson-Prentice,0,0,,,,,,,,,,,,,
1167037,2019,2019-09-23,"Lord's, London",1,35.4,35.4,Middlesex,Derbyshire,DJ Malan,SD Robson,FJ Hudson-Prentice,0,0,,,,,,,,,,,,,
1167037,2019,2019-09-23,"Lord's, London",1,35.5,35.5,Middlesex,Derbyshire,DJ Malan,SD Robson,FJ Hudson-Prentice,1,0,,,,,,,,,,,,,
1167037,2019,2019-09-23,"Lord's, London",1,35.6,35.6,Middlesex,Derbyshire,SD Robson,DJ Malan,FJ Hudson-Prentice,0,0,,,,,,,,,,,,,
1167037,2019,2019-09-23,"Lord's, London",1,36.1,36.1,Middlesex,Derbyshire,DJ Malan,SD Robson,LM Reece,0,0,,,,,,,,,,,,,
1167037,2019,2019-09-23,"Lord's, London",1,36.2,36.2,Middlesex,Derbyshire,DJ Malan,SD Robson,LM Reece,2,0,,,,,,,,,,,,,
1167037,2019,2019-09-23,"Lord's, London",1,36.3,36.3,Middlesex,Derbyshire,DJ Malan,SD Robson,LM Reece,0,0,,,,,,,,,,,,,
1167037,2019,2019-09-23,"Lord's, London",1,36.4,36.4,Middlesex,Derbyshire,DJ Malan,SD Robson,LM Reece,1,0,,,,,,,,,,,,,
1167037,2019,2019-09-23,"Lord's, London",1,36.5,36.5,Middlesex,Derbyshire,SD Robson,DJ Malan,LM Reece,0,0,,,,,,,,,,,,,
1167037,2019,2019-09-23,"Lord's, London",1,36.6,36.6,Middlesex,Derbyshire,SD Robson,DJ Malan,LM Reece,0,0,,,,,,,,,,,,,
1167037,2019,2019-09-23,"Lord's, London",1,37.1,37.1,Middlesex,Derbyshire,DJ Malan,SD Robson,Anuj Dal,4,0,,,,,,,,,,,,,
1167037,2019,2019-09-23,"Lord's, London",1,37.2,37.2,Middlesex,Derbyshire,DJ Malan,SD Robson,Anuj Dal,1,0,,,,,,,,,,,,,
1167037,2019,2019-09-23,"Lord's, London",1,37.3,37.3,Middlesex,Derbyshire,SD Robson,DJ Malan,Anuj Dal,1,0,,,,,,,,,,,,,
1167037,2019,2019-09-23,"Lord's, London",1,37.4,37.4,Middlesex,Derbyshire,DJ Malan,SD Robson,Anuj Dal,0,0,,,,,,,,,,,,,
1167037,2019,2019-09-23,"Lord's, London",1,37.5,37.5,Middlesex,Derbyshire,DJ Malan,SD Robson,Anuj Dal,0,0,,,,,,,,,,,,,
1167037,2019,2019-09-23,"Lord's, London",1,37.6,37.6,Middlesex,Derbyshire,DJ Malan,SD Robson,Anuj Dal,0,0,,,,,,,,,,,,,
1167037,2019,2019-09-23,"Lord's, London",1,38.1,38.1,Middlesex,Derbyshire,SD Robson,DJ Malan,LM Reece,0,0,,,,,,,,,,,,,
1167037,2019,2019-09-23,"Lord's, London",1,38.2,38.2,Middlesex,Derbyshire,SD Robson,DJ Malan,LM Reece,1,0,,,,,,,,,,,,,
1167037,2019,2019-09-23,"Lord's, London",1,38.3,38.3,Middlesex,Derbyshire,DJ Malan,SD Robson,LM Reece,0,0,,,,,,,,,,,,,
1167037,2019,2019-09-23,"Lord's, London",1,38.4,38.4,Middlesex,Derbyshire,DJ Malan,SD Robson,LM Reece,0,0,,,,,,,,,,,,,
1167037,2019,2019-09-23,"Lord's, London",1,38.5,38.5,Middlesex,Derbyshire,DJ Malan,SD Robson,LM Reece,3,0,,,,,,,,,,,,,
1167037,2019,2019-09-23,"Lord's, London",1,38.6,38.6,Middlesex,Derbyshire,SD Robson,DJ Malan,LM Reece,3,0,,,,,,,,,,,,,
1167037,2019,2019-09-23,"Lord's, London",1,39.1,39.1,Middlesex,Derbyshire,SD Robson,DJ Malan,Anuj Dal,0,0,,,,,,,,,,,,,
1167037,2019,2019-09-23,"Lord's, London",1,39.2,39.2,Middlesex,Derbyshire,SD Robson,DJ Malan,Anuj Dal,0,0,,,,,,,,,,,,,
1167037,2019,2019-09-23,"Lord's, London",1,39.3,39.3,Middlesex,Derbyshire,SD Robson,DJ Malan,Anuj Dal,0,0,,,,,,,,,,,,,
1167037,2019,2019-09-23,"Lord's, London",1,39.4,39.4,Middlesex,Derbyshire,SD Robson,DJ Malan,Anuj Dal,2,0,,,,,,,,,,,,,
1167037,2019,2019-09-23,"Lord's, London",1,39.5,39.5,Middlesex,Derbyshire,SD Robson,DJ Malan,Anuj Dal,0,0,,,,,,,,,,,,,
1167037,2019,2019-09-23,"Lord's, London",1,39.6,39.6,Middlesex,Derbyshire,SD Robson,DJ Malan,Anuj Dal,0,0,,,,,,,,,,,,,
1167037,2019,2019-09-23,"Lord's, London",1,40.1,40.1,Middlesex,Derbyshire,DJ Malan,SD Robson,S Conners,0,0,,,,,,,,,,,,,
1167037,2019,2019-09-23,"Lord's, London",1,40.2,40.2,Middlesex,Derbyshire,DJ Malan,SD Robson,S Conners,1,0,,,,,,,,,,,,,
1167037,2019,2019-09-23,"Lord's, London",1,40.3,40.3,Middlesex,Derbyshire,SD Robson,DJ Malan,S Conners,1,0,,,,,,,,,,,,,
1167037,2019,2019-09-23,"Lord's, London",1,40.4,40.4,Middlesex,Derbyshire,DJ Malan,SD Robson,S Conners,0,1,,,,1,,,,,,,,,
1167037,2019,2019-09-23,"Lord's, London",1,40.5,40.5,Middlesex,Derbyshire,SD Robson,DJ Malan,S Conners,0,0,,,,,,,,,,,,,
1167037,2019,2019-09-23,"Lord's, London",1,40.6,40.6,Middlesex,Derbyshire,SD Robson,DJ Malan,S Conners,0,0,,,,,,,,,,,,,
1167037,2019,2019-09-23,"Lord's, London",1,41.1,41.1,Middlesex,Derbyshire,DJ Malan,SD Robson,Anuj Dal,0,0,,,,,,,,,,,,,
1167037,2019,2019-09-23,"Lord's, London",1,41.2,41.2,Middlesex,Derbyshire,DJ Malan,SD Robson,Anuj Dal,0,0,,,,,,,,,,,,,
1167037,2019,2019-09-23,"Lord's, London",1,41.3,41.3,Middlesex,Derbyshire,DJ Malan,SD Robson,Anuj Dal,0,0,,,,,,,,,,,,,
1167037,2019,2019-09-23,"Lord's, London",1,41.4,41.4,Middlesex,Derbyshire,DJ Malan,SD Robson,Anuj Dal,0,0,,,,,,,,,,,,,
1167037,2019,2019-09-23,"Lord's, London",1,41.5,41.5,Middlesex,Derbyshire,DJ Malan,SD Robson,Anuj Dal,0,1,,,,1,,,,,,,,,
1167037,2019,2019-09-23,"Lord's, London",1,41.6,41.6,Middlesex,Derbyshire,SD Robson,DJ Malan,Anuj Dal,0,0,,,,,,,,,,,,,
1167037,2019,2019-09-23,"Lord's, London",1,42.1,42.1,Middlesex,Derbyshire,DJ Malan,SD Robson,S Conners,0,0,,,,,,,,,,,,,
1167037,2019,2019-09-23,"Lord's, London",1,42.2,42.2,Middlesex,Derbyshire,DJ Malan,SD Robson,S Conners,1,0,,,,,,,,,,,,,
1167037,2019,2019-09-23,"Lord's, London",1,42.3,42.3,Middlesex,Derbyshire,SD Robson,DJ Malan,S Conners,0,0,,,,,,,,,,,,,
1167037,2019,2019-09-23,"Lord's, London",1,42.4,42.4,Middlesex,Derbyshire,SD Robson,DJ Malan,S Conners,0,0,,,,,,,,,,,,,
1167037,2019,2019-09-23,"Lord's, London",1,42.5,42.5,Middlesex,Derbyshire,SD Robson,DJ Malan,S Conners,4,0,,,,,,,,,,,,,
1167037,2019,2019-09-23,"Lord's, London",1,42.6,42.6,Middlesex,Derbyshire,SD Robson,DJ Malan,S Conners,0,0,,,,,,,,,,,,,
1167037,2019,2019-09-23,"Lord's, London",1,43.1,43.1,Middlesex,Derbyshire,DJ Malan,SD Robson,Anuj Dal,0,0,,,,,,,,,,,,,
1167037,2019,2019-09-23,"Lord's, London",1,43.2,43.2,Middlesex,Derbyshire,DJ Malan,SD Robson,Anuj Dal,0,0,,,,,,,,,,,,,
1167037,2019,2019-09-23,"Lord's, London",1,43.3,43.3,Middlesex,Derbyshire,DJ Malan,SD Robson,Anuj Dal,4,0,,,,,,,,,,,,,
1167037,2019,2019-09-23,"Lord's, London",1,43.4,43.4,Middlesex,Derbyshire,DJ Malan,SD Robson,Anuj Dal,0,0,,,,,,,,,,,,,
1167037,2019,2019-09-23,"Lord's, London",1,43.5,43.5,Middlesex,Derbyshire,DJ Malan,SD Robson,Anuj Dal,0,0,,,,,,,,,,,,,
1167037,2019,2019-09-23,"Lord's, London",1,43.6,43.6,Middlesex,Derbyshire,DJ Malan,SD Robson,Anuj Dal,0,0,,,,,,,,,,,,,
1167037,2019,2019-09-23,"Lord's, London",1,44.1,44.1,Middlesex,Derbyshire,SD Robson,DJ Malan,S Conners,4,0,,,,,,,,,,,,,
1167037,2019,2019-09-23,"Lord's, London",1,44.2,44.2,Middlesex,Derbyshire,SD Robson,DJ Malan,S Conners,0,0,,,,,,,,,,,,,
1167037,2019,2019-09-23,"Lord's, London",1,44.3,44.3,Middlesex,Derbyshire,SD Robson,DJ Malan,S Conners,0,0,,,,,,,,,,,,,
1167037,2019,2019-09-23,"Lord's, London",1,44.4,44.4,Middlesex,Derbyshire,SD Robson,DJ Malan,S Conners,0,2,,2,,,,,,,,,,,
1167037,2019,2019-09-23,"Lord's, London",1,44.5,44.4,Middlesex,Derbyshire,SD Robson,DJ Malan,S Conners,0,0,,,,,,,,,,,,,
1167037,2019,2019-09-23,"Lord's, London",1,44.6,44.5,Middlesex,Derbyshire,SD Robson,DJ Malan,S Conners,1,0,,,,,,,,,,,,,
1167037,2019,2019-09-23,"Lord's, London",1,44.7,44.6,Middlesex,Derbyshire,DJ Malan,SD Robson,S Conners,0,0,,,,,,,,,,,,,
1167037,2019,2019-09-23,"Lord's, London",1,45.1,45.1,Middlesex,Derbyshire,SD Robson,DJ Malan,Anuj Dal,0,0,,,,,,,,,,,,,
1167037,2019,2019-09-23,"Lord's, London",1,45.2,45.2,Middlesex,Derbyshire,SD Robson,DJ Malan,Anuj Dal,0,0,,,,,,,,,,,,,
1167037,2019,2019-09-23,"Lord's, London",1,45.3,45.3,Middlesex,Derbyshire,SD Robson,DJ Malan,Anuj Dal,0,0,,,,,,,,,,,,,
1167037,2019,2019-09-23,"Lord's, London",1,45.4,45.4,Middlesex,Derbyshire,SD Robson,DJ Malan,Anuj Dal,0,0,,,,,,,,,,,,,
1167037,2019,2019-09-23,"Lord's, London",1,45.5,45.5,Middlesex,Derbyshire,SD Robson,DJ Malan,Anuj Dal,4,0,,,,,,,,,,,,,
1167037,2019,2019-09-23,"Lord's, London",1,45.6,45.6,Middlesex,Derbyshire,SD Robson,DJ Malan,Anuj Dal,0,0,,,,,,,,,,,,,
1167037,2019,2019-09-23,"Lord's, London",1,46.1,46.1,Middlesex,Derbyshire,DJ Malan,SD Robson,S Conners,0,0,,,,,,,,,,,,,
1167037,2019,2019-09-23,"Lord's, London",1,46.2,46.2,Middlesex,Derbyshire,DJ Malan,SD Robson,S Conners,0,0,,,,,,,,,,,,,
1167037,2019,2019-09-23,"Lord's, London",1,46.3,46.3,Middlesex,Derbyshire,DJ Malan,SD Robson,S Conners,0,0,,,,,,,,,,,,,
1167037,2019,2019-09-23,"Lord's, London",1,46.4,46.4,Middlesex,Derbyshire,DJ Malan,SD Robson,S Conners,4,0,,,,,,,,,,,,,
1167037,2019,2019-09-23,"Lord's, London",1,46.5,46.5,Middlesex,Derbyshire,DJ Malan,SD Robson,S Conners,0,0,,,,,,,,,,,,,
1167037,2019,2019-09-23,"Lord's, London",1,46.6,46.6,Middlesex,Derbyshire,DJ Malan,SD Robson,S Conners,0,0,,,,,,,,,,,,,
1167037,2019,2019-09-23,"Lord's, London",1,47.1,47.1,Middlesex,Derbyshire,SD Robson,DJ Malan,AL Hughes,0,0,,,,,,,,,,,,,
1167037,2019,2019-09-23,"Lord's, London",1,47.2,47.2,Middlesex,Derbyshire,SD Robson,DJ Malan,AL Hughes,0,0,,,,,,,,,,,,,
1167037,2019,2019-09-23,"Lord's, London",1,47.3,47.3,Middlesex,Derbyshire,SD Robson,DJ Malan,AL Hughes,0,0,,,,,,,,,,,,,
1167037,2019,2019-09-23,"Lord's, London",1,47.4,47.4,Middlesex,Derbyshire,SD Robson,DJ Malan,AL Hughes,4,0,,,,,,,,,,,,,
1167037,2019,2019-09-23,"Lord's, London",1,47.5,47.5,Middlesex,Derbyshire,SD Robson,DJ Malan,AL Hughes,0,0,,,,,,,,,,,,,
1167037,2019,2019-09-23,"Lord's, London",1,47.6,47.6,Middlesex,Derbyshire,SD Robson,DJ Malan,AL Hughes,0,0,,,,,,,,,,,,,
1167037,2019,2019-09-23,"Lord's, London",1,48.1,48.1,Middlesex,Derbyshire,DJ Malan,SD Robson,S Conners,0,0,,,,,,,,,,,,,
1167037,2019,2019-09-23,"Lord's, London",1,48.2,48.2,Middlesex,Derbyshire,DJ Malan,SD Robson,S Conners,0,0,,,,,,,,,,,,,
1167037,2019,2019-09-23,"Lord's, London",1,48.3,48.3,Middlesex,Derbyshire,DJ Malan,SD Robson,S Conners,0,0,,,,,,,,,,,,,
1167037,2019,2019-09-23,"Lord's, London",1,48.4,48.4,Middlesex,Derbyshire,DJ Malan,SD Robson,S Conners,0,1,,,,1,,,,,,,,,
1167037,2019,2019-09-23,"Lord's, London",1,48.5,48.5,Middlesex,Derbyshire,SD Robson,DJ Malan,S Conners,1,0,,,,,,,,,,,,,
1167037,2019,2019-09-23,"Lord's, London",1,48.6,48.6,Middlesex,Derbyshire,DJ Malan,SD Robson,S Conners,1,0,,,,,,,,,,,,,
1167037,2019,2019-09-23,"Lord's, London",1,49.1,49.1,Middlesex,Derbyshire,DJ Malan,SD Robson,AL Hughes,0,0,,,,,,,,,,,,,
1167037,2019,2019-09-23,"Lord's, London",1,49.2,49.2,Middlesex,Derbyshire,DJ Malan,SD Robson,AL Hughes,0,0,,,,,,,,,,,,,
1167037,2019,2019-09-23,"Lord's, London",1,49.3,49.3,Middlesex,Derbyshire,DJ Malan,SD Robson,AL Hughes,0,0,,,,,,,,,,,,,
1167037,2019,2019-09-23,"Lord's, London",1,49.4,49.4,Middlesex,Derbyshire,DJ Malan,SD Robson,AL Hughes,0,0,,,,,,,,,,,,,
1167037,2019,2019-09-23,"Lord's, London",1,49.5,49.5,Middlesex,Derbyshire,DJ Malan,SD Robson,AL Hughes,0,0,,,,,,,,,,,,,
1167037,2019,2019-09-23,"Lord's, London",1,49.6,49.6,Middlesex,Derbyshire,DJ Malan,SD Robson,AL Hughes,0,0,,,,,,,,,,,,,
1167037,2019,2019-09-23,"Lord's, London",1,50.1,50.1,Middlesex,Derbyshire,SD Robson,DJ Malan,FJ Hudson-Prentice,0,0,,,,,,,,,,,,,
1167037,2019,2019-09-23,"Lord's, London",1,50.2,50.2,Middlesex,Derbyshire,SD Robson,DJ Malan,FJ Hudson-Prentice,0,0,,,,,,,,,,,,,
1167037,2019,2019-09-23,"Lord's, London",1,50.3,50.3,Middlesex,Derbyshire,SD Robson,DJ Malan,FJ Hudson-Prentice,1,0,,,,,,,,,,,,,
1167037,2019,2019-09-23,"Lord's, London",1,50.4,50.4,Middlesex,Derbyshire,DJ Malan,SD Robson,FJ Hudson-Prentice,0,0,,,,,,,,,,,,,
1167037,2019,2019-09-23,"Lord's, London",1,50.5,50.5,Middlesex,Derbyshire,DJ Malan,SD Robson,FJ Hudson-Prentice,0,0,,,,,,,,,,,,,
1167037,2019,2019-09-23,"Lord's, London",1,50.6,50.6,Middlesex,Derbyshire,DJ Malan,SD Robson,FJ Hudson-Prentice,0,0,,,,,,,,,,,,,
1167037,2019,2019-09-23,"Lord's, London",1,51.1,51.1,Middlesex,Derbyshire,SD Robson,DJ Malan,AL Hughes,1,0,,,,,,,,,,,,,
1167037,2019,2019-09-23,"Lord's, London",1,51.2,51.2,Middlesex,Derbyshire,DJ Malan,SD Robson,AL Hughes,0,0,,,,,,,,,,,,,
1167037,2019,2019-09-23,"Lord's, London",1,51.3,51.3,Middlesex,Derbyshire,DJ Malan,SD Robson,AL Hughes,1,0,,,,,,,,,,,,,
1167037,2019,2019-09-23,"Lord's, London",1,51.4,51.4,Middlesex,Derbyshire,SD Robson,DJ Malan,AL Hughes,1,0,,,,,,,,,,,,,
1167037,2019,2019-09-23,"Lord's, London",1,51.5,51.5,Middlesex,Derbyshire,DJ Malan,SD Robson,AL Hughes,0,0,,,,,,,,,,,,,
1167037,2019,2019-09-23,"Lord's, London",1,51.6,51.6,Middlesex,Derbyshire,DJ Malan,SD Robson,AL Hughes,0,0,,,,,,,,,,,,,
1167037,2019,2019-09-23,"Lord's, London",1,52.1,52.1,Middlesex,Derbyshire,SD Robson,DJ Malan,FJ Hudson-Prentice,4,0,,,,,,,,,,,,,
1167037,2019,2019-09-23,"Lord's, London",1,52.2,52.2,Middlesex,Derbyshire,SD Robson,DJ Malan,FJ Hudson-Prentice,0,0,,,,,,,,,,,,,
1167037,2019,2019-09-23,"Lord's, London",1,52.3,52.3,Middlesex,Derbyshire,SD Robson,DJ Malan,FJ Hudson-Prentice,4,0,,,,,,,,,,,,,
1167037,2019,2019-09-23,"Lord's, London",1,52.4,52.4,Middlesex,Derbyshire,SD Robson,DJ Malan,FJ Hudson-Prentice,1,0,,,,,,,,,,,,,
1167037,2019,2019-09-23,"Lord's, London",1,52.5,52.5,Middlesex,Derbyshire,DJ Malan,SD Robson,FJ Hudson-Prentice,0,0,,,,,,,,,,,,,
1167037,2019,2019-09-23,"Lord's, London",1,52.6,52.6,Middlesex,Derbyshire,DJ Malan,SD Robson,FJ Hudson-Prentice,0,0,,,,,,,,,,,,,
1167037,2019,2019-09-23,"Lord's, London",1,53.1,53.1,Middlesex,Derbyshire,SD Robson,DJ Malan,AL Hughes,0,0,,,,,,,,,,,,,
1167037,2019,2019-09-23,"Lord's, London",1,53.2,53.2,Middlesex,Derbyshire,SD Robson,DJ Malan,AL Hughes,0,0,,,,,,,caught,SD Robson,,,HR Hosein,,
1167037,2019,2019-09-23,"Lord's, London",1,53.3,53.3,Middlesex,Derbyshire,MK Andersson,DJ Malan,AL Hughes,4,0,,,,,,,,,,,,,
1167037,2019,2019-09-23,"Lord's, London",1,53.4,53.4,Middlesex,Derbyshire,MK Andersson,DJ Malan,AL Hughes,0,0,,,,,,,,,,,,,
1167037,2019,2019-09-23,"Lord's, London",1,53.5,53.5,Middlesex,Derbyshire,MK Andersson,DJ Malan,AL Hughes,0,0,,,,,,,,,,,,,
1167037,2019,2019-09-23,"Lord's, London",1,53.6,53.6,Middlesex,Derbyshire,MK Andersson,DJ Malan,AL Hughes,0,0,,,,,,,,,,,,,
1167037,2019,2019-09-23,"Lord's, London",1,54.1,54.1,Middlesex,Derbyshire,DJ Malan,MK Andersson,LM Reece,4,0,,,,,,,,,,,,,
1167037,2019,2019-09-23,"Lord's, London",1,54.2,54.2,Middlesex,Derbyshire,DJ Malan,MK Andersson,LM Reece,0,0,,,,,,,,,,,,,
1167037,2019,2019-09-23,"Lord's, London",1,54.3,54.3,Middlesex,Derbyshire,DJ Malan,MK Andersson,LM Reece,0,0,,,,,,,,,,,,,
1167037,2019,2019-09-23,"Lord's, London",1,54.4,54.4,Middlesex,Derbyshire,DJ Malan,MK Andersson,LM Reece,1,0,,,,,,,,,,,,,
1167037,2019,2019-09-23,"Lord's, London",1,54.5,54.5,Middlesex,Derbyshire,MK Andersson,DJ Malan,LM Reece,0,0,,,,,,,,,,,,,
1167037,2019,2019-09-23,"Lord's, London",1,54.6,54.6,Middlesex,Derbyshire,MK Andersson,DJ Malan,LM Reece,0,0,,,,,,,,,,,,,
1167037,2019,2019-09-23,"Lord's, London",1,55.1,55.1,Middlesex,Derbyshire,DJ Malan,MK Andersson,FJ Hudson-Prentice,0,0,,,,,,,,,,,,,
1167037,2019,2019-09-23,"Lord's, London",1,55.2,55.2,Middlesex,Derbyshire,DJ Malan,MK Andersson,FJ Hudson-Prentice,0,0,,,,,,,,,,,,,
1167037,2019,2019-09-23,"Lord's, London",1,55.3,55.3,Middlesex,Derbyshire,DJ Malan,MK Andersson,FJ Hudson-Prentice,1,0,,,,,,,,,,,,,
1167037,2019,2019-09-23,"Lord's, London",1,55.4,55.4,Middlesex,Derbyshire,MK Andersson,DJ Malan,FJ Hudson-Prentice,0,0,,,,,,,,,,,,,
1167037,2019,2019-09-23,"Lord's, London",1,55.5,55.5,Middlesex,Derbyshire,MK Andersson,DJ Malan,FJ Hudson-Prentice,0,0,,,,,,,,,,,,,
1167037,2019,2019-09-23,"Lord's, London",1,55.6,55.6,Middlesex,Derbyshire,MK Andersson,DJ Malan,FJ Hudson-Prentice,0,0,,,,,,,,,,,,,
1167037,2019,2019-09-23,"Lord's, London",1,56.1,56.1,Middlesex,Derbyshire,DJ Malan,MK Andersson,LM Reece,2,0,,,,,,,,,,,,,
1167037,2019,2019-09-23,"Lord's, London",1,56.2,56.2,Middlesex,Derbyshire,DJ Malan,MK Andersson,LM Reece,0,0,,,,,,,,,,,,,
1167037,2019,2019-09-23,"Lord's, London",1,56.3,56.3,Middlesex,Derbyshire,DJ Malan,MK Andersson,LM Reece,3,0,,,,,,,,,,,,,
1167037,2019,2019-09-23,"Lord's, London",1,56.4,56.4,Middlesex,Derbyshire,MK Andersson,DJ Malan,LM Reece,0,0,,,,,,,,,,,,,
1167037,2019,2019-09-23,"Lord's, London",1,56.5,56.5,Middlesex,Derbyshire,MK Andersson,DJ Malan,LM Reece,0,0,,,,,,,,,,,,,
1167037,2019,2019-09-23,"Lord's, London",1,56.6,56.6,Middlesex,Derbyshire,MK Andersson,DJ Malan,LM Reece,0,0,,,,,,,,,,,,,
1167037,2019,2019-09-23,"Lord's, London",1,57.1,57.1,Middlesex,Derbyshire,DJ Malan,MK Andersson,FJ Hudson-Prentice,4,0,,,,,,,,,,,,,
1167037,2019,2019-09-23,"Lord's, London",1,57.2,57.2,Middlesex,Derbyshire,DJ Malan,MK Andersson,FJ Hudson-Prentice,1,0,,,,,,,,,,,,,
1167037,2019,2019-09-23,"Lord's, London",1,57.3,57.3,Middlesex,Derbyshire,MK Andersson,DJ Malan,FJ Hudson-Prentice,0,0,,,,,,,,,,,,,
1167037,2019,2019-09-23,"Lord's, London",1,57.4,57.4,Middlesex,Derbyshire,MK Andersson,DJ Malan,FJ Hudson-Prentice,0,0,,,,,,,,,,,,,
1167037,2019,2019-09-23,"Lord's, London",1,57.5,57.5,Middlesex,Derbyshire,MK Andersson,DJ Malan,FJ Hudson-Prentice,0,0,,,,,,,,,,,,,
1167037,2019,2019-09-23,"Lord's, London",1,57.6,57.6,Middlesex,Derbyshire,MK Andersson,DJ Malan,FJ Hudson-Prentice,0,0,,,,,,,,,,,,,
1167037,2019,2019-09-23,"Lord's, London",1,58.1,58.1,Middlesex,Derbyshire,DJ Malan,MK Andersson,LM Reece,0,0,,,,,,,,,,,,,
1167037,2019,2019-09-23,"Lord's, London",1,58.2,58.2,Middlesex,Derbyshire,DJ Malan,MK Andersson,LM Reece,1,0,,,,,,,,,,,,,
1167037,2019,2019-09-23,"Lord's, London",1,58.3,58.3,Middlesex,Derbyshire,MK Andersson,DJ Malan,LM Reece,0,0,,,,,,,,,,,,,
1167037,2019,2019-09-23,"Lord's, London",1,58.4,58.4,Middlesex,Derbyshire,MK Andersson,DJ Malan,LM Reece,0,0,,,,,,,,,,,,,
1167037,2019,2019-09-23,"Lord's, London",1,58.5,58.5,Middlesex,Derbyshire,MK Andersson,DJ Malan,LM Reece,0,0,,,,,,,,,,,,,
1167037,2019,2019-09-23,"Lord's, London",1,58.6,58.6,Middlesex,Derbyshire,MK Andersson,DJ Malan,LM Reece,0,0,,,,,,,,,,,,,
1167037,2019,2019-09-23,"Lord's, London",1,59.1,59.1,Middlesex,Derbyshire,DJ Malan,MK Andersson,FJ Hudson-Prentice,0,0,,,,,,,,,,,,,
1167037,2019,2019-09-23,"Lord's, London",1,59.2,59.2,Middlesex,Derbyshire,DJ Malan,MK Andersson,FJ Hudson-Prentice,1,0,,,,,,,,,,,,,
1167037,2019,2019-09-23,"Lord's, London",1,59.3,59.3,Middlesex,Derbyshire,MK Andersson,DJ Malan,FJ Hudson-Prentice,0,0,,,,,,,,,,,,,
1167037,2019,2019-09-23,"Lord's, London",1,59.4,59.4,Middlesex,Derbyshire,MK Andersson,DJ Malan,FJ Hudson-Prentice,0,0,,,,,,,,,,,,,
1167037,2019,2019-09-23,"Lord's, London",1,59.5,59.5,Middlesex,Derbyshire,MK Andersson,DJ Malan,FJ Hudson-Prentice,0,0,,,,,,,,,,,,,
1167037,2019,2019-09-23,"Lord's, London",1,59.6,59.6,Middlesex,Derbyshire,MK Andersson,DJ Malan,FJ Hudson-Prentice,0,0,,,,,,,,,,,,,
1167037,2019,2019-09-23,"Lord's, London",1,60.1,60.1,Middlesex,Derbyshire,DJ Malan,MK Andersson,LM Reece,0,0,,,,,,,,,,,,,
1167037,2019,2019-09-23,"Lord's, London",1,60.2,60.2,Middlesex,Derbyshire,DJ Malan,MK Andersson,LM Reece,0,0,,,,,,,,,,,,,
1167037,2019,2019-09-23,"Lord's, London",1,60.3,60.3,Middlesex,Derbyshire,DJ Malan,MK Andersson,LM Reece,0,0,,,,,,,,,,,,,
1167037,2019,2019-09-23,"Lord's, London",1,60.4,60.4,Middlesex,Derbyshire,DJ Malan,MK Andersson,LM Reece,4,0,,,,,,,,,,,,,
1167037,2019,2019-09-23,"Lord's, London",1,60.5,60.5,Middlesex,Derbyshire,DJ Malan,MK Andersson,LM Reece,0,0,,,,,,,,,,,,,
1167037,2019,2019-09-23,"Lord's, London",1,60.6,60.6,Middlesex,Derbyshire,DJ Malan,MK Andersson,LM Reece,0,0,,,,,,,,,,,,,
1167037,2019,2019-09-23,"Lord's, London",1,61.1,61.1,Middlesex,Derbyshire,MK Andersson,DJ Malan,FJ Hudson-Prentice,4,0,,,,,,,,,,,,,
1167037,2019,2019-09-23,"Lord's, London",1,61.2,61.2,Middlesex,Derbyshire,MK Andersson,DJ Malan,FJ Hudson-Prentice,0,0,,,,,,,,,,,,,
1167037,2019,2019-09-23,"Lord's, London",1,61.3,61.3,Middlesex,Derbyshire,MK Andersson,DJ Malan,FJ Hudson-Prentice,0,0,,,,,,,,,,,,,
1167037,2019,2019-09-23,"Lord's, London",1,61.4,61.4,Middlesex,Derbyshire,MK Andersson,DJ Malan,FJ Hudson-Prentice,0,0,,,,,,,,,,,,,
1167037,2019,2019-09-23,"Lord's, London",1,61.5,61.5,Middlesex,Derbyshire,MK Andersson,DJ Malan,FJ Hudson-Prentice,0,0,,,,,,,,,,,,,
1167037,2019,2019-09-23,"Lord's, London",1,61.6,61.6,Middlesex,Derbyshire,MK Andersson,DJ Malan,FJ Hudson-Prentice,0,0,,,,,,,,,,,,,
1167037,2019,2019-09-23,"Lord's, London",1,62.1,62.1,Middlesex,Derbyshire,DJ Malan,MK Andersson,LM Reece,0,0,,,,,,,,,,,,,
1167037,2019,2019-09-23,"Lord's, London",1,62.2,62.2,Middlesex,Derbyshire,DJ Malan,MK Andersson,LM Reece,1,0,,,,,,,,,,,,,
1167037,2019,2019-09-23,"Lord's, London",1,62.3,62.3,Middlesex,Derbyshire,MK Andersson,DJ Malan,LM Reece,0,0,,,,,,,caught,MK Andersson,,,HR Hosein,,
1167037,2019,2019-09-23,"Lord's, London",1,62.4,62.4,Middlesex,Derbyshire,JA Simpson,DJ Malan,LM Reece,0,0,,,,,,,,,,,,,
1167037,2019,2019-09-23,"Lord's, London",1,62.5,62.5,Middlesex,Derbyshire,JA Simpson,DJ Malan,LM Reece,0,0,,,,,,,,,,,,,
1167037,2019,2019-09-23,"Lord's, London",1,62.6,62.6,Middlesex,Derbyshire,JA Simpson,DJ Malan,LM Reece,0,0,,,,,,,,,,,,,
1167037,2019,2019-09-23,"Lord's, London",1,63.1,63.1,Middlesex,Derbyshire,DJ Malan,JA Simpson,FJ Hudson-Prentice,0,0,,,,,,,,,,,,,
1167037,2019,2019-09-23,"Lord's, London",1,63.2,63.2,Middlesex,Derbyshire,DJ Malan,JA Simpson,FJ Hudson-Prentice,4,0,,,,,,,,,,,,,
1167037,2019,2019-09-23,"Lord's, London",1,63.3,63.3,Middlesex,Derbyshire,DJ Malan,JA Simpson,FJ Hudson-Prentice,0,0,,,,,,,,,,,,,
1167037,2019,2019-09-23,"Lord's, London",1,63.4,63.4,Middlesex,Derbyshire,DJ Malan,JA Simpson,FJ Hudson-Prentice,0,0,,,,,,,,,,,,,
1167037,2019,2019-09-23,"Lord's, London",1,63.5,63.5,Middlesex,Derbyshire,DJ Malan,JA Simpson,FJ Hudson-Prentice,0,0,,,,,,,,,,,,,
1167037,2019,2019-09-23,"Lord's, London",1,63.6,63.6,Middlesex,Derbyshire,DJ Malan,JA Simpson,FJ Hudson-Prentice,1,0,,,,,,,,,,,,,
1167037,2019,2019-09-23,"Lord's, London",1,64.1,64.1,Middlesex,Derbyshire,DJ Malan,JA Simpson,LM Reece,0,0,,,,,,,,,,,,,
1167037,2019,2019-09-23,"Lord's, London",1,64.2,64.2,Middlesex,Derbyshire,DJ Malan,JA Simpson,LM Reece,0,0,,,,,,,,,,,,,
1167037,2019,2019-09-23,"Lord's, London",1,64.3,64.3,Middlesex,Derbyshire,DJ Malan,JA Simpson,LM Reece,0,0,,,,,,,,,,,,,
1167037,2019,2019-09-23,"Lord's, London",1,64.4,64.4,Middlesex,Derbyshire,DJ Malan,JA Simpson,LM Reece,0,0,,,,,,,,,,,,,
1167037,2019,2019-09-23,"Lord's, London",1,64.5,64.5,Middlesex,Derbyshire,DJ Malan,JA Simpson,LM Reece,0,0,,,,,,,,,,,,,
1167037,2019,2019-09-23,"Lord's, London",1,64.6,64.6,Middlesex,Derbyshire,DJ Malan,JA Simpson,LM Reece,1,0,,,,,,,,,,,,,
1167037,2019,2019-09-23,"Lord's, London",1,65.1,65.1,Middlesex,Derbyshire,DJ Malan,JA Simpson,FJ Hudson-Prentice,0,0,,,,,,,,,,,,,
1167037,2019,2019-09-23,"Lord's, London",1,65.2,65.2,Middlesex,Derbyshire,DJ Malan,JA Simpson,FJ Hudson-Prentice,0,0,,,,,,,,,,,,,
1167037,2019,2019-09-23,"Lord's, London",1,65.3,65.3,Middlesex,Derbyshire,DJ Malan,JA Simpson,FJ Hudson-Prentice,0,0,,,,,,,,,,,,,
1167037,2019,2019-09-23,"Lord's, London",1,65.4,65.4,Middlesex,Derbyshire,DJ Malan,JA Simpson,FJ Hudson-Prentice,1,0,,,,,,,,,,,,,
1167037,2019,2019-09-23,"Lord's, London",1,65.5,65.5,Middlesex,Derbyshire,JA Simpson,DJ Malan,FJ Hudson-Prentice,0,0,,,,,,,,,,,,,
1167037,2019,2019-09-23,"Lord's, London",1,65.6,65.6,Middlesex,Derbyshire,JA Simpson,DJ Malan,FJ Hudson-Prentice,0,0,,,,,,,,,,,,,
1167037,2019,2019-09-23,"Lord's, London",1,66.1,66.1,Middlesex,Derbyshire,DJ Malan,JA Simpson,LM Reece,2,0,,,,,,,,,,,,,
1167037,2019,2019-09-23,"Lord's, London",1,66.2,66.2,Middlesex,Derbyshire,DJ Malan,JA Simpson,LM Reece,0,0,,,,,,,,,,,,,
1167037,2019,2019-09-23,"Lord's, London",1,66.3,66.3,Middlesex,Derbyshire,DJ Malan,JA Simpson,LM Reece,0,0,,,,,,,,,,,,,
1167037,2019,2019-09-23,"Lord's, London",1,66.4,66.4,Middlesex,Derbyshire,DJ Malan,JA Simpson,LM Reece,0,0,,,,,,,,,,,,,
1167037,2019,2019-09-23,"Lord's, London",1,66.5,66.5,Middlesex,Derbyshire,DJ Malan,JA Simpson,LM Reece,0,0,,,,,,,,,,,,,
1167037,2019,2019-09-23,"Lord's, London",1,66.6,66.6,Middlesex,Derbyshire,DJ Malan,JA Simpson,LM Reece,0,0,,,,,,,,,,,,,
1167037,2019,2019-09-23,"Lord's, London",1,67.1,67.1,Middlesex,Derbyshire,JA Simpson,DJ Malan,Anuj Dal,4,0,,,,,,,,,,,,,
1167037,2019,2019-09-23,"Lord's, London",1,67.2,67.2,Middlesex,Derbyshire,JA Simpson,DJ Malan,Anuj Dal,0,0,,,,,,,,,,,,,
1167037,2019,2019-09-23,"Lord's, London",1,67.3,67.3,Middlesex,Derbyshire,JA Simpson,DJ Malan,Anuj Dal,0,0,,,,,,,,,,,,,
1167037,2019,2019-09-23,"Lord's, London",1,67.4,67.4,Middlesex,Derbyshire,JA Simpson,DJ Malan,Anuj Dal,0,0,,,,,,,lbw,JA Simpson,,,,,
1167037,2019,2019-09-23,"Lord's, London",1,67.5,67.5,Middlesex,Derbyshire,JAR Harris,DJ Malan,Anuj Dal,0,0,,,,,,,,,,,,,
1167037,2019,2019-09-23,"Lord's, London",1,67.6,67.6,Middlesex,Derbyshire,JAR Harris,DJ Malan,Anuj Dal,0,0,,,,,,,,,,,,,
1167037,2019,2019-09-23,"Lord's, London",1,68.1,68.1,Middlesex,Derbyshire,DJ Malan,JAR Harris,LM Reece,4,0,,,,,,,,,,,,,
1167037,2019,2019-09-23,"Lord's, London",1,68.2,68.2,Middlesex,Derbyshire,DJ Malan,JAR Harris,LM Reece,0,0,,,,,,,,,,,,,
1167037,2019,2019-09-23,"Lord's, London",1,68.3,68.3,Middlesex,Derbyshire,DJ Malan,JAR Harris,LM Reece,0,0,,,,,,,,,,,,,
1167037,2019,2019-09-23,"Lord's, London",1,68.4,68.4,Middlesex,Derbyshire,DJ Malan,JAR Harris,LM Reece,0,0,,,,,,,,,,,,,
1167037,2019,2019-09-23,"Lord's, London",1,68.5,68.5,Middlesex,Derbyshire,DJ Malan,JAR Harris,LM Reece,0,0,,,,,,,,,,,,,
1167037,2019,2019-09-23,"Lord's, London",1,68.6,68.6,Middlesex,Derbyshire,DJ Malan,JAR Harris,LM Reece,0,0,,,,,,,,,,,,,
1167037,2019,2019-09-23,"Lord's, London",1,69.1,69.1,Middlesex,Derbyshire,JAR Harris,DJ Malan,Anuj Dal,0,0,,,,,,,,,,,,,
1167037,2019,2019-09-23,"Lord's, London",1,69.2,69.2,Middlesex,Derbyshire,JAR Harris,DJ Malan,Anuj Dal,0,0,,,,,,,,,,,,,
1167037,2019,2019-09-23,"Lord's, London",1,69.3,69.3,Middlesex,Derbyshire,JAR Harris,DJ Malan,Anuj Dal,0,0,,,,,,,,,,,,,
1167037,2019,2019-09-23,"Lord's, London",1,69.4,69.4,Middlesex,Derbyshire,JAR Harris,DJ Malan,Anuj Dal,4,0,,,,,,,,,,,,,
1167037,2019,2019-09-23,"Lord's, London",1,69.5,69.5,Middlesex,Derbyshire,JAR Harris,DJ Malan,Anuj Dal,0,0,,,,,,,,,,,,,
1167037,2019,2019-09-23,"Lord's, London",1,69.6,69.6,Middlesex,Derbyshire,JAR Harris,DJ Malan,Anuj Dal,0,0,,,,,,,,,,,,,
1167037,2019,2019-09-23,"Lord's, London",1,70.1,70.1,Middlesex,Derbyshire,DJ Malan,JAR Harris,LM Reece,2,0,,,,,,,,,,,,,
1167037,2019,2019-09-23,"Lord's, London",1,70.2,70.2,Middlesex,Derbyshire,DJ Malan,JAR Harris,LM Reece,0,0,,,,,,,,,,,,,
1167037,2019,2019-09-23,"Lord's, London",1,70.3,70.3,Middlesex,Derbyshire,DJ Malan,JAR Harris,LM Reece,0,0,,,,,,,,,,,,,
1167037,2019,2019-09-23,"Lord's, London",1,70.4,70.4,Middlesex,Derbyshire,DJ Malan,JAR Harris,LM Reece,0,0,,,,,,,,,,,,,
1167037,2019,2019-09-23,"Lord's, London",1,70.5,70.5,Middlesex,Derbyshire,DJ Malan,JAR Harris,LM Reece,0,0,,,,,,,,,,,,,
1167037,2019,2019-09-23,"Lord's, London",1,70.6,70.6,Middlesex,Derbyshire,DJ Malan,JAR Harris,LM Reece,0,0,,,,,,,,,,,,,
1167037,2019,2019-09-23,"Lord's, London",1,71.1,71.1,Middlesex,Derbyshire,JAR Harris,DJ Malan,Anuj Dal,0,0,,,,,,,,,,,,,
1167037,2019,2019-09-23,"Lord's, London",1,71.2,71.2,Middlesex,Derbyshire,JAR Harris,DJ Malan,Anuj Dal,0,0,,,,,,,,,,,,,
1167037,2019,2019-09-23,"Lord's, London",1,71.3,71.3,Middlesex,Derbyshire,JAR Harris,DJ Malan,Anuj Dal,0,0,,,,,,,,,,,,,
1167037,2019,2019-09-23,"Lord's, London",1,71.4,71.4,Middlesex,Derbyshire,JAR Harris,DJ Malan,Anuj Dal,4,0,,,,,,,,,,,,,
1167037,2019,2019-09-23,"Lord's, London",1,71.5,71.5,Middlesex,Derbyshire,JAR Harris,DJ Malan,Anuj Dal,0,0,,,,,,,,,,,,,
1167037,2019,2019-09-23,"Lord's, London",1,71.6,71.6,Middlesex,Derbyshire,JAR Harris,DJ Malan,Anuj Dal,0,0,,,,,,,,,,,,,
1167037,2019,2019-09-23,"Lord's, London",1,72.1,72.1,Middlesex,Derbyshire,DJ Malan,JAR Harris,LM Reece,0,0,,,,,,,lbw,DJ Malan,,,,,
1167037,2019,2019-09-23,"Lord's, London",1,72.2,72.2,Middlesex,Derbyshire,TS Roland-Jones,JAR Harris,LM Reece,0,0,,,,,,,,,,,,,
1167037,2019,2019-09-23,"Lord's, London",1,72.3,72.3,Middlesex,Derbyshire,TS Roland-Jones,JAR Harris,LM Reece,0,0,,,,,,,,,,,,,
1167037,2019,2019-09-23,"Lord's, London",1,72.4,72.4,Middlesex,Derbyshire,TS Roland-Jones,JAR Harris,LM Reece,0,0,,,,,,,,,,,,,
1167037,2019,2019-09-23,"Lord's, London",1,72.5,72.5,Middlesex,Derbyshire,TS Roland-Jones,JAR Harris,LM Reece,0,0,,,,,,,,,,,,,
1167037,2019,2019-09-23,"Lord's, London",1,72.6,72.6,Middlesex,Derbyshire,TS Roland-Jones,JAR Harris,LM Reece,0,0,,,,,,,,,,,,,
1167037,2019,2019-09-23,"Lord's, London",1,73.1,73.1,Middlesex,Derbyshire,JAR Harris,TS Roland-Jones,Anuj Dal,0,0,,,,,,,,,,,,,
1167037,2019,2019-09-23,"Lord's, London",1,73.2,73.2,Middlesex,Derbyshire,JAR Harris,TS Roland-Jones,Anuj Dal,0,0,,,,,,,,,,,,,
1167037,2019,2019-09-23,"Lord's, London",1,73.3,73.3,Middlesex,Derbyshire,JAR Harris,TS Roland-Jones,Anuj Dal,0,0,,,,,,,,,,,,,
1167037,2019,2019-09-23,"Lord's, London",1,73.4,73.4,Middlesex,Derbyshire,JAR Harris,TS Roland-Jones,Anuj Dal,0,0,,,,,,,,,,,,,
1167037,2019,2019-09-23,"Lord's, London",1,73.5,73.5,Middlesex,Derbyshire,JAR Harris,TS Roland-Jones,Anuj Dal,0,0,,,,,,,,,,,,,
1167037,2019,2019-09-23,"Lord's, London",1,73.6,73.6,Middlesex,Derbyshire,JAR Harris,TS Roland-Jones,Anuj Dal,1,0,,,,,,,,,,,,,
1167037,2019,2019-09-23,"Lord's, London",1,74.1,74.1,Middlesex,Derbyshire,JAR Harris,TS Roland-Jones,S Conners,0,0,,,,,,,,,,,,,
1167037,2019,2019-09-23,"Lord's, London",1,74.2,74.2,Middlesex,Derbyshire,JAR Harris,TS Roland-Jones,S Conners,1,0,,,,,,,,,,,,,
1167037,2019,2019-09-23,"Lord's, London",1,74.3,74.3,Middlesex,Derbyshire,TS Roland-Jones,JAR Harris,S Conners,2,2,,2,,,,,,,,,,,
1167037,2019,2019-09-23,"Lord's, London",1,74.4,74.3,Middlesex,Derbyshire,TS Roland-Jones,JAR Harris,S Conners,0,0,,,,,,,,,,,,,
1167037,2019,2019-09-23,"Lord's, London",1,74.5,74.4,Middlesex,Derbyshire,TS Roland-Jones,JAR Harris,S Conners,0,0,,,,,,,,,,,,,
1167037,2019,2019-09-23,"Lord's, London",1,74.6,74.5,Middlesex,Derbyshire,TS Roland-Jones,JAR Harris,S Conners,2,0,,,,,,,,,,,,,
1167037,2019,2019-09-23,"Lord's, London",1,74.7,74.6,Middlesex,Derbyshire,TS Roland-Jones,JAR Harris,S Conners,0,0,,,,,,,,,,,,,
1167037,2019,2019-09-23,"Lord's, London",1,75.1,75.1,Middlesex,Derbyshire,JAR Harris,TS Roland-Jones,Anuj Dal,0,0,,,,,,,,,,,,,
1167037,2019,2019-09-23,"Lord's, London",1,75.2,75.2,Middlesex,Derbyshire,JAR Harris,TS Roland-Jones,Anuj Dal,0,0,,,,,,,,,,,,,
1167037,2019,2019-09-23,"Lord's, London",1,75.3,75.3,Middlesex,Derbyshire,JAR Harris,TS Roland-Jones,Anuj Dal,0,0,,,,,,,,,,,,,
1167037,2019,2019-09-23,"Lord's, London",1,75.4,75.4,Middlesex,Derbyshire,JAR Harris,TS Roland-Jones,Anuj Dal,0,0,,,,,,,,,,,,,
1167037,2019,2019-09-23,"Lord's, London",1,75.5,75.5,Middlesex,Derbyshire,JAR Harris,TS Roland-Jones,Anuj Dal,0,0,,,,,,,,,,,,,
1167037,2019,2019-09-23,"Lord's, London",1,75.6,75.6,Middlesex,Derbyshire,JAR Harris,TS Roland-Jones,Anuj Dal,0,0,,,,,,,,,,,,,
1167037,2019,2019-09-23,"Lord's, London",1,76.1,76.1,Middlesex,Derbyshire,TS Roland-Jones,JAR Harris,S Conners,0,0,,,,,,,,,,,,,
1167037,2019,2019-09-23,"Lord's, London",1,76.2,76.2,Middlesex,Derbyshire,TS Roland-Jones,JAR Harris,S Conners,1,0,,,,,,,,,,,,,
1167037,2019,2019-09-23,"Lord's, London",1,76.3,76.3,Middlesex,Derbyshire,JAR Harris,TS Roland-Jones,S Conners,1,0,,,,,,,,,,,,,
1167037,2019,2019-09-23,"Lord's, London",1,76.4,76.4,Middlesex,Derbyshire,TS Roland-Jones,JAR Harris,S Conners,0,0,,,,,,,,,,,,,
1167037,2019,2019-09-23,"Lord's, London",1,76.5,76.5,Middlesex,Derbyshire,TS Roland-Jones,JAR Harris,S Conners,0,0,,,,,,,,,,,,,
1167037,2019,2019-09-23,"Lord's, London",1,76.6,76.6,Middlesex,Derbyshire,TS Roland-Jones,JAR Harris,S Conners,1,0,,,,,,,,,,,,,
1167037,2019,2019-09-23,"Lord's, London",1,77.1,77.1,Middlesex,Derbyshire,TS Roland-Jones,JAR Harris,DR Melton,1,0,,,,,,,,,,,,,
1167037,2019,2019-09-23,"Lord's, London",1,77.2,77.2,Middlesex,Derbyshire,JAR Harris,TS Roland-Jones,DR Melton,4,0,,,,,,,,,,,,,
1167037,2019,2019-09-23,"Lord's, London",1,77.3,77.3,Middlesex,Derbyshire,JAR Harris,TS Roland-Jones,DR Melton,0,0,,,,,,,,,,,,,
1167037,2019,2019-09-23,"Lord's, London",1,77.4,77.4,Middlesex,Derbyshire,JAR Harris,TS Roland-Jones,DR Melton,1,0,,,,,,,,,,,,,
1167037,2019,2019-09-23,"Lord's, London",1,77.5,77.5,Middlesex,Derbyshire,TS Roland-Jones,JAR Harris,DR Melton,1,0,,,,,,,,,,,,,
1167037,2019,2019-09-23,"Lord's, London",1,77.6,77.6,Middlesex,Derbyshire,JAR Harris,TS Roland-Jones,DR Melton,0,0,,,,,,,,,,,,,
1167037,2019,2019-09-23,"Lord's, London",1,78.1,78.1,Middlesex,Derbyshire,TS Roland-Jones,JAR Harris,S Conners,1,0,,,,,,,,,,,,,
1167037,2019,2019-09-23,"Lord's, London",1,78.2,78.2,Middlesex,Derbyshire,JAR Harris,TS Roland-Jones,S Conners,0,2,,2,,,,,,,,,,,
1167037,2019,2019-09-23,"Lord's, London",1,78.3,78.2,Middlesex,Derbyshire,JAR Harris,TS Roland-Jones,S Conners,0,0,,,,,,,,,,,,,
1167037,2019,2019-09-23,"Lord's, London",1,78.4,78.3,Middlesex,Derbyshire,JAR Harris,TS Roland-Jones,S Conners,0,0,,,,,,,,,,,,,
1167037,2019,2019-09-23,"Lord's, London",1,78.5,78.4,Middlesex,Derbyshire,JAR Harris,TS Roland-Jones,S Conners,0,0,,,,,,,,,,,,,
1167037,2019,2019-09-23,"Lord's, London",1,78.6,78.5,Middlesex,Derbyshire,JAR Harris,TS Roland-Jones,S Conners,0,0,,,,,,,,,,,,,
1167037,2019,2019-09-23,"Lord's, London",1,78.7,78.6,Middlesex,Derbyshire,JAR Harris,TS Roland-Jones,S Conners,0,0,,,,,,,,,,,,,
1167037,2019,2019-09-23,"Lord's, London",1,79.1,79.1,Middlesex,Derbyshire,TS Roland-Jones,JAR Harris,DR Melton,0,0,,,,,,,,,,,,,
1167037,2019,2019-09-23,"Lord's, London",1,79.2,79.2,Middlesex,Derbyshire,TS Roland-Jones,JAR Harris,DR Melton,4,0,,,,,,,,,,,,,
1167037,2019,2019-09-23,"Lord's, London",1,79.3,79.3,Middlesex,Derbyshire,TS Roland-Jones,JAR Harris,DR Melton,1,0,,,,,,,,,,,,,
1167037,2019,2019-09-23,"Lord's, London",1,79.4,79.4,Middlesex,Derbyshire,JAR Harris,TS Roland-Jones,DR Melton,1,0,,,,,,,,,,,,,
1167037,2019,2019-09-23,"Lord's, London",1,79.5,79.5,Middlesex,Derbyshire,TS Roland-Jones,JAR Harris,DR Melton,1,0,,,,,,,,,,,,,
1167037,2019,2019-09-23,"Lord's, London",1,79.6,79.6,Middlesex,Derbyshire,JAR Harris,TS Roland-Jones,DR Melton,1,0,,,,,,,,,,,,,
1167037,2019,2019-09-23,"Lord's, London",1,80.1,80.1,Middlesex,Derbyshire,JAR Harris,TS Roland-Jones,LM Reece,0,0,,,,,,,,,,,,,
1167037,2019,2019-09-23,"Lord's, London",1,80.2,80.2,Middlesex,Derbyshire,JAR Harris,TS Roland-Jones,LM Reece,0,0,,,,,,,,,,,,,
1167037,2019,2019-09-23,"Lord's, London",1,80.3,80.3,Middlesex,Derbyshire,JAR Harris,TS Roland-Jones,LM Reece,0,0,,,,,,,,,,,,,
1167037,2019,2019-09-23,"Lord's, London",1,80.4,80.4,Middlesex,Derbyshire,JAR Harris,TS Roland-Jones,LM Reece,0,0,,,,,,,,,,,,,
1167037,2019,2019-09-23,"Lord's, London",1,80.5,80.5,Middlesex,Derbyshire,JAR Harris,TS Roland-Jones,LM Reece,0,0,,,,,,,,,,,,,
1167037,2019,2019-09-23,"Lord's, London",1,80.6,80.6,Middlesex,Derbyshire,JAR Harris,TS Roland-Jones,LM Reece,0,0,,,,,,,,,,,,,
1167037,2019,2019-09-23,"Lord's, London",1,81.1,81.1,Middlesex,Derbyshire,TS Roland-Jones,JAR Harris,FJ Hudson-Prentice,0,0,,,,,,,,,,,,,
1167037,2019,2019-09-23,"Lord's, London",1,81.2,81.2,Middlesex,Derbyshire,TS Roland-Jones,JAR Harris,FJ Hudson-Prentice,4,0,,,,,,,,,,,,,
1167037,2019,2019-09-23,"Lord's, London",1,81.3,81.3,Middlesex,Derbyshire,TS Roland-Jones,JAR Harris,FJ Hudson-Prentice,4,0,,,,,,,,,,,,,
1167037,2019,2019-09-23,"Lord's, London",1,81.4,81.4,Middlesex,Derbyshire,TS Roland-Jones,JAR Harris,FJ Hudson-Prentice,0,0,,,,,,,,,,,,,
1167037,2019,2019-09-23,"Lord's, London",1,81.5,81.5,Middlesex,Derbyshire,TS Roland-Jones,JAR Harris,FJ Hudson-Prentice,0,0,,,,,,,,,,,,,
1167037,2019,2019-09-23,"Lord's, London",1,81.6,81.6,Middlesex,Derbyshire,TS Roland-Jones,JAR Harris,FJ Hudson-Prentice,0,0,,,,,,,,,,,,,
1167037,2019,2019-09-23,"Lord's, London",1,82.1,82.1,Middlesex,Derbyshire,JAR Harris,TS Roland-Jones,LM Reece,0,0,,,,,,,,,,,,,
1167037,2019,2019-09-23,"Lord's, London",1,82.2,82.2,Middlesex,Derbyshire,JAR Harris,TS Roland-Jones,LM Reece,0,0,,,,,,,,,,,,,
1167037,2019,2019-09-23,"Lord's, London",1,82.3,82.3,Middlesex,Derbyshire,JAR Harris,TS Roland-Jones,LM Reece,0,0,,,,,,,,,,,,,
1167037,2019,2019-09-23,"Lord's, London",1,82.4,82.4,Middlesex,Derbyshire,JAR Harris,TS Roland-Jones,LM Reece,0,0,,,,,,,,,,,,,
1167037,2019,2019-09-23,"Lord's, London",1,82.5,82.5,Middlesex,Derbyshire,JAR Harris,TS Roland-Jones,LM Reece,0,0,,,,,,,,,,,,,
1167037,2019,2019-09-23,"Lord's, London",1,82.6,82.6,Middlesex,Derbyshire,JAR Harris,TS Roland-Jones,LM Reece,0,0,,,,,,,,,,,,,
1167037,2019,2019-09-23,"Lord's, London",1,83.1,83.1,Middlesex,Derbyshire,TS Roland-Jones,JAR Harris,FJ Hudson-Prentice,0,0,,,,,,,,,,,,,
1167037,2019,2019-09-23,"Lord's, London",1,83.2,83.2,Middlesex,Derbyshire,TS Roland-Jones,JAR Harris,FJ Hudson-Prentice,0,0,,,,,,,,,,,,,
1167037,2019,2019-09-23,"Lord's, London",1,83.3,83.3,Middlesex,Derbyshire,TS Roland-Jones,JAR Harris,FJ Hudson-Prentice,0,0,,,,,,,,,,,,,
1167037,2019,2019-09-23,"Lord's, London",1,83.4,83.4,Middlesex,Derbyshire,TS Roland-Jones,JAR Harris,FJ Hudson-Prentice,0,0,,,,,,,,,,,,,
1167037,2019,2019-09-23,"Lord's, London",1,83.5,83.5,Middlesex,Derbyshire,TS Roland-Jones,JAR Harris,FJ Hudson-Prentice,0,0,,,,,,,,,,,,,
1167037,2019,2019-09-23,"Lord's, London",1,83.6,83.6,Middlesex,Derbyshire,TS Roland-Jones,JAR Harris,FJ Hudson-Prentice,0,0,,,,,,,,,,,,,
1167037,2019,2019-09-23,"Lord's, London",1,84.1,84.1,Middlesex,Derbyshire,JAR Harris,TS Roland-Jones,LM Reece,0,0,,,,,,,,,,,,,
1167037,2019,2019-09-23,"Lord's, London",1,84.2,84.2,Middlesex,Derbyshire,JAR Harris,TS Roland-Jones,LM Reece,1,0,,,,,,,,,,,,,
1167037,2019,2019-09-23,"Lord's, London",1,84.3,84.3,Middlesex,Derbyshire,TS Roland-Jones,JAR Harris,LM Reece,0,0,,,,,,,,,,,,,
1167037,2019,2019-09-23,"Lord's, London",1,84.4,84.4,Middlesex,Derbyshire,TS Roland-Jones,JAR Harris,LM Reece,0,0,,,,,,,,,,,,,
1167037,2019,2019-09-23,"Lord's, London",1,84.5,84.5,Middlesex,Derbyshire,TS Roland-Jones,JAR Harris,LM Reece,0,0,,,,,,,,,,,,,
1167037,2019,2019-09-23,"Lord's, London",1,84.6,84.6,Middlesex,Derbyshire,TS Roland-Jones,JAR Harris,LM Reece,0,0,,,,,,,lbw,TS Roland-Jones,,,,,
1167037,2019,2019-09-23,"Lord's, London",1,85.1,85.1,Middlesex,Derbyshire,JAR Harris,ML Cummins,FJ Hudson-Prentice,0,0,,,,,,,,,,,,,
1167037,2019,2019-09-23,"Lord's, London",1,85.2,85.2,Middlesex,Derbyshire,JAR Harris,ML Cummins,FJ Hudson-Prentice,1,0,,,,,,,,,,,,,
1167037,2019,2019-09-23,"Lord's, London",1,85.3,85.3,Middlesex,Derbyshire,ML Cummins,JAR Harris,FJ Hudson-Prentice,0,0,,,,,,,,,,,,,
1167037,2019,2019-09-23,"Lord's, London",1,85.4,85.4,Middlesex,Derbyshire,ML Cummins,JAR Harris,FJ Hudson-Prentice,0,0,,,,,,,,,,,,,
1167037,2019,2019-09-23,"Lord's, London",1,85.5,85.5,Middlesex,Derbyshire,ML Cummins,JAR Harris,FJ Hudson-Prentice,0,0,,,,,,,,,,,,,
1167037,2019,2019-09-23,"Lord's, London",1,85.6,85.6,Middlesex,Derbyshire,ML Cummins,JAR Harris,FJ Hudson-Prentice,0,0,,,,,,,bowled,ML Cummins,,,,,
1167037,2019,2019-09-23,"Lord's, London",1,86.1,86.1,Middlesex,Derbyshire,JAR Harris,ER Bamber,LM Reece,0,0,,,,,,,,,,,,,
1167037,2019,2019-09-23,"Lord's, London",1,86.2,86.2,Middlesex,Derbyshire,JAR Harris,ER Bamber,LM Reece,0,0,,,,,,,,,,,,,
1167037,2019,2019-09-23,"Lord's, London",1,86.3,86.3,Middlesex,Derbyshire,JAR Harris,ER Bamber,LM Reece,0,0,,,,,,,,,,,,,
1167037,2019,2019-09-23,"Lord's, London",1,86.4,86.4,Middlesex,Derbyshire,JAR Harris,ER Bamber,LM Reece,0,0,,,,,,,,,,,,,
1167037,2019,2019-09-23,"Lord's, London",1,86.5,86.5,Middlesex,Derbyshire,JAR Harris,ER Bamber,LM Reece,0,0,,,,,,,,,,,,,
1167037,2019,2019-09-23,"Lord's, London",1,86.6,86.6,Middlesex,Derbyshire,JAR Harris,ER Bamber,LM Reece,0,0,,,,,,,,,,,,,
1167037,2019,2019-09-23,"Lord's, London",1,87.1,87.1,Middlesex,Derbyshire,ER Bamber,JAR Harris,FJ Hudson-Prentice,0,0,,,,,,,,,,,,,
1167037,2019,2019-09-23,"Lord's, London",1,87.2,87.2,Middlesex,Derbyshire,ER Bamber,JAR Harris,FJ Hudson-Prentice,0,0,,,,,,,caught,ER Bamber,,,AL Hughes,,
1167037,2019,2019-09-23,"Lord's, London",1,87.3,87.3,Middlesex,Derbyshire,TJ Murtagh,JAR Harris,FJ Hudson-Prentice,0,0,,,,,,,,,,,,,
1167037,2019,2019-09-23,"Lord's, London",1,87.4,87.4,Middlesex,Derbyshire,TJ Murtagh,JAR Harris,FJ Hudson-Prentice,0,0,,,,,,,,,,,,,
1167037,2019,2019-09-23,"Lord's, London",1,87.5,87.5,Middlesex,Derbyshire,TJ Murtagh,JAR Harris,FJ Hudson-Prentice,0,0,,,,,,,,,,,,,
1167037,2019,2019-09-23,"Lord's, London",1,87.6,87.6,Middlesex,Derbyshire,TJ Murtagh,JAR Harris,FJ Hudson-Prentice,1,0,,,,,,,,,,,,,
1167037,2019,2019-09-23,"Lord's, London",1,88.1,88.1,Middlesex,Derbyshire,TJ Murtagh,JAR Harris,LM Reece,0,0,,,,,,,,,,,,,
1167037,2019,2019-09-23,"Lord's, London",1,88.2,88.2,Middlesex,Derbyshire,TJ Murtagh,JAR Harris,LM Reece,1,0,,,,,,,,,,,,,
1167037,2019,2019-09-23,"Lord's, London",1,88.3,88.3,Middlesex,Derbyshire,JAR Harris,TJ Murtagh,LM Reece,1,0,,,,,,,,,,,,,
1167037,2019,2019-09-23,"Lord's, London",1,88.4,88.4,Middlesex,Derbyshire,TJ Murtagh,JAR Harris,LM Reece,0,0,,,,,,,,,,,,,
1167037,2019,2019-09-23,"Lord's, London",1,88.5,88.5,Middlesex,Derbyshire,TJ Murtagh,JAR Harris,LM Reece,1,0,,,,,,,,,,,,,
1167037,2019,2019-09-23,"Lord's, London",1,88.6,88.6,Middlesex,Derbyshire,JAR Harris,TJ Murtagh,LM Reece,4,0,,,,,,,,,,,,,
1167037,2019,2019-09-23,"Lord's, London",1,89.1,89.1,Middlesex,Derbyshire,TJ Murtagh,JAR Harris,FJ Hudson-Prentice,0,0,,,,,,,caught,TJ Murtagh,,,MJJ Critchley,,
1167037,2019,2019-09-23,"Lord's, London",2,0.1,0.1,Derbyshire,Middlesex,LM Reece,BA Godleman,TJ Murtagh,4,0,,,,,,,,,,,,,
1167037,2019,2019-09-23,"Lord's, London",2,0.2,0.2,Derbyshire,Middlesex,LM Reece,BA Godleman,TJ Murtagh,0,0,,,,,,,,,,,,,
1167037,2019,2019-09-23,"Lord's, London",2,0.3,0.3,Derbyshire,Middlesex,LM Reece,BA Godleman,TJ Murtagh,0,0,,,,,,,,,,,,,
1167037,2019,2019-09-23,"Lord's, London",2,0.4,0.4,Derbyshire,Middlesex,LM Reece,BA Godleman,TJ Murtagh,0,0,,,,,,,,,,,,,
1167037,2019,2019-09-23,"Lord's, London",2,0.5,0.5,Derbyshire,Middlesex,LM Reece,BA Godleman,TJ Murtagh,0,0,,,,,,,,,,,,,
1167037,2019,2019-09-23,"Lord's, London",2,0.6,0.6,Derbyshire,Middlesex,LM Reece,BA Godleman,TJ Murtagh,0,0,,,,,,,,,,,,,
1167037,2019,2019-09-23,"Lord's, London",2,1.1,1.1,Derbyshire,Middlesex,BA Godleman,LM Reece,ER Bamber,0,0,,,,,,,,,,,,,
1167037,2019,2019-09-23,"Lord's, London",2,1.2,1.2,Derbyshire,Middlesex,BA Godleman,LM Reece,ER Bamber,0,0,,,,,,,,,,,,,
1167037,2019,2019-09-23,"Lord's, London",2,1.3,1.3,Derbyshire,Middlesex,BA Godleman,LM Reece,ER Bamber,4,0,,,,,,,,,,,,,
1167037,2019,2019-09-23,"Lord's, London",2,1.4,1.4,Derbyshire,Middlesex,BA Godleman,LM Reece,ER Bamber,0,0,,,,,,,,,,,,,
1167037,2019,2019-09-23,"Lord's, London",2,1.5,1.5,Derbyshire,Middlesex,BA Godleman,LM Reece,ER Bamber,0,0,,,,,,,,,,,,,
1167037,2019,2019-09-23,"Lord's, London",2,1.6,1.6,Derbyshire,Middlesex,BA Godleman,LM Reece,ER Bamber,4,0,,,,,,,,,,,,,
1167037,2019,2019-09-23,"Lord's, London",2,2.1,2.1,Derbyshire,Middlesex,LM Reece,BA Godleman,TJ Murtagh,2,0,,,,,,,,,,,,,
1167037,2019,2019-09-23,"Lord's, London",2,2.2,2.2,Derbyshire,Middlesex,LM Reece,BA Godleman,TJ Murtagh,2,0,,,,,,,,,,,,,
1167037,2019,2019-09-23,"Lord's, London",2,2.3,2.3,Derbyshire,Middlesex,LM Reece,BA Godleman,TJ Murtagh,4,0,,,,,,,,,,,,,
1167037,2019,2019-09-23,"Lord's, London",2,2.4,2.4,Derbyshire,Middlesex,LM Reece,BA Godleman,TJ Murtagh,0,0,,,,,,,,,,,,,
1167037,2019,2019-09-23,"Lord's, London",2,2.5,2.5,Derbyshire,Middlesex,LM Reece,BA Godleman,TJ Murtagh,0,0,,,,,,,,,,,,,
1167037,2019,2019-09-23,"Lord's, London",2,2.6,2.6,Derbyshire,Middlesex,LM Reece,BA Godleman,TJ Murtagh,0,0,,,,,,,,,,,,,
1167037,2019,2019-09-23,"Lord's, London",2,3.1,3.1,Derbyshire,Middlesex,BA Godleman,LM Reece,ER Bamber,0,0,,,,,,,,,,,,,
1167037,2019,2019-09-23,"Lord's, London",2,3.2,3.2,Derbyshire,Middlesex,BA Godleman,LM Reece,ER Bamber,0,0,,,,,,,,,,,,,
1167037,2019,2019-09-23,"Lord's, London",2,3.3,3.3,Derbyshire,Middlesex,BA Godleman,LM Reece,ER Bamber,0,0,,,,,,,,,,,,,
1167037,2019,2019-09-23,"Lord's, London",2,3.4,3.4,Derbyshire,Middlesex,BA Godleman,LM Reece,ER Bamber,0,0,,,,,,,,,,,,,
1167037,2019,2019-09-23,"Lord's, London",2,3.5,3.5,Derbyshire,Middlesex,BA Godleman,LM Reece,ER Bamber,0,0,,,,,,,,,,,,,
1167037,2019,2019-09-23,"Lord's, London",2,3.6,3.6,Derbyshire,Middlesex,BA Godleman,LM Reece,ER Bamber,4,0,,,,,,,,,,,,,
1167037,2019,2019-09-23,"Lord's, London",2,4.1,4.1,Derbyshire,Middlesex,LM Reece,BA Godleman,TJ Murtagh,1,0,,,,,,,,,,,,,
1167037,2019,2019-09-23,"Lord's, London",2,4.2,4.2,Derbyshire,Middlesex,BA Godleman,LM Reece,TJ Murtagh,0,0,,,,,,,,,,,,,
1167037,2019,2019-09-23,"Lord's, London",2,4.3,4.3,Derbyshire,Middlesex,BA Godleman,LM Reece,TJ Murtagh,0,0,,,,,,,,,,,,,
1167037,2019,2019-09-23,"Lord's, London",2,4.4,4.4,Derbyshire,Middlesex,BA Godleman,LM Reece,TJ Murtagh,3,0,,,,,,,,,,,,,
1167037,2019,2019-09-23,"Lord's, London",2,4.5,4.5,Derbyshire,Middlesex,LM Reece,BA Godleman,TJ Murtagh,0,0,,,,,,,,,,,,,
1167037,2019,2019-09-23,"Lord's, London",2,4.6,4.6,Derbyshire,Middlesex,LM Reece,BA Godleman,TJ Murtagh,0,0,,,,,,,,,,,,,
1167037,2019,2019-09-23,"Lord's, London",2,5.1,5.1,Derbyshire,Middlesex,BA Godleman,LM Reece,ER Bamber,0,0,,,,,,,,,,,,,
1167037,2019,2019-09-23,"Lord's, London",2,5.2,5.2,Derbyshire,Middlesex,BA Godleman,LM Reece,ER Bamber,0,0,,,,,,,,,,,,,
1167037,2019,2019-09-23,"Lord's, London",2,5.3,5.3,Derbyshire,Middlesex,BA Godleman,LM Reece,ER Bamber,1,0,,,,,,,,,,,,,
1167037,2019,2019-09-23,"Lord's, London",2,5.4,5.4,Derbyshire,Middlesex,LM Reece,BA Godleman,ER Bamber,0,0,,,,,,,,,,,,,
1167037,2019,2019-09-23,"Lord's, London",2,5.5,5.5,Derbyshire,Middlesex,LM Reece,BA Godleman,ER Bamber,0,0,,,,,,,,,,,,,
1167037,2019,2019-09-23,"Lord's, London",2,5.6,5.6,Derbyshire,Middlesex,LM Reece,BA Godleman,ER Bamber,0,0,,,,,,,,,,,,,
1167037,2019,2019-09-23,"Lord's, London",2,6.1,6.1,Derbyshire,Middlesex,BA Godleman,LM Reece,TJ Murtagh,0,0,,,,,,,,,,,,,
1167037,2019,2019-09-23,"Lord's, London",2,6.2,6.2,Derbyshire,Middlesex,BA Godleman,LM Reece,TJ Murtagh,0,0,,,,,,,,,,,,,
1167037,2019,2019-09-23,"Lord's, London",2,6.3,6.3,Derbyshire,Middlesex,BA Godleman,LM Reece,TJ Murtagh,0,0,,,,,,,,,,,,,
1167037,2019,2019-09-23,"Lord's, London",2,6.4,6.4,Derbyshire,Middlesex,BA Godleman,LM Reece,TJ Murtagh,4,0,,,,,,,,,,,,,
1167037,2019,2019-09-23,"Lord's, London",2,6.5,6.5,Derbyshire,Middlesex,BA Godleman,LM Reece,TJ Murtagh,0,0,,,,,,,,,,,,,
1167037,2019,2019-09-23,"Lord's, London",2,6.6,6.6,Derbyshire,Middlesex,BA Godleman,LM Reece,TJ Murtagh,0,0,,,,,,,,,,,,,
1167037,2019,2019-09-23,"Lord's, London",2,7.1,7.1,Derbyshire,Middlesex,LM Reece,BA Godleman,ER Bamber,0,0,,,,,,,,,,,,,
1167037,2019,2019-09-23,"Lord's, London",2,7.2,7.2,Derbyshire,Middlesex,LM Reece,BA Godleman,ER Bamber,4,0,,,,,,,,,,,,,
1167037,2019,2019-09-23,"Lord's, London",2,7.3,7.3,Derbyshire,Middlesex,LM Reece,BA Godleman,ER Bamber,0,0,,,,,,,,,,,,,
1167037,2019,2019-09-23,"Lord's, London",2,7.4,7.4,Derbyshire,Middlesex,LM Reece,BA Godleman,ER Bamber,1,0,,,,,,,,,,,,,
1167037,2019,2019-09-23,"Lord's, London",2,7.5,7.5,Derbyshire,Middlesex,BA Godleman,LM Reece,ER Bamber,0,0,,,,,,,,,,,,,
1167037,2019,2019-09-23,"Lord's, London",2,7.6,7.6,Derbyshire,Middlesex,BA Godleman,LM Reece,ER Bamber,1,0,,,,,,,,,,,,,
1167037,2019,2019-09-23,"Lord's, London",2,8.1,8.1,Derbyshire,Middlesex,BA Godleman,LM Reece,TJ Murtagh,0,0,,,,,,,,,,,,,
1167037,2019,2019-09-23,"Lord's, London",2,8.2,8.2,Derbyshire,Middlesex,BA Godleman,LM Reece,TJ Murtagh,1,0,,,,,,,,,,,,,
1167037,2019,2019-09-23,"Lord's, London",2,8.3,8.3,Derbyshire,Middlesex,LM Reece,BA Godleman,TJ Murtagh,0,0,,,,,,,,,,,,,
1167037,2019,2019-09-23,"Lord's, London",2,8.4,8.4,Derbyshire,Middlesex,LM Reece,BA Godleman,TJ Murtagh,0,0,,,,,,,,,,,,,
1167037,2019,2019-09-23,"Lord's, London",2,8.5,8.5,Derbyshire,Middlesex,LM Reece,BA Godleman,TJ Murtagh,4,0,,,,,,,,,,,,,
1167037,2019,2019-09-23,"Lord's, London",2,8.6,8.6,Derbyshire,Middlesex,LM Reece,BA Godleman,TJ Murtagh,4,0,,,,,,,,,,,,,
1167037,2019,2019-09-23,"Lord's, London",2,9.1,9.1,Derbyshire,Middlesex,BA Godleman,LM Reece,ER Bamber,0,0,,,,,,,,,,,,,
1167037,2019,2019-09-23,"Lord's, London",2,9.2,9.2,Derbyshire,Middlesex,BA Godleman,LM Reece,ER Bamber,1,0,,,,,,,,,,,,,
1167037,2019,2019-09-23,"Lord's, London",2,9.3,9.3,Derbyshire,Middlesex,LM Reece,BA Godleman,ER Bamber,0,0,,,,,,,,,,,,,
1167037,2019,2019-09-23,"Lord's, London",2,9.4,9.4,Derbyshire,Middlesex,LM Reece,BA Godleman,ER Bamber,0,0,,,,,,,lbw,LM Reece,,,,,
1167037,2019,2019-09-23,"Lord's, London",2,9.5,9.5,Derbyshire,Middlesex,WL Madsen,BA Godleman,ER Bamber,0,0,,,,,,,lbw,WL Madsen,,,,,
1167037,2019,2019-09-23,"Lord's, London",2,9.6,9.6,Derbyshire,Middlesex,JL du Plooy,BA Godleman,ER Bamber,2,0,,,,,,,,,,,,,
1167037,2019,2019-09-23,"Lord's, London",2,10.1,10.1,Derbyshire,Middlesex,BA Godleman,JL du Plooy,TS Roland-Jones,4,0,,,,,,,,,,,,,
1167037,2019,2019-09-23,"Lord's, London",2,10.2,10.2,Derbyshire,Middlesex,BA Godleman,JL du Plooy,TS Roland-Jones,0,0,,,,,,,,,,,,,
1167037,2019,2019-09-23,"Lord's, London",2,10.3,10.3,Derbyshire,Middlesex,BA Godleman,JL du Plooy,TS Roland-Jones,0,0,,,,,,,,,,,,,
1167037,2019,2019-09-23,"Lord's, London",2,10.4,10.4,Derbyshire,Middlesex,BA Godleman,JL du Plooy,TS Roland-Jones,0,0,,,,,,,,,,,,,
1167037,2019,2019-09-23,"Lord's, London",2,10.5,10.5,Derbyshire,Middlesex,BA Godleman,JL du Plooy,TS Roland-Jones,0,0,,,,,,,caught,BA Godleman,,,DJ Malan,,
1167037,2019,2019-09-23,"Lord's, London",2,10.6,10.6,Derbyshire,Middlesex,AL Hughes,JL du Plooy,TS Roland-Jones,0,0,,,,,,,,,,,,,
1167037,2019,2019-09-23,"Lord's, London",2,11.1,11.1,Derbyshire,Middlesex,JL du Plooy,AL Hughes,ER Bamber,4,0,,,,,,,,,,,,,
1167037,2019,2019-09-23,"Lord's, London",2,11.2,11.2,Derbyshire,Middlesex,JL du Plooy,AL Hughes,ER Bamber,0,0,,,,,,,,,,,,,
1167037,2019,2019-09-23,"Lord's, London",2,11.3,11.3,Derbyshire,Middlesex,JL du Plooy,AL Hughes,ER Bamber,0,0,,,,,,,,,,,,,
1167037,2019,2019-09-23,"Lord's, London",2,11.4,11.4,Derbyshire,Middlesex,JL du Plooy,AL Hughes,ER Bamber,0,0,,,,,,,,,,,,,
1167037,2019,2019-09-23,"Lord's, London",2,11.5,11.5,Derbyshire,Middlesex,JL du Plooy,AL Hughes,ER Bamber,0,0,,,,,,,,,,,,,
1167037,2019,2019-09-23,"Lord's, London",2,11.6,11.6,Derbyshire,Middlesex,JL du Plooy,AL Hughes,ER Bamber,4,0,,,,,,,,,,,,,
1167037,2019,2019-09-23,"Lord's, London",2,12.1,12.1,Derbyshire,Middlesex,AL Hughes,JL du Plooy,TS Roland-Jones,1,0,,,,,,,,,,,,,
1167037,2019,2019-09-23,"Lord's, London",2,12.2,12.2,Derbyshire,Middlesex,JL du Plooy,AL Hughes,TS Roland-Jones,0,0,,,,,,,,,,,,,
1167037,2019,2019-09-23,"Lord's, London",2,12.3,12.3,Derbyshire,Middlesex,JL du Plooy,AL Hughes,TS Roland-Jones,1,0,,,,,,,,,,,,,
1167037,2019,2019-09-23,"Lord's, London",2,12.4,12.4,Derbyshire,Middlesex,AL Hughes,JL du Plooy,TS Roland-Jones,0,0,,,,,,,,,,,,,
1167037,2019,2019-09-23,"Lord's, London",2,12.5,12.5,Derbyshire,Middlesex,AL Hughes,JL du Plooy,TS Roland-Jones,0,0,,,,,,,,,,,,,
1167037,2019,2019-09-23,"Lord's, London",2,12.6,12.6,Derbyshire,Middlesex,AL Hughes,JL du Plooy,TS Roland-Jones,0,0,,,,,,,,,,,,,
1167037,2019,2019-09-23,"Lord's, London",2,13.1,13.1,Derbyshire,Middlesex,JL du Plooy,AL Hughes,ML Cummins,0,0,,,,,,,,,,,,,
1167037,2019,2019-09-23,"Lord's, London",2,13.2,13.2,Derbyshire,Middlesex,JL du Plooy,AL Hughes,ML Cummins,4,0,,,,,,,,,,,,,
1167037,2019,2019-09-23,"Lord's, London",2,13.3,13.3,Derbyshire,Middlesex,JL du Plooy,AL Hughes,ML Cummins,0,0,,,,,,,,,,,,,
1167037,2019,2019-09-23,"Lord's, London",2,13.4,13.4,Derbyshire,Middlesex,JL du Plooy,AL Hughes,ML Cummins,0,0,,,,,,,,,,,,,
1167037,2019,2019-09-23,"Lord's, London",2,13.5,13.5,Derbyshire,Middlesex,JL du Plooy,AL Hughes,ML Cummins,0,0,,,,,,,,,,,,,
1167037,2019,2019-09-23,"Lord's, London",2,13.6,13.6,Derbyshire,Middlesex,JL du Plooy,AL Hughes,ML Cummins,0,0,,,,,,,,,,,,,
1167037,2019,2019-09-23,"Lord's, London",2,14.1,14.1,Derbyshire,Middlesex,AL Hughes,JL du Plooy,TS Roland-Jones,1,0,,,,,,,,,,,,,
1167037,2019,2019-09-23,"Lord's, London",2,14.2,14.2,Derbyshire,Middlesex,JL du Plooy,AL Hughes,TS Roland-Jones,0,0,,,,,,,,,,,,,
1167037,2019,2019-09-23,"Lord's, London",2,14.3,14.3,Derbyshire,Middlesex,JL du Plooy,AL Hughes,TS Roland-Jones,0,0,,,,,,,,,,,,,
1167037,2019,2019-09-23,"Lord's, London",2,14.4,14.4,Derbyshire,Middlesex,JL du Plooy,AL Hughes,TS Roland-Jones,0,0,,,,,,,,,,,,,
1167037,2019,2019-09-23,"Lord's, London",2,14.5,14.5,Derbyshire,Middlesex,JL du Plooy,AL Hughes,TS Roland-Jones,4,0,,,,,,,,,,,,,
1167037,2019,2019-09-23,"Lord's, London",2,14.6,14.6,Derbyshire,Middlesex,JL du Plooy,AL Hughes,TS Roland-Jones,0,0,,,,,,,,,,,,,
1167037,2019,2019-09-23,"Lord's, London",2,15.1,15.1,Derbyshire,Middlesex,AL Hughes,JL du Plooy,ML Cummins,0,0,,,,,,,,,,,,,
1167037,2019,2019-09-23,"Lord's, London",2,15.2,15.2,Derbyshire,Middlesex,AL Hughes,JL du Plooy,ML Cummins,0,0,,,,,,,,,,,,,
1167037,2019,2019-09-23,"Lord's, London",2,15.3,15.3,Derbyshire,Middlesex,AL Hughes,JL du Plooy,ML Cummins,4,0,,,,,,,,,,,,,
1167037,2019,2019-09-23,"Lord's, London",2,15.4,15.4,Derbyshire,Middlesex,AL Hughes,JL du Plooy,ML Cummins,0,0,,,,,,,,,,,,,
1167037,2019,2019-09-23,"Lord's, London",2,15.5,15.5,Derbyshire,Middlesex,AL Hughes,JL du Plooy,ML Cummins,0,0,,,,,,,,,,,,,
1167037,2019,2019-09-23,"Lord's, London",2,15.6,15.6,Derbyshire,Middlesex,AL Hughes,JL du Plooy,ML Cummins,4,0,,,,,,,,,,,,,
1167037,2019,2019-09-23,"Lord's, London",2,16.1,16.1,Derbyshire,Middlesex,JL du Plooy,AL Hughes,TS Roland-Jones,0,0,,,,,,,,,,,,,
1167037,2019,2019-09-23,"Lord's, London",2,16.2,16.2,Derbyshire,Middlesex,JL du Plooy,AL Hughes,TS Roland-Jones,0,0,,,,,,,,,,,,,
1167037,2019,2019-09-23,"Lord's, London",2,16.3,16.3,Derbyshire,Middlesex,JL du Plooy,AL Hughes,TS Roland-Jones,0,2,,2,,,,,,,,,,,
1167037,2019,2019-09-23,"Lord's, London",2,16.4,16.3,Derbyshire,Middlesex,JL du Plooy,AL Hughes,TS Roland-Jones,0,0,,,,,,,,,,,,,
1167037,2019,2019-09-23,"Lord's, London",2,16.5,16.4,Derbyshire,Middlesex,JL du Plooy,AL Hughes,TS Roland-Jones,0,0,,,,,,,,,,,,,
1167037,2019,2019-09-23,"Lord's, London",2,16.6,16.5,Derbyshire,Middlesex,JL du Plooy,AL Hughes,TS Roland-Jones,0,0,,,,,,,,,,,,,
1167037,2019,2019-09-23,"Lord's, London",2,16.7,16.6,Derbyshire,Middlesex,JL du Plooy,AL Hughes,TS Roland-Jones,0,0,,,,,,,,,,,,,
1167037,2019,2019-09-23,"Lord's, London",2,17.1,17.1,Derbyshire,Middlesex,AL Hughes,JL du Plooy,ML Cummins,4,0,,,,,,,,,,,,,
1167037,2019,2019-09-23,"Lord's, London",2,17.2,17.2,Derbyshire,Middlesex,AL Hughes,JL du Plooy,ML Cummins,0,0,,,,,,,,,,,,,
1167037,2019,2019-09-23,"Lord's, London",2,17.3,17.3,Derbyshire,Middlesex,AL Hughes,JL du Plooy,ML Cummins,0,0,,,,,,,,,,,,,
1167037,2019,2019-09-23,"Lord's, London",2,17.4,17.4,Derbyshire,Middlesex,AL Hughes,JL du Plooy,ML Cummins,0,0,,,,,,,,,,,,,
1167037,2019,2019-09-23,"Lord's, London",2,17.5,17.5,Derbyshire,Middlesex,AL Hughes,JL du Plooy,ML Cummins,0,0,,,,,,,,,,,,,
1167037,2019,2019-09-23,"Lord's, London",2,17.6,17.6,Derbyshire,Middlesex,AL Hughes,JL du Plooy,ML Cummins,0,0,,,,,,,,,,,,,
1167037,2019,2019-09-23,"Lord's, London",2,18.1,18.1,Derbyshire,Middlesex,JL du Plooy,AL Hughes,TS Roland-Jones,0,0,,,,,,,,,,,,,
1167037,2019,2019-09-23,"Lord's, London",2,18.2,18.2,Derbyshire,Middlesex,JL du Plooy,AL Hughes,TS Roland-Jones,0,2,,2,,,,,,,,,,,
1167037,2019,2019-09-23,"Lord's, London",2,18.3,18.2,Derbyshire,Middlesex,JL du Plooy,AL Hughes,TS Roland-Jones,0,0,,,,,,,,,,,,,
1167037,2019,2019-09-23,"Lord's, London",2,18.4,18.3,Derbyshire,Middlesex,JL du Plooy,AL Hughes,TS Roland-Jones,0,0,,,,,,,,,,,,,
1167037,2019,2019-09-23,"Lord's, London",2,18.5,18.4,Derbyshire,Middlesex,JL du Plooy,AL Hughes,TS Roland-Jones,0,0,,,,,,,,,,,,,
1167037,2019,2019-09-23,"Lord's, London",2,18.6,18.5,Derbyshire,Middlesex,JL du Plooy,AL Hughes,TS Roland-Jones,0,0,,,,,,,,,,,,,
1167037,2019,2019-09-23,"Lord's, London",2,18.7,18.6,Derbyshire,Middlesex,JL du Plooy,AL Hughes,TS Roland-Jones,0,0,,,,,,,,,,,,,
1167037,2019,2019-09-23,"Lord's, London",2,19.1,19.1,Derbyshire,Middlesex,AL Hughes,JL du Plooy,ML Cummins,0,0,,,,,,,,,,,,,
1167037,2019,2019-09-23,"Lord's, London",2,19.2,19.2,Derbyshire,Middlesex,AL Hughes,JL du Plooy,ML Cummins,0,0,,,,,,,,,,,,,
1167037,2019,2019-09-23,"Lord's, London",2,19.3,19.3,Derbyshire,Middlesex,AL Hughes,JL du Plooy,ML Cummins,0,0,,,,,,,,,,,,,
1167037,2019,2019-09-23,"Lord's, London",2,19.4,19.4,Derbyshire,Middlesex,AL Hughes,JL du Plooy,ML Cummins,0,0,,,,,,,,,,,,,
1167037,2019,2019-09-23,"Lord's, London",2,19.5,19.5,Derbyshire,Middlesex,AL Hughes,JL du Plooy,ML Cummins,0,0,,,,,,,,,,,,,
1167037,2019,2019-09-23,"Lord's, London",2,19.6,19.6,Derbyshire,Middlesex,AL Hughes,JL du Plooy,ML Cummins,1,0,,,,,,,,,,,,,
1167037,2019,2019-09-23,"Lord's, London",2,20.1,20.1,Derbyshire,Middlesex,AL Hughes,JL du Plooy,TJ Murtagh,0,0,,,,,,,,,,,,,
1167037,2019,2019-09-23,"Lord's, London",2,20.2,20.2,Derbyshire,Middlesex,AL Hughes,JL du Plooy,TJ Murtagh,0,0,,,,,,,,,,,,,
1167037,2019,2019-09-23,"Lord's, London",2,20.3,20.3,Derbyshire,Middlesex,AL Hughes,JL du Plooy,TJ Murtagh,0,0,,,,,,,,,,,,,
1167037,2019,2019-09-23,"Lord's, London",2,20.4,20.4,Derbyshire,Middlesex,AL Hughes,JL du Plooy,TJ Murtagh,0,0,,,,,,,,,,,,,
1167037,2019,2019-09-23,"Lord's, London",2,20.5,20.5,Derbyshire,Middlesex,AL Hughes,JL du Plooy,TJ Murtagh,0,0,,,,,,,,,,,,,
1167037,2019,2019-09-23,"Lord's, London",2,20.6,20.6,Derbyshire,Middlesex,AL Hughes,JL du Plooy,TJ Murtagh,0,0,,,,,,,,,,,,,
1167037,2019,2019-09-23,"Lord's, London",2,21.1,21.1,Derbyshire,Middlesex,JL du Plooy,AL Hughes,ML Cummins,0,0,,,,,,,,,,,,,
1167037,2019,2019-09-23,"Lord's, London",2,21.2,21.2,Derbyshire,Middlesex,JL du Plooy,AL Hughes,ML Cummins,0,0,,,,,,,,,,,,,
1167037,2019,2019-09-23,"Lord's, London",2,21.3,21.3,Derbyshire,Middlesex,JL du Plooy,AL Hughes,ML Cummins,0,0,,,,,,,,,,,,,
1167037,2019,2019-09-23,"Lord's, London",2,21.4,21.4,Derbyshire,Middlesex,JL du Plooy,AL Hughes,ML Cummins,0,0,,,,,,,,,,,,,
1167037,2019,2019-09-23,"Lord's, London",2,21.5,21.5,Derbyshire,Middlesex,JL du Plooy,AL Hughes,ML Cummins,1,0,,,,,,,,,,,,,
1167037,2019,2019-09-23,"Lord's, London",2,21.6,21.6,Derbyshire,Middlesex,AL Hughes,JL du Plooy,ML Cummins,0,0,,,,,,,,,,,,,
1167037,2019,2019-09-23,"Lord's, London",2,22.1,22.1,Derbyshire,Middlesex,JL du Plooy,AL Hughes,TJ Murtagh,0,0,,,,,,,,,,,,,
1167037,2019,2019-09-23,"Lord's, London",2,22.2,22.2,Derbyshire,Middlesex,JL du Plooy,AL Hughes,TJ Murtagh,0,1,,,,1,,,,,,,,,
1167037,2019,2019-09-23,"Lord's, London",2,22.3,22.3,Derbyshire,Middlesex,AL Hughes,JL du Plooy,TJ Murtagh,0,0,,,,,,,,,,,,,
1167037,2019,2019-09-23,"Lord's, London",2,22.4,22.4,Derbyshire,Middlesex,AL Hughes,JL du Plooy,TJ Murtagh,0,0,,,,,,,,,,,,,
1167037,2019,2019-09-23,"Lord's, London",2,22.5,22.5,Derbyshire,Middlesex,AL Hughes,JL du Plooy,TJ Murtagh,0,0,,,,,,,,,,,,,
1167037,2019,2019-09-23,"Lord's, London",2,22.6,22.6,Derbyshire,Middlesex,AL Hughes,JL du Plooy,TJ Murtagh,0,0,,,,,,,,,,,,,
1167037,2019,2019-09-23,"Lord's, London",2,23.1,23.1,Derbyshire,Middlesex,JL du Plooy,AL Hughes,JAR Harris,0,4,,,,4,,,,,,,,,
1167037,2019,2019-09-23,"Lord's, London",2,23.2,23.2,Derbyshire,Middlesex,JL du Plooy,AL Hughes,JAR Harris,0,0,,,,,,,,,,,,,
1167037,2019,2019-09-23,"Lord's, London",2,23.3,23.3,Derbyshire,Middlesex,JL du Plooy,AL Hughes,JAR Harris,0,0,,,,,,,,,,,,,
1167037,2019,2019-09-23,"Lord's, London",2,23.4,23.4,Derbyshire,Middlesex,JL du Plooy,AL Hughes,JAR Harris,0,0,,,,,,,,,,,,,
1167037,2019,2019-09-23,"Lord's, London",2,23.5,23.5,Derbyshire,Middlesex,JL du Plooy,AL Hughes,JAR Harris,0,1,,,,1,,,,,,,,,
1167037,2019,2019-09-23,"Lord's, London",2,23.6,23.6,Derbyshire,Middlesex,AL Hughes,JL du Plooy,JAR Harris,1,0,,,,,,,,,,,,,
1167037,2019,2019-09-23,"Lord's, London",2,24.1,24.1,Derbyshire,Middlesex,AL Hughes,JL du Plooy,TJ Murtagh,0,0,,,,,,,,,,,,,
1167037,2019,2019-09-23,"Lord's, London",2,24.2,24.2,Derbyshire,Middlesex,AL Hughes,JL du Plooy,TJ Murtagh,4,0,,,,,,,,,,,,,
1167037,2019,2019-09-23,"Lord's, London",2,24.3,24.3,Derbyshire,Middlesex,AL Hughes,JL du Plooy,TJ Murtagh,0,0,,,,,,,,,,,,,
1167037,2019,2019-09-23,"Lord's, London",2,24.4,24.4,Derbyshire,Middlesex,AL Hughes,JL du Plooy,TJ Murtagh,0,0,,,,,,,,,,,,,
1167037,2019,2019-09-23,"Lord's, London",2,24.5,24.5,Derbyshire,Middlesex,AL Hughes,JL du Plooy,TJ Murtagh,0,0,,,,,,,caught,AL Hughes,,,ML Cummins,,
1167037,2019,2019-09-23,"Lord's, London",2,24.6,24.6,Derbyshire,Middlesex,HR Hosein,JL du Plooy,TJ Murtagh,0,0,,,,,,,,,,,,,
1167037,2019,2019-09-23,"Lord's, London",2,25.1,25.1,Derbyshire,Middlesex,JL du Plooy,HR Hosein,JAR Harris,0,0,,,,,,,,,,,,,
1167037,2019,2019-09-23,"Lord's, London",2,25.2,25.2,Derbyshire,Middlesex,JL du Plooy,HR Hosein,JAR Harris,1,0,,,,,,,,,,,,,
1167037,2019,2019-09-23,"Lord's, London",2,25.3,25.3,Derbyshire,Middlesex,HR Hosein,JL du Plooy,JAR Harris,1,0,,,,,,,,,,,,,
1167037,2019,2019-09-23,"Lord's, London",2,25.4,25.4,Derbyshire,Middlesex,JL du Plooy,HR Hosein,JAR Harris,0,0,,,,,,,,,,,,,
1167037,2019,2019-09-23,"Lord's, London",2,25.5,25.5,Derbyshire,Middlesex,JL du Plooy,HR Hosein,JAR Harris,0,0,,,,,,,,,,,,,
1167037,2019,2019-09-23,"Lord's, London",2,25.6,25.6,Derbyshire,Middlesex,JL du Plooy,HR Hosein,JAR Harris,0,0,,,,,,,,,,,,,
1167037,2019,2019-09-23,"Lord's, London",2,26.1,26.1,Derbyshire,Middlesex,HR Hosein,JL du Plooy,TJ Murtagh,0,0,,,,,,,,,,,,,
1167037,2019,2019-09-23,"Lord's, London",2,26.2,26.2,Derbyshire,Middlesex,HR Hosein,JL du Plooy,TJ Murtagh,0,0,,,,,,,,,,,,,
1167037,2019,2019-09-23,"Lord's, London",2,26.3,26.3,Derbyshire,Middlesex,HR Hosein,JL du Plooy,TJ Murtagh,0,0,,,,,,,,,,,,,
1167037,2019,2019-09-23,"Lord's, London",2,26.4,26.4,Derbyshire,Middlesex,HR Hosein,JL du Plooy,TJ Murtagh,0,0,,,,,,,,,,,,,
1167037,2019,2019-09-23,"Lord's, London",2,26.5,26.5,Derbyshire,Middlesex,HR Hosein,JL du Plooy,TJ Murtagh,1,0,,,,,,,,,,,,,
1167037,2019,2019-09-23,"Lord's, London",2,26.6,26.6,Derbyshire,Middlesex,JL du Plooy,HR Hosein,TJ Murtagh,0,0,,,,,,,,,,,,,
1167037,2019,2019-09-23,"Lord's, London",2,27.1,27.1,Derbyshire,Middlesex,HR Hosein,JL du Plooy,JAR Harris,0,0,,,,,,,,,,,,,
1167037,2019,2019-09-23,"Lord's, London",2,27.2,27.2,Derbyshire,Middlesex,HR Hosein,JL du Plooy,JAR Harris,0,0,,,,,,,,,,,,,
1167037,2019,2019-09-23,"Lord's, London",2,27.3,27.3,Derbyshire,Middlesex,HR Hosein,JL du Plooy,JAR Harris,0,0,,,,,,,,,,,,,
1167037,2019,2019-09-23,"Lord's, London",2,27.4,27.4,Derbyshire,Middlesex,HR Hosein,JL du Plooy,JAR Harris,0,0,,,,,,,,,,,,,
1167037,2019,2019-09-23,"Lord's, London",2,27.5,27.5,Derbyshire,Middlesex,HR Hosein,JL du Plooy,JAR Harris,0,0,,,,,,,,,,,,,
1167037,2019,2019-09-23,"Lord's, London",2,27.6,27.6,Derbyshire,Middlesex,HR Hosein,JL du Plooy,JAR Harris,3,0,,,,,,,,,,,,,
1167037,2019,2019-09-23,"Lord's, London",2,28.1,28.1,Derbyshire,Middlesex,HR Hosein,JL du Plooy,ER Bamber,0,0,,,,,,,,,,,,,
1167037,2019,2019-09-23,"Lord's, London",2,28.2,28.2,Derbyshire,Middlesex,HR Hosein,JL du Plooy,ER Bamber,0,0,,,,,,,,,,,,,
1167037,2019,2019-09-23,"Lord's, London",2,28.3,28.3,Derbyshire,Middlesex,HR Hosein,JL du Plooy,ER Bamber,1,0,,,,,,,,,,,,,
1167037,2019,2019-09-23,"Lord's, London",2,28.4,28.4,Derbyshire,Middlesex,JL du Plooy,HR Hosein,ER Bamber,0,0,,,,,,,,,,,,,
1167037,2019,2019-09-23,"Lord's, London",2,28.5,28.5,Derbyshire,Middlesex,JL du Plooy,HR Hosein,ER Bamber,0,0,,,,,,,,,,,,,
1167037,2019,2019-09-23,"Lord's, London",2,28.6,28.6,Derbyshire,Middlesex,JL du Plooy,HR Hosein,ER Bamber,0,0,,,,,,,,,,,,,
1167037,2019,2019-09-23,"Lord's, London",2,29.1,29.1,Derbyshire,Middlesex,HR Hosein,JL du Plooy,JAR Harris,0,0,,,,,,,,,,,,,
1167037,2019,2019-09-23,"Lord's, London",2,29.2,29.2,Derbyshire,Middlesex,HR Hosein,JL du Plooy,JAR Harris,0,0,,,,,,,,,,,,,
1167037,2019,2019-09-23,"Lord's, London",2,29.3,29.3,Derbyshire,Middlesex,HR Hosein,JL du Plooy,JAR Harris,1,0,,,,,,,,,,,,,
1167037,2019,2019-09-23,"Lord's, London",2,29.4,29.4,Derbyshire,Middlesex,JL du Plooy,HR Hosein,JAR Harris,0,0,,,,,,,,,,,,,
1167037,2019,2019-09-23,"Lord's, London",2,29.5,29.5,Derbyshire,Middlesex,JL du Plooy,HR Hosein,JAR Harris,1,0,,,,,,,,,,,,,
1167037,2019,2019-09-23,"Lord's, London",2,29.6,29.6,Derbyshire,Middlesex,HR Hosein,JL du Plooy,JAR Harris,0,0,,,,,,,,,,,,,
1167037,2019,2019-09-23,"Lord's, London",2,30.1,30.1,Derbyshire,Middlesex,JL du Plooy,HR Hosein,ER Bamber,1,0,,,,,,,,,,,,,
1167037,2019,2019-09-23,"Lord's, London",2,30.2,30.2,Derbyshire,Middlesex,HR Hosein,JL du Plooy,ER Bamber,0,0,,,,,,,,,,,,,
1167037,2019,2019-09-23,"Lord's, London",2,30.3,30.3,Derbyshire,Middlesex,HR Hosein,JL du Plooy,ER Bamber,0,0,,,,,,,,,,,,,
1167037,2019,2019-09-23,"Lord's, London",2,30.4,30.4,Derbyshire,Middlesex,HR Hosein,JL du Plooy,ER Bamber,0,0,,,,,,,,,,,,,
1167037,2019,2019-09-23,"Lord's, London",2,30.5,30.5,Derbyshire,Middlesex,HR Hosein,JL du Plooy,ER Bamber,0,0,,,,,,,,,,,,,
1167037,2019,2019-09-23,"Lord's, London",2,30.6,30.6,Derbyshire,Middlesex,HR Hosein,JL du Plooy,ER Bamber,0,0,,,,,,,,,,,,,
1167037,2019,2019-09-23,"Lord's, London",2,31.1,31.1,Derbyshire,Middlesex,JL du Plooy,HR Hosein,JAR Harris,0,0,,,,,,,,,,,,,
1167037,2019,2019-09-23,"Lord's, London",2,31.2,31.2,Derbyshire,Middlesex,JL du Plooy,HR Hosein,JAR Harris,0,0,,,,,,,,,,,,,
1167037,2019,2019-09-23,"Lord's, London",2,31.3,31.3,Derbyshire,Middlesex,JL du Plooy,HR Hosein,JAR Harris,1,0,,,,,,,,,,,,,
1167037,2019,2019-09-23,"Lord's, London",2,31.4,31.4,Derbyshire,Middlesex,HR Hosein,JL du Plooy,JAR Harris,1,0,,,,,,,,,,,,,
1167037,2019,2019-09-23,"Lord's, London",2,31.5,31.5,Derbyshire,Middlesex,JL du Plooy,HR Hosein,JAR Harris,4,0,,,,,,,,,,,,,
1167037,2019,2019-09-23,"Lord's, London",2,31.6,31.6,Derbyshire,Middlesex,JL du Plooy,HR Hosein,JAR Harris,1,0,,,,,,,,,,,,,
1167037,2019,2019-09-23,"Lord's, London",2,32.1,32.1,Derbyshire,Middlesex,JL du Plooy,HR Hosein,ER Bamber,0,0,,,,,,,,,,,,,
1167037,2019,2019-09-23,"Lord's, London",2,32.2,32.2,Derbyshire,Middlesex,JL du Plooy,HR Hosein,ER Bamber,0,0,,,,,,,,,,,,,
1167037,2019,2019-09-23,"Lord's, London",2,32.3,32.3,Derbyshire,Middlesex,JL du Plooy,HR Hosein,ER Bamber,0,2,,2,,,,,,,,,,,
1167037,2019,2019-09-23,"Lord's, London",2,32.4,32.3,Derbyshire,Middlesex,JL du Plooy,HR Hosein,ER Bamber,0,0,,,,,,,,,,,,,
1167037,2019,2019-09-23,"Lord's, London",2,32.5,32.4,Derbyshire,Middlesex,JL du Plooy,HR Hosein,ER Bamber,4,0,,,,,,,,,,,,,
1167037,2019,2019-09-23,"Lord's, London",2,32.6,32.5,Derbyshire,Middlesex,JL du Plooy,HR Hosein,ER Bamber,0,0,,,,,,,,,,,,,
1167037,2019,2019-09-23,"Lord's, London",2,32.7,32.6,Derbyshire,Middlesex,JL du Plooy,HR Hosein,ER Bamber,0,0,,,,,,,,,,,,,
1167037,2019,2019-09-23,"Lord's, London",2,33.1,33.1,Derbyshire,Middlesex,HR Hosein,JL du Plooy,JAR Harris,0,0,,,,,,,,,,,,,
1167037,2019,2019-09-23,"Lord's, London",2,33.2,33.2,Derbyshire,Middlesex,HR Hosein,JL du Plooy,JAR Harris,0,0,,,,,,,,,,,,,
1167037,2019,2019-09-23,"Lord's, London",2,33.3,33.3,Derbyshire,Middlesex,HR Hosein,JL du Plooy,JAR Harris,0,0,,,,,,,,,,,,,
1167037,2019,2019-09-23,"Lord's, London",2,33.4,33.4,Derbyshire,Middlesex,HR Hosein,JL du Plooy,JAR Harris,0,0,,,,,,,,,,,,,
1167037,2019,2019-09-23,"Lord's, London",2,33.5,33.5,Derbyshire,Middlesex,HR Hosein,JL du Plooy,JAR Harris,0,0,,,,,,,,,,,,,
1167037,2019,2019-09-23,"Lord's, London",2,33.6,33.6,Derbyshire,Middlesex,HR Hosein,JL du Plooy,JAR Harris,4,0,,,,,,,,,,,,,
1167037,2019,2019-09-23,"Lord's, London",2,34.1,34.1,Derbyshire,Middlesex,JL du Plooy,HR Hosein,ER Bamber,0,0,,,,,,,,,,,,,
1167037,2019,2019-09-23,"Lord's, London",2,34.2,34.2,Derbyshire,Middlesex,JL du Plooy,HR Hosein,ER Bamber,0,0,,,,,,,,,,,,,
1167037,2019,2019-09-23,"Lord's, London",2,34.3,34.3,Derbyshire,Middlesex,JL du Plooy,HR Hosein,ER Bamber,0,0,,,,,,,,,,,,,
1167037,2019,2019-09-23,"Lord's, London",2,34.4,34.4,Derbyshire,Middlesex,JL du Plooy,HR Hosein,ER Bamber,0,0,,,,,,,,,,,,,
1167037,2019,2019-09-23,"Lord's, London",2,34.5,34.5,Derbyshire,Middlesex,JL du Plooy,HR Hosein,ER Bamber,0,0,,,,,,,,,,,,,
1167037,2019,2019-09-23,"Lord's, London",2,34.6,34.6,Derbyshire,Middlesex,JL du Plooy,HR Hosein,ER Bamber,0,2,,,2,,,,,,,,,,
1167037,2019,2019-09-23,"Lord's, London",2,35.1,35.1,Derbyshire,Middlesex,HR Hosein,JL du Plooy,JAR Harris,4,0,,,,,,,,,,,,,
1167037,2019,2019-09-23,"Lord's, London",2,35.2,35.2,Derbyshire,Middlesex,HR Hosein,JL du Plooy,JAR Harris,2,0,,,,,,,,,,,,,
1167037,2019,2019-09-23,"Lord's, London",2,35.3,35.3,Derbyshire,Middlesex,HR Hosein,JL du Plooy,JAR Harris,0,0,,,,,,,,,,,,,
1167037,2019,2019-09-23,"Lord's, London",2,35.4,35.4,Derbyshire,Middlesex,HR Hosein,JL du Plooy,JAR Harris,0,0,,,,,,,,,,,,,
1167037,2019,2019-09-23,"Lord's, London",2,35.5,35.5,Derbyshire,Middlesex,HR Hosein,JL du Plooy,JAR Harris,1,0,,,,,,,,,,,,,
1167037,2019,2019-09-23,"Lord's, London",2,35.6,35.6,Derbyshire,Middlesex,JL du Plooy,HR Hosein,JAR Harris,0,0,,,,,,,,,,,,,
1167037,2019,2019-09-23,"Lord's, London",2,36.1,36.1,Derbyshire,Middlesex,HR Hosein,JL du Plooy,ER Bamber,0,0,,,,,,,,,,,,,
1167037,2019,2019-09-23,"Lord's, London",2,36.2,36.2,Derbyshire,Middlesex,HR Hosein,JL du Plooy,ER Bamber,4,0,,,,,,,,,,,,,
1167037,2019,2019-09-23,"Lord's, London",2,36.3,36.3,Derbyshire,Middlesex,HR Hosein,JL du Plooy,ER Bamber,0,0,,,,,,,,,,,,,
1167037,2019,2019-09-23,"Lord's, London",2,36.4,36.4,Derbyshire,Middlesex,HR Hosein,JL du Plooy,ER Bamber,3,0,,,,,,,,,,,,,
1167037,2019,2019-09-23,"Lord's, London",2,36.5,36.5,Derbyshire,Middlesex,JL du Plooy,HR Hosein,ER Bamber,0,0,,,,,,,,,,,,,
1167037,2019,2019-09-23,"Lord's, London",2,36.6,36.6,Derbyshire,Middlesex,JL du Plooy,HR Hosein,ER Bamber,0,0,,,,,,,,,,,,,
1167037,2019,2019-09-23,"Lord's, London",2,37.1,37.1,Derbyshire,Middlesex,HR Hosein,JL du Plooy,JAR Harris,0,0,,,,,,,,,,,,,
1167037,2019,2019-09-23,"Lord's, London",2,37.2,37.2,Derbyshire,Middlesex,HR Hosein,JL du Plooy,JAR Harris,0,0,,,,,,,,,,,,,
1167037,2019,2019-09-23,"Lord's, London",2,37.3,37.3,Derbyshire,Middlesex,HR Hosein,JL du Plooy,JAR Harris,0,0,,,,,,,,,,,,,
1167037,2019,2019-09-23,"Lord's, London",2,37.4,37.4,Derbyshire,Middlesex,HR Hosein,JL du Plooy,JAR Harris,1,0,,,,,,,,,,,,,
1167037,2019,2019-09-23,"Lord's, London",2,37.5,37.5,Derbyshire,Middlesex,JL du Plooy,HR Hosein,JAR Harris,4,0,,,,,,,,,,,,,
1167037,2019,2019-09-23,"Lord's, London",2,37.6,37.6,Derbyshire,Middlesex,JL du Plooy,HR Hosein,JAR Harris,0,0,,,,,,,,,,,,,
1167037,2019,2019-09-23,"Lord's, London",2,38.1,38.1,Derbyshire,Middlesex,HR Hosein,JL du Plooy,TJ Murtagh,0,0,,,,,,,,,,,,,
1167037,2019,2019-09-23,"Lord's, London",2,38.2,38.2,Derbyshire,Middlesex,HR Hosein,JL du Plooy,TJ Murtagh,0,0,,,,,,,,,,,,,
1167037,2019,2019-09-23,"Lord's, London",2,38.3,38.3,Derbyshire,Middlesex,HR Hosein,JL du Plooy,TJ Murtagh,1,0,,,,,,,,,,,,,
1167037,2019,2019-09-23,"Lord's, London",2,38.4,38.4,Derbyshire,Middlesex,JL du Plooy,HR Hosein,TJ Murtagh,0,0,,,,,,,,,,,,,
1167037,2019,2019-09-23,"Lord's, London",2,38.5,38.5,Derbyshire,Middlesex,JL du Plooy,HR Hosein,TJ Murtagh,0,0,,,,,,,,,,,,,
1167037,2019,2019-09-23,"Lord's, London",2,38.6,38.6,Derbyshire,Middlesex,JL du Plooy,HR Hosein,TJ Murtagh,0,0,,,,,,,,,,,,,
1167037,2019,2019-09-23,"Lord's, London",2,39.1,39.1,Derbyshire,Middlesex,HR Hosein,JL du Plooy,ML Cummins,0,0,,,,,,,,,,,,,
1167037,2019,2019-09-23,"Lord's, London",2,39.2,39.2,Derbyshire,Middlesex,HR Hosein,JL du Plooy,ML Cummins,4,0,,,,,,,,,,,,,
1167037,2019,2019-09-23,"Lord's, London",2,39.3,39.3,Derbyshire,Middlesex,HR Hosein,JL du Plooy,ML Cummins,0,0,,,,,,,,,,,,,
1167037,2019,2019-09-23,"Lord's, London",2,39.4,39.4,Derbyshire,Middlesex,HR Hosein,JL du Plooy,ML Cummins,0,0,,,,,,,,,,,,,
1167037,2019,2019-09-23,"Lord's, London",2,39.5,39.5,Derbyshire,Middlesex,HR Hosein,JL du Plooy,ML Cummins,0,0,,,,,,,,,,,,,
1167037,2019,2019-09-23,"Lord's, London",2,39.6,39.6,Derbyshire,Middlesex,HR Hosein,JL du Plooy,ML Cummins,0,0,,,,,,,,,,,,,
1167037,2019,2019-09-23,"Lord's, London",2,40.1,40.1,Derbyshire,Middlesex,JL du Plooy,HR Hosein,TJ Murtagh,0,0,,,,,,,,,,,,,
1167037,2019,2019-09-23,"Lord's, London",2,40.2,40.2,Derbyshire,Middlesex,JL du Plooy,HR Hosein,TJ Murtagh,1,0,,,,,,,,,,,,,
1167037,2019,2019-09-23,"Lord's, London",2,40.3,40.3,Derbyshire,Middlesex,HR Hosein,JL du Plooy,TJ Murtagh,1,0,,,,,,,,,,,,,
1167037,2019,2019-09-23,"Lord's, London",2,40.4,40.4,Derbyshire,Middlesex,JL du Plooy,HR Hosein,TJ Murtagh,0,0,,,,,,,,,,,,,
1167037,2019,2019-09-23,"Lord's, London",2,40.5,40.5,Derbyshire,Middlesex,JL du Plooy,HR Hosein,TJ Murtagh,1,0,,,,,,,,,,,,,
1167037,2019,2019-09-23,"Lord's, London",2,40.6,40.6,Derbyshire,Middlesex,HR Hosein,JL du Plooy,TJ Murtagh,1,0,,,,,,,,,,,,,
1167037,2019,2019-09-23,"Lord's, London",2,41.1,41.1,Derbyshire,Middlesex,HR Hosein,JL du Plooy,ML Cummins,0,0,,,,,,,,,,,,,
1167037,2019,2019-09-23,"Lord's, London",2,41.2,41.2,Derbyshire,Middlesex,HR Hosein,JL du Plooy,ML Cummins,2,0,,,,,,,,,,,,,
1167037,2019,2019-09-23,"Lord's, London",2,41.3,41.3,Derbyshire,Middlesex,HR Hosein,JL du Plooy,ML Cummins,0,1,,,,1,,,,,,,,,
1167037,2019,2019-09-23,"Lord's, London",2,41.4,41.4,Derbyshire,Middlesex,JL du Plooy,HR Hosein,ML Cummins,0,0,,,,,,,,,,,,,
1167037,2019,2019-09-23,"Lord's, London",2,41.5,41.5,Derbyshire,Middlesex,JL du Plooy,HR Hosein,ML Cummins,0,0,,,,,,,,,,,,,
1167037,2019,2019-09-23,"Lord's, London",2,41.6,41.6,Derbyshire,Middlesex,JL du Plooy,HR Hosein,ML Cummins,0,0,,,,,,,,,,,,,
1167037,2019,2019-09-23,"Lord's, London",2,42.1,42.1,Derbyshire,Middlesex,HR Hosein,JL du Plooy,TJ Murtagh,0,0,,,,,,,,,,,,,
1167037,2019,2019-09-23,"Lord's, London",2,42.2,42.2,Derbyshire,Middlesex,HR Hosein,JL du Plooy,TJ Murtagh,0,0,,,,,,,,,,,,,
1167037,2019,2019-09-23,"Lord's, London",2,42.3,42.3,Derbyshire,Middlesex,HR Hosein,JL du Plooy,TJ Murtagh,0,0,,,,,,,,,,,,,
1167037,2019,2019-09-23,"Lord's, London",2,42.4,42.4,Derbyshire,Middlesex,HR Hosein,JL du Plooy,TJ Murtagh,0,0,,,,,,,,,,,,,
1167037,2019,2019-09-23,"Lord's, London",2,42.5,42.5,Derbyshire,Middlesex,HR Hosein,JL du Plooy,TJ Murtagh,1,0,,,,,,,,,,,,,
1167037,2019,2019-09-23,"Lord's, London",2,42.6,42.6,Derbyshire,Middlesex,JL du Plooy,HR Hosein,TJ Murtagh,0,0,,,,,,,,,,,,,
1167037,2019,2019-09-23,"Lord's, London",2,43.1,43.1,Derbyshire,Middlesex,HR Hosein,JL du Plooy,ML Cummins,0,0,,,,,,,,,,,,,
1167037,2019,2019-09-23,"Lord's, London",2,43.2,43.2,Derbyshire,Middlesex,HR Hosein,JL du Plooy,ML Cummins,0,0,,,,,,,,,,,,,
1167037,2019,2019-09-23,"Lord's, London",2,43.3,43.3,Derbyshire,Middlesex,HR Hosein,JL du Plooy,ML Cummins,0,0,,,,,,,,,,,,,
1167037,2019,2019-09-23,"Lord's, London",2,43.4,43.4,Derbyshire,Middlesex,HR Hosein,JL du Plooy,ML Cummins,0,0,,,,,,,,,,,,,
1167037,2019,2019-09-23,"Lord's, London",2,43.5,43.5,Derbyshire,Middlesex,HR Hosein,JL du Plooy,ML Cummins,0,0,,,,,,,,,,,,,
1167037,2019,2019-09-23,"Lord's, London",2,43.6,43.6,Derbyshire,Middlesex,HR Hosein,JL du Plooy,ML Cummins,4,0,,,,,,,,,,,,,
1167037,2019,2019-09-23,"Lord's, London",2,44.1,44.1,Derbyshire,Middlesex,JL du Plooy,HR Hosein,TJ Murtagh,0,0,,,,,,,,,,,,,
1167037,2019,2019-09-23,"Lord's, London",2,44.2,44.2,Derbyshire,Middlesex,JL du Plooy,HR Hosein,TJ Murtagh,1,0,,,,,,,,,,,,,
1167037,2019,2019-09-23,"Lord's, London",2,44.3,44.3,Derbyshire,Middlesex,HR Hosein,JL du Plooy,TJ Murtagh,0,0,,,,,,,,,,,,,
1167037,2019,2019-09-23,"Lord's, London",2,44.4,44.4,Derbyshire,Middlesex,HR Hosein,JL du Plooy,TJ Murtagh,2,0,,,,,,,,,,,,,
1167037,2019,2019-09-23,"Lord's, London",2,44.5,44.5,Derbyshire,Middlesex,HR Hosein,JL du Plooy,TJ Murtagh,0,0,,,,,,,,,,,,,
1167037,2019,2019-09-23,"Lord's, London",2,44.6,44.6,Derbyshire,Middlesex,HR Hosein,JL du Plooy,TJ Murtagh,0,0,,,,,,,,,,,,,
1167037,2019,2019-09-23,"Lord's, London",2,45.1,45.1,Derbyshire,Middlesex,JL du Plooy,HR Hosein,ML Cummins,1,0,,,,,,,,,,,,,
1167037,2019,2019-09-23,"Lord's, London",2,45.2,45.2,Derbyshire,Middlesex,HR Hosein,JL du Plooy,ML Cummins,4,0,,,,,,,,,,,,,
1167037,2019,2019-09-23,"Lord's, London",2,45.3,45.3,Derbyshire,Middlesex,HR Hosein,JL du Plooy,ML Cummins,0,0,,,,,,,,,,,,,
1167037,2019,2019-09-23,"Lord's, London",2,45.4,45.4,Derbyshire,Middlesex,HR Hosein,JL du Plooy,ML Cummins,1,0,,,,,,,,,,,,,
1167037,2019,2019-09-23,"Lord's, London",2,45.5,45.5,Derbyshire,Middlesex,JL du Plooy,HR Hosein,ML Cummins,0,0,,,,,,,,,,,,,
1167037,2019,2019-09-23,"Lord's, London",2,45.6,45.6,Derbyshire,Middlesex,JL du Plooy,HR Hosein,ML Cummins,0,0,,,,,,,,,,,,,
1167037,2019,2019-09-23,"Lord's, London",2,46.1,46.1,Derbyshire,Middlesex,HR Hosein,JL du Plooy,MDE Holden,1,0,,,,,,,,,,,,,
1167037,2019,2019-09-23,"Lord's, London",2,46.2,46.2,Derbyshire,Middlesex,JL du Plooy,HR Hosein,MDE Holden,1,0,,,,,,,,,,,,,
1167037,2019,2019-09-23,"Lord's, London",2,46.3,46.3,Derbyshire,Middlesex,HR Hosein,JL du Plooy,MDE Holden,0,0,,,,,,,,,,,,,
1167037,2019,2019-09-23,"Lord's, London",2,46.4,46.4,Derbyshire,Middlesex,HR Hosein,JL du Plooy,MDE Holden,1,0,,,,,,,,,,,,,
1167037,2019,2019-09-23,"Lord's, London",2,46.5,46.5,Derbyshire,Middlesex,JL du Plooy,HR Hosein,MDE Holden,0,0,,,,,,,,,,,,,
1167037,2019,2019-09-23,"Lord's, London",2,46.6,46.6,Derbyshire,Middlesex,JL du Plooy,HR Hosein,MDE Holden,1,0,,,,,,,,,,,,,
1167037,2019,2019-09-23,"Lord's, London",2,47.1,47.1,Derbyshire,Middlesex,JL du Plooy,HR Hosein,ER Bamber,0,0,,,,,,,,,,,,,
1167037,2019,2019-09-23,"Lord's, London",2,47.2,47.2,Derbyshire,Middlesex,JL du Plooy,HR Hosein,ER Bamber,2,0,,,,,,,,,,,,,
1167037,2019,2019-09-23,"Lord's, London",2,47.3,47.3,Derbyshire,Middlesex,JL du Plooy,HR Hosein,ER Bamber,0,0,,,,,,,,,,,,,
1167037,2019,2019-09-23,"Lord's, London",2,47.4,47.4,Derbyshire,Middlesex,JL du Plooy,HR Hosein,ER Bamber,0,0,,,,,,,,,,,,,
1167037,2019,2019-09-23,"Lord's, London",2,47.5,47.5,Derbyshire,Middlesex,JL du Plooy,HR Hosein,ER Bamber,0,0,,,,,,,,,,,,,
1167037,2019,2019-09-23,"Lord's, London",2,47.6,47.6,Derbyshire,Middlesex,JL du Plooy,HR Hosein,ER Bamber,0,0,,,,,,,,,,,,,
1167037,2019,2019-09-23,"Lord's, London",2,48.1,48.1,Derbyshire,Middlesex,HR Hosein,JL du Plooy,MDE Holden,0,0,,,,,,,,,,,,,
1167037,2019,2019-09-23,"Lord's, London",2,48.2,48.2,Derbyshire,Middlesex,HR Hosein,JL du Plooy,MDE Holden,0,0,,,,,,,,,,,,,
1167037,2019,2019-09-23,"Lord's, London",2,48.3,48.3,Derbyshire,Middlesex,HR Hosein,JL du Plooy,MDE Holden,0,0,,,,,,,,,,,,,
1167037,2019,2019-09-23,"Lord's, London",2,48.4,48.4,Derbyshire,Middlesex,HR Hosein,JL du Plooy,MDE Holden,1,0,,,,,,,,,,,,,
1167037,2019,2019-09-23,"Lord's, London",2,48.5,48.5,Derbyshire,Middlesex,JL du Plooy,HR Hosein,MDE Holden,4,0,,,,,,,,,,,,,
1167037,2019,2019-09-23,"Lord's, London",2,48.6,48.6,Derbyshire,Middlesex,JL du Plooy,HR Hosein,MDE Holden,0,0,,,,,,,,,,,,,
1167037,2019,2019-09-23,"Lord's, London",2,49.1,49.1,Derbyshire,Middlesex,HR Hosein,JL du Plooy,ER Bamber,0,0,,,,,,,,,,,,,
1167037,2019,2019-09-23,"Lord's, London",2,49.2,49.2,Derbyshire,Middlesex,HR Hosein,JL du Plooy,ER Bamber,0,0,,,,,,,,,,,,,
1167037,2019,2019-09-23,"Lord's, London",2,49.3,49.3,Derbyshire,Middlesex,HR Hosein,JL du Plooy,ER Bamber,0,0,,,,,,,,,,,,,
1167037,2019,2019-09-23,"Lord's, London",2,49.4,49.4,Derbyshire,Middlesex,HR Hosein,JL du Plooy,ER Bamber,0,0,,,,,,,,,,,,,
1167037,2019,2019-09-23,"Lord's, London",2,49.5,49.5,Derbyshire,Middlesex,HR Hosein,JL du Plooy,ER Bamber,3,0,,,,,,,,,,,,,
1167037,2019,2019-09-23,"Lord's, London",2,49.6,49.6,Derbyshire,Middlesex,JL du Plooy,HR Hosein,ER Bamber,0,0,,,,,,,,,,,,,
1167037,2019,2019-09-23,"Lord's, London",2,50.1,50.1,Derbyshire,Middlesex,HR Hosein,JL du Plooy,MDE Holden,1,0,,,,,,,,,,,,,
1167037,2019,2019-09-23,"Lord's, London",2,50.2,50.2,Derbyshire,Middlesex,JL du Plooy,HR Hosein,MDE Holden,0,0,,,,,,,,,,,,,
1167037,2019,2019-09-23,"Lord's, London",2,50.3,50.3,Derbyshire,Middlesex,JL du Plooy,HR Hosein,MDE Holden,1,0,,,,,,,,,,,,,
1167037,2019,2019-09-23,"Lord's, London",2,50.4,50.4,Derbyshire,Middlesex,HR Hosein,JL du Plooy,MDE Holden,1,0,,,,,,,,,,,,,
1167037,2019,2019-09-23,"Lord's, London",2,50.5,50.5,Derbyshire,Middlesex,JL du Plooy,HR Hosein,MDE Holden,0,0,,,,,,,,,,,,,
1167037,2019,2019-09-23,"Lord's, London",2,50.6,50.6,Derbyshire,Middlesex,JL du Plooy,HR Hosein,MDE Holden,1,0,,,,,,,,,,,,,
1167037,2019,2019-09-23,"Lord's, London",2,51.1,51.1,Derbyshire,Middlesex,JL du Plooy,HR Hosein,ER Bamber,4,0,,,,,,,,,,,,,
1167037,2019,2019-09-23,"Lord's, London",2,51.2,51.2,Derbyshire,Middlesex,JL du Plooy,HR Hosein,ER Bamber,0,0,,,,,,,,,,,,,
1167037,2019,2019-09-23,"Lord's, London",2,51.3,51.3,Derbyshire,Middlesex,JL du Plooy,HR Hosein,ER Bamber,0,0,,,,,,,,,,,,,
1167037,2019,2019-09-23,"Lord's, London",2,51.4,51.4,Derbyshire,Middlesex,JL du Plooy,HR Hosein,ER Bamber,0,0,,,,,,,,,,,,,
1167037,2019,2019-09-23,"Lord's, London",2,51.5,51.5,Derbyshire,Middlesex,JL du Plooy,HR Hosein,ER Bamber,0,0,,,,,,,,,,,,,
1167037,2019,2019-09-23,"Lord's, London",2,51.6,51.6,Derbyshire,Middlesex,JL du Plooy,HR Hosein,ER Bamber,0,0,,,,,,,,,,,,,
1167037,2019,2019-09-23,"Lord's, London",2,52.1,52.1,Derbyshire,Middlesex,HR Hosein,JL du Plooy,TJ Murtagh,0,0,,,,,,,,,,,,,
1167037,2019,2019-09-23,"Lord's, London",2,52.2,52.2,Derbyshire,Middlesex,HR Hosein,JL du Plooy,TJ Murtagh,0,0,,,,,,,,,,,,,
1167037,2019,2019-09-23,"Lord's, London",2,52.3,52.3,Derbyshire,Middlesex,HR Hosein,JL du Plooy,TJ Murtagh,1,0,,,,,,,,,,,,,
1167037,2019,2019-09-23,"Lord's, London",2,52.4,52.4,Derbyshire,Middlesex,JL du Plooy,HR Hosein,TJ Murtagh,0,0,,,,,,,,,,,,,
1167037,2019,2019-09-23,"Lord's, London",2,52.5,52.5,Derbyshire,Middlesex,JL du Plooy,HR Hosein,TJ Murtagh,0,0,,,,,,,,,,,,,
1167037,2019,2019-09-23,"Lord's, London",2,52.6,52.6,Derbyshire,Middlesex,JL du Plooy,HR Hosein,TJ Murtagh,1,0,,,,,,,,,,,,,
1167037,2019,2019-09-23,"Lord's, London",2,53.1,53.1,Derbyshire,Middlesex,JL du Plooy,HR Hosein,ER Bamber,0,0,,,,,,,,,,,,,
1167037,2019,2019-09-23,"Lord's, London",2,53.2,53.2,Derbyshire,Middlesex,JL du Plooy,HR Hosein,ER Bamber,1,0,,,,,,,,,,,,,
1167037,2019,2019-09-23,"Lord's, London",2,53.3,53.3,Derbyshire,Middlesex,HR Hosein,JL du Plooy,ER Bamber,0,0,,,,,,,caught,HR Hosein,,,DJ Malan,,
1167037,2019,2019-09-23,"Lord's, London",2,53.4,53.4,Derbyshire,Middlesex,MJJ Critchley,JL du Plooy,ER Bamber,4,0,,,,,,,,,,,,,
1167037,2019,2019-09-23,"Lord's, London",2,53.5,53.5,Derbyshire,Middlesex,MJJ Critchley,JL du Plooy,ER Bamber,0,0,,,,,,,,,,,,,
1167037,2019,2019-09-23,"Lord's, London",2,53.6,53.6,Derbyshire,Middlesex,MJJ Critchley,JL du Plooy,ER Bamber,0,0,,,,,,,,,,,,,
1167037,2019,2019-09-23,"Lord's, London",2,54.1,54.1,Derbyshire,Middlesex,JL du Plooy,MJJ Critchley,TJ Murtagh,0,0,,,,,,,,,,,,,
1167037,2019,2019-09-23,"Lord's, London",2,54.2,54.2,Derbyshire,Middlesex,JL du Plooy,MJJ Critchley,TJ Murtagh,0,0,,,,,,,,,,,,,
1167037,2019,2019-09-23,"Lord's, London",2,54.3,54.3,Derbyshire,Middlesex,JL du Plooy,MJJ Critchley,TJ Murtagh,0,0,,,,,,,,,,,,,
1167037,2019,2019-09-23,"Lord's, London",2,54.4,54.4,Derbyshire,Middlesex,JL du Plooy,MJJ Critchley,TJ Murtagh,1,0,,,,,,,,,,,,,
1167037,2019,2019-09-23,"Lord's, London",2,54.5,54.5,Derbyshire,Middlesex,MJJ Critchley,JL du Plooy,TJ Murtagh,0,0,,,,,,,,,,,,,
1167037,2019,2019-09-23,"Lord's, London",2,54.6,54.6,Derbyshire,Middlesex,MJJ Critchley,JL du Plooy,TJ Murtagh,1,0,,,,,,,,,,,,,
1167037,2019,2019-09-23,"Lord's, London",2,55.1,55.1,Derbyshire,Middlesex,MJJ Critchley,JL du Plooy,ER Bamber,1,0,,,,,,,,,,,,,
1167037,2019,2019-09-23,"Lord's, London",2,55.2,55.2,Derbyshire,Middlesex,JL du Plooy,MJJ Critchley,ER Bamber,4,0,,,,,,,,,,,,,
1167037,2019,2019-09-23,"Lord's, London",2,55.3,55.3,Derbyshire,Middlesex,JL du Plooy,MJJ Critchley,ER Bamber,0,0,,,,,,,,,,,,,
1167037,2019,2019-09-23,"Lord's, London",2,55.4,55.4,Derbyshire,Middlesex,JL du Plooy,MJJ Critchley,ER Bamber,2,0,,,,,,,,,,,,,
1167037,2019,2019-09-23,"Lord's, London",2,55.5,55.5,Derbyshire,Middlesex,JL du Plooy,MJJ Critchley,ER Bamber,0,0,,,,,,,,,,,,,
1167037,2019,2019-09-23,"Lord's, London",2,55.6,55.6,Derbyshire,Middlesex,JL du Plooy,MJJ Critchley,ER Bamber,0,0,,,,,,,,,,,,,
1167037,2019,2019-09-23,"Lord's, London",2,56.1,56.1,Derbyshire,Middlesex,MJJ Critchley,JL du Plooy,TJ Murtagh,1,0,,,,,,,,,,,,,
1167037,2019,2019-09-23,"Lord's, London",2,56.2,56.2,Derbyshire,Middlesex,JL du Plooy,MJJ Critchley,TJ Murtagh,1,0,,,,,,,,,,,,,
1167037,2019,2019-09-23,"Lord's, London",2,56.3,56.3,Derbyshire,Middlesex,MJJ Critchley,JL du Plooy,TJ Murtagh,0,0,,,,,,,,,,,,,
1167037,2019,2019-09-23,"Lord's, London",2,56.4,56.4,Derbyshire,Middlesex,MJJ Critchley,JL du Plooy,TJ Murtagh,0,0,,,,,,,,,,,,,
1167037,2019,2019-09-23,"Lord's, London",2,56.5,56.5,Derbyshire,Middlesex,MJJ Critchley,JL du Plooy,TJ Murtagh,4,0,,,,,,,,,,,,,
1167037,2019,2019-09-23,"Lord's, London",2,56.6,56.6,Derbyshire,Middlesex,MJJ Critchley,JL du Plooy,TJ Murtagh,0,0,,,,,,,,,,,,,
1167037,2019,2019-09-23,"Lord's, London",2,57.1,57.1,Derbyshire,Middlesex,JL du Plooy,MJJ Critchley,ER Bamber,1,0,,,,,,,,,,,,,
1167037,2019,2019-09-23,"Lord's, London",2,57.2,57.2,Derbyshire,Middlesex,MJJ Critchley,JL du Plooy,ER Bamber,0,0,,,,,,,,,,,,,
1167037,2019,2019-09-23,"Lord's, London",2,57.3,57.3,Derbyshire,Middlesex,MJJ Critchley,JL du Plooy,ER Bamber,0,0,,,,,,,,,,,,,
1167037,2019,2019-09-23,"Lord's, London",2,57.4,57.4,Derbyshire,Middlesex,MJJ Critchley,JL du Plooy,ER Bamber,0,0,,,,,,,,,,,,,
1167037,2019,2019-09-23,"Lord's, London",2,57.5,57.5,Derbyshire,Middlesex,MJJ Critchley,JL du Plooy,ER Bamber,0,0,,,,,,,,,,,,,
1167037,2019,2019-09-23,"Lord's, London",2,57.6,57.6,Derbyshire,Middlesex,MJJ Critchley,JL du Plooy,ER Bamber,0,0,,,,,,,,,,,,,
1167037,2019,2019-09-23,"Lord's, London",2,58.1,58.1,Derbyshire,Middlesex,JL du Plooy,MJJ Critchley,TJ Murtagh,1,0,,,,,,,,,,,,,
1167037,2019,2019-09-23,"Lord's, London",2,58.2,58.2,Derbyshire,Middlesex,MJJ Critchley,JL du Plooy,TJ Murtagh,0,0,,,,,,,,,,,,,
1167037,2019,2019-09-23,"Lord's, London",2,58.3,58.3,Derbyshire,Middlesex,MJJ Critchley,JL du Plooy,TJ Murtagh,0,0,,,,,,,,,,,,,
1167037,2019,2019-09-23,"Lord's, London",2,58.4,58.4,Derbyshire,Middlesex,MJJ Critchley,JL du Plooy,TJ Murtagh,0,0,,,,,,,,,,,,,
1167037,2019,2019-09-23,"Lord's, London",2,58.5,58.5,Derbyshire,Middlesex,MJJ Critchley,JL du Plooy,TJ Murtagh,4,0,,,,,,,,,,,,,
1167037,2019,2019-09-23,"Lord's, London",2,58.6,58.6,Derbyshire,Middlesex,MJJ Critchley,JL du Plooy,TJ Murtagh,1,0,,,,,,,,,,,,,
1167037,2019,2019-09-23,"Lord's, London",2,59.1,59.1,Derbyshire,Middlesex,MJJ Critchley,JL du Plooy,ER Bamber,0,0,,,,,,,,,,,,,
1167037,2019,2019-09-23,"Lord's, London",2,59.2,59.2,Derbyshire,Middlesex,MJJ Critchley,JL du Plooy,ER Bamber,0,0,,,,,,,,,,,,,
1167037,2019,2019-09-23,"Lord's, London",2,59.3,59.3,Derbyshire,Middlesex,MJJ Critchley,JL du Plooy,ER Bamber,0,0,,,,,,,,,,,,,
1167037,2019,2019-09-23,"Lord's, London",2,59.4,59.4,Derbyshire,Middlesex,MJJ Critchley,JL du Plooy,ER Bamber,0,0,,,,,,,,,,,,,
1167037,2019,2019-09-23,"Lord's, London",2,59.5,59.5,Derbyshire,Middlesex,MJJ Critchley,JL du Plooy,ER Bamber,0,0,,,,,,,,,,,,,
1167037,2019,2019-09-23,"Lord's, London",2,59.6,59.6,Derbyshire,Middlesex,MJJ Critchley,JL du Plooy,ER Bamber,0,0,,,,,,,caught,MJJ Critchley,,,TJ Murtagh,,
1167037,2019,2019-09-23,"Lord's, London",2,60.1,60.1,Derbyshire,Middlesex,JL du Plooy,FJ Hudson-Prentice,JAR Harris,1,0,,,,,,,,,,,,,
1167037,2019,2019-09-23,"Lord's, London",2,60.2,60.2,Derbyshire,Middlesex,FJ Hudson-Prentice,JL du Plooy,JAR Harris,0,1,1,,,,,,,,,,,,
1167037,2019,2019-09-23,"Lord's, London",2,60.3,60.2,Derbyshire,Middlesex,FJ Hudson-Prentice,JL du Plooy,JAR Harris,0,0,,,,,,,,,,,,,
1167037,2019,2019-09-23,"Lord's, London",2,60.4,60.3,Derbyshire,Middlesex,FJ Hudson-Prentice,JL du Plooy,JAR Harris,0,0,,,,,,,,,,,,,
1167037,2019,2019-09-23,"Lord's, London",2,60.5,60.4,Derbyshire,Middlesex,FJ Hudson-Prentice,JL du Plooy,JAR Harris,0,0,,,,,,,,,,,,,
1167037,2019,2019-09-23,"Lord's, London",2,60.6,60.5,Derbyshire,Middlesex,FJ Hudson-Prentice,JL du Plooy,JAR Harris,0,0,,,,,,,,,,,,,
1167037,2019,2019-09-23,"Lord's, London",2,60.7,60.6,Derbyshire,Middlesex,FJ Hudson-Prentice,JL du Plooy,JAR Harris,4,0,,,,,,,,,,,,,
1167037,2019,2019-09-23,"Lord's, London",2,61.1,61.1,Derbyshire,Middlesex,JL du Plooy,FJ Hudson-Prentice,ER Bamber,0,0,,,,,,,,,,,,,
1167037,2019,2019-09-23,"Lord's, London",2,61.2,61.2,Derbyshire,Middlesex,JL du Plooy,FJ Hudson-Prentice,ER Bamber,0,0,,,,,,,,,,,,,
1167037,2019,2019-09-23,"Lord's, London",2,61.3,61.3,Derbyshire,Middlesex,JL du Plooy,FJ Hudson-Prentice,ER Bamber,0,0,,,,,,,,,,,,,
1167037,2019,2019-09-23,"Lord's, London",2,61.4,61.4,Derbyshire,Middlesex,JL du Plooy,FJ Hudson-Prentice,ER Bamber,0,0,,,,,,,,,,,,,
1167037,2019,2019-09-23,"Lord's, London",2,61.5,61.5,Derbyshire,Middlesex,JL du Plooy,FJ Hudson-Prentice,ER Bamber,1,0,,,,,,,,,,,,,
1167037,2019,2019-09-23,"Lord's, London",2,61.6,61.6,Derbyshire,Middlesex,FJ Hudson-Prentice,JL du Plooy,ER Bamber,0,0,,,,,,,,,,,,,
1167037,2019,2019-09-23,"Lord's, London",2,62.1,62.1,Derbyshire,Middlesex,JL du Plooy,FJ Hudson-Prentice,JAR Harris,0,0,,,,,,,,,,,,,
1167037,2019,2019-09-23,"Lord's, London",2,62.2,62.2,Derbyshire,Middlesex,JL du Plooy,FJ Hudson-Prentice,JAR Harris,0,1,,,,1,,,,,,,,,
1167037,2019,2019-09-23,"Lord's, London",2,62.3,62.3,Derbyshire,Middlesex,FJ Hudson-Prentice,JL du Plooy,JAR Harris,0,0,,,,,,,,,,,,,
1167037,2019,2019-09-23,"Lord's, London",2,62.4,62.4,Derbyshire,Middlesex,FJ Hudson-Prentice,JL du Plooy,JAR Harris,0,0,,,,,,,,,,,,,
1167037,2019,2019-09-23,"Lord's, London",2,62.5,62.5,Derbyshire,Middlesex,FJ Hudson-Prentice,JL du Plooy,JAR Harris,1,0,,,,,,,,,,,,,
1167037,2019,2019-09-23,"Lord's, London",2,62.6,62.6,Derbyshire,Middlesex,JL du Plooy,FJ Hudson-Prentice,JAR Harris,4,0,,,,,,,,,,,,,
1167037,2019,2019-09-23,"Lord's, London",2,63.1,63.1,Derbyshire,Middlesex,FJ Hudson-Prentice,JL du Plooy,ER Bamber,4,0,,,,,,,,,,,,,
1167037,2019,2019-09-23,"Lord's, London",2,63.2,63.2,Derbyshire,Middlesex,FJ Hudson-Prentice,JL du Plooy,ER Bamber,0,0,,,,,,,,,,,,,
1167037,2019,2019-09-23,"Lord's, London",2,63.3,63.3,Derbyshire,Middlesex,FJ Hudson-Prentice,JL du Plooy,ER Bamber,0,0,,,,,,,,,,,,,
1167037,2019,2019-09-23,"Lord's, London",2,63.4,63.4,Derbyshire,Middlesex,FJ Hudson-Prentice,JL du Plooy,ER Bamber,0,0,,,,,,,,,,,,,
1167037,2019,2019-09-23,"Lord's, London",2,63.5,63.5,Derbyshire,Middlesex,FJ Hudson-Prentice,JL du Plooy,ER Bamber,0,0,,,,,,,,,,,,,
1167037,2019,2019-09-23,"Lord's, London",2,63.6,63.6,Derbyshire,Middlesex,FJ Hudson-Prentice,JL du Plooy,ER Bamber,0,0,,,,,,,,,,,,,
1167037,2019,2019-09-23,"Lord's, London",2,64.1,64.1,Derbyshire,Middlesex,JL du Plooy,FJ Hudson-Prentice,JAR Harris,0,0,,,,,,,,,,,,,
1167037,2019,2019-09-23,"Lord's, London",2,64.2,64.2,Derbyshire,Middlesex,JL du Plooy,FJ Hudson-Prentice,JAR Harris,1,0,,,,,,,,,,,,,
1167037,2019,2019-09-23,"Lord's, London",2,64.3,64.3,Derbyshire,Middlesex,FJ Hudson-Prentice,JL du Plooy,JAR Harris,0,0,,,,,,,,,,,,,
1167037,2019,2019-09-23,"Lord's, London",2,64.4,64.4,Derbyshire,Middlesex,FJ Hudson-Prentice,JL du Plooy,JAR Harris,3,0,,,,,,,,,,,,,
1167037,2019,2019-09-23,"Lord's, London",2,64.5,64.5,Derbyshire,Middlesex,JL du Plooy,FJ Hudson-Prentice,JAR Harris,0,0,,,,,,,,,,,,,
1167037,2019,2019-09-23,"Lord's, London",2,64.6,64.6,Derbyshire,Middlesex,JL du Plooy,FJ Hudson-Prentice,JAR Harris,1,0,,,,,,,,,,,,,
1167037,2019,2019-09-23,"Lord's, London",2,65.1,65.1,Derbyshire,Middlesex,JL du Plooy,FJ Hudson-Prentice,ER Bamber,4,0,,,,,,,,,,,,,
1167037,2019,2019-09-23,"Lord's, London",2,65.2,65.2,Derbyshire,Middlesex,JL du Plooy,FJ Hudson-Prentice,ER Bamber,1,0,,,,,,,,,,,,,
1167037,2019,2019-09-23,"Lord's, London",2,65.3,65.3,Derbyshire,Middlesex,FJ Hudson-Prentice,JL du Plooy,ER Bamber,0,0,,,,,,,,,,,,,
1167037,2019,2019-09-23,"Lord's, London",2,65.4,65.4,Derbyshire,Middlesex,FJ Hudson-Prentice,JL du Plooy,ER Bamber,4,0,,,,,,,,,,,,,
1167037,2019,2019-09-23,"Lord's, London",2,65.5,65.5,Derbyshire,Middlesex,FJ Hudson-Prentice,JL du Plooy,ER Bamber,4,0,,,,,,,,,,,,,
1167037,2019,2019-09-23,"Lord's, London",2,65.6,65.6,Derbyshire,Middlesex,FJ Hudson-Prentice,JL du Plooy,ER Bamber,4,0,,,,,,,,,,,,,
1167037,2019,2019-09-23,"Lord's, London",2,66.1,66.1,Derbyshire,Middlesex,JL du Plooy,FJ Hudson-Prentice,JAR Harris,4,0,,,,,,,,,,,,,
1167037,2019,2019-09-23,"Lord's, London",2,66.2,66.2,Derbyshire,Middlesex,JL du Plooy,FJ Hudson-Prentice,JAR Harris,0,0,,,,,,,,,,,,,
1167037,2019,2019-09-23,"Lord's, London",2,66.3,66.3,Derbyshire,Middlesex,JL du Plooy,FJ Hudson-Prentice,JAR Harris,0,0,,,,,,,,,,,,,
1167037,2019,2019-09-23,"Lord's, London",2,66.4,66.4,Derbyshire,Middlesex,JL du Plooy,FJ Hudson-Prentice,JAR Harris,0,0,,,,,,,,,,,,,
1167037,2019,2019-09-23,"Lord's, London",2,66.5,66.5,Derbyshire,Middlesex,JL du Plooy,FJ Hudson-Prentice,JAR Harris,0,0,,,,,,,,,,,,,
1167037,2019,2019-09-23,"Lord's, London",2,66.6,66.6,Derbyshire,Middlesex,JL du Plooy,FJ Hudson-Prentice,JAR Harris,0,0,,,,,,,,,,,,,
1167037,2019,2019-09-23,"Lord's, London",2,67.1,67.1,Derbyshire,Middlesex,FJ Hudson-Prentice,JL du Plooy,ER Bamber,0,0,,,,,,,,,,,,,
1167037,2019,2019-09-23,"Lord's, London",2,67.2,67.2,Derbyshire,Middlesex,FJ Hudson-Prentice,JL du Plooy,ER Bamber,4,0,,,,,,,,,,,,,
1167037,2019,2019-09-23,"Lord's, London",2,67.3,67.3,Derbyshire,Middlesex,FJ Hudson-Prentice,JL du Plooy,ER Bamber,0,0,,,,,,,,,,,,,
1167037,2019,2019-09-23,"Lord's, London",2,67.4,67.4,Derbyshire,Middlesex,FJ Hudson-Prentice,JL du Plooy,ER Bamber,0,0,,,,,,,,,,,,,
1167037,2019,2019-09-23,"Lord's, London",2,67.5,67.5,Derbyshire,Middlesex,FJ Hudson-Prentice,JL du Plooy,ER Bamber,0,0,,,,,,,,,,,,,
1167037,2019,2019-09-23,"Lord's, London",2,67.6,67.6,Derbyshire,Middlesex,FJ Hudson-Prentice,JL du Plooy,ER Bamber,0,0,,,,,,,caught,FJ Hudson-Prentice,,,JA Simpson,,
1167037,2019,2019-09-23,"Lord's, London",2,68.1,68.1,Derbyshire,Middlesex,JL du Plooy,Anuj Dal,JAR Harris,1,0,,,,,,,,,,,,,
1167037,2019,2019-09-23,"Lord's, London",2,68.2,68.2,Derbyshire,Middlesex,Anuj Dal,JL du Plooy,JAR Harris,0,0,,,,,,,,,,,,,
1167037,2019,2019-09-23,"Lord's, London",2,68.3,68.3,Derbyshire,Middlesex,Anuj Dal,JL du Plooy,JAR Harris,0,0,,,,,,,,,,,,,
1167037,2019,2019-09-23,"Lord's, London",2,68.4,68.4,Derbyshire,Middlesex,Anuj Dal,JL du Plooy,JAR Harris,0,0,,,,,,,,,,,,,
1167037,2019,2019-09-23,"Lord's, London",2,68.5,68.5,Derbyshire,Middlesex,Anuj Dal,JL du Plooy,JAR Harris,0,0,,,,,,,,,,,,,
1167037,2019,2019-09-23,"Lord's, London",2,68.6,68.6,Derbyshire,Middlesex,Anuj Dal,JL du Plooy,JAR Harris,0,0,,,,,,,,,,,,,
1167037,2019,2019-09-23,"Lord's, London",2,69.1,69.1,Derbyshire,Middlesex,JL du Plooy,Anuj Dal,ML Cummins,0,0,,,,,,,,,,,,,
1167037,2019,2019-09-23,"Lord's, London",2,69.2,69.2,Derbyshire,Middlesex,JL du Plooy,Anuj Dal,ML Cummins,1,0,,,,,,,,,,,,,
1167037,2019,2019-09-23,"Lord's, London",2,69.3,69.3,Derbyshire,Middlesex,Anuj Dal,JL du Plooy,ML Cummins,0,0,,,,,,,,,,,,,
1167037,2019,2019-09-23,"Lord's, London",2,69.4,69.4,Derbyshire,Middlesex,Anuj Dal,JL du Plooy,ML Cummins,0,0,,,,,,,,,,,,,
1167037,2019,2019-09-23,"Lord's, London",2,69.5,69.5,Derbyshire,Middlesex,Anuj Dal,JL du Plooy,ML Cummins,0,0,,,,,,,,,,,,,
1167037,2019,2019-09-23,"Lord's, London",2,69.6,69.6,Derbyshire,Middlesex,Anuj Dal,JL du Plooy,ML Cummins,4,0,,,,,,,,,,,,,
1167037,2019,2019-09-23,"Lord's, London",2,70.1,70.1,Derbyshire,Middlesex,JL du Plooy,Anuj Dal,JAR Harris,1,0,,,,,,,,,,,,,
1167037,2019,2019-09-23,"Lord's, London",2,70.2,70.2,Derbyshire,Middlesex,Anuj Dal,JL du Plooy,JAR Harris,0,0,,,,,,,,,,,,,
1167037,2019,2019-09-23,"Lord's, London",2,70.3,70.3,Derbyshire,Middlesex,Anuj Dal,JL du Plooy,JAR Harris,0,0,,,,,,,,,,,,,
1167037,2019,2019-09-23,"Lord's, London",2,70.4,70.4,Derbyshire,Middlesex,Anuj Dal,JL du Plooy,JAR Harris,0,0,,,,,,,,,,,,,
1167037,2019,2019-09-23,"Lord's, London",2,70.5,70.5,Derbyshire,Middlesex,Anuj Dal,JL du Plooy,JAR Harris,0,0,,,,,,,,,,,,,
1167037,2019,2019-09-23,"Lord's, London",2,70.6,70.6,Derbyshire,Middlesex,Anuj Dal,JL du Plooy,JAR Harris,0,0,,,,,,,,,,,,,
1167037,2019,2019-09-23,"Lord's, London",2,71.1,71.1,Derbyshire,Middlesex,JL du Plooy,Anuj Dal,ML Cummins,1,0,,,,,,,,,,,,,
1167037,2019,2019-09-23,"Lord's, London",2,71.2,71.2,Derbyshire,Middlesex,Anuj Dal,JL du Plooy,ML Cummins,0,0,,,,,,,,,,,,,
1167037,2019,2019-09-23,"Lord's, London",2,71.3,71.3,Derbyshire,Middlesex,Anuj Dal,JL du Plooy,ML Cummins,0,0,,,,,,,,,,,,,
1167037,2019,2019-09-23,"Lord's, London",2,71.4,71.4,Derbyshire,Middlesex,Anuj Dal,JL du Plooy,ML Cummins,0,0,,,,,,,,,,,,,
1167037,2019,2019-09-23,"Lord's, London",2,71.5,71.5,Derbyshire,Middlesex,Anuj Dal,JL du Plooy,ML Cummins,0,0,,,,,,,,,,,,,
1167037,2019,2019-09-23,"Lord's, London",2,71.6,71.6,Derbyshire,Middlesex,Anuj Dal,JL du Plooy,ML Cummins,1,0,,,,,,,,,,,,,
1167037,2019,2019-09-23,"Lord's, London",2,72.1,72.1,Derbyshire,Middlesex,Anuj Dal,JL du Plooy,JAR Harris,0,0,,,,,,,,,,,,,
1167037,2019,2019-09-23,"Lord's, London",2,72.2,72.2,Derbyshire,Middlesex,Anuj Dal,JL du Plooy,JAR Harris,0,0,,,,,,,,,,,,,
1167037,2019,2019-09-23,"Lord's, London",2,72.3,72.3,Derbyshire,Middlesex,Anuj Dal,JL du Plooy,JAR Harris,0,0,,,,,,,,,,,,,
1167037,2019,2019-09-23,"Lord's, London",2,72.4,72.4,Derbyshire,Middlesex,Anuj Dal,JL du Plooy,JAR Harris,0,0,,,,,,,,,,,,,
1167037,2019,2019-09-23,"Lord's, London",2,72.5,72.5,Derbyshire,Middlesex,Anuj Dal,JL du Plooy,JAR Harris,0,0,,,,,,,,,,,,,
1167037,2019,2019-09-23,"Lord's, London",2,72.6,72.6,Derbyshire,Middlesex,Anuj Dal,JL du Plooy,JAR Harris,0,0,,,,,,,,,,,,,
1167037,2019,2019-09-23,"Lord's, London",2,73.1,73.1,Derbyshire,Middlesex,JL du Plooy,Anuj Dal,ML Cummins,0,0,,,,,,,,,,,,,
1167037,2019,2019-09-23,"Lord's, London",2,73.2,73.2,Derbyshire,Middlesex,JL du Plooy,Anuj Dal,ML Cummins,0,0,,,,,,,,,,,,,
1167037,2019,2019-09-23,"Lord's, London",2,73.3,73.3,Derbyshire,Middlesex,JL du Plooy,Anuj Dal,ML Cummins,1,0,,,,,,,,,,,,,
1167037,2019,2019-09-23,"Lord's, London",2,73.4,73.4,Derbyshire,Middlesex,Anuj Dal,JL du Plooy,ML Cummins,1,0,,,,,,,,,,,,,
1167037,2019,2019-09-23,"Lord's, London",2,73.5,73.5,Derbyshire,Middlesex,JL du Plooy,Anuj Dal,ML Cummins,0,0,,,,,,,,,,,,,
1167037,2019,2019-09-23,"Lord's, London",2,73.6,73.6,Derbyshire,Middlesex,JL du Plooy,Anuj Dal,ML Cummins,0,0,,,,,,,,,,,,,
1167037,2019,2019-09-23,"Lord's, London",2,74.1,74.1,Derbyshire,Middlesex,Anuj Dal,JL du Plooy,MDE Holden,1,0,,,,,,,,,,,,,
1167037,2019,2019-09-23,"Lord's, London",2,74.2,74.2,Derbyshire,Middlesex,JL du Plooy,Anuj Dal,MDE Holden,0,0,,,,,,,,,,,,,
1167037,2019,2019-09-23,"Lord's, London",2,74.3,74.3,Derbyshire,Middlesex,JL du Plooy,Anuj Dal,MDE Holden,4,0,,,,,,,,,,,,,
1167037,2019,2019-09-23,"Lord's, London",2,74.4,74.4,Derbyshire,Middlesex,JL du Plooy,Anuj Dal,MDE Holden,4,0,,,,,,,,,,,,,
1167037,2019,2019-09-23,"Lord's, London",2,74.5,74.5,Derbyshire,Middlesex,JL du Plooy,Anuj Dal,MDE Holden,0,0,,,,,,,,,,,,,
1167037,2019,2019-09-23,"Lord's, London",2,74.6,74.6,Derbyshire,Middlesex,JL du Plooy,Anuj Dal,MDE Holden,0,0,,,,,,,,,,,,,
1167037,2019,2019-09-23,"Lord's, London",2,75.1,75.1,Derbyshire,Middlesex,Anuj Dal,JL du Plooy,ML Cummins,0,0,,,,,,,,,,,,,
1167037,2019,2019-09-23,"Lord's, London",2,75.2,75.2,Derbyshire,Middlesex,Anuj Dal,JL du Plooy,ML Cummins,0,0,,,,,,,,,,,,,
1167037,2019,2019-09-23,"Lord's, London",2,75.3,75.3,Derbyshire,Middlesex,Anuj Dal,JL du Plooy,ML Cummins,2,0,,,,,,,,,,,,,
1167037,2019,2019-09-23,"Lord's, London",2,75.4,75.4,Derbyshire,Middlesex,Anuj Dal,JL du Plooy,ML Cummins,4,0,,,,,,,,,,,,,
1167037,2019,2019-09-23,"Lord's, London",2,75.5,75.5,Derbyshire,Middlesex,Anuj Dal,JL du Plooy,ML Cummins,0,0,,,,,,,,,,,,,
1167037,2019,2019-09-23,"Lord's, London",2,75.6,75.6,Derbyshire,Middlesex,Anuj Dal,JL du Plooy,ML Cummins,0,0,,,,,,,,,,,,,
1167037,2019,2019-09-23,"Lord's, London",2,76.1,76.1,Derbyshire,Middlesex,JL du Plooy,Anuj Dal,MDE Holden,0,0,,,,,,,,,,,,,
1167037,2019,2019-09-23,"Lord's, London",2,76.2,76.2,Derbyshire,Middlesex,JL du Plooy,Anuj Dal,MDE Holden,0,0,,,,,,,,,,,,,
1167037,2019,2019-09-23,"Lord's, London",2,76.3,76.3,Derbyshire,Middlesex,JL du Plooy,Anuj Dal,MDE Holden,3,0,,,,,,,,,,,,,
1167037,2019,2019-09-23,"Lord's, London",2,76.4,76.4,Derbyshire,Middlesex,Anuj Dal,JL du Plooy,MDE Holden,0,0,,,,,,,,,,,,,
1167037,2019,2019-09-23,"Lord's, London",2,76.5,76.5,Derbyshire,Middlesex,Anuj Dal,JL du Plooy,MDE Holden,0,0,,,,,,,,,,,,,
1167037,2019,2019-09-23,"Lord's, London",2,76.6,76.6,Derbyshire,Middlesex,Anuj Dal,JL du Plooy,MDE Holden,0,0,,,,,,,,,,,,,
