match_id,season,start_date,venue,innings,ball,actual_delivery,batting_team,bowling_team,striker,non_striker,bowler,runs_off_bat,extras,wides,noballs,byes,legbyes,penalty,non_boundary,wicket_type,player_dismissed,other_wicket_type,other_player_dismissed,fielder_1,fielder_2,fielder_3
1244259,2021,2021-05-13,"County Ground, Chelmsford",1,0.1,0.1,Essex,Derbyshire,NLJ Browne,AN Cook,B Stanlake,0,0,,,,,,,,,,,,,
1244259,2021,2021-05-13,"County Ground, Chelmsford",1,0.2,0.2,Essex,Derbyshire,NLJ Browne,AN Cook,B Stanlake,0,0,,,,,,,,,,,,,
1244259,2021,2021-05-13,"County Ground, Chelmsford",1,0.3,0.3,Essex,Derbyshire,NLJ Browne,AN Cook,B Stanlake,4,0,,,,,,,,,,,,,
1244259,2021,2021-05-13,"County Ground, Chelmsford",1,0.4,0.4,Essex,Derbyshire,NLJ Browne,AN Cook,B Stanlake,0,0,,,,,,,,,,,,,
1244259,2021,2021-05-13,"County Ground, Chelmsford",1,0.5,0.5,Essex,Derbyshire,NLJ Browne,AN Cook,B Stanlake,0,2,,2,,,,,,,,,,,
1244259,2021,2021-05-13,"County Ground, Chelmsford",1,0.6,0.5,Essex,Derbyshire,NLJ Browne,AN Cook,B Stanlake,1,0,,,,,,,,,,,,,
1244259,2021,2021-05-13,"County Ground, Chelmsford",1,0.7,0.6,Essex,Derbyshire,AN Cook,NLJ Browne,B Stanlake,1,0,,,,,,,,,,,,,
1244259,2021,2021-05-13,"County Ground, Chelmsford",1,1.1,1.1,Essex,Derbyshire,AN Cook,NLJ Browne,LM Reece,0,0,,,,,,,,,,,,,
1244259,2021,2021-05-13,"County Ground, Chelmsford",1,1.2,1.2,Essex,Derbyshire,AN Cook,NLJ Browne,LM Reece,0,0,,,,,,,,,,,,,
1244259,2021,2021-05-13,"County Ground, Chelmsford",1,1.3,1.3,Essex,Derbyshire,AN Cook,NLJ Browne,LM Reece,0,0,,,,,,,,,,,,,
1244259,2021,2021-05-13,"County Ground, Chelmsford",1,1.4,1.4,Essex,Derbyshire,AN Cook,NLJ Browne,LM Reece,0,0,,,,,,,,,,,,,
1244259,2021,2021-05-13,"County Ground, Chelmsford",1,1.5,1.5,Essex,Derbyshire,AN Cook,NLJ Browne,LM Reece,4,0,,,,,,,,,,,,,
1244259,2021,2021-05-13,"County Ground, Chelmsford",1,1.6,1.6,Essex,Derbyshire,AN Cook,NLJ Browne,LM Reece,0,0,,,,,,,,,,,,,
1244259,2021,2021-05-13,"County Ground, Chelmsford",1,2.1,2.1,Essex,Derbyshire,NLJ Browne,AN Cook,B Stanlake,0,0,,,,,,,,,,,,,
1244259,2021,2021-05-13,"County Ground, Chelmsford",1,2.2,2.2,Essex,Derbyshire,NLJ Browne,AN Cook,B Stanlake,0,2,,2,,,,,,,,,,,
1244259,2021,2021-05-13,"County Ground, Chelmsford",1,2.3,2.2,Essex,Derbyshire,NLJ Browne,AN Cook,B Stanlake,0,0,,,,,,,,,,,,,
1244259,2021,2021-05-13,"County Ground, Chelmsford",1,2.4,2.3,Essex,Derbyshire,NLJ Browne,AN Cook,B Stanlake,0,0,,,,,,,,,,,,,
1244259,2021,2021-05-13,"County Ground, Chelmsford",1,2.5,2.4,Essex,Derbyshire,NLJ Browne,AN Cook,B Stanlake,0,0,,,,,,,,,,,,,
1244259,2021,2021-05-13,"County Ground, Chelmsford",1,2.6,2.5,Essex,Derbyshire,NLJ Browne,AN Cook,B Stanlake,0,2,,2,,,,,,,,,,,
1244259,2021,2021-05-13,"County Ground, Chelmsford",1,2.7,2.5,Essex,Derbyshire,NLJ Browne,AN Cook,B Stanlake,0,0,,,,,,,,,,,,,
1244259,2021,2021-05-13,"County Ground, Chelmsford",1,2.8,2.6,Essex,Derbyshire,NLJ Browne,AN Cook,B Stanlake,0,0,,,,,,,,,,,,,
1244259,2021,2021-05-13,"County Ground, Chelmsford",1,3.1,3.1,Essex,Derbyshire,AN Cook,NLJ Browne,LM Reece,1,0,,,,,,,,,,,,,
1244259,2021,2021-05-13,"County Ground, Chelmsford",1,3.2,3.2,Essex,Derbyshire,NLJ Browne,AN Cook,LM Reece,0,0,,,,,,,,,,,,,
1244259,2021,2021-05-13,"County Ground, Chelmsford",1,3.3,3.3,Essex,Derbyshire,NLJ Browne,AN Cook,LM Reece,0,0,,,,,,,,,,,,,
1244259,2021,2021-05-13,"County Ground, Chelmsford",1,3.4,3.4,Essex,Derbyshire,NLJ Browne,AN Cook,LM Reece,3,0,,,,,,,,,,,,,
1244259,2021,2021-05-13,"County Ground, Chelmsford",1,3.5,3.5,Essex,Derbyshire,AN Cook,NLJ Browne,LM Reece,0,0,,,,,,,,,,,,,
1244259,2021,2021-05-13,"County Ground, Chelmsford",1,3.6,3.6,Essex,Derbyshire,AN Cook,NLJ Browne,LM Reece,0,0,,,,,,,,,,,,,
1244259,2021,2021-05-13,"County Ground, Chelmsford",1,4.1,4.1,Essex,Derbyshire,NLJ Browne,AN Cook,B Stanlake,0,0,,,,,,,,,,,,,
1244259,2021,2021-05-13,"County Ground, Chelmsford",1,4.2,4.2,Essex,Derbyshire,NLJ Browne,AN Cook,B Stanlake,0,0,,,,,,,,,,,,,
1244259,2021,2021-05-13,"County Ground, Chelmsford",1,4.3,4.3,Essex,Derbyshire,NLJ Browne,AN Cook,B Stanlake,0,0,,,,,,,,,,,,,
1244259,2021,2021-05-13,"County Ground, Chelmsford",1,4.4,4.4,Essex,Derbyshire,NLJ Browne,AN Cook,B Stanlake,0,0,,,,,,,,,,,,,
1244259,2021,2021-05-13,"County Ground, Chelmsford",1,4.5,4.5,Essex,Derbyshire,NLJ Browne,AN Cook,B Stanlake,0,0,,,,,,,,,,,,,
1244259,2021,2021-05-13,"County Ground, Chelmsford",1,4.6,4.6,Essex,Derbyshire,NLJ Browne,AN Cook,B Stanlake,0,0,,,,,,,,,,,,,
1244259,2021,2021-05-13,"County Ground, Chelmsford",1,5.1,5.1,Essex,Derbyshire,AN Cook,NLJ Browne,LM Reece,0,0,,,,,,,,,,,,,
1244259,2021,2021-05-13,"County Ground, Chelmsford",1,5.2,5.2,Essex,Derbyshire,AN Cook,NLJ Browne,LM Reece,0,2,,2,,,,,,,,,,,
1244259,2021,2021-05-13,"County Ground, Chelmsford",1,5.3,5.2,Essex,Derbyshire,AN Cook,NLJ Browne,LM Reece,0,0,,,,,,,,,,,,,
1244259,2021,2021-05-13,"County Ground, Chelmsford",1,5.4,5.3,Essex,Derbyshire,AN Cook,NLJ Browne,LM Reece,1,0,,,,,,,,,,,,,
1244259,2021,2021-05-13,"County Ground, Chelmsford",1,5.5,5.4,Essex,Derbyshire,NLJ Browne,AN Cook,LM Reece,0,0,,,,,,,,,,,,,
1244259,2021,2021-05-13,"County Ground, Chelmsford",1,5.6,5.5,Essex,Derbyshire,NLJ Browne,AN Cook,LM Reece,0,0,,,,,,,,,,,,,
1244259,2021,2021-05-13,"County Ground, Chelmsford",1,5.7,5.6,Essex,Derbyshire,NLJ Browne,AN Cook,LM Reece,0,0,,,,,,,,,,,,,
1244259,2021,2021-05-13,"County Ground, Chelmsford",1,6.1,6.1,Essex,Derbyshire,AN Cook,NLJ Browne,B Stanlake,0,2,,2,,,,,,,,,,,
1244259,2021,2021-05-13,"County Ground, Chelmsford",1,6.2,6.1,Essex,Derbyshire,AN Cook,NLJ Browne,B Stanlake,2,2,,2,,,,,,,,,,,
1244259,2021,2021-05-13,"County Ground, Chelmsford",1,6.3,6.1,Essex,Derbyshire,AN Cook,NLJ Browne,B Stanlake,0,2,,2,,,,,,,,,,,
1244259,2021,2021-05-13,"County Ground, Chelmsford",1,6.4,6.1,Essex,Derbyshire,AN Cook,NLJ Browne,B Stanlake,0,0,,,,,,,,,,,,,
1244259,2021,2021-05-13,"County Ground, Chelmsford",1,6.5,6.2,Essex,Derbyshire,AN Cook,NLJ Browne,B Stanlake,1,0,,,,,,,,,,,,,
1244259,2021,2021-05-13,"County Ground, Chelmsford",1,6.6,6.3,Essex,Derbyshire,NLJ Browne,AN Cook,B Stanlake,0,0,,,,,,,,,,,,,
1244259,2021,2021-05-13,"County Ground, Chelmsford",1,6.7,6.4,Essex,Derbyshire,NLJ Browne,AN Cook,B Stanlake,4,0,,,,,,,,,,,,,
1244259,2021,2021-05-13,"County Ground, Chelmsford",1,6.8,6.5,Essex,Derbyshire,NLJ Browne,AN Cook,B Stanlake,0,0,,,,,,,,,,,,,
1244259,2021,2021-05-13,"County Ground, Chelmsford",1,6.9,6.6,Essex,Derbyshire,NLJ Browne,AN Cook,B Stanlake,0,0,,,,,,,,,,,,,
1244259,2021,2021-05-13,"County Ground, Chelmsford",1,7.1,7.1,Essex,Derbyshire,AN Cook,NLJ Browne,LM Reece,4,0,,,,,,,,,,,,,
1244259,2021,2021-05-13,"County Ground, Chelmsford",1,7.2,7.2,Essex,Derbyshire,AN Cook,NLJ Browne,LM Reece,1,0,,,,,,,,,,,,,
1244259,2021,2021-05-13,"County Ground, Chelmsford",1,7.3,7.3,Essex,Derbyshire,NLJ Browne,AN Cook,LM Reece,0,4,,,,4,,,,,,,,,
1244259,2021,2021-05-13,"County Ground, Chelmsford",1,7.4,7.4,Essex,Derbyshire,NLJ Browne,AN Cook,LM Reece,0,0,,,,,,,,,,,,,
1244259,2021,2021-05-13,"County Ground, Chelmsford",1,7.5,7.5,Essex,Derbyshire,NLJ Browne,AN Cook,LM Reece,0,0,,,,,,,,,,,,,
1244259,2021,2021-05-13,"County Ground, Chelmsford",1,7.6,7.6,Essex,Derbyshire,NLJ Browne,AN Cook,LM Reece,0,0,,,,,,,,,,,,,
1244259,2021,2021-05-13,"County Ground, Chelmsford",1,8.1,8.1,Essex,Derbyshire,AN Cook,NLJ Browne,DR Melton,0,0,,,,,,,,,,,,,
1244259,2021,2021-05-13,"County Ground, Chelmsford",1,8.2,8.2,Essex,Derbyshire,AN Cook,NLJ Browne,DR Melton,1,0,,,,,,,,,,,,,
1244259,2021,2021-05-13,"County Ground, Chelmsford",1,8.3,8.3,Essex,Derbyshire,NLJ Browne,AN Cook,DR Melton,0,0,,,,,,,,,,,,,
1244259,2021,2021-05-13,"County Ground, Chelmsford",1,8.4,8.4,Essex,Derbyshire,NLJ Browne,AN Cook,DR Melton,0,0,,,,,,,,,,,,,
1244259,2021,2021-05-13,"County Ground, Chelmsford",1,8.5,8.5,Essex,Derbyshire,NLJ Browne,AN Cook,DR Melton,0,0,,,,,,,,,,,,,
1244259,2021,2021-05-13,"County Ground, Chelmsford",1,8.6,8.6,Essex,Derbyshire,NLJ Browne,AN Cook,DR Melton,0,0,,,,,,,,,,,,,
1244259,2021,2021-05-13,"County Ground, Chelmsford",1,9.1,9.1,Essex,Derbyshire,AN Cook,NLJ Browne,FJ Hudson-Prentice,0,0,,,,,,,,,,,,,
1244259,2021,2021-05-13,"County Ground, Chelmsford",1,9.2,9.2,Essex,Derbyshire,AN Cook,NLJ Browne,FJ Hudson-Prentice,0,0,,,,,,,,,,,,,
1244259,2021,2021-05-13,"County Ground, Chelmsford",1,9.3,9.3,Essex,Derbyshire,AN Cook,NLJ Browne,FJ Hudson-Prentice,0,0,,,,,,,,,,,,,
1244259,2021,2021-05-13,"County Ground, Chelmsford",1,9.4,9.4,Essex,Derbyshire,AN Cook,NLJ Browne,FJ Hudson-Prentice,1,0,,,,,,,,,,,,,
1244259,2021,2021-05-13,"County Ground, Chelmsford",1,9.5,9.5,Essex,Derbyshire,NLJ Browne,AN Cook,FJ Hudson-Prentice,0,0,,,,,,,,,,,,,
1244259,2021,2021-05-13,"County Ground, Chelmsford",1,9.6,9.6,Essex,Derbyshire,NLJ Browne,AN Cook,FJ Hudson-Prentice,0,0,,,,,,,,,,,,,
1244259,2021,2021-05-13,"County Ground, Chelmsford",1,10.1,10.1,Essex,Derbyshire,AN Cook,NLJ Browne,DR Melton,0,0,,,,,,,,,,,,,
1244259,2021,2021-05-13,"County Ground, Chelmsford",1,10.2,10.2,Essex,Derbyshire,AN Cook,NLJ Browne,DR Melton,1,0,,,,,,,,,,,,,
1244259,2021,2021-05-13,"County Ground, Chelmsford",1,10.3,10.3,Essex,Derbyshire,NLJ Browne,AN Cook,DR Melton,0,0,,,,,,,,,,,,,
1244259,2021,2021-05-13,"County Ground, Chelmsford",1,10.4,10.4,Essex,Derbyshire,NLJ Browne,AN Cook,DR Melton,0,0,,,,,,,,,,,,,
1244259,2021,2021-05-13,"County Ground, Chelmsford",1,10.5,10.5,Essex,Derbyshire,NLJ Browne,AN Cook,DR Melton,0,0,,,,,,,,,,,,,
1244259,2021,2021-05-13,"County Ground, Chelmsford",1,10.6,10.6,Essex,Derbyshire,NLJ Browne,AN Cook,DR Melton,2,0,,,,,,,,,,,,,
1244259,2021,2021-05-13,"County Ground, Chelmsford",1,11.1,11.1,Essex,Derbyshire,AN Cook,NLJ Browne,FJ Hudson-Prentice,0,0,,,,,,,,,,,,,
1244259,2021,2021-05-13,"County Ground, Chelmsford",1,11.2,11.2,Essex,Derbyshire,AN Cook,NLJ Browne,FJ Hudson-Prentice,0,0,,,,,,,,,,,,,
1244259,2021,2021-05-13,"County Ground, Chelmsford",1,11.3,11.3,Essex,Derbyshire,AN Cook,NLJ Browne,FJ Hudson-Prentice,4,0,,,,,,,,,,,,,
1244259,2021,2021-05-13,"County Ground, Chelmsford",1,11.4,11.4,Essex,Derbyshire,AN Cook,NLJ Browne,FJ Hudson-Prentice,0,0,,,,,,,,,,,,,
1244259,2021,2021-05-13,"County Ground, Chelmsford",1,11.5,11.5,Essex,Derbyshire,AN Cook,NLJ Browne,FJ Hudson-Prentice,0,0,,,,,,,,,,,,,
1244259,2021,2021-05-13,"County Ground, Chelmsford",1,11.6,11.6,Essex,Derbyshire,AN Cook,NLJ Browne,FJ Hudson-Prentice,0,0,,,,,,,,,,,,,
1244259,2021,2021-05-13,"County Ground, Chelmsford",1,12.1,12.1,Essex,Derbyshire,NLJ Browne,AN Cook,DR Melton,0,0,,,,,,,,,,,,,
1244259,2021,2021-05-13,"County Ground, Chelmsford",1,12.2,12.2,Essex,Derbyshire,NLJ Browne,AN Cook,DR Melton,0,0,,,,,,,,,,,,,
1244259,2021,2021-05-13,"County Ground, Chelmsford",1,12.3,12.3,Essex,Derbyshire,NLJ Browne,AN Cook,DR Melton,0,0,,,,,,,,,,,,,
1244259,2021,2021-05-13,"County Ground, Chelmsford",1,12.4,12.4,Essex,Derbyshire,NLJ Browne,AN Cook,DR Melton,0,0,,,,,,,,,,,,,
1244259,2021,2021-05-13,"County Ground, Chelmsford",1,12.5,12.5,Essex,Derbyshire,NLJ Browne,AN Cook,DR Melton,0,0,,,,,,,,,,,,,
1244259,2021,2021-05-13,"County Ground, Chelmsford",1,12.6,12.6,Essex,Derbyshire,NLJ Browne,AN Cook,DR Melton,0,0,,,,,,,,,,,,,
1244259,2021,2021-05-13,"County Ground, Chelmsford",1,13.1,13.1,Essex,Derbyshire,AN Cook,NLJ Browne,FJ Hudson-Prentice,0,0,,,,,,,,,,,,,
1244259,2021,2021-05-13,"County Ground, Chelmsford",1,13.2,13.2,Essex,Derbyshire,AN Cook,NLJ Browne,FJ Hudson-Prentice,0,0,,,,,,,,,,,,,
1244259,2021,2021-05-13,"County Ground, Chelmsford",1,13.3,13.3,Essex,Derbyshire,AN Cook,NLJ Browne,FJ Hudson-Prentice,0,0,,,,,,,,,,,,,
1244259,2021,2021-05-13,"County Ground, Chelmsford",1,13.4,13.4,Essex,Derbyshire,AN Cook,NLJ Browne,FJ Hudson-Prentice,0,0,,,,,,,,,,,,,
1244259,2021,2021-05-13,"County Ground, Chelmsford",1,13.5,13.5,Essex,Derbyshire,AN Cook,NLJ Browne,FJ Hudson-Prentice,0,0,,,,,,,,,,,,,
1244259,2021,2021-05-13,"County Ground, Chelmsford",1,13.6,13.6,Essex,Derbyshire,AN Cook,NLJ Browne,FJ Hudson-Prentice,4,0,,,,,,,,,,,,,
1244259,2021,2021-05-13,"County Ground, Chelmsford",1,14.1,14.1,Essex,Derbyshire,NLJ Browne,AN Cook,DR Melton,0,0,,,,,,,,,,,,,
1244259,2021,2021-05-13,"County Ground, Chelmsford",1,14.2,14.2,Essex,Derbyshire,NLJ Browne,AN Cook,DR Melton,2,0,,,,,,,,,,,,,
1244259,2021,2021-05-13,"County Ground, Chelmsford",1,14.3,14.3,Essex,Derbyshire,NLJ Browne,AN Cook,DR Melton,0,0,,,,,,,,,,,,,
1244259,2021,2021-05-13,"County Ground, Chelmsford",1,14.4,14.4,Essex,Derbyshire,NLJ Browne,AN Cook,DR Melton,0,0,,,,,,,,,,,,,
1244259,2021,2021-05-13,"County Ground, Chelmsford",1,14.5,14.5,Essex,Derbyshire,NLJ Browne,AN Cook,DR Melton,3,0,,,,,,,,,,,,,
1244259,2021,2021-05-13,"County Ground, Chelmsford",1,14.6,14.6,Essex,Derbyshire,AN Cook,NLJ Browne,DR Melton,0,0,,,,,,,,,,,,,
1244259,2021,2021-05-13,"County Ground, Chelmsford",1,15.1,15.1,Essex,Derbyshire,NLJ Browne,AN Cook,FJ Hudson-Prentice,0,0,,,,,,,,,,,,,
1244259,2021,2021-05-13,"County Ground, Chelmsford",1,15.2,15.2,Essex,Derbyshire,NLJ Browne,AN Cook,FJ Hudson-Prentice,0,0,,,,,,,,,,,,,
1244259,2021,2021-05-13,"County Ground, Chelmsford",1,15.3,15.3,Essex,Derbyshire,NLJ Browne,AN Cook,FJ Hudson-Prentice,4,0,,,,,,,,,,,,,
1244259,2021,2021-05-13,"County Ground, Chelmsford",1,15.4,15.4,Essex,Derbyshire,NLJ Browne,AN Cook,FJ Hudson-Prentice,4,0,,,,,,,,,,,,,
1244259,2021,2021-05-13,"County Ground, Chelmsford",1,15.5,15.5,Essex,Derbyshire,NLJ Browne,AN Cook,FJ Hudson-Prentice,0,0,,,,,,,,,,,,,
1244259,2021,2021-05-13,"County Ground, Chelmsford",1,15.6,15.6,Essex,Derbyshire,NLJ Browne,AN Cook,FJ Hudson-Prentice,2,0,,,,,,,,,,,,,
1244259,2021,2021-05-13,"County Ground, Chelmsford",1,16.1,16.1,Essex,Derbyshire,AN Cook,NLJ Browne,DR Melton,1,0,,,,,,,,,,,,,
1244259,2021,2021-05-13,"County Ground, Chelmsford",1,16.2,16.2,Essex,Derbyshire,NLJ Browne,AN Cook,DR Melton,0,0,,,,,,,,,,,,,
1244259,2021,2021-05-13,"County Ground, Chelmsford",1,16.3,16.3,Essex,Derbyshire,NLJ Browne,AN Cook,DR Melton,0,0,,,,,,,,,,,,,
1244259,2021,2021-05-13,"County Ground, Chelmsford",1,16.4,16.4,Essex,Derbyshire,NLJ Browne,AN Cook,DR Melton,0,0,,,,,,,,,,,,,
1244259,2021,2021-05-13,"County Ground, Chelmsford",1,16.5,16.5,Essex,Derbyshire,NLJ Browne,AN Cook,DR Melton,0,0,,,,,,,,,,,,,
1244259,2021,2021-05-13,"County Ground, Chelmsford",1,16.6,16.6,Essex,Derbyshire,NLJ Browne,AN Cook,DR Melton,3,0,,,,,,,,,,,,,
1244259,2021,2021-05-13,"County Ground, Chelmsford",1,17.1,17.1,Essex,Derbyshire,NLJ Browne,AN Cook,MJJ Critchley,1,0,,,,,,,,,,,,,
1244259,2021,2021-05-13,"County Ground, Chelmsford",1,17.2,17.2,Essex,Derbyshire,AN Cook,NLJ Browne,MJJ Critchley,1,0,,,,,,,,,,,,,
1244259,2021,2021-05-13,"County Ground, Chelmsford",1,17.3,17.3,Essex,Derbyshire,NLJ Browne,AN Cook,MJJ Critchley,1,0,,,,,,,,,,,,,
1244259,2021,2021-05-13,"County Ground, Chelmsford",1,17.4,17.4,Essex,Derbyshire,AN Cook,NLJ Browne,MJJ Critchley,0,0,,,,,,,,,,,,,
1244259,2021,2021-05-13,"County Ground, Chelmsford",1,17.5,17.5,Essex,Derbyshire,AN Cook,NLJ Browne,MJJ Critchley,0,0,,,,,,,,,,,,,
1244259,2021,2021-05-13,"County Ground, Chelmsford",1,17.6,17.6,Essex,Derbyshire,AN Cook,NLJ Browne,MJJ Critchley,1,0,,,,,,,,,,,,,
1244259,2021,2021-05-13,"County Ground, Chelmsford",1,18.1,18.1,Essex,Derbyshire,AN Cook,NLJ Browne,DR Melton,0,0,,,,,,,,,,,,,
1244259,2021,2021-05-13,"County Ground, Chelmsford",1,18.2,18.2,Essex,Derbyshire,AN Cook,NLJ Browne,DR Melton,0,0,,,,,,,,,,,,,
1244259,2021,2021-05-13,"County Ground, Chelmsford",1,18.3,18.3,Essex,Derbyshire,AN Cook,NLJ Browne,DR Melton,3,0,,,,,,,,,,,,,
1244259,2021,2021-05-13,"County Ground, Chelmsford",1,18.4,18.4,Essex,Derbyshire,NLJ Browne,AN Cook,DR Melton,0,0,,,,,,,,,,,,,
1244259,2021,2021-05-13,"County Ground, Chelmsford",1,18.5,18.5,Essex,Derbyshire,NLJ Browne,AN Cook,DR Melton,0,0,,,,,,,,,,,,,
1244259,2021,2021-05-13,"County Ground, Chelmsford",1,18.6,18.6,Essex,Derbyshire,NLJ Browne,AN Cook,DR Melton,4,0,,,,,,,,,,,,,
1244259,2021,2021-05-13,"County Ground, Chelmsford",1,19.1,19.1,Essex,Derbyshire,AN Cook,NLJ Browne,MJJ Critchley,0,0,,,,,,,,,,,,,
1244259,2021,2021-05-13,"County Ground, Chelmsford",1,19.2,19.2,Essex,Derbyshire,AN Cook,NLJ Browne,MJJ Critchley,0,0,,,,,,,,,,,,,
1244259,2021,2021-05-13,"County Ground, Chelmsford",1,19.3,19.3,Essex,Derbyshire,AN Cook,NLJ Browne,MJJ Critchley,0,0,,,,,,,,,,,,,
1244259,2021,2021-05-13,"County Ground, Chelmsford",1,19.4,19.4,Essex,Derbyshire,AN Cook,NLJ Browne,MJJ Critchley,0,1,1,,,,,,,,,,,,
1244259,2021,2021-05-13,"County Ground, Chelmsford",1,19.5,19.4,Essex,Derbyshire,AN Cook,NLJ Browne,MJJ Critchley,4,0,,,,,,,,,,,,,
1244259,2021,2021-05-13,"County Ground, Chelmsford",1,19.6,19.5,Essex,Derbyshire,AN Cook,NLJ Browne,MJJ Critchley,0,0,,,,,,,,,,,,,
1244259,2021,2021-05-13,"County Ground, Chelmsford",1,19.7,19.6,Essex,Derbyshire,AN Cook,NLJ Browne,MJJ Critchley,1,0,,,,,,,,,,,,,
1244259,2021,2021-05-13,"County Ground, Chelmsford",1,20.1,20.1,Essex,Derbyshire,AN Cook,NLJ Browne,LM Reece,0,0,,,,,,,,,,,,,
1244259,2021,2021-05-13,"County Ground, Chelmsford",1,20.2,20.2,Essex,Derbyshire,AN Cook,NLJ Browne,LM Reece,1,0,,,,,,,,,,,,,
1244259,2021,2021-05-13,"County Ground, Chelmsford",1,20.3,20.3,Essex,Derbyshire,NLJ Browne,AN Cook,LM Reece,0,0,,,,,,,,,,,,,
1244259,2021,2021-05-13,"County Ground, Chelmsford",1,20.4,20.4,Essex,Derbyshire,NLJ Browne,AN Cook,LM Reece,0,0,,,,,,,,,,,,,
1244259,2021,2021-05-13,"County Ground, Chelmsford",1,20.5,20.5,Essex,Derbyshire,NLJ Browne,AN Cook,LM Reece,0,0,,,,,,,,,,,,,
1244259,2021,2021-05-13,"County Ground, Chelmsford",1,20.6,20.6,Essex,Derbyshire,NLJ Browne,AN Cook,LM Reece,0,0,,,,,,,,,,,,,
1244259,2021,2021-05-13,"County Ground, Chelmsford",1,21.1,21.1,Essex,Derbyshire,AN Cook,NLJ Browne,AL Hughes,0,0,,,,,,,,,,,,,
1244259,2021,2021-05-13,"County Ground, Chelmsford",1,21.2,21.2,Essex,Derbyshire,AN Cook,NLJ Browne,AL Hughes,0,0,,,,,,,,,,,,,
1244259,2021,2021-05-13,"County Ground, Chelmsford",1,21.3,21.3,Essex,Derbyshire,AN Cook,NLJ Browne,AL Hughes,0,0,,,,,,,,,,,,,
1244259,2021,2021-05-13,"County Ground, Chelmsford",1,21.4,21.4,Essex,Derbyshire,AN Cook,NLJ Browne,AL Hughes,4,0,,,,,,,,,,,,,
1244259,2021,2021-05-13,"County Ground, Chelmsford",1,21.5,21.5,Essex,Derbyshire,AN Cook,NLJ Browne,AL Hughes,1,0,,,,,,,,,,,,,
1244259,2021,2021-05-13,"County Ground, Chelmsford",1,21.6,21.6,Essex,Derbyshire,NLJ Browne,AN Cook,AL Hughes,0,0,,,,,,,,,,,,,
1244259,2021,2021-05-13,"County Ground, Chelmsford",1,22.1,22.1,Essex,Derbyshire,AN Cook,NLJ Browne,LM Reece,0,0,,,,,,,,,,,,,
1244259,2021,2021-05-13,"County Ground, Chelmsford",1,22.2,22.2,Essex,Derbyshire,AN Cook,NLJ Browne,LM Reece,2,0,,,,,,,,,,,,,
1244259,2021,2021-05-13,"County Ground, Chelmsford",1,22.3,22.3,Essex,Derbyshire,AN Cook,NLJ Browne,LM Reece,0,0,,,,,,,,,,,,,
1244259,2021,2021-05-13,"County Ground, Chelmsford",1,22.4,22.4,Essex,Derbyshire,AN Cook,NLJ Browne,LM Reece,0,0,,,,,,,,,,,,,
1244259,2021,2021-05-13,"County Ground, Chelmsford",1,22.5,22.5,Essex,Derbyshire,AN Cook,NLJ Browne,LM Reece,0,0,,,,,,,,,,,,,
1244259,2021,2021-05-13,"County Ground, Chelmsford",1,22.6,22.6,Essex,Derbyshire,AN Cook,NLJ Browne,LM Reece,0,0,,,,,,,,,,,,,
1244259,2021,2021-05-13,"County Ground, Chelmsford",1,23.1,23.1,Essex,Derbyshire,NLJ Browne,AN Cook,AL Hughes,0,0,,,,,,,,,,,,,
1244259,2021,2021-05-13,"County Ground, Chelmsford",1,23.2,23.2,Essex,Derbyshire,NLJ Browne,AN Cook,AL Hughes,0,0,,,,,,,,,,,,,
1244259,2021,2021-05-13,"County Ground, Chelmsford",1,23.3,23.3,Essex,Derbyshire,NLJ Browne,AN Cook,AL Hughes,0,0,,,,,,,,,,,,,
1244259,2021,2021-05-13,"County Ground, Chelmsford",1,23.4,23.4,Essex,Derbyshire,NLJ Browne,AN Cook,AL Hughes,4,0,,,,,,,,,,,,,
1244259,2021,2021-05-13,"County Ground, Chelmsford",1,23.5,23.5,Essex,Derbyshire,NLJ Browne,AN Cook,AL Hughes,0,0,,,,,,,,,,,,,
1244259,2021,2021-05-13,"County Ground, Chelmsford",1,23.6,23.6,Essex,Derbyshire,NLJ Browne,AN Cook,AL Hughes,1,0,,,,,,,,,,,,,
1244259,2021,2021-05-13,"County Ground, Chelmsford",1,24.1,24.1,Essex,Derbyshire,NLJ Browne,AN Cook,LM Reece,0,0,,,,,,,,,,,,,
1244259,2021,2021-05-13,"County Ground, Chelmsford",1,24.2,24.2,Essex,Derbyshire,NLJ Browne,AN Cook,LM Reece,0,0,,,,,,,,,,,,,
1244259,2021,2021-05-13,"County Ground, Chelmsford",1,24.3,24.3,Essex,Derbyshire,NLJ Browne,AN Cook,LM Reece,0,0,,,,,,,,,,,,,
1244259,2021,2021-05-13,"County Ground, Chelmsford",1,24.4,24.4,Essex,Derbyshire,NLJ Browne,AN Cook,LM Reece,2,0,,,,,,,,,,,,,
1244259,2021,2021-05-13,"County Ground, Chelmsford",1,24.5,24.5,Essex,Derbyshire,NLJ Browne,AN Cook,LM Reece,0,0,,,,,,,,,,,,,
1244259,2021,2021-05-13,"County Ground, Chelmsford",1,24.6,24.6,Essex,Derbyshire,NLJ Browne,AN Cook,LM Reece,0,0,,,,,,,,,,,,,
1244259,2021,2021-05-13,"County Ground, Chelmsford",1,25.1,25.1,Essex,Derbyshire,AN Cook,NLJ Browne,B Stanlake,0,0,,,,,,,,,,,,,
1244259,2021,2021-05-13,"County Ground, Chelmsford",1,25.2,25.2,Essex,Derbyshire,AN Cook,NLJ Browne,B Stanlake,0,1,1,,,,,,,,,,,,
1244259,2021,2021-05-13,"County Ground, Chelmsford",1,25.3,25.2,Essex,Derbyshire,AN Cook,NLJ Browne,B Stanlake,4,0,,,,,,,,,,,,,
1244259,2021,2021-05-13,"County Ground, Chelmsford",1,25.4,25.3,Essex,Derbyshire,AN Cook,NLJ Browne,B Stanlake,1,0,,,,,,,,,,,,,
1244259,2021,2021-05-13,"County Ground, Chelmsford",1,25.5,25.4,Essex,Derbyshire,NLJ Browne,AN Cook,B Stanlake,0,0,,,,,,,,,,,,,
1244259,2021,2021-05-13,"County Ground, Chelmsford",1,25.6,25.5,Essex,Derbyshire,NLJ Browne,AN Cook,B Stanlake,0,0,,,,,,,,,,,,,
1244259,2021,2021-05-13,"County Ground, Chelmsford",1,25.7,25.6,Essex,Derbyshire,NLJ Browne,AN Cook,B Stanlake,4,0,,,,,,,,,,,,,
1244259,2021,2021-05-13,"County Ground, Chelmsford",1,26.1,26.1,Essex,Derbyshire,AN Cook,NLJ Browne,LM Reece,0,0,,,,,,,,,,,,,
1244259,2021,2021-05-13,"County Ground, Chelmsford",1,26.2,26.2,Essex,Derbyshire,AN Cook,NLJ Browne,LM Reece,4,0,,,,,,,,,,,,,
1244259,2021,2021-05-13,"County Ground, Chelmsford",1,26.3,26.3,Essex,Derbyshire,AN Cook,NLJ Browne,LM Reece,0,0,,,,,,,,,,,,,
1244259,2021,2021-05-13,"County Ground, Chelmsford",1,26.4,26.4,Essex,Derbyshire,AN Cook,NLJ Browne,LM Reece,1,0,,,,,,,,,,,,,
1244259,2021,2021-05-13,"County Ground, Chelmsford",1,26.5,26.5,Essex,Derbyshire,NLJ Browne,AN Cook,LM Reece,0,0,,,,,,,,,,,,,
1244259,2021,2021-05-13,"County Ground, Chelmsford",1,26.6,26.6,Essex,Derbyshire,NLJ Browne,AN Cook,LM Reece,1,0,,,,,,,,,,,,,
1244259,2021,2021-05-13,"County Ground, Chelmsford",1,27.1,27.1,Essex,Derbyshire,NLJ Browne,AN Cook,B Stanlake,1,0,,,,,,,,,,,,,
1244259,2021,2021-05-13,"County Ground, Chelmsford",1,27.2,27.2,Essex,Derbyshire,AN Cook,NLJ Browne,B Stanlake,0,0,,,,,,,,,,,,,
1244259,2021,2021-05-13,"County Ground, Chelmsford",1,27.3,27.3,Essex,Derbyshire,AN Cook,NLJ Browne,B Stanlake,0,0,,,,,,,,,,,,,
1244259,2021,2021-05-13,"County Ground, Chelmsford",1,27.4,27.4,Essex,Derbyshire,AN Cook,NLJ Browne,B Stanlake,0,0,,,,,,,,,,,,,
1244259,2021,2021-05-13,"County Ground, Chelmsford",1,27.5,27.5,Essex,Derbyshire,AN Cook,NLJ Browne,B Stanlake,0,0,,,,,,,,,,,,,
1244259,2021,2021-05-13,"County Ground, Chelmsford",1,27.6,27.6,Essex,Derbyshire,AN Cook,NLJ Browne,B Stanlake,0,0,,,,,,,,,,,,,
1244259,2021,2021-05-13,"County Ground, Chelmsford",1,28.1,28.1,Essex,Derbyshire,NLJ Browne,AN Cook,MJJ Critchley,1,0,,,,,,,,,,,,,
1244259,2021,2021-05-13,"County Ground, Chelmsford",1,28.2,28.2,Essex,Derbyshire,AN Cook,NLJ Browne,MJJ Critchley,0,0,,,,,,,,,,,,,
1244259,2021,2021-05-13,"County Ground, Chelmsford",1,28.3,28.3,Essex,Derbyshire,AN Cook,NLJ Browne,MJJ Critchley,0,0,,,,,,,,,,,,,
1244259,2021,2021-05-13,"County Ground, Chelmsford",1,28.4,28.4,Essex,Derbyshire,AN Cook,NLJ Browne,MJJ Critchley,1,0,,,,,,,,,,,,,
1244259,2021,2021-05-13,"County Ground, Chelmsford",1,28.5,28.5,Essex,Derbyshire,NLJ Browne,AN Cook,MJJ Critchley,0,0,,,,,,,,,,,,,
1244259,2021,2021-05-13,"County Ground, Chelmsford",1,28.6,28.6,Essex,Derbyshire,NLJ Browne,AN Cook,MJJ Critchley,1,0,,,,,,,,,,,,,
1244259,2021,2021-05-13,"County Ground, Chelmsford",1,29.1,29.1,Essex,Derbyshire,NLJ Browne,AN Cook,B Stanlake,2,0,,,,,,,,,,,,,
1244259,2021,2021-05-13,"County Ground, Chelmsford",1,29.2,29.2,Essex,Derbyshire,NLJ Browne,AN Cook,B Stanlake,0,0,,,,,,,,,,,,,
1244259,2021,2021-05-13,"County Ground, Chelmsford",1,29.3,29.3,Essex,Derbyshire,NLJ Browne,AN Cook,B Stanlake,0,0,,,,,,,,,,,,,
1244259,2021,2021-05-13,"County Ground, Chelmsford",1,29.4,29.4,Essex,Derbyshire,NLJ Browne,AN Cook,B Stanlake,0,0,,,,,,,,,,,,,
1244259,2021,2021-05-13,"County Ground, Chelmsford",1,29.5,29.5,Essex,Derbyshire,NLJ Browne,AN Cook,B Stanlake,0,0,,,,,,,,,,,,,
1244259,2021,2021-05-13,"County Ground, Chelmsford",1,29.6,29.6,Essex,Derbyshire,NLJ Browne,AN Cook,B Stanlake,0,0,,,,,,,,,,,,,
1244259,2021,2021-05-13,"County Ground, Chelmsford",1,30.1,30.1,Essex,Derbyshire,AN Cook,NLJ Browne,MJJ Critchley,0,0,,,,,,,,,,,,,
1244259,2021,2021-05-13,"County Ground, Chelmsford",1,30.2,30.2,Essex,Derbyshire,AN Cook,NLJ Browne,MJJ Critchley,0,0,,,,,,,,,,,,,
1244259,2021,2021-05-13,"County Ground, Chelmsford",1,30.3,30.3,Essex,Derbyshire,AN Cook,NLJ Browne,MJJ Critchley,1,0,,,,,,,,,,,,,
1244259,2021,2021-05-13,"County Ground, Chelmsford",1,30.4,30.4,Essex,Derbyshire,NLJ Browne,AN Cook,MJJ Critchley,0,0,,,,,,,,,,,,,
1244259,2021,2021-05-13,"County Ground, Chelmsford",1,30.5,30.5,Essex,Derbyshire,NLJ Browne,AN Cook,MJJ Critchley,0,0,,,,,,,,,,,,,
1244259,2021,2021-05-13,"County Ground, Chelmsford",1,30.6,30.6,Essex,Derbyshire,NLJ Browne,AN Cook,MJJ Critchley,0,0,,,,,,,,,,,,,
1244259,2021,2021-05-13,"County Ground, Chelmsford",1,31.1,31.1,Essex,Derbyshire,AN Cook,NLJ Browne,B Stanlake,0,0,,,,,,,,,,,,,
1244259,2021,2021-05-13,"County Ground, Chelmsford",1,31.2,31.2,Essex,Derbyshire,AN Cook,NLJ Browne,B Stanlake,0,0,,,,,,,,,,,,,
1244259,2021,2021-05-13,"County Ground, Chelmsford",1,31.3,31.3,Essex,Derbyshire,AN Cook,NLJ Browne,B Stanlake,0,0,,,,,,,,,,,,,
1244259,2021,2021-05-13,"County Ground, Chelmsford",1,31.4,31.4,Essex,Derbyshire,AN Cook,NLJ Browne,B Stanlake,0,0,,,,,,,,,,,,,
1244259,2021,2021-05-13,"County Ground, Chelmsford",1,31.5,31.5,Essex,Derbyshire,AN Cook,NLJ Browne,B Stanlake,0,0,,,,,,,,,,,,,
1244259,2021,2021-05-13,"County Ground, Chelmsford",1,31.6,31.6,Essex,Derbyshire,AN Cook,NLJ Browne,B Stanlake,0,0,,,,,,,,,,,,,
1244259,2021,2021-05-13,"County Ground, Chelmsford",1,32.1,32.1,Essex,Derbyshire,NLJ Browne,AN Cook,DR Melton,0,0,,,,,,,,,,,,,
1244259,2021,2021-05-13,"County Ground, Chelmsford",1,32.2,32.2,Essex,Derbyshire,NLJ Browne,AN Cook,DR Melton,1,0,,,,,,,,,,,,,
1244259,2021,2021-05-13,"County Ground, Chelmsford",1,32.3,32.3,Essex,Derbyshire,AN Cook,NLJ Browne,DR Melton,0,0,,,,,,,,,,,,,
1244259,2021,2021-05-13,"County Ground, Chelmsford",1,32.4,32.4,Essex,Derbyshire,AN Cook,NLJ Browne,DR Melton,0,0,,,,,,,,,,,,,
1244259,2021,2021-05-13,"County Ground, Chelmsford",1,32.5,32.5,Essex,Derbyshire,AN Cook,NLJ Browne,DR Melton,1,0,,,,,,,,,,,,,
1244259,2021,2021-05-13,"County Ground, Chelmsford",1,32.6,32.6,Essex,Derbyshire,NLJ Browne,AN Cook,DR Melton,1,0,,,,,,,,,,,,,
1244259,2021,2021-05-13,"County Ground, Chelmsford",1,33.1,33.1,Essex,Derbyshire,NLJ Browne,AN Cook,B Stanlake,2,0,,,,,,,,,,,,,
1244259,2021,2021-05-13,"County Ground, Chelmsford",1,33.2,33.2,Essex,Derbyshire,NLJ Browne,AN Cook,B Stanlake,0,0,,,,,,,,,,,,,
1244259,2021,2021-05-13,"County Ground, Chelmsford",1,33.3,33.3,Essex,Derbyshire,NLJ Browne,AN Cook,B Stanlake,0,0,,,,,,,,,,,,,
1244259,2021,2021-05-13,"County Ground, Chelmsford",1,33.4,33.4,Essex,Derbyshire,NLJ Browne,AN Cook,B Stanlake,0,0,,,,,,,caught,NLJ Browne,,,WL Madsen,,
1244259,2021,2021-05-13,"County Ground, Chelmsford",1,33.5,33.5,Essex,Derbyshire,T Westley,AN Cook,B Stanlake,1,0,,,,,,,,,,,,,
1244259,2021,2021-05-13,"County Ground, Chelmsford",1,33.6,33.6,Essex,Derbyshire,AN Cook,T Westley,B Stanlake,0,0,,,,,,,,,,,,,
1244259,2021,2021-05-13,"County Ground, Chelmsford",1,34.1,34.1,Essex,Derbyshire,T Westley,AN Cook,DR Melton,0,0,,,,,,,,,,,,,
1244259,2021,2021-05-13,"County Ground, Chelmsford",1,34.2,34.2,Essex,Derbyshire,T Westley,AN Cook,DR Melton,0,0,,,,,,,,,,,,,
1244259,2021,2021-05-13,"County Ground, Chelmsford",1,34.3,34.3,Essex,Derbyshire,T Westley,AN Cook,DR Melton,0,0,,,,,,,,,,,,,
1244259,2021,2021-05-13,"County Ground, Chelmsford",1,34.4,34.4,Essex,Derbyshire,T Westley,AN Cook,DR Melton,0,0,,,,,,,,,,,,,
1244259,2021,2021-05-13,"County Ground, Chelmsford",1,34.5,34.5,Essex,Derbyshire,T Westley,AN Cook,DR Melton,0,0,,,,,,,,,,,,,
1244259,2021,2021-05-13,"County Ground, Chelmsford",1,34.6,34.6,Essex,Derbyshire,T Westley,AN Cook,DR Melton,0,0,,,,,,,,,,,,,
1244259,2021,2021-05-13,"County Ground, Chelmsford",1,35.1,35.1,Essex,Derbyshire,AN Cook,T Westley,B Stanlake,0,0,,,,,,,,,,,,,
1244259,2021,2021-05-13,"County Ground, Chelmsford",1,35.2,35.2,Essex,Derbyshire,AN Cook,T Westley,B Stanlake,0,0,,,,,,,caught,AN Cook,,,BA Godleman,,
1244259,2021,2021-05-13,"County Ground, Chelmsford",1,35.3,35.3,Essex,Derbyshire,DW Lawrence,T Westley,B Stanlake,0,0,,,,,,,,,,,,,
1244259,2021,2021-05-13,"County Ground, Chelmsford",1,35.4,35.4,Essex,Derbyshire,DW Lawrence,T Westley,B Stanlake,1,0,,,,,,,,,,,,,
1244259,2021,2021-05-13,"County Ground, Chelmsford",1,35.5,35.5,Essex,Derbyshire,T Westley,DW Lawrence,B Stanlake,0,0,,,,,,,,,,,,,
1244259,2021,2021-05-13,"County Ground, Chelmsford",1,35.6,35.6,Essex,Derbyshire,T Westley,DW Lawrence,B Stanlake,3,0,,,,,,,,,,,,,
1244259,2021,2021-05-13,"County Ground, Chelmsford",1,36.1,36.1,Essex,Derbyshire,T Westley,DW Lawrence,DR Melton,0,0,,,,,,,,,,,,,
1244259,2021,2021-05-13,"County Ground, Chelmsford",1,36.2,36.2,Essex,Derbyshire,T Westley,DW Lawrence,DR Melton,0,0,,,,,,,,,,,,,
1244259,2021,2021-05-13,"County Ground, Chelmsford",1,36.3,36.3,Essex,Derbyshire,T Westley,DW Lawrence,DR Melton,0,0,,,,,,,,,,,,,
1244259,2021,2021-05-13,"County Ground, Chelmsford",1,36.4,36.4,Essex,Derbyshire,T Westley,DW Lawrence,DR Melton,0,0,,,,,,,,,,,,,
1244259,2021,2021-05-13,"County Ground, Chelmsford",1,36.5,36.5,Essex,Derbyshire,T Westley,DW Lawrence,DR Melton,0,2,,2,,,,,,,,,,,
1244259,2021,2021-05-13,"County Ground, Chelmsford",1,36.6,36.5,Essex,Derbyshire,T Westley,DW Lawrence,DR Melton,0,0,,,,,,,,,,,,,
1244259,2021,2021-05-13,"County Ground, Chelmsford",1,36.7,36.6,Essex,Derbyshire,T Westley,DW Lawrence,DR Melton,0,0,,,,,,,,,,,,,
1244259,2021,2021-05-13,"County Ground, Chelmsford",1,37.1,37.1,Essex,Derbyshire,DW Lawrence,T Westley,B Stanlake,0,0,,,,,,,,,,,,,
1244259,2021,2021-05-13,"County Ground, Chelmsford",1,37.2,37.2,Essex,Derbyshire,DW Lawrence,T Westley,B Stanlake,0,0,,,,,,,,,,,,,
1244259,2021,2021-05-13,"County Ground, Chelmsford",1,37.3,37.3,Essex,Derbyshire,DW Lawrence,T Westley,B Stanlake,0,0,,,,,,,,,,,,,
1244259,2021,2021-05-13,"County Ground, Chelmsford",1,37.4,37.4,Essex,Derbyshire,DW Lawrence,T Westley,B Stanlake,0,0,,,,,,,,,,,,,
1244259,2021,2021-05-13,"County Ground, Chelmsford",1,37.5,37.5,Essex,Derbyshire,DW Lawrence,T Westley,B Stanlake,4,0,,,,,,,,,,,,,
1244259,2021,2021-05-13,"County Ground, Chelmsford",1,37.6,37.6,Essex,Derbyshire,DW Lawrence,T Westley,B Stanlake,0,0,,,,,,,,,,,,,
1244259,2021,2021-05-13,"County Ground, Chelmsford",1,38.1,38.1,Essex,Derbyshire,T Westley,DW Lawrence,DR Melton,0,0,,,,,,,,,,,,,
1244259,2021,2021-05-13,"County Ground, Chelmsford",1,38.2,38.2,Essex,Derbyshire,T Westley,DW Lawrence,DR Melton,0,0,,,,,,,,,,,,,
1244259,2021,2021-05-13,"County Ground, Chelmsford",1,38.3,38.3,Essex,Derbyshire,T Westley,DW Lawrence,DR Melton,1,0,,,,,,,,,,,,,
1244259,2021,2021-05-13,"County Ground, Chelmsford",1,38.4,38.4,Essex,Derbyshire,DW Lawrence,T Westley,DR Melton,0,0,,,,,,,,,,,,,
1244259,2021,2021-05-13,"County Ground, Chelmsford",1,38.5,38.5,Essex,Derbyshire,DW Lawrence,T Westley,DR Melton,0,0,,,,,,,,,,,,,
1244259,2021,2021-05-13,"County Ground, Chelmsford",1,38.6,38.6,Essex,Derbyshire,DW Lawrence,T Westley,DR Melton,0,0,,,,,,,,,,,,,
1244259,2021,2021-05-13,"County Ground, Chelmsford",1,39.1,39.1,Essex,Derbyshire,T Westley,DW Lawrence,B Stanlake,3,0,,,,,,,,,,,,,
1244259,2021,2021-05-13,"County Ground, Chelmsford",1,39.2,39.2,Essex,Derbyshire,DW Lawrence,T Westley,B Stanlake,1,0,,,,,,,,,,,,,
1244259,2021,2021-05-13,"County Ground, Chelmsford",1,39.3,39.3,Essex,Derbyshire,T Westley,DW Lawrence,B Stanlake,0,2,,2,,,,,,,,,,,
1244259,2021,2021-05-13,"County Ground, Chelmsford",1,39.4,39.3,Essex,Derbyshire,T Westley,DW Lawrence,B Stanlake,0,0,,,,,,,,,,,,,
1244259,2021,2021-05-13,"County Ground, Chelmsford",1,39.5,39.4,Essex,Derbyshire,T Westley,DW Lawrence,B Stanlake,0,0,,,,,,,,,,,,,
1244259,2021,2021-05-13,"County Ground, Chelmsford",1,39.6,39.5,Essex,Derbyshire,T Westley,DW Lawrence,B Stanlake,0,0,,,,,,,,,,,,,
1244259,2021,2021-05-13,"County Ground, Chelmsford",1,39.7,39.6,Essex,Derbyshire,T Westley,DW Lawrence,B Stanlake,0,0,,,,,,,,,,,,,
1244259,2021,2021-05-13,"County Ground, Chelmsford",1,40.1,40.1,Essex,Derbyshire,DW Lawrence,T Westley,DR Melton,4,0,,,,,,,,,,,,,
1244259,2021,2021-05-13,"County Ground, Chelmsford",1,40.2,40.2,Essex,Derbyshire,DW Lawrence,T Westley,DR Melton,0,0,,,,,,,,,,,,,
1244259,2021,2021-05-13,"County Ground, Chelmsford",1,40.3,40.3,Essex,Derbyshire,DW Lawrence,T Westley,DR Melton,0,0,,,,,,,,,,,,,
1244259,2021,2021-05-13,"County Ground, Chelmsford",1,40.4,40.4,Essex,Derbyshire,DW Lawrence,T Westley,DR Melton,0,0,,,,,,,,,,,,,
1244259,2021,2021-05-13,"County Ground, Chelmsford",1,40.5,40.5,Essex,Derbyshire,DW Lawrence,T Westley,DR Melton,0,0,,,,,,,,,,,,,
1244259,2021,2021-05-13,"County Ground, Chelmsford",1,40.6,40.6,Essex,Derbyshire,DW Lawrence,T Westley,DR Melton,0,0,,,,,,,,,,,,,
1244259,2021,2021-05-13,"County Ground, Chelmsford",1,41.1,41.1,Essex,Derbyshire,T Westley,DW Lawrence,LM Reece,0,0,,,,,,,,,,,,,
1244259,2021,2021-05-13,"County Ground, Chelmsford",1,41.2,41.2,Essex,Derbyshire,T Westley,DW Lawrence,LM Reece,0,0,,,,,,,,,,,,,
1244259,2021,2021-05-13,"County Ground, Chelmsford",1,41.3,41.3,Essex,Derbyshire,T Westley,DW Lawrence,LM Reece,0,0,,,,,,,,,,,,,
1244259,2021,2021-05-13,"County Ground, Chelmsford",1,41.4,41.4,Essex,Derbyshire,T Westley,DW Lawrence,LM Reece,4,0,,,,,,,,,,,,,
1244259,2021,2021-05-13,"County Ground, Chelmsford",1,41.5,41.5,Essex,Derbyshire,T Westley,DW Lawrence,LM Reece,0,0,,,,,,,,,,,,,
1244259,2021,2021-05-13,"County Ground, Chelmsford",1,41.6,41.6,Essex,Derbyshire,T Westley,DW Lawrence,LM Reece,0,0,,,,,,,,,,,,,
1244259,2021,2021-05-13,"County Ground, Chelmsford",1,42.1,42.1,Essex,Derbyshire,DW Lawrence,T Westley,FJ Hudson-Prentice,0,0,,,,,,,,,,,,,
1244259,2021,2021-05-13,"County Ground, Chelmsford",1,42.2,42.2,Essex,Derbyshire,DW Lawrence,T Westley,FJ Hudson-Prentice,0,0,,,,,,,,,,,,,
1244259,2021,2021-05-13,"County Ground, Chelmsford",1,42.3,42.3,Essex,Derbyshire,DW Lawrence,T Westley,FJ Hudson-Prentice,0,0,,,,,,,,,,,,,
1244259,2021,2021-05-13,"County Ground, Chelmsford",1,42.4,42.4,Essex,Derbyshire,DW Lawrence,T Westley,FJ Hudson-Prentice,0,0,,,,,,,,,,,,,
1244259,2021,2021-05-13,"County Ground, Chelmsford",1,42.5,42.5,Essex,Derbyshire,DW Lawrence,T Westley,FJ Hudson-Prentice,0,0,,,,,,,,,,,,,
1244259,2021,2021-05-13,"County Ground, Chelmsford",1,42.6,42.6,Essex,Derbyshire,DW Lawrence,T Westley,FJ Hudson-Prentice,0,0,,,,,,,,,,,,,
1244259,2021,2021-05-13,"County Ground, Chelmsford",1,43.1,43.1,Essex,Derbyshire,T Westley,DW Lawrence,LM Reece,4,0,,,,,,,,,,,,,
1244259,2021,2021-05-13,"County Ground, Chelmsford",1,43.2,43.2,Essex,Derbyshire,T Westley,DW Lawrence,LM Reece,0,0,,,,,,,,,,,,,
1244259,2021,2021-05-13,"County Ground, Chelmsford",1,43.3,43.3,Essex,Derbyshire,T Westley,DW Lawrence,LM Reece,0,0,,,,,,,,,,,,,
1244259,2021,2021-05-13,"County Ground, Chelmsford",1,43.4,43.4,Essex,Derbyshire,T Westley,DW Lawrence,LM Reece,0,0,,,,,,,,,,,,,
1244259,2021,2021-05-13,"County Ground, Chelmsford",1,43.5,43.5,Essex,Derbyshire,T Westley,DW Lawrence,LM Reece,4,0,,,,,,,,,,,,,
1244259,2021,2021-05-13,"County Ground, Chelmsford",1,43.6,43.6,Essex,Derbyshire,T Westley,DW Lawrence,LM Reece,0,0,,,,,,,,,,,,,
1244259,2021,2021-05-13,"County Ground, Chelmsford",1,44.1,44.1,Essex,Derbyshire,DW Lawrence,T Westley,FJ Hudson-Prentice,4,0,,,,,,,,,,,,,
1244259,2021,2021-05-13,"County Ground, Chelmsford",1,44.2,44.2,Essex,Derbyshire,DW Lawrence,T Westley,FJ Hudson-Prentice,0,0,,,,,,,,,,,,,
1244259,2021,2021-05-13,"County Ground, Chelmsford",1,44.3,44.3,Essex,Derbyshire,DW Lawrence,T Westley,FJ Hudson-Prentice,2,0,,,,,,,,,,,,,
1244259,2021,2021-05-13,"County Ground, Chelmsford",1,44.4,44.4,Essex,Derbyshire,DW Lawrence,T Westley,FJ Hudson-Prentice,0,0,,,,,,,,,,,,,
1244259,2021,2021-05-13,"County Ground, Chelmsford",1,44.5,44.5,Essex,Derbyshire,DW Lawrence,T Westley,FJ Hudson-Prentice,0,0,,,,,,,,,,,,,
1244259,2021,2021-05-13,"County Ground, Chelmsford",1,44.6,44.6,Essex,Derbyshire,DW Lawrence,T Westley,FJ Hudson-Prentice,0,0,,,,,,,,,,,,,
1244259,2021,2021-05-13,"County Ground, Chelmsford",1,45.1,45.1,Essex,Derbyshire,T Westley,DW Lawrence,LM Reece,0,0,,,,,,,,,,,,,
1244259,2021,2021-05-13,"County Ground, Chelmsford",1,45.2,45.2,Essex,Derbyshire,T Westley,DW Lawrence,LM Reece,0,0,,,,,,,,,,,,,
1244259,2021,2021-05-13,"County Ground, Chelmsford",1,45.3,45.3,Essex,Derbyshire,T Westley,DW Lawrence,LM Reece,1,0,,,,,,,,,,,,,
1244259,2021,2021-05-13,"County Ground, Chelmsford",1,45.4,45.4,Essex,Derbyshire,DW Lawrence,T Westley,LM Reece,0,0,,,,,,,,,,,,,
1244259,2021,2021-05-13,"County Ground, Chelmsford",1,45.5,45.5,Essex,Derbyshire,DW Lawrence,T Westley,LM Reece,1,0,,,,,,,,,,,,,
1244259,2021,2021-05-13,"County Ground, Chelmsford",1,45.6,45.6,Essex,Derbyshire,T Westley,DW Lawrence,LM Reece,0,0,,,,,,,,,,,,,
1244259,2021,2021-05-13,"County Ground, Chelmsford",1,46.1,46.1,Essex,Derbyshire,DW Lawrence,T Westley,FJ Hudson-Prentice,0,0,,,,,,,,,,,,,
1244259,2021,2021-05-13,"County Ground, Chelmsford",1,46.2,46.2,Essex,Derbyshire,DW Lawrence,T Westley,FJ Hudson-Prentice,0,0,,,,,,,,,,,,,
1244259,2021,2021-05-13,"County Ground, Chelmsford",1,46.3,46.3,Essex,Derbyshire,DW Lawrence,T Westley,FJ Hudson-Prentice,0,0,,,,,,,,,,,,,
1244259,2021,2021-05-13,"County Ground, Chelmsford",1,46.4,46.4,Essex,Derbyshire,DW Lawrence,T Westley,FJ Hudson-Prentice,0,0,,,,,,,,,,,,,
1244259,2021,2021-05-13,"County Ground, Chelmsford",1,46.5,46.5,Essex,Derbyshire,DW Lawrence,T Westley,FJ Hudson-Prentice,1,0,,,,,,,,,,,,,
1244259,2021,2021-05-13,"County Ground, Chelmsford",1,46.6,46.6,Essex,Derbyshire,T Westley,DW Lawrence,FJ Hudson-Prentice,0,0,,,,,,,,,,,,,
1244259,2021,2021-05-13,"County Ground, Chelmsford",1,47.1,47.1,Essex,Derbyshire,DW Lawrence,T Westley,LM Reece,0,0,,,,,,,,,,,,,
1244259,2021,2021-05-13,"County Ground, Chelmsford",1,47.2,47.2,Essex,Derbyshire,DW Lawrence,T Westley,LM Reece,0,0,,,,,,,,,,,,,
1244259,2021,2021-05-13,"County Ground, Chelmsford",1,47.3,47.3,Essex,Derbyshire,DW Lawrence,T Westley,LM Reece,0,0,,,,,,,,,,,,,
1244259,2021,2021-05-13,"County Ground, Chelmsford",1,47.4,47.4,Essex,Derbyshire,DW Lawrence,T Westley,LM Reece,3,0,,,,,,,,,,,,,
1244259,2021,2021-05-13,"County Ground, Chelmsford",1,47.5,47.5,Essex,Derbyshire,T Westley,DW Lawrence,LM Reece,0,0,,,,,,,,,,,,,
1244259,2021,2021-05-13,"County Ground, Chelmsford",1,47.6,47.6,Essex,Derbyshire,T Westley,DW Lawrence,LM Reece,0,0,,,,,,,,,,,,,
1244259,2021,2021-05-13,"County Ground, Chelmsford",1,48.1,48.1,Essex,Derbyshire,DW Lawrence,T Westley,FJ Hudson-Prentice,4,0,,,,,,,,,,,,,
1244259,2021,2021-05-13,"County Ground, Chelmsford",1,48.2,48.2,Essex,Derbyshire,DW Lawrence,T Westley,FJ Hudson-Prentice,2,0,,,,,,,,,,,,,
1244259,2021,2021-05-13,"County Ground, Chelmsford",1,48.3,48.3,Essex,Derbyshire,DW Lawrence,T Westley,FJ Hudson-Prentice,4,0,,,,,,,,,,,,,
1244259,2021,2021-05-13,"County Ground, Chelmsford",1,48.4,48.4,Essex,Derbyshire,DW Lawrence,T Westley,FJ Hudson-Prentice,0,0,,,,,,,,,,,,,
1244259,2021,2021-05-13,"County Ground, Chelmsford",1,48.5,48.5,Essex,Derbyshire,DW Lawrence,T Westley,FJ Hudson-Prentice,4,0,,,,,,,,,,,,,
1244259,2021,2021-05-13,"County Ground, Chelmsford",1,48.6,48.6,Essex,Derbyshire,DW Lawrence,T Westley,FJ Hudson-Prentice,0,0,,,,,,,,,,,,,
1244259,2021,2021-05-13,"County Ground, Chelmsford",1,49.1,49.1,Essex,Derbyshire,T Westley,DW Lawrence,LM Reece,0,0,,,,,,,,,,,,,
1244259,2021,2021-05-13,"County Ground, Chelmsford",1,49.2,49.2,Essex,Derbyshire,T Westley,DW Lawrence,LM Reece,0,0,,,,,,,,,,,,,
1244259,2021,2021-05-13,"County Ground, Chelmsford",1,49.3,49.3,Essex,Derbyshire,T Westley,DW Lawrence,LM Reece,0,0,,,,,,,,,,,,,
1244259,2021,2021-05-13,"County Ground, Chelmsford",1,49.4,49.4,Essex,Derbyshire,T Westley,DW Lawrence,LM Reece,0,0,,,,,,,,,,,,,
1244259,2021,2021-05-13,"County Ground, Chelmsford",1,49.5,49.5,Essex,Derbyshire,T Westley,DW Lawrence,LM Reece,0,0,,,,,,,,,,,,,
1244259,2021,2021-05-13,"County Ground, Chelmsford",1,49.6,49.6,Essex,Derbyshire,T Westley,DW Lawrence,LM Reece,3,0,,,,,,,,,,,,,
1244259,2021,2021-05-13,"County Ground, Chelmsford",1,50.1,50.1,Essex,Derbyshire,T Westley,DW Lawrence,MJJ Critchley,0,0,,,,,,,,,,,,,
1244259,2021,2021-05-13,"County Ground, Chelmsford",1,50.2,50.2,Essex,Derbyshire,T Westley,DW Lawrence,MJJ Critchley,1,0,,,,,,,,,,,,,
1244259,2021,2021-05-13,"County Ground, Chelmsford",1,50.3,50.3,Essex,Derbyshire,DW Lawrence,T Westley,MJJ Critchley,1,0,,,,,,,,,,,,,
1244259,2021,2021-05-13,"County Ground, Chelmsford",1,50.4,50.4,Essex,Derbyshire,T Westley,DW Lawrence,MJJ Critchley,0,0,,,,,,,,,,,,,
1244259,2021,2021-05-13,"County Ground, Chelmsford",1,50.5,50.5,Essex,Derbyshire,T Westley,DW Lawrence,MJJ Critchley,1,0,,,,,,,,,,,,,
1244259,2021,2021-05-13,"County Ground, Chelmsford",1,50.6,50.6,Essex,Derbyshire,DW Lawrence,T Westley,MJJ Critchley,0,0,,,,,,,,,,,,,
1244259,2021,2021-05-13,"County Ground, Chelmsford",1,51.1,51.1,Essex,Derbyshire,T Westley,DW Lawrence,AL Hughes,0,0,,,,,,,,,,,,,
1244259,2021,2021-05-13,"County Ground, Chelmsford",1,51.2,51.2,Essex,Derbyshire,T Westley,DW Lawrence,AL Hughes,0,0,,,,,,,,,,,,,
1244259,2021,2021-05-13,"County Ground, Chelmsford",1,51.3,51.3,Essex,Derbyshire,T Westley,DW Lawrence,AL Hughes,0,0,,,,,,,,,,,,,
1244259,2021,2021-05-13,"County Ground, Chelmsford",1,51.4,51.4,Essex,Derbyshire,T Westley,DW Lawrence,AL Hughes,3,0,,,,,,,,,,,,,
1244259,2021,2021-05-13,"County Ground, Chelmsford",1,51.5,51.5,Essex,Derbyshire,DW Lawrence,T Westley,AL Hughes,1,0,,,,,,,,,,,,,
1244259,2021,2021-05-13,"County Ground, Chelmsford",1,51.6,51.6,Essex,Derbyshire,T Westley,DW Lawrence,AL Hughes,1,0,,,,,,,,,,,,,
1244259,2021,2021-05-13,"County Ground, Chelmsford",1,52.1,52.1,Essex,Derbyshire,T Westley,DW Lawrence,MJJ Critchley,1,0,,,,,,,,,,,,,
1244259,2021,2021-05-13,"County Ground, Chelmsford",1,52.2,52.2,Essex,Derbyshire,DW Lawrence,T Westley,MJJ Critchley,0,0,,,,,,,,,,,,,
1244259,2021,2021-05-13,"County Ground, Chelmsford",1,52.3,52.3,Essex,Derbyshire,DW Lawrence,T Westley,MJJ Critchley,4,0,,,,,,,,,,,,,
1244259,2021,2021-05-13,"County Ground, Chelmsford",1,52.4,52.4,Essex,Derbyshire,DW Lawrence,T Westley,MJJ Critchley,1,0,,,,,,,,,,,,,
1244259,2021,2021-05-13,"County Ground, Chelmsford",1,52.5,52.5,Essex,Derbyshire,T Westley,DW Lawrence,MJJ Critchley,2,0,,,,,,,,,,,,,
1244259,2021,2021-05-13,"County Ground, Chelmsford",1,52.6,52.6,Essex,Derbyshire,T Westley,DW Lawrence,MJJ Critchley,1,0,,,,,,,,,,,,,
1244259,2021,2021-05-13,"County Ground, Chelmsford",1,53.1,53.1,Essex,Derbyshire,T Westley,DW Lawrence,AL Hughes,1,0,,,,,,,,,,,,,
1244259,2021,2021-05-13,"County Ground, Chelmsford",1,53.2,53.2,Essex,Derbyshire,DW Lawrence,T Westley,AL Hughes,0,0,,,,,,,,,,,,,
1244259,2021,2021-05-13,"County Ground, Chelmsford",1,53.3,53.3,Essex,Derbyshire,DW Lawrence,T Westley,AL Hughes,0,0,,,,,,,,,,,,,
1244259,2021,2021-05-13,"County Ground, Chelmsford",1,53.4,53.4,Essex,Derbyshire,DW Lawrence,T Westley,AL Hughes,1,0,,,,,,,,,,,,,
1244259,2021,2021-05-13,"County Ground, Chelmsford",1,53.5,53.5,Essex,Derbyshire,T Westley,DW Lawrence,AL Hughes,0,0,,,,,,,,,,,,,
1244259,2021,2021-05-13,"County Ground, Chelmsford",1,53.6,53.6,Essex,Derbyshire,T Westley,DW Lawrence,AL Hughes,0,0,,,,,,,,,,,,,
1244259,2021,2021-05-13,"County Ground, Chelmsford",1,54.1,54.1,Essex,Derbyshire,DW Lawrence,T Westley,MJJ Critchley,0,0,,,,,,,,,,,,,
1244259,2021,2021-05-13,"County Ground, Chelmsford",1,54.2,54.2,Essex,Derbyshire,DW Lawrence,T Westley,MJJ Critchley,0,0,,,,,,,,,,,,,
1244259,2021,2021-05-13,"County Ground, Chelmsford",1,54.3,54.3,Essex,Derbyshire,DW Lawrence,T Westley,MJJ Critchley,0,0,,,,,,,,,,,,,
1244259,2021,2021-05-13,"County Ground, Chelmsford",1,54.4,54.4,Essex,Derbyshire,DW Lawrence,T Westley,MJJ Critchley,1,0,,,,,,,,,,,,,
1244259,2021,2021-05-13,"County Ground, Chelmsford",1,54.5,54.5,Essex,Derbyshire,T Westley,DW Lawrence,MJJ Critchley,1,0,,,,,,,,,,,,,
1244259,2021,2021-05-13,"County Ground, Chelmsford",1,54.6,54.6,Essex,Derbyshire,DW Lawrence,T Westley,MJJ Critchley,0,0,,,,,,,,,,,,,
1244259,2021,2021-05-13,"County Ground, Chelmsford",1,55.1,55.1,Essex,Derbyshire,T Westley,DW Lawrence,AL Hughes,0,0,,,,,,,,,,,,,
1244259,2021,2021-05-13,"County Ground, Chelmsford",1,55.2,55.2,Essex,Derbyshire,T Westley,DW Lawrence,AL Hughes,0,0,,,,,,,,,,,,,
1244259,2021,2021-05-13,"County Ground, Chelmsford",1,55.3,55.3,Essex,Derbyshire,T Westley,DW Lawrence,AL Hughes,4,0,,,,,,,,,,,,,
1244259,2021,2021-05-13,"County Ground, Chelmsford",1,55.4,55.4,Essex,Derbyshire,T Westley,DW Lawrence,AL Hughes,0,0,,,,,,,,,,,,,
1244259,2021,2021-05-13,"County Ground, Chelmsford",1,55.5,55.5,Essex,Derbyshire,T Westley,DW Lawrence,AL Hughes,1,0,,,,,,,,,,,,,
1244259,2021,2021-05-13,"County Ground, Chelmsford",1,55.6,55.6,Essex,Derbyshire,DW Lawrence,T Westley,AL Hughes,0,0,,,,,,,,,,,,,
1244259,2021,2021-05-13,"County Ground, Chelmsford",1,56.1,56.1,Essex,Derbyshire,T Westley,DW Lawrence,MJJ Critchley,6,0,,,,,,,,,,,,,
1244259,2021,2021-05-13,"County Ground, Chelmsford",1,56.2,56.2,Essex,Derbyshire,T Westley,DW Lawrence,MJJ Critchley,2,0,,,,,,,,,,,,,
1244259,2021,2021-05-13,"County Ground, Chelmsford",1,56.3,56.3,Essex,Derbyshire,T Westley,DW Lawrence,MJJ Critchley,0,0,,,,,,,,,,,,,
1244259,2021,2021-05-13,"County Ground, Chelmsford",1,56.4,56.4,Essex,Derbyshire,T Westley,DW Lawrence,MJJ Critchley,1,0,,,,,,,,,,,,,
1244259,2021,2021-05-13,"County Ground, Chelmsford",1,56.5,56.5,Essex,Derbyshire,DW Lawrence,T Westley,MJJ Critchley,1,0,,,,,,,,,,,,,
1244259,2021,2021-05-13,"County Ground, Chelmsford",1,56.6,56.6,Essex,Derbyshire,T Westley,DW Lawrence,MJJ Critchley,0,0,,,,,,,,,,,,,
1244259,2021,2021-05-13,"County Ground, Chelmsford",1,57.1,57.1,Essex,Derbyshire,DW Lawrence,T Westley,AL Hughes,0,0,,,,,,,,,,,,,
1244259,2021,2021-05-13,"County Ground, Chelmsford",1,57.2,57.2,Essex,Derbyshire,DW Lawrence,T Westley,AL Hughes,2,0,,,,,,,,,,,,,
1244259,2021,2021-05-13,"County Ground, Chelmsford",1,57.3,57.3,Essex,Derbyshire,DW Lawrence,T Westley,AL Hughes,4,0,,,,,,,,,,,,,
1244259,2021,2021-05-13,"County Ground, Chelmsford",1,57.4,57.4,Essex,Derbyshire,DW Lawrence,T Westley,AL Hughes,0,0,,,,,,,,,,,,,
1244259,2021,2021-05-13,"County Ground, Chelmsford",1,57.5,57.5,Essex,Derbyshire,DW Lawrence,T Westley,AL Hughes,1,0,,,,,,,,,,,,,
1244259,2021,2021-05-13,"County Ground, Chelmsford",1,57.6,57.6,Essex,Derbyshire,T Westley,DW Lawrence,AL Hughes,4,0,,,,,,,,,,,,,
1244259,2021,2021-05-13,"County Ground, Chelmsford",1,58.1,58.1,Essex,Derbyshire,DW Lawrence,T Westley,DR Melton,0,0,,,,,,,,,,,,,
1244259,2021,2021-05-13,"County Ground, Chelmsford",1,58.2,58.2,Essex,Derbyshire,DW Lawrence,T Westley,DR Melton,6,0,,,,,,,,,,,,,
1244259,2021,2021-05-13,"County Ground, Chelmsford",1,58.3,58.3,Essex,Derbyshire,DW Lawrence,T Westley,DR Melton,4,0,,,,,,,,,,,,,
1244259,2021,2021-05-13,"County Ground, Chelmsford",1,58.4,58.4,Essex,Derbyshire,DW Lawrence,T Westley,DR Melton,0,0,,,,,,,,,,,,,
1244259,2021,2021-05-13,"County Ground, Chelmsford",1,58.5,58.5,Essex,Derbyshire,DW Lawrence,T Westley,DR Melton,4,0,,,,,,,,,,,,,
1244259,2021,2021-05-13,"County Ground, Chelmsford",1,58.6,58.6,Essex,Derbyshire,DW Lawrence,T Westley,DR Melton,0,0,,,,,,,,,,,,,
1244259,2021,2021-05-13,"County Ground, Chelmsford",1,59.1,59.1,Essex,Derbyshire,T Westley,DW Lawrence,B Stanlake,0,0,,,,,,,,,,,,,
1244259,2021,2021-05-13,"County Ground, Chelmsford",1,59.2,59.2,Essex,Derbyshire,T Westley,DW Lawrence,B Stanlake,1,0,,,,,,,,,,,,,
1244259,2021,2021-05-13,"County Ground, Chelmsford",1,59.3,59.3,Essex,Derbyshire,DW Lawrence,T Westley,B Stanlake,1,0,,,,,,,,,,,,,
1244259,2021,2021-05-13,"County Ground, Chelmsford",1,59.4,59.4,Essex,Derbyshire,T Westley,DW Lawrence,B Stanlake,4,0,,,,,,,,,,,,,
1244259,2021,2021-05-13,"County Ground, Chelmsford",1,59.5,59.5,Essex,Derbyshire,T Westley,DW Lawrence,B Stanlake,0,0,,,,,,,,,,,,,
1244259,2021,2021-05-13,"County Ground, Chelmsford",1,59.6,59.6,Essex,Derbyshire,T Westley,DW Lawrence,B Stanlake,0,0,,,,,,,,,,,,,
1244259,2021,2021-05-13,"County Ground, Chelmsford",1,60.1,60.1,Essex,Derbyshire,DW Lawrence,T Westley,DR Melton,0,0,,,,,,,,,,,,,
1244259,2021,2021-05-13,"County Ground, Chelmsford",1,60.2,60.2,Essex,Derbyshire,DW Lawrence,T Westley,DR Melton,0,0,,,,,,,,,,,,,
1244259,2021,2021-05-13,"County Ground, Chelmsford",1,60.3,60.3,Essex,Derbyshire,DW Lawrence,T Westley,DR Melton,1,0,,,,,,,,,,,,,
1244259,2021,2021-05-13,"County Ground, Chelmsford",1,60.4,60.4,Essex,Derbyshire,T Westley,DW Lawrence,DR Melton,4,0,,,,,,,,,,,,,
1244259,2021,2021-05-13,"County Ground, Chelmsford",1,60.5,60.5,Essex,Derbyshire,T Westley,DW Lawrence,DR Melton,0,0,,,,,,,,,,,,,
1244259,2021,2021-05-13,"County Ground, Chelmsford",1,60.6,60.6,Essex,Derbyshire,T Westley,DW Lawrence,DR Melton,4,0,,,,,,,,,,,,,
1244259,2021,2021-05-13,"County Ground, Chelmsford",1,61.1,61.1,Essex,Derbyshire,DW Lawrence,T Westley,B Stanlake,2,0,,,,,,,,,,,,,
1244259,2021,2021-05-13,"County Ground, Chelmsford",1,61.2,61.2,Essex,Derbyshire,DW Lawrence,T Westley,B Stanlake,0,0,,,,,,,,,,,,,
1244259,2021,2021-05-13,"County Ground, Chelmsford",1,61.3,61.3,Essex,Derbyshire,DW Lawrence,T Westley,B Stanlake,0,0,,,,,,,,,,,,,
1244259,2021,2021-05-13,"County Ground, Chelmsford",1,61.4,61.4,Essex,Derbyshire,DW Lawrence,T Westley,B Stanlake,0,0,,,,,,,,,,,,,
1244259,2021,2021-05-13,"County Ground, Chelmsford",1,61.5,61.5,Essex,Derbyshire,DW Lawrence,T Westley,B Stanlake,4,0,,,,,,,,,,,,,
1244259,2021,2021-05-13,"County Ground, Chelmsford",1,61.6,61.6,Essex,Derbyshire,DW Lawrence,T Westley,B Stanlake,1,0,,,,,,,,,,,,,
1244259,2021,2021-05-13,"County Ground, Chelmsford",1,62.1,62.1,Essex,Derbyshire,DW Lawrence,T Westley,WL Madsen,0,0,,,,,,,,,,,,,
1244259,2021,2021-05-13,"County Ground, Chelmsford",1,62.2,62.2,Essex,Derbyshire,DW Lawrence,T Westley,WL Madsen,0,0,,,,,,,,,,,,,
1244259,2021,2021-05-13,"County Ground, Chelmsford",1,62.3,62.3,Essex,Derbyshire,DW Lawrence,T Westley,WL Madsen,0,0,,,,,,,,,,,,,
1244259,2021,2021-05-13,"County Ground, Chelmsford",1,62.4,62.4,Essex,Derbyshire,DW Lawrence,T Westley,WL Madsen,0,0,,,,,,,,,,,,,
1244259,2021,2021-05-13,"County Ground, Chelmsford",1,62.5,62.5,Essex,Derbyshire,DW Lawrence,T Westley,WL Madsen,0,0,,,,,,,,,,,,,
1244259,2021,2021-05-13,"County Ground, Chelmsford",1,62.6,62.6,Essex,Derbyshire,DW Lawrence,T Westley,WL Madsen,1,0,,,,,,,,,,,,,
1244259,2021,2021-05-13,"County Ground, Chelmsford",1,63.1,63.1,Essex,Derbyshire,DW Lawrence,T Westley,B Stanlake,1,0,,,,,,,,,,,,,
1244259,2021,2021-05-13,"County Ground, Chelmsford",1,63.2,63.2,Essex,Derbyshire,T Westley,DW Lawrence,B Stanlake,0,0,,,,,,,,,,,,,
1244259,2021,2021-05-13,"County Ground, Chelmsford",1,63.3,63.3,Essex,Derbyshire,T Westley,DW Lawrence,B Stanlake,0,0,,,,,,,,,,,,,
1244259,2021,2021-05-13,"County Ground, Chelmsford",1,63.4,63.4,Essex,Derbyshire,T Westley,DW Lawrence,B Stanlake,0,0,,,,,,,,,,,,,
1244259,2021,2021-05-13,"County Ground, Chelmsford",1,63.5,63.5,Essex,Derbyshire,T Westley,DW Lawrence,B Stanlake,0,0,,,,,,,,,,,,,
1244259,2021,2021-05-13,"County Ground, Chelmsford",1,63.6,63.6,Essex,Derbyshire,T Westley,DW Lawrence,B Stanlake,1,0,,,,,,,,,,,,,
1244259,2021,2021-05-13,"County Ground, Chelmsford",1,64.1,64.1,Essex,Derbyshire,T Westley,DW Lawrence,WL Madsen,0,0,,,,,,,,,,,,,
1244259,2021,2021-05-13,"County Ground, Chelmsford",1,64.2,64.2,Essex,Derbyshire,T Westley,DW Lawrence,WL Madsen,2,0,,,,,,,,,,,,,
1244259,2021,2021-05-13,"County Ground, Chelmsford",1,64.3,64.3,Essex,Derbyshire,T Westley,DW Lawrence,WL Madsen,2,0,,,,,,,,,,,,,
1244259,2021,2021-05-13,"County Ground, Chelmsford",1,64.4,64.4,Essex,Derbyshire,T Westley,DW Lawrence,WL Madsen,1,0,,,,,,,,,,,,,
1244259,2021,2021-05-13,"County Ground, Chelmsford",1,64.5,64.5,Essex,Derbyshire,DW Lawrence,T Westley,WL Madsen,1,0,,,,,,,,,,,,,
1244259,2021,2021-05-13,"County Ground, Chelmsford",1,64.6,64.6,Essex,Derbyshire,T Westley,DW Lawrence,WL Madsen,4,0,,,,,,,,,,,,,
1244259,2021,2021-05-13,"County Ground, Chelmsford",1,65.1,65.1,Essex,Derbyshire,DW Lawrence,T Westley,B Stanlake,0,0,,,,,,,,,,,,,
1244259,2021,2021-05-13,"County Ground, Chelmsford",1,65.2,65.2,Essex,Derbyshire,DW Lawrence,T Westley,B Stanlake,0,0,,,,,,,,,,,,,
1244259,2021,2021-05-13,"County Ground, Chelmsford",1,65.3,65.3,Essex,Derbyshire,DW Lawrence,T Westley,B Stanlake,2,0,,,,,,,,,,,,,
1244259,2021,2021-05-13,"County Ground, Chelmsford",1,65.4,65.4,Essex,Derbyshire,DW Lawrence,T Westley,B Stanlake,4,0,,,,,,,,,,,,,
1244259,2021,2021-05-13,"County Ground, Chelmsford",1,65.5,65.5,Essex,Derbyshire,DW Lawrence,T Westley,B Stanlake,4,0,,,,,,,,,,,,,
1244259,2021,2021-05-13,"County Ground, Chelmsford",1,65.6,65.6,Essex,Derbyshire,DW Lawrence,T Westley,B Stanlake,0,0,,,,,,,,,,,,,
1244259,2021,2021-05-13,"County Ground, Chelmsford",1,66.1,66.1,Essex,Derbyshire,T Westley,DW Lawrence,WL Madsen,4,0,,,,,,,,,,,,,
1244259,2021,2021-05-13,"County Ground, Chelmsford",1,66.2,66.2,Essex,Derbyshire,T Westley,DW Lawrence,WL Madsen,1,0,,,,,,,,,,,,,
1244259,2021,2021-05-13,"County Ground, Chelmsford",1,66.3,66.3,Essex,Derbyshire,DW Lawrence,T Westley,WL Madsen,0,0,,,,,,,,,,,,,
1244259,2021,2021-05-13,"County Ground, Chelmsford",1,66.4,66.4,Essex,Derbyshire,DW Lawrence,T Westley,WL Madsen,1,0,,,,,,,,,,,,,
1244259,2021,2021-05-13,"County Ground, Chelmsford",1,66.5,66.5,Essex,Derbyshire,T Westley,DW Lawrence,WL Madsen,0,0,,,,,,,,,,,,,
1244259,2021,2021-05-13,"County Ground, Chelmsford",1,66.6,66.6,Essex,Derbyshire,T Westley,DW Lawrence,WL Madsen,4,0,,,,,,,,,,,,,
1244259,2021,2021-05-13,"County Ground, Chelmsford",1,67.1,67.1,Essex,Derbyshire,DW Lawrence,T Westley,B Stanlake,6,0,,,,,,,,,,,,,
1244259,2021,2021-05-13,"County Ground, Chelmsford",1,67.2,67.2,Essex,Derbyshire,DW Lawrence,T Westley,B Stanlake,0,0,,,,,,,,,,,,,
1244259,2021,2021-05-13,"County Ground, Chelmsford",1,67.3,67.3,Essex,Derbyshire,DW Lawrence,T Westley,B Stanlake,0,0,,,,,,,,,,,,,
1244259,2021,2021-05-13,"County Ground, Chelmsford",1,67.4,67.4,Essex,Derbyshire,DW Lawrence,T Westley,B Stanlake,0,0,,,,,,,,,,,,,
1244259,2021,2021-05-13,"County Ground, Chelmsford",1,67.5,67.5,Essex,Derbyshire,DW Lawrence,T Westley,B Stanlake,1,0,,,,,,,,,,,,,
1244259,2021,2021-05-13,"County Ground, Chelmsford",1,67.6,67.6,Essex,Derbyshire,T Westley,DW Lawrence,B Stanlake,4,0,,,,,,,,,,,,,
1244259,2021,2021-05-13,"County Ground, Chelmsford",1,68.1,68.1,Essex,Derbyshire,DW Lawrence,T Westley,FJ Hudson-Prentice,1,0,,,,,,,,,,,,,
1244259,2021,2021-05-13,"County Ground, Chelmsford",1,68.2,68.2,Essex,Derbyshire,T Westley,DW Lawrence,FJ Hudson-Prentice,0,0,,,,,,,,,,,,,
1244259,2021,2021-05-13,"County Ground, Chelmsford",1,68.3,68.3,Essex,Derbyshire,T Westley,DW Lawrence,FJ Hudson-Prentice,0,0,,,,,,,,,,,,,
1244259,2021,2021-05-13,"County Ground, Chelmsford",1,68.4,68.4,Essex,Derbyshire,T Westley,DW Lawrence,FJ Hudson-Prentice,1,0,,,,,,,,,,,,,
1244259,2021,2021-05-13,"County Ground, Chelmsford",1,68.5,68.5,Essex,Derbyshire,DW Lawrence,T Westley,FJ Hudson-Prentice,0,0,,,,,,,,,,,,,
1244259,2021,2021-05-13,"County Ground, Chelmsford",1,68.6,68.6,Essex,Derbyshire,DW Lawrence,T Westley,FJ Hudson-Prentice,2,0,,,,,,,,,,,,,
1244259,2021,2021-05-13,"County Ground, Chelmsford",1,69.1,69.1,Essex,Derbyshire,T Westley,DW Lawrence,MJJ Critchley,0,1,,,,1,,,,,,,,,
1244259,2021,2021-05-13,"County Ground, Chelmsford",1,69.2,69.2,Essex,Derbyshire,DW Lawrence,T Westley,MJJ Critchley,0,0,,,,,,,,,,,,,
1244259,2021,2021-05-13,"County Ground, Chelmsford",1,69.3,69.3,Essex,Derbyshire,DW Lawrence,T Westley,MJJ Critchley,0,0,,,,,,,,,,,,,
1244259,2021,2021-05-13,"County Ground, Chelmsford",1,69.4,69.4,Essex,Derbyshire,DW Lawrence,T Westley,MJJ Critchley,0,0,,,,,,,,,,,,,
1244259,2021,2021-05-13,"County Ground, Chelmsford",1,69.5,69.5,Essex,Derbyshire,DW Lawrence,T Westley,MJJ Critchley,1,0,,,,,,,,,,,,,
1244259,2021,2021-05-13,"County Ground, Chelmsford",1,69.6,69.6,Essex,Derbyshire,T Westley,DW Lawrence,MJJ Critchley,0,0,,,,,,,,,,,,,
1244259,2021,2021-05-13,"County Ground, Chelmsford",1,70.1,70.1,Essex,Derbyshire,DW Lawrence,T Westley,FJ Hudson-Prentice,1,0,,,,,,,,,,,,,
1244259,2021,2021-05-13,"County Ground, Chelmsford",1,70.2,70.2,Essex,Derbyshire,T Westley,DW Lawrence,FJ Hudson-Prentice,4,0,,,,,,,,,,,,,
1244259,2021,2021-05-13,"County Ground, Chelmsford",1,70.3,70.3,Essex,Derbyshire,T Westley,DW Lawrence,FJ Hudson-Prentice,1,0,,,,,,,,,,,,,
1244259,2021,2021-05-13,"County Ground, Chelmsford",1,70.4,70.4,Essex,Derbyshire,DW Lawrence,T Westley,FJ Hudson-Prentice,4,0,,,,,,,,,,,,,
1244259,2021,2021-05-13,"County Ground, Chelmsford",1,70.5,70.5,Essex,Derbyshire,DW Lawrence,T Westley,FJ Hudson-Prentice,1,0,,,,,,,,,,,,,
1244259,2021,2021-05-13,"County Ground, Chelmsford",1,70.6,70.6,Essex,Derbyshire,T Westley,DW Lawrence,FJ Hudson-Prentice,1,0,,,,,,,,,,,,,
1244259,2021,2021-05-13,"County Ground, Chelmsford",1,71.1,71.1,Essex,Derbyshire,T Westley,DW Lawrence,MJJ Critchley,4,0,,,,,,,,,,,,,
1244259,2021,2021-05-13,"County Ground, Chelmsford",1,71.2,71.2,Essex,Derbyshire,T Westley,DW Lawrence,MJJ Critchley,1,0,,,,,,,,,,,,,
1244259,2021,2021-05-13,"County Ground, Chelmsford",1,71.3,71.3,Essex,Derbyshire,DW Lawrence,T Westley,MJJ Critchley,4,0,,,,,,,,,,,,,
1244259,2021,2021-05-13,"County Ground, Chelmsford",1,71.4,71.4,Essex,Derbyshire,DW Lawrence,T Westley,MJJ Critchley,1,0,,,,,,,,,,,,,
1244259,2021,2021-05-13,"County Ground, Chelmsford",1,71.5,71.5,Essex,Derbyshire,T Westley,DW Lawrence,MJJ Critchley,4,0,,,,,,,,,,,,,
1244259,2021,2021-05-13,"County Ground, Chelmsford",1,71.6,71.6,Essex,Derbyshire,T Westley,DW Lawrence,MJJ Critchley,0,0,,,,,,,caught,T Westley,,,JL du Plooy,,
1244259,2021,2021-05-13,"County Ground, Chelmsford",1,72.1,72.1,Essex,Derbyshire,PI Walter,DW Lawrence,FJ Hudson-Prentice,1,0,,,,,,,,,,,,,
1244259,2021,2021-05-13,"County Ground, Chelmsford",1,72.2,72.2,Essex,Derbyshire,DW Lawrence,PI Walter,FJ Hudson-Prentice,0,0,,,,,,,,,,,,,
1244259,2021,2021-05-13,"County Ground, Chelmsford",1,72.3,72.3,Essex,Derbyshire,DW Lawrence,PI Walter,FJ Hudson-Prentice,2,0,,,,,,,,,,,,,
1244259,2021,2021-05-13,"County Ground, Chelmsford",1,72.4,72.4,Essex,Derbyshire,DW Lawrence,PI Walter,FJ Hudson-Prentice,1,0,,,,,,,,,,,,,
1244259,2021,2021-05-13,"County Ground, Chelmsford",1,72.5,72.5,Essex,Derbyshire,PI Walter,DW Lawrence,FJ Hudson-Prentice,2,0,,,,,,,,,,,,,
1244259,2021,2021-05-13,"County Ground, Chelmsford",1,72.6,72.6,Essex,Derbyshire,PI Walter,DW Lawrence,FJ Hudson-Prentice,4,0,,,,,,,,,,,,,
1244259,2021,2021-05-13,"County Ground, Chelmsford",1,73.1,73.1,Essex,Derbyshire,DW Lawrence,PI Walter,MJJ Critchley,1,0,,,,,,,,,,,,,
1244259,2021,2021-05-13,"County Ground, Chelmsford",1,73.2,73.2,Essex,Derbyshire,PI Walter,DW Lawrence,MJJ Critchley,1,0,,,,,,,,,,,,,
1244259,2021,2021-05-13,"County Ground, Chelmsford",1,73.3,73.3,Essex,Derbyshire,DW Lawrence,PI Walter,MJJ Critchley,6,0,,,,,,,,,,,,,
1244259,2021,2021-05-13,"County Ground, Chelmsford",1,73.4,73.4,Essex,Derbyshire,DW Lawrence,PI Walter,MJJ Critchley,2,0,,,,,,,,,,,,,
1244259,2021,2021-05-13,"County Ground, Chelmsford",1,73.5,73.5,Essex,Derbyshire,DW Lawrence,PI Walter,MJJ Critchley,1,0,,,,,,,,,,,,,
1244259,2021,2021-05-13,"County Ground, Chelmsford",1,73.6,73.6,Essex,Derbyshire,PI Walter,DW Lawrence,MJJ Critchley,0,0,,,,,,,,,,,,,
1244259,2021,2021-05-13,"County Ground, Chelmsford",1,74.1,74.1,Essex,Derbyshire,DW Lawrence,PI Walter,FJ Hudson-Prentice,0,0,,,,,,,,,,,,,
1244259,2021,2021-05-13,"County Ground, Chelmsford",1,74.2,74.2,Essex,Derbyshire,DW Lawrence,PI Walter,FJ Hudson-Prentice,2,0,,,,,,,,,,,,,
1244259,2021,2021-05-13,"County Ground, Chelmsford",1,74.3,74.3,Essex,Derbyshire,DW Lawrence,PI Walter,FJ Hudson-Prentice,2,0,,,,,,,,,,,,,
1244259,2021,2021-05-13,"County Ground, Chelmsford",1,74.4,74.4,Essex,Derbyshire,DW Lawrence,PI Walter,FJ Hudson-Prentice,1,0,,,,,,,,,,,,,
1244259,2021,2021-05-13,"County Ground, Chelmsford",1,74.5,74.5,Essex,Derbyshire,PI Walter,DW Lawrence,FJ Hudson-Prentice,0,0,,,,,,,,,,,,,
1244259,2021,2021-05-13,"County Ground, Chelmsford",1,74.6,74.6,Essex,Derbyshire,PI Walter,DW Lawrence,FJ Hudson-Prentice,4,0,,,,,,,,,,,,,
1244259,2021,2021-05-13,"County Ground, Chelmsford",1,75.1,75.1,Essex,Derbyshire,DW Lawrence,PI Walter,MJJ Critchley,6,0,,,,,,,,,,,,,
1244259,2021,2021-05-13,"County Ground, Chelmsford",1,75.2,75.2,Essex,Derbyshire,DW Lawrence,PI Walter,MJJ Critchley,6,0,,,,,,,,,,,,,
1244259,2021,2021-05-13,"County Ground, Chelmsford",1,75.3,75.3,Essex,Derbyshire,DW Lawrence,PI Walter,MJJ Critchley,6,0,,,,,,,,,,,,,
1244259,2021,2021-05-13,"County Ground, Chelmsford",1,75.4,75.4,Essex,Derbyshire,DW Lawrence,PI Walter,MJJ Critchley,4,0,,,,,,,,,,,,,
1244259,2021,2021-05-13,"County Ground, Chelmsford",1,75.5,75.5,Essex,Derbyshire,DW Lawrence,PI Walter,MJJ Critchley,1,0,,,,,,,,,,,,,
1244259,2021,2021-05-13,"County Ground, Chelmsford",1,75.6,75.6,Essex,Derbyshire,PI Walter,DW Lawrence,MJJ Critchley,0,0,,,,,,,,,,,,,
1244259,2021,2021-05-13,"County Ground, Chelmsford",2,0.1,0.1,Derbyshire,Essex,LM Reece,BA Godleman,SR Harmer,0,0,,,,,,,,,,,,,
1244259,2021,2021-05-13,"County Ground, Chelmsford",2,0.2,0.2,Derbyshire,Essex,LM Reece,BA Godleman,SR Harmer,0,0,,,,,,,,,,,,,
1244259,2021,2021-05-13,"County Ground, Chelmsford",2,0.3,0.3,Derbyshire,Essex,LM Reece,BA Godleman,SR Harmer,0,0,,,,,,,,,,,,,
1244259,2021,2021-05-13,"County Ground, Chelmsford",2,0.4,0.4,Derbyshire,Essex,LM Reece,BA Godleman,SR Harmer,0,0,,,,,,,,,,,,,
1244259,2021,2021-05-13,"County Ground, Chelmsford",2,0.5,0.5,Derbyshire,Essex,LM Reece,BA Godleman,SR Harmer,0,0,,,,,,,,,,,,,
1244259,2021,2021-05-13,"County Ground, Chelmsford",2,0.6,0.6,Derbyshire,Essex,LM Reece,BA Godleman,SR Harmer,0,0,,,,,,,,,,,,,
1244259,2021,2021-05-13,"County Ground, Chelmsford",2,1.1,1.1,Derbyshire,Essex,BA Godleman,LM Reece,DW Lawrence,0,0,,,,,,,,,,,,,
1244259,2021,2021-05-13,"County Ground, Chelmsford",2,1.2,1.2,Derbyshire,Essex,BA Godleman,LM Reece,DW Lawrence,0,0,,,,,,,,,,,,,
1244259,2021,2021-05-13,"County Ground, Chelmsford",2,1.3,1.3,Derbyshire,Essex,BA Godleman,LM Reece,DW Lawrence,0,0,,,,,,,,,,,,,
1244259,2021,2021-05-13,"County Ground, Chelmsford",2,1.4,1.4,Derbyshire,Essex,BA Godleman,LM Reece,DW Lawrence,2,0,,,,,,,,,,,,,
1244259,2021,2021-05-13,"County Ground, Chelmsford",2,1.5,1.5,Derbyshire,Essex,BA Godleman,LM Reece,DW Lawrence,0,0,,,,,,,,,,,,,
1244259,2021,2021-05-13,"County Ground, Chelmsford",2,1.6,1.6,Derbyshire,Essex,BA Godleman,LM Reece,DW Lawrence,0,0,,,,,,,,,,,,,
1244259,2021,2021-05-13,"County Ground, Chelmsford",2,2.1,2.1,Derbyshire,Essex,LM Reece,BA Godleman,SR Harmer,0,0,,,,,,,,,,,,,
1244259,2021,2021-05-13,"County Ground, Chelmsford",2,2.2,2.2,Derbyshire,Essex,LM Reece,BA Godleman,SR Harmer,0,0,,,,,,,,,,,,,
1244259,2021,2021-05-13,"County Ground, Chelmsford",2,2.3,2.3,Derbyshire,Essex,LM Reece,BA Godleman,SR Harmer,0,0,,,,,,,,,,,,,
1244259,2021,2021-05-13,"County Ground, Chelmsford",2,2.4,2.4,Derbyshire,Essex,LM Reece,BA Godleman,SR Harmer,0,0,,,,,,,,,,,,,
1244259,2021,2021-05-13,"County Ground, Chelmsford",2,2.5,2.5,Derbyshire,Essex,LM Reece,BA Godleman,SR Harmer,0,0,,,,,,,,,,,,,
1244259,2021,2021-05-13,"County Ground, Chelmsford",2,2.6,2.6,Derbyshire,Essex,LM Reece,BA Godleman,SR Harmer,0,0,,,,,,,,,,,,,
1244259,2021,2021-05-13,"County Ground, Chelmsford",2,3.1,3.1,Derbyshire,Essex,BA Godleman,LM Reece,DW Lawrence,0,0,,,,,,,,,,,,,
1244259,2021,2021-05-13,"County Ground, Chelmsford",2,3.2,3.2,Derbyshire,Essex,BA Godleman,LM Reece,DW Lawrence,4,0,,,,,,,,,,,,,
1244259,2021,2021-05-13,"County Ground, Chelmsford",2,3.3,3.3,Derbyshire,Essex,BA Godleman,LM Reece,DW Lawrence,0,0,,,,,,,,,,,,,
1244259,2021,2021-05-13,"County Ground, Chelmsford",2,3.4,3.4,Derbyshire,Essex,BA Godleman,LM Reece,DW Lawrence,0,0,,,,,,,,,,,,,
1244259,2021,2021-05-13,"County Ground, Chelmsford",2,3.5,3.5,Derbyshire,Essex,BA Godleman,LM Reece,DW Lawrence,0,0,,,,,,,,,,,,,
1244259,2021,2021-05-13,"County Ground, Chelmsford",2,3.6,3.6,Derbyshire,Essex,BA Godleman,LM Reece,DW Lawrence,0,0,,,,,,,,,,,,,
1244259,2021,2021-05-13,"County Ground, Chelmsford",2,4.1,4.1,Derbyshire,Essex,LM Reece,BA Godleman,SR Harmer,0,0,,,,,,,,,,,,,
1244259,2021,2021-05-13,"County Ground, Chelmsford",2,4.2,4.2,Derbyshire,Essex,LM Reece,BA Godleman,SR Harmer,0,0,,,,,,,,,,,,,
1244259,2021,2021-05-13,"County Ground, Chelmsford",2,4.3,4.3,Derbyshire,Essex,LM Reece,BA Godleman,SR Harmer,0,0,,,,,,,,,,,,,
1244259,2021,2021-05-13,"County Ground, Chelmsford",2,4.4,4.4,Derbyshire,Essex,LM Reece,BA Godleman,SR Harmer,0,0,,,,,,,,,,,,,
1244259,2021,2021-05-13,"County Ground, Chelmsford",2,4.5,4.5,Derbyshire,Essex,LM Reece,BA Godleman,SR Harmer,1,0,,,,,,,,,,,,,
1244259,2021,2021-05-13,"County Ground, Chelmsford",2,4.6,4.6,Derbyshire,Essex,BA Godleman,LM Reece,SR Harmer,0,0,,,,,,,,,,,,,
1244259,2021,2021-05-13,"County Ground, Chelmsford",2,5.1,5.1,Derbyshire,Essex,LM Reece,BA Godleman,DW Lawrence,0,0,,,,,,,,,,,,,
1244259,2021,2021-05-13,"County Ground, Chelmsford",2,5.2,5.2,Derbyshire,Essex,LM Reece,BA Godleman,DW Lawrence,1,0,,,,,,,,,,,,,
1244259,2021,2021-05-13,"County Ground, Chelmsford",2,5.3,5.3,Derbyshire,Essex,BA Godleman,LM Reece,DW Lawrence,0,0,,,,,,,,,,,,,
1244259,2021,2021-05-13,"County Ground, Chelmsford",2,5.4,5.4,Derbyshire,Essex,BA Godleman,LM Reece,DW Lawrence,0,0,,,,,,,,,,,,,
1244259,2021,2021-05-13,"County Ground, Chelmsford",2,5.5,5.5,Derbyshire,Essex,BA Godleman,LM Reece,DW Lawrence,2,0,,,,,,,,,,,,,
1244259,2021,2021-05-13,"County Ground, Chelmsford",2,5.6,5.6,Derbyshire,Essex,BA Godleman,LM Reece,DW Lawrence,0,0,,,,,,,,,,,,,
1244259,2021,2021-05-13,"County Ground, Chelmsford",2,6.1,6.1,Derbyshire,Essex,LM Reece,BA Godleman,SR Harmer,0,0,,,,,,,,,,,,,
1244259,2021,2021-05-13,"County Ground, Chelmsford",2,6.2,6.2,Derbyshire,Essex,LM Reece,BA Godleman,SR Harmer,0,0,,,,,,,,,,,,,
1244259,2021,2021-05-13,"County Ground, Chelmsford",2,6.3,6.3,Derbyshire,Essex,LM Reece,BA Godleman,SR Harmer,0,0,,,,,,,,,,,,,
1244259,2021,2021-05-13,"County Ground, Chelmsford",2,6.4,6.4,Derbyshire,Essex,LM Reece,BA Godleman,SR Harmer,0,0,,,,,,,lbw,LM Reece,,,,,
1244259,2021,2021-05-13,"County Ground, Chelmsford",2,6.5,6.5,Derbyshire,Essex,BD Guest,BA Godleman,SR Harmer,0,0,,,,,,,,,,,,,
1244259,2021,2021-05-13,"County Ground, Chelmsford",2,6.6,6.6,Derbyshire,Essex,BD Guest,BA Godleman,SR Harmer,0,0,,,,,,,,,,,,,
1244259,2021,2021-05-13,"County Ground, Chelmsford",2,7.1,7.1,Derbyshire,Essex,BA Godleman,BD Guest,DW Lawrence,0,0,,,,,,,,,,,,,
1244259,2021,2021-05-13,"County Ground, Chelmsford",2,7.2,7.2,Derbyshire,Essex,BA Godleman,BD Guest,DW Lawrence,0,0,,,,,,,,,,,,,
1244259,2021,2021-05-13,"County Ground, Chelmsford",2,7.3,7.3,Derbyshire,Essex,BA Godleman,BD Guest,DW Lawrence,0,0,,,,,,,,,,,,,
1244259,2021,2021-05-13,"County Ground, Chelmsford",2,7.4,7.4,Derbyshire,Essex,BA Godleman,BD Guest,DW Lawrence,1,0,,,,,,,,,,,,,
1244259,2021,2021-05-13,"County Ground, Chelmsford",2,7.5,7.5,Derbyshire,Essex,BD Guest,BA Godleman,DW Lawrence,2,0,,,,,,,,,,,,,
1244259,2021,2021-05-13,"County Ground, Chelmsford",2,7.6,7.6,Derbyshire,Essex,BD Guest,BA Godleman,DW Lawrence,0,0,,,,,,,,,,,,,
1244259,2021,2021-05-13,"County Ground, Chelmsford",2,8.1,8.1,Derbyshire,Essex,BA Godleman,BD Guest,SR Harmer,0,0,,,,,,,,,,,,,
1244259,2021,2021-05-13,"County Ground, Chelmsford",2,8.2,8.2,Derbyshire,Essex,BA Godleman,BD Guest,SR Harmer,0,0,,,,,,,,,,,,,
1244259,2021,2021-05-13,"County Ground, Chelmsford",2,8.3,8.3,Derbyshire,Essex,BA Godleman,BD Guest,SR Harmer,0,0,,,,,,,,,,,,,
1244259,2021,2021-05-13,"County Ground, Chelmsford",2,8.4,8.4,Derbyshire,Essex,BA Godleman,BD Guest,SR Harmer,0,0,,,,,,,,,,,,,
1244259,2021,2021-05-13,"County Ground, Chelmsford",2,8.5,8.5,Derbyshire,Essex,BA Godleman,BD Guest,SR Harmer,0,0,,,,,,,,,,,,,
1244259,2021,2021-05-13,"County Ground, Chelmsford",2,8.6,8.6,Derbyshire,Essex,BA Godleman,BD Guest,SR Harmer,0,0,,,,,,,,,,,,,
1244259,2021,2021-05-13,"County Ground, Chelmsford",2,9.1,9.1,Derbyshire,Essex,BD Guest,BA Godleman,DW Lawrence,0,3,,,,3,,,,,,,,,
1244259,2021,2021-05-13,"County Ground, Chelmsford",2,9.2,9.2,Derbyshire,Essex,BA Godleman,BD Guest,DW Lawrence,0,0,,,,,,,,,,,,,
1244259,2021,2021-05-13,"County Ground, Chelmsford",2,9.3,9.3,Derbyshire,Essex,BA Godleman,BD Guest,DW Lawrence,0,0,,,,,,,caught,BA Godleman,,,RN ten Doeschate,,
1244259,2021,2021-05-13,"County Ground, Chelmsford",2,9.4,9.4,Derbyshire,Essex,JL du Plooy,BD Guest,DW Lawrence,0,0,,,,,,,,,,,,,
1244259,2021,2021-05-13,"County Ground, Chelmsford",2,9.5,9.5,Derbyshire,Essex,JL du Plooy,BD Guest,DW Lawrence,0,0,,,,,,,,,,,,,
1244259,2021,2021-05-13,"County Ground, Chelmsford",2,9.6,9.6,Derbyshire,Essex,JL du Plooy,BD Guest,DW Lawrence,0,0,,,,,,,,,,,,,
1244259,2021,2021-05-13,"County Ground, Chelmsford",2,10.1,10.1,Derbyshire,Essex,BD Guest,JL du Plooy,SR Harmer,0,0,,,,,,,,,,,,,
1244259,2021,2021-05-13,"County Ground, Chelmsford",2,10.2,10.2,Derbyshire,Essex,BD Guest,JL du Plooy,SR Harmer,1,0,,,,,,,,,,,,,
1244259,2021,2021-05-13,"County Ground, Chelmsford",2,10.3,10.3,Derbyshire,Essex,JL du Plooy,BD Guest,SR Harmer,0,0,,,,,,,,,,,,,
1244259,2021,2021-05-13,"County Ground, Chelmsford",2,10.4,10.4,Derbyshire,Essex,JL du Plooy,BD Guest,SR Harmer,0,0,,,,,,,,,,,,,
1244259,2021,2021-05-13,"County Ground, Chelmsford",2,10.5,10.5,Derbyshire,Essex,JL du Plooy,BD Guest,SR Harmer,0,0,,,,,,,,,,,,,
1244259,2021,2021-05-13,"County Ground, Chelmsford",2,10.6,10.6,Derbyshire,Essex,JL du Plooy,BD Guest,SR Harmer,0,0,,,,,,,,,,,,,
1244259,2021,2021-05-13,"County Ground, Chelmsford",2,11.1,11.1,Derbyshire,Essex,BD Guest,JL du Plooy,DW Lawrence,0,0,,,,,,,,,,,,,
1244259,2021,2021-05-13,"County Ground, Chelmsford",2,11.2,11.2,Derbyshire,Essex,BD Guest,JL du Plooy,DW Lawrence,0,0,,,,,,,,,,,,,
1244259,2021,2021-05-13,"County Ground, Chelmsford",2,11.3,11.3,Derbyshire,Essex,BD Guest,JL du Plooy,DW Lawrence,1,0,,,,,,,,,,,,,
1244259,2021,2021-05-13,"County Ground, Chelmsford",2,11.4,11.4,Derbyshire,Essex,JL du Plooy,BD Guest,DW Lawrence,0,0,,,,,,,,,,,,,
1244259,2021,2021-05-13,"County Ground, Chelmsford",2,11.5,11.5,Derbyshire,Essex,JL du Plooy,BD Guest,DW Lawrence,1,0,,,,,,,,,,,,,
1244259,2021,2021-05-13,"County Ground, Chelmsford",2,11.6,11.6,Derbyshire,Essex,BD Guest,JL du Plooy,DW Lawrence,0,0,,,,,,,,,,,,,
1244259,2021,2021-05-13,"County Ground, Chelmsford",2,12.1,12.1,Derbyshire,Essex,JL du Plooy,BD Guest,SR Harmer,0,0,,,,,,,,,,,,,
1244259,2021,2021-05-13,"County Ground, Chelmsford",2,12.2,12.2,Derbyshire,Essex,JL du Plooy,BD Guest,SR Harmer,0,0,,,,,,,,,,,,,
1244259,2021,2021-05-13,"County Ground, Chelmsford",2,12.3,12.3,Derbyshire,Essex,JL du Plooy,BD Guest,SR Harmer,0,0,,,,,,,,,,,,,
1244259,2021,2021-05-13,"County Ground, Chelmsford",2,12.4,12.4,Derbyshire,Essex,JL du Plooy,BD Guest,SR Harmer,0,0,,,,,,,,,,,,,
1244259,2021,2021-05-13,"County Ground, Chelmsford",2,12.5,12.5,Derbyshire,Essex,JL du Plooy,BD Guest,SR Harmer,0,0,,,,,,,,,,,,,
1244259,2021,2021-05-13,"County Ground, Chelmsford",2,12.6,12.6,Derbyshire,Essex,JL du Plooy,BD Guest,SR Harmer,0,0,,,,,,,,,,,,,
1244259,2021,2021-05-13,"County Ground, Chelmsford",2,13.1,13.1,Derbyshire,Essex,BD Guest,JL du Plooy,DW Lawrence,1,0,,,,,,,,,,,,,
1244259,2021,2021-05-13,"County Ground, Chelmsford",2,13.2,13.2,Derbyshire,Essex,JL du Plooy,BD Guest,DW Lawrence,0,0,,,,,,,,,,,,,
1244259,2021,2021-05-13,"County Ground, Chelmsford",2,13.3,13.3,Derbyshire,Essex,JL du Plooy,BD Guest,DW Lawrence,0,0,,,,,,,,,,,,,
1244259,2021,2021-05-13,"County Ground, Chelmsford",2,13.4,13.4,Derbyshire,Essex,JL du Plooy,BD Guest,DW Lawrence,0,0,,,,,,,,,,,,,
1244259,2021,2021-05-13,"County Ground, Chelmsford",2,13.5,13.5,Derbyshire,Essex,JL du Plooy,BD Guest,DW Lawrence,0,0,,,,,,,,,,,,,
1244259,2021,2021-05-13,"County Ground, Chelmsford",2,13.6,13.6,Derbyshire,Essex,JL du Plooy,BD Guest,DW Lawrence,0,0,,,,,,,,,,,,,
1244259,2021,2021-05-13,"County Ground, Chelmsford",2,14.1,14.1,Derbyshire,Essex,BD Guest,JL du Plooy,SR Harmer,0,0,,,,,,,,,,,,,
1244259,2021,2021-05-13,"County Ground, Chelmsford",2,14.2,14.2,Derbyshire,Essex,BD Guest,JL du Plooy,SR Harmer,2,0,,,,,,,,,,,,,
1244259,2021,2021-05-13,"County Ground, Chelmsford",2,14.3,14.3,Derbyshire,Essex,BD Guest,JL du Plooy,SR Harmer,0,0,,,,,,,,,,,,,
1244259,2021,2021-05-13,"County Ground, Chelmsford",2,14.4,14.4,Derbyshire,Essex,BD Guest,JL du Plooy,SR Harmer,0,0,,,,,,,,,,,,,
1244259,2021,2021-05-13,"County Ground, Chelmsford",2,14.5,14.5,Derbyshire,Essex,BD Guest,JL du Plooy,SR Harmer,4,0,,,,,,,,,,,,,
1244259,2021,2021-05-13,"County Ground, Chelmsford",2,14.6,14.6,Derbyshire,Essex,BD Guest,JL du Plooy,SR Harmer,0,0,,,,,,,,,,,,,
1244259,2021,2021-05-13,"County Ground, Chelmsford",2,15.1,15.1,Derbyshire,Essex,JL du Plooy,BD Guest,DW Lawrence,0,0,,,,,,,,,,,,,
1244259,2021,2021-05-13,"County Ground, Chelmsford",2,15.2,15.2,Derbyshire,Essex,JL du Plooy,BD Guest,DW Lawrence,1,0,,,,,,,,,,,,,
1244259,2021,2021-05-13,"County Ground, Chelmsford",2,15.3,15.3,Derbyshire,Essex,BD Guest,JL du Plooy,DW Lawrence,0,0,,,,,,,,,,,,,
1244259,2021,2021-05-13,"County Ground, Chelmsford",2,15.4,15.4,Derbyshire,Essex,BD Guest,JL du Plooy,DW Lawrence,0,0,,,,,,,,,,,,,
1244259,2021,2021-05-13,"County Ground, Chelmsford",2,15.5,15.5,Derbyshire,Essex,BD Guest,JL du Plooy,DW Lawrence,0,0,,,,,,,,,,,,,
1244259,2021,2021-05-13,"County Ground, Chelmsford",2,15.6,15.6,Derbyshire,Essex,BD Guest,JL du Plooy,DW Lawrence,0,0,,,,,,,,,,,,,
1244259,2021,2021-05-13,"County Ground, Chelmsford",2,16.1,16.1,Derbyshire,Essex,JL du Plooy,BD Guest,SR Harmer,0,0,,,,,,,,,,,,,
1244259,2021,2021-05-13,"County Ground, Chelmsford",2,16.2,16.2,Derbyshire,Essex,JL du Plooy,BD Guest,SR Harmer,0,0,,,,,,,,,,,,,
1244259,2021,2021-05-13,"County Ground, Chelmsford",2,16.3,16.3,Derbyshire,Essex,JL du Plooy,BD Guest,SR Harmer,0,0,,,,,,,,,,,,,
1244259,2021,2021-05-13,"County Ground, Chelmsford",2,16.4,16.4,Derbyshire,Essex,JL du Plooy,BD Guest,SR Harmer,0,0,,,,,,,,,,,,,
1244259,2021,2021-05-13,"County Ground, Chelmsford",2,16.5,16.5,Derbyshire,Essex,JL du Plooy,BD Guest,SR Harmer,0,0,,,,,,,caught,JL du Plooy,,,DW Lawrence,,
1244259,2021,2021-05-13,"County Ground, Chelmsford",2,16.6,16.6,Derbyshire,Essex,AL Hughes,BD Guest,SR Harmer,0,0,,,,,,,,,,,,,
1244259,2021,2021-05-13,"County Ground, Chelmsford",2,17.1,17.1,Derbyshire,Essex,BD Guest,AL Hughes,DW Lawrence,0,0,,,,,,,,,,,,,
1244259,2021,2021-05-13,"County Ground, Chelmsford",2,17.2,17.2,Derbyshire,Essex,BD Guest,AL Hughes,DW Lawrence,0,0,,,,,,,,,,,,,
1244259,2021,2021-05-13,"County Ground, Chelmsford",2,17.3,17.3,Derbyshire,Essex,BD Guest,AL Hughes,DW Lawrence,0,0,,,,,,,,,,,,,
1244259,2021,2021-05-13,"County Ground, Chelmsford",2,17.4,17.4,Derbyshire,Essex,BD Guest,AL Hughes,DW Lawrence,0,0,,,,,,,,,,,,,
1244259,2021,2021-05-13,"County Ground, Chelmsford",2,17.5,17.5,Derbyshire,Essex,BD Guest,AL Hughes,DW Lawrence,0,0,,,,,,,,,,,,,
1244259,2021,2021-05-13,"County Ground, Chelmsford",2,17.6,17.6,Derbyshire,Essex,BD Guest,AL Hughes,DW Lawrence,0,0,,,,,,,,,,,,,
1244259,2021,2021-05-13,"County Ground, Chelmsford",2,18.1,18.1,Derbyshire,Essex,AL Hughes,BD Guest,SR Harmer,0,0,,,,,,,,,,,,,
1244259,2021,2021-05-13,"County Ground, Chelmsford",2,18.2,18.2,Derbyshire,Essex,AL Hughes,BD Guest,SR Harmer,0,0,,,,,,,,,,,,,
1244259,2021,2021-05-13,"County Ground, Chelmsford",2,18.3,18.3,Derbyshire,Essex,AL Hughes,BD Guest,SR Harmer,4,0,,,,,,,,,,,,,
1244259,2021,2021-05-13,"County Ground, Chelmsford",2,18.4,18.4,Derbyshire,Essex,AL Hughes,BD Guest,SR Harmer,0,0,,,,,,,,,,,,,
1244259,2021,2021-05-13,"County Ground, Chelmsford",2,18.5,18.5,Derbyshire,Essex,AL Hughes,BD Guest,SR Harmer,0,0,,,,,,,,,,,,,
1244259,2021,2021-05-13,"County Ground, Chelmsford",2,18.6,18.6,Derbyshire,Essex,AL Hughes,BD Guest,SR Harmer,0,0,,,,,,,,,,,,,
1244259,2021,2021-05-13,"County Ground, Chelmsford",2,19.1,19.1,Derbyshire,Essex,BD Guest,AL Hughes,DW Lawrence,3,0,,,,,,,,,,,,,
1244259,2021,2021-05-13,"County Ground, Chelmsford",2,19.2,19.2,Derbyshire,Essex,AL Hughes,BD Guest,DW Lawrence,0,0,,,,,,,,,,,,,
1244259,2021,2021-05-13,"County Ground, Chelmsford",2,19.3,19.3,Derbyshire,Essex,AL Hughes,BD Guest,DW Lawrence,0,0,,,,,,,,,,,,,
1244259,2021,2021-05-13,"County Ground, Chelmsford",2,19.4,19.4,Derbyshire,Essex,AL Hughes,BD Guest,DW Lawrence,0,0,,,,,,,,,,,,,
1244259,2021,2021-05-13,"County Ground, Chelmsford",2,19.5,19.5,Derbyshire,Essex,AL Hughes,BD Guest,DW Lawrence,0,0,,,,,,,,,,,,,
1244259,2021,2021-05-13,"County Ground, Chelmsford",2,19.6,19.6,Derbyshire,Essex,AL Hughes,BD Guest,DW Lawrence,0,0,,,,,,,,,,,,,
1244259,2021,2021-05-13,"County Ground, Chelmsford",2,20.1,20.1,Derbyshire,Essex,BD Guest,AL Hughes,SR Harmer,0,0,,,,,,,,,,,,,
1244259,2021,2021-05-13,"County Ground, Chelmsford",2,20.2,20.2,Derbyshire,Essex,BD Guest,AL Hughes,SR Harmer,0,0,,,,,,,,,,,,,
1244259,2021,2021-05-13,"County Ground, Chelmsford",2,20.3,20.3,Derbyshire,Essex,BD Guest,AL Hughes,SR Harmer,0,0,,,,,,,,,,,,,
1244259,2021,2021-05-13,"County Ground, Chelmsford",2,20.4,20.4,Derbyshire,Essex,BD Guest,AL Hughes,SR Harmer,0,0,,,,,,,,,,,,,
1244259,2021,2021-05-13,"County Ground, Chelmsford",2,20.5,20.5,Derbyshire,Essex,BD Guest,AL Hughes,SR Harmer,0,0,,,,,,,,,,,,,
1244259,2021,2021-05-13,"County Ground, Chelmsford",2,20.6,20.6,Derbyshire,Essex,BD Guest,AL Hughes,SR Harmer,0,0,,,,,,,,,,,,,
1244259,2021,2021-05-13,"County Ground, Chelmsford",2,21.1,21.1,Derbyshire,Essex,AL Hughes,BD Guest,DW Lawrence,0,0,,,,,,,,,,,,,
1244259,2021,2021-05-13,"County Ground, Chelmsford",2,21.2,21.2,Derbyshire,Essex,AL Hughes,BD Guest,DW Lawrence,1,0,,,,,,,,,,,,,
1244259,2021,2021-05-13,"County Ground, Chelmsford",2,21.3,21.3,Derbyshire,Essex,BD Guest,AL Hughes,DW Lawrence,0,0,,,,,,,,,,,,,
1244259,2021,2021-05-13,"County Ground, Chelmsford",2,21.4,21.4,Derbyshire,Essex,BD Guest,AL Hughes,DW Lawrence,0,0,,,,,,,,,,,,,
1244259,2021,2021-05-13,"County Ground, Chelmsford",2,21.5,21.5,Derbyshire,Essex,BD Guest,AL Hughes,DW Lawrence,0,0,,,,,,,,,,,,,
1244259,2021,2021-05-13,"County Ground, Chelmsford",2,21.6,21.6,Derbyshire,Essex,BD Guest,AL Hughes,DW Lawrence,0,0,,,,,,,,,,,,,
1244259,2021,2021-05-13,"County Ground, Chelmsford",2,22.1,22.1,Derbyshire,Essex,AL Hughes,BD Guest,SJ Cook,0,0,,,,,,,,,,,,,
1244259,2021,2021-05-13,"County Ground, Chelmsford",2,22.2,22.2,Derbyshire,Essex,AL Hughes,BD Guest,SJ Cook,0,0,,,,,,,,,,,,,
1244259,2021,2021-05-13,"County Ground, Chelmsford",2,22.3,22.3,Derbyshire,Essex,AL Hughes,BD Guest,SJ Cook,0,0,,,,,,,,,,,,,
1244259,2021,2021-05-13,"County Ground, Chelmsford",2,22.4,22.4,Derbyshire,Essex,AL Hughes,BD Guest,SJ Cook,1,0,,,,,,,,,,,,,
1244259,2021,2021-05-13,"County Ground, Chelmsford",2,22.5,22.5,Derbyshire,Essex,BD Guest,AL Hughes,SJ Cook,0,0,,,,,,,,,,,,,
1244259,2021,2021-05-13,"County Ground, Chelmsford",2,22.6,22.6,Derbyshire,Essex,BD Guest,AL Hughes,SJ Cook,0,0,,,,,,,,,,,,,
1244259,2021,2021-05-13,"County Ground, Chelmsford",2,23.1,23.1,Derbyshire,Essex,AL Hughes,BD Guest,JA Porter,0,0,,,,,,,,,,,,,
1244259,2021,2021-05-13,"County Ground, Chelmsford",2,23.2,23.2,Derbyshire,Essex,AL Hughes,BD Guest,JA Porter,0,0,,,,,,,,,,,,,
1244259,2021,2021-05-13,"County Ground, Chelmsford",2,23.3,23.3,Derbyshire,Essex,AL Hughes,BD Guest,JA Porter,1,0,,,,,,,,,,,,,
1244259,2021,2021-05-13,"County Ground, Chelmsford",2,23.4,23.4,Derbyshire,Essex,BD Guest,AL Hughes,JA Porter,2,0,,,,,,,,,,,,,
1244259,2021,2021-05-13,"County Ground, Chelmsford",2,23.5,23.5,Derbyshire,Essex,BD Guest,AL Hughes,JA Porter,0,0,,,,,,,,,,,,,
1244259,2021,2021-05-13,"County Ground, Chelmsford",2,23.6,23.6,Derbyshire,Essex,BD Guest,AL Hughes,JA Porter,0,0,,,,,,,,,,,,,
1244259,2021,2021-05-13,"County Ground, Chelmsford",2,24.1,24.1,Derbyshire,Essex,AL Hughes,BD Guest,SJ Cook,0,0,,,,,,,,,,,,,
1244259,2021,2021-05-13,"County Ground, Chelmsford",2,24.2,24.2,Derbyshire,Essex,AL Hughes,BD Guest,SJ Cook,0,0,,,,,,,,,,,,,
1244259,2021,2021-05-13,"County Ground, Chelmsford",2,24.3,24.3,Derbyshire,Essex,AL Hughes,BD Guest,SJ Cook,0,0,,,,,,,,,,,,,
1244259,2021,2021-05-13,"County Ground, Chelmsford",2,24.4,24.4,Derbyshire,Essex,AL Hughes,BD Guest,SJ Cook,0,0,,,,,,,,,,,,,
1244259,2021,2021-05-13,"County Ground, Chelmsford",2,24.5,24.5,Derbyshire,Essex,AL Hughes,BD Guest,SJ Cook,1,0,,,,,,,,,,,,,
1244259,2021,2021-05-13,"County Ground, Chelmsford",2,24.6,24.6,Derbyshire,Essex,BD Guest,AL Hughes,SJ Cook,0,0,,,,,,,,,,,,,
1244259,2021,2021-05-13,"County Ground, Chelmsford",2,25.1,25.1,Derbyshire,Essex,AL Hughes,BD Guest,JA Porter,0,0,,,,,,,,,,,,,
1244259,2021,2021-05-13,"County Ground, Chelmsford",2,25.2,25.2,Derbyshire,Essex,AL Hughes,BD Guest,JA Porter,0,0,,,,,,,,,,,,,
1244259,2021,2021-05-13,"County Ground, Chelmsford",2,25.3,25.3,Derbyshire,Essex,AL Hughes,BD Guest,JA Porter,0,0,,,,,,,,,,,,,
1244259,2021,2021-05-13,"County Ground, Chelmsford",2,25.4,25.4,Derbyshire,Essex,AL Hughes,BD Guest,JA Porter,0,0,,,,,,,,,,,,,
1244259,2021,2021-05-13,"County Ground, Chelmsford",2,25.5,25.5,Derbyshire,Essex,AL Hughes,BD Guest,JA Porter,4,0,,,,,,,,,,,,,
1244259,2021,2021-05-13,"County Ground, Chelmsford",2,25.6,25.6,Derbyshire,Essex,AL Hughes,BD Guest,JA Porter,0,0,,,,,,,,,,,,,
1244259,2021,2021-05-13,"County Ground, Chelmsford",2,26.1,26.1,Derbyshire,Essex,BD Guest,AL Hughes,SJ Cook,0,0,,,,,,,,,,,,,
1244259,2021,2021-05-13,"County Ground, Chelmsford",2,26.2,26.2,Derbyshire,Essex,BD Guest,AL Hughes,SJ Cook,0,0,,,,,,,,,,,,,
1244259,2021,2021-05-13,"County Ground, Chelmsford",2,26.3,26.3,Derbyshire,Essex,BD Guest,AL Hughes,SJ Cook,1,0,,,,,,,,,,,,,
1244259,2021,2021-05-13,"County Ground, Chelmsford",2,26.4,26.4,Derbyshire,Essex,AL Hughes,BD Guest,SJ Cook,0,0,,,,,,,,,,,,,
1244259,2021,2021-05-13,"County Ground, Chelmsford",2,26.5,26.5,Derbyshire,Essex,AL Hughes,BD Guest,SJ Cook,0,0,,,,,,,,,,,,,
1244259,2021,2021-05-13,"County Ground, Chelmsford",2,26.6,26.6,Derbyshire,Essex,AL Hughes,BD Guest,SJ Cook,0,0,,,,,,,,,,,,,
1244259,2021,2021-05-13,"County Ground, Chelmsford",2,27.1,27.1,Derbyshire,Essex,BD Guest,AL Hughes,JA Porter,1,0,,,,,,,,,,,,,
1244259,2021,2021-05-13,"County Ground, Chelmsford",2,27.2,27.2,Derbyshire,Essex,AL Hughes,BD Guest,JA Porter,0,0,,,,,,,,,,,,,
1244259,2021,2021-05-13,"County Ground, Chelmsford",2,27.3,27.3,Derbyshire,Essex,AL Hughes,BD Guest,JA Porter,2,0,,,,,,,,,,,,,
1244259,2021,2021-05-13,"County Ground, Chelmsford",2,27.4,27.4,Derbyshire,Essex,AL Hughes,BD Guest,JA Porter,0,0,,,,,,,,,,,,,
1244259,2021,2021-05-13,"County Ground, Chelmsford",2,27.5,27.5,Derbyshire,Essex,AL Hughes,BD Guest,JA Porter,0,0,,,,,,,,,,,,,
1244259,2021,2021-05-13,"County Ground, Chelmsford",2,27.6,27.6,Derbyshire,Essex,AL Hughes,BD Guest,JA Porter,0,0,,,,,,,,,,,,,
1244259,2021,2021-05-13,"County Ground, Chelmsford",2,28.1,28.1,Derbyshire,Essex,BD Guest,AL Hughes,SR Harmer,1,0,,,,,,,,,,,,,
1244259,2021,2021-05-13,"County Ground, Chelmsford",2,28.2,28.2,Derbyshire,Essex,AL Hughes,BD Guest,SR Harmer,0,0,,,,,,,,,,,,,
1244259,2021,2021-05-13,"County Ground, Chelmsford",2,28.3,28.3,Derbyshire,Essex,AL Hughes,BD Guest,SR Harmer,0,0,,,,,,,,,,,,,
1244259,2021,2021-05-13,"County Ground, Chelmsford",2,28.4,28.4,Derbyshire,Essex,AL Hughes,BD Guest,SR Harmer,0,0,,,,,,,,,,,,,
1244259,2021,2021-05-13,"County Ground, Chelmsford",2,28.5,28.5,Derbyshire,Essex,AL Hughes,BD Guest,SR Harmer,0,0,,,,,,,,,,,,,
1244259,2021,2021-05-13,"County Ground, Chelmsford",2,28.6,28.6,Derbyshire,Essex,AL Hughes,BD Guest,SR Harmer,4,0,,,,,,,,,,,,,
1244259,2021,2021-05-13,"County Ground, Chelmsford",2,29.1,29.1,Derbyshire,Essex,BD Guest,AL Hughes,JA Porter,2,0,,,,,,,,,,,,,
1244259,2021,2021-05-13,"County Ground, Chelmsford",2,29.2,29.2,Derbyshire,Essex,BD Guest,AL Hughes,JA Porter,0,0,,,,,,,,,,,,,
1244259,2021,2021-05-13,"County Ground, Chelmsford",2,29.3,29.3,Derbyshire,Essex,BD Guest,AL Hughes,JA Porter,0,0,,,,,,,,,,,,,
1244259,2021,2021-05-13,"County Ground, Chelmsford",2,29.4,29.4,Derbyshire,Essex,BD Guest,AL Hughes,JA Porter,0,0,,,,,,,,,,,,,
1244259,2021,2021-05-13,"County Ground, Chelmsford",2,29.5,29.5,Derbyshire,Essex,BD Guest,AL Hughes,JA Porter,0,0,,,,,,,,,,,,,
1244259,2021,2021-05-13,"County Ground, Chelmsford",2,29.6,29.6,Derbyshire,Essex,BD Guest,AL Hughes,JA Porter,0,0,,,,,,,,,,,,,
1244259,2021,2021-05-13,"County Ground, Chelmsford",2,30.1,30.1,Derbyshire,Essex,AL Hughes,BD Guest,SR Harmer,0,0,,,,,,,,,,,,,
1244259,2021,2021-05-13,"County Ground, Chelmsford",2,30.2,30.2,Derbyshire,Essex,AL Hughes,BD Guest,SR Harmer,0,0,,,,,,,,,,,,,
1244259,2021,2021-05-13,"County Ground, Chelmsford",2,30.3,30.3,Derbyshire,Essex,AL Hughes,BD Guest,SR Harmer,0,0,,,,,,,,,,,,,
1244259,2021,2021-05-13,"County Ground, Chelmsford",2,30.4,30.4,Derbyshire,Essex,AL Hughes,BD Guest,SR Harmer,4,0,,,,,,,,,,,,,
1244259,2021,2021-05-13,"County Ground, Chelmsford",2,30.5,30.5,Derbyshire,Essex,AL Hughes,BD Guest,SR Harmer,0,0,,,,,,,,,,,,,
1244259,2021,2021-05-13,"County Ground, Chelmsford",2,30.6,30.6,Derbyshire,Essex,AL Hughes,BD Guest,SR Harmer,0,0,,,,,,,,,,,,,
1244259,2021,2021-05-13,"County Ground, Chelmsford",2,31.1,31.1,Derbyshire,Essex,BD Guest,AL Hughes,JA Porter,0,0,,,,,,,,,,,,,
1244259,2021,2021-05-13,"County Ground, Chelmsford",2,31.2,31.2,Derbyshire,Essex,BD Guest,AL Hughes,JA Porter,0,0,,,,,,,,,,,,,
1244259,2021,2021-05-13,"County Ground, Chelmsford",2,31.3,31.3,Derbyshire,Essex,BD Guest,AL Hughes,JA Porter,0,0,,,,,,,,,,,,,
1244259,2021,2021-05-13,"County Ground, Chelmsford",2,31.4,31.4,Derbyshire,Essex,BD Guest,AL Hughes,JA Porter,0,0,,,,,,,,,,,,,
1244259,2021,2021-05-13,"County Ground, Chelmsford",2,31.5,31.5,Derbyshire,Essex,BD Guest,AL Hughes,JA Porter,3,0,,,,,,,,,,,,,
1244259,2021,2021-05-13,"County Ground, Chelmsford",2,31.6,31.6,Derbyshire,Essex,AL Hughes,BD Guest,JA Porter,0,0,,,,,,,,,,,,,
1244259,2021,2021-05-13,"County Ground, Chelmsford",2,32.1,32.1,Derbyshire,Essex,BD Guest,AL Hughes,SR Harmer,4,0,,,,,,,,,,,,,
1244259,2021,2021-05-13,"County Ground, Chelmsford",2,32.2,32.2,Derbyshire,Essex,BD Guest,AL Hughes,SR Harmer,0,0,,,,,,,,,,,,,
1244259,2021,2021-05-13,"County Ground, Chelmsford",2,32.3,32.3,Derbyshire,Essex,BD Guest,AL Hughes,SR Harmer,0,0,,,,,,,,,,,,,
1244259,2021,2021-05-13,"County Ground, Chelmsford",2,32.4,32.4,Derbyshire,Essex,BD Guest,AL Hughes,SR Harmer,0,0,,,,,,,,,,,,,
1244259,2021,2021-05-13,"County Ground, Chelmsford",2,32.5,32.5,Derbyshire,Essex,BD Guest,AL Hughes,SR Harmer,0,0,,,,,,,,,,,,,
1244259,2021,2021-05-13,"County Ground, Chelmsford",2,32.6,32.6,Derbyshire,Essex,BD Guest,AL Hughes,SR Harmer,0,0,,,,,,,,,,,,,
1244259,2021,2021-05-13,"County Ground, Chelmsford",2,33.1,33.1,Derbyshire,Essex,AL Hughes,BD Guest,SJ Cook,0,0,,,,,,,,,,,,,
1244259,2021,2021-05-13,"County Ground, Chelmsford",2,33.2,33.2,Derbyshire,Essex,AL Hughes,BD Guest,SJ Cook,0,0,,,,,,,,,,,,,
1244259,2021,2021-05-13,"County Ground, Chelmsford",2,33.3,33.3,Derbyshire,Essex,AL Hughes,BD Guest,SJ Cook,0,0,,,,,,,,,,,,,
1244259,2021,2021-05-13,"County Ground, Chelmsford",2,33.4,33.4,Derbyshire,Essex,AL Hughes,BD Guest,SJ Cook,0,0,,,,,,,,,,,,,
1244259,2021,2021-05-13,"County Ground, Chelmsford",2,33.5,33.5,Derbyshire,Essex,AL Hughes,BD Guest,SJ Cook,0,1,,,,1,,,,,,,,,
1244259,2021,2021-05-13,"County Ground, Chelmsford",2,33.6,33.6,Derbyshire,Essex,BD Guest,AL Hughes,SJ Cook,4,0,,,,,,,,,,,,,
1244259,2021,2021-05-13,"County Ground, Chelmsford",2,34.1,34.1,Derbyshire,Essex,AL Hughes,BD Guest,SR Harmer,0,0,,,,,,,,,,,,,
1244259,2021,2021-05-13,"County Ground, Chelmsford",2,34.2,34.2,Derbyshire,Essex,AL Hughes,BD Guest,SR Harmer,0,0,,,,,,,,,,,,,
1244259,2021,2021-05-13,"County Ground, Chelmsford",2,34.3,34.3,Derbyshire,Essex,AL Hughes,BD Guest,SR Harmer,0,0,,,,,,,,,,,,,
1244259,2021,2021-05-13,"County Ground, Chelmsford",2,34.4,34.4,Derbyshire,Essex,AL Hughes,BD Guest,SR Harmer,0,0,,,,,,,stumped,AL Hughes,,,AJA Wheater,,
1244259,2021,2021-05-13,"County Ground, Chelmsford",2,34.5,34.5,Derbyshire,Essex,WL Madsen,BD Guest,SR Harmer,2,0,,,,,,,,,,,,,
1244259,2021,2021-05-13,"County Ground, Chelmsford",2,34.6,34.6,Derbyshire,Essex,WL Madsen,BD Guest,SR Harmer,0,0,,,,,,,,,,,,,
1244259,2021,2021-05-13,"County Ground, Chelmsford",2,35.1,35.1,Derbyshire,Essex,BD Guest,WL Madsen,SJ Cook,0,0,,,,,,,,,,,,,
1244259,2021,2021-05-13,"County Ground, Chelmsford",2,35.2,35.2,Derbyshire,Essex,BD Guest,WL Madsen,SJ Cook,0,0,,,,,,,,,,,,,
1244259,2021,2021-05-13,"County Ground, Chelmsford",2,35.3,35.3,Derbyshire,Essex,BD Guest,WL Madsen,SJ Cook,0,0,,,,,,,,,,,,,
1244259,2021,2021-05-13,"County Ground, Chelmsford",2,35.4,35.4,Derbyshire,Essex,BD Guest,WL Madsen,SJ Cook,0,0,,,,,,,,,,,,,
1244259,2021,2021-05-13,"County Ground, Chelmsford",2,35.5,35.5,Derbyshire,Essex,BD Guest,WL Madsen,SJ Cook,0,0,,,,,,,,,,,,,
1244259,2021,2021-05-13,"County Ground, Chelmsford",2,35.6,35.6,Derbyshire,Essex,BD Guest,WL Madsen,SJ Cook,0,0,,,,,,,,,,,,,
1244259,2021,2021-05-13,"County Ground, Chelmsford",2,36.1,36.1,Derbyshire,Essex,WL Madsen,BD Guest,SR Harmer,1,0,,,,,,,,,,,,,
1244259,2021,2021-05-13,"County Ground, Chelmsford",2,36.2,36.2,Derbyshire,Essex,BD Guest,WL Madsen,SR Harmer,0,0,,,,,,,,,,,,,
1244259,2021,2021-05-13,"County Ground, Chelmsford",2,36.3,36.3,Derbyshire,Essex,BD Guest,WL Madsen,SR Harmer,1,0,,,,,,,,,,,,,
1244259,2021,2021-05-13,"County Ground, Chelmsford",2,36.4,36.4,Derbyshire,Essex,WL Madsen,BD Guest,SR Harmer,0,0,,,,,,,,,,,,,
1244259,2021,2021-05-13,"County Ground, Chelmsford",2,36.5,36.5,Derbyshire,Essex,WL Madsen,BD Guest,SR Harmer,0,0,,,,,,,,,,,,,
1244259,2021,2021-05-13,"County Ground, Chelmsford",2,36.6,36.6,Derbyshire,Essex,WL Madsen,BD Guest,SR Harmer,2,0,,,,,,,,,,,,,
1244259,2021,2021-05-13,"County Ground, Chelmsford",2,37.1,37.1,Derbyshire,Essex,BD Guest,WL Madsen,SJ Cook,0,0,,,,,,,,,,,,,
1244259,2021,2021-05-13,"County Ground, Chelmsford",2,37.2,37.2,Derbyshire,Essex,BD Guest,WL Madsen,SJ Cook,0,0,,,,,,,,,,,,,
1244259,2021,2021-05-13,"County Ground, Chelmsford",2,37.3,37.3,Derbyshire,Essex,BD Guest,WL Madsen,SJ Cook,0,0,,,,,,,,,,,,,
1244259,2021,2021-05-13,"County Ground, Chelmsford",2,37.4,37.4,Derbyshire,Essex,BD Guest,WL Madsen,SJ Cook,0,0,,,,,,,,,,,,,
1244259,2021,2021-05-13,"County Ground, Chelmsford",2,37.5,37.5,Derbyshire,Essex,BD Guest,WL Madsen,SJ Cook,0,0,,,,,,,,,,,,,
1244259,2021,2021-05-13,"County Ground, Chelmsford",2,37.6,37.6,Derbyshire,Essex,BD Guest,WL Madsen,SJ Cook,0,0,,,,,,,,,,,,,
1244259,2021,2021-05-13,"County Ground, Chelmsford",2,38.1,38.1,Derbyshire,Essex,WL Madsen,BD Guest,SR Harmer,0,0,,,,,,,,,,,,,
1244259,2021,2021-05-13,"County Ground, Chelmsford",2,38.2,38.2,Derbyshire,Essex,WL Madsen,BD Guest,SR Harmer,1,0,,,,,,,,,,,,,
1244259,2021,2021-05-13,"County Ground, Chelmsford",2,38.3,38.3,Derbyshire,Essex,BD Guest,WL Madsen,SR Harmer,0,0,,,,,,,,,,,,,
1244259,2021,2021-05-13,"County Ground, Chelmsford",2,38.4,38.4,Derbyshire,Essex,BD Guest,WL Madsen,SR Harmer,0,0,,,,,,,,,,,,,
1244259,2021,2021-05-13,"County Ground, Chelmsford",2,38.5,38.5,Derbyshire,Essex,BD Guest,WL Madsen,SR Harmer,0,0,,,,,,,,,,,,,
1244259,2021,2021-05-13,"County Ground, Chelmsford",2,38.6,38.6,Derbyshire,Essex,BD Guest,WL Madsen,SR Harmer,0,0,,,,,,,,,,,,,
1244259,2021,2021-05-13,"County Ground, Chelmsford",2,39.1,39.1,Derbyshire,Essex,WL Madsen,BD Guest,SJ Cook,0,0,,,,,,,,,,,,,
1244259,2021,2021-05-13,"County Ground, Chelmsford",2,39.2,39.2,Derbyshire,Essex,WL Madsen,BD Guest,SJ Cook,0,0,,,,,,,,,,,,,
1244259,2021,2021-05-13,"County Ground, Chelmsford",2,39.3,39.3,Derbyshire,Essex,WL Madsen,BD Guest,SJ Cook,1,0,,,,,,,,,,,,,
1244259,2021,2021-05-13,"County Ground, Chelmsford",2,39.4,39.4,Derbyshire,Essex,BD Guest,WL Madsen,SJ Cook,0,0,,,,,,,,,,,,,
1244259,2021,2021-05-13,"County Ground, Chelmsford",2,39.5,39.5,Derbyshire,Essex,BD Guest,WL Madsen,SJ Cook,0,0,,,,,,,,,,,,,
1244259,2021,2021-05-13,"County Ground, Chelmsford",2,39.6,39.6,Derbyshire,Essex,BD Guest,WL Madsen,SJ Cook,0,0,,,,,,,,,,,,,
1244259,2021,2021-05-13,"County Ground, Chelmsford",2,40.1,40.1,Derbyshire,Essex,WL Madsen,BD Guest,SR Harmer,0,0,,,,,,,,,,,,,
1244259,2021,2021-05-13,"County Ground, Chelmsford",2,40.2,40.2,Derbyshire,Essex,WL Madsen,BD Guest,SR Harmer,0,0,,,,,,,,,,,,,
1244259,2021,2021-05-13,"County Ground, Chelmsford",2,40.3,40.3,Derbyshire,Essex,WL Madsen,BD Guest,SR Harmer,4,0,,,,,,,,,,,,,
1244259,2021,2021-05-13,"County Ground, Chelmsford",2,40.4,40.4,Derbyshire,Essex,WL Madsen,BD Guest,SR Harmer,0,0,,,,,,,,,,,,,
1244259,2021,2021-05-13,"County Ground, Chelmsford",2,40.5,40.5,Derbyshire,Essex,WL Madsen,BD Guest,SR Harmer,0,0,,,,,,,,,,,,,
1244259,2021,2021-05-13,"County Ground, Chelmsford",2,40.6,40.6,Derbyshire,Essex,WL Madsen,BD Guest,SR Harmer,0,0,,,,,,,,,,,,,
1244259,2021,2021-05-13,"County Ground, Chelmsford",2,41.1,41.1,Derbyshire,Essex,BD Guest,WL Madsen,S Snater,1,0,,,,,,,,,,,,,
1244259,2021,2021-05-13,"County Ground, Chelmsford",2,41.2,41.2,Derbyshire,Essex,WL Madsen,BD Guest,S Snater,0,0,,,,,,,,,,,,,
1244259,2021,2021-05-13,"County Ground, Chelmsford",2,41.3,41.3,Derbyshire,Essex,WL Madsen,BD Guest,S Snater,0,0,,,,,,,,,,,,,
1244259,2021,2021-05-13,"County Ground, Chelmsford",2,41.4,41.4,Derbyshire,Essex,WL Madsen,BD Guest,S Snater,0,0,,,,,,,,,,,,,
1244259,2021,2021-05-13,"County Ground, Chelmsford",2,41.5,41.5,Derbyshire,Essex,WL Madsen,BD Guest,S Snater,0,0,,,,,,,,,,,,,
1244259,2021,2021-05-13,"County Ground, Chelmsford",2,41.6,41.6,Derbyshire,Essex,WL Madsen,BD Guest,S Snater,0,0,,,,,,,,,,,,,
1244259,2021,2021-05-13,"County Ground, Chelmsford",2,42.1,42.1,Derbyshire,Essex,BD Guest,WL Madsen,SR Harmer,0,0,,,,,,,,,,,,,
1244259,2021,2021-05-13,"County Ground, Chelmsford",2,42.2,42.2,Derbyshire,Essex,BD Guest,WL Madsen,SR Harmer,0,0,,,,,,,,,,,,,
1244259,2021,2021-05-13,"County Ground, Chelmsford",2,42.3,42.3,Derbyshire,Essex,BD Guest,WL Madsen,SR Harmer,0,0,,,,,,,,,,,,,
1244259,2021,2021-05-13,"County Ground, Chelmsford",2,42.4,42.4,Derbyshire,Essex,BD Guest,WL Madsen,SR Harmer,0,0,,,,,,,,,,,,,
1244259,2021,2021-05-13,"County Ground, Chelmsford",2,42.5,42.5,Derbyshire,Essex,BD Guest,WL Madsen,SR Harmer,0,0,,,,,,,,,,,,,
1244259,2021,2021-05-13,"County Ground, Chelmsford",2,42.6,42.6,Derbyshire,Essex,BD Guest,WL Madsen,SR Harmer,0,0,,,,,,,,,,,,,
1244259,2021,2021-05-13,"County Ground, Chelmsford",2,43.1,43.1,Derbyshire,Essex,WL Madsen,BD Guest,S Snater,0,0,,,,,,,,,,,,,
1244259,2021,2021-05-13,"County Ground, Chelmsford",2,43.2,43.2,Derbyshire,Essex,WL Madsen,BD Guest,S Snater,0,0,,,,,,,,,,,,,
1244259,2021,2021-05-13,"County Ground, Chelmsford",2,43.3,43.3,Derbyshire,Essex,WL Madsen,BD Guest,S Snater,0,0,,,,,,,,,,,,,
1244259,2021,2021-05-13,"County Ground, Chelmsford",2,43.4,43.4,Derbyshire,Essex,WL Madsen,BD Guest,S Snater,0,0,,,,,,,,,,,,,
1244259,2021,2021-05-13,"County Ground, Chelmsford",2,43.5,43.5,Derbyshire,Essex,WL Madsen,BD Guest,S Snater,0,0,,,,,,,,,,,,,
1244259,2021,2021-05-13,"County Ground, Chelmsford",2,43.6,43.6,Derbyshire,Essex,WL Madsen,BD Guest,S Snater,0,0,,,,,,,,,,,,,
1244259,2021,2021-05-13,"County Ground, Chelmsford",2,44.1,44.1,Derbyshire,Essex,BD Guest,WL Madsen,SR Harmer,3,0,,,,,,,,,,,,,
1244259,2021,2021-05-13,"County Ground, Chelmsford",2,44.2,44.2,Derbyshire,Essex,WL Madsen,BD Guest,SR Harmer,6,0,,,,,,,,,,,,,
1244259,2021,2021-05-13,"County Ground, Chelmsford",2,44.3,44.3,Derbyshire,Essex,WL Madsen,BD Guest,SR Harmer,0,0,,,,,,,,,,,,,
1244259,2021,2021-05-13,"County Ground, Chelmsford",2,44.4,44.4,Derbyshire,Essex,WL Madsen,BD Guest,SR Harmer,0,0,,,,,,,,,,,,,
1244259,2021,2021-05-13,"County Ground, Chelmsford",2,44.5,44.5,Derbyshire,Essex,WL Madsen,BD Guest,SR Harmer,0,0,,,,,,,,,,,,,
1244259,2021,2021-05-13,"County Ground, Chelmsford",2,44.6,44.6,Derbyshire,Essex,WL Madsen,BD Guest,SR Harmer,0,0,,,,,,,,,,,,,
1244259,2021,2021-05-13,"County Ground, Chelmsford",2,45.1,45.1,Derbyshire,Essex,BD Guest,WL Madsen,S Snater,2,0,,,,,,,,,,,,,
1244259,2021,2021-05-13,"County Ground, Chelmsford",2,45.2,45.2,Derbyshire,Essex,BD Guest,WL Madsen,S Snater,1,0,,,,,,,,,,,,,
1244259,2021,2021-05-13,"County Ground, Chelmsford",2,45.3,45.3,Derbyshire,Essex,WL Madsen,BD Guest,S Snater,0,0,,,,,,,,,,,,,
1244259,2021,2021-05-13,"County Ground, Chelmsford",2,45.4,45.4,Derbyshire,Essex,WL Madsen,BD Guest,S Snater,0,0,,,,,,,,,,,,,
1244259,2021,2021-05-13,"County Ground, Chelmsford",2,45.5,45.5,Derbyshire,Essex,WL Madsen,BD Guest,S Snater,0,1,,,1,,,,,,,,,,
1244259,2021,2021-05-13,"County Ground, Chelmsford",2,45.6,45.6,Derbyshire,Essex,BD Guest,WL Madsen,S Snater,0,0,,,,,,,,,,,,,
1244259,2021,2021-05-13,"County Ground, Chelmsford",2,46.1,46.1,Derbyshire,Essex,WL Madsen,BD Guest,SR Harmer,0,0,,,,,,,,,,,,,
1244259,2021,2021-05-13,"County Ground, Chelmsford",2,46.2,46.2,Derbyshire,Essex,WL Madsen,BD Guest,SR Harmer,0,0,,,,,,,,,,,,,
1244259,2021,2021-05-13,"County Ground, Chelmsford",2,46.3,46.3,Derbyshire,Essex,WL Madsen,BD Guest,SR Harmer,0,0,,,,,,,,,,,,,
1244259,2021,2021-05-13,"County Ground, Chelmsford",2,46.4,46.4,Derbyshire,Essex,WL Madsen,BD Guest,SR Harmer,6,0,,,,,,,,,,,,,
1244259,2021,2021-05-13,"County Ground, Chelmsford",2,46.5,46.5,Derbyshire,Essex,WL Madsen,BD Guest,SR Harmer,0,0,,,,,,,caught,WL Madsen,,,DW Lawrence,,
1244259,2021,2021-05-13,"County Ground, Chelmsford",2,46.6,46.6,Derbyshire,Essex,MJJ Critchley,BD Guest,SR Harmer,0,0,,,,,,,,,,,,,
1244259,2021,2021-05-13,"County Ground, Chelmsford",2,47.1,47.1,Derbyshire,Essex,BD Guest,MJJ Critchley,S Snater,0,0,,,,,,,,,,,,,
1244259,2021,2021-05-13,"County Ground, Chelmsford",2,47.2,47.2,Derbyshire,Essex,BD Guest,MJJ Critchley,S Snater,0,0,,,,,,,,,,,,,
1244259,2021,2021-05-13,"County Ground, Chelmsford",2,47.3,47.3,Derbyshire,Essex,BD Guest,MJJ Critchley,S Snater,0,0,,,,,,,,,,,,,
1244259,2021,2021-05-13,"County Ground, Chelmsford",2,47.4,47.4,Derbyshire,Essex,BD Guest,MJJ Critchley,S Snater,0,0,,,,,,,,,,,,,
1244259,2021,2021-05-13,"County Ground, Chelmsford",2,47.5,47.5,Derbyshire,Essex,BD Guest,MJJ Critchley,S Snater,0,2,,,,2,,,,,,,,,
1244259,2021,2021-05-13,"County Ground, Chelmsford",2,47.6,47.6,Derbyshire,Essex,BD Guest,MJJ Critchley,S Snater,0,0,,,,,,,,,,,,,
1244259,2021,2021-05-13,"County Ground, Chelmsford",2,48.1,48.1,Derbyshire,Essex,MJJ Critchley,BD Guest,SR Harmer,0,0,,,,,,,,,,,,,
1244259,2021,2021-05-13,"County Ground, Chelmsford",2,48.2,48.2,Derbyshire,Essex,MJJ Critchley,BD Guest,SR Harmer,0,0,,,,,,,,,,,,,
1244259,2021,2021-05-13,"County Ground, Chelmsford",2,48.3,48.3,Derbyshire,Essex,MJJ Critchley,BD Guest,SR Harmer,0,0,,,,,,,,,,,,,
1244259,2021,2021-05-13,"County Ground, Chelmsford",2,48.4,48.4,Derbyshire,Essex,MJJ Critchley,BD Guest,SR Harmer,4,0,,,,,,,,,,,,,
1244259,2021,2021-05-13,"County Ground, Chelmsford",2,48.5,48.5,Derbyshire,Essex,MJJ Critchley,BD Guest,SR Harmer,0,0,,,,,,,caught and bowled,MJJ Critchley,,,,,
1244259,2021,2021-05-13,"County Ground, Chelmsford",2,48.6,48.6,Derbyshire,Essex,HR Hosein,BD Guest,SR Harmer,0,0,,,,,,,,,,,,,
1244259,2021,2021-05-13,"County Ground, Chelmsford",2,49.1,49.1,Derbyshire,Essex,BD Guest,HR Hosein,S Snater,0,0,,,,,,,,,,,,,
1244259,2021,2021-05-13,"County Ground, Chelmsford",2,49.2,49.2,Derbyshire,Essex,BD Guest,HR Hosein,S Snater,0,1,,,,1,,,,,,,,,
1244259,2021,2021-05-13,"County Ground, Chelmsford",2,49.3,49.3,Derbyshire,Essex,HR Hosein,BD Guest,S Snater,0,0,,,,,,,,,,,,,
1244259,2021,2021-05-13,"County Ground, Chelmsford",2,49.4,49.4,Derbyshire,Essex,HR Hosein,BD Guest,S Snater,0,0,,,,,,,,,,,,,
1244259,2021,2021-05-13,"County Ground, Chelmsford",2,49.5,49.5,Derbyshire,Essex,HR Hosein,BD Guest,S Snater,4,0,,,,,,,,,,,,,
1244259,2021,2021-05-13,"County Ground, Chelmsford",2,49.6,49.6,Derbyshire,Essex,HR Hosein,BD Guest,S Snater,4,0,,,,,,,,,,,,,
1244259,2021,2021-05-13,"County Ground, Chelmsford",2,50.1,50.1,Derbyshire,Essex,BD Guest,HR Hosein,SR Harmer,4,0,,,,,,,,,,,,,
1244259,2021,2021-05-13,"County Ground, Chelmsford",2,50.2,50.2,Derbyshire,Essex,BD Guest,HR Hosein,SR Harmer,1,0,,,,,,,,,,,,,
1244259,2021,2021-05-13,"County Ground, Chelmsford",2,50.3,50.3,Derbyshire,Essex,HR Hosein,BD Guest,SR Harmer,1,0,,,,,,,,,,,,,
1244259,2021,2021-05-13,"County Ground, Chelmsford",2,50.4,50.4,Derbyshire,Essex,BD Guest,HR Hosein,SR Harmer,3,0,,,,,,,,,,,,,
1244259,2021,2021-05-13,"County Ground, Chelmsford",2,50.5,50.5,Derbyshire,Essex,HR Hosein,BD Guest,SR Harmer,0,0,,,,,,,,,,,,,
1244259,2021,2021-05-13,"County Ground, Chelmsford",2,50.6,50.6,Derbyshire,Essex,HR Hosein,BD Guest,SR Harmer,0,0,,,,,,,caught,HR Hosein,,,RN ten Doeschate,,
1244259,2021,2021-05-13,"County Ground, Chelmsford",2,51.1,51.1,Derbyshire,Essex,BD Guest,FJ Hudson-Prentice,JA Porter,0,0,,,,,,,,,,,,,
1244259,2021,2021-05-13,"County Ground, Chelmsford",2,51.2,51.2,Derbyshire,Essex,BD Guest,FJ Hudson-Prentice,JA Porter,1,0,,,,,,,,,,,,,
1244259,2021,2021-05-13,"County Ground, Chelmsford",2,51.3,51.3,Derbyshire,Essex,FJ Hudson-Prentice,BD Guest,JA Porter,0,0,,,,,,,,,,,,,
1244259,2021,2021-05-13,"County Ground, Chelmsford",2,51.4,51.4,Derbyshire,Essex,FJ Hudson-Prentice,BD Guest,JA Porter,0,0,,,,,,,,,,,,,
1244259,2021,2021-05-13,"County Ground, Chelmsford",2,51.5,51.5,Derbyshire,Essex,FJ Hudson-Prentice,BD Guest,JA Porter,0,0,,,,,,,,,,,,,
1244259,2021,2021-05-13,"County Ground, Chelmsford",2,51.6,51.6,Derbyshire,Essex,FJ Hudson-Prentice,BD Guest,JA Porter,0,0,,,,,,,,,,,,,
1244259,2021,2021-05-13,"County Ground, Chelmsford",2,52.1,52.1,Derbyshire,Essex,BD Guest,FJ Hudson-Prentice,SR Harmer,0,0,,,,,,,,,,,,,
1244259,2021,2021-05-13,"County Ground, Chelmsford",2,52.2,52.2,Derbyshire,Essex,BD Guest,FJ Hudson-Prentice,SR Harmer,0,0,,,,,,,,,,,,,
1244259,2021,2021-05-13,"County Ground, Chelmsford",2,52.3,52.3,Derbyshire,Essex,BD Guest,FJ Hudson-Prentice,SR Harmer,0,0,,,,,,,caught,BD Guest,,,RN ten Doeschate,,
1244259,2021,2021-05-13,"County Ground, Chelmsford",2,52.4,52.4,Derbyshire,Essex,B Stanlake,FJ Hudson-Prentice,SR Harmer,0,0,,,,,,,,,,,,,
1244259,2021,2021-05-13,"County Ground, Chelmsford",2,52.5,52.5,Derbyshire,Essex,B Stanlake,FJ Hudson-Prentice,SR Harmer,0,0,,,,,,,,,,,,,
1244259,2021,2021-05-13,"County Ground, Chelmsford",2,52.6,52.6,Derbyshire,Essex,B Stanlake,FJ Hudson-Prentice,SR Harmer,0,0,,,,,,,,,,,,,
1244259,2021,2021-05-13,"County Ground, Chelmsford",2,53.1,53.1,Derbyshire,Essex,FJ Hudson-Prentice,B Stanlake,JA Porter,0,0,,,,,,,,,,,,,
1244259,2021,2021-05-13,"County Ground, Chelmsford",2,53.2,53.2,Derbyshire,Essex,FJ Hudson-Prentice,B Stanlake,JA Porter,0,0,,,,,,,,,,,,,
1244259,2021,2021-05-13,"County Ground, Chelmsford",2,53.3,53.3,Derbyshire,Essex,FJ Hudson-Prentice,B Stanlake,JA Porter,0,0,,,,,,,,,,,,,
1244259,2021,2021-05-13,"County Ground, Chelmsford",2,53.4,53.4,Derbyshire,Essex,FJ Hudson-Prentice,B Stanlake,JA Porter,0,0,,,,,,,,,,,,,
1244259,2021,2021-05-13,"County Ground, Chelmsford",2,53.5,53.5,Derbyshire,Essex,FJ Hudson-Prentice,B Stanlake,JA Porter,0,0,,,,,,,,,,,,,
1244259,2021,2021-05-13,"County Ground, Chelmsford",2,53.6,53.6,Derbyshire,Essex,FJ Hudson-Prentice,B Stanlake,JA Porter,0,0,,,,,,,,,,,,,
1244259,2021,2021-05-13,"County Ground, Chelmsford",2,54.1,54.1,Derbyshire,Essex,B Stanlake,FJ Hudson-Prentice,SR Harmer,0,0,,,,,,,,,,,,,
1244259,2021,2021-05-13,"County Ground, Chelmsford",2,54.2,54.2,Derbyshire,Essex,B Stanlake,FJ Hudson-Prentice,SR Harmer,0,0,,,,,,,,,,,,,
1244259,2021,2021-05-13,"County Ground, Chelmsford",2,54.3,54.3,Derbyshire,Essex,B Stanlake,FJ Hudson-Prentice,SR Harmer,0,0,,,,,,,bowled,B Stanlake,,,,,
1244259,2021,2021-05-13,"County Ground, Chelmsford",2,54.4,54.4,Derbyshire,Essex,DR Melton,FJ Hudson-Prentice,SR Harmer,1,0,,,,,,,,,,,,,
1244259,2021,2021-05-13,"County Ground, Chelmsford",2,54.5,54.5,Derbyshire,Essex,FJ Hudson-Prentice,DR Melton,SR Harmer,0,0,,,,,,,,,,,,,
1244259,2021,2021-05-13,"County Ground, Chelmsford",2,54.6,54.6,Derbyshire,Essex,FJ Hudson-Prentice,DR Melton,SR Harmer,1,0,,,,,,,,,,,,,
1244259,2021,2021-05-13,"County Ground, Chelmsford",2,55.1,55.1,Derbyshire,Essex,FJ Hudson-Prentice,DR Melton,JA Porter,0,0,,,,,,,,,,,,,
1244259,2021,2021-05-13,"County Ground, Chelmsford",2,55.2,55.2,Derbyshire,Essex,FJ Hudson-Prentice,DR Melton,JA Porter,0,0,,,,,,,,,,,,,
1244259,2021,2021-05-13,"County Ground, Chelmsford",2,55.3,55.3,Derbyshire,Essex,FJ Hudson-Prentice,DR Melton,JA Porter,0,0,,,,,,,,,,,,,
1244259,2021,2021-05-13,"County Ground, Chelmsford",2,55.4,55.4,Derbyshire,Essex,FJ Hudson-Prentice,DR Melton,JA Porter,2,0,,,,,,,,,,,,,
1244259,2021,2021-05-13,"County Ground, Chelmsford",2,55.5,55.5,Derbyshire,Essex,FJ Hudson-Prentice,DR Melton,JA Porter,0,0,,,,,,,,,,,,,
1244259,2021,2021-05-13,"County Ground, Chelmsford",2,55.6,55.6,Derbyshire,Essex,FJ Hudson-Prentice,DR Melton,JA Porter,0,0,,,,,,,,,,,,,
1244259,2021,2021-05-13,"County Ground, Chelmsford",2,56.1,56.1,Derbyshire,Essex,DR Melton,FJ Hudson-Prentice,SR Harmer,4,0,,,,,,,,,,,,,
1244259,2021,2021-05-13,"County Ground, Chelmsford",2,56.2,56.2,Derbyshire,Essex,DR Melton,FJ Hudson-Prentice,SR Harmer,2,0,,,,,,,,,,,,,
1244259,2021,2021-05-13,"County Ground, Chelmsford",2,56.3,56.3,Derbyshire,Essex,DR Melton,FJ Hudson-Prentice,SR Harmer,2,0,,,,,,,,,,,,,
1244259,2021,2021-05-13,"County Ground, Chelmsford",2,56.4,56.4,Derbyshire,Essex,DR Melton,FJ Hudson-Prentice,SR Harmer,6,0,,,,,,,,,,,,,
1244259,2021,2021-05-13,"County Ground, Chelmsford",2,56.5,56.5,Derbyshire,Essex,DR Melton,FJ Hudson-Prentice,SR Harmer,0,0,,,,,,,caught and bowled,DR Melton,,,,,
1244259,2021,2021-05-13,"County Ground, Chelmsford",3,0.1,0.1,Derbyshire,Essex,LM Reece,BA Godleman,JA Porter,0,0,,,,,,,,,,,,,
1244259,2021,2021-05-13,"County Ground, Chelmsford",3,0.2,0.2,Derbyshire,Essex,LM Reece,BA Godleman,JA Porter,0,0,,,,,,,,,,,,,
1244259,2021,2021-05-13,"County Ground, Chelmsford",3,0.3,0.3,Derbyshire,Essex,LM Reece,BA Godleman,JA Porter,0,0,,,,,,,,,,,,,
1244259,2021,2021-05-13,"County Ground, Chelmsford",3,0.4,0.4,Derbyshire,Essex,LM Reece,BA Godleman,JA Porter,0,0,,,,,,,,,,,,,
1244259,2021,2021-05-13,"County Ground, Chelmsford",3,0.5,0.5,Derbyshire,Essex,LM Reece,BA Godleman,JA Porter,0,0,,,,,,,,,,,,,
1244259,2021,2021-05-13,"County Ground, Chelmsford",3,0.6,0.6,Derbyshire,Essex,LM Reece,BA Godleman,JA Porter,0,0,,,,,,,,,,,,,
1244259,2021,2021-05-13,"County Ground, Chelmsford",3,1.1,1.1,Derbyshire,Essex,BA Godleman,LM Reece,SJ Cook,4,0,,,,,,,,,,,,,
1244259,2021,2021-05-13,"County Ground, Chelmsford",3,1.2,1.2,Derbyshire,Essex,BA Godleman,LM Reece,SJ Cook,0,0,,,,,,,,,,,,,
1244259,2021,2021-05-13,"County Ground, Chelmsford",3,1.3,1.3,Derbyshire,Essex,BA Godleman,LM Reece,SJ Cook,0,0,,,,,,,,,,,,,
1244259,2021,2021-05-13,"County Ground, Chelmsford",3,1.4,1.4,Derbyshire,Essex,BA Godleman,LM Reece,SJ Cook,0,0,,,,,,,,,,,,,
1244259,2021,2021-05-13,"County Ground, Chelmsford",3,1.5,1.5,Derbyshire,Essex,BA Godleman,LM Reece,SJ Cook,4,0,,,,,,,,,,,,,
1244259,2021,2021-05-13,"County Ground, Chelmsford",3,1.6,1.6,Derbyshire,Essex,BA Godleman,LM Reece,SJ Cook,3,0,,,,,,,,,,,,,
1244259,2021,2021-05-13,"County Ground, Chelmsford",3,2.1,2.1,Derbyshire,Essex,BA Godleman,LM Reece,JA Porter,2,0,,,,,,,,,,,,,
1244259,2021,2021-05-13,"County Ground, Chelmsford",3,2.2,2.2,Derbyshire,Essex,BA Godleman,LM Reece,JA Porter,0,0,,,,,,,,,,,,,
1244259,2021,2021-05-13,"County Ground, Chelmsford",3,2.3,2.3,Derbyshire,Essex,BA Godleman,LM Reece,JA Porter,0,0,,,,,,,,,,,,,
1244259,2021,2021-05-13,"County Ground, Chelmsford",3,2.4,2.4,Derbyshire,Essex,BA Godleman,LM Reece,JA Porter,1,0,,,,,,,,,,,,,
1244259,2021,2021-05-13,"County Ground, Chelmsford",3,2.5,2.5,Derbyshire,Essex,LM Reece,BA Godleman,JA Porter,0,0,,,,,,,bowled,LM Reece,,,,,
1244259,2021,2021-05-13,"County Ground, Chelmsford",3,2.6,2.6,Derbyshire,Essex,BD Guest,BA Godleman,JA Porter,0,0,,,,,,,,,,,,,
1244259,2021,2021-05-13,"County Ground, Chelmsford",3,3.1,3.1,Derbyshire,Essex,BA Godleman,BD Guest,SR Harmer,0,0,,,,,,,,,,,,,
1244259,2021,2021-05-13,"County Ground, Chelmsford",3,3.2,3.2,Derbyshire,Essex,BA Godleman,BD Guest,SR Harmer,0,0,,,,,,,,,,,,,
1244259,2021,2021-05-13,"County Ground, Chelmsford",3,3.3,3.3,Derbyshire,Essex,BA Godleman,BD Guest,SR Harmer,0,0,,,,,,,,,,,,,
1244259,2021,2021-05-13,"County Ground, Chelmsford",3,3.4,3.4,Derbyshire,Essex,BA Godleman,BD Guest,SR Harmer,4,0,,,,,,,,,,,,,
1244259,2021,2021-05-13,"County Ground, Chelmsford",3,3.5,3.5,Derbyshire,Essex,BA Godleman,BD Guest,SR Harmer,0,0,,,,,,,,,,,,,
1244259,2021,2021-05-13,"County Ground, Chelmsford",3,3.6,3.6,Derbyshire,Essex,BA Godleman,BD Guest,SR Harmer,0,0,,,,,,,,,,,,,
1244259,2021,2021-05-13,"County Ground, Chelmsford",3,4.1,4.1,Derbyshire,Essex,BD Guest,BA Godleman,JA Porter,0,0,,,,,,,,,,,,,
1244259,2021,2021-05-13,"County Ground, Chelmsford",3,4.2,4.2,Derbyshire,Essex,BD Guest,BA Godleman,JA Porter,0,0,,,,,,,,,,,,,
1244259,2021,2021-05-13,"County Ground, Chelmsford",3,4.3,4.3,Derbyshire,Essex,BD Guest,BA Godleman,JA Porter,0,0,,,,,,,,,,,,,
1244259,2021,2021-05-13,"County Ground, Chelmsford",3,4.4,4.4,Derbyshire,Essex,BD Guest,BA Godleman,JA Porter,1,0,,,,,,,,,,,,,
1244259,2021,2021-05-13,"County Ground, Chelmsford",3,4.5,4.5,Derbyshire,Essex,BA Godleman,BD Guest,JA Porter,2,0,,,,,,,,,,,,,
1244259,2021,2021-05-13,"County Ground, Chelmsford",3,4.6,4.6,Derbyshire,Essex,BA Godleman,BD Guest,JA Porter,0,0,,,,,,,,,,,,,
1244259,2021,2021-05-13,"County Ground, Chelmsford",3,5.1,5.1,Derbyshire,Essex,BD Guest,BA Godleman,SR Harmer,0,0,,,,,,,,,,,,,
1244259,2021,2021-05-13,"County Ground, Chelmsford",3,5.2,5.2,Derbyshire,Essex,BD Guest,BA Godleman,SR Harmer,0,0,,,,,,,,,,,,,
1244259,2021,2021-05-13,"County Ground, Chelmsford",3,5.3,5.3,Derbyshire,Essex,BD Guest,BA Godleman,SR Harmer,0,0,,,,,,,,,,,,,
1244259,2021,2021-05-13,"County Ground, Chelmsford",3,5.4,5.4,Derbyshire,Essex,BD Guest,BA Godleman,SR Harmer,0,0,,,,,,,,,,,,,
1244259,2021,2021-05-13,"County Ground, Chelmsford",3,5.5,5.5,Derbyshire,Essex,BD Guest,BA Godleman,SR Harmer,0,0,,,,,,,,,,,,,
1244259,2021,2021-05-13,"County Ground, Chelmsford",3,5.6,5.6,Derbyshire,Essex,BD Guest,BA Godleman,SR Harmer,1,0,,,,,,,,,,,,,
1244259,2021,2021-05-13,"County Ground, Chelmsford",3,6.1,6.1,Derbyshire,Essex,BD Guest,BA Godleman,JA Porter,0,0,,,,,,,,,,,,,
1244259,2021,2021-05-13,"County Ground, Chelmsford",3,6.2,6.2,Derbyshire,Essex,BD Guest,BA Godleman,JA Porter,0,0,,,,,,,,,,,,,
1244259,2021,2021-05-13,"County Ground, Chelmsford",3,6.3,6.3,Derbyshire,Essex,BD Guest,BA Godleman,JA Porter,0,0,,,,,,,,,,,,,
1244259,2021,2021-05-13,"County Ground, Chelmsford",3,6.4,6.4,Derbyshire,Essex,BD Guest,BA Godleman,JA Porter,2,0,,,,,,,,,,,,,
1244259,2021,2021-05-13,"County Ground, Chelmsford",3,6.5,6.5,Derbyshire,Essex,BD Guest,BA Godleman,JA Porter,0,0,,,,,,,,,,,,,
1244259,2021,2021-05-13,"County Ground, Chelmsford",3,6.6,6.6,Derbyshire,Essex,BD Guest,BA Godleman,JA Porter,0,0,,,,,,,,,,,,,
1244259,2021,2021-05-13,"County Ground, Chelmsford",3,7.1,7.1,Derbyshire,Essex,BA Godleman,BD Guest,SR Harmer,0,0,,,,,,,,,,,,,
1244259,2021,2021-05-13,"County Ground, Chelmsford",3,7.2,7.2,Derbyshire,Essex,BA Godleman,BD Guest,SR Harmer,0,0,,,,,,,,,,,,,
1244259,2021,2021-05-13,"County Ground, Chelmsford",3,7.3,7.3,Derbyshire,Essex,BA Godleman,BD Guest,SR Harmer,0,0,,,,,,,,,,,,,
1244259,2021,2021-05-13,"County Ground, Chelmsford",3,7.4,7.4,Derbyshire,Essex,BA Godleman,BD Guest,SR Harmer,0,0,,,,,,,,,,,,,
1244259,2021,2021-05-13,"County Ground, Chelmsford",3,7.5,7.5,Derbyshire,Essex,BA Godleman,BD Guest,SR Harmer,0,0,,,,,,,,,,,,,
1244259,2021,2021-05-13,"County Ground, Chelmsford",3,7.6,7.6,Derbyshire,Essex,BA Godleman,BD Guest,SR Harmer,0,0,,,,,,,,,,,,,
1244259,2021,2021-05-13,"County Ground, Chelmsford",3,8.1,8.1,Derbyshire,Essex,BD Guest,BA Godleman,JA Porter,0,0,,,,,,,,,,,,,
1244259,2021,2021-05-13,"County Ground, Chelmsford",3,8.2,8.2,Derbyshire,Essex,BD Guest,BA Godleman,JA Porter,1,0,,,,,,,,,,,,,
1244259,2021,2021-05-13,"County Ground, Chelmsford",3,8.3,8.3,Derbyshire,Essex,BA Godleman,BD Guest,JA Porter,0,0,,,,,,,,,,,,,
1244259,2021,2021-05-13,"County Ground, Chelmsford",3,8.4,8.4,Derbyshire,Essex,BA Godleman,BD Guest,JA Porter,2,0,,,,,,,,,,,,,
1244259,2021,2021-05-13,"County Ground, Chelmsford",3,8.5,8.5,Derbyshire,Essex,BA Godleman,BD Guest,JA Porter,0,0,,,,,,,,,,,,,
1244259,2021,2021-05-13,"County Ground, Chelmsford",3,8.6,8.6,Derbyshire,Essex,BA Godleman,BD Guest,JA Porter,0,0,,,,,,,,,,,,,
1244259,2021,2021-05-13,"County Ground, Chelmsford",3,9.1,9.1,Derbyshire,Essex,BD Guest,BA Godleman,SR Harmer,0,0,,,,,,,,,,,,,
1244259,2021,2021-05-13,"County Ground, Chelmsford",3,9.2,9.2,Derbyshire,Essex,BD Guest,BA Godleman,SR Harmer,0,0,,,,,,,,,,,,,
1244259,2021,2021-05-13,"County Ground, Chelmsford",3,9.3,9.3,Derbyshire,Essex,BD Guest,BA Godleman,SR Harmer,0,0,,,,,,,,,,,,,
1244259,2021,2021-05-13,"County Ground, Chelmsford",3,9.4,9.4,Derbyshire,Essex,BD Guest,BA Godleman,SR Harmer,1,0,,,,,,,,,,,,,
1244259,2021,2021-05-13,"County Ground, Chelmsford",3,9.5,9.5,Derbyshire,Essex,BA Godleman,BD Guest,SR Harmer,0,0,,,,,,,,,,,,,
1244259,2021,2021-05-13,"County Ground, Chelmsford",3,9.6,9.6,Derbyshire,Essex,BA Godleman,BD Guest,SR Harmer,0,0,,,,,,,,,,,,,
1244259,2021,2021-05-13,"County Ground, Chelmsford",3,10.1,10.1,Derbyshire,Essex,BD Guest,BA Godleman,JA Porter,2,0,,,,,,,,,,,,,
1244259,2021,2021-05-13,"County Ground, Chelmsford",3,10.2,10.2,Derbyshire,Essex,BD Guest,BA Godleman,JA Porter,0,0,,,,,,,,,,,,,
1244259,2021,2021-05-13,"County Ground, Chelmsford",3,10.3,10.3,Derbyshire,Essex,BD Guest,BA Godleman,JA Porter,0,0,,,,,,,,,,,,,
1244259,2021,2021-05-13,"County Ground, Chelmsford",3,10.4,10.4,Derbyshire,Essex,BD Guest,BA Godleman,JA Porter,4,0,,,,,,,,,,,,,
1244259,2021,2021-05-13,"County Ground, Chelmsford",3,10.5,10.5,Derbyshire,Essex,BD Guest,BA Godleman,JA Porter,4,0,,,,,,,,,,,,,
1244259,2021,2021-05-13,"County Ground, Chelmsford",3,10.6,10.6,Derbyshire,Essex,BD Guest,BA Godleman,JA Porter,4,0,,,,,,,,,,,,,
1244259,2021,2021-05-13,"County Ground, Chelmsford",3,11.1,11.1,Derbyshire,Essex,BA Godleman,BD Guest,SR Harmer,0,0,,,,,,,,,,,,,
1244259,2021,2021-05-13,"County Ground, Chelmsford",3,11.2,11.2,Derbyshire,Essex,BA Godleman,BD Guest,SR Harmer,0,0,,,,,,,,,,,,,
1244259,2021,2021-05-13,"County Ground, Chelmsford",3,11.3,11.3,Derbyshire,Essex,BA Godleman,BD Guest,SR Harmer,1,0,,,,,,,,,,,,,
1244259,2021,2021-05-13,"County Ground, Chelmsford",3,11.4,11.4,Derbyshire,Essex,BD Guest,BA Godleman,SR Harmer,0,0,,,,,,,,,,,,,
1244259,2021,2021-05-13,"County Ground, Chelmsford",3,11.5,11.5,Derbyshire,Essex,BD Guest,BA Godleman,SR Harmer,0,0,,,,,,,,,,,,,
1244259,2021,2021-05-13,"County Ground, Chelmsford",3,11.6,11.6,Derbyshire,Essex,BD Guest,BA Godleman,SR Harmer,0,0,,,,,,,,,,,,,
1244259,2021,2021-05-13,"County Ground, Chelmsford",3,12.1,12.1,Derbyshire,Essex,BA Godleman,BD Guest,SJ Cook,1,0,,,,,,,,,,,,,
1244259,2021,2021-05-13,"County Ground, Chelmsford",3,12.2,12.2,Derbyshire,Essex,BD Guest,BA Godleman,SJ Cook,1,0,,,,,,,,,,,,,
1244259,2021,2021-05-13,"County Ground, Chelmsford",3,12.3,12.3,Derbyshire,Essex,BA Godleman,BD Guest,SJ Cook,0,0,,,,,,,,,,,,,
1244259,2021,2021-05-13,"County Ground, Chelmsford",3,12.4,12.4,Derbyshire,Essex,BA Godleman,BD Guest,SJ Cook,1,0,,,,,,,,,,,,,
1244259,2021,2021-05-13,"County Ground, Chelmsford",3,12.5,12.5,Derbyshire,Essex,BD Guest,BA Godleman,SJ Cook,0,0,,,,,,,,,,,,,
1244259,2021,2021-05-13,"County Ground, Chelmsford",3,12.6,12.6,Derbyshire,Essex,BD Guest,BA Godleman,SJ Cook,0,0,,,,,,,,,,,,,
1244259,2021,2021-05-13,"County Ground, Chelmsford",3,13.1,13.1,Derbyshire,Essex,BA Godleman,BD Guest,SR Harmer,0,0,,,,,,,,,,,,,
1244259,2021,2021-05-13,"County Ground, Chelmsford",3,13.2,13.2,Derbyshire,Essex,BA Godleman,BD Guest,SR Harmer,0,0,,,,,,,,,,,,,
1244259,2021,2021-05-13,"County Ground, Chelmsford",3,13.3,13.3,Derbyshire,Essex,BA Godleman,BD Guest,SR Harmer,0,0,,,,,,,,,,,,,
1244259,2021,2021-05-13,"County Ground, Chelmsford",3,13.4,13.4,Derbyshire,Essex,BA Godleman,BD Guest,SR Harmer,0,0,,,,,,,,,,,,,
1244259,2021,2021-05-13,"County Ground, Chelmsford",3,13.5,13.5,Derbyshire,Essex,BA Godleman,BD Guest,SR Harmer,1,0,,,,,,,,,,,,,
1244259,2021,2021-05-13,"County Ground, Chelmsford",3,13.6,13.6,Derbyshire,Essex,BD Guest,BA Godleman,SR Harmer,4,0,,,,,,,,,,,,,
1244259,2021,2021-05-13,"County Ground, Chelmsford",3,14.1,14.1,Derbyshire,Essex,BA Godleman,BD Guest,SJ Cook,0,0,,,,,,,,,,,,,
1244259,2021,2021-05-13,"County Ground, Chelmsford",3,14.2,14.2,Derbyshire,Essex,BA Godleman,BD Guest,SJ Cook,1,0,,,,,,,,,,,,,
1244259,2021,2021-05-13,"County Ground, Chelmsford",3,14.3,14.3,Derbyshire,Essex,BD Guest,BA Godleman,SJ Cook,0,0,,,,,,,,,,,,,
1244259,2021,2021-05-13,"County Ground, Chelmsford",3,14.4,14.4,Derbyshire,Essex,BD Guest,BA Godleman,SJ Cook,0,0,,,,,,,,,,,,,
1244259,2021,2021-05-13,"County Ground, Chelmsford",3,14.5,14.5,Derbyshire,Essex,BD Guest,BA Godleman,SJ Cook,4,0,,,,,,,,,,,,,
1244259,2021,2021-05-13,"County Ground, Chelmsford",3,14.6,14.6,Derbyshire,Essex,BD Guest,BA Godleman,SJ Cook,0,0,,,,,,,,,,,,,
1244259,2021,2021-05-13,"County Ground, Chelmsford",3,15.1,15.1,Derbyshire,Essex,BA Godleman,BD Guest,SR Harmer,1,0,,,,,,,,,,,,,
1244259,2021,2021-05-13,"County Ground, Chelmsford",3,15.2,15.2,Derbyshire,Essex,BD Guest,BA Godleman,SR Harmer,0,0,,,,,,,,,,,,,
1244259,2021,2021-05-13,"County Ground, Chelmsford",3,15.3,15.3,Derbyshire,Essex,BD Guest,BA Godleman,SR Harmer,0,0,,,,,,,,,,,,,
1244259,2021,2021-05-13,"County Ground, Chelmsford",3,15.4,15.4,Derbyshire,Essex,BD Guest,BA Godleman,SR Harmer,0,0,,,,,,,,,,,,,
1244259,2021,2021-05-13,"County Ground, Chelmsford",3,15.5,15.5,Derbyshire,Essex,BD Guest,BA Godleman,SR Harmer,0,0,,,,,,,,,,,,,
1244259,2021,2021-05-13,"County Ground, Chelmsford",3,15.6,15.6,Derbyshire,Essex,BD Guest,BA Godleman,SR Harmer,0,0,,,,,,,,,,,,,
1244259,2021,2021-05-13,"County Ground, Chelmsford",3,16.1,16.1,Derbyshire,Essex,BA Godleman,BD Guest,SJ Cook,1,0,,,,,,,,,,,,,
1244259,2021,2021-05-13,"County Ground, Chelmsford",3,16.2,16.2,Derbyshire,Essex,BD Guest,BA Godleman,SJ Cook,0,0,,,,,,,,,,,,,
1244259,2021,2021-05-13,"County Ground, Chelmsford",3,16.3,16.3,Derbyshire,Essex,BD Guest,BA Godleman,SJ Cook,0,0,,,,,,,,,,,,,
1244259,2021,2021-05-13,"County Ground, Chelmsford",3,16.4,16.4,Derbyshire,Essex,BD Guest,BA Godleman,SJ Cook,0,0,,,,,,,,,,,,,
1244259,2021,2021-05-13,"County Ground, Chelmsford",3,16.5,16.5,Derbyshire,Essex,BD Guest,BA Godleman,SJ Cook,0,0,,,,,,,,,,,,,
1244259,2021,2021-05-13,"County Ground, Chelmsford",3,16.6,16.6,Derbyshire,Essex,BD Guest,BA Godleman,SJ Cook,1,0,,,,,,,,,,,,,
1244259,2021,2021-05-13,"County Ground, Chelmsford",3,17.1,17.1,Derbyshire,Essex,BD Guest,BA Godleman,SR Harmer,0,0,,,,,,,,,,,,,
1244259,2021,2021-05-13,"County Ground, Chelmsford",3,17.2,17.2,Derbyshire,Essex,BD Guest,BA Godleman,SR Harmer,0,0,,,,,,,,,,,,,
1244259,2021,2021-05-13,"County Ground, Chelmsford",3,17.3,17.3,Derbyshire,Essex,BD Guest,BA Godleman,SR Harmer,0,0,,,,,,,,,,,,,
1244259,2021,2021-05-13,"County Ground, Chelmsford",3,17.4,17.4,Derbyshire,Essex,BD Guest,BA Godleman,SR Harmer,0,0,,,,,,,,,,,,,
1244259,2021,2021-05-13,"County Ground, Chelmsford",3,17.5,17.5,Derbyshire,Essex,BD Guest,BA Godleman,SR Harmer,0,0,,,,,,,,,,,,,
1244259,2021,2021-05-13,"County Ground, Chelmsford",3,17.6,17.6,Derbyshire,Essex,BD Guest,BA Godleman,SR Harmer,1,0,,,,,,,,,,,,,
1244259,2021,2021-05-13,"County Ground, Chelmsford",3,18.1,18.1,Derbyshire,Essex,BD Guest,BA Godleman,SJ Cook,0,0,,,,,,,,,,,,,
1244259,2021,2021-05-13,"County Ground, Chelmsford",3,18.2,18.2,Derbyshire,Essex,BD Guest,BA Godleman,SJ Cook,1,0,,,,,,,,,,,,,
1244259,2021,2021-05-13,"County Ground, Chelmsford",3,18.3,18.3,Derbyshire,Essex,BA Godleman,BD Guest,SJ Cook,1,0,,,,,,,,,,,,,
1244259,2021,2021-05-13,"County Ground, Chelmsford",3,18.4,18.4,Derbyshire,Essex,BD Guest,BA Godleman,SJ Cook,0,0,,,,,,,,,,,,,
1244259,2021,2021-05-13,"County Ground, Chelmsford",3,18.5,18.5,Derbyshire,Essex,BD Guest,BA Godleman,SJ Cook,0,0,,,,,,,,,,,,,
1244259,2021,2021-05-13,"County Ground, Chelmsford",3,18.6,18.6,Derbyshire,Essex,BD Guest,BA Godleman,SJ Cook,0,0,,,,,,,,,,,,,
1244259,2021,2021-05-13,"County Ground, Chelmsford",3,19.1,19.1,Derbyshire,Essex,BA Godleman,BD Guest,SR Harmer,0,0,,,,,,,,,,,,,
1244259,2021,2021-05-13,"County Ground, Chelmsford",3,19.2,19.2,Derbyshire,Essex,BA Godleman,BD Guest,SR Harmer,1,0,,,,,,,,,,,,,
1244259,2021,2021-05-13,"County Ground, Chelmsford",3,19.3,19.3,Derbyshire,Essex,BD Guest,BA Godleman,SR Harmer,0,0,,,,,,,,,,,,,
1244259,2021,2021-05-13,"County Ground, Chelmsford",3,19.4,19.4,Derbyshire,Essex,BD Guest,BA Godleman,SR Harmer,0,0,,,,,,,,,,,,,
1244259,2021,2021-05-13,"County Ground, Chelmsford",3,19.5,19.5,Derbyshire,Essex,BD Guest,BA Godleman,SR Harmer,6,0,,,,,,,,,,,,,
1244259,2021,2021-05-13,"County Ground, Chelmsford",3,19.6,19.6,Derbyshire,Essex,BD Guest,BA Godleman,SR Harmer,0,0,,,,,,,,,,,,,
1244259,2021,2021-05-13,"County Ground, Chelmsford",3,20.1,20.1,Derbyshire,Essex,BA Godleman,BD Guest,SJ Cook,0,0,,,,,,,,,,,,,
1244259,2021,2021-05-13,"County Ground, Chelmsford",3,20.2,20.2,Derbyshire,Essex,BA Godleman,BD Guest,SJ Cook,0,0,,,,,,,,,,,,,
1244259,2021,2021-05-13,"County Ground, Chelmsford",3,20.3,20.3,Derbyshire,Essex,BA Godleman,BD Guest,SJ Cook,0,0,,,,,,,,,,,,,
1244259,2021,2021-05-13,"County Ground, Chelmsford",3,20.4,20.4,Derbyshire,Essex,BA Godleman,BD Guest,SJ Cook,0,0,,,,,,,,,,,,,
1244259,2021,2021-05-13,"County Ground, Chelmsford",3,20.5,20.5,Derbyshire,Essex,BA Godleman,BD Guest,SJ Cook,0,0,,,,,,,,,,,,,
1244259,2021,2021-05-13,"County Ground, Chelmsford",3,20.6,20.6,Derbyshire,Essex,BA Godleman,BD Guest,SJ Cook,0,0,,,,,,,,,,,,,
1244259,2021,2021-05-13,"County Ground, Chelmsford",3,21.1,21.1,Derbyshire,Essex,BD Guest,BA Godleman,SR Harmer,3,0,,,,,,,,,,,,,
1244259,2021,2021-05-13,"County Ground, Chelmsford",3,21.2,21.2,Derbyshire,Essex,BA Godleman,BD Guest,SR Harmer,0,0,,,,,,,,,,,,,
1244259,2021,2021-05-13,"County Ground, Chelmsford",3,21.3,21.3,Derbyshire,Essex,BA Godleman,BD Guest,SR Harmer,0,0,,,,,,,,,,,,,
1244259,2021,2021-05-13,"County Ground, Chelmsford",3,21.4,21.4,Derbyshire,Essex,BA Godleman,BD Guest,SR Harmer,0,0,,,,,,,,,,,,,
1244259,2021,2021-05-13,"County Ground, Chelmsford",3,21.5,21.5,Derbyshire,Essex,BA Godleman,BD Guest,SR Harmer,0,0,,,,,,,,,,,,,
1244259,2021,2021-05-13,"County Ground, Chelmsford",3,21.6,21.6,Derbyshire,Essex,BA Godleman,BD Guest,SR Harmer,0,0,,,,,,,,,,,,,
1244259,2021,2021-05-13,"County Ground, Chelmsford",3,22.1,22.1,Derbyshire,Essex,BD Guest,BA Godleman,SJ Cook,0,0,,,,,,,,,,,,,
1244259,2021,2021-05-13,"County Ground, Chelmsford",3,22.2,22.2,Derbyshire,Essex,BD Guest,BA Godleman,SJ Cook,0,0,,,,,,,,,,,,,
1244259,2021,2021-05-13,"County Ground, Chelmsford",3,22.3,22.3,Derbyshire,Essex,BD Guest,BA Godleman,SJ Cook,0,0,,,,,,,,,,,,,
1244259,2021,2021-05-13,"County Ground, Chelmsford",3,22.4,22.4,Derbyshire,Essex,BD Guest,BA Godleman,SJ Cook,0,0,,,,,,,,,,,,,
1244259,2021,2021-05-13,"County Ground, Chelmsford",3,22.5,22.5,Derbyshire,Essex,BD Guest,BA Godleman,SJ Cook,0,0,,,,,,,,,,,,,
1244259,2021,2021-05-13,"County Ground, Chelmsford",3,22.6,22.6,Derbyshire,Essex,BD Guest,BA Godleman,SJ Cook,0,0,,,,,,,,,,,,,
1244259,2021,2021-05-13,"County Ground, Chelmsford",3,23.1,23.1,Derbyshire,Essex,BA Godleman,BD Guest,SR Harmer,0,0,,,,,,,,,,,,,
1244259,2021,2021-05-13,"County Ground, Chelmsford",3,23.2,23.2,Derbyshire,Essex,BA Godleman,BD Guest,SR Harmer,0,0,,,,,,,,,,,,,
1244259,2021,2021-05-13,"County Ground, Chelmsford",3,23.3,23.3,Derbyshire,Essex,BA Godleman,BD Guest,SR Harmer,1,0,,,,,,,,,,,,,
1244259,2021,2021-05-13,"County Ground, Chelmsford",3,23.4,23.4,Derbyshire,Essex,BD Guest,BA Godleman,SR Harmer,0,0,,,,,,,,,,,,,
1244259,2021,2021-05-13,"County Ground, Chelmsford",3,23.5,23.5,Derbyshire,Essex,BD Guest,BA Godleman,SR Harmer,0,0,,,,,,,,,,,,,
1244259,2021,2021-05-13,"County Ground, Chelmsford",3,23.6,23.6,Derbyshire,Essex,BD Guest,BA Godleman,SR Harmer,0,0,,,,,,,,,,,,,
1244259,2021,2021-05-13,"County Ground, Chelmsford",3,24.1,24.1,Derbyshire,Essex,BA Godleman,BD Guest,S Snater,0,0,,,,,,,,,,,,,
1244259,2021,2021-05-13,"County Ground, Chelmsford",3,24.2,24.2,Derbyshire,Essex,BA Godleman,BD Guest,S Snater,3,0,,,,,,,,,,,,,
1244259,2021,2021-05-13,"County Ground, Chelmsford",3,24.3,24.3,Derbyshire,Essex,BD Guest,BA Godleman,S Snater,0,0,,,,,,,,,,,,,
1244259,2021,2021-05-13,"County Ground, Chelmsford",3,24.4,24.4,Derbyshire,Essex,BD Guest,BA Godleman,S Snater,0,0,,,,,,,,,,,,,
1244259,2021,2021-05-13,"County Ground, Chelmsford",3,24.5,24.5,Derbyshire,Essex,BD Guest,BA Godleman,S Snater,0,0,,,,,,,,,,,,,
1244259,2021,2021-05-13,"County Ground, Chelmsford",3,24.6,24.6,Derbyshire,Essex,BD Guest,BA Godleman,S Snater,0,0,,,,,,,,,,,,,
1244259,2021,2021-05-13,"County Ground, Chelmsford",3,25.1,25.1,Derbyshire,Essex,BA Godleman,BD Guest,SR Harmer,0,0,,,,,,,,,,,,,
1244259,2021,2021-05-13,"County Ground, Chelmsford",3,25.2,25.2,Derbyshire,Essex,BA Godleman,BD Guest,SR Harmer,0,0,,,,,,,,,,,,,
1244259,2021,2021-05-13,"County Ground, Chelmsford",3,25.3,25.3,Derbyshire,Essex,BA Godleman,BD Guest,SR Harmer,0,0,,,,,,,,,,,,,
1244259,2021,2021-05-13,"County Ground, Chelmsford",3,25.4,25.4,Derbyshire,Essex,BA Godleman,BD Guest,SR Harmer,0,0,,,,,,,,,,,,,
1244259,2021,2021-05-13,"County Ground, Chelmsford",3,25.5,25.5,Derbyshire,Essex,BA Godleman,BD Guest,SR Harmer,0,2,,,2,,,,,,,,,,
1244259,2021,2021-05-13,"County Ground, Chelmsford",3,25.6,25.6,Derbyshire,Essex,BA Godleman,BD Guest,SR Harmer,0,0,,,,,,,,,,,,,
1244259,2021,2021-05-13,"County Ground, Chelmsford",3,26.1,26.1,Derbyshire,Essex,BD Guest,BA Godleman,S Snater,0,0,,,,,,,,,,,,,
1244259,2021,2021-05-13,"County Ground, Chelmsford",3,26.2,26.2,Derbyshire,Essex,BD Guest,BA Godleman,S Snater,0,0,,,,,,,,,,,,,
1244259,2021,2021-05-13,"County Ground, Chelmsford",3,26.3,26.3,Derbyshire,Essex,BD Guest,BA Godleman,S Snater,2,0,,,,,,,,,,,,,
1244259,2021,2021-05-13,"County Ground, Chelmsford",3,26.4,26.4,Derbyshire,Essex,BD Guest,BA Godleman,S Snater,0,0,,,,,,,,,,,,,
1244259,2021,2021-05-13,"County Ground, Chelmsford",3,26.5,26.5,Derbyshire,Essex,BD Guest,BA Godleman,S Snater,0,0,,,,,,,,,,,,,
1244259,2021,2021-05-13,"County Ground, Chelmsford",3,26.6,26.6,Derbyshire,Essex,BD Guest,BA Godleman,S Snater,1,0,,,,,,,,,,,,,
1244259,2021,2021-05-13,"County Ground, Chelmsford",3,27.1,27.1,Derbyshire,Essex,BD Guest,BA Godleman,SR Harmer,4,0,,,,,,,,,,,,,
1244259,2021,2021-05-13,"County Ground, Chelmsford",3,27.2,27.2,Derbyshire,Essex,BD Guest,BA Godleman,SR Harmer,1,0,,,,,,,,,,,,,
1244259,2021,2021-05-13,"County Ground, Chelmsford",3,27.3,27.3,Derbyshire,Essex,BA Godleman,BD Guest,SR Harmer,1,0,,,,,,,,,,,,,
1244259,2021,2021-05-13,"County Ground, Chelmsford",3,27.4,27.4,Derbyshire,Essex,BD Guest,BA Godleman,SR Harmer,0,0,,,,,,,,,,,,,
1244259,2021,2021-05-13,"County Ground, Chelmsford",3,27.5,27.5,Derbyshire,Essex,BD Guest,BA Godleman,SR Harmer,1,0,,,,,,,,,,,,,
1244259,2021,2021-05-13,"County Ground, Chelmsford",3,27.6,27.6,Derbyshire,Essex,BA Godleman,BD Guest,SR Harmer,0,0,,,,,,,,,,,,,
1244259,2021,2021-05-13,"County Ground, Chelmsford",3,28.1,28.1,Derbyshire,Essex,BD Guest,BA Godleman,S Snater,0,0,,,,,,,,,,,,,
1244259,2021,2021-05-13,"County Ground, Chelmsford",3,28.2,28.2,Derbyshire,Essex,BD Guest,BA Godleman,S Snater,0,0,,,,,,,,,,,,,
1244259,2021,2021-05-13,"County Ground, Chelmsford",3,28.3,28.3,Derbyshire,Essex,BD Guest,BA Godleman,S Snater,0,0,,,,,,,,,,,,,
1244259,2021,2021-05-13,"County Ground, Chelmsford",3,28.4,28.4,Derbyshire,Essex,BD Guest,BA Godleman,S Snater,0,0,,,,,,,,,,,,,
1244259,2021,2021-05-13,"County Ground, Chelmsford",3,28.5,28.5,Derbyshire,Essex,BD Guest,BA Godleman,S Snater,0,0,,,,,,,,,,,,,
1244259,2021,2021-05-13,"County Ground, Chelmsford",3,28.6,28.6,Derbyshire,Essex,BD Guest,BA Godleman,S Snater,0,0,,,,,,,,,,,,,
1244259,2021,2021-05-13,"County Ground, Chelmsford",3,29.1,29.1,Derbyshire,Essex,BA Godleman,BD Guest,SR Harmer,0,0,,,,,,,,,,,,,
1244259,2021,2021-05-13,"County Ground, Chelmsford",3,29.2,29.2,Derbyshire,Essex,BA Godleman,BD Guest,SR Harmer,0,0,,,,,,,,,,,,,
1244259,2021,2021-05-13,"County Ground, Chelmsford",3,29.3,29.3,Derbyshire,Essex,BA Godleman,BD Guest,SR Harmer,0,0,,,,,,,,,,,,,
1244259,2021,2021-05-13,"County Ground, Chelmsford",3,29.4,29.4,Derbyshire,Essex,BA Godleman,BD Guest,SR Harmer,0,0,,,,,,,,,,,,,
1244259,2021,2021-05-13,"County Ground, Chelmsford",3,29.5,29.5,Derbyshire,Essex,BA Godleman,BD Guest,SR Harmer,2,0,,,,,,,,,,,,,
1244259,2021,2021-05-13,"County Ground, Chelmsford",3,29.6,29.6,Derbyshire,Essex,BA Godleman,BD Guest,SR Harmer,0,0,,,,,,,,,,,,,
1244259,2021,2021-05-13,"County Ground, Chelmsford",3,30.1,30.1,Derbyshire,Essex,BD Guest,BA Godleman,DW Lawrence,2,0,,,,,,,,,,,,,
1244259,2021,2021-05-13,"County Ground, Chelmsford",3,30.2,30.2,Derbyshire,Essex,BD Guest,BA Godleman,DW Lawrence,0,0,,,,,,,,,,,,,
1244259,2021,2021-05-13,"County Ground, Chelmsford",3,30.3,30.3,Derbyshire,Essex,BD Guest,BA Godleman,DW Lawrence,2,0,,,,,,,,,,,,,
1244259,2021,2021-05-13,"County Ground, Chelmsford",3,30.4,30.4,Derbyshire,Essex,BD Guest,BA Godleman,DW Lawrence,0,0,,,,,,,,,,,,,
1244259,2021,2021-05-13,"County Ground, Chelmsford",3,30.5,30.5,Derbyshire,Essex,BD Guest,BA Godleman,DW Lawrence,2,0,,,,,,,,,,,,,
1244259,2021,2021-05-13,"County Ground, Chelmsford",3,30.6,30.6,Derbyshire,Essex,BD Guest,BA Godleman,DW Lawrence,0,0,,,,,,,,,,,,,
1244259,2021,2021-05-13,"County Ground, Chelmsford",3,31.1,31.1,Derbyshire,Essex,BA Godleman,BD Guest,SR Harmer,0,0,,,,,,,,,,,,,
1244259,2021,2021-05-13,"County Ground, Chelmsford",3,31.2,31.2,Derbyshire,Essex,BA Godleman,BD Guest,SR Harmer,1,0,,,,,,,,,,,,,
1244259,2021,2021-05-13,"County Ground, Chelmsford",3,31.3,31.3,Derbyshire,Essex,BD Guest,BA Godleman,SR Harmer,0,0,,,,,,,,,,,,,
1244259,2021,2021-05-13,"County Ground, Chelmsford",3,31.4,31.4,Derbyshire,Essex,BD Guest,BA Godleman,SR Harmer,0,0,,,,,,,,,,,,,
1244259,2021,2021-05-13,"County Ground, Chelmsford",3,31.5,31.5,Derbyshire,Essex,BD Guest,BA Godleman,SR Harmer,0,0,,,,,,,,,,,,,
1244259,2021,2021-05-13,"County Ground, Chelmsford",3,31.6,31.6,Derbyshire,Essex,BD Guest,BA Godleman,SR Harmer,0,0,,,,,,,,,,,,,
1244259,2021,2021-05-13,"County Ground, Chelmsford",3,32.1,32.1,Derbyshire,Essex,BA Godleman,BD Guest,JA Porter,0,0,,,,,,,,,,,,,
1244259,2021,2021-05-13,"County Ground, Chelmsford",3,32.2,32.2,Derbyshire,Essex,BA Godleman,BD Guest,JA Porter,0,0,,,,,,,,,,,,,
1244259,2021,2021-05-13,"County Ground, Chelmsford",3,32.3,32.3,Derbyshire,Essex,BA Godleman,BD Guest,JA Porter,2,0,,,,,,,,,,,,,
1244259,2021,2021-05-13,"County Ground, Chelmsford",3,32.4,32.4,Derbyshire,Essex,BA Godleman,BD Guest,JA Porter,1,0,,,,,,,,,,,,,
1244259,2021,2021-05-13,"County Ground, Chelmsford",3,32.5,32.5,Derbyshire,Essex,BD Guest,BA Godleman,JA Porter,0,0,,,,,,,,,,,,,
1244259,2021,2021-05-13,"County Ground, Chelmsford",3,32.6,32.6,Derbyshire,Essex,BD Guest,BA Godleman,JA Porter,0,0,,,,,,,,,,,,,
1244259,2021,2021-05-13,"County Ground, Chelmsford",3,33.1,33.1,Derbyshire,Essex,BA Godleman,BD Guest,SR Harmer,0,0,,,,,,,,,,,,,
1244259,2021,2021-05-13,"County Ground, Chelmsford",3,33.2,33.2,Derbyshire,Essex,BA Godleman,BD Guest,SR Harmer,2,0,,,,,,,,,,,,,
1244259,2021,2021-05-13,"County Ground, Chelmsford",3,33.3,33.3,Derbyshire,Essex,BA Godleman,BD Guest,SR Harmer,0,0,,,,,,,,,,,,,
1244259,2021,2021-05-13,"County Ground, Chelmsford",3,33.4,33.4,Derbyshire,Essex,BA Godleman,BD Guest,SR Harmer,0,0,,,,,,,,,,,,,
1244259,2021,2021-05-13,"County Ground, Chelmsford",3,33.5,33.5,Derbyshire,Essex,BA Godleman,BD Guest,SR Harmer,0,0,,,,,,,,,,,,,
1244259,2021,2021-05-13,"County Ground, Chelmsford",3,33.6,33.6,Derbyshire,Essex,BA Godleman,BD Guest,SR Harmer,0,0,,,,,,,,,,,,,
1244259,2021,2021-05-13,"County Ground, Chelmsford",3,34.1,34.1,Derbyshire,Essex,BD Guest,BA Godleman,JA Porter,0,0,,,,,,,,,,,,,
1244259,2021,2021-05-13,"County Ground, Chelmsford",3,34.2,34.2,Derbyshire,Essex,BD Guest,BA Godleman,JA Porter,0,0,,,,,,,,,,,,,
1244259,2021,2021-05-13,"County Ground, Chelmsford",3,34.3,34.3,Derbyshire,Essex,BD Guest,BA Godleman,JA Porter,0,0,,,,,,,,,,,,,
1244259,2021,2021-05-13,"County Ground, Chelmsford",3,34.4,34.4,Derbyshire,Essex,BD Guest,BA Godleman,JA Porter,0,0,,,,,,,,,,,,,
1244259,2021,2021-05-13,"County Ground, Chelmsford",3,34.5,34.5,Derbyshire,Essex,BD Guest,BA Godleman,JA Porter,1,0,,,,,,,,,,,,,
1244259,2021,2021-05-13,"County Ground, Chelmsford",3,34.6,34.6,Derbyshire,Essex,BA Godleman,BD Guest,JA Porter,0,0,,,,,,,,,,,,,
1244259,2021,2021-05-13,"County Ground, Chelmsford",3,35.1,35.1,Derbyshire,Essex,BD Guest,BA Godleman,SR Harmer,0,0,,,,,,,,,,,,,
1244259,2021,2021-05-13,"County Ground, Chelmsford",3,35.2,35.2,Derbyshire,Essex,BD Guest,BA Godleman,SR Harmer,0,0,,,,,,,,,,,,,
1244259,2021,2021-05-13,"County Ground, Chelmsford",3,35.3,35.3,Derbyshire,Essex,BD Guest,BA Godleman,SR Harmer,2,0,,,,,,,,,,,,,
1244259,2021,2021-05-13,"County Ground, Chelmsford",3,35.4,35.4,Derbyshire,Essex,BD Guest,BA Godleman,SR Harmer,0,0,,,,,,,,,,,,,
1244259,2021,2021-05-13,"County Ground, Chelmsford",3,35.5,35.5,Derbyshire,Essex,BD Guest,BA Godleman,SR Harmer,0,0,,,,,,,,,,,,,
1244259,2021,2021-05-13,"County Ground, Chelmsford",3,35.6,35.6,Derbyshire,Essex,BD Guest,BA Godleman,SR Harmer,0,0,,,,,,,,,,,,,
1244259,2021,2021-05-13,"County Ground, Chelmsford",3,36.1,36.1,Derbyshire,Essex,BA Godleman,BD Guest,JA Porter,1,0,,,,,,,,,,,,,
1244259,2021,2021-05-13,"County Ground, Chelmsford",3,36.2,36.2,Derbyshire,Essex,BD Guest,BA Godleman,JA Porter,0,0,,,,,,,,,,,,,
1244259,2021,2021-05-13,"County Ground, Chelmsford",3,36.3,36.3,Derbyshire,Essex,BD Guest,BA Godleman,JA Porter,0,0,,,,,,,,,,,,,
1244259,2021,2021-05-13,"County Ground, Chelmsford",3,36.4,36.4,Derbyshire,Essex,BD Guest,BA Godleman,JA Porter,1,0,,,,,,,,,,,,,
1244259,2021,2021-05-13,"County Ground, Chelmsford",3,36.5,36.5,Derbyshire,Essex,BA Godleman,BD Guest,JA Porter,0,0,,,,,,,,,,,,,
1244259,2021,2021-05-13,"County Ground, Chelmsford",3,36.6,36.6,Derbyshire,Essex,BA Godleman,BD Guest,JA Porter,0,0,,,,,,,,,,,,,
1244259,2021,2021-05-13,"County Ground, Chelmsford",3,37.1,37.1,Derbyshire,Essex,BD Guest,BA Godleman,SR Harmer,0,0,,,,,,,,,,,,,
1244259,2021,2021-05-13,"County Ground, Chelmsford",3,37.2,37.2,Derbyshire,Essex,BD Guest,BA Godleman,SR Harmer,0,0,,,,,,,,,,,,,
1244259,2021,2021-05-13,"County Ground, Chelmsford",3,37.3,37.3,Derbyshire,Essex,BD Guest,BA Godleman,SR Harmer,0,0,,,,,,,,,,,,,
1244259,2021,2021-05-13,"County Ground, Chelmsford",3,37.4,37.4,Derbyshire,Essex,BD Guest,BA Godleman,SR Harmer,0,0,,,,,,,,,,,,,
1244259,2021,2021-05-13,"County Ground, Chelmsford",3,37.5,37.5,Derbyshire,Essex,BD Guest,BA Godleman,SR Harmer,0,0,,,,,,,,,,,,,
1244259,2021,2021-05-13,"County Ground, Chelmsford",3,37.6,37.6,Derbyshire,Essex,BD Guest,BA Godleman,SR Harmer,4,0,,,,,,,,,,,,,
1244259,2021,2021-05-13,"County Ground, Chelmsford",3,38.1,38.1,Derbyshire,Essex,BA Godleman,BD Guest,JA Porter,0,0,,,,,,,lbw,BA Godleman,,,,,
1244259,2021,2021-05-13,"County Ground, Chelmsford",3,38.2,38.2,Derbyshire,Essex,JL du Plooy,BD Guest,JA Porter,0,0,,,,,,,,,,,,,
1244259,2021,2021-05-13,"County Ground, Chelmsford",3,38.3,38.3,Derbyshire,Essex,JL du Plooy,BD Guest,JA Porter,0,0,,,,,,,,,,,,,
1244259,2021,2021-05-13,"County Ground, Chelmsford",3,38.4,38.4,Derbyshire,Essex,JL du Plooy,BD Guest,JA Porter,0,0,,,,,,,,,,,,,
1244259,2021,2021-05-13,"County Ground, Chelmsford",3,38.5,38.5,Derbyshire,Essex,JL du Plooy,BD Guest,JA Porter,0,0,,,,,,,,,,,,,
1244259,2021,2021-05-13,"County Ground, Chelmsford",3,38.6,38.6,Derbyshire,Essex,JL du Plooy,BD Guest,JA Porter,0,0,,,,,,,,,,,,,
1244259,2021,2021-05-13,"County Ground, Chelmsford",3,39.1,39.1,Derbyshire,Essex,BD Guest,JL du Plooy,SR Harmer,0,0,,,,,,,,,,,,,
1244259,2021,2021-05-13,"County Ground, Chelmsford",3,39.2,39.2,Derbyshire,Essex,BD Guest,JL du Plooy,SR Harmer,0,0,,,,,,,,,,,,,
1244259,2021,2021-05-13,"County Ground, Chelmsford",3,39.3,39.3,Derbyshire,Essex,BD Guest,JL du Plooy,SR Harmer,0,0,,,,,,,,,,,,,
1244259,2021,2021-05-13,"County Ground, Chelmsford",3,39.4,39.4,Derbyshire,Essex,BD Guest,JL du Plooy,SR Harmer,0,0,,,,,,,,,,,,,
1244259,2021,2021-05-13,"County Ground, Chelmsford",3,39.5,39.5,Derbyshire,Essex,BD Guest,JL du Plooy,SR Harmer,0,0,,,,,,,,,,,,,
1244259,2021,2021-05-13,"County Ground, Chelmsford",3,39.6,39.6,Derbyshire,Essex,BD Guest,JL du Plooy,SR Harmer,0,0,,,,,,,,,,,,,
1244259,2021,2021-05-13,"County Ground, Chelmsford",3,40.1,40.1,Derbyshire,Essex,JL du Plooy,BD Guest,JA Porter,0,0,,,,,,,,,,,,,
1244259,2021,2021-05-13,"County Ground, Chelmsford",3,40.2,40.2,Derbyshire,Essex,JL du Plooy,BD Guest,JA Porter,0,0,,,,,,,,,,,,,
1244259,2021,2021-05-13,"County Ground, Chelmsford",3,40.3,40.3,Derbyshire,Essex,JL du Plooy,BD Guest,JA Porter,0,0,,,,,,,,,,,,,
1244259,2021,2021-05-13,"County Ground, Chelmsford",3,40.4,40.4,Derbyshire,Essex,JL du Plooy,BD Guest,JA Porter,0,0,,,,,,,,,,,,,
1244259,2021,2021-05-13,"County Ground, Chelmsford",3,40.5,40.5,Derbyshire,Essex,JL du Plooy,BD Guest,JA Porter,0,0,,,,,,,,,,,,,
1244259,2021,2021-05-13,"County Ground, Chelmsford",3,40.6,40.6,Derbyshire,Essex,JL du Plooy,BD Guest,JA Porter,0,0,,,,,,,,,,,,,
1244259,2021,2021-05-13,"County Ground, Chelmsford",3,41.1,41.1,Derbyshire,Essex,BD Guest,JL du Plooy,SR Harmer,0,0,,,,,,,,,,,,,
1244259,2021,2021-05-13,"County Ground, Chelmsford",3,41.2,41.2,Derbyshire,Essex,BD Guest,JL du Plooy,SR Harmer,1,0,,,,,,,,,,,,,
1244259,2021,2021-05-13,"County Ground, Chelmsford",3,41.3,41.3,Derbyshire,Essex,JL du Plooy,BD Guest,SR Harmer,2,0,,,,,,,,,,,,,
1244259,2021,2021-05-13,"County Ground, Chelmsford",3,41.4,41.4,Derbyshire,Essex,JL du Plooy,BD Guest,SR Harmer,0,0,,,,,,,,,,,,,
1244259,2021,2021-05-13,"County Ground, Chelmsford",3,41.5,41.5,Derbyshire,Essex,JL du Plooy,BD Guest,SR Harmer,0,0,,,,,,,,,,,,,
1244259,2021,2021-05-13,"County Ground, Chelmsford",3,41.6,41.6,Derbyshire,Essex,JL du Plooy,BD Guest,SR Harmer,4,0,,,,,,,,,,,,,
1244259,2021,2021-05-13,"County Ground, Chelmsford",3,42.1,42.1,Derbyshire,Essex,BD Guest,JL du Plooy,SJ Cook,0,0,,,,,,,,,,,,,
1244259,2021,2021-05-13,"County Ground, Chelmsford",3,42.2,42.2,Derbyshire,Essex,BD Guest,JL du Plooy,SJ Cook,0,0,,,,,,,,,,,,,
1244259,2021,2021-05-13,"County Ground, Chelmsford",3,42.3,42.3,Derbyshire,Essex,BD Guest,JL du Plooy,SJ Cook,0,0,,,,,,,,,,,,,
1244259,2021,2021-05-13,"County Ground, Chelmsford",3,42.4,42.4,Derbyshire,Essex,BD Guest,JL du Plooy,SJ Cook,0,0,,,,,,,,,,,,,
1244259,2021,2021-05-13,"County Ground, Chelmsford",3,42.5,42.5,Derbyshire,Essex,BD Guest,JL du Plooy,SJ Cook,0,0,,,,,,,,,,,,,
1244259,2021,2021-05-13,"County Ground, Chelmsford",3,42.6,42.6,Derbyshire,Essex,BD Guest,JL du Plooy,SJ Cook,0,0,,,,,,,lbw,BD Guest,,,,,
1244259,2021,2021-05-13,"County Ground, Chelmsford",3,43.1,43.1,Derbyshire,Essex,JL du Plooy,WL Madsen,SR Harmer,0,0,,,,,,,,,,,,,
1244259,2021,2021-05-13,"County Ground, Chelmsford",3,43.2,43.2,Derbyshire,Essex,JL du Plooy,WL Madsen,SR Harmer,1,0,,,,,,,,,,,,,
1244259,2021,2021-05-13,"County Ground, Chelmsford",3,43.3,43.3,Derbyshire,Essex,WL Madsen,JL du Plooy,SR Harmer,0,0,,,,,,,,,,,,,
1244259,2021,2021-05-13,"County Ground, Chelmsford",3,43.4,43.4,Derbyshire,Essex,WL Madsen,JL du Plooy,SR Harmer,6,0,,,,,,,,,,,,,
1244259,2021,2021-05-13,"County Ground, Chelmsford",3,43.5,43.5,Derbyshire,Essex,WL Madsen,JL du Plooy,SR Harmer,1,0,,,,,,,,,,,,,
1244259,2021,2021-05-13,"County Ground, Chelmsford",3,43.6,43.6,Derbyshire,Essex,JL du Plooy,WL Madsen,SR Harmer,0,0,,,,,,,,,,,,,
1244259,2021,2021-05-13,"County Ground, Chelmsford",3,44.1,44.1,Derbyshire,Essex,WL Madsen,JL du Plooy,SJ Cook,0,0,,,,,,,,,,,,,
1244259,2021,2021-05-13,"County Ground, Chelmsford",3,44.2,44.2,Derbyshire,Essex,WL Madsen,JL du Plooy,SJ Cook,0,0,,,,,,,,,,,,,
1244259,2021,2021-05-13,"County Ground, Chelmsford",3,44.3,44.3,Derbyshire,Essex,WL Madsen,JL du Plooy,SJ Cook,0,0,,,,,,,,,,,,,
1244259,2021,2021-05-13,"County Ground, Chelmsford",3,44.4,44.4,Derbyshire,Essex,WL Madsen,JL du Plooy,SJ Cook,1,0,,,,,,,,,,,,,
1244259,2021,2021-05-13,"County Ground, Chelmsford",3,44.5,44.5,Derbyshire,Essex,JL du Plooy,WL Madsen,SJ Cook,0,0,,,,,,,,,,,,,
1244259,2021,2021-05-13,"County Ground, Chelmsford",3,44.6,44.6,Derbyshire,Essex,JL du Plooy,WL Madsen,SJ Cook,1,0,,,,,,,,,,,,,
1244259,2021,2021-05-13,"County Ground, Chelmsford",3,45.1,45.1,Derbyshire,Essex,JL du Plooy,WL Madsen,SR Harmer,4,0,,,,,,,,,,,,,
1244259,2021,2021-05-13,"County Ground, Chelmsford",3,45.2,45.2,Derbyshire,Essex,JL du Plooy,WL Madsen,SR Harmer,0,0,,,,,,,,,,,,,
1244259,2021,2021-05-13,"County Ground, Chelmsford",3,45.3,45.3,Derbyshire,Essex,JL du Plooy,WL Madsen,SR Harmer,1,0,,,,,,,,,,,,,
1244259,2021,2021-05-13,"County Ground, Chelmsford",3,45.4,45.4,Derbyshire,Essex,WL Madsen,JL du Plooy,SR Harmer,2,0,,,,,,,,,,,,,
1244259,2021,2021-05-13,"County Ground, Chelmsford",3,45.5,45.5,Derbyshire,Essex,WL Madsen,JL du Plooy,SR Harmer,0,0,,,,,,,,,,,,,
1244259,2021,2021-05-13,"County Ground, Chelmsford",3,45.6,45.6,Derbyshire,Essex,WL Madsen,JL du Plooy,SR Harmer,0,0,,,,,,,,,,,,,
1244259,2021,2021-05-13,"County Ground, Chelmsford",3,46.1,46.1,Derbyshire,Essex,JL du Plooy,WL Madsen,SJ Cook,0,0,,,,,,,,,,,,,
1244259,2021,2021-05-13,"County Ground, Chelmsford",3,46.2,46.2,Derbyshire,Essex,JL du Plooy,WL Madsen,SJ Cook,0,0,,,,,,,,,,,,,
1244259,2021,2021-05-13,"County Ground, Chelmsford",3,46.3,46.3,Derbyshire,Essex,JL du Plooy,WL Madsen,SJ Cook,0,0,,,,,,,,,,,,,
1244259,2021,2021-05-13,"County Ground, Chelmsford",3,46.4,46.4,Derbyshire,Essex,JL du Plooy,WL Madsen,SJ Cook,0,0,,,,,,,,,,,,,
1244259,2021,2021-05-13,"County Ground, Chelmsford",3,46.5,46.5,Derbyshire,Essex,JL du Plooy,WL Madsen,SJ Cook,0,0,,,,,,,,,,,,,
1244259,2021,2021-05-13,"County Ground, Chelmsford",3,46.6,46.6,Derbyshire,Essex,JL du Plooy,WL Madsen,SJ Cook,0,0,,,,,,,,,,,,,
1244259,2021,2021-05-13,"County Ground, Chelmsford",3,47.1,47.1,Derbyshire,Essex,WL Madsen,JL du Plooy,SR Harmer,0,0,,,,,,,,,,,,,
1244259,2021,2021-05-13,"County Ground, Chelmsford",3,47.2,47.2,Derbyshire,Essex,WL Madsen,JL du Plooy,SR Harmer,1,0,,,,,,,,,,,,,
1244259,2021,2021-05-13,"County Ground, Chelmsford",3,47.3,47.3,Derbyshire,Essex,JL du Plooy,WL Madsen,SR Harmer,4,0,,,,,,,,,,,,,
1244259,2021,2021-05-13,"County Ground, Chelmsford",3,47.4,47.4,Derbyshire,Essex,JL du Plooy,WL Madsen,SR Harmer,0,0,,,,,,,,,,,,,
1244259,2021,2021-05-13,"County Ground, Chelmsford",3,47.5,47.5,Derbyshire,Essex,JL du Plooy,WL Madsen,SR Harmer,1,0,,,,,,,,,,,,,
1244259,2021,2021-05-13,"County Ground, Chelmsford",3,47.6,47.6,Derbyshire,Essex,WL Madsen,JL du Plooy,SR Harmer,0,0,,,,,,,,,,,,,
1244259,2021,2021-05-13,"County Ground, Chelmsford",3,48.1,48.1,Derbyshire,Essex,JL du Plooy,WL Madsen,SJ Cook,4,0,,,,,,,,,,,,,
1244259,2021,2021-05-13,"County Ground, Chelmsford",3,48.2,48.2,Derbyshire,Essex,JL du Plooy,WL Madsen,SJ Cook,0,0,,,,,,,,,,,,,
1244259,2021,2021-05-13,"County Ground, Chelmsford",3,48.3,48.3,Derbyshire,Essex,JL du Plooy,WL Madsen,SJ Cook,0,0,,,,,,,,,,,,,
1244259,2021,2021-05-13,"County Ground, Chelmsford",3,48.4,48.4,Derbyshire,Essex,JL du Plooy,WL Madsen,SJ Cook,0,0,,,,,,,,,,,,,
1244259,2021,2021-05-13,"County Ground, Chelmsford",3,48.5,48.5,Derbyshire,Essex,JL du Plooy,WL Madsen,SJ Cook,0,0,,,,,,,,,,,,,
1244259,2021,2021-05-13,"County Ground, Chelmsford",3,48.6,48.6,Derbyshire,Essex,JL du Plooy,WL Madsen,SJ Cook,0,0,,,,,,,,,,,,,
1244259,2021,2021-05-13,"County Ground, Chelmsford",3,49.1,49.1,Derbyshire,Essex,WL Madsen,JL du Plooy,SR Harmer,0,0,,,,,,,,,,,,,
1244259,2021,2021-05-13,"County Ground, Chelmsford",3,49.2,49.2,Derbyshire,Essex,WL Madsen,JL du Plooy,SR Harmer,0,0,,,,,,,,,,,,,
1244259,2021,2021-05-13,"County Ground, Chelmsford",3,49.3,49.3,Derbyshire,Essex,WL Madsen,JL du Plooy,SR Harmer,0,0,,,,,,,,,,,,,
1244259,2021,2021-05-13,"County Ground, Chelmsford",3,49.4,49.4,Derbyshire,Essex,WL Madsen,JL du Plooy,SR Harmer,1,0,,,,,,,,,,,,,
1244259,2021,2021-05-13,"County Ground, Chelmsford",3,49.5,49.5,Derbyshire,Essex,JL du Plooy,WL Madsen,SR Harmer,1,0,,,,,,,,,,,,,
1244259,2021,2021-05-13,"County Ground, Chelmsford",3,49.6,49.6,Derbyshire,Essex,WL Madsen,JL du Plooy,SR Harmer,3,0,,,,,,,,,,,,,
1244259,2021,2021-05-13,"County Ground, Chelmsford",3,50.1,50.1,Derbyshire,Essex,WL Madsen,JL du Plooy,SJ Cook,0,0,,,,,,,,,,,,,
1244259,2021,2021-05-13,"County Ground, Chelmsford",3,50.2,50.2,Derbyshire,Essex,WL Madsen,JL du Plooy,SJ Cook,0,0,,,,,,,,,,,,,
1244259,2021,2021-05-13,"County Ground, Chelmsford",3,50.3,50.3,Derbyshire,Essex,WL Madsen,JL du Plooy,SJ Cook,0,0,,,,,,,,,,,,,
1244259,2021,2021-05-13,"County Ground, Chelmsford",3,50.4,50.4,Derbyshire,Essex,WL Madsen,JL du Plooy,SJ Cook,1,0,,,,,,,,,,,,,
1244259,2021,2021-05-13,"County Ground, Chelmsford",3,50.5,50.5,Derbyshire,Essex,JL du Plooy,WL Madsen,SJ Cook,0,0,,,,,,,,,,,,,
1244259,2021,2021-05-13,"County Ground, Chelmsford",3,50.6,50.6,Derbyshire,Essex,JL du Plooy,WL Madsen,SJ Cook,0,0,,,,,,,,,,,,,
1244259,2021,2021-05-13,"County Ground, Chelmsford",3,51.1,51.1,Derbyshire,Essex,WL Madsen,JL du Plooy,SR Harmer,0,0,,,,,,,,,,,,,
1244259,2021,2021-05-13,"County Ground, Chelmsford",3,51.2,51.2,Derbyshire,Essex,WL Madsen,JL du Plooy,SR Harmer,0,0,,,,,,,,,,,,,
1244259,2021,2021-05-13,"County Ground, Chelmsford",3,51.3,51.3,Derbyshire,Essex,WL Madsen,JL du Plooy,SR Harmer,0,0,,,,,,,,,,,,,
1244259,2021,2021-05-13,"County Ground, Chelmsford",3,51.4,51.4,Derbyshire,Essex,WL Madsen,JL du Plooy,SR Harmer,0,0,,,,,,,,,,,,,
1244259,2021,2021-05-13,"County Ground, Chelmsford",3,51.5,51.5,Derbyshire,Essex,WL Madsen,JL du Plooy,SR Harmer,1,0,,,,,,,,,,,,,
1244259,2021,2021-05-13,"County Ground, Chelmsford",3,51.6,51.6,Derbyshire,Essex,JL du Plooy,WL Madsen,SR Harmer,0,0,,,,,,,,,,,,,
1244259,2021,2021-05-13,"County Ground, Chelmsford",3,52.1,52.1,Derbyshire,Essex,WL Madsen,JL du Plooy,SJ Cook,0,0,,,,,,,,,,,,,
1244259,2021,2021-05-13,"County Ground, Chelmsford",3,52.2,52.2,Derbyshire,Essex,WL Madsen,JL du Plooy,SJ Cook,2,0,,,,,,,,,,,,,
1244259,2021,2021-05-13,"County Ground, Chelmsford",3,52.3,52.3,Derbyshire,Essex,WL Madsen,JL du Plooy,SJ Cook,0,0,,,,,,,,,,,,,
1244259,2021,2021-05-13,"County Ground, Chelmsford",3,52.4,52.4,Derbyshire,Essex,WL Madsen,JL du Plooy,SJ Cook,0,0,,,,,,,,,,,,,
1244259,2021,2021-05-13,"County Ground, Chelmsford",3,52.5,52.5,Derbyshire,Essex,WL Madsen,JL du Plooy,SJ Cook,1,0,,,,,,,,,,,,,
1244259,2021,2021-05-13,"County Ground, Chelmsford",3,52.6,52.6,Derbyshire,Essex,JL du Plooy,WL Madsen,SJ Cook,0,0,,,,,,,,,,,,,
1244259,2021,2021-05-13,"County Ground, Chelmsford",3,53.1,53.1,Derbyshire,Essex,WL Madsen,JL du Plooy,SR Harmer,0,0,,,,,,,,,,,,,
1244259,2021,2021-05-13,"County Ground, Chelmsford",3,53.2,53.2,Derbyshire,Essex,WL Madsen,JL du Plooy,SR Harmer,1,0,,,,,,,,,,,,,
1244259,2021,2021-05-13,"County Ground, Chelmsford",3,53.3,53.3,Derbyshire,Essex,JL du Plooy,WL Madsen,SR Harmer,4,0,,,,,,,,,,,,,
1244259,2021,2021-05-13,"County Ground, Chelmsford",3,53.4,53.4,Derbyshire,Essex,JL du Plooy,WL Madsen,SR Harmer,0,0,,,,,,,,,,,,,
1244259,2021,2021-05-13,"County Ground, Chelmsford",3,53.5,53.5,Derbyshire,Essex,JL du Plooy,WL Madsen,SR Harmer,4,0,,,,,,,,,,,,,
1244259,2021,2021-05-13,"County Ground, Chelmsford",3,53.6,53.6,Derbyshire,Essex,JL du Plooy,WL Madsen,SR Harmer,0,0,,,,,,,,,,,,,
1244259,2021,2021-05-13,"County Ground, Chelmsford",3,54.1,54.1,Derbyshire,Essex,WL Madsen,JL du Plooy,S Snater,0,0,,,,,,,,,,,,,
1244259,2021,2021-05-13,"County Ground, Chelmsford",3,54.2,54.2,Derbyshire,Essex,WL Madsen,JL du Plooy,S Snater,1,0,,,,,,,,,,,,,
1244259,2021,2021-05-13,"County Ground, Chelmsford",3,54.3,54.3,Derbyshire,Essex,JL du Plooy,WL Madsen,S Snater,0,0,,,,,,,,,,,,,
1244259,2021,2021-05-13,"County Ground, Chelmsford",3,54.4,54.4,Derbyshire,Essex,JL du Plooy,WL Madsen,S Snater,0,0,,,,,,,,,,,,,
1244259,2021,2021-05-13,"County Ground, Chelmsford",3,54.5,54.5,Derbyshire,Essex,JL du Plooy,WL Madsen,S Snater,0,0,,,,,,,,,,,,,
1244259,2021,2021-05-13,"County Ground, Chelmsford",3,54.6,54.6,Derbyshire,Essex,JL du Plooy,WL Madsen,S Snater,0,0,,,,,,,,,,,,,
1244259,2021,2021-05-13,"County Ground, Chelmsford",3,55.1,55.1,Derbyshire,Essex,WL Madsen,JL du Plooy,SR Harmer,2,0,,,,,,,,,,,,,
1244259,2021,2021-05-13,"County Ground, Chelmsford",3,55.2,55.2,Derbyshire,Essex,WL Madsen,JL du Plooy,SR Harmer,0,0,,,,,,,,,,,,,
1244259,2021,2021-05-13,"County Ground, Chelmsford",3,55.3,55.3,Derbyshire,Essex,WL Madsen,JL du Plooy,SR Harmer,0,0,,,,,,,,,,,,,
1244259,2021,2021-05-13,"County Ground, Chelmsford",3,55.4,55.4,Derbyshire,Essex,WL Madsen,JL du Plooy,SR Harmer,0,0,,,,,,,,,,,,,
1244259,2021,2021-05-13,"County Ground, Chelmsford",3,55.5,55.5,Derbyshire,Essex,WL Madsen,JL du Plooy,SR Harmer,0,0,,,,,,,,,,,,,
1244259,2021,2021-05-13,"County Ground, Chelmsford",3,55.6,55.6,Derbyshire,Essex,WL Madsen,JL du Plooy,SR Harmer,1,0,,,,,,,,,,,,,
1244259,2021,2021-05-13,"County Ground, Chelmsford",3,56.1,56.1,Derbyshire,Essex,WL Madsen,JL du Plooy,S Snater,0,0,,,,,,,,,,,,,
1244259,2021,2021-05-13,"County Ground, Chelmsford",3,56.2,56.2,Derbyshire,Essex,WL Madsen,JL du Plooy,S Snater,0,0,,,,,,,,,,,,,
1244259,2021,2021-05-13,"County Ground, Chelmsford",3,56.3,56.3,Derbyshire,Essex,WL Madsen,JL du Plooy,S Snater,0,1,,,,1,,,,,,,,,
1244259,2021,2021-05-13,"County Ground, Chelmsford",3,56.4,56.4,Derbyshire,Essex,JL du Plooy,WL Madsen,S Snater,0,0,,,,,,,,,,,,,
1244259,2021,2021-05-13,"County Ground, Chelmsford",3,56.5,56.5,Derbyshire,Essex,JL du Plooy,WL Madsen,S Snater,0,0,,,,,,,,,,,,,
1244259,2021,2021-05-13,"County Ground, Chelmsford",3,56.6,56.6,Derbyshire,Essex,JL du Plooy,WL Madsen,S Snater,0,1,,,,1,,,,,,,,,
1244259,2021,2021-05-13,"County Ground, Chelmsford",3,57.1,57.1,Derbyshire,Essex,JL du Plooy,WL Madsen,SR Harmer,0,0,,,,,,,,,,,,,
1244259,2021,2021-05-13,"County Ground, Chelmsford",3,57.2,57.2,Derbyshire,Essex,JL du Plooy,WL Madsen,SR Harmer,0,0,,,,,,,,,,,,,
1244259,2021,2021-05-13,"County Ground, Chelmsford",3,57.3,57.3,Derbyshire,Essex,JL du Plooy,WL Madsen,SR Harmer,0,0,,,,,,,,,,,,,
1244259,2021,2021-05-13,"County Ground, Chelmsford",3,57.4,57.4,Derbyshire,Essex,JL du Plooy,WL Madsen,SR Harmer,1,0,,,,,,,,,,,,,
1244259,2021,2021-05-13,"County Ground, Chelmsford",3,57.5,57.5,Derbyshire,Essex,WL Madsen,JL du Plooy,SR Harmer,1,0,,,,,,,,,,,,,
1244259,2021,2021-05-13,"County Ground, Chelmsford",3,57.6,57.6,Derbyshire,Essex,JL du Plooy,WL Madsen,SR Harmer,4,0,,,,,,,,,,,,,
1244259,2021,2021-05-13,"County Ground, Chelmsford",3,58.1,58.1,Derbyshire,Essex,WL Madsen,JL du Plooy,S Snater,0,0,,,,,,,,,,,,,
1244259,2021,2021-05-13,"County Ground, Chelmsford",3,58.2,58.2,Derbyshire,Essex,WL Madsen,JL du Plooy,S Snater,0,0,,,,,,,,,,,,,
1244259,2021,2021-05-13,"County Ground, Chelmsford",3,58.3,58.3,Derbyshire,Essex,WL Madsen,JL du Plooy,S Snater,1,0,,,,,,,,,,,,,
1244259,2021,2021-05-13,"County Ground, Chelmsford",3,58.4,58.4,Derbyshire,Essex,JL du Plooy,WL Madsen,S Snater,1,0,,,,,,,,,,,,,
1244259,2021,2021-05-13,"County Ground, Chelmsford",3,58.5,58.5,Derbyshire,Essex,WL Madsen,JL du Plooy,S Snater,0,0,,,,,,,,,,,,,
1244259,2021,2021-05-13,"County Ground, Chelmsford",3,58.6,58.6,Derbyshire,Essex,WL Madsen,JL du Plooy,S Snater,1,0,,,,,,,,,,,,,
1244259,2021,2021-05-13,"County Ground, Chelmsford",3,59.1,59.1,Derbyshire,Essex,WL Madsen,JL du Plooy,SR Harmer,0,0,,,,,,,,,,,,,
1244259,2021,2021-05-13,"County Ground, Chelmsford",3,59.2,59.2,Derbyshire,Essex,WL Madsen,JL du Plooy,SR Harmer,0,4,,,4,,,,,,,,,,
1244259,2021,2021-05-13,"County Ground, Chelmsford",3,59.3,59.3,Derbyshire,Essex,WL Madsen,JL du Plooy,SR Harmer,0,0,,,,,,,,,,,,,
1244259,2021,2021-05-13,"County Ground, Chelmsford",3,59.4,59.4,Derbyshire,Essex,WL Madsen,JL du Plooy,SR Harmer,0,0,,,,,,,,,,,,,
1244259,2021,2021-05-13,"County Ground, Chelmsford",3,59.5,59.5,Derbyshire,Essex,WL Madsen,JL du Plooy,SR Harmer,0,0,,,,,,,,,,,,,
1244259,2021,2021-05-13,"County Ground, Chelmsford",3,59.6,59.6,Derbyshire,Essex,WL Madsen,JL du Plooy,SR Harmer,0,0,,,,,,,,,,,,,
1244259,2021,2021-05-13,"County Ground, Chelmsford",3,60.1,60.1,Derbyshire,Essex,JL du Plooy,WL Madsen,S Snater,1,0,,,,,,,,,,,,,
1244259,2021,2021-05-13,"County Ground, Chelmsford",3,60.2,60.2,Derbyshire,Essex,WL Madsen,JL du Plooy,S Snater,4,0,,,,,,,,,,,,,
1244259,2021,2021-05-13,"County Ground, Chelmsford",3,60.3,60.3,Derbyshire,Essex,WL Madsen,JL du Plooy,S Snater,2,0,,,,,,,,,,,,,
1244259,2021,2021-05-13,"County Ground, Chelmsford",3,60.4,60.4,Derbyshire,Essex,WL Madsen,JL du Plooy,S Snater,2,0,,,,,,,,,,,,,
1244259,2021,2021-05-13,"County Ground, Chelmsford",3,60.5,60.5,Derbyshire,Essex,WL Madsen,JL du Plooy,S Snater,0,0,,,,,,,,,,,,,
1244259,2021,2021-05-13,"County Ground, Chelmsford",3,60.6,60.6,Derbyshire,Essex,WL Madsen,JL du Plooy,S Snater,0,0,,,,,,,,,,,,,
1244259,2021,2021-05-13,"County Ground, Chelmsford",3,61.1,61.1,Derbyshire,Essex,JL du Plooy,WL Madsen,SR Harmer,0,0,,,,,,,,,,,,,
1244259,2021,2021-05-13,"County Ground, Chelmsford",3,61.2,61.2,Derbyshire,Essex,JL du Plooy,WL Madsen,SR Harmer,0,0,,,,,,,,,,,,,
1244259,2021,2021-05-13,"County Ground, Chelmsford",3,61.3,61.3,Derbyshire,Essex,JL du Plooy,WL Madsen,SR Harmer,1,0,,,,,,,,,,,,,
1244259,2021,2021-05-13,"County Ground, Chelmsford",3,61.4,61.4,Derbyshire,Essex,WL Madsen,JL du Plooy,SR Harmer,0,0,,,,,,,,,,,,,
1244259,2021,2021-05-13,"County Ground, Chelmsford",3,61.5,61.5,Derbyshire,Essex,WL Madsen,JL du Plooy,SR Harmer,0,0,,,,,,,caught,WL Madsen,,,RN ten Doeschate,,
1244259,2021,2021-05-13,"County Ground, Chelmsford",3,61.6,61.6,Derbyshire,Essex,MJJ Critchley,JL du Plooy,SR Harmer,0,0,,,,,,,,,,,,,
1244259,2021,2021-05-13,"County Ground, Chelmsford",3,62.1,62.1,Derbyshire,Essex,JL du Plooy,MJJ Critchley,S Snater,0,0,,,,,,,,,,,,,
1244259,2021,2021-05-13,"County Ground, Chelmsford",3,62.2,62.2,Derbyshire,Essex,JL du Plooy,MJJ Critchley,S Snater,0,0,,,,,,,,,,,,,
1244259,2021,2021-05-13,"County Ground, Chelmsford",3,62.3,62.3,Derbyshire,Essex,JL du Plooy,MJJ Critchley,S Snater,0,0,,,,,,,,,,,,,
1244259,2021,2021-05-13,"County Ground, Chelmsford",3,62.4,62.4,Derbyshire,Essex,JL du Plooy,MJJ Critchley,S Snater,0,0,,,,,,,caught,JL du Plooy,,,AN Cook,,
1244259,2021,2021-05-13,"County Ground, Chelmsford",3,62.5,62.5,Derbyshire,Essex,HR Hosein,MJJ Critchley,S Snater,1,0,,,,,,,,,,,,,
1244259,2021,2021-05-13,"County Ground, Chelmsford",3,62.6,62.6,Derbyshire,Essex,MJJ Critchley,HR Hosein,S Snater,0,0,,,,,,,,,,,,,
1244259,2021,2021-05-13,"County Ground, Chelmsford",3,63.1,63.1,Derbyshire,Essex,HR Hosein,MJJ Critchley,SR Harmer,0,0,,,,,,,,,,,,,
1244259,2021,2021-05-13,"County Ground, Chelmsford",3,63.2,63.2,Derbyshire,Essex,HR Hosein,MJJ Critchley,SR Harmer,0,0,,,,,,,,,,,,,
1244259,2021,2021-05-13,"County Ground, Chelmsford",3,63.3,63.3,Derbyshire,Essex,HR Hosein,MJJ Critchley,SR Harmer,0,0,,,,,,,,,,,,,
1244259,2021,2021-05-13,"County Ground, Chelmsford",3,63.4,63.4,Derbyshire,Essex,HR Hosein,MJJ Critchley,SR Harmer,0,0,,,,,,,,,,,,,
1244259,2021,2021-05-13,"County Ground, Chelmsford",3,63.5,63.5,Derbyshire,Essex,HR Hosein,MJJ Critchley,SR Harmer,0,0,,,,,,,,,,,,,
1244259,2021,2021-05-13,"County Ground, Chelmsford",3,63.6,63.6,Derbyshire,Essex,HR Hosein,MJJ Critchley,SR Harmer,0,0,,,,,,,,,,,,,
1244259,2021,2021-05-13,"County Ground, Chelmsford",3,64.1,64.1,Derbyshire,Essex,MJJ Critchley,HR Hosein,S Snater,4,0,,,,,,,,,,,,,
1244259,2021,2021-05-13,"County Ground, Chelmsford",3,64.2,64.2,Derbyshire,Essex,MJJ Critchley,HR Hosein,S Snater,0,0,,,,,,,,,,,,,
1244259,2021,2021-05-13,"County Ground, Chelmsford",3,64.3,64.3,Derbyshire,Essex,MJJ Critchley,HR Hosein,S Snater,0,0,,,,,,,,,,,,,
1244259,2021,2021-05-13,"County Ground, Chelmsford",3,64.4,64.4,Derbyshire,Essex,MJJ Critchley,HR Hosein,S Snater,0,0,,,,,,,,,,,,,
1244259,2021,2021-05-13,"County Ground, Chelmsford",3,64.5,64.5,Derbyshire,Essex,MJJ Critchley,HR Hosein,S Snater,1,0,,,,,,,,,,,,,
1244259,2021,2021-05-13,"County Ground, Chelmsford",3,64.6,64.6,Derbyshire,Essex,HR Hosein,MJJ Critchley,S Snater,0,0,,,,,,,,,,,,,
1244259,2021,2021-05-13,"County Ground, Chelmsford",3,65.1,65.1,Derbyshire,Essex,MJJ Critchley,HR Hosein,SR Harmer,0,0,,,,,,,,,,,,,
1244259,2021,2021-05-13,"County Ground, Chelmsford",3,65.2,65.2,Derbyshire,Essex,MJJ Critchley,HR Hosein,SR Harmer,0,0,,,,,,,,,,,,,
1244259,2021,2021-05-13,"County Ground, Chelmsford",3,65.3,65.3,Derbyshire,Essex,MJJ Critchley,HR Hosein,SR Harmer,1,0,,,,,,,,,,,,,
1244259,2021,2021-05-13,"County Ground, Chelmsford",3,65.4,65.4,Derbyshire,Essex,HR Hosein,MJJ Critchley,SR Harmer,0,0,,,,,,,,,,,,,
1244259,2021,2021-05-13,"County Ground, Chelmsford",3,65.5,65.5,Derbyshire,Essex,HR Hosein,MJJ Critchley,SR Harmer,0,0,,,,,,,,,,,,,
1244259,2021,2021-05-13,"County Ground, Chelmsford",3,65.6,65.6,Derbyshire,Essex,HR Hosein,MJJ Critchley,SR Harmer,0,0,,,,,,,,,,,,,
1244259,2021,2021-05-13,"County Ground, Chelmsford",3,66.1,66.1,Derbyshire,Essex,MJJ Critchley,HR Hosein,S Snater,1,0,,,,,,,,,,,,,
1244259,2021,2021-05-13,"County Ground, Chelmsford",3,66.2,66.2,Derbyshire,Essex,HR Hosein,MJJ Critchley,S Snater,0,0,,,,,,,,,,,,,
1244259,2021,2021-05-13,"County Ground, Chelmsford",3,66.3,66.3,Derbyshire,Essex,HR Hosein,MJJ Critchley,S Snater,0,0,,,,,,,,,,,,,
1244259,2021,2021-05-13,"County Ground, Chelmsford",3,66.4,66.4,Derbyshire,Essex,HR Hosein,MJJ Critchley,S Snater,1,0,,,,,,,,,,,,,
1244259,2021,2021-05-13,"County Ground, Chelmsford",3,66.5,66.5,Derbyshire,Essex,MJJ Critchley,HR Hosein,S Snater,0,0,,,,,,,,,,,,,
1244259,2021,2021-05-13,"County Ground, Chelmsford",3,66.6,66.6,Derbyshire,Essex,MJJ Critchley,HR Hosein,S Snater,0,0,,,,,,,,,,,,,
1244259,2021,2021-05-13,"County Ground, Chelmsford",3,67.1,67.1,Derbyshire,Essex,HR Hosein,MJJ Critchley,SR Harmer,0,0,,,,,,,,,,,,,
1244259,2021,2021-05-13,"County Ground, Chelmsford",3,67.2,67.2,Derbyshire,Essex,HR Hosein,MJJ Critchley,SR Harmer,0,0,,,,,,,,,,,,,
1244259,2021,2021-05-13,"County Ground, Chelmsford",3,67.3,67.3,Derbyshire,Essex,HR Hosein,MJJ Critchley,SR Harmer,0,0,,,,,,,,,,,,,
1244259,2021,2021-05-13,"County Ground, Chelmsford",3,67.4,67.4,Derbyshire,Essex,HR Hosein,MJJ Critchley,SR Harmer,0,0,,,,,,,,,,,,,
1244259,2021,2021-05-13,"County Ground, Chelmsford",3,67.5,67.5,Derbyshire,Essex,HR Hosein,MJJ Critchley,SR Harmer,0,0,,,,,,,,,,,,,
1244259,2021,2021-05-13,"County Ground, Chelmsford",3,67.6,67.6,Derbyshire,Essex,HR Hosein,MJJ Critchley,SR Harmer,0,0,,,,,,,,,,,,,
1244259,2021,2021-05-13,"County Ground, Chelmsford",3,68.1,68.1,Derbyshire,Essex,MJJ Critchley,HR Hosein,JA Porter,0,0,,,,,,,,,,,,,
1244259,2021,2021-05-13,"County Ground, Chelmsford",3,68.2,68.2,Derbyshire,Essex,MJJ Critchley,HR Hosein,JA Porter,0,0,,,,,,,,,,,,,
1244259,2021,2021-05-13,"County Ground, Chelmsford",3,68.3,68.3,Derbyshire,Essex,MJJ Critchley,HR Hosein,JA Porter,0,0,,,,,,,,,,,,,
1244259,2021,2021-05-13,"County Ground, Chelmsford",3,68.4,68.4,Derbyshire,Essex,MJJ Critchley,HR Hosein,JA Porter,0,0,,,,,,,,,,,,,
1244259,2021,2021-05-13,"County Ground, Chelmsford",3,68.5,68.5,Derbyshire,Essex,MJJ Critchley,HR Hosein,JA Porter,0,0,,,,,,,,,,,,,
1244259,2021,2021-05-13,"County Ground, Chelmsford",3,68.6,68.6,Derbyshire,Essex,MJJ Critchley,HR Hosein,JA Porter,1,0,,,,,,,,,,,,,
1244259,2021,2021-05-13,"County Ground, Chelmsford",3,69.1,69.1,Derbyshire,Essex,MJJ Critchley,HR Hosein,SR Harmer,0,0,,,,,,,,,,,,,
1244259,2021,2021-05-13,"County Ground, Chelmsford",3,69.2,69.2,Derbyshire,Essex,MJJ Critchley,HR Hosein,SR Harmer,0,0,,,,,,,,,,,,,
1244259,2021,2021-05-13,"County Ground, Chelmsford",3,69.3,69.3,Derbyshire,Essex,MJJ Critchley,HR Hosein,SR Harmer,1,0,,,,,,,,,,,,,
1244259,2021,2021-05-13,"County Ground, Chelmsford",3,69.4,69.4,Derbyshire,Essex,HR Hosein,MJJ Critchley,SR Harmer,0,0,,,,,,,,,,,,,
1244259,2021,2021-05-13,"County Ground, Chelmsford",3,69.5,69.5,Derbyshire,Essex,HR Hosein,MJJ Critchley,SR Harmer,0,0,,,,,,,,,,,,,
1244259,2021,2021-05-13,"County Ground, Chelmsford",3,69.6,69.6,Derbyshire,Essex,HR Hosein,MJJ Critchley,SR Harmer,0,0,,,,,,,,,,,,,
1244259,2021,2021-05-13,"County Ground, Chelmsford",3,70.1,70.1,Derbyshire,Essex,MJJ Critchley,HR Hosein,JA Porter,0,0,,,,,,,,,,,,,
1244259,2021,2021-05-13,"County Ground, Chelmsford",3,70.2,70.2,Derbyshire,Essex,MJJ Critchley,HR Hosein,JA Porter,1,0,,,,,,,,,,,,,
1244259,2021,2021-05-13,"County Ground, Chelmsford",3,70.3,70.3,Derbyshire,Essex,HR Hosein,MJJ Critchley,JA Porter,0,0,,,,,,,,,,,,,
1244259,2021,2021-05-13,"County Ground, Chelmsford",3,70.4,70.4,Derbyshire,Essex,HR Hosein,MJJ Critchley,JA Porter,0,0,,,,,,,,,,,,,
1244259,2021,2021-05-13,"County Ground, Chelmsford",3,70.5,70.5,Derbyshire,Essex,HR Hosein,MJJ Critchley,JA Porter,0,0,,,,,,,,,,,,,
1244259,2021,2021-05-13,"County Ground, Chelmsford",3,70.6,70.6,Derbyshire,Essex,HR Hosein,MJJ Critchley,JA Porter,0,0,,,,,,,,,,,,,
1244259,2021,2021-05-13,"County Ground, Chelmsford",3,71.1,71.1,Derbyshire,Essex,MJJ Critchley,HR Hosein,SR Harmer,1,0,,,,,,,,,,,,,
1244259,2021,2021-05-13,"County Ground, Chelmsford",3,71.2,71.2,Derbyshire,Essex,HR Hosein,MJJ Critchley,SR Harmer,0,0,,,,,,,,,,,,,
1244259,2021,2021-05-13,"County Ground, Chelmsford",3,71.3,71.3,Derbyshire,Essex,HR Hosein,MJJ Critchley,SR Harmer,0,0,,,,,,,,,,,,,
1244259,2021,2021-05-13,"County Ground, Chelmsford",3,71.4,71.4,Derbyshire,Essex,HR Hosein,MJJ Critchley,SR Harmer,0,0,,,,,,,,,,,,,
1244259,2021,2021-05-13,"County Ground, Chelmsford",3,71.5,71.5,Derbyshire,Essex,HR Hosein,MJJ Critchley,SR Harmer,2,0,,,,,,,,,,,,,
1244259,2021,2021-05-13,"County Ground, Chelmsford",3,71.6,71.6,Derbyshire,Essex,HR Hosein,MJJ Critchley,SR Harmer,0,0,,,,,,,,,,,,,
1244259,2021,2021-05-13,"County Ground, Chelmsford",3,72.1,72.1,Derbyshire,Essex,MJJ Critchley,HR Hosein,JA Porter,0,0,,,,,,,,,,,,,
1244259,2021,2021-05-13,"County Ground, Chelmsford",3,72.2,72.2,Derbyshire,Essex,MJJ Critchley,HR Hosein,JA Porter,0,0,,,,,,,,,,,,,
1244259,2021,2021-05-13,"County Ground, Chelmsford",3,72.3,72.3,Derbyshire,Essex,MJJ Critchley,HR Hosein,JA Porter,0,0,,,,,,,,,,,,,
1244259,2021,2021-05-13,"County Ground, Chelmsford",3,72.4,72.4,Derbyshire,Essex,MJJ Critchley,HR Hosein,JA Porter,1,0,,,,,,,,,,,,,
1244259,2021,2021-05-13,"County Ground, Chelmsford",3,72.5,72.5,Derbyshire,Essex,HR Hosein,MJJ Critchley,JA Porter,0,0,,,,,,,,,,,,,
1244259,2021,2021-05-13,"County Ground, Chelmsford",3,72.6,72.6,Derbyshire,Essex,HR Hosein,MJJ Critchley,JA Porter,0,0,,,,,,,,,,,,,
1244259,2021,2021-05-13,"County Ground, Chelmsford",3,73.1,73.1,Derbyshire,Essex,MJJ Critchley,HR Hosein,SR Harmer,0,0,,,,,,,,,,,,,
1244259,2021,2021-05-13,"County Ground, Chelmsford",3,73.2,73.2,Derbyshire,Essex,MJJ Critchley,HR Hosein,SR Harmer,0,0,,,,,,,,,,,,,
1244259,2021,2021-05-13,"County Ground, Chelmsford",3,73.3,73.3,Derbyshire,Essex,MJJ Critchley,HR Hosein,SR Harmer,0,0,,,,,,,,,,,,,
1244259,2021,2021-05-13,"County Ground, Chelmsford",3,73.4,73.4,Derbyshire,Essex,MJJ Critchley,HR Hosein,SR Harmer,2,0,,,,,,,,,,,,,
1244259,2021,2021-05-13,"County Ground, Chelmsford",3,73.5,73.5,Derbyshire,Essex,MJJ Critchley,HR Hosein,SR Harmer,0,0,,,,,,,,,,,,,
1244259,2021,2021-05-13,"County Ground, Chelmsford",3,73.6,73.6,Derbyshire,Essex,MJJ Critchley,HR Hosein,SR Harmer,1,0,,,,,,,,,,,,,
1244259,2021,2021-05-13,"County Ground, Chelmsford",3,74.1,74.1,Derbyshire,Essex,MJJ Critchley,HR Hosein,SJ Cook,0,0,,,,,,,,,,,,,
1244259,2021,2021-05-13,"County Ground, Chelmsford",3,74.2,74.2,Derbyshire,Essex,MJJ Critchley,HR Hosein,SJ Cook,0,0,,,,,,,,,,,,,
1244259,2021,2021-05-13,"County Ground, Chelmsford",3,74.3,74.3,Derbyshire,Essex,MJJ Critchley,HR Hosein,SJ Cook,0,0,,,,,,,,,,,,,
1244259,2021,2021-05-13,"County Ground, Chelmsford",3,74.4,74.4,Derbyshire,Essex,MJJ Critchley,HR Hosein,SJ Cook,0,0,,,,,,,,,,,,,
1244259,2021,2021-05-13,"County Ground, Chelmsford",3,74.5,74.5,Derbyshire,Essex,MJJ Critchley,HR Hosein,SJ Cook,0,0,,,,,,,,,,,,,
1244259,2021,2021-05-13,"County Ground, Chelmsford",3,74.6,74.6,Derbyshire,Essex,MJJ Critchley,HR Hosein,SJ Cook,0,0,,,,,,,,,,,,,
1244259,2021,2021-05-13,"County Ground, Chelmsford",3,75.1,75.1,Derbyshire,Essex,HR Hosein,MJJ Critchley,SR Harmer,0,0,,,,,,,,,,,,,
1244259,2021,2021-05-13,"County Ground, Chelmsford",3,75.2,75.2,Derbyshire,Essex,HR Hosein,MJJ Critchley,SR Harmer,0,0,,,,,,,,,,,,,
1244259,2021,2021-05-13,"County Ground, Chelmsford",3,75.3,75.3,Derbyshire,Essex,HR Hosein,MJJ Critchley,SR Harmer,0,0,,,,,,,,,,,,,
1244259,2021,2021-05-13,"County Ground, Chelmsford",3,75.4,75.4,Derbyshire,Essex,HR Hosein,MJJ Critchley,SR Harmer,0,0,,,,,,,,,,,,,
1244259,2021,2021-05-13,"County Ground, Chelmsford",3,75.5,75.5,Derbyshire,Essex,HR Hosein,MJJ Critchley,SR Harmer,0,0,,,,,,,,,,,,,
1244259,2021,2021-05-13,"County Ground, Chelmsford",3,75.6,75.6,Derbyshire,Essex,HR Hosein,MJJ Critchley,SR Harmer,0,0,,,,,,,,,,,,,
1244259,2021,2021-05-13,"County Ground, Chelmsford",3,76.1,76.1,Derbyshire,Essex,MJJ Critchley,HR Hosein,SJ Cook,4,0,,,,,,,,,,,,,
1244259,2021,2021-05-13,"County Ground, Chelmsford",3,76.2,76.2,Derbyshire,Essex,MJJ Critchley,HR Hosein,SJ Cook,0,0,,,,,,,,,,,,,
1244259,2021,2021-05-13,"County Ground, Chelmsford",3,76.3,76.3,Derbyshire,Essex,MJJ Critchley,HR Hosein,SJ Cook,1,0,,,,,,,,,,,,,
1244259,2021,2021-05-13,"County Ground, Chelmsford",3,76.4,76.4,Derbyshire,Essex,HR Hosein,MJJ Critchley,SJ Cook,0,0,,,,,,,,,,,,,
1244259,2021,2021-05-13,"County Ground, Chelmsford",3,76.5,76.5,Derbyshire,Essex,HR Hosein,MJJ Critchley,SJ Cook,0,0,,,,,,,,,,,,,
1244259,2021,2021-05-13,"County Ground, Chelmsford",3,76.6,76.6,Derbyshire,Essex,HR Hosein,MJJ Critchley,SJ Cook,1,0,,,,,,,,,,,,,
1244259,2021,2021-05-13,"County Ground, Chelmsford",3,77.1,77.1,Derbyshire,Essex,HR Hosein,MJJ Critchley,SR Harmer,0,0,,,,,,,,,,,,,
1244259,2021,2021-05-13,"County Ground, Chelmsford",3,77.2,77.2,Derbyshire,Essex,HR Hosein,MJJ Critchley,SR Harmer,0,0,,,,,,,,,,,,,
1244259,2021,2021-05-13,"County Ground, Chelmsford",3,77.3,77.3,Derbyshire,Essex,HR Hosein,MJJ Critchley,SR Harmer,0,0,,,,,,,caught,HR Hosein,,,RN ten Doeschate,,
1244259,2021,2021-05-13,"County Ground, Chelmsford",3,77.4,77.4,Derbyshire,Essex,FJ Hudson-Prentice,MJJ Critchley,SR Harmer,0,0,,,,,,,,,,,,,
1244259,2021,2021-05-13,"County Ground, Chelmsford",3,77.5,77.5,Derbyshire,Essex,FJ Hudson-Prentice,MJJ Critchley,SR Harmer,0,0,,,,,,,,,,,,,
1244259,2021,2021-05-13,"County Ground, Chelmsford",3,77.6,77.6,Derbyshire,Essex,FJ Hudson-Prentice,MJJ Critchley,SR Harmer,0,0,,,,,,,,,,,,,
1244259,2021,2021-05-13,"County Ground, Chelmsford",3,78.1,78.1,Derbyshire,Essex,MJJ Critchley,FJ Hudson-Prentice,DW Lawrence,0,0,,,,,,,,,,,,,
1244259,2021,2021-05-13,"County Ground, Chelmsford",3,78.2,78.2,Derbyshire,Essex,MJJ Critchley,FJ Hudson-Prentice,DW Lawrence,0,0,,,,,,,,,,,,,
1244259,2021,2021-05-13,"County Ground, Chelmsford",3,78.3,78.3,Derbyshire,Essex,MJJ Critchley,FJ Hudson-Prentice,DW Lawrence,0,0,,,,,,,,,,,,,
1244259,2021,2021-05-13,"County Ground, Chelmsford",3,78.4,78.4,Derbyshire,Essex,MJJ Critchley,FJ Hudson-Prentice,DW Lawrence,0,0,,,,,,,,,,,,,
1244259,2021,2021-05-13,"County Ground, Chelmsford",3,78.5,78.5,Derbyshire,Essex,MJJ Critchley,FJ Hudson-Prentice,DW Lawrence,0,0,,,,,,,,,,,,,
1244259,2021,2021-05-13,"County Ground, Chelmsford",3,78.6,78.6,Derbyshire,Essex,MJJ Critchley,FJ Hudson-Prentice,DW Lawrence,0,0,,,,,,,,,,,,,
1244259,2021,2021-05-13,"County Ground, Chelmsford",3,79.1,79.1,Derbyshire,Essex,FJ Hudson-Prentice,MJJ Critchley,SR Harmer,0,0,,,,,,,,,,,,,
1244259,2021,2021-05-13,"County Ground, Chelmsford",3,79.2,79.2,Derbyshire,Essex,FJ Hudson-Prentice,MJJ Critchley,SR Harmer,0,0,,,,,,,,,,,,,
1244259,2021,2021-05-13,"County Ground, Chelmsford",3,79.3,79.3,Derbyshire,Essex,FJ Hudson-Prentice,MJJ Critchley,SR Harmer,4,0,,,,,,,,,,,,,
1244259,2021,2021-05-13,"County Ground, Chelmsford",3,79.4,79.4,Derbyshire,Essex,FJ Hudson-Prentice,MJJ Critchley,SR Harmer,4,0,,,,,,,,,,,,,
1244259,2021,2021-05-13,"County Ground, Chelmsford",3,79.5,79.5,Derbyshire,Essex,FJ Hudson-Prentice,MJJ Critchley,SR Harmer,0,0,,,,,,,caught,FJ Hudson-Prentice,,,RN ten Doeschate,,
1244259,2021,2021-05-13,"County Ground, Chelmsford",3,79.6,79.6,Derbyshire,Essex,AL Hughes,MJJ Critchley,SR Harmer,0,0,,,,,,,,,,,,,
1244259,2021,2021-05-13,"County Ground, Chelmsford",3,80.1,80.1,Derbyshire,Essex,MJJ Critchley,AL Hughes,JA Porter,2,0,,,,,,,,,,,,,
1244259,2021,2021-05-13,"County Ground, Chelmsford",3,80.2,80.2,Derbyshire,Essex,MJJ Critchley,AL Hughes,JA Porter,0,0,,,,,,,,,,,,,
1244259,2021,2021-05-13,"County Ground, Chelmsford",3,80.3,80.3,Derbyshire,Essex,MJJ Critchley,AL Hughes,JA Porter,0,0,,,,,,,,,,,,,
1244259,2021,2021-05-13,"County Ground, Chelmsford",3,80.4,80.4,Derbyshire,Essex,MJJ Critchley,AL Hughes,JA Porter,0,0,,,,,,,,,,,,,
1244259,2021,2021-05-13,"County Ground, Chelmsford",3,80.5,80.5,Derbyshire,Essex,MJJ Critchley,AL Hughes,JA Porter,0,0,,,,,,,,,,,,,
1244259,2021,2021-05-13,"County Ground, Chelmsford",3,80.6,80.6,Derbyshire,Essex,MJJ Critchley,AL Hughes,JA Porter,2,0,,,,,,,,,,,,,
1244259,2021,2021-05-13,"County Ground, Chelmsford",3,81.1,81.1,Derbyshire,Essex,AL Hughes,MJJ Critchley,SR Harmer,0,0,,,,,,,,,,,,,
1244259,2021,2021-05-13,"County Ground, Chelmsford",3,81.2,81.2,Derbyshire,Essex,AL Hughes,MJJ Critchley,SR Harmer,1,0,,,,,,,,,,,,,
1244259,2021,2021-05-13,"County Ground, Chelmsford",3,81.3,81.3,Derbyshire,Essex,MJJ Critchley,AL Hughes,SR Harmer,0,0,,,,,,,,,,,,,
1244259,2021,2021-05-13,"County Ground, Chelmsford",3,81.4,81.4,Derbyshire,Essex,MJJ Critchley,AL Hughes,SR Harmer,0,0,,,,,,,,,,,,,
1244259,2021,2021-05-13,"County Ground, Chelmsford",3,81.5,81.5,Derbyshire,Essex,MJJ Critchley,AL Hughes,SR Harmer,0,0,,,,,,,,,,,,,
1244259,2021,2021-05-13,"County Ground, Chelmsford",3,81.6,81.6,Derbyshire,Essex,MJJ Critchley,AL Hughes,SR Harmer,0,2,,,,2,,,,,,,,,
1244259,2021,2021-05-13,"County Ground, Chelmsford",3,82.1,82.1,Derbyshire,Essex,AL Hughes,MJJ Critchley,JA Porter,0,0,,,,,,,,,,,,,
1244259,2021,2021-05-13,"County Ground, Chelmsford",3,82.2,82.2,Derbyshire,Essex,AL Hughes,MJJ Critchley,JA Porter,0,0,,,,,,,,,,,,,
1244259,2021,2021-05-13,"County Ground, Chelmsford",3,82.3,82.3,Derbyshire,Essex,AL Hughes,MJJ Critchley,JA Porter,0,0,,,,,,,,,,,,,
1244259,2021,2021-05-13,"County Ground, Chelmsford",3,82.4,82.4,Derbyshire,Essex,AL Hughes,MJJ Critchley,JA Porter,0,0,,,,,,,,,,,,,
1244259,2021,2021-05-13,"County Ground, Chelmsford",3,82.5,82.5,Derbyshire,Essex,AL Hughes,MJJ Critchley,JA Porter,0,0,,,,,,,,,,,,,
1244259,2021,2021-05-13,"County Ground, Chelmsford",3,82.6,82.6,Derbyshire,Essex,AL Hughes,MJJ Critchley,JA Porter,0,0,,,,,,,,,,,,,
1244259,2021,2021-05-13,"County Ground, Chelmsford",3,83.1,83.1,Derbyshire,Essex,MJJ Critchley,AL Hughes,SR Harmer,0,0,,,,,,,,,,,,,
1244259,2021,2021-05-13,"County Ground, Chelmsford",3,83.2,83.2,Derbyshire,Essex,MJJ Critchley,AL Hughes,SR Harmer,0,0,,,,,,,,,,,,,
1244259,2021,2021-05-13,"County Ground, Chelmsford",3,83.3,83.3,Derbyshire,Essex,MJJ Critchley,AL Hughes,SR Harmer,0,0,,,,,,,,,,,,,
1244259,2021,2021-05-13,"County Ground, Chelmsford",3,83.4,83.4,Derbyshire,Essex,MJJ Critchley,AL Hughes,SR Harmer,0,0,,,,,,,,,,,,,
1244259,2021,2021-05-13,"County Ground, Chelmsford",3,83.5,83.5,Derbyshire,Essex,MJJ Critchley,AL Hughes,SR Harmer,0,0,,,,,,,,,,,,,
1244259,2021,2021-05-13,"County Ground, Chelmsford",3,83.6,83.6,Derbyshire,Essex,MJJ Critchley,AL Hughes,SR Harmer,1,0,,,,,,,,,,,,,
1244259,2021,2021-05-13,"County Ground, Chelmsford",3,84.1,84.1,Derbyshire,Essex,MJJ Critchley,AL Hughes,JA Porter,0,0,,,,,,,,,,,,,
1244259,2021,2021-05-13,"County Ground, Chelmsford",3,84.2,84.2,Derbyshire,Essex,MJJ Critchley,AL Hughes,JA Porter,0,0,,,,,,,caught,MJJ Critchley,,,AN Cook,,
1244259,2021,2021-05-13,"County Ground, Chelmsford",3,84.3,84.3,Derbyshire,Essex,B Stanlake,AL Hughes,JA Porter,0,0,,,,,,,,,,,,,
1244259,2021,2021-05-13,"County Ground, Chelmsford",3,84.4,84.4,Derbyshire,Essex,B Stanlake,AL Hughes,JA Porter,0,0,,,,,,,,,,,,,
1244259,2021,2021-05-13,"County Ground, Chelmsford",3,84.5,84.5,Derbyshire,Essex,B Stanlake,AL Hughes,JA Porter,2,0,,,,,,,,,,,,,
1244259,2021,2021-05-13,"County Ground, Chelmsford",3,84.6,84.6,Derbyshire,Essex,B Stanlake,AL Hughes,JA Porter,0,0,,,,,,,,,,,,,
1244259,2021,2021-05-13,"County Ground, Chelmsford",3,85.1,85.1,Derbyshire,Essex,AL Hughes,B Stanlake,SR Harmer,0,0,,,,,,,,,,,,,
1244259,2021,2021-05-13,"County Ground, Chelmsford",3,85.2,85.2,Derbyshire,Essex,AL Hughes,B Stanlake,SR Harmer,0,0,,,,,,,,,,,,,
1244259,2021,2021-05-13,"County Ground, Chelmsford",3,85.3,85.3,Derbyshire,Essex,AL Hughes,B Stanlake,SR Harmer,0,0,,,,,,,,,,,,,
1244259,2021,2021-05-13,"County Ground, Chelmsford",3,85.4,85.4,Derbyshire,Essex,AL Hughes,B Stanlake,SR Harmer,0,0,,,,,,,,,,,,,
1244259,2021,2021-05-13,"County Ground, Chelmsford",3,85.5,85.5,Derbyshire,Essex,AL Hughes,B Stanlake,SR Harmer,0,0,,,,,,,,,,,,,
1244259,2021,2021-05-13,"County Ground, Chelmsford",3,85.6,85.6,Derbyshire,Essex,AL Hughes,B Stanlake,SR Harmer,0,0,,,,,,,,,,,,,
1244259,2021,2021-05-13,"County Ground, Chelmsford",3,86.1,86.1,Derbyshire,Essex,B Stanlake,AL Hughes,JA Porter,0,0,,,,,,,,,,,,,
1244259,2021,2021-05-13,"County Ground, Chelmsford",3,86.2,86.2,Derbyshire,Essex,B Stanlake,AL Hughes,JA Porter,0,0,,,,,,,,,,,,,
1244259,2021,2021-05-13,"County Ground, Chelmsford",3,86.3,86.3,Derbyshire,Essex,B Stanlake,AL Hughes,JA Porter,0,0,,,,,,,,,,,,,
1244259,2021,2021-05-13,"County Ground, Chelmsford",3,86.4,86.4,Derbyshire,Essex,B Stanlake,AL Hughes,JA Porter,0,0,,,,,,,,,,,,,
1244259,2021,2021-05-13,"County Ground, Chelmsford",3,86.5,86.5,Derbyshire,Essex,B Stanlake,AL Hughes,JA Porter,0,0,,,,,,,,,,,,,
1244259,2021,2021-05-13,"County Ground, Chelmsford",3,86.6,86.6,Derbyshire,Essex,B Stanlake,AL Hughes,JA Porter,0,0,,,,,,,,,,,,,
1244259,2021,2021-05-13,"County Ground, Chelmsford",3,87.1,87.1,Derbyshire,Essex,AL Hughes,B Stanlake,SR Harmer,0,0,,,,,,,,,,,,,
1244259,2021,2021-05-13,"County Ground, Chelmsford",3,87.2,87.2,Derbyshire,Essex,AL Hughes,B Stanlake,SR Harmer,0,0,,,,,,,,,,,,,
1244259,2021,2021-05-13,"County Ground, Chelmsford",3,87.3,87.3,Derbyshire,Essex,AL Hughes,B Stanlake,SR Harmer,2,0,,,,,,,,,,,,,
1244259,2021,2021-05-13,"County Ground, Chelmsford",3,87.4,87.4,Derbyshire,Essex,AL Hughes,B Stanlake,SR Harmer,0,0,,,,,,,,,,,,,
1244259,2021,2021-05-13,"County Ground, Chelmsford",3,87.5,87.5,Derbyshire,Essex,AL Hughes,B Stanlake,SR Harmer,1,0,,,,,,,,,,,,,
1244259,2021,2021-05-13,"County Ground, Chelmsford",3,87.6,87.6,Derbyshire,Essex,B Stanlake,AL Hughes,SR Harmer,0,0,,,,,,,,,,,,,
1244259,2021,2021-05-13,"County Ground, Chelmsford",3,88.1,88.1,Derbyshire,Essex,AL Hughes,B Stanlake,JA Porter,1,0,,,,,,,,,,,,,
1244259,2021,2021-05-13,"County Ground, Chelmsford",3,88.2,88.2,Derbyshire,Essex,B Stanlake,AL Hughes,JA Porter,0,0,,,,,,,,,,,,,
1244259,2021,2021-05-13,"County Ground, Chelmsford",3,88.3,88.3,Derbyshire,Essex,B Stanlake,AL Hughes,JA Porter,0,0,,,,,,,,,,,,,
1244259,2021,2021-05-13,"County Ground, Chelmsford",3,88.4,88.4,Derbyshire,Essex,B Stanlake,AL Hughes,JA Porter,0,0,,,,,,,,,,,,,
1244259,2021,2021-05-13,"County Ground, Chelmsford",3,88.5,88.5,Derbyshire,Essex,B Stanlake,AL Hughes,JA Porter,0,0,,,,,,,,,,,,,
1244259,2021,2021-05-13,"County Ground, Chelmsford",3,88.6,88.6,Derbyshire,Essex,B Stanlake,AL Hughes,JA Porter,0,0,,,,,,,,,,,,,
1244259,2021,2021-05-13,"County Ground, Chelmsford",3,89.1,89.1,Derbyshire,Essex,AL Hughes,B Stanlake,SR Harmer,2,0,,,,,,,,,,,,,
1244259,2021,2021-05-13,"County Ground, Chelmsford",3,89.2,89.2,Derbyshire,Essex,AL Hughes,B Stanlake,SR Harmer,0,0,,,,,,,,,,,,,
1244259,2021,2021-05-13,"County Ground, Chelmsford",3,89.3,89.3,Derbyshire,Essex,AL Hughes,B Stanlake,SR Harmer,0,0,,,,,,,,,,,,,
1244259,2021,2021-05-13,"County Ground, Chelmsford",3,89.4,89.4,Derbyshire,Essex,AL Hughes,B Stanlake,SR Harmer,0,0,,,,,,,,,,,,,
1244259,2021,2021-05-13,"County Ground, Chelmsford",3,89.5,89.5,Derbyshire,Essex,AL Hughes,B Stanlake,SR Harmer,0,0,,,,,,,,,,,,,
1244259,2021,2021-05-13,"County Ground, Chelmsford",3,89.6,89.6,Derbyshire,Essex,AL Hughes,B Stanlake,SR Harmer,0,0,,,,,,,,,,,,,
1244259,2021,2021-05-13,"County Ground, Chelmsford",3,90.1,90.1,Derbyshire,Essex,B Stanlake,AL Hughes,SJ Cook,0,0,,,,,,,,,,,,,
1244259,2021,2021-05-13,"County Ground, Chelmsford",3,90.2,90.2,Derbyshire,Essex,B Stanlake,AL Hughes,SJ Cook,2,0,,,,,,,,,,,,,
1244259,2021,2021-05-13,"County Ground, Chelmsford",3,90.3,90.3,Derbyshire,Essex,B Stanlake,AL Hughes,SJ Cook,4,0,,,,,,,,,,,,,
1244259,2021,2021-05-13,"County Ground, Chelmsford",3,90.4,90.4,Derbyshire,Essex,B Stanlake,AL Hughes,SJ Cook,0,0,,,,,,,caught,B Stanlake,,,T Westley,,
1244259,2021,2021-05-13,"County Ground, Chelmsford",3,90.5,90.5,Derbyshire,Essex,DR Melton,AL Hughes,SJ Cook,0,0,,,,,,,,,,,,,
1244259,2021,2021-05-13,"County Ground, Chelmsford",3,90.6,90.6,Derbyshire,Essex,DR Melton,AL Hughes,SJ Cook,0,0,,,,,,,,,,,,,
1244259,2021,2021-05-13,"County Ground, Chelmsford",3,91.1,91.1,Derbyshire,Essex,AL Hughes,DR Melton,SR Harmer,0,0,,,,,,,,,,,,,
1244259,2021,2021-05-13,"County Ground, Chelmsford",3,91.2,91.2,Derbyshire,Essex,AL Hughes,DR Melton,SR Harmer,0,0,,,,,,,,,,,,,
1244259,2021,2021-05-13,"County Ground, Chelmsford",3,91.3,91.3,Derbyshire,Essex,AL Hughes,DR Melton,SR Harmer,0,0,,,,,,,,,,,,,
1244259,2021,2021-05-13,"County Ground, Chelmsford",3,91.4,91.4,Derbyshire,Essex,AL Hughes,DR Melton,SR Harmer,1,0,,,,,,,,,,,,,
1244259,2021,2021-05-13,"County Ground, Chelmsford",3,91.5,91.5,Derbyshire,Essex,DR Melton,AL Hughes,SR Harmer,0,0,,,,,,,,,,,,,
1244259,2021,2021-05-13,"County Ground, Chelmsford",3,91.6,91.6,Derbyshire,Essex,DR Melton,AL Hughes,SR Harmer,2,0,,,,,,,,,,,,,
1244259,2021,2021-05-13,"County Ground, Chelmsford",3,92.1,92.1,Derbyshire,Essex,AL Hughes,DR Melton,SJ Cook,0,0,,,,,,,,,,,,,
1244259,2021,2021-05-13,"County Ground, Chelmsford",3,92.2,92.2,Derbyshire,Essex,AL Hughes,DR Melton,SJ Cook,0,0,,,,,,,,,,,,,
1244259,2021,2021-05-13,"County Ground, Chelmsford",3,92.3,92.3,Derbyshire,Essex,AL Hughes,DR Melton,SJ Cook,0,0,,,,,,,,,,,,,
1244259,2021,2021-05-13,"County Ground, Chelmsford",3,92.4,92.4,Derbyshire,Essex,AL Hughes,DR Melton,SJ Cook,0,0,,,,,,,caught,AL Hughes,,,PI Walter,,
