match_id,season,start_date,venue,innings,ball,actual_delivery,batting_team,bowling_team,striker,non_striker,bowler,runs_off_bat,extras,wides,noballs,byes,legbyes,penalty,non_boundary,wicket_type,player_dismissed,other_wicket_type,other_player_dismissed,fielder_1,fielder_2,fielder_3
1244215,2021,2021-04-08,"County Ground, Northampton",1,0.1,0.1,Kent,Northamptonshire,DJ Bell-Drummond,JM Cox,BW Sanderson,0,0,,,,,,,,,,,,,
1244215,2021,2021-04-08,"County Ground, Northampton",1,0.2,0.2,Kent,Northamptonshire,DJ Bell-Drummond,JM Cox,BW Sanderson,0,0,,,,,,,,,,,,,
1244215,2021,2021-04-08,"County Ground, Northampton",1,0.3,0.3,Kent,Northamptonshire,DJ Bell-Drummond,JM Cox,BW Sanderson,0,0,,,,,,,,,,,,,
1244215,2021,2021-04-08,"County Ground, Northampton",1,0.4,0.4,Kent,Northamptonshire,DJ Bell-Drummond,JM Cox,BW Sanderson,0,0,,,,,,,,,,,,,
1244215,2021,2021-04-08,"County Ground, Northampton",1,0.5,0.5,Kent,Northamptonshire,DJ Bell-Drummond,JM Cox,BW Sanderson,0,0,,,,,,,,,,,,,
1244215,2021,2021-04-08,"County Ground, Northampton",1,0.6,0.6,Kent,Northamptonshire,DJ Bell-Drummond,JM Cox,BW Sanderson,0,0,,,,,,,,,,,,,
1244215,2021,2021-04-08,"County Ground, Northampton",1,1.1,1.1,Kent,Northamptonshire,JM Cox,DJ Bell-Drummond,TAI Taylor,0,0,,,,,,,,,,,,,
1244215,2021,2021-04-08,"County Ground, Northampton",1,1.2,1.2,Kent,Northamptonshire,JM Cox,DJ Bell-Drummond,TAI Taylor,0,0,,,,,,,,,,,,,
1244215,2021,2021-04-08,"County Ground, Northampton",1,1.3,1.3,Kent,Northamptonshire,JM Cox,DJ Bell-Drummond,TAI Taylor,0,0,,,,,,,,,,,,,
1244215,2021,2021-04-08,"County Ground, Northampton",1,1.4,1.4,Kent,Northamptonshire,JM Cox,DJ Bell-Drummond,TAI Taylor,0,0,,,,,,,,,,,,,
1244215,2021,2021-04-08,"County Ground, Northampton",1,1.5,1.5,Kent,Northamptonshire,JM Cox,DJ Bell-Drummond,TAI Taylor,0,0,,,,,,,,,,,,,
1244215,2021,2021-04-08,"County Ground, Northampton",1,1.6,1.6,Kent,Northamptonshire,JM Cox,DJ Bell-Drummond,TAI Taylor,0,0,,,,,,,,,,,,,
1244215,2021,2021-04-08,"County Ground, Northampton",1,2.1,2.1,Kent,Northamptonshire,DJ Bell-Drummond,JM Cox,BW Sanderson,4,0,,,,,,,,,,,,,
1244215,2021,2021-04-08,"County Ground, Northampton",1,2.2,2.2,Kent,Northamptonshire,DJ Bell-Drummond,JM Cox,BW Sanderson,0,0,,,,,,,,,,,,,
1244215,2021,2021-04-08,"County Ground, Northampton",1,2.3,2.3,Kent,Northamptonshire,DJ Bell-Drummond,JM Cox,BW Sanderson,0,0,,,,,,,,,,,,,
1244215,2021,2021-04-08,"County Ground, Northampton",1,2.4,2.4,Kent,Northamptonshire,DJ Bell-Drummond,JM Cox,BW Sanderson,0,0,,,,,,,,,,,,,
1244215,2021,2021-04-08,"County Ground, Northampton",1,2.5,2.5,Kent,Northamptonshire,DJ Bell-Drummond,JM Cox,BW Sanderson,1,0,,,,,,,,,,,,,
1244215,2021,2021-04-08,"County Ground, Northampton",1,2.6,2.6,Kent,Northamptonshire,JM Cox,DJ Bell-Drummond,BW Sanderson,0,0,,,,,,,,,,,,,
1244215,2021,2021-04-08,"County Ground, Northampton",1,3.1,3.1,Kent,Northamptonshire,DJ Bell-Drummond,JM Cox,TAI Taylor,0,0,,,,,,,,,,,,,
1244215,2021,2021-04-08,"County Ground, Northampton",1,3.2,3.2,Kent,Northamptonshire,DJ Bell-Drummond,JM Cox,TAI Taylor,0,0,,,,,,,,,,,,,
1244215,2021,2021-04-08,"County Ground, Northampton",1,3.3,3.3,Kent,Northamptonshire,DJ Bell-Drummond,JM Cox,TAI Taylor,0,0,,,,,,,,,,,,,
1244215,2021,2021-04-08,"County Ground, Northampton",1,3.4,3.4,Kent,Northamptonshire,DJ Bell-Drummond,JM Cox,TAI Taylor,0,0,,,,,,,,,,,,,
1244215,2021,2021-04-08,"County Ground, Northampton",1,3.5,3.5,Kent,Northamptonshire,DJ Bell-Drummond,JM Cox,TAI Taylor,0,0,,,,,,,,,,,,,
1244215,2021,2021-04-08,"County Ground, Northampton",1,3.6,3.6,Kent,Northamptonshire,DJ Bell-Drummond,JM Cox,TAI Taylor,0,0,,,,,,,,,,,,,
1244215,2021,2021-04-08,"County Ground, Northampton",1,4.1,4.1,Kent,Northamptonshire,JM Cox,DJ Bell-Drummond,BW Sanderson,0,0,,,,,,,,,,,,,
1244215,2021,2021-04-08,"County Ground, Northampton",1,4.2,4.2,Kent,Northamptonshire,JM Cox,DJ Bell-Drummond,BW Sanderson,0,0,,,,,,,,,,,,,
1244215,2021,2021-04-08,"County Ground, Northampton",1,4.3,4.3,Kent,Northamptonshire,JM Cox,DJ Bell-Drummond,BW Sanderson,0,0,,,,,,,,,,,,,
1244215,2021,2021-04-08,"County Ground, Northampton",1,4.4,4.4,Kent,Northamptonshire,JM Cox,DJ Bell-Drummond,BW Sanderson,0,0,,,,,,,,,,,,,
1244215,2021,2021-04-08,"County Ground, Northampton",1,4.5,4.5,Kent,Northamptonshire,JM Cox,DJ Bell-Drummond,BW Sanderson,0,1,,,,1,,,,,,,,,
1244215,2021,2021-04-08,"County Ground, Northampton",1,4.6,4.6,Kent,Northamptonshire,DJ Bell-Drummond,JM Cox,BW Sanderson,0,0,,,,,,,,,,,,,
1244215,2021,2021-04-08,"County Ground, Northampton",1,5.1,5.1,Kent,Northamptonshire,JM Cox,DJ Bell-Drummond,TAI Taylor,0,0,,,,,,,,,,,,,
1244215,2021,2021-04-08,"County Ground, Northampton",1,5.2,5.2,Kent,Northamptonshire,JM Cox,DJ Bell-Drummond,TAI Taylor,0,0,,,,,,,,,,,,,
1244215,2021,2021-04-08,"County Ground, Northampton",1,5.3,5.3,Kent,Northamptonshire,JM Cox,DJ Bell-Drummond,TAI Taylor,4,0,,,,,,,,,,,,,
1244215,2021,2021-04-08,"County Ground, Northampton",1,5.4,5.4,Kent,Northamptonshire,JM Cox,DJ Bell-Drummond,TAI Taylor,0,0,,,,,,,,,,,,,
1244215,2021,2021-04-08,"County Ground, Northampton",1,5.5,5.5,Kent,Northamptonshire,JM Cox,DJ Bell-Drummond,TAI Taylor,0,0,,,,,,,,,,,,,
1244215,2021,2021-04-08,"County Ground, Northampton",1,5.6,5.6,Kent,Northamptonshire,JM Cox,DJ Bell-Drummond,TAI Taylor,0,0,,,,,,,,,,,,,
1244215,2021,2021-04-08,"County Ground, Northampton",1,6.1,6.1,Kent,Northamptonshire,DJ Bell-Drummond,JM Cox,BW Sanderson,0,0,,,,,,,,,,,,,
1244215,2021,2021-04-08,"County Ground, Northampton",1,6.2,6.2,Kent,Northamptonshire,DJ Bell-Drummond,JM Cox,BW Sanderson,0,0,,,,,,,,,,,,,
1244215,2021,2021-04-08,"County Ground, Northampton",1,6.3,6.3,Kent,Northamptonshire,DJ Bell-Drummond,JM Cox,BW Sanderson,0,0,,,,,,,,,,,,,
1244215,2021,2021-04-08,"County Ground, Northampton",1,6.4,6.4,Kent,Northamptonshire,DJ Bell-Drummond,JM Cox,BW Sanderson,4,0,,,,,,,,,,,,,
1244215,2021,2021-04-08,"County Ground, Northampton",1,6.5,6.5,Kent,Northamptonshire,DJ Bell-Drummond,JM Cox,BW Sanderson,0,0,,,,,,,,,,,,,
1244215,2021,2021-04-08,"County Ground, Northampton",1,6.6,6.6,Kent,Northamptonshire,DJ Bell-Drummond,JM Cox,BW Sanderson,0,0,,,,,,,lbw,DJ Bell-Drummond,,,,,
1244215,2021,2021-04-08,"County Ground, Northampton",1,7.1,7.1,Kent,Northamptonshire,JM Cox,Z Crawley,TAI Taylor,4,0,,,,,,,,,,,,,
1244215,2021,2021-04-08,"County Ground, Northampton",1,7.2,7.2,Kent,Northamptonshire,JM Cox,Z Crawley,TAI Taylor,0,0,,,,,,,,,,,,,
1244215,2021,2021-04-08,"County Ground, Northampton",1,7.3,7.3,Kent,Northamptonshire,JM Cox,Z Crawley,TAI Taylor,0,0,,,,,,,,,,,,,
1244215,2021,2021-04-08,"County Ground, Northampton",1,7.4,7.4,Kent,Northamptonshire,JM Cox,Z Crawley,TAI Taylor,0,0,,,,,,,,,,,,,
1244215,2021,2021-04-08,"County Ground, Northampton",1,7.5,7.5,Kent,Northamptonshire,JM Cox,Z Crawley,TAI Taylor,0,0,,,,,,,,,,,,,
1244215,2021,2021-04-08,"County Ground, Northampton",1,7.6,7.6,Kent,Northamptonshire,JM Cox,Z Crawley,TAI Taylor,0,0,,,,,,,,,,,,,
1244215,2021,2021-04-08,"County Ground, Northampton",1,8.1,8.1,Kent,Northamptonshire,Z Crawley,JM Cox,BW Sanderson,0,0,,,,,,,,,,,,,
1244215,2021,2021-04-08,"County Ground, Northampton",1,8.2,8.2,Kent,Northamptonshire,Z Crawley,JM Cox,BW Sanderson,0,0,,,,,,,,,,,,,
1244215,2021,2021-04-08,"County Ground, Northampton",1,8.3,8.3,Kent,Northamptonshire,Z Crawley,JM Cox,BW Sanderson,0,0,,,,,,,,,,,,,
1244215,2021,2021-04-08,"County Ground, Northampton",1,8.4,8.4,Kent,Northamptonshire,Z Crawley,JM Cox,BW Sanderson,0,0,,,,,,,,,,,,,
1244215,2021,2021-04-08,"County Ground, Northampton",1,8.5,8.5,Kent,Northamptonshire,Z Crawley,JM Cox,BW Sanderson,1,0,,,,,,,,,,,,,
1244215,2021,2021-04-08,"County Ground, Northampton",1,8.6,8.6,Kent,Northamptonshire,JM Cox,Z Crawley,BW Sanderson,0,0,,,,,,,,,,,,,
1244215,2021,2021-04-08,"County Ground, Northampton",1,9.1,9.1,Kent,Northamptonshire,Z Crawley,JM Cox,TAI Taylor,0,0,,,,,,,,,,,,,
1244215,2021,2021-04-08,"County Ground, Northampton",1,9.2,9.2,Kent,Northamptonshire,Z Crawley,JM Cox,TAI Taylor,4,0,,,,,,,,,,,,,
1244215,2021,2021-04-08,"County Ground, Northampton",1,9.3,9.3,Kent,Northamptonshire,Z Crawley,JM Cox,TAI Taylor,0,0,,,,,,,,,,,,,
1244215,2021,2021-04-08,"County Ground, Northampton",1,9.4,9.4,Kent,Northamptonshire,Z Crawley,JM Cox,TAI Taylor,0,0,,,,,,,,,,,,,
1244215,2021,2021-04-08,"County Ground, Northampton",1,9.5,9.5,Kent,Northamptonshire,Z Crawley,JM Cox,TAI Taylor,0,0,,,,,,,,,,,,,
1244215,2021,2021-04-08,"County Ground, Northampton",1,9.6,9.6,Kent,Northamptonshire,Z Crawley,JM Cox,TAI Taylor,0,0,,,,,,,,,,,,,
1244215,2021,2021-04-08,"County Ground, Northampton",1,10.1,10.1,Kent,Northamptonshire,JM Cox,Z Crawley,BW Sanderson,0,0,,,,,,,,,,,,,
1244215,2021,2021-04-08,"County Ground, Northampton",1,10.2,10.2,Kent,Northamptonshire,JM Cox,Z Crawley,BW Sanderson,1,0,,,,,,,,,,,,,
1244215,2021,2021-04-08,"County Ground, Northampton",1,10.3,10.3,Kent,Northamptonshire,Z Crawley,JM Cox,BW Sanderson,0,0,,,,,,,,,,,,,
1244215,2021,2021-04-08,"County Ground, Northampton",1,10.4,10.4,Kent,Northamptonshire,Z Crawley,JM Cox,BW Sanderson,0,0,,,,,,,,,,,,,
1244215,2021,2021-04-08,"County Ground, Northampton",1,10.5,10.5,Kent,Northamptonshire,Z Crawley,JM Cox,BW Sanderson,0,0,,,,,,,,,,,,,
1244215,2021,2021-04-08,"County Ground, Northampton",1,10.6,10.6,Kent,Northamptonshire,Z Crawley,JM Cox,BW Sanderson,1,0,,,,,,,,,,,,,
1244215,2021,2021-04-08,"County Ground, Northampton",1,11.1,11.1,Kent,Northamptonshire,Z Crawley,JM Cox,NL Buck,0,0,,,,,,,,,,,,,
1244215,2021,2021-04-08,"County Ground, Northampton",1,11.2,11.2,Kent,Northamptonshire,Z Crawley,JM Cox,NL Buck,0,0,,,,,,,,,,,,,
1244215,2021,2021-04-08,"County Ground, Northampton",1,11.3,11.3,Kent,Northamptonshire,Z Crawley,JM Cox,NL Buck,0,0,,,,,,,,,,,,,
1244215,2021,2021-04-08,"County Ground, Northampton",1,11.4,11.4,Kent,Northamptonshire,Z Crawley,JM Cox,NL Buck,0,0,,,,,,,,,,,,,
1244215,2021,2021-04-08,"County Ground, Northampton",1,11.5,11.5,Kent,Northamptonshire,Z Crawley,JM Cox,NL Buck,0,0,,,,,,,,,,,,,
1244215,2021,2021-04-08,"County Ground, Northampton",1,11.6,11.6,Kent,Northamptonshire,Z Crawley,JM Cox,NL Buck,0,0,,,,,,,,,,,,,
1244215,2021,2021-04-08,"County Ground, Northampton",1,12.1,12.1,Kent,Northamptonshire,JM Cox,Z Crawley,BW Sanderson,1,0,,,,,,,,,,,,,
1244215,2021,2021-04-08,"County Ground, Northampton",1,12.2,12.2,Kent,Northamptonshire,Z Crawley,JM Cox,BW Sanderson,0,0,,,,,,,,,,,,,
1244215,2021,2021-04-08,"County Ground, Northampton",1,12.3,12.3,Kent,Northamptonshire,Z Crawley,JM Cox,BW Sanderson,0,0,,,,,,,,,,,,,
1244215,2021,2021-04-08,"County Ground, Northampton",1,12.4,12.4,Kent,Northamptonshire,Z Crawley,JM Cox,BW Sanderson,0,0,,,,,,,,,,,,,
1244215,2021,2021-04-08,"County Ground, Northampton",1,12.5,12.5,Kent,Northamptonshire,Z Crawley,JM Cox,BW Sanderson,0,0,,,,,,,,,,,,,
1244215,2021,2021-04-08,"County Ground, Northampton",1,12.6,12.6,Kent,Northamptonshire,Z Crawley,JM Cox,BW Sanderson,1,0,,,,,,,,,,,,,
1244215,2021,2021-04-08,"County Ground, Northampton",1,13.1,13.1,Kent,Northamptonshire,Z Crawley,JM Cox,NL Buck,0,0,,,,,,,,,,,,,
1244215,2021,2021-04-08,"County Ground, Northampton",1,13.2,13.2,Kent,Northamptonshire,Z Crawley,JM Cox,NL Buck,0,0,,,,,,,,,,,,,
1244215,2021,2021-04-08,"County Ground, Northampton",1,13.3,13.3,Kent,Northamptonshire,Z Crawley,JM Cox,NL Buck,1,0,,,,,,,,,,,,,
1244215,2021,2021-04-08,"County Ground, Northampton",1,13.4,13.4,Kent,Northamptonshire,JM Cox,Z Crawley,NL Buck,0,0,,,,,,,,,,,,,
1244215,2021,2021-04-08,"County Ground, Northampton",1,13.5,13.5,Kent,Northamptonshire,JM Cox,Z Crawley,NL Buck,2,0,,,,,,,,,,,,,
1244215,2021,2021-04-08,"County Ground, Northampton",1,13.6,13.6,Kent,Northamptonshire,JM Cox,Z Crawley,NL Buck,0,0,,,,,,,,,,,,,
1244215,2021,2021-04-08,"County Ground, Northampton",1,14.1,14.1,Kent,Northamptonshire,Z Crawley,JM Cox,GK Berg,0,0,,,,,,,,,,,,,
1244215,2021,2021-04-08,"County Ground, Northampton",1,14.2,14.2,Kent,Northamptonshire,Z Crawley,JM Cox,GK Berg,4,0,,,,,,,,,,,,,
1244215,2021,2021-04-08,"County Ground, Northampton",1,14.3,14.3,Kent,Northamptonshire,Z Crawley,JM Cox,GK Berg,0,0,,,,,,,,,,,,,
1244215,2021,2021-04-08,"County Ground, Northampton",1,14.4,14.4,Kent,Northamptonshire,Z Crawley,JM Cox,GK Berg,0,0,,,,,,,,,,,,,
1244215,2021,2021-04-08,"County Ground, Northampton",1,14.5,14.5,Kent,Northamptonshire,Z Crawley,JM Cox,GK Berg,0,0,,,,,,,,,,,,,
1244215,2021,2021-04-08,"County Ground, Northampton",1,14.6,14.6,Kent,Northamptonshire,Z Crawley,JM Cox,GK Berg,2,0,,,,,,,,,,,,,
1244215,2021,2021-04-08,"County Ground, Northampton",1,15.1,15.1,Kent,Northamptonshire,JM Cox,Z Crawley,NL Buck,0,0,,,,,,,,,,,,,
1244215,2021,2021-04-08,"County Ground, Northampton",1,15.2,15.2,Kent,Northamptonshire,JM Cox,Z Crawley,NL Buck,0,0,,,,,,,,,,,,,
1244215,2021,2021-04-08,"County Ground, Northampton",1,15.3,15.3,Kent,Northamptonshire,JM Cox,Z Crawley,NL Buck,0,0,,,,,,,,,,,,,
1244215,2021,2021-04-08,"County Ground, Northampton",1,15.4,15.4,Kent,Northamptonshire,JM Cox,Z Crawley,NL Buck,0,0,,,,,,,,,,,,,
1244215,2021,2021-04-08,"County Ground, Northampton",1,15.5,15.5,Kent,Northamptonshire,JM Cox,Z Crawley,NL Buck,0,0,,,,,,,,,,,,,
1244215,2021,2021-04-08,"County Ground, Northampton",1,15.6,15.6,Kent,Northamptonshire,JM Cox,Z Crawley,NL Buck,0,0,,,,,,,,,,,,,
1244215,2021,2021-04-08,"County Ground, Northampton",1,16.1,16.1,Kent,Northamptonshire,Z Crawley,JM Cox,GK Berg,0,0,,,,,,,,,,,,,
1244215,2021,2021-04-08,"County Ground, Northampton",1,16.2,16.2,Kent,Northamptonshire,Z Crawley,JM Cox,GK Berg,0,0,,,,,,,,,,,,,
1244215,2021,2021-04-08,"County Ground, Northampton",1,16.3,16.3,Kent,Northamptonshire,Z Crawley,JM Cox,GK Berg,0,0,,,,,,,,,,,,,
1244215,2021,2021-04-08,"County Ground, Northampton",1,16.4,16.4,Kent,Northamptonshire,Z Crawley,JM Cox,GK Berg,0,0,,,,,,,,,,,,,
1244215,2021,2021-04-08,"County Ground, Northampton",1,16.5,16.5,Kent,Northamptonshire,Z Crawley,JM Cox,GK Berg,0,0,,,,,,,caught,Z Crawley,,,AM Rossington,,
1244215,2021,2021-04-08,"County Ground, Northampton",1,16.6,16.6,Kent,Northamptonshire,JL Denly,JM Cox,GK Berg,0,0,,,,,,,,,,,,,
1244215,2021,2021-04-08,"County Ground, Northampton",1,17.1,17.1,Kent,Northamptonshire,JM Cox,JL Denly,NL Buck,0,0,,,,,,,,,,,,,
1244215,2021,2021-04-08,"County Ground, Northampton",1,17.2,17.2,Kent,Northamptonshire,JM Cox,JL Denly,NL Buck,0,0,,,,,,,,,,,,,
1244215,2021,2021-04-08,"County Ground, Northampton",1,17.3,17.3,Kent,Northamptonshire,JM Cox,JL Denly,NL Buck,1,0,,,,,,,,,,,,,
1244215,2021,2021-04-08,"County Ground, Northampton",1,17.4,17.4,Kent,Northamptonshire,JL Denly,JM Cox,NL Buck,0,0,,,,,,,,,,,,,
1244215,2021,2021-04-08,"County Ground, Northampton",1,17.5,17.5,Kent,Northamptonshire,JL Denly,JM Cox,NL Buck,0,0,,,,,,,,,,,,,
1244215,2021,2021-04-08,"County Ground, Northampton",1,17.6,17.6,Kent,Northamptonshire,JL Denly,JM Cox,NL Buck,1,0,,,,,,,,,,,,,
1244215,2021,2021-04-08,"County Ground, Northampton",1,18.1,18.1,Kent,Northamptonshire,JL Denly,JM Cox,GK Berg,0,0,,,,,,,bowled,JL Denly,,,,,
1244215,2021,2021-04-08,"County Ground, Northampton",1,18.2,18.2,Kent,Northamptonshire,JA Leaning,JM Cox,GK Berg,0,0,,,,,,,,,,,,,
1244215,2021,2021-04-08,"County Ground, Northampton",1,18.3,18.3,Kent,Northamptonshire,JA Leaning,JM Cox,GK Berg,0,0,,,,,,,,,,,,,
1244215,2021,2021-04-08,"County Ground, Northampton",1,18.4,18.4,Kent,Northamptonshire,JA Leaning,JM Cox,GK Berg,0,0,,,,,,,,,,,,,
1244215,2021,2021-04-08,"County Ground, Northampton",1,18.5,18.5,Kent,Northamptonshire,JA Leaning,JM Cox,GK Berg,0,0,,,,,,,,,,,,,
1244215,2021,2021-04-08,"County Ground, Northampton",1,18.6,18.6,Kent,Northamptonshire,JA Leaning,JM Cox,GK Berg,0,0,,,,,,,,,,,,,
1244215,2021,2021-04-08,"County Ground, Northampton",1,19.1,19.1,Kent,Northamptonshire,JM Cox,JA Leaning,NL Buck,0,0,,,,,,,,,,,,,
1244215,2021,2021-04-08,"County Ground, Northampton",1,19.2,19.2,Kent,Northamptonshire,JM Cox,JA Leaning,NL Buck,0,0,,,,,,,,,,,,,
1244215,2021,2021-04-08,"County Ground, Northampton",1,19.3,19.3,Kent,Northamptonshire,JM Cox,JA Leaning,NL Buck,1,0,,,,,,,,,,,,,
1244215,2021,2021-04-08,"County Ground, Northampton",1,19.4,19.4,Kent,Northamptonshire,JA Leaning,JM Cox,NL Buck,0,0,,,,,,,,,,,,,
1244215,2021,2021-04-08,"County Ground, Northampton",1,19.5,19.5,Kent,Northamptonshire,JA Leaning,JM Cox,NL Buck,0,0,,,,,,,,,,,,,
1244215,2021,2021-04-08,"County Ground, Northampton",1,19.6,19.6,Kent,Northamptonshire,JA Leaning,JM Cox,NL Buck,0,0,,,,,,,,,,,,,
1244215,2021,2021-04-08,"County Ground, Northampton",1,20.1,20.1,Kent,Northamptonshire,JM Cox,JA Leaning,GK Berg,0,0,,,,,,,,,,,,,
1244215,2021,2021-04-08,"County Ground, Northampton",1,20.2,20.2,Kent,Northamptonshire,JM Cox,JA Leaning,GK Berg,0,0,,,,,,,,,,,,,
1244215,2021,2021-04-08,"County Ground, Northampton",1,20.3,20.3,Kent,Northamptonshire,JM Cox,JA Leaning,GK Berg,0,0,,,,,,,,,,,,,
1244215,2021,2021-04-08,"County Ground, Northampton",1,20.4,20.4,Kent,Northamptonshire,JM Cox,JA Leaning,GK Berg,0,0,,,,,,,,,,,,,
1244215,2021,2021-04-08,"County Ground, Northampton",1,20.5,20.5,Kent,Northamptonshire,JM Cox,JA Leaning,GK Berg,0,0,,,,,,,,,,,,,
1244215,2021,2021-04-08,"County Ground, Northampton",1,20.6,20.6,Kent,Northamptonshire,JM Cox,JA Leaning,GK Berg,0,0,,,,,,,,,,,,,
1244215,2021,2021-04-08,"County Ground, Northampton",1,21.1,21.1,Kent,Northamptonshire,JA Leaning,JM Cox,BW Sanderson,0,0,,,,,,,,,,,,,
1244215,2021,2021-04-08,"County Ground, Northampton",1,21.2,21.2,Kent,Northamptonshire,JA Leaning,JM Cox,BW Sanderson,0,0,,,,,,,,,,,,,
1244215,2021,2021-04-08,"County Ground, Northampton",1,21.3,21.3,Kent,Northamptonshire,JA Leaning,JM Cox,BW Sanderson,0,0,,,,,,,,,,,,,
1244215,2021,2021-04-08,"County Ground, Northampton",1,21.4,21.4,Kent,Northamptonshire,JA Leaning,JM Cox,BW Sanderson,0,0,,,,,,,,,,,,,
1244215,2021,2021-04-08,"County Ground, Northampton",1,21.5,21.5,Kent,Northamptonshire,JA Leaning,JM Cox,BW Sanderson,0,0,,,,,,,,,,,,,
1244215,2021,2021-04-08,"County Ground, Northampton",1,21.6,21.6,Kent,Northamptonshire,JA Leaning,JM Cox,BW Sanderson,0,0,,,,,,,,,,,,,
1244215,2021,2021-04-08,"County Ground, Northampton",1,22.1,22.1,Kent,Northamptonshire,JM Cox,JA Leaning,GK Berg,0,0,,,,,,,,,,,,,
1244215,2021,2021-04-08,"County Ground, Northampton",1,22.2,22.2,Kent,Northamptonshire,JM Cox,JA Leaning,GK Berg,0,0,,,,,,,,,,,,,
1244215,2021,2021-04-08,"County Ground, Northampton",1,22.3,22.3,Kent,Northamptonshire,JM Cox,JA Leaning,GK Berg,4,0,,,,,,,,,,,,,
1244215,2021,2021-04-08,"County Ground, Northampton",1,22.4,22.4,Kent,Northamptonshire,JM Cox,JA Leaning,GK Berg,0,0,,,,,,,,,,,,,
1244215,2021,2021-04-08,"County Ground, Northampton",1,22.5,22.5,Kent,Northamptonshire,JM Cox,JA Leaning,GK Berg,0,0,,,,,,,,,,,,,
1244215,2021,2021-04-08,"County Ground, Northampton",1,22.6,22.6,Kent,Northamptonshire,JM Cox,JA Leaning,GK Berg,0,0,,,,,,,,,,,,,
1244215,2021,2021-04-08,"County Ground, Northampton",1,23.1,23.1,Kent,Northamptonshire,JA Leaning,JM Cox,BW Sanderson,0,0,,,,,,,,,,,,,
1244215,2021,2021-04-08,"County Ground, Northampton",1,23.2,23.2,Kent,Northamptonshire,JA Leaning,JM Cox,BW Sanderson,0,0,,,,,,,,,,,,,
1244215,2021,2021-04-08,"County Ground, Northampton",1,23.3,23.3,Kent,Northamptonshire,JA Leaning,JM Cox,BW Sanderson,0,0,,,,,,,,,,,,,
1244215,2021,2021-04-08,"County Ground, Northampton",1,23.4,23.4,Kent,Northamptonshire,JA Leaning,JM Cox,BW Sanderson,0,0,,,,,,,,,,,,,
1244215,2021,2021-04-08,"County Ground, Northampton",1,23.5,23.5,Kent,Northamptonshire,JA Leaning,JM Cox,BW Sanderson,3,0,,,,,,,,,,,,,
1244215,2021,2021-04-08,"County Ground, Northampton",1,23.6,23.6,Kent,Northamptonshire,JM Cox,JA Leaning,BW Sanderson,0,0,,,,,,,,,,,,,
1244215,2021,2021-04-08,"County Ground, Northampton",1,24.1,24.1,Kent,Northamptonshire,JA Leaning,JM Cox,GK Berg,0,0,,,,,,,,,,,,,
1244215,2021,2021-04-08,"County Ground, Northampton",1,24.2,24.2,Kent,Northamptonshire,JA Leaning,JM Cox,GK Berg,0,0,,,,,,,,,,,,,
1244215,2021,2021-04-08,"County Ground, Northampton",1,24.3,24.3,Kent,Northamptonshire,JA Leaning,JM Cox,GK Berg,0,0,,,,,,,,,,,,,
1244215,2021,2021-04-08,"County Ground, Northampton",1,24.4,24.4,Kent,Northamptonshire,JA Leaning,JM Cox,GK Berg,0,0,,,,,,,,,,,,,
1244215,2021,2021-04-08,"County Ground, Northampton",1,24.5,24.5,Kent,Northamptonshire,JA Leaning,JM Cox,GK Berg,0,0,,,,,,,,,,,,,
1244215,2021,2021-04-08,"County Ground, Northampton",1,24.6,24.6,Kent,Northamptonshire,JA Leaning,JM Cox,GK Berg,0,0,,,,,,,,,,,,,
1244215,2021,2021-04-08,"County Ground, Northampton",1,25.1,25.1,Kent,Northamptonshire,JM Cox,JA Leaning,BW Sanderson,0,0,,,,,,,,,,,,,
1244215,2021,2021-04-08,"County Ground, Northampton",1,25.2,25.2,Kent,Northamptonshire,JM Cox,JA Leaning,BW Sanderson,0,0,,,,,,,,,,,,,
1244215,2021,2021-04-08,"County Ground, Northampton",1,25.3,25.3,Kent,Northamptonshire,JM Cox,JA Leaning,BW Sanderson,1,0,,,,,,,,,,,,,
1244215,2021,2021-04-08,"County Ground, Northampton",1,25.4,25.4,Kent,Northamptonshire,JA Leaning,JM Cox,BW Sanderson,1,0,,,,,,,,,,,,,
1244215,2021,2021-04-08,"County Ground, Northampton",1,25.5,25.5,Kent,Northamptonshire,JM Cox,JA Leaning,BW Sanderson,0,0,,,,,,,,,,,,,
1244215,2021,2021-04-08,"County Ground, Northampton",1,25.6,25.6,Kent,Northamptonshire,JM Cox,JA Leaning,BW Sanderson,0,0,,,,,,,,,,,,,
1244215,2021,2021-04-08,"County Ground, Northampton",1,26.1,26.1,Kent,Northamptonshire,JA Leaning,JM Cox,TAI Taylor,0,0,,,,,,,,,,,,,
1244215,2021,2021-04-08,"County Ground, Northampton",1,26.2,26.2,Kent,Northamptonshire,JA Leaning,JM Cox,TAI Taylor,0,0,,,,,,,,,,,,,
1244215,2021,2021-04-08,"County Ground, Northampton",1,26.3,26.3,Kent,Northamptonshire,JA Leaning,JM Cox,TAI Taylor,0,0,,,,,,,,,,,,,
1244215,2021,2021-04-08,"County Ground, Northampton",1,26.4,26.4,Kent,Northamptonshire,JA Leaning,JM Cox,TAI Taylor,1,0,,,,,,,,,,,,,
1244215,2021,2021-04-08,"County Ground, Northampton",1,26.5,26.5,Kent,Northamptonshire,JM Cox,JA Leaning,TAI Taylor,0,0,,,,,,,,,,,,,
1244215,2021,2021-04-08,"County Ground, Northampton",1,26.6,26.6,Kent,Northamptonshire,JM Cox,JA Leaning,TAI Taylor,0,0,,,,,,,,,,,,,
1244215,2021,2021-04-08,"County Ground, Northampton",1,27.1,27.1,Kent,Northamptonshire,JA Leaning,JM Cox,RI Keogh,0,0,,,,,,,,,,,,,
1244215,2021,2021-04-08,"County Ground, Northampton",1,27.2,27.2,Kent,Northamptonshire,JA Leaning,JM Cox,RI Keogh,1,0,,,,,,,,,,,,,
1244215,2021,2021-04-08,"County Ground, Northampton",1,27.3,27.3,Kent,Northamptonshire,JM Cox,JA Leaning,RI Keogh,0,0,,,,,,,,,,,,,
1244215,2021,2021-04-08,"County Ground, Northampton",1,27.4,27.4,Kent,Northamptonshire,JM Cox,JA Leaning,RI Keogh,0,0,,,,,,,,,,,,,
1244215,2021,2021-04-08,"County Ground, Northampton",1,27.5,27.5,Kent,Northamptonshire,JM Cox,JA Leaning,RI Keogh,1,0,,,,,,,,,,,,,
1244215,2021,2021-04-08,"County Ground, Northampton",1,27.6,27.6,Kent,Northamptonshire,JA Leaning,JM Cox,RI Keogh,0,0,,,,,,,,,,,,,
1244215,2021,2021-04-08,"County Ground, Northampton",1,28.1,28.1,Kent,Northamptonshire,JM Cox,JA Leaning,TAI Taylor,0,0,,,,,,,,,,,,,
1244215,2021,2021-04-08,"County Ground, Northampton",1,28.2,28.2,Kent,Northamptonshire,JM Cox,JA Leaning,TAI Taylor,0,0,,,,,,,,,,,,,
1244215,2021,2021-04-08,"County Ground, Northampton",1,28.3,28.3,Kent,Northamptonshire,JM Cox,JA Leaning,TAI Taylor,3,0,,,,,,,,,,,,,
1244215,2021,2021-04-08,"County Ground, Northampton",1,28.4,28.4,Kent,Northamptonshire,JA Leaning,JM Cox,TAI Taylor,0,0,,,,,,,,,,,,,
1244215,2021,2021-04-08,"County Ground, Northampton",1,28.5,28.5,Kent,Northamptonshire,JA Leaning,JM Cox,TAI Taylor,0,0,,,,,,,,,,,,,
1244215,2021,2021-04-08,"County Ground, Northampton",1,28.6,28.6,Kent,Northamptonshire,JA Leaning,JM Cox,TAI Taylor,0,0,,,,,,,,,,,,,
1244215,2021,2021-04-08,"County Ground, Northampton",1,29.1,29.1,Kent,Northamptonshire,JM Cox,JA Leaning,RI Keogh,0,0,,,,,,,,,,,,,
1244215,2021,2021-04-08,"County Ground, Northampton",1,29.2,29.2,Kent,Northamptonshire,JM Cox,JA Leaning,RI Keogh,0,0,,,,,,,,,,,,,
1244215,2021,2021-04-08,"County Ground, Northampton",1,29.3,29.3,Kent,Northamptonshire,JM Cox,JA Leaning,RI Keogh,1,0,,,,,,,,,,,,,
1244215,2021,2021-04-08,"County Ground, Northampton",1,29.4,29.4,Kent,Northamptonshire,JA Leaning,JM Cox,RI Keogh,0,0,,,,,,,,,,,,,
1244215,2021,2021-04-08,"County Ground, Northampton",1,29.5,29.5,Kent,Northamptonshire,JA Leaning,JM Cox,RI Keogh,0,0,,,,,,,,,,,,,
1244215,2021,2021-04-08,"County Ground, Northampton",1,29.6,29.6,Kent,Northamptonshire,JA Leaning,JM Cox,RI Keogh,0,0,,,,,,,,,,,,,
1244215,2021,2021-04-08,"County Ground, Northampton",1,30.1,30.1,Kent,Northamptonshire,JM Cox,JA Leaning,GK Berg,4,0,,,,,,,,,,,,,
1244215,2021,2021-04-08,"County Ground, Northampton",1,30.2,30.2,Kent,Northamptonshire,JM Cox,JA Leaning,GK Berg,0,0,,,,,,,,,,,,,
1244215,2021,2021-04-08,"County Ground, Northampton",1,30.3,30.3,Kent,Northamptonshire,JM Cox,JA Leaning,GK Berg,2,0,,,,,,,,,,,,,
1244215,2021,2021-04-08,"County Ground, Northampton",1,30.4,30.4,Kent,Northamptonshire,JM Cox,JA Leaning,GK Berg,0,0,,,,,,,,,,,,,
1244215,2021,2021-04-08,"County Ground, Northampton",1,30.5,30.5,Kent,Northamptonshire,JM Cox,JA Leaning,GK Berg,0,0,,,,,,,,,,,,,
1244215,2021,2021-04-08,"County Ground, Northampton",1,30.6,30.6,Kent,Northamptonshire,JM Cox,JA Leaning,GK Berg,0,0,,,,,,,,,,,,,
1244215,2021,2021-04-08,"County Ground, Northampton",1,31.1,31.1,Kent,Northamptonshire,JA Leaning,JM Cox,NL Buck,4,0,,,,,,,,,,,,,
1244215,2021,2021-04-08,"County Ground, Northampton",1,31.2,31.2,Kent,Northamptonshire,JA Leaning,JM Cox,NL Buck,0,0,,,,,,,,,,,,,
1244215,2021,2021-04-08,"County Ground, Northampton",1,31.3,31.3,Kent,Northamptonshire,JA Leaning,JM Cox,NL Buck,0,0,,,,,,,,,,,,,
1244215,2021,2021-04-08,"County Ground, Northampton",1,31.4,31.4,Kent,Northamptonshire,JA Leaning,JM Cox,NL Buck,0,0,,,,,,,,,,,,,
1244215,2021,2021-04-08,"County Ground, Northampton",1,31.5,31.5,Kent,Northamptonshire,JA Leaning,JM Cox,NL Buck,0,0,,,,,,,,,,,,,
1244215,2021,2021-04-08,"County Ground, Northampton",1,31.6,31.6,Kent,Northamptonshire,JA Leaning,JM Cox,NL Buck,0,0,,,,,,,,,,,,,
1244215,2021,2021-04-08,"County Ground, Northampton",1,32.1,32.1,Kent,Northamptonshire,JM Cox,JA Leaning,GK Berg,0,0,,,,,,,,,,,,,
1244215,2021,2021-04-08,"County Ground, Northampton",1,32.2,32.2,Kent,Northamptonshire,JM Cox,JA Leaning,GK Berg,1,0,,,,,,,,,,,,,
1244215,2021,2021-04-08,"County Ground, Northampton",1,32.3,32.3,Kent,Northamptonshire,JA Leaning,JM Cox,GK Berg,0,0,,,,,,,,,,,,,
1244215,2021,2021-04-08,"County Ground, Northampton",1,32.4,32.4,Kent,Northamptonshire,JA Leaning,JM Cox,GK Berg,0,0,,,,,,,,,,,,,
1244215,2021,2021-04-08,"County Ground, Northampton",1,32.5,32.5,Kent,Northamptonshire,JA Leaning,JM Cox,GK Berg,0,0,,,,,,,,,,,,,
1244215,2021,2021-04-08,"County Ground, Northampton",1,32.6,32.6,Kent,Northamptonshire,JA Leaning,JM Cox,GK Berg,4,0,,,,,,,,,,,,,
1244215,2021,2021-04-08,"County Ground, Northampton",1,33.1,33.1,Kent,Northamptonshire,JM Cox,JA Leaning,NL Buck,4,0,,,,,,,,,,,,,
1244215,2021,2021-04-08,"County Ground, Northampton",1,33.2,33.2,Kent,Northamptonshire,JM Cox,JA Leaning,NL Buck,0,0,,,,,,,,,,,,,
1244215,2021,2021-04-08,"County Ground, Northampton",1,33.3,33.3,Kent,Northamptonshire,JM Cox,JA Leaning,NL Buck,4,0,,,,,,,,,,,,,
1244215,2021,2021-04-08,"County Ground, Northampton",1,33.4,33.4,Kent,Northamptonshire,JM Cox,JA Leaning,NL Buck,0,0,,,,,,,,,,,,,
1244215,2021,2021-04-08,"County Ground, Northampton",1,33.5,33.5,Kent,Northamptonshire,JM Cox,JA Leaning,NL Buck,0,0,,,,,,,,,,,,,
1244215,2021,2021-04-08,"County Ground, Northampton",1,33.6,33.6,Kent,Northamptonshire,JM Cox,JA Leaning,NL Buck,0,0,,,,,,,,,,,,,
1244215,2021,2021-04-08,"County Ground, Northampton",1,34.1,34.1,Kent,Northamptonshire,JA Leaning,JM Cox,GK Berg,0,0,,,,,,,,,,,,,
1244215,2021,2021-04-08,"County Ground, Northampton",1,34.2,34.2,Kent,Northamptonshire,JA Leaning,JM Cox,GK Berg,0,0,,,,,,,,,,,,,
1244215,2021,2021-04-08,"County Ground, Northampton",1,34.3,34.3,Kent,Northamptonshire,JA Leaning,JM Cox,GK Berg,0,0,,,,,,,,,,,,,
1244215,2021,2021-04-08,"County Ground, Northampton",1,34.4,34.4,Kent,Northamptonshire,JA Leaning,JM Cox,GK Berg,0,0,,,,,,,,,,,,,
1244215,2021,2021-04-08,"County Ground, Northampton",1,34.5,34.5,Kent,Northamptonshire,JA Leaning,JM Cox,GK Berg,0,0,,,,,,,,,,,,,
1244215,2021,2021-04-08,"County Ground, Northampton",1,34.6,34.6,Kent,Northamptonshire,JA Leaning,JM Cox,GK Berg,0,0,,,,,,,,,,,,,
1244215,2021,2021-04-08,"County Ground, Northampton",1,35.1,35.1,Kent,Northamptonshire,JM Cox,JA Leaning,NL Buck,0,0,,,,,,,,,,,,,
1244215,2021,2021-04-08,"County Ground, Northampton",1,35.2,35.2,Kent,Northamptonshire,JM Cox,JA Leaning,NL Buck,0,0,,,,,,,,,,,,,
1244215,2021,2021-04-08,"County Ground, Northampton",1,35.3,35.3,Kent,Northamptonshire,JM Cox,JA Leaning,NL Buck,2,0,,,,,,,,,,,,,
1244215,2021,2021-04-08,"County Ground, Northampton",1,35.4,35.4,Kent,Northamptonshire,JM Cox,JA Leaning,NL Buck,0,0,,,,,,,,,,,,,
1244215,2021,2021-04-08,"County Ground, Northampton",1,35.5,35.5,Kent,Northamptonshire,JM Cox,JA Leaning,NL Buck,0,0,,,,,,,,,,,,,
1244215,2021,2021-04-08,"County Ground, Northampton",1,35.6,35.6,Kent,Northamptonshire,JM Cox,JA Leaning,NL Buck,0,0,,,,,,,,,,,,,
1244215,2021,2021-04-08,"County Ground, Northampton",1,36.1,36.1,Kent,Northamptonshire,JA Leaning,JM Cox,GK Berg,0,0,,,,,,,,,,,,,
1244215,2021,2021-04-08,"County Ground, Northampton",1,36.2,36.2,Kent,Northamptonshire,JA Leaning,JM Cox,GK Berg,0,0,,,,,,,,,,,,,
1244215,2021,2021-04-08,"County Ground, Northampton",1,36.3,36.3,Kent,Northamptonshire,JA Leaning,JM Cox,GK Berg,0,0,,,,,,,,,,,,,
1244215,2021,2021-04-08,"County Ground, Northampton",1,36.4,36.4,Kent,Northamptonshire,JA Leaning,JM Cox,GK Berg,0,0,,,,,,,,,,,,,
1244215,2021,2021-04-08,"County Ground, Northampton",1,36.5,36.5,Kent,Northamptonshire,JA Leaning,JM Cox,GK Berg,0,0,,,,,,,,,,,,,
1244215,2021,2021-04-08,"County Ground, Northampton",1,36.6,36.6,Kent,Northamptonshire,JA Leaning,JM Cox,GK Berg,0,0,,,,,,,,,,,,,
1244215,2021,2021-04-08,"County Ground, Northampton",1,37.1,37.1,Kent,Northamptonshire,JM Cox,JA Leaning,NL Buck,0,0,,,,,,,,,,,,,
1244215,2021,2021-04-08,"County Ground, Northampton",1,37.2,37.2,Kent,Northamptonshire,JM Cox,JA Leaning,NL Buck,0,0,,,,,,,,,,,,,
1244215,2021,2021-04-08,"County Ground, Northampton",1,37.3,37.3,Kent,Northamptonshire,JM Cox,JA Leaning,NL Buck,2,0,,,,,,,,,,,,,
1244215,2021,2021-04-08,"County Ground, Northampton",1,37.4,37.4,Kent,Northamptonshire,JM Cox,JA Leaning,NL Buck,0,0,,,,,,,,,,,,,
1244215,2021,2021-04-08,"County Ground, Northampton",1,37.5,37.5,Kent,Northamptonshire,JM Cox,JA Leaning,NL Buck,4,0,,,,,,,,,,,,,
1244215,2021,2021-04-08,"County Ground, Northampton",1,37.6,37.6,Kent,Northamptonshire,JM Cox,JA Leaning,NL Buck,0,0,,,,,,,,,,,,,
1244215,2021,2021-04-08,"County Ground, Northampton",1,38.1,38.1,Kent,Northamptonshire,JA Leaning,JM Cox,BW Sanderson,4,0,,,,,,,,,,,,,
1244215,2021,2021-04-08,"County Ground, Northampton",1,38.2,38.2,Kent,Northamptonshire,JA Leaning,JM Cox,BW Sanderson,0,0,,,,,,,,,,,,,
1244215,2021,2021-04-08,"County Ground, Northampton",1,38.3,38.3,Kent,Northamptonshire,JA Leaning,JM Cox,BW Sanderson,0,0,,,,,,,,,,,,,
1244215,2021,2021-04-08,"County Ground, Northampton",1,38.4,38.4,Kent,Northamptonshire,JA Leaning,JM Cox,BW Sanderson,0,0,,,,,,,,,,,,,
1244215,2021,2021-04-08,"County Ground, Northampton",1,38.5,38.5,Kent,Northamptonshire,JA Leaning,JM Cox,BW Sanderson,0,0,,,,,,,,,,,,,
1244215,2021,2021-04-08,"County Ground, Northampton",1,38.6,38.6,Kent,Northamptonshire,JA Leaning,JM Cox,BW Sanderson,2,0,,,,,,,,,,,,,
1244215,2021,2021-04-08,"County Ground, Northampton",1,39.1,39.1,Kent,Northamptonshire,JM Cox,JA Leaning,TAI Taylor,0,0,,,,,,,,,,,,,
1244215,2021,2021-04-08,"County Ground, Northampton",1,39.2,39.2,Kent,Northamptonshire,JM Cox,JA Leaning,TAI Taylor,2,0,,,,,,,,,,,,,
1244215,2021,2021-04-08,"County Ground, Northampton",1,39.3,39.3,Kent,Northamptonshire,JM Cox,JA Leaning,TAI Taylor,0,0,,,,,,,,,,,,,
1244215,2021,2021-04-08,"County Ground, Northampton",1,39.4,39.4,Kent,Northamptonshire,JM Cox,JA Leaning,TAI Taylor,0,0,,,,,,,,,,,,,
1244215,2021,2021-04-08,"County Ground, Northampton",1,39.5,39.5,Kent,Northamptonshire,JM Cox,JA Leaning,TAI Taylor,1,0,,,,,,,,,,,,,
1244215,2021,2021-04-08,"County Ground, Northampton",1,39.6,39.6,Kent,Northamptonshire,JA Leaning,JM Cox,TAI Taylor,0,0,,,,,,,,,,,,,
1244215,2021,2021-04-08,"County Ground, Northampton",1,40.1,40.1,Kent,Northamptonshire,JM Cox,JA Leaning,BW Sanderson,0,0,,,,,,,,,,,,,
1244215,2021,2021-04-08,"County Ground, Northampton",1,40.2,40.2,Kent,Northamptonshire,JM Cox,JA Leaning,BW Sanderson,0,0,,,,,,,,,,,,,
1244215,2021,2021-04-08,"County Ground, Northampton",1,40.3,40.3,Kent,Northamptonshire,JM Cox,JA Leaning,BW Sanderson,0,0,,,,,,,,,,,,,
1244215,2021,2021-04-08,"County Ground, Northampton",1,40.4,40.4,Kent,Northamptonshire,JM Cox,JA Leaning,BW Sanderson,0,0,,,,,,,,,,,,,
1244215,2021,2021-04-08,"County Ground, Northampton",1,40.5,40.5,Kent,Northamptonshire,JM Cox,JA Leaning,BW Sanderson,0,0,,,,,,,,,,,,,
1244215,2021,2021-04-08,"County Ground, Northampton",1,40.6,40.6,Kent,Northamptonshire,JM Cox,JA Leaning,BW Sanderson,1,0,,,,,,,,,,,,,
1244215,2021,2021-04-08,"County Ground, Northampton",1,41.1,41.1,Kent,Northamptonshire,JM Cox,JA Leaning,TAI Taylor,0,0,,,,,,,,,,,,,
1244215,2021,2021-04-08,"County Ground, Northampton",1,41.2,41.2,Kent,Northamptonshire,JM Cox,JA Leaning,TAI Taylor,0,0,,,,,,,,,,,,,
1244215,2021,2021-04-08,"County Ground, Northampton",1,41.3,41.3,Kent,Northamptonshire,JM Cox,JA Leaning,TAI Taylor,0,0,,,,,,,,,,,,,
1244215,2021,2021-04-08,"County Ground, Northampton",1,41.4,41.4,Kent,Northamptonshire,JM Cox,JA Leaning,TAI Taylor,0,0,,,,,,,,,,,,,
1244215,2021,2021-04-08,"County Ground, Northampton",1,41.5,41.5,Kent,Northamptonshire,JM Cox,JA Leaning,TAI Taylor,0,0,,,,,,,,,,,,,
1244215,2021,2021-04-08,"County Ground, Northampton",1,41.6,41.6,Kent,Northamptonshire,JM Cox,JA Leaning,TAI Taylor,0,0,,,,,,,,,,,,,
1244215,2021,2021-04-08,"County Ground, Northampton",1,42.1,42.1,Kent,Northamptonshire,JA Leaning,JM Cox,BW Sanderson,0,0,,,,,,,,,,,,,
1244215,2021,2021-04-08,"County Ground, Northampton",1,42.2,42.2,Kent,Northamptonshire,JA Leaning,JM Cox,BW Sanderson,0,0,,,,,,,,,,,,,
1244215,2021,2021-04-08,"County Ground, Northampton",1,42.3,42.3,Kent,Northamptonshire,JA Leaning,JM Cox,BW Sanderson,0,0,,,,,,,,,,,,,
1244215,2021,2021-04-08,"County Ground, Northampton",1,42.4,42.4,Kent,Northamptonshire,JA Leaning,JM Cox,BW Sanderson,0,0,,,,,,,,,,,,,
1244215,2021,2021-04-08,"County Ground, Northampton",1,42.5,42.5,Kent,Northamptonshire,JA Leaning,JM Cox,BW Sanderson,4,0,,,,,,,,,,,,,
1244215,2021,2021-04-08,"County Ground, Northampton",1,42.6,42.6,Kent,Northamptonshire,JA Leaning,JM Cox,BW Sanderson,4,0,,,,,,,,,,,,,
1244215,2021,2021-04-08,"County Ground, Northampton",1,43.1,43.1,Kent,Northamptonshire,JM Cox,JA Leaning,TAI Taylor,0,0,,,,,,,,,,,,,
1244215,2021,2021-04-08,"County Ground, Northampton",1,43.2,43.2,Kent,Northamptonshire,JM Cox,JA Leaning,TAI Taylor,0,0,,,,,,,,,,,,,
1244215,2021,2021-04-08,"County Ground, Northampton",1,43.3,43.3,Kent,Northamptonshire,JM Cox,JA Leaning,TAI Taylor,0,0,,,,,,,,,,,,,
1244215,2021,2021-04-08,"County Ground, Northampton",1,43.4,43.4,Kent,Northamptonshire,JM Cox,JA Leaning,TAI Taylor,4,0,,,,,,,,,,,,,
1244215,2021,2021-04-08,"County Ground, Northampton",1,43.5,43.5,Kent,Northamptonshire,JM Cox,JA Leaning,TAI Taylor,0,0,,,,,,,,,,,,,
1244215,2021,2021-04-08,"County Ground, Northampton",1,43.6,43.6,Kent,Northamptonshire,JM Cox,JA Leaning,TAI Taylor,0,0,,,,,,,,,,,,,
1244215,2021,2021-04-08,"County Ground, Northampton",1,44.1,44.1,Kent,Northamptonshire,JA Leaning,JM Cox,BW Sanderson,0,0,,,,,,,,,,,,,
1244215,2021,2021-04-08,"County Ground, Northampton",1,44.2,44.2,Kent,Northamptonshire,JA Leaning,JM Cox,BW Sanderson,4,0,,,,,,,,,,,,,
1244215,2021,2021-04-08,"County Ground, Northampton",1,44.3,44.3,Kent,Northamptonshire,JA Leaning,JM Cox,BW Sanderson,0,0,,,,,,,,,,,,,
1244215,2021,2021-04-08,"County Ground, Northampton",1,44.4,44.4,Kent,Northamptonshire,JA Leaning,JM Cox,BW Sanderson,0,0,,,,,,,,,,,,,
1244215,2021,2021-04-08,"County Ground, Northampton",1,44.5,44.5,Kent,Northamptonshire,JA Leaning,JM Cox,BW Sanderson,0,0,,,,,,,,,,,,,
1244215,2021,2021-04-08,"County Ground, Northampton",1,44.6,44.6,Kent,Northamptonshire,JA Leaning,JM Cox,BW Sanderson,0,0,,,,,,,,,,,,,
1244215,2021,2021-04-08,"County Ground, Northampton",1,45.1,45.1,Kent,Northamptonshire,JM Cox,JA Leaning,GK Berg,4,0,,,,,,,,,,,,,
1244215,2021,2021-04-08,"County Ground, Northampton",1,45.2,45.2,Kent,Northamptonshire,JM Cox,JA Leaning,GK Berg,0,0,,,,,,,,,,,,,
1244215,2021,2021-04-08,"County Ground, Northampton",1,45.3,45.3,Kent,Northamptonshire,JM Cox,JA Leaning,GK Berg,0,0,,,,,,,,,,,,,
1244215,2021,2021-04-08,"County Ground, Northampton",1,45.4,45.4,Kent,Northamptonshire,JM Cox,JA Leaning,GK Berg,0,0,,,,,,,,,,,,,
1244215,2021,2021-04-08,"County Ground, Northampton",1,45.5,45.5,Kent,Northamptonshire,JM Cox,JA Leaning,GK Berg,0,0,,,,,,,,,,,,,
1244215,2021,2021-04-08,"County Ground, Northampton",1,45.6,45.6,Kent,Northamptonshire,JM Cox,JA Leaning,GK Berg,0,0,,,,,,,,,,,,,
1244215,2021,2021-04-08,"County Ground, Northampton",1,46.1,46.1,Kent,Northamptonshire,JA Leaning,JM Cox,BW Sanderson,0,0,,,,,,,,,,,,,
1244215,2021,2021-04-08,"County Ground, Northampton",1,46.2,46.2,Kent,Northamptonshire,JA Leaning,JM Cox,BW Sanderson,0,0,,,,,,,,,,,,,
1244215,2021,2021-04-08,"County Ground, Northampton",1,46.3,46.3,Kent,Northamptonshire,JA Leaning,JM Cox,BW Sanderson,0,4,,,,4,,,,,,,,,
1244215,2021,2021-04-08,"County Ground, Northampton",1,46.4,46.4,Kent,Northamptonshire,JA Leaning,JM Cox,BW Sanderson,1,0,,,,,,,,,,,,,
1244215,2021,2021-04-08,"County Ground, Northampton",1,46.5,46.5,Kent,Northamptonshire,JM Cox,JA Leaning,BW Sanderson,0,0,,,,,,,,,,,,,
1244215,2021,2021-04-08,"County Ground, Northampton",1,46.6,46.6,Kent,Northamptonshire,JM Cox,JA Leaning,BW Sanderson,0,0,,,,,,,,,,,,,
1244215,2021,2021-04-08,"County Ground, Northampton",1,47.1,47.1,Kent,Northamptonshire,JA Leaning,JM Cox,GK Berg,0,0,,,,,,,,,,,,,
1244215,2021,2021-04-08,"County Ground, Northampton",1,47.2,47.2,Kent,Northamptonshire,JA Leaning,JM Cox,GK Berg,0,0,,,,,,,,,,,,,
1244215,2021,2021-04-08,"County Ground, Northampton",1,47.3,47.3,Kent,Northamptonshire,JA Leaning,JM Cox,GK Berg,0,0,,,,,,,,,,,,,
1244215,2021,2021-04-08,"County Ground, Northampton",1,47.4,47.4,Kent,Northamptonshire,JA Leaning,JM Cox,GK Berg,0,0,,,,,,,,,,,,,
1244215,2021,2021-04-08,"County Ground, Northampton",1,47.5,47.5,Kent,Northamptonshire,JA Leaning,JM Cox,GK Berg,0,0,,,,,,,,,,,,,
1244215,2021,2021-04-08,"County Ground, Northampton",1,47.6,47.6,Kent,Northamptonshire,JA Leaning,JM Cox,GK Berg,0,0,,,,,,,,,,,,,
1244215,2021,2021-04-08,"County Ground, Northampton",1,48.1,48.1,Kent,Northamptonshire,JM Cox,JA Leaning,BW Sanderson,0,2,,,,2,,,,,,,,,
1244215,2021,2021-04-08,"County Ground, Northampton",1,48.2,48.2,Kent,Northamptonshire,JM Cox,JA Leaning,BW Sanderson,1,0,,,,,,,,,,,,,
1244215,2021,2021-04-08,"County Ground, Northampton",1,48.3,48.3,Kent,Northamptonshire,JA Leaning,JM Cox,BW Sanderson,0,0,,,,,,,,,,,,,
1244215,2021,2021-04-08,"County Ground, Northampton",1,48.4,48.4,Kent,Northamptonshire,JA Leaning,JM Cox,BW Sanderson,1,0,,,,,,,,,,,,,
1244215,2021,2021-04-08,"County Ground, Northampton",1,48.5,48.5,Kent,Northamptonshire,JM Cox,JA Leaning,BW Sanderson,1,0,,,,,,,,,,,,,
1244215,2021,2021-04-08,"County Ground, Northampton",1,48.6,48.6,Kent,Northamptonshire,JA Leaning,JM Cox,BW Sanderson,0,0,,,,,,,,,,,,,
1244215,2021,2021-04-08,"County Ground, Northampton",1,49.1,49.1,Kent,Northamptonshire,JM Cox,JA Leaning,GK Berg,0,0,,,,,,,,,,,,,
1244215,2021,2021-04-08,"County Ground, Northampton",1,49.2,49.2,Kent,Northamptonshire,JM Cox,JA Leaning,GK Berg,0,0,,,,,,,,,,,,,
1244215,2021,2021-04-08,"County Ground, Northampton",1,49.3,49.3,Kent,Northamptonshire,JM Cox,JA Leaning,GK Berg,1,0,,,,,,,,,,,,,
1244215,2021,2021-04-08,"County Ground, Northampton",1,49.4,49.4,Kent,Northamptonshire,JA Leaning,JM Cox,GK Berg,0,0,,,,,,,,,,,,,
1244215,2021,2021-04-08,"County Ground, Northampton",1,49.5,49.5,Kent,Northamptonshire,JA Leaning,JM Cox,GK Berg,0,0,,,,,,,,,,,,,
1244215,2021,2021-04-08,"County Ground, Northampton",1,49.6,49.6,Kent,Northamptonshire,JA Leaning,JM Cox,GK Berg,0,0,,,,,,,,,,,,,
1244215,2021,2021-04-08,"County Ground, Northampton",1,50.1,50.1,Kent,Northamptonshire,JM Cox,JA Leaning,NL Buck,0,0,,,,,,,,,,,,,
1244215,2021,2021-04-08,"County Ground, Northampton",1,50.2,50.2,Kent,Northamptonshire,JM Cox,JA Leaning,NL Buck,0,0,,,,,,,,,,,,,
1244215,2021,2021-04-08,"County Ground, Northampton",1,50.3,50.3,Kent,Northamptonshire,JM Cox,JA Leaning,NL Buck,0,0,,,,,,,,,,,,,
1244215,2021,2021-04-08,"County Ground, Northampton",1,50.4,50.4,Kent,Northamptonshire,JM Cox,JA Leaning,NL Buck,0,0,,,,,,,caught,JM Cox,,,EN Gay,,
1244215,2021,2021-04-08,"County Ground, Northampton",1,50.5,50.5,Kent,Northamptonshire,OG Robinson,JA Leaning,NL Buck,1,0,,,,,,,,,,,,,
1244215,2021,2021-04-08,"County Ground, Northampton",1,50.6,50.6,Kent,Northamptonshire,JA Leaning,OG Robinson,NL Buck,0,0,,,,,,,,,,,,,
1244215,2021,2021-04-08,"County Ground, Northampton",1,51.1,51.1,Kent,Northamptonshire,OG Robinson,JA Leaning,TAI Taylor,2,0,,,,,,,,,,,,,
1244215,2021,2021-04-08,"County Ground, Northampton",1,51.2,51.2,Kent,Northamptonshire,OG Robinson,JA Leaning,TAI Taylor,0,0,,,,,,,,,,,,,
1244215,2021,2021-04-08,"County Ground, Northampton",1,51.3,51.3,Kent,Northamptonshire,OG Robinson,JA Leaning,TAI Taylor,0,0,,,,,,,,,,,,,
1244215,2021,2021-04-08,"County Ground, Northampton",1,51.4,51.4,Kent,Northamptonshire,OG Robinson,JA Leaning,TAI Taylor,0,0,,,,,,,,,,,,,
1244215,2021,2021-04-08,"County Ground, Northampton",1,51.5,51.5,Kent,Northamptonshire,OG Robinson,JA Leaning,TAI Taylor,0,0,,,,,,,,,,,,,
1244215,2021,2021-04-08,"County Ground, Northampton",1,51.6,51.6,Kent,Northamptonshire,OG Robinson,JA Leaning,TAI Taylor,0,0,,,,,,,,,,,,,
1244215,2021,2021-04-08,"County Ground, Northampton",1,52.1,52.1,Kent,Northamptonshire,JA Leaning,OG Robinson,NL Buck,0,0,,,,,,,,,,,,,
1244215,2021,2021-04-08,"County Ground, Northampton",1,52.2,52.2,Kent,Northamptonshire,JA Leaning,OG Robinson,NL Buck,0,0,,,,,,,,,,,,,
1244215,2021,2021-04-08,"County Ground, Northampton",1,52.3,52.3,Kent,Northamptonshire,JA Leaning,OG Robinson,NL Buck,0,0,,,,,,,,,,,,,
1244215,2021,2021-04-08,"County Ground, Northampton",1,52.4,52.4,Kent,Northamptonshire,JA Leaning,OG Robinson,NL Buck,0,0,,,,,,,,,,,,,
1244215,2021,2021-04-08,"County Ground, Northampton",1,52.5,52.5,Kent,Northamptonshire,JA Leaning,OG Robinson,NL Buck,1,0,,,,,,,,,,,,,
1244215,2021,2021-04-08,"County Ground, Northampton",1,52.6,52.6,Kent,Northamptonshire,OG Robinson,JA Leaning,NL Buck,0,0,,,,,,,,,,,,,
1244215,2021,2021-04-08,"County Ground, Northampton",1,53.1,53.1,Kent,Northamptonshire,JA Leaning,OG Robinson,TAI Taylor,0,0,,,,,,,,,,,,,
1244215,2021,2021-04-08,"County Ground, Northampton",1,53.2,53.2,Kent,Northamptonshire,JA Leaning,OG Robinson,TAI Taylor,0,0,,,,,,,,,,,,,
1244215,2021,2021-04-08,"County Ground, Northampton",1,53.3,53.3,Kent,Northamptonshire,JA Leaning,OG Robinson,TAI Taylor,0,0,,,,,,,,,,,,,
1244215,2021,2021-04-08,"County Ground, Northampton",1,53.4,53.4,Kent,Northamptonshire,JA Leaning,OG Robinson,TAI Taylor,0,0,,,,,,,,,,,,,
1244215,2021,2021-04-08,"County Ground, Northampton",1,53.5,53.5,Kent,Northamptonshire,JA Leaning,OG Robinson,TAI Taylor,0,0,,,,,,,,,,,,,
1244215,2021,2021-04-08,"County Ground, Northampton",1,53.6,53.6,Kent,Northamptonshire,JA Leaning,OG Robinson,TAI Taylor,0,0,,,,,,,,,,,,,
1244215,2021,2021-04-08,"County Ground, Northampton",1,54.1,54.1,Kent,Northamptonshire,OG Robinson,JA Leaning,NL Buck,1,0,,,,,,,,,,,,,
1244215,2021,2021-04-08,"County Ground, Northampton",1,54.2,54.2,Kent,Northamptonshire,JA Leaning,OG Robinson,NL Buck,4,0,,,,,,,,,,,,,
1244215,2021,2021-04-08,"County Ground, Northampton",1,54.3,54.3,Kent,Northamptonshire,JA Leaning,OG Robinson,NL Buck,0,0,,,,,,,,,,,,,
1244215,2021,2021-04-08,"County Ground, Northampton",1,54.4,54.4,Kent,Northamptonshire,JA Leaning,OG Robinson,NL Buck,0,0,,,,,,,,,,,,,
1244215,2021,2021-04-08,"County Ground, Northampton",1,54.5,54.5,Kent,Northamptonshire,JA Leaning,OG Robinson,NL Buck,1,0,,,,,,,,,,,,,
1244215,2021,2021-04-08,"County Ground, Northampton",1,54.6,54.6,Kent,Northamptonshire,OG Robinson,JA Leaning,NL Buck,0,0,,,,,,,,,,,,,
1244215,2021,2021-04-08,"County Ground, Northampton",1,55.1,55.1,Kent,Northamptonshire,JA Leaning,OG Robinson,RI Keogh,0,0,,,,,,,,,,,,,
1244215,2021,2021-04-08,"County Ground, Northampton",1,55.2,55.2,Kent,Northamptonshire,JA Leaning,OG Robinson,RI Keogh,0,0,,,,,,,,,,,,,
1244215,2021,2021-04-08,"County Ground, Northampton",1,55.3,55.3,Kent,Northamptonshire,JA Leaning,OG Robinson,RI Keogh,4,0,,,,,,,,,,,,,
1244215,2021,2021-04-08,"County Ground, Northampton",1,55.4,55.4,Kent,Northamptonshire,JA Leaning,OG Robinson,RI Keogh,0,0,,,,,,,,,,,,,
1244215,2021,2021-04-08,"County Ground, Northampton",1,55.5,55.5,Kent,Northamptonshire,JA Leaning,OG Robinson,RI Keogh,1,0,,,,,,,,,,,,,
1244215,2021,2021-04-08,"County Ground, Northampton",1,55.6,55.6,Kent,Northamptonshire,OG Robinson,JA Leaning,RI Keogh,0,0,,,,,,,,,,,,,
1244215,2021,2021-04-08,"County Ground, Northampton",1,56.1,56.1,Kent,Northamptonshire,JA Leaning,OG Robinson,NL Buck,1,0,,,,,,,,,,,,,
1244215,2021,2021-04-08,"County Ground, Northampton",1,56.2,56.2,Kent,Northamptonshire,OG Robinson,JA Leaning,NL Buck,0,0,,,,,,,,,,,,,
1244215,2021,2021-04-08,"County Ground, Northampton",1,56.3,56.3,Kent,Northamptonshire,OG Robinson,JA Leaning,NL Buck,1,0,,,,,,,,,,,,,
1244215,2021,2021-04-08,"County Ground, Northampton",1,56.4,56.4,Kent,Northamptonshire,JA Leaning,OG Robinson,NL Buck,1,0,,,,,,,,,,,,,
1244215,2021,2021-04-08,"County Ground, Northampton",1,56.5,56.5,Kent,Northamptonshire,OG Robinson,JA Leaning,NL Buck,2,0,,,,,,,,,,,,,
1244215,2021,2021-04-08,"County Ground, Northampton",1,56.6,56.6,Kent,Northamptonshire,OG Robinson,JA Leaning,NL Buck,0,0,,,,,,,,,,,,,
1244215,2021,2021-04-08,"County Ground, Northampton",1,57.1,57.1,Kent,Northamptonshire,JA Leaning,OG Robinson,RI Keogh,4,0,,,,,,,,,,,,,
1244215,2021,2021-04-08,"County Ground, Northampton",1,57.2,57.2,Kent,Northamptonshire,JA Leaning,OG Robinson,RI Keogh,0,0,,,,,,,,,,,,,
1244215,2021,2021-04-08,"County Ground, Northampton",1,57.3,57.3,Kent,Northamptonshire,JA Leaning,OG Robinson,RI Keogh,0,0,,,,,,,,,,,,,
1244215,2021,2021-04-08,"County Ground, Northampton",1,57.4,57.4,Kent,Northamptonshire,JA Leaning,OG Robinson,RI Keogh,0,0,,,,,,,,,,,,,
1244215,2021,2021-04-08,"County Ground, Northampton",1,57.5,57.5,Kent,Northamptonshire,JA Leaning,OG Robinson,RI Keogh,0,0,,,,,,,,,,,,,
1244215,2021,2021-04-08,"County Ground, Northampton",1,57.6,57.6,Kent,Northamptonshire,JA Leaning,OG Robinson,RI Keogh,4,0,,,,,,,,,,,,,
1244215,2021,2021-04-08,"County Ground, Northampton",1,58.1,58.1,Kent,Northamptonshire,OG Robinson,JA Leaning,NL Buck,0,0,,,,,,,,,,,,,
1244215,2021,2021-04-08,"County Ground, Northampton",1,58.2,58.2,Kent,Northamptonshire,OG Robinson,JA Leaning,NL Buck,0,0,,,,,,,,,,,,,
1244215,2021,2021-04-08,"County Ground, Northampton",1,58.3,58.3,Kent,Northamptonshire,OG Robinson,JA Leaning,NL Buck,2,0,,,,,,,,,,,,,
1244215,2021,2021-04-08,"County Ground, Northampton",1,58.4,58.4,Kent,Northamptonshire,OG Robinson,JA Leaning,NL Buck,1,0,,,,,,,,,,,,,
1244215,2021,2021-04-08,"County Ground, Northampton",1,58.5,58.5,Kent,Northamptonshire,JA Leaning,OG Robinson,NL Buck,0,0,,,,,,,,,,,,,
1244215,2021,2021-04-08,"County Ground, Northampton",1,58.6,58.6,Kent,Northamptonshire,JA Leaning,OG Robinson,NL Buck,0,0,,,,,,,,,,,,,
1244215,2021,2021-04-08,"County Ground, Northampton",1,59.1,59.1,Kent,Northamptonshire,OG Robinson,JA Leaning,RI Keogh,0,0,,,,,,,,,,,,,
1244215,2021,2021-04-08,"County Ground, Northampton",1,59.2,59.2,Kent,Northamptonshire,OG Robinson,JA Leaning,RI Keogh,0,0,,,,,,,,,,,,,
1244215,2021,2021-04-08,"County Ground, Northampton",1,59.3,59.3,Kent,Northamptonshire,OG Robinson,JA Leaning,RI Keogh,1,0,,,,,,,,,,,,,
1244215,2021,2021-04-08,"County Ground, Northampton",1,59.4,59.4,Kent,Northamptonshire,JA Leaning,OG Robinson,RI Keogh,0,0,,,,,,,,,,,,,
1244215,2021,2021-04-08,"County Ground, Northampton",1,59.5,59.5,Kent,Northamptonshire,JA Leaning,OG Robinson,RI Keogh,0,0,,,,,,,,,,,,,
1244215,2021,2021-04-08,"County Ground, Northampton",1,59.6,59.6,Kent,Northamptonshire,JA Leaning,OG Robinson,RI Keogh,1,0,,,,,,,,,,,,,
1244215,2021,2021-04-08,"County Ground, Northampton",1,60.1,60.1,Kent,Northamptonshire,JA Leaning,OG Robinson,TAI Taylor,0,0,,,,,,,,,,,,,
1244215,2021,2021-04-08,"County Ground, Northampton",1,60.2,60.2,Kent,Northamptonshire,JA Leaning,OG Robinson,TAI Taylor,0,0,,,,,,,,,,,,,
1244215,2021,2021-04-08,"County Ground, Northampton",1,60.3,60.3,Kent,Northamptonshire,JA Leaning,OG Robinson,TAI Taylor,0,0,,,,,,,,,,,,,
1244215,2021,2021-04-08,"County Ground, Northampton",1,60.4,60.4,Kent,Northamptonshire,JA Leaning,OG Robinson,TAI Taylor,4,0,,,,,,,,,,,,,
1244215,2021,2021-04-08,"County Ground, Northampton",1,60.5,60.5,Kent,Northamptonshire,JA Leaning,OG Robinson,TAI Taylor,0,0,,,,,,,,,,,,,
1244215,2021,2021-04-08,"County Ground, Northampton",1,60.6,60.6,Kent,Northamptonshire,JA Leaning,OG Robinson,TAI Taylor,0,0,,,,,,,,,,,,,
1244215,2021,2021-04-08,"County Ground, Northampton",1,61.1,61.1,Kent,Northamptonshire,OG Robinson,JA Leaning,RI Keogh,0,0,,,,,,,,,,,,,
1244215,2021,2021-04-08,"County Ground, Northampton",1,61.2,61.2,Kent,Northamptonshire,OG Robinson,JA Leaning,RI Keogh,0,0,,,,,,,,,,,,,
1244215,2021,2021-04-08,"County Ground, Northampton",1,61.3,61.3,Kent,Northamptonshire,OG Robinson,JA Leaning,RI Keogh,4,0,,,,,,,,,,,,,
1244215,2021,2021-04-08,"County Ground, Northampton",1,61.4,61.4,Kent,Northamptonshire,OG Robinson,JA Leaning,RI Keogh,0,0,,,,,,,,,,,,,
1244215,2021,2021-04-08,"County Ground, Northampton",1,61.5,61.5,Kent,Northamptonshire,OG Robinson,JA Leaning,RI Keogh,0,0,,,,,,,,,,,,,
1244215,2021,2021-04-08,"County Ground, Northampton",1,61.6,61.6,Kent,Northamptonshire,OG Robinson,JA Leaning,RI Keogh,0,0,,,,,,,,,,,,,
1244215,2021,2021-04-08,"County Ground, Northampton",1,62.1,62.1,Kent,Northamptonshire,JA Leaning,OG Robinson,TAI Taylor,0,0,,,,,,,,,,,,,
1244215,2021,2021-04-08,"County Ground, Northampton",1,62.2,62.2,Kent,Northamptonshire,JA Leaning,OG Robinson,TAI Taylor,1,0,,,,,,,,,,,,,
1244215,2021,2021-04-08,"County Ground, Northampton",1,62.3,62.3,Kent,Northamptonshire,OG Robinson,JA Leaning,TAI Taylor,0,0,,,,,,,,,,,,,
1244215,2021,2021-04-08,"County Ground, Northampton",1,62.4,62.4,Kent,Northamptonshire,OG Robinson,JA Leaning,TAI Taylor,4,0,,,,,,,,,,,,,
1244215,2021,2021-04-08,"County Ground, Northampton",1,62.5,62.5,Kent,Northamptonshire,OG Robinson,JA Leaning,TAI Taylor,4,0,,,,,,,,,,,,,
1244215,2021,2021-04-08,"County Ground, Northampton",1,62.6,62.6,Kent,Northamptonshire,OG Robinson,JA Leaning,TAI Taylor,0,0,,,,,,,,,,,,,
1244215,2021,2021-04-08,"County Ground, Northampton",1,63.1,63.1,Kent,Northamptonshire,JA Leaning,OG Robinson,RI Keogh,1,0,,,,,,,,,,,,,
1244215,2021,2021-04-08,"County Ground, Northampton",1,63.2,63.2,Kent,Northamptonshire,OG Robinson,JA Leaning,RI Keogh,0,0,,,,,,,,,,,,,
1244215,2021,2021-04-08,"County Ground, Northampton",1,63.3,63.3,Kent,Northamptonshire,OG Robinson,JA Leaning,RI Keogh,1,0,,,,,,,,,,,,,
1244215,2021,2021-04-08,"County Ground, Northampton",1,63.4,63.4,Kent,Northamptonshire,JA Leaning,OG Robinson,RI Keogh,0,0,,,,,,,,,,,,,
1244215,2021,2021-04-08,"County Ground, Northampton",1,63.5,63.5,Kent,Northamptonshire,JA Leaning,OG Robinson,RI Keogh,0,0,,,,,,,,,,,,,
1244215,2021,2021-04-08,"County Ground, Northampton",1,63.6,63.6,Kent,Northamptonshire,JA Leaning,OG Robinson,RI Keogh,0,0,,,,,,,,,,,,,
1244215,2021,2021-04-08,"County Ground, Northampton",1,64.1,64.1,Kent,Northamptonshire,OG Robinson,JA Leaning,TAI Taylor,0,0,,,,,,,,,,,,,
1244215,2021,2021-04-08,"County Ground, Northampton",1,64.2,64.2,Kent,Northamptonshire,OG Robinson,JA Leaning,TAI Taylor,0,0,,,,,,,,,,,,,
1244215,2021,2021-04-08,"County Ground, Northampton",1,64.3,64.3,Kent,Northamptonshire,OG Robinson,JA Leaning,TAI Taylor,0,0,,,,,,,,,,,,,
1244215,2021,2021-04-08,"County Ground, Northampton",1,64.4,64.4,Kent,Northamptonshire,OG Robinson,JA Leaning,TAI Taylor,0,0,,,,,,,,,,,,,
1244215,2021,2021-04-08,"County Ground, Northampton",1,64.5,64.5,Kent,Northamptonshire,OG Robinson,JA Leaning,TAI Taylor,0,0,,,,,,,,,,,,,
1244215,2021,2021-04-08,"County Ground, Northampton",1,64.6,64.6,Kent,Northamptonshire,OG Robinson,JA Leaning,TAI Taylor,0,0,,,,,,,,,,,,,
1244215,2021,2021-04-08,"County Ground, Northampton",1,65.1,65.1,Kent,Northamptonshire,JA Leaning,OG Robinson,RI Keogh,1,0,,,,,,,,,,,,,
1244215,2021,2021-04-08,"County Ground, Northampton",1,65.2,65.2,Kent,Northamptonshire,OG Robinson,JA Leaning,RI Keogh,0,0,,,,,,,,,,,,,
1244215,2021,2021-04-08,"County Ground, Northampton",1,65.3,65.3,Kent,Northamptonshire,OG Robinson,JA Leaning,RI Keogh,0,0,,,,,,,,,,,,,
1244215,2021,2021-04-08,"County Ground, Northampton",1,65.4,65.4,Kent,Northamptonshire,OG Robinson,JA Leaning,RI Keogh,0,0,,,,,,,,,,,,,
1244215,2021,2021-04-08,"County Ground, Northampton",1,65.5,65.5,Kent,Northamptonshire,OG Robinson,JA Leaning,RI Keogh,0,0,,,,,,,,,,,,,
1244215,2021,2021-04-08,"County Ground, Northampton",1,65.6,65.6,Kent,Northamptonshire,OG Robinson,JA Leaning,RI Keogh,4,0,,,,,,,,,,,,,
1244215,2021,2021-04-08,"County Ground, Northampton",1,66.1,66.1,Kent,Northamptonshire,JA Leaning,OG Robinson,TAI Taylor,0,0,,,,,,,,,,,,,
1244215,2021,2021-04-08,"County Ground, Northampton",1,66.2,66.2,Kent,Northamptonshire,JA Leaning,OG Robinson,TAI Taylor,0,0,,,,,,,,,,,,,
1244215,2021,2021-04-08,"County Ground, Northampton",1,66.3,66.3,Kent,Northamptonshire,JA Leaning,OG Robinson,TAI Taylor,1,0,,,,,,,,,,,,,
1244215,2021,2021-04-08,"County Ground, Northampton",1,66.4,66.4,Kent,Northamptonshire,OG Robinson,JA Leaning,TAI Taylor,0,0,,,,,,,,,,,,,
1244215,2021,2021-04-08,"County Ground, Northampton",1,66.5,66.5,Kent,Northamptonshire,OG Robinson,JA Leaning,TAI Taylor,4,0,,,,,,,,,,,,,
1244215,2021,2021-04-08,"County Ground, Northampton",1,66.6,66.6,Kent,Northamptonshire,OG Robinson,JA Leaning,TAI Taylor,1,0,,,,,,,,,,,,,
1244215,2021,2021-04-08,"County Ground, Northampton",1,67.1,67.1,Kent,Northamptonshire,OG Robinson,JA Leaning,RI Keogh,1,0,,,,,,,,,,,,,
1244215,2021,2021-04-08,"County Ground, Northampton",1,67.2,67.2,Kent,Northamptonshire,JA Leaning,OG Robinson,RI Keogh,0,0,,,,,,,,,,,,,
1244215,2021,2021-04-08,"County Ground, Northampton",1,67.3,67.3,Kent,Northamptonshire,JA Leaning,OG Robinson,RI Keogh,1,0,,,,,,,,,,,,,
1244215,2021,2021-04-08,"County Ground, Northampton",1,67.4,67.4,Kent,Northamptonshire,OG Robinson,JA Leaning,RI Keogh,0,4,,,,4,,,,,,,,,
1244215,2021,2021-04-08,"County Ground, Northampton",1,67.5,67.5,Kent,Northamptonshire,OG Robinson,JA Leaning,RI Keogh,0,0,,,,,,,,,,,,,
1244215,2021,2021-04-08,"County Ground, Northampton",1,67.6,67.6,Kent,Northamptonshire,OG Robinson,JA Leaning,RI Keogh,1,0,,,,,,,,,,,,,
1244215,2021,2021-04-08,"County Ground, Northampton",1,68.1,68.1,Kent,Northamptonshire,OG Robinson,JA Leaning,TAI Taylor,1,0,,,,,,,,,,,,,
1244215,2021,2021-04-08,"County Ground, Northampton",1,68.2,68.2,Kent,Northamptonshire,JA Leaning,OG Robinson,TAI Taylor,0,0,,,,,,,,,,,,,
1244215,2021,2021-04-08,"County Ground, Northampton",1,68.3,68.3,Kent,Northamptonshire,JA Leaning,OG Robinson,TAI Taylor,0,0,,,,,,,,,,,,,
1244215,2021,2021-04-08,"County Ground, Northampton",1,68.4,68.4,Kent,Northamptonshire,JA Leaning,OG Robinson,TAI Taylor,2,0,,,,,,,,,,,,,
1244215,2021,2021-04-08,"County Ground, Northampton",1,68.5,68.5,Kent,Northamptonshire,JA Leaning,OG Robinson,TAI Taylor,2,0,,,,,,,,,,,,,
1244215,2021,2021-04-08,"County Ground, Northampton",1,68.6,68.6,Kent,Northamptonshire,JA Leaning,OG Robinson,TAI Taylor,1,0,,,,,,,,,,,,,
1244215,2021,2021-04-08,"County Ground, Northampton",1,69.1,69.1,Kent,Northamptonshire,JA Leaning,OG Robinson,RI Keogh,1,0,,,,,,,,,,,,,
1244215,2021,2021-04-08,"County Ground, Northampton",1,69.2,69.2,Kent,Northamptonshire,OG Robinson,JA Leaning,RI Keogh,0,0,,,,,,,,,,,,,
1244215,2021,2021-04-08,"County Ground, Northampton",1,69.3,69.3,Kent,Northamptonshire,OG Robinson,JA Leaning,RI Keogh,0,0,,,,,,,,,,,,,
1244215,2021,2021-04-08,"County Ground, Northampton",1,69.4,69.4,Kent,Northamptonshire,OG Robinson,JA Leaning,RI Keogh,0,0,,,,,,,,,,,,,
1244215,2021,2021-04-08,"County Ground, Northampton",1,69.5,69.5,Kent,Northamptonshire,OG Robinson,JA Leaning,RI Keogh,0,0,,,,,,,,,,,,,
1244215,2021,2021-04-08,"County Ground, Northampton",1,69.6,69.6,Kent,Northamptonshire,OG Robinson,JA Leaning,RI Keogh,4,0,,,,,,,,,,,,,
1244215,2021,2021-04-08,"County Ground, Northampton",1,70.1,70.1,Kent,Northamptonshire,JA Leaning,OG Robinson,GK Berg,0,0,,,,,,,,,,,,,
1244215,2021,2021-04-08,"County Ground, Northampton",1,70.2,70.2,Kent,Northamptonshire,JA Leaning,OG Robinson,GK Berg,0,0,,,,,,,,,,,,,
1244215,2021,2021-04-08,"County Ground, Northampton",1,70.3,70.3,Kent,Northamptonshire,JA Leaning,OG Robinson,GK Berg,0,0,,,,,,,,,,,,,
1244215,2021,2021-04-08,"County Ground, Northampton",1,70.4,70.4,Kent,Northamptonshire,JA Leaning,OG Robinson,GK Berg,0,0,,,,,,,,,,,,,
1244215,2021,2021-04-08,"County Ground, Northampton",1,70.5,70.5,Kent,Northamptonshire,JA Leaning,OG Robinson,GK Berg,0,0,,,,,,,,,,,,,
1244215,2021,2021-04-08,"County Ground, Northampton",1,70.6,70.6,Kent,Northamptonshire,JA Leaning,OG Robinson,GK Berg,0,0,,,,,,,,,,,,,
1244215,2021,2021-04-08,"County Ground, Northampton",1,71.1,71.1,Kent,Northamptonshire,OG Robinson,JA Leaning,RI Keogh,1,0,,,,,,,,,,,,,
1244215,2021,2021-04-08,"County Ground, Northampton",1,71.2,71.2,Kent,Northamptonshire,JA Leaning,OG Robinson,RI Keogh,0,0,,,,,,,,,,,,,
1244215,2021,2021-04-08,"County Ground, Northampton",1,71.3,71.3,Kent,Northamptonshire,JA Leaning,OG Robinson,RI Keogh,1,0,,,,,,,,,,,,,
1244215,2021,2021-04-08,"County Ground, Northampton",1,71.4,71.4,Kent,Northamptonshire,OG Robinson,JA Leaning,RI Keogh,4,0,,,,,,,,,,,,,
1244215,2021,2021-04-08,"County Ground, Northampton",1,71.5,71.5,Kent,Northamptonshire,OG Robinson,JA Leaning,RI Keogh,0,0,,,,,,,,,,,,,
1244215,2021,2021-04-08,"County Ground, Northampton",1,71.6,71.6,Kent,Northamptonshire,OG Robinson,JA Leaning,RI Keogh,1,0,,,,,,,,,,,,,
1244215,2021,2021-04-08,"County Ground, Northampton",1,72.1,72.1,Kent,Northamptonshire,OG Robinson,JA Leaning,GK Berg,0,0,,,,,,,,,,,,,
1244215,2021,2021-04-08,"County Ground, Northampton",1,72.2,72.2,Kent,Northamptonshire,OG Robinson,JA Leaning,GK Berg,0,0,,,,,,,,,,,,,
1244215,2021,2021-04-08,"County Ground, Northampton",1,72.3,72.3,Kent,Northamptonshire,OG Robinson,JA Leaning,GK Berg,0,0,,,,,,,,,,,,,
1244215,2021,2021-04-08,"County Ground, Northampton",1,72.4,72.4,Kent,Northamptonshire,OG Robinson,JA Leaning,GK Berg,0,0,,,,,,,,,,,,,
1244215,2021,2021-04-08,"County Ground, Northampton",1,72.5,72.5,Kent,Northamptonshire,OG Robinson,JA Leaning,GK Berg,0,0,,,,,,,,,,,,,
1244215,2021,2021-04-08,"County Ground, Northampton",1,72.6,72.6,Kent,Northamptonshire,OG Robinson,JA Leaning,GK Berg,0,0,,,,,,,,,,,,,
1244215,2021,2021-04-08,"County Ground, Northampton",1,73.1,73.1,Kent,Northamptonshire,JA Leaning,OG Robinson,RI Keogh,2,0,,,,,,,,,,,,,
1244215,2021,2021-04-08,"County Ground, Northampton",1,73.2,73.2,Kent,Northamptonshire,JA Leaning,OG Robinson,RI Keogh,0,0,,,,,,,,,,,,,
1244215,2021,2021-04-08,"County Ground, Northampton",1,73.3,73.3,Kent,Northamptonshire,JA Leaning,OG Robinson,RI Keogh,1,0,,,,,,,,,,,,,
1244215,2021,2021-04-08,"County Ground, Northampton",1,73.4,73.4,Kent,Northamptonshire,OG Robinson,JA Leaning,RI Keogh,1,0,,,,,,,,,,,,,
1244215,2021,2021-04-08,"County Ground, Northampton",1,73.5,73.5,Kent,Northamptonshire,JA Leaning,OG Robinson,RI Keogh,4,0,,,,,,,,,,,,,
1244215,2021,2021-04-08,"County Ground, Northampton",1,73.6,73.6,Kent,Northamptonshire,JA Leaning,OG Robinson,RI Keogh,0,0,,,,,,,,,,,,,
1244215,2021,2021-04-08,"County Ground, Northampton",1,74.1,74.1,Kent,Northamptonshire,OG Robinson,JA Leaning,GK Berg,0,0,,,,,,,,,,,,,
1244215,2021,2021-04-08,"County Ground, Northampton",1,74.2,74.2,Kent,Northamptonshire,OG Robinson,JA Leaning,GK Berg,0,0,,,,,,,,,,,,,
1244215,2021,2021-04-08,"County Ground, Northampton",1,74.3,74.3,Kent,Northamptonshire,OG Robinson,JA Leaning,GK Berg,0,0,,,,,,,,,,,,,
1244215,2021,2021-04-08,"County Ground, Northampton",1,74.4,74.4,Kent,Northamptonshire,OG Robinson,JA Leaning,GK Berg,1,0,,,,,,,,,,,,,
1244215,2021,2021-04-08,"County Ground, Northampton",1,74.5,74.5,Kent,Northamptonshire,JA Leaning,OG Robinson,GK Berg,0,0,,,,,,,,,,,,,
1244215,2021,2021-04-08,"County Ground, Northampton",1,74.6,74.6,Kent,Northamptonshire,JA Leaning,OG Robinson,GK Berg,0,0,,,,,,,,,,,,,
1244215,2021,2021-04-08,"County Ground, Northampton",1,75.1,75.1,Kent,Northamptonshire,OG Robinson,JA Leaning,EN Gay,0,0,,,,,,,,,,,,,
1244215,2021,2021-04-08,"County Ground, Northampton",1,75.2,75.2,Kent,Northamptonshire,OG Robinson,JA Leaning,EN Gay,1,0,,,,,,,,,,,,,
1244215,2021,2021-04-08,"County Ground, Northampton",1,75.3,75.3,Kent,Northamptonshire,JA Leaning,OG Robinson,EN Gay,0,0,,,,,,,caught,JA Leaning,,,AM Rossington,,
1244215,2021,2021-04-08,"County Ground, Northampton",1,75.4,75.4,Kent,Northamptonshire,DI Stevens,OG Robinson,EN Gay,0,0,,,,,,,,,,,,,
1244215,2021,2021-04-08,"County Ground, Northampton",1,75.5,75.5,Kent,Northamptonshire,DI Stevens,OG Robinson,EN Gay,1,0,,,,,,,,,,,,,
1244215,2021,2021-04-08,"County Ground, Northampton",1,75.6,75.6,Kent,Northamptonshire,OG Robinson,DI Stevens,EN Gay,0,0,,,,,,,,,,,,,
1244215,2021,2021-04-08,"County Ground, Northampton",1,76.1,76.1,Kent,Northamptonshire,DI Stevens,OG Robinson,GK Berg,0,0,,,,,,,,,,,,,
1244215,2021,2021-04-08,"County Ground, Northampton",1,76.2,76.2,Kent,Northamptonshire,DI Stevens,OG Robinson,GK Berg,0,0,,,,,,,,,,,,,
1244215,2021,2021-04-08,"County Ground, Northampton",1,76.3,76.3,Kent,Northamptonshire,DI Stevens,OG Robinson,GK Berg,0,0,,,,,,,,,,,,,
1244215,2021,2021-04-08,"County Ground, Northampton",1,76.4,76.4,Kent,Northamptonshire,DI Stevens,OG Robinson,GK Berg,0,4,,,,4,,,,,,,,,
1244215,2021,2021-04-08,"County Ground, Northampton",1,76.5,76.5,Kent,Northamptonshire,DI Stevens,OG Robinson,GK Berg,0,0,,,,,,,,,,,,,
1244215,2021,2021-04-08,"County Ground, Northampton",1,76.6,76.6,Kent,Northamptonshire,DI Stevens,OG Robinson,GK Berg,0,0,,,,,,,,,,,,,
1244215,2021,2021-04-08,"County Ground, Northampton",1,77.1,77.1,Kent,Northamptonshire,OG Robinson,DI Stevens,EN Gay,0,0,,,,,,,,,,,,,
1244215,2021,2021-04-08,"County Ground, Northampton",1,77.2,77.2,Kent,Northamptonshire,OG Robinson,DI Stevens,EN Gay,1,0,,,,,,,,,,,,,
1244215,2021,2021-04-08,"County Ground, Northampton",1,77.3,77.3,Kent,Northamptonshire,DI Stevens,OG Robinson,EN Gay,0,0,,,,,,,,,,,,,
1244215,2021,2021-04-08,"County Ground, Northampton",1,77.4,77.4,Kent,Northamptonshire,DI Stevens,OG Robinson,EN Gay,0,0,,,,,,,,,,,,,
1244215,2021,2021-04-08,"County Ground, Northampton",1,77.5,77.5,Kent,Northamptonshire,DI Stevens,OG Robinson,EN Gay,1,0,,,,,,,,,,,,,
1244215,2021,2021-04-08,"County Ground, Northampton",1,77.6,77.6,Kent,Northamptonshire,OG Robinson,DI Stevens,EN Gay,1,0,,,,,,,,,,,,,
1244215,2021,2021-04-08,"County Ground, Northampton",1,78.1,78.1,Kent,Northamptonshire,OG Robinson,DI Stevens,GK Berg,1,0,,,,,,,,,,,,,
1244215,2021,2021-04-08,"County Ground, Northampton",1,78.2,78.2,Kent,Northamptonshire,DI Stevens,OG Robinson,GK Berg,4,0,,,,,,,,,,,,,
1244215,2021,2021-04-08,"County Ground, Northampton",1,78.3,78.3,Kent,Northamptonshire,DI Stevens,OG Robinson,GK Berg,0,0,,,,,,,,,,,,,
1244215,2021,2021-04-08,"County Ground, Northampton",1,78.4,78.4,Kent,Northamptonshire,DI Stevens,OG Robinson,GK Berg,0,0,,,,,,,,,,,,,
1244215,2021,2021-04-08,"County Ground, Northampton",1,78.5,78.5,Kent,Northamptonshire,DI Stevens,OG Robinson,GK Berg,0,0,,,,,,,,,,,,,
1244215,2021,2021-04-08,"County Ground, Northampton",1,78.6,78.6,Kent,Northamptonshire,DI Stevens,OG Robinson,GK Berg,0,0,,,,,,,,,,,,,
1244215,2021,2021-04-08,"County Ground, Northampton",1,79.1,79.1,Kent,Northamptonshire,OG Robinson,DI Stevens,EN Gay,0,0,,,,,,,,,,,,,
1244215,2021,2021-04-08,"County Ground, Northampton",1,79.2,79.2,Kent,Northamptonshire,OG Robinson,DI Stevens,EN Gay,0,0,,,,,,,,,,,,,
1244215,2021,2021-04-08,"County Ground, Northampton",1,79.3,79.3,Kent,Northamptonshire,OG Robinson,DI Stevens,EN Gay,2,0,,,,,,,,,,,,,
1244215,2021,2021-04-08,"County Ground, Northampton",1,79.4,79.4,Kent,Northamptonshire,OG Robinson,DI Stevens,EN Gay,0,0,,,,,,,,,,,,,
1244215,2021,2021-04-08,"County Ground, Northampton",1,79.5,79.5,Kent,Northamptonshire,OG Robinson,DI Stevens,EN Gay,0,0,,,,,,,,,,,,,
1244215,2021,2021-04-08,"County Ground, Northampton",1,79.6,79.6,Kent,Northamptonshire,OG Robinson,DI Stevens,EN Gay,1,0,,,,,,,,,,,,,
1244215,2021,2021-04-08,"County Ground, Northampton",1,80.1,80.1,Kent,Northamptonshire,OG Robinson,DI Stevens,BW Sanderson,4,0,,,,,,,,,,,,,
1244215,2021,2021-04-08,"County Ground, Northampton",1,80.2,80.2,Kent,Northamptonshire,OG Robinson,DI Stevens,BW Sanderson,0,0,,,,,,,,,,,,,
1244215,2021,2021-04-08,"County Ground, Northampton",1,80.3,80.3,Kent,Northamptonshire,OG Robinson,DI Stevens,BW Sanderson,0,0,,,,,,,,,,,,,
1244215,2021,2021-04-08,"County Ground, Northampton",1,80.4,80.4,Kent,Northamptonshire,OG Robinson,DI Stevens,BW Sanderson,0,0,,,,,,,,,,,,,
1244215,2021,2021-04-08,"County Ground, Northampton",1,80.5,80.5,Kent,Northamptonshire,OG Robinson,DI Stevens,BW Sanderson,0,0,,,,,,,,,,,,,
1244215,2021,2021-04-08,"County Ground, Northampton",1,80.6,80.6,Kent,Northamptonshire,OG Robinson,DI Stevens,BW Sanderson,0,0,,,,,,,,,,,,,
1244215,2021,2021-04-08,"County Ground, Northampton",1,81.1,81.1,Kent,Northamptonshire,DI Stevens,OG Robinson,TAI Taylor,0,0,,,,,,,,,,,,,
1244215,2021,2021-04-08,"County Ground, Northampton",1,81.2,81.2,Kent,Northamptonshire,DI Stevens,OG Robinson,TAI Taylor,0,0,,,,,,,,,,,,,
1244215,2021,2021-04-08,"County Ground, Northampton",1,81.3,81.3,Kent,Northamptonshire,DI Stevens,OG Robinson,TAI Taylor,0,0,,,,,,,,,,,,,
1244215,2021,2021-04-08,"County Ground, Northampton",1,81.4,81.4,Kent,Northamptonshire,DI Stevens,OG Robinson,TAI Taylor,0,0,,,,,,,,,,,,,
1244215,2021,2021-04-08,"County Ground, Northampton",1,81.5,81.5,Kent,Northamptonshire,DI Stevens,OG Robinson,TAI Taylor,0,0,,,,,,,,,,,,,
1244215,2021,2021-04-08,"County Ground, Northampton",1,81.6,81.6,Kent,Northamptonshire,DI Stevens,OG Robinson,TAI Taylor,0,0,,,,,,,,,,,,,
1244215,2021,2021-04-08,"County Ground, Northampton",1,82.1,82.1,Kent,Northamptonshire,OG Robinson,DI Stevens,BW Sanderson,1,0,,,,,,,,,,,,,
1244215,2021,2021-04-08,"County Ground, Northampton",1,82.2,82.2,Kent,Northamptonshire,DI Stevens,OG Robinson,BW Sanderson,1,0,,,,,,,,,,,,,
1244215,2021,2021-04-08,"County Ground, Northampton",1,82.3,82.3,Kent,Northamptonshire,OG Robinson,DI Stevens,BW Sanderson,0,0,,,,,,,,,,,,,
1244215,2021,2021-04-08,"County Ground, Northampton",1,82.4,82.4,Kent,Northamptonshire,OG Robinson,DI Stevens,BW Sanderson,0,0,,,,,,,,,,,,,
1244215,2021,2021-04-08,"County Ground, Northampton",1,82.5,82.5,Kent,Northamptonshire,OG Robinson,DI Stevens,BW Sanderson,2,0,,,,,,,,,,,,,
1244215,2021,2021-04-08,"County Ground, Northampton",1,82.6,82.6,Kent,Northamptonshire,OG Robinson,DI Stevens,BW Sanderson,1,0,,,,,,,,,,,,,
1244215,2021,2021-04-08,"County Ground, Northampton",1,83.1,83.1,Kent,Northamptonshire,OG Robinson,DI Stevens,TAI Taylor,0,0,,,,,,,,,,,,,
1244215,2021,2021-04-08,"County Ground, Northampton",1,83.2,83.2,Kent,Northamptonshire,OG Robinson,DI Stevens,TAI Taylor,0,0,,,,,,,,,,,,,
1244215,2021,2021-04-08,"County Ground, Northampton",1,83.3,83.3,Kent,Northamptonshire,OG Robinson,DI Stevens,TAI Taylor,0,0,,,,,,,,,,,,,
1244215,2021,2021-04-08,"County Ground, Northampton",1,83.4,83.4,Kent,Northamptonshire,OG Robinson,DI Stevens,TAI Taylor,0,0,,,,,,,,,,,,,
1244215,2021,2021-04-08,"County Ground, Northampton",1,83.5,83.5,Kent,Northamptonshire,OG Robinson,DI Stevens,TAI Taylor,0,0,,,,,,,,,,,,,
1244215,2021,2021-04-08,"County Ground, Northampton",1,83.6,83.6,Kent,Northamptonshire,OG Robinson,DI Stevens,TAI Taylor,1,0,,,,,,,,,,,,,
1244215,2021,2021-04-08,"County Ground, Northampton",1,84.1,84.1,Kent,Northamptonshire,OG Robinson,DI Stevens,BW Sanderson,1,0,,,,,,,,,,,,,
1244215,2021,2021-04-08,"County Ground, Northampton",1,84.2,84.2,Kent,Northamptonshire,DI Stevens,OG Robinson,BW Sanderson,0,0,,,,,,,,,,,,,
1244215,2021,2021-04-08,"County Ground, Northampton",1,84.3,84.3,Kent,Northamptonshire,DI Stevens,OG Robinson,BW Sanderson,0,0,,,,,,,,,,,,,
1244215,2021,2021-04-08,"County Ground, Northampton",1,84.4,84.4,Kent,Northamptonshire,DI Stevens,OG Robinson,BW Sanderson,4,0,,,,,,,,,,,,,
1244215,2021,2021-04-08,"County Ground, Northampton",1,84.5,84.5,Kent,Northamptonshire,DI Stevens,OG Robinson,BW Sanderson,0,0,,,,,,,,,,,,,
1244215,2021,2021-04-08,"County Ground, Northampton",1,84.6,84.6,Kent,Northamptonshire,DI Stevens,OG Robinson,BW Sanderson,0,0,,,,,,,,,,,,,
1244215,2021,2021-04-08,"County Ground, Northampton",1,85.1,85.1,Kent,Northamptonshire,OG Robinson,DI Stevens,TAI Taylor,0,0,,,,,,,,,,,,,
1244215,2021,2021-04-08,"County Ground, Northampton",1,85.2,85.2,Kent,Northamptonshire,OG Robinson,DI Stevens,TAI Taylor,1,0,,,,,,,,,,,,,
1244215,2021,2021-04-08,"County Ground, Northampton",1,85.3,85.3,Kent,Northamptonshire,DI Stevens,OG Robinson,TAI Taylor,0,0,,,,,,,,,,,,,
1244215,2021,2021-04-08,"County Ground, Northampton",1,85.4,85.4,Kent,Northamptonshire,DI Stevens,OG Robinson,TAI Taylor,0,0,,,,,,,,,,,,,
1244215,2021,2021-04-08,"County Ground, Northampton",1,85.5,85.5,Kent,Northamptonshire,DI Stevens,OG Robinson,TAI Taylor,4,0,,,,,,,,,,,,,
1244215,2021,2021-04-08,"County Ground, Northampton",1,85.6,85.6,Kent,Northamptonshire,DI Stevens,OG Robinson,TAI Taylor,0,0,,,,,,,,,,,,,
1244215,2021,2021-04-08,"County Ground, Northampton",1,86.1,86.1,Kent,Northamptonshire,OG Robinson,DI Stevens,BW Sanderson,0,0,,,,,,,,,,,,,
1244215,2021,2021-04-08,"County Ground, Northampton",1,86.2,86.2,Kent,Northamptonshire,OG Robinson,DI Stevens,BW Sanderson,4,0,,,,,,,,,,,,,
1244215,2021,2021-04-08,"County Ground, Northampton",1,86.3,86.3,Kent,Northamptonshire,OG Robinson,DI Stevens,BW Sanderson,4,0,,,,,,,,,,,,,
1244215,2021,2021-04-08,"County Ground, Northampton",1,86.4,86.4,Kent,Northamptonshire,OG Robinson,DI Stevens,BW Sanderson,1,0,,,,,,,,,,,,,
1244215,2021,2021-04-08,"County Ground, Northampton",1,86.5,86.5,Kent,Northamptonshire,DI Stevens,OG Robinson,BW Sanderson,6,0,,,,,,,,,,,,,
1244215,2021,2021-04-08,"County Ground, Northampton",1,86.6,86.6,Kent,Northamptonshire,DI Stevens,OG Robinson,BW Sanderson,1,0,,,,,,,,,,,,,
1244215,2021,2021-04-08,"County Ground, Northampton",1,87.1,87.1,Kent,Northamptonshire,DI Stevens,OG Robinson,TAI Taylor,0,0,,,,,,,,,,,,,
1244215,2021,2021-04-08,"County Ground, Northampton",1,87.2,87.2,Kent,Northamptonshire,DI Stevens,OG Robinson,TAI Taylor,1,0,,,,,,,,,,,,,
1244215,2021,2021-04-08,"County Ground, Northampton",1,87.3,87.3,Kent,Northamptonshire,OG Robinson,DI Stevens,TAI Taylor,4,0,,,,,,,,,,,,,
1244215,2021,2021-04-08,"County Ground, Northampton",1,87.4,87.4,Kent,Northamptonshire,OG Robinson,DI Stevens,TAI Taylor,1,0,,,,,,,,,,,,,
1244215,2021,2021-04-08,"County Ground, Northampton",1,87.5,87.5,Kent,Northamptonshire,DI Stevens,OG Robinson,TAI Taylor,0,0,,,,,,,,,,,,,
1244215,2021,2021-04-08,"County Ground, Northampton",1,87.6,87.6,Kent,Northamptonshire,DI Stevens,OG Robinson,TAI Taylor,0,0,,,,,,,,,,,,,
1244215,2021,2021-04-08,"County Ground, Northampton",1,88.1,88.1,Kent,Northamptonshire,OG Robinson,DI Stevens,GK Berg,0,0,,,,,,,,,,,,,
1244215,2021,2021-04-08,"County Ground, Northampton",1,88.2,88.2,Kent,Northamptonshire,OG Robinson,DI Stevens,GK Berg,0,0,,,,,,,,,,,,,
1244215,2021,2021-04-08,"County Ground, Northampton",1,88.3,88.3,Kent,Northamptonshire,OG Robinson,DI Stevens,GK Berg,0,0,,,,,,,,,,,,,
1244215,2021,2021-04-08,"County Ground, Northampton",1,88.4,88.4,Kent,Northamptonshire,OG Robinson,DI Stevens,GK Berg,0,0,,,,,,,,,,,,,
1244215,2021,2021-04-08,"County Ground, Northampton",1,88.5,88.5,Kent,Northamptonshire,OG Robinson,DI Stevens,GK Berg,0,0,,,,,,,,,,,,,
1244215,2021,2021-04-08,"County Ground, Northampton",1,88.6,88.6,Kent,Northamptonshire,OG Robinson,DI Stevens,GK Berg,0,0,,,,,,,,,,,,,
1244215,2021,2021-04-08,"County Ground, Northampton",1,89.1,89.1,Kent,Northamptonshire,DI Stevens,OG Robinson,NL Buck,0,0,,,,,,,,,,,,,
1244215,2021,2021-04-08,"County Ground, Northampton",1,89.2,89.2,Kent,Northamptonshire,DI Stevens,OG Robinson,NL Buck,1,0,,,,,,,,,,,,,
1244215,2021,2021-04-08,"County Ground, Northampton",1,89.3,89.3,Kent,Northamptonshire,OG Robinson,DI Stevens,NL Buck,4,0,,,,,,,,,,,,,
1244215,2021,2021-04-08,"County Ground, Northampton",1,89.4,89.4,Kent,Northamptonshire,OG Robinson,DI Stevens,NL Buck,0,0,,,,,,,,,,,,,
1244215,2021,2021-04-08,"County Ground, Northampton",1,89.5,89.5,Kent,Northamptonshire,OG Robinson,DI Stevens,NL Buck,0,0,,,,,,,,,,,,,
1244215,2021,2021-04-08,"County Ground, Northampton",1,89.6,89.6,Kent,Northamptonshire,OG Robinson,DI Stevens,NL Buck,0,0,,,,,,,,,,,,,
1244215,2021,2021-04-08,"County Ground, Northampton",1,90.1,90.1,Kent,Northamptonshire,DI Stevens,OG Robinson,GK Berg,0,0,,,,,,,,,,,,,
1244215,2021,2021-04-08,"County Ground, Northampton",1,90.2,90.2,Kent,Northamptonshire,DI Stevens,OG Robinson,GK Berg,0,0,,,,,,,,,,,,,
1244215,2021,2021-04-08,"County Ground, Northampton",1,90.3,90.3,Kent,Northamptonshire,DI Stevens,OG Robinson,GK Berg,4,0,,,,,,,,,,,,,
1244215,2021,2021-04-08,"County Ground, Northampton",1,90.4,90.4,Kent,Northamptonshire,DI Stevens,OG Robinson,GK Berg,0,0,,,,,,,,,,,,,
1244215,2021,2021-04-08,"County Ground, Northampton",1,90.5,90.5,Kent,Northamptonshire,DI Stevens,OG Robinson,GK Berg,4,0,,,,,,,,,,,,,
1244215,2021,2021-04-08,"County Ground, Northampton",1,90.6,90.6,Kent,Northamptonshire,DI Stevens,OG Robinson,GK Berg,0,0,,,,,,,,,,,,,
1244215,2021,2021-04-08,"County Ground, Northampton",1,91.1,91.1,Kent,Northamptonshire,OG Robinson,DI Stevens,NL Buck,0,0,,,,,,,caught,OG Robinson,,,CO Thurston,,
1244215,2021,2021-04-08,"County Ground, Northampton",1,91.2,91.2,Kent,Northamptonshire,G Stewart,DI Stevens,NL Buck,0,0,,,,,,,,,,,,,
1244215,2021,2021-04-08,"County Ground, Northampton",1,91.3,91.3,Kent,Northamptonshire,G Stewart,DI Stevens,NL Buck,0,0,,,,,,,,,,,,,
1244215,2021,2021-04-08,"County Ground, Northampton",1,91.4,91.4,Kent,Northamptonshire,G Stewart,DI Stevens,NL Buck,4,0,,,,,,,,,,,,,
1244215,2021,2021-04-08,"County Ground, Northampton",1,91.5,91.5,Kent,Northamptonshire,G Stewart,DI Stevens,NL Buck,0,0,,,,,,,,,,,,,
1244215,2021,2021-04-08,"County Ground, Northampton",1,91.6,91.6,Kent,Northamptonshire,G Stewart,DI Stevens,NL Buck,0,0,,,,,,,,,,,,,
1244215,2021,2021-04-08,"County Ground, Northampton",1,92.1,92.1,Kent,Northamptonshire,DI Stevens,G Stewart,GK Berg,0,0,,,,,,,,,,,,,
1244215,2021,2021-04-08,"County Ground, Northampton",1,92.2,92.2,Kent,Northamptonshire,DI Stevens,G Stewart,GK Berg,1,0,,,,,,,,,,,,,
1244215,2021,2021-04-08,"County Ground, Northampton",1,92.3,92.3,Kent,Northamptonshire,G Stewart,DI Stevens,GK Berg,0,0,,,,,,,,,,,,,
1244215,2021,2021-04-08,"County Ground, Northampton",1,92.4,92.4,Kent,Northamptonshire,G Stewart,DI Stevens,GK Berg,0,0,,,,,,,,,,,,,
1244215,2021,2021-04-08,"County Ground, Northampton",1,92.5,92.5,Kent,Northamptonshire,G Stewart,DI Stevens,GK Berg,0,0,,,,,,,,,,,,,
1244215,2021,2021-04-08,"County Ground, Northampton",1,92.6,92.6,Kent,Northamptonshire,G Stewart,DI Stevens,GK Berg,0,0,,,,,,,,,,,,,
1244215,2021,2021-04-08,"County Ground, Northampton",1,93.1,93.1,Kent,Northamptonshire,DI Stevens,G Stewart,NL Buck,1,0,,,,,,,,,,,,,
1244215,2021,2021-04-08,"County Ground, Northampton",1,93.2,93.2,Kent,Northamptonshire,G Stewart,DI Stevens,NL Buck,1,0,,,,,,,,,,,,,
1244215,2021,2021-04-08,"County Ground, Northampton",1,93.3,93.3,Kent,Northamptonshire,DI Stevens,G Stewart,NL Buck,0,1,,,,1,,,,,,,,,
1244215,2021,2021-04-08,"County Ground, Northampton",1,93.4,93.4,Kent,Northamptonshire,G Stewart,DI Stevens,NL Buck,0,0,,,,,,,bowled,G Stewart,,,,,
1244215,2021,2021-04-08,"County Ground, Northampton",1,93.5,93.5,Kent,Northamptonshire,ME Milnes,DI Stevens,NL Buck,0,0,,,,,,,,,,,,,
1244215,2021,2021-04-08,"County Ground, Northampton",1,93.6,93.6,Kent,Northamptonshire,ME Milnes,DI Stevens,NL Buck,1,0,,,,,,,,,,,,,
1244215,2021,2021-04-08,"County Ground, Northampton",1,94.1,94.1,Kent,Northamptonshire,ME Milnes,DI Stevens,GK Berg,0,0,,,,,,,,,,,,,
1244215,2021,2021-04-08,"County Ground, Northampton",1,94.2,94.2,Kent,Northamptonshire,ME Milnes,DI Stevens,GK Berg,0,0,,,,,,,,,,,,,
1244215,2021,2021-04-08,"County Ground, Northampton",1,94.3,94.3,Kent,Northamptonshire,ME Milnes,DI Stevens,GK Berg,0,0,,,,,,,,,,,,,
1244215,2021,2021-04-08,"County Ground, Northampton",1,94.4,94.4,Kent,Northamptonshire,ME Milnes,DI Stevens,GK Berg,1,0,,,,,,,,,,,,,
1244215,2021,2021-04-08,"County Ground, Northampton",1,94.5,94.5,Kent,Northamptonshire,DI Stevens,ME Milnes,GK Berg,0,0,,,,,,,,,,,,,
1244215,2021,2021-04-08,"County Ground, Northampton",1,94.6,94.6,Kent,Northamptonshire,DI Stevens,ME Milnes,GK Berg,0,0,,,,,,,,,,,,,
1244215,2021,2021-04-08,"County Ground, Northampton",1,95.1,95.1,Kent,Northamptonshire,ME Milnes,DI Stevens,NL Buck,2,0,,,,,,,,,,,,,
1244215,2021,2021-04-08,"County Ground, Northampton",1,95.2,95.2,Kent,Northamptonshire,ME Milnes,DI Stevens,NL Buck,0,0,,,,,,,,,,,,,
1244215,2021,2021-04-08,"County Ground, Northampton",1,95.3,95.3,Kent,Northamptonshire,ME Milnes,DI Stevens,NL Buck,1,0,,,,,,,,,,,,,
1244215,2021,2021-04-08,"County Ground, Northampton",1,95.4,95.4,Kent,Northamptonshire,DI Stevens,ME Milnes,NL Buck,0,0,,,,,,,,,,,,,
1244215,2021,2021-04-08,"County Ground, Northampton",1,95.5,95.5,Kent,Northamptonshire,DI Stevens,ME Milnes,NL Buck,0,0,,,,,,,,,,,,,
1244215,2021,2021-04-08,"County Ground, Northampton",1,95.6,95.6,Kent,Northamptonshire,DI Stevens,ME Milnes,NL Buck,0,0,,,,,,,,,,,,,
1244215,2021,2021-04-08,"County Ground, Northampton",1,96.1,96.1,Kent,Northamptonshire,ME Milnes,DI Stevens,BW Sanderson,0,0,,,,,,,,,,,,,
1244215,2021,2021-04-08,"County Ground, Northampton",1,96.2,96.2,Kent,Northamptonshire,ME Milnes,DI Stevens,BW Sanderson,4,0,,,,,,,,,,,,,
1244215,2021,2021-04-08,"County Ground, Northampton",1,96.3,96.3,Kent,Northamptonshire,ME Milnes,DI Stevens,BW Sanderson,0,0,,,,,,,,,,,,,
1244215,2021,2021-04-08,"County Ground, Northampton",1,96.4,96.4,Kent,Northamptonshire,ME Milnes,DI Stevens,BW Sanderson,4,0,,,,,,,,,,,,,
1244215,2021,2021-04-08,"County Ground, Northampton",1,96.5,96.5,Kent,Northamptonshire,ME Milnes,DI Stevens,BW Sanderson,0,0,,,,,,,,,,,,,
1244215,2021,2021-04-08,"County Ground, Northampton",1,96.6,96.6,Kent,Northamptonshire,ME Milnes,DI Stevens,BW Sanderson,0,0,,,,,,,,,,,,,
1244215,2021,2021-04-08,"County Ground, Northampton",1,97.1,97.1,Kent,Northamptonshire,DI Stevens,ME Milnes,TAI Taylor,0,0,,,,,,,,,,,,,
1244215,2021,2021-04-08,"County Ground, Northampton",1,97.2,97.2,Kent,Northamptonshire,DI Stevens,ME Milnes,TAI Taylor,4,0,,,,,,,,,,,,,
1244215,2021,2021-04-08,"County Ground, Northampton",1,97.3,97.3,Kent,Northamptonshire,DI Stevens,ME Milnes,TAI Taylor,0,0,,,,,,,,,,,,,
1244215,2021,2021-04-08,"County Ground, Northampton",1,97.4,97.4,Kent,Northamptonshire,DI Stevens,ME Milnes,TAI Taylor,0,0,,,,,,,,,,,,,
1244215,2021,2021-04-08,"County Ground, Northampton",1,97.5,97.5,Kent,Northamptonshire,DI Stevens,ME Milnes,TAI Taylor,0,0,,,,,,,,,,,,,
1244215,2021,2021-04-08,"County Ground, Northampton",1,97.6,97.6,Kent,Northamptonshire,DI Stevens,ME Milnes,TAI Taylor,1,0,,,,,,,,,,,,,
1244215,2021,2021-04-08,"County Ground, Northampton",1,98.1,98.1,Kent,Northamptonshire,DI Stevens,ME Milnes,BW Sanderson,0,0,,,,,,,,,,,,,
1244215,2021,2021-04-08,"County Ground, Northampton",1,98.2,98.2,Kent,Northamptonshire,DI Stevens,ME Milnes,BW Sanderson,0,0,,,,,,,,,,,,,
1244215,2021,2021-04-08,"County Ground, Northampton",1,98.3,98.3,Kent,Northamptonshire,DI Stevens,ME Milnes,BW Sanderson,0,0,,,,,,,,,,,,,
1244215,2021,2021-04-08,"County Ground, Northampton",1,98.4,98.4,Kent,Northamptonshire,DI Stevens,ME Milnes,BW Sanderson,0,0,,,,,,,,,,,,,
1244215,2021,2021-04-08,"County Ground, Northampton",1,98.5,98.5,Kent,Northamptonshire,DI Stevens,ME Milnes,BW Sanderson,0,0,,,,,,,,,,,,,
1244215,2021,2021-04-08,"County Ground, Northampton",1,98.6,98.6,Kent,Northamptonshire,DI Stevens,ME Milnes,BW Sanderson,0,0,,,,,,,,,,,,,
1244215,2021,2021-04-08,"County Ground, Northampton",1,99.1,99.1,Kent,Northamptonshire,ME Milnes,DI Stevens,TAI Taylor,0,0,,,,,,,,,,,,,
1244215,2021,2021-04-08,"County Ground, Northampton",1,99.2,99.2,Kent,Northamptonshire,ME Milnes,DI Stevens,TAI Taylor,1,0,,,,,,,,,,,,,
1244215,2021,2021-04-08,"County Ground, Northampton",1,99.3,99.3,Kent,Northamptonshire,DI Stevens,ME Milnes,TAI Taylor,4,0,,,,,,,,,,,,,
1244215,2021,2021-04-08,"County Ground, Northampton",1,99.4,99.4,Kent,Northamptonshire,DI Stevens,ME Milnes,TAI Taylor,1,0,,,,,,,,,,,,,
1244215,2021,2021-04-08,"County Ground, Northampton",1,99.5,99.5,Kent,Northamptonshire,ME Milnes,DI Stevens,TAI Taylor,0,0,,,,,,,caught,ME Milnes,,,AG Wakely,,
1244215,2021,2021-04-08,"County Ground, Northampton",1,99.6,99.6,Kent,Northamptonshire,HW Podmore,DI Stevens,TAI Taylor,0,0,,,,,,,,,,,,,
1244215,2021,2021-04-08,"County Ground, Northampton",1,100.1,100.1,Kent,Northamptonshire,DI Stevens,HW Podmore,BW Sanderson,1,0,,,,,,,,,,,,,
1244215,2021,2021-04-08,"County Ground, Northampton",1,100.2,100.2,Kent,Northamptonshire,HW Podmore,DI Stevens,BW Sanderson,0,0,,,,,,,,,,,,,
1244215,2021,2021-04-08,"County Ground, Northampton",1,100.3,100.3,Kent,Northamptonshire,HW Podmore,DI Stevens,BW Sanderson,2,0,,,,,,,,,,,,,
1244215,2021,2021-04-08,"County Ground, Northampton",1,100.4,100.4,Kent,Northamptonshire,HW Podmore,DI Stevens,BW Sanderson,0,0,,,,,,,,,,,,,
1244215,2021,2021-04-08,"County Ground, Northampton",1,100.5,100.5,Kent,Northamptonshire,HW Podmore,DI Stevens,BW Sanderson,0,0,,,,,,,,,,,,,
1244215,2021,2021-04-08,"County Ground, Northampton",1,100.6,100.6,Kent,Northamptonshire,HW Podmore,DI Stevens,BW Sanderson,4,0,,,,,,,,,,,,,
1244215,2021,2021-04-08,"County Ground, Northampton",1,101.1,101.1,Kent,Northamptonshire,DI Stevens,HW Podmore,TAI Taylor,0,0,,,,,,,,,,,,,
1244215,2021,2021-04-08,"County Ground, Northampton",1,101.2,101.2,Kent,Northamptonshire,DI Stevens,HW Podmore,TAI Taylor,1,0,,,,,,,,,,,,,
1244215,2021,2021-04-08,"County Ground, Northampton",1,101.3,101.3,Kent,Northamptonshire,HW Podmore,DI Stevens,TAI Taylor,0,0,,,,,,,,,,,,,
1244215,2021,2021-04-08,"County Ground, Northampton",1,101.4,101.4,Kent,Northamptonshire,HW Podmore,DI Stevens,TAI Taylor,0,0,,,,,,,,,,,,,
1244215,2021,2021-04-08,"County Ground, Northampton",1,101.5,101.5,Kent,Northamptonshire,HW Podmore,DI Stevens,TAI Taylor,0,0,,,,,,,,,,,,,
1244215,2021,2021-04-08,"County Ground, Northampton",1,101.6,101.6,Kent,Northamptonshire,HW Podmore,DI Stevens,TAI Taylor,0,0,,,,,,,,,,,,,
1244215,2021,2021-04-08,"County Ground, Northampton",1,102.1,102.1,Kent,Northamptonshire,DI Stevens,HW Podmore,BW Sanderson,1,0,,,,,,,,,,,,,
1244215,2021,2021-04-08,"County Ground, Northampton",1,102.2,102.2,Kent,Northamptonshire,HW Podmore,DI Stevens,BW Sanderson,0,0,,,,,,,,,,,,,
1244215,2021,2021-04-08,"County Ground, Northampton",1,102.3,102.3,Kent,Northamptonshire,HW Podmore,DI Stevens,BW Sanderson,0,0,,,,,,,,,,,,,
1244215,2021,2021-04-08,"County Ground, Northampton",1,102.4,102.4,Kent,Northamptonshire,HW Podmore,DI Stevens,BW Sanderson,4,0,,,,,,,,,,,,,
1244215,2021,2021-04-08,"County Ground, Northampton",1,102.5,102.5,Kent,Northamptonshire,HW Podmore,DI Stevens,BW Sanderson,0,0,,,,,,,,,,,,,
1244215,2021,2021-04-08,"County Ground, Northampton",1,102.6,102.6,Kent,Northamptonshire,HW Podmore,DI Stevens,BW Sanderson,4,0,,,,,,,,,,,,,
1244215,2021,2021-04-08,"County Ground, Northampton",1,103.1,103.1,Kent,Northamptonshire,DI Stevens,HW Podmore,TAI Taylor,0,0,,,,,,,,,,,,,
1244215,2021,2021-04-08,"County Ground, Northampton",1,103.2,103.2,Kent,Northamptonshire,DI Stevens,HW Podmore,TAI Taylor,0,0,,,,,,,,,,,,,
1244215,2021,2021-04-08,"County Ground, Northampton",1,103.3,103.3,Kent,Northamptonshire,DI Stevens,HW Podmore,TAI Taylor,1,0,,,,,,,,,,,,,
1244215,2021,2021-04-08,"County Ground, Northampton",1,103.4,103.4,Kent,Northamptonshire,HW Podmore,DI Stevens,TAI Taylor,1,0,,,,,,,,,,,,,
1244215,2021,2021-04-08,"County Ground, Northampton",1,103.5,103.5,Kent,Northamptonshire,DI Stevens,HW Podmore,TAI Taylor,4,0,,,,,,,,,,,,,
1244215,2021,2021-04-08,"County Ground, Northampton",1,103.6,103.6,Kent,Northamptonshire,DI Stevens,HW Podmore,TAI Taylor,1,0,,,,,,,,,,,,,
1244215,2021,2021-04-08,"County Ground, Northampton",1,104.1,104.1,Kent,Northamptonshire,DI Stevens,HW Podmore,GK Berg,0,0,,,,,,,,,,,,,
1244215,2021,2021-04-08,"County Ground, Northampton",1,104.2,104.2,Kent,Northamptonshire,DI Stevens,HW Podmore,GK Berg,0,0,,,,,,,,,,,,,
1244215,2021,2021-04-08,"County Ground, Northampton",1,104.3,104.3,Kent,Northamptonshire,DI Stevens,HW Podmore,GK Berg,1,0,,,,,,,,,,,,,
1244215,2021,2021-04-08,"County Ground, Northampton",1,104.4,104.4,Kent,Northamptonshire,HW Podmore,DI Stevens,GK Berg,0,0,,,,,,,,,,,,,
1244215,2021,2021-04-08,"County Ground, Northampton",1,104.5,104.5,Kent,Northamptonshire,HW Podmore,DI Stevens,GK Berg,4,0,,,,,,,,,,,,,
1244215,2021,2021-04-08,"County Ground, Northampton",1,104.6,104.6,Kent,Northamptonshire,HW Podmore,DI Stevens,GK Berg,0,0,,,,,,,,,,,,,
1244215,2021,2021-04-08,"County Ground, Northampton",1,105.1,105.1,Kent,Northamptonshire,DI Stevens,HW Podmore,TAI Taylor,1,0,,,,,,,,,,,,,
1244215,2021,2021-04-08,"County Ground, Northampton",1,105.2,105.2,Kent,Northamptonshire,HW Podmore,DI Stevens,TAI Taylor,0,0,,,,,,,,,,,,,
1244215,2021,2021-04-08,"County Ground, Northampton",1,105.3,105.3,Kent,Northamptonshire,HW Podmore,DI Stevens,TAI Taylor,0,0,,,,,,,,,,,,,
1244215,2021,2021-04-08,"County Ground, Northampton",1,105.4,105.4,Kent,Northamptonshire,HW Podmore,DI Stevens,TAI Taylor,0,0,,,,,,,,,,,,,
1244215,2021,2021-04-08,"County Ground, Northampton",1,105.5,105.5,Kent,Northamptonshire,HW Podmore,DI Stevens,TAI Taylor,0,0,,,,,,,,,,,,,
1244215,2021,2021-04-08,"County Ground, Northampton",1,105.6,105.6,Kent,Northamptonshire,HW Podmore,DI Stevens,TAI Taylor,0,0,,,,,,,,,,,,,
1244215,2021,2021-04-08,"County Ground, Northampton",1,106.1,106.1,Kent,Northamptonshire,DI Stevens,HW Podmore,GK Berg,1,0,,,,,,,,,,,,,
1244215,2021,2021-04-08,"County Ground, Northampton",1,106.2,106.2,Kent,Northamptonshire,HW Podmore,DI Stevens,GK Berg,0,0,,,,,,,,,,,,,
1244215,2021,2021-04-08,"County Ground, Northampton",1,106.3,106.3,Kent,Northamptonshire,HW Podmore,DI Stevens,GK Berg,2,0,,,,,,,,,,,,,
1244215,2021,2021-04-08,"County Ground, Northampton",1,106.4,106.4,Kent,Northamptonshire,HW Podmore,DI Stevens,GK Berg,2,0,,,,,,,,,,,,,
1244215,2021,2021-04-08,"County Ground, Northampton",1,106.5,106.5,Kent,Northamptonshire,HW Podmore,DI Stevens,GK Berg,0,0,,,,,,,,,,,,,
1244215,2021,2021-04-08,"County Ground, Northampton",1,106.6,106.6,Kent,Northamptonshire,HW Podmore,DI Stevens,GK Berg,0,0,,,,,,,,,,,,,
1244215,2021,2021-04-08,"County Ground, Northampton",1,107.1,107.1,Kent,Northamptonshire,DI Stevens,HW Podmore,NL Buck,1,0,,,,,,,,,,,,,
1244215,2021,2021-04-08,"County Ground, Northampton",1,107.2,107.2,Kent,Northamptonshire,HW Podmore,DI Stevens,NL Buck,0,0,,,,,,,,,,,,,
1244215,2021,2021-04-08,"County Ground, Northampton",1,107.3,107.3,Kent,Northamptonshire,HW Podmore,DI Stevens,NL Buck,0,0,,,,,,,,,,,,,
1244215,2021,2021-04-08,"County Ground, Northampton",1,107.4,107.4,Kent,Northamptonshire,HW Podmore,DI Stevens,NL Buck,0,1,,,,1,,,,,,,,,
1244215,2021,2021-04-08,"County Ground, Northampton",1,107.5,107.5,Kent,Northamptonshire,DI Stevens,HW Podmore,NL Buck,4,0,,,,,,,,,,,,,
1244215,2021,2021-04-08,"County Ground, Northampton",1,107.6,107.6,Kent,Northamptonshire,DI Stevens,HW Podmore,NL Buck,4,0,,,,,,,,,,,,,
1244215,2021,2021-04-08,"County Ground, Northampton",1,108.1,108.1,Kent,Northamptonshire,HW Podmore,DI Stevens,GK Berg,0,0,,,,,,,,,,,,,
1244215,2021,2021-04-08,"County Ground, Northampton",1,108.2,108.2,Kent,Northamptonshire,HW Podmore,DI Stevens,GK Berg,0,0,,,,,,,,,,,,,
1244215,2021,2021-04-08,"County Ground, Northampton",1,108.3,108.3,Kent,Northamptonshire,HW Podmore,DI Stevens,GK Berg,0,0,,,,,,,,,,,,,
1244215,2021,2021-04-08,"County Ground, Northampton",1,108.4,108.4,Kent,Northamptonshire,HW Podmore,DI Stevens,GK Berg,0,0,,,,,,,,,,,,,
1244215,2021,2021-04-08,"County Ground, Northampton",1,108.5,108.5,Kent,Northamptonshire,HW Podmore,DI Stevens,GK Berg,0,0,,,,,,,,,,,,,
1244215,2021,2021-04-08,"County Ground, Northampton",1,108.6,108.6,Kent,Northamptonshire,HW Podmore,DI Stevens,GK Berg,0,0,,,,,,,,,,,,,
1244215,2021,2021-04-08,"County Ground, Northampton",1,109.1,109.1,Kent,Northamptonshire,DI Stevens,HW Podmore,NL Buck,0,0,,,,,,,,,,,,,
1244215,2021,2021-04-08,"County Ground, Northampton",1,109.2,109.2,Kent,Northamptonshire,DI Stevens,HW Podmore,NL Buck,1,0,,,,,,,,,,,,,
1244215,2021,2021-04-08,"County Ground, Northampton",1,109.3,109.3,Kent,Northamptonshire,HW Podmore,DI Stevens,NL Buck,0,0,,,,,,,,,,,,,
1244215,2021,2021-04-08,"County Ground, Northampton",1,109.4,109.4,Kent,Northamptonshire,HW Podmore,DI Stevens,NL Buck,0,0,,,,,,,,,,,,,
1244215,2021,2021-04-08,"County Ground, Northampton",1,109.5,109.5,Kent,Northamptonshire,HW Podmore,DI Stevens,NL Buck,0,0,,,,,,,,,,,,,
1244215,2021,2021-04-08,"County Ground, Northampton",1,109.6,109.6,Kent,Northamptonshire,HW Podmore,DI Stevens,NL Buck,0,0,,,,,,,,,,,,,
1244215,2021,2021-04-08,"County Ground, Northampton",1,110.1,110.1,Kent,Northamptonshire,DI Stevens,HW Podmore,GK Berg,1,0,,,,,,,,,,,,,
1244215,2021,2021-04-08,"County Ground, Northampton",1,110.2,110.2,Kent,Northamptonshire,HW Podmore,DI Stevens,GK Berg,0,0,,,,,,,,,,,,,
1244215,2021,2021-04-08,"County Ground, Northampton",1,110.3,110.3,Kent,Northamptonshire,HW Podmore,DI Stevens,GK Berg,0,0,,,,,,,,,,,,,
1244215,2021,2021-04-08,"County Ground, Northampton",1,110.4,110.4,Kent,Northamptonshire,HW Podmore,DI Stevens,GK Berg,2,0,,,,,,,,,,,,,
1244215,2021,2021-04-08,"County Ground, Northampton",1,110.5,110.5,Kent,Northamptonshire,HW Podmore,DI Stevens,GK Berg,0,0,,,,,,,,,,,,,
1244215,2021,2021-04-08,"County Ground, Northampton",1,110.6,110.6,Kent,Northamptonshire,HW Podmore,DI Stevens,GK Berg,1,0,,,,,,,,,,,,,
1244215,2021,2021-04-08,"County Ground, Northampton",1,111.1,111.1,Kent,Northamptonshire,HW Podmore,DI Stevens,RI Keogh,0,0,,,,,,,,,,,,,
1244215,2021,2021-04-08,"County Ground, Northampton",1,111.2,111.2,Kent,Northamptonshire,HW Podmore,DI Stevens,RI Keogh,0,0,,,,,,,,,,,,,
1244215,2021,2021-04-08,"County Ground, Northampton",1,111.3,111.3,Kent,Northamptonshire,HW Podmore,DI Stevens,RI Keogh,0,0,,,,,,,,,,,,,
1244215,2021,2021-04-08,"County Ground, Northampton",1,111.4,111.4,Kent,Northamptonshire,HW Podmore,DI Stevens,RI Keogh,0,0,,,,,,,,,,,,,
1244215,2021,2021-04-08,"County Ground, Northampton",1,111.5,111.5,Kent,Northamptonshire,HW Podmore,DI Stevens,RI Keogh,0,0,,,,,,,,,,,,,
1244215,2021,2021-04-08,"County Ground, Northampton",1,111.6,111.6,Kent,Northamptonshire,HW Podmore,DI Stevens,RI Keogh,1,0,,,,,,,,,,,,,
1244215,2021,2021-04-08,"County Ground, Northampton",1,112.1,112.1,Kent,Northamptonshire,HW Podmore,DI Stevens,NL Buck,0,0,,,,,,,,,,,,,
1244215,2021,2021-04-08,"County Ground, Northampton",1,112.2,112.2,Kent,Northamptonshire,HW Podmore,DI Stevens,NL Buck,0,0,,,,,,,,,,,,,
1244215,2021,2021-04-08,"County Ground, Northampton",1,112.3,112.3,Kent,Northamptonshire,HW Podmore,DI Stevens,NL Buck,0,0,,,,,,,,,,,,,
1244215,2021,2021-04-08,"County Ground, Northampton",1,112.4,112.4,Kent,Northamptonshire,HW Podmore,DI Stevens,NL Buck,0,0,,,,,,,,,,,,,
1244215,2021,2021-04-08,"County Ground, Northampton",1,112.5,112.5,Kent,Northamptonshire,HW Podmore,DI Stevens,NL Buck,0,0,,,,,,,,,,,,,
1244215,2021,2021-04-08,"County Ground, Northampton",1,112.6,112.6,Kent,Northamptonshire,HW Podmore,DI Stevens,NL Buck,0,0,,,,,,,,,,,,,
1244215,2021,2021-04-08,"County Ground, Northampton",1,113.1,113.1,Kent,Northamptonshire,DI Stevens,HW Podmore,RI Keogh,4,0,,,,,,,,,,,,,
1244215,2021,2021-04-08,"County Ground, Northampton",1,113.2,113.2,Kent,Northamptonshire,DI Stevens,HW Podmore,RI Keogh,0,0,,,,,,,,,,,,,
1244215,2021,2021-04-08,"County Ground, Northampton",1,113.3,113.3,Kent,Northamptonshire,DI Stevens,HW Podmore,RI Keogh,4,0,,,,,,,,,,,,,
1244215,2021,2021-04-08,"County Ground, Northampton",1,113.4,113.4,Kent,Northamptonshire,DI Stevens,HW Podmore,RI Keogh,1,0,,,,,,,,,,,,,
1244215,2021,2021-04-08,"County Ground, Northampton",1,113.5,113.5,Kent,Northamptonshire,HW Podmore,DI Stevens,RI Keogh,0,0,,,,,,,,,,,,,
1244215,2021,2021-04-08,"County Ground, Northampton",1,113.6,113.6,Kent,Northamptonshire,HW Podmore,DI Stevens,RI Keogh,0,0,,,,,,,,,,,,,
1244215,2021,2021-04-08,"County Ground, Northampton",1,114.1,114.1,Kent,Northamptonshire,DI Stevens,HW Podmore,NL Buck,1,0,,,,,,,,,,,,,
1244215,2021,2021-04-08,"County Ground, Northampton",1,114.2,114.2,Kent,Northamptonshire,HW Podmore,DI Stevens,NL Buck,0,0,,,,,,,,,,,,,
1244215,2021,2021-04-08,"County Ground, Northampton",1,114.3,114.3,Kent,Northamptonshire,HW Podmore,DI Stevens,NL Buck,0,0,,,,,,,,,,,,,
1244215,2021,2021-04-08,"County Ground, Northampton",1,114.4,114.4,Kent,Northamptonshire,HW Podmore,DI Stevens,NL Buck,0,0,,,,,,,,,,,,,
1244215,2021,2021-04-08,"County Ground, Northampton",1,114.5,114.5,Kent,Northamptonshire,HW Podmore,DI Stevens,NL Buck,2,0,,,,,,,,,,,,,
1244215,2021,2021-04-08,"County Ground, Northampton",1,114.6,114.6,Kent,Northamptonshire,HW Podmore,DI Stevens,NL Buck,0,0,,,,,,,,,,,,,
1244215,2021,2021-04-08,"County Ground, Northampton",1,115.1,115.1,Kent,Northamptonshire,DI Stevens,HW Podmore,RI Keogh,0,0,,,,,,,,,,,,,
1244215,2021,2021-04-08,"County Ground, Northampton",1,115.2,115.2,Kent,Northamptonshire,DI Stevens,HW Podmore,RI Keogh,1,0,,,,,,,,,,,,,
1244215,2021,2021-04-08,"County Ground, Northampton",1,115.3,115.3,Kent,Northamptonshire,HW Podmore,DI Stevens,RI Keogh,0,0,,,,,,,,,,,,,
1244215,2021,2021-04-08,"County Ground, Northampton",1,115.4,115.4,Kent,Northamptonshire,HW Podmore,DI Stevens,RI Keogh,0,0,,,,,,,stumped,HW Podmore,,,AM Rossington,,
1244215,2021,2021-04-08,"County Ground, Northampton",1,115.5,115.5,Kent,Northamptonshire,ML Cummins,DI Stevens,RI Keogh,0,0,,,,,,,,,,,,,
1244215,2021,2021-04-08,"County Ground, Northampton",1,115.6,115.6,Kent,Northamptonshire,ML Cummins,DI Stevens,RI Keogh,0,0,,,,,,,,,,,,,
1244215,2021,2021-04-08,"County Ground, Northampton",1,116.1,116.1,Kent,Northamptonshire,DI Stevens,ML Cummins,NL Buck,1,0,,,,,,,,,,,,,
1244215,2021,2021-04-08,"County Ground, Northampton",1,116.2,116.2,Kent,Northamptonshire,ML Cummins,DI Stevens,NL Buck,2,0,,,,,,,,,,,,,
1244215,2021,2021-04-08,"County Ground, Northampton",1,116.3,116.3,Kent,Northamptonshire,ML Cummins,DI Stevens,NL Buck,1,0,,,,,,,,,,,,,
1244215,2021,2021-04-08,"County Ground, Northampton",1,116.4,116.4,Kent,Northamptonshire,DI Stevens,ML Cummins,NL Buck,0,0,,,,,,,,,,,,,
1244215,2021,2021-04-08,"County Ground, Northampton",1,116.5,116.5,Kent,Northamptonshire,DI Stevens,ML Cummins,NL Buck,1,0,,,,,,,,,,,,,
1244215,2021,2021-04-08,"County Ground, Northampton",1,116.6,116.6,Kent,Northamptonshire,ML Cummins,DI Stevens,NL Buck,0,0,,,,,,,,,,,,,
1244215,2021,2021-04-08,"County Ground, Northampton",1,117.1,117.1,Kent,Northamptonshire,DI Stevens,ML Cummins,RI Keogh,1,0,,,,,,,,,,,,,
1244215,2021,2021-04-08,"County Ground, Northampton",1,117.2,117.2,Kent,Northamptonshire,ML Cummins,DI Stevens,RI Keogh,0,0,,,,,,,,,,,,,
1244215,2021,2021-04-08,"County Ground, Northampton",1,117.3,117.3,Kent,Northamptonshire,ML Cummins,DI Stevens,RI Keogh,0,0,,,,,,,,,,,,,
1244215,2021,2021-04-08,"County Ground, Northampton",1,117.4,117.4,Kent,Northamptonshire,ML Cummins,DI Stevens,RI Keogh,0,0,,,,,,,,,,,,,
1244215,2021,2021-04-08,"County Ground, Northampton",1,117.5,117.5,Kent,Northamptonshire,ML Cummins,DI Stevens,RI Keogh,4,0,,,,,,,,,,,,,
1244215,2021,2021-04-08,"County Ground, Northampton",1,117.6,117.6,Kent,Northamptonshire,ML Cummins,DI Stevens,RI Keogh,0,0,,,,,,,,,,,,,
1244215,2021,2021-04-08,"County Ground, Northampton",1,118.1,118.1,Kent,Northamptonshire,DI Stevens,ML Cummins,NL Buck,6,0,,,,,,,,,,,,,
1244215,2021,2021-04-08,"County Ground, Northampton",1,118.2,118.2,Kent,Northamptonshire,DI Stevens,ML Cummins,NL Buck,0,0,,,,,,,,,,,,,
1244215,2021,2021-04-08,"County Ground, Northampton",1,118.3,118.3,Kent,Northamptonshire,DI Stevens,ML Cummins,NL Buck,2,0,,,,,,,,,,,,,
1244215,2021,2021-04-08,"County Ground, Northampton",1,118.4,118.4,Kent,Northamptonshire,DI Stevens,ML Cummins,NL Buck,0,0,,,,,,,,,,,,,
1244215,2021,2021-04-08,"County Ground, Northampton",1,118.5,118.5,Kent,Northamptonshire,DI Stevens,ML Cummins,NL Buck,0,0,,,,,,,,,,,,,
1244215,2021,2021-04-08,"County Ground, Northampton",1,118.6,118.6,Kent,Northamptonshire,DI Stevens,ML Cummins,NL Buck,1,0,,,,,,,,,,,,,
1244215,2021,2021-04-08,"County Ground, Northampton",1,119.1,119.1,Kent,Northamptonshire,DI Stevens,ML Cummins,RI Keogh,0,0,,,,,,,,,,,,,
1244215,2021,2021-04-08,"County Ground, Northampton",1,119.2,119.2,Kent,Northamptonshire,DI Stevens,ML Cummins,RI Keogh,1,0,,,,,,,,,,,,,
1244215,2021,2021-04-08,"County Ground, Northampton",1,119.3,119.3,Kent,Northamptonshire,ML Cummins,DI Stevens,RI Keogh,0,0,,,,,,,,,,,,,
1244215,2021,2021-04-08,"County Ground, Northampton",1,119.4,119.4,Kent,Northamptonshire,ML Cummins,DI Stevens,RI Keogh,0,0,,,,,,,,,,,,,
1244215,2021,2021-04-08,"County Ground, Northampton",1,119.5,119.5,Kent,Northamptonshire,ML Cummins,DI Stevens,RI Keogh,0,0,,,,,,,,,,,,,
1244215,2021,2021-04-08,"County Ground, Northampton",1,119.6,119.6,Kent,Northamptonshire,ML Cummins,DI Stevens,RI Keogh,0,0,,,,,,,,,,,,,
1244215,2021,2021-04-08,"County Ground, Northampton",1,120.1,120.1,Kent,Northamptonshire,DI Stevens,ML Cummins,BW Sanderson,1,0,,,,,,,,,,,,,
1244215,2021,2021-04-08,"County Ground, Northampton",1,120.2,120.2,Kent,Northamptonshire,ML Cummins,DI Stevens,BW Sanderson,0,0,,,,,,,,,,,,,
1244215,2021,2021-04-08,"County Ground, Northampton",1,120.3,120.3,Kent,Northamptonshire,ML Cummins,DI Stevens,BW Sanderson,0,0,,,,,,,,,,,,,
1244215,2021,2021-04-08,"County Ground, Northampton",1,120.4,120.4,Kent,Northamptonshire,ML Cummins,DI Stevens,BW Sanderson,0,0,,,,,,,,,,,,,
1244215,2021,2021-04-08,"County Ground, Northampton",1,120.5,120.5,Kent,Northamptonshire,ML Cummins,DI Stevens,BW Sanderson,0,0,,,,,,,,,,,,,
1244215,2021,2021-04-08,"County Ground, Northampton",1,120.6,120.6,Kent,Northamptonshire,ML Cummins,DI Stevens,BW Sanderson,0,0,,,,,,,,,,,,,
1244215,2021,2021-04-08,"County Ground, Northampton",1,121.1,121.1,Kent,Northamptonshire,DI Stevens,ML Cummins,RI Keogh,0,0,,,,,,,,,,,,,
1244215,2021,2021-04-08,"County Ground, Northampton",1,121.2,121.2,Kent,Northamptonshire,DI Stevens,ML Cummins,RI Keogh,0,0,,,,,,,,,,,,,
1244215,2021,2021-04-08,"County Ground, Northampton",1,121.3,121.3,Kent,Northamptonshire,DI Stevens,ML Cummins,RI Keogh,4,0,,,,,,,,,,,,,
1244215,2021,2021-04-08,"County Ground, Northampton",1,121.4,121.4,Kent,Northamptonshire,DI Stevens,ML Cummins,RI Keogh,0,0,,,,,,,,,,,,,
1244215,2021,2021-04-08,"County Ground, Northampton",1,121.5,121.5,Kent,Northamptonshire,DI Stevens,ML Cummins,RI Keogh,1,0,,,,,,,,,,,,,
1244215,2021,2021-04-08,"County Ground, Northampton",1,121.6,121.6,Kent,Northamptonshire,ML Cummins,DI Stevens,RI Keogh,0,0,,,,,,,,,,,,,
1244215,2021,2021-04-08,"County Ground, Northampton",1,122.1,122.1,Kent,Northamptonshire,DI Stevens,ML Cummins,BW Sanderson,0,0,,,,,,,,,,,,,
1244215,2021,2021-04-08,"County Ground, Northampton",1,122.2,122.2,Kent,Northamptonshire,DI Stevens,ML Cummins,BW Sanderson,0,0,,,,,,,,,,,,,
1244215,2021,2021-04-08,"County Ground, Northampton",1,122.3,122.3,Kent,Northamptonshire,DI Stevens,ML Cummins,BW Sanderson,0,0,,,,,,,,,,,,,
1244215,2021,2021-04-08,"County Ground, Northampton",1,122.4,122.4,Kent,Northamptonshire,DI Stevens,ML Cummins,BW Sanderson,2,0,,,,,,,,,,,,,
1244215,2021,2021-04-08,"County Ground, Northampton",1,122.5,122.5,Kent,Northamptonshire,DI Stevens,ML Cummins,BW Sanderson,0,0,,,,,,,,,,,,,
1244215,2021,2021-04-08,"County Ground, Northampton",1,122.6,122.6,Kent,Northamptonshire,DI Stevens,ML Cummins,BW Sanderson,1,0,,,,,,,,,,,,,
1244215,2021,2021-04-08,"County Ground, Northampton",1,123.1,123.1,Kent,Northamptonshire,DI Stevens,ML Cummins,RI Keogh,1,0,,,,,,,,,,,,,
1244215,2021,2021-04-08,"County Ground, Northampton",1,123.2,123.2,Kent,Northamptonshire,ML Cummins,DI Stevens,RI Keogh,4,0,,,,,,,,,,,,,
1244215,2021,2021-04-08,"County Ground, Northampton",1,123.3,123.3,Kent,Northamptonshire,ML Cummins,DI Stevens,RI Keogh,0,0,,,,,,,,,,,,,
1244215,2021,2021-04-08,"County Ground, Northampton",1,123.4,123.4,Kent,Northamptonshire,ML Cummins,DI Stevens,RI Keogh,0,0,,,,,,,,,,,,,
1244215,2021,2021-04-08,"County Ground, Northampton",1,123.5,123.5,Kent,Northamptonshire,ML Cummins,DI Stevens,RI Keogh,0,0,,,,,,,,,,,,,
1244215,2021,2021-04-08,"County Ground, Northampton",1,123.6,123.6,Kent,Northamptonshire,ML Cummins,DI Stevens,RI Keogh,4,0,,,,,,,,,,,,,
1244215,2021,2021-04-08,"County Ground, Northampton",1,124.1,124.1,Kent,Northamptonshire,DI Stevens,ML Cummins,BW Sanderson,0,0,,,,,,,,,,,,,
1244215,2021,2021-04-08,"County Ground, Northampton",1,124.2,124.2,Kent,Northamptonshire,DI Stevens,ML Cummins,BW Sanderson,1,0,,,,,,,,,,,,,
1244215,2021,2021-04-08,"County Ground, Northampton",1,124.3,124.3,Kent,Northamptonshire,ML Cummins,DI Stevens,BW Sanderson,0,1,,,1,,,,,,,,,,
1244215,2021,2021-04-08,"County Ground, Northampton",1,124.4,124.4,Kent,Northamptonshire,DI Stevens,ML Cummins,BW Sanderson,1,0,,,,,,,,,,,,,
1244215,2021,2021-04-08,"County Ground, Northampton",1,124.5,124.5,Kent,Northamptonshire,ML Cummins,DI Stevens,BW Sanderson,0,0,,,,,,,,,,,,,
1244215,2021,2021-04-08,"County Ground, Northampton",1,124.6,124.6,Kent,Northamptonshire,ML Cummins,DI Stevens,BW Sanderson,1,0,,,,,,,,,,,,,
1244215,2021,2021-04-08,"County Ground, Northampton",1,125.1,125.1,Kent,Northamptonshire,ML Cummins,DI Stevens,RI Keogh,0,0,,,,,,,,,,,,,
1244215,2021,2021-04-08,"County Ground, Northampton",1,125.2,125.2,Kent,Northamptonshire,ML Cummins,DI Stevens,RI Keogh,1,0,,,,,,,,,,,,,
1244215,2021,2021-04-08,"County Ground, Northampton",1,125.3,125.3,Kent,Northamptonshire,DI Stevens,ML Cummins,RI Keogh,1,0,,,,,,,,,,,,,
1244215,2021,2021-04-08,"County Ground, Northampton",1,125.4,125.4,Kent,Northamptonshire,ML Cummins,DI Stevens,RI Keogh,4,0,,,,,,,,,,,,,
1244215,2021,2021-04-08,"County Ground, Northampton",1,125.5,125.5,Kent,Northamptonshire,ML Cummins,DI Stevens,RI Keogh,0,0,,,,,,,,,,,,,
1244215,2021,2021-04-08,"County Ground, Northampton",1,125.6,125.6,Kent,Northamptonshire,ML Cummins,DI Stevens,RI Keogh,0,0,,,,,,,,,,,,,
1244215,2021,2021-04-08,"County Ground, Northampton",1,126.1,126.1,Kent,Northamptonshire,DI Stevens,ML Cummins,BW Sanderson,1,0,,,,,,,,,,,,,
1244215,2021,2021-04-08,"County Ground, Northampton",1,126.2,126.2,Kent,Northamptonshire,ML Cummins,DI Stevens,BW Sanderson,1,0,,,,,,,,,,,,,
1244215,2021,2021-04-08,"County Ground, Northampton",1,126.3,126.3,Kent,Northamptonshire,DI Stevens,ML Cummins,BW Sanderson,4,0,,,,,,,,,,,,,
1244215,2021,2021-04-08,"County Ground, Northampton",1,126.4,126.4,Kent,Northamptonshire,DI Stevens,ML Cummins,BW Sanderson,0,0,,,,,,,,,,,,,
1244215,2021,2021-04-08,"County Ground, Northampton",1,126.5,126.5,Kent,Northamptonshire,DI Stevens,ML Cummins,BW Sanderson,0,0,,,,,,,,,,,,,
1244215,2021,2021-04-08,"County Ground, Northampton",1,126.6,126.6,Kent,Northamptonshire,DI Stevens,ML Cummins,BW Sanderson,4,0,,,,,,,,,,,,,
1244215,2021,2021-04-08,"County Ground, Northampton",1,127.1,127.1,Kent,Northamptonshire,ML Cummins,DI Stevens,RI Keogh,0,0,,,,,,,,,,,,,
1244215,2021,2021-04-08,"County Ground, Northampton",1,127.2,127.2,Kent,Northamptonshire,ML Cummins,DI Stevens,RI Keogh,1,0,,,,,,,,,,,,,
1244215,2021,2021-04-08,"County Ground, Northampton",1,127.3,127.3,Kent,Northamptonshire,DI Stevens,ML Cummins,RI Keogh,1,0,,,,,,,,,,,,,
1244215,2021,2021-04-08,"County Ground, Northampton",1,127.4,127.4,Kent,Northamptonshire,ML Cummins,DI Stevens,RI Keogh,0,0,,,,,,,,,,,,,
1244215,2021,2021-04-08,"County Ground, Northampton",1,127.5,127.5,Kent,Northamptonshire,ML Cummins,DI Stevens,RI Keogh,1,0,,,,,,,,,,,,,
1244215,2021,2021-04-08,"County Ground, Northampton",1,127.6,127.6,Kent,Northamptonshire,DI Stevens,ML Cummins,RI Keogh,1,0,,,,,,,,,,,,,
1244215,2021,2021-04-08,"County Ground, Northampton",1,128.1,128.1,Kent,Northamptonshire,DI Stevens,ML Cummins,TAI Taylor,0,0,,,,,,,,,,,,,
1244215,2021,2021-04-08,"County Ground, Northampton",1,128.2,128.2,Kent,Northamptonshire,DI Stevens,ML Cummins,TAI Taylor,1,0,,,,,,,,,,,,,
1244215,2021,2021-04-08,"County Ground, Northampton",1,128.3,128.3,Kent,Northamptonshire,ML Cummins,DI Stevens,TAI Taylor,0,0,,,,,,,,,,,,,
1244215,2021,2021-04-08,"County Ground, Northampton",1,128.4,128.4,Kent,Northamptonshire,ML Cummins,DI Stevens,TAI Taylor,0,0,,,,,,,,,,,,,
1244215,2021,2021-04-08,"County Ground, Northampton",1,128.5,128.5,Kent,Northamptonshire,ML Cummins,DI Stevens,TAI Taylor,0,0,,,,,,,bowled,ML Cummins,,,,,
1244215,2021,2021-04-08,"County Ground, Northampton",2,0.1,0.1,Northamptonshire,Kent,BJ Curran,R Vasconcelos,HW Podmore,1,0,,,,,,,,,,,,,
1244215,2021,2021-04-08,"County Ground, Northampton",2,0.2,0.2,Northamptonshire,Kent,R Vasconcelos,BJ Curran,HW Podmore,4,2,,2,,,,,,,,,,,
1244215,2021,2021-04-08,"County Ground, Northampton",2,0.3,0.2,Northamptonshire,Kent,R Vasconcelos,BJ Curran,HW Podmore,0,0,,,,,,,,,,,,,
1244215,2021,2021-04-08,"County Ground, Northampton",2,0.4,0.3,Northamptonshire,Kent,R Vasconcelos,BJ Curran,HW Podmore,2,0,,,,,,,,,,,,,
1244215,2021,2021-04-08,"County Ground, Northampton",2,0.5,0.4,Northamptonshire,Kent,R Vasconcelos,BJ Curran,HW Podmore,0,0,,,,,,,,,,,,,
1244215,2021,2021-04-08,"County Ground, Northampton",2,0.6,0.5,Northamptonshire,Kent,R Vasconcelos,BJ Curran,HW Podmore,0,0,,,,,,,,,,,,,
1244215,2021,2021-04-08,"County Ground, Northampton",2,0.7,0.6,Northamptonshire,Kent,R Vasconcelos,BJ Curran,HW Podmore,0,0,,,,,,,,,,,,,
1244215,2021,2021-04-08,"County Ground, Northampton",2,1.1,1.1,Northamptonshire,Kent,BJ Curran,R Vasconcelos,DI Stevens,0,0,,,,,,,,,,,,,
1244215,2021,2021-04-08,"County Ground, Northampton",2,1.2,1.2,Northamptonshire,Kent,BJ Curran,R Vasconcelos,DI Stevens,0,0,,,,,,,,,,,,,
1244215,2021,2021-04-08,"County Ground, Northampton",2,1.3,1.3,Northamptonshire,Kent,BJ Curran,R Vasconcelos,DI Stevens,0,0,,,,,,,,,,,,,
1244215,2021,2021-04-08,"County Ground, Northampton",2,1.4,1.4,Northamptonshire,Kent,BJ Curran,R Vasconcelos,DI Stevens,0,0,,,,,,,,,,,,,
1244215,2021,2021-04-08,"County Ground, Northampton",2,1.5,1.5,Northamptonshire,Kent,BJ Curran,R Vasconcelos,DI Stevens,2,0,,,,,,,,,,,,,
1244215,2021,2021-04-08,"County Ground, Northampton",2,1.6,1.6,Northamptonshire,Kent,BJ Curran,R Vasconcelos,DI Stevens,0,0,,,,,,,,,,,,,
1244215,2021,2021-04-08,"County Ground, Northampton",2,2.1,2.1,Northamptonshire,Kent,R Vasconcelos,BJ Curran,HW Podmore,0,0,,,,,,,,,,,,,
1244215,2021,2021-04-08,"County Ground, Northampton",2,2.2,2.2,Northamptonshire,Kent,R Vasconcelos,BJ Curran,HW Podmore,4,0,,,,,,,,,,,,,
1244215,2021,2021-04-08,"County Ground, Northampton",2,2.3,2.3,Northamptonshire,Kent,R Vasconcelos,BJ Curran,HW Podmore,4,0,,,,,,,,,,,,,
1244215,2021,2021-04-08,"County Ground, Northampton",2,2.4,2.4,Northamptonshire,Kent,R Vasconcelos,BJ Curran,HW Podmore,0,0,,,,,,,,,,,,,
1244215,2021,2021-04-08,"County Ground, Northampton",2,2.5,2.5,Northamptonshire,Kent,R Vasconcelos,BJ Curran,HW Podmore,4,0,,,,,,,,,,,,,
1244215,2021,2021-04-08,"County Ground, Northampton",2,2.6,2.6,Northamptonshire,Kent,R Vasconcelos,BJ Curran,HW Podmore,0,0,,,,,,,,,,,,,
1244215,2021,2021-04-08,"County Ground, Northampton",2,3.1,3.1,Northamptonshire,Kent,BJ Curran,R Vasconcelos,DI Stevens,3,0,,,,,,,,,,,,,
1244215,2021,2021-04-08,"County Ground, Northampton",2,3.2,3.2,Northamptonshire,Kent,R Vasconcelos,BJ Curran,DI Stevens,0,0,,,,,,,,,,,,,
1244215,2021,2021-04-08,"County Ground, Northampton",2,3.3,3.3,Northamptonshire,Kent,R Vasconcelos,BJ Curran,DI Stevens,4,0,,,,,,,,,,,,,
1244215,2021,2021-04-08,"County Ground, Northampton",2,3.4,3.4,Northamptonshire,Kent,R Vasconcelos,BJ Curran,DI Stevens,2,0,,,,,,,,,,,,,
1244215,2021,2021-04-08,"County Ground, Northampton",2,3.5,3.5,Northamptonshire,Kent,R Vasconcelos,BJ Curran,DI Stevens,1,0,,,,,,,,,,,,,
1244215,2021,2021-04-08,"County Ground, Northampton",2,3.6,3.6,Northamptonshire,Kent,BJ Curran,R Vasconcelos,DI Stevens,0,0,,,,,,,,,,,,,
1244215,2021,2021-04-08,"County Ground, Northampton",2,4.1,4.1,Northamptonshire,Kent,R Vasconcelos,BJ Curran,HW Podmore,4,0,,,,,,,,,,,,,
1244215,2021,2021-04-08,"County Ground, Northampton",2,4.2,4.2,Northamptonshire,Kent,R Vasconcelos,BJ Curran,HW Podmore,0,2,,2,,,,,,,,,,,
1244215,2021,2021-04-08,"County Ground, Northampton",2,4.3,4.2,Northamptonshire,Kent,R Vasconcelos,BJ Curran,HW Podmore,0,0,,,,,,,,,,,,,
1244215,2021,2021-04-08,"County Ground, Northampton",2,4.4,4.3,Northamptonshire,Kent,R Vasconcelos,BJ Curran,HW Podmore,0,0,,,,,,,,,,,,,
1244215,2021,2021-04-08,"County Ground, Northampton",2,4.5,4.4,Northamptonshire,Kent,R Vasconcelos,BJ Curran,HW Podmore,4,0,,,,,,,,,,,,,
1244215,2021,2021-04-08,"County Ground, Northampton",2,4.6,4.5,Northamptonshire,Kent,R Vasconcelos,BJ Curran,HW Podmore,0,0,,,,,,,,,,,,,
1244215,2021,2021-04-08,"County Ground, Northampton",2,4.7,4.6,Northamptonshire,Kent,R Vasconcelos,BJ Curran,HW Podmore,0,0,,,,,,,,,,,,,
1244215,2021,2021-04-08,"County Ground, Northampton",2,5.1,5.1,Northamptonshire,Kent,BJ Curran,R Vasconcelos,DI Stevens,0,0,,,,,,,,,,,,,
1244215,2021,2021-04-08,"County Ground, Northampton",2,5.2,5.2,Northamptonshire,Kent,BJ Curran,R Vasconcelos,DI Stevens,4,0,,,,,,,,,,,,,
1244215,2021,2021-04-08,"County Ground, Northampton",2,5.3,5.3,Northamptonshire,Kent,BJ Curran,R Vasconcelos,DI Stevens,0,0,,,,,,,,,,,,,
1244215,2021,2021-04-08,"County Ground, Northampton",2,5.4,5.4,Northamptonshire,Kent,BJ Curran,R Vasconcelos,DI Stevens,0,0,,,,,,,,,,,,,
1244215,2021,2021-04-08,"County Ground, Northampton",2,5.5,5.5,Northamptonshire,Kent,BJ Curran,R Vasconcelos,DI Stevens,0,0,,,,,,,,,,,,,
1244215,2021,2021-04-08,"County Ground, Northampton",2,5.6,5.6,Northamptonshire,Kent,BJ Curran,R Vasconcelos,DI Stevens,0,0,,,,,,,,,,,,,
1244215,2021,2021-04-08,"County Ground, Northampton",2,6.1,6.1,Northamptonshire,Kent,R Vasconcelos,BJ Curran,ME Milnes,0,2,,2,,,,,,,,,,,
1244215,2021,2021-04-08,"County Ground, Northampton",2,6.2,6.1,Northamptonshire,Kent,R Vasconcelos,BJ Curran,ME Milnes,0,0,,,,,,,,,,,,,
1244215,2021,2021-04-08,"County Ground, Northampton",2,6.3,6.2,Northamptonshire,Kent,R Vasconcelos,BJ Curran,ME Milnes,1,0,,,,,,,,,,,,,
1244215,2021,2021-04-08,"County Ground, Northampton",2,6.4,6.3,Northamptonshire,Kent,BJ Curran,R Vasconcelos,ME Milnes,0,0,,,,,,,,,,,,,
1244215,2021,2021-04-08,"County Ground, Northampton",2,6.5,6.4,Northamptonshire,Kent,BJ Curran,R Vasconcelos,ME Milnes,0,0,,,,,,,,,,,,,
1244215,2021,2021-04-08,"County Ground, Northampton",2,6.6,6.5,Northamptonshire,Kent,BJ Curran,R Vasconcelos,ME Milnes,0,0,,,,,,,,,,,,,
1244215,2021,2021-04-08,"County Ground, Northampton",2,6.7,6.6,Northamptonshire,Kent,BJ Curran,R Vasconcelos,ME Milnes,1,0,,,,,,,,,,,,,
1244215,2021,2021-04-08,"County Ground, Northampton",2,7.1,7.1,Northamptonshire,Kent,BJ Curran,R Vasconcelos,DI Stevens,0,0,,,,,,,,,,,,,
1244215,2021,2021-04-08,"County Ground, Northampton",2,7.2,7.2,Northamptonshire,Kent,BJ Curran,R Vasconcelos,DI Stevens,0,0,,,,,,,,,,,,,
1244215,2021,2021-04-08,"County Ground, Northampton",2,7.3,7.3,Northamptonshire,Kent,BJ Curran,R Vasconcelos,DI Stevens,0,0,,,,,,,,,,,,,
1244215,2021,2021-04-08,"County Ground, Northampton",2,7.4,7.4,Northamptonshire,Kent,BJ Curran,R Vasconcelos,DI Stevens,4,0,,,,,,,,,,,,,
1244215,2021,2021-04-08,"County Ground, Northampton",2,7.5,7.5,Northamptonshire,Kent,BJ Curran,R Vasconcelos,DI Stevens,0,0,,,,,,,,,,,,,
1244215,2021,2021-04-08,"County Ground, Northampton",2,7.6,7.6,Northamptonshire,Kent,BJ Curran,R Vasconcelos,DI Stevens,0,0,,,,,,,,,,,,,
1244215,2021,2021-04-08,"County Ground, Northampton",2,8.1,8.1,Northamptonshire,Kent,R Vasconcelos,BJ Curran,ME Milnes,0,0,,,,,,,,,,,,,
1244215,2021,2021-04-08,"County Ground, Northampton",2,8.2,8.2,Northamptonshire,Kent,R Vasconcelos,BJ Curran,ME Milnes,4,0,,,,,,,,,,,,,
1244215,2021,2021-04-08,"County Ground, Northampton",2,8.3,8.3,Northamptonshire,Kent,R Vasconcelos,BJ Curran,ME Milnes,4,0,,,,,,,,,,,,,
1244215,2021,2021-04-08,"County Ground, Northampton",2,8.4,8.4,Northamptonshire,Kent,R Vasconcelos,BJ Curran,ME Milnes,0,0,,,,,,,,,,,,,
1244215,2021,2021-04-08,"County Ground, Northampton",2,8.5,8.5,Northamptonshire,Kent,R Vasconcelos,BJ Curran,ME Milnes,0,0,,,,,,,,,,,,,
1244215,2021,2021-04-08,"County Ground, Northampton",2,8.6,8.6,Northamptonshire,Kent,R Vasconcelos,BJ Curran,ME Milnes,0,0,,,,,,,,,,,,,
1244215,2021,2021-04-08,"County Ground, Northampton",2,9.1,9.1,Northamptonshire,Kent,BJ Curran,R Vasconcelos,DI Stevens,0,0,,,,,,,,,,,,,
1244215,2021,2021-04-08,"County Ground, Northampton",2,9.2,9.2,Northamptonshire,Kent,BJ Curran,R Vasconcelos,DI Stevens,0,0,,,,,,,,,,,,,
1244215,2021,2021-04-08,"County Ground, Northampton",2,9.3,9.3,Northamptonshire,Kent,BJ Curran,R Vasconcelos,DI Stevens,0,0,,,,,,,,,,,,,
1244215,2021,2021-04-08,"County Ground, Northampton",2,9.4,9.4,Northamptonshire,Kent,BJ Curran,R Vasconcelos,DI Stevens,0,0,,,,,,,,,,,,,
1244215,2021,2021-04-08,"County Ground, Northampton",2,9.5,9.5,Northamptonshire,Kent,BJ Curran,R Vasconcelos,DI Stevens,0,0,,,,,,,,,,,,,
1244215,2021,2021-04-08,"County Ground, Northampton",2,9.6,9.6,Northamptonshire,Kent,BJ Curran,R Vasconcelos,DI Stevens,4,0,,,,,,,,,,,,,
1244215,2021,2021-04-08,"County Ground, Northampton",2,10.1,10.1,Northamptonshire,Kent,R Vasconcelos,BJ Curran,ME Milnes,2,0,,,,,,,,,,,,,
1244215,2021,2021-04-08,"County Ground, Northampton",2,10.2,10.2,Northamptonshire,Kent,R Vasconcelos,BJ Curran,ME Milnes,0,0,,,,,,,,,,,,,
1244215,2021,2021-04-08,"County Ground, Northampton",2,10.3,10.3,Northamptonshire,Kent,R Vasconcelos,BJ Curran,ME Milnes,0,0,,,,,,,,,,,,,
1244215,2021,2021-04-08,"County Ground, Northampton",2,10.4,10.4,Northamptonshire,Kent,R Vasconcelos,BJ Curran,ME Milnes,0,0,,,,,,,,,,,,,
1244215,2021,2021-04-08,"County Ground, Northampton",2,10.5,10.5,Northamptonshire,Kent,R Vasconcelos,BJ Curran,ME Milnes,0,0,,,,,,,,,,,,,
1244215,2021,2021-04-08,"County Ground, Northampton",2,10.6,10.6,Northamptonshire,Kent,R Vasconcelos,BJ Curran,ME Milnes,0,0,,,,,,,,,,,,,
1244215,2021,2021-04-08,"County Ground, Northampton",2,11.1,11.1,Northamptonshire,Kent,BJ Curran,R Vasconcelos,DI Stevens,0,0,,,,,,,,,,,,,
1244215,2021,2021-04-08,"County Ground, Northampton",2,11.2,11.2,Northamptonshire,Kent,BJ Curran,R Vasconcelos,DI Stevens,0,0,,,,,,,,,,,,,
1244215,2021,2021-04-08,"County Ground, Northampton",2,11.3,11.3,Northamptonshire,Kent,BJ Curran,R Vasconcelos,DI Stevens,2,0,,,,,,,,,,,,,
1244215,2021,2021-04-08,"County Ground, Northampton",2,11.4,11.4,Northamptonshire,Kent,BJ Curran,R Vasconcelos,DI Stevens,1,0,,,,,,,,,,,,,
1244215,2021,2021-04-08,"County Ground, Northampton",2,11.5,11.5,Northamptonshire,Kent,R Vasconcelos,BJ Curran,DI Stevens,2,0,,,,,,,,,,,,,
1244215,2021,2021-04-08,"County Ground, Northampton",2,11.6,11.6,Northamptonshire,Kent,R Vasconcelos,BJ Curran,DI Stevens,0,0,,,,,,,,,,,,,
1244215,2021,2021-04-08,"County Ground, Northampton",2,12.1,12.1,Northamptonshire,Kent,BJ Curran,R Vasconcelos,ME Milnes,0,0,,,,,,,,,,,,,
1244215,2021,2021-04-08,"County Ground, Northampton",2,12.2,12.2,Northamptonshire,Kent,BJ Curran,R Vasconcelos,ME Milnes,0,0,,,,,,,,,,,,,
1244215,2021,2021-04-08,"County Ground, Northampton",2,12.3,12.3,Northamptonshire,Kent,BJ Curran,R Vasconcelos,ME Milnes,0,0,,,,,,,,,,,,,
1244215,2021,2021-04-08,"County Ground, Northampton",2,12.4,12.4,Northamptonshire,Kent,BJ Curran,R Vasconcelos,ME Milnes,0,0,,,,,,,,,,,,,
1244215,2021,2021-04-08,"County Ground, Northampton",2,12.5,12.5,Northamptonshire,Kent,BJ Curran,R Vasconcelos,ME Milnes,0,0,,,,,,,,,,,,,
1244215,2021,2021-04-08,"County Ground, Northampton",2,12.6,12.6,Northamptonshire,Kent,BJ Curran,R Vasconcelos,ME Milnes,0,0,,,,,,,,,,,,,
1244215,2021,2021-04-08,"County Ground, Northampton",2,13.1,13.1,Northamptonshire,Kent,R Vasconcelos,BJ Curran,ML Cummins,1,0,,,,,,,,,,,,,
1244215,2021,2021-04-08,"County Ground, Northampton",2,13.2,13.2,Northamptonshire,Kent,BJ Curran,R Vasconcelos,ML Cummins,2,0,,,,,,,,,,,,,
1244215,2021,2021-04-08,"County Ground, Northampton",2,13.3,13.3,Northamptonshire,Kent,BJ Curran,R Vasconcelos,ML Cummins,0,0,,,,,,,bowled,BJ Curran,,,,,
1244215,2021,2021-04-08,"County Ground, Northampton",2,13.4,13.4,Northamptonshire,Kent,EN Gay,R Vasconcelos,ML Cummins,0,0,,,,,,,,,,,,,
1244215,2021,2021-04-08,"County Ground, Northampton",2,13.5,13.5,Northamptonshire,Kent,EN Gay,R Vasconcelos,ML Cummins,0,0,,,,,,,,,,,,,
1244215,2021,2021-04-08,"County Ground, Northampton",2,13.6,13.6,Northamptonshire,Kent,EN Gay,R Vasconcelos,ML Cummins,0,0,,,,,,,,,,,,,
1244215,2021,2021-04-08,"County Ground, Northampton",2,14.1,14.1,Northamptonshire,Kent,R Vasconcelos,EN Gay,ME Milnes,0,0,,,,,,,,,,,,,
1244215,2021,2021-04-08,"County Ground, Northampton",2,14.2,14.2,Northamptonshire,Kent,R Vasconcelos,EN Gay,ME Milnes,0,0,,,,,,,,,,,,,
1244215,2021,2021-04-08,"County Ground, Northampton",2,14.3,14.3,Northamptonshire,Kent,R Vasconcelos,EN Gay,ME Milnes,1,2,,2,,,,,,,,,,,
1244215,2021,2021-04-08,"County Ground, Northampton",2,14.4,14.3,Northamptonshire,Kent,EN Gay,R Vasconcelos,ME Milnes,0,0,,,,,,,,,,,,,
1244215,2021,2021-04-08,"County Ground, Northampton",2,14.5,14.4,Northamptonshire,Kent,EN Gay,R Vasconcelos,ME Milnes,1,0,,,,,,,,,,,,,
1244215,2021,2021-04-08,"County Ground, Northampton",2,14.6,14.5,Northamptonshire,Kent,R Vasconcelos,EN Gay,ME Milnes,4,0,,,,,,,,,,,,,
1244215,2021,2021-04-08,"County Ground, Northampton",2,14.7,14.6,Northamptonshire,Kent,R Vasconcelos,EN Gay,ME Milnes,1,0,,,,,,,,,,,,,
1244215,2021,2021-04-08,"County Ground, Northampton",2,15.1,15.1,Northamptonshire,Kent,R Vasconcelos,EN Gay,ML Cummins,1,2,,2,,,,,,,,,,,
1244215,2021,2021-04-08,"County Ground, Northampton",2,15.2,15.1,Northamptonshire,Kent,EN Gay,R Vasconcelos,ML Cummins,0,0,,,,,,,,,,,,,
1244215,2021,2021-04-08,"County Ground, Northampton",2,15.3,15.2,Northamptonshire,Kent,EN Gay,R Vasconcelos,ML Cummins,0,2,,2,,,,,,,,,,,
1244215,2021,2021-04-08,"County Ground, Northampton",2,15.4,15.2,Northamptonshire,Kent,EN Gay,R Vasconcelos,ML Cummins,0,0,,,,,,,,,,,,,
1244215,2021,2021-04-08,"County Ground, Northampton",2,15.5,15.3,Northamptonshire,Kent,EN Gay,R Vasconcelos,ML Cummins,0,0,,,,,,,,,,,,,
1244215,2021,2021-04-08,"County Ground, Northampton",2,15.6,15.4,Northamptonshire,Kent,EN Gay,R Vasconcelos,ML Cummins,0,0,,,,,,,,,,,,,
1244215,2021,2021-04-08,"County Ground, Northampton",2,15.7,15.5,Northamptonshire,Kent,EN Gay,R Vasconcelos,ML Cummins,0,0,,,,,,,,,,,,,
1244215,2021,2021-04-08,"County Ground, Northampton",2,15.8,15.6,Northamptonshire,Kent,EN Gay,R Vasconcelos,ML Cummins,4,0,,,,,,,,,,,,,
1244215,2021,2021-04-08,"County Ground, Northampton",2,16.1,16.1,Northamptonshire,Kent,R Vasconcelos,EN Gay,DI Stevens,0,0,,,,,,,,,,,,,
1244215,2021,2021-04-08,"County Ground, Northampton",2,16.2,16.2,Northamptonshire,Kent,R Vasconcelos,EN Gay,DI Stevens,0,0,,,,,,,,,,,,,
1244215,2021,2021-04-08,"County Ground, Northampton",2,16.3,16.3,Northamptonshire,Kent,R Vasconcelos,EN Gay,DI Stevens,0,0,,,,,,,,,,,,,
1244215,2021,2021-04-08,"County Ground, Northampton",2,16.4,16.4,Northamptonshire,Kent,R Vasconcelos,EN Gay,DI Stevens,0,0,,,,,,,,,,,,,
1244215,2021,2021-04-08,"County Ground, Northampton",2,16.5,16.5,Northamptonshire,Kent,R Vasconcelos,EN Gay,DI Stevens,1,0,,,,,,,,,,,,,
1244215,2021,2021-04-08,"County Ground, Northampton",2,16.6,16.6,Northamptonshire,Kent,EN Gay,R Vasconcelos,DI Stevens,0,0,,,,,,,caught,EN Gay,,,OG Robinson,,
1244215,2021,2021-04-08,"County Ground, Northampton",2,17.1,17.1,Northamptonshire,Kent,R Vasconcelos,AG Wakely,ML Cummins,0,0,,,,,,,,,,,,,
1244215,2021,2021-04-08,"County Ground, Northampton",2,17.2,17.2,Northamptonshire,Kent,R Vasconcelos,AG Wakely,ML Cummins,0,0,,,,,,,,,,,,,
1244215,2021,2021-04-08,"County Ground, Northampton",2,17.3,17.3,Northamptonshire,Kent,R Vasconcelos,AG Wakely,ML Cummins,4,0,,,,,,,,,,,,,
1244215,2021,2021-04-08,"County Ground, Northampton",2,17.4,17.4,Northamptonshire,Kent,R Vasconcelos,AG Wakely,ML Cummins,0,0,,,,,,,,,,,,,
1244215,2021,2021-04-08,"County Ground, Northampton",2,17.5,17.5,Northamptonshire,Kent,R Vasconcelos,AG Wakely,ML Cummins,0,0,,,,,,,,,,,,,
1244215,2021,2021-04-08,"County Ground, Northampton",2,17.6,17.6,Northamptonshire,Kent,R Vasconcelos,AG Wakely,ML Cummins,0,0,,,,,,,,,,,,,
1244215,2021,2021-04-08,"County Ground, Northampton",2,18.1,18.1,Northamptonshire,Kent,AG Wakely,R Vasconcelos,DI Stevens,0,0,,,,,,,,,,,,,
1244215,2021,2021-04-08,"County Ground, Northampton",2,18.2,18.2,Northamptonshire,Kent,AG Wakely,R Vasconcelos,DI Stevens,0,0,,,,,,,,,,,,,
1244215,2021,2021-04-08,"County Ground, Northampton",2,18.3,18.3,Northamptonshire,Kent,AG Wakely,R Vasconcelos,DI Stevens,0,0,,,,,,,,,,,,,
1244215,2021,2021-04-08,"County Ground, Northampton",2,18.4,18.4,Northamptonshire,Kent,AG Wakely,R Vasconcelos,DI Stevens,0,0,,,,,,,,,,,,,
1244215,2021,2021-04-08,"County Ground, Northampton",2,18.5,18.5,Northamptonshire,Kent,AG Wakely,R Vasconcelos,DI Stevens,0,0,,,,,,,,,,,,,
1244215,2021,2021-04-08,"County Ground, Northampton",2,18.6,18.6,Northamptonshire,Kent,AG Wakely,R Vasconcelos,DI Stevens,2,0,,,,,,,,,,,,,
1244215,2021,2021-04-08,"County Ground, Northampton",2,19.1,19.1,Northamptonshire,Kent,R Vasconcelos,AG Wakely,ML Cummins,0,0,,,,,,,,,,,,,
1244215,2021,2021-04-08,"County Ground, Northampton",2,19.2,19.2,Northamptonshire,Kent,R Vasconcelos,AG Wakely,ML Cummins,0,0,,,,,,,,,,,,,
1244215,2021,2021-04-08,"County Ground, Northampton",2,19.3,19.3,Northamptonshire,Kent,R Vasconcelos,AG Wakely,ML Cummins,1,0,,,,,,,,,,,,,
1244215,2021,2021-04-08,"County Ground, Northampton",2,19.4,19.4,Northamptonshire,Kent,AG Wakely,R Vasconcelos,ML Cummins,2,0,,,,,,,,,,,,,
1244215,2021,2021-04-08,"County Ground, Northampton",2,19.5,19.5,Northamptonshire,Kent,AG Wakely,R Vasconcelos,ML Cummins,0,0,,,,,,,,,,,,,
1244215,2021,2021-04-08,"County Ground, Northampton",2,19.6,19.6,Northamptonshire,Kent,AG Wakely,R Vasconcelos,ML Cummins,0,0,,,,,,,,,,,,,
1244215,2021,2021-04-08,"County Ground, Northampton",2,20.1,20.1,Northamptonshire,Kent,R Vasconcelos,AG Wakely,DI Stevens,1,0,,,,,,,,,,,,,
1244215,2021,2021-04-08,"County Ground, Northampton",2,20.2,20.2,Northamptonshire,Kent,AG Wakely,R Vasconcelos,DI Stevens,0,0,,,,,,,,,,,,,
1244215,2021,2021-04-08,"County Ground, Northampton",2,20.3,20.3,Northamptonshire,Kent,AG Wakely,R Vasconcelos,DI Stevens,0,0,,,,,,,,,,,,,
1244215,2021,2021-04-08,"County Ground, Northampton",2,20.4,20.4,Northamptonshire,Kent,AG Wakely,R Vasconcelos,DI Stevens,0,0,,,,,,,caught,AG Wakely,,,ME Milnes,,
1244215,2021,2021-04-08,"County Ground, Northampton",2,20.5,20.5,Northamptonshire,Kent,CO Thurston,R Vasconcelos,DI Stevens,4,0,,,,,,,,,,,,,
1244215,2021,2021-04-08,"County Ground, Northampton",2,20.6,20.6,Northamptonshire,Kent,CO Thurston,R Vasconcelos,DI Stevens,0,0,,,,,,,,,,,,,
1244215,2021,2021-04-08,"County Ground, Northampton",2,21.1,21.1,Northamptonshire,Kent,R Vasconcelos,CO Thurston,ML Cummins,0,0,,,,,,,,,,,,,
1244215,2021,2021-04-08,"County Ground, Northampton",2,21.2,21.2,Northamptonshire,Kent,R Vasconcelos,CO Thurston,ML Cummins,0,0,,,,,,,,,,,,,
1244215,2021,2021-04-08,"County Ground, Northampton",2,21.3,21.3,Northamptonshire,Kent,R Vasconcelos,CO Thurston,ML Cummins,0,0,,,,,,,,,,,,,
1244215,2021,2021-04-08,"County Ground, Northampton",2,21.4,21.4,Northamptonshire,Kent,R Vasconcelos,CO Thurston,ML Cummins,1,0,,,,,,,,,,,,,
1244215,2021,2021-04-08,"County Ground, Northampton",2,21.5,21.5,Northamptonshire,Kent,CO Thurston,R Vasconcelos,ML Cummins,0,0,,,,,,,,,,,,,
1244215,2021,2021-04-08,"County Ground, Northampton",2,21.6,21.6,Northamptonshire,Kent,CO Thurston,R Vasconcelos,ML Cummins,1,0,,,,,,,,,,,,,
1244215,2021,2021-04-08,"County Ground, Northampton",2,22.1,22.1,Northamptonshire,Kent,CO Thurston,R Vasconcelos,DI Stevens,0,0,,,,,,,,,,,,,
1244215,2021,2021-04-08,"County Ground, Northampton",2,22.2,22.2,Northamptonshire,Kent,CO Thurston,R Vasconcelos,DI Stevens,0,0,,,,,,,,,,,,,
1244215,2021,2021-04-08,"County Ground, Northampton",2,22.3,22.3,Northamptonshire,Kent,CO Thurston,R Vasconcelos,DI Stevens,0,0,,,,,,,,,,,,,
1244215,2021,2021-04-08,"County Ground, Northampton",2,22.4,22.4,Northamptonshire,Kent,CO Thurston,R Vasconcelos,DI Stevens,0,0,,,,,,,,,,,,,
1244215,2021,2021-04-08,"County Ground, Northampton",2,22.5,22.5,Northamptonshire,Kent,CO Thurston,R Vasconcelos,DI Stevens,4,0,,,,,,,,,,,,,
1244215,2021,2021-04-08,"County Ground, Northampton",2,22.6,22.6,Northamptonshire,Kent,CO Thurston,R Vasconcelos,DI Stevens,0,0,,,,,,,,,,,,,
1244215,2021,2021-04-08,"County Ground, Northampton",2,23.1,23.1,Northamptonshire,Kent,R Vasconcelos,CO Thurston,ML Cummins,1,0,,,,,,,,,,,,,
1244215,2021,2021-04-08,"County Ground, Northampton",2,23.2,23.2,Northamptonshire,Kent,CO Thurston,R Vasconcelos,ML Cummins,0,0,,,,,,,,,,,,,
1244215,2021,2021-04-08,"County Ground, Northampton",2,23.3,23.3,Northamptonshire,Kent,CO Thurston,R Vasconcelos,ML Cummins,0,0,,,,,,,,,,,,,
1244215,2021,2021-04-08,"County Ground, Northampton",2,23.4,23.4,Northamptonshire,Kent,CO Thurston,R Vasconcelos,ML Cummins,4,0,,,,,,,,,,,,,
1244215,2021,2021-04-08,"County Ground, Northampton",2,23.5,23.5,Northamptonshire,Kent,CO Thurston,R Vasconcelos,ML Cummins,1,0,,,,,,,,,,,,,
1244215,2021,2021-04-08,"County Ground, Northampton",2,23.6,23.6,Northamptonshire,Kent,R Vasconcelos,CO Thurston,ML Cummins,0,0,,,,,,,,,,,,,
1244215,2021,2021-04-08,"County Ground, Northampton",2,24.1,24.1,Northamptonshire,Kent,CO Thurston,R Vasconcelos,DI Stevens,1,0,,,,,,,,,,,,,
1244215,2021,2021-04-08,"County Ground, Northampton",2,24.2,24.2,Northamptonshire,Kent,R Vasconcelos,CO Thurston,DI Stevens,0,0,,,,,,,,,,,,,
1244215,2021,2021-04-08,"County Ground, Northampton",2,24.3,24.3,Northamptonshire,Kent,R Vasconcelos,CO Thurston,DI Stevens,0,0,,,,,,,,,,,,,
1244215,2021,2021-04-08,"County Ground, Northampton",2,24.4,24.4,Northamptonshire,Kent,R Vasconcelos,CO Thurston,DI Stevens,0,0,,,,,,,,,,,,,
1244215,2021,2021-04-08,"County Ground, Northampton",2,24.5,24.5,Northamptonshire,Kent,R Vasconcelos,CO Thurston,DI Stevens,0,0,,,,,,,,,,,,,
1244215,2021,2021-04-08,"County Ground, Northampton",2,24.6,24.6,Northamptonshire,Kent,R Vasconcelos,CO Thurston,DI Stevens,2,0,,,,,,,,,,,,,
1244215,2021,2021-04-08,"County Ground, Northampton",2,25.1,25.1,Northamptonshire,Kent,CO Thurston,R Vasconcelos,HW Podmore,4,0,,,,,,,,,,,,,
1244215,2021,2021-04-08,"County Ground, Northampton",2,25.2,25.2,Northamptonshire,Kent,CO Thurston,R Vasconcelos,HW Podmore,0,0,,,,,,,,,,,,,
1244215,2021,2021-04-08,"County Ground, Northampton",2,25.3,25.3,Northamptonshire,Kent,CO Thurston,R Vasconcelos,HW Podmore,0,0,,,,,,,,,,,,,
1244215,2021,2021-04-08,"County Ground, Northampton",2,25.4,25.4,Northamptonshire,Kent,CO Thurston,R Vasconcelos,HW Podmore,0,0,,,,,,,,,,,,,
1244215,2021,2021-04-08,"County Ground, Northampton",2,25.5,25.5,Northamptonshire,Kent,CO Thurston,R Vasconcelos,HW Podmore,1,0,,,,,,,,,,,,,
1244215,2021,2021-04-08,"County Ground, Northampton",2,25.6,25.6,Northamptonshire,Kent,R Vasconcelos,CO Thurston,HW Podmore,0,0,,,,,,,,,,,,,
1244215,2021,2021-04-08,"County Ground, Northampton",2,26.1,26.1,Northamptonshire,Kent,CO Thurston,R Vasconcelos,DI Stevens,0,0,,,,,,,,,,,,,
1244215,2021,2021-04-08,"County Ground, Northampton",2,26.2,26.2,Northamptonshire,Kent,CO Thurston,R Vasconcelos,DI Stevens,0,0,,,,,,,,,,,,,
1244215,2021,2021-04-08,"County Ground, Northampton",2,26.3,26.3,Northamptonshire,Kent,CO Thurston,R Vasconcelos,DI Stevens,0,0,,,,,,,,,,,,,
1244215,2021,2021-04-08,"County Ground, Northampton",2,26.4,26.4,Northamptonshire,Kent,CO Thurston,R Vasconcelos,DI Stevens,0,0,,,,,,,,,,,,,
1244215,2021,2021-04-08,"County Ground, Northampton",2,26.5,26.5,Northamptonshire,Kent,CO Thurston,R Vasconcelos,DI Stevens,0,0,,,,,,,,,,,,,
1244215,2021,2021-04-08,"County Ground, Northampton",2,26.6,26.6,Northamptonshire,Kent,CO Thurston,R Vasconcelos,DI Stevens,2,0,,,,,,,,,,,,,
1244215,2021,2021-04-08,"County Ground, Northampton",2,27.1,27.1,Northamptonshire,Kent,R Vasconcelos,CO Thurston,HW Podmore,0,0,,,,,,,,,,,,,
1244215,2021,2021-04-08,"County Ground, Northampton",2,27.2,27.2,Northamptonshire,Kent,R Vasconcelos,CO Thurston,HW Podmore,0,0,,,,,,,,,,,,,
1244215,2021,2021-04-08,"County Ground, Northampton",2,27.3,27.3,Northamptonshire,Kent,R Vasconcelos,CO Thurston,HW Podmore,1,0,,,,,,,,,,,,,
1244215,2021,2021-04-08,"County Ground, Northampton",2,27.4,27.4,Northamptonshire,Kent,CO Thurston,R Vasconcelos,HW Podmore,0,2,,2,,,,,,,,,,,
1244215,2021,2021-04-08,"County Ground, Northampton",2,27.5,27.4,Northamptonshire,Kent,CO Thurston,R Vasconcelos,HW Podmore,0,0,,,,,,,bowled,CO Thurston,,,,,
1244215,2021,2021-04-08,"County Ground, Northampton",2,27.6,27.5,Northamptonshire,Kent,RI Keogh,R Vasconcelos,HW Podmore,0,0,,,,,,,,,,,,,
1244215,2021,2021-04-08,"County Ground, Northampton",2,27.7,27.6,Northamptonshire,Kent,RI Keogh,R Vasconcelos,HW Podmore,0,0,,,,,,,,,,,,,
1244215,2021,2021-04-08,"County Ground, Northampton",2,28.1,28.1,Northamptonshire,Kent,R Vasconcelos,RI Keogh,DI Stevens,2,0,,,,,,,,,,,,,
1244215,2021,2021-04-08,"County Ground, Northampton",2,28.2,28.2,Northamptonshire,Kent,R Vasconcelos,RI Keogh,DI Stevens,0,0,,,,,,,,,,,,,
1244215,2021,2021-04-08,"County Ground, Northampton",2,28.3,28.3,Northamptonshire,Kent,R Vasconcelos,RI Keogh,DI Stevens,1,0,,,,,,,,,,,,,
1244215,2021,2021-04-08,"County Ground, Northampton",2,28.4,28.4,Northamptonshire,Kent,RI Keogh,R Vasconcelos,DI Stevens,0,0,,,,,,,,,,,,,
1244215,2021,2021-04-08,"County Ground, Northampton",2,28.5,28.5,Northamptonshire,Kent,RI Keogh,R Vasconcelos,DI Stevens,0,0,,,,,,,,,,,,,
1244215,2021,2021-04-08,"County Ground, Northampton",2,28.6,28.6,Northamptonshire,Kent,RI Keogh,R Vasconcelos,DI Stevens,0,0,,,,,,,,,,,,,
1244215,2021,2021-04-08,"County Ground, Northampton",2,29.1,29.1,Northamptonshire,Kent,R Vasconcelos,RI Keogh,HW Podmore,0,0,,,,,,,,,,,,,
1244215,2021,2021-04-08,"County Ground, Northampton",2,29.2,29.2,Northamptonshire,Kent,R Vasconcelos,RI Keogh,HW Podmore,2,0,,,,,,,,,,,,,
1244215,2021,2021-04-08,"County Ground, Northampton",2,29.3,29.3,Northamptonshire,Kent,R Vasconcelos,RI Keogh,HW Podmore,1,0,,,,,,,,,,,,,
1244215,2021,2021-04-08,"County Ground, Northampton",2,29.4,29.4,Northamptonshire,Kent,RI Keogh,R Vasconcelos,HW Podmore,0,0,,,,,,,,,,,,,
1244215,2021,2021-04-08,"County Ground, Northampton",2,29.5,29.5,Northamptonshire,Kent,RI Keogh,R Vasconcelos,HW Podmore,0,0,,,,,,,,,,,,,
1244215,2021,2021-04-08,"County Ground, Northampton",2,29.6,29.6,Northamptonshire,Kent,RI Keogh,R Vasconcelos,HW Podmore,0,0,,,,,,,,,,,,,
1244215,2021,2021-04-08,"County Ground, Northampton",2,30.1,30.1,Northamptonshire,Kent,R Vasconcelos,RI Keogh,ME Milnes,0,0,,,,,,,,,,,,,
1244215,2021,2021-04-08,"County Ground, Northampton",2,30.2,30.2,Northamptonshire,Kent,R Vasconcelos,RI Keogh,ME Milnes,0,0,,,,,,,,,,,,,
1244215,2021,2021-04-08,"County Ground, Northampton",2,30.3,30.3,Northamptonshire,Kent,R Vasconcelos,RI Keogh,ME Milnes,0,0,,,,,,,,,,,,,
1244215,2021,2021-04-08,"County Ground, Northampton",2,30.4,30.4,Northamptonshire,Kent,R Vasconcelos,RI Keogh,ME Milnes,0,0,,,,,,,,,,,,,
1244215,2021,2021-04-08,"County Ground, Northampton",2,30.5,30.5,Northamptonshire,Kent,R Vasconcelos,RI Keogh,ME Milnes,1,0,,,,,,,,,,,,,
1244215,2021,2021-04-08,"County Ground, Northampton",2,30.6,30.6,Northamptonshire,Kent,RI Keogh,R Vasconcelos,ME Milnes,0,0,,,,,,,,,,,,,
1244215,2021,2021-04-08,"County Ground, Northampton",2,31.1,31.1,Northamptonshire,Kent,R Vasconcelos,RI Keogh,HW Podmore,0,0,,,,,,,,,,,,,
1244215,2021,2021-04-08,"County Ground, Northampton",2,31.2,31.2,Northamptonshire,Kent,R Vasconcelos,RI Keogh,HW Podmore,0,0,,,,,,,,,,,,,
1244215,2021,2021-04-08,"County Ground, Northampton",2,31.3,31.3,Northamptonshire,Kent,R Vasconcelos,RI Keogh,HW Podmore,0,0,,,,,,,,,,,,,
1244215,2021,2021-04-08,"County Ground, Northampton",2,31.4,31.4,Northamptonshire,Kent,R Vasconcelos,RI Keogh,HW Podmore,1,0,,,,,,,,,,,,,
1244215,2021,2021-04-08,"County Ground, Northampton",2,31.5,31.5,Northamptonshire,Kent,RI Keogh,R Vasconcelos,HW Podmore,0,0,,,,,,,,,,,,,
1244215,2021,2021-04-08,"County Ground, Northampton",2,31.6,31.6,Northamptonshire,Kent,RI Keogh,R Vasconcelos,HW Podmore,1,0,,,,,,,,,,,,,
1244215,2021,2021-04-08,"County Ground, Northampton",2,32.1,32.1,Northamptonshire,Kent,RI Keogh,R Vasconcelos,ME Milnes,0,0,,,,,,,,,,,,,
1244215,2021,2021-04-08,"County Ground, Northampton",2,32.2,32.2,Northamptonshire,Kent,RI Keogh,R Vasconcelos,ME Milnes,0,0,,,,,,,,,,,,,
1244215,2021,2021-04-08,"County Ground, Northampton",2,32.3,32.3,Northamptonshire,Kent,RI Keogh,R Vasconcelos,ME Milnes,0,0,,,,,,,,,,,,,
1244215,2021,2021-04-08,"County Ground, Northampton",2,32.4,32.4,Northamptonshire,Kent,RI Keogh,R Vasconcelos,ME Milnes,1,0,,,,,,,,,,,,,
1244215,2021,2021-04-08,"County Ground, Northampton",2,32.5,32.5,Northamptonshire,Kent,R Vasconcelos,RI Keogh,ME Milnes,1,0,,,,,,,,,,,,,
1244215,2021,2021-04-08,"County Ground, Northampton",2,32.6,32.6,Northamptonshire,Kent,RI Keogh,R Vasconcelos,ME Milnes,0,0,,,,,,,,,,,,,
1244215,2021,2021-04-08,"County Ground, Northampton",2,33.1,33.1,Northamptonshire,Kent,R Vasconcelos,RI Keogh,HW Podmore,1,0,,,,,,,,,,,,,
1244215,2021,2021-04-08,"County Ground, Northampton",2,33.2,33.2,Northamptonshire,Kent,RI Keogh,R Vasconcelos,HW Podmore,0,0,,,,,,,,,,,,,
1244215,2021,2021-04-08,"County Ground, Northampton",2,33.3,33.3,Northamptonshire,Kent,RI Keogh,R Vasconcelos,HW Podmore,0,0,,,,,,,,,,,,,
1244215,2021,2021-04-08,"County Ground, Northampton",2,33.4,33.4,Northamptonshire,Kent,RI Keogh,R Vasconcelos,HW Podmore,2,0,,,,,,,,,,,,,
1244215,2021,2021-04-08,"County Ground, Northampton",2,33.5,33.5,Northamptonshire,Kent,RI Keogh,R Vasconcelos,HW Podmore,0,0,,,,,,,,,,,,,
1244215,2021,2021-04-08,"County Ground, Northampton",2,33.6,33.6,Northamptonshire,Kent,RI Keogh,R Vasconcelos,HW Podmore,0,0,,,,,,,,,,,,,
1244215,2021,2021-04-08,"County Ground, Northampton",2,34.1,34.1,Northamptonshire,Kent,R Vasconcelos,RI Keogh,ME Milnes,1,0,,,,,,,,,,,,,
1244215,2021,2021-04-08,"County Ground, Northampton",2,34.2,34.2,Northamptonshire,Kent,RI Keogh,R Vasconcelos,ME Milnes,0,0,,,,,,,,,,,,,
1244215,2021,2021-04-08,"County Ground, Northampton",2,34.3,34.3,Northamptonshire,Kent,RI Keogh,R Vasconcelos,ME Milnes,0,0,,,,,,,,,,,,,
1244215,2021,2021-04-08,"County Ground, Northampton",2,34.4,34.4,Northamptonshire,Kent,RI Keogh,R Vasconcelos,ME Milnes,0,0,,,,,,,,,,,,,
1244215,2021,2021-04-08,"County Ground, Northampton",2,34.5,34.5,Northamptonshire,Kent,RI Keogh,R Vasconcelos,ME Milnes,0,0,,,,,,,,,,,,,
1244215,2021,2021-04-08,"County Ground, Northampton",2,34.6,34.6,Northamptonshire,Kent,RI Keogh,R Vasconcelos,ME Milnes,0,0,,,,,,,,,,,,,
1244215,2021,2021-04-08,"County Ground, Northampton",2,35.1,35.1,Northamptonshire,Kent,R Vasconcelos,RI Keogh,HW Podmore,0,0,,,,,,,,,,,,,
1244215,2021,2021-04-08,"County Ground, Northampton",2,35.2,35.2,Northamptonshire,Kent,R Vasconcelos,RI Keogh,HW Podmore,0,0,,,,,,,,,,,,,
1244215,2021,2021-04-08,"County Ground, Northampton",2,35.3,35.3,Northamptonshire,Kent,R Vasconcelos,RI Keogh,HW Podmore,1,0,,,,,,,,,,,,,
1244215,2021,2021-04-08,"County Ground, Northampton",2,35.4,35.4,Northamptonshire,Kent,RI Keogh,R Vasconcelos,HW Podmore,0,0,,,,,,,,,,,,,
1244215,2021,2021-04-08,"County Ground, Northampton",2,35.5,35.5,Northamptonshire,Kent,RI Keogh,R Vasconcelos,HW Podmore,0,0,,,,,,,,,,,,,
1244215,2021,2021-04-08,"County Ground, Northampton",2,35.6,35.6,Northamptonshire,Kent,RI Keogh,R Vasconcelos,HW Podmore,0,0,,,,,,,,,,,,,
1244215,2021,2021-04-08,"County Ground, Northampton",2,36.1,36.1,Northamptonshire,Kent,R Vasconcelos,RI Keogh,ME Milnes,0,0,,,,,,,,,,,,,
1244215,2021,2021-04-08,"County Ground, Northampton",2,36.2,36.2,Northamptonshire,Kent,R Vasconcelos,RI Keogh,ME Milnes,1,0,,,,,,,,,,,,,
1244215,2021,2021-04-08,"County Ground, Northampton",2,36.3,36.3,Northamptonshire,Kent,RI Keogh,R Vasconcelos,ME Milnes,0,0,,,,,,,,,,,,,
1244215,2021,2021-04-08,"County Ground, Northampton",2,36.4,36.4,Northamptonshire,Kent,RI Keogh,R Vasconcelos,ME Milnes,0,0,,,,,,,,,,,,,
1244215,2021,2021-04-08,"County Ground, Northampton",2,36.5,36.5,Northamptonshire,Kent,RI Keogh,R Vasconcelos,ME Milnes,0,0,,,,,,,,,,,,,
1244215,2021,2021-04-08,"County Ground, Northampton",2,36.6,36.6,Northamptonshire,Kent,RI Keogh,R Vasconcelos,ME Milnes,0,0,,,,,,,,,,,,,
1244215,2021,2021-04-08,"County Ground, Northampton",2,37.1,37.1,Northamptonshire,Kent,R Vasconcelos,RI Keogh,HW Podmore,0,0,,,,,,,,,,,,,
1244215,2021,2021-04-08,"County Ground, Northampton",2,37.2,37.2,Northamptonshire,Kent,R Vasconcelos,RI Keogh,HW Podmore,0,0,,,,,,,,,,,,,
1244215,2021,2021-04-08,"County Ground, Northampton",2,37.3,37.3,Northamptonshire,Kent,R Vasconcelos,RI Keogh,HW Podmore,0,0,,,,,,,,,,,,,
1244215,2021,2021-04-08,"County Ground, Northampton",2,37.4,37.4,Northamptonshire,Kent,R Vasconcelos,RI Keogh,HW Podmore,1,0,,,,,,,,,,,,,
1244215,2021,2021-04-08,"County Ground, Northampton",2,37.5,37.5,Northamptonshire,Kent,RI Keogh,R Vasconcelos,HW Podmore,0,0,,,,,,,,,,,,,
1244215,2021,2021-04-08,"County Ground, Northampton",2,37.6,37.6,Northamptonshire,Kent,RI Keogh,R Vasconcelos,HW Podmore,0,0,,,,,,,,,,,,,
1244215,2021,2021-04-08,"County Ground, Northampton",2,38.1,38.1,Northamptonshire,Kent,R Vasconcelos,RI Keogh,ME Milnes,0,0,,,,,,,,,,,,,
1244215,2021,2021-04-08,"County Ground, Northampton",2,38.2,38.2,Northamptonshire,Kent,R Vasconcelos,RI Keogh,ME Milnes,1,0,,,,,,,,,,,,,
1244215,2021,2021-04-08,"County Ground, Northampton",2,38.3,38.3,Northamptonshire,Kent,RI Keogh,R Vasconcelos,ME Milnes,1,0,,,,,,,,,,,,,
1244215,2021,2021-04-08,"County Ground, Northampton",2,38.4,38.4,Northamptonshire,Kent,R Vasconcelos,RI Keogh,ME Milnes,3,0,,,,,,,,,,,,,
1244215,2021,2021-04-08,"County Ground, Northampton",2,38.5,38.5,Northamptonshire,Kent,RI Keogh,R Vasconcelos,ME Milnes,1,0,,,,,,,,,,,,,
1244215,2021,2021-04-08,"County Ground, Northampton",2,38.6,38.6,Northamptonshire,Kent,R Vasconcelos,RI Keogh,ME Milnes,1,0,,,,,,,,,,,,,
1244215,2021,2021-04-08,"County Ground, Northampton",2,39.1,39.1,Northamptonshire,Kent,R Vasconcelos,RI Keogh,ML Cummins,1,0,,,,,,,,,,,,,
1244215,2021,2021-04-08,"County Ground, Northampton",2,39.2,39.2,Northamptonshire,Kent,RI Keogh,R Vasconcelos,ML Cummins,1,0,,,,,,,,,,,,,
1244215,2021,2021-04-08,"County Ground, Northampton",2,39.3,39.3,Northamptonshire,Kent,R Vasconcelos,RI Keogh,ML Cummins,1,2,,2,,,,,,,,,,,
1244215,2021,2021-04-08,"County Ground, Northampton",2,39.4,39.3,Northamptonshire,Kent,RI Keogh,R Vasconcelos,ML Cummins,4,0,,,,,,,,,,,,,
1244215,2021,2021-04-08,"County Ground, Northampton",2,39.5,39.4,Northamptonshire,Kent,RI Keogh,R Vasconcelos,ML Cummins,1,0,,,,,,,,,,,,,
1244215,2021,2021-04-08,"County Ground, Northampton",2,39.6,39.5,Northamptonshire,Kent,R Vasconcelos,RI Keogh,ML Cummins,1,0,,,,,,,,,,,,,
1244215,2021,2021-04-08,"County Ground, Northampton",2,39.7,39.6,Northamptonshire,Kent,RI Keogh,R Vasconcelos,ML Cummins,0,0,,,,,,,,,,,,,
1244215,2021,2021-04-08,"County Ground, Northampton",2,40.1,40.1,Northamptonshire,Kent,R Vasconcelos,RI Keogh,ME Milnes,0,0,,,,,,,,,,,,,
1244215,2021,2021-04-08,"County Ground, Northampton",2,40.2,40.2,Northamptonshire,Kent,R Vasconcelos,RI Keogh,ME Milnes,4,0,,,,,,,,,,,,,
1244215,2021,2021-04-08,"County Ground, Northampton",2,40.3,40.3,Northamptonshire,Kent,R Vasconcelos,RI Keogh,ME Milnes,2,0,,,,,,,,,,,,,
1244215,2021,2021-04-08,"County Ground, Northampton",2,40.4,40.4,Northamptonshire,Kent,R Vasconcelos,RI Keogh,ME Milnes,0,0,,,,,,,,,,,,,
1244215,2021,2021-04-08,"County Ground, Northampton",2,40.5,40.5,Northamptonshire,Kent,R Vasconcelos,RI Keogh,ME Milnes,0,0,,,,,,,,,,,,,
1244215,2021,2021-04-08,"County Ground, Northampton",2,40.6,40.6,Northamptonshire,Kent,R Vasconcelos,RI Keogh,ME Milnes,0,0,,,,,,,,,,,,,
1244215,2021,2021-04-08,"County Ground, Northampton",2,41.1,41.1,Northamptonshire,Kent,RI Keogh,R Vasconcelos,ML Cummins,1,0,,,,,,,,,,,,,
1244215,2021,2021-04-08,"County Ground, Northampton",2,41.2,41.2,Northamptonshire,Kent,R Vasconcelos,RI Keogh,ML Cummins,0,0,,,,,,,,,,,,,
1244215,2021,2021-04-08,"County Ground, Northampton",2,41.3,41.3,Northamptonshire,Kent,R Vasconcelos,RI Keogh,ML Cummins,4,0,,,,,,,,,,,,,
1244215,2021,2021-04-08,"County Ground, Northampton",2,41.4,41.4,Northamptonshire,Kent,R Vasconcelos,RI Keogh,ML Cummins,4,0,,,,,,,,,,,,,
1244215,2021,2021-04-08,"County Ground, Northampton",2,41.5,41.5,Northamptonshire,Kent,R Vasconcelos,RI Keogh,ML Cummins,4,0,,,,,,,,,,,,,
1244215,2021,2021-04-08,"County Ground, Northampton",2,41.6,41.6,Northamptonshire,Kent,R Vasconcelos,RI Keogh,ML Cummins,0,0,,,,,,,,,,,,,
1244215,2021,2021-04-08,"County Ground, Northampton",2,42.1,42.1,Northamptonshire,Kent,RI Keogh,R Vasconcelos,ME Milnes,1,0,,,,,,,,,,,,,
1244215,2021,2021-04-08,"County Ground, Northampton",2,42.2,42.2,Northamptonshire,Kent,R Vasconcelos,RI Keogh,ME Milnes,2,0,,,,,,,,,,,,,
1244215,2021,2021-04-08,"County Ground, Northampton",2,42.3,42.3,Northamptonshire,Kent,R Vasconcelos,RI Keogh,ME Milnes,0,0,,,,,,,,,,,,,
1244215,2021,2021-04-08,"County Ground, Northampton",2,42.4,42.4,Northamptonshire,Kent,R Vasconcelos,RI Keogh,ME Milnes,0,0,,,,,,,,,,,,,
1244215,2021,2021-04-08,"County Ground, Northampton",2,42.5,42.5,Northamptonshire,Kent,R Vasconcelos,RI Keogh,ME Milnes,4,0,,,,,,,,,,,,,
1244215,2021,2021-04-08,"County Ground, Northampton",2,42.6,42.6,Northamptonshire,Kent,R Vasconcelos,RI Keogh,ME Milnes,1,0,,,,,,,,,,,,,
1244215,2021,2021-04-08,"County Ground, Northampton",2,43.1,43.1,Northamptonshire,Kent,R Vasconcelos,RI Keogh,ML Cummins,0,0,,,,,,,,,,,,,
1244215,2021,2021-04-08,"County Ground, Northampton",2,43.2,43.2,Northamptonshire,Kent,R Vasconcelos,RI Keogh,ML Cummins,0,0,,,,,,,,,,,,,
1244215,2021,2021-04-08,"County Ground, Northampton",2,43.3,43.3,Northamptonshire,Kent,R Vasconcelos,RI Keogh,ML Cummins,1,0,,,,,,,,,,,,,
1244215,2021,2021-04-08,"County Ground, Northampton",2,43.4,43.4,Northamptonshire,Kent,RI Keogh,R Vasconcelos,ML Cummins,0,0,,,,,,,,,,,,,
1244215,2021,2021-04-08,"County Ground, Northampton",2,43.5,43.5,Northamptonshire,Kent,RI Keogh,R Vasconcelos,ML Cummins,0,0,,,,,,,,,,,,,
1244215,2021,2021-04-08,"County Ground, Northampton",2,43.6,43.6,Northamptonshire,Kent,RI Keogh,R Vasconcelos,ML Cummins,0,0,,,,,,,,,,,,,
1244215,2021,2021-04-08,"County Ground, Northampton",2,44.1,44.1,Northamptonshire,Kent,R Vasconcelos,RI Keogh,ME Milnes,0,0,,,,,,,,,,,,,
1244215,2021,2021-04-08,"County Ground, Northampton",2,44.2,44.2,Northamptonshire,Kent,R Vasconcelos,RI Keogh,ME Milnes,0,0,,,,,,,,,,,,,
1244215,2021,2021-04-08,"County Ground, Northampton",2,44.3,44.3,Northamptonshire,Kent,R Vasconcelos,RI Keogh,ME Milnes,4,0,,,,,,,,,,,,,
1244215,2021,2021-04-08,"County Ground, Northampton",2,44.4,44.4,Northamptonshire,Kent,R Vasconcelos,RI Keogh,ME Milnes,0,0,,,,,,,,,,,,,
1244215,2021,2021-04-08,"County Ground, Northampton",2,44.5,44.5,Northamptonshire,Kent,R Vasconcelos,RI Keogh,ME Milnes,0,0,,,,,,,,,,,,,
1244215,2021,2021-04-08,"County Ground, Northampton",2,44.6,44.6,Northamptonshire,Kent,R Vasconcelos,RI Keogh,ME Milnes,0,0,,,,,,,,,,,,,
1244215,2021,2021-04-08,"County Ground, Northampton",2,45.1,45.1,Northamptonshire,Kent,RI Keogh,R Vasconcelos,ML Cummins,0,0,,,,,,,,,,,,,
1244215,2021,2021-04-08,"County Ground, Northampton",2,45.2,45.2,Northamptonshire,Kent,RI Keogh,R Vasconcelos,ML Cummins,0,0,,,,,,,,,,,,,
1244215,2021,2021-04-08,"County Ground, Northampton",2,45.3,45.3,Northamptonshire,Kent,RI Keogh,R Vasconcelos,ML Cummins,1,0,,,,,,,,,,,,,
1244215,2021,2021-04-08,"County Ground, Northampton",2,45.4,45.4,Northamptonshire,Kent,R Vasconcelos,RI Keogh,ML Cummins,1,0,,,,,,,,,,,,,
1244215,2021,2021-04-08,"County Ground, Northampton",2,45.5,45.5,Northamptonshire,Kent,RI Keogh,R Vasconcelos,ML Cummins,1,0,,,,,,,,,,,,,
1244215,2021,2021-04-08,"County Ground, Northampton",2,45.6,45.6,Northamptonshire,Kent,R Vasconcelos,RI Keogh,ML Cummins,4,0,,,,,,,,,,,,,
1244215,2021,2021-04-08,"County Ground, Northampton",2,46.1,46.1,Northamptonshire,Kent,RI Keogh,R Vasconcelos,ME Milnes,0,0,,,,,,,,,,,,,
1244215,2021,2021-04-08,"County Ground, Northampton",2,46.2,46.2,Northamptonshire,Kent,RI Keogh,R Vasconcelos,ME Milnes,0,0,,,,,,,,,,,,,
1244215,2021,2021-04-08,"County Ground, Northampton",2,46.3,46.3,Northamptonshire,Kent,RI Keogh,R Vasconcelos,ME Milnes,0,0,,,,,,,,,,,,,
1244215,2021,2021-04-08,"County Ground, Northampton",2,46.4,46.4,Northamptonshire,Kent,RI Keogh,R Vasconcelos,ME Milnes,0,0,,,,,,,,,,,,,
1244215,2021,2021-04-08,"County Ground, Northampton",2,46.5,46.5,Northamptonshire,Kent,RI Keogh,R Vasconcelos,ME Milnes,0,0,,,,,,,,,,,,,
1244215,2021,2021-04-08,"County Ground, Northampton",2,46.6,46.6,Northamptonshire,Kent,RI Keogh,R Vasconcelos,ME Milnes,4,0,,,,,,,,,,,,,
1244215,2021,2021-04-08,"County Ground, Northampton",2,47.1,47.1,Northamptonshire,Kent,R Vasconcelos,RI Keogh,G Stewart,0,0,,,,,,,,,,,,,
1244215,2021,2021-04-08,"County Ground, Northampton",2,47.2,47.2,Northamptonshire,Kent,R Vasconcelos,RI Keogh,G Stewart,1,0,,,,,,,,,,,,,
1244215,2021,2021-04-08,"County Ground, Northampton",2,47.3,47.3,Northamptonshire,Kent,RI Keogh,R Vasconcelos,G Stewart,0,0,,,,,,,,,,,,,
1244215,2021,2021-04-08,"County Ground, Northampton",2,47.4,47.4,Northamptonshire,Kent,RI Keogh,R Vasconcelos,G Stewart,0,0,,,,,,,,,,,,,
1244215,2021,2021-04-08,"County Ground, Northampton",2,47.5,47.5,Northamptonshire,Kent,RI Keogh,R Vasconcelos,G Stewart,1,0,,,,,,,,,,,,,
1244215,2021,2021-04-08,"County Ground, Northampton",2,47.6,47.6,Northamptonshire,Kent,R Vasconcelos,RI Keogh,G Stewart,0,0,,,,,,,,,,,,,
1244215,2021,2021-04-08,"County Ground, Northampton",2,48.1,48.1,Northamptonshire,Kent,RI Keogh,R Vasconcelos,DI Stevens,0,0,,,,,,,,,,,,,
1244215,2021,2021-04-08,"County Ground, Northampton",2,48.2,48.2,Northamptonshire,Kent,RI Keogh,R Vasconcelos,DI Stevens,0,0,,,,,,,,,,,,,
1244215,2021,2021-04-08,"County Ground, Northampton",2,48.3,48.3,Northamptonshire,Kent,RI Keogh,R Vasconcelos,DI Stevens,0,0,,,,,,,,,,,,,
1244215,2021,2021-04-08,"County Ground, Northampton",2,48.4,48.4,Northamptonshire,Kent,RI Keogh,R Vasconcelos,DI Stevens,0,0,,,,,,,,,,,,,
1244215,2021,2021-04-08,"County Ground, Northampton",2,48.5,48.5,Northamptonshire,Kent,RI Keogh,R Vasconcelos,DI Stevens,0,0,,,,,,,,,,,,,
1244215,2021,2021-04-08,"County Ground, Northampton",2,48.6,48.6,Northamptonshire,Kent,RI Keogh,R Vasconcelos,DI Stevens,1,0,,,,,,,,,,,,,
1244215,2021,2021-04-08,"County Ground, Northampton",2,49.1,49.1,Northamptonshire,Kent,RI Keogh,R Vasconcelos,G Stewart,0,0,,,,,,,,,,,,,
1244215,2021,2021-04-08,"County Ground, Northampton",2,49.2,49.2,Northamptonshire,Kent,RI Keogh,R Vasconcelos,G Stewart,4,0,,,,,,,,,,,,,
1244215,2021,2021-04-08,"County Ground, Northampton",2,49.3,49.3,Northamptonshire,Kent,RI Keogh,R Vasconcelos,G Stewart,0,0,,,,,,,,,,,,,
1244215,2021,2021-04-08,"County Ground, Northampton",2,49.4,49.4,Northamptonshire,Kent,RI Keogh,R Vasconcelos,G Stewart,0,0,,,,,,,,,,,,,
1244215,2021,2021-04-08,"County Ground, Northampton",2,49.5,49.5,Northamptonshire,Kent,RI Keogh,R Vasconcelos,G Stewart,0,0,,,,,,,,,,,,,
1244215,2021,2021-04-08,"County Ground, Northampton",2,49.6,49.6,Northamptonshire,Kent,RI Keogh,R Vasconcelos,G Stewart,1,0,,,,,,,,,,,,,
1244215,2021,2021-04-08,"County Ground, Northampton",2,50.1,50.1,Northamptonshire,Kent,RI Keogh,R Vasconcelos,DI Stevens,0,0,,,,,,,,,,,,,
1244215,2021,2021-04-08,"County Ground, Northampton",2,50.2,50.2,Northamptonshire,Kent,RI Keogh,R Vasconcelos,DI Stevens,0,0,,,,,,,,,,,,,
1244215,2021,2021-04-08,"County Ground, Northampton",2,50.3,50.3,Northamptonshire,Kent,RI Keogh,R Vasconcelos,DI Stevens,0,0,,,,,,,,,,,,,
1244215,2021,2021-04-08,"County Ground, Northampton",2,50.4,50.4,Northamptonshire,Kent,RI Keogh,R Vasconcelos,DI Stevens,0,0,,,,,,,,,,,,,
1244215,2021,2021-04-08,"County Ground, Northampton",2,50.5,50.5,Northamptonshire,Kent,RI Keogh,R Vasconcelos,DI Stevens,0,0,,,,,,,,,,,,,
1244215,2021,2021-04-08,"County Ground, Northampton",2,50.6,50.6,Northamptonshire,Kent,RI Keogh,R Vasconcelos,DI Stevens,0,0,,,,,,,,,,,,,
1244215,2021,2021-04-08,"County Ground, Northampton",2,51.1,51.1,Northamptonshire,Kent,R Vasconcelos,RI Keogh,G Stewart,0,0,,,,,,,,,,,,,
1244215,2021,2021-04-08,"County Ground, Northampton",2,51.2,51.2,Northamptonshire,Kent,R Vasconcelos,RI Keogh,G Stewart,0,0,,,,,,,,,,,,,
1244215,2021,2021-04-08,"County Ground, Northampton",2,51.3,51.3,Northamptonshire,Kent,R Vasconcelos,RI Keogh,G Stewart,0,0,,,,,,,,,,,,,
1244215,2021,2021-04-08,"County Ground, Northampton",2,51.4,51.4,Northamptonshire,Kent,R Vasconcelos,RI Keogh,G Stewart,0,0,,,,,,,,,,,,,
1244215,2021,2021-04-08,"County Ground, Northampton",2,51.5,51.5,Northamptonshire,Kent,R Vasconcelos,RI Keogh,G Stewart,1,0,,,,,,,,,,,,,
1244215,2021,2021-04-08,"County Ground, Northampton",2,51.6,51.6,Northamptonshire,Kent,RI Keogh,R Vasconcelos,G Stewart,0,0,,,,,,,,,,,,,
1244215,2021,2021-04-08,"County Ground, Northampton",2,52.1,52.1,Northamptonshire,Kent,R Vasconcelos,RI Keogh,DI Stevens,1,0,,,,,,,,,,,,,
1244215,2021,2021-04-08,"County Ground, Northampton",2,52.2,52.2,Northamptonshire,Kent,RI Keogh,R Vasconcelos,DI Stevens,0,0,,,,,,,,,,,,,
1244215,2021,2021-04-08,"County Ground, Northampton",2,52.3,52.3,Northamptonshire,Kent,RI Keogh,R Vasconcelos,DI Stevens,0,0,,,,,,,,,,,,,
1244215,2021,2021-04-08,"County Ground, Northampton",2,52.4,52.4,Northamptonshire,Kent,RI Keogh,R Vasconcelos,DI Stevens,0,0,,,,,,,,,,,,,
1244215,2021,2021-04-08,"County Ground, Northampton",2,52.5,52.5,Northamptonshire,Kent,RI Keogh,R Vasconcelos,DI Stevens,0,0,,,,,,,,,,,,,
1244215,2021,2021-04-08,"County Ground, Northampton",2,52.6,52.6,Northamptonshire,Kent,RI Keogh,R Vasconcelos,DI Stevens,0,0,,,,,,,,,,,,,
1244215,2021,2021-04-08,"County Ground, Northampton",2,53.1,53.1,Northamptonshire,Kent,R Vasconcelos,RI Keogh,G Stewart,0,0,,,,,,,,,,,,,
1244215,2021,2021-04-08,"County Ground, Northampton",2,53.2,53.2,Northamptonshire,Kent,R Vasconcelos,RI Keogh,G Stewart,1,0,,,,,,,,,,,,,
1244215,2021,2021-04-08,"County Ground, Northampton",2,53.3,53.3,Northamptonshire,Kent,RI Keogh,R Vasconcelos,G Stewart,0,0,,,,,,,,,,,,,
1244215,2021,2021-04-08,"County Ground, Northampton",2,53.4,53.4,Northamptonshire,Kent,RI Keogh,R Vasconcelos,G Stewart,0,0,,,,,,,,,,,,,
1244215,2021,2021-04-08,"County Ground, Northampton",2,53.5,53.5,Northamptonshire,Kent,RI Keogh,R Vasconcelos,G Stewart,0,0,,,,,,,,,,,,,
1244215,2021,2021-04-08,"County Ground, Northampton",2,53.6,53.6,Northamptonshire,Kent,RI Keogh,R Vasconcelos,G Stewart,0,0,,,,,,,,,,,,,
1244215,2021,2021-04-08,"County Ground, Northampton",2,54.1,54.1,Northamptonshire,Kent,R Vasconcelos,RI Keogh,DI Stevens,2,0,,,,,,,,,,,,,
1244215,2021,2021-04-08,"County Ground, Northampton",2,54.2,54.2,Northamptonshire,Kent,R Vasconcelos,RI Keogh,DI Stevens,0,0,,,,,,,,,,,,,
1244215,2021,2021-04-08,"County Ground, Northampton",2,54.3,54.3,Northamptonshire,Kent,R Vasconcelos,RI Keogh,DI Stevens,0,0,,,,,,,,,,,,,
1244215,2021,2021-04-08,"County Ground, Northampton",2,54.4,54.4,Northamptonshire,Kent,R Vasconcelos,RI Keogh,DI Stevens,0,0,,,,,,,,,,,,,
1244215,2021,2021-04-08,"County Ground, Northampton",2,54.5,54.5,Northamptonshire,Kent,R Vasconcelos,RI Keogh,DI Stevens,0,0,,,,,,,,,,,,,
1244215,2021,2021-04-08,"County Ground, Northampton",2,54.6,54.6,Northamptonshire,Kent,R Vasconcelos,RI Keogh,DI Stevens,0,0,,,,,,,,,,,,,
1244215,2021,2021-04-08,"County Ground, Northampton",2,55.1,55.1,Northamptonshire,Kent,RI Keogh,R Vasconcelos,G Stewart,0,0,,,,,,,,,,,,,
1244215,2021,2021-04-08,"County Ground, Northampton",2,55.2,55.2,Northamptonshire,Kent,RI Keogh,R Vasconcelos,G Stewart,0,0,,,,,,,,,,,,,
1244215,2021,2021-04-08,"County Ground, Northampton",2,55.3,55.3,Northamptonshire,Kent,RI Keogh,R Vasconcelos,G Stewart,0,0,,,,,,,,,,,,,
1244215,2021,2021-04-08,"County Ground, Northampton",2,55.4,55.4,Northamptonshire,Kent,RI Keogh,R Vasconcelos,G Stewart,0,0,,,,,,,,,,,,,
1244215,2021,2021-04-08,"County Ground, Northampton",2,55.5,55.5,Northamptonshire,Kent,RI Keogh,R Vasconcelos,G Stewart,0,0,,,,,,,,,,,,,
1244215,2021,2021-04-08,"County Ground, Northampton",2,55.6,55.6,Northamptonshire,Kent,RI Keogh,R Vasconcelos,G Stewart,0,0,,,,,,,,,,,,,
1244215,2021,2021-04-08,"County Ground, Northampton",2,56.1,56.1,Northamptonshire,Kent,R Vasconcelos,RI Keogh,DI Stevens,0,0,,,,,,,,,,,,,
1244215,2021,2021-04-08,"County Ground, Northampton",2,56.2,56.2,Northamptonshire,Kent,R Vasconcelos,RI Keogh,DI Stevens,0,0,,,,,,,,,,,,,
1244215,2021,2021-04-08,"County Ground, Northampton",2,56.3,56.3,Northamptonshire,Kent,R Vasconcelos,RI Keogh,DI Stevens,0,0,,,,,,,,,,,,,
1244215,2021,2021-04-08,"County Ground, Northampton",2,56.4,56.4,Northamptonshire,Kent,R Vasconcelos,RI Keogh,DI Stevens,1,0,,,,,,,,,,,,,
1244215,2021,2021-04-08,"County Ground, Northampton",2,56.5,56.5,Northamptonshire,Kent,RI Keogh,R Vasconcelos,DI Stevens,0,0,,,,,,,,,,,,,
1244215,2021,2021-04-08,"County Ground, Northampton",2,56.6,56.6,Northamptonshire,Kent,RI Keogh,R Vasconcelos,DI Stevens,0,0,,,,,,,,,,,,,
1244215,2021,2021-04-08,"County Ground, Northampton",2,57.1,57.1,Northamptonshire,Kent,R Vasconcelos,RI Keogh,G Stewart,0,0,,,,,,,,,,,,,
1244215,2021,2021-04-08,"County Ground, Northampton",2,57.2,57.2,Northamptonshire,Kent,R Vasconcelos,RI Keogh,G Stewart,1,0,,,,,,,,,,,,,
1244215,2021,2021-04-08,"County Ground, Northampton",2,57.3,57.3,Northamptonshire,Kent,RI Keogh,R Vasconcelos,G Stewart,0,0,,,,,,,,,,,,,
1244215,2021,2021-04-08,"County Ground, Northampton",2,57.4,57.4,Northamptonshire,Kent,RI Keogh,R Vasconcelos,G Stewart,0,0,,,,,,,,,,,,,
1244215,2021,2021-04-08,"County Ground, Northampton",2,57.5,57.5,Northamptonshire,Kent,RI Keogh,R Vasconcelos,G Stewart,0,0,,,,,,,,,,,,,
1244215,2021,2021-04-08,"County Ground, Northampton",2,57.6,57.6,Northamptonshire,Kent,RI Keogh,R Vasconcelos,G Stewart,1,0,,,,,,,,,,,,,
1244215,2021,2021-04-08,"County Ground, Northampton",2,58.1,58.1,Northamptonshire,Kent,RI Keogh,R Vasconcelos,DI Stevens,4,0,,,,,,,,,,,,,
1244215,2021,2021-04-08,"County Ground, Northampton",2,58.2,58.2,Northamptonshire,Kent,RI Keogh,R Vasconcelos,DI Stevens,0,0,,,,,,,,,,,,,
1244215,2021,2021-04-08,"County Ground, Northampton",2,58.3,58.3,Northamptonshire,Kent,RI Keogh,R Vasconcelos,DI Stevens,0,0,,,,,,,,,,,,,
1244215,2021,2021-04-08,"County Ground, Northampton",2,58.4,58.4,Northamptonshire,Kent,RI Keogh,R Vasconcelos,DI Stevens,1,0,,,,,,,,,,,,,
1244215,2021,2021-04-08,"County Ground, Northampton",2,58.5,58.5,Northamptonshire,Kent,R Vasconcelos,RI Keogh,DI Stevens,0,0,,,,,,,,,,,,,
1244215,2021,2021-04-08,"County Ground, Northampton",2,58.6,58.6,Northamptonshire,Kent,R Vasconcelos,RI Keogh,DI Stevens,0,0,,,,,,,,,,,,,
1244215,2021,2021-04-08,"County Ground, Northampton",2,59.1,59.1,Northamptonshire,Kent,RI Keogh,R Vasconcelos,G Stewart,0,0,,,,,,,,,,,,,
1244215,2021,2021-04-08,"County Ground, Northampton",2,59.2,59.2,Northamptonshire,Kent,RI Keogh,R Vasconcelos,G Stewart,1,0,,,,,,,,,,,,,
1244215,2021,2021-04-08,"County Ground, Northampton",2,59.3,59.3,Northamptonshire,Kent,R Vasconcelos,RI Keogh,G Stewart,0,0,,,,,,,,,,,,,
1244215,2021,2021-04-08,"County Ground, Northampton",2,59.4,59.4,Northamptonshire,Kent,R Vasconcelos,RI Keogh,G Stewart,1,0,,,,,,,,,,,,,
1244215,2021,2021-04-08,"County Ground, Northampton",2,59.5,59.5,Northamptonshire,Kent,RI Keogh,R Vasconcelos,G Stewart,0,0,,,,,,,,,,,,,
1244215,2021,2021-04-08,"County Ground, Northampton",2,59.6,59.6,Northamptonshire,Kent,RI Keogh,R Vasconcelos,G Stewart,0,0,,,,,,,,,,,,,
1244215,2021,2021-04-08,"County Ground, Northampton",2,60.1,60.1,Northamptonshire,Kent,R Vasconcelos,RI Keogh,JA Leaning,0,0,,,,,,,,,,,,,
1244215,2021,2021-04-08,"County Ground, Northampton",2,60.2,60.2,Northamptonshire,Kent,R Vasconcelos,RI Keogh,JA Leaning,0,0,,,,,,,,,,,,,
1244215,2021,2021-04-08,"County Ground, Northampton",2,60.3,60.3,Northamptonshire,Kent,R Vasconcelos,RI Keogh,JA Leaning,0,0,,,,,,,,,,,,,
1244215,2021,2021-04-08,"County Ground, Northampton",2,60.4,60.4,Northamptonshire,Kent,R Vasconcelos,RI Keogh,JA Leaning,0,0,,,,,,,,,,,,,
1244215,2021,2021-04-08,"County Ground, Northampton",2,60.5,60.5,Northamptonshire,Kent,R Vasconcelos,RI Keogh,JA Leaning,1,0,,,,,,,,,,,,,
1244215,2021,2021-04-08,"County Ground, Northampton",2,60.6,60.6,Northamptonshire,Kent,RI Keogh,R Vasconcelos,JA Leaning,0,0,,,,,,,,,,,,,
1244215,2021,2021-04-08,"County Ground, Northampton",2,61.1,61.1,Northamptonshire,Kent,R Vasconcelos,RI Keogh,G Stewart,0,0,,,,,,,,,,,,,
1244215,2021,2021-04-08,"County Ground, Northampton",2,61.2,61.2,Northamptonshire,Kent,R Vasconcelos,RI Keogh,G Stewart,2,0,,,,,,,,,,,,,
1244215,2021,2021-04-08,"County Ground, Northampton",2,61.3,61.3,Northamptonshire,Kent,R Vasconcelos,RI Keogh,G Stewart,1,0,,,,,,,,,,,,,
1244215,2021,2021-04-08,"County Ground, Northampton",2,61.4,61.4,Northamptonshire,Kent,RI Keogh,R Vasconcelos,G Stewart,1,0,,,,,,,,,,,,,
1244215,2021,2021-04-08,"County Ground, Northampton",2,61.5,61.5,Northamptonshire,Kent,R Vasconcelos,RI Keogh,G Stewart,0,0,,,,,,,,,,,,,
1244215,2021,2021-04-08,"County Ground, Northampton",2,61.6,61.6,Northamptonshire,Kent,R Vasconcelos,RI Keogh,G Stewart,0,0,,,,,,,,,,,,,
1244215,2021,2021-04-08,"County Ground, Northampton",2,62.1,62.1,Northamptonshire,Kent,RI Keogh,R Vasconcelos,JA Leaning,0,0,,,,,,,,,,,,,
1244215,2021,2021-04-08,"County Ground, Northampton",2,62.2,62.2,Northamptonshire,Kent,RI Keogh,R Vasconcelos,JA Leaning,1,0,,,,,,,,,,,,,
1244215,2021,2021-04-08,"County Ground, Northampton",2,62.3,62.3,Northamptonshire,Kent,R Vasconcelos,RI Keogh,JA Leaning,1,0,,,,,,,,,,,,,
1244215,2021,2021-04-08,"County Ground, Northampton",2,62.4,62.4,Northamptonshire,Kent,RI Keogh,R Vasconcelos,JA Leaning,0,0,,,,,,,,,,,,,
1244215,2021,2021-04-08,"County Ground, Northampton",2,62.5,62.5,Northamptonshire,Kent,RI Keogh,R Vasconcelos,JA Leaning,0,0,,,,,,,,,,,,,
1244215,2021,2021-04-08,"County Ground, Northampton",2,62.6,62.6,Northamptonshire,Kent,RI Keogh,R Vasconcelos,JA Leaning,0,0,,,,,,,,,,,,,
1244215,2021,2021-04-08,"County Ground, Northampton",2,63.1,63.1,Northamptonshire,Kent,R Vasconcelos,RI Keogh,JL Denly,0,0,,,,,,,,,,,,,
1244215,2021,2021-04-08,"County Ground, Northampton",2,63.2,63.2,Northamptonshire,Kent,R Vasconcelos,RI Keogh,JL Denly,0,0,,,,,,,,,,,,,
1244215,2021,2021-04-08,"County Ground, Northampton",2,63.3,63.3,Northamptonshire,Kent,R Vasconcelos,RI Keogh,JL Denly,0,0,,,,,,,,,,,,,
1244215,2021,2021-04-08,"County Ground, Northampton",2,63.4,63.4,Northamptonshire,Kent,R Vasconcelos,RI Keogh,JL Denly,0,0,,,,,,,,,,,,,
1244215,2021,2021-04-08,"County Ground, Northampton",2,63.5,63.5,Northamptonshire,Kent,R Vasconcelos,RI Keogh,JL Denly,0,0,,,,,,,,,,,,,
1244215,2021,2021-04-08,"County Ground, Northampton",2,63.6,63.6,Northamptonshire,Kent,R Vasconcelos,RI Keogh,JL Denly,1,0,,,,,,,,,,,,,
1244215,2021,2021-04-08,"County Ground, Northampton",2,64.1,64.1,Northamptonshire,Kent,R Vasconcelos,RI Keogh,JA Leaning,0,0,,,,,,,,,,,,,
1244215,2021,2021-04-08,"County Ground, Northampton",2,64.2,64.2,Northamptonshire,Kent,R Vasconcelos,RI Keogh,JA Leaning,1,0,,,,,,,,,,,,,
1244215,2021,2021-04-08,"County Ground, Northampton",2,64.3,64.3,Northamptonshire,Kent,RI Keogh,R Vasconcelos,JA Leaning,0,0,,,,,,,,,,,,,
1244215,2021,2021-04-08,"County Ground, Northampton",2,64.4,64.4,Northamptonshire,Kent,RI Keogh,R Vasconcelos,JA Leaning,1,0,,,,,,,,,,,,,
1244215,2021,2021-04-08,"County Ground, Northampton",2,64.5,64.5,Northamptonshire,Kent,R Vasconcelos,RI Keogh,JA Leaning,4,0,,,,,,,,,,,,,
1244215,2021,2021-04-08,"County Ground, Northampton",2,64.6,64.6,Northamptonshire,Kent,R Vasconcelos,RI Keogh,JA Leaning,0,0,,,,,,,,,,,,,
1244215,2021,2021-04-08,"County Ground, Northampton",2,65.1,65.1,Northamptonshire,Kent,RI Keogh,R Vasconcelos,JL Denly,0,0,,,,,,,,,,,,,
1244215,2021,2021-04-08,"County Ground, Northampton",2,65.2,65.2,Northamptonshire,Kent,RI Keogh,R Vasconcelos,JL Denly,0,0,,,,,,,,,,,,,
1244215,2021,2021-04-08,"County Ground, Northampton",2,65.3,65.3,Northamptonshire,Kent,RI Keogh,R Vasconcelos,JL Denly,1,0,,,,,,,,,,,,,
1244215,2021,2021-04-08,"County Ground, Northampton",2,65.4,65.4,Northamptonshire,Kent,R Vasconcelos,RI Keogh,JL Denly,0,0,,,,,,,,,,,,,
1244215,2021,2021-04-08,"County Ground, Northampton",2,65.5,65.5,Northamptonshire,Kent,R Vasconcelos,RI Keogh,JL Denly,0,0,,,,,,,,,,,,,
1244215,2021,2021-04-08,"County Ground, Northampton",2,65.6,65.6,Northamptonshire,Kent,R Vasconcelos,RI Keogh,JL Denly,1,0,,,,,,,,,,,,,
1244215,2021,2021-04-08,"County Ground, Northampton",2,66.1,66.1,Northamptonshire,Kent,R Vasconcelos,RI Keogh,JA Leaning,0,0,,,,,,,,,,,,,
1244215,2021,2021-04-08,"County Ground, Northampton",2,66.2,66.2,Northamptonshire,Kent,R Vasconcelos,RI Keogh,JA Leaning,0,0,,,,,,,,,,,,,
1244215,2021,2021-04-08,"County Ground, Northampton",2,66.3,66.3,Northamptonshire,Kent,R Vasconcelos,RI Keogh,JA Leaning,0,0,,,,,,,,,,,,,
1244215,2021,2021-04-08,"County Ground, Northampton",2,66.4,66.4,Northamptonshire,Kent,R Vasconcelos,RI Keogh,JA Leaning,0,0,,,,,,,,,,,,,
1244215,2021,2021-04-08,"County Ground, Northampton",2,66.5,66.5,Northamptonshire,Kent,R Vasconcelos,RI Keogh,JA Leaning,0,0,,,,,,,,,,,,,
1244215,2021,2021-04-08,"County Ground, Northampton",2,66.6,66.6,Northamptonshire,Kent,R Vasconcelos,RI Keogh,JA Leaning,1,0,,,,,,,,,,,,,
1244215,2021,2021-04-08,"County Ground, Northampton",2,67.1,67.1,Northamptonshire,Kent,R Vasconcelos,RI Keogh,JL Denly,1,0,,,,,,,,,,,,,
1244215,2021,2021-04-08,"County Ground, Northampton",2,67.2,67.2,Northamptonshire,Kent,RI Keogh,R Vasconcelos,JL Denly,1,0,,,,,,,,,,,,,
1244215,2021,2021-04-08,"County Ground, Northampton",2,67.3,67.3,Northamptonshire,Kent,R Vasconcelos,RI Keogh,JL Denly,0,0,,,,,,,,,,,,,
1244215,2021,2021-04-08,"County Ground, Northampton",2,67.4,67.4,Northamptonshire,Kent,R Vasconcelos,RI Keogh,JL Denly,0,0,,,,,,,,,,,,,
1244215,2021,2021-04-08,"County Ground, Northampton",2,67.5,67.5,Northamptonshire,Kent,R Vasconcelos,RI Keogh,JL Denly,0,0,,,,,,,,,,,,,
1244215,2021,2021-04-08,"County Ground, Northampton",2,67.6,67.6,Northamptonshire,Kent,R Vasconcelos,RI Keogh,JL Denly,4,0,,,,,,,,,,,,,
1244215,2021,2021-04-08,"County Ground, Northampton",2,68.1,68.1,Northamptonshire,Kent,RI Keogh,R Vasconcelos,JA Leaning,0,0,,,,,,,,,,,,,
1244215,2021,2021-04-08,"County Ground, Northampton",2,68.2,68.2,Northamptonshire,Kent,RI Keogh,R Vasconcelos,JA Leaning,0,0,,,,,,,,,,,,,
1244215,2021,2021-04-08,"County Ground, Northampton",2,68.3,68.3,Northamptonshire,Kent,RI Keogh,R Vasconcelos,JA Leaning,4,0,,,,,,,,,,,,,
1244215,2021,2021-04-08,"County Ground, Northampton",2,68.4,68.4,Northamptonshire,Kent,RI Keogh,R Vasconcelos,JA Leaning,1,0,,,,,,,,,,,,,
1244215,2021,2021-04-08,"County Ground, Northampton",2,68.5,68.5,Northamptonshire,Kent,R Vasconcelos,RI Keogh,JA Leaning,1,0,,,,,,,,,,,,,
1244215,2021,2021-04-08,"County Ground, Northampton",2,68.6,68.6,Northamptonshire,Kent,RI Keogh,R Vasconcelos,JA Leaning,1,0,,,,,,,,,,,,,
1244215,2021,2021-04-08,"County Ground, Northampton",2,69.1,69.1,Northamptonshire,Kent,RI Keogh,R Vasconcelos,JL Denly,0,0,,,,,,,,,,,,,
1244215,2021,2021-04-08,"County Ground, Northampton",2,69.2,69.2,Northamptonshire,Kent,RI Keogh,R Vasconcelos,JL Denly,0,0,,,,,,,,,,,,,
1244215,2021,2021-04-08,"County Ground, Northampton",2,69.3,69.3,Northamptonshire,Kent,RI Keogh,R Vasconcelos,JL Denly,1,0,,,,,,,,,,,,,
1244215,2021,2021-04-08,"County Ground, Northampton",2,69.4,69.4,Northamptonshire,Kent,R Vasconcelos,RI Keogh,JL Denly,1,0,,,,,,,,,,,,,
1244215,2021,2021-04-08,"County Ground, Northampton",2,69.5,69.5,Northamptonshire,Kent,RI Keogh,R Vasconcelos,JL Denly,0,0,,,,,,,,,,,,,
1244215,2021,2021-04-08,"County Ground, Northampton",2,69.6,69.6,Northamptonshire,Kent,RI Keogh,R Vasconcelos,JL Denly,0,0,,,,,,,,,,,,,
1244215,2021,2021-04-08,"County Ground, Northampton",2,70.1,70.1,Northamptonshire,Kent,R Vasconcelos,RI Keogh,JA Leaning,1,0,,,,,,,,,,,,,
1244215,2021,2021-04-08,"County Ground, Northampton",2,70.2,70.2,Northamptonshire,Kent,RI Keogh,R Vasconcelos,JA Leaning,0,0,,,,,,,,,,,,,
1244215,2021,2021-04-08,"County Ground, Northampton",2,70.3,70.3,Northamptonshire,Kent,RI Keogh,R Vasconcelos,JA Leaning,0,0,,,,,,,,,,,,,
1244215,2021,2021-04-08,"County Ground, Northampton",2,70.4,70.4,Northamptonshire,Kent,RI Keogh,R Vasconcelos,JA Leaning,0,0,,,,,,,,,,,,,
1244215,2021,2021-04-08,"County Ground, Northampton",2,70.5,70.5,Northamptonshire,Kent,RI Keogh,R Vasconcelos,JA Leaning,4,0,,,,,,,,,,,,,
1244215,2021,2021-04-08,"County Ground, Northampton",2,70.6,70.6,Northamptonshire,Kent,RI Keogh,R Vasconcelos,JA Leaning,1,0,,,,,,,,,,,,,
1244215,2021,2021-04-08,"County Ground, Northampton",2,71.1,71.1,Northamptonshire,Kent,RI Keogh,R Vasconcelos,JL Denly,1,0,,,,,,,,,,,,,
1244215,2021,2021-04-08,"County Ground, Northampton",2,71.2,71.2,Northamptonshire,Kent,R Vasconcelos,RI Keogh,JL Denly,0,0,,,,,,,,,,,,,
1244215,2021,2021-04-08,"County Ground, Northampton",2,71.3,71.3,Northamptonshire,Kent,R Vasconcelos,RI Keogh,JL Denly,0,0,,,,,,,,,,,,,
1244215,2021,2021-04-08,"County Ground, Northampton",2,71.4,71.4,Northamptonshire,Kent,R Vasconcelos,RI Keogh,JL Denly,1,0,,,,,,,,,,,,,
1244215,2021,2021-04-08,"County Ground, Northampton",2,71.5,71.5,Northamptonshire,Kent,RI Keogh,R Vasconcelos,JL Denly,0,0,,,,,,,,,,,,,
1244215,2021,2021-04-08,"County Ground, Northampton",2,71.6,71.6,Northamptonshire,Kent,RI Keogh,R Vasconcelos,JL Denly,0,0,,,,,,,,,,,,,
1244215,2021,2021-04-08,"County Ground, Northampton",2,72.1,72.1,Northamptonshire,Kent,R Vasconcelos,RI Keogh,JA Leaning,0,0,,,,,,,,,,,,,
1244215,2021,2021-04-08,"County Ground, Northampton",2,72.2,72.2,Northamptonshire,Kent,R Vasconcelos,RI Keogh,JA Leaning,0,0,,,,,,,,,,,,,
1244215,2021,2021-04-08,"County Ground, Northampton",2,72.3,72.3,Northamptonshire,Kent,R Vasconcelos,RI Keogh,JA Leaning,0,0,,,,,,,caught,R Vasconcelos,,,JM Cox,,
1244215,2021,2021-04-08,"County Ground, Northampton",2,72.4,72.4,Northamptonshire,Kent,AM Rossington,RI Keogh,JA Leaning,0,0,,,,,,,,,,,,,
1244215,2021,2021-04-08,"County Ground, Northampton",2,72.5,72.5,Northamptonshire,Kent,AM Rossington,RI Keogh,JA Leaning,0,0,,,,,,,,,,,,,
1244215,2021,2021-04-08,"County Ground, Northampton",2,72.6,72.6,Northamptonshire,Kent,AM Rossington,RI Keogh,JA Leaning,0,0,,,,,,,,,,,,,
1244215,2021,2021-04-08,"County Ground, Northampton",2,73.1,73.1,Northamptonshire,Kent,RI Keogh,AM Rossington,JL Denly,0,0,,,,,,,,,,,,,
1244215,2021,2021-04-08,"County Ground, Northampton",2,73.2,73.2,Northamptonshire,Kent,RI Keogh,AM Rossington,JL Denly,1,0,,,,,,,,,,,,,
1244215,2021,2021-04-08,"County Ground, Northampton",2,73.3,73.3,Northamptonshire,Kent,AM Rossington,RI Keogh,JL Denly,0,0,,,,,,,,,,,,,
1244215,2021,2021-04-08,"County Ground, Northampton",2,73.4,73.4,Northamptonshire,Kent,AM Rossington,RI Keogh,JL Denly,0,0,,,,,,,,,,,,,
1244215,2021,2021-04-08,"County Ground, Northampton",2,73.5,73.5,Northamptonshire,Kent,AM Rossington,RI Keogh,JL Denly,0,0,,,,,,,,,,,,,
1244215,2021,2021-04-08,"County Ground, Northampton",2,73.6,73.6,Northamptonshire,Kent,AM Rossington,RI Keogh,JL Denly,1,0,,,,,,,,,,,,,
1244215,2021,2021-04-08,"County Ground, Northampton",2,74.1,74.1,Northamptonshire,Kent,AM Rossington,RI Keogh,JA Leaning,0,0,,,,,,,,,,,,,
1244215,2021,2021-04-08,"County Ground, Northampton",2,74.2,74.2,Northamptonshire,Kent,AM Rossington,RI Keogh,JA Leaning,0,0,,,,,,,,,,,,,
1244215,2021,2021-04-08,"County Ground, Northampton",2,74.3,74.3,Northamptonshire,Kent,AM Rossington,RI Keogh,JA Leaning,0,0,,,,,,,,,,,,,
1244215,2021,2021-04-08,"County Ground, Northampton",2,74.4,74.4,Northamptonshire,Kent,AM Rossington,RI Keogh,JA Leaning,1,0,,,,,,,,,,,,,
1244215,2021,2021-04-08,"County Ground, Northampton",2,74.5,74.5,Northamptonshire,Kent,RI Keogh,AM Rossington,JA Leaning,0,0,,,,,,,,,,,,,
1244215,2021,2021-04-08,"County Ground, Northampton",2,74.6,74.6,Northamptonshire,Kent,RI Keogh,AM Rossington,JA Leaning,0,0,,,,,,,,,,,,,
1244215,2021,2021-04-08,"County Ground, Northampton",2,75.1,75.1,Northamptonshire,Kent,AM Rossington,RI Keogh,JL Denly,0,0,,,,,,,,,,,,,
1244215,2021,2021-04-08,"County Ground, Northampton",2,75.2,75.2,Northamptonshire,Kent,AM Rossington,RI Keogh,JL Denly,1,0,,,,,,,,,,,,,
1244215,2021,2021-04-08,"County Ground, Northampton",2,75.3,75.3,Northamptonshire,Kent,RI Keogh,AM Rossington,JL Denly,0,0,,,,,,,,,,,,,
1244215,2021,2021-04-08,"County Ground, Northampton",2,75.4,75.4,Northamptonshire,Kent,RI Keogh,AM Rossington,JL Denly,1,0,,,,,,,,,,,,,
1244215,2021,2021-04-08,"County Ground, Northampton",2,75.5,75.5,Northamptonshire,Kent,AM Rossington,RI Keogh,JL Denly,1,0,,,,,,,,,,,,,
1244215,2021,2021-04-08,"County Ground, Northampton",2,75.6,75.6,Northamptonshire,Kent,RI Keogh,AM Rossington,JL Denly,0,0,,,,,,,,,,,,,
1244215,2021,2021-04-08,"County Ground, Northampton",2,76.1,76.1,Northamptonshire,Kent,AM Rossington,RI Keogh,JA Leaning,1,0,,,,,,,,,,,,,
1244215,2021,2021-04-08,"County Ground, Northampton",2,76.2,76.2,Northamptonshire,Kent,RI Keogh,AM Rossington,JA Leaning,0,0,,,,,,,,,,,,,
1244215,2021,2021-04-08,"County Ground, Northampton",2,76.3,76.3,Northamptonshire,Kent,RI Keogh,AM Rossington,JA Leaning,2,0,,,,,,,,,,,,,
1244215,2021,2021-04-08,"County Ground, Northampton",2,76.4,76.4,Northamptonshire,Kent,RI Keogh,AM Rossington,JA Leaning,0,0,,,,,,,,,,,,,
1244215,2021,2021-04-08,"County Ground, Northampton",2,76.5,76.5,Northamptonshire,Kent,RI Keogh,AM Rossington,JA Leaning,0,0,,,,,,,,,,,,,
1244215,2021,2021-04-08,"County Ground, Northampton",2,76.6,76.6,Northamptonshire,Kent,RI Keogh,AM Rossington,JA Leaning,0,0,,,,,,,,,,,,,
1244215,2021,2021-04-08,"County Ground, Northampton",2,77.1,77.1,Northamptonshire,Kent,AM Rossington,RI Keogh,JL Denly,0,0,,,,,,,,,,,,,
1244215,2021,2021-04-08,"County Ground, Northampton",2,77.2,77.2,Northamptonshire,Kent,AM Rossington,RI Keogh,JL Denly,1,0,,,,,,,,,,,,,
1244215,2021,2021-04-08,"County Ground, Northampton",2,77.3,77.3,Northamptonshire,Kent,RI Keogh,AM Rossington,JL Denly,0,0,,,,,,,,,,,,,
1244215,2021,2021-04-08,"County Ground, Northampton",2,77.4,77.4,Northamptonshire,Kent,RI Keogh,AM Rossington,JL Denly,0,0,,,,,,,,,,,,,
1244215,2021,2021-04-08,"County Ground, Northampton",2,77.5,77.5,Northamptonshire,Kent,RI Keogh,AM Rossington,JL Denly,2,0,,,,,,,,,,,,,
1244215,2021,2021-04-08,"County Ground, Northampton",2,77.6,77.6,Northamptonshire,Kent,RI Keogh,AM Rossington,JL Denly,0,1,,,,1,,,,,,,,,
1244215,2021,2021-04-08,"County Ground, Northampton",2,78.1,78.1,Northamptonshire,Kent,RI Keogh,AM Rossington,JA Leaning,0,0,,,,,,,,,,,,,
1244215,2021,2021-04-08,"County Ground, Northampton",2,78.2,78.2,Northamptonshire,Kent,RI Keogh,AM Rossington,JA Leaning,0,0,,,,,,,,,,,,,
1244215,2021,2021-04-08,"County Ground, Northampton",2,78.3,78.3,Northamptonshire,Kent,RI Keogh,AM Rossington,JA Leaning,1,0,,,,,,,,,,,,,
1244215,2021,2021-04-08,"County Ground, Northampton",2,78.4,78.4,Northamptonshire,Kent,AM Rossington,RI Keogh,JA Leaning,0,0,,,,,,,,,,,,,
1244215,2021,2021-04-08,"County Ground, Northampton",2,78.5,78.5,Northamptonshire,Kent,AM Rossington,RI Keogh,JA Leaning,0,0,,,,,,,,,,,,,
1244215,2021,2021-04-08,"County Ground, Northampton",2,78.6,78.6,Northamptonshire,Kent,AM Rossington,RI Keogh,JA Leaning,1,0,,,,,,,,,,,,,
1244215,2021,2021-04-08,"County Ground, Northampton",2,79.1,79.1,Northamptonshire,Kent,AM Rossington,RI Keogh,JL Denly,0,0,,,,,,,,,,,,,
1244215,2021,2021-04-08,"County Ground, Northampton",2,79.2,79.2,Northamptonshire,Kent,AM Rossington,RI Keogh,JL Denly,0,0,,,,,,,,,,,,,
1244215,2021,2021-04-08,"County Ground, Northampton",2,79.3,79.3,Northamptonshire,Kent,AM Rossington,RI Keogh,JL Denly,0,0,,,,,,,,,,,,,
1244215,2021,2021-04-08,"County Ground, Northampton",2,79.4,79.4,Northamptonshire,Kent,AM Rossington,RI Keogh,JL Denly,1,0,,,,,,,,,,,,,
1244215,2021,2021-04-08,"County Ground, Northampton",2,79.5,79.5,Northamptonshire,Kent,RI Keogh,AM Rossington,JL Denly,1,0,,,,,,,,,,,,,
1244215,2021,2021-04-08,"County Ground, Northampton",2,79.6,79.6,Northamptonshire,Kent,AM Rossington,RI Keogh,JL Denly,0,0,,,,,,,,,,,,,
1244215,2021,2021-04-08,"County Ground, Northampton",2,80.1,80.1,Northamptonshire,Kent,RI Keogh,AM Rossington,JA Leaning,4,0,,,,,,,,,,,,,
1244215,2021,2021-04-08,"County Ground, Northampton",2,80.2,80.2,Northamptonshire,Kent,RI Keogh,AM Rossington,JA Leaning,0,0,,,,,,,,,,,,,
1244215,2021,2021-04-08,"County Ground, Northampton",2,80.3,80.3,Northamptonshire,Kent,RI Keogh,AM Rossington,JA Leaning,0,0,,,,,,,,,,,,,
1244215,2021,2021-04-08,"County Ground, Northampton",2,80.4,80.4,Northamptonshire,Kent,RI Keogh,AM Rossington,JA Leaning,1,0,,,,,,,,,,,,,
1244215,2021,2021-04-08,"County Ground, Northampton",2,80.5,80.5,Northamptonshire,Kent,AM Rossington,RI Keogh,JA Leaning,0,0,,,,,,,,,,,,,
1244215,2021,2021-04-08,"County Ground, Northampton",2,80.6,80.6,Northamptonshire,Kent,AM Rossington,RI Keogh,JA Leaning,0,0,,,,,,,,,,,,,
1244215,2021,2021-04-08,"County Ground, Northampton",2,81.1,81.1,Northamptonshire,Kent,RI Keogh,AM Rossington,JL Denly,1,0,,,,,,,,,,,,,
1244215,2021,2021-04-08,"County Ground, Northampton",2,81.2,81.2,Northamptonshire,Kent,AM Rossington,RI Keogh,JL Denly,0,0,,,,,,,,,,,,,
1244215,2021,2021-04-08,"County Ground, Northampton",2,81.3,81.3,Northamptonshire,Kent,AM Rossington,RI Keogh,JL Denly,0,0,,,,,,,,,,,,,
1244215,2021,2021-04-08,"County Ground, Northampton",2,81.4,81.4,Northamptonshire,Kent,AM Rossington,RI Keogh,JL Denly,1,0,,,,,,,,,,,,,
1244215,2021,2021-04-08,"County Ground, Northampton",2,81.5,81.5,Northamptonshire,Kent,RI Keogh,AM Rossington,JL Denly,0,0,,,,,,,,,,,,,
1244215,2021,2021-04-08,"County Ground, Northampton",2,81.6,81.6,Northamptonshire,Kent,RI Keogh,AM Rossington,JL Denly,0,0,,,,,,,,,,,,,
1244215,2021,2021-04-08,"County Ground, Northampton",2,82.1,82.1,Northamptonshire,Kent,AM Rossington,RI Keogh,ME Milnes,1,0,,,,,,,,,,,,,
1244215,2021,2021-04-08,"County Ground, Northampton",2,82.2,82.2,Northamptonshire,Kent,RI Keogh,AM Rossington,ME Milnes,1,0,,,,,,,,,,,,,
1244215,2021,2021-04-08,"County Ground, Northampton",2,82.3,82.3,Northamptonshire,Kent,AM Rossington,RI Keogh,ME Milnes,2,0,,,,,,,,,,,,,
1244215,2021,2021-04-08,"County Ground, Northampton",2,82.4,82.4,Northamptonshire,Kent,AM Rossington,RI Keogh,ME Milnes,0,0,,,,,,,,,,,,,
1244215,2021,2021-04-08,"County Ground, Northampton",2,82.5,82.5,Northamptonshire,Kent,AM Rossington,RI Keogh,ME Milnes,2,0,,,,,,,,,,,,,
1244215,2021,2021-04-08,"County Ground, Northampton",2,82.6,82.6,Northamptonshire,Kent,AM Rossington,RI Keogh,ME Milnes,0,0,,,,,,,,,,,,,
1244215,2021,2021-04-08,"County Ground, Northampton",2,83.1,83.1,Northamptonshire,Kent,RI Keogh,AM Rossington,HW Podmore,0,0,,,,,,,,,,,,,
1244215,2021,2021-04-08,"County Ground, Northampton",2,83.2,83.2,Northamptonshire,Kent,RI Keogh,AM Rossington,HW Podmore,0,2,,2,,,,,,,,,,,
1244215,2021,2021-04-08,"County Ground, Northampton",2,83.3,83.2,Northamptonshire,Kent,RI Keogh,AM Rossington,HW Podmore,0,0,,,,,,,,,,,,,
1244215,2021,2021-04-08,"County Ground, Northampton",2,83.4,83.3,Northamptonshire,Kent,RI Keogh,AM Rossington,HW Podmore,2,0,,,,,,,,,,,,,
1244215,2021,2021-04-08,"County Ground, Northampton",2,83.5,83.4,Northamptonshire,Kent,RI Keogh,AM Rossington,HW Podmore,4,0,,,,,,,,,,,,,
1244215,2021,2021-04-08,"County Ground, Northampton",2,83.6,83.5,Northamptonshire,Kent,RI Keogh,AM Rossington,HW Podmore,0,0,,,,,,,,,,,,,
1244215,2021,2021-04-08,"County Ground, Northampton",2,83.7,83.6,Northamptonshire,Kent,RI Keogh,AM Rossington,HW Podmore,0,0,,,,,,,,,,,,,
1244215,2021,2021-04-08,"County Ground, Northampton",2,84.1,84.1,Northamptonshire,Kent,AM Rossington,RI Keogh,ME Milnes,0,0,,,,,,,,,,,,,
1244215,2021,2021-04-08,"County Ground, Northampton",2,84.2,84.2,Northamptonshire,Kent,AM Rossington,RI Keogh,ME Milnes,0,0,,,,,,,,,,,,,
1244215,2021,2021-04-08,"County Ground, Northampton",2,84.3,84.3,Northamptonshire,Kent,AM Rossington,RI Keogh,ME Milnes,0,0,,,,,,,,,,,,,
1244215,2021,2021-04-08,"County Ground, Northampton",2,84.4,84.4,Northamptonshire,Kent,AM Rossington,RI Keogh,ME Milnes,0,0,,,,,,,,,,,,,
1244215,2021,2021-04-08,"County Ground, Northampton",2,84.5,84.5,Northamptonshire,Kent,AM Rossington,RI Keogh,ME Milnes,0,0,,,,,,,,,,,,,
1244215,2021,2021-04-08,"County Ground, Northampton",2,84.6,84.6,Northamptonshire,Kent,AM Rossington,RI Keogh,ME Milnes,0,0,,,,,,,,,,,,,
1244215,2021,2021-04-08,"County Ground, Northampton",2,85.1,85.1,Northamptonshire,Kent,RI Keogh,AM Rossington,HW Podmore,0,0,,,,,,,,,,,,,
1244215,2021,2021-04-08,"County Ground, Northampton",2,85.2,85.2,Northamptonshire,Kent,RI Keogh,AM Rossington,HW Podmore,0,0,,,,,,,,,,,,,
1244215,2021,2021-04-08,"County Ground, Northampton",2,85.3,85.3,Northamptonshire,Kent,RI Keogh,AM Rossington,HW Podmore,0,0,,,,,,,,,,,,,
1244215,2021,2021-04-08,"County Ground, Northampton",2,85.4,85.4,Northamptonshire,Kent,RI Keogh,AM Rossington,HW Podmore,0,0,,,,,,,,,,,,,
1244215,2021,2021-04-08,"County Ground, Northampton",2,85.5,85.5,Northamptonshire,Kent,RI Keogh,AM Rossington,HW Podmore,0,0,,,,,,,,,,,,,
1244215,2021,2021-04-08,"County Ground, Northampton",2,85.6,85.6,Northamptonshire,Kent,RI Keogh,AM Rossington,HW Podmore,1,2,,2,,,,,,,,,,,
1244215,2021,2021-04-08,"County Ground, Northampton",2,85.7,85.6,Northamptonshire,Kent,AM Rossington,RI Keogh,HW Podmore,0,0,,,,,,,,,,,,,
1244215,2021,2021-04-08,"County Ground, Northampton",2,86.1,86.1,Northamptonshire,Kent,RI Keogh,AM Rossington,ME Milnes,0,0,,,,,,,,,,,,,
1244215,2021,2021-04-08,"County Ground, Northampton",2,86.2,86.2,Northamptonshire,Kent,RI Keogh,AM Rossington,ME Milnes,1,0,,,,,,,,,,,,,
1244215,2021,2021-04-08,"County Ground, Northampton",2,86.3,86.3,Northamptonshire,Kent,AM Rossington,RI Keogh,ME Milnes,4,0,,,,,,,,,,,,,
1244215,2021,2021-04-08,"County Ground, Northampton",2,86.4,86.4,Northamptonshire,Kent,AM Rossington,RI Keogh,ME Milnes,0,0,,,,,,,,,,,,,
1244215,2021,2021-04-08,"County Ground, Northampton",2,86.5,86.5,Northamptonshire,Kent,AM Rossington,RI Keogh,ME Milnes,0,0,,,,,,,,,,,,,
1244215,2021,2021-04-08,"County Ground, Northampton",2,86.6,86.6,Northamptonshire,Kent,AM Rossington,RI Keogh,ME Milnes,4,0,,,,,,,,,,,,,
1244215,2021,2021-04-08,"County Ground, Northampton",2,87.1,87.1,Northamptonshire,Kent,RI Keogh,AM Rossington,HW Podmore,0,0,,,,,,,,,,,,,
1244215,2021,2021-04-08,"County Ground, Northampton",2,87.2,87.2,Northamptonshire,Kent,RI Keogh,AM Rossington,HW Podmore,0,0,,,,,,,,,,,,,
1244215,2021,2021-04-08,"County Ground, Northampton",2,87.3,87.3,Northamptonshire,Kent,RI Keogh,AM Rossington,HW Podmore,0,0,,,,,,,,,,,,,
1244215,2021,2021-04-08,"County Ground, Northampton",2,87.4,87.4,Northamptonshire,Kent,RI Keogh,AM Rossington,HW Podmore,0,0,,,,,,,,,,,,,
1244215,2021,2021-04-08,"County Ground, Northampton",2,87.5,87.5,Northamptonshire,Kent,RI Keogh,AM Rossington,HW Podmore,0,0,,,,,,,,,,,,,
1244215,2021,2021-04-08,"County Ground, Northampton",2,87.6,87.6,Northamptonshire,Kent,RI Keogh,AM Rossington,HW Podmore,0,0,,,,,,,,,,,,,
1244215,2021,2021-04-08,"County Ground, Northampton",2,88.1,88.1,Northamptonshire,Kent,AM Rossington,RI Keogh,ME Milnes,0,0,,,,,,,,,,,,,
1244215,2021,2021-04-08,"County Ground, Northampton",2,88.2,88.2,Northamptonshire,Kent,AM Rossington,RI Keogh,ME Milnes,0,0,,,,,,,,,,,,,
1244215,2021,2021-04-08,"County Ground, Northampton",2,88.3,88.3,Northamptonshire,Kent,AM Rossington,RI Keogh,ME Milnes,0,0,,,,,,,,,,,,,
1244215,2021,2021-04-08,"County Ground, Northampton",2,88.4,88.4,Northamptonshire,Kent,AM Rossington,RI Keogh,ME Milnes,0,0,,,,,,,,,,,,,
1244215,2021,2021-04-08,"County Ground, Northampton",2,88.5,88.5,Northamptonshire,Kent,AM Rossington,RI Keogh,ME Milnes,0,0,,,,,,,,,,,,,
1244215,2021,2021-04-08,"County Ground, Northampton",2,88.6,88.6,Northamptonshire,Kent,AM Rossington,RI Keogh,ME Milnes,0,0,,,,,,,,,,,,,
1244215,2021,2021-04-08,"County Ground, Northampton",2,89.1,89.1,Northamptonshire,Kent,RI Keogh,AM Rossington,HW Podmore,0,0,,,,,,,,,,,,,
1244215,2021,2021-04-08,"County Ground, Northampton",2,89.2,89.2,Northamptonshire,Kent,RI Keogh,AM Rossington,HW Podmore,0,0,,,,,,,,,,,,,
1244215,2021,2021-04-08,"County Ground, Northampton",2,89.3,89.3,Northamptonshire,Kent,RI Keogh,AM Rossington,HW Podmore,0,0,,,,,,,,,,,,,
1244215,2021,2021-04-08,"County Ground, Northampton",2,89.4,89.4,Northamptonshire,Kent,RI Keogh,AM Rossington,HW Podmore,0,0,,,,,,,,,,,,,
1244215,2021,2021-04-08,"County Ground, Northampton",2,89.5,89.5,Northamptonshire,Kent,RI Keogh,AM Rossington,HW Podmore,0,0,,,,,,,,,,,,,
1244215,2021,2021-04-08,"County Ground, Northampton",2,89.6,89.6,Northamptonshire,Kent,RI Keogh,AM Rossington,HW Podmore,1,0,,,,,,,,,,,,,
1244215,2021,2021-04-08,"County Ground, Northampton",2,90.1,90.1,Northamptonshire,Kent,RI Keogh,AM Rossington,ME Milnes,0,0,,,,,,,,,,,,,
1244215,2021,2021-04-08,"County Ground, Northampton",2,90.2,90.2,Northamptonshire,Kent,RI Keogh,AM Rossington,ME Milnes,1,0,,,,,,,,,,,,,
1244215,2021,2021-04-08,"County Ground, Northampton",2,90.3,90.3,Northamptonshire,Kent,AM Rossington,RI Keogh,ME Milnes,0,0,,,,,,,,,,,,,
1244215,2021,2021-04-08,"County Ground, Northampton",2,90.4,90.4,Northamptonshire,Kent,AM Rossington,RI Keogh,ME Milnes,1,0,,,,,,,,,,,,,
1244215,2021,2021-04-08,"County Ground, Northampton",2,90.5,90.5,Northamptonshire,Kent,RI Keogh,AM Rossington,ME Milnes,0,0,,,,,,,,,,,,,
1244215,2021,2021-04-08,"County Ground, Northampton",2,90.6,90.6,Northamptonshire,Kent,RI Keogh,AM Rossington,ME Milnes,1,0,,,,,,,,,,,,,
1244215,2021,2021-04-08,"County Ground, Northampton",2,91.1,91.1,Northamptonshire,Kent,RI Keogh,AM Rossington,HW Podmore,0,0,,,,,,,,,,,,,
1244215,2021,2021-04-08,"County Ground, Northampton",2,91.2,91.2,Northamptonshire,Kent,RI Keogh,AM Rossington,HW Podmore,0,0,,,,,,,,,,,,,
1244215,2021,2021-04-08,"County Ground, Northampton",2,91.3,91.3,Northamptonshire,Kent,RI Keogh,AM Rossington,HW Podmore,0,0,,,,,,,,,,,,,
1244215,2021,2021-04-08,"County Ground, Northampton",2,91.4,91.4,Northamptonshire,Kent,RI Keogh,AM Rossington,HW Podmore,0,0,,,,,,,,,,,,,
1244215,2021,2021-04-08,"County Ground, Northampton",2,91.5,91.5,Northamptonshire,Kent,RI Keogh,AM Rossington,HW Podmore,4,0,,,,,,,,,,,,,
1244215,2021,2021-04-08,"County Ground, Northampton",2,91.6,91.6,Northamptonshire,Kent,RI Keogh,AM Rossington,HW Podmore,0,0,,,,,,,,,,,,,
1244215,2021,2021-04-08,"County Ground, Northampton",2,92.1,92.1,Northamptonshire,Kent,AM Rossington,RI Keogh,ML Cummins,0,0,,,,,,,,,,,,,
1244215,2021,2021-04-08,"County Ground, Northampton",2,92.2,92.2,Northamptonshire,Kent,AM Rossington,RI Keogh,ML Cummins,0,0,,,,,,,,,,,,,
1244215,2021,2021-04-08,"County Ground, Northampton",2,92.3,92.3,Northamptonshire,Kent,AM Rossington,RI Keogh,ML Cummins,0,0,,,,,,,,,,,,,
1244215,2021,2021-04-08,"County Ground, Northampton",2,92.4,92.4,Northamptonshire,Kent,AM Rossington,RI Keogh,ML Cummins,1,0,,,,,,,,,,,,,
1244215,2021,2021-04-08,"County Ground, Northampton",2,92.5,92.5,Northamptonshire,Kent,RI Keogh,AM Rossington,ML Cummins,0,0,,,,,,,,,,,,,
1244215,2021,2021-04-08,"County Ground, Northampton",2,92.6,92.6,Northamptonshire,Kent,RI Keogh,AM Rossington,ML Cummins,0,0,,,,,,,,,,,,,
1244215,2021,2021-04-08,"County Ground, Northampton",2,93.1,93.1,Northamptonshire,Kent,AM Rossington,RI Keogh,HW Podmore,0,0,,,,,,,,,,,,,
1244215,2021,2021-04-08,"County Ground, Northampton",2,93.2,93.2,Northamptonshire,Kent,AM Rossington,RI Keogh,HW Podmore,0,0,,,,,,,,,,,,,
1244215,2021,2021-04-08,"County Ground, Northampton",2,93.3,93.3,Northamptonshire,Kent,AM Rossington,RI Keogh,HW Podmore,0,0,,,,,,,,,,,,,
1244215,2021,2021-04-08,"County Ground, Northampton",2,93.4,93.4,Northamptonshire,Kent,AM Rossington,RI Keogh,HW Podmore,0,0,,,,,,,,,,,,,
1244215,2021,2021-04-08,"County Ground, Northampton",2,93.5,93.5,Northamptonshire,Kent,AM Rossington,RI Keogh,HW Podmore,0,0,,,,,,,,,,,,,
1244215,2021,2021-04-08,"County Ground, Northampton",2,93.6,93.6,Northamptonshire,Kent,AM Rossington,RI Keogh,HW Podmore,1,0,,,,,,,,,,,,,
1244215,2021,2021-04-08,"County Ground, Northampton",2,94.1,94.1,Northamptonshire,Kent,AM Rossington,RI Keogh,ML Cummins,0,0,,,,,,,,,,,,,
1244215,2021,2021-04-08,"County Ground, Northampton",2,94.2,94.2,Northamptonshire,Kent,AM Rossington,RI Keogh,ML Cummins,0,0,,,,,,,,,,,,,
1244215,2021,2021-04-08,"County Ground, Northampton",2,94.3,94.3,Northamptonshire,Kent,AM Rossington,RI Keogh,ML Cummins,0,0,,,,,,,,,,,,,
1244215,2021,2021-04-08,"County Ground, Northampton",2,94.4,94.4,Northamptonshire,Kent,AM Rossington,RI Keogh,ML Cummins,0,0,,,,,,,,,,,,,
1244215,2021,2021-04-08,"County Ground, Northampton",2,94.5,94.5,Northamptonshire,Kent,AM Rossington,RI Keogh,ML Cummins,1,0,,,,,,,,,,,,,
1244215,2021,2021-04-08,"County Ground, Northampton",2,94.6,94.6,Northamptonshire,Kent,RI Keogh,AM Rossington,ML Cummins,1,0,,,,,,,,,,,,,
1244215,2021,2021-04-08,"County Ground, Northampton",2,95.1,95.1,Northamptonshire,Kent,RI Keogh,AM Rossington,HW Podmore,0,0,,,,,,,,,,,,,
1244215,2021,2021-04-08,"County Ground, Northampton",2,95.2,95.2,Northamptonshire,Kent,RI Keogh,AM Rossington,HW Podmore,0,0,,,,,,,,,,,,,
1244215,2021,2021-04-08,"County Ground, Northampton",2,95.3,95.3,Northamptonshire,Kent,RI Keogh,AM Rossington,HW Podmore,0,0,,,,,,,,,,,,,
1244215,2021,2021-04-08,"County Ground, Northampton",2,95.4,95.4,Northamptonshire,Kent,RI Keogh,AM Rossington,HW Podmore,0,0,,,,,,,,,,,,,
1244215,2021,2021-04-08,"County Ground, Northampton",2,95.5,95.5,Northamptonshire,Kent,RI Keogh,AM Rossington,HW Podmore,0,0,,,,,,,,,,,,,
1244215,2021,2021-04-08,"County Ground, Northampton",2,95.6,95.6,Northamptonshire,Kent,RI Keogh,AM Rossington,HW Podmore,0,0,,,,,,,,,,,,,
1244215,2021,2021-04-08,"County Ground, Northampton",2,96.1,96.1,Northamptonshire,Kent,AM Rossington,RI Keogh,ML Cummins,1,0,,,,,,,,,,,,,
1244215,2021,2021-04-08,"County Ground, Northampton",2,96.2,96.2,Northamptonshire,Kent,RI Keogh,AM Rossington,ML Cummins,0,0,,,,,,,,,,,,,
1244215,2021,2021-04-08,"County Ground, Northampton",2,96.3,96.3,Northamptonshire,Kent,RI Keogh,AM Rossington,ML Cummins,0,0,,,,,,,,,,,,,
1244215,2021,2021-04-08,"County Ground, Northampton",2,96.4,96.4,Northamptonshire,Kent,RI Keogh,AM Rossington,ML Cummins,0,2,,2,,,,,,,,,,,
1244215,2021,2021-04-08,"County Ground, Northampton",2,96.5,96.4,Northamptonshire,Kent,RI Keogh,AM Rossington,ML Cummins,0,0,,,,,,,,,,,,,
1244215,2021,2021-04-08,"County Ground, Northampton",2,96.6,96.5,Northamptonshire,Kent,RI Keogh,AM Rossington,ML Cummins,1,0,,,,,,,,,,,,,
1244215,2021,2021-04-08,"County Ground, Northampton",2,96.7,96.6,Northamptonshire,Kent,AM Rossington,RI Keogh,ML Cummins,2,0,,,,,,,,,,,,,
1244215,2021,2021-04-08,"County Ground, Northampton",2,97.1,97.1,Northamptonshire,Kent,RI Keogh,AM Rossington,HW Podmore,0,0,,,,,,,,,,,,,
1244215,2021,2021-04-08,"County Ground, Northampton",2,97.2,97.2,Northamptonshire,Kent,RI Keogh,AM Rossington,HW Podmore,1,0,,,,,,,,,,,,,
1244215,2021,2021-04-08,"County Ground, Northampton",2,97.3,97.3,Northamptonshire,Kent,AM Rossington,RI Keogh,HW Podmore,0,0,,,,,,,,,,,,,
1244215,2021,2021-04-08,"County Ground, Northampton",2,97.4,97.4,Northamptonshire,Kent,AM Rossington,RI Keogh,HW Podmore,0,0,,,,,,,,,,,,,
1244215,2021,2021-04-08,"County Ground, Northampton",2,97.5,97.5,Northamptonshire,Kent,AM Rossington,RI Keogh,HW Podmore,1,0,,,,,,,,,,,,,
1244215,2021,2021-04-08,"County Ground, Northampton",2,97.6,97.6,Northamptonshire,Kent,RI Keogh,AM Rossington,HW Podmore,3,0,,,,,,,,,,,,,
1244215,2021,2021-04-08,"County Ground, Northampton",2,98.1,98.1,Northamptonshire,Kent,RI Keogh,AM Rossington,ML Cummins,1,0,,,,,,,,,,,,,
1244215,2021,2021-04-08,"County Ground, Northampton",2,98.2,98.2,Northamptonshire,Kent,AM Rossington,RI Keogh,ML Cummins,0,0,,,,,,,,,,,,,
1244215,2021,2021-04-08,"County Ground, Northampton",2,98.3,98.3,Northamptonshire,Kent,AM Rossington,RI Keogh,ML Cummins,0,4,,,,4,,,,,,,,,
1244215,2021,2021-04-08,"County Ground, Northampton",2,98.4,98.4,Northamptonshire,Kent,AM Rossington,RI Keogh,ML Cummins,0,0,,,,,,,,,,,,,
1244215,2021,2021-04-08,"County Ground, Northampton",2,98.5,98.5,Northamptonshire,Kent,AM Rossington,RI Keogh,ML Cummins,0,0,,,,,,,,,,,,,
1244215,2021,2021-04-08,"County Ground, Northampton",2,98.6,98.6,Northamptonshire,Kent,AM Rossington,RI Keogh,ML Cummins,1,0,,,,,,,,,,,,,
1244215,2021,2021-04-08,"County Ground, Northampton",2,99.1,99.1,Northamptonshire,Kent,AM Rossington,RI Keogh,HW Podmore,1,0,,,,,,,,,,,,,
1244215,2021,2021-04-08,"County Ground, Northampton",2,99.2,99.2,Northamptonshire,Kent,RI Keogh,AM Rossington,HW Podmore,0,0,,,,,,,,,,,,,
1244215,2021,2021-04-08,"County Ground, Northampton",2,99.3,99.3,Northamptonshire,Kent,RI Keogh,AM Rossington,HW Podmore,0,0,,,,,,,,,,,,,
1244215,2021,2021-04-08,"County Ground, Northampton",2,99.4,99.4,Northamptonshire,Kent,RI Keogh,AM Rossington,HW Podmore,1,0,,,,,,,,,,,,,
1244215,2021,2021-04-08,"County Ground, Northampton",2,99.5,99.5,Northamptonshire,Kent,AM Rossington,RI Keogh,HW Podmore,0,0,,,,,,,,,,,,,
1244215,2021,2021-04-08,"County Ground, Northampton",2,99.6,99.6,Northamptonshire,Kent,AM Rossington,RI Keogh,HW Podmore,1,0,,,,,,,,,,,,,
1244215,2021,2021-04-08,"County Ground, Northampton",2,100.1,100.1,Northamptonshire,Kent,AM Rossington,RI Keogh,ML Cummins,0,0,,,,,,,,,,,,,
1244215,2021,2021-04-08,"County Ground, Northampton",2,100.2,100.2,Northamptonshire,Kent,AM Rossington,RI Keogh,ML Cummins,1,0,,,,,,,,,,,,,
1244215,2021,2021-04-08,"County Ground, Northampton",2,100.3,100.3,Northamptonshire,Kent,RI Keogh,AM Rossington,ML Cummins,1,0,,,,,,,,,,,,,
1244215,2021,2021-04-08,"County Ground, Northampton",2,100.4,100.4,Northamptonshire,Kent,AM Rossington,RI Keogh,ML Cummins,0,0,,,,,,,,,,,,,
1244215,2021,2021-04-08,"County Ground, Northampton",2,100.5,100.5,Northamptonshire,Kent,AM Rossington,RI Keogh,ML Cummins,0,0,,,,,,,,,,,,,
1244215,2021,2021-04-08,"County Ground, Northampton",2,100.6,100.6,Northamptonshire,Kent,AM Rossington,RI Keogh,ML Cummins,1,0,,,,,,,,,,,,,
1244215,2021,2021-04-08,"County Ground, Northampton",2,101.1,101.1,Northamptonshire,Kent,AM Rossington,RI Keogh,G Stewart,0,0,,,,,,,,,,,,,
1244215,2021,2021-04-08,"County Ground, Northampton",2,101.2,101.2,Northamptonshire,Kent,AM Rossington,RI Keogh,G Stewart,0,0,,,,,,,,,,,,,
1244215,2021,2021-04-08,"County Ground, Northampton",2,101.3,101.3,Northamptonshire,Kent,AM Rossington,RI Keogh,G Stewart,0,0,,,,,,,,,,,,,
1244215,2021,2021-04-08,"County Ground, Northampton",2,101.4,101.4,Northamptonshire,Kent,AM Rossington,RI Keogh,G Stewart,0,0,,,,,,,bowled,AM Rossington,,,,,
1244215,2021,2021-04-08,"County Ground, Northampton",2,101.5,101.5,Northamptonshire,Kent,TAI Taylor,RI Keogh,G Stewart,0,0,,,,,,,,,,,,,
1244215,2021,2021-04-08,"County Ground, Northampton",2,101.6,101.6,Northamptonshire,Kent,TAI Taylor,RI Keogh,G Stewart,0,0,,,,,,,,,,,,,
1244215,2021,2021-04-08,"County Ground, Northampton",2,102.1,102.1,Northamptonshire,Kent,RI Keogh,TAI Taylor,ML Cummins,0,0,,,,,,,,,,,,,
1244215,2021,2021-04-08,"County Ground, Northampton",2,102.2,102.2,Northamptonshire,Kent,RI Keogh,TAI Taylor,ML Cummins,4,0,,,,,,,,,,,,,
1244215,2021,2021-04-08,"County Ground, Northampton",2,102.3,102.3,Northamptonshire,Kent,RI Keogh,TAI Taylor,ML Cummins,0,0,,,,,,,,,,,,,
1244215,2021,2021-04-08,"County Ground, Northampton",2,102.4,102.4,Northamptonshire,Kent,RI Keogh,TAI Taylor,ML Cummins,0,0,,,,,,,,,,,,,
1244215,2021,2021-04-08,"County Ground, Northampton",2,102.5,102.5,Northamptonshire,Kent,RI Keogh,TAI Taylor,ML Cummins,0,0,,,,,,,,,,,,,
1244215,2021,2021-04-08,"County Ground, Northampton",2,102.6,102.6,Northamptonshire,Kent,RI Keogh,TAI Taylor,ML Cummins,0,2,,2,,,,,,,,,,,
1244215,2021,2021-04-08,"County Ground, Northampton",2,102.7,102.6,Northamptonshire,Kent,RI Keogh,TAI Taylor,ML Cummins,1,0,,,,,,,,,,,,,
1244215,2021,2021-04-08,"County Ground, Northampton",2,103.1,103.1,Northamptonshire,Kent,RI Keogh,TAI Taylor,G Stewart,1,0,,,,,,,,,,,,,
1244215,2021,2021-04-08,"County Ground, Northampton",2,103.2,103.2,Northamptonshire,Kent,TAI Taylor,RI Keogh,G Stewart,0,0,,,,,,,,,,,,,
1244215,2021,2021-04-08,"County Ground, Northampton",2,103.3,103.3,Northamptonshire,Kent,TAI Taylor,RI Keogh,G Stewart,0,0,,,,,,,,,,,,,
1244215,2021,2021-04-08,"County Ground, Northampton",2,103.4,103.4,Northamptonshire,Kent,TAI Taylor,RI Keogh,G Stewart,0,0,,,,,,,,,,,,,
1244215,2021,2021-04-08,"County Ground, Northampton",2,103.5,103.5,Northamptonshire,Kent,TAI Taylor,RI Keogh,G Stewart,0,0,,,,,,,,,,,,,
1244215,2021,2021-04-08,"County Ground, Northampton",2,103.6,103.6,Northamptonshire,Kent,TAI Taylor,RI Keogh,G Stewart,0,0,,,,,,,,,,,,,
1244215,2021,2021-04-08,"County Ground, Northampton",2,104.1,104.1,Northamptonshire,Kent,RI Keogh,TAI Taylor,ML Cummins,0,0,,,,,,,,,,,,,
1244215,2021,2021-04-08,"County Ground, Northampton",2,104.2,104.2,Northamptonshire,Kent,RI Keogh,TAI Taylor,ML Cummins,1,0,,,,,,,,,,,,,
1244215,2021,2021-04-08,"County Ground, Northampton",2,104.3,104.3,Northamptonshire,Kent,TAI Taylor,RI Keogh,ML Cummins,0,0,,,,,,,,,,,,,
1244215,2021,2021-04-08,"County Ground, Northampton",2,104.4,104.4,Northamptonshire,Kent,TAI Taylor,RI Keogh,ML Cummins,0,0,,,,,,,,,,,,,
1244215,2021,2021-04-08,"County Ground, Northampton",2,104.5,104.5,Northamptonshire,Kent,TAI Taylor,RI Keogh,ML Cummins,0,0,,,,,,,,,,,,,
1244215,2021,2021-04-08,"County Ground, Northampton",2,104.6,104.6,Northamptonshire,Kent,TAI Taylor,RI Keogh,ML Cummins,1,0,,,,,,,,,,,,,
1244215,2021,2021-04-08,"County Ground, Northampton",2,105.1,105.1,Northamptonshire,Kent,TAI Taylor,RI Keogh,G Stewart,0,0,,,,,,,,,,,,,
1244215,2021,2021-04-08,"County Ground, Northampton",2,105.2,105.2,Northamptonshire,Kent,TAI Taylor,RI Keogh,G Stewart,0,0,,,,,,,,,,,,,
1244215,2021,2021-04-08,"County Ground, Northampton",2,105.3,105.3,Northamptonshire,Kent,TAI Taylor,RI Keogh,G Stewart,0,0,,,,,,,,,,,,,
1244215,2021,2021-04-08,"County Ground, Northampton",2,105.4,105.4,Northamptonshire,Kent,TAI Taylor,RI Keogh,G Stewart,0,0,,,,,,,,,,,,,
1244215,2021,2021-04-08,"County Ground, Northampton",2,105.5,105.5,Northamptonshire,Kent,TAI Taylor,RI Keogh,G Stewart,0,0,,,,,,,,,,,,,
1244215,2021,2021-04-08,"County Ground, Northampton",2,105.6,105.6,Northamptonshire,Kent,TAI Taylor,RI Keogh,G Stewart,0,0,,,,,,,,,,,,,
1244215,2021,2021-04-08,"County Ground, Northampton",2,106.1,106.1,Northamptonshire,Kent,RI Keogh,TAI Taylor,JA Leaning,2,0,,,,,,,,,,,,,
1244215,2021,2021-04-08,"County Ground, Northampton",2,106.2,106.2,Northamptonshire,Kent,RI Keogh,TAI Taylor,JA Leaning,0,0,,,,,,,,,,,,,
1244215,2021,2021-04-08,"County Ground, Northampton",2,106.3,106.3,Northamptonshire,Kent,RI Keogh,TAI Taylor,JA Leaning,1,0,,,,,,,,,,,,,
1244215,2021,2021-04-08,"County Ground, Northampton",2,106.4,106.4,Northamptonshire,Kent,TAI Taylor,RI Keogh,JA Leaning,0,0,,,,,,,,,,,,,
1244215,2021,2021-04-08,"County Ground, Northampton",2,106.5,106.5,Northamptonshire,Kent,TAI Taylor,RI Keogh,JA Leaning,0,0,,,,,,,,,,,,,
1244215,2021,2021-04-08,"County Ground, Northampton",2,106.6,106.6,Northamptonshire,Kent,TAI Taylor,RI Keogh,JA Leaning,0,0,,,,,,,,,,,,,
1244215,2021,2021-04-08,"County Ground, Northampton",2,107.1,107.1,Northamptonshire,Kent,RI Keogh,TAI Taylor,G Stewart,0,0,,,,,,,,,,,,,
1244215,2021,2021-04-08,"County Ground, Northampton",2,107.2,107.2,Northamptonshire,Kent,RI Keogh,TAI Taylor,G Stewart,4,0,,,,,,,,,,,,,
1244215,2021,2021-04-08,"County Ground, Northampton",2,107.3,107.3,Northamptonshire,Kent,RI Keogh,TAI Taylor,G Stewart,1,2,,2,,,,,,,,,,,
1244215,2021,2021-04-08,"County Ground, Northampton",2,107.4,107.3,Northamptonshire,Kent,TAI Taylor,RI Keogh,G Stewart,0,0,,,,,,,,,,,,,
1244215,2021,2021-04-08,"County Ground, Northampton",2,107.5,107.4,Northamptonshire,Kent,TAI Taylor,RI Keogh,G Stewart,0,0,,,,,,,,,,,,,
1244215,2021,2021-04-08,"County Ground, Northampton",2,107.6,107.5,Northamptonshire,Kent,TAI Taylor,RI Keogh,G Stewart,0,0,,,,,,,,,,,,,
1244215,2021,2021-04-08,"County Ground, Northampton",2,107.7,107.6,Northamptonshire,Kent,TAI Taylor,RI Keogh,G Stewart,1,0,,,,,,,,,,,,,
1244215,2021,2021-04-08,"County Ground, Northampton",2,108.1,108.1,Northamptonshire,Kent,TAI Taylor,RI Keogh,JA Leaning,1,0,,,,,,,,,,,,,
1244215,2021,2021-04-08,"County Ground, Northampton",2,108.2,108.2,Northamptonshire,Kent,RI Keogh,TAI Taylor,JA Leaning,0,4,,,,4,,,,,,,,,
1244215,2021,2021-04-08,"County Ground, Northampton",2,108.3,108.3,Northamptonshire,Kent,RI Keogh,TAI Taylor,JA Leaning,1,0,,,,,,,,,,,,,
1244215,2021,2021-04-08,"County Ground, Northampton",2,108.4,108.4,Northamptonshire,Kent,TAI Taylor,RI Keogh,JA Leaning,2,0,,,,,,,,,,,,,
1244215,2021,2021-04-08,"County Ground, Northampton",2,108.5,108.5,Northamptonshire,Kent,TAI Taylor,RI Keogh,JA Leaning,1,0,,,,,,,,,,,,,
1244215,2021,2021-04-08,"County Ground, Northampton",2,108.6,108.6,Northamptonshire,Kent,RI Keogh,TAI Taylor,JA Leaning,1,0,,,,,,,,,,,,,
1244215,2021,2021-04-08,"County Ground, Northampton",2,109.1,109.1,Northamptonshire,Kent,RI Keogh,TAI Taylor,G Stewart,1,0,,,,,,,,,,,,,
1244215,2021,2021-04-08,"County Ground, Northampton",2,109.2,109.2,Northamptonshire,Kent,TAI Taylor,RI Keogh,G Stewart,0,0,,,,,,,,,,,,,
1244215,2021,2021-04-08,"County Ground, Northampton",2,109.3,109.3,Northamptonshire,Kent,TAI Taylor,RI Keogh,G Stewart,0,0,,,,,,,caught,TAI Taylor,,,FJ Klaassen,,
1244215,2021,2021-04-08,"County Ground, Northampton",2,109.4,109.4,Northamptonshire,Kent,RI Keogh,NL Buck,G Stewart,4,0,,,,,,,,,,,,,
1244215,2021,2021-04-08,"County Ground, Northampton",2,109.5,109.5,Northamptonshire,Kent,RI Keogh,NL Buck,G Stewart,1,0,,,,,,,,,,,,,
1244215,2021,2021-04-08,"County Ground, Northampton",2,109.6,109.6,Northamptonshire,Kent,NL Buck,RI Keogh,G Stewart,0,1,,,1,,,,,,,,,,
1244215,2021,2021-04-08,"County Ground, Northampton",2,110.1,110.1,Northamptonshire,Kent,NL Buck,RI Keogh,ME Milnes,0,0,,,,,,,,,,,,,
1244215,2021,2021-04-08,"County Ground, Northampton",2,110.2,110.2,Northamptonshire,Kent,NL Buck,RI Keogh,ME Milnes,4,0,,,,,,,,,,,,,
1244215,2021,2021-04-08,"County Ground, Northampton",2,110.3,110.3,Northamptonshire,Kent,NL Buck,RI Keogh,ME Milnes,0,0,,,,,,,,,,,,,
1244215,2021,2021-04-08,"County Ground, Northampton",2,110.4,110.4,Northamptonshire,Kent,NL Buck,RI Keogh,ME Milnes,0,0,,,,,,,,,,,,,
1244215,2021,2021-04-08,"County Ground, Northampton",2,110.5,110.5,Northamptonshire,Kent,NL Buck,RI Keogh,ME Milnes,0,0,,,,,,,,,,,,,
1244215,2021,2021-04-08,"County Ground, Northampton",2,110.6,110.6,Northamptonshire,Kent,NL Buck,RI Keogh,ME Milnes,0,0,,,,,,,,,,,,,
1244215,2021,2021-04-08,"County Ground, Northampton",2,111.1,111.1,Northamptonshire,Kent,RI Keogh,NL Buck,G Stewart,2,0,,,,,,,,,,,,,
1244215,2021,2021-04-08,"County Ground, Northampton",2,111.2,111.2,Northamptonshire,Kent,RI Keogh,NL Buck,G Stewart,0,0,,,,,,,,,,,,,
1244215,2021,2021-04-08,"County Ground, Northampton",2,111.3,111.3,Northamptonshire,Kent,RI Keogh,NL Buck,G Stewart,0,0,,,,,,,,,,,,,
1244215,2021,2021-04-08,"County Ground, Northampton",2,111.4,111.4,Northamptonshire,Kent,RI Keogh,NL Buck,G Stewart,0,0,,,,,,,,,,,,,
1244215,2021,2021-04-08,"County Ground, Northampton",2,111.5,111.5,Northamptonshire,Kent,RI Keogh,NL Buck,G Stewart,0,0,,,,,,,,,,,,,
1244215,2021,2021-04-08,"County Ground, Northampton",2,111.6,111.6,Northamptonshire,Kent,RI Keogh,NL Buck,G Stewart,0,0,,,,,,,,,,,,,
1244215,2021,2021-04-08,"County Ground, Northampton",2,112.1,112.1,Northamptonshire,Kent,NL Buck,RI Keogh,ME Milnes,0,0,,,,,,,,,,,,,
1244215,2021,2021-04-08,"County Ground, Northampton",2,112.2,112.2,Northamptonshire,Kent,NL Buck,RI Keogh,ME Milnes,0,0,,,,,,,,,,,,,
1244215,2021,2021-04-08,"County Ground, Northampton",2,112.3,112.3,Northamptonshire,Kent,NL Buck,RI Keogh,ME Milnes,0,0,,,,,,,,,,,,,
1244215,2021,2021-04-08,"County Ground, Northampton",2,112.4,112.4,Northamptonshire,Kent,NL Buck,RI Keogh,ME Milnes,0,1,,,,1,,,,,,,,,
1244215,2021,2021-04-08,"County Ground, Northampton",2,112.5,112.5,Northamptonshire,Kent,RI Keogh,NL Buck,ME Milnes,0,0,,,,,,,,,,,,,
1244215,2021,2021-04-08,"County Ground, Northampton",2,112.6,112.6,Northamptonshire,Kent,RI Keogh,NL Buck,ME Milnes,0,0,,,,,,,,,,,,,
1244215,2021,2021-04-08,"County Ground, Northampton",2,113.1,113.1,Northamptonshire,Kent,NL Buck,RI Keogh,G Stewart,0,0,,,,,,,,,,,,,
1244215,2021,2021-04-08,"County Ground, Northampton",2,113.2,113.2,Northamptonshire,Kent,NL Buck,RI Keogh,G Stewart,0,0,,,,,,,,,,,,,
1244215,2021,2021-04-08,"County Ground, Northampton",2,113.3,113.3,Northamptonshire,Kent,NL Buck,RI Keogh,G Stewart,0,0,,,,,,,,,,,,,
1244215,2021,2021-04-08,"County Ground, Northampton",2,113.4,113.4,Northamptonshire,Kent,NL Buck,RI Keogh,G Stewart,0,0,,,,,,,,,,,,,
1244215,2021,2021-04-08,"County Ground, Northampton",2,113.5,113.5,Northamptonshire,Kent,NL Buck,RI Keogh,G Stewart,0,0,,,,,,,,,,,,,
1244215,2021,2021-04-08,"County Ground, Northampton",2,113.6,113.6,Northamptonshire,Kent,NL Buck,RI Keogh,G Stewart,0,0,,,,,,,,,,,,,
1244215,2021,2021-04-08,"County Ground, Northampton",2,114.1,114.1,Northamptonshire,Kent,RI Keogh,NL Buck,ME Milnes,0,0,,,,,,,,,,,,,
1244215,2021,2021-04-08,"County Ground, Northampton",2,114.2,114.2,Northamptonshire,Kent,RI Keogh,NL Buck,ME Milnes,0,0,,,,,,,,,,,,,
1244215,2021,2021-04-08,"County Ground, Northampton",2,114.3,114.3,Northamptonshire,Kent,RI Keogh,NL Buck,ME Milnes,0,0,,,,,,,,,,,,,
1244215,2021,2021-04-08,"County Ground, Northampton",2,114.4,114.4,Northamptonshire,Kent,RI Keogh,NL Buck,ME Milnes,2,0,,,,,,,,,,,,,
1244215,2021,2021-04-08,"County Ground, Northampton",2,114.5,114.5,Northamptonshire,Kent,RI Keogh,NL Buck,ME Milnes,0,0,,,,,,,,,,,,,
1244215,2021,2021-04-08,"County Ground, Northampton",2,114.6,114.6,Northamptonshire,Kent,RI Keogh,NL Buck,ME Milnes,0,0,,,,,,,,,,,,,
1244215,2021,2021-04-08,"County Ground, Northampton",2,115.1,115.1,Northamptonshire,Kent,NL Buck,RI Keogh,G Stewart,0,0,,,,,,,,,,,,,
1244215,2021,2021-04-08,"County Ground, Northampton",2,115.2,115.2,Northamptonshire,Kent,NL Buck,RI Keogh,G Stewart,0,0,,,,,,,,,,,,,
1244215,2021,2021-04-08,"County Ground, Northampton",2,115.3,115.3,Northamptonshire,Kent,NL Buck,RI Keogh,G Stewart,0,0,,,,,,,,,,,,,
1244215,2021,2021-04-08,"County Ground, Northampton",2,115.4,115.4,Northamptonshire,Kent,NL Buck,RI Keogh,G Stewart,1,0,,,,,,,,,,,,,
1244215,2021,2021-04-08,"County Ground, Northampton",2,115.5,115.5,Northamptonshire,Kent,RI Keogh,NL Buck,G Stewart,0,0,,,,,,,,,,,,,
1244215,2021,2021-04-08,"County Ground, Northampton",2,115.6,115.6,Northamptonshire,Kent,RI Keogh,NL Buck,G Stewart,1,0,,,,,,,,,,,,,
1244215,2021,2021-04-08,"County Ground, Northampton",2,116.1,116.1,Northamptonshire,Kent,RI Keogh,NL Buck,ME Milnes,1,0,,,,,,,,,,,,,
1244215,2021,2021-04-08,"County Ground, Northampton",2,116.2,116.2,Northamptonshire,Kent,NL Buck,RI Keogh,ME Milnes,0,0,,,,,,,,,,,,,
1244215,2021,2021-04-08,"County Ground, Northampton",2,116.3,116.3,Northamptonshire,Kent,NL Buck,RI Keogh,ME Milnes,0,0,,,,,,,,,,,,,
1244215,2021,2021-04-08,"County Ground, Northampton",2,116.4,116.4,Northamptonshire,Kent,NL Buck,RI Keogh,ME Milnes,1,0,,,,,,,,,,,,,
1244215,2021,2021-04-08,"County Ground, Northampton",2,116.5,116.5,Northamptonshire,Kent,RI Keogh,NL Buck,ME Milnes,0,0,,,,,,,,,,,,,
1244215,2021,2021-04-08,"County Ground, Northampton",2,116.6,116.6,Northamptonshire,Kent,RI Keogh,NL Buck,ME Milnes,0,0,,,,,,,,,,,,,
1244215,2021,2021-04-08,"County Ground, Northampton",2,117.1,117.1,Northamptonshire,Kent,NL Buck,RI Keogh,G Stewart,0,0,,,,,,,,,,,,,
1244215,2021,2021-04-08,"County Ground, Northampton",2,117.2,117.2,Northamptonshire,Kent,NL Buck,RI Keogh,G Stewart,4,0,,,,,,,,,,,,,
1244215,2021,2021-04-08,"County Ground, Northampton",2,117.3,117.3,Northamptonshire,Kent,NL Buck,RI Keogh,G Stewart,1,0,,,,,,,,,,,,,
1244215,2021,2021-04-08,"County Ground, Northampton",2,117.4,117.4,Northamptonshire,Kent,RI Keogh,NL Buck,G Stewart,0,0,,,,,,,,,,,,,
1244215,2021,2021-04-08,"County Ground, Northampton",2,117.5,117.5,Northamptonshire,Kent,RI Keogh,NL Buck,G Stewart,0,0,,,,,,,,,,,,,
1244215,2021,2021-04-08,"County Ground, Northampton",2,117.6,117.6,Northamptonshire,Kent,RI Keogh,NL Buck,G Stewart,0,0,,,,,,,,,,,,,
1244215,2021,2021-04-08,"County Ground, Northampton",2,118.1,118.1,Northamptonshire,Kent,NL Buck,RI Keogh,ME Milnes,1,0,,,,,,,,,,,,,
1244215,2021,2021-04-08,"County Ground, Northampton",2,118.2,118.2,Northamptonshire,Kent,RI Keogh,NL Buck,ME Milnes,0,0,,,,,,,,,,,,,
1244215,2021,2021-04-08,"County Ground, Northampton",2,118.3,118.3,Northamptonshire,Kent,RI Keogh,NL Buck,ME Milnes,0,0,,,,,,,,,,,,,
1244215,2021,2021-04-08,"County Ground, Northampton",2,118.4,118.4,Northamptonshire,Kent,RI Keogh,NL Buck,ME Milnes,0,0,,,,,,,,,,,,,
1244215,2021,2021-04-08,"County Ground, Northampton",2,118.5,118.5,Northamptonshire,Kent,RI Keogh,NL Buck,ME Milnes,2,0,,,,,,,,,,,,,
1244215,2021,2021-04-08,"County Ground, Northampton",2,118.6,118.6,Northamptonshire,Kent,RI Keogh,NL Buck,ME Milnes,0,0,,,,,,,,,,,,,
1244215,2021,2021-04-08,"County Ground, Northampton",2,119.1,119.1,Northamptonshire,Kent,NL Buck,RI Keogh,HW Podmore,0,2,,,2,,,,,,,,,,
1244215,2021,2021-04-08,"County Ground, Northampton",2,119.2,119.2,Northamptonshire,Kent,NL Buck,RI Keogh,HW Podmore,0,0,,,,,,,,,,,,,
1244215,2021,2021-04-08,"County Ground, Northampton",2,119.3,119.3,Northamptonshire,Kent,NL Buck,RI Keogh,HW Podmore,0,0,,,,,,,,,,,,,
1244215,2021,2021-04-08,"County Ground, Northampton",2,119.4,119.4,Northamptonshire,Kent,NL Buck,RI Keogh,HW Podmore,1,0,,,,,,,,,,,,,
1244215,2021,2021-04-08,"County Ground, Northampton",2,119.5,119.5,Northamptonshire,Kent,RI Keogh,NL Buck,HW Podmore,1,0,,,,,,,,,,,,,
1244215,2021,2021-04-08,"County Ground, Northampton",2,119.6,119.6,Northamptonshire,Kent,NL Buck,RI Keogh,HW Podmore,0,0,,,,,,,,,,,,,
1244215,2021,2021-04-08,"County Ground, Northampton",2,120.1,120.1,Northamptonshire,Kent,RI Keogh,NL Buck,ML Cummins,1,0,,,,,,,,,,,,,
1244215,2021,2021-04-08,"County Ground, Northampton",2,120.2,120.2,Northamptonshire,Kent,NL Buck,RI Keogh,ML Cummins,2,0,,,,,,,,,,,,,
1244215,2021,2021-04-08,"County Ground, Northampton",2,120.3,120.3,Northamptonshire,Kent,NL Buck,RI Keogh,ML Cummins,0,0,,,,,,,,,,,,,
1244215,2021,2021-04-08,"County Ground, Northampton",2,120.4,120.4,Northamptonshire,Kent,NL Buck,RI Keogh,ML Cummins,0,0,,,,,,,,,,,,,
1244215,2021,2021-04-08,"County Ground, Northampton",2,120.5,120.5,Northamptonshire,Kent,NL Buck,RI Keogh,ML Cummins,0,0,,,,,,,,,,,,,
1244215,2021,2021-04-08,"County Ground, Northampton",2,120.6,120.6,Northamptonshire,Kent,NL Buck,RI Keogh,ML Cummins,0,0,,,,,,,,,,,,,
1244215,2021,2021-04-08,"County Ground, Northampton",2,121.1,121.1,Northamptonshire,Kent,RI Keogh,NL Buck,HW Podmore,0,0,,,,,,,,,,,,,
1244215,2021,2021-04-08,"County Ground, Northampton",2,121.2,121.2,Northamptonshire,Kent,RI Keogh,NL Buck,HW Podmore,0,0,,,,,,,,,,,,,
1244215,2021,2021-04-08,"County Ground, Northampton",2,121.3,121.3,Northamptonshire,Kent,RI Keogh,NL Buck,HW Podmore,0,0,,,,,,,,,,,,,
1244215,2021,2021-04-08,"County Ground, Northampton",2,121.4,121.4,Northamptonshire,Kent,RI Keogh,NL Buck,HW Podmore,0,0,,,,,,,caught,RI Keogh,,,MK O'Riordan,,
1244215,2021,2021-04-08,"County Ground, Northampton",2,121.5,121.5,Northamptonshire,Kent,GK Berg,NL Buck,HW Podmore,0,0,,,,,,,,,,,,,
1244215,2021,2021-04-08,"County Ground, Northampton",2,121.6,121.6,Northamptonshire,Kent,GK Berg,NL Buck,HW Podmore,0,0,,,,,,,,,,,,,
1244215,2021,2021-04-08,"County Ground, Northampton",2,122.1,122.1,Northamptonshire,Kent,NL Buck,GK Berg,ML Cummins,4,0,,,,,,,,,,,,,
1244215,2021,2021-04-08,"County Ground, Northampton",2,122.2,122.2,Northamptonshire,Kent,NL Buck,GK Berg,ML Cummins,0,0,,,,,,,,,,,,,
1244215,2021,2021-04-08,"County Ground, Northampton",2,122.3,122.3,Northamptonshire,Kent,NL Buck,GK Berg,ML Cummins,0,0,,,,,,,,,,,,,
1244215,2021,2021-04-08,"County Ground, Northampton",2,122.4,122.4,Northamptonshire,Kent,NL Buck,GK Berg,ML Cummins,1,0,,,,,,,,,,,,,
1244215,2021,2021-04-08,"County Ground, Northampton",2,122.5,122.5,Northamptonshire,Kent,GK Berg,NL Buck,ML Cummins,0,0,,,,,,,,,,,,,
1244215,2021,2021-04-08,"County Ground, Northampton",2,122.6,122.6,Northamptonshire,Kent,GK Berg,NL Buck,ML Cummins,0,0,,,,,,,,,,,,,
1244215,2021,2021-04-08,"County Ground, Northampton",2,123.1,123.1,Northamptonshire,Kent,NL Buck,GK Berg,HW Podmore,0,0,,,,,,,,,,,,,
1244215,2021,2021-04-08,"County Ground, Northampton",2,123.2,123.2,Northamptonshire,Kent,NL Buck,GK Berg,HW Podmore,1,0,,,,,,,,,,,,,
1244215,2021,2021-04-08,"County Ground, Northampton",2,123.3,123.3,Northamptonshire,Kent,GK Berg,NL Buck,HW Podmore,0,0,,,,,,,caught,GK Berg,,,OG Robinson,,
1244215,2021,2021-04-08,"County Ground, Northampton",2,123.4,123.4,Northamptonshire,Kent,BW Sanderson,NL Buck,HW Podmore,0,0,,,,,,,bowled,BW Sanderson,,,,,
1244215,2021,2021-04-08,"County Ground, Northampton",3,0.1,0.1,Kent,Northamptonshire,DJ Bell-Drummond,JM Cox,TAI Taylor,4,0,,,,,,,,,,,,,
1244215,2021,2021-04-08,"County Ground, Northampton",3,0.2,0.2,Kent,Northamptonshire,DJ Bell-Drummond,JM Cox,TAI Taylor,1,0,,,,,,,,,,,,,
1244215,2021,2021-04-08,"County Ground, Northampton",3,0.3,0.3,Kent,Northamptonshire,JM Cox,DJ Bell-Drummond,TAI Taylor,0,0,,,,,,,,,,,,,
1244215,2021,2021-04-08,"County Ground, Northampton",3,0.4,0.4,Kent,Northamptonshire,JM Cox,DJ Bell-Drummond,TAI Taylor,0,0,,,,,,,,,,,,,
1244215,2021,2021-04-08,"County Ground, Northampton",3,0.5,0.5,Kent,Northamptonshire,JM Cox,DJ Bell-Drummond,TAI Taylor,2,0,,,,,,,,,,,,,
1244215,2021,2021-04-08,"County Ground, Northampton",3,0.6,0.6,Kent,Northamptonshire,JM Cox,DJ Bell-Drummond,TAI Taylor,0,0,,,,,,,,,,,,,
1244215,2021,2021-04-08,"County Ground, Northampton",3,1.1,1.1,Kent,Northamptonshire,DJ Bell-Drummond,JM Cox,BW Sanderson,0,0,,,,,,,lbw,DJ Bell-Drummond,,,,,
1244215,2021,2021-04-08,"County Ground, Northampton",3,1.2,1.2,Kent,Northamptonshire,Z Crawley,JM Cox,BW Sanderson,0,0,,,,,,,,,,,,,
1244215,2021,2021-04-08,"County Ground, Northampton",3,1.3,1.3,Kent,Northamptonshire,Z Crawley,JM Cox,BW Sanderson,0,0,,,,,,,,,,,,,
1244215,2021,2021-04-08,"County Ground, Northampton",3,1.4,1.4,Kent,Northamptonshire,Z Crawley,JM Cox,BW Sanderson,0,0,,,,,,,,,,,,,
1244215,2021,2021-04-08,"County Ground, Northampton",3,1.5,1.5,Kent,Northamptonshire,Z Crawley,JM Cox,BW Sanderson,0,0,,,,,,,,,,,,,
1244215,2021,2021-04-08,"County Ground, Northampton",3,1.6,1.6,Kent,Northamptonshire,Z Crawley,JM Cox,BW Sanderson,0,0,,,,,,,,,,,,,
1244215,2021,2021-04-08,"County Ground, Northampton",3,2.1,2.1,Kent,Northamptonshire,JM Cox,Z Crawley,TAI Taylor,0,0,,,,,,,,,,,,,
1244215,2021,2021-04-08,"County Ground, Northampton",3,2.2,2.2,Kent,Northamptonshire,JM Cox,Z Crawley,TAI Taylor,4,0,,,,,,,,,,,,,
1244215,2021,2021-04-08,"County Ground, Northampton",3,2.3,2.3,Kent,Northamptonshire,JM Cox,Z Crawley,TAI Taylor,0,0,,,,,,,,,,,,,
1244215,2021,2021-04-08,"County Ground, Northampton",3,2.4,2.4,Kent,Northamptonshire,JM Cox,Z Crawley,TAI Taylor,1,0,,,,,,,,,,,,,
1244215,2021,2021-04-08,"County Ground, Northampton",3,2.5,2.5,Kent,Northamptonshire,Z Crawley,JM Cox,TAI Taylor,0,0,,,,,,,,,,,,,
1244215,2021,2021-04-08,"County Ground, Northampton",3,2.6,2.6,Kent,Northamptonshire,Z Crawley,JM Cox,TAI Taylor,0,0,,,,,,,,,,,,,
1244215,2021,2021-04-08,"County Ground, Northampton",3,3.1,3.1,Kent,Northamptonshire,JM Cox,Z Crawley,BW Sanderson,0,0,,,,,,,,,,,,,
1244215,2021,2021-04-08,"County Ground, Northampton",3,3.2,3.2,Kent,Northamptonshire,JM Cox,Z Crawley,BW Sanderson,0,0,,,,,,,,,,,,,
1244215,2021,2021-04-08,"County Ground, Northampton",3,3.3,3.3,Kent,Northamptonshire,JM Cox,Z Crawley,BW Sanderson,0,0,,,,,,,,,,,,,
1244215,2021,2021-04-08,"County Ground, Northampton",3,3.4,3.4,Kent,Northamptonshire,JM Cox,Z Crawley,BW Sanderson,0,0,,,,,,,,,,,,,
1244215,2021,2021-04-08,"County Ground, Northampton",3,3.5,3.5,Kent,Northamptonshire,JM Cox,Z Crawley,BW Sanderson,0,0,,,,,,,,,,,,,
1244215,2021,2021-04-08,"County Ground, Northampton",3,3.6,3.6,Kent,Northamptonshire,JM Cox,Z Crawley,BW Sanderson,0,0,,,,,,,,,,,,,
1244215,2021,2021-04-08,"County Ground, Northampton",3,4.1,4.1,Kent,Northamptonshire,Z Crawley,JM Cox,TAI Taylor,0,0,,,,,,,,,,,,,
1244215,2021,2021-04-08,"County Ground, Northampton",3,4.2,4.2,Kent,Northamptonshire,Z Crawley,JM Cox,TAI Taylor,0,0,,,,,,,,,,,,,
1244215,2021,2021-04-08,"County Ground, Northampton",3,4.3,4.3,Kent,Northamptonshire,Z Crawley,JM Cox,TAI Taylor,4,0,,,,,,,,,,,,,
1244215,2021,2021-04-08,"County Ground, Northampton",3,4.4,4.4,Kent,Northamptonshire,Z Crawley,JM Cox,TAI Taylor,0,0,,,,,,,,,,,,,
1244215,2021,2021-04-08,"County Ground, Northampton",3,4.5,4.5,Kent,Northamptonshire,Z Crawley,JM Cox,TAI Taylor,0,0,,,,,,,,,,,,,
1244215,2021,2021-04-08,"County Ground, Northampton",3,4.6,4.6,Kent,Northamptonshire,Z Crawley,JM Cox,TAI Taylor,1,0,,,,,,,,,,,,,
1244215,2021,2021-04-08,"County Ground, Northampton",3,5.1,5.1,Kent,Northamptonshire,Z Crawley,JM Cox,BW Sanderson,0,0,,,,,,,,,,,,,
1244215,2021,2021-04-08,"County Ground, Northampton",3,5.2,5.2,Kent,Northamptonshire,Z Crawley,JM Cox,BW Sanderson,1,0,,,,,,,,,,,,,
1244215,2021,2021-04-08,"County Ground, Northampton",3,5.3,5.3,Kent,Northamptonshire,JM Cox,Z Crawley,BW Sanderson,0,0,,,,,,,,,,,,,
1244215,2021,2021-04-08,"County Ground, Northampton",3,5.4,5.4,Kent,Northamptonshire,JM Cox,Z Crawley,BW Sanderson,0,0,,,,,,,,,,,,,
1244215,2021,2021-04-08,"County Ground, Northampton",3,5.5,5.5,Kent,Northamptonshire,JM Cox,Z Crawley,BW Sanderson,0,0,,,,,,,,,,,,,
1244215,2021,2021-04-08,"County Ground, Northampton",3,5.6,5.6,Kent,Northamptonshire,JM Cox,Z Crawley,BW Sanderson,0,0,,,,,,,,,,,,,
1244215,2021,2021-04-08,"County Ground, Northampton",3,6.1,6.1,Kent,Northamptonshire,Z Crawley,JM Cox,TAI Taylor,1,0,,,,,,,,,,,,,
1244215,2021,2021-04-08,"County Ground, Northampton",3,6.2,6.2,Kent,Northamptonshire,JM Cox,Z Crawley,TAI Taylor,0,0,,,,,,,,,,,,,
1244215,2021,2021-04-08,"County Ground, Northampton",3,6.3,6.3,Kent,Northamptonshire,JM Cox,Z Crawley,TAI Taylor,0,0,,,,,,,,,,,,,
1244215,2021,2021-04-08,"County Ground, Northampton",3,6.4,6.4,Kent,Northamptonshire,JM Cox,Z Crawley,TAI Taylor,1,0,,,,,,,,,,,,,
1244215,2021,2021-04-08,"County Ground, Northampton",3,6.5,6.5,Kent,Northamptonshire,Z Crawley,JM Cox,TAI Taylor,0,0,,,,,,,,,,,,,
1244215,2021,2021-04-08,"County Ground, Northampton",3,6.6,6.6,Kent,Northamptonshire,Z Crawley,JM Cox,TAI Taylor,4,0,,,,,,,,,,,,,
1244215,2021,2021-04-08,"County Ground, Northampton",3,7.1,7.1,Kent,Northamptonshire,JM Cox,Z Crawley,BW Sanderson,0,0,,,,,,,,,,,,,
1244215,2021,2021-04-08,"County Ground, Northampton",3,7.2,7.2,Kent,Northamptonshire,JM Cox,Z Crawley,BW Sanderson,0,0,,,,,,,,,,,,,
1244215,2021,2021-04-08,"County Ground, Northampton",3,7.3,7.3,Kent,Northamptonshire,JM Cox,Z Crawley,BW Sanderson,0,0,,,,,,,,,,,,,
1244215,2021,2021-04-08,"County Ground, Northampton",3,7.4,7.4,Kent,Northamptonshire,JM Cox,Z Crawley,BW Sanderson,0,0,,,,,,,,,,,,,
1244215,2021,2021-04-08,"County Ground, Northampton",3,7.5,7.5,Kent,Northamptonshire,JM Cox,Z Crawley,BW Sanderson,0,0,,,,,,,,,,,,,
1244215,2021,2021-04-08,"County Ground, Northampton",3,7.6,7.6,Kent,Northamptonshire,JM Cox,Z Crawley,BW Sanderson,0,0,,,,,,,,,,,,,
1244215,2021,2021-04-08,"County Ground, Northampton",3,8.1,8.1,Kent,Northamptonshire,Z Crawley,JM Cox,TAI Taylor,4,0,,,,,,,,,,,,,
1244215,2021,2021-04-08,"County Ground, Northampton",3,8.2,8.2,Kent,Northamptonshire,Z Crawley,JM Cox,TAI Taylor,0,0,,,,,,,,,,,,,
1244215,2021,2021-04-08,"County Ground, Northampton",3,8.3,8.3,Kent,Northamptonshire,Z Crawley,JM Cox,TAI Taylor,0,0,,,,,,,,,,,,,
1244215,2021,2021-04-08,"County Ground, Northampton",3,8.4,8.4,Kent,Northamptonshire,Z Crawley,JM Cox,TAI Taylor,0,0,,,,,,,,,,,,,
1244215,2021,2021-04-08,"County Ground, Northampton",3,8.5,8.5,Kent,Northamptonshire,Z Crawley,JM Cox,TAI Taylor,0,0,,,,,,,,,,,,,
1244215,2021,2021-04-08,"County Ground, Northampton",3,8.6,8.6,Kent,Northamptonshire,Z Crawley,JM Cox,TAI Taylor,0,0,,,,,,,,,,,,,
1244215,2021,2021-04-08,"County Ground, Northampton",3,9.1,9.1,Kent,Northamptonshire,JM Cox,Z Crawley,BW Sanderson,0,0,,,,,,,,,,,,,
1244215,2021,2021-04-08,"County Ground, Northampton",3,9.2,9.2,Kent,Northamptonshire,JM Cox,Z Crawley,BW Sanderson,0,0,,,,,,,,,,,,,
1244215,2021,2021-04-08,"County Ground, Northampton",3,9.3,9.3,Kent,Northamptonshire,JM Cox,Z Crawley,BW Sanderson,0,0,,,,,,,,,,,,,
1244215,2021,2021-04-08,"County Ground, Northampton",3,9.4,9.4,Kent,Northamptonshire,JM Cox,Z Crawley,BW Sanderson,1,0,,,,,,,,,,,,,
1244215,2021,2021-04-08,"County Ground, Northampton",3,9.5,9.5,Kent,Northamptonshire,Z Crawley,JM Cox,BW Sanderson,0,0,,,,,,,,,,,,,
1244215,2021,2021-04-08,"County Ground, Northampton",3,9.6,9.6,Kent,Northamptonshire,Z Crawley,JM Cox,BW Sanderson,0,0,,,,,,,,,,,,,
1244215,2021,2021-04-08,"County Ground, Northampton",3,10.1,10.1,Kent,Northamptonshire,JM Cox,Z Crawley,TAI Taylor,0,0,,,,,,,,,,,,,
1244215,2021,2021-04-08,"County Ground, Northampton",3,10.2,10.2,Kent,Northamptonshire,JM Cox,Z Crawley,TAI Taylor,0,0,,,,,,,,,,,,,
1244215,2021,2021-04-08,"County Ground, Northampton",3,10.3,10.3,Kent,Northamptonshire,JM Cox,Z Crawley,TAI Taylor,0,0,,,,,,,,,,,,,
1244215,2021,2021-04-08,"County Ground, Northampton",3,10.4,10.4,Kent,Northamptonshire,JM Cox,Z Crawley,TAI Taylor,1,0,,,,,,,,,,,,,
1244215,2021,2021-04-08,"County Ground, Northampton",3,10.5,10.5,Kent,Northamptonshire,Z Crawley,JM Cox,TAI Taylor,0,0,,,,,,,,,,,,,
1244215,2021,2021-04-08,"County Ground, Northampton",3,10.6,10.6,Kent,Northamptonshire,Z Crawley,JM Cox,TAI Taylor,0,0,,,,,,,,,,,,,
1244215,2021,2021-04-08,"County Ground, Northampton",3,11.1,11.1,Kent,Northamptonshire,JM Cox,Z Crawley,BW Sanderson,0,0,,,,,,,,,,,,,
1244215,2021,2021-04-08,"County Ground, Northampton",3,11.2,11.2,Kent,Northamptonshire,JM Cox,Z Crawley,BW Sanderson,0,0,,,,,,,,,,,,,
1244215,2021,2021-04-08,"County Ground, Northampton",3,11.3,11.3,Kent,Northamptonshire,JM Cox,Z Crawley,BW Sanderson,0,0,,,,,,,,,,,,,
1244215,2021,2021-04-08,"County Ground, Northampton",3,11.4,11.4,Kent,Northamptonshire,JM Cox,Z Crawley,BW Sanderson,0,0,,,,,,,,,,,,,
1244215,2021,2021-04-08,"County Ground, Northampton",3,11.5,11.5,Kent,Northamptonshire,JM Cox,Z Crawley,BW Sanderson,4,0,,,,,,,,,,,,,
1244215,2021,2021-04-08,"County Ground, Northampton",3,11.6,11.6,Kent,Northamptonshire,JM Cox,Z Crawley,BW Sanderson,0,0,,,,,,,,,,,,,
1244215,2021,2021-04-08,"County Ground, Northampton",3,12.1,12.1,Kent,Northamptonshire,Z Crawley,JM Cox,TAI Taylor,0,0,,,,,,,,,,,,,
1244215,2021,2021-04-08,"County Ground, Northampton",3,12.2,12.2,Kent,Northamptonshire,Z Crawley,JM Cox,TAI Taylor,0,0,,,,,,,,,,,,,
1244215,2021,2021-04-08,"County Ground, Northampton",3,12.3,12.3,Kent,Northamptonshire,Z Crawley,JM Cox,TAI Taylor,0,0,,,,,,,,,,,,,
1244215,2021,2021-04-08,"County Ground, Northampton",3,12.4,12.4,Kent,Northamptonshire,Z Crawley,JM Cox,TAI Taylor,0,0,,,,,,,,,,,,,
1244215,2021,2021-04-08,"County Ground, Northampton",3,12.5,12.5,Kent,Northamptonshire,Z Crawley,JM Cox,TAI Taylor,4,0,,,,,,,,,,,,,
1244215,2021,2021-04-08,"County Ground, Northampton",3,12.6,12.6,Kent,Northamptonshire,Z Crawley,JM Cox,TAI Taylor,0,0,,,,,,,,,,,,,
1244215,2021,2021-04-08,"County Ground, Northampton",3,13.1,13.1,Kent,Northamptonshire,JM Cox,Z Crawley,GK Berg,4,0,,,,,,,,,,,,,
