match_id,season,start_date,venue,innings,ball,actual_delivery,batting_team,bowling_team,striker,non_striker,bowler,runs_off_bat,extras,wides,noballs,byes,legbyes,penalty,non_boundary,wicket_type,player_dismissed,other_wicket_type,other_player_dismissed,fielder_1,fielder_2,fielder_3
1271394,2021,2021-09-05,"County Ground, Chelmsford",1,0.1,0.1,Gloucestershire,Essex,BG Charlesworth,Miles Hammond,JA Porter,0,0,,,,,,,,,,,,,
1271394,2021,2021-09-05,"County Ground, Chelmsford",1,0.2,0.2,Gloucestershire,Essex,BG Charlesworth,Miles Hammond,JA Porter,2,0,,,,,,,,,,,,,
1271394,2021,2021-09-05,"County Ground, Chelmsford",1,0.3,0.3,Gloucestershire,Essex,BG Charlesworth,Miles Hammond,JA Porter,2,0,,,,,,,,,,,,,
1271394,2021,2021-09-05,"County Ground, Chelmsford",1,0.4,0.4,Gloucestershire,Essex,BG Charlesworth,Miles Hammond,JA Porter,0,0,,,,,,,,,,,,,
1271394,2021,2021-09-05,"County Ground, Chelmsford",1,0.5,0.5,Gloucestershire,Essex,BG Charlesworth,Miles Hammond,JA Porter,0,0,,,,,,,,,,,,,
1271394,2021,2021-09-05,"County Ground, Chelmsford",1,0.6,0.6,Gloucestershire,Essex,BG Charlesworth,Miles Hammond,JA Porter,0,0,,,,,,,,,,,,,
1271394,2021,2021-09-05,"County Ground, Chelmsford",1,1.1,1.1,Gloucestershire,Essex,Miles Hammond,BG Charlesworth,SJ Cook,1,0,,,,,,,,,,,,,
1271394,2021,2021-09-05,"County Ground, Chelmsford",1,1.2,1.2,Gloucestershire,Essex,BG Charlesworth,Miles Hammond,SJ Cook,0,0,,,,,,,,,,,,,
1271394,2021,2021-09-05,"County Ground, Chelmsford",1,1.3,1.3,Gloucestershire,Essex,BG Charlesworth,Miles Hammond,SJ Cook,0,0,,,,,,,,,,,,,
1271394,2021,2021-09-05,"County Ground, Chelmsford",1,1.4,1.4,Gloucestershire,Essex,BG Charlesworth,Miles Hammond,SJ Cook,0,0,,,,,,,,,,,,,
1271394,2021,2021-09-05,"County Ground, Chelmsford",1,1.5,1.5,Gloucestershire,Essex,BG Charlesworth,Miles Hammond,SJ Cook,0,0,,,,,,,,,,,,,
1271394,2021,2021-09-05,"County Ground, Chelmsford",1,1.6,1.6,Gloucestershire,Essex,BG Charlesworth,Miles Hammond,SJ Cook,0,0,,,,,,,,,,,,,
1271394,2021,2021-09-05,"County Ground, Chelmsford",1,2.1,2.1,Gloucestershire,Essex,Miles Hammond,BG Charlesworth,JA Porter,0,0,,,,,,,,,,,,,
1271394,2021,2021-09-05,"County Ground, Chelmsford",1,2.2,2.2,Gloucestershire,Essex,Miles Hammond,BG Charlesworth,JA Porter,0,0,,,,,,,,,,,,,
1271394,2021,2021-09-05,"County Ground, Chelmsford",1,2.3,2.3,Gloucestershire,Essex,Miles Hammond,BG Charlesworth,JA Porter,0,0,,,,,,,,,,,,,
1271394,2021,2021-09-05,"County Ground, Chelmsford",1,2.4,2.4,Gloucestershire,Essex,Miles Hammond,BG Charlesworth,JA Porter,0,0,,,,,,,,,,,,,
1271394,2021,2021-09-05,"County Ground, Chelmsford",1,2.5,2.5,Gloucestershire,Essex,Miles Hammond,BG Charlesworth,JA Porter,0,0,,,,,,,,,,,,,
1271394,2021,2021-09-05,"County Ground, Chelmsford",1,2.6,2.6,Gloucestershire,Essex,Miles Hammond,BG Charlesworth,JA Porter,3,0,,,,,,,,,,,,,
1271394,2021,2021-09-05,"County Ground, Chelmsford",1,3.1,3.1,Gloucestershire,Essex,Miles Hammond,BG Charlesworth,SJ Cook,1,0,,,,,,,,,,,,,
1271394,2021,2021-09-05,"County Ground, Chelmsford",1,3.2,3.2,Gloucestershire,Essex,BG Charlesworth,Miles Hammond,SJ Cook,0,0,,,,,,,,,,,,,
1271394,2021,2021-09-05,"County Ground, Chelmsford",1,3.3,3.3,Gloucestershire,Essex,BG Charlesworth,Miles Hammond,SJ Cook,4,0,,,,,,,,,,,,,
1271394,2021,2021-09-05,"County Ground, Chelmsford",1,3.4,3.4,Gloucestershire,Essex,BG Charlesworth,Miles Hammond,SJ Cook,0,0,,,,,,,,,,,,,
1271394,2021,2021-09-05,"County Ground, Chelmsford",1,3.5,3.5,Gloucestershire,Essex,BG Charlesworth,Miles Hammond,SJ Cook,0,0,,,,,,,,,,,,,
1271394,2021,2021-09-05,"County Ground, Chelmsford",1,3.6,3.6,Gloucestershire,Essex,BG Charlesworth,Miles Hammond,SJ Cook,0,0,,,,,,,,,,,,,
1271394,2021,2021-09-05,"County Ground, Chelmsford",1,4.1,4.1,Gloucestershire,Essex,Miles Hammond,BG Charlesworth,JA Porter,0,0,,,,,,,,,,,,,
1271394,2021,2021-09-05,"County Ground, Chelmsford",1,4.2,4.2,Gloucestershire,Essex,Miles Hammond,BG Charlesworth,JA Porter,0,0,,,,,,,lbw,Miles Hammond,,,,,
1271394,2021,2021-09-05,"County Ground, Chelmsford",1,4.3,4.3,Gloucestershire,Essex,James Bracey,BG Charlesworth,JA Porter,0,0,,,,,,,,,,,,,
1271394,2021,2021-09-05,"County Ground, Chelmsford",1,4.4,4.4,Gloucestershire,Essex,James Bracey,BG Charlesworth,JA Porter,0,0,,,,,,,,,,,,,
1271394,2021,2021-09-05,"County Ground, Chelmsford",1,4.5,4.5,Gloucestershire,Essex,James Bracey,BG Charlesworth,JA Porter,0,0,,,,,,,,,,,,,
1271394,2021,2021-09-05,"County Ground, Chelmsford",1,4.6,4.6,Gloucestershire,Essex,James Bracey,BG Charlesworth,JA Porter,0,0,,,,,,,,,,,,,
1271394,2021,2021-09-05,"County Ground, Chelmsford",1,5.1,5.1,Gloucestershire,Essex,BG Charlesworth,James Bracey,SJ Cook,0,0,,,,,,,,,,,,,
1271394,2021,2021-09-05,"County Ground, Chelmsford",1,5.2,5.2,Gloucestershire,Essex,BG Charlesworth,James Bracey,SJ Cook,0,0,,,,,,,,,,,,,
1271394,2021,2021-09-05,"County Ground, Chelmsford",1,5.3,5.3,Gloucestershire,Essex,BG Charlesworth,James Bracey,SJ Cook,0,0,,,,,,,,,,,,,
1271394,2021,2021-09-05,"County Ground, Chelmsford",1,5.4,5.4,Gloucestershire,Essex,BG Charlesworth,James Bracey,SJ Cook,0,0,,,,,,,,,,,,,
1271394,2021,2021-09-05,"County Ground, Chelmsford",1,5.5,5.5,Gloucestershire,Essex,BG Charlesworth,James Bracey,SJ Cook,4,0,,,,,,,,,,,,,
1271394,2021,2021-09-05,"County Ground, Chelmsford",1,5.6,5.6,Gloucestershire,Essex,BG Charlesworth,James Bracey,SJ Cook,0,0,,,,,,,,,,,,,
1271394,2021,2021-09-05,"County Ground, Chelmsford",1,6.1,6.1,Gloucestershire,Essex,James Bracey,BG Charlesworth,JA Porter,0,0,,,,,,,,,,,,,
1271394,2021,2021-09-05,"County Ground, Chelmsford",1,6.2,6.2,Gloucestershire,Essex,James Bracey,BG Charlesworth,JA Porter,3,0,,,,,,,,,,,,,
1271394,2021,2021-09-05,"County Ground, Chelmsford",1,6.3,6.3,Gloucestershire,Essex,BG Charlesworth,James Bracey,JA Porter,0,0,,,,,,,,,,,,,
1271394,2021,2021-09-05,"County Ground, Chelmsford",1,6.4,6.4,Gloucestershire,Essex,BG Charlesworth,James Bracey,JA Porter,0,0,,,,,,,lbw,BG Charlesworth,,,,,
1271394,2021,2021-09-05,"County Ground, Chelmsford",1,6.5,6.5,Gloucestershire,Essex,CDJ Dent,James Bracey,JA Porter,4,0,,,,,,,,,,,,,
1271394,2021,2021-09-05,"County Ground, Chelmsford",1,6.6,6.6,Gloucestershire,Essex,CDJ Dent,James Bracey,JA Porter,4,0,,,,,,,,,,,,,
1271394,2021,2021-09-05,"County Ground, Chelmsford",1,7.1,7.1,Gloucestershire,Essex,James Bracey,CDJ Dent,SJ Cook,0,0,,,,,,,,,,,,,
1271394,2021,2021-09-05,"County Ground, Chelmsford",1,7.2,7.2,Gloucestershire,Essex,James Bracey,CDJ Dent,SJ Cook,0,0,,,,,,,,,,,,,
1271394,2021,2021-09-05,"County Ground, Chelmsford",1,7.3,7.3,Gloucestershire,Essex,James Bracey,CDJ Dent,SJ Cook,0,0,,,,,,,caught,James Bracey,,,AJA Wheater,,
1271394,2021,2021-09-05,"County Ground, Chelmsford",1,7.4,7.4,Gloucestershire,Essex,TC Lace,CDJ Dent,SJ Cook,0,0,,,,,,,bowled,TC Lace,,,,,
1271394,2021,2021-09-05,"County Ground, Chelmsford",1,7.5,7.5,Gloucestershire,Essex,GL van Buuren,CDJ Dent,SJ Cook,0,0,,,,,,,,,,,,,
1271394,2021,2021-09-05,"County Ground, Chelmsford",1,7.6,7.6,Gloucestershire,Essex,GL van Buuren,CDJ Dent,SJ Cook,0,0,,,,,,,,,,,,,
1271394,2021,2021-09-05,"County Ground, Chelmsford",1,8.1,8.1,Gloucestershire,Essex,CDJ Dent,GL van Buuren,JA Porter,0,0,,,,,,,,,,,,,
1271394,2021,2021-09-05,"County Ground, Chelmsford",1,8.2,8.2,Gloucestershire,Essex,CDJ Dent,GL van Buuren,JA Porter,0,0,,,,,,,,,,,,,
1271394,2021,2021-09-05,"County Ground, Chelmsford",1,8.3,8.3,Gloucestershire,Essex,CDJ Dent,GL van Buuren,JA Porter,0,0,,,,,,,,,,,,,
1271394,2021,2021-09-05,"County Ground, Chelmsford",1,8.4,8.4,Gloucestershire,Essex,CDJ Dent,GL van Buuren,JA Porter,0,0,,,,,,,,,,,,,
1271394,2021,2021-09-05,"County Ground, Chelmsford",1,8.5,8.5,Gloucestershire,Essex,CDJ Dent,GL van Buuren,JA Porter,0,0,,,,,,,caught,CDJ Dent,,,SR Harmer,,
1271394,2021,2021-09-05,"County Ground, Chelmsford",1,8.6,8.6,Gloucestershire,Essex,RF Higgins,GL van Buuren,JA Porter,0,0,,,,,,,,,,,,,
1271394,2021,2021-09-05,"County Ground, Chelmsford",1,9.1,9.1,Gloucestershire,Essex,GL van Buuren,RF Higgins,SJ Cook,0,0,,,,,,,,,,,,,
1271394,2021,2021-09-05,"County Ground, Chelmsford",1,9.2,9.2,Gloucestershire,Essex,GL van Buuren,RF Higgins,SJ Cook,4,0,,,,,,,,,,,,,
1271394,2021,2021-09-05,"County Ground, Chelmsford",1,9.3,9.3,Gloucestershire,Essex,GL van Buuren,RF Higgins,SJ Cook,0,0,,,,,,,,,,,,,
1271394,2021,2021-09-05,"County Ground, Chelmsford",1,9.4,9.4,Gloucestershire,Essex,GL van Buuren,RF Higgins,SJ Cook,0,0,,,,,,,,,,,,,
1271394,2021,2021-09-05,"County Ground, Chelmsford",1,9.5,9.5,Gloucestershire,Essex,GL van Buuren,RF Higgins,SJ Cook,0,0,,,,,,,bowled,GL van Buuren,,,,,
1271394,2021,2021-09-05,"County Ground, Chelmsford",1,9.6,9.6,Gloucestershire,Essex,OJ Price,RF Higgins,SJ Cook,0,0,,,,,,,,,,,,,
1271394,2021,2021-09-05,"County Ground, Chelmsford",1,10.1,10.1,Gloucestershire,Essex,RF Higgins,OJ Price,JA Porter,4,0,,,,,,,,,,,,,
1271394,2021,2021-09-05,"County Ground, Chelmsford",1,10.2,10.2,Gloucestershire,Essex,RF Higgins,OJ Price,JA Porter,4,0,,,,,,,,,,,,,
1271394,2021,2021-09-05,"County Ground, Chelmsford",1,10.3,10.3,Gloucestershire,Essex,RF Higgins,OJ Price,JA Porter,0,0,,,,,,,,,,,,,
1271394,2021,2021-09-05,"County Ground, Chelmsford",1,10.4,10.4,Gloucestershire,Essex,RF Higgins,OJ Price,JA Porter,0,0,,,,,,,,,,,,,
1271394,2021,2021-09-05,"County Ground, Chelmsford",1,10.5,10.5,Gloucestershire,Essex,RF Higgins,OJ Price,JA Porter,0,0,,,,,,,,,,,,,
1271394,2021,2021-09-05,"County Ground, Chelmsford",1,10.6,10.6,Gloucestershire,Essex,RF Higgins,OJ Price,JA Porter,0,0,,,,,,,,,,,,,
1271394,2021,2021-09-05,"County Ground, Chelmsford",1,11.1,11.1,Gloucestershire,Essex,OJ Price,RF Higgins,SJ Cook,0,0,,,,,,,,,,,,,
1271394,2021,2021-09-05,"County Ground, Chelmsford",1,11.2,11.2,Gloucestershire,Essex,OJ Price,RF Higgins,SJ Cook,0,0,,,,,,,,,,,,,
1271394,2021,2021-09-05,"County Ground, Chelmsford",1,11.3,11.3,Gloucestershire,Essex,OJ Price,RF Higgins,SJ Cook,1,0,,,,,,,,,,,,,
1271394,2021,2021-09-05,"County Ground, Chelmsford",1,11.4,11.4,Gloucestershire,Essex,RF Higgins,OJ Price,SJ Cook,0,0,,,,,,,,,,,,,
1271394,2021,2021-09-05,"County Ground, Chelmsford",1,11.5,11.5,Gloucestershire,Essex,RF Higgins,OJ Price,SJ Cook,0,0,,,,,,,,,,,,,
1271394,2021,2021-09-05,"County Ground, Chelmsford",1,11.6,11.6,Gloucestershire,Essex,RF Higgins,OJ Price,SJ Cook,4,0,,,,,,,,,,,,,
1271394,2021,2021-09-05,"County Ground, Chelmsford",1,12.1,12.1,Gloucestershire,Essex,OJ Price,RF Higgins,JA Porter,0,0,,,,,,,,,,,,,
1271394,2021,2021-09-05,"County Ground, Chelmsford",1,12.2,12.2,Gloucestershire,Essex,OJ Price,RF Higgins,JA Porter,0,0,,,,,,,,,,,,,
1271394,2021,2021-09-05,"County Ground, Chelmsford",1,12.3,12.3,Gloucestershire,Essex,OJ Price,RF Higgins,JA Porter,2,0,,,,,,,,,,,,,
1271394,2021,2021-09-05,"County Ground, Chelmsford",1,12.4,12.4,Gloucestershire,Essex,OJ Price,RF Higgins,JA Porter,0,0,,,,,,,,,,,,,
1271394,2021,2021-09-05,"County Ground, Chelmsford",1,12.5,12.5,Gloucestershire,Essex,OJ Price,RF Higgins,JA Porter,0,0,,,,,,,,,,,,,
1271394,2021,2021-09-05,"County Ground, Chelmsford",1,12.6,12.6,Gloucestershire,Essex,OJ Price,RF Higgins,JA Porter,0,0,,,,,,,,,,,,,
1271394,2021,2021-09-05,"County Ground, Chelmsford",1,13.1,13.1,Gloucestershire,Essex,RF Higgins,OJ Price,S Snater,0,0,,,,,,,,,,,,,
1271394,2021,2021-09-05,"County Ground, Chelmsford",1,13.2,13.2,Gloucestershire,Essex,RF Higgins,OJ Price,S Snater,0,0,,,,,,,,,,,,,
1271394,2021,2021-09-05,"County Ground, Chelmsford",1,13.3,13.3,Gloucestershire,Essex,RF Higgins,OJ Price,S Snater,0,0,,,,,,,,,,,,,
1271394,2021,2021-09-05,"County Ground, Chelmsford",1,13.4,13.4,Gloucestershire,Essex,RF Higgins,OJ Price,S Snater,0,0,,,,,,,,,,,,,
1271394,2021,2021-09-05,"County Ground, Chelmsford",1,13.5,13.5,Gloucestershire,Essex,RF Higgins,OJ Price,S Snater,0,0,,,,,,,,,,,,,
1271394,2021,2021-09-05,"County Ground, Chelmsford",1,13.6,13.6,Gloucestershire,Essex,RF Higgins,OJ Price,S Snater,0,0,,,,,,,,,,,,,
1271394,2021,2021-09-05,"County Ground, Chelmsford",1,14.1,14.1,Gloucestershire,Essex,OJ Price,RF Higgins,JA Porter,0,0,,,,,,,caught,OJ Price,,,NLJ Browne,,
1271394,2021,2021-09-05,"County Ground, Chelmsford",1,14.2,14.2,Gloucestershire,Essex,Zafar Gohar,RF Higgins,JA Porter,0,0,,,,,,,,,,,,,
1271394,2021,2021-09-05,"County Ground, Chelmsford",1,14.3,14.3,Gloucestershire,Essex,Zafar Gohar,RF Higgins,JA Porter,0,0,,,,,,,,,,,,,
1271394,2021,2021-09-05,"County Ground, Chelmsford",1,14.4,14.4,Gloucestershire,Essex,Zafar Gohar,RF Higgins,JA Porter,0,0,,,,,,,,,,,,,
1271394,2021,2021-09-05,"County Ground, Chelmsford",1,14.5,14.5,Gloucestershire,Essex,Zafar Gohar,RF Higgins,JA Porter,0,0,,,,,,,,,,,,,
1271394,2021,2021-09-05,"County Ground, Chelmsford",1,14.6,14.6,Gloucestershire,Essex,Zafar Gohar,RF Higgins,JA Porter,0,0,,,,,,,,,,,,,
1271394,2021,2021-09-05,"County Ground, Chelmsford",1,15.1,15.1,Gloucestershire,Essex,RF Higgins,Zafar Gohar,S Snater,0,1,1,,,,,,,,,,,,
1271394,2021,2021-09-05,"County Ground, Chelmsford",1,15.2,15.1,Gloucestershire,Essex,RF Higgins,Zafar Gohar,S Snater,0,0,,,,,,,,,,,,,
1271394,2021,2021-09-05,"County Ground, Chelmsford",1,15.3,15.2,Gloucestershire,Essex,RF Higgins,Zafar Gohar,S Snater,0,0,,,,,,,,,,,,,
1271394,2021,2021-09-05,"County Ground, Chelmsford",1,15.4,15.3,Gloucestershire,Essex,RF Higgins,Zafar Gohar,S Snater,0,0,,,,,,,,,,,,,
1271394,2021,2021-09-05,"County Ground, Chelmsford",1,15.5,15.4,Gloucestershire,Essex,RF Higgins,Zafar Gohar,S Snater,0,0,,,,,,,,,,,,,
1271394,2021,2021-09-05,"County Ground, Chelmsford",1,15.6,15.5,Gloucestershire,Essex,RF Higgins,Zafar Gohar,S Snater,0,0,,,,,,,,,,,,,
1271394,2021,2021-09-05,"County Ground, Chelmsford",1,15.7,15.6,Gloucestershire,Essex,RF Higgins,Zafar Gohar,S Snater,0,0,,,,,,,,,,,,,
1271394,2021,2021-09-05,"County Ground, Chelmsford",1,16.1,16.1,Gloucestershire,Essex,Zafar Gohar,RF Higgins,JA Porter,1,0,,,,,,,,,,,,,
1271394,2021,2021-09-05,"County Ground, Chelmsford",1,16.2,16.2,Gloucestershire,Essex,RF Higgins,Zafar Gohar,JA Porter,2,0,,,,,,,,,,,,,
1271394,2021,2021-09-05,"County Ground, Chelmsford",1,16.3,16.3,Gloucestershire,Essex,RF Higgins,Zafar Gohar,JA Porter,0,0,,,,,,,,,,,,,
1271394,2021,2021-09-05,"County Ground, Chelmsford",1,16.4,16.4,Gloucestershire,Essex,RF Higgins,Zafar Gohar,JA Porter,0,0,,,,,,,,,,,,,
1271394,2021,2021-09-05,"County Ground, Chelmsford",1,16.5,16.5,Gloucestershire,Essex,RF Higgins,Zafar Gohar,JA Porter,0,0,,,,,,,,,,,,,
1271394,2021,2021-09-05,"County Ground, Chelmsford",1,16.6,16.6,Gloucestershire,Essex,RF Higgins,Zafar Gohar,JA Porter,0,0,,,,,,,,,,,,,
1271394,2021,2021-09-05,"County Ground, Chelmsford",1,17.1,17.1,Gloucestershire,Essex,Zafar Gohar,RF Higgins,S Snater,0,0,,,,,,,,,,,,,
1271394,2021,2021-09-05,"County Ground, Chelmsford",1,17.2,17.2,Gloucestershire,Essex,Zafar Gohar,RF Higgins,S Snater,0,0,,,,,,,,,,,,,
1271394,2021,2021-09-05,"County Ground, Chelmsford",1,17.3,17.3,Gloucestershire,Essex,Zafar Gohar,RF Higgins,S Snater,0,0,,,,,,,,,,,,,
1271394,2021,2021-09-05,"County Ground, Chelmsford",1,17.4,17.4,Gloucestershire,Essex,Zafar Gohar,RF Higgins,S Snater,0,0,,,,,,,,,,,,,
1271394,2021,2021-09-05,"County Ground, Chelmsford",1,17.5,17.5,Gloucestershire,Essex,Zafar Gohar,RF Higgins,S Snater,0,0,,,,,,,,,,,,,
1271394,2021,2021-09-05,"County Ground, Chelmsford",1,17.6,17.6,Gloucestershire,Essex,Zafar Gohar,RF Higgins,S Snater,0,1,,,,1,,,,,,,,,
1271394,2021,2021-09-05,"County Ground, Chelmsford",1,18.1,18.1,Gloucestershire,Essex,Zafar Gohar,RF Higgins,JA Porter,1,0,,,,,,,,,,,,,
1271394,2021,2021-09-05,"County Ground, Chelmsford",1,18.2,18.2,Gloucestershire,Essex,RF Higgins,Zafar Gohar,JA Porter,0,0,,,,,,,,,,,,,
1271394,2021,2021-09-05,"County Ground, Chelmsford",1,18.3,18.3,Gloucestershire,Essex,RF Higgins,Zafar Gohar,JA Porter,0,0,,,,,,,,,,,,,
1271394,2021,2021-09-05,"County Ground, Chelmsford",1,18.4,18.4,Gloucestershire,Essex,RF Higgins,Zafar Gohar,JA Porter,0,0,,,,,,,,,,,,,
1271394,2021,2021-09-05,"County Ground, Chelmsford",1,18.5,18.5,Gloucestershire,Essex,RF Higgins,Zafar Gohar,JA Porter,0,0,,,,,,,,,,,,,
1271394,2021,2021-09-05,"County Ground, Chelmsford",1,18.6,18.6,Gloucestershire,Essex,RF Higgins,Zafar Gohar,JA Porter,0,0,,,,,,,,,,,,,
1271394,2021,2021-09-05,"County Ground, Chelmsford",1,19.1,19.1,Gloucestershire,Essex,Zafar Gohar,RF Higgins,S Snater,0,0,,,,,,,,,,,,,
1271394,2021,2021-09-05,"County Ground, Chelmsford",1,19.2,19.2,Gloucestershire,Essex,Zafar Gohar,RF Higgins,S Snater,0,0,,,,,,,,,,,,,
1271394,2021,2021-09-05,"County Ground, Chelmsford",1,19.3,19.3,Gloucestershire,Essex,Zafar Gohar,RF Higgins,S Snater,0,0,,,,,,,,,,,,,
1271394,2021,2021-09-05,"County Ground, Chelmsford",1,19.4,19.4,Gloucestershire,Essex,Zafar Gohar,RF Higgins,S Snater,4,0,,,,,,,,,,,,,
1271394,2021,2021-09-05,"County Ground, Chelmsford",1,19.5,19.5,Gloucestershire,Essex,Zafar Gohar,RF Higgins,S Snater,3,0,,,,,,,,,,,,,
1271394,2021,2021-09-05,"County Ground, Chelmsford",1,19.6,19.6,Gloucestershire,Essex,RF Higgins,Zafar Gohar,S Snater,0,0,,,,,,,,,,,,,
1271394,2021,2021-09-05,"County Ground, Chelmsford",1,20.1,20.1,Gloucestershire,Essex,Zafar Gohar,RF Higgins,SJ Cook,1,0,,,,,,,,,,,,,
1271394,2021,2021-09-05,"County Ground, Chelmsford",1,20.2,20.2,Gloucestershire,Essex,RF Higgins,Zafar Gohar,SJ Cook,4,0,,,,,,,,,,,,,
1271394,2021,2021-09-05,"County Ground, Chelmsford",1,20.3,20.3,Gloucestershire,Essex,RF Higgins,Zafar Gohar,SJ Cook,0,0,,,,,,,,,,,,,
1271394,2021,2021-09-05,"County Ground, Chelmsford",1,20.4,20.4,Gloucestershire,Essex,RF Higgins,Zafar Gohar,SJ Cook,0,0,,,,,,,,,,,,,
1271394,2021,2021-09-05,"County Ground, Chelmsford",1,20.5,20.5,Gloucestershire,Essex,RF Higgins,Zafar Gohar,SJ Cook,0,0,,,,,,,,,,,,,
1271394,2021,2021-09-05,"County Ground, Chelmsford",1,20.6,20.6,Gloucestershire,Essex,RF Higgins,Zafar Gohar,SJ Cook,0,0,,,,,,,,,,,,,
1271394,2021,2021-09-05,"County Ground, Chelmsford",1,21.1,21.1,Gloucestershire,Essex,Zafar Gohar,RF Higgins,S Snater,0,0,,,,,,,,,,,,,
1271394,2021,2021-09-05,"County Ground, Chelmsford",1,21.2,21.2,Gloucestershire,Essex,Zafar Gohar,RF Higgins,S Snater,1,0,,,,,,,,,,,,,
1271394,2021,2021-09-05,"County Ground, Chelmsford",1,21.3,21.3,Gloucestershire,Essex,RF Higgins,Zafar Gohar,S Snater,0,0,,,,,,,,,,,,,
1271394,2021,2021-09-05,"County Ground, Chelmsford",1,21.4,21.4,Gloucestershire,Essex,RF Higgins,Zafar Gohar,S Snater,0,0,,,,,,,,,,,,,
1271394,2021,2021-09-05,"County Ground, Chelmsford",1,21.5,21.5,Gloucestershire,Essex,RF Higgins,Zafar Gohar,S Snater,4,0,,,,,,,,,,,,,
1271394,2021,2021-09-05,"County Ground, Chelmsford",1,21.6,21.6,Gloucestershire,Essex,RF Higgins,Zafar Gohar,S Snater,0,0,,,,,,,,,,,,,
1271394,2021,2021-09-05,"County Ground, Chelmsford",1,22.1,22.1,Gloucestershire,Essex,Zafar Gohar,RF Higgins,SJ Cook,0,0,,,,,,,,,,,,,
1271394,2021,2021-09-05,"County Ground, Chelmsford",1,22.2,22.2,Gloucestershire,Essex,Zafar Gohar,RF Higgins,SJ Cook,1,0,,,,,,,,,,,,,
1271394,2021,2021-09-05,"County Ground, Chelmsford",1,22.3,22.3,Gloucestershire,Essex,RF Higgins,Zafar Gohar,SJ Cook,0,0,,,,,,,,,,,,,
1271394,2021,2021-09-05,"County Ground, Chelmsford",1,22.4,22.4,Gloucestershire,Essex,RF Higgins,Zafar Gohar,SJ Cook,0,0,,,,,,,,,,,,,
1271394,2021,2021-09-05,"County Ground, Chelmsford",1,22.5,22.5,Gloucestershire,Essex,RF Higgins,Zafar Gohar,SJ Cook,1,0,,,,,,,,,,,,,
1271394,2021,2021-09-05,"County Ground, Chelmsford",1,22.6,22.6,Gloucestershire,Essex,Zafar Gohar,RF Higgins,SJ Cook,0,0,,,,,,,,,,,,,
1271394,2021,2021-09-05,"County Ground, Chelmsford",1,23.1,23.1,Gloucestershire,Essex,RF Higgins,Zafar Gohar,SR Harmer,0,0,,,,,,,,,,,,,
1271394,2021,2021-09-05,"County Ground, Chelmsford",1,23.2,23.2,Gloucestershire,Essex,RF Higgins,Zafar Gohar,SR Harmer,0,0,,,,,,,,,,,,,
1271394,2021,2021-09-05,"County Ground, Chelmsford",1,23.3,23.3,Gloucestershire,Essex,RF Higgins,Zafar Gohar,SR Harmer,0,0,,,,,,,,,,,,,
1271394,2021,2021-09-05,"County Ground, Chelmsford",1,23.4,23.4,Gloucestershire,Essex,RF Higgins,Zafar Gohar,SR Harmer,0,0,,,,,,,,,,,,,
1271394,2021,2021-09-05,"County Ground, Chelmsford",1,23.5,23.5,Gloucestershire,Essex,RF Higgins,Zafar Gohar,SR Harmer,1,0,,,,,,,,,,,,,
1271394,2021,2021-09-05,"County Ground, Chelmsford",1,23.6,23.6,Gloucestershire,Essex,Zafar Gohar,RF Higgins,SR Harmer,0,0,,,,,,,,,,,,,
1271394,2021,2021-09-05,"County Ground, Chelmsford",1,24.1,24.1,Gloucestershire,Essex,RF Higgins,Zafar Gohar,SJ Cook,0,0,,,,,,,,,,,,,
1271394,2021,2021-09-05,"County Ground, Chelmsford",1,24.2,24.2,Gloucestershire,Essex,RF Higgins,Zafar Gohar,SJ Cook,0,0,,,,,,,,,,,,,
1271394,2021,2021-09-05,"County Ground, Chelmsford",1,24.3,24.3,Gloucestershire,Essex,RF Higgins,Zafar Gohar,SJ Cook,0,0,,,,,,,,,,,,,
1271394,2021,2021-09-05,"County Ground, Chelmsford",1,24.4,24.4,Gloucestershire,Essex,RF Higgins,Zafar Gohar,SJ Cook,0,0,,,,,,,,,,,,,
1271394,2021,2021-09-05,"County Ground, Chelmsford",1,24.5,24.5,Gloucestershire,Essex,RF Higgins,Zafar Gohar,SJ Cook,0,0,,,,,,,,,,,,,
1271394,2021,2021-09-05,"County Ground, Chelmsford",1,24.6,24.6,Gloucestershire,Essex,RF Higgins,Zafar Gohar,SJ Cook,0,0,,,,,,,,,,,,,
1271394,2021,2021-09-05,"County Ground, Chelmsford",1,25.1,25.1,Gloucestershire,Essex,Zafar Gohar,RF Higgins,SR Harmer,0,0,,,,,,,,,,,,,
1271394,2021,2021-09-05,"County Ground, Chelmsford",1,25.2,25.2,Gloucestershire,Essex,Zafar Gohar,RF Higgins,SR Harmer,0,0,,,,,,,caught,Zafar Gohar,,,JS Rymell,,
1271394,2021,2021-09-05,"County Ground, Chelmsford",1,25.3,25.3,Gloucestershire,Essex,TJ Price,RF Higgins,SR Harmer,0,0,,,,,,,,,,,,,
1271394,2021,2021-09-05,"County Ground, Chelmsford",1,25.4,25.4,Gloucestershire,Essex,TJ Price,RF Higgins,SR Harmer,1,0,,,,,,,,,,,,,
1271394,2021,2021-09-05,"County Ground, Chelmsford",1,25.5,25.5,Gloucestershire,Essex,RF Higgins,TJ Price,SR Harmer,0,0,,,,,,,,,,,,,
1271394,2021,2021-09-05,"County Ground, Chelmsford",1,25.6,25.6,Gloucestershire,Essex,RF Higgins,TJ Price,SR Harmer,0,0,,,,,,,,,,,,,
1271394,2021,2021-09-05,"County Ground, Chelmsford",1,26.1,26.1,Gloucestershire,Essex,TJ Price,RF Higgins,SJ Cook,0,1,,,,1,,,,,,,,,
1271394,2021,2021-09-05,"County Ground, Chelmsford",1,26.2,26.2,Gloucestershire,Essex,RF Higgins,TJ Price,SJ Cook,1,0,,,,,,,,,,,,,
1271394,2021,2021-09-05,"County Ground, Chelmsford",1,26.3,26.3,Gloucestershire,Essex,TJ Price,RF Higgins,SJ Cook,0,0,,,,,,,,,,,,,
1271394,2021,2021-09-05,"County Ground, Chelmsford",1,26.4,26.4,Gloucestershire,Essex,TJ Price,RF Higgins,SJ Cook,0,0,,,,,,,,,,,,,
1271394,2021,2021-09-05,"County Ground, Chelmsford",1,26.5,26.5,Gloucestershire,Essex,TJ Price,RF Higgins,SJ Cook,0,0,,,,,,,,,,,,,
1271394,2021,2021-09-05,"County Ground, Chelmsford",1,26.6,26.6,Gloucestershire,Essex,TJ Price,RF Higgins,SJ Cook,0,0,,,,,,,,,,,,,
1271394,2021,2021-09-05,"County Ground, Chelmsford",1,27.1,27.1,Gloucestershire,Essex,RF Higgins,TJ Price,SR Harmer,0,0,,,,,,,caught,RF Higgins,,,MS Pepper,,
1271394,2021,2021-09-05,"County Ground, Chelmsford",1,27.2,27.2,Gloucestershire,Essex,DA Payne,TJ Price,SR Harmer,0,0,,,,,,,,,,,,,
1271394,2021,2021-09-05,"County Ground, Chelmsford",1,27.3,27.3,Gloucestershire,Essex,DA Payne,TJ Price,SR Harmer,0,0,,,,,,,,,,,,,
1271394,2021,2021-09-05,"County Ground, Chelmsford",1,27.4,27.4,Gloucestershire,Essex,DA Payne,TJ Price,SR Harmer,0,0,,,,,,,,,,,,,
1271394,2021,2021-09-05,"County Ground, Chelmsford",1,27.5,27.5,Gloucestershire,Essex,DA Payne,TJ Price,SR Harmer,0,0,,,,,,,,,,,,,
1271394,2021,2021-09-05,"County Ground, Chelmsford",1,27.6,27.6,Gloucestershire,Essex,DA Payne,TJ Price,SR Harmer,0,0,,,,,,,bowled,DA Payne,,,,,
1271394,2021,2021-09-05,"County Ground, Chelmsford",2,0.1,0.1,Essex,Gloucestershire,NLJ Browne,AN Cook,DA Payne,0,0,,,,,,,,,,,,,
1271394,2021,2021-09-05,"County Ground, Chelmsford",2,0.2,0.2,Essex,Gloucestershire,NLJ Browne,AN Cook,DA Payne,0,0,,,,,,,,,,,,,
1271394,2021,2021-09-05,"County Ground, Chelmsford",2,0.3,0.3,Essex,Gloucestershire,NLJ Browne,AN Cook,DA Payne,1,0,,,,,,,,,,,,,
1271394,2021,2021-09-05,"County Ground, Chelmsford",2,0.4,0.4,Essex,Gloucestershire,AN Cook,NLJ Browne,DA Payne,0,0,,,,,,,,,,,,,
1271394,2021,2021-09-05,"County Ground, Chelmsford",2,0.5,0.5,Essex,Gloucestershire,AN Cook,NLJ Browne,DA Payne,0,0,,,,,,,,,,,,,
1271394,2021,2021-09-05,"County Ground, Chelmsford",2,0.6,0.6,Essex,Gloucestershire,AN Cook,NLJ Browne,DA Payne,0,0,,,,,,,,,,,,,
1271394,2021,2021-09-05,"County Ground, Chelmsford",2,1.1,1.1,Essex,Gloucestershire,NLJ Browne,AN Cook,RF Higgins,0,0,,,,,,,,,,,,,
1271394,2021,2021-09-05,"County Ground, Chelmsford",2,1.2,1.2,Essex,Gloucestershire,NLJ Browne,AN Cook,RF Higgins,0,0,,,,,,,,,,,,,
1271394,2021,2021-09-05,"County Ground, Chelmsford",2,1.3,1.3,Essex,Gloucestershire,NLJ Browne,AN Cook,RF Higgins,0,0,,,,,,,,,,,,,
1271394,2021,2021-09-05,"County Ground, Chelmsford",2,1.4,1.4,Essex,Gloucestershire,NLJ Browne,AN Cook,RF Higgins,4,0,,,,,,,,,,,,,
1271394,2021,2021-09-05,"County Ground, Chelmsford",2,1.5,1.5,Essex,Gloucestershire,NLJ Browne,AN Cook,RF Higgins,2,0,,,,,,,,,,,,,
1271394,2021,2021-09-05,"County Ground, Chelmsford",2,1.6,1.6,Essex,Gloucestershire,NLJ Browne,AN Cook,RF Higgins,0,0,,,,,,,,,,,,,
1271394,2021,2021-09-05,"County Ground, Chelmsford",2,2.1,2.1,Essex,Gloucestershire,AN Cook,NLJ Browne,DA Payne,0,0,,,,,,,,,,,,,
1271394,2021,2021-09-05,"County Ground, Chelmsford",2,2.2,2.2,Essex,Gloucestershire,AN Cook,NLJ Browne,DA Payne,0,0,,,,,,,,,,,,,
1271394,2021,2021-09-05,"County Ground, Chelmsford",2,2.3,2.3,Essex,Gloucestershire,AN Cook,NLJ Browne,DA Payne,0,0,,,,,,,,,,,,,
1271394,2021,2021-09-05,"County Ground, Chelmsford",2,2.4,2.4,Essex,Gloucestershire,AN Cook,NLJ Browne,DA Payne,3,0,,,,,,,,,,,,,
1271394,2021,2021-09-05,"County Ground, Chelmsford",2,2.5,2.5,Essex,Gloucestershire,NLJ Browne,AN Cook,DA Payne,0,0,,,,,,,caught,NLJ Browne,,,James Bracey,,
1271394,2021,2021-09-05,"County Ground, Chelmsford",2,2.6,2.6,Essex,Gloucestershire,T Westley,AN Cook,DA Payne,0,0,,,,,,,,,,,,,
1271394,2021,2021-09-05,"County Ground, Chelmsford",2,3.1,3.1,Essex,Gloucestershire,AN Cook,T Westley,RF Higgins,0,0,,,,,,,,,,,,,
1271394,2021,2021-09-05,"County Ground, Chelmsford",2,3.2,3.2,Essex,Gloucestershire,AN Cook,T Westley,RF Higgins,0,0,,,,,,,,,,,,,
1271394,2021,2021-09-05,"County Ground, Chelmsford",2,3.3,3.3,Essex,Gloucestershire,AN Cook,T Westley,RF Higgins,1,0,,,,,,,,,,,,,
1271394,2021,2021-09-05,"County Ground, Chelmsford",2,3.4,3.4,Essex,Gloucestershire,T Westley,AN Cook,RF Higgins,0,0,,,,,,,,,,,,,
1271394,2021,2021-09-05,"County Ground, Chelmsford",2,3.5,3.5,Essex,Gloucestershire,T Westley,AN Cook,RF Higgins,0,0,,,,,,,,,,,,,
1271394,2021,2021-09-05,"County Ground, Chelmsford",2,3.6,3.6,Essex,Gloucestershire,T Westley,AN Cook,RF Higgins,0,0,,,,,,,,,,,,,
1271394,2021,2021-09-05,"County Ground, Chelmsford",2,4.1,4.1,Essex,Gloucestershire,AN Cook,T Westley,DA Payne,0,0,,,,,,,,,,,,,
1271394,2021,2021-09-05,"County Ground, Chelmsford",2,4.2,4.2,Essex,Gloucestershire,AN Cook,T Westley,DA Payne,4,0,,,,,,,,,,,,,
1271394,2021,2021-09-05,"County Ground, Chelmsford",2,4.3,4.3,Essex,Gloucestershire,AN Cook,T Westley,DA Payne,0,0,,,,,,,,,,,,,
1271394,2021,2021-09-05,"County Ground, Chelmsford",2,4.4,4.4,Essex,Gloucestershire,AN Cook,T Westley,DA Payne,4,0,,,,,,,,,,,,,
1271394,2021,2021-09-05,"County Ground, Chelmsford",2,4.5,4.5,Essex,Gloucestershire,AN Cook,T Westley,DA Payne,1,0,,,,,,,,,,,,,
1271394,2021,2021-09-05,"County Ground, Chelmsford",2,4.6,4.6,Essex,Gloucestershire,T Westley,AN Cook,DA Payne,0,0,,,,,,,,,,,,,
1271394,2021,2021-09-05,"County Ground, Chelmsford",2,5.1,5.1,Essex,Gloucestershire,AN Cook,T Westley,RF Higgins,0,0,,,,,,,,,,,,,
1271394,2021,2021-09-05,"County Ground, Chelmsford",2,5.2,5.2,Essex,Gloucestershire,AN Cook,T Westley,RF Higgins,0,0,,,,,,,,,,,,,
1271394,2021,2021-09-05,"County Ground, Chelmsford",2,5.3,5.3,Essex,Gloucestershire,AN Cook,T Westley,RF Higgins,0,0,,,,,,,,,,,,,
1271394,2021,2021-09-05,"County Ground, Chelmsford",2,5.4,5.4,Essex,Gloucestershire,AN Cook,T Westley,RF Higgins,0,0,,,,,,,,,,,,,
1271394,2021,2021-09-05,"County Ground, Chelmsford",2,5.5,5.5,Essex,Gloucestershire,AN Cook,T Westley,RF Higgins,0,0,,,,,,,,,,,,,
1271394,2021,2021-09-05,"County Ground, Chelmsford",2,5.6,5.6,Essex,Gloucestershire,AN Cook,T Westley,RF Higgins,0,0,,,,,,,,,,,,,
1271394,2021,2021-09-05,"County Ground, Chelmsford",2,6.1,6.1,Essex,Gloucestershire,T Westley,AN Cook,DA Payne,0,0,,,,,,,,,,,,,
1271394,2021,2021-09-05,"County Ground, Chelmsford",2,6.2,6.2,Essex,Gloucestershire,T Westley,AN Cook,DA Payne,0,0,,,,,,,,,,,,,
1271394,2021,2021-09-05,"County Ground, Chelmsford",2,6.3,6.3,Essex,Gloucestershire,T Westley,AN Cook,DA Payne,0,0,,,,,,,,,,,,,
1271394,2021,2021-09-05,"County Ground, Chelmsford",2,6.4,6.4,Essex,Gloucestershire,T Westley,AN Cook,DA Payne,0,0,,,,,,,,,,,,,
1271394,2021,2021-09-05,"County Ground, Chelmsford",2,6.5,6.5,Essex,Gloucestershire,T Westley,AN Cook,DA Payne,0,0,,,,,,,,,,,,,
1271394,2021,2021-09-05,"County Ground, Chelmsford",2,6.6,6.6,Essex,Gloucestershire,T Westley,AN Cook,DA Payne,0,0,,,,,,,,,,,,,
1271394,2021,2021-09-05,"County Ground, Chelmsford",2,7.1,7.1,Essex,Gloucestershire,AN Cook,T Westley,RF Higgins,1,0,,,,,,,,,,,,,
1271394,2021,2021-09-05,"County Ground, Chelmsford",2,7.2,7.2,Essex,Gloucestershire,T Westley,AN Cook,RF Higgins,0,0,,,,,,,,,,,,,
1271394,2021,2021-09-05,"County Ground, Chelmsford",2,7.3,7.3,Essex,Gloucestershire,T Westley,AN Cook,RF Higgins,0,0,,,,,,,,,,,,,
1271394,2021,2021-09-05,"County Ground, Chelmsford",2,7.4,7.4,Essex,Gloucestershire,T Westley,AN Cook,RF Higgins,0,0,,,,,,,,,,,,,
1271394,2021,2021-09-05,"County Ground, Chelmsford",2,7.5,7.5,Essex,Gloucestershire,T Westley,AN Cook,RF Higgins,0,0,,,,,,,,,,,,,
1271394,2021,2021-09-05,"County Ground, Chelmsford",2,7.6,7.6,Essex,Gloucestershire,T Westley,AN Cook,RF Higgins,0,0,,,,,,,,,,,,,
1271394,2021,2021-09-05,"County Ground, Chelmsford",2,8.1,8.1,Essex,Gloucestershire,AN Cook,T Westley,DA Payne,0,0,,,,,,,,,,,,,
1271394,2021,2021-09-05,"County Ground, Chelmsford",2,8.2,8.2,Essex,Gloucestershire,AN Cook,T Westley,DA Payne,0,0,,,,,,,,,,,,,
1271394,2021,2021-09-05,"County Ground, Chelmsford",2,8.3,8.3,Essex,Gloucestershire,AN Cook,T Westley,DA Payne,0,0,,,,,,,,,,,,,
1271394,2021,2021-09-05,"County Ground, Chelmsford",2,8.4,8.4,Essex,Gloucestershire,AN Cook,T Westley,DA Payne,0,0,,,,,,,,,,,,,
1271394,2021,2021-09-05,"County Ground, Chelmsford",2,8.5,8.5,Essex,Gloucestershire,AN Cook,T Westley,DA Payne,1,0,,,,,,,,,,,,,
1271394,2021,2021-09-05,"County Ground, Chelmsford",2,8.6,8.6,Essex,Gloucestershire,T Westley,AN Cook,DA Payne,0,0,,,,,,,,,,,,,
1271394,2021,2021-09-05,"County Ground, Chelmsford",2,9.1,9.1,Essex,Gloucestershire,AN Cook,T Westley,RF Higgins,0,0,,,,,,,lbw,AN Cook,,,,,
1271394,2021,2021-09-05,"County Ground, Chelmsford",2,9.2,9.2,Essex,Gloucestershire,MS Pepper,T Westley,RF Higgins,0,0,,,,,,,,,,,,,
1271394,2021,2021-09-05,"County Ground, Chelmsford",2,9.3,9.3,Essex,Gloucestershire,MS Pepper,T Westley,RF Higgins,0,0,,,,,,,,,,,,,
1271394,2021,2021-09-05,"County Ground, Chelmsford",2,9.4,9.4,Essex,Gloucestershire,MS Pepper,T Westley,RF Higgins,0,0,,,,,,,,,,,,,
1271394,2021,2021-09-05,"County Ground, Chelmsford",2,9.5,9.5,Essex,Gloucestershire,MS Pepper,T Westley,RF Higgins,0,0,,,,,,,,,,,,,
1271394,2021,2021-09-05,"County Ground, Chelmsford",2,9.6,9.6,Essex,Gloucestershire,MS Pepper,T Westley,RF Higgins,0,0,,,,,,,,,,,,,
1271394,2021,2021-09-05,"County Ground, Chelmsford",2,10.1,10.1,Essex,Gloucestershire,T Westley,MS Pepper,TJ Price,0,0,,,,,,,,,,,,,
1271394,2021,2021-09-05,"County Ground, Chelmsford",2,10.2,10.2,Essex,Gloucestershire,T Westley,MS Pepper,TJ Price,0,0,,,,,,,,,,,,,
1271394,2021,2021-09-05,"County Ground, Chelmsford",2,10.3,10.3,Essex,Gloucestershire,T Westley,MS Pepper,TJ Price,0,0,,,,,,,,,,,,,
1271394,2021,2021-09-05,"County Ground, Chelmsford",2,10.4,10.4,Essex,Gloucestershire,T Westley,MS Pepper,TJ Price,0,0,,,,,,,,,,,,,
1271394,2021,2021-09-05,"County Ground, Chelmsford",2,10.5,10.5,Essex,Gloucestershire,T Westley,MS Pepper,TJ Price,0,0,,,,,,,,,,,,,
1271394,2021,2021-09-05,"County Ground, Chelmsford",2,10.6,10.6,Essex,Gloucestershire,T Westley,MS Pepper,TJ Price,0,0,,,,,,,,,,,,,
1271394,2021,2021-09-05,"County Ground, Chelmsford",2,11.1,11.1,Essex,Gloucestershire,MS Pepper,T Westley,RF Higgins,4,0,,,,,,,,,,,,,
1271394,2021,2021-09-05,"County Ground, Chelmsford",2,11.2,11.2,Essex,Gloucestershire,MS Pepper,T Westley,RF Higgins,0,0,,,,,,,,,,,,,
1271394,2021,2021-09-05,"County Ground, Chelmsford",2,11.3,11.3,Essex,Gloucestershire,MS Pepper,T Westley,RF Higgins,0,0,,,,,,,,,,,,,
1271394,2021,2021-09-05,"County Ground, Chelmsford",2,11.4,11.4,Essex,Gloucestershire,MS Pepper,T Westley,RF Higgins,0,0,,,,,,,,,,,,,
1271394,2021,2021-09-05,"County Ground, Chelmsford",2,11.5,11.5,Essex,Gloucestershire,MS Pepper,T Westley,RF Higgins,0,0,,,,,,,,,,,,,
1271394,2021,2021-09-05,"County Ground, Chelmsford",2,11.6,11.6,Essex,Gloucestershire,MS Pepper,T Westley,RF Higgins,0,0,,,,,,,,,,,,,
1271394,2021,2021-09-05,"County Ground, Chelmsford",2,12.1,12.1,Essex,Gloucestershire,T Westley,MS Pepper,TJ Price,0,0,,,,,,,,,,,,,
1271394,2021,2021-09-05,"County Ground, Chelmsford",2,12.2,12.2,Essex,Gloucestershire,T Westley,MS Pepper,TJ Price,0,0,,,,,,,,,,,,,
1271394,2021,2021-09-05,"County Ground, Chelmsford",2,12.3,12.3,Essex,Gloucestershire,T Westley,MS Pepper,TJ Price,0,0,,,,,,,,,,,,,
1271394,2021,2021-09-05,"County Ground, Chelmsford",2,12.4,12.4,Essex,Gloucestershire,T Westley,MS Pepper,TJ Price,2,0,,,,,,,,,,,,,
1271394,2021,2021-09-05,"County Ground, Chelmsford",2,12.5,12.5,Essex,Gloucestershire,T Westley,MS Pepper,TJ Price,0,0,,,,,,,,,,,,,
1271394,2021,2021-09-05,"County Ground, Chelmsford",2,12.6,12.6,Essex,Gloucestershire,T Westley,MS Pepper,TJ Price,0,0,,,,,,,,,,,,,
1271394,2021,2021-09-05,"County Ground, Chelmsford",2,13.1,13.1,Essex,Gloucestershire,MS Pepper,T Westley,RF Higgins,0,0,,,,,,,,,,,,,
1271394,2021,2021-09-05,"County Ground, Chelmsford",2,13.2,13.2,Essex,Gloucestershire,MS Pepper,T Westley,RF Higgins,0,0,,,,,,,,,,,,,
1271394,2021,2021-09-05,"County Ground, Chelmsford",2,13.3,13.3,Essex,Gloucestershire,MS Pepper,T Westley,RF Higgins,0,0,,,,,,,,,,,,,
1271394,2021,2021-09-05,"County Ground, Chelmsford",2,13.4,13.4,Essex,Gloucestershire,MS Pepper,T Westley,RF Higgins,0,0,,,,,,,,,,,,,
1271394,2021,2021-09-05,"County Ground, Chelmsford",2,13.5,13.5,Essex,Gloucestershire,MS Pepper,T Westley,RF Higgins,0,0,,,,,,,,,,,,,
1271394,2021,2021-09-05,"County Ground, Chelmsford",2,13.6,13.6,Essex,Gloucestershire,MS Pepper,T Westley,RF Higgins,0,0,,,,,,,,,,,,,
1271394,2021,2021-09-05,"County Ground, Chelmsford",2,14.1,14.1,Essex,Gloucestershire,T Westley,MS Pepper,TJ Price,0,0,,,,,,,,,,,,,
1271394,2021,2021-09-05,"County Ground, Chelmsford",2,14.2,14.2,Essex,Gloucestershire,T Westley,MS Pepper,TJ Price,0,0,,,,,,,,,,,,,
1271394,2021,2021-09-05,"County Ground, Chelmsford",2,14.3,14.3,Essex,Gloucestershire,T Westley,MS Pepper,TJ Price,0,0,,,,,,,,,,,,,
1271394,2021,2021-09-05,"County Ground, Chelmsford",2,14.4,14.4,Essex,Gloucestershire,T Westley,MS Pepper,TJ Price,0,0,,,,,,,,,,,,,
1271394,2021,2021-09-05,"County Ground, Chelmsford",2,14.5,14.5,Essex,Gloucestershire,T Westley,MS Pepper,TJ Price,0,0,,,,,,,,,,,,,
1271394,2021,2021-09-05,"County Ground, Chelmsford",2,14.6,14.6,Essex,Gloucestershire,T Westley,MS Pepper,TJ Price,0,0,,,,,,,,,,,,,
1271394,2021,2021-09-05,"County Ground, Chelmsford",2,15.1,15.1,Essex,Gloucestershire,MS Pepper,T Westley,RF Higgins,0,0,,,,,,,,,,,,,
1271394,2021,2021-09-05,"County Ground, Chelmsford",2,15.2,15.2,Essex,Gloucestershire,MS Pepper,T Westley,RF Higgins,0,0,,,,,,,,,,,,,
1271394,2021,2021-09-05,"County Ground, Chelmsford",2,15.3,15.3,Essex,Gloucestershire,MS Pepper,T Westley,RF Higgins,0,0,,,,,,,,,,,,,
1271394,2021,2021-09-05,"County Ground, Chelmsford",2,15.4,15.4,Essex,Gloucestershire,MS Pepper,T Westley,RF Higgins,0,0,,,,,,,,,,,,,
1271394,2021,2021-09-05,"County Ground, Chelmsford",2,15.5,15.5,Essex,Gloucestershire,MS Pepper,T Westley,RF Higgins,0,0,,,,,,,,,,,,,
1271394,2021,2021-09-05,"County Ground, Chelmsford",2,15.6,15.6,Essex,Gloucestershire,MS Pepper,T Westley,RF Higgins,0,0,,,,,,,,,,,,,
1271394,2021,2021-09-05,"County Ground, Chelmsford",2,16.1,16.1,Essex,Gloucestershire,T Westley,MS Pepper,TJ Price,0,0,,,,,,,,,,,,,
1271394,2021,2021-09-05,"County Ground, Chelmsford",2,16.2,16.2,Essex,Gloucestershire,T Westley,MS Pepper,TJ Price,0,0,,,,,,,,,,,,,
1271394,2021,2021-09-05,"County Ground, Chelmsford",2,16.3,16.3,Essex,Gloucestershire,T Westley,MS Pepper,TJ Price,0,0,,,,,,,lbw,T Westley,,,,,
1271394,2021,2021-09-05,"County Ground, Chelmsford",2,16.4,16.4,Essex,Gloucestershire,PI Walter,MS Pepper,TJ Price,0,0,,,,,,,,,,,,,
1271394,2021,2021-09-05,"County Ground, Chelmsford",2,16.5,16.5,Essex,Gloucestershire,PI Walter,MS Pepper,TJ Price,0,0,,,,,,,,,,,,,
1271394,2021,2021-09-05,"County Ground, Chelmsford",2,16.6,16.6,Essex,Gloucestershire,PI Walter,MS Pepper,TJ Price,0,0,,,,,,,,,,,,,
1271394,2021,2021-09-05,"County Ground, Chelmsford",2,17.1,17.1,Essex,Gloucestershire,MS Pepper,PI Walter,DA Payne,0,0,,,,,,,,,,,,,
1271394,2021,2021-09-05,"County Ground, Chelmsford",2,17.2,17.2,Essex,Gloucestershire,MS Pepper,PI Walter,DA Payne,0,0,,,,,,,,,,,,,
1271394,2021,2021-09-05,"County Ground, Chelmsford",2,17.3,17.3,Essex,Gloucestershire,MS Pepper,PI Walter,DA Payne,0,0,,,,,,,,,,,,,
1271394,2021,2021-09-05,"County Ground, Chelmsford",2,17.4,17.4,Essex,Gloucestershire,MS Pepper,PI Walter,DA Payne,0,0,,,,,,,,,,,,,
1271394,2021,2021-09-05,"County Ground, Chelmsford",2,17.5,17.5,Essex,Gloucestershire,MS Pepper,PI Walter,DA Payne,0,0,,,,,,,,,,,,,
1271394,2021,2021-09-05,"County Ground, Chelmsford",2,17.6,17.6,Essex,Gloucestershire,MS Pepper,PI Walter,DA Payne,4,0,,,,,,,,,,,,,
1271394,2021,2021-09-05,"County Ground, Chelmsford",2,18.1,18.1,Essex,Gloucestershire,PI Walter,MS Pepper,TJ Price,0,0,,,,,,,,,,,,,
1271394,2021,2021-09-05,"County Ground, Chelmsford",2,18.2,18.2,Essex,Gloucestershire,PI Walter,MS Pepper,TJ Price,0,0,,,,,,,,,,,,,
1271394,2021,2021-09-05,"County Ground, Chelmsford",2,18.3,18.3,Essex,Gloucestershire,PI Walter,MS Pepper,TJ Price,0,0,,,,,,,,,,,,,
1271394,2021,2021-09-05,"County Ground, Chelmsford",2,18.4,18.4,Essex,Gloucestershire,PI Walter,MS Pepper,TJ Price,0,0,,,,,,,,,,,,,
1271394,2021,2021-09-05,"County Ground, Chelmsford",2,18.5,18.5,Essex,Gloucestershire,PI Walter,MS Pepper,TJ Price,0,0,,,,,,,,,,,,,
1271394,2021,2021-09-05,"County Ground, Chelmsford",2,18.6,18.6,Essex,Gloucestershire,PI Walter,MS Pepper,TJ Price,0,0,,,,,,,,,,,,,
1271394,2021,2021-09-05,"County Ground, Chelmsford",2,19.1,19.1,Essex,Gloucestershire,MS Pepper,PI Walter,DA Payne,0,0,,,,,,,,,,,,,
1271394,2021,2021-09-05,"County Ground, Chelmsford",2,19.2,19.2,Essex,Gloucestershire,MS Pepper,PI Walter,DA Payne,0,0,,,,,,,,,,,,,
1271394,2021,2021-09-05,"County Ground, Chelmsford",2,19.3,19.3,Essex,Gloucestershire,MS Pepper,PI Walter,DA Payne,0,0,,,,,,,,,,,,,
1271394,2021,2021-09-05,"County Ground, Chelmsford",2,19.4,19.4,Essex,Gloucestershire,MS Pepper,PI Walter,DA Payne,0,0,,,,,,,,,,,,,
1271394,2021,2021-09-05,"County Ground, Chelmsford",2,19.5,19.5,Essex,Gloucestershire,MS Pepper,PI Walter,DA Payne,0,0,,,,,,,caught,MS Pepper,,,James Bracey,,
1271394,2021,2021-09-05,"County Ground, Chelmsford",2,19.6,19.6,Essex,Gloucestershire,JS Rymell,PI Walter,DA Payne,0,0,,,,,,,,,,,,,
1271394,2021,2021-09-05,"County Ground, Chelmsford",2,20.1,20.1,Essex,Gloucestershire,PI Walter,JS Rymell,TJ Price,0,0,,,,,,,,,,,,,
1271394,2021,2021-09-05,"County Ground, Chelmsford",2,20.2,20.2,Essex,Gloucestershire,PI Walter,JS Rymell,TJ Price,0,0,,,,,,,,,,,,,
1271394,2021,2021-09-05,"County Ground, Chelmsford",2,20.3,20.3,Essex,Gloucestershire,PI Walter,JS Rymell,TJ Price,0,0,,,,,,,,,,,,,
1271394,2021,2021-09-05,"County Ground, Chelmsford",2,20.4,20.4,Essex,Gloucestershire,PI Walter,JS Rymell,TJ Price,0,0,,,,,,,,,,,,,
1271394,2021,2021-09-05,"County Ground, Chelmsford",2,20.5,20.5,Essex,Gloucestershire,PI Walter,JS Rymell,TJ Price,0,0,,,,,,,,,,,,,
1271394,2021,2021-09-05,"County Ground, Chelmsford",2,20.6,20.6,Essex,Gloucestershire,PI Walter,JS Rymell,TJ Price,0,0,,,,,,,,,,,,,
1271394,2021,2021-09-05,"County Ground, Chelmsford",2,21.1,21.1,Essex,Gloucestershire,JS Rymell,PI Walter,DA Payne,0,0,,,,,,,,,,,,,
1271394,2021,2021-09-05,"County Ground, Chelmsford",2,21.2,21.2,Essex,Gloucestershire,JS Rymell,PI Walter,DA Payne,0,0,,,,,,,,,,,,,
1271394,2021,2021-09-05,"County Ground, Chelmsford",2,21.3,21.3,Essex,Gloucestershire,JS Rymell,PI Walter,DA Payne,0,0,,,,,,,,,,,,,
1271394,2021,2021-09-05,"County Ground, Chelmsford",2,21.4,21.4,Essex,Gloucestershire,JS Rymell,PI Walter,DA Payne,0,0,,,,,,,,,,,,,
1271394,2021,2021-09-05,"County Ground, Chelmsford",2,21.5,21.5,Essex,Gloucestershire,JS Rymell,PI Walter,DA Payne,4,0,,,,,,,,,,,,,
1271394,2021,2021-09-05,"County Ground, Chelmsford",2,21.6,21.6,Essex,Gloucestershire,JS Rymell,PI Walter,DA Payne,0,0,,,,,,,,,,,,,
1271394,2021,2021-09-05,"County Ground, Chelmsford",2,22.1,22.1,Essex,Gloucestershire,PI Walter,JS Rymell,TJ Price,0,0,,,,,,,,,,,,,
1271394,2021,2021-09-05,"County Ground, Chelmsford",2,22.2,22.2,Essex,Gloucestershire,PI Walter,JS Rymell,TJ Price,0,0,,,,,,,,,,,,,
1271394,2021,2021-09-05,"County Ground, Chelmsford",2,22.3,22.3,Essex,Gloucestershire,PI Walter,JS Rymell,TJ Price,0,0,,,,,,,,,,,,,
1271394,2021,2021-09-05,"County Ground, Chelmsford",2,22.4,22.4,Essex,Gloucestershire,PI Walter,JS Rymell,TJ Price,0,0,,,,,,,,,,,,,
1271394,2021,2021-09-05,"County Ground, Chelmsford",2,22.5,22.5,Essex,Gloucestershire,PI Walter,JS Rymell,TJ Price,0,0,,,,,,,,,,,,,
1271394,2021,2021-09-05,"County Ground, Chelmsford",2,22.6,22.6,Essex,Gloucestershire,PI Walter,JS Rymell,TJ Price,1,0,,,,,,,,,,,,,
1271394,2021,2021-09-05,"County Ground, Chelmsford",2,23.1,23.1,Essex,Gloucestershire,PI Walter,JS Rymell,DA Payne,0,0,,,,,,,,,,,,,
1271394,2021,2021-09-05,"County Ground, Chelmsford",2,23.2,23.2,Essex,Gloucestershire,PI Walter,JS Rymell,DA Payne,2,0,,,,,,,,,,,,,
1271394,2021,2021-09-05,"County Ground, Chelmsford",2,23.3,23.3,Essex,Gloucestershire,PI Walter,JS Rymell,DA Payne,2,0,,,,,,,,,,,,,
1271394,2021,2021-09-05,"County Ground, Chelmsford",2,23.4,23.4,Essex,Gloucestershire,PI Walter,JS Rymell,DA Payne,0,0,,,,,,,,,,,,,
1271394,2021,2021-09-05,"County Ground, Chelmsford",2,23.5,23.5,Essex,Gloucestershire,PI Walter,JS Rymell,DA Payne,1,0,,,,,,,,,,,,,
1271394,2021,2021-09-05,"County Ground, Chelmsford",2,23.6,23.6,Essex,Gloucestershire,JS Rymell,PI Walter,DA Payne,0,0,,,,,,,,,,,,,
1271394,2021,2021-09-05,"County Ground, Chelmsford",2,24.1,24.1,Essex,Gloucestershire,PI Walter,JS Rymell,Zafar Gohar,0,0,,,,,,,,,,,,,
1271394,2021,2021-09-05,"County Ground, Chelmsford",2,24.2,24.2,Essex,Gloucestershire,PI Walter,JS Rymell,Zafar Gohar,2,0,,,,,,,,,,,,,
1271394,2021,2021-09-05,"County Ground, Chelmsford",2,24.3,24.3,Essex,Gloucestershire,PI Walter,JS Rymell,Zafar Gohar,0,0,,,,,,,,,,,,,
1271394,2021,2021-09-05,"County Ground, Chelmsford",2,24.4,24.4,Essex,Gloucestershire,PI Walter,JS Rymell,Zafar Gohar,0,0,,,,,,,,,,,,,
1271394,2021,2021-09-05,"County Ground, Chelmsford",2,24.5,24.5,Essex,Gloucestershire,PI Walter,JS Rymell,Zafar Gohar,0,0,,,,,,,,,,,,,
1271394,2021,2021-09-05,"County Ground, Chelmsford",2,24.6,24.6,Essex,Gloucestershire,PI Walter,JS Rymell,Zafar Gohar,0,0,,,,,,,,,,,,,
1271394,2021,2021-09-05,"County Ground, Chelmsford",2,25.1,25.1,Essex,Gloucestershire,JS Rymell,PI Walter,DA Payne,0,0,,,,,,,,,,,,,
1271394,2021,2021-09-05,"County Ground, Chelmsford",2,25.2,25.2,Essex,Gloucestershire,JS Rymell,PI Walter,DA Payne,0,0,,,,,,,,,,,,,
1271394,2021,2021-09-05,"County Ground, Chelmsford",2,25.3,25.3,Essex,Gloucestershire,JS Rymell,PI Walter,DA Payne,0,0,,,,,,,,,,,,,
1271394,2021,2021-09-05,"County Ground, Chelmsford",2,25.4,25.4,Essex,Gloucestershire,JS Rymell,PI Walter,DA Payne,0,0,,,,,,,,,,,,,
1271394,2021,2021-09-05,"County Ground, Chelmsford",2,25.5,25.5,Essex,Gloucestershire,JS Rymell,PI Walter,DA Payne,0,0,,,,,,,,,,,,,
1271394,2021,2021-09-05,"County Ground, Chelmsford",2,25.6,25.6,Essex,Gloucestershire,JS Rymell,PI Walter,DA Payne,0,0,,,,,,,,,,,,,
1271394,2021,2021-09-05,"County Ground, Chelmsford",2,26.1,26.1,Essex,Gloucestershire,PI Walter,JS Rymell,Zafar Gohar,0,0,,,,,,,,,,,,,
1271394,2021,2021-09-05,"County Ground, Chelmsford",2,26.2,26.2,Essex,Gloucestershire,PI Walter,JS Rymell,Zafar Gohar,0,0,,,,,,,,,,,,,
1271394,2021,2021-09-05,"County Ground, Chelmsford",2,26.3,26.3,Essex,Gloucestershire,PI Walter,JS Rymell,Zafar Gohar,0,0,,,,,,,,,,,,,
1271394,2021,2021-09-05,"County Ground, Chelmsford",2,26.4,26.4,Essex,Gloucestershire,PI Walter,JS Rymell,Zafar Gohar,0,0,,,,,,,,,,,,,
1271394,2021,2021-09-05,"County Ground, Chelmsford",2,26.5,26.5,Essex,Gloucestershire,PI Walter,JS Rymell,Zafar Gohar,0,0,,,,,,,,,,,,,
1271394,2021,2021-09-05,"County Ground, Chelmsford",2,26.6,26.6,Essex,Gloucestershire,PI Walter,JS Rymell,Zafar Gohar,0,0,,,,,,,,,,,,,
1271394,2021,2021-09-05,"County Ground, Chelmsford",2,27.1,27.1,Essex,Gloucestershire,JS Rymell,PI Walter,RF Higgins,0,0,,,,,,,,,,,,,
1271394,2021,2021-09-05,"County Ground, Chelmsford",2,27.2,27.2,Essex,Gloucestershire,JS Rymell,PI Walter,RF Higgins,0,0,,,,,,,,,,,,,
1271394,2021,2021-09-05,"County Ground, Chelmsford",2,27.3,27.3,Essex,Gloucestershire,JS Rymell,PI Walter,RF Higgins,0,0,,,,,,,,,,,,,
1271394,2021,2021-09-05,"County Ground, Chelmsford",2,27.4,27.4,Essex,Gloucestershire,JS Rymell,PI Walter,RF Higgins,0,0,,,,,,,,,,,,,
1271394,2021,2021-09-05,"County Ground, Chelmsford",2,27.5,27.5,Essex,Gloucestershire,JS Rymell,PI Walter,RF Higgins,3,0,,,,,,,,,,,,,
1271394,2021,2021-09-05,"County Ground, Chelmsford",2,27.6,27.6,Essex,Gloucestershire,PI Walter,JS Rymell,RF Higgins,1,0,,,,,,,,,,,,,
1271394,2021,2021-09-05,"County Ground, Chelmsford",2,28.1,28.1,Essex,Gloucestershire,PI Walter,JS Rymell,Zafar Gohar,0,0,,,,,,,,,,,,,
1271394,2021,2021-09-05,"County Ground, Chelmsford",2,28.2,28.2,Essex,Gloucestershire,PI Walter,JS Rymell,Zafar Gohar,0,0,,,,,,,,,,,,,
1271394,2021,2021-09-05,"County Ground, Chelmsford",2,28.3,28.3,Essex,Gloucestershire,PI Walter,JS Rymell,Zafar Gohar,0,0,,,,,,,,,,,,,
1271394,2021,2021-09-05,"County Ground, Chelmsford",2,28.4,28.4,Essex,Gloucestershire,PI Walter,JS Rymell,Zafar Gohar,0,0,,,,,,,,,,,,,
1271394,2021,2021-09-05,"County Ground, Chelmsford",2,28.5,28.5,Essex,Gloucestershire,PI Walter,JS Rymell,Zafar Gohar,0,0,,,,,,,,,,,,,
1271394,2021,2021-09-05,"County Ground, Chelmsford",2,28.6,28.6,Essex,Gloucestershire,PI Walter,JS Rymell,Zafar Gohar,1,0,,,,,,,,,,,,,
1271394,2021,2021-09-05,"County Ground, Chelmsford",2,29.1,29.1,Essex,Gloucestershire,PI Walter,JS Rymell,RF Higgins,4,0,,,,,,,,,,,,,
1271394,2021,2021-09-05,"County Ground, Chelmsford",2,29.2,29.2,Essex,Gloucestershire,PI Walter,JS Rymell,RF Higgins,0,0,,,,,,,,,,,,,
1271394,2021,2021-09-05,"County Ground, Chelmsford",2,29.3,29.3,Essex,Gloucestershire,PI Walter,JS Rymell,RF Higgins,0,0,,,,,,,,,,,,,
1271394,2021,2021-09-05,"County Ground, Chelmsford",2,29.4,29.4,Essex,Gloucestershire,PI Walter,JS Rymell,RF Higgins,0,0,,,,,,,,,,,,,
1271394,2021,2021-09-05,"County Ground, Chelmsford",2,29.5,29.5,Essex,Gloucestershire,PI Walter,JS Rymell,RF Higgins,4,0,,,,,,,,,,,,,
1271394,2021,2021-09-05,"County Ground, Chelmsford",2,29.6,29.6,Essex,Gloucestershire,PI Walter,JS Rymell,RF Higgins,4,0,,,,,,,,,,,,,
1271394,2021,2021-09-05,"County Ground, Chelmsford",2,30.1,30.1,Essex,Gloucestershire,JS Rymell,PI Walter,Zafar Gohar,0,0,,,,,,,,,,,,,
1271394,2021,2021-09-05,"County Ground, Chelmsford",2,30.2,30.2,Essex,Gloucestershire,JS Rymell,PI Walter,Zafar Gohar,0,0,,,,,,,,,,,,,
1271394,2021,2021-09-05,"County Ground, Chelmsford",2,30.3,30.3,Essex,Gloucestershire,JS Rymell,PI Walter,Zafar Gohar,0,0,,,,,,,,,,,,,
1271394,2021,2021-09-05,"County Ground, Chelmsford",2,30.4,30.4,Essex,Gloucestershire,JS Rymell,PI Walter,Zafar Gohar,0,0,,,,,,,,,,,,,
1271394,2021,2021-09-05,"County Ground, Chelmsford",2,30.5,30.5,Essex,Gloucestershire,JS Rymell,PI Walter,Zafar Gohar,0,0,,,,,,,,,,,,,
1271394,2021,2021-09-05,"County Ground, Chelmsford",2,30.6,30.6,Essex,Gloucestershire,JS Rymell,PI Walter,Zafar Gohar,0,0,,,,,,,,,,,,,
1271394,2021,2021-09-05,"County Ground, Chelmsford",2,31.1,31.1,Essex,Gloucestershire,PI Walter,JS Rymell,RF Higgins,0,0,,,,,,,,,,,,,
1271394,2021,2021-09-05,"County Ground, Chelmsford",2,31.2,31.2,Essex,Gloucestershire,PI Walter,JS Rymell,RF Higgins,0,0,,,,,,,,,,,,,
1271394,2021,2021-09-05,"County Ground, Chelmsford",2,31.3,31.3,Essex,Gloucestershire,PI Walter,JS Rymell,RF Higgins,4,0,,,,,,,,,,,,,
1271394,2021,2021-09-05,"County Ground, Chelmsford",2,31.4,31.4,Essex,Gloucestershire,PI Walter,JS Rymell,RF Higgins,0,0,,,,,,,,,,,,,
1271394,2021,2021-09-05,"County Ground, Chelmsford",2,31.5,31.5,Essex,Gloucestershire,PI Walter,JS Rymell,RF Higgins,2,0,,,,,,,,,,,,,
1271394,2021,2021-09-05,"County Ground, Chelmsford",2,31.6,31.6,Essex,Gloucestershire,PI Walter,JS Rymell,RF Higgins,1,0,,,,,,,,,,,,,
1271394,2021,2021-09-05,"County Ground, Chelmsford",2,32.1,32.1,Essex,Gloucestershire,PI Walter,JS Rymell,Zafar Gohar,0,0,,,,,,,,,,,,,
1271394,2021,2021-09-05,"County Ground, Chelmsford",2,32.2,32.2,Essex,Gloucestershire,PI Walter,JS Rymell,Zafar Gohar,0,0,,,,,,,,,,,,,
1271394,2021,2021-09-05,"County Ground, Chelmsford",2,32.3,32.3,Essex,Gloucestershire,PI Walter,JS Rymell,Zafar Gohar,0,0,,,,,,,,,,,,,
1271394,2021,2021-09-05,"County Ground, Chelmsford",2,32.4,32.4,Essex,Gloucestershire,PI Walter,JS Rymell,Zafar Gohar,0,0,,,,,,,,,,,,,
1271394,2021,2021-09-05,"County Ground, Chelmsford",2,32.5,32.5,Essex,Gloucestershire,PI Walter,JS Rymell,Zafar Gohar,0,0,,,,,,,,,,,,,
1271394,2021,2021-09-05,"County Ground, Chelmsford",2,32.6,32.6,Essex,Gloucestershire,PI Walter,JS Rymell,Zafar Gohar,0,0,,,,,,,,,,,,,
1271394,2021,2021-09-05,"County Ground, Chelmsford",2,33.1,33.1,Essex,Gloucestershire,JS Rymell,PI Walter,OJ Price,1,0,,,,,,,,,,,,,
1271394,2021,2021-09-05,"County Ground, Chelmsford",2,33.2,33.2,Essex,Gloucestershire,PI Walter,JS Rymell,OJ Price,0,0,,,,,,,,,,,,,
1271394,2021,2021-09-05,"County Ground, Chelmsford",2,33.3,33.3,Essex,Gloucestershire,PI Walter,JS Rymell,OJ Price,0,0,,,,,,,,,,,,,
1271394,2021,2021-09-05,"County Ground, Chelmsford",2,33.4,33.4,Essex,Gloucestershire,PI Walter,JS Rymell,OJ Price,0,0,,,,,,,,,,,,,
1271394,2021,2021-09-05,"County Ground, Chelmsford",2,33.5,33.5,Essex,Gloucestershire,PI Walter,JS Rymell,OJ Price,0,0,,,,,,,,,,,,,
1271394,2021,2021-09-05,"County Ground, Chelmsford",2,33.6,33.6,Essex,Gloucestershire,PI Walter,JS Rymell,OJ Price,0,0,,,,,,,,,,,,,
1271394,2021,2021-09-05,"County Ground, Chelmsford",2,34.1,34.1,Essex,Gloucestershire,JS Rymell,PI Walter,Zafar Gohar,0,0,,,,,,,,,,,,,
1271394,2021,2021-09-05,"County Ground, Chelmsford",2,34.2,34.2,Essex,Gloucestershire,JS Rymell,PI Walter,Zafar Gohar,0,0,,,,,,,,,,,,,
1271394,2021,2021-09-05,"County Ground, Chelmsford",2,34.3,34.3,Essex,Gloucestershire,JS Rymell,PI Walter,Zafar Gohar,0,0,,,,,,,,,,,,,
1271394,2021,2021-09-05,"County Ground, Chelmsford",2,34.4,34.4,Essex,Gloucestershire,JS Rymell,PI Walter,Zafar Gohar,2,0,,,,,,,,,,,,,
1271394,2021,2021-09-05,"County Ground, Chelmsford",2,34.5,34.5,Essex,Gloucestershire,JS Rymell,PI Walter,Zafar Gohar,0,0,,,,,,,,,,,,,
1271394,2021,2021-09-05,"County Ground, Chelmsford",2,34.6,34.6,Essex,Gloucestershire,JS Rymell,PI Walter,Zafar Gohar,0,0,,,,,,,,,,,,,
1271394,2021,2021-09-05,"County Ground, Chelmsford",2,35.1,35.1,Essex,Gloucestershire,PI Walter,JS Rymell,OJ Price,0,0,,,,,,,,,,,,,
1271394,2021,2021-09-05,"County Ground, Chelmsford",2,35.2,35.2,Essex,Gloucestershire,PI Walter,JS Rymell,OJ Price,0,0,,,,,,,,,,,,,
1271394,2021,2021-09-05,"County Ground, Chelmsford",2,35.3,35.3,Essex,Gloucestershire,PI Walter,JS Rymell,OJ Price,0,0,,,,,,,,,,,,,
1271394,2021,2021-09-05,"County Ground, Chelmsford",2,35.4,35.4,Essex,Gloucestershire,PI Walter,JS Rymell,OJ Price,0,0,,,,,,,,,,,,,
1271394,2021,2021-09-05,"County Ground, Chelmsford",2,35.5,35.5,Essex,Gloucestershire,PI Walter,JS Rymell,OJ Price,0,0,,,,,,,,,,,,,
1271394,2021,2021-09-05,"County Ground, Chelmsford",2,35.6,35.6,Essex,Gloucestershire,PI Walter,JS Rymell,OJ Price,0,0,,,,,,,,,,,,,
1271394,2021,2021-09-05,"County Ground, Chelmsford",2,36.1,36.1,Essex,Gloucestershire,JS Rymell,PI Walter,Zafar Gohar,4,0,,,,,,,,,,,,,
1271394,2021,2021-09-05,"County Ground, Chelmsford",2,36.2,36.2,Essex,Gloucestershire,JS Rymell,PI Walter,Zafar Gohar,0,0,,,,,,,,,,,,,
1271394,2021,2021-09-05,"County Ground, Chelmsford",2,36.3,36.3,Essex,Gloucestershire,JS Rymell,PI Walter,Zafar Gohar,0,0,,,,,,,caught,JS Rymell,,,Miles Hammond,,
1271394,2021,2021-09-05,"County Ground, Chelmsford",2,36.4,36.4,Essex,Gloucestershire,AJA Wheater,PI Walter,Zafar Gohar,0,0,,,,,,,,,,,,,
1271394,2021,2021-09-05,"County Ground, Chelmsford",2,36.5,36.5,Essex,Gloucestershire,AJA Wheater,PI Walter,Zafar Gohar,4,0,,,,,,,,,,,,,
1271394,2021,2021-09-05,"County Ground, Chelmsford",2,36.6,36.6,Essex,Gloucestershire,AJA Wheater,PI Walter,Zafar Gohar,0,0,,,,,,,,,,,,,
1271394,2021,2021-09-05,"County Ground, Chelmsford",2,37.1,37.1,Essex,Gloucestershire,PI Walter,AJA Wheater,TJ Price,4,0,,,,,,,,,,,,,
1271394,2021,2021-09-05,"County Ground, Chelmsford",2,37.2,37.2,Essex,Gloucestershire,PI Walter,AJA Wheater,TJ Price,0,0,,,,,,,,,,,,,
1271394,2021,2021-09-05,"County Ground, Chelmsford",2,37.3,37.3,Essex,Gloucestershire,PI Walter,AJA Wheater,TJ Price,3,0,,,,,,,,,,,,,
1271394,2021,2021-09-05,"County Ground, Chelmsford",2,37.4,37.4,Essex,Gloucestershire,AJA Wheater,PI Walter,TJ Price,0,0,,,,,,,,,,,,,
1271394,2021,2021-09-05,"County Ground, Chelmsford",2,37.5,37.5,Essex,Gloucestershire,AJA Wheater,PI Walter,TJ Price,0,1,,,,1,,,,,,,,,
1271394,2021,2021-09-05,"County Ground, Chelmsford",2,37.6,37.6,Essex,Gloucestershire,PI Walter,AJA Wheater,TJ Price,0,0,,,,,,,,,,,,,
1271394,2021,2021-09-05,"County Ground, Chelmsford",2,38.1,38.1,Essex,Gloucestershire,AJA Wheater,PI Walter,Zafar Gohar,1,0,,,,,,,,,,,,,
1271394,2021,2021-09-05,"County Ground, Chelmsford",2,38.2,38.2,Essex,Gloucestershire,PI Walter,AJA Wheater,Zafar Gohar,0,0,,,,,,,,,,,,,
1271394,2021,2021-09-05,"County Ground, Chelmsford",2,38.3,38.3,Essex,Gloucestershire,PI Walter,AJA Wheater,Zafar Gohar,0,0,,,,,,,,,,,,,
1271394,2021,2021-09-05,"County Ground, Chelmsford",2,38.4,38.4,Essex,Gloucestershire,PI Walter,AJA Wheater,Zafar Gohar,0,0,,,,,,,,,,,,,
1271394,2021,2021-09-05,"County Ground, Chelmsford",2,38.5,38.5,Essex,Gloucestershire,PI Walter,AJA Wheater,Zafar Gohar,0,0,,,,,,,,,,,,,
1271394,2021,2021-09-05,"County Ground, Chelmsford",2,38.6,38.6,Essex,Gloucestershire,PI Walter,AJA Wheater,Zafar Gohar,0,0,,,,,,,,,,,,,
1271394,2021,2021-09-05,"County Ground, Chelmsford",2,39.1,39.1,Essex,Gloucestershire,AJA Wheater,PI Walter,TJ Price,0,0,,,,,,,,,,,,,
1271394,2021,2021-09-05,"County Ground, Chelmsford",2,39.2,39.2,Essex,Gloucestershire,AJA Wheater,PI Walter,TJ Price,1,0,,,,,,,,,,,,,
1271394,2021,2021-09-05,"County Ground, Chelmsford",2,39.3,39.3,Essex,Gloucestershire,PI Walter,AJA Wheater,TJ Price,0,0,,,,,,,,,,,,,
1271394,2021,2021-09-05,"County Ground, Chelmsford",2,39.4,39.4,Essex,Gloucestershire,PI Walter,AJA Wheater,TJ Price,0,0,,,,,,,,,,,,,
1271394,2021,2021-09-05,"County Ground, Chelmsford",2,39.5,39.5,Essex,Gloucestershire,PI Walter,AJA Wheater,TJ Price,0,0,,,,,,,,,,,,,
1271394,2021,2021-09-05,"County Ground, Chelmsford",2,39.6,39.6,Essex,Gloucestershire,PI Walter,AJA Wheater,TJ Price,0,0,,,,,,,,,,,,,
1271394,2021,2021-09-05,"County Ground, Chelmsford",2,40.1,40.1,Essex,Gloucestershire,AJA Wheater,PI Walter,Zafar Gohar,0,0,,,,,,,,,,,,,
1271394,2021,2021-09-05,"County Ground, Chelmsford",2,40.2,40.2,Essex,Gloucestershire,AJA Wheater,PI Walter,Zafar Gohar,0,0,,,,,,,,,,,,,
1271394,2021,2021-09-05,"County Ground, Chelmsford",2,40.3,40.3,Essex,Gloucestershire,AJA Wheater,PI Walter,Zafar Gohar,0,0,,,,,,,,,,,,,
1271394,2021,2021-09-05,"County Ground, Chelmsford",2,40.4,40.4,Essex,Gloucestershire,AJA Wheater,PI Walter,Zafar Gohar,0,0,,,,,,,,,,,,,
1271394,2021,2021-09-05,"County Ground, Chelmsford",2,40.5,40.5,Essex,Gloucestershire,AJA Wheater,PI Walter,Zafar Gohar,0,0,,,,,,,,,,,,,
1271394,2021,2021-09-05,"County Ground, Chelmsford",2,40.6,40.6,Essex,Gloucestershire,AJA Wheater,PI Walter,Zafar Gohar,0,0,,,,,,,,,,,,,
1271394,2021,2021-09-05,"County Ground, Chelmsford",2,41.1,41.1,Essex,Gloucestershire,PI Walter,AJA Wheater,TJ Price,0,0,,,,,,,,,,,,,
1271394,2021,2021-09-05,"County Ground, Chelmsford",2,41.2,41.2,Essex,Gloucestershire,PI Walter,AJA Wheater,TJ Price,0,0,,,,,,,,,,,,,
1271394,2021,2021-09-05,"County Ground, Chelmsford",2,41.3,41.3,Essex,Gloucestershire,PI Walter,AJA Wheater,TJ Price,0,0,,,,,,,,,,,,,
1271394,2021,2021-09-05,"County Ground, Chelmsford",2,41.4,41.4,Essex,Gloucestershire,PI Walter,AJA Wheater,TJ Price,0,0,,,,,,,,,,,,,
1271394,2021,2021-09-05,"County Ground, Chelmsford",2,41.5,41.5,Essex,Gloucestershire,PI Walter,AJA Wheater,TJ Price,0,0,,,,,,,,,,,,,
1271394,2021,2021-09-05,"County Ground, Chelmsford",2,41.6,41.6,Essex,Gloucestershire,PI Walter,AJA Wheater,TJ Price,0,0,,,,,,,,,,,,,
1271394,2021,2021-09-05,"County Ground, Chelmsford",2,42.1,42.1,Essex,Gloucestershire,AJA Wheater,PI Walter,Zafar Gohar,0,0,,,,,,,,,,,,,
1271394,2021,2021-09-05,"County Ground, Chelmsford",2,42.2,42.2,Essex,Gloucestershire,AJA Wheater,PI Walter,Zafar Gohar,0,0,,,,,,,,,,,,,
1271394,2021,2021-09-05,"County Ground, Chelmsford",2,42.3,42.3,Essex,Gloucestershire,AJA Wheater,PI Walter,Zafar Gohar,1,0,,,,,,,,,,,,,
1271394,2021,2021-09-05,"County Ground, Chelmsford",2,42.4,42.4,Essex,Gloucestershire,PI Walter,AJA Wheater,Zafar Gohar,0,0,,,,,,,,,,,,,
1271394,2021,2021-09-05,"County Ground, Chelmsford",2,42.5,42.5,Essex,Gloucestershire,PI Walter,AJA Wheater,Zafar Gohar,0,0,,,,,,,,,,,,,
1271394,2021,2021-09-05,"County Ground, Chelmsford",2,42.6,42.6,Essex,Gloucestershire,PI Walter,AJA Wheater,Zafar Gohar,0,0,,,,,,,,,,,,,
1271394,2021,2021-09-05,"County Ground, Chelmsford",2,43.1,43.1,Essex,Gloucestershire,AJA Wheater,PI Walter,TJ Price,0,0,,,,,,,,,,,,,
1271394,2021,2021-09-05,"County Ground, Chelmsford",2,43.2,43.2,Essex,Gloucestershire,AJA Wheater,PI Walter,TJ Price,0,0,,,,,,,,,,,,,
1271394,2021,2021-09-05,"County Ground, Chelmsford",2,43.3,43.3,Essex,Gloucestershire,AJA Wheater,PI Walter,TJ Price,4,0,,,,,,,,,,,,,
1271394,2021,2021-09-05,"County Ground, Chelmsford",2,43.4,43.4,Essex,Gloucestershire,AJA Wheater,PI Walter,TJ Price,0,0,,,,,,,,,,,,,
1271394,2021,2021-09-05,"County Ground, Chelmsford",2,43.5,43.5,Essex,Gloucestershire,AJA Wheater,PI Walter,TJ Price,0,0,,,,,,,,,,,,,
1271394,2021,2021-09-05,"County Ground, Chelmsford",2,43.6,43.6,Essex,Gloucestershire,AJA Wheater,PI Walter,TJ Price,4,0,,,,,,,,,,,,,
1271394,2021,2021-09-05,"County Ground, Chelmsford",2,44.1,44.1,Essex,Gloucestershire,PI Walter,AJA Wheater,Zafar Gohar,0,0,,,,,,,,,,,,,
1271394,2021,2021-09-05,"County Ground, Chelmsford",2,44.2,44.2,Essex,Gloucestershire,PI Walter,AJA Wheater,Zafar Gohar,0,0,,,,,,,,,,,,,
1271394,2021,2021-09-05,"County Ground, Chelmsford",2,44.3,44.3,Essex,Gloucestershire,PI Walter,AJA Wheater,Zafar Gohar,0,0,,,,,,,,,,,,,
1271394,2021,2021-09-05,"County Ground, Chelmsford",2,44.4,44.4,Essex,Gloucestershire,PI Walter,AJA Wheater,Zafar Gohar,4,0,,,,,,,,,,,,,
1271394,2021,2021-09-05,"County Ground, Chelmsford",2,44.5,44.5,Essex,Gloucestershire,PI Walter,AJA Wheater,Zafar Gohar,0,0,,,,,,,,,,,,,
1271394,2021,2021-09-05,"County Ground, Chelmsford",2,44.6,44.6,Essex,Gloucestershire,PI Walter,AJA Wheater,Zafar Gohar,0,0,,,,,,,,,,,,,
1271394,2021,2021-09-05,"County Ground, Chelmsford",2,45.1,45.1,Essex,Gloucestershire,AJA Wheater,PI Walter,TJ Price,0,0,,,,,,,,,,,,,
1271394,2021,2021-09-05,"County Ground, Chelmsford",2,45.2,45.2,Essex,Gloucestershire,AJA Wheater,PI Walter,TJ Price,0,0,,,,,,,,,,,,,
1271394,2021,2021-09-05,"County Ground, Chelmsford",2,45.3,45.3,Essex,Gloucestershire,AJA Wheater,PI Walter,TJ Price,1,0,,,,,,,,,,,,,
1271394,2021,2021-09-05,"County Ground, Chelmsford",2,45.4,45.4,Essex,Gloucestershire,PI Walter,AJA Wheater,TJ Price,0,0,,,,,,,,,,,,,
1271394,2021,2021-09-05,"County Ground, Chelmsford",2,45.5,45.5,Essex,Gloucestershire,PI Walter,AJA Wheater,TJ Price,0,0,,,,,,,,,,,,,
1271394,2021,2021-09-05,"County Ground, Chelmsford",2,45.6,45.6,Essex,Gloucestershire,PI Walter,AJA Wheater,TJ Price,2,0,,,,,,,,,,,,,
1271394,2021,2021-09-05,"County Ground, Chelmsford",2,46.1,46.1,Essex,Gloucestershire,AJA Wheater,PI Walter,Zafar Gohar,0,0,,,,,,,,,,,,,
1271394,2021,2021-09-05,"County Ground, Chelmsford",2,46.2,46.2,Essex,Gloucestershire,AJA Wheater,PI Walter,Zafar Gohar,0,0,,,,,,,,,,,,,
1271394,2021,2021-09-05,"County Ground, Chelmsford",2,46.3,46.3,Essex,Gloucestershire,AJA Wheater,PI Walter,Zafar Gohar,0,0,,,,,,,,,,,,,
1271394,2021,2021-09-05,"County Ground, Chelmsford",2,46.4,46.4,Essex,Gloucestershire,AJA Wheater,PI Walter,Zafar Gohar,0,0,,,,,,,,,,,,,
1271394,2021,2021-09-05,"County Ground, Chelmsford",2,46.5,46.5,Essex,Gloucestershire,AJA Wheater,PI Walter,Zafar Gohar,0,0,,,,,,,,,,,,,
1271394,2021,2021-09-05,"County Ground, Chelmsford",2,46.6,46.6,Essex,Gloucestershire,AJA Wheater,PI Walter,Zafar Gohar,0,0,,,,,,,,,,,,,
1271394,2021,2021-09-05,"County Ground, Chelmsford",2,47.1,47.1,Essex,Gloucestershire,PI Walter,AJA Wheater,TJ Price,0,0,,,,,,,,,,,,,
1271394,2021,2021-09-05,"County Ground, Chelmsford",2,47.2,47.2,Essex,Gloucestershire,PI Walter,AJA Wheater,TJ Price,0,0,,,,,,,,,,,,,
1271394,2021,2021-09-05,"County Ground, Chelmsford",2,47.3,47.3,Essex,Gloucestershire,PI Walter,AJA Wheater,TJ Price,0,0,,,,,,,,,,,,,
1271394,2021,2021-09-05,"County Ground, Chelmsford",2,47.4,47.4,Essex,Gloucestershire,PI Walter,AJA Wheater,TJ Price,0,0,,,,,,,,,,,,,
1271394,2021,2021-09-05,"County Ground, Chelmsford",2,47.5,47.5,Essex,Gloucestershire,PI Walter,AJA Wheater,TJ Price,0,0,,,,,,,,,,,,,
1271394,2021,2021-09-05,"County Ground, Chelmsford",2,47.6,47.6,Essex,Gloucestershire,PI Walter,AJA Wheater,TJ Price,0,0,,,,,,,,,,,,,
1271394,2021,2021-09-05,"County Ground, Chelmsford",2,48.1,48.1,Essex,Gloucestershire,AJA Wheater,PI Walter,Zafar Gohar,0,0,,,,,,,,,,,,,
1271394,2021,2021-09-05,"County Ground, Chelmsford",2,48.2,48.2,Essex,Gloucestershire,AJA Wheater,PI Walter,Zafar Gohar,1,0,,,,,,,,,,,,,
1271394,2021,2021-09-05,"County Ground, Chelmsford",2,48.3,48.3,Essex,Gloucestershire,PI Walter,AJA Wheater,Zafar Gohar,0,0,,,,,,,,,,,,,
1271394,2021,2021-09-05,"County Ground, Chelmsford",2,48.4,48.4,Essex,Gloucestershire,PI Walter,AJA Wheater,Zafar Gohar,0,0,,,,,,,,,,,,,
1271394,2021,2021-09-05,"County Ground, Chelmsford",2,48.5,48.5,Essex,Gloucestershire,PI Walter,AJA Wheater,Zafar Gohar,0,0,,,,,,,,,,,,,
1271394,2021,2021-09-05,"County Ground, Chelmsford",2,48.6,48.6,Essex,Gloucestershire,PI Walter,AJA Wheater,Zafar Gohar,4,0,,,,,,,,,,,,,
1271394,2021,2021-09-05,"County Ground, Chelmsford",2,49.1,49.1,Essex,Gloucestershire,AJA Wheater,PI Walter,DA Payne,1,0,,,,,,,,,,,,,
1271394,2021,2021-09-05,"County Ground, Chelmsford",2,49.2,49.2,Essex,Gloucestershire,PI Walter,AJA Wheater,DA Payne,0,0,,,,,,,,,,,,,
1271394,2021,2021-09-05,"County Ground, Chelmsford",2,49.3,49.3,Essex,Gloucestershire,PI Walter,AJA Wheater,DA Payne,0,0,,,,,,,,,,,,,
1271394,2021,2021-09-05,"County Ground, Chelmsford",2,49.4,49.4,Essex,Gloucestershire,PI Walter,AJA Wheater,DA Payne,4,0,,,,,,,,,,,,,
1271394,2021,2021-09-05,"County Ground, Chelmsford",2,49.5,49.5,Essex,Gloucestershire,PI Walter,AJA Wheater,DA Payne,0,0,,,,,,,,,,,,,
1271394,2021,2021-09-05,"County Ground, Chelmsford",2,49.6,49.6,Essex,Gloucestershire,PI Walter,AJA Wheater,DA Payne,1,0,,,,,,,,,,,,,
1271394,2021,2021-09-05,"County Ground, Chelmsford",2,50.1,50.1,Essex,Gloucestershire,PI Walter,AJA Wheater,Zafar Gohar,0,0,,,,,,,,,,,,,
1271394,2021,2021-09-05,"County Ground, Chelmsford",2,50.2,50.2,Essex,Gloucestershire,PI Walter,AJA Wheater,Zafar Gohar,4,0,,,,,,,,,,,,,
1271394,2021,2021-09-05,"County Ground, Chelmsford",2,50.3,50.3,Essex,Gloucestershire,PI Walter,AJA Wheater,Zafar Gohar,0,0,,,,,,,,,,,,,
1271394,2021,2021-09-05,"County Ground, Chelmsford",2,50.4,50.4,Essex,Gloucestershire,PI Walter,AJA Wheater,Zafar Gohar,0,0,,,,,,,,,,,,,
1271394,2021,2021-09-05,"County Ground, Chelmsford",2,50.5,50.5,Essex,Gloucestershire,PI Walter,AJA Wheater,Zafar Gohar,0,0,,,,,,,,,,,,,
1271394,2021,2021-09-05,"County Ground, Chelmsford",2,50.6,50.6,Essex,Gloucestershire,PI Walter,AJA Wheater,Zafar Gohar,0,0,,,,,,,,,,,,,
1271394,2021,2021-09-05,"County Ground, Chelmsford",2,51.1,51.1,Essex,Gloucestershire,AJA Wheater,PI Walter,DA Payne,0,0,,,,,,,,,,,,,
1271394,2021,2021-09-05,"County Ground, Chelmsford",2,51.2,51.2,Essex,Gloucestershire,AJA Wheater,PI Walter,DA Payne,0,0,,,,,,,,,,,,,
1271394,2021,2021-09-05,"County Ground, Chelmsford",2,51.3,51.3,Essex,Gloucestershire,AJA Wheater,PI Walter,DA Payne,0,0,,,,,,,,,,,,,
1271394,2021,2021-09-05,"County Ground, Chelmsford",2,51.4,51.4,Essex,Gloucestershire,AJA Wheater,PI Walter,DA Payne,0,0,,,,,,,,,,,,,
1271394,2021,2021-09-05,"County Ground, Chelmsford",2,51.5,51.5,Essex,Gloucestershire,AJA Wheater,PI Walter,DA Payne,0,0,,,,,,,,,,,,,
1271394,2021,2021-09-05,"County Ground, Chelmsford",2,51.6,51.6,Essex,Gloucestershire,AJA Wheater,PI Walter,DA Payne,0,0,,,,,,,,,,,,,
1271394,2021,2021-09-05,"County Ground, Chelmsford",2,52.1,52.1,Essex,Gloucestershire,PI Walter,AJA Wheater,Zafar Gohar,0,0,,,,,,,,,,,,,
1271394,2021,2021-09-05,"County Ground, Chelmsford",2,52.2,52.2,Essex,Gloucestershire,PI Walter,AJA Wheater,Zafar Gohar,0,0,,,,,,,,,,,,,
1271394,2021,2021-09-05,"County Ground, Chelmsford",2,52.3,52.3,Essex,Gloucestershire,PI Walter,AJA Wheater,Zafar Gohar,0,0,,,,,,,,,,,,,
1271394,2021,2021-09-05,"County Ground, Chelmsford",2,52.4,52.4,Essex,Gloucestershire,PI Walter,AJA Wheater,Zafar Gohar,0,0,,,,,,,,,,,,,
1271394,2021,2021-09-05,"County Ground, Chelmsford",2,52.5,52.5,Essex,Gloucestershire,PI Walter,AJA Wheater,Zafar Gohar,0,0,,,,,,,,,,,,,
1271394,2021,2021-09-05,"County Ground, Chelmsford",2,52.6,52.6,Essex,Gloucestershire,PI Walter,AJA Wheater,Zafar Gohar,0,0,,,,,,,,,,,,,
1271394,2021,2021-09-05,"County Ground, Chelmsford",2,53.1,53.1,Essex,Gloucestershire,AJA Wheater,PI Walter,DA Payne,0,0,,,,,,,,,,,,,
1271394,2021,2021-09-05,"County Ground, Chelmsford",2,53.2,53.2,Essex,Gloucestershire,AJA Wheater,PI Walter,DA Payne,1,0,,,,,,,,,,,,,
1271394,2021,2021-09-05,"County Ground, Chelmsford",2,53.3,53.3,Essex,Gloucestershire,PI Walter,AJA Wheater,DA Payne,0,0,,,,,,,,,,,,,
1271394,2021,2021-09-05,"County Ground, Chelmsford",2,53.4,53.4,Essex,Gloucestershire,PI Walter,AJA Wheater,DA Payne,0,0,,,,,,,,,,,,,
1271394,2021,2021-09-05,"County Ground, Chelmsford",2,53.5,53.5,Essex,Gloucestershire,PI Walter,AJA Wheater,DA Payne,0,0,,,,,,,,,,,,,
1271394,2021,2021-09-05,"County Ground, Chelmsford",2,53.6,53.6,Essex,Gloucestershire,PI Walter,AJA Wheater,DA Payne,4,0,,,,,,,,,,,,,
1271394,2021,2021-09-05,"County Ground, Chelmsford",2,54.1,54.1,Essex,Gloucestershire,AJA Wheater,PI Walter,Zafar Gohar,0,0,,,,,,,,,,,,,
1271394,2021,2021-09-05,"County Ground, Chelmsford",2,54.2,54.2,Essex,Gloucestershire,AJA Wheater,PI Walter,Zafar Gohar,1,0,,,,,,,,,,,,,
1271394,2021,2021-09-05,"County Ground, Chelmsford",2,54.3,54.3,Essex,Gloucestershire,PI Walter,AJA Wheater,Zafar Gohar,0,0,,,,,,,,,,,,,
1271394,2021,2021-09-05,"County Ground, Chelmsford",2,54.4,54.4,Essex,Gloucestershire,PI Walter,AJA Wheater,Zafar Gohar,0,0,,,,,,,,,,,,,
1271394,2021,2021-09-05,"County Ground, Chelmsford",2,54.5,54.5,Essex,Gloucestershire,PI Walter,AJA Wheater,Zafar Gohar,0,0,,,,,,,,,,,,,
1271394,2021,2021-09-05,"County Ground, Chelmsford",2,54.6,54.6,Essex,Gloucestershire,PI Walter,AJA Wheater,Zafar Gohar,0,0,,,,,,,,,,,,,
1271394,2021,2021-09-05,"County Ground, Chelmsford",2,55.1,55.1,Essex,Gloucestershire,AJA Wheater,PI Walter,DA Payne,0,0,,,,,,,,,,,,,
1271394,2021,2021-09-05,"County Ground, Chelmsford",2,55.2,55.2,Essex,Gloucestershire,AJA Wheater,PI Walter,DA Payne,1,0,,,,,,,,,,,,,
1271394,2021,2021-09-05,"County Ground, Chelmsford",2,55.3,55.3,Essex,Gloucestershire,PI Walter,AJA Wheater,DA Payne,1,0,,,,,,,,,,,,,
1271394,2021,2021-09-05,"County Ground, Chelmsford",2,55.4,55.4,Essex,Gloucestershire,AJA Wheater,PI Walter,DA Payne,0,0,,,,,,,,,,,,,
1271394,2021,2021-09-05,"County Ground, Chelmsford",2,55.5,55.5,Essex,Gloucestershire,AJA Wheater,PI Walter,DA Payne,0,0,,,,,,,,,,,,,
1271394,2021,2021-09-05,"County Ground, Chelmsford",2,55.6,55.6,Essex,Gloucestershire,AJA Wheater,PI Walter,DA Payne,0,0,,,,,,,,,,,,,
1271394,2021,2021-09-05,"County Ground, Chelmsford",2,56.1,56.1,Essex,Gloucestershire,PI Walter,AJA Wheater,Zafar Gohar,0,0,,,,,,,,,,,,,
1271394,2021,2021-09-05,"County Ground, Chelmsford",2,56.2,56.2,Essex,Gloucestershire,PI Walter,AJA Wheater,Zafar Gohar,0,0,,,,,,,,,,,,,
1271394,2021,2021-09-05,"County Ground, Chelmsford",2,56.3,56.3,Essex,Gloucestershire,PI Walter,AJA Wheater,Zafar Gohar,0,0,,,,,,,,,,,,,
1271394,2021,2021-09-05,"County Ground, Chelmsford",2,56.4,56.4,Essex,Gloucestershire,PI Walter,AJA Wheater,Zafar Gohar,1,0,,,,,,,,,,,,,
1271394,2021,2021-09-05,"County Ground, Chelmsford",2,56.5,56.5,Essex,Gloucestershire,AJA Wheater,PI Walter,Zafar Gohar,0,0,,,,,,,,,,,,,
1271394,2021,2021-09-05,"County Ground, Chelmsford",2,56.6,56.6,Essex,Gloucestershire,AJA Wheater,PI Walter,Zafar Gohar,0,0,,,,,,,,,,,,,
1271394,2021,2021-09-05,"County Ground, Chelmsford",2,57.1,57.1,Essex,Gloucestershire,PI Walter,AJA Wheater,DA Payne,0,0,,,,,,,,,,,,,
1271394,2021,2021-09-05,"County Ground, Chelmsford",2,57.2,57.2,Essex,Gloucestershire,PI Walter,AJA Wheater,DA Payne,2,0,,,,,,,,,,,,,
1271394,2021,2021-09-05,"County Ground, Chelmsford",2,57.3,57.3,Essex,Gloucestershire,PI Walter,AJA Wheater,DA Payne,0,0,,,,,,,,,,,,,
1271394,2021,2021-09-05,"County Ground, Chelmsford",2,57.4,57.4,Essex,Gloucestershire,PI Walter,AJA Wheater,DA Payne,0,0,,,,,,,,,,,,,
1271394,2021,2021-09-05,"County Ground, Chelmsford",2,57.5,57.5,Essex,Gloucestershire,PI Walter,AJA Wheater,DA Payne,1,0,,,,,,,,,,,,,
1271394,2021,2021-09-05,"County Ground, Chelmsford",2,57.6,57.6,Essex,Gloucestershire,AJA Wheater,PI Walter,DA Payne,0,0,,,,,,,,,,,,,
1271394,2021,2021-09-05,"County Ground, Chelmsford",2,58.1,58.1,Essex,Gloucestershire,PI Walter,AJA Wheater,Zafar Gohar,0,0,,,,,,,,,,,,,
1271394,2021,2021-09-05,"County Ground, Chelmsford",2,58.2,58.2,Essex,Gloucestershire,PI Walter,AJA Wheater,Zafar Gohar,0,0,,,,,,,,,,,,,
1271394,2021,2021-09-05,"County Ground, Chelmsford",2,58.3,58.3,Essex,Gloucestershire,PI Walter,AJA Wheater,Zafar Gohar,0,0,,,,,,,,,,,,,
1271394,2021,2021-09-05,"County Ground, Chelmsford",2,58.4,58.4,Essex,Gloucestershire,PI Walter,AJA Wheater,Zafar Gohar,0,0,,,,,,,,,,,,,
1271394,2021,2021-09-05,"County Ground, Chelmsford",2,58.5,58.5,Essex,Gloucestershire,PI Walter,AJA Wheater,Zafar Gohar,0,1,,,,1,,,,,,,,,
1271394,2021,2021-09-05,"County Ground, Chelmsford",2,58.6,58.6,Essex,Gloucestershire,AJA Wheater,PI Walter,Zafar Gohar,0,0,,,,,,,,,,,,,
1271394,2021,2021-09-05,"County Ground, Chelmsford",2,59.1,59.1,Essex,Gloucestershire,PI Walter,AJA Wheater,RF Higgins,0,0,,,,,,,,,,,,,
1271394,2021,2021-09-05,"County Ground, Chelmsford",2,59.2,59.2,Essex,Gloucestershire,PI Walter,AJA Wheater,RF Higgins,0,0,,,,,,,,,,,,,
1271394,2021,2021-09-05,"County Ground, Chelmsford",2,59.3,59.3,Essex,Gloucestershire,PI Walter,AJA Wheater,RF Higgins,0,1,,,,1,,,,,,,,,
1271394,2021,2021-09-05,"County Ground, Chelmsford",2,59.4,59.4,Essex,Gloucestershire,AJA Wheater,PI Walter,RF Higgins,1,0,,,,,,,,,,,,,
1271394,2021,2021-09-05,"County Ground, Chelmsford",2,59.5,59.5,Essex,Gloucestershire,PI Walter,AJA Wheater,RF Higgins,4,0,,,,,,,,,,,,,
1271394,2021,2021-09-05,"County Ground, Chelmsford",2,59.6,59.6,Essex,Gloucestershire,PI Walter,AJA Wheater,RF Higgins,0,0,,,,,,,,,,,,,
1271394,2021,2021-09-05,"County Ground, Chelmsford",2,60.1,60.1,Essex,Gloucestershire,AJA Wheater,PI Walter,Zafar Gohar,1,0,,,,,,,,,,,,,
1271394,2021,2021-09-05,"County Ground, Chelmsford",2,60.2,60.2,Essex,Gloucestershire,PI Walter,AJA Wheater,Zafar Gohar,0,0,,,,,,,,,,,,,
1271394,2021,2021-09-05,"County Ground, Chelmsford",2,60.3,60.3,Essex,Gloucestershire,PI Walter,AJA Wheater,Zafar Gohar,0,0,,,,,,,,,,,,,
1271394,2021,2021-09-05,"County Ground, Chelmsford",2,60.4,60.4,Essex,Gloucestershire,PI Walter,AJA Wheater,Zafar Gohar,0,0,,,,,,,,,,,,,
1271394,2021,2021-09-05,"County Ground, Chelmsford",2,60.5,60.5,Essex,Gloucestershire,PI Walter,AJA Wheater,Zafar Gohar,0,0,,,,,,,,,,,,,
1271394,2021,2021-09-05,"County Ground, Chelmsford",2,60.6,60.6,Essex,Gloucestershire,PI Walter,AJA Wheater,Zafar Gohar,0,0,,,,,,,,,,,,,
1271394,2021,2021-09-05,"County Ground, Chelmsford",2,61.1,61.1,Essex,Gloucestershire,AJA Wheater,PI Walter,RF Higgins,1,0,,,,,,,,,,,,,
1271394,2021,2021-09-05,"County Ground, Chelmsford",2,61.2,61.2,Essex,Gloucestershire,PI Walter,AJA Wheater,RF Higgins,0,0,,,,,,,,,,,,,
1271394,2021,2021-09-05,"County Ground, Chelmsford",2,61.3,61.3,Essex,Gloucestershire,PI Walter,AJA Wheater,RF Higgins,0,0,,,,,,,,,,,,,
1271394,2021,2021-09-05,"County Ground, Chelmsford",2,61.4,61.4,Essex,Gloucestershire,PI Walter,AJA Wheater,RF Higgins,0,0,,,,,,,,,,,,,
1271394,2021,2021-09-05,"County Ground, Chelmsford",2,61.5,61.5,Essex,Gloucestershire,PI Walter,AJA Wheater,RF Higgins,0,0,,,,,,,,,,,,,
1271394,2021,2021-09-05,"County Ground, Chelmsford",2,61.6,61.6,Essex,Gloucestershire,PI Walter,AJA Wheater,RF Higgins,0,0,,,,,,,,,,,,,
1271394,2021,2021-09-05,"County Ground, Chelmsford",2,62.1,62.1,Essex,Gloucestershire,AJA Wheater,PI Walter,Zafar Gohar,1,0,,,,,,,,,,,,,
1271394,2021,2021-09-05,"County Ground, Chelmsford",2,62.2,62.2,Essex,Gloucestershire,PI Walter,AJA Wheater,Zafar Gohar,0,0,,,,,,,,,,,,,
1271394,2021,2021-09-05,"County Ground, Chelmsford",2,62.3,62.3,Essex,Gloucestershire,PI Walter,AJA Wheater,Zafar Gohar,0,0,,,,,,,,,,,,,
1271394,2021,2021-09-05,"County Ground, Chelmsford",2,62.4,62.4,Essex,Gloucestershire,PI Walter,AJA Wheater,Zafar Gohar,0,0,,,,,,,,,,,,,
1271394,2021,2021-09-05,"County Ground, Chelmsford",2,62.5,62.5,Essex,Gloucestershire,PI Walter,AJA Wheater,Zafar Gohar,0,0,,,,,,,,,,,,,
1271394,2021,2021-09-05,"County Ground, Chelmsford",2,62.6,62.6,Essex,Gloucestershire,PI Walter,AJA Wheater,Zafar Gohar,0,0,,,,,,,,,,,,,
1271394,2021,2021-09-05,"County Ground, Chelmsford",2,63.1,63.1,Essex,Gloucestershire,AJA Wheater,PI Walter,RF Higgins,0,0,,,,,,,,,,,,,
1271394,2021,2021-09-05,"County Ground, Chelmsford",2,63.2,63.2,Essex,Gloucestershire,AJA Wheater,PI Walter,RF Higgins,0,0,,,,,,,,,,,,,
1271394,2021,2021-09-05,"County Ground, Chelmsford",2,63.3,63.3,Essex,Gloucestershire,AJA Wheater,PI Walter,RF Higgins,4,0,,,,,,,,,,,,,
1271394,2021,2021-09-05,"County Ground, Chelmsford",2,63.4,63.4,Essex,Gloucestershire,AJA Wheater,PI Walter,RF Higgins,1,0,,,,,,,,,,,,,
1271394,2021,2021-09-05,"County Ground, Chelmsford",2,63.5,63.5,Essex,Gloucestershire,PI Walter,AJA Wheater,RF Higgins,0,0,,,,,,,,,,,,,
1271394,2021,2021-09-05,"County Ground, Chelmsford",2,63.6,63.6,Essex,Gloucestershire,PI Walter,AJA Wheater,RF Higgins,0,0,,,,,,,,,,,,,
1271394,2021,2021-09-05,"County Ground, Chelmsford",2,64.1,64.1,Essex,Gloucestershire,AJA Wheater,PI Walter,Zafar Gohar,0,0,,,,,,,,,,,,,
1271394,2021,2021-09-05,"County Ground, Chelmsford",2,64.2,64.2,Essex,Gloucestershire,AJA Wheater,PI Walter,Zafar Gohar,0,0,,,,,,,,,,,,,
1271394,2021,2021-09-05,"County Ground, Chelmsford",2,64.3,64.3,Essex,Gloucestershire,AJA Wheater,PI Walter,Zafar Gohar,0,0,,,,,,,,,,,,,
1271394,2021,2021-09-05,"County Ground, Chelmsford",2,64.4,64.4,Essex,Gloucestershire,AJA Wheater,PI Walter,Zafar Gohar,0,0,,,,,,,,,,,,,
1271394,2021,2021-09-05,"County Ground, Chelmsford",2,64.5,64.5,Essex,Gloucestershire,AJA Wheater,PI Walter,Zafar Gohar,0,0,,,,,,,,,,,,,
1271394,2021,2021-09-05,"County Ground, Chelmsford",2,64.6,64.6,Essex,Gloucestershire,AJA Wheater,PI Walter,Zafar Gohar,0,0,,,,,,,,,,,,,
1271394,2021,2021-09-05,"County Ground, Chelmsford",2,65.1,65.1,Essex,Gloucestershire,PI Walter,AJA Wheater,RF Higgins,0,0,,,,,,,,,,,,,
1271394,2021,2021-09-05,"County Ground, Chelmsford",2,65.2,65.2,Essex,Gloucestershire,PI Walter,AJA Wheater,RF Higgins,0,0,,,,,,,,,,,,,
1271394,2021,2021-09-05,"County Ground, Chelmsford",2,65.3,65.3,Essex,Gloucestershire,PI Walter,AJA Wheater,RF Higgins,2,0,,,,,,,,,,,,,
1271394,2021,2021-09-05,"County Ground, Chelmsford",2,65.4,65.4,Essex,Gloucestershire,PI Walter,AJA Wheater,RF Higgins,0,0,,,,,,,,,,,,,
1271394,2021,2021-09-05,"County Ground, Chelmsford",2,65.5,65.5,Essex,Gloucestershire,PI Walter,AJA Wheater,RF Higgins,0,0,,,,,,,,,,,,,
1271394,2021,2021-09-05,"County Ground, Chelmsford",2,65.6,65.6,Essex,Gloucestershire,PI Walter,AJA Wheater,RF Higgins,1,0,,,,,,,,,,,,,
1271394,2021,2021-09-05,"County Ground, Chelmsford",2,66.1,66.1,Essex,Gloucestershire,PI Walter,AJA Wheater,Zafar Gohar,0,0,,,,,,,,,,,,,
1271394,2021,2021-09-05,"County Ground, Chelmsford",2,66.2,66.2,Essex,Gloucestershire,PI Walter,AJA Wheater,Zafar Gohar,0,0,,,,,,,,,,,,,
1271394,2021,2021-09-05,"County Ground, Chelmsford",2,66.3,66.3,Essex,Gloucestershire,PI Walter,AJA Wheater,Zafar Gohar,0,0,,,,,,,,,,,,,
1271394,2021,2021-09-05,"County Ground, Chelmsford",2,66.4,66.4,Essex,Gloucestershire,PI Walter,AJA Wheater,Zafar Gohar,0,0,,,,,,,,,,,,,
1271394,2021,2021-09-05,"County Ground, Chelmsford",2,66.5,66.5,Essex,Gloucestershire,PI Walter,AJA Wheater,Zafar Gohar,0,0,,,,,,,,,,,,,
1271394,2021,2021-09-05,"County Ground, Chelmsford",2,66.6,66.6,Essex,Gloucestershire,PI Walter,AJA Wheater,Zafar Gohar,0,0,,,,,,,,,,,,,
1271394,2021,2021-09-05,"County Ground, Chelmsford",2,67.1,67.1,Essex,Gloucestershire,AJA Wheater,PI Walter,RF Higgins,0,0,,,,,,,,,,,,,
1271394,2021,2021-09-05,"County Ground, Chelmsford",2,67.2,67.2,Essex,Gloucestershire,AJA Wheater,PI Walter,RF Higgins,0,0,,,,,,,,,,,,,
1271394,2021,2021-09-05,"County Ground, Chelmsford",2,67.3,67.3,Essex,Gloucestershire,AJA Wheater,PI Walter,RF Higgins,0,0,,,,,,,,,,,,,
1271394,2021,2021-09-05,"County Ground, Chelmsford",2,67.4,67.4,Essex,Gloucestershire,AJA Wheater,PI Walter,RF Higgins,0,0,,,,,,,,,,,,,
1271394,2021,2021-09-05,"County Ground, Chelmsford",2,67.5,67.5,Essex,Gloucestershire,AJA Wheater,PI Walter,RF Higgins,0,0,,,,,,,,,,,,,
1271394,2021,2021-09-05,"County Ground, Chelmsford",2,67.6,67.6,Essex,Gloucestershire,AJA Wheater,PI Walter,RF Higgins,0,0,,,,,,,,,,,,,
1271394,2021,2021-09-05,"County Ground, Chelmsford",2,68.1,68.1,Essex,Gloucestershire,PI Walter,AJA Wheater,Zafar Gohar,0,0,,,,,,,,,,,,,
1271394,2021,2021-09-05,"County Ground, Chelmsford",2,68.2,68.2,Essex,Gloucestershire,PI Walter,AJA Wheater,Zafar Gohar,0,0,,,,,,,,,,,,,
1271394,2021,2021-09-05,"County Ground, Chelmsford",2,68.3,68.3,Essex,Gloucestershire,PI Walter,AJA Wheater,Zafar Gohar,0,0,,,,,,,,,,,,,
1271394,2021,2021-09-05,"County Ground, Chelmsford",2,68.4,68.4,Essex,Gloucestershire,PI Walter,AJA Wheater,Zafar Gohar,0,0,,,,,,,,,,,,,
1271394,2021,2021-09-05,"County Ground, Chelmsford",2,68.5,68.5,Essex,Gloucestershire,PI Walter,AJA Wheater,Zafar Gohar,0,0,,,,,,,,,,,,,
1271394,2021,2021-09-05,"County Ground, Chelmsford",2,68.6,68.6,Essex,Gloucestershire,PI Walter,AJA Wheater,Zafar Gohar,0,0,,,,,,,,,,,,,
1271394,2021,2021-09-05,"County Ground, Chelmsford",2,69.1,69.1,Essex,Gloucestershire,AJA Wheater,PI Walter,TJ Price,4,0,,,,,,,,,,,,,
1271394,2021,2021-09-05,"County Ground, Chelmsford",2,69.2,69.2,Essex,Gloucestershire,AJA Wheater,PI Walter,TJ Price,0,0,,,,,,,,,,,,,
1271394,2021,2021-09-05,"County Ground, Chelmsford",2,69.3,69.3,Essex,Gloucestershire,AJA Wheater,PI Walter,TJ Price,0,0,,,,,,,caught,AJA Wheater,,,OJ Price,,
1271394,2021,2021-09-05,"County Ground, Chelmsford",2,69.4,69.4,Essex,Gloucestershire,SR Harmer,PI Walter,TJ Price,1,0,,,,,,,,,,,,,
1271394,2021,2021-09-05,"County Ground, Chelmsford",2,69.5,69.5,Essex,Gloucestershire,PI Walter,SR Harmer,TJ Price,0,0,,,,,,,,,,,,,
1271394,2021,2021-09-05,"County Ground, Chelmsford",2,69.6,69.6,Essex,Gloucestershire,PI Walter,SR Harmer,TJ Price,0,0,,,,,,,,,,,,,
1271394,2021,2021-09-05,"County Ground, Chelmsford",2,70.1,70.1,Essex,Gloucestershire,SR Harmer,PI Walter,Zafar Gohar,0,0,,,,,,,,,,,,,
1271394,2021,2021-09-05,"County Ground, Chelmsford",2,70.2,70.2,Essex,Gloucestershire,SR Harmer,PI Walter,Zafar Gohar,4,0,,,,,,,,,,,,,
1271394,2021,2021-09-05,"County Ground, Chelmsford",2,70.3,70.3,Essex,Gloucestershire,SR Harmer,PI Walter,Zafar Gohar,4,0,,,,,,,,,,,,,
1271394,2021,2021-09-05,"County Ground, Chelmsford",2,70.4,70.4,Essex,Gloucestershire,SR Harmer,PI Walter,Zafar Gohar,0,0,,,,,,,,,,,,,
1271394,2021,2021-09-05,"County Ground, Chelmsford",2,70.5,70.5,Essex,Gloucestershire,SR Harmer,PI Walter,Zafar Gohar,0,0,,,,,,,,,,,,,
1271394,2021,2021-09-05,"County Ground, Chelmsford",2,70.6,70.6,Essex,Gloucestershire,SR Harmer,PI Walter,Zafar Gohar,4,0,,,,,,,,,,,,,
1271394,2021,2021-09-05,"County Ground, Chelmsford",2,71.1,71.1,Essex,Gloucestershire,PI Walter,SR Harmer,TJ Price,0,0,,,,,,,,,,,,,
1271394,2021,2021-09-05,"County Ground, Chelmsford",2,71.2,71.2,Essex,Gloucestershire,PI Walter,SR Harmer,TJ Price,0,0,,,,,,,,,,,,,
1271394,2021,2021-09-05,"County Ground, Chelmsford",2,71.3,71.3,Essex,Gloucestershire,PI Walter,SR Harmer,TJ Price,2,0,,,,,,,,,,,,,
1271394,2021,2021-09-05,"County Ground, Chelmsford",2,71.4,71.4,Essex,Gloucestershire,PI Walter,SR Harmer,TJ Price,4,0,,,,,,,,,,,,,
1271394,2021,2021-09-05,"County Ground, Chelmsford",2,71.5,71.5,Essex,Gloucestershire,PI Walter,SR Harmer,TJ Price,0,0,,,,,,,,,,,,,
1271394,2021,2021-09-05,"County Ground, Chelmsford",2,71.6,71.6,Essex,Gloucestershire,PI Walter,SR Harmer,TJ Price,0,0,,,,,,,,,,,,,
1271394,2021,2021-09-05,"County Ground, Chelmsford",2,72.1,72.1,Essex,Gloucestershire,SR Harmer,PI Walter,Zafar Gohar,0,0,,,,,,,,,,,,,
1271394,2021,2021-09-05,"County Ground, Chelmsford",2,72.2,72.2,Essex,Gloucestershire,SR Harmer,PI Walter,Zafar Gohar,0,0,,,,,,,,,,,,,
1271394,2021,2021-09-05,"County Ground, Chelmsford",2,72.3,72.3,Essex,Gloucestershire,SR Harmer,PI Walter,Zafar Gohar,0,0,,,,,,,,,,,,,
1271394,2021,2021-09-05,"County Ground, Chelmsford",2,72.4,72.4,Essex,Gloucestershire,SR Harmer,PI Walter,Zafar Gohar,1,0,,,,,,,,,,,,,
1271394,2021,2021-09-05,"County Ground, Chelmsford",2,72.5,72.5,Essex,Gloucestershire,PI Walter,SR Harmer,Zafar Gohar,0,0,,,,,,,,,,,,,
1271394,2021,2021-09-05,"County Ground, Chelmsford",2,72.6,72.6,Essex,Gloucestershire,PI Walter,SR Harmer,Zafar Gohar,0,0,,,,,,,,,,,,,
1271394,2021,2021-09-05,"County Ground, Chelmsford",2,73.1,73.1,Essex,Gloucestershire,SR Harmer,PI Walter,TJ Price,3,0,,,,,,,,,,,,,
1271394,2021,2021-09-05,"County Ground, Chelmsford",2,73.2,73.2,Essex,Gloucestershire,PI Walter,SR Harmer,TJ Price,0,0,,,,,,,,,,,,,
1271394,2021,2021-09-05,"County Ground, Chelmsford",2,73.3,73.3,Essex,Gloucestershire,PI Walter,SR Harmer,TJ Price,0,1,,,,1,,,,,,,,,
1271394,2021,2021-09-05,"County Ground, Chelmsford",2,73.4,73.4,Essex,Gloucestershire,SR Harmer,PI Walter,TJ Price,0,0,,,,,,,,,,,,,
1271394,2021,2021-09-05,"County Ground, Chelmsford",2,73.5,73.5,Essex,Gloucestershire,SR Harmer,PI Walter,TJ Price,0,0,,,,,,,,,,,,,
1271394,2021,2021-09-05,"County Ground, Chelmsford",2,73.6,73.6,Essex,Gloucestershire,SR Harmer,PI Walter,TJ Price,0,0,,,,,,,,,,,,,
1271394,2021,2021-09-05,"County Ground, Chelmsford",2,74.1,74.1,Essex,Gloucestershire,PI Walter,SR Harmer,Zafar Gohar,0,0,,,,,,,,,,,,,
1271394,2021,2021-09-05,"County Ground, Chelmsford",2,74.2,74.2,Essex,Gloucestershire,PI Walter,SR Harmer,Zafar Gohar,4,0,,,,,,,,,,,,,
1271394,2021,2021-09-05,"County Ground, Chelmsford",2,74.3,74.3,Essex,Gloucestershire,PI Walter,SR Harmer,Zafar Gohar,0,0,,,,,,,,,,,,,
1271394,2021,2021-09-05,"County Ground, Chelmsford",2,74.4,74.4,Essex,Gloucestershire,PI Walter,SR Harmer,Zafar Gohar,0,0,,,,,,,,,,,,,
1271394,2021,2021-09-05,"County Ground, Chelmsford",2,74.5,74.5,Essex,Gloucestershire,PI Walter,SR Harmer,Zafar Gohar,2,0,,,,,,,,,,,,,
1271394,2021,2021-09-05,"County Ground, Chelmsford",2,74.6,74.6,Essex,Gloucestershire,PI Walter,SR Harmer,Zafar Gohar,0,0,,,,,,,,,,,,,
1271394,2021,2021-09-05,"County Ground, Chelmsford",2,75.1,75.1,Essex,Gloucestershire,SR Harmer,PI Walter,TJ Price,4,0,,,,,,,,,,,,,
1271394,2021,2021-09-05,"County Ground, Chelmsford",2,75.2,75.2,Essex,Gloucestershire,SR Harmer,PI Walter,TJ Price,0,0,,,,,,,,,,,,,
1271394,2021,2021-09-05,"County Ground, Chelmsford",2,75.3,75.3,Essex,Gloucestershire,SR Harmer,PI Walter,TJ Price,0,0,,,,,,,,,,,,,
1271394,2021,2021-09-05,"County Ground, Chelmsford",2,75.4,75.4,Essex,Gloucestershire,SR Harmer,PI Walter,TJ Price,0,0,,,,,,,,,,,,,
1271394,2021,2021-09-05,"County Ground, Chelmsford",2,75.5,75.5,Essex,Gloucestershire,SR Harmer,PI Walter,TJ Price,4,0,,,,,,,,,,,,,
1271394,2021,2021-09-05,"County Ground, Chelmsford",2,75.6,75.6,Essex,Gloucestershire,SR Harmer,PI Walter,TJ Price,0,0,,,,,,,,,,,,,
1271394,2021,2021-09-05,"County Ground, Chelmsford",2,76.1,76.1,Essex,Gloucestershire,PI Walter,SR Harmer,Zafar Gohar,1,0,,,,,,,,,,,,,
1271394,2021,2021-09-05,"County Ground, Chelmsford",2,76.2,76.2,Essex,Gloucestershire,SR Harmer,PI Walter,Zafar Gohar,0,0,,,,,,,,,,,,,
1271394,2021,2021-09-05,"County Ground, Chelmsford",2,76.3,76.3,Essex,Gloucestershire,SR Harmer,PI Walter,Zafar Gohar,0,0,,,,,,,,,,,,,
1271394,2021,2021-09-05,"County Ground, Chelmsford",2,76.4,76.4,Essex,Gloucestershire,SR Harmer,PI Walter,Zafar Gohar,1,0,,,,,,,,,,,,,
1271394,2021,2021-09-05,"County Ground, Chelmsford",2,76.5,76.5,Essex,Gloucestershire,PI Walter,SR Harmer,Zafar Gohar,4,0,,,,,,,,,,,,,
1271394,2021,2021-09-05,"County Ground, Chelmsford",2,76.6,76.6,Essex,Gloucestershire,PI Walter,SR Harmer,Zafar Gohar,0,0,,,,,,,,,,,,,
1271394,2021,2021-09-05,"County Ground, Chelmsford",2,77.1,77.1,Essex,Gloucestershire,SR Harmer,PI Walter,TJ Price,0,0,,,,,,,,,,,,,
1271394,2021,2021-09-05,"County Ground, Chelmsford",2,77.2,77.2,Essex,Gloucestershire,SR Harmer,PI Walter,TJ Price,0,0,,,,,,,,,,,,,
1271394,2021,2021-09-05,"County Ground, Chelmsford",2,77.3,77.3,Essex,Gloucestershire,SR Harmer,PI Walter,TJ Price,4,0,,,,,,,,,,,,,
1271394,2021,2021-09-05,"County Ground, Chelmsford",2,77.4,77.4,Essex,Gloucestershire,SR Harmer,PI Walter,TJ Price,0,0,,,,,,,,,,,,,
1271394,2021,2021-09-05,"County Ground, Chelmsford",2,77.5,77.5,Essex,Gloucestershire,SR Harmer,PI Walter,TJ Price,0,0,,,,,,,,,,,,,
1271394,2021,2021-09-05,"County Ground, Chelmsford",2,77.6,77.6,Essex,Gloucestershire,SR Harmer,PI Walter,TJ Price,0,0,,,,,,,,,,,,,
1271394,2021,2021-09-05,"County Ground, Chelmsford",2,78.1,78.1,Essex,Gloucestershire,PI Walter,SR Harmer,Zafar Gohar,0,0,,,,,,,,,,,,,
1271394,2021,2021-09-05,"County Ground, Chelmsford",2,78.2,78.2,Essex,Gloucestershire,PI Walter,SR Harmer,Zafar Gohar,0,0,,,,,,,,,,,,,
1271394,2021,2021-09-05,"County Ground, Chelmsford",2,78.3,78.3,Essex,Gloucestershire,PI Walter,SR Harmer,Zafar Gohar,0,0,,,,,,,,,,,,,
1271394,2021,2021-09-05,"County Ground, Chelmsford",2,78.4,78.4,Essex,Gloucestershire,PI Walter,SR Harmer,Zafar Gohar,1,0,,,,,,,,,,,,,
1271394,2021,2021-09-05,"County Ground, Chelmsford",2,78.5,78.5,Essex,Gloucestershire,SR Harmer,PI Walter,Zafar Gohar,1,0,,,,,,,,,,,,,
1271394,2021,2021-09-05,"County Ground, Chelmsford",2,78.6,78.6,Essex,Gloucestershire,PI Walter,SR Harmer,Zafar Gohar,0,0,,,,,,,,,,,,,
1271394,2021,2021-09-05,"County Ground, Chelmsford",2,79.1,79.1,Essex,Gloucestershire,SR Harmer,PI Walter,OJ Price,0,0,,,,,,,,,,,,,
1271394,2021,2021-09-05,"County Ground, Chelmsford",2,79.2,79.2,Essex,Gloucestershire,SR Harmer,PI Walter,OJ Price,0,0,,,,,,,,,,,,,
1271394,2021,2021-09-05,"County Ground, Chelmsford",2,79.3,79.3,Essex,Gloucestershire,SR Harmer,PI Walter,OJ Price,0,0,,,,,,,,,,,,,
1271394,2021,2021-09-05,"County Ground, Chelmsford",2,79.4,79.4,Essex,Gloucestershire,SR Harmer,PI Walter,OJ Price,1,0,,,,,,,,,,,,,
1271394,2021,2021-09-05,"County Ground, Chelmsford",2,79.5,79.5,Essex,Gloucestershire,PI Walter,SR Harmer,OJ Price,0,0,,,,,,,,,,,,,
1271394,2021,2021-09-05,"County Ground, Chelmsford",2,79.6,79.6,Essex,Gloucestershire,PI Walter,SR Harmer,OJ Price,0,0,,,,,,,,,,,,,
1271394,2021,2021-09-05,"County Ground, Chelmsford",2,80.1,80.1,Essex,Gloucestershire,SR Harmer,PI Walter,RF Higgins,0,0,,,,,,,,,,,,,
1271394,2021,2021-09-05,"County Ground, Chelmsford",2,80.2,80.2,Essex,Gloucestershire,SR Harmer,PI Walter,RF Higgins,0,0,,,,,,,,,,,,,
1271394,2021,2021-09-05,"County Ground, Chelmsford",2,80.3,80.3,Essex,Gloucestershire,SR Harmer,PI Walter,RF Higgins,0,0,,,,,,,,,,,,,
1271394,2021,2021-09-05,"County Ground, Chelmsford",2,80.4,80.4,Essex,Gloucestershire,SR Harmer,PI Walter,RF Higgins,0,0,,,,,,,,,,,,,
1271394,2021,2021-09-05,"County Ground, Chelmsford",2,80.5,80.5,Essex,Gloucestershire,SR Harmer,PI Walter,RF Higgins,0,0,,,,,,,,,,,,,
1271394,2021,2021-09-05,"County Ground, Chelmsford",2,80.6,80.6,Essex,Gloucestershire,SR Harmer,PI Walter,RF Higgins,2,0,,,,,,,,,,,,,
1271394,2021,2021-09-05,"County Ground, Chelmsford",2,81.1,81.1,Essex,Gloucestershire,PI Walter,SR Harmer,DA Payne,0,0,,,,,,,,,,,,,
1271394,2021,2021-09-05,"County Ground, Chelmsford",2,81.2,81.2,Essex,Gloucestershire,PI Walter,SR Harmer,DA Payne,1,0,,,,,,,,,,,,,
1271394,2021,2021-09-05,"County Ground, Chelmsford",2,81.3,81.3,Essex,Gloucestershire,SR Harmer,PI Walter,DA Payne,0,0,,,,,,,,,,,,,
1271394,2021,2021-09-05,"County Ground, Chelmsford",2,81.4,81.4,Essex,Gloucestershire,SR Harmer,PI Walter,DA Payne,4,0,,,,,,,,,,,,,
1271394,2021,2021-09-05,"County Ground, Chelmsford",2,81.5,81.5,Essex,Gloucestershire,SR Harmer,PI Walter,DA Payne,0,0,,,,,,,,,,,,,
1271394,2021,2021-09-05,"County Ground, Chelmsford",2,81.6,81.6,Essex,Gloucestershire,SR Harmer,PI Walter,DA Payne,0,0,,,,,,,,,,,,,
1271394,2021,2021-09-05,"County Ground, Chelmsford",2,82.1,82.1,Essex,Gloucestershire,PI Walter,SR Harmer,RF Higgins,0,0,,,,,,,,,,,,,
1271394,2021,2021-09-05,"County Ground, Chelmsford",2,82.2,82.2,Essex,Gloucestershire,PI Walter,SR Harmer,RF Higgins,0,0,,,,,,,,,,,,,
1271394,2021,2021-09-05,"County Ground, Chelmsford",2,82.3,82.3,Essex,Gloucestershire,PI Walter,SR Harmer,RF Higgins,0,0,,,,,,,,,,,,,
1271394,2021,2021-09-05,"County Ground, Chelmsford",2,82.4,82.4,Essex,Gloucestershire,PI Walter,SR Harmer,RF Higgins,0,0,,,,,,,,,,,,,
1271394,2021,2021-09-05,"County Ground, Chelmsford",2,82.5,82.5,Essex,Gloucestershire,PI Walter,SR Harmer,RF Higgins,0,0,,,,,,,,,,,,,
1271394,2021,2021-09-05,"County Ground, Chelmsford",2,82.6,82.6,Essex,Gloucestershire,PI Walter,SR Harmer,RF Higgins,0,0,,,,,,,,,,,,,
1271394,2021,2021-09-05,"County Ground, Chelmsford",2,83.1,83.1,Essex,Gloucestershire,SR Harmer,PI Walter,DA Payne,0,0,,,,,,,,,,,,,
1271394,2021,2021-09-05,"County Ground, Chelmsford",2,83.2,83.2,Essex,Gloucestershire,SR Harmer,PI Walter,DA Payne,0,0,,,,,,,,,,,,,
1271394,2021,2021-09-05,"County Ground, Chelmsford",2,83.3,83.3,Essex,Gloucestershire,SR Harmer,PI Walter,DA Payne,1,0,,,,,,,,,,,,,
1271394,2021,2021-09-05,"County Ground, Chelmsford",2,83.4,83.4,Essex,Gloucestershire,PI Walter,SR Harmer,DA Payne,0,0,,,,,,,,,,,,,
1271394,2021,2021-09-05,"County Ground, Chelmsford",2,83.5,83.5,Essex,Gloucestershire,PI Walter,SR Harmer,DA Payne,1,0,,,,,,,,,,,,,
1271394,2021,2021-09-05,"County Ground, Chelmsford",2,83.6,83.6,Essex,Gloucestershire,SR Harmer,PI Walter,DA Payne,1,0,,,,,,,,,,,,,
1271394,2021,2021-09-05,"County Ground, Chelmsford",2,84.1,84.1,Essex,Gloucestershire,SR Harmer,PI Walter,RF Higgins,0,0,,,,,,,,,,,,,
1271394,2021,2021-09-05,"County Ground, Chelmsford",2,84.2,84.2,Essex,Gloucestershire,SR Harmer,PI Walter,RF Higgins,0,2,,2,,,,,,,,,,,
1271394,2021,2021-09-05,"County Ground, Chelmsford",2,84.3,84.2,Essex,Gloucestershire,SR Harmer,PI Walter,RF Higgins,2,0,,,,,,,,,,,,,
1271394,2021,2021-09-05,"County Ground, Chelmsford",2,84.4,84.3,Essex,Gloucestershire,SR Harmer,PI Walter,RF Higgins,0,0,,,,,,,,,,,,,
1271394,2021,2021-09-05,"County Ground, Chelmsford",2,84.5,84.4,Essex,Gloucestershire,SR Harmer,PI Walter,RF Higgins,0,0,,,,,,,,,,,,,
1271394,2021,2021-09-05,"County Ground, Chelmsford",2,84.6,84.5,Essex,Gloucestershire,SR Harmer,PI Walter,RF Higgins,0,0,,,,,,,,,,,,,
1271394,2021,2021-09-05,"County Ground, Chelmsford",2,84.7,84.6,Essex,Gloucestershire,SR Harmer,PI Walter,RF Higgins,0,0,,,,,,,,,,,,,
1271394,2021,2021-09-05,"County Ground, Chelmsford",2,85.1,85.1,Essex,Gloucestershire,PI Walter,SR Harmer,DA Payne,0,0,,,,,,,,,,,,,
1271394,2021,2021-09-05,"County Ground, Chelmsford",2,85.2,85.2,Essex,Gloucestershire,PI Walter,SR Harmer,DA Payne,0,0,,,,,,,,,,,,,
1271394,2021,2021-09-05,"County Ground, Chelmsford",2,85.3,85.3,Essex,Gloucestershire,PI Walter,SR Harmer,DA Payne,1,0,,,,,,,,,,,,,
1271394,2021,2021-09-05,"County Ground, Chelmsford",2,85.4,85.4,Essex,Gloucestershire,SR Harmer,PI Walter,DA Payne,0,0,,,,,,,,,,,,,
1271394,2021,2021-09-05,"County Ground, Chelmsford",2,85.5,85.5,Essex,Gloucestershire,SR Harmer,PI Walter,DA Payne,1,0,,,,,,,,,,,,,
1271394,2021,2021-09-05,"County Ground, Chelmsford",2,85.6,85.6,Essex,Gloucestershire,PI Walter,SR Harmer,DA Payne,0,0,,,,,,,,,,,,,
1271394,2021,2021-09-05,"County Ground, Chelmsford",2,86.1,86.1,Essex,Gloucestershire,SR Harmer,PI Walter,RF Higgins,0,0,,,,,,,,,,,,,
1271394,2021,2021-09-05,"County Ground, Chelmsford",2,86.2,86.2,Essex,Gloucestershire,SR Harmer,PI Walter,RF Higgins,0,0,,,,,,,,,,,,,
1271394,2021,2021-09-05,"County Ground, Chelmsford",2,86.3,86.3,Essex,Gloucestershire,SR Harmer,PI Walter,RF Higgins,0,0,,,,,,,,,,,,,
1271394,2021,2021-09-05,"County Ground, Chelmsford",2,86.4,86.4,Essex,Gloucestershire,SR Harmer,PI Walter,RF Higgins,0,0,,,,,,,,,,,,,
1271394,2021,2021-09-05,"County Ground, Chelmsford",2,86.5,86.5,Essex,Gloucestershire,SR Harmer,PI Walter,RF Higgins,0,0,,,,,,,,,,,,,
1271394,2021,2021-09-05,"County Ground, Chelmsford",2,86.6,86.6,Essex,Gloucestershire,SR Harmer,PI Walter,RF Higgins,0,0,,,,,,,,,,,,,
1271394,2021,2021-09-05,"County Ground, Chelmsford",2,87.1,87.1,Essex,Gloucestershire,PI Walter,SR Harmer,DA Payne,0,0,,,,,,,,,,,,,
1271394,2021,2021-09-05,"County Ground, Chelmsford",2,87.2,87.2,Essex,Gloucestershire,PI Walter,SR Harmer,DA Payne,4,0,,,,,,,,,,,,,
1271394,2021,2021-09-05,"County Ground, Chelmsford",2,87.3,87.3,Essex,Gloucestershire,PI Walter,SR Harmer,DA Payne,0,0,,,,,,,,,,,,,
1271394,2021,2021-09-05,"County Ground, Chelmsford",2,87.4,87.4,Essex,Gloucestershire,PI Walter,SR Harmer,DA Payne,0,0,,,,,,,caught,PI Walter,,,TC Lace,,
1271394,2021,2021-09-05,"County Ground, Chelmsford",2,87.5,87.5,Essex,Gloucestershire,S Snater,SR Harmer,DA Payne,0,0,,,,,,,,,,,,,
1271394,2021,2021-09-05,"County Ground, Chelmsford",2,87.6,87.6,Essex,Gloucestershire,S Snater,SR Harmer,DA Payne,0,0,,,,,,,,,,,,,
1271394,2021,2021-09-05,"County Ground, Chelmsford",2,88.1,88.1,Essex,Gloucestershire,SR Harmer,S Snater,RF Higgins,2,0,,,,,,,,,,,,,
1271394,2021,2021-09-05,"County Ground, Chelmsford",2,88.2,88.2,Essex,Gloucestershire,SR Harmer,S Snater,RF Higgins,0,0,,,,,,,,,,,,,
1271394,2021,2021-09-05,"County Ground, Chelmsford",2,88.3,88.3,Essex,Gloucestershire,SR Harmer,S Snater,RF Higgins,0,0,,,,,,,,,,,,,
1271394,2021,2021-09-05,"County Ground, Chelmsford",2,88.4,88.4,Essex,Gloucestershire,SR Harmer,S Snater,RF Higgins,0,0,,,,,,,,,,,,,
1271394,2021,2021-09-05,"County Ground, Chelmsford",2,88.5,88.5,Essex,Gloucestershire,SR Harmer,S Snater,RF Higgins,0,0,,,,,,,caught,SR Harmer,,,TC Lace,,
1271394,2021,2021-09-05,"County Ground, Chelmsford",2,88.6,88.6,Essex,Gloucestershire,SJ Cook,S Snater,RF Higgins,0,0,,,,,,,,,,,,,
1271394,2021,2021-09-05,"County Ground, Chelmsford",2,89.1,89.1,Essex,Gloucestershire,S Snater,SJ Cook,DA Payne,0,0,,,,,,,,,,,,,
1271394,2021,2021-09-05,"County Ground, Chelmsford",2,89.2,89.2,Essex,Gloucestershire,S Snater,SJ Cook,DA Payne,0,0,,,,,,,,,,,,,
1271394,2021,2021-09-05,"County Ground, Chelmsford",2,89.3,89.3,Essex,Gloucestershire,S Snater,SJ Cook,DA Payne,0,0,,,,,,,,,,,,,
1271394,2021,2021-09-05,"County Ground, Chelmsford",2,89.4,89.4,Essex,Gloucestershire,S Snater,SJ Cook,DA Payne,1,0,,,,,,,,,,,,,
1271394,2021,2021-09-05,"County Ground, Chelmsford",2,89.5,89.5,Essex,Gloucestershire,SJ Cook,S Snater,DA Payne,0,0,,,,,,,,,,,,,
1271394,2021,2021-09-05,"County Ground, Chelmsford",2,89.6,89.6,Essex,Gloucestershire,SJ Cook,S Snater,DA Payne,1,0,,,,,,,,,,,,,
1271394,2021,2021-09-05,"County Ground, Chelmsford",2,90.1,90.1,Essex,Gloucestershire,SJ Cook,S Snater,RF Higgins,0,0,,,,,,,,,,,,,
1271394,2021,2021-09-05,"County Ground, Chelmsford",2,90.2,90.2,Essex,Gloucestershire,SJ Cook,S Snater,RF Higgins,0,0,,,,,,,,,,,,,
1271394,2021,2021-09-05,"County Ground, Chelmsford",2,90.3,90.3,Essex,Gloucestershire,SJ Cook,S Snater,RF Higgins,2,0,,,,,,,,,,,,,
1271394,2021,2021-09-05,"County Ground, Chelmsford",2,90.4,90.4,Essex,Gloucestershire,SJ Cook,S Snater,RF Higgins,0,0,,,,,,,,,,,,,
1271394,2021,2021-09-05,"County Ground, Chelmsford",2,90.5,90.5,Essex,Gloucestershire,SJ Cook,S Snater,RF Higgins,0,0,,,,,,,,,,,,,
1271394,2021,2021-09-05,"County Ground, Chelmsford",2,90.6,90.6,Essex,Gloucestershire,SJ Cook,S Snater,RF Higgins,0,0,,,,,,,,,,,,,
1271394,2021,2021-09-05,"County Ground, Chelmsford",2,91.1,91.1,Essex,Gloucestershire,S Snater,SJ Cook,DA Payne,0,0,,,,,,,,,,,,,
1271394,2021,2021-09-05,"County Ground, Chelmsford",2,91.2,91.2,Essex,Gloucestershire,S Snater,SJ Cook,DA Payne,1,0,,,,,,,,,,,,,
1271394,2021,2021-09-05,"County Ground, Chelmsford",2,91.3,91.3,Essex,Gloucestershire,SJ Cook,S Snater,DA Payne,4,0,,,,,,,,,,,,,
1271394,2021,2021-09-05,"County Ground, Chelmsford",2,91.4,91.4,Essex,Gloucestershire,SJ Cook,S Snater,DA Payne,0,0,,,,,,,,,,,,,
1271394,2021,2021-09-05,"County Ground, Chelmsford",2,91.5,91.5,Essex,Gloucestershire,SJ Cook,S Snater,DA Payne,0,0,,,,,,,,,,,,,
1271394,2021,2021-09-05,"County Ground, Chelmsford",2,91.6,91.6,Essex,Gloucestershire,SJ Cook,S Snater,DA Payne,0,0,,,,,,,,,,,,,
1271394,2021,2021-09-05,"County Ground, Chelmsford",2,92.1,92.1,Essex,Gloucestershire,S Snater,SJ Cook,RF Higgins,0,0,,,,,,,,,,,,,
1271394,2021,2021-09-05,"County Ground, Chelmsford",2,92.2,92.2,Essex,Gloucestershire,S Snater,SJ Cook,RF Higgins,0,0,,,,,,,,,,,,,
1271394,2021,2021-09-05,"County Ground, Chelmsford",2,92.3,92.3,Essex,Gloucestershire,S Snater,SJ Cook,RF Higgins,0,0,,,,,,,,,,,,,
1271394,2021,2021-09-05,"County Ground, Chelmsford",2,92.4,92.4,Essex,Gloucestershire,S Snater,SJ Cook,RF Higgins,0,0,,,,,,,,,,,,,
1271394,2021,2021-09-05,"County Ground, Chelmsford",2,92.5,92.5,Essex,Gloucestershire,S Snater,SJ Cook,RF Higgins,1,0,,,,,,,,,,,,,
1271394,2021,2021-09-05,"County Ground, Chelmsford",2,92.6,92.6,Essex,Gloucestershire,SJ Cook,S Snater,RF Higgins,0,0,,,,,,,,,,,,,
1271394,2021,2021-09-05,"County Ground, Chelmsford",2,93.1,93.1,Essex,Gloucestershire,S Snater,SJ Cook,DA Payne,0,0,,,,,,,,,,,,,
1271394,2021,2021-09-05,"County Ground, Chelmsford",2,93.2,93.2,Essex,Gloucestershire,S Snater,SJ Cook,DA Payne,0,0,,,,,,,,,,,,,
1271394,2021,2021-09-05,"County Ground, Chelmsford",2,93.3,93.3,Essex,Gloucestershire,S Snater,SJ Cook,DA Payne,0,0,,,,,,,,,,,,,
1271394,2021,2021-09-05,"County Ground, Chelmsford",2,93.4,93.4,Essex,Gloucestershire,S Snater,SJ Cook,DA Payne,6,0,,,,,,,,,,,,,
1271394,2021,2021-09-05,"County Ground, Chelmsford",2,93.5,93.5,Essex,Gloucestershire,S Snater,SJ Cook,DA Payne,0,0,,,,,,,,,,,,,
1271394,2021,2021-09-05,"County Ground, Chelmsford",2,93.6,93.6,Essex,Gloucestershire,S Snater,SJ Cook,DA Payne,1,0,,,,,,,,,,,,,
1271394,2021,2021-09-05,"County Ground, Chelmsford",2,94.1,94.1,Essex,Gloucestershire,S Snater,SJ Cook,Zafar Gohar,0,0,,,,,,,,,,,,,
1271394,2021,2021-09-05,"County Ground, Chelmsford",2,94.2,94.2,Essex,Gloucestershire,S Snater,SJ Cook,Zafar Gohar,0,0,,,,,,,caught,S Snater,,,Miles Hammond,,
1271394,2021,2021-09-05,"County Ground, Chelmsford",2,94.3,94.3,Essex,Gloucestershire,JA Porter,SJ Cook,Zafar Gohar,0,0,,,,,,,,,,,,,
1271394,2021,2021-09-05,"County Ground, Chelmsford",2,94.4,94.4,Essex,Gloucestershire,JA Porter,SJ Cook,Zafar Gohar,0,0,,,,,,,,,,,,,
1271394,2021,2021-09-05,"County Ground, Chelmsford",2,94.5,94.5,Essex,Gloucestershire,JA Porter,SJ Cook,Zafar Gohar,1,0,,,,,,,,,,,,,
1271394,2021,2021-09-05,"County Ground, Chelmsford",2,94.6,94.6,Essex,Gloucestershire,SJ Cook,JA Porter,Zafar Gohar,0,0,,,,,,,,,,,,,
1271394,2021,2021-09-05,"County Ground, Chelmsford",2,95.1,95.1,Essex,Gloucestershire,JA Porter,SJ Cook,TJ Price,0,0,,,,,,,,,,,,,
1271394,2021,2021-09-05,"County Ground, Chelmsford",2,95.2,95.2,Essex,Gloucestershire,JA Porter,SJ Cook,TJ Price,0,0,,,,,,,,,,,,,
1271394,2021,2021-09-05,"County Ground, Chelmsford",2,95.3,95.3,Essex,Gloucestershire,JA Porter,SJ Cook,TJ Price,1,0,,,,,,,,,,,,,
1271394,2021,2021-09-05,"County Ground, Chelmsford",2,95.4,95.4,Essex,Gloucestershire,SJ Cook,JA Porter,TJ Price,0,0,,,,,,,,,,,,,
1271394,2021,2021-09-05,"County Ground, Chelmsford",2,95.5,95.5,Essex,Gloucestershire,SJ Cook,JA Porter,TJ Price,0,0,,,,,,,,,,,,,
1271394,2021,2021-09-05,"County Ground, Chelmsford",2,95.6,95.6,Essex,Gloucestershire,SJ Cook,JA Porter,TJ Price,0,0,,,,,,,,,,,,,
1271394,2021,2021-09-05,"County Ground, Chelmsford",2,96.1,96.1,Essex,Gloucestershire,JA Porter,SJ Cook,Zafar Gohar,0,0,,,,,,,,,,,,,
1271394,2021,2021-09-05,"County Ground, Chelmsford",2,96.2,96.2,Essex,Gloucestershire,JA Porter,SJ Cook,Zafar Gohar,0,0,,,,,,,,,,,,,
1271394,2021,2021-09-05,"County Ground, Chelmsford",2,96.3,96.3,Essex,Gloucestershire,JA Porter,SJ Cook,Zafar Gohar,0,0,,,,,,,,,,,,,
1271394,2021,2021-09-05,"County Ground, Chelmsford",2,96.4,96.4,Essex,Gloucestershire,JA Porter,SJ Cook,Zafar Gohar,0,0,,,,,,,,,,,,,
1271394,2021,2021-09-05,"County Ground, Chelmsford",2,96.5,96.5,Essex,Gloucestershire,JA Porter,SJ Cook,Zafar Gohar,0,0,,,,,,,,,,,,,
1271394,2021,2021-09-05,"County Ground, Chelmsford",2,96.6,96.6,Essex,Gloucestershire,JA Porter,SJ Cook,Zafar Gohar,0,0,,,,,,,,,,,,,
1271394,2021,2021-09-05,"County Ground, Chelmsford",2,97.1,97.1,Essex,Gloucestershire,SJ Cook,JA Porter,TJ Price,0,0,,,,,,,,,,,,,
1271394,2021,2021-09-05,"County Ground, Chelmsford",2,97.2,97.2,Essex,Gloucestershire,SJ Cook,JA Porter,TJ Price,0,0,,,,,,,,,,,,,
1271394,2021,2021-09-05,"County Ground, Chelmsford",2,97.3,97.3,Essex,Gloucestershire,SJ Cook,JA Porter,TJ Price,1,0,,,,,,,,,,,,,
1271394,2021,2021-09-05,"County Ground, Chelmsford",2,97.4,97.4,Essex,Gloucestershire,JA Porter,SJ Cook,TJ Price,0,0,,,,,,,,,,,,,
1271394,2021,2021-09-05,"County Ground, Chelmsford",2,97.5,97.5,Essex,Gloucestershire,JA Porter,SJ Cook,TJ Price,0,0,,,,,,,,,,,,,
1271394,2021,2021-09-05,"County Ground, Chelmsford",2,97.6,97.6,Essex,Gloucestershire,JA Porter,SJ Cook,TJ Price,0,0,,,,,,,,,,,,,
1271394,2021,2021-09-05,"County Ground, Chelmsford",2,98.1,98.1,Essex,Gloucestershire,SJ Cook,JA Porter,Zafar Gohar,0,0,,,,,,,,,,,,,
1271394,2021,2021-09-05,"County Ground, Chelmsford",2,98.2,98.2,Essex,Gloucestershire,SJ Cook,JA Porter,Zafar Gohar,0,0,,,,,,,,,,,,,
1271394,2021,2021-09-05,"County Ground, Chelmsford",2,98.3,98.3,Essex,Gloucestershire,SJ Cook,JA Porter,Zafar Gohar,0,0,,,,,,,,,,,,,
1271394,2021,2021-09-05,"County Ground, Chelmsford",2,98.4,98.4,Essex,Gloucestershire,SJ Cook,JA Porter,Zafar Gohar,0,0,,,,,,,,,,,,,
1271394,2021,2021-09-05,"County Ground, Chelmsford",2,98.5,98.5,Essex,Gloucestershire,SJ Cook,JA Porter,Zafar Gohar,2,0,,,,,,,,,,,,,
1271394,2021,2021-09-05,"County Ground, Chelmsford",2,98.6,98.6,Essex,Gloucestershire,SJ Cook,JA Porter,Zafar Gohar,2,0,,,,,,,,,,,,,
1271394,2021,2021-09-05,"County Ground, Chelmsford",2,99.1,99.1,Essex,Gloucestershire,JA Porter,SJ Cook,TJ Price,0,0,,,,,,,,,,,,,
1271394,2021,2021-09-05,"County Ground, Chelmsford",2,99.2,99.2,Essex,Gloucestershire,JA Porter,SJ Cook,TJ Price,0,0,,,,,,,,,,,,,
1271394,2021,2021-09-05,"County Ground, Chelmsford",2,99.3,99.3,Essex,Gloucestershire,JA Porter,SJ Cook,TJ Price,0,0,,,,,,,,,,,,,
1271394,2021,2021-09-05,"County Ground, Chelmsford",2,99.4,99.4,Essex,Gloucestershire,JA Porter,SJ Cook,TJ Price,0,0,,,,,,,,,,,,,
1271394,2021,2021-09-05,"County Ground, Chelmsford",2,99.5,99.5,Essex,Gloucestershire,JA Porter,SJ Cook,TJ Price,4,0,,,,,,,,,,,,,
1271394,2021,2021-09-05,"County Ground, Chelmsford",2,99.6,99.6,Essex,Gloucestershire,JA Porter,SJ Cook,TJ Price,0,0,,,,,,,,,,,,,
1271394,2021,2021-09-05,"County Ground, Chelmsford",2,100.1,100.1,Essex,Gloucestershire,SJ Cook,JA Porter,Zafar Gohar,0,0,,,,,,,,,,,,,
1271394,2021,2021-09-05,"County Ground, Chelmsford",2,100.2,100.2,Essex,Gloucestershire,SJ Cook,JA Porter,Zafar Gohar,0,0,,,,,,,,,,,,,
1271394,2021,2021-09-05,"County Ground, Chelmsford",2,100.3,100.3,Essex,Gloucestershire,SJ Cook,JA Porter,Zafar Gohar,4,0,,,,,,,,,,,,,
1271394,2021,2021-09-05,"County Ground, Chelmsford",2,100.4,100.4,Essex,Gloucestershire,SJ Cook,JA Porter,Zafar Gohar,0,0,,,,,,,,,,,,,
1271394,2021,2021-09-05,"County Ground, Chelmsford",2,100.5,100.5,Essex,Gloucestershire,SJ Cook,JA Porter,Zafar Gohar,1,0,,,,,,,,,,,,,
1271394,2021,2021-09-05,"County Ground, Chelmsford",2,100.6,100.6,Essex,Gloucestershire,JA Porter,SJ Cook,Zafar Gohar,2,0,,,,,,,,,,,,,
1271394,2021,2021-09-05,"County Ground, Chelmsford",2,101.1,101.1,Essex,Gloucestershire,SJ Cook,JA Porter,TJ Price,4,0,,,,,,,,,,,,,
1271394,2021,2021-09-05,"County Ground, Chelmsford",2,101.2,101.2,Essex,Gloucestershire,SJ Cook,JA Porter,TJ Price,1,0,,,,,,,,,,,,,
1271394,2021,2021-09-05,"County Ground, Chelmsford",2,101.3,101.3,Essex,Gloucestershire,JA Porter,SJ Cook,TJ Price,2,0,,,,,,,,,,,,,
1271394,2021,2021-09-05,"County Ground, Chelmsford",2,101.4,101.4,Essex,Gloucestershire,JA Porter,SJ Cook,TJ Price,0,0,,,,,,,,,,,,,
1271394,2021,2021-09-05,"County Ground, Chelmsford",2,101.5,101.5,Essex,Gloucestershire,JA Porter,SJ Cook,TJ Price,0,0,,,,,,,,,,,,,
1271394,2021,2021-09-05,"County Ground, Chelmsford",2,101.6,101.6,Essex,Gloucestershire,JA Porter,SJ Cook,TJ Price,1,0,,,,,,,,,,,,,
1271394,2021,2021-09-05,"County Ground, Chelmsford",2,102.1,102.1,Essex,Gloucestershire,JA Porter,SJ Cook,Zafar Gohar,0,0,,,,,,,,,,,,,
1271394,2021,2021-09-05,"County Ground, Chelmsford",2,102.2,102.2,Essex,Gloucestershire,JA Porter,SJ Cook,Zafar Gohar,0,0,,,,,,,,,,,,,
1271394,2021,2021-09-05,"County Ground, Chelmsford",2,102.3,102.3,Essex,Gloucestershire,JA Porter,SJ Cook,Zafar Gohar,6,0,,,,,,,,,,,,,
1271394,2021,2021-09-05,"County Ground, Chelmsford",2,102.4,102.4,Essex,Gloucestershire,JA Porter,SJ Cook,Zafar Gohar,0,0,,,,,,,caught,JA Porter,,,DA Payne,,
1271394,2021,2021-09-05,"County Ground, Chelmsford",3,0.1,0.1,Gloucestershire,Essex,BG Charlesworth,Miles Hammond,JA Porter,0,0,,,,,,,,,,,,,
1271394,2021,2021-09-05,"County Ground, Chelmsford",3,0.2,0.2,Gloucestershire,Essex,BG Charlesworth,Miles Hammond,JA Porter,0,0,,,,,,,,,,,,,
1271394,2021,2021-09-05,"County Ground, Chelmsford",3,0.3,0.3,Gloucestershire,Essex,BG Charlesworth,Miles Hammond,JA Porter,1,0,,,,,,,,,,,,,
1271394,2021,2021-09-05,"County Ground, Chelmsford",3,0.4,0.4,Gloucestershire,Essex,Miles Hammond,BG Charlesworth,JA Porter,0,0,,,,,,,,,,,,,
1271394,2021,2021-09-05,"County Ground, Chelmsford",3,0.5,0.5,Gloucestershire,Essex,Miles Hammond,BG Charlesworth,JA Porter,0,0,,,,,,,,,,,,,
1271394,2021,2021-09-05,"County Ground, Chelmsford",3,0.6,0.6,Gloucestershire,Essex,Miles Hammond,BG Charlesworth,JA Porter,1,0,,,,,,,,,,,,,
1271394,2021,2021-09-05,"County Ground, Chelmsford",3,1.1,1.1,Gloucestershire,Essex,Miles Hammond,BG Charlesworth,SJ Cook,1,0,,,,,,,,,,,,,
1271394,2021,2021-09-05,"County Ground, Chelmsford",3,1.2,1.2,Gloucestershire,Essex,BG Charlesworth,Miles Hammond,SJ Cook,0,0,,,,,,,,,,,,,
1271394,2021,2021-09-05,"County Ground, Chelmsford",3,1.3,1.3,Gloucestershire,Essex,BG Charlesworth,Miles Hammond,SJ Cook,0,0,,,,,,,,,,,,,
1271394,2021,2021-09-05,"County Ground, Chelmsford",3,1.4,1.4,Gloucestershire,Essex,BG Charlesworth,Miles Hammond,SJ Cook,4,0,,,,,,,,,,,,,
1271394,2021,2021-09-05,"County Ground, Chelmsford",3,1.5,1.5,Gloucestershire,Essex,BG Charlesworth,Miles Hammond,SJ Cook,1,0,,,,,,,,,,,,,
1271394,2021,2021-09-05,"County Ground, Chelmsford",3,1.6,1.6,Gloucestershire,Essex,Miles Hammond,BG Charlesworth,SJ Cook,0,0,,,,,,,,,,,,,
1271394,2021,2021-09-05,"County Ground, Chelmsford",3,2.1,2.1,Gloucestershire,Essex,BG Charlesworth,Miles Hammond,JA Porter,0,0,,,,,,,,,,,,,
1271394,2021,2021-09-05,"County Ground, Chelmsford",3,2.2,2.2,Gloucestershire,Essex,BG Charlesworth,Miles Hammond,JA Porter,1,0,,,,,,,,,,,,,
1271394,2021,2021-09-05,"County Ground, Chelmsford",3,2.3,2.3,Gloucestershire,Essex,Miles Hammond,BG Charlesworth,JA Porter,0,0,,,,,,,,,,,,,
1271394,2021,2021-09-05,"County Ground, Chelmsford",3,2.4,2.4,Gloucestershire,Essex,Miles Hammond,BG Charlesworth,JA Porter,0,0,,,,,,,,,,,,,
1271394,2021,2021-09-05,"County Ground, Chelmsford",3,2.5,2.5,Gloucestershire,Essex,Miles Hammond,BG Charlesworth,JA Porter,0,0,,,,,,,,,,,,,
1271394,2021,2021-09-05,"County Ground, Chelmsford",3,2.6,2.6,Gloucestershire,Essex,Miles Hammond,BG Charlesworth,JA Porter,4,0,,,,,,,,,,,,,
1271394,2021,2021-09-05,"County Ground, Chelmsford",3,3.1,3.1,Gloucestershire,Essex,BG Charlesworth,Miles Hammond,SJ Cook,0,0,,,,,,,,,,,,,
1271394,2021,2021-09-05,"County Ground, Chelmsford",3,3.2,3.2,Gloucestershire,Essex,BG Charlesworth,Miles Hammond,SJ Cook,0,0,,,,,,,,,,,,,
1271394,2021,2021-09-05,"County Ground, Chelmsford",3,3.3,3.3,Gloucestershire,Essex,BG Charlesworth,Miles Hammond,SJ Cook,0,0,,,,,,,,,,,,,
1271394,2021,2021-09-05,"County Ground, Chelmsford",3,3.4,3.4,Gloucestershire,Essex,BG Charlesworth,Miles Hammond,SJ Cook,0,0,,,,,,,,,,,,,
1271394,2021,2021-09-05,"County Ground, Chelmsford",3,3.5,3.5,Gloucestershire,Essex,BG Charlesworth,Miles Hammond,SJ Cook,4,0,,,,,,,,,,,,,
1271394,2021,2021-09-05,"County Ground, Chelmsford",3,3.6,3.6,Gloucestershire,Essex,BG Charlesworth,Miles Hammond,SJ Cook,0,0,,,,,,,,,,,,,
1271394,2021,2021-09-05,"County Ground, Chelmsford",3,4.1,4.1,Gloucestershire,Essex,Miles Hammond,BG Charlesworth,JA Porter,0,0,,,,,,,,,,,,,
1271394,2021,2021-09-05,"County Ground, Chelmsford",3,4.2,4.2,Gloucestershire,Essex,Miles Hammond,BG Charlesworth,JA Porter,0,0,,,,,,,,,,,,,
1271394,2021,2021-09-05,"County Ground, Chelmsford",3,4.3,4.3,Gloucestershire,Essex,Miles Hammond,BG Charlesworth,JA Porter,0,0,,,,,,,,,,,,,
1271394,2021,2021-09-05,"County Ground, Chelmsford",3,4.4,4.4,Gloucestershire,Essex,Miles Hammond,BG Charlesworth,JA Porter,0,0,,,,,,,,,,,,,
1271394,2021,2021-09-05,"County Ground, Chelmsford",3,4.5,4.5,Gloucestershire,Essex,Miles Hammond,BG Charlesworth,JA Porter,0,0,,,,,,,,,,,,,
1271394,2021,2021-09-05,"County Ground, Chelmsford",3,4.6,4.6,Gloucestershire,Essex,Miles Hammond,BG Charlesworth,JA Porter,0,0,,,,,,,,,,,,,
1271394,2021,2021-09-05,"County Ground, Chelmsford",3,5.1,5.1,Gloucestershire,Essex,BG Charlesworth,Miles Hammond,SJ Cook,0,0,,,,,,,,,,,,,
1271394,2021,2021-09-05,"County Ground, Chelmsford",3,5.2,5.2,Gloucestershire,Essex,BG Charlesworth,Miles Hammond,SJ Cook,0,0,,,,,,,,,,,,,
1271394,2021,2021-09-05,"County Ground, Chelmsford",3,5.3,5.3,Gloucestershire,Essex,BG Charlesworth,Miles Hammond,SJ Cook,0,0,,,,,,,,,,,,,
1271394,2021,2021-09-05,"County Ground, Chelmsford",3,5.4,5.4,Gloucestershire,Essex,BG Charlesworth,Miles Hammond,SJ Cook,0,0,,,,,,,,,,,,,
1271394,2021,2021-09-05,"County Ground, Chelmsford",3,5.5,5.5,Gloucestershire,Essex,BG Charlesworth,Miles Hammond,SJ Cook,0,0,,,,,,,,,,,,,
1271394,2021,2021-09-05,"County Ground, Chelmsford",3,5.6,5.6,Gloucestershire,Essex,BG Charlesworth,Miles Hammond,SJ Cook,0,0,,,,,,,,,,,,,
1271394,2021,2021-09-05,"County Ground, Chelmsford",3,6.1,6.1,Gloucestershire,Essex,Miles Hammond,BG Charlesworth,JA Porter,0,0,,,,,,,,,,,,,
1271394,2021,2021-09-05,"County Ground, Chelmsford",3,6.2,6.2,Gloucestershire,Essex,Miles Hammond,BG Charlesworth,JA Porter,0,0,,,,,,,,,,,,,
1271394,2021,2021-09-05,"County Ground, Chelmsford",3,6.3,6.3,Gloucestershire,Essex,Miles Hammond,BG Charlesworth,JA Porter,2,0,,,,,,,,,,,,,
1271394,2021,2021-09-05,"County Ground, Chelmsford",3,6.4,6.4,Gloucestershire,Essex,Miles Hammond,BG Charlesworth,JA Porter,0,0,,,,,,,,,,,,,
1271394,2021,2021-09-05,"County Ground, Chelmsford",3,6.5,6.5,Gloucestershire,Essex,Miles Hammond,BG Charlesworth,JA Porter,0,0,,,,,,,,,,,,,
1271394,2021,2021-09-05,"County Ground, Chelmsford",3,6.6,6.6,Gloucestershire,Essex,Miles Hammond,BG Charlesworth,JA Porter,4,0,,,,,,,,,,,,,
1271394,2021,2021-09-05,"County Ground, Chelmsford",3,7.1,7.1,Gloucestershire,Essex,BG Charlesworth,Miles Hammond,SJ Cook,0,0,,,,,,,,,,,,,
1271394,2021,2021-09-05,"County Ground, Chelmsford",3,7.2,7.2,Gloucestershire,Essex,BG Charlesworth,Miles Hammond,SJ Cook,0,0,,,,,,,,,,,,,
1271394,2021,2021-09-05,"County Ground, Chelmsford",3,7.3,7.3,Gloucestershire,Essex,BG Charlesworth,Miles Hammond,SJ Cook,2,0,,,,,,,,,,,,,
1271394,2021,2021-09-05,"County Ground, Chelmsford",3,7.4,7.4,Gloucestershire,Essex,BG Charlesworth,Miles Hammond,SJ Cook,0,0,,,,,,,,,,,,,
1271394,2021,2021-09-05,"County Ground, Chelmsford",3,7.5,7.5,Gloucestershire,Essex,BG Charlesworth,Miles Hammond,SJ Cook,0,0,,,,,,,,,,,,,
1271394,2021,2021-09-05,"County Ground, Chelmsford",3,7.6,7.6,Gloucestershire,Essex,BG Charlesworth,Miles Hammond,SJ Cook,0,0,,,,,,,,,,,,,
1271394,2021,2021-09-05,"County Ground, Chelmsford",3,8.1,8.1,Gloucestershire,Essex,Miles Hammond,BG Charlesworth,JA Porter,0,0,,,,,,,,,,,,,
1271394,2021,2021-09-05,"County Ground, Chelmsford",3,8.2,8.2,Gloucestershire,Essex,Miles Hammond,BG Charlesworth,JA Porter,2,0,,,,,,,,,,,,,
1271394,2021,2021-09-05,"County Ground, Chelmsford",3,8.3,8.3,Gloucestershire,Essex,Miles Hammond,BG Charlesworth,JA Porter,0,0,,,,,,,,,,,,,
1271394,2021,2021-09-05,"County Ground, Chelmsford",3,8.4,8.4,Gloucestershire,Essex,Miles Hammond,BG Charlesworth,JA Porter,0,0,,,,,,,,,,,,,
1271394,2021,2021-09-05,"County Ground, Chelmsford",3,8.5,8.5,Gloucestershire,Essex,Miles Hammond,BG Charlesworth,JA Porter,0,0,,,,,,,,,,,,,
1271394,2021,2021-09-05,"County Ground, Chelmsford",3,8.6,8.6,Gloucestershire,Essex,Miles Hammond,BG Charlesworth,JA Porter,0,0,,,,,,,,,,,,,
1271394,2021,2021-09-05,"County Ground, Chelmsford",3,9.1,9.1,Gloucestershire,Essex,BG Charlesworth,Miles Hammond,SR Harmer,0,0,,,,,,,,,,,,,
1271394,2021,2021-09-05,"County Ground, Chelmsford",3,9.2,9.2,Gloucestershire,Essex,BG Charlesworth,Miles Hammond,SR Harmer,3,0,,,,,,,,,,,,,
1271394,2021,2021-09-05,"County Ground, Chelmsford",3,9.3,9.3,Gloucestershire,Essex,Miles Hammond,BG Charlesworth,SR Harmer,0,0,,,,,,,,,,,,,
1271394,2021,2021-09-05,"County Ground, Chelmsford",3,9.4,9.4,Gloucestershire,Essex,Miles Hammond,BG Charlesworth,SR Harmer,0,0,,,,,,,,,,,,,
1271394,2021,2021-09-05,"County Ground, Chelmsford",3,9.5,9.5,Gloucestershire,Essex,Miles Hammond,BG Charlesworth,SR Harmer,0,0,,,,,,,,,,,,,
1271394,2021,2021-09-05,"County Ground, Chelmsford",3,9.6,9.6,Gloucestershire,Essex,Miles Hammond,BG Charlesworth,SR Harmer,0,0,,,,,,,,,,,,,
1271394,2021,2021-09-05,"County Ground, Chelmsford",3,10.1,10.1,Gloucestershire,Essex,BG Charlesworth,Miles Hammond,S Snater,0,0,,,,,,,,,,,,,
1271394,2021,2021-09-05,"County Ground, Chelmsford",3,10.2,10.2,Gloucestershire,Essex,BG Charlesworth,Miles Hammond,S Snater,2,0,,,,,,,,,,,,,
1271394,2021,2021-09-05,"County Ground, Chelmsford",3,10.3,10.3,Gloucestershire,Essex,BG Charlesworth,Miles Hammond,S Snater,0,0,,,,,,,,,,,,,
1271394,2021,2021-09-05,"County Ground, Chelmsford",3,10.4,10.4,Gloucestershire,Essex,BG Charlesworth,Miles Hammond,S Snater,0,0,,,,,,,,,,,,,
1271394,2021,2021-09-05,"County Ground, Chelmsford",3,10.5,10.5,Gloucestershire,Essex,BG Charlesworth,Miles Hammond,S Snater,0,0,,,,,,,,,,,,,
1271394,2021,2021-09-05,"County Ground, Chelmsford",3,10.6,10.6,Gloucestershire,Essex,BG Charlesworth,Miles Hammond,S Snater,0,0,,,,,,,,,,,,,
1271394,2021,2021-09-05,"County Ground, Chelmsford",3,11.1,11.1,Gloucestershire,Essex,Miles Hammond,BG Charlesworth,SR Harmer,0,0,,,,,,,,,,,,,
1271394,2021,2021-09-05,"County Ground, Chelmsford",3,11.2,11.2,Gloucestershire,Essex,Miles Hammond,BG Charlesworth,SR Harmer,1,0,,,,,,,,,,,,,
1271394,2021,2021-09-05,"County Ground, Chelmsford",3,11.3,11.3,Gloucestershire,Essex,BG Charlesworth,Miles Hammond,SR Harmer,0,0,,,,,,,,,,,,,
1271394,2021,2021-09-05,"County Ground, Chelmsford",3,11.4,11.4,Gloucestershire,Essex,BG Charlesworth,Miles Hammond,SR Harmer,0,0,,,,,,,,,,,,,
1271394,2021,2021-09-05,"County Ground, Chelmsford",3,11.5,11.5,Gloucestershire,Essex,BG Charlesworth,Miles Hammond,SR Harmer,0,0,,,,,,,,,,,,,
1271394,2021,2021-09-05,"County Ground, Chelmsford",3,11.6,11.6,Gloucestershire,Essex,BG Charlesworth,Miles Hammond,SR Harmer,0,0,,,,,,,,,,,,,
1271394,2021,2021-09-05,"County Ground, Chelmsford",3,12.1,12.1,Gloucestershire,Essex,Miles Hammond,BG Charlesworth,S Snater,0,0,,,,,,,,,,,,,
1271394,2021,2021-09-05,"County Ground, Chelmsford",3,12.2,12.2,Gloucestershire,Essex,Miles Hammond,BG Charlesworth,S Snater,0,0,,,,,,,,,,,,,
1271394,2021,2021-09-05,"County Ground, Chelmsford",3,12.3,12.3,Gloucestershire,Essex,Miles Hammond,BG Charlesworth,S Snater,0,0,,,,,,,,,,,,,
1271394,2021,2021-09-05,"County Ground, Chelmsford",3,12.4,12.4,Gloucestershire,Essex,Miles Hammond,BG Charlesworth,S Snater,2,0,,,,,,,,,,,,,
1271394,2021,2021-09-05,"County Ground, Chelmsford",3,12.5,12.5,Gloucestershire,Essex,Miles Hammond,BG Charlesworth,S Snater,0,0,,,,,,,,,,,,,
1271394,2021,2021-09-05,"County Ground, Chelmsford",3,12.6,12.6,Gloucestershire,Essex,Miles Hammond,BG Charlesworth,S Snater,0,0,,,,,,,lbw,Miles Hammond,,,,,
1271394,2021,2021-09-05,"County Ground, Chelmsford",3,13.1,13.1,Gloucestershire,Essex,BG Charlesworth,James Bracey,SR Harmer,0,0,,,,,,,,,,,,,
1271394,2021,2021-09-05,"County Ground, Chelmsford",3,13.2,13.2,Gloucestershire,Essex,BG Charlesworth,James Bracey,SR Harmer,1,0,,,,,,,,,,,,,
1271394,2021,2021-09-05,"County Ground, Chelmsford",3,13.3,13.3,Gloucestershire,Essex,James Bracey,BG Charlesworth,SR Harmer,0,0,,,,,,,,,,,,,
1271394,2021,2021-09-05,"County Ground, Chelmsford",3,13.4,13.4,Gloucestershire,Essex,James Bracey,BG Charlesworth,SR Harmer,0,0,,,,,,,,,,,,,
1271394,2021,2021-09-05,"County Ground, Chelmsford",3,13.5,13.5,Gloucestershire,Essex,James Bracey,BG Charlesworth,SR Harmer,0,0,,,,,,,,,,,,,
1271394,2021,2021-09-05,"County Ground, Chelmsford",3,13.6,13.6,Gloucestershire,Essex,James Bracey,BG Charlesworth,SR Harmer,0,0,,,,,,,,,,,,,
1271394,2021,2021-09-05,"County Ground, Chelmsford",3,14.1,14.1,Gloucestershire,Essex,BG Charlesworth,James Bracey,S Snater,0,0,,,,,,,,,,,,,
1271394,2021,2021-09-05,"County Ground, Chelmsford",3,14.2,14.2,Gloucestershire,Essex,BG Charlesworth,James Bracey,S Snater,0,0,,,,,,,,,,,,,
1271394,2021,2021-09-05,"County Ground, Chelmsford",3,14.3,14.3,Gloucestershire,Essex,BG Charlesworth,James Bracey,S Snater,1,0,,,,,,,,,,,,,
1271394,2021,2021-09-05,"County Ground, Chelmsford",3,14.4,14.4,Gloucestershire,Essex,James Bracey,BG Charlesworth,S Snater,0,0,,,,,,,,,,,,,
1271394,2021,2021-09-05,"County Ground, Chelmsford",3,14.5,14.5,Gloucestershire,Essex,James Bracey,BG Charlesworth,S Snater,1,0,,,,,,,,,,,,,
1271394,2021,2021-09-05,"County Ground, Chelmsford",3,14.6,14.6,Gloucestershire,Essex,BG Charlesworth,James Bracey,S Snater,0,0,,,,,,,,,,,,,
1271394,2021,2021-09-05,"County Ground, Chelmsford",3,15.1,15.1,Gloucestershire,Essex,James Bracey,BG Charlesworth,SR Harmer,0,0,,,,,,,,,,,,,
1271394,2021,2021-09-05,"County Ground, Chelmsford",3,15.2,15.2,Gloucestershire,Essex,James Bracey,BG Charlesworth,SR Harmer,0,0,,,,,,,,,,,,,
1271394,2021,2021-09-05,"County Ground, Chelmsford",3,15.3,15.3,Gloucestershire,Essex,James Bracey,BG Charlesworth,SR Harmer,0,0,,,,,,,,,,,,,
1271394,2021,2021-09-05,"County Ground, Chelmsford",3,15.4,15.4,Gloucestershire,Essex,James Bracey,BG Charlesworth,SR Harmer,0,0,,,,,,,,,,,,,
1271394,2021,2021-09-05,"County Ground, Chelmsford",3,15.5,15.5,Gloucestershire,Essex,James Bracey,BG Charlesworth,SR Harmer,0,0,,,,,,,,,,,,,
1271394,2021,2021-09-05,"County Ground, Chelmsford",3,15.6,15.6,Gloucestershire,Essex,James Bracey,BG Charlesworth,SR Harmer,0,0,,,,,,,,,,,,,
1271394,2021,2021-09-05,"County Ground, Chelmsford",3,16.1,16.1,Gloucestershire,Essex,BG Charlesworth,James Bracey,S Snater,0,0,,,,,,,,,,,,,
1271394,2021,2021-09-05,"County Ground, Chelmsford",3,16.2,16.2,Gloucestershire,Essex,BG Charlesworth,James Bracey,S Snater,1,0,,,,,,,,,,,,,
1271394,2021,2021-09-05,"County Ground, Chelmsford",3,16.3,16.3,Gloucestershire,Essex,James Bracey,BG Charlesworth,S Snater,0,0,,,,,,,,,,,,,
1271394,2021,2021-09-05,"County Ground, Chelmsford",3,16.4,16.4,Gloucestershire,Essex,James Bracey,BG Charlesworth,S Snater,0,0,,,,,,,,,,,,,
1271394,2021,2021-09-05,"County Ground, Chelmsford",3,16.5,16.5,Gloucestershire,Essex,James Bracey,BG Charlesworth,S Snater,4,0,,,,,,,,,,,,,
1271394,2021,2021-09-05,"County Ground, Chelmsford",3,16.6,16.6,Gloucestershire,Essex,James Bracey,BG Charlesworth,S Snater,0,0,,,,,,,,,,,,,
1271394,2021,2021-09-05,"County Ground, Chelmsford",3,17.1,17.1,Gloucestershire,Essex,BG Charlesworth,James Bracey,SR Harmer,0,0,,,,,,,,,,,,,
1271394,2021,2021-09-05,"County Ground, Chelmsford",3,17.2,17.2,Gloucestershire,Essex,BG Charlesworth,James Bracey,SR Harmer,0,0,,,,,,,,,,,,,
1271394,2021,2021-09-05,"County Ground, Chelmsford",3,17.3,17.3,Gloucestershire,Essex,BG Charlesworth,James Bracey,SR Harmer,1,0,,,,,,,,,,,,,
1271394,2021,2021-09-05,"County Ground, Chelmsford",3,17.4,17.4,Gloucestershire,Essex,James Bracey,BG Charlesworth,SR Harmer,0,0,,,,,,,,,,,,,
1271394,2021,2021-09-05,"County Ground, Chelmsford",3,17.5,17.5,Gloucestershire,Essex,James Bracey,BG Charlesworth,SR Harmer,4,0,,,,,,,,,,,,,
1271394,2021,2021-09-05,"County Ground, Chelmsford",3,17.6,17.6,Gloucestershire,Essex,James Bracey,BG Charlesworth,SR Harmer,0,0,,,,,,,,,,,,,
1271394,2021,2021-09-05,"County Ground, Chelmsford",3,18.1,18.1,Gloucestershire,Essex,BG Charlesworth,James Bracey,S Snater,0,0,,,,,,,,,,,,,
1271394,2021,2021-09-05,"County Ground, Chelmsford",3,18.2,18.2,Gloucestershire,Essex,BG Charlesworth,James Bracey,S Snater,4,0,,,,,,,,,,,,,
1271394,2021,2021-09-05,"County Ground, Chelmsford",3,18.3,18.3,Gloucestershire,Essex,BG Charlesworth,James Bracey,S Snater,0,0,,,,,,,,,,,,,
1271394,2021,2021-09-05,"County Ground, Chelmsford",3,18.4,18.4,Gloucestershire,Essex,BG Charlesworth,James Bracey,S Snater,0,0,,,,,,,,,,,,,
1271394,2021,2021-09-05,"County Ground, Chelmsford",3,18.5,18.5,Gloucestershire,Essex,BG Charlesworth,James Bracey,S Snater,2,0,,,,,,,,,,,,,
1271394,2021,2021-09-05,"County Ground, Chelmsford",3,18.6,18.6,Gloucestershire,Essex,BG Charlesworth,James Bracey,S Snater,0,0,,,,,,,,,,,,,
1271394,2021,2021-09-05,"County Ground, Chelmsford",3,19.1,19.1,Gloucestershire,Essex,James Bracey,BG Charlesworth,SR Harmer,1,0,,,,,,,,,,,,,
1271394,2021,2021-09-05,"County Ground, Chelmsford",3,19.2,19.2,Gloucestershire,Essex,BG Charlesworth,James Bracey,SR Harmer,0,0,,,,,,,,,,,,,
1271394,2021,2021-09-05,"County Ground, Chelmsford",3,19.3,19.3,Gloucestershire,Essex,BG Charlesworth,James Bracey,SR Harmer,0,0,,,,,,,,,,,,,
1271394,2021,2021-09-05,"County Ground, Chelmsford",3,19.4,19.4,Gloucestershire,Essex,BG Charlesworth,James Bracey,SR Harmer,0,0,,,,,,,,,,,,,
1271394,2021,2021-09-05,"County Ground, Chelmsford",3,19.5,19.5,Gloucestershire,Essex,BG Charlesworth,James Bracey,SR Harmer,0,0,,,,,,,,,,,,,
1271394,2021,2021-09-05,"County Ground, Chelmsford",3,19.6,19.6,Gloucestershire,Essex,BG Charlesworth,James Bracey,SR Harmer,0,0,,,,,,,,,,,,,
1271394,2021,2021-09-05,"County Ground, Chelmsford",3,20.1,20.1,Gloucestershire,Essex,James Bracey,BG Charlesworth,SJ Cook,0,0,,,,,,,,,,,,,
1271394,2021,2021-09-05,"County Ground, Chelmsford",3,20.2,20.2,Gloucestershire,Essex,James Bracey,BG Charlesworth,SJ Cook,0,0,,,,,,,,,,,,,
1271394,2021,2021-09-05,"County Ground, Chelmsford",3,20.3,20.3,Gloucestershire,Essex,James Bracey,BG Charlesworth,SJ Cook,0,0,,,,,,,,,,,,,
1271394,2021,2021-09-05,"County Ground, Chelmsford",3,20.4,20.4,Gloucestershire,Essex,James Bracey,BG Charlesworth,SJ Cook,0,0,,,,,,,,,,,,,
1271394,2021,2021-09-05,"County Ground, Chelmsford",3,20.5,20.5,Gloucestershire,Essex,James Bracey,BG Charlesworth,SJ Cook,0,0,,,,,,,,,,,,,
1271394,2021,2021-09-05,"County Ground, Chelmsford",3,20.6,20.6,Gloucestershire,Essex,James Bracey,BG Charlesworth,SJ Cook,0,0,,,,,,,,,,,,,
1271394,2021,2021-09-05,"County Ground, Chelmsford",3,21.1,21.1,Gloucestershire,Essex,BG Charlesworth,James Bracey,SR Harmer,0,0,,,,,,,,,,,,,
1271394,2021,2021-09-05,"County Ground, Chelmsford",3,21.2,21.2,Gloucestershire,Essex,BG Charlesworth,James Bracey,SR Harmer,0,0,,,,,,,,,,,,,
1271394,2021,2021-09-05,"County Ground, Chelmsford",3,21.3,21.3,Gloucestershire,Essex,BG Charlesworth,James Bracey,SR Harmer,0,0,,,,,,,,,,,,,
1271394,2021,2021-09-05,"County Ground, Chelmsford",3,21.4,21.4,Gloucestershire,Essex,BG Charlesworth,James Bracey,SR Harmer,0,0,,,,,,,,,,,,,
1271394,2021,2021-09-05,"County Ground, Chelmsford",3,21.5,21.5,Gloucestershire,Essex,BG Charlesworth,James Bracey,SR Harmer,0,0,,,,,,,,,,,,,
1271394,2021,2021-09-05,"County Ground, Chelmsford",3,21.6,21.6,Gloucestershire,Essex,BG Charlesworth,James Bracey,SR Harmer,0,0,,,,,,,,,,,,,
1271394,2021,2021-09-05,"County Ground, Chelmsford",3,22.1,22.1,Gloucestershire,Essex,James Bracey,BG Charlesworth,SJ Cook,0,0,,,,,,,,,,,,,
1271394,2021,2021-09-05,"County Ground, Chelmsford",3,22.2,22.2,Gloucestershire,Essex,James Bracey,BG Charlesworth,SJ Cook,0,0,,,,,,,,,,,,,
1271394,2021,2021-09-05,"County Ground, Chelmsford",3,22.3,22.3,Gloucestershire,Essex,James Bracey,BG Charlesworth,SJ Cook,1,0,,,,,,,,,,,,,
1271394,2021,2021-09-05,"County Ground, Chelmsford",3,22.4,22.4,Gloucestershire,Essex,BG Charlesworth,James Bracey,SJ Cook,0,0,,,,,,,,,,,,,
1271394,2021,2021-09-05,"County Ground, Chelmsford",3,22.5,22.5,Gloucestershire,Essex,BG Charlesworth,James Bracey,SJ Cook,0,0,,,,,,,,,,,,,
1271394,2021,2021-09-05,"County Ground, Chelmsford",3,22.6,22.6,Gloucestershire,Essex,BG Charlesworth,James Bracey,SJ Cook,0,0,,,,,,,,,,,,,
1271394,2021,2021-09-05,"County Ground, Chelmsford",3,23.1,23.1,Gloucestershire,Essex,James Bracey,BG Charlesworth,SR Harmer,0,0,,,,,,,,,,,,,
1271394,2021,2021-09-05,"County Ground, Chelmsford",3,23.2,23.2,Gloucestershire,Essex,James Bracey,BG Charlesworth,SR Harmer,1,0,,,,,,,,,,,,,
1271394,2021,2021-09-05,"County Ground, Chelmsford",3,23.3,23.3,Gloucestershire,Essex,BG Charlesworth,James Bracey,SR Harmer,0,0,,,,,,,,,,,,,
1271394,2021,2021-09-05,"County Ground, Chelmsford",3,23.4,23.4,Gloucestershire,Essex,BG Charlesworth,James Bracey,SR Harmer,1,0,,,,,,,,,,,,,
1271394,2021,2021-09-05,"County Ground, Chelmsford",3,23.5,23.5,Gloucestershire,Essex,James Bracey,BG Charlesworth,SR Harmer,0,0,,,,,,,,,,,,,
1271394,2021,2021-09-05,"County Ground, Chelmsford",3,23.6,23.6,Gloucestershire,Essex,James Bracey,BG Charlesworth,SR Harmer,0,0,,,,,,,,,,,,,
1271394,2021,2021-09-05,"County Ground, Chelmsford",3,24.1,24.1,Gloucestershire,Essex,BG Charlesworth,James Bracey,SJ Cook,0,0,,,,,,,,,,,,,
1271394,2021,2021-09-05,"County Ground, Chelmsford",3,24.2,24.2,Gloucestershire,Essex,BG Charlesworth,James Bracey,SJ Cook,0,0,,,,,,,,,,,,,
1271394,2021,2021-09-05,"County Ground, Chelmsford",3,24.3,24.3,Gloucestershire,Essex,BG Charlesworth,James Bracey,SJ Cook,2,0,,,,,,,,,,,,,
1271394,2021,2021-09-05,"County Ground, Chelmsford",3,24.4,24.4,Gloucestershire,Essex,BG Charlesworth,James Bracey,SJ Cook,0,0,,,,,,,,,,,,,
1271394,2021,2021-09-05,"County Ground, Chelmsford",3,24.5,24.5,Gloucestershire,Essex,BG Charlesworth,James Bracey,SJ Cook,0,0,,,,,,,,,,,,,
1271394,2021,2021-09-05,"County Ground, Chelmsford",3,24.6,24.6,Gloucestershire,Essex,BG Charlesworth,James Bracey,SJ Cook,0,0,,,,,,,,,,,,,
1271394,2021,2021-09-05,"County Ground, Chelmsford",3,25.1,25.1,Gloucestershire,Essex,James Bracey,BG Charlesworth,SR Harmer,2,0,,,,,,,,,,,,,
1271394,2021,2021-09-05,"County Ground, Chelmsford",3,25.2,25.2,Gloucestershire,Essex,James Bracey,BG Charlesworth,SR Harmer,0,0,,,,,,,,,,,,,
1271394,2021,2021-09-05,"County Ground, Chelmsford",3,25.3,25.3,Gloucestershire,Essex,James Bracey,BG Charlesworth,SR Harmer,0,0,,,,,,,,,,,,,
1271394,2021,2021-09-05,"County Ground, Chelmsford",3,25.4,25.4,Gloucestershire,Essex,James Bracey,BG Charlesworth,SR Harmer,4,0,,,,,,,,,,,,,
1271394,2021,2021-09-05,"County Ground, Chelmsford",3,25.5,25.5,Gloucestershire,Essex,James Bracey,BG Charlesworth,SR Harmer,0,0,,,,,,,,,,,,,
1271394,2021,2021-09-05,"County Ground, Chelmsford",3,25.6,25.6,Gloucestershire,Essex,James Bracey,BG Charlesworth,SR Harmer,0,0,,,,,,,,,,,,,
1271394,2021,2021-09-05,"County Ground, Chelmsford",3,26.1,26.1,Gloucestershire,Essex,BG Charlesworth,James Bracey,SJ Cook,0,0,,,,,,,,,,,,,
1271394,2021,2021-09-05,"County Ground, Chelmsford",3,26.2,26.2,Gloucestershire,Essex,BG Charlesworth,James Bracey,SJ Cook,0,0,,,,,,,,,,,,,
1271394,2021,2021-09-05,"County Ground, Chelmsford",3,26.3,26.3,Gloucestershire,Essex,BG Charlesworth,James Bracey,SJ Cook,4,0,,,,,,,,,,,,,
1271394,2021,2021-09-05,"County Ground, Chelmsford",3,26.4,26.4,Gloucestershire,Essex,BG Charlesworth,James Bracey,SJ Cook,0,0,,,,,,,,,,,,,
1271394,2021,2021-09-05,"County Ground, Chelmsford",3,26.5,26.5,Gloucestershire,Essex,BG Charlesworth,James Bracey,SJ Cook,0,0,,,,,,,,,,,,,
1271394,2021,2021-09-05,"County Ground, Chelmsford",3,26.6,26.6,Gloucestershire,Essex,BG Charlesworth,James Bracey,SJ Cook,0,0,,,,,,,,,,,,,
1271394,2021,2021-09-05,"County Ground, Chelmsford",3,27.1,27.1,Gloucestershire,Essex,James Bracey,BG Charlesworth,SR Harmer,1,0,,,,,,,,,,,,,
1271394,2021,2021-09-05,"County Ground, Chelmsford",3,27.2,27.2,Gloucestershire,Essex,BG Charlesworth,James Bracey,SR Harmer,0,0,,,,,,,,,,,,,
1271394,2021,2021-09-05,"County Ground, Chelmsford",3,27.3,27.3,Gloucestershire,Essex,BG Charlesworth,James Bracey,SR Harmer,0,0,,,,,,,,,,,,,
1271394,2021,2021-09-05,"County Ground, Chelmsford",3,27.4,27.4,Gloucestershire,Essex,BG Charlesworth,James Bracey,SR Harmer,0,0,,,,,,,,,,,,,
1271394,2021,2021-09-05,"County Ground, Chelmsford",3,27.5,27.5,Gloucestershire,Essex,BG Charlesworth,James Bracey,SR Harmer,0,0,,,,,,,,,,,,,
1271394,2021,2021-09-05,"County Ground, Chelmsford",3,27.6,27.6,Gloucestershire,Essex,BG Charlesworth,James Bracey,SR Harmer,0,0,,,,,,,,,,,,,
1271394,2021,2021-09-05,"County Ground, Chelmsford",3,28.1,28.1,Gloucestershire,Essex,James Bracey,BG Charlesworth,T Westley,0,0,,,,,,,,,,,,,
1271394,2021,2021-09-05,"County Ground, Chelmsford",3,28.2,28.2,Gloucestershire,Essex,James Bracey,BG Charlesworth,T Westley,0,0,,,,,,,,,,,,,
1271394,2021,2021-09-05,"County Ground, Chelmsford",3,28.3,28.3,Gloucestershire,Essex,James Bracey,BG Charlesworth,T Westley,1,0,,,,,,,,,,,,,
1271394,2021,2021-09-05,"County Ground, Chelmsford",3,28.4,28.4,Gloucestershire,Essex,BG Charlesworth,James Bracey,T Westley,1,0,,,,,,,,,,,,,
1271394,2021,2021-09-05,"County Ground, Chelmsford",3,28.5,28.5,Gloucestershire,Essex,James Bracey,BG Charlesworth,T Westley,0,0,,,,,,,,,,,,,
1271394,2021,2021-09-05,"County Ground, Chelmsford",3,28.6,28.6,Gloucestershire,Essex,James Bracey,BG Charlesworth,T Westley,0,0,,,,,,,,,,,,,
1271394,2021,2021-09-05,"County Ground, Chelmsford",3,29.1,29.1,Gloucestershire,Essex,BG Charlesworth,James Bracey,SR Harmer,0,0,,,,,,,,,,,,,
1271394,2021,2021-09-05,"County Ground, Chelmsford",3,29.2,29.2,Gloucestershire,Essex,BG Charlesworth,James Bracey,SR Harmer,0,0,,,,,,,,,,,,,
1271394,2021,2021-09-05,"County Ground, Chelmsford",3,29.3,29.3,Gloucestershire,Essex,BG Charlesworth,James Bracey,SR Harmer,0,0,,,,,,,,,,,,,
1271394,2021,2021-09-05,"County Ground, Chelmsford",3,29.4,29.4,Gloucestershire,Essex,BG Charlesworth,James Bracey,SR Harmer,0,0,,,,,,,,,,,,,
1271394,2021,2021-09-05,"County Ground, Chelmsford",3,29.5,29.5,Gloucestershire,Essex,BG Charlesworth,James Bracey,SR Harmer,0,0,,,,,,,,,,,,,
1271394,2021,2021-09-05,"County Ground, Chelmsford",3,29.6,29.6,Gloucestershire,Essex,BG Charlesworth,James Bracey,SR Harmer,0,0,,,,,,,,,,,,,
1271394,2021,2021-09-05,"County Ground, Chelmsford",3,30.1,30.1,Gloucestershire,Essex,James Bracey,BG Charlesworth,JA Porter,0,0,,,,,,,,,,,,,
1271394,2021,2021-09-05,"County Ground, Chelmsford",3,30.2,30.2,Gloucestershire,Essex,James Bracey,BG Charlesworth,JA Porter,2,0,,,,,,,,,,,,,
1271394,2021,2021-09-05,"County Ground, Chelmsford",3,30.3,30.3,Gloucestershire,Essex,James Bracey,BG Charlesworth,JA Porter,0,0,,,,,,,,,,,,,
1271394,2021,2021-09-05,"County Ground, Chelmsford",3,30.4,30.4,Gloucestershire,Essex,James Bracey,BG Charlesworth,JA Porter,0,0,,,,,,,,,,,,,
1271394,2021,2021-09-05,"County Ground, Chelmsford",3,30.5,30.5,Gloucestershire,Essex,James Bracey,BG Charlesworth,JA Porter,0,0,,,,,,,,,,,,,
1271394,2021,2021-09-05,"County Ground, Chelmsford",3,30.6,30.6,Gloucestershire,Essex,James Bracey,BG Charlesworth,JA Porter,0,0,,,,,,,,,,,,,
1271394,2021,2021-09-05,"County Ground, Chelmsford",3,31.1,31.1,Gloucestershire,Essex,BG Charlesworth,James Bracey,SR Harmer,0,0,,,,,,,,,,,,,
1271394,2021,2021-09-05,"County Ground, Chelmsford",3,31.2,31.2,Gloucestershire,Essex,BG Charlesworth,James Bracey,SR Harmer,0,0,,,,,,,,,,,,,
1271394,2021,2021-09-05,"County Ground, Chelmsford",3,31.3,31.3,Gloucestershire,Essex,BG Charlesworth,James Bracey,SR Harmer,0,0,,,,,,,,,,,,,
1271394,2021,2021-09-05,"County Ground, Chelmsford",3,31.4,31.4,Gloucestershire,Essex,BG Charlesworth,James Bracey,SR Harmer,0,0,,,,,,,,,,,,,
1271394,2021,2021-09-05,"County Ground, Chelmsford",3,31.5,31.5,Gloucestershire,Essex,BG Charlesworth,James Bracey,SR Harmer,4,0,,,,,,,,,,,,,
1271394,2021,2021-09-05,"County Ground, Chelmsford",3,31.6,31.6,Gloucestershire,Essex,BG Charlesworth,James Bracey,SR Harmer,0,0,,,,,,,,,,,,,
1271394,2021,2021-09-05,"County Ground, Chelmsford",3,32.1,32.1,Gloucestershire,Essex,James Bracey,BG Charlesworth,JA Porter,1,0,,,,,,,,,,,,,
1271394,2021,2021-09-05,"County Ground, Chelmsford",3,32.2,32.2,Gloucestershire,Essex,BG Charlesworth,James Bracey,JA Porter,0,0,,,,,,,,,,,,,
1271394,2021,2021-09-05,"County Ground, Chelmsford",3,32.3,32.3,Gloucestershire,Essex,BG Charlesworth,James Bracey,JA Porter,1,0,,,,,,,,,,,,,
1271394,2021,2021-09-05,"County Ground, Chelmsford",3,32.4,32.4,Gloucestershire,Essex,James Bracey,BG Charlesworth,JA Porter,1,0,,,,,,,,,,,,,
1271394,2021,2021-09-05,"County Ground, Chelmsford",3,32.5,32.5,Gloucestershire,Essex,BG Charlesworth,James Bracey,JA Porter,0,0,,,,,,,,,,,,,
1271394,2021,2021-09-05,"County Ground, Chelmsford",3,32.6,32.6,Gloucestershire,Essex,BG Charlesworth,James Bracey,JA Porter,2,0,,,,,,,,,,,,,
1271394,2021,2021-09-05,"County Ground, Chelmsford",3,33.1,33.1,Gloucestershire,Essex,James Bracey,BG Charlesworth,SR Harmer,0,0,,,,,,,,,,,,,
1271394,2021,2021-09-05,"County Ground, Chelmsford",3,33.2,33.2,Gloucestershire,Essex,James Bracey,BG Charlesworth,SR Harmer,0,0,,,,,,,,,,,,,
1271394,2021,2021-09-05,"County Ground, Chelmsford",3,33.3,33.3,Gloucestershire,Essex,James Bracey,BG Charlesworth,SR Harmer,0,0,,,,,,,,,,,,,
1271394,2021,2021-09-05,"County Ground, Chelmsford",3,33.4,33.4,Gloucestershire,Essex,James Bracey,BG Charlesworth,SR Harmer,0,0,,,,,,,,,,,,,
1271394,2021,2021-09-05,"County Ground, Chelmsford",3,33.5,33.5,Gloucestershire,Essex,James Bracey,BG Charlesworth,SR Harmer,0,0,,,,,,,,,,,,,
1271394,2021,2021-09-05,"County Ground, Chelmsford",3,33.6,33.6,Gloucestershire,Essex,James Bracey,BG Charlesworth,SR Harmer,0,0,,,,,,,,,,,,,
1271394,2021,2021-09-05,"County Ground, Chelmsford",3,34.1,34.1,Gloucestershire,Essex,BG Charlesworth,James Bracey,JA Porter,0,0,,,,,,,,,,,,,
1271394,2021,2021-09-05,"County Ground, Chelmsford",3,34.2,34.2,Gloucestershire,Essex,BG Charlesworth,James Bracey,JA Porter,0,0,,,,,,,,,,,,,
1271394,2021,2021-09-05,"County Ground, Chelmsford",3,34.3,34.3,Gloucestershire,Essex,BG Charlesworth,James Bracey,JA Porter,2,0,,,,,,,,,,,,,
1271394,2021,2021-09-05,"County Ground, Chelmsford",3,34.4,34.4,Gloucestershire,Essex,BG Charlesworth,James Bracey,JA Porter,0,0,,,,,,,,,,,,,
1271394,2021,2021-09-05,"County Ground, Chelmsford",3,34.5,34.5,Gloucestershire,Essex,BG Charlesworth,James Bracey,JA Porter,0,0,,,,,,,,,,,,,
1271394,2021,2021-09-05,"County Ground, Chelmsford",3,34.6,34.6,Gloucestershire,Essex,BG Charlesworth,James Bracey,JA Porter,0,0,,,,,,,,,,,,,
1271394,2021,2021-09-05,"County Ground, Chelmsford",3,35.1,35.1,Gloucestershire,Essex,James Bracey,BG Charlesworth,SR Harmer,0,0,,,,,,,,,,,,,
1271394,2021,2021-09-05,"County Ground, Chelmsford",3,35.2,35.2,Gloucestershire,Essex,James Bracey,BG Charlesworth,SR Harmer,0,0,,,,,,,,,,,,,
1271394,2021,2021-09-05,"County Ground, Chelmsford",3,35.3,35.3,Gloucestershire,Essex,James Bracey,BG Charlesworth,SR Harmer,0,0,,,,,,,,,,,,,
1271394,2021,2021-09-05,"County Ground, Chelmsford",3,35.4,35.4,Gloucestershire,Essex,James Bracey,BG Charlesworth,SR Harmer,0,0,,,,,,,,,,,,,
1271394,2021,2021-09-05,"County Ground, Chelmsford",3,35.5,35.5,Gloucestershire,Essex,James Bracey,BG Charlesworth,SR Harmer,0,0,,,,,,,,,,,,,
1271394,2021,2021-09-05,"County Ground, Chelmsford",3,35.6,35.6,Gloucestershire,Essex,James Bracey,BG Charlesworth,SR Harmer,1,0,,,,,,,,,,,,,
1271394,2021,2021-09-05,"County Ground, Chelmsford",3,36.1,36.1,Gloucestershire,Essex,James Bracey,BG Charlesworth,JA Porter,0,0,,,,,,,,,,,,,
1271394,2021,2021-09-05,"County Ground, Chelmsford",3,36.2,36.2,Gloucestershire,Essex,James Bracey,BG Charlesworth,JA Porter,0,0,,,,,,,,,,,,,
1271394,2021,2021-09-05,"County Ground, Chelmsford",3,36.3,36.3,Gloucestershire,Essex,James Bracey,BG Charlesworth,JA Porter,0,0,,,,,,,,,,,,,
1271394,2021,2021-09-05,"County Ground, Chelmsford",3,36.4,36.4,Gloucestershire,Essex,James Bracey,BG Charlesworth,JA Porter,0,0,,,,,,,,,,,,,
1271394,2021,2021-09-05,"County Ground, Chelmsford",3,36.5,36.5,Gloucestershire,Essex,James Bracey,BG Charlesworth,JA Porter,0,0,,,,,,,,,,,,,
1271394,2021,2021-09-05,"County Ground, Chelmsford",3,36.6,36.6,Gloucestershire,Essex,James Bracey,BG Charlesworth,JA Porter,0,0,,,,,,,,,,,,,
1271394,2021,2021-09-05,"County Ground, Chelmsford",3,37.1,37.1,Gloucestershire,Essex,BG Charlesworth,James Bracey,SR Harmer,0,0,,,,,,,,,,,,,
1271394,2021,2021-09-05,"County Ground, Chelmsford",3,37.2,37.2,Gloucestershire,Essex,BG Charlesworth,James Bracey,SR Harmer,0,0,,,,,,,,,,,,,
1271394,2021,2021-09-05,"County Ground, Chelmsford",3,37.3,37.3,Gloucestershire,Essex,BG Charlesworth,James Bracey,SR Harmer,0,0,,,,,,,,,,,,,
1271394,2021,2021-09-05,"County Ground, Chelmsford",3,37.4,37.4,Gloucestershire,Essex,BG Charlesworth,James Bracey,SR Harmer,0,0,,,,,,,,,,,,,
1271394,2021,2021-09-05,"County Ground, Chelmsford",3,37.5,37.5,Gloucestershire,Essex,BG Charlesworth,James Bracey,SR Harmer,0,0,,,,,,,,,,,,,
1271394,2021,2021-09-05,"County Ground, Chelmsford",3,37.6,37.6,Gloucestershire,Essex,BG Charlesworth,James Bracey,SR Harmer,4,0,,,,,,,,,,,,,
1271394,2021,2021-09-05,"County Ground, Chelmsford",3,38.1,38.1,Gloucestershire,Essex,James Bracey,BG Charlesworth,JA Porter,0,0,,,,,,,,,,,,,
1271394,2021,2021-09-05,"County Ground, Chelmsford",3,38.2,38.2,Gloucestershire,Essex,James Bracey,BG Charlesworth,JA Porter,0,0,,,,,,,,,,,,,
1271394,2021,2021-09-05,"County Ground, Chelmsford",3,38.3,38.3,Gloucestershire,Essex,James Bracey,BG Charlesworth,JA Porter,0,0,,,,,,,,,,,,,
1271394,2021,2021-09-05,"County Ground, Chelmsford",3,38.4,38.4,Gloucestershire,Essex,James Bracey,BG Charlesworth,JA Porter,0,0,,,,,,,,,,,,,
1271394,2021,2021-09-05,"County Ground, Chelmsford",3,38.5,38.5,Gloucestershire,Essex,James Bracey,BG Charlesworth,JA Porter,0,0,,,,,,,,,,,,,
1271394,2021,2021-09-05,"County Ground, Chelmsford",3,38.6,38.6,Gloucestershire,Essex,James Bracey,BG Charlesworth,JA Porter,2,0,,,,,,,,,,,,,
1271394,2021,2021-09-05,"County Ground, Chelmsford",3,39.1,39.1,Gloucestershire,Essex,BG Charlesworth,James Bracey,SR Harmer,0,0,,,,,,,,,,,,,
1271394,2021,2021-09-05,"County Ground, Chelmsford",3,39.2,39.2,Gloucestershire,Essex,BG Charlesworth,James Bracey,SR Harmer,0,0,,,,,,,,,,,,,
1271394,2021,2021-09-05,"County Ground, Chelmsford",3,39.3,39.3,Gloucestershire,Essex,BG Charlesworth,James Bracey,SR Harmer,0,0,,,,,,,,,,,,,
1271394,2021,2021-09-05,"County Ground, Chelmsford",3,39.4,39.4,Gloucestershire,Essex,BG Charlesworth,James Bracey,SR Harmer,0,0,,,,,,,,,,,,,
1271394,2021,2021-09-05,"County Ground, Chelmsford",3,39.5,39.5,Gloucestershire,Essex,BG Charlesworth,James Bracey,SR Harmer,0,0,,,,,,,,,,,,,
1271394,2021,2021-09-05,"County Ground, Chelmsford",3,39.6,39.6,Gloucestershire,Essex,BG Charlesworth,James Bracey,SR Harmer,0,0,,,,,,,lbw,BG Charlesworth,,,,,
1271394,2021,2021-09-05,"County Ground, Chelmsford",3,40.1,40.1,Gloucestershire,Essex,James Bracey,CDJ Dent,JA Porter,0,0,,,,,,,,,,,,,
1271394,2021,2021-09-05,"County Ground, Chelmsford",3,40.2,40.2,Gloucestershire,Essex,James Bracey,CDJ Dent,JA Porter,0,0,,,,,,,,,,,,,
1271394,2021,2021-09-05,"County Ground, Chelmsford",3,40.3,40.3,Gloucestershire,Essex,James Bracey,CDJ Dent,JA Porter,0,0,,,,,,,,,,,,,
1271394,2021,2021-09-05,"County Ground, Chelmsford",3,40.4,40.4,Gloucestershire,Essex,James Bracey,CDJ Dent,JA Porter,0,1,,,,1,,,,,,,,,
1271394,2021,2021-09-05,"County Ground, Chelmsford",3,40.5,40.5,Gloucestershire,Essex,CDJ Dent,James Bracey,JA Porter,0,0,,,,,,,,,,,,,
1271394,2021,2021-09-05,"County Ground, Chelmsford",3,40.6,40.6,Gloucestershire,Essex,CDJ Dent,James Bracey,JA Porter,0,0,,,,,,,,,,,,,
1271394,2021,2021-09-05,"County Ground, Chelmsford",3,41.1,41.1,Gloucestershire,Essex,James Bracey,CDJ Dent,SR Harmer,0,0,,,,,,,,,,,,,
1271394,2021,2021-09-05,"County Ground, Chelmsford",3,41.2,41.2,Gloucestershire,Essex,James Bracey,CDJ Dent,SR Harmer,0,0,,,,,,,,,,,,,
1271394,2021,2021-09-05,"County Ground, Chelmsford",3,41.3,41.3,Gloucestershire,Essex,James Bracey,CDJ Dent,SR Harmer,0,0,,,,,,,,,,,,,
1271394,2021,2021-09-05,"County Ground, Chelmsford",3,41.4,41.4,Gloucestershire,Essex,James Bracey,CDJ Dent,SR Harmer,0,0,,,,,,,,,,,,,
1271394,2021,2021-09-05,"County Ground, Chelmsford",3,41.5,41.5,Gloucestershire,Essex,James Bracey,CDJ Dent,SR Harmer,0,0,,,,,,,,,,,,,
1271394,2021,2021-09-05,"County Ground, Chelmsford",3,41.6,41.6,Gloucestershire,Essex,James Bracey,CDJ Dent,SR Harmer,1,0,,,,,,,,,,,,,
1271394,2021,2021-09-05,"County Ground, Chelmsford",3,42.1,42.1,Gloucestershire,Essex,James Bracey,CDJ Dent,S Snater,0,0,,,,,,,,,,,,,
1271394,2021,2021-09-05,"County Ground, Chelmsford",3,42.2,42.2,Gloucestershire,Essex,James Bracey,CDJ Dent,S Snater,4,0,,,,,,,,,,,,,
1271394,2021,2021-09-05,"County Ground, Chelmsford",3,42.3,42.3,Gloucestershire,Essex,James Bracey,CDJ Dent,S Snater,1,0,,,,,,,,,,,,,
1271394,2021,2021-09-05,"County Ground, Chelmsford",3,42.4,42.4,Gloucestershire,Essex,CDJ Dent,James Bracey,S Snater,0,0,,,,,,,,,,,,,
1271394,2021,2021-09-05,"County Ground, Chelmsford",3,42.5,42.5,Gloucestershire,Essex,CDJ Dent,James Bracey,S Snater,0,0,,,,,,,,,,,,,
1271394,2021,2021-09-05,"County Ground, Chelmsford",3,42.6,42.6,Gloucestershire,Essex,CDJ Dent,James Bracey,S Snater,0,0,,,,,,,,,,,,,
1271394,2021,2021-09-05,"County Ground, Chelmsford",3,43.1,43.1,Gloucestershire,Essex,James Bracey,CDJ Dent,SR Harmer,0,0,,,,,,,,,,,,,
1271394,2021,2021-09-05,"County Ground, Chelmsford",3,43.2,43.2,Gloucestershire,Essex,James Bracey,CDJ Dent,SR Harmer,1,0,,,,,,,,,,,,,
1271394,2021,2021-09-05,"County Ground, Chelmsford",3,43.3,43.3,Gloucestershire,Essex,CDJ Dent,James Bracey,SR Harmer,0,0,,,,,,,,,,,,,
1271394,2021,2021-09-05,"County Ground, Chelmsford",3,43.4,43.4,Gloucestershire,Essex,CDJ Dent,James Bracey,SR Harmer,0,0,,,,,,,,,,,,,
1271394,2021,2021-09-05,"County Ground, Chelmsford",3,43.5,43.5,Gloucestershire,Essex,CDJ Dent,James Bracey,SR Harmer,0,0,,,,,,,,,,,,,
1271394,2021,2021-09-05,"County Ground, Chelmsford",3,43.6,43.6,Gloucestershire,Essex,CDJ Dent,James Bracey,SR Harmer,0,0,,,,,,,,,,,,,
1271394,2021,2021-09-05,"County Ground, Chelmsford",3,44.1,44.1,Gloucestershire,Essex,James Bracey,CDJ Dent,S Snater,0,0,,,,,,,,,,,,,
1271394,2021,2021-09-05,"County Ground, Chelmsford",3,44.2,44.2,Gloucestershire,Essex,James Bracey,CDJ Dent,S Snater,0,0,,,,,,,,,,,,,
1271394,2021,2021-09-05,"County Ground, Chelmsford",3,44.3,44.3,Gloucestershire,Essex,James Bracey,CDJ Dent,S Snater,0,0,,,,,,,,,,,,,
1271394,2021,2021-09-05,"County Ground, Chelmsford",3,44.4,44.4,Gloucestershire,Essex,James Bracey,CDJ Dent,S Snater,4,0,,,,,,,,,,,,,
1271394,2021,2021-09-05,"County Ground, Chelmsford",3,44.5,44.5,Gloucestershire,Essex,James Bracey,CDJ Dent,S Snater,4,0,,,,,,,,,,,,,
1271394,2021,2021-09-05,"County Ground, Chelmsford",3,44.6,44.6,Gloucestershire,Essex,James Bracey,CDJ Dent,S Snater,0,0,,,,,,,,,,,,,
1271394,2021,2021-09-05,"County Ground, Chelmsford",3,45.1,45.1,Gloucestershire,Essex,CDJ Dent,James Bracey,SR Harmer,0,0,,,,,,,,,,,,,
1271394,2021,2021-09-05,"County Ground, Chelmsford",3,45.2,45.2,Gloucestershire,Essex,CDJ Dent,James Bracey,SR Harmer,0,0,,,,,,,,,,,,,
1271394,2021,2021-09-05,"County Ground, Chelmsford",3,45.3,45.3,Gloucestershire,Essex,CDJ Dent,James Bracey,SR Harmer,1,0,,,,,,,,,,,,,
1271394,2021,2021-09-05,"County Ground, Chelmsford",3,45.4,45.4,Gloucestershire,Essex,James Bracey,CDJ Dent,SR Harmer,0,0,,,,,,,,,,,,,
1271394,2021,2021-09-05,"County Ground, Chelmsford",3,45.5,45.5,Gloucestershire,Essex,James Bracey,CDJ Dent,SR Harmer,0,0,,,,,,,,,,,,,
1271394,2021,2021-09-05,"County Ground, Chelmsford",3,45.6,45.6,Gloucestershire,Essex,James Bracey,CDJ Dent,SR Harmer,0,0,,,,,,,,,,,,,
1271394,2021,2021-09-05,"County Ground, Chelmsford",3,46.1,46.1,Gloucestershire,Essex,CDJ Dent,James Bracey,S Snater,0,0,,,,,,,,,,,,,
1271394,2021,2021-09-05,"County Ground, Chelmsford",3,46.2,46.2,Gloucestershire,Essex,CDJ Dent,James Bracey,S Snater,0,0,,,,,,,,,,,,,
1271394,2021,2021-09-05,"County Ground, Chelmsford",3,46.3,46.3,Gloucestershire,Essex,CDJ Dent,James Bracey,S Snater,0,0,,,,,,,,,,,,,
1271394,2021,2021-09-05,"County Ground, Chelmsford",3,46.4,46.4,Gloucestershire,Essex,CDJ Dent,James Bracey,S Snater,0,0,,,,,,,,,,,,,
1271394,2021,2021-09-05,"County Ground, Chelmsford",3,46.5,46.5,Gloucestershire,Essex,CDJ Dent,James Bracey,S Snater,0,0,,,,,,,,,,,,,
1271394,2021,2021-09-05,"County Ground, Chelmsford",3,46.6,46.6,Gloucestershire,Essex,CDJ Dent,James Bracey,S Snater,4,0,,,,,,,,,,,,,
1271394,2021,2021-09-05,"County Ground, Chelmsford",3,47.1,47.1,Gloucestershire,Essex,James Bracey,CDJ Dent,SR Harmer,0,0,,,,,,,,,,,,,
1271394,2021,2021-09-05,"County Ground, Chelmsford",3,47.2,47.2,Gloucestershire,Essex,James Bracey,CDJ Dent,SR Harmer,0,0,,,,,,,,,,,,,
1271394,2021,2021-09-05,"County Ground, Chelmsford",3,47.3,47.3,Gloucestershire,Essex,James Bracey,CDJ Dent,SR Harmer,0,0,,,,,,,,,,,,,
1271394,2021,2021-09-05,"County Ground, Chelmsford",3,47.4,47.4,Gloucestershire,Essex,James Bracey,CDJ Dent,SR Harmer,4,0,,,,,,,,,,,,,
1271394,2021,2021-09-05,"County Ground, Chelmsford",3,47.5,47.5,Gloucestershire,Essex,James Bracey,CDJ Dent,SR Harmer,0,0,,,,,,,,,,,,,
1271394,2021,2021-09-05,"County Ground, Chelmsford",3,47.6,47.6,Gloucestershire,Essex,James Bracey,CDJ Dent,SR Harmer,0,0,,,,,,,,,,,,,
1271394,2021,2021-09-05,"County Ground, Chelmsford",3,48.1,48.1,Gloucestershire,Essex,CDJ Dent,James Bracey,S Snater,0,0,,,,,,,,,,,,,
1271394,2021,2021-09-05,"County Ground, Chelmsford",3,48.2,48.2,Gloucestershire,Essex,CDJ Dent,James Bracey,S Snater,0,0,,,,,,,,,,,,,
1271394,2021,2021-09-05,"County Ground, Chelmsford",3,48.3,48.3,Gloucestershire,Essex,CDJ Dent,James Bracey,S Snater,1,0,,,,,,,,,,,,,
1271394,2021,2021-09-05,"County Ground, Chelmsford",3,48.4,48.4,Gloucestershire,Essex,James Bracey,CDJ Dent,S Snater,0,0,,,,,,,,,,,,,
1271394,2021,2021-09-05,"County Ground, Chelmsford",3,48.5,48.5,Gloucestershire,Essex,James Bracey,CDJ Dent,S Snater,0,0,,,,,,,,,,,,,
1271394,2021,2021-09-05,"County Ground, Chelmsford",3,48.6,48.6,Gloucestershire,Essex,James Bracey,CDJ Dent,S Snater,0,0,,,,,,,,,,,,,
1271394,2021,2021-09-05,"County Ground, Chelmsford",3,49.1,49.1,Gloucestershire,Essex,CDJ Dent,James Bracey,SR Harmer,0,0,,,,,,,,,,,,,
1271394,2021,2021-09-05,"County Ground, Chelmsford",3,49.2,49.2,Gloucestershire,Essex,CDJ Dent,James Bracey,SR Harmer,0,0,,,,,,,,,,,,,
1271394,2021,2021-09-05,"County Ground, Chelmsford",3,49.3,49.3,Gloucestershire,Essex,CDJ Dent,James Bracey,SR Harmer,0,0,,,,,,,,,,,,,
1271394,2021,2021-09-05,"County Ground, Chelmsford",3,49.4,49.4,Gloucestershire,Essex,CDJ Dent,James Bracey,SR Harmer,0,0,,,,,,,,,,,,,
1271394,2021,2021-09-05,"County Ground, Chelmsford",3,49.5,49.5,Gloucestershire,Essex,CDJ Dent,James Bracey,SR Harmer,0,0,,,,,,,,,,,,,
1271394,2021,2021-09-05,"County Ground, Chelmsford",3,49.6,49.6,Gloucestershire,Essex,CDJ Dent,James Bracey,SR Harmer,0,0,,,,,,,,,,,,,
1271394,2021,2021-09-05,"County Ground, Chelmsford",3,50.1,50.1,Gloucestershire,Essex,James Bracey,CDJ Dent,SJ Cook,1,0,,,,,,,,,,,,,
1271394,2021,2021-09-05,"County Ground, Chelmsford",3,50.2,50.2,Gloucestershire,Essex,CDJ Dent,James Bracey,SJ Cook,0,0,,,,,,,,,,,,,
1271394,2021,2021-09-05,"County Ground, Chelmsford",3,50.3,50.3,Gloucestershire,Essex,CDJ Dent,James Bracey,SJ Cook,0,0,,,,,,,,,,,,,
1271394,2021,2021-09-05,"County Ground, Chelmsford",3,50.4,50.4,Gloucestershire,Essex,CDJ Dent,James Bracey,SJ Cook,0,0,,,,,,,,,,,,,
1271394,2021,2021-09-05,"County Ground, Chelmsford",3,50.5,50.5,Gloucestershire,Essex,CDJ Dent,James Bracey,SJ Cook,0,0,,,,,,,,,,,,,
1271394,2021,2021-09-05,"County Ground, Chelmsford",3,50.6,50.6,Gloucestershire,Essex,CDJ Dent,James Bracey,SJ Cook,0,0,,,,,,,,,,,,,
1271394,2021,2021-09-05,"County Ground, Chelmsford",3,51.1,51.1,Gloucestershire,Essex,James Bracey,CDJ Dent,SR Harmer,1,0,,,,,,,,,,,,,
1271394,2021,2021-09-05,"County Ground, Chelmsford",3,51.2,51.2,Gloucestershire,Essex,CDJ Dent,James Bracey,SR Harmer,0,0,,,,,,,,,,,,,
1271394,2021,2021-09-05,"County Ground, Chelmsford",3,51.3,51.3,Gloucestershire,Essex,CDJ Dent,James Bracey,SR Harmer,0,0,,,,,,,,,,,,,
1271394,2021,2021-09-05,"County Ground, Chelmsford",3,51.4,51.4,Gloucestershire,Essex,CDJ Dent,James Bracey,SR Harmer,0,0,,,,,,,,,,,,,
1271394,2021,2021-09-05,"County Ground, Chelmsford",3,51.5,51.5,Gloucestershire,Essex,CDJ Dent,James Bracey,SR Harmer,0,0,,,,,,,,,,,,,
1271394,2021,2021-09-05,"County Ground, Chelmsford",3,51.6,51.6,Gloucestershire,Essex,CDJ Dent,James Bracey,SR Harmer,0,0,,,,,,,,,,,,,
1271394,2021,2021-09-05,"County Ground, Chelmsford",3,52.1,52.1,Gloucestershire,Essex,James Bracey,CDJ Dent,SJ Cook,0,0,,,,,,,,,,,,,
1271394,2021,2021-09-05,"County Ground, Chelmsford",3,52.2,52.2,Gloucestershire,Essex,James Bracey,CDJ Dent,SJ Cook,0,0,,,,,,,,,,,,,
1271394,2021,2021-09-05,"County Ground, Chelmsford",3,52.3,52.3,Gloucestershire,Essex,James Bracey,CDJ Dent,SJ Cook,0,0,,,,,,,,,,,,,
1271394,2021,2021-09-05,"County Ground, Chelmsford",3,52.4,52.4,Gloucestershire,Essex,James Bracey,CDJ Dent,SJ Cook,1,0,,,,,,,,,,,,,
1271394,2021,2021-09-05,"County Ground, Chelmsford",3,52.5,52.5,Gloucestershire,Essex,CDJ Dent,James Bracey,SJ Cook,0,0,,,,,,,,,,,,,
1271394,2021,2021-09-05,"County Ground, Chelmsford",3,52.6,52.6,Gloucestershire,Essex,CDJ Dent,James Bracey,SJ Cook,0,0,,,,,,,,,,,,,
1271394,2021,2021-09-05,"County Ground, Chelmsford",3,53.1,53.1,Gloucestershire,Essex,James Bracey,CDJ Dent,T Westley,0,0,,,,,,,,,,,,,
1271394,2021,2021-09-05,"County Ground, Chelmsford",3,53.2,53.2,Gloucestershire,Essex,James Bracey,CDJ Dent,T Westley,1,0,,,,,,,,,,,,,
1271394,2021,2021-09-05,"County Ground, Chelmsford",3,53.3,53.3,Gloucestershire,Essex,CDJ Dent,James Bracey,T Westley,0,0,,,,,,,,,,,,,
1271394,2021,2021-09-05,"County Ground, Chelmsford",3,53.4,53.4,Gloucestershire,Essex,CDJ Dent,James Bracey,T Westley,0,0,,,,,,,,,,,,,
1271394,2021,2021-09-05,"County Ground, Chelmsford",3,53.5,53.5,Gloucestershire,Essex,CDJ Dent,James Bracey,T Westley,0,0,,,,,,,,,,,,,
1271394,2021,2021-09-05,"County Ground, Chelmsford",3,53.6,53.6,Gloucestershire,Essex,CDJ Dent,James Bracey,T Westley,0,0,,,,,,,,,,,,,
1271394,2021,2021-09-05,"County Ground, Chelmsford",3,54.1,54.1,Gloucestershire,Essex,James Bracey,CDJ Dent,SJ Cook,0,0,,,,,,,,,,,,,
1271394,2021,2021-09-05,"County Ground, Chelmsford",3,54.2,54.2,Gloucestershire,Essex,James Bracey,CDJ Dent,SJ Cook,0,0,,,,,,,,,,,,,
1271394,2021,2021-09-05,"County Ground, Chelmsford",3,54.3,54.3,Gloucestershire,Essex,James Bracey,CDJ Dent,SJ Cook,0,0,,,,,,,,,,,,,
1271394,2021,2021-09-05,"County Ground, Chelmsford",3,54.4,54.4,Gloucestershire,Essex,James Bracey,CDJ Dent,SJ Cook,0,0,,,,,,,caught,James Bracey,,,SR Harmer,,
1271394,2021,2021-09-05,"County Ground, Chelmsford",3,54.5,54.5,Gloucestershire,Essex,TJ Price,CDJ Dent,SJ Cook,0,0,,,,,,,,,,,,,
1271394,2021,2021-09-05,"County Ground, Chelmsford",3,54.6,54.6,Gloucestershire,Essex,TJ Price,CDJ Dent,SJ Cook,1,0,,,,,,,,,,,,,
1271394,2021,2021-09-05,"County Ground, Chelmsford",3,55.1,55.1,Gloucestershire,Essex,TJ Price,CDJ Dent,SR Harmer,0,0,,,,,,,,,,,,,
1271394,2021,2021-09-05,"County Ground, Chelmsford",3,55.2,55.2,Gloucestershire,Essex,TJ Price,CDJ Dent,SR Harmer,0,0,,,,,,,,,,,,,
1271394,2021,2021-09-05,"County Ground, Chelmsford",3,55.3,55.3,Gloucestershire,Essex,TJ Price,CDJ Dent,SR Harmer,0,0,,,,,,,,,,,,,
1271394,2021,2021-09-05,"County Ground, Chelmsford",3,55.4,55.4,Gloucestershire,Essex,TJ Price,CDJ Dent,SR Harmer,0,0,,,,,,,,,,,,,
1271394,2021,2021-09-05,"County Ground, Chelmsford",3,55.5,55.5,Gloucestershire,Essex,TJ Price,CDJ Dent,SR Harmer,0,0,,,,,,,,,,,,,
1271394,2021,2021-09-05,"County Ground, Chelmsford",3,55.6,55.6,Gloucestershire,Essex,TJ Price,CDJ Dent,SR Harmer,0,0,,,,,,,,,,,,,
1271394,2021,2021-09-05,"County Ground, Chelmsford",3,56.1,56.1,Gloucestershire,Essex,CDJ Dent,TJ Price,SJ Cook,0,0,,,,,,,,,,,,,
1271394,2021,2021-09-05,"County Ground, Chelmsford",3,56.2,56.2,Gloucestershire,Essex,CDJ Dent,TJ Price,SJ Cook,0,0,,,,,,,,,,,,,
1271394,2021,2021-09-05,"County Ground, Chelmsford",3,56.3,56.3,Gloucestershire,Essex,CDJ Dent,TJ Price,SJ Cook,0,0,,,,,,,,,,,,,
1271394,2021,2021-09-05,"County Ground, Chelmsford",3,56.4,56.4,Gloucestershire,Essex,CDJ Dent,TJ Price,SJ Cook,0,0,,,,,,,,,,,,,
1271394,2021,2021-09-05,"County Ground, Chelmsford",3,56.5,56.5,Gloucestershire,Essex,CDJ Dent,TJ Price,SJ Cook,0,0,,,,,,,,,,,,,
1271394,2021,2021-09-05,"County Ground, Chelmsford",3,56.6,56.6,Gloucestershire,Essex,CDJ Dent,TJ Price,SJ Cook,0,0,,,,,,,,,,,,,
1271394,2021,2021-09-05,"County Ground, Chelmsford",3,57.1,57.1,Gloucestershire,Essex,TJ Price,CDJ Dent,SR Harmer,0,0,,,,,,,,,,,,,
1271394,2021,2021-09-05,"County Ground, Chelmsford",3,57.2,57.2,Gloucestershire,Essex,TJ Price,CDJ Dent,SR Harmer,0,0,,,,,,,,,,,,,
1271394,2021,2021-09-05,"County Ground, Chelmsford",3,57.3,57.3,Gloucestershire,Essex,TJ Price,CDJ Dent,SR Harmer,0,0,,,,,,,,,,,,,
1271394,2021,2021-09-05,"County Ground, Chelmsford",3,57.4,57.4,Gloucestershire,Essex,TJ Price,CDJ Dent,SR Harmer,0,0,,,,,,,,,,,,,
1271394,2021,2021-09-05,"County Ground, Chelmsford",3,57.5,57.5,Gloucestershire,Essex,TJ Price,CDJ Dent,SR Harmer,0,0,,,,,,,caught,TJ Price,,,NLJ Browne,,
1271394,2021,2021-09-05,"County Ground, Chelmsford",3,57.6,57.6,Gloucestershire,Essex,OJ Price,CDJ Dent,SR Harmer,0,0,,,,,,,,,,,,,
1271394,2021,2021-09-05,"County Ground, Chelmsford",3,58.1,58.1,Gloucestershire,Essex,CDJ Dent,OJ Price,SJ Cook,0,0,,,,,,,,,,,,,
1271394,2021,2021-09-05,"County Ground, Chelmsford",3,58.2,58.2,Gloucestershire,Essex,CDJ Dent,OJ Price,SJ Cook,0,0,,,,,,,,,,,,,
1271394,2021,2021-09-05,"County Ground, Chelmsford",3,58.3,58.3,Gloucestershire,Essex,CDJ Dent,OJ Price,SJ Cook,1,0,,,,,,,,,,,,,
1271394,2021,2021-09-05,"County Ground, Chelmsford",3,58.4,58.4,Gloucestershire,Essex,OJ Price,CDJ Dent,SJ Cook,0,0,,,,,,,,,,,,,
1271394,2021,2021-09-05,"County Ground, Chelmsford",3,58.5,58.5,Gloucestershire,Essex,OJ Price,CDJ Dent,SJ Cook,0,0,,,,,,,,,,,,,
1271394,2021,2021-09-05,"County Ground, Chelmsford",3,58.6,58.6,Gloucestershire,Essex,OJ Price,CDJ Dent,SJ Cook,0,0,,,,,,,,,,,,,
1271394,2021,2021-09-05,"County Ground, Chelmsford",3,59.1,59.1,Gloucestershire,Essex,CDJ Dent,OJ Price,SR Harmer,0,0,,,,,,,,,,,,,
1271394,2021,2021-09-05,"County Ground, Chelmsford",3,59.2,59.2,Gloucestershire,Essex,CDJ Dent,OJ Price,SR Harmer,0,0,,,,,,,,,,,,,
1271394,2021,2021-09-05,"County Ground, Chelmsford",3,59.3,59.3,Gloucestershire,Essex,CDJ Dent,OJ Price,SR Harmer,1,0,,,,,,,,,,,,,
1271394,2021,2021-09-05,"County Ground, Chelmsford",3,59.4,59.4,Gloucestershire,Essex,OJ Price,CDJ Dent,SR Harmer,0,0,,,,,,,,,,,,,
1271394,2021,2021-09-05,"County Ground, Chelmsford",3,59.5,59.5,Gloucestershire,Essex,OJ Price,CDJ Dent,SR Harmer,0,4,,,,4,,,,,,,,,
1271394,2021,2021-09-05,"County Ground, Chelmsford",3,59.6,59.6,Gloucestershire,Essex,OJ Price,CDJ Dent,SR Harmer,0,0,,,,,,,,,,,,,
1271394,2021,2021-09-05,"County Ground, Chelmsford",3,60.1,60.1,Gloucestershire,Essex,CDJ Dent,OJ Price,SJ Cook,1,0,,,,,,,,,,,,,
1271394,2021,2021-09-05,"County Ground, Chelmsford",3,60.2,60.2,Gloucestershire,Essex,OJ Price,CDJ Dent,SJ Cook,0,0,,,,,,,,,,,,,
1271394,2021,2021-09-05,"County Ground, Chelmsford",3,60.3,60.3,Gloucestershire,Essex,OJ Price,CDJ Dent,SJ Cook,0,0,,,,,,,,,,,,,
1271394,2021,2021-09-05,"County Ground, Chelmsford",3,60.4,60.4,Gloucestershire,Essex,OJ Price,CDJ Dent,SJ Cook,1,0,,,,,,,run out,OJ Price,,,JS Rymell,,
1271394,2021,2021-09-05,"County Ground, Chelmsford",3,60.5,60.5,Gloucestershire,Essex,TC Lace,CDJ Dent,SJ Cook,0,0,,,,,,,,,,,,,
1271394,2021,2021-09-05,"County Ground, Chelmsford",3,60.6,60.6,Gloucestershire,Essex,TC Lace,CDJ Dent,SJ Cook,0,0,,,,,,,,,,,,,
1271394,2021,2021-09-05,"County Ground, Chelmsford",3,61.1,61.1,Gloucestershire,Essex,CDJ Dent,TC Lace,SR Harmer,2,0,,,,,,,,,,,,,
1271394,2021,2021-09-05,"County Ground, Chelmsford",3,61.2,61.2,Gloucestershire,Essex,CDJ Dent,TC Lace,SR Harmer,0,0,,,,,,,,,,,,,
1271394,2021,2021-09-05,"County Ground, Chelmsford",3,61.3,61.3,Gloucestershire,Essex,CDJ Dent,TC Lace,SR Harmer,0,0,,,,,,,,,,,,,
1271394,2021,2021-09-05,"County Ground, Chelmsford",3,61.4,61.4,Gloucestershire,Essex,CDJ Dent,TC Lace,SR Harmer,0,0,,,,,,,,,,,,,
1271394,2021,2021-09-05,"County Ground, Chelmsford",3,61.5,61.5,Gloucestershire,Essex,CDJ Dent,TC Lace,SR Harmer,0,0,,,,,,,,,,,,,
1271394,2021,2021-09-05,"County Ground, Chelmsford",3,61.6,61.6,Gloucestershire,Essex,CDJ Dent,TC Lace,SR Harmer,0,0,,,,,,,,,,,,,
1271394,2021,2021-09-05,"County Ground, Chelmsford",3,62.1,62.1,Gloucestershire,Essex,TC Lace,CDJ Dent,SJ Cook,0,0,,,,,,,,,,,,,
1271394,2021,2021-09-05,"County Ground, Chelmsford",3,62.2,62.2,Gloucestershire,Essex,TC Lace,CDJ Dent,SJ Cook,0,0,,,,,,,,,,,,,
1271394,2021,2021-09-05,"County Ground, Chelmsford",3,62.3,62.3,Gloucestershire,Essex,TC Lace,CDJ Dent,SJ Cook,0,0,,,,,,,caught,TC Lace,,,SR Harmer,,
1271394,2021,2021-09-05,"County Ground, Chelmsford",3,62.4,62.4,Gloucestershire,Essex,GL van Buuren,CDJ Dent,SJ Cook,0,0,,,,,,,,,,,,,
1271394,2021,2021-09-05,"County Ground, Chelmsford",3,62.5,62.5,Gloucestershire,Essex,GL van Buuren,CDJ Dent,SJ Cook,0,0,,,,,,,,,,,,,
1271394,2021,2021-09-05,"County Ground, Chelmsford",3,62.6,62.6,Gloucestershire,Essex,GL van Buuren,CDJ Dent,SJ Cook,0,0,,,,,,,,,,,,,
1271394,2021,2021-09-05,"County Ground, Chelmsford",3,63.1,63.1,Gloucestershire,Essex,CDJ Dent,GL van Buuren,SR Harmer,0,0,,,,,,,,,,,,,
1271394,2021,2021-09-05,"County Ground, Chelmsford",3,63.2,63.2,Gloucestershire,Essex,CDJ Dent,GL van Buuren,SR Harmer,0,0,,,,,,,,,,,,,
1271394,2021,2021-09-05,"County Ground, Chelmsford",3,63.3,63.3,Gloucestershire,Essex,CDJ Dent,GL van Buuren,SR Harmer,0,0,,,,,,,,,,,,,
1271394,2021,2021-09-05,"County Ground, Chelmsford",3,63.4,63.4,Gloucestershire,Essex,CDJ Dent,GL van Buuren,SR Harmer,0,0,,,,,,,,,,,,,
1271394,2021,2021-09-05,"County Ground, Chelmsford",3,63.5,63.5,Gloucestershire,Essex,CDJ Dent,GL van Buuren,SR Harmer,0,0,,,,,,,,,,,,,
1271394,2021,2021-09-05,"County Ground, Chelmsford",3,63.6,63.6,Gloucestershire,Essex,CDJ Dent,GL van Buuren,SR Harmer,0,0,,,,,,,,,,,,,
1271394,2021,2021-09-05,"County Ground, Chelmsford",3,64.1,64.1,Gloucestershire,Essex,GL van Buuren,CDJ Dent,SJ Cook,0,0,,,,,,,lbw,GL van Buuren,,,,,
1271394,2021,2021-09-05,"County Ground, Chelmsford",3,64.2,64.2,Gloucestershire,Essex,RF Higgins,CDJ Dent,SJ Cook,0,0,,,,,,,,,,,,,
1271394,2021,2021-09-05,"County Ground, Chelmsford",3,64.3,64.3,Gloucestershire,Essex,RF Higgins,CDJ Dent,SJ Cook,0,0,,,,,,,,,,,,,
1271394,2021,2021-09-05,"County Ground, Chelmsford",3,64.4,64.4,Gloucestershire,Essex,RF Higgins,CDJ Dent,SJ Cook,0,0,,,,,,,,,,,,,
1271394,2021,2021-09-05,"County Ground, Chelmsford",3,64.5,64.5,Gloucestershire,Essex,RF Higgins,CDJ Dent,SJ Cook,0,0,,,,,,,,,,,,,
1271394,2021,2021-09-05,"County Ground, Chelmsford",3,64.6,64.6,Gloucestershire,Essex,RF Higgins,CDJ Dent,SJ Cook,0,0,,,,,,,,,,,,,
1271394,2021,2021-09-05,"County Ground, Chelmsford",3,65.1,65.1,Gloucestershire,Essex,CDJ Dent,RF Higgins,SR Harmer,0,0,,,,,,,bowled,CDJ Dent,,,,,
1271394,2021,2021-09-05,"County Ground, Chelmsford",3,65.2,65.2,Gloucestershire,Essex,Zafar Gohar,RF Higgins,SR Harmer,0,0,,,,,,,,,,,,,
1271394,2021,2021-09-05,"County Ground, Chelmsford",3,65.3,65.3,Gloucestershire,Essex,Zafar Gohar,RF Higgins,SR Harmer,0,0,,,,,,,,,,,,,
1271394,2021,2021-09-05,"County Ground, Chelmsford",3,65.4,65.4,Gloucestershire,Essex,Zafar Gohar,RF Higgins,SR Harmer,1,0,,,,,,,,,,,,,
1271394,2021,2021-09-05,"County Ground, Chelmsford",3,65.5,65.5,Gloucestershire,Essex,RF Higgins,Zafar Gohar,SR Harmer,0,0,,,,,,,,,,,,,
1271394,2021,2021-09-05,"County Ground, Chelmsford",3,65.6,65.6,Gloucestershire,Essex,RF Higgins,Zafar Gohar,SR Harmer,0,0,,,,,,,,,,,,,
1271394,2021,2021-09-05,"County Ground, Chelmsford",3,66.1,66.1,Gloucestershire,Essex,Zafar Gohar,RF Higgins,SJ Cook,0,0,,,,,,,,,,,,,
1271394,2021,2021-09-05,"County Ground, Chelmsford",3,66.2,66.2,Gloucestershire,Essex,Zafar Gohar,RF Higgins,SJ Cook,0,0,,,,,,,,,,,,,
1271394,2021,2021-09-05,"County Ground, Chelmsford",3,66.3,66.3,Gloucestershire,Essex,Zafar Gohar,RF Higgins,SJ Cook,0,0,,,,,,,,,,,,,
1271394,2021,2021-09-05,"County Ground, Chelmsford",3,66.4,66.4,Gloucestershire,Essex,Zafar Gohar,RF Higgins,SJ Cook,0,0,,,,,,,,,,,,,
1271394,2021,2021-09-05,"County Ground, Chelmsford",3,66.5,66.5,Gloucestershire,Essex,Zafar Gohar,RF Higgins,SJ Cook,0,0,,,,,,,,,,,,,
1271394,2021,2021-09-05,"County Ground, Chelmsford",3,66.6,66.6,Gloucestershire,Essex,Zafar Gohar,RF Higgins,SJ Cook,0,0,,,,,,,,,,,,,
1271394,2021,2021-09-05,"County Ground, Chelmsford",3,67.1,67.1,Gloucestershire,Essex,RF Higgins,Zafar Gohar,SR Harmer,0,0,,,,,,,,,,,,,
1271394,2021,2021-09-05,"County Ground, Chelmsford",3,67.2,67.2,Gloucestershire,Essex,RF Higgins,Zafar Gohar,SR Harmer,0,0,,,,,,,,,,,,,
1271394,2021,2021-09-05,"County Ground, Chelmsford",3,67.3,67.3,Gloucestershire,Essex,RF Higgins,Zafar Gohar,SR Harmer,0,0,,,,,,,,,,,,,
1271394,2021,2021-09-05,"County Ground, Chelmsford",3,67.4,67.4,Gloucestershire,Essex,RF Higgins,Zafar Gohar,SR Harmer,1,0,,,,,,,,,,,,,
1271394,2021,2021-09-05,"County Ground, Chelmsford",3,67.5,67.5,Gloucestershire,Essex,Zafar Gohar,RF Higgins,SR Harmer,0,0,,,,,,,,,,,,,
1271394,2021,2021-09-05,"County Ground, Chelmsford",3,67.6,67.6,Gloucestershire,Essex,Zafar Gohar,RF Higgins,SR Harmer,0,0,,,,,,,,,,,,,
1271394,2021,2021-09-05,"County Ground, Chelmsford",3,68.1,68.1,Gloucestershire,Essex,RF Higgins,Zafar Gohar,SJ Cook,0,0,,,,,,,,,,,,,
1271394,2021,2021-09-05,"County Ground, Chelmsford",3,68.2,68.2,Gloucestershire,Essex,RF Higgins,Zafar Gohar,SJ Cook,0,0,,,,,,,,,,,,,
1271394,2021,2021-09-05,"County Ground, Chelmsford",3,68.3,68.3,Gloucestershire,Essex,RF Higgins,Zafar Gohar,SJ Cook,0,0,,,,,,,,,,,,,
1271394,2021,2021-09-05,"County Ground, Chelmsford",3,68.4,68.4,Gloucestershire,Essex,RF Higgins,Zafar Gohar,SJ Cook,0,0,,,,,,,,,,,,,
1271394,2021,2021-09-05,"County Ground, Chelmsford",3,68.5,68.5,Gloucestershire,Essex,RF Higgins,Zafar Gohar,SJ Cook,0,0,,,,,,,,,,,,,
1271394,2021,2021-09-05,"County Ground, Chelmsford",3,68.6,68.6,Gloucestershire,Essex,RF Higgins,Zafar Gohar,SJ Cook,1,0,,,,,,,,,,,,,
1271394,2021,2021-09-05,"County Ground, Chelmsford",3,69.1,69.1,Gloucestershire,Essex,RF Higgins,Zafar Gohar,SR Harmer,0,0,,,,,,,,,,,,,
1271394,2021,2021-09-05,"County Ground, Chelmsford",3,69.2,69.2,Gloucestershire,Essex,RF Higgins,Zafar Gohar,SR Harmer,0,0,,,,,,,,,,,,,
1271394,2021,2021-09-05,"County Ground, Chelmsford",3,69.3,69.3,Gloucestershire,Essex,RF Higgins,Zafar Gohar,SR Harmer,0,0,,,,,,,,,,,,,
1271394,2021,2021-09-05,"County Ground, Chelmsford",3,69.4,69.4,Gloucestershire,Essex,RF Higgins,Zafar Gohar,SR Harmer,0,0,,,,,,,,,,,,,
1271394,2021,2021-09-05,"County Ground, Chelmsford",3,69.5,69.5,Gloucestershire,Essex,RF Higgins,Zafar Gohar,SR Harmer,0,0,,,,,,,,,,,,,
1271394,2021,2021-09-05,"County Ground, Chelmsford",3,69.6,69.6,Gloucestershire,Essex,RF Higgins,Zafar Gohar,SR Harmer,0,0,,,,,,,,,,,,,
1271394,2021,2021-09-05,"County Ground, Chelmsford",3,70.1,70.1,Gloucestershire,Essex,Zafar Gohar,RF Higgins,SJ Cook,0,0,,,,,,,,,,,,,
1271394,2021,2021-09-05,"County Ground, Chelmsford",3,70.2,70.2,Gloucestershire,Essex,Zafar Gohar,RF Higgins,SJ Cook,0,0,,,,,,,,,,,,,
1271394,2021,2021-09-05,"County Ground, Chelmsford",3,70.3,70.3,Gloucestershire,Essex,Zafar Gohar,RF Higgins,SJ Cook,0,0,,,,,,,,,,,,,
1271394,2021,2021-09-05,"County Ground, Chelmsford",3,70.4,70.4,Gloucestershire,Essex,Zafar Gohar,RF Higgins,SJ Cook,0,0,,,,,,,,,,,,,
1271394,2021,2021-09-05,"County Ground, Chelmsford",3,70.5,70.5,Gloucestershire,Essex,Zafar Gohar,RF Higgins,SJ Cook,0,0,,,,,,,,,,,,,
1271394,2021,2021-09-05,"County Ground, Chelmsford",3,70.6,70.6,Gloucestershire,Essex,Zafar Gohar,RF Higgins,SJ Cook,0,0,,,,,,,,,,,,,
1271394,2021,2021-09-05,"County Ground, Chelmsford",3,71.1,71.1,Gloucestershire,Essex,RF Higgins,Zafar Gohar,SR Harmer,4,0,,,,,,,,,,,,,
1271394,2021,2021-09-05,"County Ground, Chelmsford",3,71.2,71.2,Gloucestershire,Essex,RF Higgins,Zafar Gohar,SR Harmer,0,0,,,,,,,,,,,,,
1271394,2021,2021-09-05,"County Ground, Chelmsford",3,71.3,71.3,Gloucestershire,Essex,RF Higgins,Zafar Gohar,SR Harmer,3,0,,,,,,,,,,,,,
1271394,2021,2021-09-05,"County Ground, Chelmsford",3,71.4,71.4,Gloucestershire,Essex,Zafar Gohar,RF Higgins,SR Harmer,0,0,,,,,,,,,,,,,
1271394,2021,2021-09-05,"County Ground, Chelmsford",3,71.5,71.5,Gloucestershire,Essex,Zafar Gohar,RF Higgins,SR Harmer,0,0,,,,,,,,,,,,,
1271394,2021,2021-09-05,"County Ground, Chelmsford",3,71.6,71.6,Gloucestershire,Essex,Zafar Gohar,RF Higgins,SR Harmer,0,0,,,,,,,,,,,,,
1271394,2021,2021-09-05,"County Ground, Chelmsford",3,72.1,72.1,Gloucestershire,Essex,RF Higgins,Zafar Gohar,SJ Cook,4,0,,,,,,,,,,,,,
1271394,2021,2021-09-05,"County Ground, Chelmsford",3,72.2,72.2,Gloucestershire,Essex,RF Higgins,Zafar Gohar,SJ Cook,0,0,,,,,,,,,,,,,
1271394,2021,2021-09-05,"County Ground, Chelmsford",3,72.3,72.3,Gloucestershire,Essex,RF Higgins,Zafar Gohar,SJ Cook,0,0,,,,,,,,,,,,,
1271394,2021,2021-09-05,"County Ground, Chelmsford",3,72.4,72.4,Gloucestershire,Essex,RF Higgins,Zafar Gohar,SJ Cook,0,0,,,,,,,,,,,,,
1271394,2021,2021-09-05,"County Ground, Chelmsford",3,72.5,72.5,Gloucestershire,Essex,RF Higgins,Zafar Gohar,SJ Cook,0,0,,,,,,,,,,,,,
1271394,2021,2021-09-05,"County Ground, Chelmsford",3,72.6,72.6,Gloucestershire,Essex,RF Higgins,Zafar Gohar,SJ Cook,0,0,,,,,,,,,,,,,
1271394,2021,2021-09-05,"County Ground, Chelmsford",3,73.1,73.1,Gloucestershire,Essex,Zafar Gohar,RF Higgins,SR Harmer,2,0,,,,,,,,,,,,,
1271394,2021,2021-09-05,"County Ground, Chelmsford",3,73.2,73.2,Gloucestershire,Essex,Zafar Gohar,RF Higgins,SR Harmer,0,0,,,,,,,,,,,,,
1271394,2021,2021-09-05,"County Ground, Chelmsford",3,73.3,73.3,Gloucestershire,Essex,Zafar Gohar,RF Higgins,SR Harmer,0,0,,,,,,,,,,,,,
1271394,2021,2021-09-05,"County Ground, Chelmsford",3,73.4,73.4,Gloucestershire,Essex,Zafar Gohar,RF Higgins,SR Harmer,0,0,,,,,,,,,,,,,
1271394,2021,2021-09-05,"County Ground, Chelmsford",3,73.5,73.5,Gloucestershire,Essex,Zafar Gohar,RF Higgins,SR Harmer,0,0,,,,,,,,,,,,,
1271394,2021,2021-09-05,"County Ground, Chelmsford",3,73.6,73.6,Gloucestershire,Essex,Zafar Gohar,RF Higgins,SR Harmer,4,0,,,,,,,,,,,,,
1271394,2021,2021-09-05,"County Ground, Chelmsford",3,74.1,74.1,Gloucestershire,Essex,RF Higgins,Zafar Gohar,S Snater,0,0,,,,,,,,,,,,,
1271394,2021,2021-09-05,"County Ground, Chelmsford",3,74.2,74.2,Gloucestershire,Essex,RF Higgins,Zafar Gohar,S Snater,4,0,,,,,,,,,,,,,
1271394,2021,2021-09-05,"County Ground, Chelmsford",3,74.3,74.3,Gloucestershire,Essex,RF Higgins,Zafar Gohar,S Snater,0,0,,,,,,,,,,,,,
1271394,2021,2021-09-05,"County Ground, Chelmsford",3,74.4,74.4,Gloucestershire,Essex,RF Higgins,Zafar Gohar,S Snater,1,0,,,,,,,,,,,,,
1271394,2021,2021-09-05,"County Ground, Chelmsford",3,74.5,74.5,Gloucestershire,Essex,Zafar Gohar,RF Higgins,S Snater,0,0,,,,,,,,,,,,,
1271394,2021,2021-09-05,"County Ground, Chelmsford",3,74.6,74.6,Gloucestershire,Essex,Zafar Gohar,RF Higgins,S Snater,0,0,,,,,,,,,,,,,
1271394,2021,2021-09-05,"County Ground, Chelmsford",3,75.1,75.1,Gloucestershire,Essex,RF Higgins,Zafar Gohar,SR Harmer,0,0,,,,,,,,,,,,,
1271394,2021,2021-09-05,"County Ground, Chelmsford",3,75.2,75.2,Gloucestershire,Essex,RF Higgins,Zafar Gohar,SR Harmer,0,0,,,,,,,,,,,,,
1271394,2021,2021-09-05,"County Ground, Chelmsford",3,75.3,75.3,Gloucestershire,Essex,RF Higgins,Zafar Gohar,SR Harmer,1,0,,,,,,,,,,,,,
1271394,2021,2021-09-05,"County Ground, Chelmsford",3,75.4,75.4,Gloucestershire,Essex,Zafar Gohar,RF Higgins,SR Harmer,0,0,,,,,,,,,,,,,
1271394,2021,2021-09-05,"County Ground, Chelmsford",3,75.5,75.5,Gloucestershire,Essex,Zafar Gohar,RF Higgins,SR Harmer,0,0,,,,,,,,,,,,,
1271394,2021,2021-09-05,"County Ground, Chelmsford",3,75.6,75.6,Gloucestershire,Essex,Zafar Gohar,RF Higgins,SR Harmer,0,0,,,,,,,,,,,,,
1271394,2021,2021-09-05,"County Ground, Chelmsford",3,76.1,76.1,Gloucestershire,Essex,RF Higgins,Zafar Gohar,S Snater,0,0,,,,,,,,,,,,,
1271394,2021,2021-09-05,"County Ground, Chelmsford",3,76.2,76.2,Gloucestershire,Essex,RF Higgins,Zafar Gohar,S Snater,0,0,,,,,,,,,,,,,
1271394,2021,2021-09-05,"County Ground, Chelmsford",3,76.3,76.3,Gloucestershire,Essex,RF Higgins,Zafar Gohar,S Snater,0,0,,,,,,,,,,,,,
1271394,2021,2021-09-05,"County Ground, Chelmsford",3,76.4,76.4,Gloucestershire,Essex,RF Higgins,Zafar Gohar,S Snater,0,0,,,,,,,,,,,,,
1271394,2021,2021-09-05,"County Ground, Chelmsford",3,76.5,76.5,Gloucestershire,Essex,RF Higgins,Zafar Gohar,S Snater,0,0,,,,,,,,,,,,,
1271394,2021,2021-09-05,"County Ground, Chelmsford",3,76.6,76.6,Gloucestershire,Essex,RF Higgins,Zafar Gohar,S Snater,0,0,,,,,,,,,,,,,
1271394,2021,2021-09-05,"County Ground, Chelmsford",3,77.1,77.1,Gloucestershire,Essex,Zafar Gohar,RF Higgins,SR Harmer,0,0,,,,,,,,,,,,,
1271394,2021,2021-09-05,"County Ground, Chelmsford",3,77.2,77.2,Gloucestershire,Essex,Zafar Gohar,RF Higgins,SR Harmer,0,0,,,,,,,,,,,,,
1271394,2021,2021-09-05,"County Ground, Chelmsford",3,77.3,77.3,Gloucestershire,Essex,Zafar Gohar,RF Higgins,SR Harmer,0,0,,,,,,,,,,,,,
1271394,2021,2021-09-05,"County Ground, Chelmsford",3,77.4,77.4,Gloucestershire,Essex,Zafar Gohar,RF Higgins,SR Harmer,0,0,,,,,,,,,,,,,
1271394,2021,2021-09-05,"County Ground, Chelmsford",3,77.5,77.5,Gloucestershire,Essex,Zafar Gohar,RF Higgins,SR Harmer,0,0,,,,,,,,,,,,,
1271394,2021,2021-09-05,"County Ground, Chelmsford",3,77.6,77.6,Gloucestershire,Essex,Zafar Gohar,RF Higgins,SR Harmer,0,0,,,,,,,,,,,,,
1271394,2021,2021-09-05,"County Ground, Chelmsford",3,78.1,78.1,Gloucestershire,Essex,RF Higgins,Zafar Gohar,S Snater,0,0,,,,,,,,,,,,,
1271394,2021,2021-09-05,"County Ground, Chelmsford",3,78.2,78.2,Gloucestershire,Essex,RF Higgins,Zafar Gohar,S Snater,0,0,,,,,,,,,,,,,
1271394,2021,2021-09-05,"County Ground, Chelmsford",3,78.3,78.3,Gloucestershire,Essex,RF Higgins,Zafar Gohar,S Snater,0,0,,,,,,,,,,,,,
1271394,2021,2021-09-05,"County Ground, Chelmsford",3,78.4,78.4,Gloucestershire,Essex,RF Higgins,Zafar Gohar,S Snater,0,0,,,,,,,,,,,,,
1271394,2021,2021-09-05,"County Ground, Chelmsford",3,78.5,78.5,Gloucestershire,Essex,RF Higgins,Zafar Gohar,S Snater,0,0,,,,,,,,,,,,,
1271394,2021,2021-09-05,"County Ground, Chelmsford",3,78.6,78.6,Gloucestershire,Essex,RF Higgins,Zafar Gohar,S Snater,0,0,,,,,,,,,,,,,
1271394,2021,2021-09-05,"County Ground, Chelmsford",3,79.1,79.1,Gloucestershire,Essex,Zafar Gohar,RF Higgins,SR Harmer,4,0,,,,,,,,,,,,,
1271394,2021,2021-09-05,"County Ground, Chelmsford",3,79.2,79.2,Gloucestershire,Essex,Zafar Gohar,RF Higgins,SR Harmer,0,0,,,,,,,,,,,,,
1271394,2021,2021-09-05,"County Ground, Chelmsford",3,79.3,79.3,Gloucestershire,Essex,Zafar Gohar,RF Higgins,SR Harmer,0,0,,,,,,,,,,,,,
1271394,2021,2021-09-05,"County Ground, Chelmsford",3,79.4,79.4,Gloucestershire,Essex,Zafar Gohar,RF Higgins,SR Harmer,0,0,,,,,,,,,,,,,
1271394,2021,2021-09-05,"County Ground, Chelmsford",3,79.5,79.5,Gloucestershire,Essex,Zafar Gohar,RF Higgins,SR Harmer,0,0,,,,,,,,,,,,,
1271394,2021,2021-09-05,"County Ground, Chelmsford",3,79.6,79.6,Gloucestershire,Essex,Zafar Gohar,RF Higgins,SR Harmer,0,0,,,,,,,,,,,,,
1271394,2021,2021-09-05,"County Ground, Chelmsford",3,80.1,80.1,Gloucestershire,Essex,RF Higgins,Zafar Gohar,JA Porter,0,0,,,,,,,,,,,,,
1271394,2021,2021-09-05,"County Ground, Chelmsford",3,80.2,80.2,Gloucestershire,Essex,RF Higgins,Zafar Gohar,JA Porter,0,0,,,,,,,,,,,,,
1271394,2021,2021-09-05,"County Ground, Chelmsford",3,80.3,80.3,Gloucestershire,Essex,RF Higgins,Zafar Gohar,JA Porter,0,0,,,,,,,,,,,,,
1271394,2021,2021-09-05,"County Ground, Chelmsford",3,80.4,80.4,Gloucestershire,Essex,RF Higgins,Zafar Gohar,JA Porter,0,0,,,,,,,,,,,,,
1271394,2021,2021-09-05,"County Ground, Chelmsford",3,80.5,80.5,Gloucestershire,Essex,RF Higgins,Zafar Gohar,JA Porter,0,0,,,,,,,,,,,,,
1271394,2021,2021-09-05,"County Ground, Chelmsford",3,80.6,80.6,Gloucestershire,Essex,RF Higgins,Zafar Gohar,JA Porter,0,0,,,,,,,,,,,,,
1271394,2021,2021-09-05,"County Ground, Chelmsford",3,81.1,81.1,Gloucestershire,Essex,Zafar Gohar,RF Higgins,SR Harmer,0,0,,,,,,,,,,,,,
1271394,2021,2021-09-05,"County Ground, Chelmsford",3,81.2,81.2,Gloucestershire,Essex,Zafar Gohar,RF Higgins,SR Harmer,0,0,,,,,,,,,,,,,
1271394,2021,2021-09-05,"County Ground, Chelmsford",3,81.3,81.3,Gloucestershire,Essex,Zafar Gohar,RF Higgins,SR Harmer,4,0,,,,,,,,,,,,,
1271394,2021,2021-09-05,"County Ground, Chelmsford",3,81.4,81.4,Gloucestershire,Essex,Zafar Gohar,RF Higgins,SR Harmer,0,0,,,,,,,,,,,,,
1271394,2021,2021-09-05,"County Ground, Chelmsford",3,81.5,81.5,Gloucestershire,Essex,Zafar Gohar,RF Higgins,SR Harmer,0,0,,,,,,,,,,,,,
1271394,2021,2021-09-05,"County Ground, Chelmsford",3,81.6,81.6,Gloucestershire,Essex,Zafar Gohar,RF Higgins,SR Harmer,0,0,,,,,,,,,,,,,
1271394,2021,2021-09-05,"County Ground, Chelmsford",3,82.1,82.1,Gloucestershire,Essex,RF Higgins,Zafar Gohar,JA Porter,1,0,,,,,,,,,,,,,
1271394,2021,2021-09-05,"County Ground, Chelmsford",3,82.2,82.2,Gloucestershire,Essex,Zafar Gohar,RF Higgins,JA Porter,0,0,,,,,,,,,,,,,
1271394,2021,2021-09-05,"County Ground, Chelmsford",3,82.3,82.3,Gloucestershire,Essex,Zafar Gohar,RF Higgins,JA Porter,3,0,,,,,,,,,,,,,
1271394,2021,2021-09-05,"County Ground, Chelmsford",3,82.4,82.4,Gloucestershire,Essex,RF Higgins,Zafar Gohar,JA Porter,0,0,,,,,,,,,,,,,
1271394,2021,2021-09-05,"County Ground, Chelmsford",3,82.5,82.5,Gloucestershire,Essex,RF Higgins,Zafar Gohar,JA Porter,4,0,,,,,,,,,,,,,
1271394,2021,2021-09-05,"County Ground, Chelmsford",3,82.6,82.6,Gloucestershire,Essex,RF Higgins,Zafar Gohar,JA Porter,0,0,,,,,,,,,,,,,
1271394,2021,2021-09-05,"County Ground, Chelmsford",3,83.1,83.1,Gloucestershire,Essex,Zafar Gohar,RF Higgins,SR Harmer,0,0,,,,,,,,,,,,,
1271394,2021,2021-09-05,"County Ground, Chelmsford",3,83.2,83.2,Gloucestershire,Essex,Zafar Gohar,RF Higgins,SR Harmer,4,0,,,,,,,,,,,,,
1271394,2021,2021-09-05,"County Ground, Chelmsford",3,83.3,83.3,Gloucestershire,Essex,Zafar Gohar,RF Higgins,SR Harmer,0,0,,,,,,,,,,,,,
1271394,2021,2021-09-05,"County Ground, Chelmsford",3,83.4,83.4,Gloucestershire,Essex,Zafar Gohar,RF Higgins,SR Harmer,0,0,,,,,,,,,,,,,
1271394,2021,2021-09-05,"County Ground, Chelmsford",3,83.5,83.5,Gloucestershire,Essex,Zafar Gohar,RF Higgins,SR Harmer,0,0,,,,,,,,,,,,,
1271394,2021,2021-09-05,"County Ground, Chelmsford",3,83.6,83.6,Gloucestershire,Essex,Zafar Gohar,RF Higgins,SR Harmer,0,0,,,,,,,,,,,,,
1271394,2021,2021-09-05,"County Ground, Chelmsford",3,84.1,84.1,Gloucestershire,Essex,RF Higgins,Zafar Gohar,JA Porter,2,0,,,,,,,,,,,,,
1271394,2021,2021-09-05,"County Ground, Chelmsford",3,84.2,84.2,Gloucestershire,Essex,RF Higgins,Zafar Gohar,JA Porter,0,0,,,,,,,,,,,,,
1271394,2021,2021-09-05,"County Ground, Chelmsford",3,84.3,84.3,Gloucestershire,Essex,RF Higgins,Zafar Gohar,JA Porter,0,0,,,,,,,,,,,,,
1271394,2021,2021-09-05,"County Ground, Chelmsford",3,84.4,84.4,Gloucestershire,Essex,RF Higgins,Zafar Gohar,JA Porter,0,0,,,,,,,,,,,,,
1271394,2021,2021-09-05,"County Ground, Chelmsford",3,84.5,84.5,Gloucestershire,Essex,RF Higgins,Zafar Gohar,JA Porter,0,0,,,,,,,,,,,,,
1271394,2021,2021-09-05,"County Ground, Chelmsford",3,84.6,84.6,Gloucestershire,Essex,RF Higgins,Zafar Gohar,JA Porter,0,0,,,,,,,,,,,,,
1271394,2021,2021-09-05,"County Ground, Chelmsford",3,85.1,85.1,Gloucestershire,Essex,Zafar Gohar,RF Higgins,SR Harmer,1,0,,,,,,,,,,,,,
1271394,2021,2021-09-05,"County Ground, Chelmsford",3,85.2,85.2,Gloucestershire,Essex,RF Higgins,Zafar Gohar,SR Harmer,0,0,,,,,,,,,,,,,
1271394,2021,2021-09-05,"County Ground, Chelmsford",3,85.3,85.3,Gloucestershire,Essex,RF Higgins,Zafar Gohar,SR Harmer,0,0,,,,,,,,,,,,,
1271394,2021,2021-09-05,"County Ground, Chelmsford",3,85.4,85.4,Gloucestershire,Essex,RF Higgins,Zafar Gohar,SR Harmer,0,0,,,,,,,,,,,,,
1271394,2021,2021-09-05,"County Ground, Chelmsford",3,85.5,85.5,Gloucestershire,Essex,RF Higgins,Zafar Gohar,SR Harmer,2,0,,,,,,,,,,,,,
1271394,2021,2021-09-05,"County Ground, Chelmsford",3,85.6,85.6,Gloucestershire,Essex,RF Higgins,Zafar Gohar,SR Harmer,0,0,,,,,,,,,,,,,
1271394,2021,2021-09-05,"County Ground, Chelmsford",3,86.1,86.1,Gloucestershire,Essex,Zafar Gohar,RF Higgins,JA Porter,0,1,,,,1,,,,,,,,,
1271394,2021,2021-09-05,"County Ground, Chelmsford",3,86.2,86.2,Gloucestershire,Essex,RF Higgins,Zafar Gohar,JA Porter,1,0,,,,,,,,,,,,,
1271394,2021,2021-09-05,"County Ground, Chelmsford",3,86.3,86.3,Gloucestershire,Essex,Zafar Gohar,RF Higgins,JA Porter,1,0,,,,,,,,,,,,,
1271394,2021,2021-09-05,"County Ground, Chelmsford",3,86.4,86.4,Gloucestershire,Essex,RF Higgins,Zafar Gohar,JA Porter,0,0,,,,,,,,,,,,,
1271394,2021,2021-09-05,"County Ground, Chelmsford",3,86.5,86.5,Gloucestershire,Essex,RF Higgins,Zafar Gohar,JA Porter,0,0,,,,,,,,,,,,,
1271394,2021,2021-09-05,"County Ground, Chelmsford",3,86.6,86.6,Gloucestershire,Essex,RF Higgins,Zafar Gohar,JA Porter,0,0,,,,,,,,,,,,,
1271394,2021,2021-09-05,"County Ground, Chelmsford",3,87.1,87.1,Gloucestershire,Essex,Zafar Gohar,RF Higgins,SR Harmer,0,0,,,,,,,,,,,,,
1271394,2021,2021-09-05,"County Ground, Chelmsford",3,87.2,87.2,Gloucestershire,Essex,Zafar Gohar,RF Higgins,SR Harmer,0,0,,,,,,,caught,Zafar Gohar,,,AN Cook,,
1271394,2021,2021-09-05,"County Ground, Chelmsford",3,87.3,87.3,Gloucestershire,Essex,DA Payne,RF Higgins,SR Harmer,0,0,,,,,,,,,,,,,
1271394,2021,2021-09-05,"County Ground, Chelmsford",3,87.4,87.4,Gloucestershire,Essex,DA Payne,RF Higgins,SR Harmer,0,0,,,,,,,,,,,,,
1271394,2021,2021-09-05,"County Ground, Chelmsford",3,87.5,87.5,Gloucestershire,Essex,DA Payne,RF Higgins,SR Harmer,0,0,,,,,,,,,,,,,
1271394,2021,2021-09-05,"County Ground, Chelmsford",3,87.6,87.6,Gloucestershire,Essex,DA Payne,RF Higgins,SR Harmer,0,0,,,,,,,,,,,,,
1271394,2021,2021-09-05,"County Ground, Chelmsford",3,88.1,88.1,Gloucestershire,Essex,RF Higgins,DA Payne,JA Porter,0,0,,,,,,,,,,,,,
1271394,2021,2021-09-05,"County Ground, Chelmsford",3,88.2,88.2,Gloucestershire,Essex,RF Higgins,DA Payne,JA Porter,0,0,,,,,,,,,,,,,
1271394,2021,2021-09-05,"County Ground, Chelmsford",3,88.3,88.3,Gloucestershire,Essex,RF Higgins,DA Payne,JA Porter,0,0,,,,,,,,,,,,,
1271394,2021,2021-09-05,"County Ground, Chelmsford",3,88.4,88.4,Gloucestershire,Essex,RF Higgins,DA Payne,JA Porter,1,0,,,,,,,,,,,,,
1271394,2021,2021-09-05,"County Ground, Chelmsford",3,88.5,88.5,Gloucestershire,Essex,DA Payne,RF Higgins,JA Porter,0,0,,,,,,,,,,,,,
1271394,2021,2021-09-05,"County Ground, Chelmsford",3,88.6,88.6,Gloucestershire,Essex,DA Payne,RF Higgins,JA Porter,0,0,,,,,,,,,,,,,
1271394,2021,2021-09-05,"County Ground, Chelmsford",3,89.1,89.1,Gloucestershire,Essex,RF Higgins,DA Payne,SR Harmer,6,0,,,,,,,,,,,,,
1271394,2021,2021-09-05,"County Ground, Chelmsford",3,89.2,89.2,Gloucestershire,Essex,RF Higgins,DA Payne,SR Harmer,1,0,,,,,,,,,,,,,
1271394,2021,2021-09-05,"County Ground, Chelmsford",3,89.3,89.3,Gloucestershire,Essex,DA Payne,RF Higgins,SR Harmer,0,0,,,,,,,,,,,,,
1271394,2021,2021-09-05,"County Ground, Chelmsford",3,89.4,89.4,Gloucestershire,Essex,DA Payne,RF Higgins,SR Harmer,0,0,,,,,,,,,,,,,
1271394,2021,2021-09-05,"County Ground, Chelmsford",3,89.5,89.5,Gloucestershire,Essex,DA Payne,RF Higgins,SR Harmer,0,0,,,,,,,,,,,,,
1271394,2021,2021-09-05,"County Ground, Chelmsford",3,89.6,89.6,Gloucestershire,Essex,DA Payne,RF Higgins,SR Harmer,0,0,,,,,,,,,,,,,
1271394,2021,2021-09-05,"County Ground, Chelmsford",3,90.1,90.1,Gloucestershire,Essex,RF Higgins,DA Payne,SJ Cook,1,0,,,,,,,run out,RF Higgins,,,S Snater,,
