match_id,season,start_date,venue,innings,ball,actual_delivery,batting_team,bowling_team,striker,non_striker,bowler,runs_off_bat,extras,wides,noballs,byes,legbyes,penalty,non_boundary,wicket_type,player_dismissed,other_wicket_type,other_player_dismissed,fielder_1,fielder_2,fielder_3
1328684,2022/23,2022-11-05,Cello Basin Reserve,1,0.1,0.1,Wellington Firebirds,Auckland Aces,LI Georgeson,R Ravindra,BG Lister,0,0,,,,,,,,,,,,,
1328684,2022/23,2022-11-05,Cello Basin Reserve,1,0.2,0.2,Wellington Firebirds,Auckland Aces,LI Georgeson,R Ravindra,BG Lister,2,0,,,,,,,,,,,,,
1328684,2022/23,2022-11-05,Cello Basin Reserve,1,0.3,0.3,Wellington Firebirds,Auckland Aces,LI Georgeson,R Ravindra,BG Lister,0,0,,,,,,,,,,,,,
1328684,2022/23,2022-11-05,Cello Basin Reserve,1,0.4,0.4,Wellington Firebirds,Auckland Aces,LI Georgeson,R Ravindra,BG Lister,0,0,,,,,,,,,,,,,
1328684,2022/23,2022-11-05,Cello Basin Reserve,1,0.5,0.5,Wellington Firebirds,Auckland Aces,LI Georgeson,R Ravindra,BG Lister,0,0,,,,,,,,,,,,,
1328684,2022/23,2022-11-05,Cello Basin Reserve,1,0.6,0.6,Wellington Firebirds,Auckland Aces,LI Georgeson,R Ravindra,BG Lister,0,4,,,4,,,,,,,,,,
1328684,2022/23,2022-11-05,Cello Basin Reserve,1,1.1,1.1,Wellington Firebirds,Auckland Aces,R Ravindra,LI Georgeson,SM Solia,0,0,,,,,,,,,,,,,
1328684,2022/23,2022-11-05,Cello Basin Reserve,1,1.2,1.2,Wellington Firebirds,Auckland Aces,R Ravindra,LI Georgeson,SM Solia,0,0,,,,,,,,,,,,,
1328684,2022/23,2022-11-05,Cello Basin Reserve,1,1.3,1.3,Wellington Firebirds,Auckland Aces,R Ravindra,LI Georgeson,SM Solia,0,0,,,,,,,,,,,,,
1328684,2022/23,2022-11-05,Cello Basin Reserve,1,1.4,1.4,Wellington Firebirds,Auckland Aces,R Ravindra,LI Georgeson,SM Solia,2,0,,,,,,,,,,,,,
1328684,2022/23,2022-11-05,Cello Basin Reserve,1,1.5,1.5,Wellington Firebirds,Auckland Aces,R Ravindra,LI Georgeson,SM Solia,0,0,,,,,,,,,,,,,
1328684,2022/23,2022-11-05,Cello Basin Reserve,1,1.6,1.6,Wellington Firebirds,Auckland Aces,R Ravindra,LI Georgeson,SM Solia,1,0,,,,,,,,,,,,,
1328684,2022/23,2022-11-05,Cello Basin Reserve,1,2.1,2.1,Wellington Firebirds,Auckland Aces,R Ravindra,LI Georgeson,BG Lister,0,0,,,,,,,,,,,,,
1328684,2022/23,2022-11-05,Cello Basin Reserve,1,2.2,2.2,Wellington Firebirds,Auckland Aces,R Ravindra,LI Georgeson,BG Lister,0,0,,,,,,,,,,,,,
1328684,2022/23,2022-11-05,Cello Basin Reserve,1,2.3,2.3,Wellington Firebirds,Auckland Aces,R Ravindra,LI Georgeson,BG Lister,1,0,,,,,,,,,,,,,
1328684,2022/23,2022-11-05,Cello Basin Reserve,1,2.4,2.4,Wellington Firebirds,Auckland Aces,LI Georgeson,R Ravindra,BG Lister,0,0,,,,,,,,,,,,,
1328684,2022/23,2022-11-05,Cello Basin Reserve,1,2.5,2.5,Wellington Firebirds,Auckland Aces,LI Georgeson,R Ravindra,BG Lister,0,0,,,,,,,,,,,,,
1328684,2022/23,2022-11-05,Cello Basin Reserve,1,2.6,2.6,Wellington Firebirds,Auckland Aces,LI Georgeson,R Ravindra,BG Lister,0,0,,,,,,,,,,,,,
1328684,2022/23,2022-11-05,Cello Basin Reserve,1,3.1,3.1,Wellington Firebirds,Auckland Aces,R Ravindra,LI Georgeson,SM Solia,0,0,,,,,,,,,,,,,
1328684,2022/23,2022-11-05,Cello Basin Reserve,1,3.2,3.2,Wellington Firebirds,Auckland Aces,R Ravindra,LI Georgeson,SM Solia,0,0,,,,,,,,,,,,,
1328684,2022/23,2022-11-05,Cello Basin Reserve,1,3.3,3.3,Wellington Firebirds,Auckland Aces,R Ravindra,LI Georgeson,SM Solia,0,0,,,,,,,,,,,,,
1328684,2022/23,2022-11-05,Cello Basin Reserve,1,3.4,3.4,Wellington Firebirds,Auckland Aces,R Ravindra,LI Georgeson,SM Solia,0,0,,,,,,,,,,,,,
1328684,2022/23,2022-11-05,Cello Basin Reserve,1,3.5,3.5,Wellington Firebirds,Auckland Aces,R Ravindra,LI Georgeson,SM Solia,0,0,,,,,,,,,,,,,
1328684,2022/23,2022-11-05,Cello Basin Reserve,1,3.6,3.6,Wellington Firebirds,Auckland Aces,R Ravindra,LI Georgeson,SM Solia,0,0,,,,,,,,,,,,,
1328684,2022/23,2022-11-05,Cello Basin Reserve,1,4.1,4.1,Wellington Firebirds,Auckland Aces,LI Georgeson,R Ravindra,BG Lister,0,0,,,,,,,,,,,,,
1328684,2022/23,2022-11-05,Cello Basin Reserve,1,4.2,4.2,Wellington Firebirds,Auckland Aces,LI Georgeson,R Ravindra,BG Lister,2,0,,,,,,,,,,,,,
1328684,2022/23,2022-11-05,Cello Basin Reserve,1,4.3,4.3,Wellington Firebirds,Auckland Aces,LI Georgeson,R Ravindra,BG Lister,0,0,,,,,,,,,,,,,
1328684,2022/23,2022-11-05,Cello Basin Reserve,1,4.4,4.4,Wellington Firebirds,Auckland Aces,LI Georgeson,R Ravindra,BG Lister,0,4,,,4,,,,,,,,,,
1328684,2022/23,2022-11-05,Cello Basin Reserve,1,4.5,4.5,Wellington Firebirds,Auckland Aces,LI Georgeson,R Ravindra,BG Lister,0,0,,,,,,,,,,,,,
1328684,2022/23,2022-11-05,Cello Basin Reserve,1,4.6,4.6,Wellington Firebirds,Auckland Aces,LI Georgeson,R Ravindra,BG Lister,0,0,,,,,,,,,,,,,
1328684,2022/23,2022-11-05,Cello Basin Reserve,1,5.1,5.1,Wellington Firebirds,Auckland Aces,R Ravindra,LI Georgeson,SM Solia,0,0,,,,,,,,,,,,,
1328684,2022/23,2022-11-05,Cello Basin Reserve,1,5.2,5.2,Wellington Firebirds,Auckland Aces,R Ravindra,LI Georgeson,SM Solia,0,0,,,,,,,,,,,,,
1328684,2022/23,2022-11-05,Cello Basin Reserve,1,5.3,5.3,Wellington Firebirds,Auckland Aces,R Ravindra,LI Georgeson,SM Solia,0,0,,,,,,,,,,,,,
1328684,2022/23,2022-11-05,Cello Basin Reserve,1,5.4,5.4,Wellington Firebirds,Auckland Aces,R Ravindra,LI Georgeson,SM Solia,0,0,,,,,,,,,,,,,
1328684,2022/23,2022-11-05,Cello Basin Reserve,1,5.5,5.5,Wellington Firebirds,Auckland Aces,R Ravindra,LI Georgeson,SM Solia,0,1,1,,,,,,,,,,,,
1328684,2022/23,2022-11-05,Cello Basin Reserve,1,5.6,5.5,Wellington Firebirds,Auckland Aces,R Ravindra,LI Georgeson,SM Solia,0,0,,,,,,,,,,,,,
1328684,2022/23,2022-11-05,Cello Basin Reserve,1,5.7,5.6,Wellington Firebirds,Auckland Aces,R Ravindra,LI Georgeson,SM Solia,0,0,,,,,,,,,,,,,
1328684,2022/23,2022-11-05,Cello Basin Reserve,1,6.1,6.1,Wellington Firebirds,Auckland Aces,LI Georgeson,R Ravindra,BG Lister,2,0,,,,,,,,,,,,,
1328684,2022/23,2022-11-05,Cello Basin Reserve,1,6.2,6.2,Wellington Firebirds,Auckland Aces,LI Georgeson,R Ravindra,BG Lister,0,0,,,,,,,,,,,,,
1328684,2022/23,2022-11-05,Cello Basin Reserve,1,6.3,6.3,Wellington Firebirds,Auckland Aces,LI Georgeson,R Ravindra,BG Lister,2,0,,,,,,,,,,,,,
1328684,2022/23,2022-11-05,Cello Basin Reserve,1,6.4,6.4,Wellington Firebirds,Auckland Aces,LI Georgeson,R Ravindra,BG Lister,0,0,,,,,,,,,,,,,
1328684,2022/23,2022-11-05,Cello Basin Reserve,1,6.5,6.5,Wellington Firebirds,Auckland Aces,LI Georgeson,R Ravindra,BG Lister,0,0,,,,,,,,,,,,,
1328684,2022/23,2022-11-05,Cello Basin Reserve,1,6.6,6.6,Wellington Firebirds,Auckland Aces,LI Georgeson,R Ravindra,BG Lister,0,0,,,,,,,,,,,,,
1328684,2022/23,2022-11-05,Cello Basin Reserve,1,7.1,7.1,Wellington Firebirds,Auckland Aces,R Ravindra,LI Georgeson,DK Ferns,0,0,,,,,,,,,,,,,
1328684,2022/23,2022-11-05,Cello Basin Reserve,1,7.2,7.2,Wellington Firebirds,Auckland Aces,R Ravindra,LI Georgeson,DK Ferns,1,0,,,,,,,,,,,,,
1328684,2022/23,2022-11-05,Cello Basin Reserve,1,7.3,7.3,Wellington Firebirds,Auckland Aces,LI Georgeson,R Ravindra,DK Ferns,0,0,,,,,,,,,,,,,
1328684,2022/23,2022-11-05,Cello Basin Reserve,1,7.4,7.4,Wellington Firebirds,Auckland Aces,LI Georgeson,R Ravindra,DK Ferns,0,0,,,,,,,,,,,,,
1328684,2022/23,2022-11-05,Cello Basin Reserve,1,7.5,7.5,Wellington Firebirds,Auckland Aces,LI Georgeson,R Ravindra,DK Ferns,0,0,,,,,,,,,,,,,
1328684,2022/23,2022-11-05,Cello Basin Reserve,1,7.6,7.6,Wellington Firebirds,Auckland Aces,LI Georgeson,R Ravindra,DK Ferns,0,0,,,,,,,,,,,,,
1328684,2022/23,2022-11-05,Cello Basin Reserve,1,8.1,8.1,Wellington Firebirds,Auckland Aces,R Ravindra,LI Georgeson,BG Lister,2,0,,,,,,,,,,,,,
1328684,2022/23,2022-11-05,Cello Basin Reserve,1,8.2,8.2,Wellington Firebirds,Auckland Aces,R Ravindra,LI Georgeson,BG Lister,1,0,,,,,,,,,,,,,
1328684,2022/23,2022-11-05,Cello Basin Reserve,1,8.3,8.3,Wellington Firebirds,Auckland Aces,LI Georgeson,R Ravindra,BG Lister,0,0,,,,,,,,,,,,,
1328684,2022/23,2022-11-05,Cello Basin Reserve,1,8.4,8.4,Wellington Firebirds,Auckland Aces,LI Georgeson,R Ravindra,BG Lister,0,0,,,,,,,,,,,,,
1328684,2022/23,2022-11-05,Cello Basin Reserve,1,8.5,8.5,Wellington Firebirds,Auckland Aces,LI Georgeson,R Ravindra,BG Lister,0,0,,,,,,,,,,,,,
1328684,2022/23,2022-11-05,Cello Basin Reserve,1,8.6,8.6,Wellington Firebirds,Auckland Aces,LI Georgeson,R Ravindra,BG Lister,0,0,,,,,,,,,,,,,
1328684,2022/23,2022-11-05,Cello Basin Reserve,1,9.1,9.1,Wellington Firebirds,Auckland Aces,R Ravindra,LI Georgeson,DK Ferns,0,0,,,,,,,,,,,,,
1328684,2022/23,2022-11-05,Cello Basin Reserve,1,9.2,9.2,Wellington Firebirds,Auckland Aces,R Ravindra,LI Georgeson,DK Ferns,0,0,,,,,,,,,,,,,
1328684,2022/23,2022-11-05,Cello Basin Reserve,1,9.3,9.3,Wellington Firebirds,Auckland Aces,R Ravindra,LI Georgeson,DK Ferns,0,0,,,,,,,,,,,,,
1328684,2022/23,2022-11-05,Cello Basin Reserve,1,9.4,9.4,Wellington Firebirds,Auckland Aces,R Ravindra,LI Georgeson,DK Ferns,0,0,,,,,,,,,,,,,
1328684,2022/23,2022-11-05,Cello Basin Reserve,1,9.5,9.5,Wellington Firebirds,Auckland Aces,R Ravindra,LI Georgeson,DK Ferns,0,0,,,,,,,,,,,,,
1328684,2022/23,2022-11-05,Cello Basin Reserve,1,9.6,9.6,Wellington Firebirds,Auckland Aces,R Ravindra,LI Georgeson,DK Ferns,0,0,,,,,,,,,,,,,
1328684,2022/23,2022-11-05,Cello Basin Reserve,1,10.1,10.1,Wellington Firebirds,Auckland Aces,LI Georgeson,R Ravindra,SB Keene,0,0,,,,,,,,,,,,,
1328684,2022/23,2022-11-05,Cello Basin Reserve,1,10.2,10.2,Wellington Firebirds,Auckland Aces,LI Georgeson,R Ravindra,SB Keene,0,0,,,,,,,,,,,,,
1328684,2022/23,2022-11-05,Cello Basin Reserve,1,10.3,10.3,Wellington Firebirds,Auckland Aces,LI Georgeson,R Ravindra,SB Keene,0,0,,,,,,,,,,,,,
1328684,2022/23,2022-11-05,Cello Basin Reserve,1,10.4,10.4,Wellington Firebirds,Auckland Aces,LI Georgeson,R Ravindra,SB Keene,0,0,,,,,,,,,,,,,
1328684,2022/23,2022-11-05,Cello Basin Reserve,1,10.5,10.5,Wellington Firebirds,Auckland Aces,LI Georgeson,R Ravindra,SB Keene,0,0,,,,,,,,,,,,,
1328684,2022/23,2022-11-05,Cello Basin Reserve,1,10.6,10.6,Wellington Firebirds,Auckland Aces,LI Georgeson,R Ravindra,SB Keene,0,0,,,,,,,,,,,,,
1328684,2022/23,2022-11-05,Cello Basin Reserve,1,11.1,11.1,Wellington Firebirds,Auckland Aces,R Ravindra,LI Georgeson,DK Ferns,0,0,,,,,,,,,,,,,
1328684,2022/23,2022-11-05,Cello Basin Reserve,1,11.2,11.2,Wellington Firebirds,Auckland Aces,R Ravindra,LI Georgeson,DK Ferns,0,0,,,,,,,,,,,,,
1328684,2022/23,2022-11-05,Cello Basin Reserve,1,11.3,11.3,Wellington Firebirds,Auckland Aces,R Ravindra,LI Georgeson,DK Ferns,4,0,,,,,,,,,,,,,
1328684,2022/23,2022-11-05,Cello Basin Reserve,1,11.4,11.4,Wellington Firebirds,Auckland Aces,R Ravindra,LI Georgeson,DK Ferns,0,0,,,,,,,,,,,,,
1328684,2022/23,2022-11-05,Cello Basin Reserve,1,11.5,11.5,Wellington Firebirds,Auckland Aces,R Ravindra,LI Georgeson,DK Ferns,0,0,,,,,,,,,,,,,
1328684,2022/23,2022-11-05,Cello Basin Reserve,1,11.6,11.6,Wellington Firebirds,Auckland Aces,R Ravindra,LI Georgeson,DK Ferns,0,0,,,,,,,caught,R Ravindra,,,RD Harrison,,
1328684,2022/23,2022-11-05,Cello Basin Reserve,1,12.1,12.1,Wellington Firebirds,Auckland Aces,LI Georgeson,TM Johnson,SB Keene,0,0,,,,,,,,,,,,,
1328684,2022/23,2022-11-05,Cello Basin Reserve,1,12.2,12.2,Wellington Firebirds,Auckland Aces,LI Georgeson,TM Johnson,SB Keene,0,0,,,,,,,,,,,,,
1328684,2022/23,2022-11-05,Cello Basin Reserve,1,12.3,12.3,Wellington Firebirds,Auckland Aces,LI Georgeson,TM Johnson,SB Keene,0,0,,,,,,,,,,,,,
1328684,2022/23,2022-11-05,Cello Basin Reserve,1,12.4,12.4,Wellington Firebirds,Auckland Aces,LI Georgeson,TM Johnson,SB Keene,0,0,,,,,,,,,,,,,
1328684,2022/23,2022-11-05,Cello Basin Reserve,1,12.5,12.5,Wellington Firebirds,Auckland Aces,LI Georgeson,TM Johnson,SB Keene,0,0,,,,,,,,,,,,,
1328684,2022/23,2022-11-05,Cello Basin Reserve,1,12.6,12.6,Wellington Firebirds,Auckland Aces,LI Georgeson,TM Johnson,SB Keene,0,0,,,,,,,,,,,,,
1328684,2022/23,2022-11-05,Cello Basin Reserve,1,13.1,13.1,Wellington Firebirds,Auckland Aces,TM Johnson,LI Georgeson,DK Ferns,0,0,,,,,,,,,,,,,
1328684,2022/23,2022-11-05,Cello Basin Reserve,1,13.2,13.2,Wellington Firebirds,Auckland Aces,TM Johnson,LI Georgeson,DK Ferns,0,0,,,,,,,,,,,,,
1328684,2022/23,2022-11-05,Cello Basin Reserve,1,13.3,13.3,Wellington Firebirds,Auckland Aces,TM Johnson,LI Georgeson,DK Ferns,1,0,,,,,,,,,,,,,
1328684,2022/23,2022-11-05,Cello Basin Reserve,1,13.4,13.4,Wellington Firebirds,Auckland Aces,LI Georgeson,TM Johnson,DK Ferns,0,0,,,,,,,,,,,,,
1328684,2022/23,2022-11-05,Cello Basin Reserve,1,13.5,13.5,Wellington Firebirds,Auckland Aces,LI Georgeson,TM Johnson,DK Ferns,0,0,,,,,,,,,,,,,
1328684,2022/23,2022-11-05,Cello Basin Reserve,1,13.6,13.6,Wellington Firebirds,Auckland Aces,LI Georgeson,TM Johnson,DK Ferns,0,0,,,,,,,,,,,,,
1328684,2022/23,2022-11-05,Cello Basin Reserve,1,14.1,14.1,Wellington Firebirds,Auckland Aces,TM Johnson,LI Georgeson,SB Keene,0,0,,,,,,,,,,,,,
1328684,2022/23,2022-11-05,Cello Basin Reserve,1,14.2,14.2,Wellington Firebirds,Auckland Aces,TM Johnson,LI Georgeson,SB Keene,0,0,,,,,,,,,,,,,
1328684,2022/23,2022-11-05,Cello Basin Reserve,1,14.3,14.3,Wellington Firebirds,Auckland Aces,TM Johnson,LI Georgeson,SB Keene,0,0,,,,,,,,,,,,,
1328684,2022/23,2022-11-05,Cello Basin Reserve,1,14.4,14.4,Wellington Firebirds,Auckland Aces,TM Johnson,LI Georgeson,SB Keene,0,0,,,,,,,,,,,,,
1328684,2022/23,2022-11-05,Cello Basin Reserve,1,14.5,14.5,Wellington Firebirds,Auckland Aces,TM Johnson,LI Georgeson,SB Keene,0,0,,,,,,,,,,,,,
1328684,2022/23,2022-11-05,Cello Basin Reserve,1,14.6,14.6,Wellington Firebirds,Auckland Aces,TM Johnson,LI Georgeson,SB Keene,3,0,,,,,,,,,,,,,
1328684,2022/23,2022-11-05,Cello Basin Reserve,1,15.1,15.1,Wellington Firebirds,Auckland Aces,TM Johnson,LI Georgeson,DK Ferns,0,0,,,,,,,,,,,,,
1328684,2022/23,2022-11-05,Cello Basin Reserve,1,15.2,15.2,Wellington Firebirds,Auckland Aces,TM Johnson,LI Georgeson,DK Ferns,0,0,,,,,,,,,,,,,
1328684,2022/23,2022-11-05,Cello Basin Reserve,1,15.3,15.3,Wellington Firebirds,Auckland Aces,TM Johnson,LI Georgeson,DK Ferns,0,0,,,,,,,,,,,,,
1328684,2022/23,2022-11-05,Cello Basin Reserve,1,15.4,15.4,Wellington Firebirds,Auckland Aces,TM Johnson,LI Georgeson,DK Ferns,0,0,,,,,,,,,,,,,
1328684,2022/23,2022-11-05,Cello Basin Reserve,1,15.5,15.5,Wellington Firebirds,Auckland Aces,TM Johnson,LI Georgeson,DK Ferns,0,0,,,,,,,,,,,,,
1328684,2022/23,2022-11-05,Cello Basin Reserve,1,15.6,15.6,Wellington Firebirds,Auckland Aces,TM Johnson,LI Georgeson,DK Ferns,0,0,,,,,,,,,,,,,
1328684,2022/23,2022-11-05,Cello Basin Reserve,1,16.1,16.1,Wellington Firebirds,Auckland Aces,LI Georgeson,TM Johnson,SB Keene,0,0,,,,,,,,,,,,,
1328684,2022/23,2022-11-05,Cello Basin Reserve,1,16.2,16.2,Wellington Firebirds,Auckland Aces,LI Georgeson,TM Johnson,SB Keene,0,0,,,,,,,,,,,,,
1328684,2022/23,2022-11-05,Cello Basin Reserve,1,16.3,16.3,Wellington Firebirds,Auckland Aces,LI Georgeson,TM Johnson,SB Keene,0,0,,,,,,,,,,,,,
1328684,2022/23,2022-11-05,Cello Basin Reserve,1,16.4,16.4,Wellington Firebirds,Auckland Aces,LI Georgeson,TM Johnson,SB Keene,0,0,,,,,,,,,,,,,
1328684,2022/23,2022-11-05,Cello Basin Reserve,1,16.5,16.5,Wellington Firebirds,Auckland Aces,LI Georgeson,TM Johnson,SB Keene,0,0,,,,,,,,,,,,,
1328684,2022/23,2022-11-05,Cello Basin Reserve,1,16.6,16.6,Wellington Firebirds,Auckland Aces,LI Georgeson,TM Johnson,SB Keene,0,0,,,,,,,,,,,,,
1328684,2022/23,2022-11-05,Cello Basin Reserve,1,17.1,17.1,Wellington Firebirds,Auckland Aces,TM Johnson,LI Georgeson,DK Ferns,0,0,,,,,,,,,,,,,
1328684,2022/23,2022-11-05,Cello Basin Reserve,1,17.2,17.2,Wellington Firebirds,Auckland Aces,TM Johnson,LI Georgeson,DK Ferns,0,0,,,,,,,,,,,,,
1328684,2022/23,2022-11-05,Cello Basin Reserve,1,17.3,17.3,Wellington Firebirds,Auckland Aces,TM Johnson,LI Georgeson,DK Ferns,0,0,,,,,,,,,,,,,
1328684,2022/23,2022-11-05,Cello Basin Reserve,1,17.4,17.4,Wellington Firebirds,Auckland Aces,TM Johnson,LI Georgeson,DK Ferns,0,0,,,,,,,,,,,,,
1328684,2022/23,2022-11-05,Cello Basin Reserve,1,17.5,17.5,Wellington Firebirds,Auckland Aces,TM Johnson,LI Georgeson,DK Ferns,0,0,,,,,,,,,,,,,
1328684,2022/23,2022-11-05,Cello Basin Reserve,1,17.6,17.6,Wellington Firebirds,Auckland Aces,TM Johnson,LI Georgeson,DK Ferns,0,0,,,,,,,,,,,,,
1328684,2022/23,2022-11-05,Cello Basin Reserve,1,18.1,18.1,Wellington Firebirds,Auckland Aces,LI Georgeson,TM Johnson,SM Solia,0,1,,,1,,,,,,,,,,
1328684,2022/23,2022-11-05,Cello Basin Reserve,1,18.2,18.2,Wellington Firebirds,Auckland Aces,TM Johnson,LI Georgeson,SM Solia,0,0,,,,,,,,,,,,,
1328684,2022/23,2022-11-05,Cello Basin Reserve,1,18.3,18.3,Wellington Firebirds,Auckland Aces,TM Johnson,LI Georgeson,SM Solia,0,0,,,,,,,,,,,,,
1328684,2022/23,2022-11-05,Cello Basin Reserve,1,18.4,18.4,Wellington Firebirds,Auckland Aces,TM Johnson,LI Georgeson,SM Solia,0,0,,,,,,,,,,,,,
1328684,2022/23,2022-11-05,Cello Basin Reserve,1,18.5,18.5,Wellington Firebirds,Auckland Aces,TM Johnson,LI Georgeson,SM Solia,0,0,,,,,,,,,,,,,
1328684,2022/23,2022-11-05,Cello Basin Reserve,1,18.6,18.6,Wellington Firebirds,Auckland Aces,TM Johnson,LI Georgeson,SM Solia,0,0,,,,,,,,,,,,,
1328684,2022/23,2022-11-05,Cello Basin Reserve,1,19.1,19.1,Wellington Firebirds,Auckland Aces,LI Georgeson,TM Johnson,DK Ferns,0,0,,,,,,,,,,,,,
1328684,2022/23,2022-11-05,Cello Basin Reserve,1,19.2,19.2,Wellington Firebirds,Auckland Aces,LI Georgeson,TM Johnson,DK Ferns,4,0,,,,,,,,,,,,,
1328684,2022/23,2022-11-05,Cello Basin Reserve,1,19.3,19.3,Wellington Firebirds,Auckland Aces,LI Georgeson,TM Johnson,DK Ferns,0,0,,,,,,,,,,,,,
1328684,2022/23,2022-11-05,Cello Basin Reserve,1,19.4,19.4,Wellington Firebirds,Auckland Aces,LI Georgeson,TM Johnson,DK Ferns,0,0,,,,,,,,,,,,,
1328684,2022/23,2022-11-05,Cello Basin Reserve,1,19.5,19.5,Wellington Firebirds,Auckland Aces,LI Georgeson,TM Johnson,DK Ferns,4,0,,,,,,,,,,,,,
1328684,2022/23,2022-11-05,Cello Basin Reserve,1,19.6,19.6,Wellington Firebirds,Auckland Aces,LI Georgeson,TM Johnson,DK Ferns,0,0,,,,,,,,,,,,,
1328684,2022/23,2022-11-05,Cello Basin Reserve,1,20.1,20.1,Wellington Firebirds,Auckland Aces,TM Johnson,LI Georgeson,SM Solia,0,0,,,,,,,,,,,,,
1328684,2022/23,2022-11-05,Cello Basin Reserve,1,20.2,20.2,Wellington Firebirds,Auckland Aces,TM Johnson,LI Georgeson,SM Solia,0,0,,,,,,,,,,,,,
1328684,2022/23,2022-11-05,Cello Basin Reserve,1,20.3,20.3,Wellington Firebirds,Auckland Aces,TM Johnson,LI Georgeson,SM Solia,0,0,,,,,,,,,,,,,
1328684,2022/23,2022-11-05,Cello Basin Reserve,1,20.4,20.4,Wellington Firebirds,Auckland Aces,TM Johnson,LI Georgeson,SM Solia,0,0,,,,,,,,,,,,,
1328684,2022/23,2022-11-05,Cello Basin Reserve,1,20.5,20.5,Wellington Firebirds,Auckland Aces,TM Johnson,LI Georgeson,SM Solia,2,0,,,,,,,,,,,,,
1328684,2022/23,2022-11-05,Cello Basin Reserve,1,20.6,20.6,Wellington Firebirds,Auckland Aces,TM Johnson,LI Georgeson,SM Solia,0,2,,,2,,,,,,,,,,
1328684,2022/23,2022-11-05,Cello Basin Reserve,1,21.1,21.1,Wellington Firebirds,Auckland Aces,LI Georgeson,TM Johnson,BG Lister,0,0,,,,,,,,,,,,,
1328684,2022/23,2022-11-05,Cello Basin Reserve,1,21.2,21.2,Wellington Firebirds,Auckland Aces,LI Georgeson,TM Johnson,BG Lister,1,0,,,,,,,,,,,,,
1328684,2022/23,2022-11-05,Cello Basin Reserve,1,21.3,21.3,Wellington Firebirds,Auckland Aces,TM Johnson,LI Georgeson,BG Lister,0,0,,,,,,,,,,,,,
1328684,2022/23,2022-11-05,Cello Basin Reserve,1,21.4,21.4,Wellington Firebirds,Auckland Aces,TM Johnson,LI Georgeson,BG Lister,0,0,,,,,,,,,,,,,
1328684,2022/23,2022-11-05,Cello Basin Reserve,1,21.5,21.5,Wellington Firebirds,Auckland Aces,TM Johnson,LI Georgeson,BG Lister,1,0,,,,,,,,,,,,,
1328684,2022/23,2022-11-05,Cello Basin Reserve,1,21.6,21.6,Wellington Firebirds,Auckland Aces,LI Georgeson,TM Johnson,BG Lister,0,0,,,,,,,,,,,,,
1328684,2022/23,2022-11-05,Cello Basin Reserve,1,22.1,22.1,Wellington Firebirds,Auckland Aces,TM Johnson,LI Georgeson,RD Harrison,0,0,,,,,,,,,,,,,
1328684,2022/23,2022-11-05,Cello Basin Reserve,1,22.2,22.2,Wellington Firebirds,Auckland Aces,TM Johnson,LI Georgeson,RD Harrison,0,0,,,,,,,,,,,,,
1328684,2022/23,2022-11-05,Cello Basin Reserve,1,22.3,22.3,Wellington Firebirds,Auckland Aces,TM Johnson,LI Georgeson,RD Harrison,0,1,1,,,,,,,,,,,,
1328684,2022/23,2022-11-05,Cello Basin Reserve,1,22.4,22.3,Wellington Firebirds,Auckland Aces,TM Johnson,LI Georgeson,RD Harrison,0,0,,,,,,,,,,,,,
1328684,2022/23,2022-11-05,Cello Basin Reserve,1,22.5,22.4,Wellington Firebirds,Auckland Aces,TM Johnson,LI Georgeson,RD Harrison,0,1,1,,,,,,,,,,,,
1328684,2022/23,2022-11-05,Cello Basin Reserve,1,22.6,22.4,Wellington Firebirds,Auckland Aces,TM Johnson,LI Georgeson,RD Harrison,0,0,,,,,,,,,,,,,
1328684,2022/23,2022-11-05,Cello Basin Reserve,1,22.7,22.5,Wellington Firebirds,Auckland Aces,TM Johnson,LI Georgeson,RD Harrison,3,0,,,,,,,,,,,,,
1328684,2022/23,2022-11-05,Cello Basin Reserve,1,22.8,22.6,Wellington Firebirds,Auckland Aces,LI Georgeson,TM Johnson,RD Harrison,0,0,,,,,,,,,,,,,
1328684,2022/23,2022-11-05,Cello Basin Reserve,1,23.1,23.1,Wellington Firebirds,Auckland Aces,TM Johnson,LI Georgeson,BG Lister,0,0,,,,,,,,,,,,,
1328684,2022/23,2022-11-05,Cello Basin Reserve,1,23.2,23.2,Wellington Firebirds,Auckland Aces,TM Johnson,LI Georgeson,BG Lister,0,1,,1,,,,,,,,,,,
1328684,2022/23,2022-11-05,Cello Basin Reserve,1,23.3,23.2,Wellington Firebirds,Auckland Aces,TM Johnson,LI Georgeson,BG Lister,1,0,,,,,,,,,,,,,
1328684,2022/23,2022-11-05,Cello Basin Reserve,1,23.4,23.3,Wellington Firebirds,Auckland Aces,LI Georgeson,TM Johnson,BG Lister,0,0,,,,,,,caught,LI Georgeson,,,GH Worker,,
1328684,2022/23,2022-11-05,Cello Basin Reserve,1,23.5,23.4,Wellington Firebirds,Auckland Aces,NF Kelly,TM Johnson,BG Lister,0,0,,,,,,,,,,,,,
1328684,2022/23,2022-11-05,Cello Basin Reserve,1,23.6,23.5,Wellington Firebirds,Auckland Aces,NF Kelly,TM Johnson,BG Lister,0,0,,,,,,,,,,,,,
1328684,2022/23,2022-11-05,Cello Basin Reserve,1,23.7,23.6,Wellington Firebirds,Auckland Aces,NF Kelly,TM Johnson,BG Lister,0,0,,,,,,,,,,,,,
1328684,2022/23,2022-11-05,Cello Basin Reserve,1,24.1,24.1,Wellington Firebirds,Auckland Aces,TM Johnson,NF Kelly,RD Harrison,0,0,,,,,,,,,,,,,
1328684,2022/23,2022-11-05,Cello Basin Reserve,1,24.2,24.2,Wellington Firebirds,Auckland Aces,TM Johnson,NF Kelly,RD Harrison,0,0,,,,,,,,,,,,,
1328684,2022/23,2022-11-05,Cello Basin Reserve,1,24.3,24.3,Wellington Firebirds,Auckland Aces,TM Johnson,NF Kelly,RD Harrison,0,0,,,,,,,,,,,,,
1328684,2022/23,2022-11-05,Cello Basin Reserve,1,24.4,24.4,Wellington Firebirds,Auckland Aces,TM Johnson,NF Kelly,RD Harrison,0,0,,,,,,,,,,,,,
1328684,2022/23,2022-11-05,Cello Basin Reserve,1,24.5,24.5,Wellington Firebirds,Auckland Aces,TM Johnson,NF Kelly,RD Harrison,1,0,,,,,,,,,,,,,
1328684,2022/23,2022-11-05,Cello Basin Reserve,1,24.6,24.6,Wellington Firebirds,Auckland Aces,NF Kelly,TM Johnson,RD Harrison,0,0,,,,,,,,,,,,,
1328684,2022/23,2022-11-05,Cello Basin Reserve,1,25.1,25.1,Wellington Firebirds,Auckland Aces,TM Johnson,NF Kelly,BG Lister,0,0,,,,,,,,,,,,,
1328684,2022/23,2022-11-05,Cello Basin Reserve,1,25.2,25.2,Wellington Firebirds,Auckland Aces,TM Johnson,NF Kelly,BG Lister,4,0,,,,,,,,,,,,,
1328684,2022/23,2022-11-05,Cello Basin Reserve,1,25.3,25.3,Wellington Firebirds,Auckland Aces,TM Johnson,NF Kelly,BG Lister,0,0,,,,,,,,,,,,,
1328684,2022/23,2022-11-05,Cello Basin Reserve,1,25.4,25.4,Wellington Firebirds,Auckland Aces,TM Johnson,NF Kelly,BG Lister,0,0,,,,,,,,,,,,,
1328684,2022/23,2022-11-05,Cello Basin Reserve,1,25.5,25.5,Wellington Firebirds,Auckland Aces,TM Johnson,NF Kelly,BG Lister,0,1,,1,,,,,,,,,,,
1328684,2022/23,2022-11-05,Cello Basin Reserve,1,25.6,25.5,Wellington Firebirds,Auckland Aces,TM Johnson,NF Kelly,BG Lister,0,0,,,,,,,,,,,,,
1328684,2022/23,2022-11-05,Cello Basin Reserve,1,25.7,25.6,Wellington Firebirds,Auckland Aces,TM Johnson,NF Kelly,BG Lister,0,0,,,,,,,,,,,,,
1328684,2022/23,2022-11-05,Cello Basin Reserve,1,26.1,26.1,Wellington Firebirds,Auckland Aces,NF Kelly,TM Johnson,RD Harrison,0,0,,,,,,,,,,,,,
1328684,2022/23,2022-11-05,Cello Basin Reserve,1,26.2,26.2,Wellington Firebirds,Auckland Aces,NF Kelly,TM Johnson,RD Harrison,0,0,,,,,,,,,,,,,
1328684,2022/23,2022-11-05,Cello Basin Reserve,1,26.3,26.3,Wellington Firebirds,Auckland Aces,NF Kelly,TM Johnson,RD Harrison,0,0,,,,,,,,,,,,,
1328684,2022/23,2022-11-05,Cello Basin Reserve,1,26.4,26.4,Wellington Firebirds,Auckland Aces,NF Kelly,TM Johnson,RD Harrison,0,0,,,,,,,,,,,,,
1328684,2022/23,2022-11-05,Cello Basin Reserve,1,26.5,26.5,Wellington Firebirds,Auckland Aces,NF Kelly,TM Johnson,RD Harrison,0,0,,,,,,,,,,,,,
1328684,2022/23,2022-11-05,Cello Basin Reserve,1,26.6,26.6,Wellington Firebirds,Auckland Aces,NF Kelly,TM Johnson,RD Harrison,0,0,,,,,,,,,,,,,
1328684,2022/23,2022-11-05,Cello Basin Reserve,1,27.1,27.1,Wellington Firebirds,Auckland Aces,TM Johnson,NF Kelly,BG Lister,0,0,,,,,,,,,,,,,
1328684,2022/23,2022-11-05,Cello Basin Reserve,1,27.2,27.2,Wellington Firebirds,Auckland Aces,TM Johnson,NF Kelly,BG Lister,0,0,,,,,,,,,,,,,
1328684,2022/23,2022-11-05,Cello Basin Reserve,1,27.3,27.3,Wellington Firebirds,Auckland Aces,TM Johnson,NF Kelly,BG Lister,0,0,,,,,,,,,,,,,
1328684,2022/23,2022-11-05,Cello Basin Reserve,1,27.4,27.4,Wellington Firebirds,Auckland Aces,TM Johnson,NF Kelly,BG Lister,0,0,,,,,,,,,,,,,
1328684,2022/23,2022-11-05,Cello Basin Reserve,1,27.5,27.5,Wellington Firebirds,Auckland Aces,TM Johnson,NF Kelly,BG Lister,0,0,,,,,,,,,,,,,
1328684,2022/23,2022-11-05,Cello Basin Reserve,1,27.6,27.6,Wellington Firebirds,Auckland Aces,TM Johnson,NF Kelly,BG Lister,0,0,,,,,,,,,,,,,
1328684,2022/23,2022-11-05,Cello Basin Reserve,1,28.1,28.1,Wellington Firebirds,Auckland Aces,NF Kelly,TM Johnson,SB Keene,0,0,,,,,,,,,,,,,
1328684,2022/23,2022-11-05,Cello Basin Reserve,1,28.2,28.2,Wellington Firebirds,Auckland Aces,NF Kelly,TM Johnson,SB Keene,4,0,,,,,,,,,,,,,
1328684,2022/23,2022-11-05,Cello Basin Reserve,1,28.3,28.3,Wellington Firebirds,Auckland Aces,NF Kelly,TM Johnson,SB Keene,0,0,,,,,,,,,,,,,
1328684,2022/23,2022-11-05,Cello Basin Reserve,1,28.4,28.4,Wellington Firebirds,Auckland Aces,NF Kelly,TM Johnson,SB Keene,0,0,,,,,,,,,,,,,
1328684,2022/23,2022-11-05,Cello Basin Reserve,1,28.5,28.5,Wellington Firebirds,Auckland Aces,NF Kelly,TM Johnson,SB Keene,0,0,,,,,,,,,,,,,
1328684,2022/23,2022-11-05,Cello Basin Reserve,1,28.6,28.6,Wellington Firebirds,Auckland Aces,NF Kelly,TM Johnson,SB Keene,1,0,,,,,,,,,,,,,
1328684,2022/23,2022-11-05,Cello Basin Reserve,1,29.1,29.1,Wellington Firebirds,Auckland Aces,NF Kelly,TM Johnson,BG Lister,0,0,,,,,,,,,,,,,
1328684,2022/23,2022-11-05,Cello Basin Reserve,1,29.2,29.2,Wellington Firebirds,Auckland Aces,NF Kelly,TM Johnson,BG Lister,0,0,,,,,,,,,,,,,
1328684,2022/23,2022-11-05,Cello Basin Reserve,1,29.3,29.3,Wellington Firebirds,Auckland Aces,NF Kelly,TM Johnson,BG Lister,0,0,,,,,,,,,,,,,
1328684,2022/23,2022-11-05,Cello Basin Reserve,1,29.4,29.4,Wellington Firebirds,Auckland Aces,NF Kelly,TM Johnson,BG Lister,0,0,,,,,,,,,,,,,
1328684,2022/23,2022-11-05,Cello Basin Reserve,1,29.5,29.5,Wellington Firebirds,Auckland Aces,NF Kelly,TM Johnson,BG Lister,0,0,,,,,,,,,,,,,
1328684,2022/23,2022-11-05,Cello Basin Reserve,1,29.6,29.6,Wellington Firebirds,Auckland Aces,NF Kelly,TM Johnson,BG Lister,0,0,,,,,,,,,,,,,
1328684,2022/23,2022-11-05,Cello Basin Reserve,1,30.1,30.1,Wellington Firebirds,Auckland Aces,TM Johnson,NF Kelly,SB Keene,2,0,,,,,,,,,,,,,
1328684,2022/23,2022-11-05,Cello Basin Reserve,1,30.2,30.2,Wellington Firebirds,Auckland Aces,TM Johnson,NF Kelly,SB Keene,0,0,,,,,,,,,,,,,
1328684,2022/23,2022-11-05,Cello Basin Reserve,1,30.3,30.3,Wellington Firebirds,Auckland Aces,TM Johnson,NF Kelly,SB Keene,0,1,,,,1,,,,,,,,,
1328684,2022/23,2022-11-05,Cello Basin Reserve,1,30.4,30.4,Wellington Firebirds,Auckland Aces,NF Kelly,TM Johnson,SB Keene,0,0,,,,,,,,,,,,,
1328684,2022/23,2022-11-05,Cello Basin Reserve,1,30.5,30.5,Wellington Firebirds,Auckland Aces,NF Kelly,TM Johnson,SB Keene,0,0,,,,,,,,,,,,,
1328684,2022/23,2022-11-05,Cello Basin Reserve,1,30.6,30.6,Wellington Firebirds,Auckland Aces,NF Kelly,TM Johnson,SB Keene,0,0,,,,,,,,,,,,,
1328684,2022/23,2022-11-05,Cello Basin Reserve,1,31.1,31.1,Wellington Firebirds,Auckland Aces,TM Johnson,NF Kelly,BG Lister,0,0,,,,,,,,,,,,,
1328684,2022/23,2022-11-05,Cello Basin Reserve,1,31.2,31.2,Wellington Firebirds,Auckland Aces,TM Johnson,NF Kelly,BG Lister,0,0,,,,,,,,,,,,,
1328684,2022/23,2022-11-05,Cello Basin Reserve,1,31.3,31.3,Wellington Firebirds,Auckland Aces,TM Johnson,NF Kelly,BG Lister,0,0,,,,,,,,,,,,,
1328684,2022/23,2022-11-05,Cello Basin Reserve,1,31.4,31.4,Wellington Firebirds,Auckland Aces,TM Johnson,NF Kelly,BG Lister,0,0,,,,,,,,,,,,,
1328684,2022/23,2022-11-05,Cello Basin Reserve,1,31.5,31.5,Wellington Firebirds,Auckland Aces,TM Johnson,NF Kelly,BG Lister,0,0,,,,,,,,,,,,,
1328684,2022/23,2022-11-05,Cello Basin Reserve,1,31.6,31.6,Wellington Firebirds,Auckland Aces,TM Johnson,NF Kelly,BG Lister,0,0,,,,,,,,,,,,,
1328684,2022/23,2022-11-05,Cello Basin Reserve,1,32.1,32.1,Wellington Firebirds,Auckland Aces,NF Kelly,TM Johnson,WER Somerville,0,0,,,,,,,,,,,,,
1328684,2022/23,2022-11-05,Cello Basin Reserve,1,32.2,32.2,Wellington Firebirds,Auckland Aces,NF Kelly,TM Johnson,WER Somerville,4,0,,,,,,,,,,,,,
1328684,2022/23,2022-11-05,Cello Basin Reserve,1,32.3,32.3,Wellington Firebirds,Auckland Aces,NF Kelly,TM Johnson,WER Somerville,0,0,,,,,,,,,,,,,
1328684,2022/23,2022-11-05,Cello Basin Reserve,1,32.4,32.4,Wellington Firebirds,Auckland Aces,NF Kelly,TM Johnson,WER Somerville,0,0,,,,,,,,,,,,,
1328684,2022/23,2022-11-05,Cello Basin Reserve,1,32.5,32.5,Wellington Firebirds,Auckland Aces,NF Kelly,TM Johnson,WER Somerville,0,0,,,,,,,,,,,,,
1328684,2022/23,2022-11-05,Cello Basin Reserve,1,32.6,32.6,Wellington Firebirds,Auckland Aces,NF Kelly,TM Johnson,WER Somerville,0,0,,,,,,,,,,,,,
1328684,2022/23,2022-11-05,Cello Basin Reserve,1,33.1,33.1,Wellington Firebirds,Auckland Aces,TM Johnson,NF Kelly,DK Ferns,0,0,,,,,,,,,,,,,
1328684,2022/23,2022-11-05,Cello Basin Reserve,1,33.2,33.2,Wellington Firebirds,Auckland Aces,TM Johnson,NF Kelly,DK Ferns,0,0,,,,,,,,,,,,,
1328684,2022/23,2022-11-05,Cello Basin Reserve,1,33.3,33.3,Wellington Firebirds,Auckland Aces,TM Johnson,NF Kelly,DK Ferns,0,0,,,,,,,,,,,,,
1328684,2022/23,2022-11-05,Cello Basin Reserve,1,33.4,33.4,Wellington Firebirds,Auckland Aces,TM Johnson,NF Kelly,DK Ferns,0,0,,,,,,,,,,,,,
1328684,2022/23,2022-11-05,Cello Basin Reserve,1,33.5,33.5,Wellington Firebirds,Auckland Aces,TM Johnson,NF Kelly,DK Ferns,0,0,,,,,,,,,,,,,
1328684,2022/23,2022-11-05,Cello Basin Reserve,1,33.6,33.6,Wellington Firebirds,Auckland Aces,TM Johnson,NF Kelly,DK Ferns,0,0,,,,,,,,,,,,,
1328684,2022/23,2022-11-05,Cello Basin Reserve,1,34.1,34.1,Wellington Firebirds,Auckland Aces,NF Kelly,TM Johnson,WER Somerville,0,0,,,,,,,,,,,,,
1328684,2022/23,2022-11-05,Cello Basin Reserve,1,34.2,34.2,Wellington Firebirds,Auckland Aces,NF Kelly,TM Johnson,WER Somerville,0,0,,,,,,,,,,,,,
1328684,2022/23,2022-11-05,Cello Basin Reserve,1,34.3,34.3,Wellington Firebirds,Auckland Aces,NF Kelly,TM Johnson,WER Somerville,0,0,,,,,,,,,,,,,
1328684,2022/23,2022-11-05,Cello Basin Reserve,1,34.4,34.4,Wellington Firebirds,Auckland Aces,NF Kelly,TM Johnson,WER Somerville,0,0,,,,,,,,,,,,,
1328684,2022/23,2022-11-05,Cello Basin Reserve,1,34.5,34.5,Wellington Firebirds,Auckland Aces,NF Kelly,TM Johnson,WER Somerville,0,0,,,,,,,,,,,,,
1328684,2022/23,2022-11-05,Cello Basin Reserve,1,34.6,34.6,Wellington Firebirds,Auckland Aces,NF Kelly,TM Johnson,WER Somerville,0,0,,,,,,,,,,,,,
1328684,2022/23,2022-11-05,Cello Basin Reserve,1,35.1,35.1,Wellington Firebirds,Auckland Aces,TM Johnson,NF Kelly,DK Ferns,0,0,,,,,,,,,,,,,
1328684,2022/23,2022-11-05,Cello Basin Reserve,1,35.2,35.2,Wellington Firebirds,Auckland Aces,TM Johnson,NF Kelly,DK Ferns,0,0,,,,,,,,,,,,,
1328684,2022/23,2022-11-05,Cello Basin Reserve,1,35.3,35.3,Wellington Firebirds,Auckland Aces,TM Johnson,NF Kelly,DK Ferns,0,0,,,,,,,,,,,,,
1328684,2022/23,2022-11-05,Cello Basin Reserve,1,35.4,35.4,Wellington Firebirds,Auckland Aces,TM Johnson,NF Kelly,DK Ferns,0,0,,,,,,,,,,,,,
1328684,2022/23,2022-11-05,Cello Basin Reserve,1,35.5,35.5,Wellington Firebirds,Auckland Aces,TM Johnson,NF Kelly,DK Ferns,0,0,,,,,,,,,,,,,
1328684,2022/23,2022-11-05,Cello Basin Reserve,1,35.6,35.6,Wellington Firebirds,Auckland Aces,TM Johnson,NF Kelly,DK Ferns,0,0,,,,,,,,,,,,,
1328684,2022/23,2022-11-05,Cello Basin Reserve,1,36.1,36.1,Wellington Firebirds,Auckland Aces,NF Kelly,TM Johnson,WER Somerville,0,0,,,,,,,,,,,,,
1328684,2022/23,2022-11-05,Cello Basin Reserve,1,36.2,36.2,Wellington Firebirds,Auckland Aces,NF Kelly,TM Johnson,WER Somerville,0,0,,,,,,,,,,,,,
1328684,2022/23,2022-11-05,Cello Basin Reserve,1,36.3,36.3,Wellington Firebirds,Auckland Aces,NF Kelly,TM Johnson,WER Somerville,0,0,,,,,,,,,,,,,
1328684,2022/23,2022-11-05,Cello Basin Reserve,1,36.4,36.4,Wellington Firebirds,Auckland Aces,NF Kelly,TM Johnson,WER Somerville,0,0,,,,,,,,,,,,,
1328684,2022/23,2022-11-05,Cello Basin Reserve,1,36.5,36.5,Wellington Firebirds,Auckland Aces,NF Kelly,TM Johnson,WER Somerville,0,0,,,,,,,,,,,,,
1328684,2022/23,2022-11-05,Cello Basin Reserve,1,36.6,36.6,Wellington Firebirds,Auckland Aces,NF Kelly,TM Johnson,WER Somerville,0,0,,,,,,,,,,,,,
1328684,2022/23,2022-11-05,Cello Basin Reserve,1,37.1,37.1,Wellington Firebirds,Auckland Aces,TM Johnson,NF Kelly,DK Ferns,0,1,1,,,,,,,,,,,,
1328684,2022/23,2022-11-05,Cello Basin Reserve,1,37.2,37.1,Wellington Firebirds,Auckland Aces,TM Johnson,NF Kelly,DK Ferns,4,0,,,,,,,,,,,,,
1328684,2022/23,2022-11-05,Cello Basin Reserve,1,37.3,37.2,Wellington Firebirds,Auckland Aces,TM Johnson,NF Kelly,DK Ferns,0,0,,,,,,,,,,,,,
1328684,2022/23,2022-11-05,Cello Basin Reserve,1,37.4,37.3,Wellington Firebirds,Auckland Aces,TM Johnson,NF Kelly,DK Ferns,0,0,,,,,,,,,,,,,
1328684,2022/23,2022-11-05,Cello Basin Reserve,1,37.5,37.4,Wellington Firebirds,Auckland Aces,TM Johnson,NF Kelly,DK Ferns,0,0,,,,,,,,,,,,,
1328684,2022/23,2022-11-05,Cello Basin Reserve,1,37.6,37.5,Wellington Firebirds,Auckland Aces,TM Johnson,NF Kelly,DK Ferns,4,0,,,,,,,,,,,,,
1328684,2022/23,2022-11-05,Cello Basin Reserve,1,37.7,37.6,Wellington Firebirds,Auckland Aces,TM Johnson,NF Kelly,DK Ferns,0,0,,,,,,,,,,,,,
1328684,2022/23,2022-11-05,Cello Basin Reserve,1,38.1,38.1,Wellington Firebirds,Auckland Aces,NF Kelly,TM Johnson,WER Somerville,0,0,,,,,,,,,,,,,
1328684,2022/23,2022-11-05,Cello Basin Reserve,1,38.2,38.2,Wellington Firebirds,Auckland Aces,NF Kelly,TM Johnson,WER Somerville,0,0,,,,,,,,,,,,,
1328684,2022/23,2022-11-05,Cello Basin Reserve,1,38.3,38.3,Wellington Firebirds,Auckland Aces,NF Kelly,TM Johnson,WER Somerville,6,0,,,,,,,,,,,,,
1328684,2022/23,2022-11-05,Cello Basin Reserve,1,38.4,38.4,Wellington Firebirds,Auckland Aces,NF Kelly,TM Johnson,WER Somerville,0,0,,,,,,,,,,,,,
1328684,2022/23,2022-11-05,Cello Basin Reserve,1,38.5,38.5,Wellington Firebirds,Auckland Aces,NF Kelly,TM Johnson,WER Somerville,1,0,,,,,,,,,,,,,
1328684,2022/23,2022-11-05,Cello Basin Reserve,1,38.6,38.6,Wellington Firebirds,Auckland Aces,TM Johnson,NF Kelly,WER Somerville,0,0,,,,,,,,,,,,,
1328684,2022/23,2022-11-05,Cello Basin Reserve,1,39.1,39.1,Wellington Firebirds,Auckland Aces,NF Kelly,TM Johnson,DK Ferns,0,0,,,,,,,,,,,,,
1328684,2022/23,2022-11-05,Cello Basin Reserve,1,39.2,39.2,Wellington Firebirds,Auckland Aces,NF Kelly,TM Johnson,DK Ferns,0,0,,,,,,,,,,,,,
1328684,2022/23,2022-11-05,Cello Basin Reserve,1,39.3,39.3,Wellington Firebirds,Auckland Aces,NF Kelly,TM Johnson,DK Ferns,0,0,,,,,,,,,,,,,
1328684,2022/23,2022-11-05,Cello Basin Reserve,1,39.4,39.4,Wellington Firebirds,Auckland Aces,NF Kelly,TM Johnson,DK Ferns,0,0,,,,,,,caught,NF Kelly,,,RD Harrison,,
1328684,2022/23,2022-11-05,Cello Basin Reserve,1,39.5,39.5,Wellington Firebirds,Auckland Aces,TB Robinson,TM Johnson,DK Ferns,0,0,,,,,,,,,,,,,
1328684,2022/23,2022-11-05,Cello Basin Reserve,1,39.6,39.6,Wellington Firebirds,Auckland Aces,TB Robinson,TM Johnson,DK Ferns,1,0,,,,,,,,,,,,,
1328684,2022/23,2022-11-05,Cello Basin Reserve,1,40.1,40.1,Wellington Firebirds,Auckland Aces,TB Robinson,TM Johnson,WER Somerville,0,0,,,,,,,,,,,,,
1328684,2022/23,2022-11-05,Cello Basin Reserve,1,40.2,40.2,Wellington Firebirds,Auckland Aces,TB Robinson,TM Johnson,WER Somerville,4,0,,,,,,,,,,,,,
1328684,2022/23,2022-11-05,Cello Basin Reserve,1,40.3,40.3,Wellington Firebirds,Auckland Aces,TB Robinson,TM Johnson,WER Somerville,0,0,,,,,,,,,,,,,
1328684,2022/23,2022-11-05,Cello Basin Reserve,1,40.4,40.4,Wellington Firebirds,Auckland Aces,TB Robinson,TM Johnson,WER Somerville,0,0,,,,,,,,,,,,,
1328684,2022/23,2022-11-05,Cello Basin Reserve,1,40.5,40.5,Wellington Firebirds,Auckland Aces,TB Robinson,TM Johnson,WER Somerville,0,0,,,,,,,,,,,,,
1328684,2022/23,2022-11-05,Cello Basin Reserve,1,40.6,40.6,Wellington Firebirds,Auckland Aces,TB Robinson,TM Johnson,WER Somerville,0,0,,,,,,,,,,,,,
1328684,2022/23,2022-11-05,Cello Basin Reserve,1,41.1,41.1,Wellington Firebirds,Auckland Aces,TM Johnson,TB Robinson,DK Ferns,0,0,,,,,,,,,,,,,
1328684,2022/23,2022-11-05,Cello Basin Reserve,1,41.2,41.2,Wellington Firebirds,Auckland Aces,TM Johnson,TB Robinson,DK Ferns,0,0,,,,,,,,,,,,,
1328684,2022/23,2022-11-05,Cello Basin Reserve,1,41.3,41.3,Wellington Firebirds,Auckland Aces,TM Johnson,TB Robinson,DK Ferns,0,0,,,,,,,,,,,,,
1328684,2022/23,2022-11-05,Cello Basin Reserve,1,41.4,41.4,Wellington Firebirds,Auckland Aces,TM Johnson,TB Robinson,DK Ferns,0,0,,,,,,,,,,,,,
1328684,2022/23,2022-11-05,Cello Basin Reserve,1,41.5,41.5,Wellington Firebirds,Auckland Aces,TM Johnson,TB Robinson,DK Ferns,0,0,,,,,,,,,,,,,
1328684,2022/23,2022-11-05,Cello Basin Reserve,1,41.6,41.6,Wellington Firebirds,Auckland Aces,TM Johnson,TB Robinson,DK Ferns,0,0,,,,,,,,,,,,,
1328684,2022/23,2022-11-05,Cello Basin Reserve,1,42.1,42.1,Wellington Firebirds,Auckland Aces,TB Robinson,TM Johnson,WER Somerville,0,0,,,,,,,,,,,,,
1328684,2022/23,2022-11-05,Cello Basin Reserve,1,42.2,42.2,Wellington Firebirds,Auckland Aces,TB Robinson,TM Johnson,WER Somerville,0,0,,,,,,,,,,,,,
1328684,2022/23,2022-11-05,Cello Basin Reserve,1,42.3,42.3,Wellington Firebirds,Auckland Aces,TB Robinson,TM Johnson,WER Somerville,0,0,,,,,,,,,,,,,
1328684,2022/23,2022-11-05,Cello Basin Reserve,1,42.4,42.4,Wellington Firebirds,Auckland Aces,TB Robinson,TM Johnson,WER Somerville,0,0,,,,,,,,,,,,,
1328684,2022/23,2022-11-05,Cello Basin Reserve,1,42.5,42.5,Wellington Firebirds,Auckland Aces,TB Robinson,TM Johnson,WER Somerville,0,0,,,,,,,,,,,,,
1328684,2022/23,2022-11-05,Cello Basin Reserve,1,42.6,42.6,Wellington Firebirds,Auckland Aces,TB Robinson,TM Johnson,WER Somerville,0,0,,,,,,,,,,,,,
1328684,2022/23,2022-11-05,Cello Basin Reserve,1,43.1,43.1,Wellington Firebirds,Auckland Aces,TM Johnson,TB Robinson,DK Ferns,0,0,,,,,,,,,,,,,
1328684,2022/23,2022-11-05,Cello Basin Reserve,1,43.2,43.2,Wellington Firebirds,Auckland Aces,TM Johnson,TB Robinson,DK Ferns,0,0,,,,,,,,,,,,,
1328684,2022/23,2022-11-05,Cello Basin Reserve,1,43.3,43.3,Wellington Firebirds,Auckland Aces,TM Johnson,TB Robinson,DK Ferns,1,0,,,,,,,,,,,,,
1328684,2022/23,2022-11-05,Cello Basin Reserve,1,43.4,43.4,Wellington Firebirds,Auckland Aces,TB Robinson,TM Johnson,DK Ferns,0,0,,,,,,,,,,,,,
1328684,2022/23,2022-11-05,Cello Basin Reserve,1,43.5,43.5,Wellington Firebirds,Auckland Aces,TB Robinson,TM Johnson,DK Ferns,0,0,,,,,,,,,,,,,
1328684,2022/23,2022-11-05,Cello Basin Reserve,1,43.6,43.6,Wellington Firebirds,Auckland Aces,TB Robinson,TM Johnson,DK Ferns,0,0,,,,,,,,,,,,,
1328684,2022/23,2022-11-05,Cello Basin Reserve,1,44.1,44.1,Wellington Firebirds,Auckland Aces,TM Johnson,TB Robinson,WER Somerville,0,0,,,,,,,,,,,,,
1328684,2022/23,2022-11-05,Cello Basin Reserve,1,44.2,44.2,Wellington Firebirds,Auckland Aces,TM Johnson,TB Robinson,WER Somerville,6,0,,,,,,,,,,,,,
1328684,2022/23,2022-11-05,Cello Basin Reserve,1,44.3,44.3,Wellington Firebirds,Auckland Aces,TM Johnson,TB Robinson,WER Somerville,1,0,,,,,,,,,,,,,
1328684,2022/23,2022-11-05,Cello Basin Reserve,1,44.4,44.4,Wellington Firebirds,Auckland Aces,TB Robinson,TM Johnson,WER Somerville,0,0,,,,,,,,,,,,,
1328684,2022/23,2022-11-05,Cello Basin Reserve,1,44.5,44.5,Wellington Firebirds,Auckland Aces,TB Robinson,TM Johnson,WER Somerville,0,0,,,,,,,,,,,,,
1328684,2022/23,2022-11-05,Cello Basin Reserve,1,44.6,44.6,Wellington Firebirds,Auckland Aces,TB Robinson,TM Johnson,WER Somerville,0,0,,,,,,,caught and bowled,TB Robinson,,,,,
1328684,2022/23,2022-11-05,Cello Basin Reserve,1,45.1,45.1,Wellington Firebirds,Auckland Aces,TM Johnson,TA Blundell,DK Ferns,0,0,,,,,,,,,,,,,
1328684,2022/23,2022-11-05,Cello Basin Reserve,1,45.2,45.2,Wellington Firebirds,Auckland Aces,TM Johnson,TA Blundell,DK Ferns,0,0,,,,,,,,,,,,,
1328684,2022/23,2022-11-05,Cello Basin Reserve,1,45.3,45.3,Wellington Firebirds,Auckland Aces,TM Johnson,TA Blundell,DK Ferns,1,0,,,,,,,,,,,,,
1328684,2022/23,2022-11-05,Cello Basin Reserve,1,45.4,45.4,Wellington Firebirds,Auckland Aces,TA Blundell,TM Johnson,DK Ferns,0,0,,,,,,,,,,,,,
1328684,2022/23,2022-11-05,Cello Basin Reserve,1,45.5,45.5,Wellington Firebirds,Auckland Aces,TA Blundell,TM Johnson,DK Ferns,1,0,,,,,,,,,,,,,
1328684,2022/23,2022-11-05,Cello Basin Reserve,1,45.6,45.6,Wellington Firebirds,Auckland Aces,TM Johnson,TA Blundell,DK Ferns,4,0,,,,,,,,,,,,,
1328684,2022/23,2022-11-05,Cello Basin Reserve,1,46.1,46.1,Wellington Firebirds,Auckland Aces,TA Blundell,TM Johnson,WER Somerville,0,0,,,,,,,,,,,,,
1328684,2022/23,2022-11-05,Cello Basin Reserve,1,46.2,46.2,Wellington Firebirds,Auckland Aces,TA Blundell,TM Johnson,WER Somerville,0,0,,,,,,,,,,,,,
1328684,2022/23,2022-11-05,Cello Basin Reserve,1,46.3,46.3,Wellington Firebirds,Auckland Aces,TA Blundell,TM Johnson,WER Somerville,0,0,,,,,,,,,,,,,
1328684,2022/23,2022-11-05,Cello Basin Reserve,1,46.4,46.4,Wellington Firebirds,Auckland Aces,TA Blundell,TM Johnson,WER Somerville,0,0,,,,,,,,,,,,,
1328684,2022/23,2022-11-05,Cello Basin Reserve,1,46.5,46.5,Wellington Firebirds,Auckland Aces,TA Blundell,TM Johnson,WER Somerville,0,0,,,,,,,,,,,,,
1328684,2022/23,2022-11-05,Cello Basin Reserve,1,46.6,46.6,Wellington Firebirds,Auckland Aces,TA Blundell,TM Johnson,WER Somerville,0,0,,,,,,,,,,,,,
1328684,2022/23,2022-11-05,Cello Basin Reserve,1,47.1,47.1,Wellington Firebirds,Auckland Aces,TM Johnson,TA Blundell,BG Lister,0,0,,,,,,,,,,,,,
1328684,2022/23,2022-11-05,Cello Basin Reserve,1,47.2,47.2,Wellington Firebirds,Auckland Aces,TM Johnson,TA Blundell,BG Lister,0,0,,,,,,,,,,,,,
1328684,2022/23,2022-11-05,Cello Basin Reserve,1,47.3,47.3,Wellington Firebirds,Auckland Aces,TM Johnson,TA Blundell,BG Lister,0,0,,,,,,,,,,,,,
1328684,2022/23,2022-11-05,Cello Basin Reserve,1,47.4,47.4,Wellington Firebirds,Auckland Aces,TM Johnson,TA Blundell,BG Lister,0,0,,,,,,,,,,,,,
1328684,2022/23,2022-11-05,Cello Basin Reserve,1,47.5,47.5,Wellington Firebirds,Auckland Aces,TM Johnson,TA Blundell,BG Lister,0,0,,,,,,,,,,,,,
1328684,2022/23,2022-11-05,Cello Basin Reserve,1,47.6,47.6,Wellington Firebirds,Auckland Aces,TM Johnson,TA Blundell,BG Lister,1,1,,1,,,,,,,,,,,
1328684,2022/23,2022-11-05,Cello Basin Reserve,1,47.7,47.6,Wellington Firebirds,Auckland Aces,TA Blundell,TM Johnson,BG Lister,1,1,,1,,,,,,,,,,,
1328684,2022/23,2022-11-05,Cello Basin Reserve,1,47.8,47.6,Wellington Firebirds,Auckland Aces,TM Johnson,TA Blundell,BG Lister,0,0,,,,,,,,,,,,,
1328684,2022/23,2022-11-05,Cello Basin Reserve,1,48.1,48.1,Wellington Firebirds,Auckland Aces,TA Blundell,TM Johnson,SB Keene,4,0,,,,,,,,,,,,,
1328684,2022/23,2022-11-05,Cello Basin Reserve,1,48.2,48.2,Wellington Firebirds,Auckland Aces,TA Blundell,TM Johnson,SB Keene,0,0,,,,,,,,,,,,,
1328684,2022/23,2022-11-05,Cello Basin Reserve,1,48.3,48.3,Wellington Firebirds,Auckland Aces,TA Blundell,TM Johnson,SB Keene,0,0,,,,,,,,,,,,,
1328684,2022/23,2022-11-05,Cello Basin Reserve,1,48.4,48.4,Wellington Firebirds,Auckland Aces,TA Blundell,TM Johnson,SB Keene,2,0,,,,,,,,,,,,,
1328684,2022/23,2022-11-05,Cello Basin Reserve,1,48.5,48.5,Wellington Firebirds,Auckland Aces,TA Blundell,TM Johnson,SB Keene,0,0,,,,,,,,,,,,,
1328684,2022/23,2022-11-05,Cello Basin Reserve,1,48.6,48.6,Wellington Firebirds,Auckland Aces,TA Blundell,TM Johnson,SB Keene,0,0,,,,,,,,,,,,,
1328684,2022/23,2022-11-05,Cello Basin Reserve,1,49.1,49.1,Wellington Firebirds,Auckland Aces,TM Johnson,TA Blundell,BG Lister,0,0,,,,,,,,,,,,,
1328684,2022/23,2022-11-05,Cello Basin Reserve,1,49.2,49.2,Wellington Firebirds,Auckland Aces,TM Johnson,TA Blundell,BG Lister,0,0,,,,,,,,,,,,,
1328684,2022/23,2022-11-05,Cello Basin Reserve,1,49.3,49.3,Wellington Firebirds,Auckland Aces,TM Johnson,TA Blundell,BG Lister,0,0,,,,,,,,,,,,,
1328684,2022/23,2022-11-05,Cello Basin Reserve,1,49.4,49.4,Wellington Firebirds,Auckland Aces,TM Johnson,TA Blundell,BG Lister,0,0,,,,,,,,,,,,,
1328684,2022/23,2022-11-05,Cello Basin Reserve,1,49.5,49.5,Wellington Firebirds,Auckland Aces,TM Johnson,TA Blundell,BG Lister,1,0,,,,,,,,,,,,,
1328684,2022/23,2022-11-05,Cello Basin Reserve,1,49.6,49.6,Wellington Firebirds,Auckland Aces,TA Blundell,TM Johnson,BG Lister,0,1,,1,,,,,,,,,,,
1328684,2022/23,2022-11-05,Cello Basin Reserve,1,49.7,49.6,Wellington Firebirds,Auckland Aces,TA Blundell,TM Johnson,BG Lister,0,0,,,,,,,,,,,,,
1328684,2022/23,2022-11-05,Cello Basin Reserve,1,50.1,50.1,Wellington Firebirds,Auckland Aces,TM Johnson,TA Blundell,SB Keene,0,0,,,,,,,,,,,,,
1328684,2022/23,2022-11-05,Cello Basin Reserve,1,50.2,50.2,Wellington Firebirds,Auckland Aces,TM Johnson,TA Blundell,SB Keene,0,0,,,,,,,,,,,,,
1328684,2022/23,2022-11-05,Cello Basin Reserve,1,50.3,50.3,Wellington Firebirds,Auckland Aces,TM Johnson,TA Blundell,SB Keene,1,0,,,,,,,,,,,,,
1328684,2022/23,2022-11-05,Cello Basin Reserve,1,50.4,50.4,Wellington Firebirds,Auckland Aces,TA Blundell,TM Johnson,SB Keene,1,0,,,,,,,,,,,,,
1328684,2022/23,2022-11-05,Cello Basin Reserve,1,50.5,50.5,Wellington Firebirds,Auckland Aces,TM Johnson,TA Blundell,SB Keene,0,0,,,,,,,,,,,,,
1328684,2022/23,2022-11-05,Cello Basin Reserve,1,50.6,50.6,Wellington Firebirds,Auckland Aces,TM Johnson,TA Blundell,SB Keene,0,0,,,,,,,,,,,,,
1328684,2022/23,2022-11-05,Cello Basin Reserve,1,51.1,51.1,Wellington Firebirds,Auckland Aces,TA Blundell,TM Johnson,BG Lister,0,0,,,,,,,,,,,,,
1328684,2022/23,2022-11-05,Cello Basin Reserve,1,51.2,51.2,Wellington Firebirds,Auckland Aces,TA Blundell,TM Johnson,BG Lister,0,0,,,,,,,,,,,,,
1328684,2022/23,2022-11-05,Cello Basin Reserve,1,51.3,51.3,Wellington Firebirds,Auckland Aces,TA Blundell,TM Johnson,BG Lister,0,0,,,,,,,,,,,,,
1328684,2022/23,2022-11-05,Cello Basin Reserve,1,51.4,51.4,Wellington Firebirds,Auckland Aces,TA Blundell,TM Johnson,BG Lister,0,0,,,,,,,,,,,,,
1328684,2022/23,2022-11-05,Cello Basin Reserve,1,51.5,51.5,Wellington Firebirds,Auckland Aces,TA Blundell,TM Johnson,BG Lister,0,0,,,,,,,,,,,,,
1328684,2022/23,2022-11-05,Cello Basin Reserve,1,51.6,51.6,Wellington Firebirds,Auckland Aces,TA Blundell,TM Johnson,BG Lister,0,1,,1,,,,,,,,,,,
1328684,2022/23,2022-11-05,Cello Basin Reserve,1,51.7,51.6,Wellington Firebirds,Auckland Aces,TA Blundell,TM Johnson,BG Lister,0,0,,,,,,,,,,,,,
1328684,2022/23,2022-11-05,Cello Basin Reserve,1,52.1,52.1,Wellington Firebirds,Auckland Aces,TM Johnson,TA Blundell,RR O'Donnell,0,0,,,,,,,,,,,,,
1328684,2022/23,2022-11-05,Cello Basin Reserve,1,52.2,52.2,Wellington Firebirds,Auckland Aces,TM Johnson,TA Blundell,RR O'Donnell,0,0,,,,,,,bowled,TM Johnson,,,,,
1328684,2022/23,2022-11-05,Cello Basin Reserve,1,52.3,52.3,Wellington Firebirds,Auckland Aces,JJNP Bhula,TA Blundell,RR O'Donnell,0,0,,,,,,,,,,,,,
1328684,2022/23,2022-11-05,Cello Basin Reserve,1,52.4,52.4,Wellington Firebirds,Auckland Aces,JJNP Bhula,TA Blundell,RR O'Donnell,0,0,,,,,,,,,,,,,
1328684,2022/23,2022-11-05,Cello Basin Reserve,1,52.5,52.5,Wellington Firebirds,Auckland Aces,JJNP Bhula,TA Blundell,RR O'Donnell,0,0,,,,,,,,,,,,,
1328684,2022/23,2022-11-05,Cello Basin Reserve,1,52.6,52.6,Wellington Firebirds,Auckland Aces,JJNP Bhula,TA Blundell,RR O'Donnell,0,0,,,,,,,,,,,,,
1328684,2022/23,2022-11-05,Cello Basin Reserve,1,53.1,53.1,Wellington Firebirds,Auckland Aces,TA Blundell,JJNP Bhula,BG Lister,0,0,,,,,,,,,,,,,
1328684,2022/23,2022-11-05,Cello Basin Reserve,1,53.2,53.2,Wellington Firebirds,Auckland Aces,TA Blundell,JJNP Bhula,BG Lister,1,0,,,,,,,,,,,,,
1328684,2022/23,2022-11-05,Cello Basin Reserve,1,53.3,53.3,Wellington Firebirds,Auckland Aces,JJNP Bhula,TA Blundell,BG Lister,0,1,,1,,,,,,,,,,,
1328684,2022/23,2022-11-05,Cello Basin Reserve,1,53.4,53.3,Wellington Firebirds,Auckland Aces,JJNP Bhula,TA Blundell,BG Lister,0,0,,,,,,,,,,,,,
1328684,2022/23,2022-11-05,Cello Basin Reserve,1,53.5,53.4,Wellington Firebirds,Auckland Aces,JJNP Bhula,TA Blundell,BG Lister,0,1,,1,,,,,,,,,,,
1328684,2022/23,2022-11-05,Cello Basin Reserve,1,53.6,53.4,Wellington Firebirds,Auckland Aces,JJNP Bhula,TA Blundell,BG Lister,0,0,,,,,,,,,,,,,
1328684,2022/23,2022-11-05,Cello Basin Reserve,1,53.7,53.5,Wellington Firebirds,Auckland Aces,JJNP Bhula,TA Blundell,BG Lister,0,0,,,,,,,,,,,,,
1328684,2022/23,2022-11-05,Cello Basin Reserve,1,53.8,53.6,Wellington Firebirds,Auckland Aces,JJNP Bhula,TA Blundell,BG Lister,0,0,,,,,,,,,,,,,
1328684,2022/23,2022-11-05,Cello Basin Reserve,1,54.1,54.1,Wellington Firebirds,Auckland Aces,TA Blundell,JJNP Bhula,RR O'Donnell,0,0,,,,,,,,,,,,,
1328684,2022/23,2022-11-05,Cello Basin Reserve,1,54.2,54.2,Wellington Firebirds,Auckland Aces,TA Blundell,JJNP Bhula,RR O'Donnell,1,0,,,,,,,,,,,,,
1328684,2022/23,2022-11-05,Cello Basin Reserve,1,54.3,54.3,Wellington Firebirds,Auckland Aces,JJNP Bhula,TA Blundell,RR O'Donnell,0,0,,,,,,,,,,,,,
1328684,2022/23,2022-11-05,Cello Basin Reserve,1,54.4,54.4,Wellington Firebirds,Auckland Aces,JJNP Bhula,TA Blundell,RR O'Donnell,0,0,,,,,,,,,,,,,
1328684,2022/23,2022-11-05,Cello Basin Reserve,1,54.5,54.5,Wellington Firebirds,Auckland Aces,JJNP Bhula,TA Blundell,RR O'Donnell,1,0,,,,,,,run out,JJNP Bhula,,,BG Lister,BJ Horne,
1328684,2022/23,2022-11-05,Cello Basin Reserve,1,54.6,54.6,Wellington Firebirds,Auckland Aces,AJ Leonard,TA Blundell,RR O'Donnell,0,0,,,,,,,,,,,,,
1328684,2022/23,2022-11-05,Cello Basin Reserve,1,55.1,55.1,Wellington Firebirds,Auckland Aces,TA Blundell,AJ Leonard,DK Ferns,1,0,,,,,,,,,,,,,
1328684,2022/23,2022-11-05,Cello Basin Reserve,1,55.2,55.2,Wellington Firebirds,Auckland Aces,AJ Leonard,TA Blundell,DK Ferns,0,0,,,,,,,,,,,,,
1328684,2022/23,2022-11-05,Cello Basin Reserve,1,55.3,55.3,Wellington Firebirds,Auckland Aces,AJ Leonard,TA Blundell,DK Ferns,0,0,,,,,,,,,,,,,
1328684,2022/23,2022-11-05,Cello Basin Reserve,1,55.4,55.4,Wellington Firebirds,Auckland Aces,AJ Leonard,TA Blundell,DK Ferns,0,0,,,,,,,,,,,,,
1328684,2022/23,2022-11-05,Cello Basin Reserve,1,55.5,55.5,Wellington Firebirds,Auckland Aces,AJ Leonard,TA Blundell,DK Ferns,0,0,,,,,,,,,,,,,
1328684,2022/23,2022-11-05,Cello Basin Reserve,1,55.6,55.6,Wellington Firebirds,Auckland Aces,AJ Leonard,TA Blundell,DK Ferns,0,0,,,,,,,,,,,,,
1328684,2022/23,2022-11-05,Cello Basin Reserve,1,56.1,56.1,Wellington Firebirds,Auckland Aces,TA Blundell,AJ Leonard,RR O'Donnell,0,0,,,,,,,,,,,,,
1328684,2022/23,2022-11-05,Cello Basin Reserve,1,56.2,56.2,Wellington Firebirds,Auckland Aces,TA Blundell,AJ Leonard,RR O'Donnell,0,0,,,,,,,,,,,,,
1328684,2022/23,2022-11-05,Cello Basin Reserve,1,56.3,56.3,Wellington Firebirds,Auckland Aces,TA Blundell,AJ Leonard,RR O'Donnell,0,0,,,,,,,,,,,,,
1328684,2022/23,2022-11-05,Cello Basin Reserve,1,56.4,56.4,Wellington Firebirds,Auckland Aces,TA Blundell,AJ Leonard,RR O'Donnell,0,0,,,,,,,,,,,,,
1328684,2022/23,2022-11-05,Cello Basin Reserve,1,56.5,56.5,Wellington Firebirds,Auckland Aces,TA Blundell,AJ Leonard,RR O'Donnell,4,0,,,,,,,,,,,,,
1328684,2022/23,2022-11-05,Cello Basin Reserve,1,56.6,56.6,Wellington Firebirds,Auckland Aces,TA Blundell,AJ Leonard,RR O'Donnell,0,0,,,,,,,,,,,,,
1328684,2022/23,2022-11-05,Cello Basin Reserve,1,57.1,57.1,Wellington Firebirds,Auckland Aces,AJ Leonard,TA Blundell,DK Ferns,0,0,,,,,,,,,,,,,
1328684,2022/23,2022-11-05,Cello Basin Reserve,1,57.2,57.2,Wellington Firebirds,Auckland Aces,AJ Leonard,TA Blundell,DK Ferns,0,0,,,,,,,,,,,,,
1328684,2022/23,2022-11-05,Cello Basin Reserve,1,57.3,57.3,Wellington Firebirds,Auckland Aces,AJ Leonard,TA Blundell,DK Ferns,0,0,,,,,,,,,,,,,
1328684,2022/23,2022-11-05,Cello Basin Reserve,1,57.4,57.4,Wellington Firebirds,Auckland Aces,AJ Leonard,TA Blundell,DK Ferns,0,0,,,,,,,,,,,,,
1328684,2022/23,2022-11-05,Cello Basin Reserve,1,57.5,57.5,Wellington Firebirds,Auckland Aces,AJ Leonard,TA Blundell,DK Ferns,0,0,,,,,,,,,,,,,
1328684,2022/23,2022-11-05,Cello Basin Reserve,1,57.6,57.6,Wellington Firebirds,Auckland Aces,AJ Leonard,TA Blundell,DK Ferns,4,0,,,,,,,,,,,,,
1328684,2022/23,2022-11-05,Cello Basin Reserve,1,58.1,58.1,Wellington Firebirds,Auckland Aces,TA Blundell,AJ Leonard,RR O'Donnell,1,0,,,,,,,,,,,,,
1328684,2022/23,2022-11-05,Cello Basin Reserve,1,58.2,58.2,Wellington Firebirds,Auckland Aces,AJ Leonard,TA Blundell,RR O'Donnell,0,0,,,,,,,,,,,,,
1328684,2022/23,2022-11-05,Cello Basin Reserve,1,58.3,58.3,Wellington Firebirds,Auckland Aces,AJ Leonard,TA Blundell,RR O'Donnell,0,0,,,,,,,,,,,,,
1328684,2022/23,2022-11-05,Cello Basin Reserve,1,58.4,58.4,Wellington Firebirds,Auckland Aces,AJ Leonard,TA Blundell,RR O'Donnell,0,0,,,,,,,,,,,,,
1328684,2022/23,2022-11-05,Cello Basin Reserve,1,58.5,58.5,Wellington Firebirds,Auckland Aces,AJ Leonard,TA Blundell,RR O'Donnell,0,0,,,,,,,,,,,,,
1328684,2022/23,2022-11-05,Cello Basin Reserve,1,58.6,58.6,Wellington Firebirds,Auckland Aces,AJ Leonard,TA Blundell,RR O'Donnell,4,0,,,,,,,,,,,,,
1328684,2022/23,2022-11-05,Cello Basin Reserve,1,59.1,59.1,Wellington Firebirds,Auckland Aces,TA Blundell,AJ Leonard,DK Ferns,1,0,,,,,,,,,,,,,
1328684,2022/23,2022-11-05,Cello Basin Reserve,1,59.2,59.2,Wellington Firebirds,Auckland Aces,AJ Leonard,TA Blundell,DK Ferns,0,0,,,,,,,,,,,,,
1328684,2022/23,2022-11-05,Cello Basin Reserve,1,59.3,59.3,Wellington Firebirds,Auckland Aces,AJ Leonard,TA Blundell,DK Ferns,0,0,,,,,,,,,,,,,
1328684,2022/23,2022-11-05,Cello Basin Reserve,1,59.4,59.4,Wellington Firebirds,Auckland Aces,AJ Leonard,TA Blundell,DK Ferns,0,0,,,,,,,,,,,,,
1328684,2022/23,2022-11-05,Cello Basin Reserve,1,59.5,59.5,Wellington Firebirds,Auckland Aces,AJ Leonard,TA Blundell,DK Ferns,0,0,,,,,,,,,,,,,
1328684,2022/23,2022-11-05,Cello Basin Reserve,1,59.6,59.6,Wellington Firebirds,Auckland Aces,AJ Leonard,TA Blundell,DK Ferns,0,0,,,,,,,,,,,,,
1328684,2022/23,2022-11-05,Cello Basin Reserve,1,60.1,60.1,Wellington Firebirds,Auckland Aces,TA Blundell,AJ Leonard,WER Somerville,0,0,,,,,,,,,,,,,
1328684,2022/23,2022-11-05,Cello Basin Reserve,1,60.2,60.2,Wellington Firebirds,Auckland Aces,TA Blundell,AJ Leonard,WER Somerville,4,0,,,,,,,,,,,,,
1328684,2022/23,2022-11-05,Cello Basin Reserve,1,60.3,60.3,Wellington Firebirds,Auckland Aces,TA Blundell,AJ Leonard,WER Somerville,0,0,,,,,,,,,,,,,
1328684,2022/23,2022-11-05,Cello Basin Reserve,1,60.4,60.4,Wellington Firebirds,Auckland Aces,TA Blundell,AJ Leonard,WER Somerville,1,0,,,,,,,,,,,,,
1328684,2022/23,2022-11-05,Cello Basin Reserve,1,60.5,60.5,Wellington Firebirds,Auckland Aces,AJ Leonard,TA Blundell,WER Somerville,0,0,,,,,,,,,,,,,
1328684,2022/23,2022-11-05,Cello Basin Reserve,1,60.6,60.6,Wellington Firebirds,Auckland Aces,AJ Leonard,TA Blundell,WER Somerville,0,0,,,,,,,,,,,,,
1328684,2022/23,2022-11-05,Cello Basin Reserve,1,61.1,61.1,Wellington Firebirds,Auckland Aces,TA Blundell,AJ Leonard,SB Keene,0,0,,,,,,,,,,,,,
1328684,2022/23,2022-11-05,Cello Basin Reserve,1,61.2,61.2,Wellington Firebirds,Auckland Aces,TA Blundell,AJ Leonard,SB Keene,4,0,,,,,,,,,,,,,
1328684,2022/23,2022-11-05,Cello Basin Reserve,1,61.3,61.3,Wellington Firebirds,Auckland Aces,TA Blundell,AJ Leonard,SB Keene,0,0,,,,,,,,,,,,,
1328684,2022/23,2022-11-05,Cello Basin Reserve,1,61.4,61.4,Wellington Firebirds,Auckland Aces,TA Blundell,AJ Leonard,SB Keene,0,0,,,,,,,,,,,,,
1328684,2022/23,2022-11-05,Cello Basin Reserve,1,61.5,61.5,Wellington Firebirds,Auckland Aces,TA Blundell,AJ Leonard,SB Keene,1,0,,,,,,,,,,,,,
1328684,2022/23,2022-11-05,Cello Basin Reserve,1,61.6,61.6,Wellington Firebirds,Auckland Aces,AJ Leonard,TA Blundell,SB Keene,0,0,,,,,,,,,,,,,
1328684,2022/23,2022-11-05,Cello Basin Reserve,1,62.1,62.1,Wellington Firebirds,Auckland Aces,TA Blundell,AJ Leonard,WER Somerville,1,0,,,,,,,,,,,,,
1328684,2022/23,2022-11-05,Cello Basin Reserve,1,62.2,62.2,Wellington Firebirds,Auckland Aces,AJ Leonard,TA Blundell,WER Somerville,0,0,,,,,,,,,,,,,
1328684,2022/23,2022-11-05,Cello Basin Reserve,1,62.3,62.3,Wellington Firebirds,Auckland Aces,AJ Leonard,TA Blundell,WER Somerville,0,0,,,,,,,,,,,,,
1328684,2022/23,2022-11-05,Cello Basin Reserve,1,62.4,62.4,Wellington Firebirds,Auckland Aces,AJ Leonard,TA Blundell,WER Somerville,0,0,,,,,,,,,,,,,
1328684,2022/23,2022-11-05,Cello Basin Reserve,1,62.5,62.5,Wellington Firebirds,Auckland Aces,AJ Leonard,TA Blundell,WER Somerville,0,0,,,,,,,,,,,,,
1328684,2022/23,2022-11-05,Cello Basin Reserve,1,62.6,62.6,Wellington Firebirds,Auckland Aces,AJ Leonard,TA Blundell,WER Somerville,0,0,,,,,,,,,,,,,
1328684,2022/23,2022-11-05,Cello Basin Reserve,1,63.1,63.1,Wellington Firebirds,Auckland Aces,TA Blundell,AJ Leonard,SB Keene,0,0,,,,,,,,,,,,,
1328684,2022/23,2022-11-05,Cello Basin Reserve,1,63.2,63.2,Wellington Firebirds,Auckland Aces,TA Blundell,AJ Leonard,SB Keene,0,0,,,,,,,,,,,,,
1328684,2022/23,2022-11-05,Cello Basin Reserve,1,63.3,63.3,Wellington Firebirds,Auckland Aces,TA Blundell,AJ Leonard,SB Keene,0,0,,,,,,,,,,,,,
1328684,2022/23,2022-11-05,Cello Basin Reserve,1,63.4,63.4,Wellington Firebirds,Auckland Aces,TA Blundell,AJ Leonard,SB Keene,0,0,,,,,,,,,,,,,
1328684,2022/23,2022-11-05,Cello Basin Reserve,1,63.5,63.5,Wellington Firebirds,Auckland Aces,TA Blundell,AJ Leonard,SB Keene,1,0,,,,,,,,,,,,,
1328684,2022/23,2022-11-05,Cello Basin Reserve,1,63.6,63.6,Wellington Firebirds,Auckland Aces,AJ Leonard,TA Blundell,SB Keene,0,0,,,,,,,caught,AJ Leonard,,,WT O'Donnell,,
1328684,2022/23,2022-11-05,Cello Basin Reserve,1,64.1,64.1,Wellington Firebirds,Auckland Aces,TA Blundell,IG McPeake,WER Somerville,0,0,,,,,,,,,,,,,
1328684,2022/23,2022-11-05,Cello Basin Reserve,1,64.2,64.2,Wellington Firebirds,Auckland Aces,TA Blundell,IG McPeake,WER Somerville,0,0,,,,,,,,,,,,,
1328684,2022/23,2022-11-05,Cello Basin Reserve,1,64.3,64.3,Wellington Firebirds,Auckland Aces,TA Blundell,IG McPeake,WER Somerville,0,0,,,,,,,,,,,,,
1328684,2022/23,2022-11-05,Cello Basin Reserve,1,64.4,64.4,Wellington Firebirds,Auckland Aces,TA Blundell,IG McPeake,WER Somerville,0,0,,,,,,,,,,,,,
1328684,2022/23,2022-11-05,Cello Basin Reserve,1,64.5,64.5,Wellington Firebirds,Auckland Aces,TA Blundell,IG McPeake,WER Somerville,4,0,,,,,,,,,,,,,
1328684,2022/23,2022-11-05,Cello Basin Reserve,1,64.6,64.6,Wellington Firebirds,Auckland Aces,TA Blundell,IG McPeake,WER Somerville,1,0,,,,,,,,,,,,,
1328684,2022/23,2022-11-05,Cello Basin Reserve,1,65.1,65.1,Wellington Firebirds,Auckland Aces,TA Blundell,IG McPeake,SB Keene,1,0,,,,,,,,,,,,,
1328684,2022/23,2022-11-05,Cello Basin Reserve,1,65.2,65.2,Wellington Firebirds,Auckland Aces,IG McPeake,TA Blundell,SB Keene,0,0,,,,,,,,,,,,,
1328684,2022/23,2022-11-05,Cello Basin Reserve,1,65.3,65.3,Wellington Firebirds,Auckland Aces,IG McPeake,TA Blundell,SB Keene,0,0,,,,,,,,,,,,,
1328684,2022/23,2022-11-05,Cello Basin Reserve,1,65.4,65.4,Wellington Firebirds,Auckland Aces,IG McPeake,TA Blundell,SB Keene,0,0,,,,,,,,,,,,,
1328684,2022/23,2022-11-05,Cello Basin Reserve,1,65.5,65.5,Wellington Firebirds,Auckland Aces,IG McPeake,TA Blundell,SB Keene,0,0,,,,,,,,,,,,,
1328684,2022/23,2022-11-05,Cello Basin Reserve,1,65.6,65.6,Wellington Firebirds,Auckland Aces,IG McPeake,TA Blundell,SB Keene,0,0,,,,,,,,,,,,,
1328684,2022/23,2022-11-05,Cello Basin Reserve,1,66.1,66.1,Wellington Firebirds,Auckland Aces,TA Blundell,IG McPeake,WER Somerville,1,0,,,,,,,,,,,,,
1328684,2022/23,2022-11-05,Cello Basin Reserve,1,66.2,66.2,Wellington Firebirds,Auckland Aces,IG McPeake,TA Blundell,WER Somerville,0,0,,,,,,,,,,,,,
1328684,2022/23,2022-11-05,Cello Basin Reserve,1,66.3,66.3,Wellington Firebirds,Auckland Aces,IG McPeake,TA Blundell,WER Somerville,0,0,,,,,,,,,,,,,
1328684,2022/23,2022-11-05,Cello Basin Reserve,1,66.4,66.4,Wellington Firebirds,Auckland Aces,IG McPeake,TA Blundell,WER Somerville,0,0,,,,,,,,,,,,,
1328684,2022/23,2022-11-05,Cello Basin Reserve,1,66.5,66.5,Wellington Firebirds,Auckland Aces,IG McPeake,TA Blundell,WER Somerville,0,0,,,,,,,,,,,,,
1328684,2022/23,2022-11-05,Cello Basin Reserve,1,66.6,66.6,Wellington Firebirds,Auckland Aces,IG McPeake,TA Blundell,WER Somerville,0,0,,,,,,,,,,,,,
1328684,2022/23,2022-11-05,Cello Basin Reserve,1,67.1,67.1,Wellington Firebirds,Auckland Aces,TA Blundell,IG McPeake,SB Keene,4,0,,,,,,,,,,,,,
1328684,2022/23,2022-11-05,Cello Basin Reserve,1,67.2,67.2,Wellington Firebirds,Auckland Aces,TA Blundell,IG McPeake,SB Keene,0,0,,,,,,,,,,,,,
1328684,2022/23,2022-11-05,Cello Basin Reserve,1,67.3,67.3,Wellington Firebirds,Auckland Aces,TA Blundell,IG McPeake,SB Keene,1,0,,,,,,,,,,,,,
1328684,2022/23,2022-11-05,Cello Basin Reserve,1,67.4,67.4,Wellington Firebirds,Auckland Aces,IG McPeake,TA Blundell,SB Keene,0,0,,,,,,,,,,,,,
1328684,2022/23,2022-11-05,Cello Basin Reserve,1,67.5,67.5,Wellington Firebirds,Auckland Aces,IG McPeake,TA Blundell,SB Keene,0,0,,,,,,,,,,,,,
1328684,2022/23,2022-11-05,Cello Basin Reserve,1,67.6,67.6,Wellington Firebirds,Auckland Aces,IG McPeake,TA Blundell,SB Keene,4,0,,,,,,,,,,,,,
1328684,2022/23,2022-11-05,Cello Basin Reserve,1,68.1,68.1,Wellington Firebirds,Auckland Aces,TA Blundell,IG McPeake,WER Somerville,1,0,,,,,,,,,,,,,
1328684,2022/23,2022-11-05,Cello Basin Reserve,1,68.2,68.2,Wellington Firebirds,Auckland Aces,IG McPeake,TA Blundell,WER Somerville,0,0,,,,,,,,,,,,,
1328684,2022/23,2022-11-05,Cello Basin Reserve,1,68.3,68.3,Wellington Firebirds,Auckland Aces,IG McPeake,TA Blundell,WER Somerville,0,0,,,,,,,,,,,,,
1328684,2022/23,2022-11-05,Cello Basin Reserve,1,68.4,68.4,Wellington Firebirds,Auckland Aces,IG McPeake,TA Blundell,WER Somerville,0,0,,,,,,,,,,,,,
1328684,2022/23,2022-11-05,Cello Basin Reserve,1,68.5,68.5,Wellington Firebirds,Auckland Aces,IG McPeake,TA Blundell,WER Somerville,0,0,,,,,,,,,,,,,
1328684,2022/23,2022-11-05,Cello Basin Reserve,1,68.6,68.6,Wellington Firebirds,Auckland Aces,IG McPeake,TA Blundell,WER Somerville,0,0,,,,,,,,,,,,,
1328684,2022/23,2022-11-05,Cello Basin Reserve,1,69.1,69.1,Wellington Firebirds,Auckland Aces,TA Blundell,IG McPeake,SB Keene,0,0,,,,,,,,,,,,,
1328684,2022/23,2022-11-05,Cello Basin Reserve,1,69.2,69.2,Wellington Firebirds,Auckland Aces,TA Blundell,IG McPeake,SB Keene,0,0,,,,,,,,,,,,,
1328684,2022/23,2022-11-05,Cello Basin Reserve,1,69.3,69.3,Wellington Firebirds,Auckland Aces,TA Blundell,IG McPeake,SB Keene,0,0,,,,,,,,,,,,,
1328684,2022/23,2022-11-05,Cello Basin Reserve,1,69.4,69.4,Wellington Firebirds,Auckland Aces,TA Blundell,IG McPeake,SB Keene,0,0,,,,,,,,,,,,,
1328684,2022/23,2022-11-05,Cello Basin Reserve,1,69.5,69.5,Wellington Firebirds,Auckland Aces,TA Blundell,IG McPeake,SB Keene,0,0,,,,,,,,,,,,,
1328684,2022/23,2022-11-05,Cello Basin Reserve,1,69.6,69.6,Wellington Firebirds,Auckland Aces,TA Blundell,IG McPeake,SB Keene,0,0,,,,,,,,,,,,,
1328684,2022/23,2022-11-05,Cello Basin Reserve,1,70.1,70.1,Wellington Firebirds,Auckland Aces,IG McPeake,TA Blundell,WER Somerville,0,0,,,,,,,,,,,,,
1328684,2022/23,2022-11-05,Cello Basin Reserve,1,70.2,70.2,Wellington Firebirds,Auckland Aces,IG McPeake,TA Blundell,WER Somerville,0,0,,,,,,,,,,,,,
1328684,2022/23,2022-11-05,Cello Basin Reserve,1,70.3,70.3,Wellington Firebirds,Auckland Aces,IG McPeake,TA Blundell,WER Somerville,2,0,,,,,,,,,,,,,
1328684,2022/23,2022-11-05,Cello Basin Reserve,1,70.4,70.4,Wellington Firebirds,Auckland Aces,IG McPeake,TA Blundell,WER Somerville,0,0,,,,,,,,,,,,,
1328684,2022/23,2022-11-05,Cello Basin Reserve,1,70.5,70.5,Wellington Firebirds,Auckland Aces,IG McPeake,TA Blundell,WER Somerville,0,0,,,,,,,,,,,,,
1328684,2022/23,2022-11-05,Cello Basin Reserve,1,70.6,70.6,Wellington Firebirds,Auckland Aces,IG McPeake,TA Blundell,WER Somerville,1,0,,,,,,,,,,,,,
1328684,2022/23,2022-11-05,Cello Basin Reserve,1,71.1,71.1,Wellington Firebirds,Auckland Aces,IG McPeake,TA Blundell,SB Keene,0,0,,,,,,,,,,,,,
1328684,2022/23,2022-11-05,Cello Basin Reserve,1,71.2,71.2,Wellington Firebirds,Auckland Aces,IG McPeake,TA Blundell,SB Keene,0,0,,,,,,,,,,,,,
1328684,2022/23,2022-11-05,Cello Basin Reserve,1,71.3,71.3,Wellington Firebirds,Auckland Aces,IG McPeake,TA Blundell,SB Keene,0,1,1,,,,,,,,,,,,
1328684,2022/23,2022-11-05,Cello Basin Reserve,1,71.4,71.3,Wellington Firebirds,Auckland Aces,IG McPeake,TA Blundell,SB Keene,0,0,,,,,,,,,,,,,
1328684,2022/23,2022-11-05,Cello Basin Reserve,1,71.5,71.4,Wellington Firebirds,Auckland Aces,IG McPeake,TA Blundell,SB Keene,0,0,,,,,,,,,,,,,
1328684,2022/23,2022-11-05,Cello Basin Reserve,1,71.6,71.5,Wellington Firebirds,Auckland Aces,IG McPeake,TA Blundell,SB Keene,0,0,,,,,,,,,,,,,
1328684,2022/23,2022-11-05,Cello Basin Reserve,1,71.7,71.6,Wellington Firebirds,Auckland Aces,IG McPeake,TA Blundell,SB Keene,0,0,,,,,,,caught,IG McPeake,,,BJ Horne,,
1328684,2022/23,2022-11-05,Cello Basin Reserve,1,72.1,72.1,Wellington Firebirds,Auckland Aces,TA Blundell,MW Snedden,WER Somerville,1,0,,,,,,,,,,,,,
1328684,2022/23,2022-11-05,Cello Basin Reserve,1,72.2,72.2,Wellington Firebirds,Auckland Aces,MW Snedden,TA Blundell,WER Somerville,0,0,,,,,,,,,,,,,
1328684,2022/23,2022-11-05,Cello Basin Reserve,1,72.3,72.3,Wellington Firebirds,Auckland Aces,MW Snedden,TA Blundell,WER Somerville,0,0,,,,,,,,,,,,,
1328684,2022/23,2022-11-05,Cello Basin Reserve,1,72.4,72.4,Wellington Firebirds,Auckland Aces,MW Snedden,TA Blundell,WER Somerville,0,0,,,,,,,,,,,,,
1328684,2022/23,2022-11-05,Cello Basin Reserve,1,72.5,72.5,Wellington Firebirds,Auckland Aces,MW Snedden,TA Blundell,WER Somerville,0,0,,,,,,,,,,,,,
1328684,2022/23,2022-11-05,Cello Basin Reserve,1,72.6,72.6,Wellington Firebirds,Auckland Aces,MW Snedden,TA Blundell,WER Somerville,0,0,,,,,,,,,,,,,
1328684,2022/23,2022-11-05,Cello Basin Reserve,1,73.1,73.1,Wellington Firebirds,Auckland Aces,TA Blundell,MW Snedden,SB Keene,0,0,,,,,,,,,,,,,
1328684,2022/23,2022-11-05,Cello Basin Reserve,1,73.2,73.2,Wellington Firebirds,Auckland Aces,TA Blundell,MW Snedden,SB Keene,4,0,,,,,,,,,,,,,
1328684,2022/23,2022-11-05,Cello Basin Reserve,1,73.3,73.3,Wellington Firebirds,Auckland Aces,TA Blundell,MW Snedden,SB Keene,4,0,,,,,,,,,,,,,
1328684,2022/23,2022-11-05,Cello Basin Reserve,1,73.4,73.4,Wellington Firebirds,Auckland Aces,TA Blundell,MW Snedden,SB Keene,0,0,,,,,,,,,,,,,
1328684,2022/23,2022-11-05,Cello Basin Reserve,1,73.5,73.5,Wellington Firebirds,Auckland Aces,TA Blundell,MW Snedden,SB Keene,4,0,,,,,,,,,,,,,
1328684,2022/23,2022-11-05,Cello Basin Reserve,1,73.6,73.6,Wellington Firebirds,Auckland Aces,TA Blundell,MW Snedden,SB Keene,0,0,,,,,,,,,,,,,
1328684,2022/23,2022-11-05,Cello Basin Reserve,1,74.1,74.1,Wellington Firebirds,Auckland Aces,MW Snedden,TA Blundell,WER Somerville,0,0,,,,,,,,,,,,,
1328684,2022/23,2022-11-05,Cello Basin Reserve,1,74.2,74.2,Wellington Firebirds,Auckland Aces,MW Snedden,TA Blundell,WER Somerville,0,0,,,,,,,,,,,,,
1328684,2022/23,2022-11-05,Cello Basin Reserve,1,74.3,74.3,Wellington Firebirds,Auckland Aces,MW Snedden,TA Blundell,WER Somerville,0,0,,,,,,,,,,,,,
1328684,2022/23,2022-11-05,Cello Basin Reserve,1,74.4,74.4,Wellington Firebirds,Auckland Aces,MW Snedden,TA Blundell,WER Somerville,0,0,,,,,,,,,,,,,
1328684,2022/23,2022-11-05,Cello Basin Reserve,1,74.5,74.5,Wellington Firebirds,Auckland Aces,MW Snedden,TA Blundell,WER Somerville,0,0,,,,,,,,,,,,,
1328684,2022/23,2022-11-05,Cello Basin Reserve,1,74.6,74.6,Wellington Firebirds,Auckland Aces,MW Snedden,TA Blundell,WER Somerville,0,0,,,,,,,,,,,,,
1328684,2022/23,2022-11-05,Cello Basin Reserve,1,75.1,75.1,Wellington Firebirds,Auckland Aces,TA Blundell,MW Snedden,RD Harrison,0,0,,,,,,,bowled,TA Blundell,,,,,
1328684,2022/23,2022-11-05,Cello Basin Reserve,1,75.2,75.2,Wellington Firebirds,Auckland Aces,JW Hartshorn,MW Snedden,RD Harrison,4,0,,,,,,,,,,,,,
1328684,2022/23,2022-11-05,Cello Basin Reserve,1,75.3,75.3,Wellington Firebirds,Auckland Aces,JW Hartshorn,MW Snedden,RD Harrison,0,0,,,,,,,,,,,,,
1328684,2022/23,2022-11-05,Cello Basin Reserve,1,75.4,75.4,Wellington Firebirds,Auckland Aces,JW Hartshorn,MW Snedden,RD Harrison,1,0,,,,,,,,,,,,,
1328684,2022/23,2022-11-05,Cello Basin Reserve,1,75.5,75.5,Wellington Firebirds,Auckland Aces,MW Snedden,JW Hartshorn,RD Harrison,1,0,,,,,,,,,,,,,
1328684,2022/23,2022-11-05,Cello Basin Reserve,1,75.6,75.6,Wellington Firebirds,Auckland Aces,JW Hartshorn,MW Snedden,RD Harrison,0,0,,,,,,,,,,,,,
1328684,2022/23,2022-11-05,Cello Basin Reserve,1,76.1,76.1,Wellington Firebirds,Auckland Aces,MW Snedden,JW Hartshorn,WER Somerville,0,0,,,,,,,,,,,,,
1328684,2022/23,2022-11-05,Cello Basin Reserve,1,76.2,76.2,Wellington Firebirds,Auckland Aces,MW Snedden,JW Hartshorn,WER Somerville,0,0,,,,,,,,,,,,,
1328684,2022/23,2022-11-05,Cello Basin Reserve,1,76.3,76.3,Wellington Firebirds,Auckland Aces,MW Snedden,JW Hartshorn,WER Somerville,2,0,,,,,,,,,,,,,
1328684,2022/23,2022-11-05,Cello Basin Reserve,1,76.4,76.4,Wellington Firebirds,Auckland Aces,MW Snedden,JW Hartshorn,WER Somerville,0,0,,,,,,,,,,,,,
1328684,2022/23,2022-11-05,Cello Basin Reserve,1,76.5,76.5,Wellington Firebirds,Auckland Aces,MW Snedden,JW Hartshorn,WER Somerville,0,0,,,,,,,,,,,,,
1328684,2022/23,2022-11-05,Cello Basin Reserve,1,76.6,76.6,Wellington Firebirds,Auckland Aces,MW Snedden,JW Hartshorn,WER Somerville,0,0,,,,,,,,,,,,,
1328684,2022/23,2022-11-05,Cello Basin Reserve,1,77.1,77.1,Wellington Firebirds,Auckland Aces,JW Hartshorn,MW Snedden,RD Harrison,0,0,,,,,,,,,,,,,
1328684,2022/23,2022-11-05,Cello Basin Reserve,1,77.2,77.2,Wellington Firebirds,Auckland Aces,JW Hartshorn,MW Snedden,RD Harrison,0,0,,,,,,,,,,,,,
1328684,2022/23,2022-11-05,Cello Basin Reserve,1,77.3,77.3,Wellington Firebirds,Auckland Aces,JW Hartshorn,MW Snedden,RD Harrison,0,0,,,,,,,,,,,,,
1328684,2022/23,2022-11-05,Cello Basin Reserve,1,77.4,77.4,Wellington Firebirds,Auckland Aces,JW Hartshorn,MW Snedden,RD Harrison,0,0,,,,,,,,,,,,,
1328684,2022/23,2022-11-05,Cello Basin Reserve,1,77.5,77.5,Wellington Firebirds,Auckland Aces,JW Hartshorn,MW Snedden,RD Harrison,1,0,,,,,,,,,,,,,
1328684,2022/23,2022-11-05,Cello Basin Reserve,1,77.6,77.6,Wellington Firebirds,Auckland Aces,MW Snedden,JW Hartshorn,RD Harrison,0,0,,,,,,,,,,,,,
1328684,2022/23,2022-11-05,Cello Basin Reserve,1,78.1,78.1,Wellington Firebirds,Auckland Aces,JW Hartshorn,MW Snedden,WER Somerville,0,0,,,,,,,,,,,,,
1328684,2022/23,2022-11-05,Cello Basin Reserve,1,78.2,78.2,Wellington Firebirds,Auckland Aces,JW Hartshorn,MW Snedden,WER Somerville,0,0,,,,,,,,,,,,,
1328684,2022/23,2022-11-05,Cello Basin Reserve,1,78.3,78.3,Wellington Firebirds,Auckland Aces,JW Hartshorn,MW Snedden,WER Somerville,0,0,,,,,,,,,,,,,
1328684,2022/23,2022-11-05,Cello Basin Reserve,1,78.4,78.4,Wellington Firebirds,Auckland Aces,JW Hartshorn,MW Snedden,WER Somerville,0,0,,,,,,,caught,JW Hartshorn,,,SM Solia,,
1328684,2022/23,2022-11-05,Cello Basin Reserve,2,0.1,0.1,Auckland Aces,Wellington Firebirds,WT O'Donnell,SM Solia,IG McPeake,0,0,,,,,,,,,,,,,
1328684,2022/23,2022-11-05,Cello Basin Reserve,2,0.2,0.2,Auckland Aces,Wellington Firebirds,WT O'Donnell,SM Solia,IG McPeake,0,0,,,,,,,,,,,,,
1328684,2022/23,2022-11-05,Cello Basin Reserve,2,0.3,0.3,Auckland Aces,Wellington Firebirds,WT O'Donnell,SM Solia,IG McPeake,2,0,,,,,,,,,,,,,
1328684,2022/23,2022-11-05,Cello Basin Reserve,2,0.4,0.4,Auckland Aces,Wellington Firebirds,WT O'Donnell,SM Solia,IG McPeake,4,0,,,,,,,,,,,,,
1328684,2022/23,2022-11-05,Cello Basin Reserve,2,0.5,0.5,Auckland Aces,Wellington Firebirds,WT O'Donnell,SM Solia,IG McPeake,0,0,,,,,,,,,,,,,
1328684,2022/23,2022-11-05,Cello Basin Reserve,2,0.6,0.6,Auckland Aces,Wellington Firebirds,WT O'Donnell,SM Solia,IG McPeake,0,0,,,,,,,,,,,,,
1328684,2022/23,2022-11-05,Cello Basin Reserve,2,1.1,1.1,Auckland Aces,Wellington Firebirds,SM Solia,WT O'Donnell,MW Snedden,0,0,,,,,,,,,,,,,
1328684,2022/23,2022-11-05,Cello Basin Reserve,2,1.2,1.2,Auckland Aces,Wellington Firebirds,SM Solia,WT O'Donnell,MW Snedden,0,0,,,,,,,,,,,,,
1328684,2022/23,2022-11-05,Cello Basin Reserve,2,1.3,1.3,Auckland Aces,Wellington Firebirds,SM Solia,WT O'Donnell,MW Snedden,0,0,,,,,,,,,,,,,
1328684,2022/23,2022-11-05,Cello Basin Reserve,2,1.4,1.4,Auckland Aces,Wellington Firebirds,SM Solia,WT O'Donnell,MW Snedden,0,0,,,,,,,,,,,,,
1328684,2022/23,2022-11-05,Cello Basin Reserve,2,1.5,1.5,Auckland Aces,Wellington Firebirds,SM Solia,WT O'Donnell,MW Snedden,0,0,,,,,,,,,,,,,
1328684,2022/23,2022-11-05,Cello Basin Reserve,2,1.6,1.6,Auckland Aces,Wellington Firebirds,SM Solia,WT O'Donnell,MW Snedden,0,0,,,,,,,,,,,,,
1328684,2022/23,2022-11-05,Cello Basin Reserve,2,2.1,2.1,Auckland Aces,Wellington Firebirds,WT O'Donnell,SM Solia,IG McPeake,2,0,,,,,,,,,,,,,
1328684,2022/23,2022-11-05,Cello Basin Reserve,2,2.2,2.2,Auckland Aces,Wellington Firebirds,WT O'Donnell,SM Solia,IG McPeake,0,0,,,,,,,,,,,,,
1328684,2022/23,2022-11-05,Cello Basin Reserve,2,2.3,2.3,Auckland Aces,Wellington Firebirds,WT O'Donnell,SM Solia,IG McPeake,0,0,,,,,,,,,,,,,
1328684,2022/23,2022-11-05,Cello Basin Reserve,2,2.4,2.4,Auckland Aces,Wellington Firebirds,WT O'Donnell,SM Solia,IG McPeake,0,0,,,,,,,,,,,,,
1328684,2022/23,2022-11-05,Cello Basin Reserve,2,2.5,2.5,Auckland Aces,Wellington Firebirds,WT O'Donnell,SM Solia,IG McPeake,0,0,,,,,,,,,,,,,
1328684,2022/23,2022-11-05,Cello Basin Reserve,2,2.6,2.6,Auckland Aces,Wellington Firebirds,WT O'Donnell,SM Solia,IG McPeake,0,0,,,,,,,,,,,,,
1328684,2022/23,2022-11-05,Cello Basin Reserve,2,3.1,3.1,Auckland Aces,Wellington Firebirds,SM Solia,WT O'Donnell,MW Snedden,0,0,,,,,,,,,,,,,
1328684,2022/23,2022-11-05,Cello Basin Reserve,2,3.2,3.2,Auckland Aces,Wellington Firebirds,SM Solia,WT O'Donnell,MW Snedden,0,0,,,,,,,,,,,,,
1328684,2022/23,2022-11-05,Cello Basin Reserve,2,3.3,3.3,Auckland Aces,Wellington Firebirds,SM Solia,WT O'Donnell,MW Snedden,0,0,,,,,,,,,,,,,
1328684,2022/23,2022-11-05,Cello Basin Reserve,2,3.4,3.4,Auckland Aces,Wellington Firebirds,SM Solia,WT O'Donnell,MW Snedden,0,0,,,,,,,,,,,,,
1328684,2022/23,2022-11-05,Cello Basin Reserve,2,3.5,3.5,Auckland Aces,Wellington Firebirds,SM Solia,WT O'Donnell,MW Snedden,0,0,,,,,,,,,,,,,
1328684,2022/23,2022-11-05,Cello Basin Reserve,2,3.6,3.6,Auckland Aces,Wellington Firebirds,SM Solia,WT O'Donnell,MW Snedden,0,1,,1,,,,,,,,,,,
1328684,2022/23,2022-11-05,Cello Basin Reserve,2,3.7,3.6,Auckland Aces,Wellington Firebirds,SM Solia,WT O'Donnell,MW Snedden,0,0,,,,,,,,,,,,,
1328684,2022/23,2022-11-05,Cello Basin Reserve,2,4.1,4.1,Auckland Aces,Wellington Firebirds,WT O'Donnell,SM Solia,IG McPeake,1,0,,,,,,,,,,,,,
1328684,2022/23,2022-11-05,Cello Basin Reserve,2,4.2,4.2,Auckland Aces,Wellington Firebirds,SM Solia,WT O'Donnell,IG McPeake,0,0,,,,,,,,,,,,,
1328684,2022/23,2022-11-05,Cello Basin Reserve,2,4.3,4.3,Auckland Aces,Wellington Firebirds,SM Solia,WT O'Donnell,IG McPeake,0,0,,,,,,,,,,,,,
1328684,2022/23,2022-11-05,Cello Basin Reserve,2,4.4,4.4,Auckland Aces,Wellington Firebirds,SM Solia,WT O'Donnell,IG McPeake,1,0,,,,,,,,,,,,,
1328684,2022/23,2022-11-05,Cello Basin Reserve,2,4.5,4.5,Auckland Aces,Wellington Firebirds,WT O'Donnell,SM Solia,IG McPeake,0,0,,,,,,,,,,,,,
1328684,2022/23,2022-11-05,Cello Basin Reserve,2,4.6,4.6,Auckland Aces,Wellington Firebirds,WT O'Donnell,SM Solia,IG McPeake,0,0,,,,,,,,,,,,,
1328684,2022/23,2022-11-05,Cello Basin Reserve,2,5.1,5.1,Auckland Aces,Wellington Firebirds,SM Solia,WT O'Donnell,MW Snedden,0,0,,,,,,,,,,,,,
1328684,2022/23,2022-11-05,Cello Basin Reserve,2,5.2,5.2,Auckland Aces,Wellington Firebirds,SM Solia,WT O'Donnell,MW Snedden,0,0,,,,,,,,,,,,,
1328684,2022/23,2022-11-05,Cello Basin Reserve,2,5.3,5.3,Auckland Aces,Wellington Firebirds,SM Solia,WT O'Donnell,MW Snedden,0,0,,,,,,,,,,,,,
1328684,2022/23,2022-11-05,Cello Basin Reserve,2,5.4,5.4,Auckland Aces,Wellington Firebirds,SM Solia,WT O'Donnell,MW Snedden,0,0,,,,,,,,,,,,,
1328684,2022/23,2022-11-05,Cello Basin Reserve,2,5.5,5.5,Auckland Aces,Wellington Firebirds,SM Solia,WT O'Donnell,MW Snedden,0,0,,,,,,,,,,,,,
1328684,2022/23,2022-11-05,Cello Basin Reserve,2,5.6,5.6,Auckland Aces,Wellington Firebirds,SM Solia,WT O'Donnell,MW Snedden,0,0,,,,,,,,,,,,,
1328684,2022/23,2022-11-05,Cello Basin Reserve,2,6.1,6.1,Auckland Aces,Wellington Firebirds,WT O'Donnell,SM Solia,IG McPeake,0,0,,,,,,,,,,,,,
1328684,2022/23,2022-11-05,Cello Basin Reserve,2,6.2,6.2,Auckland Aces,Wellington Firebirds,WT O'Donnell,SM Solia,IG McPeake,0,0,,,,,,,,,,,,,
1328684,2022/23,2022-11-05,Cello Basin Reserve,2,6.3,6.3,Auckland Aces,Wellington Firebirds,WT O'Donnell,SM Solia,IG McPeake,0,0,,,,,,,,,,,,,
1328684,2022/23,2022-11-05,Cello Basin Reserve,2,6.4,6.4,Auckland Aces,Wellington Firebirds,WT O'Donnell,SM Solia,IG McPeake,0,0,,,,,,,,,,,,,
1328684,2022/23,2022-11-05,Cello Basin Reserve,2,6.5,6.5,Auckland Aces,Wellington Firebirds,WT O'Donnell,SM Solia,IG McPeake,4,0,,,,,,,,,,,,,
1328684,2022/23,2022-11-05,Cello Basin Reserve,2,6.6,6.6,Auckland Aces,Wellington Firebirds,WT O'Donnell,SM Solia,IG McPeake,0,0,,,,,,,,,,,,,
1328684,2022/23,2022-11-05,Cello Basin Reserve,2,7.1,7.1,Auckland Aces,Wellington Firebirds,SM Solia,WT O'Donnell,MW Snedden,4,1,,1,,,,,,,,,,,
1328684,2022/23,2022-11-05,Cello Basin Reserve,2,7.2,7.1,Auckland Aces,Wellington Firebirds,SM Solia,WT O'Donnell,MW Snedden,0,0,,,,,,,,,,,,,
1328684,2022/23,2022-11-05,Cello Basin Reserve,2,7.3,7.2,Auckland Aces,Wellington Firebirds,SM Solia,WT O'Donnell,MW Snedden,0,0,,,,,,,,,,,,,
1328684,2022/23,2022-11-05,Cello Basin Reserve,2,7.4,7.3,Auckland Aces,Wellington Firebirds,SM Solia,WT O'Donnell,MW Snedden,0,0,,,,,,,,,,,,,
1328684,2022/23,2022-11-05,Cello Basin Reserve,2,7.5,7.4,Auckland Aces,Wellington Firebirds,SM Solia,WT O'Donnell,MW Snedden,0,0,,,,,,,,,,,,,
1328684,2022/23,2022-11-05,Cello Basin Reserve,2,7.6,7.5,Auckland Aces,Wellington Firebirds,SM Solia,WT O'Donnell,MW Snedden,0,0,,,,,,,,,,,,,
1328684,2022/23,2022-11-05,Cello Basin Reserve,2,7.7,7.6,Auckland Aces,Wellington Firebirds,SM Solia,WT O'Donnell,MW Snedden,0,0,,,,,,,,,,,,,
1328684,2022/23,2022-11-05,Cello Basin Reserve,2,8.1,8.1,Auckland Aces,Wellington Firebirds,WT O'Donnell,SM Solia,IG McPeake,0,0,,,,,,,,,,,,,
1328684,2022/23,2022-11-05,Cello Basin Reserve,2,8.2,8.2,Auckland Aces,Wellington Firebirds,WT O'Donnell,SM Solia,IG McPeake,0,0,,,,,,,,,,,,,
1328684,2022/23,2022-11-05,Cello Basin Reserve,2,8.3,8.3,Auckland Aces,Wellington Firebirds,WT O'Donnell,SM Solia,IG McPeake,0,0,,,,,,,,,,,,,
1328684,2022/23,2022-11-05,Cello Basin Reserve,2,8.4,8.4,Auckland Aces,Wellington Firebirds,WT O'Donnell,SM Solia,IG McPeake,0,0,,,,,,,,,,,,,
1328684,2022/23,2022-11-05,Cello Basin Reserve,2,8.5,8.5,Auckland Aces,Wellington Firebirds,WT O'Donnell,SM Solia,IG McPeake,0,0,,,,,,,,,,,,,
1328684,2022/23,2022-11-05,Cello Basin Reserve,2,8.6,8.6,Auckland Aces,Wellington Firebirds,WT O'Donnell,SM Solia,IG McPeake,0,0,,,,,,,,,,,,,
1328684,2022/23,2022-11-05,Cello Basin Reserve,2,9.1,9.1,Auckland Aces,Wellington Firebirds,SM Solia,WT O'Donnell,MW Snedden,0,0,,,,,,,,,,,,,
1328684,2022/23,2022-11-05,Cello Basin Reserve,2,9.2,9.2,Auckland Aces,Wellington Firebirds,SM Solia,WT O'Donnell,MW Snedden,1,0,,,,,,,,,,,,,
1328684,2022/23,2022-11-05,Cello Basin Reserve,2,9.3,9.3,Auckland Aces,Wellington Firebirds,WT O'Donnell,SM Solia,MW Snedden,0,0,,,,,,,,,,,,,
1328684,2022/23,2022-11-05,Cello Basin Reserve,2,9.4,9.4,Auckland Aces,Wellington Firebirds,WT O'Donnell,SM Solia,MW Snedden,0,0,,,,,,,,,,,,,
1328684,2022/23,2022-11-05,Cello Basin Reserve,2,9.5,9.5,Auckland Aces,Wellington Firebirds,WT O'Donnell,SM Solia,MW Snedden,0,0,,,,,,,,,,,,,
1328684,2022/23,2022-11-05,Cello Basin Reserve,2,9.6,9.6,Auckland Aces,Wellington Firebirds,WT O'Donnell,SM Solia,MW Snedden,0,0,,,,,,,,,,,,,
1328684,2022/23,2022-11-05,Cello Basin Reserve,2,10.1,10.1,Auckland Aces,Wellington Firebirds,SM Solia,WT O'Donnell,AJ Leonard,0,0,,,,,,,,,,,,,
1328684,2022/23,2022-11-05,Cello Basin Reserve,2,10.2,10.2,Auckland Aces,Wellington Firebirds,SM Solia,WT O'Donnell,AJ Leonard,0,0,,,,,,,,,,,,,
1328684,2022/23,2022-11-05,Cello Basin Reserve,2,10.3,10.3,Auckland Aces,Wellington Firebirds,SM Solia,WT O'Donnell,AJ Leonard,0,0,,,,,,,,,,,,,
1328684,2022/23,2022-11-05,Cello Basin Reserve,2,10.4,10.4,Auckland Aces,Wellington Firebirds,SM Solia,WT O'Donnell,AJ Leonard,0,0,,,,,,,,,,,,,
1328684,2022/23,2022-11-05,Cello Basin Reserve,2,10.5,10.5,Auckland Aces,Wellington Firebirds,SM Solia,WT O'Donnell,AJ Leonard,0,0,,,,,,,,,,,,,
1328684,2022/23,2022-11-05,Cello Basin Reserve,2,10.6,10.6,Auckland Aces,Wellington Firebirds,SM Solia,WT O'Donnell,AJ Leonard,0,0,,,,,,,,,,,,,
1328684,2022/23,2022-11-05,Cello Basin Reserve,2,11.1,11.1,Auckland Aces,Wellington Firebirds,WT O'Donnell,SM Solia,MW Snedden,0,0,,,,,,,,,,,,,
1328684,2022/23,2022-11-05,Cello Basin Reserve,2,11.2,11.2,Auckland Aces,Wellington Firebirds,WT O'Donnell,SM Solia,MW Snedden,0,0,,,,,,,,,,,,,
1328684,2022/23,2022-11-05,Cello Basin Reserve,2,11.3,11.3,Auckland Aces,Wellington Firebirds,WT O'Donnell,SM Solia,MW Snedden,0,0,,,,,,,,,,,,,
1328684,2022/23,2022-11-05,Cello Basin Reserve,2,11.4,11.4,Auckland Aces,Wellington Firebirds,WT O'Donnell,SM Solia,MW Snedden,0,0,,,,,,,,,,,,,
1328684,2022/23,2022-11-05,Cello Basin Reserve,2,11.5,11.5,Auckland Aces,Wellington Firebirds,WT O'Donnell,SM Solia,MW Snedden,0,0,,,,,,,,,,,,,
1328684,2022/23,2022-11-05,Cello Basin Reserve,2,11.6,11.6,Auckland Aces,Wellington Firebirds,WT O'Donnell,SM Solia,MW Snedden,0,0,,,,,,,,,,,,,
1328684,2022/23,2022-11-05,Cello Basin Reserve,2,12.1,12.1,Auckland Aces,Wellington Firebirds,SM Solia,WT O'Donnell,AJ Leonard,1,0,,,,,,,,,,,,,
1328684,2022/23,2022-11-05,Cello Basin Reserve,2,12.2,12.2,Auckland Aces,Wellington Firebirds,WT O'Donnell,SM Solia,AJ Leonard,1,0,,,,,,,,,,,,,
1328684,2022/23,2022-11-05,Cello Basin Reserve,2,12.3,12.3,Auckland Aces,Wellington Firebirds,SM Solia,WT O'Donnell,AJ Leonard,0,0,,,,,,,,,,,,,
1328684,2022/23,2022-11-05,Cello Basin Reserve,2,12.4,12.4,Auckland Aces,Wellington Firebirds,SM Solia,WT O'Donnell,AJ Leonard,0,0,,,,,,,,,,,,,
1328684,2022/23,2022-11-05,Cello Basin Reserve,2,12.5,12.5,Auckland Aces,Wellington Firebirds,SM Solia,WT O'Donnell,AJ Leonard,0,0,,,,,,,,,,,,,
1328684,2022/23,2022-11-05,Cello Basin Reserve,2,12.6,12.6,Auckland Aces,Wellington Firebirds,SM Solia,WT O'Donnell,AJ Leonard,0,0,,,,,,,,,,,,,
1328684,2022/23,2022-11-05,Cello Basin Reserve,2,13.1,13.1,Auckland Aces,Wellington Firebirds,WT O'Donnell,SM Solia,MW Snedden,0,0,,,,,,,,,,,,,
1328684,2022/23,2022-11-05,Cello Basin Reserve,2,13.2,13.2,Auckland Aces,Wellington Firebirds,WT O'Donnell,SM Solia,MW Snedden,0,0,,,,,,,,,,,,,
1328684,2022/23,2022-11-05,Cello Basin Reserve,2,13.3,13.3,Auckland Aces,Wellington Firebirds,WT O'Donnell,SM Solia,MW Snedden,0,0,,,,,,,,,,,,,
1328684,2022/23,2022-11-05,Cello Basin Reserve,2,13.4,13.4,Auckland Aces,Wellington Firebirds,WT O'Donnell,SM Solia,MW Snedden,0,0,,,,,,,,,,,,,
1328684,2022/23,2022-11-05,Cello Basin Reserve,2,13.5,13.5,Auckland Aces,Wellington Firebirds,WT O'Donnell,SM Solia,MW Snedden,2,1,,1,,,,,,,,,,,
1328684,2022/23,2022-11-05,Cello Basin Reserve,2,13.6,13.5,Auckland Aces,Wellington Firebirds,WT O'Donnell,SM Solia,MW Snedden,0,0,,,,,,,,,,,,,
1328684,2022/23,2022-11-05,Cello Basin Reserve,2,13.7,13.6,Auckland Aces,Wellington Firebirds,WT O'Donnell,SM Solia,MW Snedden,0,0,,,,,,,,,,,,,
1328684,2022/23,2022-11-05,Cello Basin Reserve,2,14.1,14.1,Auckland Aces,Wellington Firebirds,SM Solia,WT O'Donnell,AJ Leonard,0,0,,,,,,,,,,,,,
1328684,2022/23,2022-11-05,Cello Basin Reserve,2,14.2,14.2,Auckland Aces,Wellington Firebirds,SM Solia,WT O'Donnell,AJ Leonard,0,0,,,,,,,,,,,,,
1328684,2022/23,2022-11-05,Cello Basin Reserve,2,14.3,14.3,Auckland Aces,Wellington Firebirds,SM Solia,WT O'Donnell,AJ Leonard,1,0,,,,,,,,,,,,,
1328684,2022/23,2022-11-05,Cello Basin Reserve,2,14.4,14.4,Auckland Aces,Wellington Firebirds,WT O'Donnell,SM Solia,AJ Leonard,0,0,,,,,,,,,,,,,
1328684,2022/23,2022-11-05,Cello Basin Reserve,2,14.5,14.5,Auckland Aces,Wellington Firebirds,WT O'Donnell,SM Solia,AJ Leonard,0,0,,,,,,,,,,,,,
1328684,2022/23,2022-11-05,Cello Basin Reserve,2,14.6,14.6,Auckland Aces,Wellington Firebirds,WT O'Donnell,SM Solia,AJ Leonard,0,0,,,,,,,,,,,,,
1328684,2022/23,2022-11-05,Cello Basin Reserve,2,15.1,15.1,Auckland Aces,Wellington Firebirds,SM Solia,WT O'Donnell,MW Snedden,0,0,,,,,,,,,,,,,
1328684,2022/23,2022-11-05,Cello Basin Reserve,2,15.2,15.2,Auckland Aces,Wellington Firebirds,SM Solia,WT O'Donnell,MW Snedden,0,0,,,,,,,,,,,,,
1328684,2022/23,2022-11-05,Cello Basin Reserve,2,15.3,15.3,Auckland Aces,Wellington Firebirds,SM Solia,WT O'Donnell,MW Snedden,0,0,,,,,,,,,,,,,
1328684,2022/23,2022-11-05,Cello Basin Reserve,2,15.4,15.4,Auckland Aces,Wellington Firebirds,SM Solia,WT O'Donnell,MW Snedden,0,0,,,,,,,,,,,,,
1328684,2022/23,2022-11-05,Cello Basin Reserve,2,15.5,15.5,Auckland Aces,Wellington Firebirds,SM Solia,WT O'Donnell,MW Snedden,0,0,,,,,,,,,,,,,
1328684,2022/23,2022-11-05,Cello Basin Reserve,2,15.6,15.6,Auckland Aces,Wellington Firebirds,SM Solia,WT O'Donnell,MW Snedden,0,0,,,,,,,,,,,,,
1328684,2022/23,2022-11-05,Cello Basin Reserve,2,16.1,16.1,Auckland Aces,Wellington Firebirds,WT O'Donnell,SM Solia,JW Hartshorn,0,1,,1,,,,,,,,,,,
1328684,2022/23,2022-11-05,Cello Basin Reserve,2,16.2,16.1,Auckland Aces,Wellington Firebirds,WT O'Donnell,SM Solia,JW Hartshorn,0,0,,,,,,,,,,,,,
1328684,2022/23,2022-11-05,Cello Basin Reserve,2,16.3,16.2,Auckland Aces,Wellington Firebirds,WT O'Donnell,SM Solia,JW Hartshorn,0,0,,,,,,,,,,,,,
1328684,2022/23,2022-11-05,Cello Basin Reserve,2,16.4,16.3,Auckland Aces,Wellington Firebirds,WT O'Donnell,SM Solia,JW Hartshorn,0,0,,,,,,,,,,,,,
1328684,2022/23,2022-11-05,Cello Basin Reserve,2,16.5,16.4,Auckland Aces,Wellington Firebirds,WT O'Donnell,SM Solia,JW Hartshorn,1,0,,,,,,,,,,,,,
1328684,2022/23,2022-11-05,Cello Basin Reserve,2,16.6,16.5,Auckland Aces,Wellington Firebirds,SM Solia,WT O'Donnell,JW Hartshorn,0,0,,,,,,,,,,,,,
1328684,2022/23,2022-11-05,Cello Basin Reserve,2,16.7,16.6,Auckland Aces,Wellington Firebirds,SM Solia,WT O'Donnell,JW Hartshorn,0,0,,,,,,,,,,,,,
1328684,2022/23,2022-11-05,Cello Basin Reserve,2,17.1,17.1,Auckland Aces,Wellington Firebirds,WT O'Donnell,SM Solia,MW Snedden,0,0,,,,,,,lbw,WT O'Donnell,,,,,
1328684,2022/23,2022-11-05,Cello Basin Reserve,2,17.2,17.2,Auckland Aces,Wellington Firebirds,CJ Briggs,SM Solia,MW Snedden,0,1,,1,,,,,,,,,,,
1328684,2022/23,2022-11-05,Cello Basin Reserve,2,17.3,17.2,Auckland Aces,Wellington Firebirds,CJ Briggs,SM Solia,MW Snedden,0,0,,,,,,,,,,,,,
1328684,2022/23,2022-11-05,Cello Basin Reserve,2,17.4,17.3,Auckland Aces,Wellington Firebirds,CJ Briggs,SM Solia,MW Snedden,0,0,,,,,,,,,,,,,
1328684,2022/23,2022-11-05,Cello Basin Reserve,2,17.5,17.4,Auckland Aces,Wellington Firebirds,CJ Briggs,SM Solia,MW Snedden,0,0,,,,,,,,,,,,,
1328684,2022/23,2022-11-05,Cello Basin Reserve,2,17.6,17.5,Auckland Aces,Wellington Firebirds,CJ Briggs,SM Solia,MW Snedden,0,0,,,,,,,,,,,,,
1328684,2022/23,2022-11-05,Cello Basin Reserve,2,17.7,17.6,Auckland Aces,Wellington Firebirds,CJ Briggs,SM Solia,MW Snedden,0,0,,,,,,,,,,,,,
1328684,2022/23,2022-11-05,Cello Basin Reserve,2,18.1,18.1,Auckland Aces,Wellington Firebirds,SM Solia,CJ Briggs,JW Hartshorn,0,0,,,,,,,,,,,,,
1328684,2022/23,2022-11-05,Cello Basin Reserve,2,18.2,18.2,Auckland Aces,Wellington Firebirds,SM Solia,CJ Briggs,JW Hartshorn,0,0,,,,,,,,,,,,,
1328684,2022/23,2022-11-05,Cello Basin Reserve,2,18.3,18.3,Auckland Aces,Wellington Firebirds,SM Solia,CJ Briggs,JW Hartshorn,4,0,,,,,,,,,,,,,
1328684,2022/23,2022-11-05,Cello Basin Reserve,2,18.4,18.4,Auckland Aces,Wellington Firebirds,SM Solia,CJ Briggs,JW Hartshorn,4,0,,,,,,,,,,,,,
1328684,2022/23,2022-11-05,Cello Basin Reserve,2,18.5,18.5,Auckland Aces,Wellington Firebirds,SM Solia,CJ Briggs,JW Hartshorn,0,0,,,,,,,,,,,,,
1328684,2022/23,2022-11-05,Cello Basin Reserve,2,18.6,18.6,Auckland Aces,Wellington Firebirds,SM Solia,CJ Briggs,JW Hartshorn,0,0,,,,,,,,,,,,,
1328684,2022/23,2022-11-05,Cello Basin Reserve,2,19.1,19.1,Auckland Aces,Wellington Firebirds,CJ Briggs,SM Solia,MW Snedden,0,0,,,,,,,,,,,,,
1328684,2022/23,2022-11-05,Cello Basin Reserve,2,19.2,19.2,Auckland Aces,Wellington Firebirds,CJ Briggs,SM Solia,MW Snedden,1,0,,,,,,,,,,,,,
1328684,2022/23,2022-11-05,Cello Basin Reserve,2,19.3,19.3,Auckland Aces,Wellington Firebirds,SM Solia,CJ Briggs,MW Snedden,0,0,,,,,,,,,,,,,
1328684,2022/23,2022-11-05,Cello Basin Reserve,2,19.4,19.4,Auckland Aces,Wellington Firebirds,SM Solia,CJ Briggs,MW Snedden,0,0,,,,,,,,,,,,,
1328684,2022/23,2022-11-05,Cello Basin Reserve,2,19.5,19.5,Auckland Aces,Wellington Firebirds,SM Solia,CJ Briggs,MW Snedden,0,0,,,,,,,,,,,,,
1328684,2022/23,2022-11-05,Cello Basin Reserve,2,19.6,19.6,Auckland Aces,Wellington Firebirds,SM Solia,CJ Briggs,MW Snedden,1,0,,,,,,,,,,,,,
1328684,2022/23,2022-11-05,Cello Basin Reserve,2,20.1,20.1,Auckland Aces,Wellington Firebirds,SM Solia,CJ Briggs,JW Hartshorn,0,0,,,,,,,,,,,,,
1328684,2022/23,2022-11-05,Cello Basin Reserve,2,20.2,20.2,Auckland Aces,Wellington Firebirds,SM Solia,CJ Briggs,JW Hartshorn,0,0,,,,,,,,,,,,,
1328684,2022/23,2022-11-05,Cello Basin Reserve,2,20.3,20.3,Auckland Aces,Wellington Firebirds,SM Solia,CJ Briggs,JW Hartshorn,0,0,,,,,,,,,,,,,
1328684,2022/23,2022-11-05,Cello Basin Reserve,2,20.4,20.4,Auckland Aces,Wellington Firebirds,SM Solia,CJ Briggs,JW Hartshorn,0,0,,,,,,,,,,,,,
1328684,2022/23,2022-11-05,Cello Basin Reserve,2,20.5,20.5,Auckland Aces,Wellington Firebirds,SM Solia,CJ Briggs,JW Hartshorn,0,0,,,,,,,,,,,,,
1328684,2022/23,2022-11-05,Cello Basin Reserve,2,20.6,20.6,Auckland Aces,Wellington Firebirds,SM Solia,CJ Briggs,JW Hartshorn,0,0,,,,,,,,,,,,,
1328684,2022/23,2022-11-05,Cello Basin Reserve,2,21.1,21.1,Auckland Aces,Wellington Firebirds,CJ Briggs,SM Solia,MW Snedden,0,0,,,,,,,,,,,,,
1328684,2022/23,2022-11-05,Cello Basin Reserve,2,21.2,21.2,Auckland Aces,Wellington Firebirds,CJ Briggs,SM Solia,MW Snedden,0,0,,,,,,,,,,,,,
1328684,2022/23,2022-11-05,Cello Basin Reserve,2,21.3,21.3,Auckland Aces,Wellington Firebirds,CJ Briggs,SM Solia,MW Snedden,0,0,,,,,,,,,,,,,
1328684,2022/23,2022-11-05,Cello Basin Reserve,2,21.4,21.4,Auckland Aces,Wellington Firebirds,CJ Briggs,SM Solia,MW Snedden,0,0,,,,,,,,,,,,,
1328684,2022/23,2022-11-05,Cello Basin Reserve,2,21.5,21.5,Auckland Aces,Wellington Firebirds,CJ Briggs,SM Solia,MW Snedden,0,0,,,,,,,,,,,,,
1328684,2022/23,2022-11-05,Cello Basin Reserve,2,21.6,21.6,Auckland Aces,Wellington Firebirds,CJ Briggs,SM Solia,MW Snedden,0,0,,,,,,,,,,,,,
1328684,2022/23,2022-11-05,Cello Basin Reserve,2,22.1,22.1,Auckland Aces,Wellington Firebirds,SM Solia,CJ Briggs,JW Hartshorn,0,0,,,,,,,,,,,,,
1328684,2022/23,2022-11-05,Cello Basin Reserve,2,22.2,22.2,Auckland Aces,Wellington Firebirds,SM Solia,CJ Briggs,JW Hartshorn,0,0,,,,,,,,,,,,,
1328684,2022/23,2022-11-05,Cello Basin Reserve,2,22.3,22.3,Auckland Aces,Wellington Firebirds,SM Solia,CJ Briggs,JW Hartshorn,4,0,,,,,,,,,,,,,
1328684,2022/23,2022-11-05,Cello Basin Reserve,2,22.4,22.4,Auckland Aces,Wellington Firebirds,SM Solia,CJ Briggs,JW Hartshorn,0,0,,,,,,,,,,,,,
1328684,2022/23,2022-11-05,Cello Basin Reserve,2,22.5,22.5,Auckland Aces,Wellington Firebirds,SM Solia,CJ Briggs,JW Hartshorn,0,0,,,,,,,,,,,,,
1328684,2022/23,2022-11-05,Cello Basin Reserve,2,22.6,22.6,Auckland Aces,Wellington Firebirds,SM Solia,CJ Briggs,JW Hartshorn,0,0,,,,,,,,,,,,,
1328684,2022/23,2022-11-05,Cello Basin Reserve,2,23.1,23.1,Auckland Aces,Wellington Firebirds,CJ Briggs,SM Solia,MW Snedden,0,0,,,,,,,,,,,,,
1328684,2022/23,2022-11-05,Cello Basin Reserve,2,23.2,23.2,Auckland Aces,Wellington Firebirds,CJ Briggs,SM Solia,MW Snedden,0,0,,,,,,,,,,,,,
1328684,2022/23,2022-11-05,Cello Basin Reserve,2,23.3,23.3,Auckland Aces,Wellington Firebirds,CJ Briggs,SM Solia,MW Snedden,0,0,,,,,,,,,,,,,
1328684,2022/23,2022-11-05,Cello Basin Reserve,2,23.4,23.4,Auckland Aces,Wellington Firebirds,CJ Briggs,SM Solia,MW Snedden,0,0,,,,,,,,,,,,,
1328684,2022/23,2022-11-05,Cello Basin Reserve,2,23.5,23.5,Auckland Aces,Wellington Firebirds,CJ Briggs,SM Solia,MW Snedden,0,0,,,,,,,,,,,,,
1328684,2022/23,2022-11-05,Cello Basin Reserve,2,23.6,23.6,Auckland Aces,Wellington Firebirds,CJ Briggs,SM Solia,MW Snedden,0,0,,,,,,,,,,,,,
1328684,2022/23,2022-11-05,Cello Basin Reserve,2,24.1,24.1,Auckland Aces,Wellington Firebirds,SM Solia,CJ Briggs,JW Hartshorn,0,0,,,,,,,,,,,,,
1328684,2022/23,2022-11-05,Cello Basin Reserve,2,24.2,24.2,Auckland Aces,Wellington Firebirds,SM Solia,CJ Briggs,JW Hartshorn,1,0,,,,,,,,,,,,,
1328684,2022/23,2022-11-05,Cello Basin Reserve,2,24.3,24.3,Auckland Aces,Wellington Firebirds,CJ Briggs,SM Solia,JW Hartshorn,2,0,,,,,,,,,,,,,
1328684,2022/23,2022-11-05,Cello Basin Reserve,2,24.4,24.4,Auckland Aces,Wellington Firebirds,CJ Briggs,SM Solia,JW Hartshorn,0,0,,,,,,,,,,,,,
1328684,2022/23,2022-11-05,Cello Basin Reserve,2,24.5,24.5,Auckland Aces,Wellington Firebirds,CJ Briggs,SM Solia,JW Hartshorn,0,0,,,,,,,,,,,,,
1328684,2022/23,2022-11-05,Cello Basin Reserve,2,24.6,24.6,Auckland Aces,Wellington Firebirds,CJ Briggs,SM Solia,JW Hartshorn,0,0,,,,,,,,,,,,,
1328684,2022/23,2022-11-05,Cello Basin Reserve,2,25.1,25.1,Auckland Aces,Wellington Firebirds,SM Solia,CJ Briggs,MW Snedden,0,0,,,,,,,,,,,,,
1328684,2022/23,2022-11-05,Cello Basin Reserve,2,25.2,25.2,Auckland Aces,Wellington Firebirds,SM Solia,CJ Briggs,MW Snedden,0,0,,,,,,,,,,,,,
1328684,2022/23,2022-11-05,Cello Basin Reserve,2,25.3,25.3,Auckland Aces,Wellington Firebirds,SM Solia,CJ Briggs,MW Snedden,0,0,,,,,,,,,,,,,
1328684,2022/23,2022-11-05,Cello Basin Reserve,2,25.4,25.4,Auckland Aces,Wellington Firebirds,SM Solia,CJ Briggs,MW Snedden,4,0,,,,,,,,,,,,,
1328684,2022/23,2022-11-05,Cello Basin Reserve,2,25.5,25.5,Auckland Aces,Wellington Firebirds,SM Solia,CJ Briggs,MW Snedden,1,0,,,,,,,,,,,,,
1328684,2022/23,2022-11-05,Cello Basin Reserve,2,25.6,25.6,Auckland Aces,Wellington Firebirds,CJ Briggs,SM Solia,MW Snedden,0,0,,,,,,,,,,,,,
1328684,2022/23,2022-11-05,Cello Basin Reserve,2,26.1,26.1,Auckland Aces,Wellington Firebirds,SM Solia,CJ Briggs,AJ Leonard,0,0,,,,,,,,,,,,,
1328684,2022/23,2022-11-05,Cello Basin Reserve,2,26.2,26.2,Auckland Aces,Wellington Firebirds,SM Solia,CJ Briggs,AJ Leonard,0,0,,,,,,,,,,,,,
1328684,2022/23,2022-11-05,Cello Basin Reserve,2,26.3,26.3,Auckland Aces,Wellington Firebirds,SM Solia,CJ Briggs,AJ Leonard,0,0,,,,,,,,,,,,,
1328684,2022/23,2022-11-05,Cello Basin Reserve,2,26.4,26.4,Auckland Aces,Wellington Firebirds,SM Solia,CJ Briggs,AJ Leonard,4,0,,,,,,,,,,,,,
1328684,2022/23,2022-11-05,Cello Basin Reserve,2,26.5,26.5,Auckland Aces,Wellington Firebirds,SM Solia,CJ Briggs,AJ Leonard,0,0,,,,,,,,,,,,,
1328684,2022/23,2022-11-05,Cello Basin Reserve,2,26.6,26.6,Auckland Aces,Wellington Firebirds,SM Solia,CJ Briggs,AJ Leonard,0,0,,,,,,,,,,,,,
1328684,2022/23,2022-11-05,Cello Basin Reserve,2,27.1,27.1,Auckland Aces,Wellington Firebirds,CJ Briggs,SM Solia,LI Georgeson,1,0,,,,,,,,,,,,,
1328684,2022/23,2022-11-05,Cello Basin Reserve,2,27.2,27.2,Auckland Aces,Wellington Firebirds,SM Solia,CJ Briggs,LI Georgeson,0,0,,,,,,,,,,,,,
1328684,2022/23,2022-11-05,Cello Basin Reserve,2,27.3,27.3,Auckland Aces,Wellington Firebirds,SM Solia,CJ Briggs,LI Georgeson,0,1,,,,1,,,,,,,,,
1328684,2022/23,2022-11-05,Cello Basin Reserve,2,27.4,27.4,Auckland Aces,Wellington Firebirds,CJ Briggs,SM Solia,LI Georgeson,0,0,,,,,,,,,,,,,
1328684,2022/23,2022-11-05,Cello Basin Reserve,2,27.5,27.5,Auckland Aces,Wellington Firebirds,CJ Briggs,SM Solia,LI Georgeson,0,0,,,,,,,,,,,,,
1328684,2022/23,2022-11-05,Cello Basin Reserve,2,27.6,27.6,Auckland Aces,Wellington Firebirds,CJ Briggs,SM Solia,LI Georgeson,0,0,,,,,,,,,,,,,
1328684,2022/23,2022-11-05,Cello Basin Reserve,2,28.1,28.1,Auckland Aces,Wellington Firebirds,SM Solia,CJ Briggs,AJ Leonard,0,0,,,,,,,,,,,,,
1328684,2022/23,2022-11-05,Cello Basin Reserve,2,28.2,28.2,Auckland Aces,Wellington Firebirds,SM Solia,CJ Briggs,AJ Leonard,0,0,,,,,,,,,,,,,
1328684,2022/23,2022-11-05,Cello Basin Reserve,2,28.3,28.3,Auckland Aces,Wellington Firebirds,SM Solia,CJ Briggs,AJ Leonard,0,0,,,,,,,,,,,,,
1328684,2022/23,2022-11-05,Cello Basin Reserve,2,28.4,28.4,Auckland Aces,Wellington Firebirds,SM Solia,CJ Briggs,AJ Leonard,0,0,,,,,,,,,,,,,
1328684,2022/23,2022-11-05,Cello Basin Reserve,2,28.5,28.5,Auckland Aces,Wellington Firebirds,SM Solia,CJ Briggs,AJ Leonard,0,0,,,,,,,,,,,,,
1328684,2022/23,2022-11-05,Cello Basin Reserve,2,28.6,28.6,Auckland Aces,Wellington Firebirds,SM Solia,CJ Briggs,AJ Leonard,0,0,,,,,,,,,,,,,
1328684,2022/23,2022-11-05,Cello Basin Reserve,2,29.1,29.1,Auckland Aces,Wellington Firebirds,CJ Briggs,SM Solia,LI Georgeson,0,0,,,,,,,,,,,,,
1328684,2022/23,2022-11-05,Cello Basin Reserve,2,29.2,29.2,Auckland Aces,Wellington Firebirds,CJ Briggs,SM Solia,LI Georgeson,0,0,,,,,,,,,,,,,
1328684,2022/23,2022-11-05,Cello Basin Reserve,2,29.3,29.3,Auckland Aces,Wellington Firebirds,CJ Briggs,SM Solia,LI Georgeson,1,0,,,,,,,,,,,,,
1328684,2022/23,2022-11-05,Cello Basin Reserve,2,29.4,29.4,Auckland Aces,Wellington Firebirds,SM Solia,CJ Briggs,LI Georgeson,0,0,,,,,,,,,,,,,
1328684,2022/23,2022-11-05,Cello Basin Reserve,2,29.5,29.5,Auckland Aces,Wellington Firebirds,SM Solia,CJ Briggs,LI Georgeson,1,0,,,,,,,,,,,,,
1328684,2022/23,2022-11-05,Cello Basin Reserve,2,29.6,29.6,Auckland Aces,Wellington Firebirds,CJ Briggs,SM Solia,LI Georgeson,0,0,,,,,,,,,,,,,
1328684,2022/23,2022-11-05,Cello Basin Reserve,2,30.1,30.1,Auckland Aces,Wellington Firebirds,SM Solia,CJ Briggs,AJ Leonard,0,0,,,,,,,,,,,,,
1328684,2022/23,2022-11-05,Cello Basin Reserve,2,30.2,30.2,Auckland Aces,Wellington Firebirds,SM Solia,CJ Briggs,AJ Leonard,0,0,,,,,,,,,,,,,
1328684,2022/23,2022-11-05,Cello Basin Reserve,2,30.3,30.3,Auckland Aces,Wellington Firebirds,SM Solia,CJ Briggs,AJ Leonard,0,0,,,,,,,,,,,,,
1328684,2022/23,2022-11-05,Cello Basin Reserve,2,30.4,30.4,Auckland Aces,Wellington Firebirds,SM Solia,CJ Briggs,AJ Leonard,0,0,,,,,,,,,,,,,
1328684,2022/23,2022-11-05,Cello Basin Reserve,2,30.5,30.5,Auckland Aces,Wellington Firebirds,SM Solia,CJ Briggs,AJ Leonard,2,0,,,,,,,,,,,,,
1328684,2022/23,2022-11-05,Cello Basin Reserve,2,30.6,30.6,Auckland Aces,Wellington Firebirds,SM Solia,CJ Briggs,AJ Leonard,0,0,,,,,,,,,,,,,
1328684,2022/23,2022-11-05,Cello Basin Reserve,2,31.1,31.1,Auckland Aces,Wellington Firebirds,CJ Briggs,SM Solia,LI Georgeson,0,0,,,,,,,,,,,,,
1328684,2022/23,2022-11-05,Cello Basin Reserve,2,31.2,31.2,Auckland Aces,Wellington Firebirds,CJ Briggs,SM Solia,LI Georgeson,0,0,,,,,,,,,,,,,
1328684,2022/23,2022-11-05,Cello Basin Reserve,2,31.3,31.3,Auckland Aces,Wellington Firebirds,CJ Briggs,SM Solia,LI Georgeson,0,0,,,,,,,,,,,,,
1328684,2022/23,2022-11-05,Cello Basin Reserve,2,31.4,31.4,Auckland Aces,Wellington Firebirds,CJ Briggs,SM Solia,LI Georgeson,4,0,,,,,,,,,,,,,
1328684,2022/23,2022-11-05,Cello Basin Reserve,2,31.5,31.5,Auckland Aces,Wellington Firebirds,CJ Briggs,SM Solia,LI Georgeson,0,0,,,,,,,,,,,,,
1328684,2022/23,2022-11-05,Cello Basin Reserve,2,31.6,31.6,Auckland Aces,Wellington Firebirds,CJ Briggs,SM Solia,LI Georgeson,0,0,,,,,,,,,,,,,
1328684,2022/23,2022-11-05,Cello Basin Reserve,2,32.1,32.1,Auckland Aces,Wellington Firebirds,SM Solia,CJ Briggs,AJ Leonard,0,0,,,,,,,,,,,,,
1328684,2022/23,2022-11-05,Cello Basin Reserve,2,32.2,32.2,Auckland Aces,Wellington Firebirds,SM Solia,CJ Briggs,AJ Leonard,0,0,,,,,,,,,,,,,
1328684,2022/23,2022-11-05,Cello Basin Reserve,2,32.3,32.3,Auckland Aces,Wellington Firebirds,SM Solia,CJ Briggs,AJ Leonard,0,0,,,,,,,,,,,,,
1328684,2022/23,2022-11-05,Cello Basin Reserve,2,32.4,32.4,Auckland Aces,Wellington Firebirds,SM Solia,CJ Briggs,AJ Leonard,0,0,,,,,,,,,,,,,
1328684,2022/23,2022-11-05,Cello Basin Reserve,2,32.5,32.5,Auckland Aces,Wellington Firebirds,SM Solia,CJ Briggs,AJ Leonard,0,0,,,,,,,,,,,,,
1328684,2022/23,2022-11-05,Cello Basin Reserve,2,32.6,32.6,Auckland Aces,Wellington Firebirds,SM Solia,CJ Briggs,AJ Leonard,0,0,,,,,,,,,,,,,
1328684,2022/23,2022-11-05,Cello Basin Reserve,2,33.1,33.1,Auckland Aces,Wellington Firebirds,CJ Briggs,SM Solia,LI Georgeson,0,0,,,,,,,,,,,,,
1328684,2022/23,2022-11-05,Cello Basin Reserve,2,33.2,33.2,Auckland Aces,Wellington Firebirds,CJ Briggs,SM Solia,LI Georgeson,0,0,,,,,,,,,,,,,
1328684,2022/23,2022-11-05,Cello Basin Reserve,2,33.3,33.3,Auckland Aces,Wellington Firebirds,CJ Briggs,SM Solia,LI Georgeson,0,0,,,,,,,,,,,,,
1328684,2022/23,2022-11-05,Cello Basin Reserve,2,33.4,33.4,Auckland Aces,Wellington Firebirds,CJ Briggs,SM Solia,LI Georgeson,0,0,,,,,,,,,,,,,
1328684,2022/23,2022-11-05,Cello Basin Reserve,2,33.5,33.5,Auckland Aces,Wellington Firebirds,CJ Briggs,SM Solia,LI Georgeson,0,0,,,,,,,,,,,,,
1328684,2022/23,2022-11-05,Cello Basin Reserve,2,33.6,33.6,Auckland Aces,Wellington Firebirds,CJ Briggs,SM Solia,LI Georgeson,0,0,,,,,,,,,,,,,
1328684,2022/23,2022-11-05,Cello Basin Reserve,2,34.1,34.1,Auckland Aces,Wellington Firebirds,SM Solia,CJ Briggs,AJ Leonard,0,0,,,,,,,,,,,,,
1328684,2022/23,2022-11-05,Cello Basin Reserve,2,34.2,34.2,Auckland Aces,Wellington Firebirds,SM Solia,CJ Briggs,AJ Leonard,0,0,,,,,,,,,,,,,
1328684,2022/23,2022-11-05,Cello Basin Reserve,2,34.3,34.3,Auckland Aces,Wellington Firebirds,SM Solia,CJ Briggs,AJ Leonard,0,0,,,,,,,,,,,,,
1328684,2022/23,2022-11-05,Cello Basin Reserve,2,34.4,34.4,Auckland Aces,Wellington Firebirds,SM Solia,CJ Briggs,AJ Leonard,0,0,,,,,,,,,,,,,
1328684,2022/23,2022-11-05,Cello Basin Reserve,2,34.5,34.5,Auckland Aces,Wellington Firebirds,SM Solia,CJ Briggs,AJ Leonard,0,0,,,,,,,,,,,,,
1328684,2022/23,2022-11-05,Cello Basin Reserve,2,34.6,34.6,Auckland Aces,Wellington Firebirds,SM Solia,CJ Briggs,AJ Leonard,0,0,,,,,,,,,,,,,
1328684,2022/23,2022-11-05,Cello Basin Reserve,2,35.1,35.1,Auckland Aces,Wellington Firebirds,CJ Briggs,SM Solia,LI Georgeson,2,0,,,,,,,,,,,,,
1328684,2022/23,2022-11-05,Cello Basin Reserve,2,35.2,35.2,Auckland Aces,Wellington Firebirds,CJ Briggs,SM Solia,LI Georgeson,0,0,,,,,,,,,,,,,
1328684,2022/23,2022-11-05,Cello Basin Reserve,2,35.3,35.3,Auckland Aces,Wellington Firebirds,CJ Briggs,SM Solia,LI Georgeson,0,0,,,,,,,,,,,,,
1328684,2022/23,2022-11-05,Cello Basin Reserve,2,35.4,35.4,Auckland Aces,Wellington Firebirds,CJ Briggs,SM Solia,LI Georgeson,0,0,,,,,,,,,,,,,
1328684,2022/23,2022-11-05,Cello Basin Reserve,2,35.5,35.5,Auckland Aces,Wellington Firebirds,CJ Briggs,SM Solia,LI Georgeson,0,0,,,,,,,,,,,,,
1328684,2022/23,2022-11-05,Cello Basin Reserve,2,35.6,35.6,Auckland Aces,Wellington Firebirds,CJ Briggs,SM Solia,LI Georgeson,0,0,,,,,,,,,,,,,
1328684,2022/23,2022-11-05,Cello Basin Reserve,2,36.1,36.1,Auckland Aces,Wellington Firebirds,SM Solia,CJ Briggs,AJ Leonard,0,0,,,,,,,,,,,,,
1328684,2022/23,2022-11-05,Cello Basin Reserve,2,36.2,36.2,Auckland Aces,Wellington Firebirds,SM Solia,CJ Briggs,AJ Leonard,0,0,,,,,,,,,,,,,
1328684,2022/23,2022-11-05,Cello Basin Reserve,2,36.3,36.3,Auckland Aces,Wellington Firebirds,SM Solia,CJ Briggs,AJ Leonard,0,0,,,,,,,,,,,,,
1328684,2022/23,2022-11-05,Cello Basin Reserve,2,36.4,36.4,Auckland Aces,Wellington Firebirds,SM Solia,CJ Briggs,AJ Leonard,0,0,,,,,,,,,,,,,
1328684,2022/23,2022-11-05,Cello Basin Reserve,2,36.5,36.5,Auckland Aces,Wellington Firebirds,SM Solia,CJ Briggs,AJ Leonard,0,0,,,,,,,,,,,,,
1328684,2022/23,2022-11-05,Cello Basin Reserve,2,36.6,36.6,Auckland Aces,Wellington Firebirds,SM Solia,CJ Briggs,AJ Leonard,2,0,,,,,,,,,,,,,
1328684,2022/23,2022-11-05,Cello Basin Reserve,2,37.1,37.1,Auckland Aces,Wellington Firebirds,CJ Briggs,SM Solia,LI Georgeson,0,0,,,,,,,,,,,,,
1328684,2022/23,2022-11-05,Cello Basin Reserve,2,37.2,37.2,Auckland Aces,Wellington Firebirds,CJ Briggs,SM Solia,LI Georgeson,0,0,,,,,,,,,,,,,
1328684,2022/23,2022-11-05,Cello Basin Reserve,2,37.3,37.3,Auckland Aces,Wellington Firebirds,CJ Briggs,SM Solia,LI Georgeson,0,0,,,,,,,,,,,,,
1328684,2022/23,2022-11-05,Cello Basin Reserve,2,37.4,37.4,Auckland Aces,Wellington Firebirds,CJ Briggs,SM Solia,LI Georgeson,1,0,,,,,,,,,,,,,
1328684,2022/23,2022-11-05,Cello Basin Reserve,2,37.5,37.5,Auckland Aces,Wellington Firebirds,SM Solia,CJ Briggs,LI Georgeson,0,1,1,,,,,,,,,,,,
1328684,2022/23,2022-11-05,Cello Basin Reserve,2,37.6,37.5,Auckland Aces,Wellington Firebirds,SM Solia,CJ Briggs,LI Georgeson,0,0,,,,,,,,,,,,,
1328684,2022/23,2022-11-05,Cello Basin Reserve,2,37.7,37.6,Auckland Aces,Wellington Firebirds,SM Solia,CJ Briggs,LI Georgeson,0,0,,,,,,,,,,,,,
1328684,2022/23,2022-11-05,Cello Basin Reserve,2,38.1,38.1,Auckland Aces,Wellington Firebirds,CJ Briggs,SM Solia,R Ravindra,2,0,,,,,,,,,,,,,
1328684,2022/23,2022-11-05,Cello Basin Reserve,2,38.2,38.2,Auckland Aces,Wellington Firebirds,CJ Briggs,SM Solia,R Ravindra,0,0,,,,,,,,,,,,,
1328684,2022/23,2022-11-05,Cello Basin Reserve,2,38.3,38.3,Auckland Aces,Wellington Firebirds,CJ Briggs,SM Solia,R Ravindra,0,0,,,,,,,,,,,,,
1328684,2022/23,2022-11-05,Cello Basin Reserve,2,38.4,38.4,Auckland Aces,Wellington Firebirds,CJ Briggs,SM Solia,R Ravindra,0,0,,,,,,,,,,,,,
1328684,2022/23,2022-11-05,Cello Basin Reserve,2,38.5,38.5,Auckland Aces,Wellington Firebirds,CJ Briggs,SM Solia,R Ravindra,0,0,,,,,,,,,,,,,
1328684,2022/23,2022-11-05,Cello Basin Reserve,2,38.6,38.6,Auckland Aces,Wellington Firebirds,CJ Briggs,SM Solia,R Ravindra,0,0,,,,,,,,,,,,,
1328684,2022/23,2022-11-05,Cello Basin Reserve,2,39.1,39.1,Auckland Aces,Wellington Firebirds,SM Solia,CJ Briggs,LI Georgeson,1,0,,,,,,,,,,,,,
1328684,2022/23,2022-11-05,Cello Basin Reserve,2,39.2,39.2,Auckland Aces,Wellington Firebirds,CJ Briggs,SM Solia,LI Georgeson,0,0,,,,,,,,,,,,,
1328684,2022/23,2022-11-05,Cello Basin Reserve,2,39.3,39.3,Auckland Aces,Wellington Firebirds,CJ Briggs,SM Solia,LI Georgeson,0,0,,,,,,,,,,,,,
1328684,2022/23,2022-11-05,Cello Basin Reserve,2,39.4,39.4,Auckland Aces,Wellington Firebirds,CJ Briggs,SM Solia,LI Georgeson,0,0,,,,,,,,,,,,,
1328684,2022/23,2022-11-05,Cello Basin Reserve,2,39.5,39.5,Auckland Aces,Wellington Firebirds,CJ Briggs,SM Solia,LI Georgeson,0,0,,,,,,,,,,,,,
1328684,2022/23,2022-11-05,Cello Basin Reserve,2,39.6,39.6,Auckland Aces,Wellington Firebirds,CJ Briggs,SM Solia,LI Georgeson,1,0,,,,,,,,,,,,,
1328684,2022/23,2022-11-05,Cello Basin Reserve,2,40.1,40.1,Auckland Aces,Wellington Firebirds,CJ Briggs,SM Solia,R Ravindra,0,0,,,,,,,,,,,,,
1328684,2022/23,2022-11-05,Cello Basin Reserve,2,40.2,40.2,Auckland Aces,Wellington Firebirds,CJ Briggs,SM Solia,R Ravindra,0,0,,,,,,,,,,,,,
1328684,2022/23,2022-11-05,Cello Basin Reserve,2,40.3,40.3,Auckland Aces,Wellington Firebirds,CJ Briggs,SM Solia,R Ravindra,1,0,,,,,,,,,,,,,
1328684,2022/23,2022-11-05,Cello Basin Reserve,2,40.4,40.4,Auckland Aces,Wellington Firebirds,SM Solia,CJ Briggs,R Ravindra,0,0,,,,,,,,,,,,,
1328684,2022/23,2022-11-05,Cello Basin Reserve,2,40.5,40.5,Auckland Aces,Wellington Firebirds,SM Solia,CJ Briggs,R Ravindra,0,0,,,,,,,,,,,,,
1328684,2022/23,2022-11-05,Cello Basin Reserve,2,40.6,40.6,Auckland Aces,Wellington Firebirds,SM Solia,CJ Briggs,R Ravindra,1,0,,,,,,,,,,,,,
1328684,2022/23,2022-11-05,Cello Basin Reserve,2,41.1,41.1,Auckland Aces,Wellington Firebirds,SM Solia,CJ Briggs,JW Hartshorn,0,0,,,,,,,,,,,,,
1328684,2022/23,2022-11-05,Cello Basin Reserve,2,41.2,41.2,Auckland Aces,Wellington Firebirds,SM Solia,CJ Briggs,JW Hartshorn,0,0,,,,,,,,,,,,,
1328684,2022/23,2022-11-05,Cello Basin Reserve,2,41.3,41.3,Auckland Aces,Wellington Firebirds,SM Solia,CJ Briggs,JW Hartshorn,0,0,,,,,,,,,,,,,
1328684,2022/23,2022-11-05,Cello Basin Reserve,2,41.4,41.4,Auckland Aces,Wellington Firebirds,SM Solia,CJ Briggs,JW Hartshorn,0,0,,,,,,,,,,,,,
1328684,2022/23,2022-11-05,Cello Basin Reserve,2,41.5,41.5,Auckland Aces,Wellington Firebirds,SM Solia,CJ Briggs,JW Hartshorn,0,0,,,,,,,,,,,,,
1328684,2022/23,2022-11-05,Cello Basin Reserve,2,41.6,41.6,Auckland Aces,Wellington Firebirds,SM Solia,CJ Briggs,JW Hartshorn,0,0,,,,,,,,,,,,,
1328684,2022/23,2022-11-05,Cello Basin Reserve,2,42.1,42.1,Auckland Aces,Wellington Firebirds,CJ Briggs,SM Solia,R Ravindra,0,0,,,,,,,,,,,,,
1328684,2022/23,2022-11-05,Cello Basin Reserve,2,42.2,42.2,Auckland Aces,Wellington Firebirds,CJ Briggs,SM Solia,R Ravindra,0,0,,,,,,,,,,,,,
1328684,2022/23,2022-11-05,Cello Basin Reserve,2,42.3,42.3,Auckland Aces,Wellington Firebirds,CJ Briggs,SM Solia,R Ravindra,0,0,,,,,,,,,,,,,
1328684,2022/23,2022-11-05,Cello Basin Reserve,2,42.4,42.4,Auckland Aces,Wellington Firebirds,CJ Briggs,SM Solia,R Ravindra,0,0,,,,,,,,,,,,,
1328684,2022/23,2022-11-05,Cello Basin Reserve,2,42.5,42.5,Auckland Aces,Wellington Firebirds,CJ Briggs,SM Solia,R Ravindra,0,0,,,,,,,,,,,,,
1328684,2022/23,2022-11-05,Cello Basin Reserve,2,42.6,42.6,Auckland Aces,Wellington Firebirds,CJ Briggs,SM Solia,R Ravindra,1,0,,,,,,,,,,,,,
1328684,2022/23,2022-11-05,Cello Basin Reserve,2,43.1,43.1,Auckland Aces,Wellington Firebirds,CJ Briggs,SM Solia,JW Hartshorn,1,0,,,,,,,,,,,,,
1328684,2022/23,2022-11-05,Cello Basin Reserve,2,43.2,43.2,Auckland Aces,Wellington Firebirds,SM Solia,CJ Briggs,JW Hartshorn,0,0,,,,,,,,,,,,,
1328684,2022/23,2022-11-05,Cello Basin Reserve,2,43.3,43.3,Auckland Aces,Wellington Firebirds,SM Solia,CJ Briggs,JW Hartshorn,0,0,,,,,,,,,,,,,
1328684,2022/23,2022-11-05,Cello Basin Reserve,2,43.4,43.4,Auckland Aces,Wellington Firebirds,SM Solia,CJ Briggs,JW Hartshorn,0,0,,,,,,,,,,,,,
1328684,2022/23,2022-11-05,Cello Basin Reserve,2,43.5,43.5,Auckland Aces,Wellington Firebirds,SM Solia,CJ Briggs,JW Hartshorn,0,0,,,,,,,,,,,,,
1328684,2022/23,2022-11-05,Cello Basin Reserve,2,43.6,43.6,Auckland Aces,Wellington Firebirds,SM Solia,CJ Briggs,JW Hartshorn,4,0,,,,,,,,,,,,,
1328684,2022/23,2022-11-05,Cello Basin Reserve,2,44.1,44.1,Auckland Aces,Wellington Firebirds,CJ Briggs,SM Solia,R Ravindra,0,0,,,,,,,,,,,,,
1328684,2022/23,2022-11-05,Cello Basin Reserve,2,44.2,44.2,Auckland Aces,Wellington Firebirds,CJ Briggs,SM Solia,R Ravindra,0,0,,,,,,,,,,,,,
1328684,2022/23,2022-11-05,Cello Basin Reserve,2,44.3,44.3,Auckland Aces,Wellington Firebirds,CJ Briggs,SM Solia,R Ravindra,0,0,,,,,,,bowled,CJ Briggs,,,,,
1328684,2022/23,2022-11-05,Cello Basin Reserve,2,44.4,44.4,Auckland Aces,Wellington Firebirds,RR O'Donnell,SM Solia,R Ravindra,0,0,,,,,,,,,,,,,
1328684,2022/23,2022-11-05,Cello Basin Reserve,2,44.5,44.5,Auckland Aces,Wellington Firebirds,RR O'Donnell,SM Solia,R Ravindra,0,0,,,,,,,,,,,,,
1328684,2022/23,2022-11-05,Cello Basin Reserve,2,44.6,44.6,Auckland Aces,Wellington Firebirds,RR O'Donnell,SM Solia,R Ravindra,0,0,,,,,,,,,,,,,
1328684,2022/23,2022-11-05,Cello Basin Reserve,2,45.1,45.1,Auckland Aces,Wellington Firebirds,SM Solia,RR O'Donnell,JW Hartshorn,0,0,,,,,,,,,,,,,
1328684,2022/23,2022-11-05,Cello Basin Reserve,2,45.2,45.2,Auckland Aces,Wellington Firebirds,SM Solia,RR O'Donnell,JW Hartshorn,0,0,,,,,,,,,,,,,
1328684,2022/23,2022-11-05,Cello Basin Reserve,2,45.3,45.3,Auckland Aces,Wellington Firebirds,SM Solia,RR O'Donnell,JW Hartshorn,0,0,,,,,,,,,,,,,
1328684,2022/23,2022-11-05,Cello Basin Reserve,2,45.4,45.4,Auckland Aces,Wellington Firebirds,SM Solia,RR O'Donnell,JW Hartshorn,0,5,5,,,,,,,,,,,,
1328684,2022/23,2022-11-05,Cello Basin Reserve,2,45.5,45.4,Auckland Aces,Wellington Firebirds,SM Solia,RR O'Donnell,JW Hartshorn,0,0,,,,,,,,,,,,,
1328684,2022/23,2022-11-05,Cello Basin Reserve,2,45.6,45.5,Auckland Aces,Wellington Firebirds,SM Solia,RR O'Donnell,JW Hartshorn,1,0,,,,,,,,,,,,,
1328684,2022/23,2022-11-05,Cello Basin Reserve,2,45.7,45.6,Auckland Aces,Wellington Firebirds,RR O'Donnell,SM Solia,JW Hartshorn,0,0,,,,,,,,,,,,,
1328684,2022/23,2022-11-05,Cello Basin Reserve,2,46.1,46.1,Auckland Aces,Wellington Firebirds,SM Solia,RR O'Donnell,R Ravindra,0,0,,,,,,,,,,,,,
1328684,2022/23,2022-11-05,Cello Basin Reserve,2,46.2,46.2,Auckland Aces,Wellington Firebirds,SM Solia,RR O'Donnell,R Ravindra,0,0,,,,,,,,,,,,,
1328684,2022/23,2022-11-05,Cello Basin Reserve,2,46.3,46.3,Auckland Aces,Wellington Firebirds,SM Solia,RR O'Donnell,R Ravindra,0,0,,,,,,,,,,,,,
1328684,2022/23,2022-11-05,Cello Basin Reserve,2,46.4,46.4,Auckland Aces,Wellington Firebirds,SM Solia,RR O'Donnell,R Ravindra,0,0,,,,,,,,,,,,,
1328684,2022/23,2022-11-05,Cello Basin Reserve,2,46.5,46.5,Auckland Aces,Wellington Firebirds,SM Solia,RR O'Donnell,R Ravindra,0,0,,,,,,,,,,,,,
1328684,2022/23,2022-11-05,Cello Basin Reserve,2,46.6,46.6,Auckland Aces,Wellington Firebirds,SM Solia,RR O'Donnell,R Ravindra,0,0,,,,,,,,,,,,,
1328684,2022/23,2022-11-05,Cello Basin Reserve,2,47.1,47.1,Auckland Aces,Wellington Firebirds,RR O'Donnell,SM Solia,JW Hartshorn,0,0,,,,,,,,,,,,,
1328684,2022/23,2022-11-05,Cello Basin Reserve,2,47.2,47.2,Auckland Aces,Wellington Firebirds,RR O'Donnell,SM Solia,JW Hartshorn,1,0,,,,,,,,,,,,,
1328684,2022/23,2022-11-05,Cello Basin Reserve,2,47.3,47.3,Auckland Aces,Wellington Firebirds,SM Solia,RR O'Donnell,JW Hartshorn,0,0,,,,,,,,,,,,,
1328684,2022/23,2022-11-05,Cello Basin Reserve,2,47.4,47.4,Auckland Aces,Wellington Firebirds,SM Solia,RR O'Donnell,JW Hartshorn,0,0,,,,,,,,,,,,,
1328684,2022/23,2022-11-05,Cello Basin Reserve,2,47.5,47.5,Auckland Aces,Wellington Firebirds,SM Solia,RR O'Donnell,JW Hartshorn,0,0,,,,,,,,,,,,,
1328684,2022/23,2022-11-05,Cello Basin Reserve,2,47.6,47.6,Auckland Aces,Wellington Firebirds,SM Solia,RR O'Donnell,JW Hartshorn,0,0,,,,,,,,,,,,,
1328684,2022/23,2022-11-05,Cello Basin Reserve,2,48.1,48.1,Auckland Aces,Wellington Firebirds,RR O'Donnell,SM Solia,R Ravindra,0,0,,,,,,,,,,,,,
1328684,2022/23,2022-11-05,Cello Basin Reserve,2,48.2,48.2,Auckland Aces,Wellington Firebirds,RR O'Donnell,SM Solia,R Ravindra,0,0,,,,,,,,,,,,,
1328684,2022/23,2022-11-05,Cello Basin Reserve,2,48.3,48.3,Auckland Aces,Wellington Firebirds,RR O'Donnell,SM Solia,R Ravindra,0,0,,,,,,,,,,,,,
1328684,2022/23,2022-11-05,Cello Basin Reserve,2,48.4,48.4,Auckland Aces,Wellington Firebirds,RR O'Donnell,SM Solia,R Ravindra,4,0,,,,,,,,,,,,,
1328684,2022/23,2022-11-05,Cello Basin Reserve,2,48.5,48.5,Auckland Aces,Wellington Firebirds,RR O'Donnell,SM Solia,R Ravindra,0,0,,,,,,,,,,,,,
1328684,2022/23,2022-11-05,Cello Basin Reserve,2,48.6,48.6,Auckland Aces,Wellington Firebirds,RR O'Donnell,SM Solia,R Ravindra,4,0,,,,,,,,,,,,,
1328684,2022/23,2022-11-05,Cello Basin Reserve,2,49.1,49.1,Auckland Aces,Wellington Firebirds,SM Solia,RR O'Donnell,MW Snedden,0,0,,,,,,,,,,,,,
1328684,2022/23,2022-11-05,Cello Basin Reserve,2,49.2,49.2,Auckland Aces,Wellington Firebirds,SM Solia,RR O'Donnell,MW Snedden,0,0,,,,,,,,,,,,,
1328684,2022/23,2022-11-05,Cello Basin Reserve,2,49.3,49.3,Auckland Aces,Wellington Firebirds,SM Solia,RR O'Donnell,MW Snedden,0,0,,,,,,,,,,,,,
1328684,2022/23,2022-11-05,Cello Basin Reserve,2,49.4,49.4,Auckland Aces,Wellington Firebirds,SM Solia,RR O'Donnell,MW Snedden,0,0,,,,,,,bowled,SM Solia,,,,,
1328684,2022/23,2022-11-05,Cello Basin Reserve,2,49.5,49.5,Auckland Aces,Wellington Firebirds,GH Worker,RR O'Donnell,MW Snedden,0,1,,1,,,,,,,,,,,
1328684,2022/23,2022-11-05,Cello Basin Reserve,2,49.6,49.5,Auckland Aces,Wellington Firebirds,GH Worker,RR O'Donnell,MW Snedden,0,0,,,,,,,,,,,,,
1328684,2022/23,2022-11-05,Cello Basin Reserve,2,49.7,49.6,Auckland Aces,Wellington Firebirds,GH Worker,RR O'Donnell,MW Snedden,0,0,,,,,,,,,,,,,
1328684,2022/23,2022-11-05,Cello Basin Reserve,2,50.1,50.1,Auckland Aces,Wellington Firebirds,RR O'Donnell,GH Worker,R Ravindra,0,0,,,,,,,,,,,,,
1328684,2022/23,2022-11-05,Cello Basin Reserve,2,50.2,50.2,Auckland Aces,Wellington Firebirds,RR O'Donnell,GH Worker,R Ravindra,0,0,,,,,,,,,,,,,
1328684,2022/23,2022-11-05,Cello Basin Reserve,2,50.3,50.3,Auckland Aces,Wellington Firebirds,RR O'Donnell,GH Worker,R Ravindra,0,0,,,,,,,,,,,,,
1328684,2022/23,2022-11-05,Cello Basin Reserve,2,50.4,50.4,Auckland Aces,Wellington Firebirds,RR O'Donnell,GH Worker,R Ravindra,0,0,,,,,,,,,,,,,
1328684,2022/23,2022-11-05,Cello Basin Reserve,2,50.5,50.5,Auckland Aces,Wellington Firebirds,RR O'Donnell,GH Worker,R Ravindra,0,0,,,,,,,,,,,,,
1328684,2022/23,2022-11-05,Cello Basin Reserve,2,50.6,50.6,Auckland Aces,Wellington Firebirds,RR O'Donnell,GH Worker,R Ravindra,0,0,,,,,,,,,,,,,
1328684,2022/23,2022-11-05,Cello Basin Reserve,2,51.1,51.1,Auckland Aces,Wellington Firebirds,GH Worker,RR O'Donnell,MW Snedden,0,0,,,,,,,,,,,,,
1328684,2022/23,2022-11-05,Cello Basin Reserve,2,51.2,51.2,Auckland Aces,Wellington Firebirds,GH Worker,RR O'Donnell,MW Snedden,0,0,,,,,,,,,,,,,
1328684,2022/23,2022-11-05,Cello Basin Reserve,2,51.3,51.3,Auckland Aces,Wellington Firebirds,GH Worker,RR O'Donnell,MW Snedden,0,0,,,,,,,,,,,,,
1328684,2022/23,2022-11-05,Cello Basin Reserve,2,51.4,51.4,Auckland Aces,Wellington Firebirds,GH Worker,RR O'Donnell,MW Snedden,0,0,,,,,,,,,,,,,
1328684,2022/23,2022-11-05,Cello Basin Reserve,2,51.5,51.5,Auckland Aces,Wellington Firebirds,GH Worker,RR O'Donnell,MW Snedden,1,0,,,,,,,,,,,,,
1328684,2022/23,2022-11-05,Cello Basin Reserve,2,51.6,51.6,Auckland Aces,Wellington Firebirds,RR O'Donnell,GH Worker,MW Snedden,1,0,,,,,,,,,,,,,
1328684,2022/23,2022-11-05,Cello Basin Reserve,2,52.1,52.1,Auckland Aces,Wellington Firebirds,RR O'Donnell,GH Worker,R Ravindra,0,0,,,,,,,,,,,,,
1328684,2022/23,2022-11-05,Cello Basin Reserve,2,52.2,52.2,Auckland Aces,Wellington Firebirds,RR O'Donnell,GH Worker,R Ravindra,0,0,,,,,,,,,,,,,
1328684,2022/23,2022-11-05,Cello Basin Reserve,2,52.3,52.3,Auckland Aces,Wellington Firebirds,RR O'Donnell,GH Worker,R Ravindra,4,0,,,,,,,,,,,,,
1328684,2022/23,2022-11-05,Cello Basin Reserve,2,52.4,52.4,Auckland Aces,Wellington Firebirds,RR O'Donnell,GH Worker,R Ravindra,0,0,,,,,,,,,,,,,
1328684,2022/23,2022-11-05,Cello Basin Reserve,2,52.5,52.5,Auckland Aces,Wellington Firebirds,RR O'Donnell,GH Worker,R Ravindra,0,0,,,,,,,,,,,,,
1328684,2022/23,2022-11-05,Cello Basin Reserve,2,52.6,52.6,Auckland Aces,Wellington Firebirds,RR O'Donnell,GH Worker,R Ravindra,0,0,,,,,,,,,,,,,
1328684,2022/23,2022-11-05,Cello Basin Reserve,2,53.1,53.1,Auckland Aces,Wellington Firebirds,GH Worker,RR O'Donnell,MW Snedden,1,0,,,,,,,,,,,,,
1328684,2022/23,2022-11-05,Cello Basin Reserve,2,53.2,53.2,Auckland Aces,Wellington Firebirds,RR O'Donnell,GH Worker,MW Snedden,0,0,,,,,,,,,,,,,
1328684,2022/23,2022-11-05,Cello Basin Reserve,2,53.3,53.3,Auckland Aces,Wellington Firebirds,RR O'Donnell,GH Worker,MW Snedden,0,0,,,,,,,,,,,,,
1328684,2022/23,2022-11-05,Cello Basin Reserve,2,53.4,53.4,Auckland Aces,Wellington Firebirds,RR O'Donnell,GH Worker,MW Snedden,0,0,,,,,,,,,,,,,
1328684,2022/23,2022-11-05,Cello Basin Reserve,2,53.5,53.5,Auckland Aces,Wellington Firebirds,RR O'Donnell,GH Worker,MW Snedden,0,0,,,,,,,,,,,,,
1328684,2022/23,2022-11-05,Cello Basin Reserve,2,53.6,53.6,Auckland Aces,Wellington Firebirds,RR O'Donnell,GH Worker,MW Snedden,0,0,,,,,,,,,,,,,
1328684,2022/23,2022-11-05,Cello Basin Reserve,2,54.1,54.1,Auckland Aces,Wellington Firebirds,GH Worker,RR O'Donnell,R Ravindra,0,0,,,,,,,,,,,,,
1328684,2022/23,2022-11-05,Cello Basin Reserve,2,54.2,54.2,Auckland Aces,Wellington Firebirds,GH Worker,RR O'Donnell,R Ravindra,0,0,,,,,,,,,,,,,
1328684,2022/23,2022-11-05,Cello Basin Reserve,2,54.3,54.3,Auckland Aces,Wellington Firebirds,GH Worker,RR O'Donnell,R Ravindra,2,0,,,,,,,,,,,,,
1328684,2022/23,2022-11-05,Cello Basin Reserve,2,54.4,54.4,Auckland Aces,Wellington Firebirds,GH Worker,RR O'Donnell,R Ravindra,0,0,,,,,,,,,,,,,
1328684,2022/23,2022-11-05,Cello Basin Reserve,2,54.5,54.5,Auckland Aces,Wellington Firebirds,GH Worker,RR O'Donnell,R Ravindra,1,0,,,,,,,,,,,,,
1328684,2022/23,2022-11-05,Cello Basin Reserve,2,54.6,54.6,Auckland Aces,Wellington Firebirds,RR O'Donnell,GH Worker,R Ravindra,0,0,,,,,,,,,,,,,
1328684,2022/23,2022-11-05,Cello Basin Reserve,2,55.1,55.1,Auckland Aces,Wellington Firebirds,GH Worker,RR O'Donnell,MW Snedden,0,1,,1,,,,,,,,,,,
1328684,2022/23,2022-11-05,Cello Basin Reserve,2,55.2,55.1,Auckland Aces,Wellington Firebirds,GH Worker,RR O'Donnell,MW Snedden,0,0,,,,,,,,,,,,,
1328684,2022/23,2022-11-05,Cello Basin Reserve,2,55.3,55.2,Auckland Aces,Wellington Firebirds,GH Worker,RR O'Donnell,MW Snedden,0,0,,,,,,,,,,,,,
1328684,2022/23,2022-11-05,Cello Basin Reserve,2,55.4,55.3,Auckland Aces,Wellington Firebirds,GH Worker,RR O'Donnell,MW Snedden,4,0,,,,,,,,,,,,,
1328684,2022/23,2022-11-05,Cello Basin Reserve,2,55.5,55.4,Auckland Aces,Wellington Firebirds,GH Worker,RR O'Donnell,MW Snedden,3,0,,,,,,,,,,,,,
1328684,2022/23,2022-11-05,Cello Basin Reserve,2,55.6,55.5,Auckland Aces,Wellington Firebirds,RR O'Donnell,GH Worker,MW Snedden,0,0,,,,,,,,,,,,,
1328684,2022/23,2022-11-05,Cello Basin Reserve,2,55.7,55.6,Auckland Aces,Wellington Firebirds,RR O'Donnell,GH Worker,MW Snedden,0,0,,,,,,,,,,,,,
1328684,2022/23,2022-11-05,Cello Basin Reserve,2,56.1,56.1,Auckland Aces,Wellington Firebirds,GH Worker,RR O'Donnell,R Ravindra,0,0,,,,,,,,,,,,,
1328684,2022/23,2022-11-05,Cello Basin Reserve,2,56.2,56.2,Auckland Aces,Wellington Firebirds,GH Worker,RR O'Donnell,R Ravindra,1,0,,,,,,,,,,,,,
1328684,2022/23,2022-11-05,Cello Basin Reserve,2,56.3,56.3,Auckland Aces,Wellington Firebirds,RR O'Donnell,GH Worker,R Ravindra,1,0,,,,,,,,,,,,,
1328684,2022/23,2022-11-05,Cello Basin Reserve,2,56.4,56.4,Auckland Aces,Wellington Firebirds,GH Worker,RR O'Donnell,R Ravindra,0,0,,,,,,,,,,,,,
1328684,2022/23,2022-11-05,Cello Basin Reserve,2,56.5,56.5,Auckland Aces,Wellington Firebirds,GH Worker,RR O'Donnell,R Ravindra,0,0,,,,,,,,,,,,,
1328684,2022/23,2022-11-05,Cello Basin Reserve,2,56.6,56.6,Auckland Aces,Wellington Firebirds,GH Worker,RR O'Donnell,R Ravindra,0,0,,,,,,,,,,,,,
1328684,2022/23,2022-11-05,Cello Basin Reserve,2,57.1,57.1,Auckland Aces,Wellington Firebirds,RR O'Donnell,GH Worker,AJ Leonard,0,0,,,,,,,,,,,,,
1328684,2022/23,2022-11-05,Cello Basin Reserve,2,57.2,57.2,Auckland Aces,Wellington Firebirds,RR O'Donnell,GH Worker,AJ Leonard,1,0,,,,,,,,,,,,,
1328684,2022/23,2022-11-05,Cello Basin Reserve,2,57.3,57.3,Auckland Aces,Wellington Firebirds,GH Worker,RR O'Donnell,AJ Leonard,0,0,,,,,,,,,,,,,
1328684,2022/23,2022-11-05,Cello Basin Reserve,2,57.4,57.4,Auckland Aces,Wellington Firebirds,GH Worker,RR O'Donnell,AJ Leonard,0,0,,,,,,,,,,,,,
1328684,2022/23,2022-11-05,Cello Basin Reserve,2,57.5,57.5,Auckland Aces,Wellington Firebirds,GH Worker,RR O'Donnell,AJ Leonard,0,0,,,,,,,,,,,,,
1328684,2022/23,2022-11-05,Cello Basin Reserve,2,57.6,57.6,Auckland Aces,Wellington Firebirds,GH Worker,RR O'Donnell,AJ Leonard,0,0,,,,,,,,,,,,,
1328684,2022/23,2022-11-05,Cello Basin Reserve,2,58.1,58.1,Auckland Aces,Wellington Firebirds,RR O'Donnell,GH Worker,R Ravindra,0,0,,,,,,,,,,,,,
1328684,2022/23,2022-11-05,Cello Basin Reserve,2,58.2,58.2,Auckland Aces,Wellington Firebirds,RR O'Donnell,GH Worker,R Ravindra,0,0,,,,,,,caught,RR O'Donnell,,,TB Robinson,,
1328684,2022/23,2022-11-05,Cello Basin Reserve,2,58.3,58.3,Auckland Aces,Wellington Firebirds,BJ Horne,GH Worker,R Ravindra,0,0,,,,,,,,,,,,,
1328684,2022/23,2022-11-05,Cello Basin Reserve,2,58.4,58.4,Auckland Aces,Wellington Firebirds,BJ Horne,GH Worker,R Ravindra,0,0,,,,,,,,,,,,,
1328684,2022/23,2022-11-05,Cello Basin Reserve,2,58.5,58.5,Auckland Aces,Wellington Firebirds,BJ Horne,GH Worker,R Ravindra,0,0,,,,,,,,,,,,,
1328684,2022/23,2022-11-05,Cello Basin Reserve,2,58.6,58.6,Auckland Aces,Wellington Firebirds,BJ Horne,GH Worker,R Ravindra,0,0,,,,,,,,,,,,,
1328684,2022/23,2022-11-05,Cello Basin Reserve,2,59.1,59.1,Auckland Aces,Wellington Firebirds,GH Worker,BJ Horne,AJ Leonard,0,0,,,,,,,,,,,,,
1328684,2022/23,2022-11-05,Cello Basin Reserve,2,59.2,59.2,Auckland Aces,Wellington Firebirds,GH Worker,BJ Horne,AJ Leonard,0,0,,,,,,,,,,,,,
1328684,2022/23,2022-11-05,Cello Basin Reserve,2,59.3,59.3,Auckland Aces,Wellington Firebirds,GH Worker,BJ Horne,AJ Leonard,0,0,,,,,,,,,,,,,
1328684,2022/23,2022-11-05,Cello Basin Reserve,2,59.4,59.4,Auckland Aces,Wellington Firebirds,GH Worker,BJ Horne,AJ Leonard,0,0,,,,,,,,,,,,,
1328684,2022/23,2022-11-05,Cello Basin Reserve,2,59.5,59.5,Auckland Aces,Wellington Firebirds,GH Worker,BJ Horne,AJ Leonard,0,0,,,,,,,,,,,,,
1328684,2022/23,2022-11-05,Cello Basin Reserve,2,59.6,59.6,Auckland Aces,Wellington Firebirds,GH Worker,BJ Horne,AJ Leonard,0,0,,,,,,,,,,,,,
1328684,2022/23,2022-11-05,Cello Basin Reserve,2,60.1,60.1,Auckland Aces,Wellington Firebirds,BJ Horne,GH Worker,R Ravindra,0,0,,,,,,,,,,,,,
1328684,2022/23,2022-11-05,Cello Basin Reserve,2,60.2,60.2,Auckland Aces,Wellington Firebirds,BJ Horne,GH Worker,R Ravindra,0,0,,,,,,,,,,,,,
1328684,2022/23,2022-11-05,Cello Basin Reserve,2,60.3,60.3,Auckland Aces,Wellington Firebirds,BJ Horne,GH Worker,R Ravindra,0,0,,,,,,,,,,,,,
1328684,2022/23,2022-11-05,Cello Basin Reserve,2,60.4,60.4,Auckland Aces,Wellington Firebirds,BJ Horne,GH Worker,R Ravindra,0,0,,,,,,,,,,,,,
1328684,2022/23,2022-11-05,Cello Basin Reserve,2,60.5,60.5,Auckland Aces,Wellington Firebirds,BJ Horne,GH Worker,R Ravindra,0,0,,,,,,,,,,,,,
1328684,2022/23,2022-11-05,Cello Basin Reserve,2,60.6,60.6,Auckland Aces,Wellington Firebirds,BJ Horne,GH Worker,R Ravindra,0,0,,,,,,,,,,,,,
1328684,2022/23,2022-11-05,Cello Basin Reserve,2,61.1,61.1,Auckland Aces,Wellington Firebirds,GH Worker,BJ Horne,AJ Leonard,1,0,,,,,,,,,,,,,
1328684,2022/23,2022-11-05,Cello Basin Reserve,2,61.2,61.2,Auckland Aces,Wellington Firebirds,BJ Horne,GH Worker,AJ Leonard,0,0,,,,,,,,,,,,,
1328684,2022/23,2022-11-05,Cello Basin Reserve,2,61.3,61.3,Auckland Aces,Wellington Firebirds,BJ Horne,GH Worker,AJ Leonard,0,0,,,,,,,,,,,,,
1328684,2022/23,2022-11-05,Cello Basin Reserve,2,61.4,61.4,Auckland Aces,Wellington Firebirds,BJ Horne,GH Worker,AJ Leonard,0,0,,,,,,,,,,,,,
1328684,2022/23,2022-11-05,Cello Basin Reserve,2,61.5,61.5,Auckland Aces,Wellington Firebirds,BJ Horne,GH Worker,AJ Leonard,0,0,,,,,,,,,,,,,
1328684,2022/23,2022-11-05,Cello Basin Reserve,2,61.6,61.6,Auckland Aces,Wellington Firebirds,BJ Horne,GH Worker,AJ Leonard,0,0,,,,,,,,,,,,,
1328684,2022/23,2022-11-05,Cello Basin Reserve,2,62.1,62.1,Auckland Aces,Wellington Firebirds,GH Worker,BJ Horne,R Ravindra,4,0,,,,,,,,,,,,,
1328684,2022/23,2022-11-05,Cello Basin Reserve,2,62.2,62.2,Auckland Aces,Wellington Firebirds,GH Worker,BJ Horne,R Ravindra,0,0,,,,,,,,,,,,,
1328684,2022/23,2022-11-05,Cello Basin Reserve,2,62.3,62.3,Auckland Aces,Wellington Firebirds,GH Worker,BJ Horne,R Ravindra,6,0,,,,,,,,,,,,,
1328684,2022/23,2022-11-05,Cello Basin Reserve,2,62.4,62.4,Auckland Aces,Wellington Firebirds,GH Worker,BJ Horne,R Ravindra,1,0,,,,,,,,,,,,,
1328684,2022/23,2022-11-05,Cello Basin Reserve,2,62.5,62.5,Auckland Aces,Wellington Firebirds,BJ Horne,GH Worker,R Ravindra,0,0,,,,,,,,,,,,,
1328684,2022/23,2022-11-05,Cello Basin Reserve,2,62.6,62.6,Auckland Aces,Wellington Firebirds,BJ Horne,GH Worker,R Ravindra,0,0,,,,,,,,,,,,,
1328684,2022/23,2022-11-05,Cello Basin Reserve,2,63.1,63.1,Auckland Aces,Wellington Firebirds,GH Worker,BJ Horne,AJ Leonard,0,0,,,,,,,,,,,,,
1328684,2022/23,2022-11-05,Cello Basin Reserve,2,63.2,63.2,Auckland Aces,Wellington Firebirds,GH Worker,BJ Horne,AJ Leonard,0,0,,,,,,,,,,,,,
1328684,2022/23,2022-11-05,Cello Basin Reserve,2,63.3,63.3,Auckland Aces,Wellington Firebirds,GH Worker,BJ Horne,AJ Leonard,0,0,,,,,,,,,,,,,
1328684,2022/23,2022-11-05,Cello Basin Reserve,2,63.4,63.4,Auckland Aces,Wellington Firebirds,GH Worker,BJ Horne,AJ Leonard,0,0,,,,,,,,,,,,,
1328684,2022/23,2022-11-05,Cello Basin Reserve,2,63.5,63.5,Auckland Aces,Wellington Firebirds,GH Worker,BJ Horne,AJ Leonard,0,0,,,,,,,,,,,,,
1328684,2022/23,2022-11-05,Cello Basin Reserve,2,63.6,63.6,Auckland Aces,Wellington Firebirds,GH Worker,BJ Horne,AJ Leonard,1,0,,,,,,,,,,,,,
1328684,2022/23,2022-11-05,Cello Basin Reserve,2,64.1,64.1,Auckland Aces,Wellington Firebirds,GH Worker,BJ Horne,R Ravindra,0,0,,,,,,,,,,,,,
1328684,2022/23,2022-11-05,Cello Basin Reserve,2,64.2,64.2,Auckland Aces,Wellington Firebirds,GH Worker,BJ Horne,R Ravindra,1,0,,,,,,,,,,,,,
1328684,2022/23,2022-11-05,Cello Basin Reserve,2,64.3,64.3,Auckland Aces,Wellington Firebirds,BJ Horne,GH Worker,R Ravindra,0,0,,,,,,,,,,,,,
1328684,2022/23,2022-11-05,Cello Basin Reserve,2,64.4,64.4,Auckland Aces,Wellington Firebirds,BJ Horne,GH Worker,R Ravindra,4,0,,,,,,,,,,,,,
1328684,2022/23,2022-11-05,Cello Basin Reserve,2,64.5,64.5,Auckland Aces,Wellington Firebirds,BJ Horne,GH Worker,R Ravindra,1,0,,,,,,,,,,,,,
1328684,2022/23,2022-11-05,Cello Basin Reserve,2,64.6,64.6,Auckland Aces,Wellington Firebirds,GH Worker,BJ Horne,R Ravindra,0,0,,,,,,,,,,,,,
1328684,2022/23,2022-11-05,Cello Basin Reserve,2,65.1,65.1,Auckland Aces,Wellington Firebirds,BJ Horne,GH Worker,AJ Leonard,0,0,,,,,,,,,,,,,
1328684,2022/23,2022-11-05,Cello Basin Reserve,2,65.2,65.2,Auckland Aces,Wellington Firebirds,BJ Horne,GH Worker,AJ Leonard,0,0,,,,,,,,,,,,,
1328684,2022/23,2022-11-05,Cello Basin Reserve,2,65.3,65.3,Auckland Aces,Wellington Firebirds,BJ Horne,GH Worker,AJ Leonard,0,0,,,,,,,,,,,,,
1328684,2022/23,2022-11-05,Cello Basin Reserve,2,65.4,65.4,Auckland Aces,Wellington Firebirds,BJ Horne,GH Worker,AJ Leonard,0,0,,,,,,,,,,,,,
1328684,2022/23,2022-11-05,Cello Basin Reserve,2,65.5,65.5,Auckland Aces,Wellington Firebirds,BJ Horne,GH Worker,AJ Leonard,2,0,,,,,,,,,,,,,
1328684,2022/23,2022-11-05,Cello Basin Reserve,2,65.6,65.6,Auckland Aces,Wellington Firebirds,BJ Horne,GH Worker,AJ Leonard,1,0,,,,,,,,,,,,,
1328684,2022/23,2022-11-05,Cello Basin Reserve,2,66.1,66.1,Auckland Aces,Wellington Firebirds,BJ Horne,GH Worker,R Ravindra,0,0,,,,,,,,,,,,,
1328684,2022/23,2022-11-05,Cello Basin Reserve,2,66.2,66.2,Auckland Aces,Wellington Firebirds,BJ Horne,GH Worker,R Ravindra,0,0,,,,,,,,,,,,,
1328684,2022/23,2022-11-05,Cello Basin Reserve,2,66.3,66.3,Auckland Aces,Wellington Firebirds,BJ Horne,GH Worker,R Ravindra,0,0,,,,,,,,,,,,,
1328684,2022/23,2022-11-05,Cello Basin Reserve,2,66.4,66.4,Auckland Aces,Wellington Firebirds,BJ Horne,GH Worker,R Ravindra,0,0,,,,,,,,,,,,,
1328684,2022/23,2022-11-05,Cello Basin Reserve,2,66.5,66.5,Auckland Aces,Wellington Firebirds,BJ Horne,GH Worker,R Ravindra,0,0,,,,,,,,,,,,,
1328684,2022/23,2022-11-05,Cello Basin Reserve,2,66.6,66.6,Auckland Aces,Wellington Firebirds,BJ Horne,GH Worker,R Ravindra,0,0,,,,,,,,,,,,,
1328684,2022/23,2022-11-05,Cello Basin Reserve,2,67.1,67.1,Auckland Aces,Wellington Firebirds,GH Worker,BJ Horne,LI Georgeson,0,0,,,,,,,,,,,,,
1328684,2022/23,2022-11-05,Cello Basin Reserve,2,67.2,67.2,Auckland Aces,Wellington Firebirds,GH Worker,BJ Horne,LI Georgeson,1,0,,,,,,,,,,,,,
1328684,2022/23,2022-11-05,Cello Basin Reserve,2,67.3,67.3,Auckland Aces,Wellington Firebirds,BJ Horne,GH Worker,LI Georgeson,0,0,,,,,,,,,,,,,
1328684,2022/23,2022-11-05,Cello Basin Reserve,2,67.4,67.4,Auckland Aces,Wellington Firebirds,BJ Horne,GH Worker,LI Georgeson,0,0,,,,,,,,,,,,,
1328684,2022/23,2022-11-05,Cello Basin Reserve,2,67.5,67.5,Auckland Aces,Wellington Firebirds,BJ Horne,GH Worker,LI Georgeson,0,0,,,,,,,,,,,,,
1328684,2022/23,2022-11-05,Cello Basin Reserve,2,67.6,67.6,Auckland Aces,Wellington Firebirds,BJ Horne,GH Worker,LI Georgeson,0,0,,,,,,,,,,,,,
1328684,2022/23,2022-11-05,Cello Basin Reserve,2,68.1,68.1,Auckland Aces,Wellington Firebirds,GH Worker,BJ Horne,R Ravindra,0,0,,,,,,,,,,,,,
1328684,2022/23,2022-11-05,Cello Basin Reserve,2,68.2,68.2,Auckland Aces,Wellington Firebirds,GH Worker,BJ Horne,R Ravindra,0,0,,,,,,,,,,,,,
1328684,2022/23,2022-11-05,Cello Basin Reserve,2,68.3,68.3,Auckland Aces,Wellington Firebirds,GH Worker,BJ Horne,R Ravindra,0,0,,,,,,,,,,,,,
1328684,2022/23,2022-11-05,Cello Basin Reserve,2,68.4,68.4,Auckland Aces,Wellington Firebirds,GH Worker,BJ Horne,R Ravindra,0,0,,,,,,,,,,,,,
1328684,2022/23,2022-11-05,Cello Basin Reserve,2,68.5,68.5,Auckland Aces,Wellington Firebirds,GH Worker,BJ Horne,R Ravindra,0,0,,,,,,,,,,,,,
1328684,2022/23,2022-11-05,Cello Basin Reserve,2,68.6,68.6,Auckland Aces,Wellington Firebirds,GH Worker,BJ Horne,R Ravindra,4,0,,,,,,,,,,,,,
1328684,2022/23,2022-11-05,Cello Basin Reserve,2,69.1,69.1,Auckland Aces,Wellington Firebirds,BJ Horne,GH Worker,LI Georgeson,0,1,1,,,,,,,,,,,,
1328684,2022/23,2022-11-05,Cello Basin Reserve,2,69.2,69.1,Auckland Aces,Wellington Firebirds,BJ Horne,GH Worker,LI Georgeson,0,0,,,,,,,,,,,,,
1328684,2022/23,2022-11-05,Cello Basin Reserve,2,69.3,69.2,Auckland Aces,Wellington Firebirds,BJ Horne,GH Worker,LI Georgeson,0,0,,,,,,,,,,,,,
1328684,2022/23,2022-11-05,Cello Basin Reserve,2,69.4,69.3,Auckland Aces,Wellington Firebirds,BJ Horne,GH Worker,LI Georgeson,0,0,,,,,,,,,,,,,
1328684,2022/23,2022-11-05,Cello Basin Reserve,2,69.5,69.4,Auckland Aces,Wellington Firebirds,BJ Horne,GH Worker,LI Georgeson,0,0,,,,,,,,,,,,,
1328684,2022/23,2022-11-05,Cello Basin Reserve,2,69.6,69.5,Auckland Aces,Wellington Firebirds,BJ Horne,GH Worker,LI Georgeson,0,0,,,,,,,,,,,,,
1328684,2022/23,2022-11-05,Cello Basin Reserve,2,69.7,69.6,Auckland Aces,Wellington Firebirds,BJ Horne,GH Worker,LI Georgeson,0,0,,,,,,,,,,,,,
1328684,2022/23,2022-11-05,Cello Basin Reserve,2,70.1,70.1,Auckland Aces,Wellington Firebirds,GH Worker,BJ Horne,R Ravindra,0,0,,,,,,,,,,,,,
1328684,2022/23,2022-11-05,Cello Basin Reserve,2,70.2,70.2,Auckland Aces,Wellington Firebirds,GH Worker,BJ Horne,R Ravindra,0,0,,,,,,,,,,,,,
1328684,2022/23,2022-11-05,Cello Basin Reserve,2,70.3,70.3,Auckland Aces,Wellington Firebirds,GH Worker,BJ Horne,R Ravindra,1,0,,,,,,,,,,,,,
1328684,2022/23,2022-11-05,Cello Basin Reserve,2,70.4,70.4,Auckland Aces,Wellington Firebirds,BJ Horne,GH Worker,R Ravindra,0,0,,,,,,,,,,,,,
1328684,2022/23,2022-11-05,Cello Basin Reserve,2,70.5,70.5,Auckland Aces,Wellington Firebirds,BJ Horne,GH Worker,R Ravindra,2,0,,,,,,,,,,,,,
1328684,2022/23,2022-11-05,Cello Basin Reserve,2,70.6,70.6,Auckland Aces,Wellington Firebirds,BJ Horne,GH Worker,R Ravindra,1,0,,,,,,,,,,,,,
1328684,2022/23,2022-11-05,Cello Basin Reserve,2,71.1,71.1,Auckland Aces,Wellington Firebirds,BJ Horne,GH Worker,LI Georgeson,0,0,,,,,,,,,,,,,
1328684,2022/23,2022-11-05,Cello Basin Reserve,2,71.2,71.2,Auckland Aces,Wellington Firebirds,BJ Horne,GH Worker,LI Georgeson,0,0,,,,,,,,,,,,,
1328684,2022/23,2022-11-05,Cello Basin Reserve,2,71.3,71.3,Auckland Aces,Wellington Firebirds,BJ Horne,GH Worker,LI Georgeson,1,0,,,,,,,,,,,,,
1328684,2022/23,2022-11-05,Cello Basin Reserve,2,71.4,71.4,Auckland Aces,Wellington Firebirds,GH Worker,BJ Horne,LI Georgeson,0,0,,,,,,,,,,,,,
1328684,2022/23,2022-11-05,Cello Basin Reserve,2,71.5,71.5,Auckland Aces,Wellington Firebirds,GH Worker,BJ Horne,LI Georgeson,0,0,,,,,,,,,,,,,
1328684,2022/23,2022-11-05,Cello Basin Reserve,2,71.6,71.6,Auckland Aces,Wellington Firebirds,GH Worker,BJ Horne,LI Georgeson,0,0,,,,,,,,,,,,,
1328684,2022/23,2022-11-05,Cello Basin Reserve,2,72.1,72.1,Auckland Aces,Wellington Firebirds,BJ Horne,GH Worker,R Ravindra,0,0,,,,,,,,,,,,,
1328684,2022/23,2022-11-05,Cello Basin Reserve,2,72.2,72.2,Auckland Aces,Wellington Firebirds,BJ Horne,GH Worker,R Ravindra,3,0,,,,,,,,,,,,,
1328684,2022/23,2022-11-05,Cello Basin Reserve,2,72.3,72.3,Auckland Aces,Wellington Firebirds,GH Worker,BJ Horne,R Ravindra,0,0,,,,,,,,,,,,,
1328684,2022/23,2022-11-05,Cello Basin Reserve,2,72.4,72.4,Auckland Aces,Wellington Firebirds,GH Worker,BJ Horne,R Ravindra,0,0,,,,,,,,,,,,,
1328684,2022/23,2022-11-05,Cello Basin Reserve,2,72.5,72.5,Auckland Aces,Wellington Firebirds,GH Worker,BJ Horne,R Ravindra,0,0,,,,,,,,,,,,,
1328684,2022/23,2022-11-05,Cello Basin Reserve,2,72.6,72.6,Auckland Aces,Wellington Firebirds,GH Worker,BJ Horne,R Ravindra,0,0,,,,,,,,,,,,,
1328684,2022/23,2022-11-05,Cello Basin Reserve,2,73.1,73.1,Auckland Aces,Wellington Firebirds,BJ Horne,GH Worker,LI Georgeson,0,0,,,,,,,,,,,,,
1328684,2022/23,2022-11-05,Cello Basin Reserve,2,73.2,73.2,Auckland Aces,Wellington Firebirds,BJ Horne,GH Worker,LI Georgeson,4,0,,,,,,,,,,,,,
1328684,2022/23,2022-11-05,Cello Basin Reserve,2,73.3,73.3,Auckland Aces,Wellington Firebirds,BJ Horne,GH Worker,LI Georgeson,0,0,,,,,,,,,,,,,
1328684,2022/23,2022-11-05,Cello Basin Reserve,2,73.4,73.4,Auckland Aces,Wellington Firebirds,BJ Horne,GH Worker,LI Georgeson,0,0,,,,,,,,,,,,,
1328684,2022/23,2022-11-05,Cello Basin Reserve,2,73.5,73.5,Auckland Aces,Wellington Firebirds,BJ Horne,GH Worker,LI Georgeson,0,0,,,,,,,,,,,,,
1328684,2022/23,2022-11-05,Cello Basin Reserve,2,73.6,73.6,Auckland Aces,Wellington Firebirds,BJ Horne,GH Worker,LI Georgeson,0,0,,,,,,,,,,,,,
1328684,2022/23,2022-11-05,Cello Basin Reserve,2,74.1,74.1,Auckland Aces,Wellington Firebirds,GH Worker,BJ Horne,R Ravindra,0,0,,,,,,,,,,,,,
1328684,2022/23,2022-11-05,Cello Basin Reserve,2,74.2,74.2,Auckland Aces,Wellington Firebirds,GH Worker,BJ Horne,R Ravindra,4,0,,,,,,,,,,,,,
1328684,2022/23,2022-11-05,Cello Basin Reserve,2,74.3,74.3,Auckland Aces,Wellington Firebirds,GH Worker,BJ Horne,R Ravindra,0,0,,,,,,,,,,,,,
1328684,2022/23,2022-11-05,Cello Basin Reserve,2,74.4,74.4,Auckland Aces,Wellington Firebirds,GH Worker,BJ Horne,R Ravindra,0,0,,,,,,,,,,,,,
1328684,2022/23,2022-11-05,Cello Basin Reserve,2,74.5,74.5,Auckland Aces,Wellington Firebirds,GH Worker,BJ Horne,R Ravindra,0,0,,,,,,,,,,,,,
1328684,2022/23,2022-11-05,Cello Basin Reserve,2,74.6,74.6,Auckland Aces,Wellington Firebirds,GH Worker,BJ Horne,R Ravindra,0,0,,,,,,,,,,,,,
1328684,2022/23,2022-11-05,Cello Basin Reserve,2,75.1,75.1,Auckland Aces,Wellington Firebirds,BJ Horne,GH Worker,JJNP Bhula,0,0,,,,,,,,,,,,,
1328684,2022/23,2022-11-05,Cello Basin Reserve,2,75.2,75.2,Auckland Aces,Wellington Firebirds,BJ Horne,GH Worker,JJNP Bhula,0,0,,,,,,,,,,,,,
1328684,2022/23,2022-11-05,Cello Basin Reserve,2,75.3,75.3,Auckland Aces,Wellington Firebirds,BJ Horne,GH Worker,JJNP Bhula,0,0,,,,,,,,,,,,,
1328684,2022/23,2022-11-05,Cello Basin Reserve,2,75.4,75.4,Auckland Aces,Wellington Firebirds,BJ Horne,GH Worker,JJNP Bhula,1,0,,,,,,,,,,,,,
1328684,2022/23,2022-11-05,Cello Basin Reserve,2,75.5,75.5,Auckland Aces,Wellington Firebirds,GH Worker,BJ Horne,JJNP Bhula,1,0,,,,,,,,,,,,,
1328684,2022/23,2022-11-05,Cello Basin Reserve,2,75.6,75.6,Auckland Aces,Wellington Firebirds,BJ Horne,GH Worker,JJNP Bhula,0,0,,,,,,,,,,,,,
1328684,2022/23,2022-11-05,Cello Basin Reserve,2,76.1,76.1,Auckland Aces,Wellington Firebirds,GH Worker,BJ Horne,R Ravindra,0,0,,,,,,,,,,,,,
1328684,2022/23,2022-11-05,Cello Basin Reserve,2,76.2,76.2,Auckland Aces,Wellington Firebirds,GH Worker,BJ Horne,R Ravindra,0,0,,,,,,,,,,,,,
1328684,2022/23,2022-11-05,Cello Basin Reserve,2,76.3,76.3,Auckland Aces,Wellington Firebirds,GH Worker,BJ Horne,R Ravindra,1,0,,,,,,,,,,,,,
1328684,2022/23,2022-11-05,Cello Basin Reserve,2,76.4,76.4,Auckland Aces,Wellington Firebirds,BJ Horne,GH Worker,R Ravindra,0,0,,,,,,,,,,,,,
1328684,2022/23,2022-11-05,Cello Basin Reserve,2,76.5,76.5,Auckland Aces,Wellington Firebirds,BJ Horne,GH Worker,R Ravindra,0,0,,,,,,,,,,,,,
1328684,2022/23,2022-11-05,Cello Basin Reserve,2,76.6,76.6,Auckland Aces,Wellington Firebirds,BJ Horne,GH Worker,R Ravindra,0,0,,,,,,,,,,,,,
1328684,2022/23,2022-11-05,Cello Basin Reserve,2,77.1,77.1,Auckland Aces,Wellington Firebirds,GH Worker,BJ Horne,JJNP Bhula,0,0,,,,,,,,,,,,,
1328684,2022/23,2022-11-05,Cello Basin Reserve,2,77.2,77.2,Auckland Aces,Wellington Firebirds,GH Worker,BJ Horne,JJNP Bhula,1,0,,,,,,,,,,,,,
1328684,2022/23,2022-11-05,Cello Basin Reserve,2,77.3,77.3,Auckland Aces,Wellington Firebirds,BJ Horne,GH Worker,JJNP Bhula,4,0,,,,,,,,,,,,,
1328684,2022/23,2022-11-05,Cello Basin Reserve,2,77.4,77.4,Auckland Aces,Wellington Firebirds,BJ Horne,GH Worker,JJNP Bhula,0,0,,,,,,,,,,,,,
1328684,2022/23,2022-11-05,Cello Basin Reserve,2,77.5,77.5,Auckland Aces,Wellington Firebirds,BJ Horne,GH Worker,JJNP Bhula,0,0,,,,,,,,,,,,,
1328684,2022/23,2022-11-05,Cello Basin Reserve,2,77.6,77.6,Auckland Aces,Wellington Firebirds,BJ Horne,GH Worker,JJNP Bhula,0,0,,,,,,,,,,,,,
1328684,2022/23,2022-11-05,Cello Basin Reserve,2,78.1,78.1,Auckland Aces,Wellington Firebirds,GH Worker,BJ Horne,R Ravindra,0,0,,,,,,,,,,,,,
1328684,2022/23,2022-11-05,Cello Basin Reserve,2,78.2,78.2,Auckland Aces,Wellington Firebirds,GH Worker,BJ Horne,R Ravindra,0,0,,,,,,,,,,,,,
1328684,2022/23,2022-11-05,Cello Basin Reserve,2,78.3,78.3,Auckland Aces,Wellington Firebirds,GH Worker,BJ Horne,R Ravindra,0,0,,,,,,,,,,,,,
1328684,2022/23,2022-11-05,Cello Basin Reserve,2,78.4,78.4,Auckland Aces,Wellington Firebirds,GH Worker,BJ Horne,R Ravindra,0,0,,,,,,,,,,,,,
1328684,2022/23,2022-11-05,Cello Basin Reserve,2,78.5,78.5,Auckland Aces,Wellington Firebirds,GH Worker,BJ Horne,R Ravindra,0,0,,,,,,,,,,,,,
1328684,2022/23,2022-11-05,Cello Basin Reserve,2,78.6,78.6,Auckland Aces,Wellington Firebirds,GH Worker,BJ Horne,R Ravindra,0,0,,,,,,,,,,,,,
1328684,2022/23,2022-11-05,Cello Basin Reserve,2,79.1,79.1,Auckland Aces,Wellington Firebirds,BJ Horne,GH Worker,JJNP Bhula,0,0,,,,,,,,,,,,,
1328684,2022/23,2022-11-05,Cello Basin Reserve,2,79.2,79.2,Auckland Aces,Wellington Firebirds,BJ Horne,GH Worker,JJNP Bhula,0,0,,,,,,,,,,,,,
1328684,2022/23,2022-11-05,Cello Basin Reserve,2,79.3,79.3,Auckland Aces,Wellington Firebirds,BJ Horne,GH Worker,JJNP Bhula,4,0,,,,,,,,,,,,,
1328684,2022/23,2022-11-05,Cello Basin Reserve,2,79.4,79.4,Auckland Aces,Wellington Firebirds,BJ Horne,GH Worker,JJNP Bhula,0,0,,,,,,,,,,,,,
1328684,2022/23,2022-11-05,Cello Basin Reserve,2,79.5,79.5,Auckland Aces,Wellington Firebirds,BJ Horne,GH Worker,JJNP Bhula,0,0,,,,,,,,,,,,,
1328684,2022/23,2022-11-05,Cello Basin Reserve,2,79.6,79.6,Auckland Aces,Wellington Firebirds,BJ Horne,GH Worker,JJNP Bhula,1,0,,,,,,,,,,,,,
1328684,2022/23,2022-11-05,Cello Basin Reserve,2,80.1,80.1,Auckland Aces,Wellington Firebirds,BJ Horne,GH Worker,IG McPeake,0,0,,,,,,,,,,,,,
1328684,2022/23,2022-11-05,Cello Basin Reserve,2,80.2,80.2,Auckland Aces,Wellington Firebirds,BJ Horne,GH Worker,IG McPeake,0,0,,,,,,,,,,,,,
1328684,2022/23,2022-11-05,Cello Basin Reserve,2,80.3,80.3,Auckland Aces,Wellington Firebirds,BJ Horne,GH Worker,IG McPeake,0,0,,,,,,,,,,,,,
1328684,2022/23,2022-11-05,Cello Basin Reserve,2,80.4,80.4,Auckland Aces,Wellington Firebirds,BJ Horne,GH Worker,IG McPeake,0,0,,,,,,,,,,,,,
1328684,2022/23,2022-11-05,Cello Basin Reserve,2,80.5,80.5,Auckland Aces,Wellington Firebirds,BJ Horne,GH Worker,IG McPeake,0,0,,,,,,,,,,,,,
1328684,2022/23,2022-11-05,Cello Basin Reserve,2,80.6,80.6,Auckland Aces,Wellington Firebirds,BJ Horne,GH Worker,IG McPeake,0,0,,,,,,,,,,,,,
1328684,2022/23,2022-11-05,Cello Basin Reserve,2,81.1,81.1,Auckland Aces,Wellington Firebirds,GH Worker,BJ Horne,MW Snedden,0,0,,,,,,,,,,,,,
1328684,2022/23,2022-11-05,Cello Basin Reserve,2,81.2,81.2,Auckland Aces,Wellington Firebirds,GH Worker,BJ Horne,MW Snedden,1,0,,,,,,,,,,,,,
1328684,2022/23,2022-11-05,Cello Basin Reserve,2,81.3,81.3,Auckland Aces,Wellington Firebirds,BJ Horne,GH Worker,MW Snedden,0,0,,,,,,,,,,,,,
1328684,2022/23,2022-11-05,Cello Basin Reserve,2,81.4,81.4,Auckland Aces,Wellington Firebirds,BJ Horne,GH Worker,MW Snedden,0,0,,,,,,,,,,,,,
1328684,2022/23,2022-11-05,Cello Basin Reserve,2,81.5,81.5,Auckland Aces,Wellington Firebirds,BJ Horne,GH Worker,MW Snedden,0,0,,,,,,,,,,,,,
1328684,2022/23,2022-11-05,Cello Basin Reserve,2,81.6,81.6,Auckland Aces,Wellington Firebirds,BJ Horne,GH Worker,MW Snedden,0,0,,,,,,,,,,,,,
1328684,2022/23,2022-11-05,Cello Basin Reserve,2,82.1,82.1,Auckland Aces,Wellington Firebirds,GH Worker,BJ Horne,IG McPeake,0,0,,,,,,,,,,,,,
1328684,2022/23,2022-11-05,Cello Basin Reserve,2,82.2,82.2,Auckland Aces,Wellington Firebirds,GH Worker,BJ Horne,IG McPeake,0,0,,,,,,,,,,,,,
1328684,2022/23,2022-11-05,Cello Basin Reserve,2,82.3,82.3,Auckland Aces,Wellington Firebirds,GH Worker,BJ Horne,IG McPeake,2,0,,,,,,,,,,,,,
1328684,2022/23,2022-11-05,Cello Basin Reserve,2,82.4,82.4,Auckland Aces,Wellington Firebirds,GH Worker,BJ Horne,IG McPeake,0,0,,,,,,,,,,,,,
1328684,2022/23,2022-11-05,Cello Basin Reserve,2,82.5,82.5,Auckland Aces,Wellington Firebirds,GH Worker,BJ Horne,IG McPeake,1,0,,,,,,,,,,,,,
1328684,2022/23,2022-11-05,Cello Basin Reserve,2,82.6,82.6,Auckland Aces,Wellington Firebirds,BJ Horne,GH Worker,IG McPeake,0,0,,,,,,,,,,,,,
1328684,2022/23,2022-11-05,Cello Basin Reserve,2,83.1,83.1,Auckland Aces,Wellington Firebirds,GH Worker,BJ Horne,MW Snedden,0,0,,,,,,,,,,,,,
1328684,2022/23,2022-11-05,Cello Basin Reserve,2,83.2,83.2,Auckland Aces,Wellington Firebirds,GH Worker,BJ Horne,MW Snedden,0,0,,,,,,,,,,,,,
1328684,2022/23,2022-11-05,Cello Basin Reserve,2,83.3,83.3,Auckland Aces,Wellington Firebirds,GH Worker,BJ Horne,MW Snedden,0,0,,,,,,,,,,,,,
1328684,2022/23,2022-11-05,Cello Basin Reserve,2,83.4,83.4,Auckland Aces,Wellington Firebirds,GH Worker,BJ Horne,MW Snedden,0,0,,,,,,,caught,GH Worker,,,TM Johnson,,
1328684,2022/23,2022-11-05,Cello Basin Reserve,2,83.5,83.5,Auckland Aces,Wellington Firebirds,RD Harrison,BJ Horne,MW Snedden,0,0,,,,,,,,,,,,,
1328684,2022/23,2022-11-05,Cello Basin Reserve,2,83.6,83.6,Auckland Aces,Wellington Firebirds,RD Harrison,BJ Horne,MW Snedden,0,0,,,,,,,,,,,,,
1328684,2022/23,2022-11-05,Cello Basin Reserve,2,84.1,84.1,Auckland Aces,Wellington Firebirds,BJ Horne,RD Harrison,IG McPeake,0,0,,,,,,,,,,,,,
1328684,2022/23,2022-11-05,Cello Basin Reserve,2,84.2,84.2,Auckland Aces,Wellington Firebirds,BJ Horne,RD Harrison,IG McPeake,0,0,,,,,,,,,,,,,
1328684,2022/23,2022-11-05,Cello Basin Reserve,2,84.3,84.3,Auckland Aces,Wellington Firebirds,BJ Horne,RD Harrison,IG McPeake,0,0,,,,,,,,,,,,,
1328684,2022/23,2022-11-05,Cello Basin Reserve,2,84.4,84.4,Auckland Aces,Wellington Firebirds,BJ Horne,RD Harrison,IG McPeake,0,0,,,,,,,,,,,,,
1328684,2022/23,2022-11-05,Cello Basin Reserve,2,84.5,84.5,Auckland Aces,Wellington Firebirds,BJ Horne,RD Harrison,IG McPeake,0,0,,,,,,,,,,,,,
1328684,2022/23,2022-11-05,Cello Basin Reserve,2,84.6,84.6,Auckland Aces,Wellington Firebirds,BJ Horne,RD Harrison,IG McPeake,0,0,,,,,,,,,,,,,
1328684,2022/23,2022-11-05,Cello Basin Reserve,2,85.1,85.1,Auckland Aces,Wellington Firebirds,RD Harrison,BJ Horne,MW Snedden,0,0,,,,,,,,,,,,,
1328684,2022/23,2022-11-05,Cello Basin Reserve,2,85.2,85.2,Auckland Aces,Wellington Firebirds,RD Harrison,BJ Horne,MW Snedden,0,0,,,,,,,,,,,,,
1328684,2022/23,2022-11-05,Cello Basin Reserve,2,85.3,85.3,Auckland Aces,Wellington Firebirds,RD Harrison,BJ Horne,MW Snedden,0,0,,,,,,,,,,,,,
1328684,2022/23,2022-11-05,Cello Basin Reserve,2,85.4,85.4,Auckland Aces,Wellington Firebirds,RD Harrison,BJ Horne,MW Snedden,0,0,,,,,,,,,,,,,
1328684,2022/23,2022-11-05,Cello Basin Reserve,2,85.5,85.5,Auckland Aces,Wellington Firebirds,RD Harrison,BJ Horne,MW Snedden,0,0,,,,,,,,,,,,,
1328684,2022/23,2022-11-05,Cello Basin Reserve,2,85.6,85.6,Auckland Aces,Wellington Firebirds,RD Harrison,BJ Horne,MW Snedden,0,0,,,,,,,,,,,,,
1328684,2022/23,2022-11-05,Cello Basin Reserve,2,86.1,86.1,Auckland Aces,Wellington Firebirds,BJ Horne,RD Harrison,IG McPeake,2,0,,,,,,,,,,,,,
1328684,2022/23,2022-11-05,Cello Basin Reserve,2,86.2,86.2,Auckland Aces,Wellington Firebirds,BJ Horne,RD Harrison,IG McPeake,0,0,,,,,,,,,,,,,
1328684,2022/23,2022-11-05,Cello Basin Reserve,2,86.3,86.3,Auckland Aces,Wellington Firebirds,BJ Horne,RD Harrison,IG McPeake,0,0,,,,,,,,,,,,,
1328684,2022/23,2022-11-05,Cello Basin Reserve,2,86.4,86.4,Auckland Aces,Wellington Firebirds,BJ Horne,RD Harrison,IG McPeake,1,0,,,,,,,,,,,,,
1328684,2022/23,2022-11-05,Cello Basin Reserve,2,86.5,86.5,Auckland Aces,Wellington Firebirds,RD Harrison,BJ Horne,IG McPeake,0,0,,,,,,,,,,,,,
1328684,2022/23,2022-11-05,Cello Basin Reserve,2,86.6,86.6,Auckland Aces,Wellington Firebirds,RD Harrison,BJ Horne,IG McPeake,0,0,,,,,,,,,,,,,
1328684,2022/23,2022-11-05,Cello Basin Reserve,2,87.1,87.1,Auckland Aces,Wellington Firebirds,BJ Horne,RD Harrison,MW Snedden,0,0,,,,,,,,,,,,,
1328684,2022/23,2022-11-05,Cello Basin Reserve,2,87.2,87.2,Auckland Aces,Wellington Firebirds,BJ Horne,RD Harrison,MW Snedden,0,0,,,,,,,,,,,,,
1328684,2022/23,2022-11-05,Cello Basin Reserve,2,87.3,87.3,Auckland Aces,Wellington Firebirds,BJ Horne,RD Harrison,MW Snedden,1,0,,,,,,,,,,,,,
1328684,2022/23,2022-11-05,Cello Basin Reserve,2,87.4,87.4,Auckland Aces,Wellington Firebirds,RD Harrison,BJ Horne,MW Snedden,1,0,,,,,,,,,,,,,
1328684,2022/23,2022-11-05,Cello Basin Reserve,2,87.5,87.5,Auckland Aces,Wellington Firebirds,BJ Horne,RD Harrison,MW Snedden,0,0,,,,,,,,,,,,,
1328684,2022/23,2022-11-05,Cello Basin Reserve,2,87.6,87.6,Auckland Aces,Wellington Firebirds,BJ Horne,RD Harrison,MW Snedden,0,0,,,,,,,,,,,,,
1328684,2022/23,2022-11-05,Cello Basin Reserve,2,88.1,88.1,Auckland Aces,Wellington Firebirds,RD Harrison,BJ Horne,IG McPeake,0,0,,,,,,,,,,,,,
1328684,2022/23,2022-11-05,Cello Basin Reserve,2,88.2,88.2,Auckland Aces,Wellington Firebirds,RD Harrison,BJ Horne,IG McPeake,0,0,,,,,,,,,,,,,
1328684,2022/23,2022-11-05,Cello Basin Reserve,2,88.3,88.3,Auckland Aces,Wellington Firebirds,RD Harrison,BJ Horne,IG McPeake,0,0,,,,,,,,,,,,,
1328684,2022/23,2022-11-05,Cello Basin Reserve,2,88.4,88.4,Auckland Aces,Wellington Firebirds,RD Harrison,BJ Horne,IG McPeake,0,0,,,,,,,,,,,,,
1328684,2022/23,2022-11-05,Cello Basin Reserve,2,88.5,88.5,Auckland Aces,Wellington Firebirds,RD Harrison,BJ Horne,IG McPeake,0,0,,,,,,,,,,,,,
1328684,2022/23,2022-11-05,Cello Basin Reserve,2,88.6,88.6,Auckland Aces,Wellington Firebirds,RD Harrison,BJ Horne,IG McPeake,0,0,,,,,,,,,,,,,
1328684,2022/23,2022-11-05,Cello Basin Reserve,2,89.1,89.1,Auckland Aces,Wellington Firebirds,BJ Horne,RD Harrison,MW Snedden,0,4,,,4,,,,,,,,,,
1328684,2022/23,2022-11-05,Cello Basin Reserve,2,89.2,89.2,Auckland Aces,Wellington Firebirds,BJ Horne,RD Harrison,MW Snedden,0,0,,,,,,,,,,,,,
1328684,2022/23,2022-11-05,Cello Basin Reserve,2,89.3,89.3,Auckland Aces,Wellington Firebirds,BJ Horne,RD Harrison,MW Snedden,0,0,,,,,,,,,,,,,
1328684,2022/23,2022-11-05,Cello Basin Reserve,2,89.4,89.4,Auckland Aces,Wellington Firebirds,BJ Horne,RD Harrison,MW Snedden,4,0,,,,,,,,,,,,,
1328684,2022/23,2022-11-05,Cello Basin Reserve,2,89.5,89.5,Auckland Aces,Wellington Firebirds,BJ Horne,RD Harrison,MW Snedden,0,0,,,,,,,,,,,,,
1328684,2022/23,2022-11-05,Cello Basin Reserve,2,89.6,89.6,Auckland Aces,Wellington Firebirds,BJ Horne,RD Harrison,MW Snedden,0,0,,,,,,,,,,,,,
1328684,2022/23,2022-11-05,Cello Basin Reserve,2,90.1,90.1,Auckland Aces,Wellington Firebirds,RD Harrison,BJ Horne,IG McPeake,0,0,,,,,,,,,,,,,
1328684,2022/23,2022-11-05,Cello Basin Reserve,2,90.2,90.2,Auckland Aces,Wellington Firebirds,RD Harrison,BJ Horne,IG McPeake,1,0,,,,,,,,,,,,,
1328684,2022/23,2022-11-05,Cello Basin Reserve,2,90.3,90.3,Auckland Aces,Wellington Firebirds,BJ Horne,RD Harrison,IG McPeake,0,0,,,,,,,,,,,,,
1328684,2022/23,2022-11-05,Cello Basin Reserve,2,90.4,90.4,Auckland Aces,Wellington Firebirds,BJ Horne,RD Harrison,IG McPeake,4,0,,,,,,,,,,,,,
1328684,2022/23,2022-11-05,Cello Basin Reserve,2,90.5,90.5,Auckland Aces,Wellington Firebirds,BJ Horne,RD Harrison,IG McPeake,0,0,,,,,,,,,,,,,
1328684,2022/23,2022-11-05,Cello Basin Reserve,2,90.6,90.6,Auckland Aces,Wellington Firebirds,BJ Horne,RD Harrison,IG McPeake,0,1,,,,1,,,,,,,,,
1328684,2022/23,2022-11-05,Cello Basin Reserve,2,91.1,91.1,Auckland Aces,Wellington Firebirds,BJ Horne,RD Harrison,AJ Leonard,0,0,,,,,,,,,,,,,
1328684,2022/23,2022-11-05,Cello Basin Reserve,2,91.2,91.2,Auckland Aces,Wellington Firebirds,BJ Horne,RD Harrison,AJ Leonard,0,0,,,,,,,,,,,,,
1328684,2022/23,2022-11-05,Cello Basin Reserve,2,91.3,91.3,Auckland Aces,Wellington Firebirds,BJ Horne,RD Harrison,AJ Leonard,0,0,,,,,,,,,,,,,
1328684,2022/23,2022-11-05,Cello Basin Reserve,2,91.4,91.4,Auckland Aces,Wellington Firebirds,BJ Horne,RD Harrison,AJ Leonard,0,0,,,,,,,,,,,,,
1328684,2022/23,2022-11-05,Cello Basin Reserve,2,91.5,91.5,Auckland Aces,Wellington Firebirds,BJ Horne,RD Harrison,AJ Leonard,0,0,,,,,,,,,,,,,
1328684,2022/23,2022-11-05,Cello Basin Reserve,2,91.6,91.6,Auckland Aces,Wellington Firebirds,BJ Horne,RD Harrison,AJ Leonard,0,0,,,,,,,,,,,,,
1328684,2022/23,2022-11-05,Cello Basin Reserve,2,92.1,92.1,Auckland Aces,Wellington Firebirds,RD Harrison,BJ Horne,IG McPeake,0,0,,,,,,,,,,,,,
1328684,2022/23,2022-11-05,Cello Basin Reserve,2,92.2,92.2,Auckland Aces,Wellington Firebirds,RD Harrison,BJ Horne,IG McPeake,0,0,,,,,,,,,,,,,
1328684,2022/23,2022-11-05,Cello Basin Reserve,2,92.3,92.3,Auckland Aces,Wellington Firebirds,RD Harrison,BJ Horne,IG McPeake,0,0,,,,,,,,,,,,,
1328684,2022/23,2022-11-05,Cello Basin Reserve,2,92.4,92.4,Auckland Aces,Wellington Firebirds,RD Harrison,BJ Horne,IG McPeake,0,0,,,,,,,,,,,,,
1328684,2022/23,2022-11-05,Cello Basin Reserve,2,92.5,92.5,Auckland Aces,Wellington Firebirds,RD Harrison,BJ Horne,IG McPeake,0,0,,,,,,,,,,,,,
1328684,2022/23,2022-11-05,Cello Basin Reserve,2,92.6,92.6,Auckland Aces,Wellington Firebirds,RD Harrison,BJ Horne,IG McPeake,0,0,,,,,,,,,,,,,
1328684,2022/23,2022-11-05,Cello Basin Reserve,2,93.1,93.1,Auckland Aces,Wellington Firebirds,BJ Horne,RD Harrison,AJ Leonard,0,0,,,,,,,,,,,,,
1328684,2022/23,2022-11-05,Cello Basin Reserve,2,93.2,93.2,Auckland Aces,Wellington Firebirds,BJ Horne,RD Harrison,AJ Leonard,1,0,,,,,,,,,,,,,
1328684,2022/23,2022-11-05,Cello Basin Reserve,2,93.3,93.3,Auckland Aces,Wellington Firebirds,RD Harrison,BJ Horne,AJ Leonard,0,0,,,,,,,,,,,,,
1328684,2022/23,2022-11-05,Cello Basin Reserve,2,93.4,93.4,Auckland Aces,Wellington Firebirds,RD Harrison,BJ Horne,AJ Leonard,0,0,,,,,,,,,,,,,
1328684,2022/23,2022-11-05,Cello Basin Reserve,2,93.5,93.5,Auckland Aces,Wellington Firebirds,RD Harrison,BJ Horne,AJ Leonard,0,0,,,,,,,,,,,,,
1328684,2022/23,2022-11-05,Cello Basin Reserve,2,93.6,93.6,Auckland Aces,Wellington Firebirds,RD Harrison,BJ Horne,AJ Leonard,0,0,,,,,,,,,,,,,
1328684,2022/23,2022-11-05,Cello Basin Reserve,2,94.1,94.1,Auckland Aces,Wellington Firebirds,BJ Horne,RD Harrison,IG McPeake,0,0,,,,,,,,,,,,,
1328684,2022/23,2022-11-05,Cello Basin Reserve,2,94.2,94.2,Auckland Aces,Wellington Firebirds,BJ Horne,RD Harrison,IG McPeake,0,0,,,,,,,,,,,,,
1328684,2022/23,2022-11-05,Cello Basin Reserve,2,94.3,94.3,Auckland Aces,Wellington Firebirds,BJ Horne,RD Harrison,IG McPeake,0,0,,,,,,,,,,,,,
1328684,2022/23,2022-11-05,Cello Basin Reserve,2,94.4,94.4,Auckland Aces,Wellington Firebirds,BJ Horne,RD Harrison,IG McPeake,1,0,,,,,,,,,,,,,
1328684,2022/23,2022-11-05,Cello Basin Reserve,2,94.5,94.5,Auckland Aces,Wellington Firebirds,RD Harrison,BJ Horne,IG McPeake,0,0,,,,,,,,,,,,,
1328684,2022/23,2022-11-05,Cello Basin Reserve,2,94.6,94.6,Auckland Aces,Wellington Firebirds,RD Harrison,BJ Horne,IG McPeake,0,0,,,,,,,,,,,,,
1328684,2022/23,2022-11-05,Cello Basin Reserve,2,95.1,95.1,Auckland Aces,Wellington Firebirds,BJ Horne,RD Harrison,AJ Leonard,0,0,,,,,,,,,,,,,
1328684,2022/23,2022-11-05,Cello Basin Reserve,2,95.2,95.2,Auckland Aces,Wellington Firebirds,BJ Horne,RD Harrison,AJ Leonard,0,0,,,,,,,,,,,,,
1328684,2022/23,2022-11-05,Cello Basin Reserve,2,95.3,95.3,Auckland Aces,Wellington Firebirds,BJ Horne,RD Harrison,AJ Leonard,0,0,,,,,,,,,,,,,
1328684,2022/23,2022-11-05,Cello Basin Reserve,2,95.4,95.4,Auckland Aces,Wellington Firebirds,BJ Horne,RD Harrison,AJ Leonard,0,0,,,,,,,,,,,,,
1328684,2022/23,2022-11-05,Cello Basin Reserve,2,95.5,95.5,Auckland Aces,Wellington Firebirds,BJ Horne,RD Harrison,AJ Leonard,2,0,,,,,,,,,,,,,
1328684,2022/23,2022-11-05,Cello Basin Reserve,2,95.6,95.6,Auckland Aces,Wellington Firebirds,BJ Horne,RD Harrison,AJ Leonard,0,0,,,,,,,,,,,,,
1328684,2022/23,2022-11-05,Cello Basin Reserve,2,96.1,96.1,Auckland Aces,Wellington Firebirds,RD Harrison,BJ Horne,JW Hartshorn,1,0,,,,,,,,,,,,,
1328684,2022/23,2022-11-05,Cello Basin Reserve,2,96.2,96.2,Auckland Aces,Wellington Firebirds,BJ Horne,RD Harrison,JW Hartshorn,0,0,,,,,,,,,,,,,
1328684,2022/23,2022-11-05,Cello Basin Reserve,2,96.3,96.3,Auckland Aces,Wellington Firebirds,BJ Horne,RD Harrison,JW Hartshorn,0,0,,,,,,,,,,,,,
1328684,2022/23,2022-11-05,Cello Basin Reserve,2,96.4,96.4,Auckland Aces,Wellington Firebirds,BJ Horne,RD Harrison,JW Hartshorn,0,0,,,,,,,,,,,,,
1328684,2022/23,2022-11-05,Cello Basin Reserve,2,96.5,96.5,Auckland Aces,Wellington Firebirds,BJ Horne,RD Harrison,JW Hartshorn,1,0,,,,,,,,,,,,,
1328684,2022/23,2022-11-05,Cello Basin Reserve,2,96.6,96.6,Auckland Aces,Wellington Firebirds,RD Harrison,BJ Horne,JW Hartshorn,0,0,,,,,,,,,,,,,
1328684,2022/23,2022-11-05,Cello Basin Reserve,2,97.1,97.1,Auckland Aces,Wellington Firebirds,BJ Horne,RD Harrison,AJ Leonard,1,0,,,,,,,,,,,,,
1328684,2022/23,2022-11-05,Cello Basin Reserve,2,97.2,97.2,Auckland Aces,Wellington Firebirds,RD Harrison,BJ Horne,AJ Leonard,0,0,,,,,,,,,,,,,
1328684,2022/23,2022-11-05,Cello Basin Reserve,2,97.3,97.3,Auckland Aces,Wellington Firebirds,RD Harrison,BJ Horne,AJ Leonard,0,0,,,,,,,,,,,,,
1328684,2022/23,2022-11-05,Cello Basin Reserve,2,97.4,97.4,Auckland Aces,Wellington Firebirds,RD Harrison,BJ Horne,AJ Leonard,0,0,,,,,,,,,,,,,
1328684,2022/23,2022-11-05,Cello Basin Reserve,2,97.5,97.5,Auckland Aces,Wellington Firebirds,RD Harrison,BJ Horne,AJ Leonard,0,0,,,,,,,,,,,,,
1328684,2022/23,2022-11-05,Cello Basin Reserve,2,97.6,97.6,Auckland Aces,Wellington Firebirds,RD Harrison,BJ Horne,AJ Leonard,0,0,,,,,,,,,,,,,
1328684,2022/23,2022-11-05,Cello Basin Reserve,2,98.1,98.1,Auckland Aces,Wellington Firebirds,BJ Horne,RD Harrison,JW Hartshorn,0,0,,,,,,,,,,,,,
1328684,2022/23,2022-11-05,Cello Basin Reserve,2,98.2,98.2,Auckland Aces,Wellington Firebirds,BJ Horne,RD Harrison,JW Hartshorn,0,0,,,,,,,,,,,,,
1328684,2022/23,2022-11-05,Cello Basin Reserve,2,98.3,98.3,Auckland Aces,Wellington Firebirds,BJ Horne,RD Harrison,JW Hartshorn,6,0,,,,,,,,,,,,,
1328684,2022/23,2022-11-05,Cello Basin Reserve,2,98.4,98.4,Auckland Aces,Wellington Firebirds,BJ Horne,RD Harrison,JW Hartshorn,0,0,,,,,,,,,,,,,
1328684,2022/23,2022-11-05,Cello Basin Reserve,2,98.5,98.5,Auckland Aces,Wellington Firebirds,BJ Horne,RD Harrison,JW Hartshorn,0,0,,,,,,,,,,,,,
1328684,2022/23,2022-11-05,Cello Basin Reserve,2,98.6,98.6,Auckland Aces,Wellington Firebirds,BJ Horne,RD Harrison,JW Hartshorn,0,0,,,,,,,,,,,,,
1328684,2022/23,2022-11-05,Cello Basin Reserve,2,99.1,99.1,Auckland Aces,Wellington Firebirds,RD Harrison,BJ Horne,LI Georgeson,0,0,,,,,,,,,,,,,
1328684,2022/23,2022-11-05,Cello Basin Reserve,2,99.2,99.2,Auckland Aces,Wellington Firebirds,RD Harrison,BJ Horne,LI Georgeson,4,0,,,,,,,,,,,,,
1328684,2022/23,2022-11-05,Cello Basin Reserve,2,99.3,99.3,Auckland Aces,Wellington Firebirds,RD Harrison,BJ Horne,LI Georgeson,0,0,,,,,,,,,,,,,
1328684,2022/23,2022-11-05,Cello Basin Reserve,2,99.4,99.4,Auckland Aces,Wellington Firebirds,RD Harrison,BJ Horne,LI Georgeson,0,0,,,,,,,,,,,,,
1328684,2022/23,2022-11-05,Cello Basin Reserve,2,99.5,99.5,Auckland Aces,Wellington Firebirds,RD Harrison,BJ Horne,LI Georgeson,0,0,,,,,,,,,,,,,
1328684,2022/23,2022-11-05,Cello Basin Reserve,2,99.6,99.6,Auckland Aces,Wellington Firebirds,RD Harrison,BJ Horne,LI Georgeson,0,0,,,,,,,,,,,,,
1328684,2022/23,2022-11-05,Cello Basin Reserve,2,100.1,100.1,Auckland Aces,Wellington Firebirds,BJ Horne,RD Harrison,JW Hartshorn,0,0,,,,,,,,,,,,,
1328684,2022/23,2022-11-05,Cello Basin Reserve,2,100.2,100.2,Auckland Aces,Wellington Firebirds,BJ Horne,RD Harrison,JW Hartshorn,0,0,,,,,,,,,,,,,
1328684,2022/23,2022-11-05,Cello Basin Reserve,2,100.3,100.3,Auckland Aces,Wellington Firebirds,BJ Horne,RD Harrison,JW Hartshorn,0,0,,,,,,,,,,,,,
1328684,2022/23,2022-11-05,Cello Basin Reserve,2,100.4,100.4,Auckland Aces,Wellington Firebirds,BJ Horne,RD Harrison,JW Hartshorn,6,0,,,,,,,,,,,,,
1328684,2022/23,2022-11-05,Cello Basin Reserve,2,100.5,100.5,Auckland Aces,Wellington Firebirds,BJ Horne,RD Harrison,JW Hartshorn,0,0,,,,,,,,,,,,,
1328684,2022/23,2022-11-05,Cello Basin Reserve,2,100.6,100.6,Auckland Aces,Wellington Firebirds,BJ Horne,RD Harrison,JW Hartshorn,1,0,,,,,,,,,,,,,
1328684,2022/23,2022-11-05,Cello Basin Reserve,2,101.1,101.1,Auckland Aces,Wellington Firebirds,BJ Horne,RD Harrison,LI Georgeson,0,0,,,,,,,,,,,,,
1328684,2022/23,2022-11-05,Cello Basin Reserve,2,101.2,101.2,Auckland Aces,Wellington Firebirds,BJ Horne,RD Harrison,LI Georgeson,0,0,,,,,,,,,,,,,
1328684,2022/23,2022-11-05,Cello Basin Reserve,2,101.3,101.3,Auckland Aces,Wellington Firebirds,BJ Horne,RD Harrison,LI Georgeson,0,0,,,,,,,,,,,,,
1328684,2022/23,2022-11-05,Cello Basin Reserve,2,101.4,101.4,Auckland Aces,Wellington Firebirds,BJ Horne,RD Harrison,LI Georgeson,0,0,,,,,,,,,,,,,
1328684,2022/23,2022-11-05,Cello Basin Reserve,2,101.5,101.5,Auckland Aces,Wellington Firebirds,BJ Horne,RD Harrison,LI Georgeson,2,0,,,,,,,,,,,,,
1328684,2022/23,2022-11-05,Cello Basin Reserve,2,101.6,101.6,Auckland Aces,Wellington Firebirds,BJ Horne,RD Harrison,LI Georgeson,0,1,1,,,,,,,,,,,,
1328684,2022/23,2022-11-05,Cello Basin Reserve,2,101.7,101.6,Auckland Aces,Wellington Firebirds,BJ Horne,RD Harrison,LI Georgeson,1,0,,,,,,,,,,,,,
1328684,2022/23,2022-11-05,Cello Basin Reserve,2,102.1,102.1,Auckland Aces,Wellington Firebirds,BJ Horne,RD Harrison,R Ravindra,4,0,,,,,,,,,,,,,
1328684,2022/23,2022-11-05,Cello Basin Reserve,2,102.2,102.2,Auckland Aces,Wellington Firebirds,BJ Horne,RD Harrison,R Ravindra,4,0,,,,,,,,,,,,,
1328684,2022/23,2022-11-05,Cello Basin Reserve,2,102.3,102.3,Auckland Aces,Wellington Firebirds,BJ Horne,RD Harrison,R Ravindra,4,0,,,,,,,,,,,,,
1328684,2022/23,2022-11-05,Cello Basin Reserve,2,102.4,102.4,Auckland Aces,Wellington Firebirds,BJ Horne,RD Harrison,R Ravindra,1,0,,,,,,,,,,,,,
1328684,2022/23,2022-11-05,Cello Basin Reserve,2,102.5,102.5,Auckland Aces,Wellington Firebirds,RD Harrison,BJ Horne,R Ravindra,0,0,,,,,,,,,,,,,
1328684,2022/23,2022-11-05,Cello Basin Reserve,2,102.6,102.6,Auckland Aces,Wellington Firebirds,RD Harrison,BJ Horne,R Ravindra,0,0,,,,,,,,,,,,,
1328684,2022/23,2022-11-05,Cello Basin Reserve,2,103.1,103.1,Auckland Aces,Wellington Firebirds,BJ Horne,RD Harrison,LI Georgeson,1,0,,,,,,,,,,,,,
1328684,2022/23,2022-11-05,Cello Basin Reserve,2,103.2,103.2,Auckland Aces,Wellington Firebirds,RD Harrison,BJ Horne,LI Georgeson,0,0,,,,,,,,,,,,,
1328684,2022/23,2022-11-05,Cello Basin Reserve,2,103.3,103.3,Auckland Aces,Wellington Firebirds,RD Harrison,BJ Horne,LI Georgeson,2,0,,,,,,,,,,,,,
1328684,2022/23,2022-11-05,Cello Basin Reserve,2,103.4,103.4,Auckland Aces,Wellington Firebirds,RD Harrison,BJ Horne,LI Georgeson,4,0,,,,,,,,,,,,,
1328684,2022/23,2022-11-05,Cello Basin Reserve,2,103.5,103.5,Auckland Aces,Wellington Firebirds,RD Harrison,BJ Horne,LI Georgeson,0,0,,,,,,,,,,,,,
1328684,2022/23,2022-11-05,Cello Basin Reserve,2,103.6,103.6,Auckland Aces,Wellington Firebirds,RD Harrison,BJ Horne,LI Georgeson,0,0,,,,,,,,,,,,,
1328684,2022/23,2022-11-05,Cello Basin Reserve,2,104.1,104.1,Auckland Aces,Wellington Firebirds,BJ Horne,RD Harrison,R Ravindra,2,0,,,,,,,,,,,,,
1328684,2022/23,2022-11-05,Cello Basin Reserve,2,104.2,104.2,Auckland Aces,Wellington Firebirds,BJ Horne,RD Harrison,R Ravindra,0,0,,,,,,,,,,,,,
1328684,2022/23,2022-11-05,Cello Basin Reserve,2,104.3,104.3,Auckland Aces,Wellington Firebirds,BJ Horne,RD Harrison,R Ravindra,0,0,,,,,,,caught,BJ Horne,,,TM Johnson,,
1328684,2022/23,2022-11-05,Cello Basin Reserve,2,104.4,104.4,Auckland Aces,Wellington Firebirds,WER Somerville,RD Harrison,R Ravindra,0,0,,,,,,,,,,,,,
1328684,2022/23,2022-11-05,Cello Basin Reserve,2,104.5,104.5,Auckland Aces,Wellington Firebirds,WER Somerville,RD Harrison,R Ravindra,0,0,,,,,,,,,,,,,
1328684,2022/23,2022-11-05,Cello Basin Reserve,2,104.6,104.6,Auckland Aces,Wellington Firebirds,WER Somerville,RD Harrison,R Ravindra,0,0,,,,,,,,,,,,,
1328684,2022/23,2022-11-05,Cello Basin Reserve,2,105.1,105.1,Auckland Aces,Wellington Firebirds,RD Harrison,WER Somerville,IG McPeake,0,0,,,,,,,,,,,,,
1328684,2022/23,2022-11-05,Cello Basin Reserve,2,105.2,105.2,Auckland Aces,Wellington Firebirds,RD Harrison,WER Somerville,IG McPeake,0,0,,,,,,,caught,RD Harrison,,,TA Blundell,,
1328684,2022/23,2022-11-05,Cello Basin Reserve,2,105.3,105.3,Auckland Aces,Wellington Firebirds,SB Keene,WER Somerville,IG McPeake,0,0,,,,,,,,,,,,,
1328684,2022/23,2022-11-05,Cello Basin Reserve,2,105.4,105.4,Auckland Aces,Wellington Firebirds,SB Keene,WER Somerville,IG McPeake,0,0,,,,,,,,,,,,,
1328684,2022/23,2022-11-05,Cello Basin Reserve,2,105.5,105.5,Auckland Aces,Wellington Firebirds,SB Keene,WER Somerville,IG McPeake,0,0,,,,,,,,,,,,,
1328684,2022/23,2022-11-05,Cello Basin Reserve,2,105.6,105.6,Auckland Aces,Wellington Firebirds,SB Keene,WER Somerville,IG McPeake,0,0,,,,,,,,,,,,,
1328684,2022/23,2022-11-05,Cello Basin Reserve,2,106.1,106.1,Auckland Aces,Wellington Firebirds,WER Somerville,SB Keene,R Ravindra,2,0,,,,,,,,,,,,,
1328684,2022/23,2022-11-05,Cello Basin Reserve,2,106.2,106.2,Auckland Aces,Wellington Firebirds,WER Somerville,SB Keene,R Ravindra,0,0,,,,,,,,,,,,,
1328684,2022/23,2022-11-05,Cello Basin Reserve,2,106.3,106.3,Auckland Aces,Wellington Firebirds,WER Somerville,SB Keene,R Ravindra,0,0,,,,,,,,,,,,,
1328684,2022/23,2022-11-05,Cello Basin Reserve,2,106.4,106.4,Auckland Aces,Wellington Firebirds,WER Somerville,SB Keene,R Ravindra,1,0,,,,,,,,,,,,,
1328684,2022/23,2022-11-05,Cello Basin Reserve,2,106.5,106.5,Auckland Aces,Wellington Firebirds,SB Keene,WER Somerville,R Ravindra,0,0,,,,,,,,,,,,,
1328684,2022/23,2022-11-05,Cello Basin Reserve,2,106.6,106.6,Auckland Aces,Wellington Firebirds,SB Keene,WER Somerville,R Ravindra,0,0,,,,,,,,,,,,,
1328684,2022/23,2022-11-05,Cello Basin Reserve,2,107.1,107.1,Auckland Aces,Wellington Firebirds,WER Somerville,SB Keene,IG McPeake,0,0,,,,,,,,,,,,,
1328684,2022/23,2022-11-05,Cello Basin Reserve,2,107.2,107.2,Auckland Aces,Wellington Firebirds,WER Somerville,SB Keene,IG McPeake,4,0,,,,,,,,,,,,,
1328684,2022/23,2022-11-05,Cello Basin Reserve,2,107.3,107.3,Auckland Aces,Wellington Firebirds,WER Somerville,SB Keene,IG McPeake,0,0,,,,,,,,,,,,,
1328684,2022/23,2022-11-05,Cello Basin Reserve,2,107.4,107.4,Auckland Aces,Wellington Firebirds,WER Somerville,SB Keene,IG McPeake,0,0,,,,,,,,,,,,,
1328684,2022/23,2022-11-05,Cello Basin Reserve,2,107.5,107.5,Auckland Aces,Wellington Firebirds,WER Somerville,SB Keene,IG McPeake,0,0,,,,,,,,,,,,,
1328684,2022/23,2022-11-05,Cello Basin Reserve,2,107.6,107.6,Auckland Aces,Wellington Firebirds,WER Somerville,SB Keene,IG McPeake,0,0,,,,,,,,,,,,,
1328684,2022/23,2022-11-05,Cello Basin Reserve,2,108.1,108.1,Auckland Aces,Wellington Firebirds,SB Keene,WER Somerville,R Ravindra,0,0,,,,,,,,,,,,,
1328684,2022/23,2022-11-05,Cello Basin Reserve,2,108.2,108.2,Auckland Aces,Wellington Firebirds,SB Keene,WER Somerville,R Ravindra,0,0,,,,,,,,,,,,,
1328684,2022/23,2022-11-05,Cello Basin Reserve,2,108.3,108.3,Auckland Aces,Wellington Firebirds,SB Keene,WER Somerville,R Ravindra,0,0,,,,,,,,,,,,,
1328684,2022/23,2022-11-05,Cello Basin Reserve,2,108.4,108.4,Auckland Aces,Wellington Firebirds,SB Keene,WER Somerville,R Ravindra,0,0,,,,,,,,,,,,,
1328684,2022/23,2022-11-05,Cello Basin Reserve,2,108.5,108.5,Auckland Aces,Wellington Firebirds,SB Keene,WER Somerville,R Ravindra,0,0,,,,,,,,,,,,,
1328684,2022/23,2022-11-05,Cello Basin Reserve,2,108.6,108.6,Auckland Aces,Wellington Firebirds,SB Keene,WER Somerville,R Ravindra,0,0,,,,,,,,,,,,,
1328684,2022/23,2022-11-05,Cello Basin Reserve,2,109.1,109.1,Auckland Aces,Wellington Firebirds,WER Somerville,SB Keene,IG McPeake,0,0,,,,,,,,,,,,,
1328684,2022/23,2022-11-05,Cello Basin Reserve,2,109.2,109.2,Auckland Aces,Wellington Firebirds,WER Somerville,SB Keene,IG McPeake,0,0,,,,,,,,,,,,,
1328684,2022/23,2022-11-05,Cello Basin Reserve,2,109.3,109.3,Auckland Aces,Wellington Firebirds,WER Somerville,SB Keene,IG McPeake,0,0,,,,,,,,,,,,,
1328684,2022/23,2022-11-05,Cello Basin Reserve,2,109.4,109.4,Auckland Aces,Wellington Firebirds,WER Somerville,SB Keene,IG McPeake,0,0,,,,,,,,,,,,,
1328684,2022/23,2022-11-05,Cello Basin Reserve,2,109.5,109.5,Auckland Aces,Wellington Firebirds,WER Somerville,SB Keene,IG McPeake,0,0,,,,,,,,,,,,,
1328684,2022/23,2022-11-05,Cello Basin Reserve,2,109.6,109.6,Auckland Aces,Wellington Firebirds,WER Somerville,SB Keene,IG McPeake,0,0,,,,,,,,,,,,,
1328684,2022/23,2022-11-05,Cello Basin Reserve,2,110.1,110.1,Auckland Aces,Wellington Firebirds,SB Keene,WER Somerville,R Ravindra,0,0,,,,,,,,,,,,,
1328684,2022/23,2022-11-05,Cello Basin Reserve,2,110.2,110.2,Auckland Aces,Wellington Firebirds,SB Keene,WER Somerville,R Ravindra,0,0,,,,,,,,,,,,,
1328684,2022/23,2022-11-05,Cello Basin Reserve,2,110.3,110.3,Auckland Aces,Wellington Firebirds,SB Keene,WER Somerville,R Ravindra,1,0,,,,,,,,,,,,,
1328684,2022/23,2022-11-05,Cello Basin Reserve,2,110.4,110.4,Auckland Aces,Wellington Firebirds,WER Somerville,SB Keene,R Ravindra,0,0,,,,,,,,,,,,,
1328684,2022/23,2022-11-05,Cello Basin Reserve,2,110.5,110.5,Auckland Aces,Wellington Firebirds,WER Somerville,SB Keene,R Ravindra,0,0,,,,,,,,,,,,,
1328684,2022/23,2022-11-05,Cello Basin Reserve,2,110.6,110.6,Auckland Aces,Wellington Firebirds,WER Somerville,SB Keene,R Ravindra,0,0,,,,,,,,,,,,,
1328684,2022/23,2022-11-05,Cello Basin Reserve,2,111.1,111.1,Auckland Aces,Wellington Firebirds,SB Keene,WER Somerville,IG McPeake,0,0,,,,,,,,,,,,,
1328684,2022/23,2022-11-05,Cello Basin Reserve,2,111.2,111.2,Auckland Aces,Wellington Firebirds,SB Keene,WER Somerville,IG McPeake,0,0,,,,,,,,,,,,,
1328684,2022/23,2022-11-05,Cello Basin Reserve,2,111.3,111.3,Auckland Aces,Wellington Firebirds,SB Keene,WER Somerville,IG McPeake,0,0,,,,,,,,,,,,,
1328684,2022/23,2022-11-05,Cello Basin Reserve,2,111.4,111.4,Auckland Aces,Wellington Firebirds,SB Keene,WER Somerville,IG McPeake,0,0,,,,,,,,,,,,,
1328684,2022/23,2022-11-05,Cello Basin Reserve,2,111.5,111.5,Auckland Aces,Wellington Firebirds,SB Keene,WER Somerville,IG McPeake,1,0,,,,,,,,,,,,,
1328684,2022/23,2022-11-05,Cello Basin Reserve,2,111.6,111.6,Auckland Aces,Wellington Firebirds,WER Somerville,SB Keene,IG McPeake,0,0,,,,,,,,,,,,,
1328684,2022/23,2022-11-05,Cello Basin Reserve,2,112.1,112.1,Auckland Aces,Wellington Firebirds,SB Keene,WER Somerville,MW Snedden,0,0,,,,,,,,,,,,,
1328684,2022/23,2022-11-05,Cello Basin Reserve,2,112.2,112.2,Auckland Aces,Wellington Firebirds,SB Keene,WER Somerville,MW Snedden,0,1,,1,,,,,,,,,,,
1328684,2022/23,2022-11-05,Cello Basin Reserve,2,112.3,112.2,Auckland Aces,Wellington Firebirds,SB Keene,WER Somerville,MW Snedden,0,0,,,,,,,,,,,,,
1328684,2022/23,2022-11-05,Cello Basin Reserve,2,112.4,112.3,Auckland Aces,Wellington Firebirds,SB Keene,WER Somerville,MW Snedden,0,0,,,,,,,,,,,,,
1328684,2022/23,2022-11-05,Cello Basin Reserve,2,112.5,112.4,Auckland Aces,Wellington Firebirds,SB Keene,WER Somerville,MW Snedden,0,0,,,,,,,,,,,,,
1328684,2022/23,2022-11-05,Cello Basin Reserve,2,112.6,112.5,Auckland Aces,Wellington Firebirds,SB Keene,WER Somerville,MW Snedden,0,0,,,,,,,,,,,,,
1328684,2022/23,2022-11-05,Cello Basin Reserve,2,112.7,112.6,Auckland Aces,Wellington Firebirds,SB Keene,WER Somerville,MW Snedden,0,0,,,,,,,,,,,,,
1328684,2022/23,2022-11-05,Cello Basin Reserve,2,113.1,113.1,Auckland Aces,Wellington Firebirds,WER Somerville,SB Keene,IG McPeake,0,0,,,,,,,,,,,,,
1328684,2022/23,2022-11-05,Cello Basin Reserve,2,113.2,113.2,Auckland Aces,Wellington Firebirds,WER Somerville,SB Keene,IG McPeake,0,0,,,,,,,,,,,,,
1328684,2022/23,2022-11-05,Cello Basin Reserve,2,113.3,113.3,Auckland Aces,Wellington Firebirds,WER Somerville,SB Keene,IG McPeake,0,0,,,,,,,,,,,,,
1328684,2022/23,2022-11-05,Cello Basin Reserve,2,113.4,113.4,Auckland Aces,Wellington Firebirds,WER Somerville,SB Keene,IG McPeake,2,0,,,,,,,,,,,,,
1328684,2022/23,2022-11-05,Cello Basin Reserve,2,113.5,113.5,Auckland Aces,Wellington Firebirds,WER Somerville,SB Keene,IG McPeake,0,0,,,,,,,,,,,,,
1328684,2022/23,2022-11-05,Cello Basin Reserve,2,113.6,113.6,Auckland Aces,Wellington Firebirds,WER Somerville,SB Keene,IG McPeake,0,0,,,,,,,,,,,,,
1328684,2022/23,2022-11-05,Cello Basin Reserve,2,114.1,114.1,Auckland Aces,Wellington Firebirds,SB Keene,WER Somerville,MW Snedden,0,0,,,,,,,,,,,,,
1328684,2022/23,2022-11-05,Cello Basin Reserve,2,114.2,114.2,Auckland Aces,Wellington Firebirds,SB Keene,WER Somerville,MW Snedden,0,0,,,,,,,,,,,,,
1328684,2022/23,2022-11-05,Cello Basin Reserve,2,114.3,114.3,Auckland Aces,Wellington Firebirds,SB Keene,WER Somerville,MW Snedden,0,0,,,,,,,,,,,,,
1328684,2022/23,2022-11-05,Cello Basin Reserve,2,114.4,114.4,Auckland Aces,Wellington Firebirds,SB Keene,WER Somerville,MW Snedden,0,0,,,,,,,,,,,,,
1328684,2022/23,2022-11-05,Cello Basin Reserve,2,114.5,114.5,Auckland Aces,Wellington Firebirds,SB Keene,WER Somerville,MW Snedden,0,0,,,,,,,,,,,,,
1328684,2022/23,2022-11-05,Cello Basin Reserve,2,114.6,114.6,Auckland Aces,Wellington Firebirds,SB Keene,WER Somerville,MW Snedden,0,0,,,,,,,,,,,,,
1328684,2022/23,2022-11-05,Cello Basin Reserve,2,115.1,115.1,Auckland Aces,Wellington Firebirds,WER Somerville,SB Keene,IG McPeake,0,0,,,,,,,,,,,,,
1328684,2022/23,2022-11-05,Cello Basin Reserve,2,115.2,115.2,Auckland Aces,Wellington Firebirds,WER Somerville,SB Keene,IG McPeake,0,0,,,,,,,,,,,,,
1328684,2022/23,2022-11-05,Cello Basin Reserve,2,115.3,115.3,Auckland Aces,Wellington Firebirds,WER Somerville,SB Keene,IG McPeake,1,0,,,,,,,,,,,,,
1328684,2022/23,2022-11-05,Cello Basin Reserve,2,115.4,115.4,Auckland Aces,Wellington Firebirds,SB Keene,WER Somerville,IG McPeake,0,0,,,,,,,,,,,,,
1328684,2022/23,2022-11-05,Cello Basin Reserve,2,115.5,115.5,Auckland Aces,Wellington Firebirds,SB Keene,WER Somerville,IG McPeake,0,0,,,,,,,,,,,,,
1328684,2022/23,2022-11-05,Cello Basin Reserve,2,115.6,115.6,Auckland Aces,Wellington Firebirds,SB Keene,WER Somerville,IG McPeake,1,0,,,,,,,,,,,,,
1328684,2022/23,2022-11-05,Cello Basin Reserve,2,116.1,116.1,Auckland Aces,Wellington Firebirds,SB Keene,WER Somerville,MW Snedden,4,0,,,,,,,,,,,,,
1328684,2022/23,2022-11-05,Cello Basin Reserve,2,116.2,116.2,Auckland Aces,Wellington Firebirds,SB Keene,WER Somerville,MW Snedden,0,0,,,,,,,,,,,,,
1328684,2022/23,2022-11-05,Cello Basin Reserve,2,116.3,116.3,Auckland Aces,Wellington Firebirds,SB Keene,WER Somerville,MW Snedden,0,0,,,,,,,,,,,,,
1328684,2022/23,2022-11-05,Cello Basin Reserve,2,116.4,116.4,Auckland Aces,Wellington Firebirds,SB Keene,WER Somerville,MW Snedden,0,0,,,,,,,,,,,,,
1328684,2022/23,2022-11-05,Cello Basin Reserve,2,116.5,116.5,Auckland Aces,Wellington Firebirds,SB Keene,WER Somerville,MW Snedden,0,0,,,,,,,,,,,,,
1328684,2022/23,2022-11-05,Cello Basin Reserve,2,116.6,116.6,Auckland Aces,Wellington Firebirds,SB Keene,WER Somerville,MW Snedden,0,0,,,,,,,,,,,,,
1328684,2022/23,2022-11-05,Cello Basin Reserve,2,117.1,117.1,Auckland Aces,Wellington Firebirds,WER Somerville,SB Keene,IG McPeake,0,0,,,,,,,caught,WER Somerville,,,TA Blundell,,
1328684,2022/23,2022-11-05,Cello Basin Reserve,2,117.2,117.2,Auckland Aces,Wellington Firebirds,DK Ferns,SB Keene,IG McPeake,0,0,,,,,,,,,,,,,
1328684,2022/23,2022-11-05,Cello Basin Reserve,2,117.3,117.3,Auckland Aces,Wellington Firebirds,DK Ferns,SB Keene,IG McPeake,0,0,,,,,,,,,,,,,
1328684,2022/23,2022-11-05,Cello Basin Reserve,2,117.4,117.4,Auckland Aces,Wellington Firebirds,DK Ferns,SB Keene,IG McPeake,0,0,,,,,,,,,,,,,
1328684,2022/23,2022-11-05,Cello Basin Reserve,2,117.5,117.5,Auckland Aces,Wellington Firebirds,DK Ferns,SB Keene,IG McPeake,0,0,,,,,,,bowled,DK Ferns,,,,,
1328684,2022/23,2022-11-05,Cello Basin Reserve,2,117.6,117.6,Auckland Aces,Wellington Firebirds,BG Lister,SB Keene,IG McPeake,0,0,,,,,,,,,,,,,
1328684,2022/23,2022-11-05,Cello Basin Reserve,2,118.1,118.1,Auckland Aces,Wellington Firebirds,SB Keene,BG Lister,MW Snedden,1,0,,,,,,,,,,,,,
1328684,2022/23,2022-11-05,Cello Basin Reserve,2,118.2,118.2,Auckland Aces,Wellington Firebirds,BG Lister,SB Keene,MW Snedden,0,0,,,,,,,,,,,,,
1328684,2022/23,2022-11-05,Cello Basin Reserve,2,118.3,118.3,Auckland Aces,Wellington Firebirds,BG Lister,SB Keene,MW Snedden,0,0,,,,,,,,,,,,,
1328684,2022/23,2022-11-05,Cello Basin Reserve,2,118.4,118.4,Auckland Aces,Wellington Firebirds,BG Lister,SB Keene,MW Snedden,0,0,,,,,,,,,,,,,
1328684,2022/23,2022-11-05,Cello Basin Reserve,2,118.5,118.5,Auckland Aces,Wellington Firebirds,BG Lister,SB Keene,MW Snedden,0,0,,,,,,,,,,,,,
1328684,2022/23,2022-11-05,Cello Basin Reserve,2,118.6,118.6,Auckland Aces,Wellington Firebirds,BG Lister,SB Keene,MW Snedden,1,0,,,,,,,,,,,,,
1328684,2022/23,2022-11-05,Cello Basin Reserve,2,119.1,119.1,Auckland Aces,Wellington Firebirds,BG Lister,SB Keene,IG McPeake,2,0,,,,,,,,,,,,,
1328684,2022/23,2022-11-05,Cello Basin Reserve,2,119.2,119.2,Auckland Aces,Wellington Firebirds,BG Lister,SB Keene,IG McPeake,0,0,,,,,,,,,,,,,
1328684,2022/23,2022-11-05,Cello Basin Reserve,2,119.3,119.3,Auckland Aces,Wellington Firebirds,BG Lister,SB Keene,IG McPeake,0,0,,,,,,,,,,,,,
1328684,2022/23,2022-11-05,Cello Basin Reserve,2,119.4,119.4,Auckland Aces,Wellington Firebirds,BG Lister,SB Keene,IG McPeake,1,0,,,,,,,,,,,,,
1328684,2022/23,2022-11-05,Cello Basin Reserve,2,119.5,119.5,Auckland Aces,Wellington Firebirds,SB Keene,BG Lister,IG McPeake,1,0,,,,,,,,,,,,,
1328684,2022/23,2022-11-05,Cello Basin Reserve,2,119.6,119.6,Auckland Aces,Wellington Firebirds,BG Lister,SB Keene,IG McPeake,0,0,,,,,,,,,,,,,
1328684,2022/23,2022-11-05,Cello Basin Reserve,2,120.1,120.1,Auckland Aces,Wellington Firebirds,SB Keene,BG Lister,MW Snedden,2,0,,,,,,,,,,,,,
1328684,2022/23,2022-11-05,Cello Basin Reserve,2,120.2,120.2,Auckland Aces,Wellington Firebirds,SB Keene,BG Lister,MW Snedden,2,0,,,,,,,,,,,,,
1328684,2022/23,2022-11-05,Cello Basin Reserve,2,120.3,120.3,Auckland Aces,Wellington Firebirds,SB Keene,BG Lister,MW Snedden,2,0,,,,,,,,,,,,,
1328684,2022/23,2022-11-05,Cello Basin Reserve,2,120.4,120.4,Auckland Aces,Wellington Firebirds,SB Keene,BG Lister,MW Snedden,1,0,,,,,,,,,,,,,
1328684,2022/23,2022-11-05,Cello Basin Reserve,2,120.5,120.5,Auckland Aces,Wellington Firebirds,BG Lister,SB Keene,MW Snedden,0,0,,,,,,,,,,,,,
1328684,2022/23,2022-11-05,Cello Basin Reserve,2,120.6,120.6,Auckland Aces,Wellington Firebirds,BG Lister,SB Keene,MW Snedden,0,0,,,,,,,,,,,,,
1328684,2022/23,2022-11-05,Cello Basin Reserve,2,121.1,121.1,Auckland Aces,Wellington Firebirds,SB Keene,BG Lister,IG McPeake,0,0,,,,,,,,,,,,,
1328684,2022/23,2022-11-05,Cello Basin Reserve,2,121.2,121.2,Auckland Aces,Wellington Firebirds,SB Keene,BG Lister,IG McPeake,0,0,,,,,,,,,,,,,
1328684,2022/23,2022-11-05,Cello Basin Reserve,2,121.3,121.3,Auckland Aces,Wellington Firebirds,SB Keene,BG Lister,IG McPeake,0,0,,,,,,,,,,,,,
1328684,2022/23,2022-11-05,Cello Basin Reserve,2,121.4,121.4,Auckland Aces,Wellington Firebirds,SB Keene,BG Lister,IG McPeake,4,0,,,,,,,,,,,,,
1328684,2022/23,2022-11-05,Cello Basin Reserve,2,121.5,121.5,Auckland Aces,Wellington Firebirds,SB Keene,BG Lister,IG McPeake,1,0,,,,,,,,,,,,,
1328684,2022/23,2022-11-05,Cello Basin Reserve,2,121.6,121.6,Auckland Aces,Wellington Firebirds,BG Lister,SB Keene,IG McPeake,0,0,,,,,,,,,,,,,
1328684,2022/23,2022-11-05,Cello Basin Reserve,2,122.1,122.1,Auckland Aces,Wellington Firebirds,SB Keene,BG Lister,MW Snedden,0,0,,,,,,,,,,,,,
1328684,2022/23,2022-11-05,Cello Basin Reserve,2,122.2,122.2,Auckland Aces,Wellington Firebirds,SB Keene,BG Lister,MW Snedden,0,0,,,,,,,,,,,,,
1328684,2022/23,2022-11-05,Cello Basin Reserve,2,122.3,122.3,Auckland Aces,Wellington Firebirds,SB Keene,BG Lister,MW Snedden,0,0,,,,,,,,,,,,,
1328684,2022/23,2022-11-05,Cello Basin Reserve,2,122.4,122.4,Auckland Aces,Wellington Firebirds,SB Keene,BG Lister,MW Snedden,1,0,,,,,,,,,,,,,
1328684,2022/23,2022-11-05,Cello Basin Reserve,2,122.5,122.5,Auckland Aces,Wellington Firebirds,BG Lister,SB Keene,MW Snedden,4,0,,,,,,,,,,,,,
1328684,2022/23,2022-11-05,Cello Basin Reserve,2,122.6,122.6,Auckland Aces,Wellington Firebirds,BG Lister,SB Keene,MW Snedden,0,0,,,,,,,,,,,,,
1328684,2022/23,2022-11-05,Cello Basin Reserve,2,123.1,123.1,Auckland Aces,Wellington Firebirds,SB Keene,BG Lister,R Ravindra,1,0,,,,,,,,,,,,,
1328684,2022/23,2022-11-05,Cello Basin Reserve,2,123.2,123.2,Auckland Aces,Wellington Firebirds,BG Lister,SB Keene,R Ravindra,1,0,,,,,,,,,,,,,
1328684,2022/23,2022-11-05,Cello Basin Reserve,2,123.3,123.3,Auckland Aces,Wellington Firebirds,SB Keene,BG Lister,R Ravindra,0,0,,,,,,,,,,,,,
1328684,2022/23,2022-11-05,Cello Basin Reserve,2,123.4,123.4,Auckland Aces,Wellington Firebirds,SB Keene,BG Lister,R Ravindra,0,0,,,,,,,,,,,,,
1328684,2022/23,2022-11-05,Cello Basin Reserve,2,123.5,123.5,Auckland Aces,Wellington Firebirds,SB Keene,BG Lister,R Ravindra,6,0,,,,,,,,,,,,,
1328684,2022/23,2022-11-05,Cello Basin Reserve,2,123.6,123.6,Auckland Aces,Wellington Firebirds,SB Keene,BG Lister,R Ravindra,0,0,,,,,,,,,,,,,
1328684,2022/23,2022-11-05,Cello Basin Reserve,2,124.1,124.1,Auckland Aces,Wellington Firebirds,BG Lister,SB Keene,JW Hartshorn,0,0,,,,,,,,,,,,,
1328684,2022/23,2022-11-05,Cello Basin Reserve,2,124.2,124.2,Auckland Aces,Wellington Firebirds,BG Lister,SB Keene,JW Hartshorn,0,0,,,,,,,,,,,,,
1328684,2022/23,2022-11-05,Cello Basin Reserve,2,124.3,124.3,Auckland Aces,Wellington Firebirds,BG Lister,SB Keene,JW Hartshorn,2,0,,,,,,,,,,,,,
1328684,2022/23,2022-11-05,Cello Basin Reserve,2,124.4,124.4,Auckland Aces,Wellington Firebirds,BG Lister,SB Keene,JW Hartshorn,0,0,,,,,,,,,,,,,
1328684,2022/23,2022-11-05,Cello Basin Reserve,2,124.5,124.5,Auckland Aces,Wellington Firebirds,BG Lister,SB Keene,JW Hartshorn,0,0,,,,,,,,,,,,,
1328684,2022/23,2022-11-05,Cello Basin Reserve,2,124.6,124.6,Auckland Aces,Wellington Firebirds,BG Lister,SB Keene,JW Hartshorn,0,0,,,,,,,,,,,,,
1328684,2022/23,2022-11-05,Cello Basin Reserve,2,125.1,125.1,Auckland Aces,Wellington Firebirds,SB Keene,BG Lister,R Ravindra,0,0,,,,,,,,,,,,,
1328684,2022/23,2022-11-05,Cello Basin Reserve,2,125.2,125.2,Auckland Aces,Wellington Firebirds,SB Keene,BG Lister,R Ravindra,0,0,,,,,,,,,,,,,
1328684,2022/23,2022-11-05,Cello Basin Reserve,2,125.3,125.3,Auckland Aces,Wellington Firebirds,SB Keene,BG Lister,R Ravindra,1,0,,,,,,,,,,,,,
1328684,2022/23,2022-11-05,Cello Basin Reserve,2,125.4,125.4,Auckland Aces,Wellington Firebirds,BG Lister,SB Keene,R Ravindra,0,0,,,,,,,,,,,,,
1328684,2022/23,2022-11-05,Cello Basin Reserve,2,125.5,125.5,Auckland Aces,Wellington Firebirds,BG Lister,SB Keene,R Ravindra,0,0,,,,,,,,,,,,,
1328684,2022/23,2022-11-05,Cello Basin Reserve,2,125.6,125.6,Auckland Aces,Wellington Firebirds,BG Lister,SB Keene,R Ravindra,0,0,,,,,,,,,,,,,
1328684,2022/23,2022-11-05,Cello Basin Reserve,2,126.1,126.1,Auckland Aces,Wellington Firebirds,SB Keene,BG Lister,JW Hartshorn,0,0,,,,,,,,,,,,,
1328684,2022/23,2022-11-05,Cello Basin Reserve,2,126.2,126.2,Auckland Aces,Wellington Firebirds,SB Keene,BG Lister,JW Hartshorn,1,0,,,,,,,,,,,,,
1328684,2022/23,2022-11-05,Cello Basin Reserve,2,126.3,126.3,Auckland Aces,Wellington Firebirds,BG Lister,SB Keene,JW Hartshorn,0,0,,,,,,,,,,,,,
1328684,2022/23,2022-11-05,Cello Basin Reserve,2,126.4,126.4,Auckland Aces,Wellington Firebirds,BG Lister,SB Keene,JW Hartshorn,4,0,,,,,,,,,,,,,
1328684,2022/23,2022-11-05,Cello Basin Reserve,2,126.5,126.5,Auckland Aces,Wellington Firebirds,BG Lister,SB Keene,JW Hartshorn,2,0,,,,,,,,,,,,,
1328684,2022/23,2022-11-05,Cello Basin Reserve,2,126.6,126.6,Auckland Aces,Wellington Firebirds,BG Lister,SB Keene,JW Hartshorn,0,0,,,,,,,,,,,,,
1328684,2022/23,2022-11-05,Cello Basin Reserve,2,127.1,127.1,Auckland Aces,Wellington Firebirds,SB Keene,BG Lister,R Ravindra,1,0,,,,,,,,,,,,,
1328684,2022/23,2022-11-05,Cello Basin Reserve,2,127.2,127.2,Auckland Aces,Wellington Firebirds,BG Lister,SB Keene,R Ravindra,0,0,,,,,,,,,,,,,
1328684,2022/23,2022-11-05,Cello Basin Reserve,2,127.3,127.3,Auckland Aces,Wellington Firebirds,BG Lister,SB Keene,R Ravindra,0,0,,,,,,,,,,,,,
1328684,2022/23,2022-11-05,Cello Basin Reserve,2,127.4,127.4,Auckland Aces,Wellington Firebirds,BG Lister,SB Keene,R Ravindra,0,0,,,,,,,,,,,,,
1328684,2022/23,2022-11-05,Cello Basin Reserve,2,127.5,127.5,Auckland Aces,Wellington Firebirds,BG Lister,SB Keene,R Ravindra,0,0,,,,,,,,,,,,,
1328684,2022/23,2022-11-05,Cello Basin Reserve,2,127.6,127.6,Auckland Aces,Wellington Firebirds,BG Lister,SB Keene,R Ravindra,0,0,,,,,,,,,,,,,
1328684,2022/23,2022-11-05,Cello Basin Reserve,2,128.1,128.1,Auckland Aces,Wellington Firebirds,SB Keene,BG Lister,IG McPeake,0,0,,,,,,,,,,,,,
1328684,2022/23,2022-11-05,Cello Basin Reserve,2,128.2,128.2,Auckland Aces,Wellington Firebirds,SB Keene,BG Lister,IG McPeake,1,0,,,,,,,,,,,,,
1328684,2022/23,2022-11-05,Cello Basin Reserve,2,128.3,128.3,Auckland Aces,Wellington Firebirds,BG Lister,SB Keene,IG McPeake,0,0,,,,,,,,,,,,,
1328684,2022/23,2022-11-05,Cello Basin Reserve,2,128.4,128.4,Auckland Aces,Wellington Firebirds,BG Lister,SB Keene,IG McPeake,6,0,,,,,,,,,,,,,
1328684,2022/23,2022-11-05,Cello Basin Reserve,2,128.5,128.5,Auckland Aces,Wellington Firebirds,BG Lister,SB Keene,IG McPeake,1,0,,,,,,,,,,,,,
1328684,2022/23,2022-11-05,Cello Basin Reserve,2,128.6,128.6,Auckland Aces,Wellington Firebirds,SB Keene,BG Lister,IG McPeake,4,0,,,,,,,,,,,,,
1328684,2022/23,2022-11-05,Cello Basin Reserve,2,129.1,129.1,Auckland Aces,Wellington Firebirds,BG Lister,SB Keene,R Ravindra,0,0,,,,,,,,,,,,,
1328684,2022/23,2022-11-05,Cello Basin Reserve,2,129.2,129.2,Auckland Aces,Wellington Firebirds,BG Lister,SB Keene,R Ravindra,0,0,,,,,,,,,,,,,
1328684,2022/23,2022-11-05,Cello Basin Reserve,2,129.3,129.3,Auckland Aces,Wellington Firebirds,BG Lister,SB Keene,R Ravindra,0,0,,,,,,,,,,,,,
1328684,2022/23,2022-11-05,Cello Basin Reserve,2,129.4,129.4,Auckland Aces,Wellington Firebirds,BG Lister,SB Keene,R Ravindra,0,0,,,,,,,,,,,,,
1328684,2022/23,2022-11-05,Cello Basin Reserve,2,129.5,129.5,Auckland Aces,Wellington Firebirds,BG Lister,SB Keene,R Ravindra,0,0,,,,,,,,,,,,,
1328684,2022/23,2022-11-05,Cello Basin Reserve,2,129.6,129.6,Auckland Aces,Wellington Firebirds,BG Lister,SB Keene,R Ravindra,0,0,,,,,,,,,,,,,
1328684,2022/23,2022-11-05,Cello Basin Reserve,2,130.1,130.1,Auckland Aces,Wellington Firebirds,SB Keene,BG Lister,IG McPeake,1,0,,,,,,,,,,,,,
1328684,2022/23,2022-11-05,Cello Basin Reserve,2,130.2,130.2,Auckland Aces,Wellington Firebirds,BG Lister,SB Keene,IG McPeake,0,0,,,,,,,caught,BG Lister,,,AJ Leonard,,
1328684,2022/23,2022-11-05,Cello Basin Reserve,3,0.1,0.1,Wellington Firebirds,Auckland Aces,LI Georgeson,R Ravindra,DK Ferns,0,0,,,,,,,,,,,,,
1328684,2022/23,2022-11-05,Cello Basin Reserve,3,0.2,0.2,Wellington Firebirds,Auckland Aces,LI Georgeson,R Ravindra,DK Ferns,0,0,,,,,,,,,,,,,
1328684,2022/23,2022-11-05,Cello Basin Reserve,3,0.3,0.3,Wellington Firebirds,Auckland Aces,LI Georgeson,R Ravindra,DK Ferns,0,0,,,,,,,,,,,,,
1328684,2022/23,2022-11-05,Cello Basin Reserve,3,0.4,0.4,Wellington Firebirds,Auckland Aces,LI Georgeson,R Ravindra,DK Ferns,0,0,,,,,,,,,,,,,
1328684,2022/23,2022-11-05,Cello Basin Reserve,3,0.5,0.5,Wellington Firebirds,Auckland Aces,LI Georgeson,R Ravindra,DK Ferns,0,0,,,,,,,,,,,,,
1328684,2022/23,2022-11-05,Cello Basin Reserve,3,0.6,0.6,Wellington Firebirds,Auckland Aces,LI Georgeson,R Ravindra,DK Ferns,0,0,,,,,,,,,,,,,
1328684,2022/23,2022-11-05,Cello Basin Reserve,3,1.1,1.1,Wellington Firebirds,Auckland Aces,R Ravindra,LI Georgeson,BG Lister,0,0,,,,,,,,,,,,,
1328684,2022/23,2022-11-05,Cello Basin Reserve,3,1.2,1.2,Wellington Firebirds,Auckland Aces,R Ravindra,LI Georgeson,BG Lister,0,0,,,,,,,,,,,,,
1328684,2022/23,2022-11-05,Cello Basin Reserve,3,1.3,1.3,Wellington Firebirds,Auckland Aces,R Ravindra,LI Georgeson,BG Lister,6,0,,,,,,,,,,,,,
1328684,2022/23,2022-11-05,Cello Basin Reserve,3,1.4,1.4,Wellington Firebirds,Auckland Aces,R Ravindra,LI Georgeson,BG Lister,0,0,,,,,,,,,,,,,
1328684,2022/23,2022-11-05,Cello Basin Reserve,3,1.5,1.5,Wellington Firebirds,Auckland Aces,R Ravindra,LI Georgeson,BG Lister,0,0,,,,,,,,,,,,,
1328684,2022/23,2022-11-05,Cello Basin Reserve,3,1.6,1.6,Wellington Firebirds,Auckland Aces,R Ravindra,LI Georgeson,BG Lister,4,0,,,,,,,,,,,,,
1328684,2022/23,2022-11-05,Cello Basin Reserve,3,2.1,2.1,Wellington Firebirds,Auckland Aces,LI Georgeson,R Ravindra,DK Ferns,1,0,,,,,,,,,,,,,
1328684,2022/23,2022-11-05,Cello Basin Reserve,3,2.2,2.2,Wellington Firebirds,Auckland Aces,R Ravindra,LI Georgeson,DK Ferns,0,0,,,,,,,,,,,,,
1328684,2022/23,2022-11-05,Cello Basin Reserve,3,2.3,2.3,Wellington Firebirds,Auckland Aces,R Ravindra,LI Georgeson,DK Ferns,0,0,,,,,,,,,,,,,
1328684,2022/23,2022-11-05,Cello Basin Reserve,3,2.4,2.4,Wellington Firebirds,Auckland Aces,R Ravindra,LI Georgeson,DK Ferns,0,0,,,,,,,,,,,,,
1328684,2022/23,2022-11-05,Cello Basin Reserve,3,2.5,2.5,Wellington Firebirds,Auckland Aces,R Ravindra,LI Georgeson,DK Ferns,0,0,,,,,,,,,,,,,
1328684,2022/23,2022-11-05,Cello Basin Reserve,3,2.6,2.6,Wellington Firebirds,Auckland Aces,R Ravindra,LI Georgeson,DK Ferns,0,0,,,,,,,,,,,,,
1328684,2022/23,2022-11-05,Cello Basin Reserve,3,3.1,3.1,Wellington Firebirds,Auckland Aces,LI Georgeson,R Ravindra,BG Lister,0,0,,,,,,,,,,,,,
1328684,2022/23,2022-11-05,Cello Basin Reserve,3,3.2,3.2,Wellington Firebirds,Auckland Aces,LI Georgeson,R Ravindra,BG Lister,0,0,,,,,,,,,,,,,
1328684,2022/23,2022-11-05,Cello Basin Reserve,3,3.3,3.3,Wellington Firebirds,Auckland Aces,LI Georgeson,R Ravindra,BG Lister,0,0,,,,,,,,,,,,,
1328684,2022/23,2022-11-05,Cello Basin Reserve,3,3.4,3.4,Wellington Firebirds,Auckland Aces,LI Georgeson,R Ravindra,BG Lister,0,0,,,,,,,,,,,,,
1328684,2022/23,2022-11-05,Cello Basin Reserve,3,3.5,3.5,Wellington Firebirds,Auckland Aces,LI Georgeson,R Ravindra,BG Lister,0,0,,,,,,,,,,,,,
1328684,2022/23,2022-11-05,Cello Basin Reserve,3,3.6,3.6,Wellington Firebirds,Auckland Aces,LI Georgeson,R Ravindra,BG Lister,2,0,,,,,,,,,,,,,
1328684,2022/23,2022-11-05,Cello Basin Reserve,3,4.1,4.1,Wellington Firebirds,Auckland Aces,R Ravindra,LI Georgeson,DK Ferns,0,0,,,,,,,,,,,,,
1328684,2022/23,2022-11-05,Cello Basin Reserve,3,4.2,4.2,Wellington Firebirds,Auckland Aces,R Ravindra,LI Georgeson,DK Ferns,0,0,,,,,,,,,,,,,
1328684,2022/23,2022-11-05,Cello Basin Reserve,3,4.3,4.3,Wellington Firebirds,Auckland Aces,R Ravindra,LI Georgeson,DK Ferns,0,0,,,,,,,,,,,,,
1328684,2022/23,2022-11-05,Cello Basin Reserve,3,4.4,4.4,Wellington Firebirds,Auckland Aces,R Ravindra,LI Georgeson,DK Ferns,4,0,,,,,,,,,,,,,
1328684,2022/23,2022-11-05,Cello Basin Reserve,3,4.5,4.5,Wellington Firebirds,Auckland Aces,R Ravindra,LI Georgeson,DK Ferns,0,0,,,,,,,,,,,,,
1328684,2022/23,2022-11-05,Cello Basin Reserve,3,4.6,4.6,Wellington Firebirds,Auckland Aces,R Ravindra,LI Georgeson,DK Ferns,0,0,,,,,,,,,,,,,
1328684,2022/23,2022-11-05,Cello Basin Reserve,3,5.1,5.1,Wellington Firebirds,Auckland Aces,LI Georgeson,R Ravindra,BG Lister,4,0,,,,,,,,,,,,,
1328684,2022/23,2022-11-05,Cello Basin Reserve,3,5.2,5.2,Wellington Firebirds,Auckland Aces,LI Georgeson,R Ravindra,BG Lister,1,0,,,,,,,,,,,,,
1328684,2022/23,2022-11-05,Cello Basin Reserve,3,5.3,5.3,Wellington Firebirds,Auckland Aces,R Ravindra,LI Georgeson,BG Lister,0,0,,,,,,,,,,,,,
1328684,2022/23,2022-11-05,Cello Basin Reserve,3,5.4,5.4,Wellington Firebirds,Auckland Aces,R Ravindra,LI Georgeson,BG Lister,0,0,,,,,,,,,,,,,
1328684,2022/23,2022-11-05,Cello Basin Reserve,3,5.5,5.5,Wellington Firebirds,Auckland Aces,R Ravindra,LI Georgeson,BG Lister,0,0,,,,,,,,,,,,,
1328684,2022/23,2022-11-05,Cello Basin Reserve,3,5.6,5.6,Wellington Firebirds,Auckland Aces,R Ravindra,LI Georgeson,BG Lister,0,0,,,,,,,,,,,,,
1328684,2022/23,2022-11-05,Cello Basin Reserve,3,6.1,6.1,Wellington Firebirds,Auckland Aces,LI Georgeson,R Ravindra,DK Ferns,0,0,,,,,,,,,,,,,
1328684,2022/23,2022-11-05,Cello Basin Reserve,3,6.2,6.2,Wellington Firebirds,Auckland Aces,LI Georgeson,R Ravindra,DK Ferns,2,0,,,,,,,,,,,,,
1328684,2022/23,2022-11-05,Cello Basin Reserve,3,6.3,6.3,Wellington Firebirds,Auckland Aces,LI Georgeson,R Ravindra,DK Ferns,4,0,,,,,,,,,,,,,
1328684,2022/23,2022-11-05,Cello Basin Reserve,3,6.4,6.4,Wellington Firebirds,Auckland Aces,LI Georgeson,R Ravindra,DK Ferns,0,0,,,,,,,,,,,,,
1328684,2022/23,2022-11-05,Cello Basin Reserve,3,6.5,6.5,Wellington Firebirds,Auckland Aces,LI Georgeson,R Ravindra,DK Ferns,0,0,,,,,,,,,,,,,
1328684,2022/23,2022-11-05,Cello Basin Reserve,3,6.6,6.6,Wellington Firebirds,Auckland Aces,LI Georgeson,R Ravindra,DK Ferns,0,0,,,,,,,,,,,,,
1328684,2022/23,2022-11-05,Cello Basin Reserve,3,7.1,7.1,Wellington Firebirds,Auckland Aces,R Ravindra,LI Georgeson,SB Keene,0,0,,,,,,,,,,,,,
1328684,2022/23,2022-11-05,Cello Basin Reserve,3,7.2,7.2,Wellington Firebirds,Auckland Aces,R Ravindra,LI Georgeson,SB Keene,0,0,,,,,,,,,,,,,
1328684,2022/23,2022-11-05,Cello Basin Reserve,3,7.3,7.3,Wellington Firebirds,Auckland Aces,R Ravindra,LI Georgeson,SB Keene,0,0,,,,,,,,,,,,,
1328684,2022/23,2022-11-05,Cello Basin Reserve,3,7.4,7.4,Wellington Firebirds,Auckland Aces,R Ravindra,LI Georgeson,SB Keene,0,0,,,,,,,,,,,,,
1328684,2022/23,2022-11-05,Cello Basin Reserve,3,7.5,7.5,Wellington Firebirds,Auckland Aces,R Ravindra,LI Georgeson,SB Keene,0,0,,,,,,,,,,,,,
1328684,2022/23,2022-11-05,Cello Basin Reserve,3,7.6,7.6,Wellington Firebirds,Auckland Aces,R Ravindra,LI Georgeson,SB Keene,0,0,,,,,,,,,,,,,
1328684,2022/23,2022-11-05,Cello Basin Reserve,3,8.1,8.1,Wellington Firebirds,Auckland Aces,LI Georgeson,R Ravindra,DK Ferns,0,0,,,,,,,,,,,,,
1328684,2022/23,2022-11-05,Cello Basin Reserve,3,8.2,8.2,Wellington Firebirds,Auckland Aces,LI Georgeson,R Ravindra,DK Ferns,0,0,,,,,,,,,,,,,
1328684,2022/23,2022-11-05,Cello Basin Reserve,3,8.3,8.3,Wellington Firebirds,Auckland Aces,LI Georgeson,R Ravindra,DK Ferns,0,0,,,,,,,,,,,,,
1328684,2022/23,2022-11-05,Cello Basin Reserve,3,8.4,8.4,Wellington Firebirds,Auckland Aces,LI Georgeson,R Ravindra,DK Ferns,0,0,,,,,,,,,,,,,
1328684,2022/23,2022-11-05,Cello Basin Reserve,3,8.5,8.5,Wellington Firebirds,Auckland Aces,LI Georgeson,R Ravindra,DK Ferns,2,0,,,,,,,,,,,,,
1328684,2022/23,2022-11-05,Cello Basin Reserve,3,8.6,8.6,Wellington Firebirds,Auckland Aces,LI Georgeson,R Ravindra,DK Ferns,2,0,,,,,,,,,,,,,
1328684,2022/23,2022-11-05,Cello Basin Reserve,3,9.1,9.1,Wellington Firebirds,Auckland Aces,R Ravindra,LI Georgeson,SB Keene,0,0,,,,,,,caught,R Ravindra,,,BJ Horne,,
1328684,2022/23,2022-11-05,Cello Basin Reserve,3,9.2,9.2,Wellington Firebirds,Auckland Aces,TM Johnson,LI Georgeson,SB Keene,2,0,,,,,,,,,,,,,
1328684,2022/23,2022-11-05,Cello Basin Reserve,3,9.3,9.3,Wellington Firebirds,Auckland Aces,TM Johnson,LI Georgeson,SB Keene,2,0,,,,,,,,,,,,,
1328684,2022/23,2022-11-05,Cello Basin Reserve,3,9.4,9.4,Wellington Firebirds,Auckland Aces,TM Johnson,LI Georgeson,SB Keene,0,0,,,,,,,,,,,,,
1328684,2022/23,2022-11-05,Cello Basin Reserve,3,9.5,9.5,Wellington Firebirds,Auckland Aces,TM Johnson,LI Georgeson,SB Keene,0,0,,,,,,,,,,,,,
1328684,2022/23,2022-11-05,Cello Basin Reserve,3,9.6,9.6,Wellington Firebirds,Auckland Aces,TM Johnson,LI Georgeson,SB Keene,0,0,,,,,,,,,,,,,
1328684,2022/23,2022-11-05,Cello Basin Reserve,3,10.1,10.1,Wellington Firebirds,Auckland Aces,LI Georgeson,TM Johnson,WER Somerville,0,0,,,,,,,,,,,,,
1328684,2022/23,2022-11-05,Cello Basin Reserve,3,10.2,10.2,Wellington Firebirds,Auckland Aces,LI Georgeson,TM Johnson,WER Somerville,0,0,,,,,,,,,,,,,
1328684,2022/23,2022-11-05,Cello Basin Reserve,3,10.3,10.3,Wellington Firebirds,Auckland Aces,LI Georgeson,TM Johnson,WER Somerville,0,0,,,,,,,,,,,,,
1328684,2022/23,2022-11-05,Cello Basin Reserve,3,10.4,10.4,Wellington Firebirds,Auckland Aces,LI Georgeson,TM Johnson,WER Somerville,0,0,,,,,,,,,,,,,
1328684,2022/23,2022-11-05,Cello Basin Reserve,3,10.5,10.5,Wellington Firebirds,Auckland Aces,LI Georgeson,TM Johnson,WER Somerville,0,0,,,,,,,,,,,,,
1328684,2022/23,2022-11-05,Cello Basin Reserve,3,10.6,10.6,Wellington Firebirds,Auckland Aces,LI Georgeson,TM Johnson,WER Somerville,0,0,,,,,,,,,,,,,
1328684,2022/23,2022-11-05,Cello Basin Reserve,3,11.1,11.1,Wellington Firebirds,Auckland Aces,TM Johnson,LI Georgeson,SB Keene,0,0,,,,,,,,,,,,,
1328684,2022/23,2022-11-05,Cello Basin Reserve,3,11.2,11.2,Wellington Firebirds,Auckland Aces,TM Johnson,LI Georgeson,SB Keene,4,0,,,,,,,,,,,,,
1328684,2022/23,2022-11-05,Cello Basin Reserve,3,11.3,11.3,Wellington Firebirds,Auckland Aces,TM Johnson,LI Georgeson,SB Keene,0,0,,,,,,,,,,,,,
1328684,2022/23,2022-11-05,Cello Basin Reserve,3,11.4,11.4,Wellington Firebirds,Auckland Aces,TM Johnson,LI Georgeson,SB Keene,4,0,,,,,,,,,,,,,
1328684,2022/23,2022-11-05,Cello Basin Reserve,3,11.5,11.5,Wellington Firebirds,Auckland Aces,TM Johnson,LI Georgeson,SB Keene,0,0,,,,,,,,,,,,,
1328684,2022/23,2022-11-05,Cello Basin Reserve,3,11.6,11.6,Wellington Firebirds,Auckland Aces,TM Johnson,LI Georgeson,SB Keene,0,0,,,,,,,,,,,,,
1328684,2022/23,2022-11-05,Cello Basin Reserve,3,12.1,12.1,Wellington Firebirds,Auckland Aces,LI Georgeson,TM Johnson,BG Lister,0,0,,,,,,,,,,,,,
1328684,2022/23,2022-11-05,Cello Basin Reserve,3,12.2,12.2,Wellington Firebirds,Auckland Aces,LI Georgeson,TM Johnson,BG Lister,0,1,,,,1,,,,,,,,,
1328684,2022/23,2022-11-05,Cello Basin Reserve,3,12.3,12.3,Wellington Firebirds,Auckland Aces,TM Johnson,LI Georgeson,BG Lister,0,0,,,,,,,,,,,,,
1328684,2022/23,2022-11-05,Cello Basin Reserve,3,12.4,12.4,Wellington Firebirds,Auckland Aces,TM Johnson,LI Georgeson,BG Lister,0,0,,,,,,,,,,,,,
1328684,2022/23,2022-11-05,Cello Basin Reserve,3,12.5,12.5,Wellington Firebirds,Auckland Aces,TM Johnson,LI Georgeson,BG Lister,0,0,,,,,,,,,,,,,
1328684,2022/23,2022-11-05,Cello Basin Reserve,3,12.6,12.6,Wellington Firebirds,Auckland Aces,TM Johnson,LI Georgeson,BG Lister,1,0,,,,,,,,,,,,,
1328684,2022/23,2022-11-05,Cello Basin Reserve,3,13.1,13.1,Wellington Firebirds,Auckland Aces,TM Johnson,LI Georgeson,SB Keene,1,0,,,,,,,,,,,,,
1328684,2022/23,2022-11-05,Cello Basin Reserve,3,13.2,13.2,Wellington Firebirds,Auckland Aces,LI Georgeson,TM Johnson,SB Keene,0,0,,,,,,,,,,,,,
1328684,2022/23,2022-11-05,Cello Basin Reserve,3,13.3,13.3,Wellington Firebirds,Auckland Aces,LI Georgeson,TM Johnson,SB Keene,0,0,,,,,,,,,,,,,
1328684,2022/23,2022-11-05,Cello Basin Reserve,3,13.4,13.4,Wellington Firebirds,Auckland Aces,LI Georgeson,TM Johnson,SB Keene,0,0,,,,,,,,,,,,,
1328684,2022/23,2022-11-05,Cello Basin Reserve,3,13.5,13.5,Wellington Firebirds,Auckland Aces,LI Georgeson,TM Johnson,SB Keene,0,0,,,,,,,,,,,,,
1328684,2022/23,2022-11-05,Cello Basin Reserve,3,13.6,13.6,Wellington Firebirds,Auckland Aces,LI Georgeson,TM Johnson,SB Keene,0,0,,,,,,,,,,,,,
1328684,2022/23,2022-11-05,Cello Basin Reserve,3,14.1,14.1,Wellington Firebirds,Auckland Aces,TM Johnson,LI Georgeson,BG Lister,0,0,,,,,,,,,,,,,
1328684,2022/23,2022-11-05,Cello Basin Reserve,3,14.2,14.2,Wellington Firebirds,Auckland Aces,TM Johnson,LI Georgeson,BG Lister,0,0,,,,,,,,,,,,,
1328684,2022/23,2022-11-05,Cello Basin Reserve,3,14.3,14.3,Wellington Firebirds,Auckland Aces,TM Johnson,LI Georgeson,BG Lister,0,0,,,,,,,caught,TM Johnson,,,BJ Horne,,
1328684,2022/23,2022-11-05,Cello Basin Reserve,3,14.4,14.4,Wellington Firebirds,Auckland Aces,NF Kelly,LI Georgeson,BG Lister,0,0,,,,,,,,,,,,,
1328684,2022/23,2022-11-05,Cello Basin Reserve,3,14.5,14.5,Wellington Firebirds,Auckland Aces,NF Kelly,LI Georgeson,BG Lister,1,0,,,,,,,,,,,,,
1328684,2022/23,2022-11-05,Cello Basin Reserve,3,14.6,14.6,Wellington Firebirds,Auckland Aces,LI Georgeson,NF Kelly,BG Lister,0,0,,,,,,,,,,,,,
1328684,2022/23,2022-11-05,Cello Basin Reserve,3,15.1,15.1,Wellington Firebirds,Auckland Aces,NF Kelly,LI Georgeson,SB Keene,0,0,,,,,,,,,,,,,
1328684,2022/23,2022-11-05,Cello Basin Reserve,3,15.2,15.2,Wellington Firebirds,Auckland Aces,NF Kelly,LI Georgeson,SB Keene,0,0,,,,,,,,,,,,,
1328684,2022/23,2022-11-05,Cello Basin Reserve,3,15.3,15.3,Wellington Firebirds,Auckland Aces,NF Kelly,LI Georgeson,SB Keene,0,0,,,,,,,,,,,,,
1328684,2022/23,2022-11-05,Cello Basin Reserve,3,15.4,15.4,Wellington Firebirds,Auckland Aces,NF Kelly,LI Georgeson,SB Keene,0,0,,,,,,,,,,,,,
1328684,2022/23,2022-11-05,Cello Basin Reserve,3,15.5,15.5,Wellington Firebirds,Auckland Aces,NF Kelly,LI Georgeson,SB Keene,0,0,,,,,,,,,,,,,
1328684,2022/23,2022-11-05,Cello Basin Reserve,3,15.6,15.6,Wellington Firebirds,Auckland Aces,NF Kelly,LI Georgeson,SB Keene,0,0,,,,,,,,,,,,,
1328684,2022/23,2022-11-05,Cello Basin Reserve,3,16.1,16.1,Wellington Firebirds,Auckland Aces,LI Georgeson,NF Kelly,BG Lister,0,0,,,,,,,lbw,LI Georgeson,,,,,
1328684,2022/23,2022-11-05,Cello Basin Reserve,3,16.2,16.2,Wellington Firebirds,Auckland Aces,TB Robinson,NF Kelly,BG Lister,0,0,,,,,,,,,,,,,
1328684,2022/23,2022-11-05,Cello Basin Reserve,3,16.3,16.3,Wellington Firebirds,Auckland Aces,TB Robinson,NF Kelly,BG Lister,0,0,,,,,,,,,,,,,
1328684,2022/23,2022-11-05,Cello Basin Reserve,3,16.4,16.4,Wellington Firebirds,Auckland Aces,TB Robinson,NF Kelly,BG Lister,0,0,,,,,,,,,,,,,
1328684,2022/23,2022-11-05,Cello Basin Reserve,3,16.5,16.5,Wellington Firebirds,Auckland Aces,TB Robinson,NF Kelly,BG Lister,1,0,,,,,,,,,,,,,
1328684,2022/23,2022-11-05,Cello Basin Reserve,3,16.6,16.6,Wellington Firebirds,Auckland Aces,NF Kelly,TB Robinson,BG Lister,0,0,,,,,,,,,,,,,
1328684,2022/23,2022-11-05,Cello Basin Reserve,3,17.1,17.1,Wellington Firebirds,Auckland Aces,TB Robinson,NF Kelly,SB Keene,1,0,,,,,,,,,,,,,
1328684,2022/23,2022-11-05,Cello Basin Reserve,3,17.2,17.2,Wellington Firebirds,Auckland Aces,NF Kelly,TB Robinson,SB Keene,0,0,,,,,,,,,,,,,
1328684,2022/23,2022-11-05,Cello Basin Reserve,3,17.3,17.3,Wellington Firebirds,Auckland Aces,NF Kelly,TB Robinson,SB Keene,0,0,,,,,,,,,,,,,
1328684,2022/23,2022-11-05,Cello Basin Reserve,3,17.4,17.4,Wellington Firebirds,Auckland Aces,NF Kelly,TB Robinson,SB Keene,0,0,,,,,,,,,,,,,
1328684,2022/23,2022-11-05,Cello Basin Reserve,3,17.5,17.5,Wellington Firebirds,Auckland Aces,NF Kelly,TB Robinson,SB Keene,0,0,,,,,,,,,,,,,
1328684,2022/23,2022-11-05,Cello Basin Reserve,3,17.6,17.6,Wellington Firebirds,Auckland Aces,NF Kelly,TB Robinson,SB Keene,0,0,,,,,,,,,,,,,
1328684,2022/23,2022-11-05,Cello Basin Reserve,3,18.1,18.1,Wellington Firebirds,Auckland Aces,TB Robinson,NF Kelly,BG Lister,0,0,,,,,,,,,,,,,
1328684,2022/23,2022-11-05,Cello Basin Reserve,3,18.2,18.2,Wellington Firebirds,Auckland Aces,TB Robinson,NF Kelly,BG Lister,0,0,,,,,,,,,,,,,
1328684,2022/23,2022-11-05,Cello Basin Reserve,3,18.3,18.3,Wellington Firebirds,Auckland Aces,TB Robinson,NF Kelly,BG Lister,0,0,,,,,,,,,,,,,
1328684,2022/23,2022-11-05,Cello Basin Reserve,3,18.4,18.4,Wellington Firebirds,Auckland Aces,TB Robinson,NF Kelly,BG Lister,0,0,,,,,,,,,,,,,
1328684,2022/23,2022-11-05,Cello Basin Reserve,3,18.5,18.5,Wellington Firebirds,Auckland Aces,TB Robinson,NF Kelly,BG Lister,0,0,,,,,,,,,,,,,
1328684,2022/23,2022-11-05,Cello Basin Reserve,3,18.6,18.6,Wellington Firebirds,Auckland Aces,TB Robinson,NF Kelly,BG Lister,0,0,,,,,,,,,,,,,
1328684,2022/23,2022-11-05,Cello Basin Reserve,3,19.1,19.1,Wellington Firebirds,Auckland Aces,NF Kelly,TB Robinson,SB Keene,0,0,,,,,,,,,,,,,
1328684,2022/23,2022-11-05,Cello Basin Reserve,3,19.2,19.2,Wellington Firebirds,Auckland Aces,NF Kelly,TB Robinson,SB Keene,0,0,,,,,,,,,,,,,
1328684,2022/23,2022-11-05,Cello Basin Reserve,3,19.3,19.3,Wellington Firebirds,Auckland Aces,NF Kelly,TB Robinson,SB Keene,2,0,,,,,,,,,,,,,
1328684,2022/23,2022-11-05,Cello Basin Reserve,3,19.4,19.4,Wellington Firebirds,Auckland Aces,NF Kelly,TB Robinson,SB Keene,0,0,,,,,,,,,,,,,
1328684,2022/23,2022-11-05,Cello Basin Reserve,3,19.5,19.5,Wellington Firebirds,Auckland Aces,NF Kelly,TB Robinson,SB Keene,2,0,,,,,,,,,,,,,
1328684,2022/23,2022-11-05,Cello Basin Reserve,3,19.6,19.6,Wellington Firebirds,Auckland Aces,NF Kelly,TB Robinson,SB Keene,0,0,,,,,,,,,,,,,
1328684,2022/23,2022-11-05,Cello Basin Reserve,3,20.1,20.1,Wellington Firebirds,Auckland Aces,TB Robinson,NF Kelly,BG Lister,0,0,,,,,,,,,,,,,
1328684,2022/23,2022-11-05,Cello Basin Reserve,3,20.2,20.2,Wellington Firebirds,Auckland Aces,TB Robinson,NF Kelly,BG Lister,0,0,,,,,,,,,,,,,
1328684,2022/23,2022-11-05,Cello Basin Reserve,3,20.3,20.3,Wellington Firebirds,Auckland Aces,TB Robinson,NF Kelly,BG Lister,0,0,,,,,,,,,,,,,
1328684,2022/23,2022-11-05,Cello Basin Reserve,3,20.4,20.4,Wellington Firebirds,Auckland Aces,TB Robinson,NF Kelly,BG Lister,0,0,,,,,,,,,,,,,
1328684,2022/23,2022-11-05,Cello Basin Reserve,3,20.5,20.5,Wellington Firebirds,Auckland Aces,TB Robinson,NF Kelly,BG Lister,0,0,,,,,,,caught,TB Robinson,,,GH Worker,,
1328684,2022/23,2022-11-05,Cello Basin Reserve,3,20.6,20.6,Wellington Firebirds,Auckland Aces,TA Blundell,NF Kelly,BG Lister,0,0,,,,,,,,,,,,,
1328684,2022/23,2022-11-05,Cello Basin Reserve,3,21.1,21.1,Wellington Firebirds,Auckland Aces,NF Kelly,TA Blundell,SB Keene,0,0,,,,,,,,,,,,,
1328684,2022/23,2022-11-05,Cello Basin Reserve,3,21.2,21.2,Wellington Firebirds,Auckland Aces,NF Kelly,TA Blundell,SB Keene,0,0,,,,,,,,,,,,,
1328684,2022/23,2022-11-05,Cello Basin Reserve,3,21.3,21.3,Wellington Firebirds,Auckland Aces,NF Kelly,TA Blundell,SB Keene,0,0,,,,,,,,,,,,,
1328684,2022/23,2022-11-05,Cello Basin Reserve,3,21.4,21.4,Wellington Firebirds,Auckland Aces,NF Kelly,TA Blundell,SB Keene,0,0,,,,,,,,,,,,,
1328684,2022/23,2022-11-05,Cello Basin Reserve,3,21.5,21.5,Wellington Firebirds,Auckland Aces,NF Kelly,TA Blundell,SB Keene,1,0,,,,,,,,,,,,,
1328684,2022/23,2022-11-05,Cello Basin Reserve,3,21.6,21.6,Wellington Firebirds,Auckland Aces,TA Blundell,NF Kelly,SB Keene,0,0,,,,,,,,,,,,,
1328684,2022/23,2022-11-05,Cello Basin Reserve,3,22.1,22.1,Wellington Firebirds,Auckland Aces,NF Kelly,TA Blundell,BG Lister,0,0,,,,,,,,,,,,,
1328684,2022/23,2022-11-05,Cello Basin Reserve,3,22.2,22.2,Wellington Firebirds,Auckland Aces,NF Kelly,TA Blundell,BG Lister,0,0,,,,,,,,,,,,,
1328684,2022/23,2022-11-05,Cello Basin Reserve,3,22.3,22.3,Wellington Firebirds,Auckland Aces,NF Kelly,TA Blundell,BG Lister,1,0,,,,,,,,,,,,,
1328684,2022/23,2022-11-05,Cello Basin Reserve,3,22.4,22.4,Wellington Firebirds,Auckland Aces,TA Blundell,NF Kelly,BG Lister,0,1,,1,,,,,,,,,,,
1328684,2022/23,2022-11-05,Cello Basin Reserve,3,22.5,22.4,Wellington Firebirds,Auckland Aces,TA Blundell,NF Kelly,BG Lister,0,0,,,,,,,,,,,,,
1328684,2022/23,2022-11-05,Cello Basin Reserve,3,22.6,22.5,Wellington Firebirds,Auckland Aces,TA Blundell,NF Kelly,BG Lister,3,0,,,,,,,,,,,,,
1328684,2022/23,2022-11-05,Cello Basin Reserve,3,22.7,22.6,Wellington Firebirds,Auckland Aces,NF Kelly,TA Blundell,BG Lister,0,0,,,,,,,,,,,,,
1328684,2022/23,2022-11-05,Cello Basin Reserve,3,23.1,23.1,Wellington Firebirds,Auckland Aces,TA Blundell,NF Kelly,SB Keene,3,0,,,,,,,,,,,,,
1328684,2022/23,2022-11-05,Cello Basin Reserve,3,23.2,23.2,Wellington Firebirds,Auckland Aces,NF Kelly,TA Blundell,SB Keene,0,0,,,,,,,,,,,,,
1328684,2022/23,2022-11-05,Cello Basin Reserve,3,23.3,23.3,Wellington Firebirds,Auckland Aces,NF Kelly,TA Blundell,SB Keene,3,0,,,,,,,,,,,,,
1328684,2022/23,2022-11-05,Cello Basin Reserve,3,23.4,23.4,Wellington Firebirds,Auckland Aces,TA Blundell,NF Kelly,SB Keene,0,0,,,,,,,,,,,,,
1328684,2022/23,2022-11-05,Cello Basin Reserve,3,23.5,23.5,Wellington Firebirds,Auckland Aces,TA Blundell,NF Kelly,SB Keene,0,0,,,,,,,,,,,,,
1328684,2022/23,2022-11-05,Cello Basin Reserve,3,23.6,23.6,Wellington Firebirds,Auckland Aces,TA Blundell,NF Kelly,SB Keene,4,0,,,,,,,,,,,,,
1328684,2022/23,2022-11-05,Cello Basin Reserve,3,24.1,24.1,Wellington Firebirds,Auckland Aces,NF Kelly,TA Blundell,BG Lister,1,0,,,,,,,,,,,,,
1328684,2022/23,2022-11-05,Cello Basin Reserve,3,24.2,24.2,Wellington Firebirds,Auckland Aces,TA Blundell,NF Kelly,BG Lister,0,0,,,,,,,,,,,,,
1328684,2022/23,2022-11-05,Cello Basin Reserve,3,24.3,24.3,Wellington Firebirds,Auckland Aces,TA Blundell,NF Kelly,BG Lister,0,0,,,,,,,,,,,,,
1328684,2022/23,2022-11-05,Cello Basin Reserve,3,24.4,24.4,Wellington Firebirds,Auckland Aces,TA Blundell,NF Kelly,BG Lister,0,0,,,,,,,,,,,,,
1328684,2022/23,2022-11-05,Cello Basin Reserve,3,24.5,24.5,Wellington Firebirds,Auckland Aces,TA Blundell,NF Kelly,BG Lister,0,0,,,,,,,,,,,,,
1328684,2022/23,2022-11-05,Cello Basin Reserve,3,24.6,24.6,Wellington Firebirds,Auckland Aces,TA Blundell,NF Kelly,BG Lister,0,0,,,,,,,,,,,,,
1328684,2022/23,2022-11-05,Cello Basin Reserve,3,25.1,25.1,Wellington Firebirds,Auckland Aces,NF Kelly,TA Blundell,WER Somerville,0,0,,,,,,,,,,,,,
1328684,2022/23,2022-11-05,Cello Basin Reserve,3,25.2,25.2,Wellington Firebirds,Auckland Aces,NF Kelly,TA Blundell,WER Somerville,0,0,,,,,,,,,,,,,
1328684,2022/23,2022-11-05,Cello Basin Reserve,3,25.3,25.3,Wellington Firebirds,Auckland Aces,NF Kelly,TA Blundell,WER Somerville,0,0,,,,,,,,,,,,,
1328684,2022/23,2022-11-05,Cello Basin Reserve,3,25.4,25.4,Wellington Firebirds,Auckland Aces,NF Kelly,TA Blundell,WER Somerville,4,0,,,,,,,,,,,,,
1328684,2022/23,2022-11-05,Cello Basin Reserve,3,25.5,25.5,Wellington Firebirds,Auckland Aces,NF Kelly,TA Blundell,WER Somerville,0,0,,,,,,,,,,,,,
1328684,2022/23,2022-11-05,Cello Basin Reserve,3,25.6,25.6,Wellington Firebirds,Auckland Aces,NF Kelly,TA Blundell,WER Somerville,1,0,,,,,,,,,,,,,
1328684,2022/23,2022-11-05,Cello Basin Reserve,3,26.1,26.1,Wellington Firebirds,Auckland Aces,NF Kelly,TA Blundell,DK Ferns,2,0,,,,,,,,,,,,,
1328684,2022/23,2022-11-05,Cello Basin Reserve,3,26.2,26.2,Wellington Firebirds,Auckland Aces,NF Kelly,TA Blundell,DK Ferns,0,0,,,,,,,,,,,,,
1328684,2022/23,2022-11-05,Cello Basin Reserve,3,26.3,26.3,Wellington Firebirds,Auckland Aces,NF Kelly,TA Blundell,DK Ferns,0,0,,,,,,,,,,,,,
1328684,2022/23,2022-11-05,Cello Basin Reserve,3,26.4,26.4,Wellington Firebirds,Auckland Aces,NF Kelly,TA Blundell,DK Ferns,0,0,,,,,,,,,,,,,
1328684,2022/23,2022-11-05,Cello Basin Reserve,3,26.5,26.5,Wellington Firebirds,Auckland Aces,NF Kelly,TA Blundell,DK Ferns,0,0,,,,,,,,,,,,,
1328684,2022/23,2022-11-05,Cello Basin Reserve,3,26.6,26.6,Wellington Firebirds,Auckland Aces,NF Kelly,TA Blundell,DK Ferns,0,0,,,,,,,,,,,,,
1328684,2022/23,2022-11-05,Cello Basin Reserve,3,27.1,27.1,Wellington Firebirds,Auckland Aces,TA Blundell,NF Kelly,WER Somerville,0,0,,,,,,,,,,,,,
1328684,2022/23,2022-11-05,Cello Basin Reserve,3,27.2,27.2,Wellington Firebirds,Auckland Aces,TA Blundell,NF Kelly,WER Somerville,0,0,,,,,,,,,,,,,
1328684,2022/23,2022-11-05,Cello Basin Reserve,3,27.3,27.3,Wellington Firebirds,Auckland Aces,TA Blundell,NF Kelly,WER Somerville,1,0,,,,,,,,,,,,,
1328684,2022/23,2022-11-05,Cello Basin Reserve,3,27.4,27.4,Wellington Firebirds,Auckland Aces,NF Kelly,TA Blundell,WER Somerville,0,0,,,,,,,,,,,,,
1328684,2022/23,2022-11-05,Cello Basin Reserve,3,27.5,27.5,Wellington Firebirds,Auckland Aces,NF Kelly,TA Blundell,WER Somerville,0,0,,,,,,,,,,,,,
1328684,2022/23,2022-11-05,Cello Basin Reserve,3,27.6,27.6,Wellington Firebirds,Auckland Aces,NF Kelly,TA Blundell,WER Somerville,0,0,,,,,,,,,,,,,
1328684,2022/23,2022-11-05,Cello Basin Reserve,3,28.1,28.1,Wellington Firebirds,Auckland Aces,TA Blundell,NF Kelly,DK Ferns,1,0,,,,,,,,,,,,,
1328684,2022/23,2022-11-05,Cello Basin Reserve,3,28.2,28.2,Wellington Firebirds,Auckland Aces,NF Kelly,TA Blundell,DK Ferns,1,0,,,,,,,,,,,,,
1328684,2022/23,2022-11-05,Cello Basin Reserve,3,28.3,28.3,Wellington Firebirds,Auckland Aces,TA Blundell,NF Kelly,DK Ferns,1,0,,,,,,,,,,,,,
1328684,2022/23,2022-11-05,Cello Basin Reserve,3,28.4,28.4,Wellington Firebirds,Auckland Aces,NF Kelly,TA Blundell,DK Ferns,0,0,,,,,,,,,,,,,
1328684,2022/23,2022-11-05,Cello Basin Reserve,3,28.5,28.5,Wellington Firebirds,Auckland Aces,NF Kelly,TA Blundell,DK Ferns,0,0,,,,,,,,,,,,,
1328684,2022/23,2022-11-05,Cello Basin Reserve,3,28.6,28.6,Wellington Firebirds,Auckland Aces,NF Kelly,TA Blundell,DK Ferns,1,0,,,,,,,,,,,,,
1328684,2022/23,2022-11-05,Cello Basin Reserve,3,29.1,29.1,Wellington Firebirds,Auckland Aces,NF Kelly,TA Blundell,WER Somerville,1,0,,,,,,,,,,,,,
1328684,2022/23,2022-11-05,Cello Basin Reserve,3,29.2,29.2,Wellington Firebirds,Auckland Aces,TA Blundell,NF Kelly,WER Somerville,0,0,,,,,,,,,,,,,
1328684,2022/23,2022-11-05,Cello Basin Reserve,3,29.3,29.3,Wellington Firebirds,Auckland Aces,TA Blundell,NF Kelly,WER Somerville,4,0,,,,,,,,,,,,,
1328684,2022/23,2022-11-05,Cello Basin Reserve,3,29.4,29.4,Wellington Firebirds,Auckland Aces,TA Blundell,NF Kelly,WER Somerville,4,0,,,,,,,,,,,,,
1328684,2022/23,2022-11-05,Cello Basin Reserve,3,29.5,29.5,Wellington Firebirds,Auckland Aces,TA Blundell,NF Kelly,WER Somerville,0,0,,,,,,,,,,,,,
1328684,2022/23,2022-11-05,Cello Basin Reserve,3,29.6,29.6,Wellington Firebirds,Auckland Aces,TA Blundell,NF Kelly,WER Somerville,0,0,,,,,,,,,,,,,
1328684,2022/23,2022-11-05,Cello Basin Reserve,3,30.1,30.1,Wellington Firebirds,Auckland Aces,NF Kelly,TA Blundell,DK Ferns,0,0,,,,,,,,,,,,,
1328684,2022/23,2022-11-05,Cello Basin Reserve,3,30.2,30.2,Wellington Firebirds,Auckland Aces,NF Kelly,TA Blundell,DK Ferns,3,0,,,,,,,,,,,,,
1328684,2022/23,2022-11-05,Cello Basin Reserve,3,30.3,30.3,Wellington Firebirds,Auckland Aces,TA Blundell,NF Kelly,DK Ferns,0,0,,,,,,,caught,TA Blundell,,,BJ Horne,,
1328684,2022/23,2022-11-05,Cello Basin Reserve,3,30.4,30.4,Wellington Firebirds,Auckland Aces,JJNP Bhula,NF Kelly,DK Ferns,0,0,,,,,,,caught,JJNP Bhula,,,RD Harrison,,
1328684,2022/23,2022-11-05,Cello Basin Reserve,3,30.5,30.5,Wellington Firebirds,Auckland Aces,AJ Leonard,NF Kelly,DK Ferns,0,0,,,,,,,,,,,,,
1328684,2022/23,2022-11-05,Cello Basin Reserve,3,30.6,30.6,Wellington Firebirds,Auckland Aces,AJ Leonard,NF Kelly,DK Ferns,2,0,,,,,,,,,,,,,
1328684,2022/23,2022-11-05,Cello Basin Reserve,3,31.1,31.1,Wellington Firebirds,Auckland Aces,NF Kelly,AJ Leonard,WER Somerville,0,0,,,,,,,,,,,,,
1328684,2022/23,2022-11-05,Cello Basin Reserve,3,31.2,31.2,Wellington Firebirds,Auckland Aces,NF Kelly,AJ Leonard,WER Somerville,0,0,,,,,,,,,,,,,
1328684,2022/23,2022-11-05,Cello Basin Reserve,3,31.3,31.3,Wellington Firebirds,Auckland Aces,NF Kelly,AJ Leonard,WER Somerville,2,0,,,,,,,,,,,,,
1328684,2022/23,2022-11-05,Cello Basin Reserve,3,31.4,31.4,Wellington Firebirds,Auckland Aces,NF Kelly,AJ Leonard,WER Somerville,1,0,,,,,,,,,,,,,
1328684,2022/23,2022-11-05,Cello Basin Reserve,3,31.5,31.5,Wellington Firebirds,Auckland Aces,AJ Leonard,NF Kelly,WER Somerville,0,0,,,,,,,,,,,,,
1328684,2022/23,2022-11-05,Cello Basin Reserve,3,31.6,31.6,Wellington Firebirds,Auckland Aces,AJ Leonard,NF Kelly,WER Somerville,0,0,,,,,,,,,,,,,
1328684,2022/23,2022-11-05,Cello Basin Reserve,3,32.1,32.1,Wellington Firebirds,Auckland Aces,NF Kelly,AJ Leonard,DK Ferns,0,0,,,,,,,,,,,,,
1328684,2022/23,2022-11-05,Cello Basin Reserve,3,32.2,32.2,Wellington Firebirds,Auckland Aces,NF Kelly,AJ Leonard,DK Ferns,1,0,,,,,,,,,,,,,
1328684,2022/23,2022-11-05,Cello Basin Reserve,3,32.3,32.3,Wellington Firebirds,Auckland Aces,AJ Leonard,NF Kelly,DK Ferns,0,0,,,,,,,,,,,,,
1328684,2022/23,2022-11-05,Cello Basin Reserve,3,32.4,32.4,Wellington Firebirds,Auckland Aces,AJ Leonard,NF Kelly,DK Ferns,0,0,,,,,,,,,,,,,
1328684,2022/23,2022-11-05,Cello Basin Reserve,3,32.5,32.5,Wellington Firebirds,Auckland Aces,AJ Leonard,NF Kelly,DK Ferns,0,0,,,,,,,,,,,,,
1328684,2022/23,2022-11-05,Cello Basin Reserve,3,32.6,32.6,Wellington Firebirds,Auckland Aces,AJ Leonard,NF Kelly,DK Ferns,0,0,,,,,,,,,,,,,
1328684,2022/23,2022-11-05,Cello Basin Reserve,3,33.1,33.1,Wellington Firebirds,Auckland Aces,NF Kelly,AJ Leonard,WER Somerville,0,0,,,,,,,,,,,,,
1328684,2022/23,2022-11-05,Cello Basin Reserve,3,33.2,33.2,Wellington Firebirds,Auckland Aces,NF Kelly,AJ Leonard,WER Somerville,0,0,,,,,,,,,,,,,
1328684,2022/23,2022-11-05,Cello Basin Reserve,3,33.3,33.3,Wellington Firebirds,Auckland Aces,NF Kelly,AJ Leonard,WER Somerville,0,0,,,,,,,,,,,,,
1328684,2022/23,2022-11-05,Cello Basin Reserve,3,33.4,33.4,Wellington Firebirds,Auckland Aces,NF Kelly,AJ Leonard,WER Somerville,0,0,,,,,,,bowled,NF Kelly,,,,,
1328684,2022/23,2022-11-05,Cello Basin Reserve,3,33.5,33.5,Wellington Firebirds,Auckland Aces,IG McPeake,AJ Leonard,WER Somerville,0,0,,,,,,,,,,,,,
1328684,2022/23,2022-11-05,Cello Basin Reserve,3,33.6,33.6,Wellington Firebirds,Auckland Aces,IG McPeake,AJ Leonard,WER Somerville,0,0,,,,,,,,,,,,,
1328684,2022/23,2022-11-05,Cello Basin Reserve,3,34.1,34.1,Wellington Firebirds,Auckland Aces,AJ Leonard,IG McPeake,DK Ferns,4,0,,,,,,,,,,,,,
1328684,2022/23,2022-11-05,Cello Basin Reserve,3,34.2,34.2,Wellington Firebirds,Auckland Aces,AJ Leonard,IG McPeake,DK Ferns,0,0,,,,,,,,,,,,,
1328684,2022/23,2022-11-05,Cello Basin Reserve,3,34.3,34.3,Wellington Firebirds,Auckland Aces,AJ Leonard,IG McPeake,DK Ferns,0,0,,,,,,,,,,,,,
1328684,2022/23,2022-11-05,Cello Basin Reserve,3,34.4,34.4,Wellington Firebirds,Auckland Aces,AJ Leonard,IG McPeake,DK Ferns,0,0,,,,,,,,,,,,,
1328684,2022/23,2022-11-05,Cello Basin Reserve,3,34.5,34.5,Wellington Firebirds,Auckland Aces,AJ Leonard,IG McPeake,DK Ferns,0,0,,,,,,,,,,,,,
1328684,2022/23,2022-11-05,Cello Basin Reserve,3,34.6,34.6,Wellington Firebirds,Auckland Aces,AJ Leonard,IG McPeake,DK Ferns,0,0,,,,,,,,,,,,,
1328684,2022/23,2022-11-05,Cello Basin Reserve,3,35.1,35.1,Wellington Firebirds,Auckland Aces,IG McPeake,AJ Leonard,WER Somerville,0,0,,,,,,,,,,,,,
1328684,2022/23,2022-11-05,Cello Basin Reserve,3,35.2,35.2,Wellington Firebirds,Auckland Aces,IG McPeake,AJ Leonard,WER Somerville,0,0,,,,,,,,,,,,,
1328684,2022/23,2022-11-05,Cello Basin Reserve,3,35.3,35.3,Wellington Firebirds,Auckland Aces,IG McPeake,AJ Leonard,WER Somerville,0,0,,,,,,,,,,,,,
1328684,2022/23,2022-11-05,Cello Basin Reserve,3,35.4,35.4,Wellington Firebirds,Auckland Aces,IG McPeake,AJ Leonard,WER Somerville,0,0,,,,,,,,,,,,,
1328684,2022/23,2022-11-05,Cello Basin Reserve,3,35.5,35.5,Wellington Firebirds,Auckland Aces,IG McPeake,AJ Leonard,WER Somerville,0,0,,,,,,,,,,,,,
1328684,2022/23,2022-11-05,Cello Basin Reserve,3,35.6,35.6,Wellington Firebirds,Auckland Aces,IG McPeake,AJ Leonard,WER Somerville,0,0,,,,,,,,,,,,,
1328684,2022/23,2022-11-05,Cello Basin Reserve,3,36.1,36.1,Wellington Firebirds,Auckland Aces,AJ Leonard,IG McPeake,DK Ferns,0,0,,,,,,,,,,,,,
1328684,2022/23,2022-11-05,Cello Basin Reserve,3,36.2,36.2,Wellington Firebirds,Auckland Aces,AJ Leonard,IG McPeake,DK Ferns,1,0,,,,,,,,,,,,,
1328684,2022/23,2022-11-05,Cello Basin Reserve,3,36.3,36.3,Wellington Firebirds,Auckland Aces,IG McPeake,AJ Leonard,DK Ferns,0,0,,,,,,,,,,,,,
1328684,2022/23,2022-11-05,Cello Basin Reserve,3,36.4,36.4,Wellington Firebirds,Auckland Aces,IG McPeake,AJ Leonard,DK Ferns,2,0,,,,,,,,,,,,,
1328684,2022/23,2022-11-05,Cello Basin Reserve,3,36.5,36.5,Wellington Firebirds,Auckland Aces,IG McPeake,AJ Leonard,DK Ferns,4,0,,,,,,,,,,,,,
1328684,2022/23,2022-11-05,Cello Basin Reserve,3,36.6,36.6,Wellington Firebirds,Auckland Aces,IG McPeake,AJ Leonard,DK Ferns,0,0,,,,,,,,,,,,,
1328684,2022/23,2022-11-05,Cello Basin Reserve,3,37.1,37.1,Wellington Firebirds,Auckland Aces,AJ Leonard,IG McPeake,WER Somerville,0,0,,,,,,,,,,,,,
1328684,2022/23,2022-11-05,Cello Basin Reserve,3,37.2,37.2,Wellington Firebirds,Auckland Aces,AJ Leonard,IG McPeake,WER Somerville,0,0,,,,,,,,,,,,,
1328684,2022/23,2022-11-05,Cello Basin Reserve,3,37.3,37.3,Wellington Firebirds,Auckland Aces,AJ Leonard,IG McPeake,WER Somerville,1,0,,,,,,,,,,,,,
1328684,2022/23,2022-11-05,Cello Basin Reserve,3,37.4,37.4,Wellington Firebirds,Auckland Aces,IG McPeake,AJ Leonard,WER Somerville,0,0,,,,,,,,,,,,,
1328684,2022/23,2022-11-05,Cello Basin Reserve,3,37.5,37.5,Wellington Firebirds,Auckland Aces,IG McPeake,AJ Leonard,WER Somerville,2,0,,,,,,,,,,,,,
1328684,2022/23,2022-11-05,Cello Basin Reserve,3,37.6,37.6,Wellington Firebirds,Auckland Aces,IG McPeake,AJ Leonard,WER Somerville,1,0,,,,,,,,,,,,,
1328684,2022/23,2022-11-05,Cello Basin Reserve,3,38.1,38.1,Wellington Firebirds,Auckland Aces,IG McPeake,AJ Leonard,DK Ferns,0,0,,,,,,,,,,,,,
1328684,2022/23,2022-11-05,Cello Basin Reserve,3,38.2,38.2,Wellington Firebirds,Auckland Aces,IG McPeake,AJ Leonard,DK Ferns,0,0,,,,,,,,,,,,,
1328684,2022/23,2022-11-05,Cello Basin Reserve,3,38.3,38.3,Wellington Firebirds,Auckland Aces,IG McPeake,AJ Leonard,DK Ferns,0,0,,,,,,,,,,,,,
1328684,2022/23,2022-11-05,Cello Basin Reserve,3,38.4,38.4,Wellington Firebirds,Auckland Aces,IG McPeake,AJ Leonard,DK Ferns,0,0,,,,,,,,,,,,,
1328684,2022/23,2022-11-05,Cello Basin Reserve,3,38.5,38.5,Wellington Firebirds,Auckland Aces,IG McPeake,AJ Leonard,DK Ferns,1,0,,,,,,,,,,,,,
1328684,2022/23,2022-11-05,Cello Basin Reserve,3,38.6,38.6,Wellington Firebirds,Auckland Aces,AJ Leonard,IG McPeake,DK Ferns,0,0,,,,,,,,,,,,,
1328684,2022/23,2022-11-05,Cello Basin Reserve,3,39.1,39.1,Wellington Firebirds,Auckland Aces,IG McPeake,AJ Leonard,WER Somerville,0,0,,,,,,,,,,,,,
1328684,2022/23,2022-11-05,Cello Basin Reserve,3,39.2,39.2,Wellington Firebirds,Auckland Aces,IG McPeake,AJ Leonard,WER Somerville,0,0,,,,,,,,,,,,,
1328684,2022/23,2022-11-05,Cello Basin Reserve,3,39.3,39.3,Wellington Firebirds,Auckland Aces,IG McPeake,AJ Leonard,WER Somerville,0,0,,,,,,,,,,,,,
1328684,2022/23,2022-11-05,Cello Basin Reserve,3,39.4,39.4,Wellington Firebirds,Auckland Aces,IG McPeake,AJ Leonard,WER Somerville,0,0,,,,,,,,,,,,,
1328684,2022/23,2022-11-05,Cello Basin Reserve,3,39.5,39.5,Wellington Firebirds,Auckland Aces,IG McPeake,AJ Leonard,WER Somerville,1,0,,,,,,,,,,,,,
1328684,2022/23,2022-11-05,Cello Basin Reserve,3,39.6,39.6,Wellington Firebirds,Auckland Aces,AJ Leonard,IG McPeake,WER Somerville,0,0,,,,,,,,,,,,,
1328684,2022/23,2022-11-05,Cello Basin Reserve,3,40.1,40.1,Wellington Firebirds,Auckland Aces,IG McPeake,AJ Leonard,BG Lister,0,0,,,,,,,,,,,,,
1328684,2022/23,2022-11-05,Cello Basin Reserve,3,40.2,40.2,Wellington Firebirds,Auckland Aces,IG McPeake,AJ Leonard,BG Lister,0,0,,,,,,,,,,,,,
1328684,2022/23,2022-11-05,Cello Basin Reserve,3,40.3,40.3,Wellington Firebirds,Auckland Aces,IG McPeake,AJ Leonard,BG Lister,0,0,,,,,,,,,,,,,
1328684,2022/23,2022-11-05,Cello Basin Reserve,3,40.4,40.4,Wellington Firebirds,Auckland Aces,IG McPeake,AJ Leonard,BG Lister,0,0,,,,,,,,,,,,,
1328684,2022/23,2022-11-05,Cello Basin Reserve,3,40.5,40.5,Wellington Firebirds,Auckland Aces,IG McPeake,AJ Leonard,BG Lister,1,0,,,,,,,,,,,,,
1328684,2022/23,2022-11-05,Cello Basin Reserve,3,40.6,40.6,Wellington Firebirds,Auckland Aces,AJ Leonard,IG McPeake,BG Lister,2,0,,,,,,,,,,,,,
1328684,2022/23,2022-11-05,Cello Basin Reserve,3,41.1,41.1,Wellington Firebirds,Auckland Aces,IG McPeake,AJ Leonard,WER Somerville,0,0,,,,,,,,,,,,,
1328684,2022/23,2022-11-05,Cello Basin Reserve,3,41.2,41.2,Wellington Firebirds,Auckland Aces,IG McPeake,AJ Leonard,WER Somerville,0,0,,,,,,,,,,,,,
1328684,2022/23,2022-11-05,Cello Basin Reserve,3,41.3,41.3,Wellington Firebirds,Auckland Aces,IG McPeake,AJ Leonard,WER Somerville,0,0,,,,,,,,,,,,,
1328684,2022/23,2022-11-05,Cello Basin Reserve,3,41.4,41.4,Wellington Firebirds,Auckland Aces,IG McPeake,AJ Leonard,WER Somerville,0,0,,,,,,,,,,,,,
1328684,2022/23,2022-11-05,Cello Basin Reserve,3,41.5,41.5,Wellington Firebirds,Auckland Aces,IG McPeake,AJ Leonard,WER Somerville,0,0,,,,,,,,,,,,,
1328684,2022/23,2022-11-05,Cello Basin Reserve,3,41.6,41.6,Wellington Firebirds,Auckland Aces,IG McPeake,AJ Leonard,WER Somerville,0,0,,,,,,,,,,,,,
1328684,2022/23,2022-11-05,Cello Basin Reserve,3,42.1,42.1,Wellington Firebirds,Auckland Aces,AJ Leonard,IG McPeake,BG Lister,0,0,,,,,,,,,,,,,
1328684,2022/23,2022-11-05,Cello Basin Reserve,3,42.2,42.2,Wellington Firebirds,Auckland Aces,AJ Leonard,IG McPeake,BG Lister,0,0,,,,,,,,,,,,,
1328684,2022/23,2022-11-05,Cello Basin Reserve,3,42.3,42.3,Wellington Firebirds,Auckland Aces,AJ Leonard,IG McPeake,BG Lister,0,0,,,,,,,,,,,,,
1328684,2022/23,2022-11-05,Cello Basin Reserve,3,42.4,42.4,Wellington Firebirds,Auckland Aces,AJ Leonard,IG McPeake,BG Lister,0,0,,,,,,,,,,,,,
1328684,2022/23,2022-11-05,Cello Basin Reserve,3,42.5,42.5,Wellington Firebirds,Auckland Aces,AJ Leonard,IG McPeake,BG Lister,0,0,,,,,,,,,,,,,
1328684,2022/23,2022-11-05,Cello Basin Reserve,3,42.6,42.6,Wellington Firebirds,Auckland Aces,AJ Leonard,IG McPeake,BG Lister,1,0,,,,,,,,,,,,,
1328684,2022/23,2022-11-05,Cello Basin Reserve,3,43.1,43.1,Wellington Firebirds,Auckland Aces,AJ Leonard,IG McPeake,WER Somerville,1,0,,,,,,,,,,,,,
1328684,2022/23,2022-11-05,Cello Basin Reserve,3,43.2,43.2,Wellington Firebirds,Auckland Aces,IG McPeake,AJ Leonard,WER Somerville,0,0,,,,,,,,,,,,,
1328684,2022/23,2022-11-05,Cello Basin Reserve,3,43.3,43.3,Wellington Firebirds,Auckland Aces,IG McPeake,AJ Leonard,WER Somerville,2,0,,,,,,,,,,,,,
1328684,2022/23,2022-11-05,Cello Basin Reserve,3,43.4,43.4,Wellington Firebirds,Auckland Aces,IG McPeake,AJ Leonard,WER Somerville,0,0,,,,,,,,,,,,,
1328684,2022/23,2022-11-05,Cello Basin Reserve,3,43.5,43.5,Wellington Firebirds,Auckland Aces,IG McPeake,AJ Leonard,WER Somerville,0,0,,,,,,,,,,,,,
1328684,2022/23,2022-11-05,Cello Basin Reserve,3,43.6,43.6,Wellington Firebirds,Auckland Aces,IG McPeake,AJ Leonard,WER Somerville,0,0,,,,,,,,,,,,,
1328684,2022/23,2022-11-05,Cello Basin Reserve,3,44.1,44.1,Wellington Firebirds,Auckland Aces,AJ Leonard,IG McPeake,BG Lister,0,0,,,,,,,,,,,,,
1328684,2022/23,2022-11-05,Cello Basin Reserve,3,44.2,44.2,Wellington Firebirds,Auckland Aces,AJ Leonard,IG McPeake,BG Lister,0,0,,,,,,,,,,,,,
1328684,2022/23,2022-11-05,Cello Basin Reserve,3,44.3,44.3,Wellington Firebirds,Auckland Aces,AJ Leonard,IG McPeake,BG Lister,0,0,,,,,,,,,,,,,
1328684,2022/23,2022-11-05,Cello Basin Reserve,3,44.4,44.4,Wellington Firebirds,Auckland Aces,AJ Leonard,IG McPeake,BG Lister,0,0,,,,,,,,,,,,,
1328684,2022/23,2022-11-05,Cello Basin Reserve,3,44.5,44.5,Wellington Firebirds,Auckland Aces,AJ Leonard,IG McPeake,BG Lister,0,0,,,,,,,,,,,,,
1328684,2022/23,2022-11-05,Cello Basin Reserve,3,44.6,44.6,Wellington Firebirds,Auckland Aces,AJ Leonard,IG McPeake,BG Lister,0,0,,,,,,,,,,,,,
1328684,2022/23,2022-11-05,Cello Basin Reserve,3,45.1,45.1,Wellington Firebirds,Auckland Aces,IG McPeake,AJ Leonard,WER Somerville,0,0,,,,,,,,,,,,,
1328684,2022/23,2022-11-05,Cello Basin Reserve,3,45.2,45.2,Wellington Firebirds,Auckland Aces,IG McPeake,AJ Leonard,WER Somerville,0,0,,,,,,,,,,,,,
1328684,2022/23,2022-11-05,Cello Basin Reserve,3,45.3,45.3,Wellington Firebirds,Auckland Aces,IG McPeake,AJ Leonard,WER Somerville,0,0,,,,,,,caught,IG McPeake,,,WT O'Donnell,,
1328684,2022/23,2022-11-05,Cello Basin Reserve,3,45.4,45.4,Wellington Firebirds,Auckland Aces,MW Snedden,AJ Leonard,WER Somerville,0,0,,,,,,,,,,,,,
1328684,2022/23,2022-11-05,Cello Basin Reserve,3,45.5,45.5,Wellington Firebirds,Auckland Aces,MW Snedden,AJ Leonard,WER Somerville,0,0,,,,,,,,,,,,,
1328684,2022/23,2022-11-05,Cello Basin Reserve,3,45.6,45.6,Wellington Firebirds,Auckland Aces,MW Snedden,AJ Leonard,WER Somerville,0,0,,,,,,,,,,,,,
1328684,2022/23,2022-11-05,Cello Basin Reserve,3,46.1,46.1,Wellington Firebirds,Auckland Aces,AJ Leonard,MW Snedden,BG Lister,0,0,,,,,,,,,,,,,
1328684,2022/23,2022-11-05,Cello Basin Reserve,3,46.2,46.2,Wellington Firebirds,Auckland Aces,AJ Leonard,MW Snedden,BG Lister,1,0,,,,,,,,,,,,,
1328684,2022/23,2022-11-05,Cello Basin Reserve,3,46.3,46.3,Wellington Firebirds,Auckland Aces,MW Snedden,AJ Leonard,BG Lister,0,0,,,,,,,,,,,,,
1328684,2022/23,2022-11-05,Cello Basin Reserve,3,46.4,46.4,Wellington Firebirds,Auckland Aces,MW Snedden,AJ Leonard,BG Lister,0,0,,,,,,,,,,,,,
1328684,2022/23,2022-11-05,Cello Basin Reserve,3,46.5,46.5,Wellington Firebirds,Auckland Aces,MW Snedden,AJ Leonard,BG Lister,0,0,,,,,,,,,,,,,
1328684,2022/23,2022-11-05,Cello Basin Reserve,3,46.6,46.6,Wellington Firebirds,Auckland Aces,MW Snedden,AJ Leonard,BG Lister,0,0,,,,,,,,,,,,,
1328684,2022/23,2022-11-05,Cello Basin Reserve,3,47.1,47.1,Wellington Firebirds,Auckland Aces,AJ Leonard,MW Snedden,WER Somerville,0,0,,,,,,,,,,,,,
1328684,2022/23,2022-11-05,Cello Basin Reserve,3,47.2,47.2,Wellington Firebirds,Auckland Aces,AJ Leonard,MW Snedden,WER Somerville,0,0,,,,,,,,,,,,,
1328684,2022/23,2022-11-05,Cello Basin Reserve,3,47.3,47.3,Wellington Firebirds,Auckland Aces,AJ Leonard,MW Snedden,WER Somerville,0,0,,,,,,,,,,,,,
1328684,2022/23,2022-11-05,Cello Basin Reserve,3,47.4,47.4,Wellington Firebirds,Auckland Aces,AJ Leonard,MW Snedden,WER Somerville,0,0,,,,,,,,,,,,,
1328684,2022/23,2022-11-05,Cello Basin Reserve,3,47.5,47.5,Wellington Firebirds,Auckland Aces,AJ Leonard,MW Snedden,WER Somerville,0,0,,,,,,,,,,,,,
1328684,2022/23,2022-11-05,Cello Basin Reserve,3,47.6,47.6,Wellington Firebirds,Auckland Aces,AJ Leonard,MW Snedden,WER Somerville,1,0,,,,,,,,,,,,,
1328684,2022/23,2022-11-05,Cello Basin Reserve,3,48.1,48.1,Wellington Firebirds,Auckland Aces,AJ Leonard,MW Snedden,BG Lister,0,0,,,,,,,,,,,,,
1328684,2022/23,2022-11-05,Cello Basin Reserve,3,48.2,48.2,Wellington Firebirds,Auckland Aces,AJ Leonard,MW Snedden,BG Lister,1,0,,,,,,,,,,,,,
1328684,2022/23,2022-11-05,Cello Basin Reserve,3,48.3,48.3,Wellington Firebirds,Auckland Aces,MW Snedden,AJ Leonard,BG Lister,1,0,,,,,,,,,,,,,
1328684,2022/23,2022-11-05,Cello Basin Reserve,3,48.4,48.4,Wellington Firebirds,Auckland Aces,AJ Leonard,MW Snedden,BG Lister,0,0,,,,,,,,,,,,,
1328684,2022/23,2022-11-05,Cello Basin Reserve,3,48.5,48.5,Wellington Firebirds,Auckland Aces,AJ Leonard,MW Snedden,BG Lister,0,0,,,,,,,,,,,,,
1328684,2022/23,2022-11-05,Cello Basin Reserve,3,48.6,48.6,Wellington Firebirds,Auckland Aces,AJ Leonard,MW Snedden,BG Lister,0,0,,,,,,,caught,AJ Leonard,,,WER Somerville,,
1328684,2022/23,2022-11-05,Cello Basin Reserve,3,49.1,49.1,Wellington Firebirds,Auckland Aces,MW Snedden,JW Hartshorn,WER Somerville,0,0,,,,,,,,,,,,,
1328684,2022/23,2022-11-05,Cello Basin Reserve,3,49.2,49.2,Wellington Firebirds,Auckland Aces,MW Snedden,JW Hartshorn,WER Somerville,1,0,,,,,,,,,,,,,
1328684,2022/23,2022-11-05,Cello Basin Reserve,3,49.3,49.3,Wellington Firebirds,Auckland Aces,JW Hartshorn,MW Snedden,WER Somerville,0,0,,,,,,,,,,,,,
1328684,2022/23,2022-11-05,Cello Basin Reserve,3,49.4,49.4,Wellington Firebirds,Auckland Aces,JW Hartshorn,MW Snedden,WER Somerville,0,0,,,,,,,,,,,,,
1328684,2022/23,2022-11-05,Cello Basin Reserve,3,49.5,49.5,Wellington Firebirds,Auckland Aces,JW Hartshorn,MW Snedden,WER Somerville,0,0,,,,,,,,,,,,,
1328684,2022/23,2022-11-05,Cello Basin Reserve,3,49.6,49.6,Wellington Firebirds,Auckland Aces,JW Hartshorn,MW Snedden,WER Somerville,0,0,,,,,,,,,,,,,
1328684,2022/23,2022-11-05,Cello Basin Reserve,3,50.1,50.1,Wellington Firebirds,Auckland Aces,MW Snedden,JW Hartshorn,BG Lister,0,0,,,,,,,,,,,,,
1328684,2022/23,2022-11-05,Cello Basin Reserve,3,50.2,50.2,Wellington Firebirds,Auckland Aces,MW Snedden,JW Hartshorn,BG Lister,0,0,,,,,,,,,,,,,
1328684,2022/23,2022-11-05,Cello Basin Reserve,3,50.3,50.3,Wellington Firebirds,Auckland Aces,MW Snedden,JW Hartshorn,BG Lister,0,0,,,,,,,,,,,,,
1328684,2022/23,2022-11-05,Cello Basin Reserve,3,50.4,50.4,Wellington Firebirds,Auckland Aces,MW Snedden,JW Hartshorn,BG Lister,0,0,,,,,,,,,,,,,
1328684,2022/23,2022-11-05,Cello Basin Reserve,3,50.5,50.5,Wellington Firebirds,Auckland Aces,MW Snedden,JW Hartshorn,BG Lister,0,1,,1,,,,,,,,,,,
1328684,2022/23,2022-11-05,Cello Basin Reserve,3,50.6,50.5,Wellington Firebirds,Auckland Aces,MW Snedden,JW Hartshorn,BG Lister,0,0,,,,,,,,,,,,,
1328684,2022/23,2022-11-05,Cello Basin Reserve,3,50.7,50.6,Wellington Firebirds,Auckland Aces,MW Snedden,JW Hartshorn,BG Lister,0,0,,,,,,,,,,,,,
1328684,2022/23,2022-11-05,Cello Basin Reserve,3,51.1,51.1,Wellington Firebirds,Auckland Aces,JW Hartshorn,MW Snedden,WER Somerville,0,0,,,,,,,,,,,,,
1328684,2022/23,2022-11-05,Cello Basin Reserve,3,51.2,51.2,Wellington Firebirds,Auckland Aces,JW Hartshorn,MW Snedden,WER Somerville,0,0,,,,,,,,,,,,,
1328684,2022/23,2022-11-05,Cello Basin Reserve,3,51.3,51.3,Wellington Firebirds,Auckland Aces,JW Hartshorn,MW Snedden,WER Somerville,1,0,,,,,,,,,,,,,
1328684,2022/23,2022-11-05,Cello Basin Reserve,3,51.4,51.4,Wellington Firebirds,Auckland Aces,MW Snedden,JW Hartshorn,WER Somerville,0,0,,,,,,,stumped,MW Snedden,,,BJ Horne,,
1328684,2022/23,2022-11-05,Cello Basin Reserve,4,0.1,0.1,Auckland Aces,Wellington Firebirds,WT O'Donnell,SM Solia,AJ Leonard,0,0,,,,,,,,,,,,,
1328684,2022/23,2022-11-05,Cello Basin Reserve,4,0.2,0.2,Auckland Aces,Wellington Firebirds,WT O'Donnell,SM Solia,AJ Leonard,0,0,,,,,,,,,,,,,
1328684,2022/23,2022-11-05,Cello Basin Reserve,4,0.3,0.3,Auckland Aces,Wellington Firebirds,WT O'Donnell,SM Solia,AJ Leonard,0,0,,,,,,,,,,,,,
1328684,2022/23,2022-11-05,Cello Basin Reserve,4,0.4,0.4,Auckland Aces,Wellington Firebirds,WT O'Donnell,SM Solia,AJ Leonard,0,0,,,,,,,,,,,,,
1328684,2022/23,2022-11-05,Cello Basin Reserve,4,0.5,0.5,Auckland Aces,Wellington Firebirds,WT O'Donnell,SM Solia,AJ Leonard,0,0,,,,,,,,,,,,,
1328684,2022/23,2022-11-05,Cello Basin Reserve,4,0.6,0.6,Auckland Aces,Wellington Firebirds,WT O'Donnell,SM Solia,AJ Leonard,0,0,,,,,,,,,,,,,
1328684,2022/23,2022-11-05,Cello Basin Reserve,4,1.1,1.1,Auckland Aces,Wellington Firebirds,SM Solia,WT O'Donnell,JW Hartshorn,0,0,,,,,,,,,,,,,
1328684,2022/23,2022-11-05,Cello Basin Reserve,4,1.2,1.2,Auckland Aces,Wellington Firebirds,SM Solia,WT O'Donnell,JW Hartshorn,6,0,,,,,,,,,,,,,
1328684,2022/23,2022-11-05,Cello Basin Reserve,4,1.3,1.3,Auckland Aces,Wellington Firebirds,SM Solia,WT O'Donnell,JW Hartshorn,0,0,,,,,,,,,,,,,
1328684,2022/23,2022-11-05,Cello Basin Reserve,4,1.4,1.4,Auckland Aces,Wellington Firebirds,SM Solia,WT O'Donnell,JW Hartshorn,0,0,,,,,,,,,,,,,
1328684,2022/23,2022-11-05,Cello Basin Reserve,4,1.5,1.5,Auckland Aces,Wellington Firebirds,SM Solia,WT O'Donnell,JW Hartshorn,0,0,,,,,,,caught,SM Solia,,,TA Blundell,,
1328684,2022/23,2022-11-05,Cello Basin Reserve,4,1.6,1.6,Auckland Aces,Wellington Firebirds,CJ Briggs,WT O'Donnell,JW Hartshorn,1,0,,,,,,,,,,,,,
