match_id,season,start_date,venue,innings,ball,actual_delivery,batting_team,bowling_team,striker,non_striker,bowler,runs_off_bat,extras,wides,noballs,byes,legbyes,penalty,non_boundary,wicket_type,player_dismissed,other_wicket_type,other_player_dismissed,fielder_1,fielder_2,fielder_3
1410272,2024,2024-04-19,"Lord's, London",1,0.1,0.1,Yorkshire,Middlesex,A Lyth,FJ Bean,ER Bamber,0,0,,,,,,,,,,,,,
1410272,2024,2024-04-19,"Lord's, London",1,0.2,0.2,Yorkshire,Middlesex,A Lyth,FJ Bean,ER Bamber,0,0,,,,,,,,,,,,,
1410272,2024,2024-04-19,"Lord's, London",1,0.3,0.3,Yorkshire,Middlesex,A Lyth,FJ Bean,ER Bamber,0,0,,,,,,,,,,,,,
1410272,2024,2024-04-19,"Lord's, London",1,0.4,0.4,Yorkshire,Middlesex,A Lyth,FJ Bean,ER Bamber,4,0,,,,,,,,,,,,,
1410272,2024,2024-04-19,"Lord's, London",1,0.5,0.5,Yorkshire,Middlesex,A Lyth,FJ Bean,ER Bamber,0,0,,,,,,,,,,,,,
1410272,2024,2024-04-19,"Lord's, London",1,0.6,0.6,Yorkshire,Middlesex,A Lyth,FJ Bean,ER Bamber,0,0,,,,,,,,,,,,,
1410272,2024,2024-04-19,"Lord's, London",1,1.1,1.1,Yorkshire,Middlesex,FJ Bean,A Lyth,TS Roland-Jones,3,0,,,,,,,,,,,,,
1410272,2024,2024-04-19,"Lord's, London",1,1.2,1.2,Yorkshire,Middlesex,A Lyth,FJ Bean,TS Roland-Jones,0,0,,,,,,,,,,,,,
1410272,2024,2024-04-19,"Lord's, London",1,1.3,1.3,Yorkshire,Middlesex,A Lyth,FJ Bean,TS Roland-Jones,1,0,,,,,,,,,,,,,
1410272,2024,2024-04-19,"Lord's, London",1,1.4,1.4,Yorkshire,Middlesex,FJ Bean,A Lyth,TS Roland-Jones,0,0,,,,,,,,,,,,,
1410272,2024,2024-04-19,"Lord's, London",1,1.5,1.5,Yorkshire,Middlesex,FJ Bean,A Lyth,TS Roland-Jones,4,0,,,,,,,,,,,,,
1410272,2024,2024-04-19,"Lord's, London",1,1.6,1.6,Yorkshire,Middlesex,FJ Bean,A Lyth,TS Roland-Jones,2,0,,,,,,,,,,,,,
1410272,2024,2024-04-19,"Lord's, London",1,2.1,2.1,Yorkshire,Middlesex,A Lyth,FJ Bean,ER Bamber,0,0,,,,,,,,,,,,,
1410272,2024,2024-04-19,"Lord's, London",1,2.2,2.2,Yorkshire,Middlesex,A Lyth,FJ Bean,ER Bamber,0,0,,,,,,,,,,,,,
1410272,2024,2024-04-19,"Lord's, London",1,2.3,2.3,Yorkshire,Middlesex,A Lyth,FJ Bean,ER Bamber,0,0,,,,,,,,,,,,,
1410272,2024,2024-04-19,"Lord's, London",1,2.4,2.4,Yorkshire,Middlesex,A Lyth,FJ Bean,ER Bamber,4,0,,,,,,,,,,,,,
1410272,2024,2024-04-19,"Lord's, London",1,2.5,2.5,Yorkshire,Middlesex,A Lyth,FJ Bean,ER Bamber,4,0,,,,,,,,,,,,,
1410272,2024,2024-04-19,"Lord's, London",1,2.6,2.6,Yorkshire,Middlesex,A Lyth,FJ Bean,ER Bamber,0,0,,,,,,,,,,,,,
1410272,2024,2024-04-19,"Lord's, London",1,3.1,3.1,Yorkshire,Middlesex,FJ Bean,A Lyth,TS Roland-Jones,0,0,,,,,,,,,,,,,
1410272,2024,2024-04-19,"Lord's, London",1,3.2,3.2,Yorkshire,Middlesex,FJ Bean,A Lyth,TS Roland-Jones,1,0,,,,,,,,,,,,,
1410272,2024,2024-04-19,"Lord's, London",1,3.3,3.3,Yorkshire,Middlesex,A Lyth,FJ Bean,TS Roland-Jones,0,0,,,,,,,,,,,,,
1410272,2024,2024-04-19,"Lord's, London",1,3.4,3.4,Yorkshire,Middlesex,A Lyth,FJ Bean,TS Roland-Jones,0,0,,,,,,,,,,,,,
1410272,2024,2024-04-19,"Lord's, London",1,3.5,3.5,Yorkshire,Middlesex,A Lyth,FJ Bean,TS Roland-Jones,2,0,,,,,,,,,,,,,
1410272,2024,2024-04-19,"Lord's, London",1,3.6,3.6,Yorkshire,Middlesex,A Lyth,FJ Bean,TS Roland-Jones,0,0,,,,,,,,,,,,,
1410272,2024,2024-04-19,"Lord's, London",1,4.1,4.1,Yorkshire,Middlesex,FJ Bean,A Lyth,ER Bamber,2,0,,,,,,,,,,,,,
1410272,2024,2024-04-19,"Lord's, London",1,4.2,4.2,Yorkshire,Middlesex,FJ Bean,A Lyth,ER Bamber,0,0,,,,,,,,,,,,,
1410272,2024,2024-04-19,"Lord's, London",1,4.3,4.3,Yorkshire,Middlesex,FJ Bean,A Lyth,ER Bamber,0,0,,,,,,,,,,,,,
1410272,2024,2024-04-19,"Lord's, London",1,4.4,4.4,Yorkshire,Middlesex,FJ Bean,A Lyth,ER Bamber,0,0,,,,,,,,,,,,,
1410272,2024,2024-04-19,"Lord's, London",1,4.5,4.5,Yorkshire,Middlesex,FJ Bean,A Lyth,ER Bamber,0,0,,,,,,,,,,,,,
1410272,2024,2024-04-19,"Lord's, London",1,4.6,4.6,Yorkshire,Middlesex,FJ Bean,A Lyth,ER Bamber,2,0,,,,,,,,,,,,,
1410272,2024,2024-04-19,"Lord's, London",1,5.1,5.1,Yorkshire,Middlesex,A Lyth,FJ Bean,TS Roland-Jones,0,0,,,,,,,lbw,A Lyth,,,,,
1410272,2024,2024-04-19,"Lord's, London",1,5.2,5.2,Yorkshire,Middlesex,Shan Masood,FJ Bean,TS Roland-Jones,4,0,,,,,,,,,,,,,
1410272,2024,2024-04-19,"Lord's, London",1,5.3,5.3,Yorkshire,Middlesex,Shan Masood,FJ Bean,TS Roland-Jones,0,0,,,,,,,,,,,,,
1410272,2024,2024-04-19,"Lord's, London",1,5.4,5.4,Yorkshire,Middlesex,Shan Masood,FJ Bean,TS Roland-Jones,0,2,,,,2,,,,,,,,,
1410272,2024,2024-04-19,"Lord's, London",1,5.5,5.5,Yorkshire,Middlesex,Shan Masood,FJ Bean,TS Roland-Jones,0,0,,,,,,,,,,,,,
1410272,2024,2024-04-19,"Lord's, London",1,5.6,5.6,Yorkshire,Middlesex,Shan Masood,FJ Bean,TS Roland-Jones,1,0,,,,,,,,,,,,,
1410272,2024,2024-04-19,"Lord's, London",1,6.1,6.1,Yorkshire,Middlesex,Shan Masood,FJ Bean,ER Bamber,2,0,,,,,,,,,,,,,
1410272,2024,2024-04-19,"Lord's, London",1,6.2,6.2,Yorkshire,Middlesex,Shan Masood,FJ Bean,ER Bamber,0,0,,,,,,,,,,,,,
1410272,2024,2024-04-19,"Lord's, London",1,6.3,6.3,Yorkshire,Middlesex,Shan Masood,FJ Bean,ER Bamber,0,0,,,,,,,,,,,,,
1410272,2024,2024-04-19,"Lord's, London",1,6.4,6.4,Yorkshire,Middlesex,Shan Masood,FJ Bean,ER Bamber,1,0,,,,,,,,,,,,,
1410272,2024,2024-04-19,"Lord's, London",1,6.5,6.5,Yorkshire,Middlesex,FJ Bean,Shan Masood,ER Bamber,2,0,,,,,,,,,,,,,
1410272,2024,2024-04-19,"Lord's, London",1,6.6,6.6,Yorkshire,Middlesex,FJ Bean,Shan Masood,ER Bamber,0,0,,,,,,,,,,,,,
1410272,2024,2024-04-19,"Lord's, London",1,7.1,7.1,Yorkshire,Middlesex,Shan Masood,FJ Bean,TS Roland-Jones,2,0,,,,,,,,,,,,,
1410272,2024,2024-04-19,"Lord's, London",1,7.2,7.2,Yorkshire,Middlesex,Shan Masood,FJ Bean,TS Roland-Jones,4,0,,,,,,,,,,,,,
1410272,2024,2024-04-19,"Lord's, London",1,7.3,7.3,Yorkshire,Middlesex,Shan Masood,FJ Bean,TS Roland-Jones,0,0,,,,,,,,,,,,,
1410272,2024,2024-04-19,"Lord's, London",1,7.4,7.4,Yorkshire,Middlesex,Shan Masood,FJ Bean,TS Roland-Jones,0,0,,,,,,,,,,,,,
1410272,2024,2024-04-19,"Lord's, London",1,7.5,7.5,Yorkshire,Middlesex,Shan Masood,FJ Bean,TS Roland-Jones,0,0,,,,,,,,,,,,,
1410272,2024,2024-04-19,"Lord's, London",1,7.6,7.6,Yorkshire,Middlesex,Shan Masood,FJ Bean,TS Roland-Jones,0,0,,,,,,,,,,,,,
1410272,2024,2024-04-19,"Lord's, London",1,8.1,8.1,Yorkshire,Middlesex,FJ Bean,Shan Masood,TG Helm,0,0,,,,,,,,,,,,,
1410272,2024,2024-04-19,"Lord's, London",1,8.2,8.2,Yorkshire,Middlesex,FJ Bean,Shan Masood,TG Helm,0,0,,,,,,,,,,,,,
1410272,2024,2024-04-19,"Lord's, London",1,8.3,8.3,Yorkshire,Middlesex,FJ Bean,Shan Masood,TG Helm,0,0,,,,,,,,,,,,,
1410272,2024,2024-04-19,"Lord's, London",1,8.4,8.4,Yorkshire,Middlesex,FJ Bean,Shan Masood,TG Helm,0,0,,,,,,,,,,,,,
1410272,2024,2024-04-19,"Lord's, London",1,8.5,8.5,Yorkshire,Middlesex,FJ Bean,Shan Masood,TG Helm,4,0,,,,,,,,,,,,,
1410272,2024,2024-04-19,"Lord's, London",1,8.6,8.6,Yorkshire,Middlesex,FJ Bean,Shan Masood,TG Helm,0,0,,,,,,,,,,,,,
1410272,2024,2024-04-19,"Lord's, London",1,9.1,9.1,Yorkshire,Middlesex,Shan Masood,FJ Bean,TS Roland-Jones,0,0,,,,,,,,,,,,,
1410272,2024,2024-04-19,"Lord's, London",1,9.2,9.2,Yorkshire,Middlesex,Shan Masood,FJ Bean,TS Roland-Jones,0,0,,,,,,,,,,,,,
1410272,2024,2024-04-19,"Lord's, London",1,9.3,9.3,Yorkshire,Middlesex,Shan Masood,FJ Bean,TS Roland-Jones,0,0,,,,,,,,,,,,,
1410272,2024,2024-04-19,"Lord's, London",1,9.4,9.4,Yorkshire,Middlesex,Shan Masood,FJ Bean,TS Roland-Jones,0,0,,,,,,,,,,,,,
1410272,2024,2024-04-19,"Lord's, London",1,9.5,9.5,Yorkshire,Middlesex,Shan Masood,FJ Bean,TS Roland-Jones,4,0,,,,,,,,,,,,,
1410272,2024,2024-04-19,"Lord's, London",1,9.6,9.6,Yorkshire,Middlesex,Shan Masood,FJ Bean,TS Roland-Jones,0,0,,,,,,,,,,,,,
1410272,2024,2024-04-19,"Lord's, London",1,10.1,10.1,Yorkshire,Middlesex,FJ Bean,Shan Masood,TG Helm,4,0,,,,,,,,,,,,,
1410272,2024,2024-04-19,"Lord's, London",1,10.2,10.2,Yorkshire,Middlesex,FJ Bean,Shan Masood,TG Helm,0,0,,,,,,,,,,,,,
1410272,2024,2024-04-19,"Lord's, London",1,10.3,10.3,Yorkshire,Middlesex,FJ Bean,Shan Masood,TG Helm,4,0,,,,,,,,,,,,,
1410272,2024,2024-04-19,"Lord's, London",1,10.4,10.4,Yorkshire,Middlesex,FJ Bean,Shan Masood,TG Helm,0,0,,,,,,,,,,,,,
1410272,2024,2024-04-19,"Lord's, London",1,10.5,10.5,Yorkshire,Middlesex,FJ Bean,Shan Masood,TG Helm,0,0,,,,,,,,,,,,,
1410272,2024,2024-04-19,"Lord's, London",1,10.6,10.6,Yorkshire,Middlesex,FJ Bean,Shan Masood,TG Helm,1,0,,,,,,,,,,,,,
1410272,2024,2024-04-19,"Lord's, London",1,11.1,11.1,Yorkshire,Middlesex,FJ Bean,Shan Masood,TS Roland-Jones,0,0,,,,,,,bowled,FJ Bean,,,,,
1410272,2024,2024-04-19,"Lord's, London",1,11.2,11.2,Yorkshire,Middlesex,JE Root,Shan Masood,TS Roland-Jones,0,0,,,,,,,,,,,,,
1410272,2024,2024-04-19,"Lord's, London",1,11.3,11.3,Yorkshire,Middlesex,JE Root,Shan Masood,TS Roland-Jones,1,0,,,,,,,,,,,,,
1410272,2024,2024-04-19,"Lord's, London",1,11.4,11.4,Yorkshire,Middlesex,Shan Masood,JE Root,TS Roland-Jones,0,0,,,,,,,,,,,,,
1410272,2024,2024-04-19,"Lord's, London",1,11.5,11.5,Yorkshire,Middlesex,Shan Masood,JE Root,TS Roland-Jones,0,0,,,,,,,,,,,,,
1410272,2024,2024-04-19,"Lord's, London",1,11.6,11.6,Yorkshire,Middlesex,Shan Masood,JE Root,TS Roland-Jones,0,0,,,,,,,,,,,,,
1410272,2024,2024-04-19,"Lord's, London",1,12.1,12.1,Yorkshire,Middlesex,JE Root,Shan Masood,TG Helm,0,0,,,,,,,,,,,,,
1410272,2024,2024-04-19,"Lord's, London",1,12.2,12.2,Yorkshire,Middlesex,JE Root,Shan Masood,TG Helm,1,0,,,,,,,,,,,,,
1410272,2024,2024-04-19,"Lord's, London",1,12.3,12.3,Yorkshire,Middlesex,Shan Masood,JE Root,TG Helm,0,0,,,,,,,,,,,,,
1410272,2024,2024-04-19,"Lord's, London",1,12.4,12.4,Yorkshire,Middlesex,Shan Masood,JE Root,TG Helm,0,0,,,,,,,,,,,,,
1410272,2024,2024-04-19,"Lord's, London",1,12.5,12.5,Yorkshire,Middlesex,Shan Masood,JE Root,TG Helm,2,0,,,,,,,,,,,,,
1410272,2024,2024-04-19,"Lord's, London",1,12.6,12.6,Yorkshire,Middlesex,Shan Masood,JE Root,TG Helm,0,0,,,,,,,,,,,,,
1410272,2024,2024-04-19,"Lord's, London",1,13.1,13.1,Yorkshire,Middlesex,JE Root,Shan Masood,TS Roland-Jones,0,0,,,,,,,,,,,,,
1410272,2024,2024-04-19,"Lord's, London",1,13.2,13.2,Yorkshire,Middlesex,JE Root,Shan Masood,TS Roland-Jones,3,0,,,,,,,,,,,,,
1410272,2024,2024-04-19,"Lord's, London",1,13.3,13.3,Yorkshire,Middlesex,Shan Masood,JE Root,TS Roland-Jones,4,0,,,,,,,,,,,,,
1410272,2024,2024-04-19,"Lord's, London",1,13.4,13.4,Yorkshire,Middlesex,Shan Masood,JE Root,TS Roland-Jones,0,0,,,,,,,,,,,,,
1410272,2024,2024-04-19,"Lord's, London",1,13.5,13.5,Yorkshire,Middlesex,Shan Masood,JE Root,TS Roland-Jones,0,0,,,,,,,,,,,,,
1410272,2024,2024-04-19,"Lord's, London",1,13.6,13.6,Yorkshire,Middlesex,Shan Masood,JE Root,TS Roland-Jones,0,0,,,,,,,,,,,,,
1410272,2024,2024-04-19,"Lord's, London",1,14.1,14.1,Yorkshire,Middlesex,JE Root,Shan Masood,TG Helm,0,0,,,,,,,,,,,,,
1410272,2024,2024-04-19,"Lord's, London",1,14.2,14.2,Yorkshire,Middlesex,JE Root,Shan Masood,TG Helm,0,0,,,,,,,,,,,,,
1410272,2024,2024-04-19,"Lord's, London",1,14.3,14.3,Yorkshire,Middlesex,JE Root,Shan Masood,TG Helm,0,0,,,,,,,,,,,,,
1410272,2024,2024-04-19,"Lord's, London",1,14.4,14.4,Yorkshire,Middlesex,JE Root,Shan Masood,TG Helm,0,0,,,,,,,caught,JE Root,,,RF Higgins,,
1410272,2024,2024-04-19,"Lord's, London",1,14.5,14.5,Yorkshire,Middlesex,HC Brook,Shan Masood,TG Helm,0,0,,,,,,,,,,,,,
1410272,2024,2024-04-19,"Lord's, London",1,14.6,14.6,Yorkshire,Middlesex,HC Brook,Shan Masood,TG Helm,0,0,,,,,,,,,,,,,
1410272,2024,2024-04-19,"Lord's, London",1,15.1,15.1,Yorkshire,Middlesex,Shan Masood,HC Brook,TS Roland-Jones,0,0,,,,,,,,,,,,,
1410272,2024,2024-04-19,"Lord's, London",1,15.2,15.2,Yorkshire,Middlesex,Shan Masood,HC Brook,TS Roland-Jones,0,0,,,,,,,,,,,,,
1410272,2024,2024-04-19,"Lord's, London",1,15.3,15.3,Yorkshire,Middlesex,Shan Masood,HC Brook,TS Roland-Jones,0,0,,,,,,,,,,,,,
1410272,2024,2024-04-19,"Lord's, London",1,15.4,15.4,Yorkshire,Middlesex,Shan Masood,HC Brook,TS Roland-Jones,1,0,,,,,,,,,,,,,
1410272,2024,2024-04-19,"Lord's, London",1,15.5,15.5,Yorkshire,Middlesex,HC Brook,Shan Masood,TS Roland-Jones,0,0,,,,,,,,,,,,,
1410272,2024,2024-04-19,"Lord's, London",1,15.6,15.6,Yorkshire,Middlesex,HC Brook,Shan Masood,TS Roland-Jones,0,0,,,,,,,,,,,,,
1410272,2024,2024-04-19,"Lord's, London",1,16.1,16.1,Yorkshire,Middlesex,Shan Masood,HC Brook,TG Helm,0,0,,,,,,,,,,,,,
1410272,2024,2024-04-19,"Lord's, London",1,16.2,16.2,Yorkshire,Middlesex,Shan Masood,HC Brook,TG Helm,0,0,,,,,,,,,,,,,
1410272,2024,2024-04-19,"Lord's, London",1,16.3,16.3,Yorkshire,Middlesex,Shan Masood,HC Brook,TG Helm,0,0,,,,,,,,,,,,,
1410272,2024,2024-04-19,"Lord's, London",1,16.4,16.4,Yorkshire,Middlesex,Shan Masood,HC Brook,TG Helm,0,0,,,,,,,,,,,,,
1410272,2024,2024-04-19,"Lord's, London",1,16.5,16.5,Yorkshire,Middlesex,Shan Masood,HC Brook,TG Helm,0,0,,,,,,,,,,,,,
1410272,2024,2024-04-19,"Lord's, London",1,16.6,16.6,Yorkshire,Middlesex,Shan Masood,HC Brook,TG Helm,0,0,,,,,,,,,,,,,
1410272,2024,2024-04-19,"Lord's, London",1,17.1,17.1,Yorkshire,Middlesex,HC Brook,Shan Masood,ER Bamber,0,0,,,,,,,,,,,,,
1410272,2024,2024-04-19,"Lord's, London",1,17.2,17.2,Yorkshire,Middlesex,HC Brook,Shan Masood,ER Bamber,2,0,,,,,,,,,,,,,
1410272,2024,2024-04-19,"Lord's, London",1,17.3,17.3,Yorkshire,Middlesex,HC Brook,Shan Masood,ER Bamber,1,0,,,,,,,,,,,,,
1410272,2024,2024-04-19,"Lord's, London",1,17.4,17.4,Yorkshire,Middlesex,Shan Masood,HC Brook,ER Bamber,1,0,,,,,,,,,,,,,
1410272,2024,2024-04-19,"Lord's, London",1,17.5,17.5,Yorkshire,Middlesex,HC Brook,Shan Masood,ER Bamber,0,0,,,,,,,,,,,,,
1410272,2024,2024-04-19,"Lord's, London",1,17.6,17.6,Yorkshire,Middlesex,HC Brook,Shan Masood,ER Bamber,0,0,,,,,,,caught,HC Brook,,,JL du Plooy,,
1410272,2024,2024-04-19,"Lord's, London",1,18.1,18.1,Yorkshire,Middlesex,Shan Masood,GCH Hill,TG Helm,0,0,,,,,,,,,,,,,
1410272,2024,2024-04-19,"Lord's, London",1,18.2,18.2,Yorkshire,Middlesex,Shan Masood,GCH Hill,TG Helm,0,0,,,,,,,,,,,,,
1410272,2024,2024-04-19,"Lord's, London",1,18.3,18.3,Yorkshire,Middlesex,Shan Masood,GCH Hill,TG Helm,0,0,,,,,,,,,,,,,
1410272,2024,2024-04-19,"Lord's, London",1,18.4,18.4,Yorkshire,Middlesex,Shan Masood,GCH Hill,TG Helm,6,0,,,,,,,,,,,,,
1410272,2024,2024-04-19,"Lord's, London",1,18.5,18.5,Yorkshire,Middlesex,Shan Masood,GCH Hill,TG Helm,0,0,,,,,,,,,,,,,
1410272,2024,2024-04-19,"Lord's, London",1,18.6,18.6,Yorkshire,Middlesex,Shan Masood,GCH Hill,TG Helm,1,0,,,,,,,,,,,,,
1410272,2024,2024-04-19,"Lord's, London",1,19.1,19.1,Yorkshire,Middlesex,Shan Masood,GCH Hill,ER Bamber,0,0,,,,,,,,,,,,,
1410272,2024,2024-04-19,"Lord's, London",1,19.2,19.2,Yorkshire,Middlesex,Shan Masood,GCH Hill,ER Bamber,0,0,,,,,,,lbw,Shan Masood,,,,,
1410272,2024,2024-04-19,"Lord's, London",1,19.3,19.3,Yorkshire,Middlesex,JA Tattersall,GCH Hill,ER Bamber,0,0,,,,,,,,,,,,,
1410272,2024,2024-04-19,"Lord's, London",1,19.4,19.4,Yorkshire,Middlesex,JA Tattersall,GCH Hill,ER Bamber,0,0,,,,,,,,,,,,,
1410272,2024,2024-04-19,"Lord's, London",1,19.5,19.5,Yorkshire,Middlesex,JA Tattersall,GCH Hill,ER Bamber,0,0,,,,,,,,,,,,,
1410272,2024,2024-04-19,"Lord's, London",1,19.6,19.6,Yorkshire,Middlesex,JA Tattersall,GCH Hill,ER Bamber,0,0,,,,,,,,,,,,,
1410272,2024,2024-04-19,"Lord's, London",1,20.1,20.1,Yorkshire,Middlesex,GCH Hill,JA Tattersall,TG Helm,0,0,,,,,,,,,,,,,
1410272,2024,2024-04-19,"Lord's, London",1,20.2,20.2,Yorkshire,Middlesex,GCH Hill,JA Tattersall,TG Helm,0,0,,,,,,,,,,,,,
1410272,2024,2024-04-19,"Lord's, London",1,20.3,20.3,Yorkshire,Middlesex,GCH Hill,JA Tattersall,TG Helm,0,0,,,,,,,,,,,,,
1410272,2024,2024-04-19,"Lord's, London",1,20.4,20.4,Yorkshire,Middlesex,GCH Hill,JA Tattersall,TG Helm,0,0,,,,,,,,,,,,,
1410272,2024,2024-04-19,"Lord's, London",1,20.5,20.5,Yorkshire,Middlesex,GCH Hill,JA Tattersall,TG Helm,0,0,,,,,,,,,,,,,
1410272,2024,2024-04-19,"Lord's, London",1,20.6,20.6,Yorkshire,Middlesex,GCH Hill,JA Tattersall,TG Helm,0,0,,,,,,,,,,,,,
1410272,2024,2024-04-19,"Lord's, London",1,21.1,21.1,Yorkshire,Middlesex,JA Tattersall,GCH Hill,ER Bamber,0,0,,,,,,,,,,,,,
1410272,2024,2024-04-19,"Lord's, London",1,21.2,21.2,Yorkshire,Middlesex,JA Tattersall,GCH Hill,ER Bamber,0,0,,,,,,,,,,,,,
1410272,2024,2024-04-19,"Lord's, London",1,21.3,21.3,Yorkshire,Middlesex,JA Tattersall,GCH Hill,ER Bamber,0,0,,,,,,,,,,,,,
1410272,2024,2024-04-19,"Lord's, London",1,21.4,21.4,Yorkshire,Middlesex,JA Tattersall,GCH Hill,ER Bamber,0,0,,,,,,,,,,,,,
1410272,2024,2024-04-19,"Lord's, London",1,21.5,21.5,Yorkshire,Middlesex,JA Tattersall,GCH Hill,ER Bamber,0,0,,,,,,,,,,,,,
1410272,2024,2024-04-19,"Lord's, London",1,21.6,21.6,Yorkshire,Middlesex,JA Tattersall,GCH Hill,ER Bamber,0,0,,,,,,,,,,,,,
1410272,2024,2024-04-19,"Lord's, London",1,22.1,22.1,Yorkshire,Middlesex,GCH Hill,JA Tattersall,TG Helm,0,0,,,,,,,,,,,,,
1410272,2024,2024-04-19,"Lord's, London",1,22.2,22.2,Yorkshire,Middlesex,GCH Hill,JA Tattersall,TG Helm,0,0,,,,,,,,,,,,,
1410272,2024,2024-04-19,"Lord's, London",1,22.3,22.3,Yorkshire,Middlesex,GCH Hill,JA Tattersall,TG Helm,0,0,,,,,,,,,,,,,
1410272,2024,2024-04-19,"Lord's, London",1,22.4,22.4,Yorkshire,Middlesex,GCH Hill,JA Tattersall,TG Helm,0,0,,,,,,,,,,,,,
1410272,2024,2024-04-19,"Lord's, London",1,22.5,22.5,Yorkshire,Middlesex,GCH Hill,JA Tattersall,TG Helm,0,0,,,,,,,,,,,,,
1410272,2024,2024-04-19,"Lord's, London",1,22.6,22.6,Yorkshire,Middlesex,GCH Hill,JA Tattersall,TG Helm,0,0,,,,,,,,,,,,,
1410272,2024,2024-04-19,"Lord's, London",1,23.1,23.1,Yorkshire,Middlesex,JA Tattersall,GCH Hill,ER Bamber,0,0,,,,,,,,,,,,,
1410272,2024,2024-04-19,"Lord's, London",1,23.2,23.2,Yorkshire,Middlesex,JA Tattersall,GCH Hill,ER Bamber,2,0,,,,,,,,,,,,,
1410272,2024,2024-04-19,"Lord's, London",1,23.3,23.3,Yorkshire,Middlesex,JA Tattersall,GCH Hill,ER Bamber,0,0,,,,,,,,,,,,,
1410272,2024,2024-04-19,"Lord's, London",1,23.4,23.4,Yorkshire,Middlesex,JA Tattersall,GCH Hill,ER Bamber,0,0,,,,,,,,,,,,,
1410272,2024,2024-04-19,"Lord's, London",1,23.5,23.5,Yorkshire,Middlesex,JA Tattersall,GCH Hill,ER Bamber,0,0,,,,,,,,,,,,,
1410272,2024,2024-04-19,"Lord's, London",1,23.6,23.6,Yorkshire,Middlesex,JA Tattersall,GCH Hill,ER Bamber,0,0,,,,,,,,,,,,,
1410272,2024,2024-04-19,"Lord's, London",1,24.1,24.1,Yorkshire,Middlesex,GCH Hill,JA Tattersall,RF Higgins,0,2,,2,,,,,,,,,,,
1410272,2024,2024-04-19,"Lord's, London",1,24.2,24.1,Yorkshire,Middlesex,GCH Hill,JA Tattersall,RF Higgins,0,0,,,,,,,,,,,,,
1410272,2024,2024-04-19,"Lord's, London",1,24.3,24.2,Yorkshire,Middlesex,GCH Hill,JA Tattersall,RF Higgins,0,0,,,,,,,,,,,,,
1410272,2024,2024-04-19,"Lord's, London",1,24.4,24.3,Yorkshire,Middlesex,GCH Hill,JA Tattersall,RF Higgins,0,0,,,,,,,,,,,,,
1410272,2024,2024-04-19,"Lord's, London",1,24.5,24.4,Yorkshire,Middlesex,GCH Hill,JA Tattersall,RF Higgins,0,0,,,,,,,,,,,,,
1410272,2024,2024-04-19,"Lord's, London",1,24.6,24.5,Yorkshire,Middlesex,GCH Hill,JA Tattersall,RF Higgins,4,0,,,,,,,,,,,,,
1410272,2024,2024-04-19,"Lord's, London",1,24.7,24.6,Yorkshire,Middlesex,GCH Hill,JA Tattersall,RF Higgins,0,0,,,,,,,,,,,,,
1410272,2024,2024-04-19,"Lord's, London",1,25.1,25.1,Yorkshire,Middlesex,JA Tattersall,GCH Hill,ER Bamber,0,0,,,,,,,,,,,,,
1410272,2024,2024-04-19,"Lord's, London",1,25.2,25.2,Yorkshire,Middlesex,JA Tattersall,GCH Hill,ER Bamber,3,0,,,,,,,,,,,,,
1410272,2024,2024-04-19,"Lord's, London",1,25.3,25.3,Yorkshire,Middlesex,GCH Hill,JA Tattersall,ER Bamber,0,0,,,,,,,,,,,,,
1410272,2024,2024-04-19,"Lord's, London",1,25.4,25.4,Yorkshire,Middlesex,GCH Hill,JA Tattersall,ER Bamber,0,0,,,,,,,,,,,,,
1410272,2024,2024-04-19,"Lord's, London",1,25.5,25.5,Yorkshire,Middlesex,GCH Hill,JA Tattersall,ER Bamber,0,0,,,,,,,,,,,,,
1410272,2024,2024-04-19,"Lord's, London",1,25.6,25.6,Yorkshire,Middlesex,GCH Hill,JA Tattersall,ER Bamber,0,0,,,,,,,,,,,,,
1410272,2024,2024-04-19,"Lord's, London",1,26.1,26.1,Yorkshire,Middlesex,JA Tattersall,GCH Hill,RF Higgins,0,0,,,,,,,lbw,JA Tattersall,,,,,
1410272,2024,2024-04-19,"Lord's, London",1,26.2,26.2,Yorkshire,Middlesex,JA Thompson,GCH Hill,RF Higgins,0,0,,,,,,,,,,,,,
1410272,2024,2024-04-19,"Lord's, London",1,26.3,26.3,Yorkshire,Middlesex,JA Thompson,GCH Hill,RF Higgins,0,0,,,,,,,lbw,JA Thompson,,,,,
1410272,2024,2024-04-19,"Lord's, London",1,26.4,26.4,Yorkshire,Middlesex,BO Coad,GCH Hill,RF Higgins,4,0,,,,,,,,,,,,,
1410272,2024,2024-04-19,"Lord's, London",1,26.5,26.5,Yorkshire,Middlesex,BO Coad,GCH Hill,RF Higgins,0,2,,,,2,,,,,,,,,
1410272,2024,2024-04-19,"Lord's, London",1,26.6,26.6,Yorkshire,Middlesex,BO Coad,GCH Hill,RF Higgins,4,0,,,,,,,,,,,,,
1410272,2024,2024-04-19,"Lord's, London",1,27.1,27.1,Yorkshire,Middlesex,GCH Hill,BO Coad,ER Bamber,0,0,,,,,,,,,,,,,
1410272,2024,2024-04-19,"Lord's, London",1,27.2,27.2,Yorkshire,Middlesex,GCH Hill,BO Coad,ER Bamber,0,0,,,,,,,,,,,,,
1410272,2024,2024-04-19,"Lord's, London",1,27.3,27.3,Yorkshire,Middlesex,GCH Hill,BO Coad,ER Bamber,0,0,,,,,,,,,,,,,
1410272,2024,2024-04-19,"Lord's, London",1,27.4,27.4,Yorkshire,Middlesex,GCH Hill,BO Coad,ER Bamber,1,0,,,,,,,,,,,,,
1410272,2024,2024-04-19,"Lord's, London",1,27.5,27.5,Yorkshire,Middlesex,BO Coad,GCH Hill,ER Bamber,1,0,,,,,,,,,,,,,
1410272,2024,2024-04-19,"Lord's, London",1,27.6,27.6,Yorkshire,Middlesex,GCH Hill,BO Coad,ER Bamber,3,0,,,,,,,,,,,,,
1410272,2024,2024-04-19,"Lord's, London",1,28.1,28.1,Yorkshire,Middlesex,GCH Hill,BO Coad,RF Higgins,0,0,,,,,,,,,,,,,
1410272,2024,2024-04-19,"Lord's, London",1,28.2,28.2,Yorkshire,Middlesex,GCH Hill,BO Coad,RF Higgins,0,0,,,,,,,,,,,,,
1410272,2024,2024-04-19,"Lord's, London",1,28.3,28.3,Yorkshire,Middlesex,GCH Hill,BO Coad,RF Higgins,4,0,,,,,,,,,,,,,
1410272,2024,2024-04-19,"Lord's, London",1,28.4,28.4,Yorkshire,Middlesex,GCH Hill,BO Coad,RF Higgins,0,0,,,,,,,,,,,,,
1410272,2024,2024-04-19,"Lord's, London",1,28.5,28.5,Yorkshire,Middlesex,GCH Hill,BO Coad,RF Higgins,0,0,,,,,,,,,,,,,
1410272,2024,2024-04-19,"Lord's, London",1,28.6,28.6,Yorkshire,Middlesex,GCH Hill,BO Coad,RF Higgins,4,0,,,,,,,,,,,,,
1410272,2024,2024-04-19,"Lord's, London",1,29.1,29.1,Yorkshire,Middlesex,BO Coad,GCH Hill,ER Bamber,2,0,,,,,,,,,,,,,
1410272,2024,2024-04-19,"Lord's, London",1,29.2,29.2,Yorkshire,Middlesex,BO Coad,GCH Hill,ER Bamber,4,0,,,,,,,,,,,,,
1410272,2024,2024-04-19,"Lord's, London",1,29.3,29.3,Yorkshire,Middlesex,BO Coad,GCH Hill,ER Bamber,1,0,,,,,,,,,,,,,
1410272,2024,2024-04-19,"Lord's, London",1,29.4,29.4,Yorkshire,Middlesex,GCH Hill,BO Coad,ER Bamber,0,0,,,,,,,,,,,,,
1410272,2024,2024-04-19,"Lord's, London",1,29.5,29.5,Yorkshire,Middlesex,GCH Hill,BO Coad,ER Bamber,0,0,,,,,,,,,,,,,
1410272,2024,2024-04-19,"Lord's, London",1,29.6,29.6,Yorkshire,Middlesex,GCH Hill,BO Coad,ER Bamber,0,0,,,,,,,,,,,,,
1410272,2024,2024-04-19,"Lord's, London",1,30.1,30.1,Yorkshire,Middlesex,BO Coad,GCH Hill,RF Higgins,3,0,,,,,,,,,,,,,
1410272,2024,2024-04-19,"Lord's, London",1,30.2,30.2,Yorkshire,Middlesex,GCH Hill,BO Coad,RF Higgins,0,0,,,,,,,,,,,,,
1410272,2024,2024-04-19,"Lord's, London",1,30.3,30.3,Yorkshire,Middlesex,GCH Hill,BO Coad,RF Higgins,0,0,,,,,,,,,,,,,
1410272,2024,2024-04-19,"Lord's, London",1,30.4,30.4,Yorkshire,Middlesex,GCH Hill,BO Coad,RF Higgins,0,0,,,,,,,bowled,GCH Hill,,,,,
1410272,2024,2024-04-19,"Lord's, London",1,30.5,30.5,Yorkshire,Middlesex,D Moriarty,BO Coad,RF Higgins,0,0,,,,,,,,,,,,,
1410272,2024,2024-04-19,"Lord's, London",1,30.6,30.6,Yorkshire,Middlesex,D Moriarty,BO Coad,RF Higgins,0,1,,,1,,,,,,,,,,
1410272,2024,2024-04-19,"Lord's, London",1,31.1,31.1,Yorkshire,Middlesex,D Moriarty,BO Coad,ER Bamber,0,0,,,,,,,,,,,,,
1410272,2024,2024-04-19,"Lord's, London",1,31.2,31.2,Yorkshire,Middlesex,D Moriarty,BO Coad,ER Bamber,0,0,,,,,,,,,,,,,
1410272,2024,2024-04-19,"Lord's, London",1,31.3,31.3,Yorkshire,Middlesex,D Moriarty,BO Coad,ER Bamber,0,0,,,,,,,,,,,,,
1410272,2024,2024-04-19,"Lord's, London",1,31.4,31.4,Yorkshire,Middlesex,D Moriarty,BO Coad,ER Bamber,0,0,,,,,,,,,,,,,
1410272,2024,2024-04-19,"Lord's, London",1,31.5,31.5,Yorkshire,Middlesex,D Moriarty,BO Coad,ER Bamber,1,0,,,,,,,,,,,,,
1410272,2024,2024-04-19,"Lord's, London",1,31.6,31.6,Yorkshire,Middlesex,BO Coad,D Moriarty,ER Bamber,0,0,,,,,,,,,,,,,
1410272,2024,2024-04-19,"Lord's, London",1,32.1,32.1,Yorkshire,Middlesex,D Moriarty,BO Coad,RF Higgins,0,0,,,,,,,,,,,,,
1410272,2024,2024-04-19,"Lord's, London",1,32.2,32.2,Yorkshire,Middlesex,D Moriarty,BO Coad,RF Higgins,0,0,,,,,,,,,,,,,
1410272,2024,2024-04-19,"Lord's, London",1,32.3,32.3,Yorkshire,Middlesex,D Moriarty,BO Coad,RF Higgins,1,0,,,,,,,,,,,,,
1410272,2024,2024-04-19,"Lord's, London",1,32.4,32.4,Yorkshire,Middlesex,BO Coad,D Moriarty,RF Higgins,0,0,,,,,,,,,,,,,
1410272,2024,2024-04-19,"Lord's, London",1,32.5,32.5,Yorkshire,Middlesex,BO Coad,D Moriarty,RF Higgins,1,0,,,,,,,,,,,,,
1410272,2024,2024-04-19,"Lord's, London",1,32.6,32.6,Yorkshire,Middlesex,D Moriarty,BO Coad,RF Higgins,0,0,,,,,,,,,,,,,
1410272,2024,2024-04-19,"Lord's, London",1,33.1,33.1,Yorkshire,Middlesex,BO Coad,D Moriarty,TS Roland-Jones,1,0,,,,,,,,,,,,,
1410272,2024,2024-04-19,"Lord's, London",1,33.2,33.2,Yorkshire,Middlesex,D Moriarty,BO Coad,TS Roland-Jones,3,0,,,,,,,,,,,,,
1410272,2024,2024-04-19,"Lord's, London",1,33.3,33.3,Yorkshire,Middlesex,BO Coad,D Moriarty,TS Roland-Jones,0,0,,,,,,,,,,,,,
1410272,2024,2024-04-19,"Lord's, London",1,33.4,33.4,Yorkshire,Middlesex,BO Coad,D Moriarty,TS Roland-Jones,0,0,,,,,,,,,,,,,
1410272,2024,2024-04-19,"Lord's, London",1,33.5,33.5,Yorkshire,Middlesex,BO Coad,D Moriarty,TS Roland-Jones,0,0,,,,,,,,,,,,,
1410272,2024,2024-04-19,"Lord's, London",1,33.6,33.6,Yorkshire,Middlesex,BO Coad,D Moriarty,TS Roland-Jones,3,0,,,,,,,,,,,,,
1410272,2024,2024-04-19,"Lord's, London",1,34.1,34.1,Yorkshire,Middlesex,BO Coad,D Moriarty,RF Higgins,0,0,,,,,,,,,,,,,
1410272,2024,2024-04-19,"Lord's, London",1,34.2,34.2,Yorkshire,Middlesex,BO Coad,D Moriarty,RF Higgins,0,0,,,,,,,caught,BO Coad,,,JL du Plooy,,
1410272,2024,2024-04-19,"Lord's, London",1,34.3,34.3,Yorkshire,Middlesex,MW Edwards,D Moriarty,RF Higgins,0,0,,,,,,,,,,,,,
1410272,2024,2024-04-19,"Lord's, London",1,34.4,34.4,Yorkshire,Middlesex,MW Edwards,D Moriarty,RF Higgins,0,0,,,,,,,,,,,,,
1410272,2024,2024-04-19,"Lord's, London",1,34.5,34.5,Yorkshire,Middlesex,MW Edwards,D Moriarty,RF Higgins,0,0,,,,,,,,,,,,,
1410272,2024,2024-04-19,"Lord's, London",1,34.6,34.6,Yorkshire,Middlesex,MW Edwards,D Moriarty,RF Higgins,4,0,,,,,,,,,,,,,
1410272,2024,2024-04-19,"Lord's, London",1,35.1,35.1,Yorkshire,Middlesex,D Moriarty,MW Edwards,TS Roland-Jones,0,0,,,,,,,,,,,,,
1410272,2024,2024-04-19,"Lord's, London",1,35.2,35.2,Yorkshire,Middlesex,D Moriarty,MW Edwards,TS Roland-Jones,0,0,,,,,,,,,,,,,
1410272,2024,2024-04-19,"Lord's, London",1,35.3,35.3,Yorkshire,Middlesex,D Moriarty,MW Edwards,TS Roland-Jones,0,0,,,,,,,,,,,,,
1410272,2024,2024-04-19,"Lord's, London",1,35.4,35.4,Yorkshire,Middlesex,D Moriarty,MW Edwards,TS Roland-Jones,0,0,,,,,,,,,,,,,
1410272,2024,2024-04-19,"Lord's, London",1,35.5,35.5,Yorkshire,Middlesex,D Moriarty,MW Edwards,TS Roland-Jones,0,0,,,,,,,,,,,,,
1410272,2024,2024-04-19,"Lord's, London",1,35.6,35.6,Yorkshire,Middlesex,D Moriarty,MW Edwards,TS Roland-Jones,0,2,,,2,,,,,,,,,,
1410272,2024,2024-04-19,"Lord's, London",1,36.1,36.1,Yorkshire,Middlesex,D Moriarty,MW Edwards,TG Helm,0,0,,,,,,,,,,,,,
1410272,2024,2024-04-19,"Lord's, London",1,36.2,36.2,Yorkshire,Middlesex,D Moriarty,MW Edwards,TG Helm,0,0,,,,,,,,,,,,,
1410272,2024,2024-04-19,"Lord's, London",1,36.3,36.3,Yorkshire,Middlesex,D Moriarty,MW Edwards,TG Helm,4,0,,,,,,,,,,,,,
1410272,2024,2024-04-19,"Lord's, London",1,36.4,36.4,Yorkshire,Middlesex,D Moriarty,MW Edwards,TG Helm,1,0,,,,,,,,,,,,,
1410272,2024,2024-04-19,"Lord's, London",1,36.5,36.5,Yorkshire,Middlesex,MW Edwards,D Moriarty,TG Helm,0,0,,,,,,,,,,,,,
1410272,2024,2024-04-19,"Lord's, London",1,36.6,36.6,Yorkshire,Middlesex,MW Edwards,D Moriarty,TG Helm,1,0,,,,,,,,,,,,,
1410272,2024,2024-04-19,"Lord's, London",1,37.1,37.1,Yorkshire,Middlesex,MW Edwards,D Moriarty,TS Roland-Jones,0,0,,,,,,,,,,,,,
1410272,2024,2024-04-19,"Lord's, London",1,37.2,37.2,Yorkshire,Middlesex,MW Edwards,D Moriarty,TS Roland-Jones,1,0,,,,,,,,,,,,,
1410272,2024,2024-04-19,"Lord's, London",1,37.3,37.3,Yorkshire,Middlesex,D Moriarty,MW Edwards,TS Roland-Jones,4,0,,,,,,,,,,,,,
1410272,2024,2024-04-19,"Lord's, London",1,37.4,37.4,Yorkshire,Middlesex,D Moriarty,MW Edwards,TS Roland-Jones,0,0,,,,,,,caught,D Moriarty,,,JL du Plooy,,
1410272,2024,2024-04-19,"Lord's, London",2,0.1,0.1,Middlesex,Yorkshire,MD Stoneman,N Fernandes,BO Coad,0,0,,,,,,,,,,,,,
1410272,2024,2024-04-19,"Lord's, London",2,0.2,0.2,Middlesex,Yorkshire,MD Stoneman,N Fernandes,BO Coad,4,0,,,,,,,,,,,,,
1410272,2024,2024-04-19,"Lord's, London",2,0.3,0.3,Middlesex,Yorkshire,MD Stoneman,N Fernandes,BO Coad,1,0,,,,,,,,,,,,,
1410272,2024,2024-04-19,"Lord's, London",2,0.4,0.4,Middlesex,Yorkshire,N Fernandes,MD Stoneman,BO Coad,2,0,,,,,,,,,,,,,
1410272,2024,2024-04-19,"Lord's, London",2,0.5,0.5,Middlesex,Yorkshire,N Fernandes,MD Stoneman,BO Coad,0,0,,,,,,,,,,,,,
1410272,2024,2024-04-19,"Lord's, London",2,0.6,0.6,Middlesex,Yorkshire,N Fernandes,MD Stoneman,BO Coad,0,0,,,,,,,,,,,,,
1410272,2024,2024-04-19,"Lord's, London",2,1.1,1.1,Middlesex,Yorkshire,MD Stoneman,N Fernandes,JA Thompson,0,0,,,,,,,,,,,,,
1410272,2024,2024-04-19,"Lord's, London",2,1.2,1.2,Middlesex,Yorkshire,MD Stoneman,N Fernandes,JA Thompson,2,0,,,,,,,,,,,,,
1410272,2024,2024-04-19,"Lord's, London",2,1.3,1.3,Middlesex,Yorkshire,MD Stoneman,N Fernandes,JA Thompson,0,0,,,,,,,,,,,,,
1410272,2024,2024-04-19,"Lord's, London",2,1.4,1.4,Middlesex,Yorkshire,MD Stoneman,N Fernandes,JA Thompson,0,4,,,,4,,,,,,,,,
1410272,2024,2024-04-19,"Lord's, London",2,1.5,1.5,Middlesex,Yorkshire,MD Stoneman,N Fernandes,JA Thompson,0,0,,,,,,,,,,,,,
1410272,2024,2024-04-19,"Lord's, London",2,1.6,1.6,Middlesex,Yorkshire,MD Stoneman,N Fernandes,JA Thompson,0,0,,,,,,,,,,,,,
1410272,2024,2024-04-19,"Lord's, London",2,2.1,2.1,Middlesex,Yorkshire,N Fernandes,MD Stoneman,BO Coad,4,0,,,,,,,,,,,,,
1410272,2024,2024-04-19,"Lord's, London",2,2.2,2.2,Middlesex,Yorkshire,N Fernandes,MD Stoneman,BO Coad,0,0,,,,,,,,,,,,,
1410272,2024,2024-04-19,"Lord's, London",2,2.3,2.3,Middlesex,Yorkshire,N Fernandes,MD Stoneman,BO Coad,0,0,,,,,,,,,,,,,
1410272,2024,2024-04-19,"Lord's, London",2,2.4,2.4,Middlesex,Yorkshire,N Fernandes,MD Stoneman,BO Coad,0,0,,,,,,,,,,,,,
1410272,2024,2024-04-19,"Lord's, London",2,2.5,2.5,Middlesex,Yorkshire,N Fernandes,MD Stoneman,BO Coad,0,0,,,,,,,,,,,,,
1410272,2024,2024-04-19,"Lord's, London",2,2.6,2.6,Middlesex,Yorkshire,N Fernandes,MD Stoneman,BO Coad,0,0,,,,,,,,,,,,,
1410272,2024,2024-04-19,"Lord's, London",2,3.1,3.1,Middlesex,Yorkshire,MD Stoneman,N Fernandes,JA Thompson,0,0,,,,,,,,,,,,,
1410272,2024,2024-04-19,"Lord's, London",2,3.2,3.2,Middlesex,Yorkshire,MD Stoneman,N Fernandes,JA Thompson,0,0,,,,,,,,,,,,,
1410272,2024,2024-04-19,"Lord's, London",2,3.3,3.3,Middlesex,Yorkshire,MD Stoneman,N Fernandes,JA Thompson,1,0,,,,,,,,,,,,,
1410272,2024,2024-04-19,"Lord's, London",2,3.4,3.4,Middlesex,Yorkshire,N Fernandes,MD Stoneman,JA Thompson,0,0,,,,,,,,,,,,,
1410272,2024,2024-04-19,"Lord's, London",2,3.5,3.5,Middlesex,Yorkshire,N Fernandes,MD Stoneman,JA Thompson,0,0,,,,,,,bowled,N Fernandes,,,,,
1410272,2024,2024-04-19,"Lord's, London",2,3.6,3.6,Middlesex,Yorkshire,MDE Holden,MD Stoneman,JA Thompson,0,0,,,,,,,,,,,,,
1410272,2024,2024-04-19,"Lord's, London",2,4.1,4.1,Middlesex,Yorkshire,MD Stoneman,MDE Holden,BO Coad,0,0,,,,,,,,,,,,,
1410272,2024,2024-04-19,"Lord's, London",2,4.2,4.2,Middlesex,Yorkshire,MD Stoneman,MDE Holden,BO Coad,4,0,,,,,,,,,,,,,
1410272,2024,2024-04-19,"Lord's, London",2,4.3,4.3,Middlesex,Yorkshire,MD Stoneman,MDE Holden,BO Coad,0,0,,,,,,,,,,,,,
1410272,2024,2024-04-19,"Lord's, London",2,4.4,4.4,Middlesex,Yorkshire,MD Stoneman,MDE Holden,BO Coad,0,0,,,,,,,,,,,,,
1410272,2024,2024-04-19,"Lord's, London",2,4.5,4.5,Middlesex,Yorkshire,MD Stoneman,MDE Holden,BO Coad,0,0,,,,,,,,,,,,,
1410272,2024,2024-04-19,"Lord's, London",2,4.6,4.6,Middlesex,Yorkshire,MD Stoneman,MDE Holden,BO Coad,0,0,,,,,,,,,,,,,
1410272,2024,2024-04-19,"Lord's, London",2,5.1,5.1,Middlesex,Yorkshire,MDE Holden,MD Stoneman,JA Thompson,0,0,,,,,,,,,,,,,
1410272,2024,2024-04-19,"Lord's, London",2,5.2,5.2,Middlesex,Yorkshire,MDE Holden,MD Stoneman,JA Thompson,4,0,,,,,,,,,,,,,
1410272,2024,2024-04-19,"Lord's, London",2,5.3,5.3,Middlesex,Yorkshire,MDE Holden,MD Stoneman,JA Thompson,0,0,,,,,,,,,,,,,
1410272,2024,2024-04-19,"Lord's, London",2,5.4,5.4,Middlesex,Yorkshire,MDE Holden,MD Stoneman,JA Thompson,4,0,,,,,,,,,,,,,
1410272,2024,2024-04-19,"Lord's, London",2,5.5,5.5,Middlesex,Yorkshire,MDE Holden,MD Stoneman,JA Thompson,0,0,,,,,,,,,,,,,
1410272,2024,2024-04-19,"Lord's, London",2,5.6,5.6,Middlesex,Yorkshire,MDE Holden,MD Stoneman,JA Thompson,0,0,,,,,,,,,,,,,
1410272,2024,2024-04-19,"Lord's, London",2,6.1,6.1,Middlesex,Yorkshire,MD Stoneman,MDE Holden,MW Edwards,0,0,,,,,,,,,,,,,
1410272,2024,2024-04-19,"Lord's, London",2,6.2,6.2,Middlesex,Yorkshire,MD Stoneman,MDE Holden,MW Edwards,0,0,,,,,,,,,,,,,
1410272,2024,2024-04-19,"Lord's, London",2,6.3,6.3,Middlesex,Yorkshire,MD Stoneman,MDE Holden,MW Edwards,0,0,,,,,,,,,,,,,
1410272,2024,2024-04-19,"Lord's, London",2,6.4,6.4,Middlesex,Yorkshire,MD Stoneman,MDE Holden,MW Edwards,2,0,,,,,,,,,,,,,
1410272,2024,2024-04-19,"Lord's, London",2,6.5,6.5,Middlesex,Yorkshire,MD Stoneman,MDE Holden,MW Edwards,0,0,,,,,,,,,,,,,
1410272,2024,2024-04-19,"Lord's, London",2,6.6,6.6,Middlesex,Yorkshire,MD Stoneman,MDE Holden,MW Edwards,0,0,,,,,,,,,,,,,
1410272,2024,2024-04-19,"Lord's, London",2,7.1,7.1,Middlesex,Yorkshire,MDE Holden,MD Stoneman,JA Thompson,4,0,,,,,,,,,,,,,
1410272,2024,2024-04-19,"Lord's, London",2,7.2,7.2,Middlesex,Yorkshire,MDE Holden,MD Stoneman,JA Thompson,0,0,,,,,,,,,,,,,
1410272,2024,2024-04-19,"Lord's, London",2,7.3,7.3,Middlesex,Yorkshire,MDE Holden,MD Stoneman,JA Thompson,0,0,,,,,,,,,,,,,
1410272,2024,2024-04-19,"Lord's, London",2,7.4,7.4,Middlesex,Yorkshire,MDE Holden,MD Stoneman,JA Thompson,0,0,,,,,,,,,,,,,
1410272,2024,2024-04-19,"Lord's, London",2,7.5,7.5,Middlesex,Yorkshire,MDE Holden,MD Stoneman,JA Thompson,0,0,,,,,,,,,,,,,
1410272,2024,2024-04-19,"Lord's, London",2,7.6,7.6,Middlesex,Yorkshire,MDE Holden,MD Stoneman,JA Thompson,0,0,,,,,,,,,,,,,
1410272,2024,2024-04-19,"Lord's, London",2,8.1,8.1,Middlesex,Yorkshire,MD Stoneman,MDE Holden,MW Edwards,1,0,,,,,,,,,,,,,
1410272,2024,2024-04-19,"Lord's, London",2,8.2,8.2,Middlesex,Yorkshire,MDE Holden,MD Stoneman,MW Edwards,0,0,,,,,,,,,,,,,
1410272,2024,2024-04-19,"Lord's, London",2,8.3,8.3,Middlesex,Yorkshire,MDE Holden,MD Stoneman,MW Edwards,0,0,,,,,,,,,,,,,
1410272,2024,2024-04-19,"Lord's, London",2,8.4,8.4,Middlesex,Yorkshire,MDE Holden,MD Stoneman,MW Edwards,0,0,,,,,,,,,,,,,
1410272,2024,2024-04-19,"Lord's, London",2,8.5,8.5,Middlesex,Yorkshire,MDE Holden,MD Stoneman,MW Edwards,0,0,,,,,,,,,,,,,
1410272,2024,2024-04-19,"Lord's, London",2,8.6,8.6,Middlesex,Yorkshire,MDE Holden,MD Stoneman,MW Edwards,0,0,,,,,,,caught,MDE Holden,,,JA Tattersall,,
1410272,2024,2024-04-19,"Lord's, London",2,9.1,9.1,Middlesex,Yorkshire,MD Stoneman,JL du Plooy,JA Thompson,0,0,,,,,,,,,,,,,
1410272,2024,2024-04-19,"Lord's, London",2,9.2,9.2,Middlesex,Yorkshire,MD Stoneman,JL du Plooy,JA Thompson,0,0,,,,,,,,,,,,,
1410272,2024,2024-04-19,"Lord's, London",2,9.3,9.3,Middlesex,Yorkshire,MD Stoneman,JL du Plooy,JA Thompson,0,0,,,,,,,,,,,,,
1410272,2024,2024-04-19,"Lord's, London",2,9.4,9.4,Middlesex,Yorkshire,MD Stoneman,JL du Plooy,JA Thompson,0,0,,,,,,,,,,,,,
1410272,2024,2024-04-19,"Lord's, London",2,9.5,9.5,Middlesex,Yorkshire,MD Stoneman,JL du Plooy,JA Thompson,0,0,,,,,,,,,,,,,
1410272,2024,2024-04-19,"Lord's, London",2,9.6,9.6,Middlesex,Yorkshire,MD Stoneman,JL du Plooy,JA Thompson,4,0,,,,,,,,,,,,,
1410272,2024,2024-04-19,"Lord's, London",2,10.1,10.1,Middlesex,Yorkshire,JL du Plooy,MD Stoneman,MW Edwards,0,0,,,,,,,,,,,,,
1410272,2024,2024-04-19,"Lord's, London",2,10.2,10.2,Middlesex,Yorkshire,JL du Plooy,MD Stoneman,MW Edwards,0,0,,,,,,,,,,,,,
1410272,2024,2024-04-19,"Lord's, London",2,10.3,10.3,Middlesex,Yorkshire,JL du Plooy,MD Stoneman,MW Edwards,4,0,,,,,,,,,,,,,
1410272,2024,2024-04-19,"Lord's, London",2,10.4,10.4,Middlesex,Yorkshire,JL du Plooy,MD Stoneman,MW Edwards,0,1,1,,,,,,,,,,,,
1410272,2024,2024-04-19,"Lord's, London",2,10.5,10.4,Middlesex,Yorkshire,JL du Plooy,MD Stoneman,MW Edwards,1,0,,,,,,,,,,,,,
1410272,2024,2024-04-19,"Lord's, London",2,10.6,10.5,Middlesex,Yorkshire,MD Stoneman,JL du Plooy,MW Edwards,4,0,,,,,,,,,,,,,
1410272,2024,2024-04-19,"Lord's, London",2,10.7,10.6,Middlesex,Yorkshire,MD Stoneman,JL du Plooy,MW Edwards,0,0,,,,,,,,,,,,,
1410272,2024,2024-04-19,"Lord's, London",2,11.1,11.1,Middlesex,Yorkshire,JL du Plooy,MD Stoneman,JA Thompson,0,0,,,,,,,,,,,,,
1410272,2024,2024-04-19,"Lord's, London",2,11.2,11.2,Middlesex,Yorkshire,JL du Plooy,MD Stoneman,JA Thompson,1,0,,,,,,,,,,,,,
1410272,2024,2024-04-19,"Lord's, London",2,11.3,11.3,Middlesex,Yorkshire,MD Stoneman,JL du Plooy,JA Thompson,0,0,,,,,,,,,,,,,
1410272,2024,2024-04-19,"Lord's, London",2,11.4,11.4,Middlesex,Yorkshire,MD Stoneman,JL du Plooy,JA Thompson,1,0,,,,,,,,,,,,,
1410272,2024,2024-04-19,"Lord's, London",2,11.5,11.5,Middlesex,Yorkshire,JL du Plooy,MD Stoneman,JA Thompson,4,0,,,,,,,,,,,,,
1410272,2024,2024-04-19,"Lord's, London",2,11.6,11.6,Middlesex,Yorkshire,JL du Plooy,MD Stoneman,JA Thompson,0,0,,,,,,,,,,,,,
1410272,2024,2024-04-19,"Lord's, London",2,12.1,12.1,Middlesex,Yorkshire,MD Stoneman,JL du Plooy,MW Edwards,0,0,,,,,,,,,,,,,
1410272,2024,2024-04-19,"Lord's, London",2,12.2,12.2,Middlesex,Yorkshire,MD Stoneman,JL du Plooy,MW Edwards,2,0,,,,,,,,,,,,,
1410272,2024,2024-04-19,"Lord's, London",2,12.3,12.3,Middlesex,Yorkshire,MD Stoneman,JL du Plooy,MW Edwards,0,0,,,,,,,,,,,,,
1410272,2024,2024-04-19,"Lord's, London",2,12.4,12.4,Middlesex,Yorkshire,MD Stoneman,JL du Plooy,MW Edwards,0,0,,,,,,,,,,,,,
1410272,2024,2024-04-19,"Lord's, London",2,12.5,12.5,Middlesex,Yorkshire,MD Stoneman,JL du Plooy,MW Edwards,0,0,,,,,,,,,,,,,
1410272,2024,2024-04-19,"Lord's, London",2,12.6,12.6,Middlesex,Yorkshire,MD Stoneman,JL du Plooy,MW Edwards,1,0,,,,,,,,,,,,,
1410272,2024,2024-04-19,"Lord's, London",2,13.1,13.1,Middlesex,Yorkshire,MD Stoneman,JL du Plooy,BO Coad,0,0,,,,,,,,,,,,,
1410272,2024,2024-04-19,"Lord's, London",2,13.2,13.2,Middlesex,Yorkshire,MD Stoneman,JL du Plooy,BO Coad,0,0,,,,,,,,,,,,,
1410272,2024,2024-04-19,"Lord's, London",2,13.3,13.3,Middlesex,Yorkshire,MD Stoneman,JL du Plooy,BO Coad,4,0,,,,,,,,,,,,,
1410272,2024,2024-04-19,"Lord's, London",2,13.4,13.4,Middlesex,Yorkshire,MD Stoneman,JL du Plooy,BO Coad,0,0,,,,,,,,,,,,,
1410272,2024,2024-04-19,"Lord's, London",2,13.5,13.5,Middlesex,Yorkshire,MD Stoneman,JL du Plooy,BO Coad,0,0,,,,,,,,,,,,,
1410272,2024,2024-04-19,"Lord's, London",2,13.6,13.6,Middlesex,Yorkshire,MD Stoneman,JL du Plooy,BO Coad,0,0,,,,,,,,,,,,,
1410272,2024,2024-04-19,"Lord's, London",2,14.1,14.1,Middlesex,Yorkshire,JL du Plooy,MD Stoneman,MW Edwards,0,0,,,,,,,,,,,,,
1410272,2024,2024-04-19,"Lord's, London",2,14.2,14.2,Middlesex,Yorkshire,JL du Plooy,MD Stoneman,MW Edwards,4,0,,,,,,,,,,,,,
1410272,2024,2024-04-19,"Lord's, London",2,14.3,14.3,Middlesex,Yorkshire,JL du Plooy,MD Stoneman,MW Edwards,4,0,,,,,,,,,,,,,
1410272,2024,2024-04-19,"Lord's, London",2,14.4,14.4,Middlesex,Yorkshire,JL du Plooy,MD Stoneman,MW Edwards,1,0,,,,,,,,,,,,,
1410272,2024,2024-04-19,"Lord's, London",2,14.5,14.5,Middlesex,Yorkshire,MD Stoneman,JL du Plooy,MW Edwards,0,0,,,,,,,,,,,,,
1410272,2024,2024-04-19,"Lord's, London",2,14.6,14.6,Middlesex,Yorkshire,MD Stoneman,JL du Plooy,MW Edwards,1,0,,,,,,,,,,,,,
1410272,2024,2024-04-19,"Lord's, London",2,15.1,15.1,Middlesex,Yorkshire,MD Stoneman,JL du Plooy,BO Coad,0,0,,,,,,,,,,,,,
1410272,2024,2024-04-19,"Lord's, London",2,15.2,15.2,Middlesex,Yorkshire,MD Stoneman,JL du Plooy,BO Coad,0,0,,,,,,,,,,,,,
1410272,2024,2024-04-19,"Lord's, London",2,15.3,15.3,Middlesex,Yorkshire,MD Stoneman,JL du Plooy,BO Coad,0,0,,,,,,,,,,,,,
1410272,2024,2024-04-19,"Lord's, London",2,15.4,15.4,Middlesex,Yorkshire,MD Stoneman,JL du Plooy,BO Coad,2,0,,,,,,,,,,,,,
1410272,2024,2024-04-19,"Lord's, London",2,15.5,15.5,Middlesex,Yorkshire,MD Stoneman,JL du Plooy,BO Coad,0,0,,,,,,,,,,,,,
1410272,2024,2024-04-19,"Lord's, London",2,15.6,15.6,Middlesex,Yorkshire,MD Stoneman,JL du Plooy,BO Coad,0,0,,,,,,,,,,,,,
1410272,2024,2024-04-19,"Lord's, London",2,16.1,16.1,Middlesex,Yorkshire,JL du Plooy,MD Stoneman,MW Edwards,0,0,,,,,,,,,,,,,
1410272,2024,2024-04-19,"Lord's, London",2,16.2,16.2,Middlesex,Yorkshire,JL du Plooy,MD Stoneman,MW Edwards,0,0,,,,,,,,,,,,,
1410272,2024,2024-04-19,"Lord's, London",2,16.3,16.3,Middlesex,Yorkshire,JL du Plooy,MD Stoneman,MW Edwards,0,0,,,,,,,,,,,,,
1410272,2024,2024-04-19,"Lord's, London",2,16.4,16.4,Middlesex,Yorkshire,JL du Plooy,MD Stoneman,MW Edwards,4,0,,,,,,,,,,,,,
1410272,2024,2024-04-19,"Lord's, London",2,16.5,16.5,Middlesex,Yorkshire,JL du Plooy,MD Stoneman,MW Edwards,0,0,,,,,,,,,,,,,
1410272,2024,2024-04-19,"Lord's, London",2,16.6,16.6,Middlesex,Yorkshire,JL du Plooy,MD Stoneman,MW Edwards,0,0,,,,,,,,,,,,,
1410272,2024,2024-04-19,"Lord's, London",2,17.1,17.1,Middlesex,Yorkshire,MD Stoneman,JL du Plooy,BO Coad,0,0,,,,,,,,,,,,,
1410272,2024,2024-04-19,"Lord's, London",2,17.2,17.2,Middlesex,Yorkshire,MD Stoneman,JL du Plooy,BO Coad,4,0,,,,,,,,,,,,,
1410272,2024,2024-04-19,"Lord's, London",2,17.3,17.3,Middlesex,Yorkshire,MD Stoneman,JL du Plooy,BO Coad,0,0,,,,,,,,,,,,,
1410272,2024,2024-04-19,"Lord's, London",2,17.4,17.4,Middlesex,Yorkshire,MD Stoneman,JL du Plooy,BO Coad,0,0,,,,,,,,,,,,,
1410272,2024,2024-04-19,"Lord's, London",2,17.5,17.5,Middlesex,Yorkshire,MD Stoneman,JL du Plooy,BO Coad,0,0,,,,,,,,,,,,,
1410272,2024,2024-04-19,"Lord's, London",2,17.6,17.6,Middlesex,Yorkshire,MD Stoneman,JL du Plooy,BO Coad,0,0,,,,,,,,,,,,,
1410272,2024,2024-04-19,"Lord's, London",2,18.1,18.1,Middlesex,Yorkshire,JL du Plooy,MD Stoneman,JA Thompson,0,0,,,,,,,,,,,,,
1410272,2024,2024-04-19,"Lord's, London",2,18.2,18.2,Middlesex,Yorkshire,JL du Plooy,MD Stoneman,JA Thompson,4,0,,,,,,,,,,,,,
1410272,2024,2024-04-19,"Lord's, London",2,18.3,18.3,Middlesex,Yorkshire,JL du Plooy,MD Stoneman,JA Thompson,0,0,,,,,,,,,,,,,
1410272,2024,2024-04-19,"Lord's, London",2,18.4,18.4,Middlesex,Yorkshire,JL du Plooy,MD Stoneman,JA Thompson,0,0,,,,,,,,,,,,,
1410272,2024,2024-04-19,"Lord's, London",2,18.5,18.5,Middlesex,Yorkshire,JL du Plooy,MD Stoneman,JA Thompson,0,0,,,,,,,,,,,,,
1410272,2024,2024-04-19,"Lord's, London",2,18.6,18.6,Middlesex,Yorkshire,JL du Plooy,MD Stoneman,JA Thompson,4,0,,,,,,,,,,,,,
1410272,2024,2024-04-19,"Lord's, London",2,19.1,19.1,Middlesex,Yorkshire,MD Stoneman,JL du Plooy,BO Coad,0,0,,,,,,,,,,,,,
1410272,2024,2024-04-19,"Lord's, London",2,19.2,19.2,Middlesex,Yorkshire,MD Stoneman,JL du Plooy,BO Coad,0,0,,,,,,,,,,,,,
1410272,2024,2024-04-19,"Lord's, London",2,19.3,19.3,Middlesex,Yorkshire,MD Stoneman,JL du Plooy,BO Coad,0,0,,,,,,,,,,,,,
1410272,2024,2024-04-19,"Lord's, London",2,19.4,19.4,Middlesex,Yorkshire,MD Stoneman,JL du Plooy,BO Coad,4,0,,,,,,,,,,,,,
1410272,2024,2024-04-19,"Lord's, London",2,19.5,19.5,Middlesex,Yorkshire,MD Stoneman,JL du Plooy,BO Coad,0,0,,,,,,,,,,,,,
1410272,2024,2024-04-19,"Lord's, London",2,19.6,19.6,Middlesex,Yorkshire,MD Stoneman,JL du Plooy,BO Coad,0,0,,,,,,,,,,,,,
1410272,2024,2024-04-19,"Lord's, London",2,20.1,20.1,Middlesex,Yorkshire,JL du Plooy,MD Stoneman,JA Thompson,1,0,,,,,,,,,,,,,
1410272,2024,2024-04-19,"Lord's, London",2,20.2,20.2,Middlesex,Yorkshire,MD Stoneman,JL du Plooy,JA Thompson,0,0,,,,,,,,,,,,,
1410272,2024,2024-04-19,"Lord's, London",2,20.3,20.3,Middlesex,Yorkshire,MD Stoneman,JL du Plooy,JA Thompson,0,0,,,,,,,,,,,,,
1410272,2024,2024-04-19,"Lord's, London",2,20.4,20.4,Middlesex,Yorkshire,MD Stoneman,JL du Plooy,JA Thompson,0,0,,,,,,,,,,,,,
1410272,2024,2024-04-19,"Lord's, London",2,20.5,20.5,Middlesex,Yorkshire,MD Stoneman,JL du Plooy,JA Thompson,0,0,,,,,,,caught,MD Stoneman,,,A Lyth,,
1410272,2024,2024-04-19,"Lord's, London",2,20.6,20.6,Middlesex,Yorkshire,RF Higgins,JL du Plooy,JA Thompson,0,0,,,,,,,,,,,,,
1410272,2024,2024-04-19,"Lord's, London",2,21.1,21.1,Middlesex,Yorkshire,JL du Plooy,RF Higgins,BO Coad,0,0,,,,,,,,,,,,,
1410272,2024,2024-04-19,"Lord's, London",2,21.2,21.2,Middlesex,Yorkshire,JL du Plooy,RF Higgins,BO Coad,0,0,,,,,,,,,,,,,
1410272,2024,2024-04-19,"Lord's, London",2,21.3,21.3,Middlesex,Yorkshire,JL du Plooy,RF Higgins,BO Coad,0,0,,,,,,,,,,,,,
1410272,2024,2024-04-19,"Lord's, London",2,21.4,21.4,Middlesex,Yorkshire,JL du Plooy,RF Higgins,BO Coad,0,0,,,,,,,,,,,,,
1410272,2024,2024-04-19,"Lord's, London",2,21.5,21.5,Middlesex,Yorkshire,JL du Plooy,RF Higgins,BO Coad,1,0,,,,,,,,,,,,,
1410272,2024,2024-04-19,"Lord's, London",2,21.6,21.6,Middlesex,Yorkshire,RF Higgins,JL du Plooy,BO Coad,0,0,,,,,,,,,,,,,
1410272,2024,2024-04-19,"Lord's, London",2,22.1,22.1,Middlesex,Yorkshire,JL du Plooy,RF Higgins,JA Thompson,3,0,,,,,,,,,,,,,
1410272,2024,2024-04-19,"Lord's, London",2,22.2,22.2,Middlesex,Yorkshire,RF Higgins,JL du Plooy,JA Thompson,4,0,,,,,,,,,,,,,
1410272,2024,2024-04-19,"Lord's, London",2,22.3,22.3,Middlesex,Yorkshire,RF Higgins,JL du Plooy,JA Thompson,4,0,,,,,,,,,,,,,
1410272,2024,2024-04-19,"Lord's, London",2,22.4,22.4,Middlesex,Yorkshire,RF Higgins,JL du Plooy,JA Thompson,1,0,,,,,,,,,,,,,
1410272,2024,2024-04-19,"Lord's, London",2,22.5,22.5,Middlesex,Yorkshire,JL du Plooy,RF Higgins,JA Thompson,0,0,,,,,,,,,,,,,
1410272,2024,2024-04-19,"Lord's, London",2,22.6,22.6,Middlesex,Yorkshire,JL du Plooy,RF Higgins,JA Thompson,0,0,,,,,,,,,,,,,
1410272,2024,2024-04-19,"Lord's, London",2,23.1,23.1,Middlesex,Yorkshire,RF Higgins,JL du Plooy,BO Coad,0,0,,,,,,,,,,,,,
1410272,2024,2024-04-19,"Lord's, London",2,23.2,23.2,Middlesex,Yorkshire,RF Higgins,JL du Plooy,BO Coad,0,0,,,,,,,,,,,,,
1410272,2024,2024-04-19,"Lord's, London",2,23.3,23.3,Middlesex,Yorkshire,RF Higgins,JL du Plooy,BO Coad,0,0,,,,,,,,,,,,,
1410272,2024,2024-04-19,"Lord's, London",2,23.4,23.4,Middlesex,Yorkshire,RF Higgins,JL du Plooy,BO Coad,0,0,,,,,,,bowled,RF Higgins,,,,,
1410272,2024,2024-04-19,"Lord's, London",2,23.5,23.5,Middlesex,Yorkshire,SS Eskinazi,JL du Plooy,BO Coad,0,0,,,,,,,,,,,,,
1410272,2024,2024-04-19,"Lord's, London",2,23.6,23.6,Middlesex,Yorkshire,SS Eskinazi,JL du Plooy,BO Coad,0,0,,,,,,,,,,,,,
1410272,2024,2024-04-19,"Lord's, London",2,24.1,24.1,Middlesex,Yorkshire,JL du Plooy,SS Eskinazi,JA Thompson,4,0,,,,,,,,,,,,,
1410272,2024,2024-04-19,"Lord's, London",2,24.2,24.2,Middlesex,Yorkshire,JL du Plooy,SS Eskinazi,JA Thompson,1,0,,,,,,,,,,,,,
1410272,2024,2024-04-19,"Lord's, London",2,24.3,24.3,Middlesex,Yorkshire,SS Eskinazi,JL du Plooy,JA Thompson,0,0,,,,,,,,,,,,,
1410272,2024,2024-04-19,"Lord's, London",2,24.4,24.4,Middlesex,Yorkshire,SS Eskinazi,JL du Plooy,JA Thompson,0,0,,,,,,,caught,SS Eskinazi,,,A Lyth,,
1410272,2024,2024-04-19,"Lord's, London",2,24.5,24.5,Middlesex,Yorkshire,JLB Davies,JL du Plooy,JA Thompson,0,0,,,,,,,,,,,,,
1410272,2024,2024-04-19,"Lord's, London",2,24.6,24.6,Middlesex,Yorkshire,JLB Davies,JL du Plooy,JA Thompson,0,0,,,,,,,,,,,,,
1410272,2024,2024-04-19,"Lord's, London",2,25.1,25.1,Middlesex,Yorkshire,JL du Plooy,JLB Davies,BO Coad,1,0,,,,,,,,,,,,,
1410272,2024,2024-04-19,"Lord's, London",2,25.2,25.2,Middlesex,Yorkshire,JLB Davies,JL du Plooy,BO Coad,0,0,,,,,,,,,,,,,
1410272,2024,2024-04-19,"Lord's, London",2,25.3,25.3,Middlesex,Yorkshire,JLB Davies,JL du Plooy,BO Coad,0,0,,,,,,,,,,,,,
1410272,2024,2024-04-19,"Lord's, London",2,25.4,25.4,Middlesex,Yorkshire,JLB Davies,JL du Plooy,BO Coad,0,0,,,,,,,,,,,,,
1410272,2024,2024-04-19,"Lord's, London",2,25.5,25.5,Middlesex,Yorkshire,JLB Davies,JL du Plooy,BO Coad,0,0,,,,,,,,,,,,,
1410272,2024,2024-04-19,"Lord's, London",2,25.6,25.6,Middlesex,Yorkshire,JLB Davies,JL du Plooy,BO Coad,0,0,,,,,,,,,,,,,
1410272,2024,2024-04-19,"Lord's, London",2,26.1,26.1,Middlesex,Yorkshire,JL du Plooy,JLB Davies,JA Thompson,1,0,,,,,,,,,,,,,
1410272,2024,2024-04-19,"Lord's, London",2,26.2,26.2,Middlesex,Yorkshire,JLB Davies,JL du Plooy,JA Thompson,0,0,,,,,,,,,,,,,
1410272,2024,2024-04-19,"Lord's, London",2,26.3,26.3,Middlesex,Yorkshire,JLB Davies,JL du Plooy,JA Thompson,4,0,,,,,,,,,,,,,
1410272,2024,2024-04-19,"Lord's, London",2,26.4,26.4,Middlesex,Yorkshire,JLB Davies,JL du Plooy,JA Thompson,1,0,,,,,,,,,,,,,
1410272,2024,2024-04-19,"Lord's, London",2,26.5,26.5,Middlesex,Yorkshire,JL du Plooy,JLB Davies,JA Thompson,4,0,,,,,,,,,,,,,
1410272,2024,2024-04-19,"Lord's, London",2,26.6,26.6,Middlesex,Yorkshire,JL du Plooy,JLB Davies,JA Thompson,1,0,,,,,,,,,,,,,
1410272,2024,2024-04-19,"Lord's, London",2,27.1,27.1,Middlesex,Yorkshire,JL du Plooy,JLB Davies,BO Coad,0,0,,,,,,,,,,,,,
1410272,2024,2024-04-19,"Lord's, London",2,27.2,27.2,Middlesex,Yorkshire,JL du Plooy,JLB Davies,BO Coad,1,0,,,,,,,,,,,,,
1410272,2024,2024-04-19,"Lord's, London",2,27.3,27.3,Middlesex,Yorkshire,JLB Davies,JL du Plooy,BO Coad,0,0,,,,,,,,,,,,,
1410272,2024,2024-04-19,"Lord's, London",2,27.4,27.4,Middlesex,Yorkshire,JLB Davies,JL du Plooy,BO Coad,4,0,,,,,,,,,,,,,
1410272,2024,2024-04-19,"Lord's, London",2,27.5,27.5,Middlesex,Yorkshire,JLB Davies,JL du Plooy,BO Coad,1,0,,,,,,,,,,,,,
1410272,2024,2024-04-19,"Lord's, London",2,27.6,27.6,Middlesex,Yorkshire,JL du Plooy,JLB Davies,BO Coad,0,0,,,,,,,,,,,,,
1410272,2024,2024-04-19,"Lord's, London",2,28.1,28.1,Middlesex,Yorkshire,JLB Davies,JL du Plooy,GCH Hill,0,0,,,,,,,,,,,,,
1410272,2024,2024-04-19,"Lord's, London",2,28.2,28.2,Middlesex,Yorkshire,JLB Davies,JL du Plooy,GCH Hill,0,0,,,,,,,,,,,,,
1410272,2024,2024-04-19,"Lord's, London",2,28.3,28.3,Middlesex,Yorkshire,JLB Davies,JL du Plooy,GCH Hill,0,0,,,,,,,,,,,,,
1410272,2024,2024-04-19,"Lord's, London",2,28.4,28.4,Middlesex,Yorkshire,JLB Davies,JL du Plooy,GCH Hill,0,0,,,,,,,,,,,,,
1410272,2024,2024-04-19,"Lord's, London",2,28.5,28.5,Middlesex,Yorkshire,JLB Davies,JL du Plooy,GCH Hill,0,0,,,,,,,,,,,,,
1410272,2024,2024-04-19,"Lord's, London",2,28.6,28.6,Middlesex,Yorkshire,JLB Davies,JL du Plooy,GCH Hill,0,0,,,,,,,,,,,,,
1410272,2024,2024-04-19,"Lord's, London",2,29.1,29.1,Middlesex,Yorkshire,JL du Plooy,JLB Davies,BO Coad,2,0,,,,,,,,,,,,,
1410272,2024,2024-04-19,"Lord's, London",2,29.2,29.2,Middlesex,Yorkshire,JL du Plooy,JLB Davies,BO Coad,0,0,,,,,,,,,,,,,
1410272,2024,2024-04-19,"Lord's, London",2,29.3,29.3,Middlesex,Yorkshire,JL du Plooy,JLB Davies,BO Coad,0,0,,,,,,,,,,,,,
1410272,2024,2024-04-19,"Lord's, London",2,29.4,29.4,Middlesex,Yorkshire,JL du Plooy,JLB Davies,BO Coad,0,0,,,,,,,,,,,,,
1410272,2024,2024-04-19,"Lord's, London",2,29.5,29.5,Middlesex,Yorkshire,JL du Plooy,JLB Davies,BO Coad,0,0,,,,,,,bowled,JL du Plooy,,,,,
1410272,2024,2024-04-19,"Lord's, London",2,29.6,29.6,Middlesex,Yorkshire,JM De Caires,JLB Davies,BO Coad,0,0,,,,,,,,,,,,,
1410272,2024,2024-04-19,"Lord's, London",2,30.1,30.1,Middlesex,Yorkshire,JLB Davies,JM De Caires,GCH Hill,0,0,,,,,,,,,,,,,
1410272,2024,2024-04-19,"Lord's, London",2,30.2,30.2,Middlesex,Yorkshire,JLB Davies,JM De Caires,GCH Hill,0,0,,,,,,,,,,,,,
1410272,2024,2024-04-19,"Lord's, London",2,30.3,30.3,Middlesex,Yorkshire,JLB Davies,JM De Caires,GCH Hill,0,0,,,,,,,,,,,,,
1410272,2024,2024-04-19,"Lord's, London",2,30.4,30.4,Middlesex,Yorkshire,JLB Davies,JM De Caires,GCH Hill,0,0,,,,,,,,,,,,,
1410272,2024,2024-04-19,"Lord's, London",2,30.5,30.5,Middlesex,Yorkshire,JLB Davies,JM De Caires,GCH Hill,0,0,,,,,,,,,,,,,
1410272,2024,2024-04-19,"Lord's, London",2,30.6,30.6,Middlesex,Yorkshire,JLB Davies,JM De Caires,GCH Hill,1,0,,,,,,,,,,,,,
1410272,2024,2024-04-19,"Lord's, London",2,31.1,31.1,Middlesex,Yorkshire,JLB Davies,JM De Caires,BO Coad,0,0,,,,,,,,,,,,,
1410272,2024,2024-04-19,"Lord's, London",2,31.2,31.2,Middlesex,Yorkshire,JLB Davies,JM De Caires,BO Coad,0,0,,,,,,,,,,,,,
1410272,2024,2024-04-19,"Lord's, London",2,31.3,31.3,Middlesex,Yorkshire,JLB Davies,JM De Caires,BO Coad,0,0,,,,,,,,,,,,,
1410272,2024,2024-04-19,"Lord's, London",2,31.4,31.4,Middlesex,Yorkshire,JLB Davies,JM De Caires,BO Coad,0,0,,,,,,,lbw,JLB Davies,,,,,
1410272,2024,2024-04-19,"Lord's, London",2,31.5,31.5,Middlesex,Yorkshire,TS Roland-Jones,JM De Caires,BO Coad,0,0,,,,,,,,,,,,,
1410272,2024,2024-04-19,"Lord's, London",2,31.6,31.6,Middlesex,Yorkshire,TS Roland-Jones,JM De Caires,BO Coad,0,0,,,,,,,,,,,,,
1410272,2024,2024-04-19,"Lord's, London",2,32.1,32.1,Middlesex,Yorkshire,JM De Caires,TS Roland-Jones,GCH Hill,1,0,,,,,,,,,,,,,
1410272,2024,2024-04-19,"Lord's, London",2,32.2,32.2,Middlesex,Yorkshire,TS Roland-Jones,JM De Caires,GCH Hill,0,0,,,,,,,,,,,,,
1410272,2024,2024-04-19,"Lord's, London",2,32.3,32.3,Middlesex,Yorkshire,TS Roland-Jones,JM De Caires,GCH Hill,0,0,,,,,,,,,,,,,
1410272,2024,2024-04-19,"Lord's, London",2,32.4,32.4,Middlesex,Yorkshire,TS Roland-Jones,JM De Caires,GCH Hill,0,0,,,,,,,,,,,,,
1410272,2024,2024-04-19,"Lord's, London",2,32.5,32.5,Middlesex,Yorkshire,TS Roland-Jones,JM De Caires,GCH Hill,4,0,,,,,,,,,,,,,
1410272,2024,2024-04-19,"Lord's, London",2,32.6,32.6,Middlesex,Yorkshire,TS Roland-Jones,JM De Caires,GCH Hill,0,0,,,,,,,,,,,,,
1410272,2024,2024-04-19,"Lord's, London",2,33.1,33.1,Middlesex,Yorkshire,JM De Caires,TS Roland-Jones,BO Coad,0,0,,,,,,,,,,,,,
1410272,2024,2024-04-19,"Lord's, London",2,33.2,33.2,Middlesex,Yorkshire,JM De Caires,TS Roland-Jones,BO Coad,0,0,,,,,,,,,,,,,
1410272,2024,2024-04-19,"Lord's, London",2,33.3,33.3,Middlesex,Yorkshire,JM De Caires,TS Roland-Jones,BO Coad,4,0,,,,,,,,,,,,,
1410272,2024,2024-04-19,"Lord's, London",2,33.4,33.4,Middlesex,Yorkshire,JM De Caires,TS Roland-Jones,BO Coad,0,0,,,,,,,,,,,,,
1410272,2024,2024-04-19,"Lord's, London",2,33.5,33.5,Middlesex,Yorkshire,JM De Caires,TS Roland-Jones,BO Coad,0,0,,,,,,,,,,,,,
1410272,2024,2024-04-19,"Lord's, London",2,33.6,33.6,Middlesex,Yorkshire,JM De Caires,TS Roland-Jones,BO Coad,0,0,,,,,,,,,,,,,
1410272,2024,2024-04-19,"Lord's, London",2,34.1,34.1,Middlesex,Yorkshire,TS Roland-Jones,JM De Caires,MW Edwards,0,0,,,,,,,,,,,,,
1410272,2024,2024-04-19,"Lord's, London",2,34.2,34.2,Middlesex,Yorkshire,TS Roland-Jones,JM De Caires,MW Edwards,0,2,,,,2,,,,,,,,,
1410272,2024,2024-04-19,"Lord's, London",2,34.3,34.3,Middlesex,Yorkshire,TS Roland-Jones,JM De Caires,MW Edwards,0,0,,,,,,,,,,,,,
1410272,2024,2024-04-19,"Lord's, London",2,34.4,34.4,Middlesex,Yorkshire,TS Roland-Jones,JM De Caires,MW Edwards,4,0,,,,,,,,,,,,,
1410272,2024,2024-04-19,"Lord's, London",2,34.5,34.5,Middlesex,Yorkshire,TS Roland-Jones,JM De Caires,MW Edwards,2,0,,,,,,,,,,,,,
1410272,2024,2024-04-19,"Lord's, London",2,34.6,34.6,Middlesex,Yorkshire,TS Roland-Jones,JM De Caires,MW Edwards,4,0,,,,,,,,,,,,,
1410272,2024,2024-04-19,"Lord's, London",2,35.1,35.1,Middlesex,Yorkshire,JM De Caires,TS Roland-Jones,BO Coad,4,0,,,,,,,,,,,,,
1410272,2024,2024-04-19,"Lord's, London",2,35.2,35.2,Middlesex,Yorkshire,JM De Caires,TS Roland-Jones,BO Coad,0,0,,,,,,,,,,,,,
1410272,2024,2024-04-19,"Lord's, London",2,35.3,35.3,Middlesex,Yorkshire,JM De Caires,TS Roland-Jones,BO Coad,0,0,,,,,,,,,,,,,
1410272,2024,2024-04-19,"Lord's, London",2,35.4,35.4,Middlesex,Yorkshire,JM De Caires,TS Roland-Jones,BO Coad,0,0,,,,,,,,,,,,,
1410272,2024,2024-04-19,"Lord's, London",2,35.5,35.5,Middlesex,Yorkshire,JM De Caires,TS Roland-Jones,BO Coad,2,0,,,,,,,,,,,,,
1410272,2024,2024-04-19,"Lord's, London",2,35.6,35.6,Middlesex,Yorkshire,JM De Caires,TS Roland-Jones,BO Coad,0,0,,,,,,,,,,,,,
1410272,2024,2024-04-19,"Lord's, London",2,36.1,36.1,Middlesex,Yorkshire,TS Roland-Jones,JM De Caires,MW Edwards,1,0,,,,,,,,,,,,,
1410272,2024,2024-04-19,"Lord's, London",2,36.2,36.2,Middlesex,Yorkshire,JM De Caires,TS Roland-Jones,MW Edwards,4,0,,,,,,,,,,,,,
1410272,2024,2024-04-19,"Lord's, London",2,36.3,36.3,Middlesex,Yorkshire,JM De Caires,TS Roland-Jones,MW Edwards,0,0,,,,,,,,,,,,,
1410272,2024,2024-04-19,"Lord's, London",2,36.4,36.4,Middlesex,Yorkshire,JM De Caires,TS Roland-Jones,MW Edwards,0,0,,,,,,,,,,,,,
1410272,2024,2024-04-19,"Lord's, London",2,36.5,36.5,Middlesex,Yorkshire,JM De Caires,TS Roland-Jones,MW Edwards,0,0,,,,,,,,,,,,,
1410272,2024,2024-04-19,"Lord's, London",2,36.6,36.6,Middlesex,Yorkshire,JM De Caires,TS Roland-Jones,MW Edwards,1,0,,,,,,,,,,,,,
1410272,2024,2024-04-19,"Lord's, London",2,37.1,37.1,Middlesex,Yorkshire,JM De Caires,TS Roland-Jones,BO Coad,0,0,,,,,,,,,,,,,
1410272,2024,2024-04-19,"Lord's, London",2,37.2,37.2,Middlesex,Yorkshire,JM De Caires,TS Roland-Jones,BO Coad,0,0,,,,,,,,,,,,,
1410272,2024,2024-04-19,"Lord's, London",2,37.3,37.3,Middlesex,Yorkshire,JM De Caires,TS Roland-Jones,BO Coad,0,0,,,,,,,,,,,,,
1410272,2024,2024-04-19,"Lord's, London",2,37.4,37.4,Middlesex,Yorkshire,JM De Caires,TS Roland-Jones,BO Coad,0,0,,,,,,,,,,,,,
1410272,2024,2024-04-19,"Lord's, London",2,37.5,37.5,Middlesex,Yorkshire,JM De Caires,TS Roland-Jones,BO Coad,0,0,,,,,,,,,,,,,
1410272,2024,2024-04-19,"Lord's, London",2,37.6,37.6,Middlesex,Yorkshire,JM De Caires,TS Roland-Jones,BO Coad,0,0,,,,,,,,,,,,,
1410272,2024,2024-04-19,"Lord's, London",2,38.1,38.1,Middlesex,Yorkshire,TS Roland-Jones,JM De Caires,MW Edwards,0,0,,,,,,,,,,,,,
1410272,2024,2024-04-19,"Lord's, London",2,38.2,38.2,Middlesex,Yorkshire,TS Roland-Jones,JM De Caires,MW Edwards,4,0,,,,,,,,,,,,,
1410272,2024,2024-04-19,"Lord's, London",2,38.3,38.3,Middlesex,Yorkshire,TS Roland-Jones,JM De Caires,MW Edwards,2,0,,,,,,,,,,,,,
1410272,2024,2024-04-19,"Lord's, London",2,38.4,38.4,Middlesex,Yorkshire,TS Roland-Jones,JM De Caires,MW Edwards,0,0,,,,,,,,,,,,,
1410272,2024,2024-04-19,"Lord's, London",2,38.5,38.5,Middlesex,Yorkshire,TS Roland-Jones,JM De Caires,MW Edwards,0,0,,,,,,,,,,,,,
1410272,2024,2024-04-19,"Lord's, London",2,38.6,38.6,Middlesex,Yorkshire,TS Roland-Jones,JM De Caires,MW Edwards,4,0,,,,,,,,,,,,,
1410272,2024,2024-04-19,"Lord's, London",2,39.1,39.1,Middlesex,Yorkshire,JM De Caires,TS Roland-Jones,GCH Hill,0,0,,,,,,,,,,,,,
1410272,2024,2024-04-19,"Lord's, London",2,39.2,39.2,Middlesex,Yorkshire,JM De Caires,TS Roland-Jones,GCH Hill,4,0,,,,,,,,,,,,,
1410272,2024,2024-04-19,"Lord's, London",2,39.3,39.3,Middlesex,Yorkshire,JM De Caires,TS Roland-Jones,GCH Hill,0,0,,,,,,,,,,,,,
1410272,2024,2024-04-19,"Lord's, London",2,39.4,39.4,Middlesex,Yorkshire,JM De Caires,TS Roland-Jones,GCH Hill,0,0,,,,,,,,,,,,,
1410272,2024,2024-04-19,"Lord's, London",2,39.5,39.5,Middlesex,Yorkshire,JM De Caires,TS Roland-Jones,GCH Hill,4,0,,,,,,,,,,,,,
1410272,2024,2024-04-19,"Lord's, London",2,39.6,39.6,Middlesex,Yorkshire,JM De Caires,TS Roland-Jones,GCH Hill,0,0,,,,,,,,,,,,,
1410272,2024,2024-04-19,"Lord's, London",2,40.1,40.1,Middlesex,Yorkshire,TS Roland-Jones,JM De Caires,MW Edwards,0,0,,,,,,,,,,,,,
1410272,2024,2024-04-19,"Lord's, London",2,40.2,40.2,Middlesex,Yorkshire,TS Roland-Jones,JM De Caires,MW Edwards,0,0,,,,,,,,,,,,,
1410272,2024,2024-04-19,"Lord's, London",2,40.3,40.3,Middlesex,Yorkshire,TS Roland-Jones,JM De Caires,MW Edwards,0,0,,,,,,,,,,,,,
1410272,2024,2024-04-19,"Lord's, London",2,40.4,40.4,Middlesex,Yorkshire,TS Roland-Jones,JM De Caires,MW Edwards,4,0,,,,,,,,,,,,,
1410272,2024,2024-04-19,"Lord's, London",2,40.5,40.5,Middlesex,Yorkshire,TS Roland-Jones,JM De Caires,MW Edwards,1,0,,,,,,,,,,,,,
1410272,2024,2024-04-19,"Lord's, London",2,40.6,40.6,Middlesex,Yorkshire,JM De Caires,TS Roland-Jones,MW Edwards,0,0,,,,,,,,,,,,,
1410272,2024,2024-04-19,"Lord's, London",2,41.1,41.1,Middlesex,Yorkshire,TS Roland-Jones,JM De Caires,JA Thompson,0,0,,,,,,,,,,,,,
1410272,2024,2024-04-19,"Lord's, London",2,41.2,41.2,Middlesex,Yorkshire,TS Roland-Jones,JM De Caires,JA Thompson,0,0,,,,,,,,,,,,,
1410272,2024,2024-04-19,"Lord's, London",2,41.3,41.3,Middlesex,Yorkshire,TS Roland-Jones,JM De Caires,JA Thompson,0,0,,,,,,,caught and bowled,TS Roland-Jones,,,,,
1410272,2024,2024-04-19,"Lord's, London",2,41.4,41.4,Middlesex,Yorkshire,TG Helm,JM De Caires,JA Thompson,0,0,,,,,,,,,,,,,
1410272,2024,2024-04-19,"Lord's, London",2,41.5,41.5,Middlesex,Yorkshire,TG Helm,JM De Caires,JA Thompson,0,0,,,,,,,,,,,,,
1410272,2024,2024-04-19,"Lord's, London",2,41.6,41.6,Middlesex,Yorkshire,TG Helm,JM De Caires,JA Thompson,0,0,,,,,,,,,,,,,
1410272,2024,2024-04-19,"Lord's, London",2,42.1,42.1,Middlesex,Yorkshire,JM De Caires,TG Helm,GCH Hill,1,0,,,,,,,,,,,,,
1410272,2024,2024-04-19,"Lord's, London",2,42.2,42.2,Middlesex,Yorkshire,TG Helm,JM De Caires,GCH Hill,0,0,,,,,,,,,,,,,
1410272,2024,2024-04-19,"Lord's, London",2,42.3,42.3,Middlesex,Yorkshire,TG Helm,JM De Caires,GCH Hill,0,0,,,,,,,,,,,,,
1410272,2024,2024-04-19,"Lord's, London",2,42.4,42.4,Middlesex,Yorkshire,TG Helm,JM De Caires,GCH Hill,0,0,,,,,,,,,,,,,
1410272,2024,2024-04-19,"Lord's, London",2,42.5,42.5,Middlesex,Yorkshire,TG Helm,JM De Caires,GCH Hill,0,0,,,,,,,,,,,,,
1410272,2024,2024-04-19,"Lord's, London",2,42.6,42.6,Middlesex,Yorkshire,TG Helm,JM De Caires,GCH Hill,0,0,,,,,,,,,,,,,
1410272,2024,2024-04-19,"Lord's, London",2,43.1,43.1,Middlesex,Yorkshire,JM De Caires,TG Helm,JA Thompson,0,0,,,,,,,,,,,,,
1410272,2024,2024-04-19,"Lord's, London",2,43.2,43.2,Middlesex,Yorkshire,JM De Caires,TG Helm,JA Thompson,0,0,,,,,,,,,,,,,
1410272,2024,2024-04-19,"Lord's, London",2,43.3,43.3,Middlesex,Yorkshire,JM De Caires,TG Helm,JA Thompson,0,0,,,,,,,,,,,,,
1410272,2024,2024-04-19,"Lord's, London",2,43.4,43.4,Middlesex,Yorkshire,JM De Caires,TG Helm,JA Thompson,1,0,,,,,,,,,,,,,
1410272,2024,2024-04-19,"Lord's, London",2,43.5,43.5,Middlesex,Yorkshire,TG Helm,JM De Caires,JA Thompson,0,0,,,,,,,,,,,,,
1410272,2024,2024-04-19,"Lord's, London",2,43.6,43.6,Middlesex,Yorkshire,TG Helm,JM De Caires,JA Thompson,1,0,,,,,,,,,,,,,
1410272,2024,2024-04-19,"Lord's, London",2,44.1,44.1,Middlesex,Yorkshire,TG Helm,JM De Caires,GCH Hill,0,0,,,,,,,,,,,,,
1410272,2024,2024-04-19,"Lord's, London",2,44.2,44.2,Middlesex,Yorkshire,TG Helm,JM De Caires,GCH Hill,0,0,,,,,,,,,,,,,
1410272,2024,2024-04-19,"Lord's, London",2,44.3,44.3,Middlesex,Yorkshire,TG Helm,JM De Caires,GCH Hill,0,0,,,,,,,,,,,,,
1410272,2024,2024-04-19,"Lord's, London",2,44.4,44.4,Middlesex,Yorkshire,TG Helm,JM De Caires,GCH Hill,4,0,,,,,,,,,,,,,
1410272,2024,2024-04-19,"Lord's, London",2,44.5,44.5,Middlesex,Yorkshire,TG Helm,JM De Caires,GCH Hill,0,0,,,,,,,,,,,,,
1410272,2024,2024-04-19,"Lord's, London",2,44.6,44.6,Middlesex,Yorkshire,TG Helm,JM De Caires,GCH Hill,4,0,,,,,,,,,,,,,
1410272,2024,2024-04-19,"Lord's, London",2,45.1,45.1,Middlesex,Yorkshire,JM De Caires,TG Helm,JA Thompson,0,0,,,,,,,,,,,,,
1410272,2024,2024-04-19,"Lord's, London",2,45.2,45.2,Middlesex,Yorkshire,JM De Caires,TG Helm,JA Thompson,0,0,,,,,,,,,,,,,
1410272,2024,2024-04-19,"Lord's, London",2,45.3,45.3,Middlesex,Yorkshire,JM De Caires,TG Helm,JA Thompson,1,0,,,,,,,,,,,,,
1410272,2024,2024-04-19,"Lord's, London",2,45.4,45.4,Middlesex,Yorkshire,TG Helm,JM De Caires,JA Thompson,0,0,,,,,,,,,,,,,
1410272,2024,2024-04-19,"Lord's, London",2,45.5,45.5,Middlesex,Yorkshire,TG Helm,JM De Caires,JA Thompson,0,0,,,,,,,,,,,,,
1410272,2024,2024-04-19,"Lord's, London",2,45.6,45.6,Middlesex,Yorkshire,TG Helm,JM De Caires,JA Thompson,0,0,,,,,,,,,,,,,
1410272,2024,2024-04-19,"Lord's, London",2,46.1,46.1,Middlesex,Yorkshire,JM De Caires,TG Helm,GCH Hill,0,0,,,,,,,,,,,,,
1410272,2024,2024-04-19,"Lord's, London",2,46.2,46.2,Middlesex,Yorkshire,JM De Caires,TG Helm,GCH Hill,4,0,,,,,,,,,,,,,
1410272,2024,2024-04-19,"Lord's, London",2,46.3,46.3,Middlesex,Yorkshire,JM De Caires,TG Helm,GCH Hill,0,0,,,,,,,,,,,,,
1410272,2024,2024-04-19,"Lord's, London",2,46.4,46.4,Middlesex,Yorkshire,JM De Caires,TG Helm,GCH Hill,0,0,,,,,,,,,,,,,
1410272,2024,2024-04-19,"Lord's, London",2,46.5,46.5,Middlesex,Yorkshire,JM De Caires,TG Helm,GCH Hill,0,0,,,,,,,,,,,,,
1410272,2024,2024-04-19,"Lord's, London",2,46.6,46.6,Middlesex,Yorkshire,JM De Caires,TG Helm,GCH Hill,1,0,,,,,,,,,,,,,
1410272,2024,2024-04-19,"Lord's, London",2,47.1,47.1,Middlesex,Yorkshire,JM De Caires,TG Helm,JA Thompson,2,0,,,,,,,,,,,,,
1410272,2024,2024-04-19,"Lord's, London",2,47.2,47.2,Middlesex,Yorkshire,JM De Caires,TG Helm,JA Thompson,0,0,,,,,,,,,,,,,
1410272,2024,2024-04-19,"Lord's, London",2,47.3,47.3,Middlesex,Yorkshire,JM De Caires,TG Helm,JA Thompson,0,0,,,,,,,,,,,,,
1410272,2024,2024-04-19,"Lord's, London",2,47.4,47.4,Middlesex,Yorkshire,JM De Caires,TG Helm,JA Thompson,0,0,,,,,,,,,,,,,
1410272,2024,2024-04-19,"Lord's, London",2,47.5,47.5,Middlesex,Yorkshire,JM De Caires,TG Helm,JA Thompson,1,0,,,,,,,,,,,,,
1410272,2024,2024-04-19,"Lord's, London",2,47.6,47.6,Middlesex,Yorkshire,TG Helm,JM De Caires,JA Thompson,0,0,,,,,,,,,,,,,
1410272,2024,2024-04-19,"Lord's, London",2,48.1,48.1,Middlesex,Yorkshire,JM De Caires,TG Helm,D Moriarty,0,0,,,,,,,,,,,,,
1410272,2024,2024-04-19,"Lord's, London",2,48.2,48.2,Middlesex,Yorkshire,JM De Caires,TG Helm,D Moriarty,4,0,,,,,,,,,,,,,
1410272,2024,2024-04-19,"Lord's, London",2,48.3,48.3,Middlesex,Yorkshire,JM De Caires,TG Helm,D Moriarty,0,0,,,,,,,,,,,,,
1410272,2024,2024-04-19,"Lord's, London",2,48.4,48.4,Middlesex,Yorkshire,JM De Caires,TG Helm,D Moriarty,0,0,,,,,,,,,,,,,
1410272,2024,2024-04-19,"Lord's, London",2,48.5,48.5,Middlesex,Yorkshire,JM De Caires,TG Helm,D Moriarty,1,0,,,,,,,,,,,,,
1410272,2024,2024-04-19,"Lord's, London",2,48.6,48.6,Middlesex,Yorkshire,TG Helm,JM De Caires,D Moriarty,2,0,,,,,,,,,,,,,
1410272,2024,2024-04-19,"Lord's, London",2,49.1,49.1,Middlesex,Yorkshire,JM De Caires,TG Helm,BO Coad,4,0,,,,,,,,,,,,,
1410272,2024,2024-04-19,"Lord's, London",2,49.2,49.2,Middlesex,Yorkshire,JM De Caires,TG Helm,BO Coad,2,0,,,,,,,,,,,,,
1410272,2024,2024-04-19,"Lord's, London",2,49.3,49.3,Middlesex,Yorkshire,JM De Caires,TG Helm,BO Coad,0,0,,,,,,,,,,,,,
1410272,2024,2024-04-19,"Lord's, London",2,49.4,49.4,Middlesex,Yorkshire,JM De Caires,TG Helm,BO Coad,1,0,,,,,,,,,,,,,
1410272,2024,2024-04-19,"Lord's, London",2,49.5,49.5,Middlesex,Yorkshire,TG Helm,JM De Caires,BO Coad,1,0,,,,,,,,,,,,,
1410272,2024,2024-04-19,"Lord's, London",2,49.6,49.6,Middlesex,Yorkshire,JM De Caires,TG Helm,BO Coad,0,0,,,,,,,,,,,,,
1410272,2024,2024-04-19,"Lord's, London",2,50.1,50.1,Middlesex,Yorkshire,TG Helm,JM De Caires,D Moriarty,1,0,,,,,,,,,,,,,
1410272,2024,2024-04-19,"Lord's, London",2,50.2,50.2,Middlesex,Yorkshire,JM De Caires,TG Helm,D Moriarty,0,0,,,,,,,,,,,,,
1410272,2024,2024-04-19,"Lord's, London",2,50.3,50.3,Middlesex,Yorkshire,JM De Caires,TG Helm,D Moriarty,1,0,,,,,,,,,,,,,
1410272,2024,2024-04-19,"Lord's, London",2,50.4,50.4,Middlesex,Yorkshire,TG Helm,JM De Caires,D Moriarty,0,0,,,,,,,,,,,,,
1410272,2024,2024-04-19,"Lord's, London",2,50.5,50.5,Middlesex,Yorkshire,TG Helm,JM De Caires,D Moriarty,1,0,,,,,,,,,,,,,
1410272,2024,2024-04-19,"Lord's, London",2,50.6,50.6,Middlesex,Yorkshire,JM De Caires,TG Helm,D Moriarty,2,0,,,,,,,,,,,,,
1410272,2024,2024-04-19,"Lord's, London",2,51.1,51.1,Middlesex,Yorkshire,TG Helm,JM De Caires,BO Coad,0,0,,,,,,,,,,,,,
1410272,2024,2024-04-19,"Lord's, London",2,51.2,51.2,Middlesex,Yorkshire,TG Helm,JM De Caires,BO Coad,0,0,,,,,,,,,,,,,
1410272,2024,2024-04-19,"Lord's, London",2,51.3,51.3,Middlesex,Yorkshire,TG Helm,JM De Caires,BO Coad,1,0,,,,,,,,,,,,,
1410272,2024,2024-04-19,"Lord's, London",2,51.4,51.4,Middlesex,Yorkshire,JM De Caires,TG Helm,BO Coad,0,0,,,,,,,,,,,,,
1410272,2024,2024-04-19,"Lord's, London",2,51.5,51.5,Middlesex,Yorkshire,JM De Caires,TG Helm,BO Coad,0,0,,,,,,,caught,JM De Caires,,,JA Tattersall,,
1410272,2024,2024-04-19,"Lord's, London",2,51.6,51.6,Middlesex,Yorkshire,ER Bamber,TG Helm,BO Coad,0,0,,,,,,,,,,,,,
1410272,2024,2024-04-19,"Lord's, London",2,52.1,52.1,Middlesex,Yorkshire,TG Helm,ER Bamber,JA Thompson,1,0,,,,,,,,,,,,,
1410272,2024,2024-04-19,"Lord's, London",2,52.2,52.2,Middlesex,Yorkshire,ER Bamber,TG Helm,JA Thompson,0,0,,,,,,,,,,,,,
1410272,2024,2024-04-19,"Lord's, London",2,52.3,52.3,Middlesex,Yorkshire,ER Bamber,TG Helm,JA Thompson,0,0,,,,,,,,,,,,,
1410272,2024,2024-04-19,"Lord's, London",2,52.4,52.4,Middlesex,Yorkshire,ER Bamber,TG Helm,JA Thompson,0,0,,,,,,,,,,,,,
1410272,2024,2024-04-19,"Lord's, London",2,52.5,52.5,Middlesex,Yorkshire,ER Bamber,TG Helm,JA Thompson,4,0,,,,,,,,,,,,,
1410272,2024,2024-04-19,"Lord's, London",2,52.6,52.6,Middlesex,Yorkshire,ER Bamber,TG Helm,JA Thompson,1,0,,,,,,,,,,,,,
1410272,2024,2024-04-19,"Lord's, London",2,53.1,53.1,Middlesex,Yorkshire,ER Bamber,TG Helm,BO Coad,0,0,,,,,,,,,,,,,
1410272,2024,2024-04-19,"Lord's, London",2,53.2,53.2,Middlesex,Yorkshire,ER Bamber,TG Helm,BO Coad,0,0,,,,,,,,,,,,,
1410272,2024,2024-04-19,"Lord's, London",2,53.3,53.3,Middlesex,Yorkshire,ER Bamber,TG Helm,BO Coad,0,0,,,,,,,,,,,,,
1410272,2024,2024-04-19,"Lord's, London",2,53.4,53.4,Middlesex,Yorkshire,ER Bamber,TG Helm,BO Coad,1,0,,,,,,,,,,,,,
1410272,2024,2024-04-19,"Lord's, London",2,53.5,53.5,Middlesex,Yorkshire,TG Helm,ER Bamber,BO Coad,0,0,,,,,,,,,,,,,
1410272,2024,2024-04-19,"Lord's, London",2,53.6,53.6,Middlesex,Yorkshire,TG Helm,ER Bamber,BO Coad,0,0,,,,,,,,,,,,,
1410272,2024,2024-04-19,"Lord's, London",2,54.1,54.1,Middlesex,Yorkshire,ER Bamber,TG Helm,JA Thompson,4,0,,,,,,,,,,,,,
1410272,2024,2024-04-19,"Lord's, London",2,54.2,54.2,Middlesex,Yorkshire,ER Bamber,TG Helm,JA Thompson,0,0,,,,,,,,,,,,,
1410272,2024,2024-04-19,"Lord's, London",2,54.3,54.3,Middlesex,Yorkshire,ER Bamber,TG Helm,JA Thompson,0,0,,,,,,,,,,,,,
1410272,2024,2024-04-19,"Lord's, London",2,54.4,54.4,Middlesex,Yorkshire,ER Bamber,TG Helm,JA Thompson,0,0,,,,,,,,,,,,,
1410272,2024,2024-04-19,"Lord's, London",2,54.5,54.5,Middlesex,Yorkshire,ER Bamber,TG Helm,JA Thompson,0,0,,,,,,,,,,,,,
1410272,2024,2024-04-19,"Lord's, London",2,54.6,54.6,Middlesex,Yorkshire,ER Bamber,TG Helm,JA Thompson,1,0,,,,,,,,,,,,,
1410272,2024,2024-04-19,"Lord's, London",2,55.1,55.1,Middlesex,Yorkshire,ER Bamber,TG Helm,BO Coad,0,0,,,,,,,,,,,,,
1410272,2024,2024-04-19,"Lord's, London",2,55.2,55.2,Middlesex,Yorkshire,ER Bamber,TG Helm,BO Coad,0,0,,,,,,,,,,,,,
1410272,2024,2024-04-19,"Lord's, London",2,55.3,55.3,Middlesex,Yorkshire,ER Bamber,TG Helm,BO Coad,0,0,,,,,,,,,,,,,
1410272,2024,2024-04-19,"Lord's, London",2,55.4,55.4,Middlesex,Yorkshire,ER Bamber,TG Helm,BO Coad,0,0,,,,,,,,,,,,,
1410272,2024,2024-04-19,"Lord's, London",2,55.5,55.5,Middlesex,Yorkshire,ER Bamber,TG Helm,BO Coad,0,0,,,,,,,,,,,,,
1410272,2024,2024-04-19,"Lord's, London",2,55.6,55.6,Middlesex,Yorkshire,ER Bamber,TG Helm,BO Coad,0,0,,,,,,,,,,,,,
1410272,2024,2024-04-19,"Lord's, London",2,56.1,56.1,Middlesex,Yorkshire,TG Helm,ER Bamber,JA Thompson,1,0,,,,,,,,,,,,,
1410272,2024,2024-04-19,"Lord's, London",2,56.2,56.2,Middlesex,Yorkshire,ER Bamber,TG Helm,JA Thompson,0,0,,,,,,,bowled,ER Bamber,,,,,
1410272,2024,2024-04-19,"Lord's, London",3,0.1,0.1,Yorkshire,Middlesex,A Lyth,FJ Bean,ER Bamber,1,0,,,,,,,,,,,,,
1410272,2024,2024-04-19,"Lord's, London",3,0.2,0.2,Yorkshire,Middlesex,FJ Bean,A Lyth,ER Bamber,0,0,,,,,,,,,,,,,
1410272,2024,2024-04-19,"Lord's, London",3,0.3,0.3,Yorkshire,Middlesex,FJ Bean,A Lyth,ER Bamber,4,0,,,,,,,,,,,,,
1410272,2024,2024-04-19,"Lord's, London",3,0.4,0.4,Yorkshire,Middlesex,FJ Bean,A Lyth,ER Bamber,0,0,,,,,,,,,,,,,
1410272,2024,2024-04-19,"Lord's, London",3,0.5,0.5,Yorkshire,Middlesex,FJ Bean,A Lyth,ER Bamber,0,0,,,,,,,,,,,,,
1410272,2024,2024-04-19,"Lord's, London",3,0.6,0.6,Yorkshire,Middlesex,FJ Bean,A Lyth,ER Bamber,0,0,,,,,,,,,,,,,
1410272,2024,2024-04-19,"Lord's, London",3,1.1,1.1,Yorkshire,Middlesex,A Lyth,FJ Bean,TS Roland-Jones,0,0,,,,,,,,,,,,,
1410272,2024,2024-04-19,"Lord's, London",3,1.2,1.2,Yorkshire,Middlesex,A Lyth,FJ Bean,TS Roland-Jones,0,0,,,,,,,caught,A Lyth,,,JM De Caires,,
1410272,2024,2024-04-19,"Lord's, London",3,1.3,1.3,Yorkshire,Middlesex,Shan Masood,FJ Bean,TS Roland-Jones,0,0,,,,,,,,,,,,,
1410272,2024,2024-04-19,"Lord's, London",3,1.4,1.4,Yorkshire,Middlesex,Shan Masood,FJ Bean,TS Roland-Jones,0,0,,,,,,,,,,,,,
1410272,2024,2024-04-19,"Lord's, London",3,1.5,1.5,Yorkshire,Middlesex,Shan Masood,FJ Bean,TS Roland-Jones,4,0,,,,,,,,,,,,,
1410272,2024,2024-04-19,"Lord's, London",3,1.6,1.6,Yorkshire,Middlesex,Shan Masood,FJ Bean,TS Roland-Jones,0,0,,,,,,,,,,,,,
1410272,2024,2024-04-19,"Lord's, London",3,2.1,2.1,Yorkshire,Middlesex,FJ Bean,Shan Masood,ER Bamber,0,0,,,,,,,,,,,,,
1410272,2024,2024-04-19,"Lord's, London",3,2.2,2.2,Yorkshire,Middlesex,FJ Bean,Shan Masood,ER Bamber,0,0,,,,,,,,,,,,,
1410272,2024,2024-04-19,"Lord's, London",3,2.3,2.3,Yorkshire,Middlesex,FJ Bean,Shan Masood,ER Bamber,0,0,,,,,,,,,,,,,
1410272,2024,2024-04-19,"Lord's, London",3,2.4,2.4,Yorkshire,Middlesex,FJ Bean,Shan Masood,ER Bamber,0,0,,,,,,,,,,,,,
1410272,2024,2024-04-19,"Lord's, London",3,2.5,2.5,Yorkshire,Middlesex,FJ Bean,Shan Masood,ER Bamber,0,0,,,,,,,,,,,,,
1410272,2024,2024-04-19,"Lord's, London",3,2.6,2.6,Yorkshire,Middlesex,FJ Bean,Shan Masood,ER Bamber,0,0,,,,,,,,,,,,,
1410272,2024,2024-04-19,"Lord's, London",3,3.1,3.1,Yorkshire,Middlesex,Shan Masood,FJ Bean,TS Roland-Jones,0,0,,,,,,,,,,,,,
1410272,2024,2024-04-19,"Lord's, London",3,3.2,3.2,Yorkshire,Middlesex,Shan Masood,FJ Bean,TS Roland-Jones,0,0,,,,,,,,,,,,,
1410272,2024,2024-04-19,"Lord's, London",3,3.3,3.3,Yorkshire,Middlesex,Shan Masood,FJ Bean,TS Roland-Jones,0,0,,,,,,,,,,,,,
1410272,2024,2024-04-19,"Lord's, London",3,3.4,3.4,Yorkshire,Middlesex,Shan Masood,FJ Bean,TS Roland-Jones,1,0,,,,,,,,,,,,,
1410272,2024,2024-04-19,"Lord's, London",3,3.5,3.5,Yorkshire,Middlesex,FJ Bean,Shan Masood,TS Roland-Jones,2,0,,,,,,,,,,,,,
1410272,2024,2024-04-19,"Lord's, London",3,3.6,3.6,Yorkshire,Middlesex,FJ Bean,Shan Masood,TS Roland-Jones,0,0,,,,,,,,,,,,,
1410272,2024,2024-04-19,"Lord's, London",3,4.1,4.1,Yorkshire,Middlesex,Shan Masood,FJ Bean,ER Bamber,0,0,,,,,,,,,,,,,
1410272,2024,2024-04-19,"Lord's, London",3,4.2,4.2,Yorkshire,Middlesex,Shan Masood,FJ Bean,ER Bamber,0,0,,,,,,,,,,,,,
1410272,2024,2024-04-19,"Lord's, London",3,4.3,4.3,Yorkshire,Middlesex,Shan Masood,FJ Bean,ER Bamber,1,0,,,,,,,,,,,,,
1410272,2024,2024-04-19,"Lord's, London",3,4.4,4.4,Yorkshire,Middlesex,FJ Bean,Shan Masood,ER Bamber,0,0,,,,,,,,,,,,,
1410272,2024,2024-04-19,"Lord's, London",3,4.5,4.5,Yorkshire,Middlesex,FJ Bean,Shan Masood,ER Bamber,0,0,,,,,,,,,,,,,
1410272,2024,2024-04-19,"Lord's, London",3,4.6,4.6,Yorkshire,Middlesex,FJ Bean,Shan Masood,ER Bamber,0,0,,,,,,,,,,,,,
1410272,2024,2024-04-19,"Lord's, London",3,5.1,5.1,Yorkshire,Middlesex,Shan Masood,FJ Bean,TS Roland-Jones,0,0,,,,,,,lbw,Shan Masood,,,,,
1410272,2024,2024-04-19,"Lord's, London",3,5.2,5.2,Yorkshire,Middlesex,JE Root,FJ Bean,TS Roland-Jones,1,0,,,,,,,,,,,,,
1410272,2024,2024-04-19,"Lord's, London",3,5.3,5.3,Yorkshire,Middlesex,FJ Bean,JE Root,TS Roland-Jones,0,0,,,,,,,,,,,,,
1410272,2024,2024-04-19,"Lord's, London",3,5.4,5.4,Yorkshire,Middlesex,FJ Bean,JE Root,TS Roland-Jones,3,0,,,,,,,,,,,,,
1410272,2024,2024-04-19,"Lord's, London",3,5.5,5.5,Yorkshire,Middlesex,JE Root,FJ Bean,TS Roland-Jones,0,0,,,,,,,,,,,,,
1410272,2024,2024-04-19,"Lord's, London",3,5.6,5.6,Yorkshire,Middlesex,JE Root,FJ Bean,TS Roland-Jones,0,0,,,,,,,,,,,,,
1410272,2024,2024-04-19,"Lord's, London",3,6.1,6.1,Yorkshire,Middlesex,FJ Bean,JE Root,ER Bamber,0,0,,,,,,,,,,,,,
1410272,2024,2024-04-19,"Lord's, London",3,6.2,6.2,Yorkshire,Middlesex,FJ Bean,JE Root,ER Bamber,0,0,,,,,,,,,,,,,
1410272,2024,2024-04-19,"Lord's, London",3,6.3,6.3,Yorkshire,Middlesex,FJ Bean,JE Root,ER Bamber,0,0,,,,,,,,,,,,,
1410272,2024,2024-04-19,"Lord's, London",3,6.4,6.4,Yorkshire,Middlesex,FJ Bean,JE Root,ER Bamber,3,0,,,,,,,,,,,,,
1410272,2024,2024-04-19,"Lord's, London",3,6.5,6.5,Yorkshire,Middlesex,JE Root,FJ Bean,ER Bamber,0,0,,,,,,,,,,,,,
1410272,2024,2024-04-19,"Lord's, London",3,6.6,6.6,Yorkshire,Middlesex,JE Root,FJ Bean,ER Bamber,0,0,,,,,,,,,,,,,
1410272,2024,2024-04-19,"Lord's, London",3,7.1,7.1,Yorkshire,Middlesex,FJ Bean,JE Root,TS Roland-Jones,0,0,,,,,,,,,,,,,
1410272,2024,2024-04-19,"Lord's, London",3,7.2,7.2,Yorkshire,Middlesex,FJ Bean,JE Root,TS Roland-Jones,2,0,,,,,,,,,,,,,
1410272,2024,2024-04-19,"Lord's, London",3,7.3,7.3,Yorkshire,Middlesex,FJ Bean,JE Root,TS Roland-Jones,0,0,,,,,,,,,,,,,
1410272,2024,2024-04-19,"Lord's, London",3,7.4,7.4,Yorkshire,Middlesex,FJ Bean,JE Root,TS Roland-Jones,0,0,,,,,,,,,,,,,
1410272,2024,2024-04-19,"Lord's, London",3,7.5,7.5,Yorkshire,Middlesex,FJ Bean,JE Root,TS Roland-Jones,0,0,,,,,,,,,,,,,
1410272,2024,2024-04-19,"Lord's, London",3,7.6,7.6,Yorkshire,Middlesex,FJ Bean,JE Root,TS Roland-Jones,0,0,,,,,,,,,,,,,
1410272,2024,2024-04-19,"Lord's, London",3,8.1,8.1,Yorkshire,Middlesex,JE Root,FJ Bean,TG Helm,0,0,,,,,,,,,,,,,
1410272,2024,2024-04-19,"Lord's, London",3,8.2,8.2,Yorkshire,Middlesex,JE Root,FJ Bean,TG Helm,4,0,,,,,,,,,,,,,
1410272,2024,2024-04-19,"Lord's, London",3,8.3,8.3,Yorkshire,Middlesex,JE Root,FJ Bean,TG Helm,3,0,,,,,,,,,,,,,
1410272,2024,2024-04-19,"Lord's, London",3,8.4,8.4,Yorkshire,Middlesex,FJ Bean,JE Root,TG Helm,0,0,,,,,,,,,,,,,
1410272,2024,2024-04-19,"Lord's, London",3,8.5,8.5,Yorkshire,Middlesex,FJ Bean,JE Root,TG Helm,0,0,,,,,,,,,,,,,
1410272,2024,2024-04-19,"Lord's, London",3,8.6,8.6,Yorkshire,Middlesex,FJ Bean,JE Root,TG Helm,1,0,,,,,,,,,,,,,
1410272,2024,2024-04-19,"Lord's, London",3,9.1,9.1,Yorkshire,Middlesex,FJ Bean,JE Root,TS Roland-Jones,0,0,,,,,,,,,,,,,
1410272,2024,2024-04-19,"Lord's, London",3,9.2,9.2,Yorkshire,Middlesex,FJ Bean,JE Root,TS Roland-Jones,1,0,,,,,,,,,,,,,
1410272,2024,2024-04-19,"Lord's, London",3,9.3,9.3,Yorkshire,Middlesex,JE Root,FJ Bean,TS Roland-Jones,0,0,,,,,,,,,,,,,
1410272,2024,2024-04-19,"Lord's, London",3,9.4,9.4,Yorkshire,Middlesex,JE Root,FJ Bean,TS Roland-Jones,2,0,,,,,,,,,,,,,
1410272,2024,2024-04-19,"Lord's, London",3,9.5,9.5,Yorkshire,Middlesex,JE Root,FJ Bean,TS Roland-Jones,2,0,,,,,,,,,,,,,
1410272,2024,2024-04-19,"Lord's, London",3,9.6,9.6,Yorkshire,Middlesex,JE Root,FJ Bean,TS Roland-Jones,0,0,,,,,,,,,,,,,
1410272,2024,2024-04-19,"Lord's, London",3,10.1,10.1,Yorkshire,Middlesex,FJ Bean,JE Root,TG Helm,1,0,,,,,,,,,,,,,
1410272,2024,2024-04-19,"Lord's, London",3,10.2,10.2,Yorkshire,Middlesex,JE Root,FJ Bean,TG Helm,0,0,,,,,,,,,,,,,
1410272,2024,2024-04-19,"Lord's, London",3,10.3,10.3,Yorkshire,Middlesex,JE Root,FJ Bean,TG Helm,0,0,,,,,,,,,,,,,
1410272,2024,2024-04-19,"Lord's, London",3,10.4,10.4,Yorkshire,Middlesex,JE Root,FJ Bean,TG Helm,0,0,,,,,,,,,,,,,
1410272,2024,2024-04-19,"Lord's, London",3,10.5,10.5,Yorkshire,Middlesex,JE Root,FJ Bean,TG Helm,0,0,,,,,,,,,,,,,
1410272,2024,2024-04-19,"Lord's, London",3,10.6,10.6,Yorkshire,Middlesex,JE Root,FJ Bean,TG Helm,4,0,,,,,,,,,,,,,
1410272,2024,2024-04-19,"Lord's, London",3,11.1,11.1,Yorkshire,Middlesex,FJ Bean,JE Root,TS Roland-Jones,0,0,,,,,,,,,,,,,
1410272,2024,2024-04-19,"Lord's, London",3,11.2,11.2,Yorkshire,Middlesex,FJ Bean,JE Root,TS Roland-Jones,0,0,,,,,,,,,,,,,
1410272,2024,2024-04-19,"Lord's, London",3,11.3,11.3,Yorkshire,Middlesex,FJ Bean,JE Root,TS Roland-Jones,0,0,,,,,,,,,,,,,
1410272,2024,2024-04-19,"Lord's, London",3,11.4,11.4,Yorkshire,Middlesex,FJ Bean,JE Root,TS Roland-Jones,0,0,,,,,,,,,,,,,
1410272,2024,2024-04-19,"Lord's, London",3,11.5,11.5,Yorkshire,Middlesex,FJ Bean,JE Root,TS Roland-Jones,1,0,,,,,,,,,,,,,
1410272,2024,2024-04-19,"Lord's, London",3,11.6,11.6,Yorkshire,Middlesex,JE Root,FJ Bean,TS Roland-Jones,0,0,,,,,,,,,,,,,
1410272,2024,2024-04-19,"Lord's, London",3,12.1,12.1,Yorkshire,Middlesex,FJ Bean,JE Root,TG Helm,4,0,,,,,,,,,,,,,
1410272,2024,2024-04-19,"Lord's, London",3,12.2,12.2,Yorkshire,Middlesex,FJ Bean,JE Root,TG Helm,1,0,,,,,,,,,,,,,
1410272,2024,2024-04-19,"Lord's, London",3,12.3,12.3,Yorkshire,Middlesex,JE Root,FJ Bean,TG Helm,0,0,,,,,,,,,,,,,
1410272,2024,2024-04-19,"Lord's, London",3,12.4,12.4,Yorkshire,Middlesex,JE Root,FJ Bean,TG Helm,2,0,,,,,,,,,,,,,
1410272,2024,2024-04-19,"Lord's, London",3,12.5,12.5,Yorkshire,Middlesex,JE Root,FJ Bean,TG Helm,0,0,,,,,,,,,,,,,
1410272,2024,2024-04-19,"Lord's, London",3,12.6,12.6,Yorkshire,Middlesex,JE Root,FJ Bean,TG Helm,0,0,,,,,,,,,,,,,
1410272,2024,2024-04-19,"Lord's, London",3,13.1,13.1,Yorkshire,Middlesex,FJ Bean,JE Root,ER Bamber,0,0,,,,,,,,,,,,,
1410272,2024,2024-04-19,"Lord's, London",3,13.2,13.2,Yorkshire,Middlesex,FJ Bean,JE Root,ER Bamber,0,0,,,,,,,,,,,,,
1410272,2024,2024-04-19,"Lord's, London",3,13.3,13.3,Yorkshire,Middlesex,FJ Bean,JE Root,ER Bamber,0,0,,,,,,,,,,,,,
1410272,2024,2024-04-19,"Lord's, London",3,13.4,13.4,Yorkshire,Middlesex,FJ Bean,JE Root,ER Bamber,0,0,,,,,,,,,,,,,
1410272,2024,2024-04-19,"Lord's, London",3,13.5,13.5,Yorkshire,Middlesex,FJ Bean,JE Root,ER Bamber,1,0,,,,,,,,,,,,,
1410272,2024,2024-04-19,"Lord's, London",3,13.6,13.6,Yorkshire,Middlesex,JE Root,FJ Bean,ER Bamber,0,0,,,,,,,,,,,,,
1410272,2024,2024-04-19,"Lord's, London",3,14.1,14.1,Yorkshire,Middlesex,FJ Bean,JE Root,TG Helm,0,0,,,,,,,,,,,,,
1410272,2024,2024-04-19,"Lord's, London",3,14.2,14.2,Yorkshire,Middlesex,FJ Bean,JE Root,TG Helm,0,0,,,,,,,,,,,,,
1410272,2024,2024-04-19,"Lord's, London",3,14.3,14.3,Yorkshire,Middlesex,FJ Bean,JE Root,TG Helm,0,0,,,,,,,,,,,,,
1410272,2024,2024-04-19,"Lord's, London",3,14.4,14.4,Yorkshire,Middlesex,FJ Bean,JE Root,TG Helm,2,0,,,,,,,,,,,,,
1410272,2024,2024-04-19,"Lord's, London",3,14.5,14.5,Yorkshire,Middlesex,FJ Bean,JE Root,TG Helm,0,0,,,,,,,,,,,,,
1410272,2024,2024-04-19,"Lord's, London",3,14.6,14.6,Yorkshire,Middlesex,FJ Bean,JE Root,TG Helm,0,0,,,,,,,,,,,,,
1410272,2024,2024-04-19,"Lord's, London",3,15.1,15.1,Yorkshire,Middlesex,JE Root,FJ Bean,ER Bamber,1,0,,,,,,,,,,,,,
1410272,2024,2024-04-19,"Lord's, London",3,15.2,15.2,Yorkshire,Middlesex,FJ Bean,JE Root,ER Bamber,0,0,,,,,,,,,,,,,
1410272,2024,2024-04-19,"Lord's, London",3,15.3,15.3,Yorkshire,Middlesex,FJ Bean,JE Root,ER Bamber,0,0,,,,,,,,,,,,,
1410272,2024,2024-04-19,"Lord's, London",3,15.4,15.4,Yorkshire,Middlesex,FJ Bean,JE Root,ER Bamber,0,0,,,,,,,,,,,,,
1410272,2024,2024-04-19,"Lord's, London",3,15.5,15.5,Yorkshire,Middlesex,FJ Bean,JE Root,ER Bamber,0,0,,,,,,,,,,,,,
1410272,2024,2024-04-19,"Lord's, London",3,15.6,15.6,Yorkshire,Middlesex,FJ Bean,JE Root,ER Bamber,0,0,,,,,,,,,,,,,
1410272,2024,2024-04-19,"Lord's, London",3,16.1,16.1,Yorkshire,Middlesex,JE Root,FJ Bean,TG Helm,0,0,,,,,,,,,,,,,
1410272,2024,2024-04-19,"Lord's, London",3,16.2,16.2,Yorkshire,Middlesex,JE Root,FJ Bean,TG Helm,1,0,,,,,,,,,,,,,
1410272,2024,2024-04-19,"Lord's, London",3,16.3,16.3,Yorkshire,Middlesex,FJ Bean,JE Root,TG Helm,0,0,,,,,,,,,,,,,
1410272,2024,2024-04-19,"Lord's, London",3,16.4,16.4,Yorkshire,Middlesex,FJ Bean,JE Root,TG Helm,1,0,,,,,,,,,,,,,
1410272,2024,2024-04-19,"Lord's, London",3,16.5,16.5,Yorkshire,Middlesex,JE Root,FJ Bean,TG Helm,0,0,,,,,,,,,,,,,
1410272,2024,2024-04-19,"Lord's, London",3,16.6,16.6,Yorkshire,Middlesex,JE Root,FJ Bean,TG Helm,0,0,,,,,,,,,,,,,
1410272,2024,2024-04-19,"Lord's, London",3,17.1,17.1,Yorkshire,Middlesex,FJ Bean,JE Root,ER Bamber,0,0,,,,,,,,,,,,,
1410272,2024,2024-04-19,"Lord's, London",3,17.2,17.2,Yorkshire,Middlesex,FJ Bean,JE Root,ER Bamber,0,0,,,,,,,,,,,,,
1410272,2024,2024-04-19,"Lord's, London",3,17.3,17.3,Yorkshire,Middlesex,FJ Bean,JE Root,ER Bamber,0,0,,,,,,,,,,,,,
1410272,2024,2024-04-19,"Lord's, London",3,17.4,17.4,Yorkshire,Middlesex,FJ Bean,JE Root,ER Bamber,0,0,,,,,,,,,,,,,
1410272,2024,2024-04-19,"Lord's, London",3,17.5,17.5,Yorkshire,Middlesex,FJ Bean,JE Root,ER Bamber,1,0,,,,,,,,,,,,,
1410272,2024,2024-04-19,"Lord's, London",3,17.6,17.6,Yorkshire,Middlesex,JE Root,FJ Bean,ER Bamber,0,0,,,,,,,,,,,,,
1410272,2024,2024-04-19,"Lord's, London",3,18.1,18.1,Yorkshire,Middlesex,FJ Bean,JE Root,RF Higgins,0,0,,,,,,,,,,,,,
1410272,2024,2024-04-19,"Lord's, London",3,18.2,18.2,Yorkshire,Middlesex,FJ Bean,JE Root,RF Higgins,1,0,,,,,,,,,,,,,
1410272,2024,2024-04-19,"Lord's, London",3,18.3,18.3,Yorkshire,Middlesex,JE Root,FJ Bean,RF Higgins,0,0,,,,,,,,,,,,,
1410272,2024,2024-04-19,"Lord's, London",3,18.4,18.4,Yorkshire,Middlesex,JE Root,FJ Bean,RF Higgins,3,0,,,,,,,,,,,,,
1410272,2024,2024-04-19,"Lord's, London",3,18.5,18.5,Yorkshire,Middlesex,FJ Bean,JE Root,RF Higgins,0,0,,,,,,,,,,,,,
1410272,2024,2024-04-19,"Lord's, London",3,18.6,18.6,Yorkshire,Middlesex,FJ Bean,JE Root,RF Higgins,0,0,,,,,,,,,,,,,
1410272,2024,2024-04-19,"Lord's, London",3,19.1,19.1,Yorkshire,Middlesex,JE Root,FJ Bean,ER Bamber,0,0,,,,,,,,,,,,,
1410272,2024,2024-04-19,"Lord's, London",3,19.2,19.2,Yorkshire,Middlesex,JE Root,FJ Bean,ER Bamber,0,0,,,,,,,,,,,,,
1410272,2024,2024-04-19,"Lord's, London",3,19.3,19.3,Yorkshire,Middlesex,JE Root,FJ Bean,ER Bamber,0,0,,,,,,,,,,,,,
1410272,2024,2024-04-19,"Lord's, London",3,19.4,19.4,Yorkshire,Middlesex,JE Root,FJ Bean,ER Bamber,0,0,,,,,,,,,,,,,
1410272,2024,2024-04-19,"Lord's, London",3,19.5,19.5,Yorkshire,Middlesex,JE Root,FJ Bean,ER Bamber,0,0,,,,,,,,,,,,,
1410272,2024,2024-04-19,"Lord's, London",3,19.6,19.6,Yorkshire,Middlesex,JE Root,FJ Bean,ER Bamber,0,0,,,,,,,,,,,,,
1410272,2024,2024-04-19,"Lord's, London",3,20.1,20.1,Yorkshire,Middlesex,FJ Bean,JE Root,RF Higgins,0,0,,,,,,,,,,,,,
1410272,2024,2024-04-19,"Lord's, London",3,20.2,20.2,Yorkshire,Middlesex,FJ Bean,JE Root,RF Higgins,0,0,,,,,,,,,,,,,
1410272,2024,2024-04-19,"Lord's, London",3,20.3,20.3,Yorkshire,Middlesex,FJ Bean,JE Root,RF Higgins,0,0,,,,,,,,,,,,,
1410272,2024,2024-04-19,"Lord's, London",3,20.4,20.4,Yorkshire,Middlesex,FJ Bean,JE Root,RF Higgins,0,0,,,,,,,,,,,,,
1410272,2024,2024-04-19,"Lord's, London",3,20.5,20.5,Yorkshire,Middlesex,FJ Bean,JE Root,RF Higgins,0,0,,,,,,,lbw,FJ Bean,,,,,
1410272,2024,2024-04-19,"Lord's, London",3,20.6,20.6,Yorkshire,Middlesex,HC Brook,JE Root,RF Higgins,0,0,,,,,,,lbw,HC Brook,,,,,
1410272,2024,2024-04-19,"Lord's, London",3,21.1,21.1,Yorkshire,Middlesex,JE Root,GCH Hill,TS Roland-Jones,0,0,,,,,,,,,,,,,
1410272,2024,2024-04-19,"Lord's, London",3,21.2,21.2,Yorkshire,Middlesex,JE Root,GCH Hill,TS Roland-Jones,0,0,,,,,,,,,,,,,
1410272,2024,2024-04-19,"Lord's, London",3,21.3,21.3,Yorkshire,Middlesex,JE Root,GCH Hill,TS Roland-Jones,0,0,,,,,,,,,,,,,
1410272,2024,2024-04-19,"Lord's, London",3,21.4,21.4,Yorkshire,Middlesex,JE Root,GCH Hill,TS Roland-Jones,0,0,,,,,,,,,,,,,
1410272,2024,2024-04-19,"Lord's, London",3,21.5,21.5,Yorkshire,Middlesex,JE Root,GCH Hill,TS Roland-Jones,0,0,,,,,,,,,,,,,
1410272,2024,2024-04-19,"Lord's, London",3,21.6,21.6,Yorkshire,Middlesex,JE Root,GCH Hill,TS Roland-Jones,0,0,,,,,,,,,,,,,
1410272,2024,2024-04-19,"Lord's, London",3,22.1,22.1,Yorkshire,Middlesex,GCH Hill,JE Root,RF Higgins,0,0,,,,,,,,,,,,,
1410272,2024,2024-04-19,"Lord's, London",3,22.2,22.2,Yorkshire,Middlesex,GCH Hill,JE Root,RF Higgins,0,0,,,,,,,,,,,,,
1410272,2024,2024-04-19,"Lord's, London",3,22.3,22.3,Yorkshire,Middlesex,GCH Hill,JE Root,RF Higgins,0,0,,,,,,,,,,,,,
1410272,2024,2024-04-19,"Lord's, London",3,22.4,22.4,Yorkshire,Middlesex,GCH Hill,JE Root,RF Higgins,4,0,,,,,,,,,,,,,
1410272,2024,2024-04-19,"Lord's, London",3,22.5,22.5,Yorkshire,Middlesex,GCH Hill,JE Root,RF Higgins,0,0,,,,,,,,,,,,,
1410272,2024,2024-04-19,"Lord's, London",3,22.6,22.6,Yorkshire,Middlesex,GCH Hill,JE Root,RF Higgins,0,0,,,,,,,,,,,,,
1410272,2024,2024-04-19,"Lord's, London",3,23.1,23.1,Yorkshire,Middlesex,JE Root,GCH Hill,TS Roland-Jones,0,0,,,,,,,,,,,,,
1410272,2024,2024-04-19,"Lord's, London",3,23.2,23.2,Yorkshire,Middlesex,JE Root,GCH Hill,TS Roland-Jones,1,0,,,,,,,,,,,,,
1410272,2024,2024-04-19,"Lord's, London",3,23.3,23.3,Yorkshire,Middlesex,GCH Hill,JE Root,TS Roland-Jones,0,0,,,,,,,,,,,,,
1410272,2024,2024-04-19,"Lord's, London",3,23.4,23.4,Yorkshire,Middlesex,GCH Hill,JE Root,TS Roland-Jones,2,0,,,,,,,,,,,,,
1410272,2024,2024-04-19,"Lord's, London",3,23.5,23.5,Yorkshire,Middlesex,GCH Hill,JE Root,TS Roland-Jones,0,0,,,,,,,,,,,,,
1410272,2024,2024-04-19,"Lord's, London",3,23.6,23.6,Yorkshire,Middlesex,GCH Hill,JE Root,TS Roland-Jones,0,0,,,,,,,,,,,,,
1410272,2024,2024-04-19,"Lord's, London",3,24.1,24.1,Yorkshire,Middlesex,JE Root,GCH Hill,RF Higgins,0,0,,,,,,,,,,,,,
1410272,2024,2024-04-19,"Lord's, London",3,24.2,24.2,Yorkshire,Middlesex,JE Root,GCH Hill,RF Higgins,1,0,,,,,,,,,,,,,
1410272,2024,2024-04-19,"Lord's, London",3,24.3,24.3,Yorkshire,Middlesex,GCH Hill,JE Root,RF Higgins,0,0,,,,,,,,,,,,,
1410272,2024,2024-04-19,"Lord's, London",3,24.4,24.4,Yorkshire,Middlesex,GCH Hill,JE Root,RF Higgins,2,0,,,,,,,,,,,,,
1410272,2024,2024-04-19,"Lord's, London",3,24.5,24.5,Yorkshire,Middlesex,GCH Hill,JE Root,RF Higgins,0,0,,,,,,,,,,,,,
1410272,2024,2024-04-19,"Lord's, London",3,24.6,24.6,Yorkshire,Middlesex,GCH Hill,JE Root,RF Higgins,0,0,,,,,,,,,,,,,
1410272,2024,2024-04-19,"Lord's, London",3,25.1,25.1,Yorkshire,Middlesex,JE Root,GCH Hill,TS Roland-Jones,0,0,,,,,,,,,,,,,
1410272,2024,2024-04-19,"Lord's, London",3,25.2,25.2,Yorkshire,Middlesex,JE Root,GCH Hill,TS Roland-Jones,2,0,,,,,,,,,,,,,
1410272,2024,2024-04-19,"Lord's, London",3,25.3,25.3,Yorkshire,Middlesex,JE Root,GCH Hill,TS Roland-Jones,0,0,,,,,,,,,,,,,
1410272,2024,2024-04-19,"Lord's, London",3,25.4,25.4,Yorkshire,Middlesex,JE Root,GCH Hill,TS Roland-Jones,0,0,,,,,,,,,,,,,
1410272,2024,2024-04-19,"Lord's, London",3,25.5,25.5,Yorkshire,Middlesex,JE Root,GCH Hill,TS Roland-Jones,0,0,,,,,,,,,,,,,
1410272,2024,2024-04-19,"Lord's, London",3,25.6,25.6,Yorkshire,Middlesex,JE Root,GCH Hill,TS Roland-Jones,0,0,,,,,,,,,,,,,
1410272,2024,2024-04-19,"Lord's, London",3,26.1,26.1,Yorkshire,Middlesex,GCH Hill,JE Root,RF Higgins,0,0,,,,,,,,,,,,,
1410272,2024,2024-04-19,"Lord's, London",3,26.2,26.2,Yorkshire,Middlesex,GCH Hill,JE Root,RF Higgins,0,0,,,,,,,,,,,,,
1410272,2024,2024-04-19,"Lord's, London",3,26.3,26.3,Yorkshire,Middlesex,GCH Hill,JE Root,RF Higgins,0,0,,,,,,,,,,,,,
1410272,2024,2024-04-19,"Lord's, London",3,26.4,26.4,Yorkshire,Middlesex,GCH Hill,JE Root,RF Higgins,0,0,,,,,,,,,,,,,
1410272,2024,2024-04-19,"Lord's, London",3,26.5,26.5,Yorkshire,Middlesex,GCH Hill,JE Root,RF Higgins,0,0,,,,,,,,,,,,,
1410272,2024,2024-04-19,"Lord's, London",3,26.6,26.6,Yorkshire,Middlesex,GCH Hill,JE Root,RF Higgins,0,0,,,,,,,,,,,,,
1410272,2024,2024-04-19,"Lord's, London",3,27.1,27.1,Yorkshire,Middlesex,JE Root,GCH Hill,TS Roland-Jones,1,0,,,,,,,,,,,,,
1410272,2024,2024-04-19,"Lord's, London",3,27.2,27.2,Yorkshire,Middlesex,GCH Hill,JE Root,TS Roland-Jones,0,0,,,,,,,,,,,,,
1410272,2024,2024-04-19,"Lord's, London",3,27.3,27.3,Yorkshire,Middlesex,GCH Hill,JE Root,TS Roland-Jones,4,0,,,,,,,,,,,,,
1410272,2024,2024-04-19,"Lord's, London",3,27.4,27.4,Yorkshire,Middlesex,GCH Hill,JE Root,TS Roland-Jones,1,0,,,,,,,,,,,,,
1410272,2024,2024-04-19,"Lord's, London",3,27.5,27.5,Yorkshire,Middlesex,JE Root,GCH Hill,TS Roland-Jones,0,0,,,,,,,,,,,,,
1410272,2024,2024-04-19,"Lord's, London",3,27.6,27.6,Yorkshire,Middlesex,JE Root,GCH Hill,TS Roland-Jones,0,0,,,,,,,,,,,,,
1410272,2024,2024-04-19,"Lord's, London",3,28.1,28.1,Yorkshire,Middlesex,GCH Hill,JE Root,RF Higgins,0,0,,,,,,,,,,,,,
1410272,2024,2024-04-19,"Lord's, London",3,28.2,28.2,Yorkshire,Middlesex,GCH Hill,JE Root,RF Higgins,0,0,,,,,,,,,,,,,
1410272,2024,2024-04-19,"Lord's, London",3,28.3,28.3,Yorkshire,Middlesex,GCH Hill,JE Root,RF Higgins,0,2,,2,,,,,,,,,,,
1410272,2024,2024-04-19,"Lord's, London",3,28.4,28.3,Yorkshire,Middlesex,GCH Hill,JE Root,RF Higgins,0,0,,,,,,,,,,,,,
1410272,2024,2024-04-19,"Lord's, London",3,28.5,28.4,Yorkshire,Middlesex,GCH Hill,JE Root,RF Higgins,0,0,,,,,,,,,,,,,
1410272,2024,2024-04-19,"Lord's, London",3,28.6,28.5,Yorkshire,Middlesex,GCH Hill,JE Root,RF Higgins,0,0,,,,,,,,,,,,,
1410272,2024,2024-04-19,"Lord's, London",3,28.7,28.6,Yorkshire,Middlesex,GCH Hill,JE Root,RF Higgins,0,0,,,,,,,,,,,,,
1410272,2024,2024-04-19,"Lord's, London",3,29.1,29.1,Yorkshire,Middlesex,JE Root,GCH Hill,TS Roland-Jones,0,0,,,,,,,,,,,,,
1410272,2024,2024-04-19,"Lord's, London",3,29.2,29.2,Yorkshire,Middlesex,JE Root,GCH Hill,TS Roland-Jones,0,0,,,,,,,,,,,,,
1410272,2024,2024-04-19,"Lord's, London",3,29.3,29.3,Yorkshire,Middlesex,JE Root,GCH Hill,TS Roland-Jones,0,0,,,,,,,,,,,,,
1410272,2024,2024-04-19,"Lord's, London",3,29.4,29.4,Yorkshire,Middlesex,JE Root,GCH Hill,TS Roland-Jones,1,0,,,,,,,,,,,,,
1410272,2024,2024-04-19,"Lord's, London",3,29.5,29.5,Yorkshire,Middlesex,GCH Hill,JE Root,TS Roland-Jones,0,0,,,,,,,,,,,,,
1410272,2024,2024-04-19,"Lord's, London",3,29.6,29.6,Yorkshire,Middlesex,GCH Hill,JE Root,TS Roland-Jones,0,0,,,,,,,,,,,,,
1410272,2024,2024-04-19,"Lord's, London",3,30.1,30.1,Yorkshire,Middlesex,JE Root,GCH Hill,RF Higgins,0,0,,,,,,,,,,,,,
1410272,2024,2024-04-19,"Lord's, London",3,30.2,30.2,Yorkshire,Middlesex,JE Root,GCH Hill,RF Higgins,0,0,,,,,,,,,,,,,
1410272,2024,2024-04-19,"Lord's, London",3,30.3,30.3,Yorkshire,Middlesex,JE Root,GCH Hill,RF Higgins,0,0,,,,,,,,,,,,,
1410272,2024,2024-04-19,"Lord's, London",3,30.4,30.4,Yorkshire,Middlesex,JE Root,GCH Hill,RF Higgins,1,0,,,,,,,,,,,,,
1410272,2024,2024-04-19,"Lord's, London",3,30.5,30.5,Yorkshire,Middlesex,GCH Hill,JE Root,RF Higgins,0,0,,,,,,,,,,,,,
1410272,2024,2024-04-19,"Lord's, London",3,30.6,30.6,Yorkshire,Middlesex,GCH Hill,JE Root,RF Higgins,0,0,,,,,,,,,,,,,
1410272,2024,2024-04-19,"Lord's, London",3,31.1,31.1,Yorkshire,Middlesex,JE Root,GCH Hill,TS Roland-Jones,0,0,,,,,,,,,,,,,
1410272,2024,2024-04-19,"Lord's, London",3,31.2,31.2,Yorkshire,Middlesex,JE Root,GCH Hill,TS Roland-Jones,0,0,,,,,,,,,,,,,
1410272,2024,2024-04-19,"Lord's, London",3,31.3,31.3,Yorkshire,Middlesex,JE Root,GCH Hill,TS Roland-Jones,2,0,,,,,,,,,,,,,
1410272,2024,2024-04-19,"Lord's, London",3,31.4,31.4,Yorkshire,Middlesex,JE Root,GCH Hill,TS Roland-Jones,0,0,,,,,,,,,,,,,
1410272,2024,2024-04-19,"Lord's, London",3,31.5,31.5,Yorkshire,Middlesex,JE Root,GCH Hill,TS Roland-Jones,0,0,,,,,,,caught,JE Root,,,JM De Caires,,
1410272,2024,2024-04-19,"Lord's, London",3,31.6,31.6,Yorkshire,Middlesex,JA Tattersall,GCH Hill,TS Roland-Jones,0,0,,,,,,,,,,,,,
1410272,2024,2024-04-19,"Lord's, London",3,32.1,32.1,Yorkshire,Middlesex,GCH Hill,JA Tattersall,RF Higgins,0,0,,,,,,,,,,,,,
1410272,2024,2024-04-19,"Lord's, London",3,32.2,32.2,Yorkshire,Middlesex,GCH Hill,JA Tattersall,RF Higgins,0,0,,,,,,,,,,,,,
1410272,2024,2024-04-19,"Lord's, London",3,32.3,32.3,Yorkshire,Middlesex,GCH Hill,JA Tattersall,RF Higgins,0,0,,,,,,,,,,,,,
1410272,2024,2024-04-19,"Lord's, London",3,32.4,32.4,Yorkshire,Middlesex,GCH Hill,JA Tattersall,RF Higgins,0,0,,,,,,,,,,,,,
1410272,2024,2024-04-19,"Lord's, London",3,32.5,32.5,Yorkshire,Middlesex,GCH Hill,JA Tattersall,RF Higgins,0,0,,,,,,,,,,,,,
1410272,2024,2024-04-19,"Lord's, London",3,32.6,32.6,Yorkshire,Middlesex,GCH Hill,JA Tattersall,RF Higgins,0,0,,,,,,,,,,,,,
1410272,2024,2024-04-19,"Lord's, London",3,33.1,33.1,Yorkshire,Middlesex,JA Tattersall,GCH Hill,TS Roland-Jones,0,0,,,,,,,,,,,,,
1410272,2024,2024-04-19,"Lord's, London",3,33.2,33.2,Yorkshire,Middlesex,JA Tattersall,GCH Hill,TS Roland-Jones,0,0,,,,,,,,,,,,,
1410272,2024,2024-04-19,"Lord's, London",3,33.3,33.3,Yorkshire,Middlesex,JA Tattersall,GCH Hill,TS Roland-Jones,0,0,,,,,,,,,,,,,
1410272,2024,2024-04-19,"Lord's, London",3,33.4,33.4,Yorkshire,Middlesex,JA Tattersall,GCH Hill,TS Roland-Jones,2,0,,,,,,,,,,,,,
1410272,2024,2024-04-19,"Lord's, London",3,33.5,33.5,Yorkshire,Middlesex,JA Tattersall,GCH Hill,TS Roland-Jones,0,0,,,,,,,,,,,,,
1410272,2024,2024-04-19,"Lord's, London",3,33.6,33.6,Yorkshire,Middlesex,JA Tattersall,GCH Hill,TS Roland-Jones,0,0,,,,,,,,,,,,,
1410272,2024,2024-04-19,"Lord's, London",3,34.1,34.1,Yorkshire,Middlesex,GCH Hill,JA Tattersall,TG Helm,0,0,,,,,,,,,,,,,
1410272,2024,2024-04-19,"Lord's, London",3,34.2,34.2,Yorkshire,Middlesex,GCH Hill,JA Tattersall,TG Helm,0,0,,,,,,,,,,,,,
1410272,2024,2024-04-19,"Lord's, London",3,34.3,34.3,Yorkshire,Middlesex,GCH Hill,JA Tattersall,TG Helm,0,0,,,,,,,,,,,,,
1410272,2024,2024-04-19,"Lord's, London",3,34.4,34.4,Yorkshire,Middlesex,GCH Hill,JA Tattersall,TG Helm,0,0,,,,,,,,,,,,,
1410272,2024,2024-04-19,"Lord's, London",3,34.5,34.5,Yorkshire,Middlesex,GCH Hill,JA Tattersall,TG Helm,0,1,,,,1,,,,,,,,,
1410272,2024,2024-04-19,"Lord's, London",3,34.6,34.6,Yorkshire,Middlesex,JA Tattersall,GCH Hill,TG Helm,0,0,,,,,,,,,,,,,
1410272,2024,2024-04-19,"Lord's, London",3,35.1,35.1,Yorkshire,Middlesex,GCH Hill,JA Tattersall,ER Bamber,0,0,,,,,,,,,,,,,
1410272,2024,2024-04-19,"Lord's, London",3,35.2,35.2,Yorkshire,Middlesex,GCH Hill,JA Tattersall,ER Bamber,4,0,,,,,,,,,,,,,
1410272,2024,2024-04-19,"Lord's, London",3,35.3,35.3,Yorkshire,Middlesex,GCH Hill,JA Tattersall,ER Bamber,0,0,,,,,,,,,,,,,
1410272,2024,2024-04-19,"Lord's, London",3,35.4,35.4,Yorkshire,Middlesex,GCH Hill,JA Tattersall,ER Bamber,0,0,,,,,,,,,,,,,
1410272,2024,2024-04-19,"Lord's, London",3,35.5,35.5,Yorkshire,Middlesex,GCH Hill,JA Tattersall,ER Bamber,0,0,,,,,,,,,,,,,
1410272,2024,2024-04-19,"Lord's, London",3,35.6,35.6,Yorkshire,Middlesex,GCH Hill,JA Tattersall,ER Bamber,0,0,,,,,,,,,,,,,
1410272,2024,2024-04-19,"Lord's, London",3,36.1,36.1,Yorkshire,Middlesex,JA Tattersall,GCH Hill,TG Helm,0,4,,,,4,,,,,,,,,
1410272,2024,2024-04-19,"Lord's, London",3,36.2,36.2,Yorkshire,Middlesex,JA Tattersall,GCH Hill,TG Helm,0,0,,,,,,,,,,,,,
1410272,2024,2024-04-19,"Lord's, London",3,36.3,36.3,Yorkshire,Middlesex,JA Tattersall,GCH Hill,TG Helm,0,0,,,,,,,,,,,,,
1410272,2024,2024-04-19,"Lord's, London",3,36.4,36.4,Yorkshire,Middlesex,JA Tattersall,GCH Hill,TG Helm,0,0,,,,,,,,,,,,,
1410272,2024,2024-04-19,"Lord's, London",3,36.5,36.5,Yorkshire,Middlesex,JA Tattersall,GCH Hill,TG Helm,0,0,,,,,,,,,,,,,
1410272,2024,2024-04-19,"Lord's, London",3,36.6,36.6,Yorkshire,Middlesex,JA Tattersall,GCH Hill,TG Helm,0,1,,,,1,,,,,,,,,
1410272,2024,2024-04-19,"Lord's, London",3,37.1,37.1,Yorkshire,Middlesex,JA Tattersall,GCH Hill,ER Bamber,0,0,,,,,,,,,,,,,
1410272,2024,2024-04-19,"Lord's, London",3,37.2,37.2,Yorkshire,Middlesex,JA Tattersall,GCH Hill,ER Bamber,1,0,,,,,,,,,,,,,
1410272,2024,2024-04-19,"Lord's, London",3,37.3,37.3,Yorkshire,Middlesex,GCH Hill,JA Tattersall,ER Bamber,0,0,,,,,,,,,,,,,
1410272,2024,2024-04-19,"Lord's, London",3,37.4,37.4,Yorkshire,Middlesex,GCH Hill,JA Tattersall,ER Bamber,1,0,,,,,,,,,,,,,
1410272,2024,2024-04-19,"Lord's, London",3,37.5,37.5,Yorkshire,Middlesex,JA Tattersall,GCH Hill,ER Bamber,0,0,,,,,,,,,,,,,
1410272,2024,2024-04-19,"Lord's, London",3,37.6,37.6,Yorkshire,Middlesex,JA Tattersall,GCH Hill,ER Bamber,0,0,,,,,,,,,,,,,
1410272,2024,2024-04-19,"Lord's, London",3,38.1,38.1,Yorkshire,Middlesex,GCH Hill,JA Tattersall,TG Helm,0,0,,,,,,,,,,,,,
1410272,2024,2024-04-19,"Lord's, London",3,38.2,38.2,Yorkshire,Middlesex,GCH Hill,JA Tattersall,TG Helm,0,0,,,,,,,,,,,,,
1410272,2024,2024-04-19,"Lord's, London",3,38.3,38.3,Yorkshire,Middlesex,GCH Hill,JA Tattersall,TG Helm,0,0,,,,,,,,,,,,,
1410272,2024,2024-04-19,"Lord's, London",3,38.4,38.4,Yorkshire,Middlesex,GCH Hill,JA Tattersall,TG Helm,4,0,,,,,,,,,,,,,
1410272,2024,2024-04-19,"Lord's, London",3,38.5,38.5,Yorkshire,Middlesex,GCH Hill,JA Tattersall,TG Helm,0,0,,,,,,,,,,,,,
1410272,2024,2024-04-19,"Lord's, London",3,38.6,38.6,Yorkshire,Middlesex,GCH Hill,JA Tattersall,TG Helm,0,0,,,,,,,,,,,,,
1410272,2024,2024-04-19,"Lord's, London",3,39.1,39.1,Yorkshire,Middlesex,JA Tattersall,GCH Hill,ER Bamber,0,0,,,,,,,,,,,,,
1410272,2024,2024-04-19,"Lord's, London",3,39.2,39.2,Yorkshire,Middlesex,JA Tattersall,GCH Hill,ER Bamber,0,0,,,,,,,,,,,,,
1410272,2024,2024-04-19,"Lord's, London",3,39.3,39.3,Yorkshire,Middlesex,JA Tattersall,GCH Hill,ER Bamber,4,0,,,,,,,,,,,,,
1410272,2024,2024-04-19,"Lord's, London",3,39.4,39.4,Yorkshire,Middlesex,JA Tattersall,GCH Hill,ER Bamber,0,0,,,,,,,,,,,,,
1410272,2024,2024-04-19,"Lord's, London",3,39.5,39.5,Yorkshire,Middlesex,JA Tattersall,GCH Hill,ER Bamber,1,0,,,,,,,,,,,,,
1410272,2024,2024-04-19,"Lord's, London",3,39.6,39.6,Yorkshire,Middlesex,GCH Hill,JA Tattersall,ER Bamber,0,0,,,,,,,,,,,,,
1410272,2024,2024-04-19,"Lord's, London",3,40.1,40.1,Yorkshire,Middlesex,JA Tattersall,GCH Hill,TG Helm,0,0,,,,,,,,,,,,,
1410272,2024,2024-04-19,"Lord's, London",3,40.2,40.2,Yorkshire,Middlesex,JA Tattersall,GCH Hill,TG Helm,0,0,,,,,,,,,,,,,
1410272,2024,2024-04-19,"Lord's, London",3,40.3,40.3,Yorkshire,Middlesex,JA Tattersall,GCH Hill,TG Helm,0,0,,,,,,,,,,,,,
1410272,2024,2024-04-19,"Lord's, London",3,40.4,40.4,Yorkshire,Middlesex,JA Tattersall,GCH Hill,TG Helm,0,0,,,,,,,,,,,,,
1410272,2024,2024-04-19,"Lord's, London",3,40.5,40.5,Yorkshire,Middlesex,JA Tattersall,GCH Hill,TG Helm,0,0,,,,,,,,,,,,,
1410272,2024,2024-04-19,"Lord's, London",3,40.6,40.6,Yorkshire,Middlesex,JA Tattersall,GCH Hill,TG Helm,0,0,,,,,,,,,,,,,
1410272,2024,2024-04-19,"Lord's, London",3,41.1,41.1,Yorkshire,Middlesex,GCH Hill,JA Tattersall,ER Bamber,2,0,,,,,,,,,,,,,
1410272,2024,2024-04-19,"Lord's, London",3,41.2,41.2,Yorkshire,Middlesex,GCH Hill,JA Tattersall,ER Bamber,0,0,,,,,,,,,,,,,
1410272,2024,2024-04-19,"Lord's, London",3,41.3,41.3,Yorkshire,Middlesex,GCH Hill,JA Tattersall,ER Bamber,0,0,,,,,,,,,,,,,
1410272,2024,2024-04-19,"Lord's, London",3,41.4,41.4,Yorkshire,Middlesex,GCH Hill,JA Tattersall,ER Bamber,1,0,,,,,,,,,,,,,
1410272,2024,2024-04-19,"Lord's, London",3,41.5,41.5,Yorkshire,Middlesex,JA Tattersall,GCH Hill,ER Bamber,0,0,,,,,,,,,,,,,
1410272,2024,2024-04-19,"Lord's, London",3,41.6,41.6,Yorkshire,Middlesex,JA Tattersall,GCH Hill,ER Bamber,0,0,,,,,,,,,,,,,
1410272,2024,2024-04-19,"Lord's, London",3,42.1,42.1,Yorkshire,Middlesex,GCH Hill,JA Tattersall,TG Helm,0,0,,,,,,,,,,,,,
1410272,2024,2024-04-19,"Lord's, London",3,42.2,42.2,Yorkshire,Middlesex,GCH Hill,JA Tattersall,TG Helm,4,0,,,,,,,,,,,,,
1410272,2024,2024-04-19,"Lord's, London",3,42.3,42.3,Yorkshire,Middlesex,GCH Hill,JA Tattersall,TG Helm,0,0,,,,,,,,,,,,,
1410272,2024,2024-04-19,"Lord's, London",3,42.4,42.4,Yorkshire,Middlesex,GCH Hill,JA Tattersall,TG Helm,0,0,,,,,,,,,,,,,
1410272,2024,2024-04-19,"Lord's, London",3,42.5,42.5,Yorkshire,Middlesex,GCH Hill,JA Tattersall,TG Helm,0,0,,,,,,,,,,,,,
1410272,2024,2024-04-19,"Lord's, London",3,42.6,42.6,Yorkshire,Middlesex,GCH Hill,JA Tattersall,TG Helm,1,0,,,,,,,,,,,,,
1410272,2024,2024-04-19,"Lord's, London",3,43.1,43.1,Yorkshire,Middlesex,GCH Hill,JA Tattersall,ER Bamber,4,0,,,,,,,,,,,,,
1410272,2024,2024-04-19,"Lord's, London",3,43.2,43.2,Yorkshire,Middlesex,GCH Hill,JA Tattersall,ER Bamber,0,0,,,,,,,,,,,,,
1410272,2024,2024-04-19,"Lord's, London",3,43.3,43.3,Yorkshire,Middlesex,GCH Hill,JA Tattersall,ER Bamber,3,0,,,,,,,,,,,,,
1410272,2024,2024-04-19,"Lord's, London",3,43.4,43.4,Yorkshire,Middlesex,JA Tattersall,GCH Hill,ER Bamber,2,0,,,,,,,,,,,,,
1410272,2024,2024-04-19,"Lord's, London",3,43.5,43.5,Yorkshire,Middlesex,JA Tattersall,GCH Hill,ER Bamber,0,0,,,,,,,,,,,,,
1410272,2024,2024-04-19,"Lord's, London",3,43.6,43.6,Yorkshire,Middlesex,JA Tattersall,GCH Hill,ER Bamber,0,0,,,,,,,,,,,,,
1410272,2024,2024-04-19,"Lord's, London",3,44.1,44.1,Yorkshire,Middlesex,GCH Hill,JA Tattersall,TG Helm,0,1,,,,1,,,,,,,,,
1410272,2024,2024-04-19,"Lord's, London",3,44.2,44.2,Yorkshire,Middlesex,JA Tattersall,GCH Hill,TG Helm,0,0,,,,,,,bowled,JA Tattersall,,,,,
1410272,2024,2024-04-19,"Lord's, London",3,44.3,44.3,Yorkshire,Middlesex,JA Thompson,GCH Hill,TG Helm,0,0,,,,,,,,,,,,,
1410272,2024,2024-04-19,"Lord's, London",3,44.4,44.4,Yorkshire,Middlesex,JA Thompson,GCH Hill,TG Helm,1,0,,,,,,,,,,,,,
1410272,2024,2024-04-19,"Lord's, London",3,44.5,44.5,Yorkshire,Middlesex,GCH Hill,JA Thompson,TG Helm,0,0,,,,,,,,,,,,,
1410272,2024,2024-04-19,"Lord's, London",3,44.6,44.6,Yorkshire,Middlesex,GCH Hill,JA Thompson,TG Helm,0,0,,,,,,,,,,,,,
1410272,2024,2024-04-19,"Lord's, London",3,45.1,45.1,Yorkshire,Middlesex,JA Thompson,GCH Hill,ER Bamber,0,0,,,,,,,,,,,,,
1410272,2024,2024-04-19,"Lord's, London",3,45.2,45.2,Yorkshire,Middlesex,JA Thompson,GCH Hill,ER Bamber,0,2,,2,,,,,,,,,,,
1410272,2024,2024-04-19,"Lord's, London",3,45.3,45.2,Yorkshire,Middlesex,JA Thompson,GCH Hill,ER Bamber,0,0,,,,,,,,,,,,,
1410272,2024,2024-04-19,"Lord's, London",3,45.4,45.3,Yorkshire,Middlesex,JA Thompson,GCH Hill,ER Bamber,0,0,,,,,,,,,,,,,
1410272,2024,2024-04-19,"Lord's, London",3,45.5,45.4,Yorkshire,Middlesex,JA Thompson,GCH Hill,ER Bamber,4,0,,,,,,,,,,,,,
1410272,2024,2024-04-19,"Lord's, London",3,45.6,45.5,Yorkshire,Middlesex,JA Thompson,GCH Hill,ER Bamber,1,0,,,,,,,,,,,,,
1410272,2024,2024-04-19,"Lord's, London",3,45.7,45.6,Yorkshire,Middlesex,GCH Hill,JA Thompson,ER Bamber,0,0,,,,,,,,,,,,,
1410272,2024,2024-04-19,"Lord's, London",3,46.1,46.1,Yorkshire,Middlesex,JA Thompson,GCH Hill,TG Helm,0,0,,,,,,,,,,,,,
1410272,2024,2024-04-19,"Lord's, London",3,46.2,46.2,Yorkshire,Middlesex,JA Thompson,GCH Hill,TG Helm,4,0,,,,,,,,,,,,,
1410272,2024,2024-04-19,"Lord's, London",3,46.3,46.3,Yorkshire,Middlesex,JA Thompson,GCH Hill,TG Helm,1,0,,,,,,,,,,,,,
1410272,2024,2024-04-19,"Lord's, London",3,46.4,46.4,Yorkshire,Middlesex,GCH Hill,JA Thompson,TG Helm,0,0,,,,,,,,,,,,,
1410272,2024,2024-04-19,"Lord's, London",3,46.5,46.5,Yorkshire,Middlesex,GCH Hill,JA Thompson,TG Helm,1,0,,,,,,,,,,,,,
1410272,2024,2024-04-19,"Lord's, London",3,46.6,46.6,Yorkshire,Middlesex,JA Thompson,GCH Hill,TG Helm,1,0,,,,,,,,,,,,,
1410272,2024,2024-04-19,"Lord's, London",3,47.1,47.1,Yorkshire,Middlesex,JA Thompson,GCH Hill,ER Bamber,0,0,,,,,,,,,,,,,
1410272,2024,2024-04-19,"Lord's, London",3,47.2,47.2,Yorkshire,Middlesex,JA Thompson,GCH Hill,ER Bamber,0,0,,,,,,,,,,,,,
1410272,2024,2024-04-19,"Lord's, London",3,47.3,47.3,Yorkshire,Middlesex,JA Thompson,GCH Hill,ER Bamber,1,0,,,,,,,,,,,,,
1410272,2024,2024-04-19,"Lord's, London",3,47.4,47.4,Yorkshire,Middlesex,GCH Hill,JA Thompson,ER Bamber,0,0,,,,,,,,,,,,,
1410272,2024,2024-04-19,"Lord's, London",3,47.5,47.5,Yorkshire,Middlesex,GCH Hill,JA Thompson,ER Bamber,0,0,,,,,,,,,,,,,
1410272,2024,2024-04-19,"Lord's, London",3,47.6,47.6,Yorkshire,Middlesex,GCH Hill,JA Thompson,ER Bamber,0,0,,,,,,,,,,,,,
1410272,2024,2024-04-19,"Lord's, London",3,48.1,48.1,Yorkshire,Middlesex,JA Thompson,GCH Hill,RF Higgins,0,0,,,,,,,,,,,,,
1410272,2024,2024-04-19,"Lord's, London",3,48.2,48.2,Yorkshire,Middlesex,JA Thompson,GCH Hill,RF Higgins,0,2,,2,,,,,,,,,,,
1410272,2024,2024-04-19,"Lord's, London",3,48.3,48.2,Yorkshire,Middlesex,JA Thompson,GCH Hill,RF Higgins,0,0,,,,,,,,,,,,,
1410272,2024,2024-04-19,"Lord's, London",3,48.4,48.3,Yorkshire,Middlesex,JA Thompson,GCH Hill,RF Higgins,0,0,,,,,,,,,,,,,
1410272,2024,2024-04-19,"Lord's, London",3,48.5,48.4,Yorkshire,Middlesex,JA Thompson,GCH Hill,RF Higgins,0,0,,,,,,,,,,,,,
1410272,2024,2024-04-19,"Lord's, London",3,48.6,48.5,Yorkshire,Middlesex,JA Thompson,GCH Hill,RF Higgins,0,0,,,,,,,,,,,,,
1410272,2024,2024-04-19,"Lord's, London",3,48.7,48.6,Yorkshire,Middlesex,JA Thompson,GCH Hill,RF Higgins,0,1,,,1,,,,,,,,,,
1410272,2024,2024-04-19,"Lord's, London",3,49.1,49.1,Yorkshire,Middlesex,JA Thompson,GCH Hill,ER Bamber,0,0,,,,,,,,,,,,,
1410272,2024,2024-04-19,"Lord's, London",3,49.2,49.2,Yorkshire,Middlesex,JA Thompson,GCH Hill,ER Bamber,4,0,,,,,,,,,,,,,
1410272,2024,2024-04-19,"Lord's, London",3,49.3,49.3,Yorkshire,Middlesex,JA Thompson,GCH Hill,ER Bamber,4,0,,,,,,,,,,,,,
1410272,2024,2024-04-19,"Lord's, London",3,49.4,49.4,Yorkshire,Middlesex,JA Thompson,GCH Hill,ER Bamber,1,0,,,,,,,,,,,,,
1410272,2024,2024-04-19,"Lord's, London",3,49.5,49.5,Yorkshire,Middlesex,GCH Hill,JA Thompson,ER Bamber,0,0,,,,,,,,,,,,,
1410272,2024,2024-04-19,"Lord's, London",3,49.6,49.6,Yorkshire,Middlesex,GCH Hill,JA Thompson,ER Bamber,0,0,,,,,,,,,,,,,
1410272,2024,2024-04-19,"Lord's, London",3,50.1,50.1,Yorkshire,Middlesex,JA Thompson,GCH Hill,RF Higgins,1,0,,,,,,,,,,,,,
1410272,2024,2024-04-19,"Lord's, London",3,50.2,50.2,Yorkshire,Middlesex,GCH Hill,JA Thompson,RF Higgins,1,0,,,,,,,,,,,,,
1410272,2024,2024-04-19,"Lord's, London",3,50.3,50.3,Yorkshire,Middlesex,JA Thompson,GCH Hill,RF Higgins,1,0,,,,,,,,,,,,,
1410272,2024,2024-04-19,"Lord's, London",3,50.4,50.4,Yorkshire,Middlesex,GCH Hill,JA Thompson,RF Higgins,0,0,,,,,,,,,,,,,
1410272,2024,2024-04-19,"Lord's, London",3,50.5,50.5,Yorkshire,Middlesex,GCH Hill,JA Thompson,RF Higgins,1,0,,,,,,,,,,,,,
1410272,2024,2024-04-19,"Lord's, London",3,50.6,50.6,Yorkshire,Middlesex,JA Thompson,GCH Hill,RF Higgins,1,2,,2,,,,,,,,,,,
1410272,2024,2024-04-19,"Lord's, London",3,50.7,50.6,Yorkshire,Middlesex,GCH Hill,JA Thompson,RF Higgins,0,0,,,,,,,,,,,,,
1410272,2024,2024-04-19,"Lord's, London",3,51.1,51.1,Yorkshire,Middlesex,JA Thompson,GCH Hill,TS Roland-Jones,0,0,,,,,,,,,,,,,
1410272,2024,2024-04-19,"Lord's, London",3,51.2,51.2,Yorkshire,Middlesex,JA Thompson,GCH Hill,TS Roland-Jones,1,0,,,,,,,,,,,,,
1410272,2024,2024-04-19,"Lord's, London",3,51.3,51.3,Yorkshire,Middlesex,GCH Hill,JA Thompson,TS Roland-Jones,0,0,,,,,,,,,,,,,
1410272,2024,2024-04-19,"Lord's, London",3,51.4,51.4,Yorkshire,Middlesex,GCH Hill,JA Thompson,TS Roland-Jones,0,4,,,,4,,,,,,,,,
1410272,2024,2024-04-19,"Lord's, London",3,51.5,51.5,Yorkshire,Middlesex,GCH Hill,JA Thompson,TS Roland-Jones,0,0,,,,,,,,,,,,,
1410272,2024,2024-04-19,"Lord's, London",3,51.6,51.6,Yorkshire,Middlesex,GCH Hill,JA Thompson,TS Roland-Jones,0,0,,,,,,,,,,,,,
1410272,2024,2024-04-19,"Lord's, London",3,52.1,52.1,Yorkshire,Middlesex,JA Thompson,GCH Hill,RF Higgins,0,0,,,,,,,,,,,,,
1410272,2024,2024-04-19,"Lord's, London",3,52.2,52.2,Yorkshire,Middlesex,JA Thompson,GCH Hill,RF Higgins,0,0,,,,,,,,,,,,,
1410272,2024,2024-04-19,"Lord's, London",3,52.3,52.3,Yorkshire,Middlesex,JA Thompson,GCH Hill,RF Higgins,0,0,,,,,,,,,,,,,
1410272,2024,2024-04-19,"Lord's, London",3,52.4,52.4,Yorkshire,Middlesex,JA Thompson,GCH Hill,RF Higgins,0,0,,,,,,,,,,,,,
1410272,2024,2024-04-19,"Lord's, London",3,52.5,52.5,Yorkshire,Middlesex,JA Thompson,GCH Hill,RF Higgins,0,0,,,,,,,lbw,JA Thompson,,,,,
1410272,2024,2024-04-19,"Lord's, London",3,52.6,52.6,Yorkshire,Middlesex,BO Coad,GCH Hill,RF Higgins,4,0,,,,,,,,,,,,,
1410272,2024,2024-04-19,"Lord's, London",3,53.1,53.1,Yorkshire,Middlesex,GCH Hill,BO Coad,TS Roland-Jones,0,0,,,,,,,,,,,,,
1410272,2024,2024-04-19,"Lord's, London",3,53.2,53.2,Yorkshire,Middlesex,GCH Hill,BO Coad,TS Roland-Jones,1,0,,,,,,,,,,,,,
1410272,2024,2024-04-19,"Lord's, London",3,53.3,53.3,Yorkshire,Middlesex,BO Coad,GCH Hill,TS Roland-Jones,4,0,,,,,,,,,,,,,
1410272,2024,2024-04-19,"Lord's, London",3,53.4,53.4,Yorkshire,Middlesex,BO Coad,GCH Hill,TS Roland-Jones,4,0,,,,,,,,,,,,,
1410272,2024,2024-04-19,"Lord's, London",3,53.5,53.5,Yorkshire,Middlesex,BO Coad,GCH Hill,TS Roland-Jones,0,0,,,,,,,,,,,,,
1410272,2024,2024-04-19,"Lord's, London",3,53.6,53.6,Yorkshire,Middlesex,BO Coad,GCH Hill,TS Roland-Jones,0,0,,,,,,,,,,,,,
1410272,2024,2024-04-19,"Lord's, London",3,54.1,54.1,Yorkshire,Middlesex,GCH Hill,BO Coad,RF Higgins,1,0,,,,,,,,,,,,,
1410272,2024,2024-04-19,"Lord's, London",3,54.2,54.2,Yorkshire,Middlesex,BO Coad,GCH Hill,RF Higgins,1,0,,,,,,,,,,,,,
1410272,2024,2024-04-19,"Lord's, London",3,54.3,54.3,Yorkshire,Middlesex,GCH Hill,BO Coad,RF Higgins,0,0,,,,,,,,,,,,,
1410272,2024,2024-04-19,"Lord's, London",3,54.4,54.4,Yorkshire,Middlesex,GCH Hill,BO Coad,RF Higgins,0,0,,,,,,,,,,,,,
1410272,2024,2024-04-19,"Lord's, London",3,54.5,54.5,Yorkshire,Middlesex,GCH Hill,BO Coad,RF Higgins,0,0,,,,,,,,,,,,,
1410272,2024,2024-04-19,"Lord's, London",3,54.6,54.6,Yorkshire,Middlesex,GCH Hill,BO Coad,RF Higgins,0,0,,,,,,,,,,,,,
1410272,2024,2024-04-19,"Lord's, London",3,55.1,55.1,Yorkshire,Middlesex,BO Coad,GCH Hill,TS Roland-Jones,3,0,,,,,,,,,,,,,
1410272,2024,2024-04-19,"Lord's, London",3,55.2,55.2,Yorkshire,Middlesex,GCH Hill,BO Coad,TS Roland-Jones,0,0,,,,,,,,,,,,,
1410272,2024,2024-04-19,"Lord's, London",3,55.3,55.3,Yorkshire,Middlesex,GCH Hill,BO Coad,TS Roland-Jones,4,0,,,,,,,,,,,,,
1410272,2024,2024-04-19,"Lord's, London",3,55.4,55.4,Yorkshire,Middlesex,GCH Hill,BO Coad,TS Roland-Jones,0,0,,,,,,,,,,,,,
1410272,2024,2024-04-19,"Lord's, London",3,55.5,55.5,Yorkshire,Middlesex,GCH Hill,BO Coad,TS Roland-Jones,0,0,,,,,,,,,,,,,
1410272,2024,2024-04-19,"Lord's, London",3,55.6,55.6,Yorkshire,Middlesex,GCH Hill,BO Coad,TS Roland-Jones,0,0,,,,,,,,,,,,,
1410272,2024,2024-04-19,"Lord's, London",3,56.1,56.1,Yorkshire,Middlesex,BO Coad,GCH Hill,RF Higgins,0,0,,,,,,,,,,,,,
1410272,2024,2024-04-19,"Lord's, London",3,56.2,56.2,Yorkshire,Middlesex,BO Coad,GCH Hill,RF Higgins,3,0,,,,,,,,,,,,,
1410272,2024,2024-04-19,"Lord's, London",3,56.3,56.3,Yorkshire,Middlesex,GCH Hill,BO Coad,RF Higgins,0,0,,,,,,,,,,,,,
1410272,2024,2024-04-19,"Lord's, London",3,56.4,56.4,Yorkshire,Middlesex,GCH Hill,BO Coad,RF Higgins,3,0,,,,,,,,,,,,,
1410272,2024,2024-04-19,"Lord's, London",3,56.5,56.5,Yorkshire,Middlesex,BO Coad,GCH Hill,RF Higgins,0,0,,,,,,,,,,,,,
1410272,2024,2024-04-19,"Lord's, London",3,56.6,56.6,Yorkshire,Middlesex,BO Coad,GCH Hill,RF Higgins,2,0,,,,,,,,,,,,,
1410272,2024,2024-04-19,"Lord's, London",3,57.1,57.1,Yorkshire,Middlesex,GCH Hill,BO Coad,TS Roland-Jones,1,0,,,,,,,,,,,,,
1410272,2024,2024-04-19,"Lord's, London",3,57.2,57.2,Yorkshire,Middlesex,BO Coad,GCH Hill,TS Roland-Jones,0,0,,,,,,,,,,,,,
1410272,2024,2024-04-19,"Lord's, London",3,57.3,57.3,Yorkshire,Middlesex,BO Coad,GCH Hill,TS Roland-Jones,1,0,,,,,,,,,,,,,
1410272,2024,2024-04-19,"Lord's, London",3,57.4,57.4,Yorkshire,Middlesex,GCH Hill,BO Coad,TS Roland-Jones,0,0,,,,,,,,,,,,,
1410272,2024,2024-04-19,"Lord's, London",3,57.5,57.5,Yorkshire,Middlesex,GCH Hill,BO Coad,TS Roland-Jones,0,0,,,,,,,,,,,,,
1410272,2024,2024-04-19,"Lord's, London",3,57.6,57.6,Yorkshire,Middlesex,GCH Hill,BO Coad,TS Roland-Jones,0,0,,,,,,,,,,,,,
1410272,2024,2024-04-19,"Lord's, London",3,58.1,58.1,Yorkshire,Middlesex,BO Coad,GCH Hill,RF Higgins,0,0,,,,,,,,,,,,,
1410272,2024,2024-04-19,"Lord's, London",3,58.2,58.2,Yorkshire,Middlesex,BO Coad,GCH Hill,RF Higgins,0,0,,,,,,,,,,,,,
1410272,2024,2024-04-19,"Lord's, London",3,58.3,58.3,Yorkshire,Middlesex,BO Coad,GCH Hill,RF Higgins,4,0,,,,,,,,,,,,,
1410272,2024,2024-04-19,"Lord's, London",3,58.4,58.4,Yorkshire,Middlesex,BO Coad,GCH Hill,RF Higgins,0,0,,,,,,,,,,,,,
1410272,2024,2024-04-19,"Lord's, London",3,58.5,58.5,Yorkshire,Middlesex,BO Coad,GCH Hill,RF Higgins,0,0,,,,,,,,,,,,,
1410272,2024,2024-04-19,"Lord's, London",3,58.6,58.6,Yorkshire,Middlesex,BO Coad,GCH Hill,RF Higgins,0,0,,,,,,,,,,,,,
1410272,2024,2024-04-19,"Lord's, London",3,59.1,59.1,Yorkshire,Middlesex,GCH Hill,BO Coad,TS Roland-Jones,0,0,,,,,,,,,,,,,
1410272,2024,2024-04-19,"Lord's, London",3,59.2,59.2,Yorkshire,Middlesex,GCH Hill,BO Coad,TS Roland-Jones,0,0,,,,,,,,,,,,,
1410272,2024,2024-04-19,"Lord's, London",3,59.3,59.3,Yorkshire,Middlesex,GCH Hill,BO Coad,TS Roland-Jones,0,0,,,,,,,,,,,,,
1410272,2024,2024-04-19,"Lord's, London",3,59.4,59.4,Yorkshire,Middlesex,GCH Hill,BO Coad,TS Roland-Jones,0,0,,,,,,,,,,,,,
1410272,2024,2024-04-19,"Lord's, London",3,59.5,59.5,Yorkshire,Middlesex,GCH Hill,BO Coad,TS Roland-Jones,0,1,,,1,,,,,,,,,,
1410272,2024,2024-04-19,"Lord's, London",3,59.6,59.6,Yorkshire,Middlesex,BO Coad,GCH Hill,TS Roland-Jones,0,0,,,,,,,,,,,,,
1410272,2024,2024-04-19,"Lord's, London",3,60.1,60.1,Yorkshire,Middlesex,GCH Hill,BO Coad,TG Helm,1,0,,,,,,,,,,,,,
1410272,2024,2024-04-19,"Lord's, London",3,60.2,60.2,Yorkshire,Middlesex,BO Coad,GCH Hill,TG Helm,4,0,,,,,,,,,,,,,
1410272,2024,2024-04-19,"Lord's, London",3,60.3,60.3,Yorkshire,Middlesex,BO Coad,GCH Hill,TG Helm,0,1,,,,1,,,,,,,,,
1410272,2024,2024-04-19,"Lord's, London",3,60.4,60.4,Yorkshire,Middlesex,GCH Hill,BO Coad,TG Helm,0,0,,,,,,,,,,,,,
1410272,2024,2024-04-19,"Lord's, London",3,60.5,60.5,Yorkshire,Middlesex,GCH Hill,BO Coad,TG Helm,0,0,,,,,,,,,,,,,
1410272,2024,2024-04-19,"Lord's, London",3,60.6,60.6,Yorkshire,Middlesex,GCH Hill,BO Coad,TG Helm,1,0,,,,,,,,,,,,,
1410272,2024,2024-04-19,"Lord's, London",3,61.1,61.1,Yorkshire,Middlesex,GCH Hill,BO Coad,TS Roland-Jones,0,0,,,,,,,,,,,,,
1410272,2024,2024-04-19,"Lord's, London",3,61.2,61.2,Yorkshire,Middlesex,GCH Hill,BO Coad,TS Roland-Jones,0,0,,,,,,,,,,,,,
1410272,2024,2024-04-19,"Lord's, London",3,61.3,61.3,Yorkshire,Middlesex,GCH Hill,BO Coad,TS Roland-Jones,0,0,,,,,,,,,,,,,
1410272,2024,2024-04-19,"Lord's, London",3,61.4,61.4,Yorkshire,Middlesex,GCH Hill,BO Coad,TS Roland-Jones,0,0,,,,,,,,,,,,,
1410272,2024,2024-04-19,"Lord's, London",3,61.5,61.5,Yorkshire,Middlesex,GCH Hill,BO Coad,TS Roland-Jones,0,0,,,,,,,,,,,,,
1410272,2024,2024-04-19,"Lord's, London",3,61.6,61.6,Yorkshire,Middlesex,GCH Hill,BO Coad,TS Roland-Jones,0,0,,,,,,,,,,,,,
1410272,2024,2024-04-19,"Lord's, London",3,62.1,62.1,Yorkshire,Middlesex,BO Coad,GCH Hill,TG Helm,0,0,,,,,,,,,,,,,
1410272,2024,2024-04-19,"Lord's, London",3,62.2,62.2,Yorkshire,Middlesex,BO Coad,GCH Hill,TG Helm,4,0,,,,,,,,,,,,,
1410272,2024,2024-04-19,"Lord's, London",3,62.3,62.3,Yorkshire,Middlesex,BO Coad,GCH Hill,TG Helm,0,0,,,,,,,,,,,,,
1410272,2024,2024-04-19,"Lord's, London",3,62.4,62.4,Yorkshire,Middlesex,BO Coad,GCH Hill,TG Helm,0,0,,,,,,,,,,,,,
1410272,2024,2024-04-19,"Lord's, London",3,62.5,62.5,Yorkshire,Middlesex,BO Coad,GCH Hill,TG Helm,0,0,,,,,,,,,,,,,
1410272,2024,2024-04-19,"Lord's, London",3,62.6,62.6,Yorkshire,Middlesex,BO Coad,GCH Hill,TG Helm,4,0,,,,,,,,,,,,,
1410272,2024,2024-04-19,"Lord's, London",3,63.1,63.1,Yorkshire,Middlesex,GCH Hill,BO Coad,TS Roland-Jones,2,0,,,,,,,,,,,,,
1410272,2024,2024-04-19,"Lord's, London",3,63.2,63.2,Yorkshire,Middlesex,GCH Hill,BO Coad,TS Roland-Jones,0,0,,,,,,,,,,,,,
1410272,2024,2024-04-19,"Lord's, London",3,63.3,63.3,Yorkshire,Middlesex,GCH Hill,BO Coad,TS Roland-Jones,0,0,,,,,,,,,,,,,
1410272,2024,2024-04-19,"Lord's, London",3,63.4,63.4,Yorkshire,Middlesex,GCH Hill,BO Coad,TS Roland-Jones,0,0,,,,,,,,,,,,,
1410272,2024,2024-04-19,"Lord's, London",3,63.5,63.5,Yorkshire,Middlesex,GCH Hill,BO Coad,TS Roland-Jones,4,0,,,,,,,,,,,,,
1410272,2024,2024-04-19,"Lord's, London",3,63.6,63.6,Yorkshire,Middlesex,GCH Hill,BO Coad,TS Roland-Jones,4,0,,,,,,,,,,,,,
1410272,2024,2024-04-19,"Lord's, London",3,64.1,64.1,Yorkshire,Middlesex,BO Coad,GCH Hill,ER Bamber,0,0,,,,,,,caught,BO Coad,,,JL du Plooy,,
1410272,2024,2024-04-19,"Lord's, London",3,64.2,64.2,Yorkshire,Middlesex,D Moriarty,GCH Hill,ER Bamber,0,0,,,,,,,,,,,,,
1410272,2024,2024-04-19,"Lord's, London",3,64.3,64.3,Yorkshire,Middlesex,D Moriarty,GCH Hill,ER Bamber,0,0,,,,,,,,,,,,,
1410272,2024,2024-04-19,"Lord's, London",3,64.4,64.4,Yorkshire,Middlesex,D Moriarty,GCH Hill,ER Bamber,0,0,,,,,,,,,,,,,
1410272,2024,2024-04-19,"Lord's, London",3,64.5,64.5,Yorkshire,Middlesex,D Moriarty,GCH Hill,ER Bamber,0,0,,,,,,,,,,,,,
1410272,2024,2024-04-19,"Lord's, London",3,64.6,64.6,Yorkshire,Middlesex,D Moriarty,GCH Hill,ER Bamber,1,0,,,,,,,,,,,,,
1410272,2024,2024-04-19,"Lord's, London",3,65.1,65.1,Yorkshire,Middlesex,D Moriarty,GCH Hill,TS Roland-Jones,0,0,,,,,,,,,,,,,
1410272,2024,2024-04-19,"Lord's, London",3,65.2,65.2,Yorkshire,Middlesex,D Moriarty,GCH Hill,TS Roland-Jones,0,0,,,,,,,,,,,,,
1410272,2024,2024-04-19,"Lord's, London",3,65.3,65.3,Yorkshire,Middlesex,D Moriarty,GCH Hill,TS Roland-Jones,0,0,,,,,,,,,,,,,
1410272,2024,2024-04-19,"Lord's, London",3,65.4,65.4,Yorkshire,Middlesex,D Moriarty,GCH Hill,TS Roland-Jones,0,0,,,,,,,,,,,,,
1410272,2024,2024-04-19,"Lord's, London",3,65.5,65.5,Yorkshire,Middlesex,D Moriarty,GCH Hill,TS Roland-Jones,0,0,,,,,,,,,,,,,
1410272,2024,2024-04-19,"Lord's, London",3,65.6,65.6,Yorkshire,Middlesex,D Moriarty,GCH Hill,TS Roland-Jones,4,0,,,,,,,,,,,,,
1410272,2024,2024-04-19,"Lord's, London",3,66.1,66.1,Yorkshire,Middlesex,GCH Hill,D Moriarty,ER Bamber,0,0,,,,,,,,,,,,,
1410272,2024,2024-04-19,"Lord's, London",3,66.2,66.2,Yorkshire,Middlesex,GCH Hill,D Moriarty,ER Bamber,0,0,,,,,,,,,,,,,
1410272,2024,2024-04-19,"Lord's, London",3,66.3,66.3,Yorkshire,Middlesex,GCH Hill,D Moriarty,ER Bamber,0,0,,,,,,,,,,,,,
1410272,2024,2024-04-19,"Lord's, London",3,66.4,66.4,Yorkshire,Middlesex,GCH Hill,D Moriarty,ER Bamber,0,0,,,,,,,,,,,,,
1410272,2024,2024-04-19,"Lord's, London",3,66.5,66.5,Yorkshire,Middlesex,GCH Hill,D Moriarty,ER Bamber,1,0,,,,,,,,,,,,,
1410272,2024,2024-04-19,"Lord's, London",3,66.6,66.6,Yorkshire,Middlesex,D Moriarty,GCH Hill,ER Bamber,0,0,,,,,,,,,,,,,
1410272,2024,2024-04-19,"Lord's, London",3,67.1,67.1,Yorkshire,Middlesex,GCH Hill,D Moriarty,TS Roland-Jones,0,0,,,,,,,,,,,,,
1410272,2024,2024-04-19,"Lord's, London",3,67.2,67.2,Yorkshire,Middlesex,GCH Hill,D Moriarty,TS Roland-Jones,0,0,,,,,,,,,,,,,
1410272,2024,2024-04-19,"Lord's, London",3,67.3,67.3,Yorkshire,Middlesex,GCH Hill,D Moriarty,TS Roland-Jones,0,0,,,,,,,,,,,,,
1410272,2024,2024-04-19,"Lord's, London",3,67.4,67.4,Yorkshire,Middlesex,GCH Hill,D Moriarty,TS Roland-Jones,0,0,,,,,,,,,,,,,
1410272,2024,2024-04-19,"Lord's, London",3,67.5,67.5,Yorkshire,Middlesex,GCH Hill,D Moriarty,TS Roland-Jones,0,0,,,,,,,,,,,,,
1410272,2024,2024-04-19,"Lord's, London",3,67.6,67.6,Yorkshire,Middlesex,GCH Hill,D Moriarty,TS Roland-Jones,0,0,,,,,,,,,,,,,
1410272,2024,2024-04-19,"Lord's, London",3,68.1,68.1,Yorkshire,Middlesex,D Moriarty,GCH Hill,ER Bamber,0,0,,,,,,,,,,,,,
1410272,2024,2024-04-19,"Lord's, London",3,68.2,68.2,Yorkshire,Middlesex,D Moriarty,GCH Hill,ER Bamber,0,0,,,,,,,,,,,,,
1410272,2024,2024-04-19,"Lord's, London",3,68.3,68.3,Yorkshire,Middlesex,D Moriarty,GCH Hill,ER Bamber,0,0,,,,,,,,,,,,,
1410272,2024,2024-04-19,"Lord's, London",3,68.4,68.4,Yorkshire,Middlesex,D Moriarty,GCH Hill,ER Bamber,0,0,,,,,,,,,,,,,
1410272,2024,2024-04-19,"Lord's, London",3,68.5,68.5,Yorkshire,Middlesex,D Moriarty,GCH Hill,ER Bamber,0,0,,,,,,,,,,,,,
1410272,2024,2024-04-19,"Lord's, London",3,68.6,68.6,Yorkshire,Middlesex,D Moriarty,GCH Hill,ER Bamber,0,0,,,,,,,,,,,,,
1410272,2024,2024-04-19,"Lord's, London",3,69.1,69.1,Yorkshire,Middlesex,GCH Hill,D Moriarty,TS Roland-Jones,0,0,,,,,,,,,,,,,
1410272,2024,2024-04-19,"Lord's, London",3,69.2,69.2,Yorkshire,Middlesex,GCH Hill,D Moriarty,TS Roland-Jones,4,0,,,,,,,,,,,,,
1410272,2024,2024-04-19,"Lord's, London",3,69.3,69.3,Yorkshire,Middlesex,GCH Hill,D Moriarty,TS Roland-Jones,0,0,,,,,,,,,,,,,
1410272,2024,2024-04-19,"Lord's, London",3,69.4,69.4,Yorkshire,Middlesex,GCH Hill,D Moriarty,TS Roland-Jones,0,0,,,,,,,,,,,,,
1410272,2024,2024-04-19,"Lord's, London",3,69.5,69.5,Yorkshire,Middlesex,GCH Hill,D Moriarty,TS Roland-Jones,2,0,,,,,,,,,,,,,
1410272,2024,2024-04-19,"Lord's, London",3,69.6,69.6,Yorkshire,Middlesex,GCH Hill,D Moriarty,TS Roland-Jones,4,0,,,,,,,,,,,,,
1410272,2024,2024-04-19,"Lord's, London",3,70.1,70.1,Yorkshire,Middlesex,D Moriarty,GCH Hill,ER Bamber,0,0,,,,,,,,,,,,,
1410272,2024,2024-04-19,"Lord's, London",3,70.2,70.2,Yorkshire,Middlesex,D Moriarty,GCH Hill,ER Bamber,0,0,,,,,,,,,,,,,
1410272,2024,2024-04-19,"Lord's, London",3,70.3,70.3,Yorkshire,Middlesex,D Moriarty,GCH Hill,ER Bamber,0,0,,,,,,,lbw,D Moriarty,,,,,
1410272,2024,2024-04-19,"Lord's, London",3,70.4,70.4,Yorkshire,Middlesex,MW Edwards,GCH Hill,ER Bamber,0,0,,,,,,,,,,,,,
1410272,2024,2024-04-19,"Lord's, London",3,70.5,70.5,Yorkshire,Middlesex,MW Edwards,GCH Hill,ER Bamber,0,0,,,,,,,,,,,,,
1410272,2024,2024-04-19,"Lord's, London",3,70.6,70.6,Yorkshire,Middlesex,MW Edwards,GCH Hill,ER Bamber,0,0,,,,,,,,,,,,,
1410272,2024,2024-04-19,"Lord's, London",3,71.1,71.1,Yorkshire,Middlesex,GCH Hill,MW Edwards,TG Helm,2,0,,,,,,,,,,,,,
1410272,2024,2024-04-19,"Lord's, London",3,71.2,71.2,Yorkshire,Middlesex,GCH Hill,MW Edwards,TG Helm,0,0,,,,,,,,,,,,,
1410272,2024,2024-04-19,"Lord's, London",3,71.3,71.3,Yorkshire,Middlesex,GCH Hill,MW Edwards,TG Helm,0,0,,,,,,,caught,GCH Hill,,,,,
1410272,2024,2024-04-19,"Lord's, London",4,0.1,0.1,Middlesex,Yorkshire,N Fernandes,MD Stoneman,BO Coad,1,0,,,,,,,,,,,,,
1410272,2024,2024-04-19,"Lord's, London",4,0.2,0.2,Middlesex,Yorkshire,MD Stoneman,N Fernandes,BO Coad,0,0,,,,,,,,,,,,,
1410272,2024,2024-04-19,"Lord's, London",4,0.3,0.3,Middlesex,Yorkshire,MD Stoneman,N Fernandes,BO Coad,0,0,,,,,,,lbw,MD Stoneman,,,,,
1410272,2024,2024-04-19,"Lord's, London",4,0.4,0.4,Middlesex,Yorkshire,MDE Holden,N Fernandes,BO Coad,1,0,,,,,,,,,,,,,
1410272,2024,2024-04-19,"Lord's, London",4,0.5,0.5,Middlesex,Yorkshire,N Fernandes,MDE Holden,BO Coad,0,0,,,,,,,,,,,,,
1410272,2024,2024-04-19,"Lord's, London",4,0.6,0.6,Middlesex,Yorkshire,N Fernandes,MDE Holden,BO Coad,0,0,,,,,,,,,,,,,
1410272,2024,2024-04-19,"Lord's, London",4,1.1,1.1,Middlesex,Yorkshire,MDE Holden,N Fernandes,JA Thompson,0,0,,,,,,,,,,,,,
1410272,2024,2024-04-19,"Lord's, London",4,1.2,1.2,Middlesex,Yorkshire,MDE Holden,N Fernandes,JA Thompson,0,0,,,,,,,,,,,,,
1410272,2024,2024-04-19,"Lord's, London",4,1.3,1.3,Middlesex,Yorkshire,MDE Holden,N Fernandes,JA Thompson,0,0,,,,,,,,,,,,,
1410272,2024,2024-04-19,"Lord's, London",4,1.4,1.4,Middlesex,Yorkshire,MDE Holden,N Fernandes,JA Thompson,0,0,,,,,,,,,,,,,
1410272,2024,2024-04-19,"Lord's, London",4,1.5,1.5,Middlesex,Yorkshire,MDE Holden,N Fernandes,JA Thompson,0,0,,,,,,,,,,,,,
1410272,2024,2024-04-19,"Lord's, London",4,1.6,1.6,Middlesex,Yorkshire,MDE Holden,N Fernandes,JA Thompson,0,0,,,,,,,,,,,,,
1410272,2024,2024-04-19,"Lord's, London",4,2.1,2.1,Middlesex,Yorkshire,N Fernandes,MDE Holden,BO Coad,0,0,,,,,,,,,,,,,
1410272,2024,2024-04-19,"Lord's, London",4,2.2,2.2,Middlesex,Yorkshire,N Fernandes,MDE Holden,BO Coad,0,0,,,,,,,,,,,,,
1410272,2024,2024-04-19,"Lord's, London",4,2.3,2.3,Middlesex,Yorkshire,N Fernandes,MDE Holden,BO Coad,0,0,,,,,,,,,,,,,
1410272,2024,2024-04-19,"Lord's, London",4,2.4,2.4,Middlesex,Yorkshire,N Fernandes,MDE Holden,BO Coad,0,0,,,,,,,,,,,,,
1410272,2024,2024-04-19,"Lord's, London",4,2.5,2.5,Middlesex,Yorkshire,N Fernandes,MDE Holden,BO Coad,0,0,,,,,,,,,,,,,
1410272,2024,2024-04-19,"Lord's, London",4,2.6,2.6,Middlesex,Yorkshire,N Fernandes,MDE Holden,BO Coad,0,0,,,,,,,,,,,,,
1410272,2024,2024-04-19,"Lord's, London",4,3.1,3.1,Middlesex,Yorkshire,MDE Holden,N Fernandes,JA Thompson,4,0,,,,,,,,,,,,,
1410272,2024,2024-04-19,"Lord's, London",4,3.2,3.2,Middlesex,Yorkshire,MDE Holden,N Fernandes,JA Thompson,0,0,,,,,,,,,,,,,
1410272,2024,2024-04-19,"Lord's, London",4,3.3,3.3,Middlesex,Yorkshire,MDE Holden,N Fernandes,JA Thompson,0,0,,,,,,,,,,,,,
1410272,2024,2024-04-19,"Lord's, London",4,3.4,3.4,Middlesex,Yorkshire,MDE Holden,N Fernandes,JA Thompson,0,0,,,,,,,,,,,,,
1410272,2024,2024-04-19,"Lord's, London",4,3.5,3.5,Middlesex,Yorkshire,MDE Holden,N Fernandes,JA Thompson,0,0,,,,,,,,,,,,,
1410272,2024,2024-04-19,"Lord's, London",4,3.6,3.6,Middlesex,Yorkshire,MDE Holden,N Fernandes,JA Thompson,0,0,,,,,,,,,,,,,
1410272,2024,2024-04-19,"Lord's, London",4,4.1,4.1,Middlesex,Yorkshire,N Fernandes,MDE Holden,BO Coad,0,0,,,,,,,,,,,,,
1410272,2024,2024-04-19,"Lord's, London",4,4.2,4.2,Middlesex,Yorkshire,N Fernandes,MDE Holden,BO Coad,0,0,,,,,,,,,,,,,
1410272,2024,2024-04-19,"Lord's, London",4,4.3,4.3,Middlesex,Yorkshire,N Fernandes,MDE Holden,BO Coad,4,0,,,,,,,,,,,,,
1410272,2024,2024-04-19,"Lord's, London",4,4.4,4.4,Middlesex,Yorkshire,N Fernandes,MDE Holden,BO Coad,0,0,,,,,,,,,,,,,
1410272,2024,2024-04-19,"Lord's, London",4,4.5,4.5,Middlesex,Yorkshire,N Fernandes,MDE Holden,BO Coad,1,0,,,,,,,,,,,,,
1410272,2024,2024-04-19,"Lord's, London",4,4.6,4.6,Middlesex,Yorkshire,MDE Holden,N Fernandes,BO Coad,0,0,,,,,,,,,,,,,
1410272,2024,2024-04-19,"Lord's, London",4,5.1,5.1,Middlesex,Yorkshire,N Fernandes,MDE Holden,JA Thompson,0,0,,,,,,,,,,,,,
1410272,2024,2024-04-19,"Lord's, London",4,5.2,5.2,Middlesex,Yorkshire,N Fernandes,MDE Holden,JA Thompson,1,0,,,,,,,,,,,,,
1410272,2024,2024-04-19,"Lord's, London",4,5.3,5.3,Middlesex,Yorkshire,MDE Holden,N Fernandes,JA Thompson,0,0,,,,,,,,,,,,,
1410272,2024,2024-04-19,"Lord's, London",4,5.4,5.4,Middlesex,Yorkshire,MDE Holden,N Fernandes,JA Thompson,0,0,,,,,,,,,,,,,
1410272,2024,2024-04-19,"Lord's, London",4,5.5,5.5,Middlesex,Yorkshire,MDE Holden,N Fernandes,JA Thompson,0,0,,,,,,,,,,,,,
1410272,2024,2024-04-19,"Lord's, London",4,5.6,5.6,Middlesex,Yorkshire,MDE Holden,N Fernandes,JA Thompson,1,0,,,,,,,,,,,,,
1410272,2024,2024-04-19,"Lord's, London",4,6.1,6.1,Middlesex,Yorkshire,MDE Holden,N Fernandes,BO Coad,1,0,,,,,,,,,,,,,
1410272,2024,2024-04-19,"Lord's, London",4,6.2,6.2,Middlesex,Yorkshire,N Fernandes,MDE Holden,BO Coad,0,0,,,,,,,,,,,,,
1410272,2024,2024-04-19,"Lord's, London",4,6.3,6.3,Middlesex,Yorkshire,N Fernandes,MDE Holden,BO Coad,0,0,,,,,,,,,,,,,
1410272,2024,2024-04-19,"Lord's, London",4,6.4,6.4,Middlesex,Yorkshire,N Fernandes,MDE Holden,BO Coad,0,0,,,,,,,,,,,,,
1410272,2024,2024-04-19,"Lord's, London",4,6.5,6.5,Middlesex,Yorkshire,N Fernandes,MDE Holden,BO Coad,2,0,,,,,,,,,,,,,
1410272,2024,2024-04-19,"Lord's, London",4,6.6,6.6,Middlesex,Yorkshire,N Fernandes,MDE Holden,BO Coad,0,0,,,,,,,,,,,,,
1410272,2024,2024-04-19,"Lord's, London",4,7.1,7.1,Middlesex,Yorkshire,MDE Holden,N Fernandes,JA Thompson,0,0,,,,,,,,,,,,,
1410272,2024,2024-04-19,"Lord's, London",4,7.2,7.2,Middlesex,Yorkshire,MDE Holden,N Fernandes,JA Thompson,0,0,,,,,,,,,,,,,
1410272,2024,2024-04-19,"Lord's, London",4,7.3,7.3,Middlesex,Yorkshire,MDE Holden,N Fernandes,JA Thompson,1,0,,,,,,,,,,,,,
1410272,2024,2024-04-19,"Lord's, London",4,7.4,7.4,Middlesex,Yorkshire,N Fernandes,MDE Holden,JA Thompson,1,0,,,,,,,,,,,,,
1410272,2024,2024-04-19,"Lord's, London",4,7.5,7.5,Middlesex,Yorkshire,MDE Holden,N Fernandes,JA Thompson,0,0,,,,,,,,,,,,,
1410272,2024,2024-04-19,"Lord's, London",4,7.6,7.6,Middlesex,Yorkshire,MDE Holden,N Fernandes,JA Thompson,0,0,,,,,,,,,,,,,
1410272,2024,2024-04-19,"Lord's, London",4,8.1,8.1,Middlesex,Yorkshire,N Fernandes,MDE Holden,BO Coad,0,0,,,,,,,,,,,,,
1410272,2024,2024-04-19,"Lord's, London",4,8.2,8.2,Middlesex,Yorkshire,N Fernandes,MDE Holden,BO Coad,0,0,,,,,,,,,,,,,
1410272,2024,2024-04-19,"Lord's, London",4,8.3,8.3,Middlesex,Yorkshire,N Fernandes,MDE Holden,BO Coad,0,0,,,,,,,,,,,,,
1410272,2024,2024-04-19,"Lord's, London",4,8.4,8.4,Middlesex,Yorkshire,N Fernandes,MDE Holden,BO Coad,0,0,,,,,,,,,,,,,
1410272,2024,2024-04-19,"Lord's, London",4,8.5,8.5,Middlesex,Yorkshire,N Fernandes,MDE Holden,BO Coad,3,0,,,,,,,,,,,,,
1410272,2024,2024-04-19,"Lord's, London",4,8.6,8.6,Middlesex,Yorkshire,MDE Holden,N Fernandes,BO Coad,0,0,,,,,,,,,,,,,
1410272,2024,2024-04-19,"Lord's, London",4,9.1,9.1,Middlesex,Yorkshire,N Fernandes,MDE Holden,JA Thompson,0,0,,,,,,,,,,,,,
1410272,2024,2024-04-19,"Lord's, London",4,9.2,9.2,Middlesex,Yorkshire,N Fernandes,MDE Holden,JA Thompson,1,0,,,,,,,,,,,,,
1410272,2024,2024-04-19,"Lord's, London",4,9.3,9.3,Middlesex,Yorkshire,MDE Holden,N Fernandes,JA Thompson,0,0,,,,,,,,,,,,,
1410272,2024,2024-04-19,"Lord's, London",4,9.4,9.4,Middlesex,Yorkshire,MDE Holden,N Fernandes,JA Thompson,0,0,,,,,,,,,,,,,
1410272,2024,2024-04-19,"Lord's, London",4,9.5,9.5,Middlesex,Yorkshire,MDE Holden,N Fernandes,JA Thompson,0,0,,,,,,,,,,,,,
1410272,2024,2024-04-19,"Lord's, London",4,9.6,9.6,Middlesex,Yorkshire,MDE Holden,N Fernandes,JA Thompson,0,0,,,,,,,,,,,,,
1410272,2024,2024-04-19,"Lord's, London",4,10.1,10.1,Middlesex,Yorkshire,N Fernandes,MDE Holden,BO Coad,0,1,,,,1,,,,,,,,,
1410272,2024,2024-04-19,"Lord's, London",4,10.2,10.2,Middlesex,Yorkshire,MDE Holden,N Fernandes,BO Coad,0,0,,,,,,,,,,,,,
1410272,2024,2024-04-19,"Lord's, London",4,10.3,10.3,Middlesex,Yorkshire,MDE Holden,N Fernandes,BO Coad,0,0,,,,,,,,,,,,,
1410272,2024,2024-04-19,"Lord's, London",4,10.4,10.4,Middlesex,Yorkshire,MDE Holden,N Fernandes,BO Coad,0,0,,,,,,,,,,,,,
1410272,2024,2024-04-19,"Lord's, London",4,10.5,10.5,Middlesex,Yorkshire,MDE Holden,N Fernandes,BO Coad,0,0,,,,,,,,,,,,,
1410272,2024,2024-04-19,"Lord's, London",4,10.6,10.6,Middlesex,Yorkshire,MDE Holden,N Fernandes,BO Coad,0,0,,,,,,,,,,,,,
1410272,2024,2024-04-19,"Lord's, London",4,11.1,11.1,Middlesex,Yorkshire,N Fernandes,MDE Holden,JA Thompson,0,0,,,,,,,,,,,,,
1410272,2024,2024-04-19,"Lord's, London",4,11.2,11.2,Middlesex,Yorkshire,N Fernandes,MDE Holden,JA Thompson,0,0,,,,,,,,,,,,,
1410272,2024,2024-04-19,"Lord's, London",4,11.3,11.3,Middlesex,Yorkshire,N Fernandes,MDE Holden,JA Thompson,0,0,,,,,,,,,,,,,
1410272,2024,2024-04-19,"Lord's, London",4,11.4,11.4,Middlesex,Yorkshire,N Fernandes,MDE Holden,JA Thompson,0,0,,,,,,,,,,,,,
1410272,2024,2024-04-19,"Lord's, London",4,11.5,11.5,Middlesex,Yorkshire,N Fernandes,MDE Holden,JA Thompson,0,0,,,,,,,,,,,,,
1410272,2024,2024-04-19,"Lord's, London",4,11.6,11.6,Middlesex,Yorkshire,N Fernandes,MDE Holden,JA Thompson,0,0,,,,,,,,,,,,,
1410272,2024,2024-04-19,"Lord's, London",4,12.1,12.1,Middlesex,Yorkshire,MDE Holden,N Fernandes,MW Edwards,4,0,,,,,,,,,,,,,
1410272,2024,2024-04-19,"Lord's, London",4,12.2,12.2,Middlesex,Yorkshire,MDE Holden,N Fernandes,MW Edwards,0,0,,,,,,,,,,,,,
1410272,2024,2024-04-19,"Lord's, London",4,12.3,12.3,Middlesex,Yorkshire,MDE Holden,N Fernandes,MW Edwards,0,0,,,,,,,,,,,,,
1410272,2024,2024-04-19,"Lord's, London",4,12.4,12.4,Middlesex,Yorkshire,MDE Holden,N Fernandes,MW Edwards,0,0,,,,,,,,,,,,,
1410272,2024,2024-04-19,"Lord's, London",4,12.5,12.5,Middlesex,Yorkshire,MDE Holden,N Fernandes,MW Edwards,1,0,,,,,,,,,,,,,
1410272,2024,2024-04-19,"Lord's, London",4,12.6,12.6,Middlesex,Yorkshire,N Fernandes,MDE Holden,MW Edwards,0,0,,,,,,,,,,,,,
1410272,2024,2024-04-19,"Lord's, London",4,13.1,13.1,Middlesex,Yorkshire,MDE Holden,N Fernandes,GCH Hill,0,0,,,,,,,,,,,,,
1410272,2024,2024-04-19,"Lord's, London",4,13.2,13.2,Middlesex,Yorkshire,MDE Holden,N Fernandes,GCH Hill,4,0,,,,,,,,,,,,,
1410272,2024,2024-04-19,"Lord's, London",4,13.3,13.3,Middlesex,Yorkshire,MDE Holden,N Fernandes,GCH Hill,0,0,,,,,,,,,,,,,
1410272,2024,2024-04-19,"Lord's, London",4,13.4,13.4,Middlesex,Yorkshire,MDE Holden,N Fernandes,GCH Hill,0,0,,,,,,,,,,,,,
1410272,2024,2024-04-19,"Lord's, London",4,13.5,13.5,Middlesex,Yorkshire,MDE Holden,N Fernandes,GCH Hill,0,0,,,,,,,,,,,,,
1410272,2024,2024-04-19,"Lord's, London",4,13.6,13.6,Middlesex,Yorkshire,MDE Holden,N Fernandes,GCH Hill,0,0,,,,,,,,,,,,,
1410272,2024,2024-04-19,"Lord's, London",4,14.1,14.1,Middlesex,Yorkshire,N Fernandes,MDE Holden,MW Edwards,1,0,,,,,,,,,,,,,
1410272,2024,2024-04-19,"Lord's, London",4,14.2,14.2,Middlesex,Yorkshire,MDE Holden,N Fernandes,MW Edwards,0,0,,,,,,,,,,,,,
1410272,2024,2024-04-19,"Lord's, London",4,14.3,14.3,Middlesex,Yorkshire,MDE Holden,N Fernandes,MW Edwards,0,0,,,,,,,,,,,,,
1410272,2024,2024-04-19,"Lord's, London",4,14.4,14.4,Middlesex,Yorkshire,MDE Holden,N Fernandes,MW Edwards,0,0,,,,,,,,,,,,,
1410272,2024,2024-04-19,"Lord's, London",4,14.5,14.5,Middlesex,Yorkshire,MDE Holden,N Fernandes,MW Edwards,0,0,,,,,,,,,,,,,
1410272,2024,2024-04-19,"Lord's, London",4,14.6,14.6,Middlesex,Yorkshire,MDE Holden,N Fernandes,MW Edwards,0,0,,,,,,,,,,,,,
1410272,2024,2024-04-19,"Lord's, London",4,15.1,15.1,Middlesex,Yorkshire,N Fernandes,MDE Holden,GCH Hill,0,0,,,,,,,,,,,,,
1410272,2024,2024-04-19,"Lord's, London",4,15.2,15.2,Middlesex,Yorkshire,N Fernandes,MDE Holden,GCH Hill,0,0,,,,,,,,,,,,,
1410272,2024,2024-04-19,"Lord's, London",4,15.3,15.3,Middlesex,Yorkshire,N Fernandes,MDE Holden,GCH Hill,0,0,,,,,,,,,,,,,
1410272,2024,2024-04-19,"Lord's, London",4,15.4,15.4,Middlesex,Yorkshire,N Fernandes,MDE Holden,GCH Hill,0,0,,,,,,,,,,,,,
1410272,2024,2024-04-19,"Lord's, London",4,15.5,15.5,Middlesex,Yorkshire,N Fernandes,MDE Holden,GCH Hill,0,0,,,,,,,,,,,,,
1410272,2024,2024-04-19,"Lord's, London",4,15.6,15.6,Middlesex,Yorkshire,N Fernandes,MDE Holden,GCH Hill,0,0,,,,,,,,,,,,,
1410272,2024,2024-04-19,"Lord's, London",4,16.1,16.1,Middlesex,Yorkshire,MDE Holden,N Fernandes,MW Edwards,0,0,,,,,,,,,,,,,
1410272,2024,2024-04-19,"Lord's, London",4,16.2,16.2,Middlesex,Yorkshire,MDE Holden,N Fernandes,MW Edwards,0,0,,,,,,,,,,,,,
1410272,2024,2024-04-19,"Lord's, London",4,16.3,16.3,Middlesex,Yorkshire,MDE Holden,N Fernandes,MW Edwards,0,0,,,,,,,,,,,,,
1410272,2024,2024-04-19,"Lord's, London",4,16.4,16.4,Middlesex,Yorkshire,MDE Holden,N Fernandes,MW Edwards,1,0,,,,,,,,,,,,,
1410272,2024,2024-04-19,"Lord's, London",4,16.5,16.5,Middlesex,Yorkshire,N Fernandes,MDE Holden,MW Edwards,0,0,,,,,,,,,,,,,
1410272,2024,2024-04-19,"Lord's, London",4,16.6,16.6,Middlesex,Yorkshire,N Fernandes,MDE Holden,MW Edwards,0,0,,,,,,,,,,,,,
1410272,2024,2024-04-19,"Lord's, London",4,17.1,17.1,Middlesex,Yorkshire,MDE Holden,N Fernandes,GCH Hill,0,0,,,,,,,,,,,,,
1410272,2024,2024-04-19,"Lord's, London",4,17.2,17.2,Middlesex,Yorkshire,MDE Holden,N Fernandes,GCH Hill,0,0,,,,,,,,,,,,,
1410272,2024,2024-04-19,"Lord's, London",4,17.3,17.3,Middlesex,Yorkshire,MDE Holden,N Fernandes,GCH Hill,0,0,,,,,,,,,,,,,
1410272,2024,2024-04-19,"Lord's, London",4,17.4,17.4,Middlesex,Yorkshire,MDE Holden,N Fernandes,GCH Hill,0,0,,,,,,,,,,,,,
1410272,2024,2024-04-19,"Lord's, London",4,17.5,17.5,Middlesex,Yorkshire,MDE Holden,N Fernandes,GCH Hill,3,0,,,,,,,,,,,,,
1410272,2024,2024-04-19,"Lord's, London",4,17.6,17.6,Middlesex,Yorkshire,N Fernandes,MDE Holden,GCH Hill,0,0,,,,,,,,,,,,,
1410272,2024,2024-04-19,"Lord's, London",4,18.1,18.1,Middlesex,Yorkshire,MDE Holden,N Fernandes,MW Edwards,1,0,,,,,,,,,,,,,
1410272,2024,2024-04-19,"Lord's, London",4,18.2,18.2,Middlesex,Yorkshire,N Fernandes,MDE Holden,MW Edwards,0,0,,,,,,,,,,,,,
1410272,2024,2024-04-19,"Lord's, London",4,18.3,18.3,Middlesex,Yorkshire,N Fernandes,MDE Holden,MW Edwards,2,0,,,,,,,,,,,,,
1410272,2024,2024-04-19,"Lord's, London",4,18.4,18.4,Middlesex,Yorkshire,N Fernandes,MDE Holden,MW Edwards,0,0,,,,,,,,,,,,,
1410272,2024,2024-04-19,"Lord's, London",4,18.5,18.5,Middlesex,Yorkshire,N Fernandes,MDE Holden,MW Edwards,0,0,,,,,,,,,,,,,
1410272,2024,2024-04-19,"Lord's, London",4,18.6,18.6,Middlesex,Yorkshire,N Fernandes,MDE Holden,MW Edwards,0,0,,,,,,,,,,,,,
1410272,2024,2024-04-19,"Lord's, London",4,19.1,19.1,Middlesex,Yorkshire,MDE Holden,N Fernandes,BO Coad,0,0,,,,,,,,,,,,,
1410272,2024,2024-04-19,"Lord's, London",4,19.2,19.2,Middlesex,Yorkshire,MDE Holden,N Fernandes,BO Coad,0,0,,,,,,,,,,,,,
1410272,2024,2024-04-19,"Lord's, London",4,19.3,19.3,Middlesex,Yorkshire,MDE Holden,N Fernandes,BO Coad,0,0,,,,,,,,,,,,,
1410272,2024,2024-04-19,"Lord's, London",4,19.4,19.4,Middlesex,Yorkshire,MDE Holden,N Fernandes,BO Coad,0,0,,,,,,,,,,,,,
1410272,2024,2024-04-19,"Lord's, London",4,19.5,19.5,Middlesex,Yorkshire,MDE Holden,N Fernandes,BO Coad,0,0,,,,,,,,,,,,,
1410272,2024,2024-04-19,"Lord's, London",4,19.6,19.6,Middlesex,Yorkshire,MDE Holden,N Fernandes,BO Coad,0,0,,,,,,,,,,,,,
1410272,2024,2024-04-19,"Lord's, London",4,20.1,20.1,Middlesex,Yorkshire,N Fernandes,MDE Holden,JA Thompson,4,0,,,,,,,,,,,,,
1410272,2024,2024-04-19,"Lord's, London",4,20.2,20.2,Middlesex,Yorkshire,N Fernandes,MDE Holden,JA Thompson,0,0,,,,,,,,,,,,,
1410272,2024,2024-04-19,"Lord's, London",4,20.3,20.3,Middlesex,Yorkshire,N Fernandes,MDE Holden,JA Thompson,0,0,,,,,,,,,,,,,
1410272,2024,2024-04-19,"Lord's, London",4,20.4,20.4,Middlesex,Yorkshire,N Fernandes,MDE Holden,JA Thompson,0,0,,,,,,,,,,,,,
1410272,2024,2024-04-19,"Lord's, London",4,20.5,20.5,Middlesex,Yorkshire,N Fernandes,MDE Holden,JA Thompson,0,0,,,,,,,,,,,,,
1410272,2024,2024-04-19,"Lord's, London",4,20.6,20.6,Middlesex,Yorkshire,N Fernandes,MDE Holden,JA Thompson,0,0,,,,,,,,,,,,,
1410272,2024,2024-04-19,"Lord's, London",4,21.1,21.1,Middlesex,Yorkshire,MDE Holden,N Fernandes,BO Coad,0,0,,,,,,,,,,,,,
1410272,2024,2024-04-19,"Lord's, London",4,21.2,21.2,Middlesex,Yorkshire,MDE Holden,N Fernandes,BO Coad,2,0,,,,,,,,,,,,,
1410272,2024,2024-04-19,"Lord's, London",4,21.3,21.3,Middlesex,Yorkshire,MDE Holden,N Fernandes,BO Coad,0,0,,,,,,,,,,,,,
1410272,2024,2024-04-19,"Lord's, London",4,21.4,21.4,Middlesex,Yorkshire,MDE Holden,N Fernandes,BO Coad,0,0,,,,,,,,,,,,,
1410272,2024,2024-04-19,"Lord's, London",4,21.5,21.5,Middlesex,Yorkshire,MDE Holden,N Fernandes,BO Coad,0,0,,,,,,,,,,,,,
1410272,2024,2024-04-19,"Lord's, London",4,21.6,21.6,Middlesex,Yorkshire,MDE Holden,N Fernandes,BO Coad,0,0,,,,,,,,,,,,,
1410272,2024,2024-04-19,"Lord's, London",4,22.1,22.1,Middlesex,Yorkshire,N Fernandes,MDE Holden,JA Thompson,1,0,,,,,,,,,,,,,
1410272,2024,2024-04-19,"Lord's, London",4,22.2,22.2,Middlesex,Yorkshire,MDE Holden,N Fernandes,JA Thompson,1,0,,,,,,,,,,,,,
1410272,2024,2024-04-19,"Lord's, London",4,22.3,22.3,Middlesex,Yorkshire,N Fernandes,MDE Holden,JA Thompson,0,0,,,,,,,,,,,,,
1410272,2024,2024-04-19,"Lord's, London",4,22.4,22.4,Middlesex,Yorkshire,N Fernandes,MDE Holden,JA Thompson,0,0,,,,,,,,,,,,,
1410272,2024,2024-04-19,"Lord's, London",4,22.5,22.5,Middlesex,Yorkshire,N Fernandes,MDE Holden,JA Thompson,0,0,,,,,,,,,,,,,
1410272,2024,2024-04-19,"Lord's, London",4,22.6,22.6,Middlesex,Yorkshire,N Fernandes,MDE Holden,JA Thompson,0,0,,,,,,,,,,,,,
1410272,2024,2024-04-19,"Lord's, London",4,23.1,23.1,Middlesex,Yorkshire,MDE Holden,N Fernandes,BO Coad,0,0,,,,,,,,,,,,,
1410272,2024,2024-04-19,"Lord's, London",4,23.2,23.2,Middlesex,Yorkshire,MDE Holden,N Fernandes,BO Coad,0,0,,,,,,,,,,,,,
1410272,2024,2024-04-19,"Lord's, London",4,23.3,23.3,Middlesex,Yorkshire,MDE Holden,N Fernandes,BO Coad,0,0,,,,,,,,,,,,,
1410272,2024,2024-04-19,"Lord's, London",4,23.4,23.4,Middlesex,Yorkshire,MDE Holden,N Fernandes,BO Coad,2,0,,,,,,,,,,,,,
1410272,2024,2024-04-19,"Lord's, London",4,23.5,23.5,Middlesex,Yorkshire,MDE Holden,N Fernandes,BO Coad,0,0,,,,,,,,,,,,,
1410272,2024,2024-04-19,"Lord's, London",4,23.6,23.6,Middlesex,Yorkshire,MDE Holden,N Fernandes,BO Coad,0,0,,,,,,,,,,,,,
1410272,2024,2024-04-19,"Lord's, London",4,24.1,24.1,Middlesex,Yorkshire,N Fernandes,MDE Holden,JA Thompson,0,0,,,,,,,,,,,,,
1410272,2024,2024-04-19,"Lord's, London",4,24.2,24.2,Middlesex,Yorkshire,N Fernandes,MDE Holden,JA Thompson,0,0,,,,,,,,,,,,,
1410272,2024,2024-04-19,"Lord's, London",4,24.3,24.3,Middlesex,Yorkshire,N Fernandes,MDE Holden,JA Thompson,0,0,,,,,,,,,,,,,
1410272,2024,2024-04-19,"Lord's, London",4,24.4,24.4,Middlesex,Yorkshire,N Fernandes,MDE Holden,JA Thompson,2,0,,,,,,,,,,,,,
1410272,2024,2024-04-19,"Lord's, London",4,24.5,24.5,Middlesex,Yorkshire,N Fernandes,MDE Holden,JA Thompson,0,0,,,,,,,,,,,,,
1410272,2024,2024-04-19,"Lord's, London",4,24.6,24.6,Middlesex,Yorkshire,N Fernandes,MDE Holden,JA Thompson,0,0,,,,,,,,,,,,,
1410272,2024,2024-04-19,"Lord's, London",4,25.1,25.1,Middlesex,Yorkshire,MDE Holden,N Fernandes,GCH Hill,0,0,,,,,,,,,,,,,
1410272,2024,2024-04-19,"Lord's, London",4,25.2,25.2,Middlesex,Yorkshire,MDE Holden,N Fernandes,GCH Hill,0,0,,,,,,,,,,,,,
1410272,2024,2024-04-19,"Lord's, London",4,25.3,25.3,Middlesex,Yorkshire,MDE Holden,N Fernandes,GCH Hill,0,0,,,,,,,,,,,,,
1410272,2024,2024-04-19,"Lord's, London",4,25.4,25.4,Middlesex,Yorkshire,MDE Holden,N Fernandes,GCH Hill,0,0,,,,,,,,,,,,,
1410272,2024,2024-04-19,"Lord's, London",4,25.5,25.5,Middlesex,Yorkshire,MDE Holden,N Fernandes,GCH Hill,0,0,,,,,,,,,,,,,
1410272,2024,2024-04-19,"Lord's, London",4,25.6,25.6,Middlesex,Yorkshire,MDE Holden,N Fernandes,GCH Hill,5,0,,,,,,,,,,,,,
1410272,2024,2024-04-19,"Lord's, London",4,26.1,26.1,Middlesex,Yorkshire,MDE Holden,N Fernandes,JA Thompson,0,0,,,,,,,,,,,,,
1410272,2024,2024-04-19,"Lord's, London",4,26.2,26.2,Middlesex,Yorkshire,MDE Holden,N Fernandes,JA Thompson,1,0,,,,,,,,,,,,,
1410272,2024,2024-04-19,"Lord's, London",4,26.3,26.3,Middlesex,Yorkshire,N Fernandes,MDE Holden,JA Thompson,0,0,,,,,,,,,,,,,
1410272,2024,2024-04-19,"Lord's, London",4,26.4,26.4,Middlesex,Yorkshire,N Fernandes,MDE Holden,JA Thompson,0,0,,,,,,,,,,,,,
1410272,2024,2024-04-19,"Lord's, London",4,26.5,26.5,Middlesex,Yorkshire,N Fernandes,MDE Holden,JA Thompson,0,0,,,,,,,,,,,,,
1410272,2024,2024-04-19,"Lord's, London",4,26.6,26.6,Middlesex,Yorkshire,N Fernandes,MDE Holden,JA Thompson,0,0,,,,,,,,,,,,,
1410272,2024,2024-04-19,"Lord's, London",4,27.1,27.1,Middlesex,Yorkshire,MDE Holden,N Fernandes,GCH Hill,0,0,,,,,,,,,,,,,
1410272,2024,2024-04-19,"Lord's, London",4,27.2,27.2,Middlesex,Yorkshire,MDE Holden,N Fernandes,GCH Hill,0,0,,,,,,,,,,,,,
1410272,2024,2024-04-19,"Lord's, London",4,27.3,27.3,Middlesex,Yorkshire,MDE Holden,N Fernandes,GCH Hill,0,0,,,,,,,,,,,,,
1410272,2024,2024-04-19,"Lord's, London",4,27.4,27.4,Middlesex,Yorkshire,MDE Holden,N Fernandes,GCH Hill,0,0,,,,,,,,,,,,,
1410272,2024,2024-04-19,"Lord's, London",4,27.5,27.5,Middlesex,Yorkshire,MDE Holden,N Fernandes,GCH Hill,0,0,,,,,,,,,,,,,
1410272,2024,2024-04-19,"Lord's, London",4,27.6,27.6,Middlesex,Yorkshire,MDE Holden,N Fernandes,GCH Hill,0,0,,,,,,,,,,,,,
1410272,2024,2024-04-19,"Lord's, London",4,28.1,28.1,Middlesex,Yorkshire,N Fernandes,MDE Holden,JA Thompson,0,0,,,,,,,,,,,,,
1410272,2024,2024-04-19,"Lord's, London",4,28.2,28.2,Middlesex,Yorkshire,N Fernandes,MDE Holden,JA Thompson,0,0,,,,,,,caught,N Fernandes,,,GCH Hill,,
1410272,2024,2024-04-19,"Lord's, London",4,28.3,28.3,Middlesex,Yorkshire,JL du Plooy,MDE Holden,JA Thompson,0,0,,,,,,,,,,,,,
1410272,2024,2024-04-19,"Lord's, London",4,28.4,28.4,Middlesex,Yorkshire,JL du Plooy,MDE Holden,JA Thompson,4,0,,,,,,,,,,,,,
1410272,2024,2024-04-19,"Lord's, London",4,28.5,28.5,Middlesex,Yorkshire,JL du Plooy,MDE Holden,JA Thompson,0,0,,,,,,,,,,,,,
1410272,2024,2024-04-19,"Lord's, London",4,28.6,28.6,Middlesex,Yorkshire,JL du Plooy,MDE Holden,JA Thompson,6,0,,,,,,,,,,,,,
1410272,2024,2024-04-19,"Lord's, London",4,29.1,29.1,Middlesex,Yorkshire,MDE Holden,JL du Plooy,GCH Hill,0,0,,,,,,,,,,,,,
1410272,2024,2024-04-19,"Lord's, London",4,29.2,29.2,Middlesex,Yorkshire,MDE Holden,JL du Plooy,GCH Hill,1,0,,,,,,,,,,,,,
1410272,2024,2024-04-19,"Lord's, London",4,29.3,29.3,Middlesex,Yorkshire,JL du Plooy,MDE Holden,GCH Hill,0,0,,,,,,,,,,,,,
1410272,2024,2024-04-19,"Lord's, London",4,29.4,29.4,Middlesex,Yorkshire,JL du Plooy,MDE Holden,GCH Hill,4,0,,,,,,,,,,,,,
1410272,2024,2024-04-19,"Lord's, London",4,29.5,29.5,Middlesex,Yorkshire,JL du Plooy,MDE Holden,GCH Hill,1,0,,,,,,,,,,,,,
1410272,2024,2024-04-19,"Lord's, London",4,29.6,29.6,Middlesex,Yorkshire,MDE Holden,JL du Plooy,GCH Hill,0,0,,,,,,,,,,,,,
1410272,2024,2024-04-19,"Lord's, London",4,30.1,30.1,Middlesex,Yorkshire,JL du Plooy,MDE Holden,BO Coad,0,0,,,,,,,,,,,,,
1410272,2024,2024-04-19,"Lord's, London",4,30.2,30.2,Middlesex,Yorkshire,JL du Plooy,MDE Holden,BO Coad,0,0,,,,,,,,,,,,,
1410272,2024,2024-04-19,"Lord's, London",4,30.3,30.3,Middlesex,Yorkshire,JL du Plooy,MDE Holden,BO Coad,0,0,,,,,,,,,,,,,
1410272,2024,2024-04-19,"Lord's, London",4,30.4,30.4,Middlesex,Yorkshire,JL du Plooy,MDE Holden,BO Coad,0,0,,,,,,,,,,,,,
1410272,2024,2024-04-19,"Lord's, London",4,30.5,30.5,Middlesex,Yorkshire,JL du Plooy,MDE Holden,BO Coad,0,0,,,,,,,,,,,,,
1410272,2024,2024-04-19,"Lord's, London",4,30.6,30.6,Middlesex,Yorkshire,JL du Plooy,MDE Holden,BO Coad,1,0,,,,,,,,,,,,,
1410272,2024,2024-04-19,"Lord's, London",4,31.1,31.1,Middlesex,Yorkshire,JL du Plooy,MDE Holden,GCH Hill,0,0,,,,,,,,,,,,,
1410272,2024,2024-04-19,"Lord's, London",4,31.2,31.2,Middlesex,Yorkshire,JL du Plooy,MDE Holden,GCH Hill,0,0,,,,,,,,,,,,,
1410272,2024,2024-04-19,"Lord's, London",4,31.3,31.3,Middlesex,Yorkshire,JL du Plooy,MDE Holden,GCH Hill,1,0,,,,,,,,,,,,,
1410272,2024,2024-04-19,"Lord's, London",4,31.4,31.4,Middlesex,Yorkshire,MDE Holden,JL du Plooy,GCH Hill,1,0,,,,,,,,,,,,,
1410272,2024,2024-04-19,"Lord's, London",4,31.5,31.5,Middlesex,Yorkshire,JL du Plooy,MDE Holden,GCH Hill,0,0,,,,,,,,,,,,,
1410272,2024,2024-04-19,"Lord's, London",4,31.6,31.6,Middlesex,Yorkshire,JL du Plooy,MDE Holden,GCH Hill,0,0,,,,,,,,,,,,,
1410272,2024,2024-04-19,"Lord's, London",4,32.1,32.1,Middlesex,Yorkshire,MDE Holden,JL du Plooy,BO Coad,0,0,,,,,,,,,,,,,
1410272,2024,2024-04-19,"Lord's, London",4,32.2,32.2,Middlesex,Yorkshire,MDE Holden,JL du Plooy,BO Coad,0,0,,,,,,,,,,,,,
1410272,2024,2024-04-19,"Lord's, London",4,32.3,32.3,Middlesex,Yorkshire,MDE Holden,JL du Plooy,BO Coad,0,0,,,,,,,,,,,,,
1410272,2024,2024-04-19,"Lord's, London",4,32.4,32.4,Middlesex,Yorkshire,MDE Holden,JL du Plooy,BO Coad,0,0,,,,,,,caught,MDE Holden,,,JA Tattersall,,
1410272,2024,2024-04-19,"Lord's, London",4,32.5,32.5,Middlesex,Yorkshire,RF Higgins,JL du Plooy,BO Coad,0,0,,,,,,,,,,,,,
1410272,2024,2024-04-19,"Lord's, London",4,32.6,32.6,Middlesex,Yorkshire,RF Higgins,JL du Plooy,BO Coad,0,0,,,,,,,,,,,,,
1410272,2024,2024-04-19,"Lord's, London",4,33.1,33.1,Middlesex,Yorkshire,JL du Plooy,RF Higgins,GCH Hill,0,0,,,,,,,,,,,,,
1410272,2024,2024-04-19,"Lord's, London",4,33.2,33.2,Middlesex,Yorkshire,JL du Plooy,RF Higgins,GCH Hill,0,0,,,,,,,,,,,,,
1410272,2024,2024-04-19,"Lord's, London",4,33.3,33.3,Middlesex,Yorkshire,JL du Plooy,RF Higgins,GCH Hill,1,0,,,,,,,,,,,,,
1410272,2024,2024-04-19,"Lord's, London",4,33.4,33.4,Middlesex,Yorkshire,RF Higgins,JL du Plooy,GCH Hill,0,0,,,,,,,,,,,,,
1410272,2024,2024-04-19,"Lord's, London",4,33.5,33.5,Middlesex,Yorkshire,RF Higgins,JL du Plooy,GCH Hill,0,0,,,,,,,,,,,,,
1410272,2024,2024-04-19,"Lord's, London",4,33.6,33.6,Middlesex,Yorkshire,RF Higgins,JL du Plooy,GCH Hill,0,0,,,,,,,,,,,,,
1410272,2024,2024-04-19,"Lord's, London",4,34.1,34.1,Middlesex,Yorkshire,JL du Plooy,RF Higgins,BO Coad,0,0,,,,,,,,,,,,,
1410272,2024,2024-04-19,"Lord's, London",4,34.2,34.2,Middlesex,Yorkshire,JL du Plooy,RF Higgins,BO Coad,0,0,,,,,,,,,,,,,
1410272,2024,2024-04-19,"Lord's, London",4,34.3,34.3,Middlesex,Yorkshire,JL du Plooy,RF Higgins,BO Coad,0,0,,,,,,,,,,,,,
1410272,2024,2024-04-19,"Lord's, London",4,34.4,34.4,Middlesex,Yorkshire,JL du Plooy,RF Higgins,BO Coad,0,0,,,,,,,,,,,,,
1410272,2024,2024-04-19,"Lord's, London",4,34.5,34.5,Middlesex,Yorkshire,JL du Plooy,RF Higgins,BO Coad,0,0,,,,,,,,,,,,,
1410272,2024,2024-04-19,"Lord's, London",4,34.6,34.6,Middlesex,Yorkshire,JL du Plooy,RF Higgins,BO Coad,0,0,,,,,,,,,,,,,
1410272,2024,2024-04-19,"Lord's, London",4,35.1,35.1,Middlesex,Yorkshire,RF Higgins,JL du Plooy,GCH Hill,0,0,,,,,,,,,,,,,
1410272,2024,2024-04-19,"Lord's, London",4,35.2,35.2,Middlesex,Yorkshire,RF Higgins,JL du Plooy,GCH Hill,0,0,,,,,,,,,,,,,
1410272,2024,2024-04-19,"Lord's, London",4,35.3,35.3,Middlesex,Yorkshire,RF Higgins,JL du Plooy,GCH Hill,0,0,,,,,,,,,,,,,
1410272,2024,2024-04-19,"Lord's, London",4,35.4,35.4,Middlesex,Yorkshire,RF Higgins,JL du Plooy,GCH Hill,0,0,,,,,,,,,,,,,
1410272,2024,2024-04-19,"Lord's, London",4,35.5,35.5,Middlesex,Yorkshire,RF Higgins,JL du Plooy,GCH Hill,0,0,,,,,,,,,,,,,
1410272,2024,2024-04-19,"Lord's, London",4,35.6,35.6,Middlesex,Yorkshire,RF Higgins,JL du Plooy,GCH Hill,0,2,,2,,,,,,,,,,,
1410272,2024,2024-04-19,"Lord's, London",4,35.7,35.6,Middlesex,Yorkshire,RF Higgins,JL du Plooy,GCH Hill,0,0,,,,,,,,,,,,,
1410272,2024,2024-04-19,"Lord's, London",4,36.1,36.1,Middlesex,Yorkshire,JL du Plooy,RF Higgins,BO Coad,0,0,,,,,,,,,,,,,
1410272,2024,2024-04-19,"Lord's, London",4,36.2,36.2,Middlesex,Yorkshire,JL du Plooy,RF Higgins,BO Coad,0,0,,,,,,,,,,,,,
1410272,2024,2024-04-19,"Lord's, London",4,36.3,36.3,Middlesex,Yorkshire,JL du Plooy,RF Higgins,BO Coad,0,0,,,,,,,,,,,,,
1410272,2024,2024-04-19,"Lord's, London",4,36.4,36.4,Middlesex,Yorkshire,JL du Plooy,RF Higgins,BO Coad,0,0,,,,,,,,,,,,,
1410272,2024,2024-04-19,"Lord's, London",4,36.5,36.5,Middlesex,Yorkshire,JL du Plooy,RF Higgins,BO Coad,0,0,,,,,,,,,,,,,
1410272,2024,2024-04-19,"Lord's, London",4,36.6,36.6,Middlesex,Yorkshire,JL du Plooy,RF Higgins,BO Coad,0,0,,,,,,,,,,,,,
1410272,2024,2024-04-19,"Lord's, London",4,37.1,37.1,Middlesex,Yorkshire,RF Higgins,JL du Plooy,GCH Hill,0,0,,,,,,,,,,,,,
1410272,2024,2024-04-19,"Lord's, London",4,37.2,37.2,Middlesex,Yorkshire,RF Higgins,JL du Plooy,GCH Hill,1,0,,,,,,,,,,,,,
1410272,2024,2024-04-19,"Lord's, London",4,37.3,37.3,Middlesex,Yorkshire,JL du Plooy,RF Higgins,GCH Hill,0,0,,,,,,,,,,,,,
1410272,2024,2024-04-19,"Lord's, London",4,37.4,37.4,Middlesex,Yorkshire,JL du Plooy,RF Higgins,GCH Hill,0,0,,,,,,,,,,,,,
1410272,2024,2024-04-19,"Lord's, London",4,37.5,37.5,Middlesex,Yorkshire,JL du Plooy,RF Higgins,GCH Hill,0,0,,,,,,,,,,,,,
1410272,2024,2024-04-19,"Lord's, London",4,37.6,37.6,Middlesex,Yorkshire,JL du Plooy,RF Higgins,GCH Hill,0,0,,,,,,,,,,,,,
1410272,2024,2024-04-19,"Lord's, London",4,38.1,38.1,Middlesex,Yorkshire,RF Higgins,JL du Plooy,BO Coad,0,0,,,,,,,,,,,,,
1410272,2024,2024-04-19,"Lord's, London",4,38.2,38.2,Middlesex,Yorkshire,RF Higgins,JL du Plooy,BO Coad,0,0,,,,,,,,,,,,,
1410272,2024,2024-04-19,"Lord's, London",4,38.3,38.3,Middlesex,Yorkshire,RF Higgins,JL du Plooy,BO Coad,1,0,,,,,,,,,,,,,
1410272,2024,2024-04-19,"Lord's, London",4,38.4,38.4,Middlesex,Yorkshire,JL du Plooy,RF Higgins,BO Coad,0,0,,,,,,,,,,,,,
1410272,2024,2024-04-19,"Lord's, London",4,38.5,38.5,Middlesex,Yorkshire,JL du Plooy,RF Higgins,BO Coad,0,0,,,,,,,,,,,,,
1410272,2024,2024-04-19,"Lord's, London",4,38.6,38.6,Middlesex,Yorkshire,JL du Plooy,RF Higgins,BO Coad,1,0,,,,,,,,,,,,,
1410272,2024,2024-04-19,"Lord's, London",4,39.1,39.1,Middlesex,Yorkshire,JL du Plooy,RF Higgins,GCH Hill,0,1,,,,1,,,,,,,,,
1410272,2024,2024-04-19,"Lord's, London",4,39.2,39.2,Middlesex,Yorkshire,RF Higgins,JL du Plooy,GCH Hill,0,0,,,,,,,,,,,,,
1410272,2024,2024-04-19,"Lord's, London",4,39.3,39.3,Middlesex,Yorkshire,RF Higgins,JL du Plooy,GCH Hill,0,0,,,,,,,,,,,,,
1410272,2024,2024-04-19,"Lord's, London",4,39.4,39.4,Middlesex,Yorkshire,RF Higgins,JL du Plooy,GCH Hill,0,0,,,,,,,,,,,,,
1410272,2024,2024-04-19,"Lord's, London",4,39.5,39.5,Middlesex,Yorkshire,RF Higgins,JL du Plooy,GCH Hill,0,0,,,,,,,,,,,,,
1410272,2024,2024-04-19,"Lord's, London",4,39.6,39.6,Middlesex,Yorkshire,RF Higgins,JL du Plooy,GCH Hill,0,0,,,,,,,,,,,,,
1410272,2024,2024-04-19,"Lord's, London",4,40.1,40.1,Middlesex,Yorkshire,JL du Plooy,RF Higgins,JA Thompson,0,2,,,,2,,,,,,,,,
1410272,2024,2024-04-19,"Lord's, London",4,40.2,40.2,Middlesex,Yorkshire,JL du Plooy,RF Higgins,JA Thompson,0,0,,,,,,,,,,,,,
1410272,2024,2024-04-19,"Lord's, London",4,40.3,40.3,Middlesex,Yorkshire,JL du Plooy,RF Higgins,JA Thompson,3,0,,,,,,,,,,,,,
1410272,2024,2024-04-19,"Lord's, London",4,40.4,40.4,Middlesex,Yorkshire,RF Higgins,JL du Plooy,JA Thompson,0,0,,,,,,,,,,,,,
1410272,2024,2024-04-19,"Lord's, London",4,40.5,40.5,Middlesex,Yorkshire,RF Higgins,JL du Plooy,JA Thompson,0,0,,,,,,,,,,,,,
1410272,2024,2024-04-19,"Lord's, London",4,40.6,40.6,Middlesex,Yorkshire,RF Higgins,JL du Plooy,JA Thompson,4,0,,,,,,,,,,,,,
1410272,2024,2024-04-19,"Lord's, London",4,41.1,41.1,Middlesex,Yorkshire,JL du Plooy,RF Higgins,GCH Hill,0,0,,,,,,,,,,,,,
1410272,2024,2024-04-19,"Lord's, London",4,41.2,41.2,Middlesex,Yorkshire,JL du Plooy,RF Higgins,GCH Hill,0,0,,,,,,,,,,,,,
1410272,2024,2024-04-19,"Lord's, London",4,41.3,41.3,Middlesex,Yorkshire,JL du Plooy,RF Higgins,GCH Hill,0,0,,,,,,,,,,,,,
1410272,2024,2024-04-19,"Lord's, London",4,41.4,41.4,Middlesex,Yorkshire,JL du Plooy,RF Higgins,GCH Hill,0,0,,,,,,,,,,,,,
1410272,2024,2024-04-19,"Lord's, London",4,41.5,41.5,Middlesex,Yorkshire,JL du Plooy,RF Higgins,GCH Hill,0,0,,,,,,,,,,,,,
1410272,2024,2024-04-19,"Lord's, London",4,41.6,41.6,Middlesex,Yorkshire,JL du Plooy,RF Higgins,GCH Hill,0,0,,,,,,,,,,,,,
1410272,2024,2024-04-19,"Lord's, London",4,42.1,42.1,Middlesex,Yorkshire,RF Higgins,JL du Plooy,JA Thompson,0,0,,,,,,,,,,,,,
1410272,2024,2024-04-19,"Lord's, London",4,42.2,42.2,Middlesex,Yorkshire,RF Higgins,JL du Plooy,JA Thompson,0,0,,,,,,,,,,,,,
1410272,2024,2024-04-19,"Lord's, London",4,42.3,42.3,Middlesex,Yorkshire,RF Higgins,JL du Plooy,JA Thompson,0,0,,,,,,,,,,,,,
1410272,2024,2024-04-19,"Lord's, London",4,42.4,42.4,Middlesex,Yorkshire,RF Higgins,JL du Plooy,JA Thompson,0,0,,,,,,,,,,,,,
1410272,2024,2024-04-19,"Lord's, London",4,42.5,42.5,Middlesex,Yorkshire,RF Higgins,JL du Plooy,JA Thompson,4,0,,,,,,,,,,,,,
1410272,2024,2024-04-19,"Lord's, London",4,42.6,42.6,Middlesex,Yorkshire,RF Higgins,JL du Plooy,JA Thompson,0,0,,,,,,,,,,,,,
1410272,2024,2024-04-19,"Lord's, London",4,43.1,43.1,Middlesex,Yorkshire,JL du Plooy,RF Higgins,GCH Hill,0,0,,,,,,,,,,,,,
1410272,2024,2024-04-19,"Lord's, London",4,43.2,43.2,Middlesex,Yorkshire,JL du Plooy,RF Higgins,GCH Hill,1,0,,,,,,,,,,,,,
1410272,2024,2024-04-19,"Lord's, London",4,43.3,43.3,Middlesex,Yorkshire,RF Higgins,JL du Plooy,GCH Hill,0,0,,,,,,,,,,,,,
1410272,2024,2024-04-19,"Lord's, London",4,43.4,43.4,Middlesex,Yorkshire,RF Higgins,JL du Plooy,GCH Hill,0,0,,,,,,,,,,,,,
1410272,2024,2024-04-19,"Lord's, London",4,43.5,43.5,Middlesex,Yorkshire,RF Higgins,JL du Plooy,GCH Hill,0,0,,,,,,,,,,,,,
1410272,2024,2024-04-19,"Lord's, London",4,43.6,43.6,Middlesex,Yorkshire,RF Higgins,JL du Plooy,GCH Hill,4,0,,,,,,,,,,,,,
1410272,2024,2024-04-19,"Lord's, London",4,44.1,44.1,Middlesex,Yorkshire,JL du Plooy,RF Higgins,D Moriarty,0,0,,,,,,,,,,,,,
1410272,2024,2024-04-19,"Lord's, London",4,44.2,44.2,Middlesex,Yorkshire,JL du Plooy,RF Higgins,D Moriarty,1,0,,,,,,,,,,,,,
1410272,2024,2024-04-19,"Lord's, London",4,44.3,44.3,Middlesex,Yorkshire,RF Higgins,JL du Plooy,D Moriarty,0,0,,,,,,,,,,,,,
1410272,2024,2024-04-19,"Lord's, London",4,44.4,44.4,Middlesex,Yorkshire,RF Higgins,JL du Plooy,D Moriarty,0,0,,,,,,,,,,,,,
1410272,2024,2024-04-19,"Lord's, London",4,44.5,44.5,Middlesex,Yorkshire,RF Higgins,JL du Plooy,D Moriarty,1,0,,,,,,,,,,,,,
1410272,2024,2024-04-19,"Lord's, London",4,44.6,44.6,Middlesex,Yorkshire,JL du Plooy,RF Higgins,D Moriarty,1,0,,,,,,,,,,,,,
1410272,2024,2024-04-19,"Lord's, London",4,45.1,45.1,Middlesex,Yorkshire,JL du Plooy,RF Higgins,JA Thompson,4,0,,,,,,,,,,,,,
1410272,2024,2024-04-19,"Lord's, London",4,45.2,45.2,Middlesex,Yorkshire,JL du Plooy,RF Higgins,JA Thompson,0,0,,,,,,,,,,,,,
1410272,2024,2024-04-19,"Lord's, London",4,45.3,45.3,Middlesex,Yorkshire,JL du Plooy,RF Higgins,JA Thompson,0,0,,,,,,,,,,,,,
1410272,2024,2024-04-19,"Lord's, London",4,45.4,45.4,Middlesex,Yorkshire,JL du Plooy,RF Higgins,JA Thompson,0,0,,,,,,,,,,,,,
1410272,2024,2024-04-19,"Lord's, London",4,45.5,45.5,Middlesex,Yorkshire,JL du Plooy,RF Higgins,JA Thompson,0,0,,,,,,,,,,,,,
1410272,2024,2024-04-19,"Lord's, London",4,45.6,45.6,Middlesex,Yorkshire,JL du Plooy,RF Higgins,JA Thompson,0,0,,,,,,,,,,,,,
1410272,2024,2024-04-19,"Lord's, London",4,46.1,46.1,Middlesex,Yorkshire,RF Higgins,JL du Plooy,D Moriarty,0,0,,,,,,,,,,,,,
1410272,2024,2024-04-19,"Lord's, London",4,46.2,46.2,Middlesex,Yorkshire,RF Higgins,JL du Plooy,D Moriarty,0,0,,,,,,,,,,,,,
1410272,2024,2024-04-19,"Lord's, London",4,46.3,46.3,Middlesex,Yorkshire,RF Higgins,JL du Plooy,D Moriarty,0,0,,,,,,,,,,,,,
1410272,2024,2024-04-19,"Lord's, London",4,46.4,46.4,Middlesex,Yorkshire,RF Higgins,JL du Plooy,D Moriarty,0,0,,,,,,,,,,,,,
1410272,2024,2024-04-19,"Lord's, London",4,46.5,46.5,Middlesex,Yorkshire,RF Higgins,JL du Plooy,D Moriarty,1,0,,,,,,,,,,,,,
1410272,2024,2024-04-19,"Lord's, London",4,46.6,46.6,Middlesex,Yorkshire,JL du Plooy,RF Higgins,D Moriarty,1,0,,,,,,,,,,,,,
1410272,2024,2024-04-19,"Lord's, London",4,47.1,47.1,Middlesex,Yorkshire,JL du Plooy,RF Higgins,JA Thompson,0,0,,,,,,,,,,,,,
1410272,2024,2024-04-19,"Lord's, London",4,47.2,47.2,Middlesex,Yorkshire,JL du Plooy,RF Higgins,JA Thompson,0,0,,,,,,,,,,,,,
1410272,2024,2024-04-19,"Lord's, London",4,47.3,47.3,Middlesex,Yorkshire,JL du Plooy,RF Higgins,JA Thompson,1,0,,,,,,,,,,,,,
1410272,2024,2024-04-19,"Lord's, London",4,47.4,47.4,Middlesex,Yorkshire,RF Higgins,JL du Plooy,JA Thompson,4,0,,,,,,,,,,,,,
1410272,2024,2024-04-19,"Lord's, London",4,47.5,47.5,Middlesex,Yorkshire,RF Higgins,JL du Plooy,JA Thompson,3,0,,,,,,,,,,,,,
1410272,2024,2024-04-19,"Lord's, London",4,47.6,47.6,Middlesex,Yorkshire,JL du Plooy,RF Higgins,JA Thompson,4,0,,,,,,,,,,,,,
1410272,2024,2024-04-19,"Lord's, London",4,48.1,48.1,Middlesex,Yorkshire,RF Higgins,JL du Plooy,D Moriarty,0,0,,,,,,,,,,,,,
1410272,2024,2024-04-19,"Lord's, London",4,48.2,48.2,Middlesex,Yorkshire,RF Higgins,JL du Plooy,D Moriarty,0,0,,,,,,,,,,,,,
1410272,2024,2024-04-19,"Lord's, London",4,48.3,48.3,Middlesex,Yorkshire,RF Higgins,JL du Plooy,D Moriarty,0,0,,,,,,,,,,,,,
1410272,2024,2024-04-19,"Lord's, London",4,48.4,48.4,Middlesex,Yorkshire,RF Higgins,JL du Plooy,D Moriarty,0,0,,,,,,,,,,,,,
1410272,2024,2024-04-19,"Lord's, London",4,48.5,48.5,Middlesex,Yorkshire,RF Higgins,JL du Plooy,D Moriarty,0,0,,,,,,,,,,,,,
1410272,2024,2024-04-19,"Lord's, London",4,48.6,48.6,Middlesex,Yorkshire,RF Higgins,JL du Plooy,D Moriarty,0,0,,,,,,,,,,,,,
1410272,2024,2024-04-19,"Lord's, London",4,49.1,49.1,Middlesex,Yorkshire,JL du Plooy,RF Higgins,JA Thompson,4,0,,,,,,,,,,,,,
1410272,2024,2024-04-19,"Lord's, London",4,49.2,49.2,Middlesex,Yorkshire,JL du Plooy,RF Higgins,JA Thompson,0,0,,,,,,,,,,,,,
1410272,2024,2024-04-19,"Lord's, London",4,49.3,49.3,Middlesex,Yorkshire,JL du Plooy,RF Higgins,JA Thompson,0,0,,,,,,,,,,,,,
1410272,2024,2024-04-19,"Lord's, London",4,49.4,49.4,Middlesex,Yorkshire,JL du Plooy,RF Higgins,JA Thompson,1,0,,,,,,,,,,,,,
1410272,2024,2024-04-19,"Lord's, London",4,49.5,49.5,Middlesex,Yorkshire,RF Higgins,JL du Plooy,JA Thompson,1,0,,,,,,,,,,,,,
1410272,2024,2024-04-19,"Lord's, London",4,49.6,49.6,Middlesex,Yorkshire,JL du Plooy,RF Higgins,JA Thompson,0,0,,,,,,,,,,,,,
1410272,2024,2024-04-19,"Lord's, London",4,50.1,50.1,Middlesex,Yorkshire,RF Higgins,JL du Plooy,D Moriarty,0,0,,,,,,,,,,,,,
1410272,2024,2024-04-19,"Lord's, London",4,50.2,50.2,Middlesex,Yorkshire,RF Higgins,JL du Plooy,D Moriarty,0,0,,,,,,,,,,,,,
1410272,2024,2024-04-19,"Lord's, London",4,50.3,50.3,Middlesex,Yorkshire,RF Higgins,JL du Plooy,D Moriarty,1,0,,,,,,,,,,,,,
1410272,2024,2024-04-19,"Lord's, London",4,50.4,50.4,Middlesex,Yorkshire,JL du Plooy,RF Higgins,D Moriarty,1,0,,,,,,,,,,,,,
1410272,2024,2024-04-19,"Lord's, London",4,50.5,50.5,Middlesex,Yorkshire,RF Higgins,JL du Plooy,D Moriarty,0,0,,,,,,,,,,,,,
1410272,2024,2024-04-19,"Lord's, London",4,50.6,50.6,Middlesex,Yorkshire,RF Higgins,JL du Plooy,D Moriarty,0,0,,,,,,,,,,,,,
1410272,2024,2024-04-19,"Lord's, London",4,51.1,51.1,Middlesex,Yorkshire,JL du Plooy,RF Higgins,JE Root,0,0,,,,,,,,,,,,,
1410272,2024,2024-04-19,"Lord's, London",4,51.2,51.2,Middlesex,Yorkshire,JL du Plooy,RF Higgins,JE Root,0,0,,,,,,,,,,,,,
1410272,2024,2024-04-19,"Lord's, London",4,51.3,51.3,Middlesex,Yorkshire,JL du Plooy,RF Higgins,JE Root,0,0,,,,,,,,,,,,,
1410272,2024,2024-04-19,"Lord's, London",4,51.4,51.4,Middlesex,Yorkshire,JL du Plooy,RF Higgins,JE Root,1,0,,,,,,,,,,,,,
1410272,2024,2024-04-19,"Lord's, London",4,51.5,51.5,Middlesex,Yorkshire,RF Higgins,JL du Plooy,JE Root,0,0,,,,,,,,,,,,,
1410272,2024,2024-04-19,"Lord's, London",4,51.6,51.6,Middlesex,Yorkshire,RF Higgins,JL du Plooy,JE Root,4,0,,,,,,,,,,,,,
1410272,2024,2024-04-19,"Lord's, London",4,52.1,52.1,Middlesex,Yorkshire,JL du Plooy,RF Higgins,D Moriarty,0,0,,,,,,,,,,,,,
1410272,2024,2024-04-19,"Lord's, London",4,52.2,52.2,Middlesex,Yorkshire,JL du Plooy,RF Higgins,D Moriarty,0,0,,,,,,,caught,JL du Plooy,,,A Lyth,,
1410272,2024,2024-04-19,"Lord's, London",4,52.3,52.3,Middlesex,Yorkshire,SS Eskinazi,RF Higgins,D Moriarty,0,0,,,,,,,,,,,,,
1410272,2024,2024-04-19,"Lord's, London",4,52.4,52.4,Middlesex,Yorkshire,SS Eskinazi,RF Higgins,D Moriarty,0,0,,,,,,,,,,,,,
1410272,2024,2024-04-19,"Lord's, London",4,52.5,52.5,Middlesex,Yorkshire,SS Eskinazi,RF Higgins,D Moriarty,0,0,,,,,,,,,,,,,
1410272,2024,2024-04-19,"Lord's, London",4,52.6,52.6,Middlesex,Yorkshire,SS Eskinazi,RF Higgins,D Moriarty,0,0,,,,,,,,,,,,,
1410272,2024,2024-04-19,"Lord's, London",4,53.1,53.1,Middlesex,Yorkshire,RF Higgins,SS Eskinazi,HC Brook,2,0,,,,,,,,,,,,,
1410272,2024,2024-04-19,"Lord's, London",4,53.2,53.2,Middlesex,Yorkshire,RF Higgins,SS Eskinazi,HC Brook,0,0,,,,,,,,,,,,,
1410272,2024,2024-04-19,"Lord's, London",4,53.3,53.3,Middlesex,Yorkshire,RF Higgins,SS Eskinazi,HC Brook,1,0,,,,,,,,,,,,,
1410272,2024,2024-04-19,"Lord's, London",4,53.4,53.4,Middlesex,Yorkshire,SS Eskinazi,RF Higgins,HC Brook,3,0,,,,,,,,,,,,,
1410272,2024,2024-04-19,"Lord's, London",4,53.5,53.5,Middlesex,Yorkshire,RF Higgins,SS Eskinazi,HC Brook,0,0,,,,,,,,,,,,,
1410272,2024,2024-04-19,"Lord's, London",4,53.6,53.6,Middlesex,Yorkshire,RF Higgins,SS Eskinazi,HC Brook,0,0,,,,,,,,,,,,,
1410272,2024,2024-04-19,"Lord's, London",4,54.1,54.1,Middlesex,Yorkshire,SS Eskinazi,RF Higgins,D Moriarty,0,0,,,,,,,,,,,,,
1410272,2024,2024-04-19,"Lord's, London",4,54.2,54.2,Middlesex,Yorkshire,SS Eskinazi,RF Higgins,D Moriarty,0,0,,,,,,,,,,,,,
1410272,2024,2024-04-19,"Lord's, London",4,54.3,54.3,Middlesex,Yorkshire,SS Eskinazi,RF Higgins,D Moriarty,0,0,,,,,,,,,,,,,
1410272,2024,2024-04-19,"Lord's, London",4,54.4,54.4,Middlesex,Yorkshire,SS Eskinazi,RF Higgins,D Moriarty,0,0,,,,,,,,,,,,,
1410272,2024,2024-04-19,"Lord's, London",4,54.5,54.5,Middlesex,Yorkshire,SS Eskinazi,RF Higgins,D Moriarty,1,0,,,,,,,,,,,,,
1410272,2024,2024-04-19,"Lord's, London",4,54.6,54.6,Middlesex,Yorkshire,RF Higgins,SS Eskinazi,D Moriarty,0,0,,,,,,,,,,,,,
1410272,2024,2024-04-19,"Lord's, London",4,55.1,55.1,Middlesex,Yorkshire,SS Eskinazi,RF Higgins,HC Brook,0,0,,,,,,,,,,,,,
1410272,2024,2024-04-19,"Lord's, London",4,55.2,55.2,Middlesex,Yorkshire,SS Eskinazi,RF Higgins,HC Brook,4,0,,,,,,,,,,,,,
1410272,2024,2024-04-19,"Lord's, London",4,55.3,55.3,Middlesex,Yorkshire,SS Eskinazi,RF Higgins,HC Brook,0,0,,,,,,,,,,,,,
1410272,2024,2024-04-19,"Lord's, London",4,55.4,55.4,Middlesex,Yorkshire,SS Eskinazi,RF Higgins,HC Brook,0,0,,,,,,,,,,,,,
1410272,2024,2024-04-19,"Lord's, London",4,55.5,55.5,Middlesex,Yorkshire,SS Eskinazi,RF Higgins,HC Brook,0,0,,,,,,,,,,,,,
1410272,2024,2024-04-19,"Lord's, London",4,55.6,55.6,Middlesex,Yorkshire,SS Eskinazi,RF Higgins,HC Brook,3,0,,,,,,,,,,,,,
1410272,2024,2024-04-19,"Lord's, London",4,56.1,56.1,Middlesex,Yorkshire,SS Eskinazi,RF Higgins,D Moriarty,0,0,,,,,,,,,,,,,
1410272,2024,2024-04-19,"Lord's, London",4,56.2,56.2,Middlesex,Yorkshire,SS Eskinazi,RF Higgins,D Moriarty,0,0,,,,,,,,,,,,,
1410272,2024,2024-04-19,"Lord's, London",4,56.3,56.3,Middlesex,Yorkshire,SS Eskinazi,RF Higgins,D Moriarty,0,0,,,,,,,,,,,,,
1410272,2024,2024-04-19,"Lord's, London",4,56.4,56.4,Middlesex,Yorkshire,SS Eskinazi,RF Higgins,D Moriarty,0,0,,,,,,,,,,,,,
1410272,2024,2024-04-19,"Lord's, London",4,56.5,56.5,Middlesex,Yorkshire,SS Eskinazi,RF Higgins,D Moriarty,0,0,,,,,,,,,,,,,
1410272,2024,2024-04-19,"Lord's, London",4,56.6,56.6,Middlesex,Yorkshire,SS Eskinazi,RF Higgins,D Moriarty,4,0,,,,,,,,,,,,,
1410272,2024,2024-04-19,"Lord's, London",4,57.1,57.1,Middlesex,Yorkshire,RF Higgins,SS Eskinazi,HC Brook,1,0,,,,,,,,,,,,,
1410272,2024,2024-04-19,"Lord's, London",4,57.2,57.2,Middlesex,Yorkshire,SS Eskinazi,RF Higgins,HC Brook,0,0,,,,,,,,,,,,,
1410272,2024,2024-04-19,"Lord's, London",4,57.3,57.3,Middlesex,Yorkshire,SS Eskinazi,RF Higgins,HC Brook,0,0,,,,,,,,,,,,,
1410272,2024,2024-04-19,"Lord's, London",4,57.4,57.4,Middlesex,Yorkshire,SS Eskinazi,RF Higgins,HC Brook,3,0,,,,,,,,,,,,,
