match_id,season,start_date,venue,innings,ball,actual_delivery,batting_team,bowling_team,striker,non_striker,bowler,runs_off_bat,extras,wides,noballs,byes,legbyes,penalty,non_boundary,wicket_type,player_dismissed,other_wicket_type,other_player_dismissed,fielder_1,fielder_2,fielder_3
1410250,2024,2024-09-09,"St Lawrence Ground, Canterbury",1,0.1,0.1,Hampshire,Kent,TE Albert,FS Middleton,CH Stobo,0,0,,,,,,,,,,,,,
1410250,2024,2024-09-09,"St Lawrence Ground, Canterbury",1,0.2,0.2,Hampshire,Kent,TE Albert,FS Middleton,CH Stobo,0,0,,,,,,,,,,,,,
1410250,2024,2024-09-09,"St Lawrence Ground, Canterbury",1,0.3,0.3,Hampshire,Kent,TE Albert,FS Middleton,CH Stobo,0,0,,,,,,,,,,,,,
1410250,2024,2024-09-09,"St Lawrence Ground, Canterbury",1,0.4,0.4,Hampshire,Kent,TE Albert,FS Middleton,CH Stobo,0,0,,,,,,,,,,,,,
1410250,2024,2024-09-09,"St Lawrence Ground, Canterbury",1,0.5,0.5,Hampshire,Kent,TE Albert,FS Middleton,CH Stobo,2,0,,,,,,,,,,,,,
1410250,2024,2024-09-09,"St Lawrence Ground, Canterbury",1,0.6,0.6,Hampshire,Kent,TE Albert,FS Middleton,CH Stobo,0,0,,,,,,,,,,,,,
1410250,2024,2024-09-09,"St Lawrence Ground, Canterbury",1,1.1,1.1,Hampshire,Kent,FS Middleton,TE Albert,GA Garrett,0,0,,,,,,,,,,,,,
1410250,2024,2024-09-09,"St Lawrence Ground, Canterbury",1,1.2,1.2,Hampshire,Kent,FS Middleton,TE Albert,GA Garrett,0,0,,,,,,,,,,,,,
1410250,2024,2024-09-09,"St Lawrence Ground, Canterbury",1,1.3,1.3,Hampshire,Kent,FS Middleton,TE Albert,GA Garrett,0,2,,2,,,,,,,,,,,
1410250,2024,2024-09-09,"St Lawrence Ground, Canterbury",1,1.4,1.3,Hampshire,Kent,FS Middleton,TE Albert,GA Garrett,0,0,,,,,,,,,,,,,
1410250,2024,2024-09-09,"St Lawrence Ground, Canterbury",1,1.5,1.4,Hampshire,Kent,FS Middleton,TE Albert,GA Garrett,0,0,,,,,,,,,,,,,
1410250,2024,2024-09-09,"St Lawrence Ground, Canterbury",1,1.6,1.5,Hampshire,Kent,FS Middleton,TE Albert,GA Garrett,0,0,,,,,,,,,,,,,
1410250,2024,2024-09-09,"St Lawrence Ground, Canterbury",1,1.7,1.6,Hampshire,Kent,FS Middleton,TE Albert,GA Garrett,4,0,,,,,,,,,,,,,
1410250,2024,2024-09-09,"St Lawrence Ground, Canterbury",1,2.1,2.1,Hampshire,Kent,TE Albert,FS Middleton,CH Stobo,0,0,,,,,,,,,,,,,
1410250,2024,2024-09-09,"St Lawrence Ground, Canterbury",1,2.2,2.2,Hampshire,Kent,TE Albert,FS Middleton,CH Stobo,4,2,,2,,,,,,,,,,,
1410250,2024,2024-09-09,"St Lawrence Ground, Canterbury",1,2.3,2.2,Hampshire,Kent,TE Albert,FS Middleton,CH Stobo,0,0,,,,,,,,,,,,,
1410250,2024,2024-09-09,"St Lawrence Ground, Canterbury",1,2.4,2.3,Hampshire,Kent,TE Albert,FS Middleton,CH Stobo,0,0,,,,,,,,,,,,,
1410250,2024,2024-09-09,"St Lawrence Ground, Canterbury",1,2.5,2.4,Hampshire,Kent,TE Albert,FS Middleton,CH Stobo,0,0,,,,,,,,,,,,,
1410250,2024,2024-09-09,"St Lawrence Ground, Canterbury",1,2.6,2.5,Hampshire,Kent,TE Albert,FS Middleton,CH Stobo,0,0,,,,,,,,,,,,,
1410250,2024,2024-09-09,"St Lawrence Ground, Canterbury",1,2.7,2.6,Hampshire,Kent,TE Albert,FS Middleton,CH Stobo,0,0,,,,,,,,,,,,,
1410250,2024,2024-09-09,"St Lawrence Ground, Canterbury",1,3.1,3.1,Hampshire,Kent,FS Middleton,TE Albert,GA Garrett,0,0,,,,,,,,,,,,,
1410250,2024,2024-09-09,"St Lawrence Ground, Canterbury",1,3.2,3.2,Hampshire,Kent,FS Middleton,TE Albert,GA Garrett,4,0,,,,,,,,,,,,,
1410250,2024,2024-09-09,"St Lawrence Ground, Canterbury",1,3.3,3.3,Hampshire,Kent,FS Middleton,TE Albert,GA Garrett,0,0,,,,,,,,,,,,,
1410250,2024,2024-09-09,"St Lawrence Ground, Canterbury",1,3.4,3.4,Hampshire,Kent,FS Middleton,TE Albert,GA Garrett,0,0,,,,,,,,,,,,,
1410250,2024,2024-09-09,"St Lawrence Ground, Canterbury",1,3.5,3.5,Hampshire,Kent,FS Middleton,TE Albert,GA Garrett,0,2,,2,,,,,,,,,,,
1410250,2024,2024-09-09,"St Lawrence Ground, Canterbury",1,3.6,3.5,Hampshire,Kent,FS Middleton,TE Albert,GA Garrett,0,0,,,,,,,,,,,,,
1410250,2024,2024-09-09,"St Lawrence Ground, Canterbury",1,3.7,3.6,Hampshire,Kent,FS Middleton,TE Albert,GA Garrett,0,0,,,,,,,bowled,FS Middleton,,,,,
1410250,2024,2024-09-09,"St Lawrence Ground, Canterbury",1,4.1,4.1,Hampshire,Kent,TE Albert,NRT Gubbins,CH Stobo,0,0,,,,,,,,,,,,,
1410250,2024,2024-09-09,"St Lawrence Ground, Canterbury",1,4.2,4.2,Hampshire,Kent,TE Albert,NRT Gubbins,CH Stobo,1,0,,,,,,,,,,,,,
1410250,2024,2024-09-09,"St Lawrence Ground, Canterbury",1,4.3,4.3,Hampshire,Kent,NRT Gubbins,TE Albert,CH Stobo,1,0,,,,,,,,,,,,,
1410250,2024,2024-09-09,"St Lawrence Ground, Canterbury",1,4.4,4.4,Hampshire,Kent,TE Albert,NRT Gubbins,CH Stobo,0,0,,,,,,,,,,,,,
1410250,2024,2024-09-09,"St Lawrence Ground, Canterbury",1,4.5,4.5,Hampshire,Kent,TE Albert,NRT Gubbins,CH Stobo,0,0,,,,,,,,,,,,,
1410250,2024,2024-09-09,"St Lawrence Ground, Canterbury",1,4.6,4.6,Hampshire,Kent,TE Albert,NRT Gubbins,CH Stobo,0,0,,,,,,,,,,,,,
1410250,2024,2024-09-09,"St Lawrence Ground, Canterbury",1,5.1,5.1,Hampshire,Kent,NRT Gubbins,TE Albert,GA Garrett,1,0,,,,,,,,,,,,,
1410250,2024,2024-09-09,"St Lawrence Ground, Canterbury",1,5.2,5.2,Hampshire,Kent,TE Albert,NRT Gubbins,GA Garrett,0,0,,,,,,,,,,,,,
1410250,2024,2024-09-09,"St Lawrence Ground, Canterbury",1,5.3,5.3,Hampshire,Kent,TE Albert,NRT Gubbins,GA Garrett,1,0,,,,,,,,,,,,,
1410250,2024,2024-09-09,"St Lawrence Ground, Canterbury",1,5.4,5.4,Hampshire,Kent,NRT Gubbins,TE Albert,GA Garrett,0,0,,,,,,,,,,,,,
1410250,2024,2024-09-09,"St Lawrence Ground, Canterbury",1,5.5,5.5,Hampshire,Kent,NRT Gubbins,TE Albert,GA Garrett,3,0,,,,,,,,,,,,,
1410250,2024,2024-09-09,"St Lawrence Ground, Canterbury",1,5.6,5.6,Hampshire,Kent,TE Albert,NRT Gubbins,GA Garrett,0,0,,,,,,,,,,,,,
1410250,2024,2024-09-09,"St Lawrence Ground, Canterbury",1,6.1,6.1,Hampshire,Kent,NRT Gubbins,TE Albert,CH Stobo,0,0,,,,,,,,,,,,,
1410250,2024,2024-09-09,"St Lawrence Ground, Canterbury",1,6.2,6.2,Hampshire,Kent,NRT Gubbins,TE Albert,CH Stobo,0,0,,,,,,,,,,,,,
1410250,2024,2024-09-09,"St Lawrence Ground, Canterbury",1,6.3,6.3,Hampshire,Kent,NRT Gubbins,TE Albert,CH Stobo,0,0,,,,,,,,,,,,,
1410250,2024,2024-09-09,"St Lawrence Ground, Canterbury",1,6.4,6.4,Hampshire,Kent,NRT Gubbins,TE Albert,CH Stobo,0,2,,2,,,,,,,,,,,
1410250,2024,2024-09-09,"St Lawrence Ground, Canterbury",1,6.5,6.4,Hampshire,Kent,NRT Gubbins,TE Albert,CH Stobo,0,0,,,,,,,,,,,,,
1410250,2024,2024-09-09,"St Lawrence Ground, Canterbury",1,6.6,6.5,Hampshire,Kent,NRT Gubbins,TE Albert,CH Stobo,0,0,,,,,,,,,,,,,
1410250,2024,2024-09-09,"St Lawrence Ground, Canterbury",1,6.7,6.6,Hampshire,Kent,NRT Gubbins,TE Albert,CH Stobo,0,0,,,,,,,,,,,,,
1410250,2024,2024-09-09,"St Lawrence Ground, Canterbury",1,7.1,7.1,Hampshire,Kent,TE Albert,NRT Gubbins,GA Garrett,2,0,,,,,,,,,,,,,
1410250,2024,2024-09-09,"St Lawrence Ground, Canterbury",1,7.2,7.2,Hampshire,Kent,TE Albert,NRT Gubbins,GA Garrett,1,0,,,,,,,,,,,,,
1410250,2024,2024-09-09,"St Lawrence Ground, Canterbury",1,7.3,7.3,Hampshire,Kent,NRT Gubbins,TE Albert,GA Garrett,0,0,,,,,,,,,,,,,
1410250,2024,2024-09-09,"St Lawrence Ground, Canterbury",1,7.4,7.4,Hampshire,Kent,NRT Gubbins,TE Albert,GA Garrett,0,0,,,,,,,,,,,,,
1410250,2024,2024-09-09,"St Lawrence Ground, Canterbury",1,7.5,7.5,Hampshire,Kent,NRT Gubbins,TE Albert,GA Garrett,0,0,,,,,,,,,,,,,
1410250,2024,2024-09-09,"St Lawrence Ground, Canterbury",1,7.6,7.6,Hampshire,Kent,NRT Gubbins,TE Albert,GA Garrett,0,0,,,,,,,,,,,,,
1410250,2024,2024-09-09,"St Lawrence Ground, Canterbury",1,8.1,8.1,Hampshire,Kent,TE Albert,NRT Gubbins,JDM Evison,0,0,,,,,,,,,,,,,
1410250,2024,2024-09-09,"St Lawrence Ground, Canterbury",1,8.2,8.2,Hampshire,Kent,TE Albert,NRT Gubbins,JDM Evison,0,0,,,,,,,bowled,TE Albert,,,,,
1410250,2024,2024-09-09,"St Lawrence Ground, Canterbury",1,8.3,8.3,Hampshire,Kent,JM Vince,NRT Gubbins,JDM Evison,1,0,,,,,,,,,,,,,
1410250,2024,2024-09-09,"St Lawrence Ground, Canterbury",1,8.4,8.4,Hampshire,Kent,NRT Gubbins,JM Vince,JDM Evison,0,0,,,,,,,,,,,,,
1410250,2024,2024-09-09,"St Lawrence Ground, Canterbury",1,8.5,8.5,Hampshire,Kent,NRT Gubbins,JM Vince,JDM Evison,0,0,,,,,,,,,,,,,
1410250,2024,2024-09-09,"St Lawrence Ground, Canterbury",1,8.6,8.6,Hampshire,Kent,NRT Gubbins,JM Vince,JDM Evison,0,0,,,,,,,,,,,,,
1410250,2024,2024-09-09,"St Lawrence Ground, Canterbury",1,9.1,9.1,Hampshire,Kent,JM Vince,NRT Gubbins,GA Garrett,1,0,,,,,,,,,,,,,
1410250,2024,2024-09-09,"St Lawrence Ground, Canterbury",1,9.2,9.2,Hampshire,Kent,NRT Gubbins,JM Vince,GA Garrett,0,0,,,,,,,,,,,,,
1410250,2024,2024-09-09,"St Lawrence Ground, Canterbury",1,9.3,9.3,Hampshire,Kent,NRT Gubbins,JM Vince,GA Garrett,0,0,,,,,,,,,,,,,
1410250,2024,2024-09-09,"St Lawrence Ground, Canterbury",1,9.4,9.4,Hampshire,Kent,NRT Gubbins,JM Vince,GA Garrett,0,0,,,,,,,,,,,,,
1410250,2024,2024-09-09,"St Lawrence Ground, Canterbury",1,9.5,9.5,Hampshire,Kent,NRT Gubbins,JM Vince,GA Garrett,0,0,,,,,,,,,,,,,
1410250,2024,2024-09-09,"St Lawrence Ground, Canterbury",1,9.6,9.6,Hampshire,Kent,NRT Gubbins,JM Vince,GA Garrett,0,0,,,,,,,,,,,,,
1410250,2024,2024-09-09,"St Lawrence Ground, Canterbury",1,10.1,10.1,Hampshire,Kent,JM Vince,NRT Gubbins,JDM Evison,4,0,,,,,,,,,,,,,
1410250,2024,2024-09-09,"St Lawrence Ground, Canterbury",1,10.2,10.2,Hampshire,Kent,JM Vince,NRT Gubbins,JDM Evison,4,0,,,,,,,,,,,,,
1410250,2024,2024-09-09,"St Lawrence Ground, Canterbury",1,10.3,10.3,Hampshire,Kent,JM Vince,NRT Gubbins,JDM Evison,1,0,,,,,,,,,,,,,
1410250,2024,2024-09-09,"St Lawrence Ground, Canterbury",1,10.4,10.4,Hampshire,Kent,NRT Gubbins,JM Vince,JDM Evison,0,0,,,,,,,,,,,,,
1410250,2024,2024-09-09,"St Lawrence Ground, Canterbury",1,10.5,10.5,Hampshire,Kent,NRT Gubbins,JM Vince,JDM Evison,2,0,,,,,,,,,,,,,
1410250,2024,2024-09-09,"St Lawrence Ground, Canterbury",1,10.6,10.6,Hampshire,Kent,NRT Gubbins,JM Vince,JDM Evison,0,0,,,,,,,,,,,,,
1410250,2024,2024-09-09,"St Lawrence Ground, Canterbury",1,11.1,11.1,Hampshire,Kent,JM Vince,NRT Gubbins,CH Stobo,0,0,,,,,,,,,,,,,
1410250,2024,2024-09-09,"St Lawrence Ground, Canterbury",1,11.2,11.2,Hampshire,Kent,JM Vince,NRT Gubbins,CH Stobo,4,0,,,,,,,,,,,,,
1410250,2024,2024-09-09,"St Lawrence Ground, Canterbury",1,11.3,11.3,Hampshire,Kent,JM Vince,NRT Gubbins,CH Stobo,0,0,,,,,,,,,,,,,
1410250,2024,2024-09-09,"St Lawrence Ground, Canterbury",1,11.4,11.4,Hampshire,Kent,JM Vince,NRT Gubbins,CH Stobo,0,0,,,,,,,,,,,,,
1410250,2024,2024-09-09,"St Lawrence Ground, Canterbury",1,11.5,11.5,Hampshire,Kent,JM Vince,NRT Gubbins,CH Stobo,0,0,,,,,,,,,,,,,
1410250,2024,2024-09-09,"St Lawrence Ground, Canterbury",1,11.6,11.6,Hampshire,Kent,JM Vince,NRT Gubbins,CH Stobo,4,0,,,,,,,,,,,,,
1410250,2024,2024-09-09,"St Lawrence Ground, Canterbury",1,12.1,12.1,Hampshire,Kent,NRT Gubbins,JM Vince,JDM Evison,0,0,,,,,,,,,,,,,
1410250,2024,2024-09-09,"St Lawrence Ground, Canterbury",1,12.2,12.2,Hampshire,Kent,NRT Gubbins,JM Vince,JDM Evison,0,0,,,,,,,,,,,,,
1410250,2024,2024-09-09,"St Lawrence Ground, Canterbury",1,12.3,12.3,Hampshire,Kent,NRT Gubbins,JM Vince,JDM Evison,1,0,,,,,,,,,,,,,
1410250,2024,2024-09-09,"St Lawrence Ground, Canterbury",1,12.4,12.4,Hampshire,Kent,JM Vince,NRT Gubbins,JDM Evison,0,0,,,,,,,,,,,,,
1410250,2024,2024-09-09,"St Lawrence Ground, Canterbury",1,12.5,12.5,Hampshire,Kent,JM Vince,NRT Gubbins,JDM Evison,0,0,,,,,,,,,,,,,
1410250,2024,2024-09-09,"St Lawrence Ground, Canterbury",1,12.6,12.6,Hampshire,Kent,JM Vince,NRT Gubbins,JDM Evison,1,0,,,,,,,,,,,,,
1410250,2024,2024-09-09,"St Lawrence Ground, Canterbury",1,13.1,13.1,Hampshire,Kent,JM Vince,NRT Gubbins,CH Stobo,0,0,,,,,,,,,,,,,
1410250,2024,2024-09-09,"St Lawrence Ground, Canterbury",1,13.2,13.2,Hampshire,Kent,JM Vince,NRT Gubbins,CH Stobo,0,0,,,,,,,,,,,,,
1410250,2024,2024-09-09,"St Lawrence Ground, Canterbury",1,13.3,13.3,Hampshire,Kent,JM Vince,NRT Gubbins,CH Stobo,0,0,,,,,,,,,,,,,
1410250,2024,2024-09-09,"St Lawrence Ground, Canterbury",1,13.4,13.4,Hampshire,Kent,JM Vince,NRT Gubbins,CH Stobo,1,0,,,,,,,,,,,,,
1410250,2024,2024-09-09,"St Lawrence Ground, Canterbury",1,13.5,13.5,Hampshire,Kent,NRT Gubbins,JM Vince,CH Stobo,1,0,,,,,,,,,,,,,
1410250,2024,2024-09-09,"St Lawrence Ground, Canterbury",1,13.6,13.6,Hampshire,Kent,JM Vince,NRT Gubbins,CH Stobo,0,0,,,,,,,,,,,,,
1410250,2024,2024-09-09,"St Lawrence Ground, Canterbury",1,14.1,14.1,Hampshire,Kent,NRT Gubbins,JM Vince,JDM Evison,0,0,,,,,,,,,,,,,
1410250,2024,2024-09-09,"St Lawrence Ground, Canterbury",1,14.2,14.2,Hampshire,Kent,NRT Gubbins,JM Vince,JDM Evison,0,0,,,,,,,,,,,,,
1410250,2024,2024-09-09,"St Lawrence Ground, Canterbury",1,14.3,14.3,Hampshire,Kent,NRT Gubbins,JM Vince,JDM Evison,4,0,,,,,,,,,,,,,
1410250,2024,2024-09-09,"St Lawrence Ground, Canterbury",1,14.4,14.4,Hampshire,Kent,NRT Gubbins,JM Vince,JDM Evison,0,0,,,,,,,,,,,,,
1410250,2024,2024-09-09,"St Lawrence Ground, Canterbury",1,14.5,14.5,Hampshire,Kent,NRT Gubbins,JM Vince,JDM Evison,0,0,,,,,,,,,,,,,
1410250,2024,2024-09-09,"St Lawrence Ground, Canterbury",1,14.6,14.6,Hampshire,Kent,NRT Gubbins,JM Vince,JDM Evison,0,0,,,,,,,,,,,,,
1410250,2024,2024-09-09,"St Lawrence Ground, Canterbury",1,15.1,15.1,Hampshire,Kent,JM Vince,NRT Gubbins,CH Stobo,0,2,,,,2,,,,,,,,,
1410250,2024,2024-09-09,"St Lawrence Ground, Canterbury",1,15.2,15.2,Hampshire,Kent,JM Vince,NRT Gubbins,CH Stobo,0,0,,,,,,,,,,,,,
1410250,2024,2024-09-09,"St Lawrence Ground, Canterbury",1,15.3,15.3,Hampshire,Kent,JM Vince,NRT Gubbins,CH Stobo,1,0,,,,,,,,,,,,,
1410250,2024,2024-09-09,"St Lawrence Ground, Canterbury",1,15.4,15.4,Hampshire,Kent,NRT Gubbins,JM Vince,CH Stobo,0,0,,,,,,,,,,,,,
1410250,2024,2024-09-09,"St Lawrence Ground, Canterbury",1,15.5,15.5,Hampshire,Kent,NRT Gubbins,JM Vince,CH Stobo,0,0,,,,,,,,,,,,,
1410250,2024,2024-09-09,"St Lawrence Ground, Canterbury",1,15.6,15.6,Hampshire,Kent,NRT Gubbins,JM Vince,CH Stobo,0,0,,,,,,,,,,,,,
1410250,2024,2024-09-09,"St Lawrence Ground, Canterbury",1,16.1,16.1,Hampshire,Kent,JM Vince,NRT Gubbins,JDM Evison,0,0,,,,,,,,,,,,,
1410250,2024,2024-09-09,"St Lawrence Ground, Canterbury",1,16.2,16.2,Hampshire,Kent,JM Vince,NRT Gubbins,JDM Evison,4,0,,,,,,,,,,,,,
1410250,2024,2024-09-09,"St Lawrence Ground, Canterbury",1,16.3,16.3,Hampshire,Kent,JM Vince,NRT Gubbins,JDM Evison,0,0,,,,,,,,,,,,,
1410250,2024,2024-09-09,"St Lawrence Ground, Canterbury",1,16.4,16.4,Hampshire,Kent,JM Vince,NRT Gubbins,JDM Evison,0,0,,,,,,,,,,,,,
1410250,2024,2024-09-09,"St Lawrence Ground, Canterbury",1,16.5,16.5,Hampshire,Kent,JM Vince,NRT Gubbins,JDM Evison,0,0,,,,,,,,,,,,,
1410250,2024,2024-09-09,"St Lawrence Ground, Canterbury",1,16.6,16.6,Hampshire,Kent,JM Vince,NRT Gubbins,JDM Evison,4,0,,,,,,,,,,,,,
1410250,2024,2024-09-09,"St Lawrence Ground, Canterbury",1,17.1,17.1,Hampshire,Kent,NRT Gubbins,JM Vince,Jaskaran Singh,0,0,,,,,,,,,,,,,
1410250,2024,2024-09-09,"St Lawrence Ground, Canterbury",1,17.2,17.2,Hampshire,Kent,NRT Gubbins,JM Vince,Jaskaran Singh,0,0,,,,,,,,,,,,,
1410250,2024,2024-09-09,"St Lawrence Ground, Canterbury",1,17.3,17.3,Hampshire,Kent,NRT Gubbins,JM Vince,Jaskaran Singh,4,0,,,,,,,,,,,,,
1410250,2024,2024-09-09,"St Lawrence Ground, Canterbury",1,17.4,17.4,Hampshire,Kent,NRT Gubbins,JM Vince,Jaskaran Singh,0,0,,,,,,,,,,,,,
1410250,2024,2024-09-09,"St Lawrence Ground, Canterbury",1,17.5,17.5,Hampshire,Kent,NRT Gubbins,JM Vince,Jaskaran Singh,0,0,,,,,,,,,,,,,
1410250,2024,2024-09-09,"St Lawrence Ground, Canterbury",1,17.6,17.6,Hampshire,Kent,NRT Gubbins,JM Vince,Jaskaran Singh,1,0,,,,,,,,,,,,,
1410250,2024,2024-09-09,"St Lawrence Ground, Canterbury",1,18.1,18.1,Hampshire,Kent,NRT Gubbins,JM Vince,GA Garrett,0,0,,,,,,,,,,,,,
1410250,2024,2024-09-09,"St Lawrence Ground, Canterbury",1,18.2,18.2,Hampshire,Kent,NRT Gubbins,JM Vince,GA Garrett,0,0,,,,,,,,,,,,,
1410250,2024,2024-09-09,"St Lawrence Ground, Canterbury",1,18.3,18.3,Hampshire,Kent,NRT Gubbins,JM Vince,GA Garrett,0,0,,,,,,,,,,,,,
1410250,2024,2024-09-09,"St Lawrence Ground, Canterbury",1,18.4,18.4,Hampshire,Kent,NRT Gubbins,JM Vince,GA Garrett,0,0,,,,,,,,,,,,,
1410250,2024,2024-09-09,"St Lawrence Ground, Canterbury",1,18.5,18.5,Hampshire,Kent,NRT Gubbins,JM Vince,GA Garrett,0,0,,,,,,,,,,,,,
1410250,2024,2024-09-09,"St Lawrence Ground, Canterbury",1,18.6,18.6,Hampshire,Kent,NRT Gubbins,JM Vince,GA Garrett,0,0,,,,,,,,,,,,,
1410250,2024,2024-09-09,"St Lawrence Ground, Canterbury",1,19.1,19.1,Hampshire,Kent,JM Vince,NRT Gubbins,Jaskaran Singh,0,0,,,,,,,,,,,,,
1410250,2024,2024-09-09,"St Lawrence Ground, Canterbury",1,19.2,19.2,Hampshire,Kent,JM Vince,NRT Gubbins,Jaskaran Singh,0,0,,,,,,,,,,,,,
1410250,2024,2024-09-09,"St Lawrence Ground, Canterbury",1,19.3,19.3,Hampshire,Kent,JM Vince,NRT Gubbins,Jaskaran Singh,0,0,,,,,,,,,,,,,
1410250,2024,2024-09-09,"St Lawrence Ground, Canterbury",1,19.4,19.4,Hampshire,Kent,JM Vince,NRT Gubbins,Jaskaran Singh,4,0,,,,,,,,,,,,,
1410250,2024,2024-09-09,"St Lawrence Ground, Canterbury",1,19.5,19.5,Hampshire,Kent,JM Vince,NRT Gubbins,Jaskaran Singh,0,0,,,,,,,,,,,,,
1410250,2024,2024-09-09,"St Lawrence Ground, Canterbury",1,19.6,19.6,Hampshire,Kent,JM Vince,NRT Gubbins,Jaskaran Singh,1,0,,,,,,,,,,,,,
1410250,2024,2024-09-09,"St Lawrence Ground, Canterbury",1,20.1,20.1,Hampshire,Kent,JM Vince,NRT Gubbins,GA Garrett,0,0,,,,,,,,,,,,,
1410250,2024,2024-09-09,"St Lawrence Ground, Canterbury",1,20.2,20.2,Hampshire,Kent,JM Vince,NRT Gubbins,GA Garrett,0,0,,,,,,,,,,,,,
1410250,2024,2024-09-09,"St Lawrence Ground, Canterbury",1,20.3,20.3,Hampshire,Kent,JM Vince,NRT Gubbins,GA Garrett,4,0,,,,,,,,,,,,,
1410250,2024,2024-09-09,"St Lawrence Ground, Canterbury",1,20.4,20.4,Hampshire,Kent,JM Vince,NRT Gubbins,GA Garrett,0,0,,,,,,,,,,,,,
1410250,2024,2024-09-09,"St Lawrence Ground, Canterbury",1,20.5,20.5,Hampshire,Kent,JM Vince,NRT Gubbins,GA Garrett,0,0,,,,,,,,,,,,,
1410250,2024,2024-09-09,"St Lawrence Ground, Canterbury",1,20.6,20.6,Hampshire,Kent,JM Vince,NRT Gubbins,GA Garrett,2,0,,,,,,,,,,,,,
1410250,2024,2024-09-09,"St Lawrence Ground, Canterbury",1,21.1,21.1,Hampshire,Kent,NRT Gubbins,JM Vince,Jaskaran Singh,0,0,,,,,,,,,,,,,
1410250,2024,2024-09-09,"St Lawrence Ground, Canterbury",1,21.2,21.2,Hampshire,Kent,NRT Gubbins,JM Vince,Jaskaran Singh,0,0,,,,,,,,,,,,,
1410250,2024,2024-09-09,"St Lawrence Ground, Canterbury",1,21.3,21.3,Hampshire,Kent,NRT Gubbins,JM Vince,Jaskaran Singh,0,0,,,,,,,,,,,,,
1410250,2024,2024-09-09,"St Lawrence Ground, Canterbury",1,21.4,21.4,Hampshire,Kent,NRT Gubbins,JM Vince,Jaskaran Singh,0,0,,,,,,,,,,,,,
1410250,2024,2024-09-09,"St Lawrence Ground, Canterbury",1,21.5,21.5,Hampshire,Kent,NRT Gubbins,JM Vince,Jaskaran Singh,4,0,,,,,,,,,,,,,
1410250,2024,2024-09-09,"St Lawrence Ground, Canterbury",1,21.6,21.6,Hampshire,Kent,NRT Gubbins,JM Vince,Jaskaran Singh,0,0,,,,,,,,,,,,,
1410250,2024,2024-09-09,"St Lawrence Ground, Canterbury",1,22.1,22.1,Hampshire,Kent,JM Vince,NRT Gubbins,GA Garrett,0,0,,,,,,,,,,,,,
1410250,2024,2024-09-09,"St Lawrence Ground, Canterbury",1,22.2,22.2,Hampshire,Kent,JM Vince,NRT Gubbins,GA Garrett,0,0,,,,,,,,,,,,,
1410250,2024,2024-09-09,"St Lawrence Ground, Canterbury",1,22.3,22.3,Hampshire,Kent,JM Vince,NRT Gubbins,GA Garrett,2,0,,,,,,,,,,,,,
1410250,2024,2024-09-09,"St Lawrence Ground, Canterbury",1,22.4,22.4,Hampshire,Kent,JM Vince,NRT Gubbins,GA Garrett,0,0,,,,,,,,,,,,,
1410250,2024,2024-09-09,"St Lawrence Ground, Canterbury",1,22.5,22.5,Hampshire,Kent,JM Vince,NRT Gubbins,GA Garrett,3,0,,,,,,,,,,,,,
1410250,2024,2024-09-09,"St Lawrence Ground, Canterbury",1,22.6,22.6,Hampshire,Kent,NRT Gubbins,JM Vince,GA Garrett,0,0,,,,,,,,,,,,,
1410250,2024,2024-09-09,"St Lawrence Ground, Canterbury",1,23.1,23.1,Hampshire,Kent,JM Vince,NRT Gubbins,Jaskaran Singh,4,0,,,,,,,,,,,,,
1410250,2024,2024-09-09,"St Lawrence Ground, Canterbury",1,23.2,23.2,Hampshire,Kent,JM Vince,NRT Gubbins,Jaskaran Singh,4,0,,,,,,,,,,,,,
1410250,2024,2024-09-09,"St Lawrence Ground, Canterbury",1,23.3,23.3,Hampshire,Kent,JM Vince,NRT Gubbins,Jaskaran Singh,0,0,,,,,,,,,,,,,
1410250,2024,2024-09-09,"St Lawrence Ground, Canterbury",1,23.4,23.4,Hampshire,Kent,JM Vince,NRT Gubbins,Jaskaran Singh,1,0,,,,,,,,,,,,,
1410250,2024,2024-09-09,"St Lawrence Ground, Canterbury",1,23.5,23.5,Hampshire,Kent,NRT Gubbins,JM Vince,Jaskaran Singh,0,0,,,,,,,,,,,,,
1410250,2024,2024-09-09,"St Lawrence Ground, Canterbury",1,23.6,23.6,Hampshire,Kent,NRT Gubbins,JM Vince,Jaskaran Singh,0,0,,,,,,,,,,,,,
1410250,2024,2024-09-09,"St Lawrence Ground, Canterbury",1,24.1,24.1,Hampshire,Kent,JM Vince,NRT Gubbins,GA Garrett,4,0,,,,,,,,,,,,,
1410250,2024,2024-09-09,"St Lawrence Ground, Canterbury",1,24.2,24.2,Hampshire,Kent,JM Vince,NRT Gubbins,GA Garrett,1,2,,2,,,,,,,,,,,
1410250,2024,2024-09-09,"St Lawrence Ground, Canterbury",1,24.3,24.2,Hampshire,Kent,NRT Gubbins,JM Vince,GA Garrett,2,0,,,,,,,,,,,,,
1410250,2024,2024-09-09,"St Lawrence Ground, Canterbury",1,24.4,24.3,Hampshire,Kent,NRT Gubbins,JM Vince,GA Garrett,0,0,,,,,,,caught,NRT Gubbins,,,HZ Finch,,
1410250,2024,2024-09-09,"St Lawrence Ground, Canterbury",1,24.5,24.4,Hampshire,Kent,BC Brown,JM Vince,GA Garrett,0,0,,,,,,,,,,,,,
1410250,2024,2024-09-09,"St Lawrence Ground, Canterbury",1,24.6,24.5,Hampshire,Kent,BC Brown,JM Vince,GA Garrett,1,0,,,,,,,,,,,,,
1410250,2024,2024-09-09,"St Lawrence Ground, Canterbury",1,24.7,24.6,Hampshire,Kent,JM Vince,BC Brown,GA Garrett,1,0,,,,,,,,,,,,,
1410250,2024,2024-09-09,"St Lawrence Ground, Canterbury",1,25.1,25.1,Hampshire,Kent,JM Vince,BC Brown,Jaskaran Singh,1,0,,,,,,,,,,,,,
1410250,2024,2024-09-09,"St Lawrence Ground, Canterbury",1,25.2,25.2,Hampshire,Kent,BC Brown,JM Vince,Jaskaran Singh,0,0,,,,,,,,,,,,,
1410250,2024,2024-09-09,"St Lawrence Ground, Canterbury",1,25.3,25.3,Hampshire,Kent,BC Brown,JM Vince,Jaskaran Singh,0,0,,,,,,,,,,,,,
1410250,2024,2024-09-09,"St Lawrence Ground, Canterbury",1,25.4,25.4,Hampshire,Kent,BC Brown,JM Vince,Jaskaran Singh,0,0,,,,,,,,,,,,,
1410250,2024,2024-09-09,"St Lawrence Ground, Canterbury",1,25.5,25.5,Hampshire,Kent,BC Brown,JM Vince,Jaskaran Singh,0,0,,,,,,,,,,,,,
1410250,2024,2024-09-09,"St Lawrence Ground, Canterbury",1,25.6,25.6,Hampshire,Kent,BC Brown,JM Vince,Jaskaran Singh,4,0,,,,,,,,,,,,,
1410250,2024,2024-09-09,"St Lawrence Ground, Canterbury",1,26.1,26.1,Hampshire,Kent,JM Vince,BC Brown,GA Garrett,0,0,,,,,,,,,,,,,
1410250,2024,2024-09-09,"St Lawrence Ground, Canterbury",1,26.2,26.2,Hampshire,Kent,JM Vince,BC Brown,GA Garrett,1,0,,,,,,,,,,,,,
1410250,2024,2024-09-09,"St Lawrence Ground, Canterbury",1,26.3,26.3,Hampshire,Kent,BC Brown,JM Vince,GA Garrett,0,0,,,,,,,,,,,,,
1410250,2024,2024-09-09,"St Lawrence Ground, Canterbury",1,26.4,26.4,Hampshire,Kent,BC Brown,JM Vince,GA Garrett,0,2,,2,,,,,,,,,,,
1410250,2024,2024-09-09,"St Lawrence Ground, Canterbury",1,26.5,26.4,Hampshire,Kent,BC Brown,JM Vince,GA Garrett,2,0,,,,,,,,,,,,,
1410250,2024,2024-09-09,"St Lawrence Ground, Canterbury",1,26.6,26.5,Hampshire,Kent,BC Brown,JM Vince,GA Garrett,0,0,,,,,,,,,,,,,
1410250,2024,2024-09-09,"St Lawrence Ground, Canterbury",1,26.7,26.6,Hampshire,Kent,BC Brown,JM Vince,GA Garrett,0,0,,,,,,,,,,,,,
1410250,2024,2024-09-09,"St Lawrence Ground, Canterbury",1,27.1,27.1,Hampshire,Kent,JM Vince,BC Brown,CH Stobo,0,0,,,,,,,,,,,,,
1410250,2024,2024-09-09,"St Lawrence Ground, Canterbury",1,27.2,27.2,Hampshire,Kent,JM Vince,BC Brown,CH Stobo,0,0,,,,,,,,,,,,,
1410250,2024,2024-09-09,"St Lawrence Ground, Canterbury",1,27.3,27.3,Hampshire,Kent,JM Vince,BC Brown,CH Stobo,1,0,,,,,,,,,,,,,
1410250,2024,2024-09-09,"St Lawrence Ground, Canterbury",1,27.4,27.4,Hampshire,Kent,BC Brown,JM Vince,CH Stobo,0,0,,,,,,,,,,,,,
1410250,2024,2024-09-09,"St Lawrence Ground, Canterbury",1,27.5,27.5,Hampshire,Kent,BC Brown,JM Vince,CH Stobo,0,0,,,,,,,,,,,,,
1410250,2024,2024-09-09,"St Lawrence Ground, Canterbury",1,27.6,27.6,Hampshire,Kent,BC Brown,JM Vince,CH Stobo,0,0,,,,,,,,,,,,,
1410250,2024,2024-09-09,"St Lawrence Ground, Canterbury",1,28.1,28.1,Hampshire,Kent,JM Vince,BC Brown,GA Garrett,0,0,,,,,,,,,,,,,
1410250,2024,2024-09-09,"St Lawrence Ground, Canterbury",1,28.2,28.2,Hampshire,Kent,JM Vince,BC Brown,GA Garrett,3,2,,2,,,,,,,,,,,
1410250,2024,2024-09-09,"St Lawrence Ground, Canterbury",1,28.3,28.2,Hampshire,Kent,BC Brown,JM Vince,GA Garrett,0,0,,,,,,,,,,,,,
1410250,2024,2024-09-09,"St Lawrence Ground, Canterbury",1,28.4,28.3,Hampshire,Kent,BC Brown,JM Vince,GA Garrett,2,0,,,,,,,,,,,,,
1410250,2024,2024-09-09,"St Lawrence Ground, Canterbury",1,28.5,28.4,Hampshire,Kent,BC Brown,JM Vince,GA Garrett,0,0,,,,,,,,,,,,,
1410250,2024,2024-09-09,"St Lawrence Ground, Canterbury",1,28.6,28.5,Hampshire,Kent,BC Brown,JM Vince,GA Garrett,0,0,,,,,,,,,,,,,
1410250,2024,2024-09-09,"St Lawrence Ground, Canterbury",1,28.7,28.6,Hampshire,Kent,BC Brown,JM Vince,GA Garrett,0,0,,,,,,,caught,BC Brown,,,JDM Evison,,
1410250,2024,2024-09-09,"St Lawrence Ground, Canterbury",1,29.1,29.1,Hampshire,Kent,JM Vince,LA Dawson,CH Stobo,0,0,,,,,,,,,,,,,
1410250,2024,2024-09-09,"St Lawrence Ground, Canterbury",1,29.2,29.2,Hampshire,Kent,JM Vince,LA Dawson,CH Stobo,0,0,,,,,,,,,,,,,
1410250,2024,2024-09-09,"St Lawrence Ground, Canterbury",1,29.3,29.3,Hampshire,Kent,JM Vince,LA Dawson,CH Stobo,0,0,,,,,,,,,,,,,
1410250,2024,2024-09-09,"St Lawrence Ground, Canterbury",1,29.4,29.4,Hampshire,Kent,JM Vince,LA Dawson,CH Stobo,0,0,,,,,,,,,,,,,
1410250,2024,2024-09-09,"St Lawrence Ground, Canterbury",1,29.5,29.5,Hampshire,Kent,JM Vince,LA Dawson,CH Stobo,0,0,,,,,,,,,,,,,
1410250,2024,2024-09-09,"St Lawrence Ground, Canterbury",1,29.6,29.6,Hampshire,Kent,JM Vince,LA Dawson,CH Stobo,0,0,,,,,,,,,,,,,
1410250,2024,2024-09-09,"St Lawrence Ground, Canterbury",1,30.1,30.1,Hampshire,Kent,LA Dawson,JM Vince,GA Garrett,0,0,,,,,,,,,,,,,
1410250,2024,2024-09-09,"St Lawrence Ground, Canterbury",1,30.2,30.2,Hampshire,Kent,LA Dawson,JM Vince,GA Garrett,0,0,,,,,,,,,,,,,
1410250,2024,2024-09-09,"St Lawrence Ground, Canterbury",1,30.3,30.3,Hampshire,Kent,LA Dawson,JM Vince,GA Garrett,0,0,,,,,,,,,,,,,
1410250,2024,2024-09-09,"St Lawrence Ground, Canterbury",1,30.4,30.4,Hampshire,Kent,LA Dawson,JM Vince,GA Garrett,0,0,,,,,,,,,,,,,
1410250,2024,2024-09-09,"St Lawrence Ground, Canterbury",1,30.5,30.5,Hampshire,Kent,LA Dawson,JM Vince,GA Garrett,0,0,,,,,,,,,,,,,
1410250,2024,2024-09-09,"St Lawrence Ground, Canterbury",1,30.6,30.6,Hampshire,Kent,LA Dawson,JM Vince,GA Garrett,0,0,,,,,,,,,,,,,
1410250,2024,2024-09-09,"St Lawrence Ground, Canterbury",1,31.1,31.1,Hampshire,Kent,JM Vince,LA Dawson,CH Stobo,0,0,,,,,,,,,,,,,
1410250,2024,2024-09-09,"St Lawrence Ground, Canterbury",1,31.2,31.2,Hampshire,Kent,JM Vince,LA Dawson,CH Stobo,0,0,,,,,,,,,,,,,
1410250,2024,2024-09-09,"St Lawrence Ground, Canterbury",1,31.3,31.3,Hampshire,Kent,JM Vince,LA Dawson,CH Stobo,0,0,,,,,,,,,,,,,
1410250,2024,2024-09-09,"St Lawrence Ground, Canterbury",1,31.4,31.4,Hampshire,Kent,JM Vince,LA Dawson,CH Stobo,4,0,,,,,,,,,,,,,
1410250,2024,2024-09-09,"St Lawrence Ground, Canterbury",1,31.5,31.5,Hampshire,Kent,JM Vince,LA Dawson,CH Stobo,0,0,,,,,,,,,,,,,
1410250,2024,2024-09-09,"St Lawrence Ground, Canterbury",1,31.6,31.6,Hampshire,Kent,JM Vince,LA Dawson,CH Stobo,0,0,,,,,,,,,,,,,
1410250,2024,2024-09-09,"St Lawrence Ground, Canterbury",1,32.1,32.1,Hampshire,Kent,LA Dawson,JM Vince,JDM Evison,4,0,,,,,,,,,,,,,
1410250,2024,2024-09-09,"St Lawrence Ground, Canterbury",1,32.2,32.2,Hampshire,Kent,LA Dawson,JM Vince,JDM Evison,0,0,,,,,,,,,,,,,
1410250,2024,2024-09-09,"St Lawrence Ground, Canterbury",1,32.3,32.3,Hampshire,Kent,LA Dawson,JM Vince,JDM Evison,0,0,,,,,,,,,,,,,
1410250,2024,2024-09-09,"St Lawrence Ground, Canterbury",1,32.4,32.4,Hampshire,Kent,LA Dawson,JM Vince,JDM Evison,1,0,,,,,,,,,,,,,
1410250,2024,2024-09-09,"St Lawrence Ground, Canterbury",1,32.5,32.5,Hampshire,Kent,JM Vince,LA Dawson,JDM Evison,0,0,,,,,,,,,,,,,
1410250,2024,2024-09-09,"St Lawrence Ground, Canterbury",1,32.6,32.6,Hampshire,Kent,JM Vince,LA Dawson,JDM Evison,2,0,,,,,,,,,,,,,
1410250,2024,2024-09-09,"St Lawrence Ground, Canterbury",1,33.1,33.1,Hampshire,Kent,LA Dawson,JM Vince,CH Stobo,0,0,,,,,,,,,,,,,
1410250,2024,2024-09-09,"St Lawrence Ground, Canterbury",1,33.2,33.2,Hampshire,Kent,LA Dawson,JM Vince,CH Stobo,1,0,,,,,,,,,,,,,
1410250,2024,2024-09-09,"St Lawrence Ground, Canterbury",1,33.3,33.3,Hampshire,Kent,JM Vince,LA Dawson,CH Stobo,0,0,,,,,,,,,,,,,
1410250,2024,2024-09-09,"St Lawrence Ground, Canterbury",1,33.4,33.4,Hampshire,Kent,JM Vince,LA Dawson,CH Stobo,1,0,,,,,,,,,,,,,
1410250,2024,2024-09-09,"St Lawrence Ground, Canterbury",1,33.5,33.5,Hampshire,Kent,LA Dawson,JM Vince,CH Stobo,0,0,,,,,,,,,,,,,
1410250,2024,2024-09-09,"St Lawrence Ground, Canterbury",1,33.6,33.6,Hampshire,Kent,LA Dawson,JM Vince,CH Stobo,1,0,,,,,,,,,,,,,
1410250,2024,2024-09-09,"St Lawrence Ground, Canterbury",1,34.1,34.1,Hampshire,Kent,LA Dawson,JM Vince,JDM Evison,1,0,,,,,,,,,,,,,
1410250,2024,2024-09-09,"St Lawrence Ground, Canterbury",1,34.2,34.2,Hampshire,Kent,JM Vince,LA Dawson,JDM Evison,0,0,,,,,,,,,,,,,
1410250,2024,2024-09-09,"St Lawrence Ground, Canterbury",1,34.3,34.3,Hampshire,Kent,JM Vince,LA Dawson,JDM Evison,0,0,,,,,,,,,,,,,
1410250,2024,2024-09-09,"St Lawrence Ground, Canterbury",1,34.4,34.4,Hampshire,Kent,JM Vince,LA Dawson,JDM Evison,0,0,,,,,,,,,,,,,
1410250,2024,2024-09-09,"St Lawrence Ground, Canterbury",1,34.5,34.5,Hampshire,Kent,JM Vince,LA Dawson,JDM Evison,0,0,,,,,,,,,,,,,
1410250,2024,2024-09-09,"St Lawrence Ground, Canterbury",1,34.6,34.6,Hampshire,Kent,JM Vince,LA Dawson,JDM Evison,0,0,,,,,,,,,,,,,
1410250,2024,2024-09-09,"St Lawrence Ground, Canterbury",1,35.1,35.1,Hampshire,Kent,LA Dawson,JM Vince,CH Stobo,0,0,,,,,,,,,,,,,
1410250,2024,2024-09-09,"St Lawrence Ground, Canterbury",1,35.2,35.2,Hampshire,Kent,LA Dawson,JM Vince,CH Stobo,0,0,,,,,,,,,,,,,
1410250,2024,2024-09-09,"St Lawrence Ground, Canterbury",1,35.3,35.3,Hampshire,Kent,LA Dawson,JM Vince,CH Stobo,0,0,,,,,,,,,,,,,
1410250,2024,2024-09-09,"St Lawrence Ground, Canterbury",1,35.4,35.4,Hampshire,Kent,LA Dawson,JM Vince,CH Stobo,0,0,,,,,,,,,,,,,
1410250,2024,2024-09-09,"St Lawrence Ground, Canterbury",1,35.5,35.5,Hampshire,Kent,LA Dawson,JM Vince,CH Stobo,0,0,,,,,,,,,,,,,
1410250,2024,2024-09-09,"St Lawrence Ground, Canterbury",1,35.6,35.6,Hampshire,Kent,LA Dawson,JM Vince,CH Stobo,0,0,,,,,,,,,,,,,
1410250,2024,2024-09-09,"St Lawrence Ground, Canterbury",1,36.1,36.1,Hampshire,Kent,JM Vince,LA Dawson,JDM Evison,0,0,,,,,,,,,,,,,
1410250,2024,2024-09-09,"St Lawrence Ground, Canterbury",1,36.2,36.2,Hampshire,Kent,JM Vince,LA Dawson,JDM Evison,0,0,,,,,,,,,,,,,
1410250,2024,2024-09-09,"St Lawrence Ground, Canterbury",1,36.3,36.3,Hampshire,Kent,JM Vince,LA Dawson,JDM Evison,1,0,,,,,,,,,,,,,
1410250,2024,2024-09-09,"St Lawrence Ground, Canterbury",1,36.4,36.4,Hampshire,Kent,LA Dawson,JM Vince,JDM Evison,0,0,,,,,,,,,,,,,
1410250,2024,2024-09-09,"St Lawrence Ground, Canterbury",1,36.5,36.5,Hampshire,Kent,LA Dawson,JM Vince,JDM Evison,0,0,,,,,,,,,,,,,
1410250,2024,2024-09-09,"St Lawrence Ground, Canterbury",1,36.6,36.6,Hampshire,Kent,LA Dawson,JM Vince,JDM Evison,0,0,,,,,,,,,,,,,
1410250,2024,2024-09-09,"St Lawrence Ground, Canterbury",1,37.1,37.1,Hampshire,Kent,JM Vince,LA Dawson,MW Parkinson,0,0,,,,,,,,,,,,,
1410250,2024,2024-09-09,"St Lawrence Ground, Canterbury",1,37.2,37.2,Hampshire,Kent,JM Vince,LA Dawson,MW Parkinson,1,0,,,,,,,,,,,,,
1410250,2024,2024-09-09,"St Lawrence Ground, Canterbury",1,37.3,37.3,Hampshire,Kent,LA Dawson,JM Vince,MW Parkinson,0,0,,,,,,,,,,,,,
1410250,2024,2024-09-09,"St Lawrence Ground, Canterbury",1,37.4,37.4,Hampshire,Kent,LA Dawson,JM Vince,MW Parkinson,0,0,,,,,,,,,,,,,
1410250,2024,2024-09-09,"St Lawrence Ground, Canterbury",1,37.5,37.5,Hampshire,Kent,LA Dawson,JM Vince,MW Parkinson,0,0,,,,,,,,,,,,,
1410250,2024,2024-09-09,"St Lawrence Ground, Canterbury",1,37.6,37.6,Hampshire,Kent,LA Dawson,JM Vince,MW Parkinson,2,0,,,,,,,,,,,,,
1410250,2024,2024-09-09,"St Lawrence Ground, Canterbury",1,38.1,38.1,Hampshire,Kent,JM Vince,LA Dawson,JDM Evison,0,0,,,,,,,,,,,,,
1410250,2024,2024-09-09,"St Lawrence Ground, Canterbury",1,38.2,38.2,Hampshire,Kent,JM Vince,LA Dawson,JDM Evison,0,0,,,,,,,,,,,,,
1410250,2024,2024-09-09,"St Lawrence Ground, Canterbury",1,38.3,38.3,Hampshire,Kent,JM Vince,LA Dawson,JDM Evison,0,0,,,,,,,,,,,,,
1410250,2024,2024-09-09,"St Lawrence Ground, Canterbury",1,38.4,38.4,Hampshire,Kent,JM Vince,LA Dawson,JDM Evison,0,0,,,,,,,,,,,,,
1410250,2024,2024-09-09,"St Lawrence Ground, Canterbury",1,38.5,38.5,Hampshire,Kent,JM Vince,LA Dawson,JDM Evison,1,0,,,,,,,,,,,,,
1410250,2024,2024-09-09,"St Lawrence Ground, Canterbury",1,38.6,38.6,Hampshire,Kent,LA Dawson,JM Vince,JDM Evison,4,0,,,,,,,,,,,,,
1410250,2024,2024-09-09,"St Lawrence Ground, Canterbury",1,39.1,39.1,Hampshire,Kent,JM Vince,LA Dawson,MW Parkinson,0,0,,,,,,,,,,,,,
1410250,2024,2024-09-09,"St Lawrence Ground, Canterbury",1,39.2,39.2,Hampshire,Kent,JM Vince,LA Dawson,MW Parkinson,0,0,,,,,,,,,,,,,
1410250,2024,2024-09-09,"St Lawrence Ground, Canterbury",1,39.3,39.3,Hampshire,Kent,JM Vince,LA Dawson,MW Parkinson,0,0,,,,,,,,,,,,,
1410250,2024,2024-09-09,"St Lawrence Ground, Canterbury",1,39.4,39.4,Hampshire,Kent,JM Vince,LA Dawson,MW Parkinson,1,0,,,,,,,,,,,,,
1410250,2024,2024-09-09,"St Lawrence Ground, Canterbury",1,39.5,39.5,Hampshire,Kent,LA Dawson,JM Vince,MW Parkinson,4,0,,,,,,,,,,,,,
1410250,2024,2024-09-09,"St Lawrence Ground, Canterbury",1,39.6,39.6,Hampshire,Kent,LA Dawson,JM Vince,MW Parkinson,0,0,,,,,,,,,,,,,
1410250,2024,2024-09-09,"St Lawrence Ground, Canterbury",1,40.1,40.1,Hampshire,Kent,JM Vince,LA Dawson,JDM Evison,0,0,,,,,,,,,,,,,
1410250,2024,2024-09-09,"St Lawrence Ground, Canterbury",1,40.2,40.2,Hampshire,Kent,JM Vince,LA Dawson,JDM Evison,0,0,,,,,,,,,,,,,
1410250,2024,2024-09-09,"St Lawrence Ground, Canterbury",1,40.3,40.3,Hampshire,Kent,JM Vince,LA Dawson,JDM Evison,1,0,,,,,,,,,,,,,
1410250,2024,2024-09-09,"St Lawrence Ground, Canterbury",1,40.4,40.4,Hampshire,Kent,LA Dawson,JM Vince,JDM Evison,0,0,,,,,,,,,,,,,
1410250,2024,2024-09-09,"St Lawrence Ground, Canterbury",1,40.5,40.5,Hampshire,Kent,LA Dawson,JM Vince,JDM Evison,1,0,,,,,,,,,,,,,
1410250,2024,2024-09-09,"St Lawrence Ground, Canterbury",1,40.6,40.6,Hampshire,Kent,JM Vince,LA Dawson,JDM Evison,0,0,,,,,,,,,,,,,
1410250,2024,2024-09-09,"St Lawrence Ground, Canterbury",1,41.1,41.1,Hampshire,Kent,LA Dawson,JM Vince,MW Parkinson,1,0,,,,,,,,,,,,,
1410250,2024,2024-09-09,"St Lawrence Ground, Canterbury",1,41.2,41.2,Hampshire,Kent,JM Vince,LA Dawson,MW Parkinson,1,0,,,,,,,,,,,,,
1410250,2024,2024-09-09,"St Lawrence Ground, Canterbury",1,41.3,41.3,Hampshire,Kent,LA Dawson,JM Vince,MW Parkinson,4,0,,,,,,,,,,,,,
1410250,2024,2024-09-09,"St Lawrence Ground, Canterbury",1,41.4,41.4,Hampshire,Kent,LA Dawson,JM Vince,MW Parkinson,0,0,,,,,,,,,,,,,
1410250,2024,2024-09-09,"St Lawrence Ground, Canterbury",1,41.5,41.5,Hampshire,Kent,LA Dawson,JM Vince,MW Parkinson,0,0,,,,,,,,,,,,,
1410250,2024,2024-09-09,"St Lawrence Ground, Canterbury",1,41.6,41.6,Hampshire,Kent,LA Dawson,JM Vince,MW Parkinson,1,0,,,,,,,,,,,,,
1410250,2024,2024-09-09,"St Lawrence Ground, Canterbury",1,42.1,42.1,Hampshire,Kent,LA Dawson,JM Vince,Jaskaran Singh,1,0,,,,,,,,,,,,,
1410250,2024,2024-09-09,"St Lawrence Ground, Canterbury",1,42.2,42.2,Hampshire,Kent,JM Vince,LA Dawson,Jaskaran Singh,0,0,,,,,,,,,,,,,
1410250,2024,2024-09-09,"St Lawrence Ground, Canterbury",1,42.3,42.3,Hampshire,Kent,JM Vince,LA Dawson,Jaskaran Singh,4,0,,,,,,,,,,,,,
1410250,2024,2024-09-09,"St Lawrence Ground, Canterbury",1,42.4,42.4,Hampshire,Kent,JM Vince,LA Dawson,Jaskaran Singh,0,0,,,,,,,,,,,,,
1410250,2024,2024-09-09,"St Lawrence Ground, Canterbury",1,42.5,42.5,Hampshire,Kent,JM Vince,LA Dawson,Jaskaran Singh,0,0,,,,,,,,,,,,,
1410250,2024,2024-09-09,"St Lawrence Ground, Canterbury",1,42.6,42.6,Hampshire,Kent,JM Vince,LA Dawson,Jaskaran Singh,1,0,,,,,,,,,,,,,
1410250,2024,2024-09-09,"St Lawrence Ground, Canterbury",1,43.1,43.1,Hampshire,Kent,JM Vince,LA Dawson,MW Parkinson,0,0,,,,,,,,,,,,,
1410250,2024,2024-09-09,"St Lawrence Ground, Canterbury",1,43.2,43.2,Hampshire,Kent,JM Vince,LA Dawson,MW Parkinson,0,0,,,,,,,,,,,,,
1410250,2024,2024-09-09,"St Lawrence Ground, Canterbury",1,43.3,43.3,Hampshire,Kent,JM Vince,LA Dawson,MW Parkinson,0,0,,,,,,,,,,,,,
1410250,2024,2024-09-09,"St Lawrence Ground, Canterbury",1,43.4,43.4,Hampshire,Kent,JM Vince,LA Dawson,MW Parkinson,0,0,,,,,,,,,,,,,
1410250,2024,2024-09-09,"St Lawrence Ground, Canterbury",1,43.5,43.5,Hampshire,Kent,JM Vince,LA Dawson,MW Parkinson,0,0,,,,,,,,,,,,,
1410250,2024,2024-09-09,"St Lawrence Ground, Canterbury",1,43.6,43.6,Hampshire,Kent,JM Vince,LA Dawson,MW Parkinson,0,0,,,,,,,,,,,,,
1410250,2024,2024-09-09,"St Lawrence Ground, Canterbury",1,44.1,44.1,Hampshire,Kent,LA Dawson,JM Vince,Jaskaran Singh,0,0,,,,,,,,,,,,,
1410250,2024,2024-09-09,"St Lawrence Ground, Canterbury",1,44.2,44.2,Hampshire,Kent,LA Dawson,JM Vince,Jaskaran Singh,0,0,,,,,,,,,,,,,
1410250,2024,2024-09-09,"St Lawrence Ground, Canterbury",1,44.3,44.3,Hampshire,Kent,LA Dawson,JM Vince,Jaskaran Singh,0,0,,,,,,,,,,,,,
1410250,2024,2024-09-09,"St Lawrence Ground, Canterbury",1,44.4,44.4,Hampshire,Kent,LA Dawson,JM Vince,Jaskaran Singh,0,0,,,,,,,,,,,,,
1410250,2024,2024-09-09,"St Lawrence Ground, Canterbury",1,44.5,44.5,Hampshire,Kent,LA Dawson,JM Vince,Jaskaran Singh,0,0,,,,,,,,,,,,,
1410250,2024,2024-09-09,"St Lawrence Ground, Canterbury",1,44.6,44.6,Hampshire,Kent,LA Dawson,JM Vince,Jaskaran Singh,0,0,,,,,,,,,,,,,
1410250,2024,2024-09-09,"St Lawrence Ground, Canterbury",1,45.1,45.1,Hampshire,Kent,JM Vince,LA Dawson,MW Parkinson,0,0,,,,,,,,,,,,,
1410250,2024,2024-09-09,"St Lawrence Ground, Canterbury",1,45.2,45.2,Hampshire,Kent,JM Vince,LA Dawson,MW Parkinson,0,0,,,,,,,,,,,,,
1410250,2024,2024-09-09,"St Lawrence Ground, Canterbury",1,45.3,45.3,Hampshire,Kent,JM Vince,LA Dawson,MW Parkinson,0,0,,,,,,,,,,,,,
1410250,2024,2024-09-09,"St Lawrence Ground, Canterbury",1,45.4,45.4,Hampshire,Kent,JM Vince,LA Dawson,MW Parkinson,1,0,,,,,,,,,,,,,
1410250,2024,2024-09-09,"St Lawrence Ground, Canterbury",1,45.5,45.5,Hampshire,Kent,LA Dawson,JM Vince,MW Parkinson,1,0,,,,,,,,,,,,,
1410250,2024,2024-09-09,"St Lawrence Ground, Canterbury",1,45.6,45.6,Hampshire,Kent,JM Vince,LA Dawson,MW Parkinson,1,0,,,,,,,,,,,,,
1410250,2024,2024-09-09,"St Lawrence Ground, Canterbury",1,46.1,46.1,Hampshire,Kent,JM Vince,LA Dawson,Jaskaran Singh,0,0,,,,,,,,,,,,,
1410250,2024,2024-09-09,"St Lawrence Ground, Canterbury",1,46.2,46.2,Hampshire,Kent,JM Vince,LA Dawson,Jaskaran Singh,1,0,,,,,,,,,,,,,
1410250,2024,2024-09-09,"St Lawrence Ground, Canterbury",1,46.3,46.3,Hampshire,Kent,LA Dawson,JM Vince,Jaskaran Singh,0,0,,,,,,,,,,,,,
1410250,2024,2024-09-09,"St Lawrence Ground, Canterbury",1,46.4,46.4,Hampshire,Kent,LA Dawson,JM Vince,Jaskaran Singh,0,0,,,,,,,,,,,,,
1410250,2024,2024-09-09,"St Lawrence Ground, Canterbury",1,46.5,46.5,Hampshire,Kent,LA Dawson,JM Vince,Jaskaran Singh,0,0,,,,,,,,,,,,,
1410250,2024,2024-09-09,"St Lawrence Ground, Canterbury",1,46.6,46.6,Hampshire,Kent,LA Dawson,JM Vince,Jaskaran Singh,0,0,,,,,,,,,,,,,
1410250,2024,2024-09-09,"St Lawrence Ground, Canterbury",1,47.1,47.1,Hampshire,Kent,JM Vince,LA Dawson,MW Parkinson,0,0,,,,,,,,,,,,,
1410250,2024,2024-09-09,"St Lawrence Ground, Canterbury",1,47.2,47.2,Hampshire,Kent,JM Vince,LA Dawson,MW Parkinson,0,0,,,,,,,caught,JM Vince,,,JL Denly,,
1410250,2024,2024-09-09,"St Lawrence Ground, Canterbury",1,47.3,47.3,Hampshire,Kent,TJ Prest,LA Dawson,MW Parkinson,0,0,,,,,,,,,,,,,
1410250,2024,2024-09-09,"St Lawrence Ground, Canterbury",1,47.4,47.4,Hampshire,Kent,TJ Prest,LA Dawson,MW Parkinson,0,0,,,,,,,,,,,,,
1410250,2024,2024-09-09,"St Lawrence Ground, Canterbury",1,47.5,47.5,Hampshire,Kent,TJ Prest,LA Dawson,MW Parkinson,0,0,,,,,,,,,,,,,
1410250,2024,2024-09-09,"St Lawrence Ground, Canterbury",1,47.6,47.6,Hampshire,Kent,TJ Prest,LA Dawson,MW Parkinson,1,0,,,,,,,,,,,,,
1410250,2024,2024-09-09,"St Lawrence Ground, Canterbury",1,48.1,48.1,Hampshire,Kent,TJ Prest,LA Dawson,Jaskaran Singh,0,0,,,,,,,,,,,,,
1410250,2024,2024-09-09,"St Lawrence Ground, Canterbury",1,48.2,48.2,Hampshire,Kent,TJ Prest,LA Dawson,Jaskaran Singh,1,0,,,,,,,,,,,,,
1410250,2024,2024-09-09,"St Lawrence Ground, Canterbury",1,48.3,48.3,Hampshire,Kent,LA Dawson,TJ Prest,Jaskaran Singh,0,0,,,,,,,,,,,,,
1410250,2024,2024-09-09,"St Lawrence Ground, Canterbury",1,48.4,48.4,Hampshire,Kent,LA Dawson,TJ Prest,Jaskaran Singh,1,0,,,,,,,,,,,,,
1410250,2024,2024-09-09,"St Lawrence Ground, Canterbury",1,48.5,48.5,Hampshire,Kent,TJ Prest,LA Dawson,Jaskaran Singh,0,0,,,,,,,,,,,,,
1410250,2024,2024-09-09,"St Lawrence Ground, Canterbury",1,48.6,48.6,Hampshire,Kent,TJ Prest,LA Dawson,Jaskaran Singh,0,0,,,,,,,,,,,,,
1410250,2024,2024-09-09,"St Lawrence Ground, Canterbury",1,49.1,49.1,Hampshire,Kent,LA Dawson,TJ Prest,MW Parkinson,0,0,,,,,,,,,,,,,
1410250,2024,2024-09-09,"St Lawrence Ground, Canterbury",1,49.2,49.2,Hampshire,Kent,LA Dawson,TJ Prest,MW Parkinson,0,0,,,,,,,,,,,,,
1410250,2024,2024-09-09,"St Lawrence Ground, Canterbury",1,49.3,49.3,Hampshire,Kent,LA Dawson,TJ Prest,MW Parkinson,0,0,,,,,,,,,,,,,
1410250,2024,2024-09-09,"St Lawrence Ground, Canterbury",1,49.4,49.4,Hampshire,Kent,LA Dawson,TJ Prest,MW Parkinson,0,0,,,,,,,,,,,,,
1410250,2024,2024-09-09,"St Lawrence Ground, Canterbury",1,49.5,49.5,Hampshire,Kent,LA Dawson,TJ Prest,MW Parkinson,1,0,,,,,,,,,,,,,
1410250,2024,2024-09-09,"St Lawrence Ground, Canterbury",1,49.6,49.6,Hampshire,Kent,TJ Prest,LA Dawson,MW Parkinson,0,0,,,,,,,,,,,,,
1410250,2024,2024-09-09,"St Lawrence Ground, Canterbury",1,50.1,50.1,Hampshire,Kent,LA Dawson,TJ Prest,Jaskaran Singh,0,0,,,,,,,,,,,,,
1410250,2024,2024-09-09,"St Lawrence Ground, Canterbury",1,50.2,50.2,Hampshire,Kent,LA Dawson,TJ Prest,Jaskaran Singh,0,0,,,,,,,,,,,,,
1410250,2024,2024-09-09,"St Lawrence Ground, Canterbury",1,50.3,50.3,Hampshire,Kent,LA Dawson,TJ Prest,Jaskaran Singh,1,0,,,,,,,,,,,,,
1410250,2024,2024-09-09,"St Lawrence Ground, Canterbury",1,50.4,50.4,Hampshire,Kent,TJ Prest,LA Dawson,Jaskaran Singh,1,0,,,,,,,,,,,,,
1410250,2024,2024-09-09,"St Lawrence Ground, Canterbury",1,50.5,50.5,Hampshire,Kent,LA Dawson,TJ Prest,Jaskaran Singh,0,0,,,,,,,,,,,,,
1410250,2024,2024-09-09,"St Lawrence Ground, Canterbury",1,50.6,50.6,Hampshire,Kent,LA Dawson,TJ Prest,Jaskaran Singh,0,0,,,,,,,,,,,,,
1410250,2024,2024-09-09,"St Lawrence Ground, Canterbury",1,51.1,51.1,Hampshire,Kent,TJ Prest,LA Dawson,MW Parkinson,0,0,,,,,,,,,,,,,
1410250,2024,2024-09-09,"St Lawrence Ground, Canterbury",1,51.2,51.2,Hampshire,Kent,TJ Prest,LA Dawson,MW Parkinson,0,0,,,,,,,,,,,,,
1410250,2024,2024-09-09,"St Lawrence Ground, Canterbury",1,51.3,51.3,Hampshire,Kent,TJ Prest,LA Dawson,MW Parkinson,1,0,,,,,,,,,,,,,
1410250,2024,2024-09-09,"St Lawrence Ground, Canterbury",1,51.4,51.4,Hampshire,Kent,LA Dawson,TJ Prest,MW Parkinson,0,0,,,,,,,,,,,,,
1410250,2024,2024-09-09,"St Lawrence Ground, Canterbury",1,51.5,51.5,Hampshire,Kent,LA Dawson,TJ Prest,MW Parkinson,0,0,,,,,,,,,,,,,
1410250,2024,2024-09-09,"St Lawrence Ground, Canterbury",1,51.6,51.6,Hampshire,Kent,LA Dawson,TJ Prest,MW Parkinson,0,0,,,,,,,,,,,,,
1410250,2024,2024-09-09,"St Lawrence Ground, Canterbury",1,52.1,52.1,Hampshire,Kent,TJ Prest,LA Dawson,Jaskaran Singh,0,0,,,,,,,,,,,,,
1410250,2024,2024-09-09,"St Lawrence Ground, Canterbury",1,52.2,52.2,Hampshire,Kent,TJ Prest,LA Dawson,Jaskaran Singh,0,0,,,,,,,,,,,,,
1410250,2024,2024-09-09,"St Lawrence Ground, Canterbury",1,52.3,52.3,Hampshire,Kent,TJ Prest,LA Dawson,Jaskaran Singh,1,0,,,,,,,,,,,,,
1410250,2024,2024-09-09,"St Lawrence Ground, Canterbury",1,52.4,52.4,Hampshire,Kent,LA Dawson,TJ Prest,Jaskaran Singh,0,0,,,,,,,,,,,,,
1410250,2024,2024-09-09,"St Lawrence Ground, Canterbury",1,52.5,52.5,Hampshire,Kent,LA Dawson,TJ Prest,Jaskaran Singh,1,0,,,,,,,,,,,,,
1410250,2024,2024-09-09,"St Lawrence Ground, Canterbury",1,52.6,52.6,Hampshire,Kent,TJ Prest,LA Dawson,Jaskaran Singh,0,0,,,,,,,,,,,,,
1410250,2024,2024-09-09,"St Lawrence Ground, Canterbury",1,53.1,53.1,Hampshire,Kent,LA Dawson,TJ Prest,MW Parkinson,0,0,,,,,,,caught,LA Dawson,,,CH Stobo,,
1410250,2024,2024-09-09,"St Lawrence Ground, Canterbury",1,53.2,53.2,Hampshire,Kent,JK Fuller,TJ Prest,MW Parkinson,0,0,,,,,,,,,,,,,
1410250,2024,2024-09-09,"St Lawrence Ground, Canterbury",1,53.3,53.3,Hampshire,Kent,JK Fuller,TJ Prest,MW Parkinson,0,0,,,,,,,,,,,,,
1410250,2024,2024-09-09,"St Lawrence Ground, Canterbury",1,53.4,53.4,Hampshire,Kent,JK Fuller,TJ Prest,MW Parkinson,0,0,,,,,,,,,,,,,
1410250,2024,2024-09-09,"St Lawrence Ground, Canterbury",1,53.5,53.5,Hampshire,Kent,JK Fuller,TJ Prest,MW Parkinson,0,0,,,,,,,,,,,,,
1410250,2024,2024-09-09,"St Lawrence Ground, Canterbury",1,53.6,53.6,Hampshire,Kent,JK Fuller,TJ Prest,MW Parkinson,0,0,,,,,,,,,,,,,
1410250,2024,2024-09-09,"St Lawrence Ground, Canterbury",1,54.1,54.1,Hampshire,Kent,TJ Prest,JK Fuller,Jaskaran Singh,1,0,,,,,,,,,,,,,
1410250,2024,2024-09-09,"St Lawrence Ground, Canterbury",1,54.2,54.2,Hampshire,Kent,JK Fuller,TJ Prest,Jaskaran Singh,1,0,,,,,,,,,,,,,
1410250,2024,2024-09-09,"St Lawrence Ground, Canterbury",1,54.3,54.3,Hampshire,Kent,TJ Prest,JK Fuller,Jaskaran Singh,0,0,,,,,,,,,,,,,
1410250,2024,2024-09-09,"St Lawrence Ground, Canterbury",1,54.4,54.4,Hampshire,Kent,TJ Prest,JK Fuller,Jaskaran Singh,0,0,,,,,,,,,,,,,
1410250,2024,2024-09-09,"St Lawrence Ground, Canterbury",1,54.5,54.5,Hampshire,Kent,TJ Prest,JK Fuller,Jaskaran Singh,0,0,,,,,,,,,,,,,
1410250,2024,2024-09-09,"St Lawrence Ground, Canterbury",1,54.6,54.6,Hampshire,Kent,TJ Prest,JK Fuller,Jaskaran Singh,0,0,,,,,,,,,,,,,
1410250,2024,2024-09-09,"St Lawrence Ground, Canterbury",1,55.1,55.1,Hampshire,Kent,JK Fuller,TJ Prest,MW Parkinson,0,0,,,,,,,,,,,,,
1410250,2024,2024-09-09,"St Lawrence Ground, Canterbury",1,55.2,55.2,Hampshire,Kent,JK Fuller,TJ Prest,MW Parkinson,0,0,,,,,,,,,,,,,
1410250,2024,2024-09-09,"St Lawrence Ground, Canterbury",1,55.3,55.3,Hampshire,Kent,JK Fuller,TJ Prest,MW Parkinson,0,0,,,,,,,,,,,,,
1410250,2024,2024-09-09,"St Lawrence Ground, Canterbury",1,55.4,55.4,Hampshire,Kent,JK Fuller,TJ Prest,MW Parkinson,0,0,,,,,,,,,,,,,
1410250,2024,2024-09-09,"St Lawrence Ground, Canterbury",1,55.5,55.5,Hampshire,Kent,JK Fuller,TJ Prest,MW Parkinson,0,0,,,,,,,,,,,,,
1410250,2024,2024-09-09,"St Lawrence Ground, Canterbury",1,55.6,55.6,Hampshire,Kent,JK Fuller,TJ Prest,MW Parkinson,0,0,,,,,,,,,,,,,
1410250,2024,2024-09-09,"St Lawrence Ground, Canterbury",1,56.1,56.1,Hampshire,Kent,TJ Prest,JK Fuller,GA Garrett,0,0,,,,,,,,,,,,,
1410250,2024,2024-09-09,"St Lawrence Ground, Canterbury",1,56.2,56.2,Hampshire,Kent,TJ Prest,JK Fuller,GA Garrett,0,0,,,,,,,,,,,,,
1410250,2024,2024-09-09,"St Lawrence Ground, Canterbury",1,56.3,56.3,Hampshire,Kent,TJ Prest,JK Fuller,GA Garrett,0,0,,,,,,,,,,,,,
1410250,2024,2024-09-09,"St Lawrence Ground, Canterbury",1,56.4,56.4,Hampshire,Kent,TJ Prest,JK Fuller,GA Garrett,2,0,,,,,,,,,,,,,
1410250,2024,2024-09-09,"St Lawrence Ground, Canterbury",1,56.5,56.5,Hampshire,Kent,TJ Prest,JK Fuller,GA Garrett,2,0,,,,,,,,,,,,,
1410250,2024,2024-09-09,"St Lawrence Ground, Canterbury",1,56.6,56.6,Hampshire,Kent,TJ Prest,JK Fuller,GA Garrett,0,0,,,,,,,,,,,,,
1410250,2024,2024-09-09,"St Lawrence Ground, Canterbury",1,57.1,57.1,Hampshire,Kent,JK Fuller,TJ Prest,MW Parkinson,0,1,,,,1,,,,,,,,,
1410250,2024,2024-09-09,"St Lawrence Ground, Canterbury",1,57.2,57.2,Hampshire,Kent,TJ Prest,JK Fuller,MW Parkinson,1,0,,,,,,,,,,,,,
1410250,2024,2024-09-09,"St Lawrence Ground, Canterbury",1,57.3,57.3,Hampshire,Kent,JK Fuller,TJ Prest,MW Parkinson,0,0,,,,,,,,,,,,,
1410250,2024,2024-09-09,"St Lawrence Ground, Canterbury",1,57.4,57.4,Hampshire,Kent,JK Fuller,TJ Prest,MW Parkinson,0,0,,,,,,,,,,,,,
1410250,2024,2024-09-09,"St Lawrence Ground, Canterbury",1,57.5,57.5,Hampshire,Kent,JK Fuller,TJ Prest,MW Parkinson,1,0,,,,,,,,,,,,,
1410250,2024,2024-09-09,"St Lawrence Ground, Canterbury",1,57.6,57.6,Hampshire,Kent,TJ Prest,JK Fuller,MW Parkinson,2,0,,,,,,,,,,,,,
1410250,2024,2024-09-09,"St Lawrence Ground, Canterbury",1,58.1,58.1,Hampshire,Kent,JK Fuller,TJ Prest,GA Garrett,0,0,,,,,,,,,,,,,
1410250,2024,2024-09-09,"St Lawrence Ground, Canterbury",1,58.2,58.2,Hampshire,Kent,JK Fuller,TJ Prest,GA Garrett,0,0,,,,,,,,,,,,,
1410250,2024,2024-09-09,"St Lawrence Ground, Canterbury",1,58.3,58.3,Hampshire,Kent,JK Fuller,TJ Prest,GA Garrett,0,0,,,,,,,,,,,,,
1410250,2024,2024-09-09,"St Lawrence Ground, Canterbury",1,58.4,58.4,Hampshire,Kent,JK Fuller,TJ Prest,GA Garrett,0,0,,,,,,,,,,,,,
1410250,2024,2024-09-09,"St Lawrence Ground, Canterbury",1,58.5,58.5,Hampshire,Kent,JK Fuller,TJ Prest,GA Garrett,1,0,,,,,,,,,,,,,
1410250,2024,2024-09-09,"St Lawrence Ground, Canterbury",1,58.6,58.6,Hampshire,Kent,TJ Prest,JK Fuller,GA Garrett,0,1,,,,1,,,,,,,,,
1410250,2024,2024-09-09,"St Lawrence Ground, Canterbury",1,59.1,59.1,Hampshire,Kent,TJ Prest,JK Fuller,MW Parkinson,1,0,,,,,,,,,,,,,
1410250,2024,2024-09-09,"St Lawrence Ground, Canterbury",1,59.2,59.2,Hampshire,Kent,JK Fuller,TJ Prest,MW Parkinson,0,0,,,,,,,,,,,,,
1410250,2024,2024-09-09,"St Lawrence Ground, Canterbury",1,59.3,59.3,Hampshire,Kent,JK Fuller,TJ Prest,MW Parkinson,0,0,,,,,,,,,,,,,
1410250,2024,2024-09-09,"St Lawrence Ground, Canterbury",1,59.4,59.4,Hampshire,Kent,JK Fuller,TJ Prest,MW Parkinson,4,0,,,,,,,,,,,,,
1410250,2024,2024-09-09,"St Lawrence Ground, Canterbury",1,59.5,59.5,Hampshire,Kent,JK Fuller,TJ Prest,MW Parkinson,0,0,,,,,,,caught,JK Fuller,,,HZ Finch,,
1410250,2024,2024-09-09,"St Lawrence Ground, Canterbury",1,59.6,59.6,Hampshire,Kent,KJ Abbott,TJ Prest,MW Parkinson,1,0,,,,,,,,,,,,,
1410250,2024,2024-09-09,"St Lawrence Ground, Canterbury",1,60.1,60.1,Hampshire,Kent,KJ Abbott,TJ Prest,JA Leaning,0,0,,,,,,,,,,,,,
1410250,2024,2024-09-09,"St Lawrence Ground, Canterbury",1,60.2,60.2,Hampshire,Kent,KJ Abbott,TJ Prest,JA Leaning,0,0,,,,,,,,,,,,,
1410250,2024,2024-09-09,"St Lawrence Ground, Canterbury",1,60.3,60.3,Hampshire,Kent,KJ Abbott,TJ Prest,JA Leaning,0,0,,,,,,,,,,,,,
1410250,2024,2024-09-09,"St Lawrence Ground, Canterbury",1,60.4,60.4,Hampshire,Kent,KJ Abbott,TJ Prest,JA Leaning,0,0,,,,,,,,,,,,,
1410250,2024,2024-09-09,"St Lawrence Ground, Canterbury",1,60.5,60.5,Hampshire,Kent,KJ Abbott,TJ Prest,JA Leaning,1,0,,,,,,,,,,,,,
1410250,2024,2024-09-09,"St Lawrence Ground, Canterbury",1,60.6,60.6,Hampshire,Kent,TJ Prest,KJ Abbott,JA Leaning,1,0,,,,,,,,,,,,,
1410250,2024,2024-09-09,"St Lawrence Ground, Canterbury",1,61.1,61.1,Hampshire,Kent,TJ Prest,KJ Abbott,MW Parkinson,2,0,,,,,,,,,,,,,
1410250,2024,2024-09-09,"St Lawrence Ground, Canterbury",1,61.2,61.2,Hampshire,Kent,TJ Prest,KJ Abbott,MW Parkinson,0,0,,,,,,,,,,,,,
1410250,2024,2024-09-09,"St Lawrence Ground, Canterbury",1,61.3,61.3,Hampshire,Kent,TJ Prest,KJ Abbott,MW Parkinson,1,0,,,,,,,,,,,,,
1410250,2024,2024-09-09,"St Lawrence Ground, Canterbury",1,61.4,61.4,Hampshire,Kent,KJ Abbott,TJ Prest,MW Parkinson,1,0,,,,,,,,,,,,,
1410250,2024,2024-09-09,"St Lawrence Ground, Canterbury",1,61.5,61.5,Hampshire,Kent,TJ Prest,KJ Abbott,MW Parkinson,0,0,,,,,,,,,,,,,
1410250,2024,2024-09-09,"St Lawrence Ground, Canterbury",1,61.6,61.6,Hampshire,Kent,TJ Prest,KJ Abbott,MW Parkinson,1,0,,,,,,,,,,,,,
1410250,2024,2024-09-09,"St Lawrence Ground, Canterbury",1,62.1,62.1,Hampshire,Kent,TJ Prest,KJ Abbott,CH Stobo,0,0,,,,,,,,,,,,,
1410250,2024,2024-09-09,"St Lawrence Ground, Canterbury",1,62.2,62.2,Hampshire,Kent,TJ Prest,KJ Abbott,CH Stobo,0,0,,,,,,,,,,,,,
1410250,2024,2024-09-09,"St Lawrence Ground, Canterbury",1,62.3,62.3,Hampshire,Kent,TJ Prest,KJ Abbott,CH Stobo,0,0,,,,,,,,,,,,,
1410250,2024,2024-09-09,"St Lawrence Ground, Canterbury",1,62.4,62.4,Hampshire,Kent,TJ Prest,KJ Abbott,CH Stobo,0,0,,,,,,,,,,,,,
1410250,2024,2024-09-09,"St Lawrence Ground, Canterbury",1,62.5,62.5,Hampshire,Kent,TJ Prest,KJ Abbott,CH Stobo,1,0,,,,,,,,,,,,,
1410250,2024,2024-09-09,"St Lawrence Ground, Canterbury",1,62.6,62.6,Hampshire,Kent,KJ Abbott,TJ Prest,CH Stobo,0,0,,,,,,,,,,,,,
1410250,2024,2024-09-09,"St Lawrence Ground, Canterbury",1,63.1,63.1,Hampshire,Kent,TJ Prest,KJ Abbott,MW Parkinson,0,0,,,,,,,,,,,,,
1410250,2024,2024-09-09,"St Lawrence Ground, Canterbury",1,63.2,63.2,Hampshire,Kent,TJ Prest,KJ Abbott,MW Parkinson,1,0,,,,,,,,,,,,,
1410250,2024,2024-09-09,"St Lawrence Ground, Canterbury",1,63.3,63.3,Hampshire,Kent,KJ Abbott,TJ Prest,MW Parkinson,1,0,,,,,,,,,,,,,
1410250,2024,2024-09-09,"St Lawrence Ground, Canterbury",1,63.4,63.4,Hampshire,Kent,TJ Prest,KJ Abbott,MW Parkinson,0,0,,,,,,,,,,,,,
1410250,2024,2024-09-09,"St Lawrence Ground, Canterbury",1,63.5,63.5,Hampshire,Kent,TJ Prest,KJ Abbott,MW Parkinson,1,0,,,,,,,,,,,,,
1410250,2024,2024-09-09,"St Lawrence Ground, Canterbury",1,63.6,63.6,Hampshire,Kent,KJ Abbott,TJ Prest,MW Parkinson,0,0,,,,,,,,,,,,,
1410250,2024,2024-09-09,"St Lawrence Ground, Canterbury",1,64.1,64.1,Hampshire,Kent,TJ Prest,KJ Abbott,CH Stobo,4,0,,,,,,,,,,,,,
1410250,2024,2024-09-09,"St Lawrence Ground, Canterbury",1,64.2,64.2,Hampshire,Kent,TJ Prest,KJ Abbott,CH Stobo,1,0,,,,,,,,,,,,,
1410250,2024,2024-09-09,"St Lawrence Ground, Canterbury",1,64.3,64.3,Hampshire,Kent,KJ Abbott,TJ Prest,CH Stobo,1,0,,,,,,,,,,,,,
1410250,2024,2024-09-09,"St Lawrence Ground, Canterbury",1,64.4,64.4,Hampshire,Kent,TJ Prest,KJ Abbott,CH Stobo,0,0,,,,,,,,,,,,,
1410250,2024,2024-09-09,"St Lawrence Ground, Canterbury",1,64.5,64.5,Hampshire,Kent,TJ Prest,KJ Abbott,CH Stobo,0,0,,,,,,,,,,,,,
1410250,2024,2024-09-09,"St Lawrence Ground, Canterbury",1,64.6,64.6,Hampshire,Kent,TJ Prest,KJ Abbott,CH Stobo,0,0,,,,,,,,,,,,,
1410250,2024,2024-09-09,"St Lawrence Ground, Canterbury",1,65.1,65.1,Hampshire,Kent,KJ Abbott,TJ Prest,MW Parkinson,0,0,,,,,,,,,,,,,
1410250,2024,2024-09-09,"St Lawrence Ground, Canterbury",1,65.2,65.2,Hampshire,Kent,KJ Abbott,TJ Prest,MW Parkinson,0,0,,,,,,,,,,,,,
1410250,2024,2024-09-09,"St Lawrence Ground, Canterbury",1,65.3,65.3,Hampshire,Kent,KJ Abbott,TJ Prest,MW Parkinson,0,0,,,,,,,,,,,,,
1410250,2024,2024-09-09,"St Lawrence Ground, Canterbury",1,65.4,65.4,Hampshire,Kent,KJ Abbott,TJ Prest,MW Parkinson,1,0,,,,,,,,,,,,,
1410250,2024,2024-09-09,"St Lawrence Ground, Canterbury",1,65.5,65.5,Hampshire,Kent,TJ Prest,KJ Abbott,MW Parkinson,4,0,,,,,,,,,,,,,
1410250,2024,2024-09-09,"St Lawrence Ground, Canterbury",1,65.6,65.6,Hampshire,Kent,TJ Prest,KJ Abbott,MW Parkinson,0,0,,,,,,,,,,,,,
1410250,2024,2024-09-09,"St Lawrence Ground, Canterbury",1,66.1,66.1,Hampshire,Kent,KJ Abbott,TJ Prest,CH Stobo,0,0,,,,,,,,,,,,,
1410250,2024,2024-09-09,"St Lawrence Ground, Canterbury",1,66.2,66.2,Hampshire,Kent,KJ Abbott,TJ Prest,CH Stobo,0,0,,,,,,,,,,,,,
1410250,2024,2024-09-09,"St Lawrence Ground, Canterbury",1,66.3,66.3,Hampshire,Kent,KJ Abbott,TJ Prest,CH Stobo,0,0,,,,,,,,,,,,,
1410250,2024,2024-09-09,"St Lawrence Ground, Canterbury",1,66.4,66.4,Hampshire,Kent,KJ Abbott,TJ Prest,CH Stobo,2,0,,,,,,,,,,,,,
1410250,2024,2024-09-09,"St Lawrence Ground, Canterbury",1,66.5,66.5,Hampshire,Kent,KJ Abbott,TJ Prest,CH Stobo,0,0,,,,,,,,,,,,,
1410250,2024,2024-09-09,"St Lawrence Ground, Canterbury",1,66.6,66.6,Hampshire,Kent,KJ Abbott,TJ Prest,CH Stobo,0,0,,,,,,,,,,,,,
1410250,2024,2024-09-09,"St Lawrence Ground, Canterbury",1,67.1,67.1,Hampshire,Kent,TJ Prest,KJ Abbott,MW Parkinson,1,0,,,,,,,,,,,,,
1410250,2024,2024-09-09,"St Lawrence Ground, Canterbury",1,67.2,67.2,Hampshire,Kent,KJ Abbott,TJ Prest,MW Parkinson,0,0,,,,,,,,,,,,,
1410250,2024,2024-09-09,"St Lawrence Ground, Canterbury",1,67.3,67.3,Hampshire,Kent,KJ Abbott,TJ Prest,MW Parkinson,0,0,,,,,,,,,,,,,
1410250,2024,2024-09-09,"St Lawrence Ground, Canterbury",1,67.4,67.4,Hampshire,Kent,KJ Abbott,TJ Prest,MW Parkinson,0,0,,,,,,,,,,,,,
1410250,2024,2024-09-09,"St Lawrence Ground, Canterbury",1,67.5,67.5,Hampshire,Kent,KJ Abbott,TJ Prest,MW Parkinson,1,0,,,,,,,,,,,,,
1410250,2024,2024-09-09,"St Lawrence Ground, Canterbury",1,67.6,67.6,Hampshire,Kent,TJ Prest,KJ Abbott,MW Parkinson,0,0,,,,,,,,,,,,,
1410250,2024,2024-09-09,"St Lawrence Ground, Canterbury",1,68.1,68.1,Hampshire,Kent,KJ Abbott,TJ Prest,CH Stobo,0,0,,,,,,,,,,,,,
1410250,2024,2024-09-09,"St Lawrence Ground, Canterbury",1,68.2,68.2,Hampshire,Kent,KJ Abbott,TJ Prest,CH Stobo,0,0,,,,,,,,,,,,,
1410250,2024,2024-09-09,"St Lawrence Ground, Canterbury",1,68.3,68.3,Hampshire,Kent,KJ Abbott,TJ Prest,CH Stobo,0,0,,,,,,,,,,,,,
1410250,2024,2024-09-09,"St Lawrence Ground, Canterbury",1,68.4,68.4,Hampshire,Kent,KJ Abbott,TJ Prest,CH Stobo,0,0,,,,,,,,,,,,,
1410250,2024,2024-09-09,"St Lawrence Ground, Canterbury",1,68.5,68.5,Hampshire,Kent,KJ Abbott,TJ Prest,CH Stobo,0,0,,,,,,,,,,,,,
1410250,2024,2024-09-09,"St Lawrence Ground, Canterbury",1,68.6,68.6,Hampshire,Kent,KJ Abbott,TJ Prest,CH Stobo,0,0,,,,,,,,,,,,,
1410250,2024,2024-09-09,"St Lawrence Ground, Canterbury",1,69.1,69.1,Hampshire,Kent,TJ Prest,KJ Abbott,MW Parkinson,1,0,,,,,,,,,,,,,
1410250,2024,2024-09-09,"St Lawrence Ground, Canterbury",1,69.2,69.2,Hampshire,Kent,KJ Abbott,TJ Prest,MW Parkinson,0,0,,,,,,,,,,,,,
1410250,2024,2024-09-09,"St Lawrence Ground, Canterbury",1,69.3,69.3,Hampshire,Kent,KJ Abbott,TJ Prest,MW Parkinson,0,0,,,,,,,,,,,,,
1410250,2024,2024-09-09,"St Lawrence Ground, Canterbury",1,69.4,69.4,Hampshire,Kent,KJ Abbott,TJ Prest,MW Parkinson,0,0,,,,,,,,,,,,,
1410250,2024,2024-09-09,"St Lawrence Ground, Canterbury",1,69.5,69.5,Hampshire,Kent,KJ Abbott,TJ Prest,MW Parkinson,0,0,,,,,,,,,,,,,
1410250,2024,2024-09-09,"St Lawrence Ground, Canterbury",1,69.6,69.6,Hampshire,Kent,KJ Abbott,TJ Prest,MW Parkinson,0,0,,,,,,,,,,,,,
1410250,2024,2024-09-09,"St Lawrence Ground, Canterbury",1,70.1,70.1,Hampshire,Kent,TJ Prest,KJ Abbott,GA Garrett,0,0,,,,,,,,,,,,,
1410250,2024,2024-09-09,"St Lawrence Ground, Canterbury",1,70.2,70.2,Hampshire,Kent,TJ Prest,KJ Abbott,GA Garrett,0,0,,,,,,,,,,,,,
1410250,2024,2024-09-09,"St Lawrence Ground, Canterbury",1,70.3,70.3,Hampshire,Kent,TJ Prest,KJ Abbott,GA Garrett,0,0,,,,,,,,,,,,,
1410250,2024,2024-09-09,"St Lawrence Ground, Canterbury",1,70.4,70.4,Hampshire,Kent,TJ Prest,KJ Abbott,GA Garrett,0,0,,,,,,,,,,,,,
1410250,2024,2024-09-09,"St Lawrence Ground, Canterbury",1,70.5,70.5,Hampshire,Kent,TJ Prest,KJ Abbott,GA Garrett,0,0,,,,,,,,,,,,,
1410250,2024,2024-09-09,"St Lawrence Ground, Canterbury",1,70.6,70.6,Hampshire,Kent,TJ Prest,KJ Abbott,GA Garrett,0,0,,,,,,,,,,,,,
1410250,2024,2024-09-09,"St Lawrence Ground, Canterbury",1,71.1,71.1,Hampshire,Kent,KJ Abbott,TJ Prest,MW Parkinson,0,0,,,,,,,,,,,,,
1410250,2024,2024-09-09,"St Lawrence Ground, Canterbury",1,71.2,71.2,Hampshire,Kent,KJ Abbott,TJ Prest,MW Parkinson,1,0,,,,,,,,,,,,,
1410250,2024,2024-09-09,"St Lawrence Ground, Canterbury",1,71.3,71.3,Hampshire,Kent,TJ Prest,KJ Abbott,MW Parkinson,4,0,,,,,,,,,,,,,
1410250,2024,2024-09-09,"St Lawrence Ground, Canterbury",1,71.4,71.4,Hampshire,Kent,TJ Prest,KJ Abbott,MW Parkinson,1,0,,,,,,,,,,,,,
1410250,2024,2024-09-09,"St Lawrence Ground, Canterbury",1,71.5,71.5,Hampshire,Kent,KJ Abbott,TJ Prest,MW Parkinson,0,0,,,,,,,,,,,,,
1410250,2024,2024-09-09,"St Lawrence Ground, Canterbury",1,71.6,71.6,Hampshire,Kent,KJ Abbott,TJ Prest,MW Parkinson,2,0,,,,,,,,,,,,,
1410250,2024,2024-09-09,"St Lawrence Ground, Canterbury",1,72.1,72.1,Hampshire,Kent,TJ Prest,KJ Abbott,GA Garrett,0,0,,,,,,,,,,,,,
1410250,2024,2024-09-09,"St Lawrence Ground, Canterbury",1,72.2,72.2,Hampshire,Kent,TJ Prest,KJ Abbott,GA Garrett,0,0,,,,,,,,,,,,,
1410250,2024,2024-09-09,"St Lawrence Ground, Canterbury",1,72.3,72.3,Hampshire,Kent,TJ Prest,KJ Abbott,GA Garrett,1,0,,,,,,,,,,,,,
1410250,2024,2024-09-09,"St Lawrence Ground, Canterbury",1,72.4,72.4,Hampshire,Kent,KJ Abbott,TJ Prest,GA Garrett,2,0,,,,,,,,,,,,,
1410250,2024,2024-09-09,"St Lawrence Ground, Canterbury",1,72.5,72.5,Hampshire,Kent,KJ Abbott,TJ Prest,GA Garrett,0,0,,,,,,,,,,,,,
1410250,2024,2024-09-09,"St Lawrence Ground, Canterbury",1,72.6,72.6,Hampshire,Kent,KJ Abbott,TJ Prest,GA Garrett,1,0,,,,,,,,,,,,,
1410250,2024,2024-09-09,"St Lawrence Ground, Canterbury",1,73.1,73.1,Hampshire,Kent,KJ Abbott,TJ Prest,JA Leaning,0,0,,,,,,,,,,,,,
1410250,2024,2024-09-09,"St Lawrence Ground, Canterbury",1,73.2,73.2,Hampshire,Kent,KJ Abbott,TJ Prest,JA Leaning,1,0,,,,,,,,,,,,,
1410250,2024,2024-09-09,"St Lawrence Ground, Canterbury",1,73.3,73.3,Hampshire,Kent,TJ Prest,KJ Abbott,JA Leaning,1,0,,,,,,,,,,,,,
1410250,2024,2024-09-09,"St Lawrence Ground, Canterbury",1,73.4,73.4,Hampshire,Kent,KJ Abbott,TJ Prest,JA Leaning,0,0,,,,,,,,,,,,,
1410250,2024,2024-09-09,"St Lawrence Ground, Canterbury",1,73.5,73.5,Hampshire,Kent,KJ Abbott,TJ Prest,JA Leaning,0,0,,,,,,,,,,,,,
1410250,2024,2024-09-09,"St Lawrence Ground, Canterbury",1,73.6,73.6,Hampshire,Kent,KJ Abbott,TJ Prest,JA Leaning,0,0,,,,,,,,,,,,,
1410250,2024,2024-09-09,"St Lawrence Ground, Canterbury",1,74.1,74.1,Hampshire,Kent,TJ Prest,KJ Abbott,MW Parkinson,1,0,,,,,,,,,,,,,
1410250,2024,2024-09-09,"St Lawrence Ground, Canterbury",1,74.2,74.2,Hampshire,Kent,KJ Abbott,TJ Prest,MW Parkinson,4,0,,,,,,,,,,,,,
1410250,2024,2024-09-09,"St Lawrence Ground, Canterbury",1,74.3,74.3,Hampshire,Kent,KJ Abbott,TJ Prest,MW Parkinson,0,0,,,,,,,,,,,,,
1410250,2024,2024-09-09,"St Lawrence Ground, Canterbury",1,74.4,74.4,Hampshire,Kent,KJ Abbott,TJ Prest,MW Parkinson,0,0,,,,,,,,,,,,,
1410250,2024,2024-09-09,"St Lawrence Ground, Canterbury",1,74.5,74.5,Hampshire,Kent,KJ Abbott,TJ Prest,MW Parkinson,0,0,,,,,,,,,,,,,
1410250,2024,2024-09-09,"St Lawrence Ground, Canterbury",1,74.6,74.6,Hampshire,Kent,KJ Abbott,TJ Prest,MW Parkinson,4,0,,,,,,,,,,,,,
1410250,2024,2024-09-09,"St Lawrence Ground, Canterbury",1,75.1,75.1,Hampshire,Kent,TJ Prest,KJ Abbott,JA Leaning,3,0,,,,,,,,,,,,,
1410250,2024,2024-09-09,"St Lawrence Ground, Canterbury",1,75.2,75.2,Hampshire,Kent,KJ Abbott,TJ Prest,JA Leaning,1,0,,,,,,,,,,,,,
1410250,2024,2024-09-09,"St Lawrence Ground, Canterbury",1,75.3,75.3,Hampshire,Kent,TJ Prest,KJ Abbott,JA Leaning,0,0,,,,,,,,,,,,,
1410250,2024,2024-09-09,"St Lawrence Ground, Canterbury",1,75.4,75.4,Hampshire,Kent,TJ Prest,KJ Abbott,JA Leaning,1,0,,,,,,,,,,,,,
1410250,2024,2024-09-09,"St Lawrence Ground, Canterbury",1,75.5,75.5,Hampshire,Kent,KJ Abbott,TJ Prest,JA Leaning,1,0,,,,,,,,,,,,,
1410250,2024,2024-09-09,"St Lawrence Ground, Canterbury",1,75.6,75.6,Hampshire,Kent,TJ Prest,KJ Abbott,JA Leaning,4,0,,,,,,,,,,,,,
1410250,2024,2024-09-09,"St Lawrence Ground, Canterbury",1,76.1,76.1,Hampshire,Kent,KJ Abbott,TJ Prest,JDM Evison,0,0,,,,,,,,,,,,,
1410250,2024,2024-09-09,"St Lawrence Ground, Canterbury",1,76.2,76.2,Hampshire,Kent,KJ Abbott,TJ Prest,JDM Evison,0,0,,,,,,,,,,,,,
1410250,2024,2024-09-09,"St Lawrence Ground, Canterbury",1,76.3,76.3,Hampshire,Kent,KJ Abbott,TJ Prest,JDM Evison,0,0,,,,,,,caught,KJ Abbott,,,JA Leaning,,
1410250,2024,2024-09-09,"St Lawrence Ground, Canterbury",1,76.4,76.4,Hampshire,Kent,BTJ Wheal,TJ Prest,JDM Evison,0,0,,,,,,,,,,,,,
1410250,2024,2024-09-09,"St Lawrence Ground, Canterbury",1,76.5,76.5,Hampshire,Kent,BTJ Wheal,TJ Prest,JDM Evison,2,0,,,,,,,,,,,,,
1410250,2024,2024-09-09,"St Lawrence Ground, Canterbury",1,76.6,76.6,Hampshire,Kent,BTJ Wheal,TJ Prest,JDM Evison,0,0,,,,,,,,,,,,,
1410250,2024,2024-09-09,"St Lawrence Ground, Canterbury",1,77.1,77.1,Hampshire,Kent,TJ Prest,BTJ Wheal,MW Parkinson,6,0,,,,,,,,,,,,,
1410250,2024,2024-09-09,"St Lawrence Ground, Canterbury",1,77.2,77.2,Hampshire,Kent,TJ Prest,BTJ Wheal,MW Parkinson,2,0,,,,,,,,,,,,,
1410250,2024,2024-09-09,"St Lawrence Ground, Canterbury",1,77.3,77.3,Hampshire,Kent,TJ Prest,BTJ Wheal,MW Parkinson,6,0,,,,,,,,,,,,,
1410250,2024,2024-09-09,"St Lawrence Ground, Canterbury",1,77.4,77.4,Hampshire,Kent,TJ Prest,BTJ Wheal,MW Parkinson,0,0,,,,,,,,,,,,,
1410250,2024,2024-09-09,"St Lawrence Ground, Canterbury",1,77.5,77.5,Hampshire,Kent,TJ Prest,BTJ Wheal,MW Parkinson,6,0,,,,,,,,,,,,,
1410250,2024,2024-09-09,"St Lawrence Ground, Canterbury",1,77.6,77.6,Hampshire,Kent,TJ Prest,BTJ Wheal,MW Parkinson,1,0,,,,,,,,,,,,,
1410250,2024,2024-09-09,"St Lawrence Ground, Canterbury",1,78.1,78.1,Hampshire,Kent,TJ Prest,BTJ Wheal,JDM Evison,1,0,,,,,,,,,,,,,
1410250,2024,2024-09-09,"St Lawrence Ground, Canterbury",1,78.2,78.2,Hampshire,Kent,BTJ Wheal,TJ Prest,JDM Evison,0,0,,,,,,,,,,,,,
1410250,2024,2024-09-09,"St Lawrence Ground, Canterbury",1,78.3,78.3,Hampshire,Kent,BTJ Wheal,TJ Prest,JDM Evison,0,0,,,,,,,,,,,,,
1410250,2024,2024-09-09,"St Lawrence Ground, Canterbury",1,78.4,78.4,Hampshire,Kent,BTJ Wheal,TJ Prest,JDM Evison,0,0,,,,,,,,,,,,,
1410250,2024,2024-09-09,"St Lawrence Ground, Canterbury",1,78.5,78.5,Hampshire,Kent,BTJ Wheal,TJ Prest,JDM Evison,0,0,,,,,,,,,,,,,
1410250,2024,2024-09-09,"St Lawrence Ground, Canterbury",1,78.6,78.6,Hampshire,Kent,BTJ Wheal,TJ Prest,JDM Evison,0,0,,,,,,,,,,,,,
1410250,2024,2024-09-09,"St Lawrence Ground, Canterbury",1,79.1,79.1,Hampshire,Kent,TJ Prest,BTJ Wheal,MW Parkinson,0,0,,,,,,,,,,,,,
1410250,2024,2024-09-09,"St Lawrence Ground, Canterbury",1,79.2,79.2,Hampshire,Kent,TJ Prest,BTJ Wheal,MW Parkinson,6,0,,,,,,,,,,,,,
1410250,2024,2024-09-09,"St Lawrence Ground, Canterbury",1,79.3,79.3,Hampshire,Kent,TJ Prest,BTJ Wheal,MW Parkinson,2,0,,,,,,,,,,,,,
1410250,2024,2024-09-09,"St Lawrence Ground, Canterbury",1,79.4,79.4,Hampshire,Kent,TJ Prest,BTJ Wheal,MW Parkinson,0,0,,,,,,,,,,,,,
1410250,2024,2024-09-09,"St Lawrence Ground, Canterbury",1,79.5,79.5,Hampshire,Kent,TJ Prest,BTJ Wheal,MW Parkinson,1,0,,,,,,,,,,,,,
1410250,2024,2024-09-09,"St Lawrence Ground, Canterbury",1,79.6,79.6,Hampshire,Kent,BTJ Wheal,TJ Prest,MW Parkinson,0,0,,,,,,,,,,,,,
1410250,2024,2024-09-09,"St Lawrence Ground, Canterbury",1,80.1,80.1,Hampshire,Kent,TJ Prest,BTJ Wheal,JDM Evison,1,0,,,,,,,,,,,,,
1410250,2024,2024-09-09,"St Lawrence Ground, Canterbury",1,80.2,80.2,Hampshire,Kent,BTJ Wheal,TJ Prest,JDM Evison,0,0,,,,,,,,,,,,,
1410250,2024,2024-09-09,"St Lawrence Ground, Canterbury",1,80.3,80.3,Hampshire,Kent,BTJ Wheal,TJ Prest,JDM Evison,0,0,,,,,,,,,,,,,
1410250,2024,2024-09-09,"St Lawrence Ground, Canterbury",1,80.4,80.4,Hampshire,Kent,BTJ Wheal,TJ Prest,JDM Evison,2,0,,,,,,,,,,,,,
1410250,2024,2024-09-09,"St Lawrence Ground, Canterbury",1,80.5,80.5,Hampshire,Kent,BTJ Wheal,TJ Prest,JDM Evison,0,0,,,,,,,,,,,,,
1410250,2024,2024-09-09,"St Lawrence Ground, Canterbury",1,80.6,80.6,Hampshire,Kent,BTJ Wheal,TJ Prest,JDM Evison,0,0,,,,,,,,,,,,,
1410250,2024,2024-09-09,"St Lawrence Ground, Canterbury",1,81.1,81.1,Hampshire,Kent,TJ Prest,BTJ Wheal,GA Garrett,1,0,,,,,,,,,,,,,
1410250,2024,2024-09-09,"St Lawrence Ground, Canterbury",1,81.2,81.2,Hampshire,Kent,BTJ Wheal,TJ Prest,GA Garrett,0,0,,,,,,,,,,,,,
1410250,2024,2024-09-09,"St Lawrence Ground, Canterbury",1,81.3,81.3,Hampshire,Kent,BTJ Wheal,TJ Prest,GA Garrett,0,0,,,,,,,,,,,,,
1410250,2024,2024-09-09,"St Lawrence Ground, Canterbury",1,81.4,81.4,Hampshire,Kent,BTJ Wheal,TJ Prest,GA Garrett,0,0,,,,,,,,,,,,,
1410250,2024,2024-09-09,"St Lawrence Ground, Canterbury",1,81.5,81.5,Hampshire,Kent,BTJ Wheal,TJ Prest,GA Garrett,0,0,,,,,,,,,,,,,
1410250,2024,2024-09-09,"St Lawrence Ground, Canterbury",1,81.6,81.6,Hampshire,Kent,BTJ Wheal,TJ Prest,GA Garrett,0,0,,,,,,,,,,,,,
1410250,2024,2024-09-09,"St Lawrence Ground, Canterbury",1,82.1,82.1,Hampshire,Kent,TJ Prest,BTJ Wheal,CH Stobo,0,0,,,,,,,,,,,,,
1410250,2024,2024-09-09,"St Lawrence Ground, Canterbury",1,82.2,82.2,Hampshire,Kent,TJ Prest,BTJ Wheal,CH Stobo,4,0,,,,,,,,,,,,,
1410250,2024,2024-09-09,"St Lawrence Ground, Canterbury",1,82.3,82.3,Hampshire,Kent,TJ Prest,BTJ Wheal,CH Stobo,1,0,,,,,,,,,,,,,
1410250,2024,2024-09-09,"St Lawrence Ground, Canterbury",1,82.4,82.4,Hampshire,Kent,BTJ Wheal,TJ Prest,CH Stobo,0,0,,,,,,,,,,,,,
1410250,2024,2024-09-09,"St Lawrence Ground, Canterbury",1,82.5,82.5,Hampshire,Kent,BTJ Wheal,TJ Prest,CH Stobo,0,0,,,,,,,,,,,,,
1410250,2024,2024-09-09,"St Lawrence Ground, Canterbury",1,82.6,82.6,Hampshire,Kent,BTJ Wheal,TJ Prest,CH Stobo,0,0,,,,,,,,,,,,,
1410250,2024,2024-09-09,"St Lawrence Ground, Canterbury",1,83.1,83.1,Hampshire,Kent,TJ Prest,BTJ Wheal,GA Garrett,0,0,,,,,,,,,,,,,
1410250,2024,2024-09-09,"St Lawrence Ground, Canterbury",1,83.2,83.2,Hampshire,Kent,TJ Prest,BTJ Wheal,GA Garrett,2,0,,,,,,,,,,,,,
1410250,2024,2024-09-09,"St Lawrence Ground, Canterbury",1,83.3,83.3,Hampshire,Kent,TJ Prest,BTJ Wheal,GA Garrett,0,0,,,,,,,,,,,,,
1410250,2024,2024-09-09,"St Lawrence Ground, Canterbury",1,83.4,83.4,Hampshire,Kent,TJ Prest,BTJ Wheal,GA Garrett,1,0,,,,,,,,,,,,,
1410250,2024,2024-09-09,"St Lawrence Ground, Canterbury",1,83.5,83.5,Hampshire,Kent,BTJ Wheal,TJ Prest,GA Garrett,0,0,,,,,,,,,,,,,
1410250,2024,2024-09-09,"St Lawrence Ground, Canterbury",1,83.6,83.6,Hampshire,Kent,BTJ Wheal,TJ Prest,GA Garrett,0,0,,,,,,,,,,,,,
1410250,2024,2024-09-09,"St Lawrence Ground, Canterbury",1,84.1,84.1,Hampshire,Kent,TJ Prest,BTJ Wheal,CH Stobo,1,0,,,,,,,,,,,,,
1410250,2024,2024-09-09,"St Lawrence Ground, Canterbury",1,84.2,84.2,Hampshire,Kent,BTJ Wheal,TJ Prest,CH Stobo,0,0,,,,,,,,,,,,,
1410250,2024,2024-09-09,"St Lawrence Ground, Canterbury",1,84.3,84.3,Hampshire,Kent,BTJ Wheal,TJ Prest,CH Stobo,0,0,,,,,,,,,,,,,
1410250,2024,2024-09-09,"St Lawrence Ground, Canterbury",1,84.4,84.4,Hampshire,Kent,BTJ Wheal,TJ Prest,CH Stobo,0,0,,,,,,,,,,,,,
1410250,2024,2024-09-09,"St Lawrence Ground, Canterbury",1,84.5,84.5,Hampshire,Kent,BTJ Wheal,TJ Prest,CH Stobo,0,0,,,,,,,,,,,,,
1410250,2024,2024-09-09,"St Lawrence Ground, Canterbury",1,84.6,84.6,Hampshire,Kent,BTJ Wheal,TJ Prest,CH Stobo,0,0,,,,,,,,,,,,,
1410250,2024,2024-09-09,"St Lawrence Ground, Canterbury",1,85.1,85.1,Hampshire,Kent,TJ Prest,BTJ Wheal,GA Garrett,0,0,,,,,,,,,,,,,
1410250,2024,2024-09-09,"St Lawrence Ground, Canterbury",1,85.2,85.2,Hampshire,Kent,TJ Prest,BTJ Wheal,GA Garrett,2,0,,,,,,,,,,,,,
1410250,2024,2024-09-09,"St Lawrence Ground, Canterbury",1,85.3,85.3,Hampshire,Kent,TJ Prest,BTJ Wheal,GA Garrett,1,0,,,,,,,,,,,,,
1410250,2024,2024-09-09,"St Lawrence Ground, Canterbury",1,85.4,85.4,Hampshire,Kent,BTJ Wheal,TJ Prest,GA Garrett,0,0,,,,,,,,,,,,,
1410250,2024,2024-09-09,"St Lawrence Ground, Canterbury",1,85.5,85.5,Hampshire,Kent,BTJ Wheal,TJ Prest,GA Garrett,4,0,,,,,,,,,,,,,
1410250,2024,2024-09-09,"St Lawrence Ground, Canterbury",1,85.6,85.6,Hampshire,Kent,BTJ Wheal,TJ Prest,GA Garrett,0,0,,,,,,,,,,,,,
1410250,2024,2024-09-09,"St Lawrence Ground, Canterbury",1,86.1,86.1,Hampshire,Kent,TJ Prest,BTJ Wheal,CH Stobo,6,0,,,,,,,,,,,,,
1410250,2024,2024-09-09,"St Lawrence Ground, Canterbury",1,86.2,86.2,Hampshire,Kent,TJ Prest,BTJ Wheal,CH Stobo,1,0,,,,,,,,,,,,,
1410250,2024,2024-09-09,"St Lawrence Ground, Canterbury",1,86.3,86.3,Hampshire,Kent,BTJ Wheal,TJ Prest,CH Stobo,0,0,,,,,,,,,,,,,
1410250,2024,2024-09-09,"St Lawrence Ground, Canterbury",1,86.4,86.4,Hampshire,Kent,BTJ Wheal,TJ Prest,CH Stobo,0,0,,,,,,,,,,,,,
1410250,2024,2024-09-09,"St Lawrence Ground, Canterbury",1,86.5,86.5,Hampshire,Kent,BTJ Wheal,TJ Prest,CH Stobo,0,0,,,,,,,,,,,,,
1410250,2024,2024-09-09,"St Lawrence Ground, Canterbury",1,86.6,86.6,Hampshire,Kent,BTJ Wheal,TJ Prest,CH Stobo,0,0,,,,,,,,,,,,,
1410250,2024,2024-09-09,"St Lawrence Ground, Canterbury",1,87.1,87.1,Hampshire,Kent,TJ Prest,BTJ Wheal,GA Garrett,0,0,,,,,,,,,,,,,
1410250,2024,2024-09-09,"St Lawrence Ground, Canterbury",1,87.2,87.2,Hampshire,Kent,TJ Prest,BTJ Wheal,GA Garrett,0,0,,,,,,,,,,,,,
1410250,2024,2024-09-09,"St Lawrence Ground, Canterbury",1,87.3,87.3,Hampshire,Kent,TJ Prest,BTJ Wheal,GA Garrett,1,0,,,,,,,,,,,,,
1410250,2024,2024-09-09,"St Lawrence Ground, Canterbury",1,87.4,87.4,Hampshire,Kent,BTJ Wheal,TJ Prest,GA Garrett,0,0,,,,,,,,,,,,,
1410250,2024,2024-09-09,"St Lawrence Ground, Canterbury",1,87.5,87.5,Hampshire,Kent,BTJ Wheal,TJ Prest,GA Garrett,0,0,,,,,,,,,,,,,
1410250,2024,2024-09-09,"St Lawrence Ground, Canterbury",1,87.6,87.6,Hampshire,Kent,BTJ Wheal,TJ Prest,GA Garrett,0,0,,,,,,,,,,,,,
1410250,2024,2024-09-09,"St Lawrence Ground, Canterbury",1,88.1,88.1,Hampshire,Kent,TJ Prest,BTJ Wheal,CH Stobo,0,0,,,,,,,,,,,,,
1410250,2024,2024-09-09,"St Lawrence Ground, Canterbury",1,88.2,88.2,Hampshire,Kent,TJ Prest,BTJ Wheal,CH Stobo,0,0,,,,,,,,,,,,,
1410250,2024,2024-09-09,"St Lawrence Ground, Canterbury",1,88.3,88.3,Hampshire,Kent,TJ Prest,BTJ Wheal,CH Stobo,0,0,,,,,,,caught,TJ Prest,,,Jaskaran Singh,,
1410250,2024,2024-09-09,"St Lawrence Ground, Canterbury",1,88.4,88.4,Hampshire,Kent,Mohammad Abbas,BTJ Wheal,CH Stobo,1,0,,,,,,,,,,,,,
1410250,2024,2024-09-09,"St Lawrence Ground, Canterbury",1,88.5,88.5,Hampshire,Kent,BTJ Wheal,Mohammad Abbas,CH Stobo,4,0,,,,,,,,,,,,,
1410250,2024,2024-09-09,"St Lawrence Ground, Canterbury",1,88.6,88.6,Hampshire,Kent,BTJ Wheal,Mohammad Abbas,CH Stobo,4,0,,,,,,,,,,,,,
1410250,2024,2024-09-09,"St Lawrence Ground, Canterbury",1,89.1,89.1,Hampshire,Kent,Mohammad Abbas,BTJ Wheal,GA Garrett,0,0,,,,,,,,,,,,,
1410250,2024,2024-09-09,"St Lawrence Ground, Canterbury",1,89.2,89.2,Hampshire,Kent,Mohammad Abbas,BTJ Wheal,GA Garrett,0,0,,,,,,,,,,,,,
1410250,2024,2024-09-09,"St Lawrence Ground, Canterbury",1,89.3,89.3,Hampshire,Kent,Mohammad Abbas,BTJ Wheal,GA Garrett,0,0,,,,,,,,,,,,,
1410250,2024,2024-09-09,"St Lawrence Ground, Canterbury",1,89.4,89.4,Hampshire,Kent,Mohammad Abbas,BTJ Wheal,GA Garrett,0,0,,,,,,,,,,,,,
1410250,2024,2024-09-09,"St Lawrence Ground, Canterbury",1,89.5,89.5,Hampshire,Kent,Mohammad Abbas,BTJ Wheal,GA Garrett,0,0,,,,,,,,,,,,,
1410250,2024,2024-09-09,"St Lawrence Ground, Canterbury",1,89.6,89.6,Hampshire,Kent,Mohammad Abbas,BTJ Wheal,GA Garrett,0,0,,,,,,,,,,,,,
1410250,2024,2024-09-09,"St Lawrence Ground, Canterbury",1,90.1,90.1,Hampshire,Kent,BTJ Wheal,Mohammad Abbas,Jaskaran Singh,0,0,,,,,,,,,,,,,
1410250,2024,2024-09-09,"St Lawrence Ground, Canterbury",1,90.2,90.2,Hampshire,Kent,BTJ Wheal,Mohammad Abbas,Jaskaran Singh,6,0,,,,,,,,,,,,,
1410250,2024,2024-09-09,"St Lawrence Ground, Canterbury",1,90.3,90.3,Hampshire,Kent,BTJ Wheal,Mohammad Abbas,Jaskaran Singh,0,0,,,,,,,,,,,,,
1410250,2024,2024-09-09,"St Lawrence Ground, Canterbury",1,90.4,90.4,Hampshire,Kent,BTJ Wheal,Mohammad Abbas,Jaskaran Singh,0,0,,,,,,,,,,,,,
1410250,2024,2024-09-09,"St Lawrence Ground, Canterbury",1,90.5,90.5,Hampshire,Kent,BTJ Wheal,Mohammad Abbas,Jaskaran Singh,1,0,,,,,,,,,,,,,
1410250,2024,2024-09-09,"St Lawrence Ground, Canterbury",1,90.6,90.6,Hampshire,Kent,Mohammad Abbas,BTJ Wheal,Jaskaran Singh,0,0,,,,,,,,,,,,,
1410250,2024,2024-09-09,"St Lawrence Ground, Canterbury",1,91.1,91.1,Hampshire,Kent,BTJ Wheal,Mohammad Abbas,MW Parkinson,0,0,,,,,,,,,,,,,
1410250,2024,2024-09-09,"St Lawrence Ground, Canterbury",1,91.2,91.2,Hampshire,Kent,BTJ Wheal,Mohammad Abbas,MW Parkinson,0,0,,,,,,,,,,,,,
1410250,2024,2024-09-09,"St Lawrence Ground, Canterbury",1,91.3,91.3,Hampshire,Kent,BTJ Wheal,Mohammad Abbas,MW Parkinson,0,0,,,,,,,,,,,,,
1410250,2024,2024-09-09,"St Lawrence Ground, Canterbury",1,91.4,91.4,Hampshire,Kent,BTJ Wheal,Mohammad Abbas,MW Parkinson,4,0,,,,,,,,,,,,,
1410250,2024,2024-09-09,"St Lawrence Ground, Canterbury",1,91.5,91.5,Hampshire,Kent,BTJ Wheal,Mohammad Abbas,MW Parkinson,0,0,,,,,,,,,,,,,
1410250,2024,2024-09-09,"St Lawrence Ground, Canterbury",1,91.6,91.6,Hampshire,Kent,BTJ Wheal,Mohammad Abbas,MW Parkinson,1,0,,,,,,,,,,,,,
1410250,2024,2024-09-09,"St Lawrence Ground, Canterbury",1,92.1,92.1,Hampshire,Kent,BTJ Wheal,Mohammad Abbas,Jaskaran Singh,1,0,,,,,,,,,,,,,
1410250,2024,2024-09-09,"St Lawrence Ground, Canterbury",1,92.2,92.2,Hampshire,Kent,Mohammad Abbas,BTJ Wheal,Jaskaran Singh,0,0,,,,,,,,,,,,,
1410250,2024,2024-09-09,"St Lawrence Ground, Canterbury",1,92.3,92.3,Hampshire,Kent,Mohammad Abbas,BTJ Wheal,Jaskaran Singh,0,0,,,,,,,,,,,,,
1410250,2024,2024-09-09,"St Lawrence Ground, Canterbury",1,92.4,92.4,Hampshire,Kent,Mohammad Abbas,BTJ Wheal,Jaskaran Singh,1,0,,,,,,,,,,,,,
1410250,2024,2024-09-09,"St Lawrence Ground, Canterbury",1,92.5,92.5,Hampshire,Kent,BTJ Wheal,Mohammad Abbas,Jaskaran Singh,2,0,,,,,,,,,,,,,
1410250,2024,2024-09-09,"St Lawrence Ground, Canterbury",1,92.6,92.6,Hampshire,Kent,BTJ Wheal,Mohammad Abbas,Jaskaran Singh,0,0,,,,,,,,,,,,,
1410250,2024,2024-09-09,"St Lawrence Ground, Canterbury",1,93.1,93.1,Hampshire,Kent,Mohammad Abbas,BTJ Wheal,MW Parkinson,0,0,,,,,,,,,,,,,
1410250,2024,2024-09-09,"St Lawrence Ground, Canterbury",1,93.2,93.2,Hampshire,Kent,Mohammad Abbas,BTJ Wheal,MW Parkinson,2,0,,,,,,,,,,,,,
1410250,2024,2024-09-09,"St Lawrence Ground, Canterbury",1,93.3,93.3,Hampshire,Kent,Mohammad Abbas,BTJ Wheal,MW Parkinson,0,0,,,,,,,,,,,,,
1410250,2024,2024-09-09,"St Lawrence Ground, Canterbury",1,93.4,93.4,Hampshire,Kent,Mohammad Abbas,BTJ Wheal,MW Parkinson,0,0,,,,,,,,,,,,,
1410250,2024,2024-09-09,"St Lawrence Ground, Canterbury",1,93.5,93.5,Hampshire,Kent,Mohammad Abbas,BTJ Wheal,MW Parkinson,0,2,,,2,,,,,,,,,,
1410250,2024,2024-09-09,"St Lawrence Ground, Canterbury",1,93.6,93.6,Hampshire,Kent,Mohammad Abbas,BTJ Wheal,MW Parkinson,0,0,,,,,,,,,,,,,
1410250,2024,2024-09-09,"St Lawrence Ground, Canterbury",1,94.1,94.1,Hampshire,Kent,BTJ Wheal,Mohammad Abbas,Jaskaran Singh,0,0,,,,,,,,,,,,,
1410250,2024,2024-09-09,"St Lawrence Ground, Canterbury",1,94.2,94.2,Hampshire,Kent,BTJ Wheal,Mohammad Abbas,Jaskaran Singh,6,0,,,,,,,,,,,,,
1410250,2024,2024-09-09,"St Lawrence Ground, Canterbury",1,94.3,94.3,Hampshire,Kent,BTJ Wheal,Mohammad Abbas,Jaskaran Singh,1,0,,,,,,,,,,,,,
1410250,2024,2024-09-09,"St Lawrence Ground, Canterbury",1,94.4,94.4,Hampshire,Kent,Mohammad Abbas,BTJ Wheal,Jaskaran Singh,0,1,,,,1,,,,,,,,,
1410250,2024,2024-09-09,"St Lawrence Ground, Canterbury",1,94.5,94.5,Hampshire,Kent,BTJ Wheal,Mohammad Abbas,Jaskaran Singh,1,0,,,,,,,,,,,,,
1410250,2024,2024-09-09,"St Lawrence Ground, Canterbury",1,94.6,94.6,Hampshire,Kent,Mohammad Abbas,BTJ Wheal,Jaskaran Singh,0,0,,,,,,,,,,,,,
1410250,2024,2024-09-09,"St Lawrence Ground, Canterbury",1,95.1,95.1,Hampshire,Kent,BTJ Wheal,Mohammad Abbas,MW Parkinson,1,0,,,,,,,,,,,,,
1410250,2024,2024-09-09,"St Lawrence Ground, Canterbury",1,95.2,95.2,Hampshire,Kent,Mohammad Abbas,BTJ Wheal,MW Parkinson,0,0,,,,,,,,,,,,,
1410250,2024,2024-09-09,"St Lawrence Ground, Canterbury",1,95.3,95.3,Hampshire,Kent,Mohammad Abbas,BTJ Wheal,MW Parkinson,0,0,,,,,,,,,,,,,
1410250,2024,2024-09-09,"St Lawrence Ground, Canterbury",1,95.4,95.4,Hampshire,Kent,Mohammad Abbas,BTJ Wheal,MW Parkinson,0,0,,,,,,,,,,,,,
1410250,2024,2024-09-09,"St Lawrence Ground, Canterbury",1,95.5,95.5,Hampshire,Kent,Mohammad Abbas,BTJ Wheal,MW Parkinson,0,0,,,,,,,,,,,,,
1410250,2024,2024-09-09,"St Lawrence Ground, Canterbury",1,95.6,95.6,Hampshire,Kent,Mohammad Abbas,BTJ Wheal,MW Parkinson,0,0,,,,,,,,,,,,,
1410250,2024,2024-09-09,"St Lawrence Ground, Canterbury",1,96.1,96.1,Hampshire,Kent,BTJ Wheal,Mohammad Abbas,Jaskaran Singh,0,0,,,,,,,,,,,,,
1410250,2024,2024-09-09,"St Lawrence Ground, Canterbury",1,96.2,96.2,Hampshire,Kent,BTJ Wheal,Mohammad Abbas,Jaskaran Singh,6,0,,,,,,,,,,,,,
1410250,2024,2024-09-09,"St Lawrence Ground, Canterbury",1,96.3,96.3,Hampshire,Kent,BTJ Wheal,Mohammad Abbas,Jaskaran Singh,0,0,,,,,,,,,,,,,
1410250,2024,2024-09-09,"St Lawrence Ground, Canterbury",1,96.4,96.4,Hampshire,Kent,BTJ Wheal,Mohammad Abbas,Jaskaran Singh,0,0,,,,,,,,,,,,,
1410250,2024,2024-09-09,"St Lawrence Ground, Canterbury",1,96.5,96.5,Hampshire,Kent,BTJ Wheal,Mohammad Abbas,Jaskaran Singh,1,0,,,,,,,,,,,,,
1410250,2024,2024-09-09,"St Lawrence Ground, Canterbury",1,96.6,96.6,Hampshire,Kent,Mohammad Abbas,BTJ Wheal,Jaskaran Singh,0,0,,,,,,,,,,,,,
1410250,2024,2024-09-09,"St Lawrence Ground, Canterbury",1,97.1,97.1,Hampshire,Kent,BTJ Wheal,Mohammad Abbas,MW Parkinson,0,0,,,,,,,,,,,,,
1410250,2024,2024-09-09,"St Lawrence Ground, Canterbury",1,97.2,97.2,Hampshire,Kent,BTJ Wheal,Mohammad Abbas,MW Parkinson,0,0,,,,,,,,,,,,,
1410250,2024,2024-09-09,"St Lawrence Ground, Canterbury",1,97.3,97.3,Hampshire,Kent,BTJ Wheal,Mohammad Abbas,MW Parkinson,1,0,,,,,,,,,,,,,
1410250,2024,2024-09-09,"St Lawrence Ground, Canterbury",1,97.4,97.4,Hampshire,Kent,Mohammad Abbas,BTJ Wheal,MW Parkinson,0,0,,,,,,,,,,,,,
1410250,2024,2024-09-09,"St Lawrence Ground, Canterbury",1,97.5,97.5,Hampshire,Kent,Mohammad Abbas,BTJ Wheal,MW Parkinson,0,0,,,,,,,,,,,,,
1410250,2024,2024-09-09,"St Lawrence Ground, Canterbury",1,97.6,97.6,Hampshire,Kent,Mohammad Abbas,BTJ Wheal,MW Parkinson,0,0,,,,,,,,,,,,,
1410250,2024,2024-09-09,"St Lawrence Ground, Canterbury",1,98.1,98.1,Hampshire,Kent,BTJ Wheal,Mohammad Abbas,CH Stobo,0,0,,,,,,,,,,,,,
1410250,2024,2024-09-09,"St Lawrence Ground, Canterbury",1,98.2,98.2,Hampshire,Kent,BTJ Wheal,Mohammad Abbas,CH Stobo,1,0,,,,,,,,,,,,,
1410250,2024,2024-09-09,"St Lawrence Ground, Canterbury",1,98.3,98.3,Hampshire,Kent,Mohammad Abbas,BTJ Wheal,CH Stobo,0,2,,,,2,,,,,,,,,
1410250,2024,2024-09-09,"St Lawrence Ground, Canterbury",1,98.4,98.4,Hampshire,Kent,Mohammad Abbas,BTJ Wheal,CH Stobo,0,0,,,,,,,,,,,,,
1410250,2024,2024-09-09,"St Lawrence Ground, Canterbury",1,98.5,98.5,Hampshire,Kent,Mohammad Abbas,BTJ Wheal,CH Stobo,0,0,,,,,,,,,,,,,
1410250,2024,2024-09-09,"St Lawrence Ground, Canterbury",1,98.6,98.6,Hampshire,Kent,Mohammad Abbas,BTJ Wheal,CH Stobo,0,0,,,,,,,,,,,,,
1410250,2024,2024-09-09,"St Lawrence Ground, Canterbury",1,99.1,99.1,Hampshire,Kent,BTJ Wheal,Mohammad Abbas,MW Parkinson,0,0,,,,,,,,,,,,,
1410250,2024,2024-09-09,"St Lawrence Ground, Canterbury",1,99.2,99.2,Hampshire,Kent,BTJ Wheal,Mohammad Abbas,MW Parkinson,0,0,,,,,,,,,,,,,
1410250,2024,2024-09-09,"St Lawrence Ground, Canterbury",1,99.3,99.3,Hampshire,Kent,BTJ Wheal,Mohammad Abbas,MW Parkinson,0,0,,,,,,,,,,,,,
1410250,2024,2024-09-09,"St Lawrence Ground, Canterbury",1,99.4,99.4,Hampshire,Kent,BTJ Wheal,Mohammad Abbas,MW Parkinson,0,0,,,,,,,,,,,,,
1410250,2024,2024-09-09,"St Lawrence Ground, Canterbury",1,99.5,99.5,Hampshire,Kent,BTJ Wheal,Mohammad Abbas,MW Parkinson,0,0,,,,,,,,,,,,,
1410250,2024,2024-09-09,"St Lawrence Ground, Canterbury",1,99.6,99.6,Hampshire,Kent,BTJ Wheal,Mohammad Abbas,MW Parkinson,0,0,,,,,,,,,,,,,
1410250,2024,2024-09-09,"St Lawrence Ground, Canterbury",1,100.1,100.1,Hampshire,Kent,Mohammad Abbas,BTJ Wheal,CH Stobo,0,0,,,,,,,,,,,,,
1410250,2024,2024-09-09,"St Lawrence Ground, Canterbury",1,100.2,100.2,Hampshire,Kent,Mohammad Abbas,BTJ Wheal,CH Stobo,0,0,,,,,,,,,,,,,
1410250,2024,2024-09-09,"St Lawrence Ground, Canterbury",1,100.3,100.3,Hampshire,Kent,Mohammad Abbas,BTJ Wheal,CH Stobo,0,0,,,,,,,,,,,,,
1410250,2024,2024-09-09,"St Lawrence Ground, Canterbury",1,100.4,100.4,Hampshire,Kent,Mohammad Abbas,BTJ Wheal,CH Stobo,0,0,,,,,,,,,,,,,
1410250,2024,2024-09-09,"St Lawrence Ground, Canterbury",1,100.5,100.5,Hampshire,Kent,Mohammad Abbas,BTJ Wheal,CH Stobo,1,0,,,,,,,,,,,,,
1410250,2024,2024-09-09,"St Lawrence Ground, Canterbury",1,100.6,100.6,Hampshire,Kent,BTJ Wheal,Mohammad Abbas,CH Stobo,0,0,,,,,,,,,,,,,
1410250,2024,2024-09-09,"St Lawrence Ground, Canterbury",1,101.1,101.1,Hampshire,Kent,Mohammad Abbas,BTJ Wheal,MW Parkinson,0,0,,,,,,,,,,,,,
1410250,2024,2024-09-09,"St Lawrence Ground, Canterbury",1,101.2,101.2,Hampshire,Kent,Mohammad Abbas,BTJ Wheal,MW Parkinson,3,0,,,,,,,,,,,,,
1410250,2024,2024-09-09,"St Lawrence Ground, Canterbury",1,101.3,101.3,Hampshire,Kent,BTJ Wheal,Mohammad Abbas,MW Parkinson,0,0,,,,,,,,,,,,,
1410250,2024,2024-09-09,"St Lawrence Ground, Canterbury",1,101.4,101.4,Hampshire,Kent,BTJ Wheal,Mohammad Abbas,MW Parkinson,0,0,,,,,,,,,,,,,
1410250,2024,2024-09-09,"St Lawrence Ground, Canterbury",1,101.5,101.5,Hampshire,Kent,BTJ Wheal,Mohammad Abbas,MW Parkinson,0,0,,,,,,,,,,,,,
1410250,2024,2024-09-09,"St Lawrence Ground, Canterbury",1,101.6,101.6,Hampshire,Kent,BTJ Wheal,Mohammad Abbas,MW Parkinson,0,0,,,,,,,,,,,,,
1410250,2024,2024-09-09,"St Lawrence Ground, Canterbury",1,102.1,102.1,Hampshire,Kent,Mohammad Abbas,BTJ Wheal,CH Stobo,0,0,,,,,,,,,,,,,
1410250,2024,2024-09-09,"St Lawrence Ground, Canterbury",1,102.2,102.2,Hampshire,Kent,Mohammad Abbas,BTJ Wheal,CH Stobo,0,0,,,,,,,,,,,,,
1410250,2024,2024-09-09,"St Lawrence Ground, Canterbury",1,102.3,102.3,Hampshire,Kent,Mohammad Abbas,BTJ Wheal,CH Stobo,0,0,,,,,,,,,,,,,
1410250,2024,2024-09-09,"St Lawrence Ground, Canterbury",1,102.4,102.4,Hampshire,Kent,Mohammad Abbas,BTJ Wheal,CH Stobo,0,0,,,,,,,,,,,,,
1410250,2024,2024-09-09,"St Lawrence Ground, Canterbury",1,102.5,102.5,Hampshire,Kent,Mohammad Abbas,BTJ Wheal,CH Stobo,0,0,,,,,,,,,,,,,
1410250,2024,2024-09-09,"St Lawrence Ground, Canterbury",1,102.6,102.6,Hampshire,Kent,Mohammad Abbas,BTJ Wheal,CH Stobo,0,0,,,,,,,,,,,,,
1410250,2024,2024-09-09,"St Lawrence Ground, Canterbury",1,103.1,103.1,Hampshire,Kent,BTJ Wheal,Mohammad Abbas,MW Parkinson,0,0,,,,,,,,,,,,,
1410250,2024,2024-09-09,"St Lawrence Ground, Canterbury",1,103.2,103.2,Hampshire,Kent,BTJ Wheal,Mohammad Abbas,MW Parkinson,1,0,,,,,,,,,,,,,
1410250,2024,2024-09-09,"St Lawrence Ground, Canterbury",1,103.3,103.3,Hampshire,Kent,Mohammad Abbas,BTJ Wheal,MW Parkinson,1,0,,,,,,,,,,,,,
1410250,2024,2024-09-09,"St Lawrence Ground, Canterbury",1,103.4,103.4,Hampshire,Kent,BTJ Wheal,Mohammad Abbas,MW Parkinson,0,0,,,,,,,,,,,,,
1410250,2024,2024-09-09,"St Lawrence Ground, Canterbury",1,103.5,103.5,Hampshire,Kent,BTJ Wheal,Mohammad Abbas,MW Parkinson,1,0,,,,,,,,,,,,,
1410250,2024,2024-09-09,"St Lawrence Ground, Canterbury",1,103.6,103.6,Hampshire,Kent,Mohammad Abbas,BTJ Wheal,MW Parkinson,0,0,,,,,,,,,,,,,
1410250,2024,2024-09-09,"St Lawrence Ground, Canterbury",1,104.1,104.1,Hampshire,Kent,BTJ Wheal,Mohammad Abbas,CH Stobo,1,0,,,,,,,,,,,,,
1410250,2024,2024-09-09,"St Lawrence Ground, Canterbury",1,104.2,104.2,Hampshire,Kent,Mohammad Abbas,BTJ Wheal,CH Stobo,0,0,,,,,,,,,,,,,
1410250,2024,2024-09-09,"St Lawrence Ground, Canterbury",1,104.3,104.3,Hampshire,Kent,Mohammad Abbas,BTJ Wheal,CH Stobo,0,0,,,,,,,,,,,,,
1410250,2024,2024-09-09,"St Lawrence Ground, Canterbury",1,104.4,104.4,Hampshire,Kent,Mohammad Abbas,BTJ Wheal,CH Stobo,0,0,,,,,,,,,,,,,
1410250,2024,2024-09-09,"St Lawrence Ground, Canterbury",1,104.5,104.5,Hampshire,Kent,Mohammad Abbas,BTJ Wheal,CH Stobo,0,0,,,,,,,,,,,,,
1410250,2024,2024-09-09,"St Lawrence Ground, Canterbury",1,104.6,104.6,Hampshire,Kent,Mohammad Abbas,BTJ Wheal,CH Stobo,0,0,,,,,,,,,,,,,
1410250,2024,2024-09-09,"St Lawrence Ground, Canterbury",1,105.1,105.1,Hampshire,Kent,BTJ Wheal,Mohammad Abbas,MW Parkinson,1,0,,,,,,,,,,,,,
1410250,2024,2024-09-09,"St Lawrence Ground, Canterbury",1,105.2,105.2,Hampshire,Kent,Mohammad Abbas,BTJ Wheal,MW Parkinson,0,0,,,,,,,,,,,,,
1410250,2024,2024-09-09,"St Lawrence Ground, Canterbury",1,105.3,105.3,Hampshire,Kent,Mohammad Abbas,BTJ Wheal,MW Parkinson,4,0,,,,,,,,,,,,,
1410250,2024,2024-09-09,"St Lawrence Ground, Canterbury",1,105.4,105.4,Hampshire,Kent,Mohammad Abbas,BTJ Wheal,MW Parkinson,0,0,,,,,,,,,,,,,
1410250,2024,2024-09-09,"St Lawrence Ground, Canterbury",1,105.5,105.5,Hampshire,Kent,Mohammad Abbas,BTJ Wheal,MW Parkinson,0,0,,,,,,,,,,,,,
1410250,2024,2024-09-09,"St Lawrence Ground, Canterbury",1,105.6,105.6,Hampshire,Kent,Mohammad Abbas,BTJ Wheal,MW Parkinson,0,0,,,,,,,,,,,,,
1410250,2024,2024-09-09,"St Lawrence Ground, Canterbury",1,106.1,106.1,Hampshire,Kent,BTJ Wheal,Mohammad Abbas,CH Stobo,6,0,,,,,,,,,,,,,
1410250,2024,2024-09-09,"St Lawrence Ground, Canterbury",1,106.2,106.2,Hampshire,Kent,BTJ Wheal,Mohammad Abbas,CH Stobo,2,0,,,,,,,,,,,,,
1410250,2024,2024-09-09,"St Lawrence Ground, Canterbury",1,106.3,106.3,Hampshire,Kent,BTJ Wheal,Mohammad Abbas,CH Stobo,0,0,,,,,,,bowled,BTJ Wheal,,,,,
1410250,2024,2024-09-09,"St Lawrence Ground, Canterbury",2,0.1,0.1,Kent,Hampshire,BG Compton,TS Muyeye,KJ Abbott,0,0,,,,,,,,,,,,,
1410250,2024,2024-09-09,"St Lawrence Ground, Canterbury",2,0.2,0.2,Kent,Hampshire,BG Compton,TS Muyeye,KJ Abbott,0,0,,,,,,,,,,,,,
1410250,2024,2024-09-09,"St Lawrence Ground, Canterbury",2,0.3,0.3,Kent,Hampshire,BG Compton,TS Muyeye,KJ Abbott,0,0,,,,,,,,,,,,,
1410250,2024,2024-09-09,"St Lawrence Ground, Canterbury",2,0.4,0.4,Kent,Hampshire,BG Compton,TS Muyeye,KJ Abbott,0,0,,,,,,,,,,,,,
1410250,2024,2024-09-09,"St Lawrence Ground, Canterbury",2,0.5,0.5,Kent,Hampshire,BG Compton,TS Muyeye,KJ Abbott,4,0,,,,,,,,,,,,,
1410250,2024,2024-09-09,"St Lawrence Ground, Canterbury",2,0.6,0.6,Kent,Hampshire,BG Compton,TS Muyeye,KJ Abbott,0,0,,,,,,,,,,,,,
1410250,2024,2024-09-09,"St Lawrence Ground, Canterbury",2,1.1,1.1,Kent,Hampshire,TS Muyeye,BG Compton,Mohammad Abbas,0,0,,,,,,,,,,,,,
1410250,2024,2024-09-09,"St Lawrence Ground, Canterbury",2,1.2,1.2,Kent,Hampshire,TS Muyeye,BG Compton,Mohammad Abbas,0,0,,,,,,,,,,,,,
1410250,2024,2024-09-09,"St Lawrence Ground, Canterbury",2,1.3,1.3,Kent,Hampshire,TS Muyeye,BG Compton,Mohammad Abbas,0,0,,,,,,,,,,,,,
1410250,2024,2024-09-09,"St Lawrence Ground, Canterbury",2,1.4,1.4,Kent,Hampshire,TS Muyeye,BG Compton,Mohammad Abbas,0,0,,,,,,,,,,,,,
1410250,2024,2024-09-09,"St Lawrence Ground, Canterbury",2,1.5,1.5,Kent,Hampshire,TS Muyeye,BG Compton,Mohammad Abbas,0,0,,,,,,,,,,,,,
1410250,2024,2024-09-09,"St Lawrence Ground, Canterbury",2,1.6,1.6,Kent,Hampshire,TS Muyeye,BG Compton,Mohammad Abbas,0,0,,,,,,,,,,,,,
1410250,2024,2024-09-09,"St Lawrence Ground, Canterbury",2,2.1,2.1,Kent,Hampshire,BG Compton,TS Muyeye,KJ Abbott,0,0,,,,,,,,,,,,,
1410250,2024,2024-09-09,"St Lawrence Ground, Canterbury",2,2.2,2.2,Kent,Hampshire,BG Compton,TS Muyeye,KJ Abbott,0,0,,,,,,,,,,,,,
1410250,2024,2024-09-09,"St Lawrence Ground, Canterbury",2,2.3,2.3,Kent,Hampshire,BG Compton,TS Muyeye,KJ Abbott,0,0,,,,,,,,,,,,,
1410250,2024,2024-09-09,"St Lawrence Ground, Canterbury",2,2.4,2.4,Kent,Hampshire,BG Compton,TS Muyeye,KJ Abbott,2,0,,,,,,,,,,,,,
1410250,2024,2024-09-09,"St Lawrence Ground, Canterbury",2,2.5,2.5,Kent,Hampshire,BG Compton,TS Muyeye,KJ Abbott,0,0,,,,,,,,,,,,,
1410250,2024,2024-09-09,"St Lawrence Ground, Canterbury",2,2.6,2.6,Kent,Hampshire,BG Compton,TS Muyeye,KJ Abbott,0,0,,,,,,,,,,,,,
1410250,2024,2024-09-09,"St Lawrence Ground, Canterbury",2,3.1,3.1,Kent,Hampshire,TS Muyeye,BG Compton,Mohammad Abbas,0,0,,,,,,,,,,,,,
1410250,2024,2024-09-09,"St Lawrence Ground, Canterbury",2,3.2,3.2,Kent,Hampshire,TS Muyeye,BG Compton,Mohammad Abbas,0,0,,,,,,,,,,,,,
1410250,2024,2024-09-09,"St Lawrence Ground, Canterbury",2,3.3,3.3,Kent,Hampshire,TS Muyeye,BG Compton,Mohammad Abbas,0,0,,,,,,,,,,,,,
1410250,2024,2024-09-09,"St Lawrence Ground, Canterbury",2,3.4,3.4,Kent,Hampshire,TS Muyeye,BG Compton,Mohammad Abbas,1,0,,,,,,,,,,,,,
1410250,2024,2024-09-09,"St Lawrence Ground, Canterbury",2,3.5,3.5,Kent,Hampshire,BG Compton,TS Muyeye,Mohammad Abbas,1,0,,,,,,,,,,,,,
1410250,2024,2024-09-09,"St Lawrence Ground, Canterbury",2,3.6,3.6,Kent,Hampshire,TS Muyeye,BG Compton,Mohammad Abbas,4,0,,,,,,,,,,,,,
1410250,2024,2024-09-09,"St Lawrence Ground, Canterbury",2,4.1,4.1,Kent,Hampshire,BG Compton,TS Muyeye,KJ Abbott,0,0,,,,,,,,,,,,,
1410250,2024,2024-09-09,"St Lawrence Ground, Canterbury",2,4.2,4.2,Kent,Hampshire,BG Compton,TS Muyeye,KJ Abbott,0,0,,,,,,,,,,,,,
1410250,2024,2024-09-09,"St Lawrence Ground, Canterbury",2,4.3,4.3,Kent,Hampshire,BG Compton,TS Muyeye,KJ Abbott,0,0,,,,,,,,,,,,,
1410250,2024,2024-09-09,"St Lawrence Ground, Canterbury",2,4.4,4.4,Kent,Hampshire,BG Compton,TS Muyeye,KJ Abbott,0,0,,,,,,,,,,,,,
1410250,2024,2024-09-09,"St Lawrence Ground, Canterbury",2,4.5,4.5,Kent,Hampshire,BG Compton,TS Muyeye,KJ Abbott,0,0,,,,,,,,,,,,,
1410250,2024,2024-09-09,"St Lawrence Ground, Canterbury",2,4.6,4.6,Kent,Hampshire,BG Compton,TS Muyeye,KJ Abbott,4,0,,,,,,,,,,,,,
1410250,2024,2024-09-09,"St Lawrence Ground, Canterbury",2,5.1,5.1,Kent,Hampshire,TS Muyeye,BG Compton,Mohammad Abbas,0,0,,,,,,,caught,TS Muyeye,,,BC Brown,,
1410250,2024,2024-09-09,"St Lawrence Ground, Canterbury",2,5.2,5.2,Kent,Hampshire,DJ Bell-Drummond,BG Compton,Mohammad Abbas,0,0,,,,,,,,,,,,,
1410250,2024,2024-09-09,"St Lawrence Ground, Canterbury",2,5.3,5.3,Kent,Hampshire,DJ Bell-Drummond,BG Compton,Mohammad Abbas,1,0,,,,,,,,,,,,,
1410250,2024,2024-09-09,"St Lawrence Ground, Canterbury",2,5.4,5.4,Kent,Hampshire,BG Compton,DJ Bell-Drummond,Mohammad Abbas,0,0,,,,,,,,,,,,,
1410250,2024,2024-09-09,"St Lawrence Ground, Canterbury",2,5.5,5.5,Kent,Hampshire,BG Compton,DJ Bell-Drummond,Mohammad Abbas,0,0,,,,,,,,,,,,,
1410250,2024,2024-09-09,"St Lawrence Ground, Canterbury",2,5.6,5.6,Kent,Hampshire,BG Compton,DJ Bell-Drummond,Mohammad Abbas,0,0,,,,,,,,,,,,,
1410250,2024,2024-09-09,"St Lawrence Ground, Canterbury",2,6.1,6.1,Kent,Hampshire,DJ Bell-Drummond,BG Compton,KJ Abbott,0,0,,,,,,,,,,,,,
1410250,2024,2024-09-09,"St Lawrence Ground, Canterbury",2,6.2,6.2,Kent,Hampshire,DJ Bell-Drummond,BG Compton,KJ Abbott,0,0,,,,,,,,,,,,,
1410250,2024,2024-09-09,"St Lawrence Ground, Canterbury",2,6.3,6.3,Kent,Hampshire,DJ Bell-Drummond,BG Compton,KJ Abbott,0,0,,,,,,,,,,,,,
1410250,2024,2024-09-09,"St Lawrence Ground, Canterbury",2,6.4,6.4,Kent,Hampshire,DJ Bell-Drummond,BG Compton,KJ Abbott,0,0,,,,,,,,,,,,,
1410250,2024,2024-09-09,"St Lawrence Ground, Canterbury",2,6.5,6.5,Kent,Hampshire,DJ Bell-Drummond,BG Compton,KJ Abbott,0,0,,,,,,,,,,,,,
1410250,2024,2024-09-09,"St Lawrence Ground, Canterbury",2,6.6,6.6,Kent,Hampshire,DJ Bell-Drummond,BG Compton,KJ Abbott,2,0,,,,,,,,,,,,,
1410250,2024,2024-09-09,"St Lawrence Ground, Canterbury",2,7.1,7.1,Kent,Hampshire,BG Compton,DJ Bell-Drummond,Mohammad Abbas,0,0,,,,,,,,,,,,,
1410250,2024,2024-09-09,"St Lawrence Ground, Canterbury",2,7.2,7.2,Kent,Hampshire,BG Compton,DJ Bell-Drummond,Mohammad Abbas,0,0,,,,,,,,,,,,,
1410250,2024,2024-09-09,"St Lawrence Ground, Canterbury",2,7.3,7.3,Kent,Hampshire,BG Compton,DJ Bell-Drummond,Mohammad Abbas,0,0,,,,,,,,,,,,,
1410250,2024,2024-09-09,"St Lawrence Ground, Canterbury",2,7.4,7.4,Kent,Hampshire,BG Compton,DJ Bell-Drummond,Mohammad Abbas,0,0,,,,,,,,,,,,,
1410250,2024,2024-09-09,"St Lawrence Ground, Canterbury",2,7.5,7.5,Kent,Hampshire,BG Compton,DJ Bell-Drummond,Mohammad Abbas,0,0,,,,,,,,,,,,,
1410250,2024,2024-09-09,"St Lawrence Ground, Canterbury",2,7.6,7.6,Kent,Hampshire,BG Compton,DJ Bell-Drummond,Mohammad Abbas,0,0,,,,,,,,,,,,,
1410250,2024,2024-09-09,"St Lawrence Ground, Canterbury",2,8.1,8.1,Kent,Hampshire,DJ Bell-Drummond,BG Compton,KJ Abbott,0,0,,,,,,,,,,,,,
1410250,2024,2024-09-09,"St Lawrence Ground, Canterbury",2,8.2,8.2,Kent,Hampshire,DJ Bell-Drummond,BG Compton,KJ Abbott,0,0,,,,,,,,,,,,,
1410250,2024,2024-09-09,"St Lawrence Ground, Canterbury",2,8.3,8.3,Kent,Hampshire,DJ Bell-Drummond,BG Compton,KJ Abbott,0,0,,,,,,,,,,,,,
1410250,2024,2024-09-09,"St Lawrence Ground, Canterbury",2,8.4,8.4,Kent,Hampshire,DJ Bell-Drummond,BG Compton,KJ Abbott,0,0,,,,,,,,,,,,,
1410250,2024,2024-09-09,"St Lawrence Ground, Canterbury",2,8.5,8.5,Kent,Hampshire,DJ Bell-Drummond,BG Compton,KJ Abbott,0,0,,,,,,,,,,,,,
1410250,2024,2024-09-09,"St Lawrence Ground, Canterbury",2,8.6,8.6,Kent,Hampshire,DJ Bell-Drummond,BG Compton,KJ Abbott,0,0,,,,,,,,,,,,,
1410250,2024,2024-09-09,"St Lawrence Ground, Canterbury",2,9.1,9.1,Kent,Hampshire,BG Compton,DJ Bell-Drummond,Mohammad Abbas,0,1,,,,1,,,,,,,,,
1410250,2024,2024-09-09,"St Lawrence Ground, Canterbury",2,9.2,9.2,Kent,Hampshire,DJ Bell-Drummond,BG Compton,Mohammad Abbas,0,0,,,,,,,,,,,,,
1410250,2024,2024-09-09,"St Lawrence Ground, Canterbury",2,9.3,9.3,Kent,Hampshire,DJ Bell-Drummond,BG Compton,Mohammad Abbas,0,0,,,,,,,,,,,,,
1410250,2024,2024-09-09,"St Lawrence Ground, Canterbury",2,9.4,9.4,Kent,Hampshire,DJ Bell-Drummond,BG Compton,Mohammad Abbas,3,0,,,,,,,,,,,,,
1410250,2024,2024-09-09,"St Lawrence Ground, Canterbury",2,9.5,9.5,Kent,Hampshire,BG Compton,DJ Bell-Drummond,Mohammad Abbas,0,0,,,,,,,,,,,,,
1410250,2024,2024-09-09,"St Lawrence Ground, Canterbury",2,9.6,9.6,Kent,Hampshire,BG Compton,DJ Bell-Drummond,Mohammad Abbas,0,0,,,,,,,,,,,,,
1410250,2024,2024-09-09,"St Lawrence Ground, Canterbury",2,10.1,10.1,Kent,Hampshire,DJ Bell-Drummond,BG Compton,KJ Abbott,4,0,,,,,,,,,,,,,
1410250,2024,2024-09-09,"St Lawrence Ground, Canterbury",2,10.2,10.2,Kent,Hampshire,DJ Bell-Drummond,BG Compton,KJ Abbott,0,0,,,,,,,,,,,,,
1410250,2024,2024-09-09,"St Lawrence Ground, Canterbury",2,10.3,10.3,Kent,Hampshire,DJ Bell-Drummond,BG Compton,KJ Abbott,0,0,,,,,,,,,,,,,
1410250,2024,2024-09-09,"St Lawrence Ground, Canterbury",2,10.4,10.4,Kent,Hampshire,DJ Bell-Drummond,BG Compton,KJ Abbott,0,0,,,,,,,,,,,,,
1410250,2024,2024-09-09,"St Lawrence Ground, Canterbury",2,10.5,10.5,Kent,Hampshire,DJ Bell-Drummond,BG Compton,KJ Abbott,0,0,,,,,,,caught,DJ Bell-Drummond,,,FS Middleton,,
1410250,2024,2024-09-09,"St Lawrence Ground, Canterbury",2,10.6,10.6,Kent,Hampshire,JA Leaning,BG Compton,KJ Abbott,0,0,,,,,,,,,,,,,
1410250,2024,2024-09-09,"St Lawrence Ground, Canterbury",2,11.1,11.1,Kent,Hampshire,BG Compton,JA Leaning,Mohammad Abbas,0,0,,,,,,,,,,,,,
1410250,2024,2024-09-09,"St Lawrence Ground, Canterbury",2,11.2,11.2,Kent,Hampshire,BG Compton,JA Leaning,Mohammad Abbas,0,0,,,,,,,,,,,,,
1410250,2024,2024-09-09,"St Lawrence Ground, Canterbury",2,11.3,11.3,Kent,Hampshire,BG Compton,JA Leaning,Mohammad Abbas,0,0,,,,,,,,,,,,,
1410250,2024,2024-09-09,"St Lawrence Ground, Canterbury",2,11.4,11.4,Kent,Hampshire,BG Compton,JA Leaning,Mohammad Abbas,0,0,,,,,,,,,,,,,
1410250,2024,2024-09-09,"St Lawrence Ground, Canterbury",2,11.5,11.5,Kent,Hampshire,BG Compton,JA Leaning,Mohammad Abbas,0,0,,,,,,,,,,,,,
1410250,2024,2024-09-09,"St Lawrence Ground, Canterbury",2,11.6,11.6,Kent,Hampshire,BG Compton,JA Leaning,Mohammad Abbas,0,0,,,,,,,,,,,,,
1410250,2024,2024-09-09,"St Lawrence Ground, Canterbury",2,12.1,12.1,Kent,Hampshire,JA Leaning,BG Compton,KJ Abbott,0,0,,,,,,,caught,JA Leaning,,,TE Albert,,
1410250,2024,2024-09-09,"St Lawrence Ground, Canterbury",2,12.2,12.2,Kent,Hampshire,JL Denly,BG Compton,KJ Abbott,0,0,,,,,,,,,,,,,
1410250,2024,2024-09-09,"St Lawrence Ground, Canterbury",2,12.3,12.3,Kent,Hampshire,JL Denly,BG Compton,KJ Abbott,0,0,,,,,,,lbw,JL Denly,,,,,
1410250,2024,2024-09-09,"St Lawrence Ground, Canterbury",2,12.4,12.4,Kent,Hampshire,JDM Evison,BG Compton,KJ Abbott,0,0,,,,,,,,,,,,,
1410250,2024,2024-09-09,"St Lawrence Ground, Canterbury",2,12.5,12.5,Kent,Hampshire,JDM Evison,BG Compton,KJ Abbott,2,0,,,,,,,,,,,,,
1410250,2024,2024-09-09,"St Lawrence Ground, Canterbury",2,12.6,12.6,Kent,Hampshire,JDM Evison,BG Compton,KJ Abbott,2,0,,,,,,,,,,,,,
1410250,2024,2024-09-09,"St Lawrence Ground, Canterbury",2,13.1,13.1,Kent,Hampshire,BG Compton,JDM Evison,Mohammad Abbas,0,0,,,,,,,,,,,,,
1410250,2024,2024-09-09,"St Lawrence Ground, Canterbury",2,13.2,13.2,Kent,Hampshire,BG Compton,JDM Evison,Mohammad Abbas,0,0,,,,,,,,,,,,,
1410250,2024,2024-09-09,"St Lawrence Ground, Canterbury",2,13.3,13.3,Kent,Hampshire,BG Compton,JDM Evison,Mohammad Abbas,0,0,,,,,,,,,,,,,
1410250,2024,2024-09-09,"St Lawrence Ground, Canterbury",2,13.4,13.4,Kent,Hampshire,BG Compton,JDM Evison,Mohammad Abbas,0,0,,,,,,,,,,,,,
1410250,2024,2024-09-09,"St Lawrence Ground, Canterbury",2,13.5,13.5,Kent,Hampshire,BG Compton,JDM Evison,Mohammad Abbas,0,0,,,,,,,,,,,,,
1410250,2024,2024-09-09,"St Lawrence Ground, Canterbury",2,13.6,13.6,Kent,Hampshire,BG Compton,JDM Evison,Mohammad Abbas,0,0,,,,,,,,,,,,,
1410250,2024,2024-09-09,"St Lawrence Ground, Canterbury",2,14.1,14.1,Kent,Hampshire,JDM Evison,BG Compton,KJ Abbott,0,0,,,,,,,,,,,,,
1410250,2024,2024-09-09,"St Lawrence Ground, Canterbury",2,14.2,14.2,Kent,Hampshire,JDM Evison,BG Compton,KJ Abbott,3,0,,,,,,,,,,,,,
1410250,2024,2024-09-09,"St Lawrence Ground, Canterbury",2,14.3,14.3,Kent,Hampshire,BG Compton,JDM Evison,KJ Abbott,0,0,,,,,,,,,,,,,
1410250,2024,2024-09-09,"St Lawrence Ground, Canterbury",2,14.4,14.4,Kent,Hampshire,BG Compton,JDM Evison,KJ Abbott,0,0,,,,,,,,,,,,,
1410250,2024,2024-09-09,"St Lawrence Ground, Canterbury",2,14.5,14.5,Kent,Hampshire,BG Compton,JDM Evison,KJ Abbott,0,0,,,,,,,,,,,,,
1410250,2024,2024-09-09,"St Lawrence Ground, Canterbury",2,14.6,14.6,Kent,Hampshire,BG Compton,JDM Evison,KJ Abbott,0,0,,,,,,,,,,,,,
1410250,2024,2024-09-09,"St Lawrence Ground, Canterbury",2,15.1,15.1,Kent,Hampshire,JDM Evison,BG Compton,BTJ Wheal,0,0,,,,,,,,,,,,,
1410250,2024,2024-09-09,"St Lawrence Ground, Canterbury",2,15.2,15.2,Kent,Hampshire,JDM Evison,BG Compton,BTJ Wheal,4,0,,,,,,,,,,,,,
1410250,2024,2024-09-09,"St Lawrence Ground, Canterbury",2,15.3,15.3,Kent,Hampshire,JDM Evison,BG Compton,BTJ Wheal,0,0,,,,,,,,,,,,,
1410250,2024,2024-09-09,"St Lawrence Ground, Canterbury",2,15.4,15.4,Kent,Hampshire,JDM Evison,BG Compton,BTJ Wheal,1,0,,,,,,,,,,,,,
1410250,2024,2024-09-09,"St Lawrence Ground, Canterbury",2,15.5,15.5,Kent,Hampshire,BG Compton,JDM Evison,BTJ Wheal,0,0,,,,,,,,,,,,,
1410250,2024,2024-09-09,"St Lawrence Ground, Canterbury",2,15.6,15.6,Kent,Hampshire,BG Compton,JDM Evison,BTJ Wheal,0,0,,,,,,,,,,,,,
1410250,2024,2024-09-09,"St Lawrence Ground, Canterbury",2,16.1,16.1,Kent,Hampshire,JDM Evison,BG Compton,LA Dawson,0,0,,,,,,,,,,,,,
1410250,2024,2024-09-09,"St Lawrence Ground, Canterbury",2,16.2,16.2,Kent,Hampshire,JDM Evison,BG Compton,LA Dawson,1,0,,,,,,,,,,,,,
1410250,2024,2024-09-09,"St Lawrence Ground, Canterbury",2,16.3,16.3,Kent,Hampshire,BG Compton,JDM Evison,LA Dawson,0,0,,,,,,,,,,,,,
1410250,2024,2024-09-09,"St Lawrence Ground, Canterbury",2,16.4,16.4,Kent,Hampshire,BG Compton,JDM Evison,LA Dawson,0,0,,,,,,,,,,,,,
1410250,2024,2024-09-09,"St Lawrence Ground, Canterbury",2,16.5,16.5,Kent,Hampshire,BG Compton,JDM Evison,LA Dawson,0,0,,,,,,,,,,,,,
1410250,2024,2024-09-09,"St Lawrence Ground, Canterbury",2,16.6,16.6,Kent,Hampshire,BG Compton,JDM Evison,LA Dawson,0,0,,,,,,,,,,,,,
1410250,2024,2024-09-09,"St Lawrence Ground, Canterbury",2,17.1,17.1,Kent,Hampshire,JDM Evison,BG Compton,BTJ Wheal,0,0,,,,,,,,,,,,,
1410250,2024,2024-09-09,"St Lawrence Ground, Canterbury",2,17.2,17.2,Kent,Hampshire,JDM Evison,BG Compton,BTJ Wheal,3,0,,,,,,,,,,,,,
1410250,2024,2024-09-09,"St Lawrence Ground, Canterbury",2,17.3,17.3,Kent,Hampshire,BG Compton,JDM Evison,BTJ Wheal,0,0,,,,,,,,,,,,,
1410250,2024,2024-09-09,"St Lawrence Ground, Canterbury",2,17.4,17.4,Kent,Hampshire,BG Compton,JDM Evison,BTJ Wheal,0,0,,,,,,,,,,,,,
1410250,2024,2024-09-09,"St Lawrence Ground, Canterbury",2,17.5,17.5,Kent,Hampshire,BG Compton,JDM Evison,BTJ Wheal,0,0,,,,,,,,,,,,,
1410250,2024,2024-09-09,"St Lawrence Ground, Canterbury",2,17.6,17.6,Kent,Hampshire,BG Compton,JDM Evison,BTJ Wheal,2,0,,,,,,,,,,,,,
1410250,2024,2024-09-09,"St Lawrence Ground, Canterbury",2,18.1,18.1,Kent,Hampshire,JDM Evison,BG Compton,LA Dawson,0,0,,,,,,,,,,,,,
1410250,2024,2024-09-09,"St Lawrence Ground, Canterbury",2,18.2,18.2,Kent,Hampshire,JDM Evison,BG Compton,LA Dawson,0,0,,,,,,,,,,,,,
1410250,2024,2024-09-09,"St Lawrence Ground, Canterbury",2,18.3,18.3,Kent,Hampshire,JDM Evison,BG Compton,LA Dawson,0,0,,,,,,,,,,,,,
1410250,2024,2024-09-09,"St Lawrence Ground, Canterbury",2,18.4,18.4,Kent,Hampshire,JDM Evison,BG Compton,LA Dawson,0,0,,,,,,,,,,,,,
1410250,2024,2024-09-09,"St Lawrence Ground, Canterbury",2,18.5,18.5,Kent,Hampshire,JDM Evison,BG Compton,LA Dawson,0,0,,,,,,,,,,,,,
1410250,2024,2024-09-09,"St Lawrence Ground, Canterbury",2,18.6,18.6,Kent,Hampshire,JDM Evison,BG Compton,LA Dawson,0,0,,,,,,,,,,,,,
1410250,2024,2024-09-09,"St Lawrence Ground, Canterbury",2,19.1,19.1,Kent,Hampshire,BG Compton,JDM Evison,BTJ Wheal,0,0,,,,,,,,,,,,,
1410250,2024,2024-09-09,"St Lawrence Ground, Canterbury",2,19.2,19.2,Kent,Hampshire,BG Compton,JDM Evison,BTJ Wheal,0,0,,,,,,,,,,,,,
1410250,2024,2024-09-09,"St Lawrence Ground, Canterbury",2,19.3,19.3,Kent,Hampshire,BG Compton,JDM Evison,BTJ Wheal,0,0,,,,,,,,,,,,,
1410250,2024,2024-09-09,"St Lawrence Ground, Canterbury",2,19.4,19.4,Kent,Hampshire,BG Compton,JDM Evison,BTJ Wheal,0,0,,,,,,,,,,,,,
1410250,2024,2024-09-09,"St Lawrence Ground, Canterbury",2,19.5,19.5,Kent,Hampshire,BG Compton,JDM Evison,BTJ Wheal,4,0,,,,,,,,,,,,,
1410250,2024,2024-09-09,"St Lawrence Ground, Canterbury",2,19.6,19.6,Kent,Hampshire,BG Compton,JDM Evison,BTJ Wheal,0,0,,,,,,,,,,,,,
1410250,2024,2024-09-09,"St Lawrence Ground, Canterbury",2,20.1,20.1,Kent,Hampshire,JDM Evison,BG Compton,LA Dawson,0,0,,,,,,,,,,,,,
1410250,2024,2024-09-09,"St Lawrence Ground, Canterbury",2,20.2,20.2,Kent,Hampshire,JDM Evison,BG Compton,LA Dawson,0,0,,,,,,,,,,,,,
1410250,2024,2024-09-09,"St Lawrence Ground, Canterbury",2,20.3,20.3,Kent,Hampshire,JDM Evison,BG Compton,LA Dawson,0,0,,,,,,,,,,,,,
1410250,2024,2024-09-09,"St Lawrence Ground, Canterbury",2,20.4,20.4,Kent,Hampshire,JDM Evison,BG Compton,LA Dawson,4,0,,,,,,,,,,,,,
1410250,2024,2024-09-09,"St Lawrence Ground, Canterbury",2,20.5,20.5,Kent,Hampshire,JDM Evison,BG Compton,LA Dawson,1,0,,,,,,,,,,,,,
1410250,2024,2024-09-09,"St Lawrence Ground, Canterbury",2,20.6,20.6,Kent,Hampshire,BG Compton,JDM Evison,LA Dawson,0,0,,,,,,,,,,,,,
1410250,2024,2024-09-09,"St Lawrence Ground, Canterbury",2,21.1,21.1,Kent,Hampshire,JDM Evison,BG Compton,BTJ Wheal,0,0,,,,,,,,,,,,,
1410250,2024,2024-09-09,"St Lawrence Ground, Canterbury",2,21.2,21.2,Kent,Hampshire,JDM Evison,BG Compton,BTJ Wheal,0,0,,,,,,,,,,,,,
1410250,2024,2024-09-09,"St Lawrence Ground, Canterbury",2,21.3,21.3,Kent,Hampshire,JDM Evison,BG Compton,BTJ Wheal,0,0,,,,,,,,,,,,,
1410250,2024,2024-09-09,"St Lawrence Ground, Canterbury",2,21.4,21.4,Kent,Hampshire,JDM Evison,BG Compton,BTJ Wheal,0,0,,,,,,,caught,JDM Evison,,,BC Brown,,
1410250,2024,2024-09-09,"St Lawrence Ground, Canterbury",2,21.5,21.5,Kent,Hampshire,HZ Finch,BG Compton,BTJ Wheal,0,0,,,,,,,,,,,,,
1410250,2024,2024-09-09,"St Lawrence Ground, Canterbury",2,21.6,21.6,Kent,Hampshire,HZ Finch,BG Compton,BTJ Wheal,0,0,,,,,,,,,,,,,
1410250,2024,2024-09-09,"St Lawrence Ground, Canterbury",2,22.1,22.1,Kent,Hampshire,BG Compton,HZ Finch,LA Dawson,0,0,,,,,,,,,,,,,
1410250,2024,2024-09-09,"St Lawrence Ground, Canterbury",2,22.2,22.2,Kent,Hampshire,BG Compton,HZ Finch,LA Dawson,0,0,,,,,,,,,,,,,
1410250,2024,2024-09-09,"St Lawrence Ground, Canterbury",2,22.3,22.3,Kent,Hampshire,BG Compton,HZ Finch,LA Dawson,0,0,,,,,,,,,,,,,
1410250,2024,2024-09-09,"St Lawrence Ground, Canterbury",2,22.4,22.4,Kent,Hampshire,BG Compton,HZ Finch,LA Dawson,1,0,,,,,,,,,,,,,
1410250,2024,2024-09-09,"St Lawrence Ground, Canterbury",2,22.5,22.5,Kent,Hampshire,HZ Finch,BG Compton,LA Dawson,0,0,,,,,,,,,,,,,
1410250,2024,2024-09-09,"St Lawrence Ground, Canterbury",2,22.6,22.6,Kent,Hampshire,HZ Finch,BG Compton,LA Dawson,0,0,,,,,,,,,,,,,
1410250,2024,2024-09-09,"St Lawrence Ground, Canterbury",2,23.1,23.1,Kent,Hampshire,BG Compton,HZ Finch,BTJ Wheal,0,0,,,,,,,,,,,,,
1410250,2024,2024-09-09,"St Lawrence Ground, Canterbury",2,23.2,23.2,Kent,Hampshire,BG Compton,HZ Finch,BTJ Wheal,0,0,,,,,,,,,,,,,
1410250,2024,2024-09-09,"St Lawrence Ground, Canterbury",2,23.3,23.3,Kent,Hampshire,BG Compton,HZ Finch,BTJ Wheal,1,0,,,,,,,,,,,,,
1410250,2024,2024-09-09,"St Lawrence Ground, Canterbury",2,23.4,23.4,Kent,Hampshire,HZ Finch,BG Compton,BTJ Wheal,3,0,,,,,,,,,,,,,
1410250,2024,2024-09-09,"St Lawrence Ground, Canterbury",2,23.5,23.5,Kent,Hampshire,BG Compton,HZ Finch,BTJ Wheal,4,0,,,,,,,,,,,,,
1410250,2024,2024-09-09,"St Lawrence Ground, Canterbury",2,23.6,23.6,Kent,Hampshire,BG Compton,HZ Finch,BTJ Wheal,0,0,,,,,,,,,,,,,
1410250,2024,2024-09-09,"St Lawrence Ground, Canterbury",2,24.1,24.1,Kent,Hampshire,HZ Finch,BG Compton,KJ Abbott,0,0,,,,,,,,,,,,,
1410250,2024,2024-09-09,"St Lawrence Ground, Canterbury",2,24.2,24.2,Kent,Hampshire,HZ Finch,BG Compton,KJ Abbott,0,0,,,,,,,,,,,,,
1410250,2024,2024-09-09,"St Lawrence Ground, Canterbury",2,24.3,24.3,Kent,Hampshire,HZ Finch,BG Compton,KJ Abbott,0,0,,,,,,,,,,,,,
1410250,2024,2024-09-09,"St Lawrence Ground, Canterbury",2,24.4,24.4,Kent,Hampshire,HZ Finch,BG Compton,KJ Abbott,0,0,,,,,,,,,,,,,
1410250,2024,2024-09-09,"St Lawrence Ground, Canterbury",2,24.5,24.5,Kent,Hampshire,HZ Finch,BG Compton,KJ Abbott,0,0,,,,,,,,,,,,,
1410250,2024,2024-09-09,"St Lawrence Ground, Canterbury",2,24.6,24.6,Kent,Hampshire,HZ Finch,BG Compton,KJ Abbott,0,0,,,,,,,,,,,,,
1410250,2024,2024-09-09,"St Lawrence Ground, Canterbury",2,25.1,25.1,Kent,Hampshire,BG Compton,HZ Finch,Mohammad Abbas,0,0,,,,,,,,,,,,,
1410250,2024,2024-09-09,"St Lawrence Ground, Canterbury",2,25.2,25.2,Kent,Hampshire,BG Compton,HZ Finch,Mohammad Abbas,0,0,,,,,,,,,,,,,
1410250,2024,2024-09-09,"St Lawrence Ground, Canterbury",2,25.3,25.3,Kent,Hampshire,BG Compton,HZ Finch,Mohammad Abbas,1,0,,,,,,,,,,,,,
1410250,2024,2024-09-09,"St Lawrence Ground, Canterbury",2,25.4,25.4,Kent,Hampshire,HZ Finch,BG Compton,Mohammad Abbas,0,0,,,,,,,,,,,,,
1410250,2024,2024-09-09,"St Lawrence Ground, Canterbury",2,25.5,25.5,Kent,Hampshire,HZ Finch,BG Compton,Mohammad Abbas,0,0,,,,,,,,,,,,,
1410250,2024,2024-09-09,"St Lawrence Ground, Canterbury",2,25.6,25.6,Kent,Hampshire,HZ Finch,BG Compton,Mohammad Abbas,1,0,,,,,,,,,,,,,
1410250,2024,2024-09-09,"St Lawrence Ground, Canterbury",2,26.1,26.1,Kent,Hampshire,HZ Finch,BG Compton,KJ Abbott,2,0,,,,,,,,,,,,,
1410250,2024,2024-09-09,"St Lawrence Ground, Canterbury",2,26.2,26.2,Kent,Hampshire,HZ Finch,BG Compton,KJ Abbott,1,0,,,,,,,,,,,,,
1410250,2024,2024-09-09,"St Lawrence Ground, Canterbury",2,26.3,26.3,Kent,Hampshire,BG Compton,HZ Finch,KJ Abbott,2,0,,,,,,,,,,,,,
1410250,2024,2024-09-09,"St Lawrence Ground, Canterbury",2,26.4,26.4,Kent,Hampshire,BG Compton,HZ Finch,KJ Abbott,0,0,,,,,,,,,,,,,
1410250,2024,2024-09-09,"St Lawrence Ground, Canterbury",2,26.5,26.5,Kent,Hampshire,BG Compton,HZ Finch,KJ Abbott,0,0,,,,,,,,,,,,,
1410250,2024,2024-09-09,"St Lawrence Ground, Canterbury",2,26.6,26.6,Kent,Hampshire,BG Compton,HZ Finch,KJ Abbott,0,0,,,,,,,,,,,,,
1410250,2024,2024-09-09,"St Lawrence Ground, Canterbury",2,27.1,27.1,Kent,Hampshire,HZ Finch,BG Compton,Mohammad Abbas,0,0,,,,,,,,,,,,,
1410250,2024,2024-09-09,"St Lawrence Ground, Canterbury",2,27.2,27.2,Kent,Hampshire,HZ Finch,BG Compton,Mohammad Abbas,0,0,,,,,,,,,,,,,
1410250,2024,2024-09-09,"St Lawrence Ground, Canterbury",2,27.3,27.3,Kent,Hampshire,HZ Finch,BG Compton,Mohammad Abbas,0,0,,,,,,,,,,,,,
1410250,2024,2024-09-09,"St Lawrence Ground, Canterbury",2,27.4,27.4,Kent,Hampshire,HZ Finch,BG Compton,Mohammad Abbas,0,0,,,,,,,,,,,,,
1410250,2024,2024-09-09,"St Lawrence Ground, Canterbury",2,27.5,27.5,Kent,Hampshire,HZ Finch,BG Compton,Mohammad Abbas,0,0,,,,,,,,,,,,,
1410250,2024,2024-09-09,"St Lawrence Ground, Canterbury",2,27.6,27.6,Kent,Hampshire,HZ Finch,BG Compton,Mohammad Abbas,0,0,,,,,,,,,,,,,
1410250,2024,2024-09-09,"St Lawrence Ground, Canterbury",2,28.1,28.1,Kent,Hampshire,BG Compton,HZ Finch,KJ Abbott,0,0,,,,,,,,,,,,,
1410250,2024,2024-09-09,"St Lawrence Ground, Canterbury",2,28.2,28.2,Kent,Hampshire,BG Compton,HZ Finch,KJ Abbott,0,0,,,,,,,,,,,,,
1410250,2024,2024-09-09,"St Lawrence Ground, Canterbury",2,28.3,28.3,Kent,Hampshire,BG Compton,HZ Finch,KJ Abbott,2,0,,,,,,,,,,,,,
1410250,2024,2024-09-09,"St Lawrence Ground, Canterbury",2,28.4,28.4,Kent,Hampshire,BG Compton,HZ Finch,KJ Abbott,0,0,,,,,,,,,,,,,
1410250,2024,2024-09-09,"St Lawrence Ground, Canterbury",2,28.5,28.5,Kent,Hampshire,BG Compton,HZ Finch,KJ Abbott,1,0,,,,,,,,,,,,,
1410250,2024,2024-09-09,"St Lawrence Ground, Canterbury",2,28.6,28.6,Kent,Hampshire,HZ Finch,BG Compton,KJ Abbott,0,0,,,,,,,,,,,,,
1410250,2024,2024-09-09,"St Lawrence Ground, Canterbury",2,29.1,29.1,Kent,Hampshire,BG Compton,HZ Finch,Mohammad Abbas,0,0,,,,,,,,,,,,,
1410250,2024,2024-09-09,"St Lawrence Ground, Canterbury",2,29.2,29.2,Kent,Hampshire,BG Compton,HZ Finch,Mohammad Abbas,0,0,,,,,,,,,,,,,
1410250,2024,2024-09-09,"St Lawrence Ground, Canterbury",2,29.3,29.3,Kent,Hampshire,BG Compton,HZ Finch,Mohammad Abbas,0,0,,,,,,,,,,,,,
1410250,2024,2024-09-09,"St Lawrence Ground, Canterbury",2,29.4,29.4,Kent,Hampshire,BG Compton,HZ Finch,Mohammad Abbas,0,0,,,,,,,,,,,,,
1410250,2024,2024-09-09,"St Lawrence Ground, Canterbury",2,29.5,29.5,Kent,Hampshire,BG Compton,HZ Finch,Mohammad Abbas,0,0,,,,,,,,,,,,,
1410250,2024,2024-09-09,"St Lawrence Ground, Canterbury",2,29.6,29.6,Kent,Hampshire,BG Compton,HZ Finch,Mohammad Abbas,0,0,,,,,,,,,,,,,
1410250,2024,2024-09-09,"St Lawrence Ground, Canterbury",2,30.1,30.1,Kent,Hampshire,HZ Finch,BG Compton,KJ Abbott,0,0,,,,,,,,,,,,,
1410250,2024,2024-09-09,"St Lawrence Ground, Canterbury",2,30.2,30.2,Kent,Hampshire,HZ Finch,BG Compton,KJ Abbott,0,0,,,,,,,,,,,,,
1410250,2024,2024-09-09,"St Lawrence Ground, Canterbury",2,30.3,30.3,Kent,Hampshire,HZ Finch,BG Compton,KJ Abbott,0,0,,,,,,,,,,,,,
1410250,2024,2024-09-09,"St Lawrence Ground, Canterbury",2,30.4,30.4,Kent,Hampshire,HZ Finch,BG Compton,KJ Abbott,0,0,,,,,,,,,,,,,
1410250,2024,2024-09-09,"St Lawrence Ground, Canterbury",2,30.5,30.5,Kent,Hampshire,HZ Finch,BG Compton,KJ Abbott,0,0,,,,,,,,,,,,,
1410250,2024,2024-09-09,"St Lawrence Ground, Canterbury",2,30.6,30.6,Kent,Hampshire,HZ Finch,BG Compton,KJ Abbott,0,0,,,,,,,,,,,,,
1410250,2024,2024-09-09,"St Lawrence Ground, Canterbury",2,31.1,31.1,Kent,Hampshire,BG Compton,HZ Finch,Mohammad Abbas,0,0,,,,,,,,,,,,,
1410250,2024,2024-09-09,"St Lawrence Ground, Canterbury",2,31.2,31.2,Kent,Hampshire,BG Compton,HZ Finch,Mohammad Abbas,0,0,,,,,,,,,,,,,
1410250,2024,2024-09-09,"St Lawrence Ground, Canterbury",2,31.3,31.3,Kent,Hampshire,BG Compton,HZ Finch,Mohammad Abbas,0,0,,,,,,,,,,,,,
1410250,2024,2024-09-09,"St Lawrence Ground, Canterbury",2,31.4,31.4,Kent,Hampshire,BG Compton,HZ Finch,Mohammad Abbas,0,0,,,,,,,,,,,,,
1410250,2024,2024-09-09,"St Lawrence Ground, Canterbury",2,31.5,31.5,Kent,Hampshire,BG Compton,HZ Finch,Mohammad Abbas,0,0,,,,,,,,,,,,,
1410250,2024,2024-09-09,"St Lawrence Ground, Canterbury",2,31.6,31.6,Kent,Hampshire,BG Compton,HZ Finch,Mohammad Abbas,0,0,,,,,,,,,,,,,
1410250,2024,2024-09-09,"St Lawrence Ground, Canterbury",2,32.1,32.1,Kent,Hampshire,HZ Finch,BG Compton,KJ Abbott,0,0,,,,,,,,,,,,,
1410250,2024,2024-09-09,"St Lawrence Ground, Canterbury",2,32.2,32.2,Kent,Hampshire,HZ Finch,BG Compton,KJ Abbott,1,0,,,,,,,,,,,,,
1410250,2024,2024-09-09,"St Lawrence Ground, Canterbury",2,32.3,32.3,Kent,Hampshire,BG Compton,HZ Finch,KJ Abbott,1,0,,,,,,,,,,,,,
1410250,2024,2024-09-09,"St Lawrence Ground, Canterbury",2,32.4,32.4,Kent,Hampshire,HZ Finch,BG Compton,KJ Abbott,0,0,,,,,,,,,,,,,
1410250,2024,2024-09-09,"St Lawrence Ground, Canterbury",2,32.5,32.5,Kent,Hampshire,HZ Finch,BG Compton,KJ Abbott,0,0,,,,,,,,,,,,,
1410250,2024,2024-09-09,"St Lawrence Ground, Canterbury",2,32.6,32.6,Kent,Hampshire,HZ Finch,BG Compton,KJ Abbott,4,0,,,,,,,,,,,,,
1410250,2024,2024-09-09,"St Lawrence Ground, Canterbury",2,33.1,33.1,Kent,Hampshire,BG Compton,HZ Finch,Mohammad Abbas,0,0,,,,,,,,,,,,,
1410250,2024,2024-09-09,"St Lawrence Ground, Canterbury",2,33.2,33.2,Kent,Hampshire,BG Compton,HZ Finch,Mohammad Abbas,0,0,,,,,,,,,,,,,
1410250,2024,2024-09-09,"St Lawrence Ground, Canterbury",2,33.3,33.3,Kent,Hampshire,BG Compton,HZ Finch,Mohammad Abbas,0,0,,,,,,,,,,,,,
1410250,2024,2024-09-09,"St Lawrence Ground, Canterbury",2,33.4,33.4,Kent,Hampshire,BG Compton,HZ Finch,Mohammad Abbas,0,0,,,,,,,,,,,,,
1410250,2024,2024-09-09,"St Lawrence Ground, Canterbury",2,33.5,33.5,Kent,Hampshire,BG Compton,HZ Finch,Mohammad Abbas,0,0,,,,,,,,,,,,,
1410250,2024,2024-09-09,"St Lawrence Ground, Canterbury",2,33.6,33.6,Kent,Hampshire,BG Compton,HZ Finch,Mohammad Abbas,0,0,,,,,,,,,,,,,
1410250,2024,2024-09-09,"St Lawrence Ground, Canterbury",2,34.1,34.1,Kent,Hampshire,HZ Finch,BG Compton,LA Dawson,0,0,,,,,,,,,,,,,
1410250,2024,2024-09-09,"St Lawrence Ground, Canterbury",2,34.2,34.2,Kent,Hampshire,HZ Finch,BG Compton,LA Dawson,0,0,,,,,,,,,,,,,
1410250,2024,2024-09-09,"St Lawrence Ground, Canterbury",2,34.3,34.3,Kent,Hampshire,HZ Finch,BG Compton,LA Dawson,0,0,,,,,,,,,,,,,
1410250,2024,2024-09-09,"St Lawrence Ground, Canterbury",2,34.4,34.4,Kent,Hampshire,HZ Finch,BG Compton,LA Dawson,0,0,,,,,,,,,,,,,
1410250,2024,2024-09-09,"St Lawrence Ground, Canterbury",2,34.5,34.5,Kent,Hampshire,HZ Finch,BG Compton,LA Dawson,1,0,,,,,,,,,,,,,
1410250,2024,2024-09-09,"St Lawrence Ground, Canterbury",2,34.6,34.6,Kent,Hampshire,BG Compton,HZ Finch,LA Dawson,0,0,,,,,,,,,,,,,
1410250,2024,2024-09-09,"St Lawrence Ground, Canterbury",2,35.1,35.1,Kent,Hampshire,HZ Finch,BG Compton,Mohammad Abbas,0,0,,,,,,,,,,,,,
1410250,2024,2024-09-09,"St Lawrence Ground, Canterbury",2,35.2,35.2,Kent,Hampshire,HZ Finch,BG Compton,Mohammad Abbas,0,0,,,,,,,,,,,,,
1410250,2024,2024-09-09,"St Lawrence Ground, Canterbury",2,35.3,35.3,Kent,Hampshire,HZ Finch,BG Compton,Mohammad Abbas,0,0,,,,,,,,,,,,,
1410250,2024,2024-09-09,"St Lawrence Ground, Canterbury",2,35.4,35.4,Kent,Hampshire,HZ Finch,BG Compton,Mohammad Abbas,0,0,,,,,,,,,,,,,
1410250,2024,2024-09-09,"St Lawrence Ground, Canterbury",2,35.5,35.5,Kent,Hampshire,HZ Finch,BG Compton,Mohammad Abbas,0,0,,,,,,,,,,,,,
1410250,2024,2024-09-09,"St Lawrence Ground, Canterbury",2,35.6,35.6,Kent,Hampshire,HZ Finch,BG Compton,Mohammad Abbas,1,0,,,,,,,,,,,,,
1410250,2024,2024-09-09,"St Lawrence Ground, Canterbury",2,36.1,36.1,Kent,Hampshire,HZ Finch,BG Compton,LA Dawson,1,0,,,,,,,,,,,,,
1410250,2024,2024-09-09,"St Lawrence Ground, Canterbury",2,36.2,36.2,Kent,Hampshire,BG Compton,HZ Finch,LA Dawson,1,0,,,,,,,,,,,,,
1410250,2024,2024-09-09,"St Lawrence Ground, Canterbury",2,36.3,36.3,Kent,Hampshire,HZ Finch,BG Compton,LA Dawson,0,0,,,,,,,,,,,,,
1410250,2024,2024-09-09,"St Lawrence Ground, Canterbury",2,36.4,36.4,Kent,Hampshire,HZ Finch,BG Compton,LA Dawson,2,0,,,,,,,,,,,,,
1410250,2024,2024-09-09,"St Lawrence Ground, Canterbury",2,36.5,36.5,Kent,Hampshire,HZ Finch,BG Compton,LA Dawson,4,0,,,,,,,,,,,,,
1410250,2024,2024-09-09,"St Lawrence Ground, Canterbury",2,36.6,36.6,Kent,Hampshire,HZ Finch,BG Compton,LA Dawson,4,0,,,,,,,,,,,,,
1410250,2024,2024-09-09,"St Lawrence Ground, Canterbury",2,37.1,37.1,Kent,Hampshire,BG Compton,HZ Finch,JK Fuller,1,0,,,,,,,,,,,,,
1410250,2024,2024-09-09,"St Lawrence Ground, Canterbury",2,37.2,37.2,Kent,Hampshire,HZ Finch,BG Compton,JK Fuller,0,0,,,,,,,,,,,,,
1410250,2024,2024-09-09,"St Lawrence Ground, Canterbury",2,37.3,37.3,Kent,Hampshire,HZ Finch,BG Compton,JK Fuller,0,0,,,,,,,,,,,,,
1410250,2024,2024-09-09,"St Lawrence Ground, Canterbury",2,37.4,37.4,Kent,Hampshire,HZ Finch,BG Compton,JK Fuller,0,0,,,,,,,,,,,,,
1410250,2024,2024-09-09,"St Lawrence Ground, Canterbury",2,37.5,37.5,Kent,Hampshire,HZ Finch,BG Compton,JK Fuller,1,0,,,,,,,,,,,,,
1410250,2024,2024-09-09,"St Lawrence Ground, Canterbury",2,37.6,37.6,Kent,Hampshire,BG Compton,HZ Finch,JK Fuller,0,0,,,,,,,,,,,,,
1410250,2024,2024-09-09,"St Lawrence Ground, Canterbury",2,38.1,38.1,Kent,Hampshire,HZ Finch,BG Compton,LA Dawson,0,0,,,,,,,,,,,,,
1410250,2024,2024-09-09,"St Lawrence Ground, Canterbury",2,38.2,38.2,Kent,Hampshire,HZ Finch,BG Compton,LA Dawson,0,0,,,,,,,,,,,,,
1410250,2024,2024-09-09,"St Lawrence Ground, Canterbury",2,38.3,38.3,Kent,Hampshire,HZ Finch,BG Compton,LA Dawson,0,0,,,,,,,,,,,,,
1410250,2024,2024-09-09,"St Lawrence Ground, Canterbury",2,38.4,38.4,Kent,Hampshire,HZ Finch,BG Compton,LA Dawson,0,0,,,,,,,,,,,,,
1410250,2024,2024-09-09,"St Lawrence Ground, Canterbury",2,38.5,38.5,Kent,Hampshire,HZ Finch,BG Compton,LA Dawson,1,0,,,,,,,,,,,,,
1410250,2024,2024-09-09,"St Lawrence Ground, Canterbury",2,38.6,38.6,Kent,Hampshire,BG Compton,HZ Finch,LA Dawson,0,0,,,,,,,,,,,,,
1410250,2024,2024-09-09,"St Lawrence Ground, Canterbury",2,39.1,39.1,Kent,Hampshire,HZ Finch,BG Compton,JK Fuller,0,0,,,,,,,,,,,,,
1410250,2024,2024-09-09,"St Lawrence Ground, Canterbury",2,39.2,39.2,Kent,Hampshire,HZ Finch,BG Compton,JK Fuller,0,0,,,,,,,,,,,,,
1410250,2024,2024-09-09,"St Lawrence Ground, Canterbury",2,39.3,39.3,Kent,Hampshire,HZ Finch,BG Compton,JK Fuller,4,0,,,,,,,,,,,,,
1410250,2024,2024-09-09,"St Lawrence Ground, Canterbury",2,39.4,39.4,Kent,Hampshire,HZ Finch,BG Compton,JK Fuller,1,0,,,,,,,,,,,,,
1410250,2024,2024-09-09,"St Lawrence Ground, Canterbury",2,39.5,39.5,Kent,Hampshire,BG Compton,HZ Finch,JK Fuller,0,0,,,,,,,,,,,,,
1410250,2024,2024-09-09,"St Lawrence Ground, Canterbury",2,39.6,39.6,Kent,Hampshire,BG Compton,HZ Finch,JK Fuller,0,0,,,,,,,,,,,,,
1410250,2024,2024-09-09,"St Lawrence Ground, Canterbury",2,40.1,40.1,Kent,Hampshire,HZ Finch,BG Compton,LA Dawson,0,0,,,,,,,,,,,,,
1410250,2024,2024-09-09,"St Lawrence Ground, Canterbury",2,40.2,40.2,Kent,Hampshire,HZ Finch,BG Compton,LA Dawson,0,0,,,,,,,,,,,,,
1410250,2024,2024-09-09,"St Lawrence Ground, Canterbury",2,40.3,40.3,Kent,Hampshire,HZ Finch,BG Compton,LA Dawson,0,0,,,,,,,,,,,,,
1410250,2024,2024-09-09,"St Lawrence Ground, Canterbury",2,40.4,40.4,Kent,Hampshire,HZ Finch,BG Compton,LA Dawson,0,0,,,,,,,,,,,,,
1410250,2024,2024-09-09,"St Lawrence Ground, Canterbury",2,40.5,40.5,Kent,Hampshire,HZ Finch,BG Compton,LA Dawson,0,0,,,,,,,,,,,,,
1410250,2024,2024-09-09,"St Lawrence Ground, Canterbury",2,40.6,40.6,Kent,Hampshire,HZ Finch,BG Compton,LA Dawson,0,0,,,,,,,,,,,,,
1410250,2024,2024-09-09,"St Lawrence Ground, Canterbury",2,41.1,41.1,Kent,Hampshire,BG Compton,HZ Finch,JK Fuller,4,0,,,,,,,,,,,,,
1410250,2024,2024-09-09,"St Lawrence Ground, Canterbury",2,41.2,41.2,Kent,Hampshire,BG Compton,HZ Finch,JK Fuller,0,0,,,,,,,,,,,,,
1410250,2024,2024-09-09,"St Lawrence Ground, Canterbury",2,41.3,41.3,Kent,Hampshire,BG Compton,HZ Finch,JK Fuller,1,0,,,,,,,,,,,,,
1410250,2024,2024-09-09,"St Lawrence Ground, Canterbury",2,41.4,41.4,Kent,Hampshire,HZ Finch,BG Compton,JK Fuller,1,0,,,,,,,,,,,,,
1410250,2024,2024-09-09,"St Lawrence Ground, Canterbury",2,41.5,41.5,Kent,Hampshire,BG Compton,HZ Finch,JK Fuller,0,0,,,,,,,,,,,,,
1410250,2024,2024-09-09,"St Lawrence Ground, Canterbury",2,41.6,41.6,Kent,Hampshire,BG Compton,HZ Finch,JK Fuller,0,0,,,,,,,,,,,,,
1410250,2024,2024-09-09,"St Lawrence Ground, Canterbury",2,42.1,42.1,Kent,Hampshire,HZ Finch,BG Compton,LA Dawson,1,0,,,,,,,,,,,,,
1410250,2024,2024-09-09,"St Lawrence Ground, Canterbury",2,42.2,42.2,Kent,Hampshire,BG Compton,HZ Finch,LA Dawson,0,0,,,,,,,,,,,,,
1410250,2024,2024-09-09,"St Lawrence Ground, Canterbury",2,42.3,42.3,Kent,Hampshire,BG Compton,HZ Finch,LA Dawson,0,0,,,,,,,,,,,,,
1410250,2024,2024-09-09,"St Lawrence Ground, Canterbury",2,42.4,42.4,Kent,Hampshire,BG Compton,HZ Finch,LA Dawson,0,0,,,,,,,,,,,,,
1410250,2024,2024-09-09,"St Lawrence Ground, Canterbury",2,42.5,42.5,Kent,Hampshire,BG Compton,HZ Finch,LA Dawson,0,0,,,,,,,,,,,,,
1410250,2024,2024-09-09,"St Lawrence Ground, Canterbury",2,42.6,42.6,Kent,Hampshire,BG Compton,HZ Finch,LA Dawson,1,0,,,,,,,,,,,,,
1410250,2024,2024-09-09,"St Lawrence Ground, Canterbury",2,43.1,43.1,Kent,Hampshire,BG Compton,HZ Finch,JK Fuller,0,0,,,,,,,,,,,,,
1410250,2024,2024-09-09,"St Lawrence Ground, Canterbury",2,43.2,43.2,Kent,Hampshire,BG Compton,HZ Finch,JK Fuller,0,0,,,,,,,,,,,,,
1410250,2024,2024-09-09,"St Lawrence Ground, Canterbury",2,43.3,43.3,Kent,Hampshire,BG Compton,HZ Finch,JK Fuller,0,0,,,,,,,,,,,,,
1410250,2024,2024-09-09,"St Lawrence Ground, Canterbury",2,43.4,43.4,Kent,Hampshire,BG Compton,HZ Finch,JK Fuller,0,0,,,,,,,,,,,,,
1410250,2024,2024-09-09,"St Lawrence Ground, Canterbury",2,43.5,43.5,Kent,Hampshire,BG Compton,HZ Finch,JK Fuller,1,0,,,,,,,,,,,,,
1410250,2024,2024-09-09,"St Lawrence Ground, Canterbury",2,43.6,43.6,Kent,Hampshire,HZ Finch,BG Compton,JK Fuller,4,0,,,,,,,,,,,,,
1410250,2024,2024-09-09,"St Lawrence Ground, Canterbury",2,44.1,44.1,Kent,Hampshire,BG Compton,HZ Finch,LA Dawson,0,0,,,,,,,,,,,,,
1410250,2024,2024-09-09,"St Lawrence Ground, Canterbury",2,44.2,44.2,Kent,Hampshire,BG Compton,HZ Finch,LA Dawson,0,0,,,,,,,,,,,,,
1410250,2024,2024-09-09,"St Lawrence Ground, Canterbury",2,44.3,44.3,Kent,Hampshire,BG Compton,HZ Finch,LA Dawson,1,0,,,,,,,,,,,,,
1410250,2024,2024-09-09,"St Lawrence Ground, Canterbury",2,44.4,44.4,Kent,Hampshire,HZ Finch,BG Compton,LA Dawson,0,0,,,,,,,,,,,,,
1410250,2024,2024-09-09,"St Lawrence Ground, Canterbury",2,44.5,44.5,Kent,Hampshire,HZ Finch,BG Compton,LA Dawson,0,0,,,,,,,,,,,,,
1410250,2024,2024-09-09,"St Lawrence Ground, Canterbury",2,44.6,44.6,Kent,Hampshire,HZ Finch,BG Compton,LA Dawson,2,0,,,,,,,,,,,,,
1410250,2024,2024-09-09,"St Lawrence Ground, Canterbury",2,45.1,45.1,Kent,Hampshire,BG Compton,HZ Finch,JK Fuller,4,0,,,,,,,,,,,,,
1410250,2024,2024-09-09,"St Lawrence Ground, Canterbury",2,45.2,45.2,Kent,Hampshire,BG Compton,HZ Finch,JK Fuller,0,0,,,,,,,,,,,,,
1410250,2024,2024-09-09,"St Lawrence Ground, Canterbury",2,45.3,45.3,Kent,Hampshire,BG Compton,HZ Finch,JK Fuller,0,2,,2,,,,,,,,,,,
1410250,2024,2024-09-09,"St Lawrence Ground, Canterbury",2,45.4,45.3,Kent,Hampshire,BG Compton,HZ Finch,JK Fuller,0,0,,,,,,,,,,,,,
1410250,2024,2024-09-09,"St Lawrence Ground, Canterbury",2,45.5,45.4,Kent,Hampshire,BG Compton,HZ Finch,JK Fuller,0,0,,,,,,,,,,,,,
1410250,2024,2024-09-09,"St Lawrence Ground, Canterbury",2,45.6,45.5,Kent,Hampshire,BG Compton,HZ Finch,JK Fuller,1,0,,,,,,,,,,,,,
1410250,2024,2024-09-09,"St Lawrence Ground, Canterbury",2,45.7,45.6,Kent,Hampshire,HZ Finch,BG Compton,JK Fuller,2,0,,,,,,,,,,,,,
1410250,2024,2024-09-09,"St Lawrence Ground, Canterbury",2,46.1,46.1,Kent,Hampshire,BG Compton,HZ Finch,LA Dawson,0,0,,,,,,,,,,,,,
1410250,2024,2024-09-09,"St Lawrence Ground, Canterbury",2,46.2,46.2,Kent,Hampshire,BG Compton,HZ Finch,LA Dawson,0,0,,,,,,,,,,,,,
1410250,2024,2024-09-09,"St Lawrence Ground, Canterbury",2,46.3,46.3,Kent,Hampshire,BG Compton,HZ Finch,LA Dawson,0,0,,,,,,,,,,,,,
1410250,2024,2024-09-09,"St Lawrence Ground, Canterbury",2,46.4,46.4,Kent,Hampshire,BG Compton,HZ Finch,LA Dawson,0,0,,,,,,,,,,,,,
1410250,2024,2024-09-09,"St Lawrence Ground, Canterbury",2,46.5,46.5,Kent,Hampshire,BG Compton,HZ Finch,LA Dawson,4,0,,,,,,,,,,,,,
1410250,2024,2024-09-09,"St Lawrence Ground, Canterbury",2,46.6,46.6,Kent,Hampshire,BG Compton,HZ Finch,LA Dawson,0,0,,,,,,,,,,,,,
1410250,2024,2024-09-09,"St Lawrence Ground, Canterbury",2,47.1,47.1,Kent,Hampshire,HZ Finch,BG Compton,JK Fuller,0,1,,,,1,,,,,,,,,
1410250,2024,2024-09-09,"St Lawrence Ground, Canterbury",2,47.2,47.2,Kent,Hampshire,BG Compton,HZ Finch,JK Fuller,1,0,,,,,,,,,,,,,
1410250,2024,2024-09-09,"St Lawrence Ground, Canterbury",2,47.3,47.3,Kent,Hampshire,HZ Finch,BG Compton,JK Fuller,0,0,,,,,,,,,,,,,
1410250,2024,2024-09-09,"St Lawrence Ground, Canterbury",2,47.4,47.4,Kent,Hampshire,HZ Finch,BG Compton,JK Fuller,0,0,,,,,,,,,,,,,
1410250,2024,2024-09-09,"St Lawrence Ground, Canterbury",2,47.5,47.5,Kent,Hampshire,HZ Finch,BG Compton,JK Fuller,0,0,,,,,,,,,,,,,
1410250,2024,2024-09-09,"St Lawrence Ground, Canterbury",2,47.6,47.6,Kent,Hampshire,HZ Finch,BG Compton,JK Fuller,0,0,,,,,,,,,,,,,
1410250,2024,2024-09-09,"St Lawrence Ground, Canterbury",2,48.1,48.1,Kent,Hampshire,BG Compton,HZ Finch,LA Dawson,0,0,,,,,,,,,,,,,
1410250,2024,2024-09-09,"St Lawrence Ground, Canterbury",2,48.2,48.2,Kent,Hampshire,BG Compton,HZ Finch,LA Dawson,0,0,,,,,,,,,,,,,
1410250,2024,2024-09-09,"St Lawrence Ground, Canterbury",2,48.3,48.3,Kent,Hampshire,BG Compton,HZ Finch,LA Dawson,1,0,,,,,,,,,,,,,
1410250,2024,2024-09-09,"St Lawrence Ground, Canterbury",2,48.4,48.4,Kent,Hampshire,HZ Finch,BG Compton,LA Dawson,0,0,,,,,,,,,,,,,
1410250,2024,2024-09-09,"St Lawrence Ground, Canterbury",2,48.5,48.5,Kent,Hampshire,HZ Finch,BG Compton,LA Dawson,0,0,,,,,,,,,,,,,
1410250,2024,2024-09-09,"St Lawrence Ground, Canterbury",2,48.6,48.6,Kent,Hampshire,HZ Finch,BG Compton,LA Dawson,0,0,,,,,,,,,,,,,
1410250,2024,2024-09-09,"St Lawrence Ground, Canterbury",2,49.1,49.1,Kent,Hampshire,BG Compton,HZ Finch,KJ Abbott,0,0,,,,,,,caught,BG Compton,,,TE Albert,,
1410250,2024,2024-09-09,"St Lawrence Ground, Canterbury",2,49.2,49.2,Kent,Hampshire,CH Stobo,HZ Finch,KJ Abbott,0,0,,,,,,,,,,,,,
1410250,2024,2024-09-09,"St Lawrence Ground, Canterbury",2,49.3,49.3,Kent,Hampshire,CH Stobo,HZ Finch,KJ Abbott,0,0,,,,,,,,,,,,,
1410250,2024,2024-09-09,"St Lawrence Ground, Canterbury",2,49.4,49.4,Kent,Hampshire,CH Stobo,HZ Finch,KJ Abbott,0,0,,,,,,,,,,,,,
1410250,2024,2024-09-09,"St Lawrence Ground, Canterbury",2,49.5,49.5,Kent,Hampshire,CH Stobo,HZ Finch,KJ Abbott,0,0,,,,,,,,,,,,,
1410250,2024,2024-09-09,"St Lawrence Ground, Canterbury",2,49.6,49.6,Kent,Hampshire,CH Stobo,HZ Finch,KJ Abbott,2,0,,,,,,,,,,,,,
1410250,2024,2024-09-09,"St Lawrence Ground, Canterbury",2,50.1,50.1,Kent,Hampshire,HZ Finch,CH Stobo,LA Dawson,0,0,,,,,,,,,,,,,
1410250,2024,2024-09-09,"St Lawrence Ground, Canterbury",2,50.2,50.2,Kent,Hampshire,HZ Finch,CH Stobo,LA Dawson,0,0,,,,,,,,,,,,,
1410250,2024,2024-09-09,"St Lawrence Ground, Canterbury",2,50.3,50.3,Kent,Hampshire,HZ Finch,CH Stobo,LA Dawson,1,0,,,,,,,,,,,,,
1410250,2024,2024-09-09,"St Lawrence Ground, Canterbury",2,50.4,50.4,Kent,Hampshire,CH Stobo,HZ Finch,LA Dawson,0,0,,,,,,,,,,,,,
1410250,2024,2024-09-09,"St Lawrence Ground, Canterbury",2,50.5,50.5,Kent,Hampshire,CH Stobo,HZ Finch,LA Dawson,0,0,,,,,,,,,,,,,
1410250,2024,2024-09-09,"St Lawrence Ground, Canterbury",2,50.6,50.6,Kent,Hampshire,CH Stobo,HZ Finch,LA Dawson,0,0,,,,,,,,,,,,,
1410250,2024,2024-09-09,"St Lawrence Ground, Canterbury",2,51.1,51.1,Kent,Hampshire,HZ Finch,CH Stobo,KJ Abbott,0,0,,,,,,,,,,,,,
1410250,2024,2024-09-09,"St Lawrence Ground, Canterbury",2,51.2,51.2,Kent,Hampshire,HZ Finch,CH Stobo,KJ Abbott,1,0,,,,,,,,,,,,,
1410250,2024,2024-09-09,"St Lawrence Ground, Canterbury",2,51.3,51.3,Kent,Hampshire,CH Stobo,HZ Finch,KJ Abbott,0,0,,,,,,,,,,,,,
1410250,2024,2024-09-09,"St Lawrence Ground, Canterbury",2,51.4,51.4,Kent,Hampshire,CH Stobo,HZ Finch,KJ Abbott,1,0,,,,,,,,,,,,,
1410250,2024,2024-09-09,"St Lawrence Ground, Canterbury",2,51.5,51.5,Kent,Hampshire,HZ Finch,CH Stobo,KJ Abbott,0,0,,,,,,,,,,,,,
1410250,2024,2024-09-09,"St Lawrence Ground, Canterbury",2,51.6,51.6,Kent,Hampshire,HZ Finch,CH Stobo,KJ Abbott,0,0,,,,,,,caught,HZ Finch,,,BC Brown,,
1410250,2024,2024-09-09,"St Lawrence Ground, Canterbury",2,52.1,52.1,Kent,Hampshire,CH Stobo,MW Parkinson,LA Dawson,1,0,,,,,,,,,,,,,
1410250,2024,2024-09-09,"St Lawrence Ground, Canterbury",2,52.2,52.2,Kent,Hampshire,MW Parkinson,CH Stobo,LA Dawson,1,0,,,,,,,,,,,,,
1410250,2024,2024-09-09,"St Lawrence Ground, Canterbury",2,52.3,52.3,Kent,Hampshire,CH Stobo,MW Parkinson,LA Dawson,0,0,,,,,,,,,,,,,
1410250,2024,2024-09-09,"St Lawrence Ground, Canterbury",2,52.4,52.4,Kent,Hampshire,CH Stobo,MW Parkinson,LA Dawson,1,0,,,,,,,,,,,,,
1410250,2024,2024-09-09,"St Lawrence Ground, Canterbury",2,52.5,52.5,Kent,Hampshire,MW Parkinson,CH Stobo,LA Dawson,0,0,,,,,,,,,,,,,
1410250,2024,2024-09-09,"St Lawrence Ground, Canterbury",2,52.6,52.6,Kent,Hampshire,MW Parkinson,CH Stobo,LA Dawson,0,0,,,,,,,,,,,,,
1410250,2024,2024-09-09,"St Lawrence Ground, Canterbury",2,53.1,53.1,Kent,Hampshire,CH Stobo,MW Parkinson,KJ Abbott,0,0,,,,,,,,,,,,,
1410250,2024,2024-09-09,"St Lawrence Ground, Canterbury",2,53.2,53.2,Kent,Hampshire,CH Stobo,MW Parkinson,KJ Abbott,0,0,,,,,,,,,,,,,
1410250,2024,2024-09-09,"St Lawrence Ground, Canterbury",2,53.3,53.3,Kent,Hampshire,CH Stobo,MW Parkinson,KJ Abbott,4,0,,,,,,,,,,,,,
1410250,2024,2024-09-09,"St Lawrence Ground, Canterbury",2,53.4,53.4,Kent,Hampshire,CH Stobo,MW Parkinson,KJ Abbott,0,0,,,,,,,,,,,,,
1410250,2024,2024-09-09,"St Lawrence Ground, Canterbury",2,53.5,53.5,Kent,Hampshire,CH Stobo,MW Parkinson,KJ Abbott,1,0,,,,,,,,,,,,,
1410250,2024,2024-09-09,"St Lawrence Ground, Canterbury",2,53.6,53.6,Kent,Hampshire,MW Parkinson,CH Stobo,KJ Abbott,0,0,,,,,,,,,,,,,
1410250,2024,2024-09-09,"St Lawrence Ground, Canterbury",2,54.1,54.1,Kent,Hampshire,CH Stobo,MW Parkinson,LA Dawson,0,0,,,,,,,,,,,,,
1410250,2024,2024-09-09,"St Lawrence Ground, Canterbury",2,54.2,54.2,Kent,Hampshire,CH Stobo,MW Parkinson,LA Dawson,0,0,,,,,,,bowled,CH Stobo,,,,,
1410250,2024,2024-09-09,"St Lawrence Ground, Canterbury",2,54.3,54.3,Kent,Hampshire,GA Garrett,MW Parkinson,LA Dawson,0,0,,,,,,,,,,,,,
1410250,2024,2024-09-09,"St Lawrence Ground, Canterbury",2,54.4,54.4,Kent,Hampshire,GA Garrett,MW Parkinson,LA Dawson,0,0,,,,,,,,,,,,,
1410250,2024,2024-09-09,"St Lawrence Ground, Canterbury",2,54.5,54.5,Kent,Hampshire,GA Garrett,MW Parkinson,LA Dawson,0,0,,,,,,,,,,,,,
1410250,2024,2024-09-09,"St Lawrence Ground, Canterbury",2,54.6,54.6,Kent,Hampshire,GA Garrett,MW Parkinson,LA Dawson,0,0,,,,,,,,,,,,,
1410250,2024,2024-09-09,"St Lawrence Ground, Canterbury",2,55.1,55.1,Kent,Hampshire,MW Parkinson,GA Garrett,BTJ Wheal,0,0,,,,,,,,,,,,,
1410250,2024,2024-09-09,"St Lawrence Ground, Canterbury",2,55.2,55.2,Kent,Hampshire,MW Parkinson,GA Garrett,BTJ Wheal,3,0,,,,,,,,,,,,,
1410250,2024,2024-09-09,"St Lawrence Ground, Canterbury",2,55.3,55.3,Kent,Hampshire,GA Garrett,MW Parkinson,BTJ Wheal,0,0,,,,,,,,,,,,,
1410250,2024,2024-09-09,"St Lawrence Ground, Canterbury",2,55.4,55.4,Kent,Hampshire,GA Garrett,MW Parkinson,BTJ Wheal,0,0,,,,,,,,,,,,,
1410250,2024,2024-09-09,"St Lawrence Ground, Canterbury",2,55.5,55.5,Kent,Hampshire,GA Garrett,MW Parkinson,BTJ Wheal,0,0,,,,,,,,,,,,,
1410250,2024,2024-09-09,"St Lawrence Ground, Canterbury",2,55.6,55.6,Kent,Hampshire,GA Garrett,MW Parkinson,BTJ Wheal,0,0,,,,,,,,,,,,,
1410250,2024,2024-09-09,"St Lawrence Ground, Canterbury",2,56.1,56.1,Kent,Hampshire,MW Parkinson,GA Garrett,LA Dawson,0,0,,,,,,,,,,,,,
1410250,2024,2024-09-09,"St Lawrence Ground, Canterbury",2,56.2,56.2,Kent,Hampshire,MW Parkinson,GA Garrett,LA Dawson,0,0,,,,,,,,,,,,,
1410250,2024,2024-09-09,"St Lawrence Ground, Canterbury",2,56.3,56.3,Kent,Hampshire,MW Parkinson,GA Garrett,LA Dawson,0,0,,,,,,,,,,,,,
1410250,2024,2024-09-09,"St Lawrence Ground, Canterbury",2,56.4,56.4,Kent,Hampshire,MW Parkinson,GA Garrett,LA Dawson,0,0,,,,,,,,,,,,,
1410250,2024,2024-09-09,"St Lawrence Ground, Canterbury",2,56.5,56.5,Kent,Hampshire,MW Parkinson,GA Garrett,LA Dawson,0,0,,,,,,,,,,,,,
1410250,2024,2024-09-09,"St Lawrence Ground, Canterbury",2,56.6,56.6,Kent,Hampshire,MW Parkinson,GA Garrett,LA Dawson,0,0,,,,,,,,,,,,,
1410250,2024,2024-09-09,"St Lawrence Ground, Canterbury",2,57.1,57.1,Kent,Hampshire,GA Garrett,MW Parkinson,BTJ Wheal,0,0,,,,,,,,,,,,,
1410250,2024,2024-09-09,"St Lawrence Ground, Canterbury",2,57.2,57.2,Kent,Hampshire,GA Garrett,MW Parkinson,BTJ Wheal,0,0,,,,,,,,,,,,,
1410250,2024,2024-09-09,"St Lawrence Ground, Canterbury",2,57.3,57.3,Kent,Hampshire,GA Garrett,MW Parkinson,BTJ Wheal,1,0,,,,,,,,,,,,,
1410250,2024,2024-09-09,"St Lawrence Ground, Canterbury",2,57.4,57.4,Kent,Hampshire,MW Parkinson,GA Garrett,BTJ Wheal,0,0,,,,,,,,,,,,,
1410250,2024,2024-09-09,"St Lawrence Ground, Canterbury",2,57.5,57.5,Kent,Hampshire,MW Parkinson,GA Garrett,BTJ Wheal,0,0,,,,,,,,,,,,,
1410250,2024,2024-09-09,"St Lawrence Ground, Canterbury",2,57.6,57.6,Kent,Hampshire,MW Parkinson,GA Garrett,BTJ Wheal,0,0,,,,,,,,,,,,,
1410250,2024,2024-09-09,"St Lawrence Ground, Canterbury",2,58.1,58.1,Kent,Hampshire,GA Garrett,MW Parkinson,LA Dawson,0,0,,,,,,,,,,,,,
1410250,2024,2024-09-09,"St Lawrence Ground, Canterbury",2,58.2,58.2,Kent,Hampshire,GA Garrett,MW Parkinson,LA Dawson,0,0,,,,,,,,,,,,,
1410250,2024,2024-09-09,"St Lawrence Ground, Canterbury",2,58.3,58.3,Kent,Hampshire,GA Garrett,MW Parkinson,LA Dawson,0,0,,,,,,,,,,,,,
1410250,2024,2024-09-09,"St Lawrence Ground, Canterbury",2,58.4,58.4,Kent,Hampshire,GA Garrett,MW Parkinson,LA Dawson,0,0,,,,,,,,,,,,,
1410250,2024,2024-09-09,"St Lawrence Ground, Canterbury",2,58.5,58.5,Kent,Hampshire,GA Garrett,MW Parkinson,LA Dawson,0,0,,,,,,,,,,,,,
1410250,2024,2024-09-09,"St Lawrence Ground, Canterbury",2,58.6,58.6,Kent,Hampshire,GA Garrett,MW Parkinson,LA Dawson,0,0,,,,,,,,,,,,,
1410250,2024,2024-09-09,"St Lawrence Ground, Canterbury",2,59.1,59.1,Kent,Hampshire,MW Parkinson,GA Garrett,BTJ Wheal,0,1,,,,1,,,,,,,,,
1410250,2024,2024-09-09,"St Lawrence Ground, Canterbury",2,59.2,59.2,Kent,Hampshire,GA Garrett,MW Parkinson,BTJ Wheal,0,0,,,,,,,,,,,,,
1410250,2024,2024-09-09,"St Lawrence Ground, Canterbury",2,59.3,59.3,Kent,Hampshire,GA Garrett,MW Parkinson,BTJ Wheal,0,0,,,,,,,,,,,,,
1410250,2024,2024-09-09,"St Lawrence Ground, Canterbury",2,59.4,59.4,Kent,Hampshire,GA Garrett,MW Parkinson,BTJ Wheal,0,0,,,,,,,,,,,,,
1410250,2024,2024-09-09,"St Lawrence Ground, Canterbury",2,59.5,59.5,Kent,Hampshire,GA Garrett,MW Parkinson,BTJ Wheal,0,0,,,,,,,,,,,,,
1410250,2024,2024-09-09,"St Lawrence Ground, Canterbury",2,59.6,59.6,Kent,Hampshire,GA Garrett,MW Parkinson,BTJ Wheal,0,0,,,,,,,,,,,,,
1410250,2024,2024-09-09,"St Lawrence Ground, Canterbury",2,60.1,60.1,Kent,Hampshire,MW Parkinson,GA Garrett,LA Dawson,0,0,,,,,,,,,,,,,
1410250,2024,2024-09-09,"St Lawrence Ground, Canterbury",2,60.2,60.2,Kent,Hampshire,MW Parkinson,GA Garrett,LA Dawson,0,0,,,,,,,,,,,,,
1410250,2024,2024-09-09,"St Lawrence Ground, Canterbury",2,60.3,60.3,Kent,Hampshire,MW Parkinson,GA Garrett,LA Dawson,0,0,,,,,,,,,,,,,
1410250,2024,2024-09-09,"St Lawrence Ground, Canterbury",2,60.4,60.4,Kent,Hampshire,MW Parkinson,GA Garrett,LA Dawson,0,0,,,,,,,,,,,,,
1410250,2024,2024-09-09,"St Lawrence Ground, Canterbury",2,60.5,60.5,Kent,Hampshire,MW Parkinson,GA Garrett,LA Dawson,0,0,,,,,,,,,,,,,
1410250,2024,2024-09-09,"St Lawrence Ground, Canterbury",2,60.6,60.6,Kent,Hampshire,MW Parkinson,GA Garrett,LA Dawson,0,0,,,,,,,,,,,,,
1410250,2024,2024-09-09,"St Lawrence Ground, Canterbury",2,61.1,61.1,Kent,Hampshire,GA Garrett,MW Parkinson,BTJ Wheal,0,2,,2,,,,,,,,,,,
1410250,2024,2024-09-09,"St Lawrence Ground, Canterbury",2,61.2,61.1,Kent,Hampshire,GA Garrett,MW Parkinson,BTJ Wheal,1,0,,,,,,,,,,,,,
1410250,2024,2024-09-09,"St Lawrence Ground, Canterbury",2,61.3,61.2,Kent,Hampshire,MW Parkinson,GA Garrett,BTJ Wheal,0,0,,,,,,,,,,,,,
1410250,2024,2024-09-09,"St Lawrence Ground, Canterbury",2,61.4,61.3,Kent,Hampshire,MW Parkinson,GA Garrett,BTJ Wheal,0,0,,,,,,,,,,,,,
1410250,2024,2024-09-09,"St Lawrence Ground, Canterbury",2,61.5,61.4,Kent,Hampshire,MW Parkinson,GA Garrett,BTJ Wheal,0,0,,,,,,,,,,,,,
1410250,2024,2024-09-09,"St Lawrence Ground, Canterbury",2,61.6,61.5,Kent,Hampshire,MW Parkinson,GA Garrett,BTJ Wheal,0,0,,,,,,,,,,,,,
1410250,2024,2024-09-09,"St Lawrence Ground, Canterbury",2,61.7,61.6,Kent,Hampshire,MW Parkinson,GA Garrett,BTJ Wheal,0,0,,,,,,,,,,,,,
1410250,2024,2024-09-09,"St Lawrence Ground, Canterbury",2,62.1,62.1,Kent,Hampshire,GA Garrett,MW Parkinson,LA Dawson,0,0,,,,,,,,,,,,,
1410250,2024,2024-09-09,"St Lawrence Ground, Canterbury",2,62.2,62.2,Kent,Hampshire,GA Garrett,MW Parkinson,LA Dawson,0,0,,,,,,,,,,,,,
1410250,2024,2024-09-09,"St Lawrence Ground, Canterbury",2,62.3,62.3,Kent,Hampshire,GA Garrett,MW Parkinson,LA Dawson,0,0,,,,,,,,,,,,,
1410250,2024,2024-09-09,"St Lawrence Ground, Canterbury",2,62.4,62.4,Kent,Hampshire,GA Garrett,MW Parkinson,LA Dawson,0,0,,,,,,,,,,,,,
1410250,2024,2024-09-09,"St Lawrence Ground, Canterbury",2,62.5,62.5,Kent,Hampshire,GA Garrett,MW Parkinson,LA Dawson,0,0,,,,,,,,,,,,,
1410250,2024,2024-09-09,"St Lawrence Ground, Canterbury",2,62.6,62.6,Kent,Hampshire,GA Garrett,MW Parkinson,LA Dawson,0,4,,,4,,,,,,,,,,
1410250,2024,2024-09-09,"St Lawrence Ground, Canterbury",2,63.1,63.1,Kent,Hampshire,MW Parkinson,GA Garrett,BTJ Wheal,0,1,,,,1,,,,,,,,,
1410250,2024,2024-09-09,"St Lawrence Ground, Canterbury",2,63.2,63.2,Kent,Hampshire,GA Garrett,MW Parkinson,BTJ Wheal,1,0,,,,,,,,,,,,,
1410250,2024,2024-09-09,"St Lawrence Ground, Canterbury",2,63.3,63.3,Kent,Hampshire,MW Parkinson,GA Garrett,BTJ Wheal,0,0,,,,,,,,,,,,,
1410250,2024,2024-09-09,"St Lawrence Ground, Canterbury",2,63.4,63.4,Kent,Hampshire,MW Parkinson,GA Garrett,BTJ Wheal,0,0,,,,,,,,,,,,,
1410250,2024,2024-09-09,"St Lawrence Ground, Canterbury",2,63.5,63.5,Kent,Hampshire,MW Parkinson,GA Garrett,BTJ Wheal,0,0,,,,,,,,,,,,,
1410250,2024,2024-09-09,"St Lawrence Ground, Canterbury",2,63.6,63.6,Kent,Hampshire,MW Parkinson,GA Garrett,BTJ Wheal,0,0,,,,,,,,,,,,,
1410250,2024,2024-09-09,"St Lawrence Ground, Canterbury",2,64.1,64.1,Kent,Hampshire,GA Garrett,MW Parkinson,LA Dawson,0,0,,,,,,,,,,,,,
1410250,2024,2024-09-09,"St Lawrence Ground, Canterbury",2,64.2,64.2,Kent,Hampshire,GA Garrett,MW Parkinson,LA Dawson,0,0,,,,,,,,,,,,,
1410250,2024,2024-09-09,"St Lawrence Ground, Canterbury",2,64.3,64.3,Kent,Hampshire,GA Garrett,MW Parkinson,LA Dawson,0,0,,,,,,,,,,,,,
1410250,2024,2024-09-09,"St Lawrence Ground, Canterbury",2,64.4,64.4,Kent,Hampshire,GA Garrett,MW Parkinson,LA Dawson,0,0,,,,,,,,,,,,,
1410250,2024,2024-09-09,"St Lawrence Ground, Canterbury",2,64.5,64.5,Kent,Hampshire,GA Garrett,MW Parkinson,LA Dawson,0,0,,,,,,,,,,,,,
1410250,2024,2024-09-09,"St Lawrence Ground, Canterbury",2,64.6,64.6,Kent,Hampshire,GA Garrett,MW Parkinson,LA Dawson,0,0,,,,,,,,,,,,,
1410250,2024,2024-09-09,"St Lawrence Ground, Canterbury",2,65.1,65.1,Kent,Hampshire,MW Parkinson,GA Garrett,BTJ Wheal,0,0,,,,,,,,,,,,,
1410250,2024,2024-09-09,"St Lawrence Ground, Canterbury",2,65.2,65.2,Kent,Hampshire,MW Parkinson,GA Garrett,BTJ Wheal,0,0,,,,,,,caught,MW Parkinson,,,BC Brown,,
1410250,2024,2024-09-09,"St Lawrence Ground, Canterbury",2,65.3,65.3,Kent,Hampshire,Jaskaran Singh,GA Garrett,BTJ Wheal,0,0,,,,,,,,,,,,,
1410250,2024,2024-09-09,"St Lawrence Ground, Canterbury",2,65.4,65.4,Kent,Hampshire,Jaskaran Singh,GA Garrett,BTJ Wheal,0,0,,,,,,,,,,,,,
1410250,2024,2024-09-09,"St Lawrence Ground, Canterbury",2,65.5,65.5,Kent,Hampshire,Jaskaran Singh,GA Garrett,BTJ Wheal,0,0,,,,,,,,,,,,,
1410250,2024,2024-09-09,"St Lawrence Ground, Canterbury",2,65.6,65.6,Kent,Hampshire,Jaskaran Singh,GA Garrett,BTJ Wheal,0,0,,,,,,,,,,,,,
1410250,2024,2024-09-09,"St Lawrence Ground, Canterbury",2,66.1,66.1,Kent,Hampshire,GA Garrett,Jaskaran Singh,LA Dawson,0,0,,,,,,,,,,,,,
1410250,2024,2024-09-09,"St Lawrence Ground, Canterbury",2,66.2,66.2,Kent,Hampshire,GA Garrett,Jaskaran Singh,LA Dawson,0,0,,,,,,,,,,,,,
1410250,2024,2024-09-09,"St Lawrence Ground, Canterbury",2,66.3,66.3,Kent,Hampshire,GA Garrett,Jaskaran Singh,LA Dawson,2,0,,,,,,,,,,,,,
1410250,2024,2024-09-09,"St Lawrence Ground, Canterbury",2,66.4,66.4,Kent,Hampshire,GA Garrett,Jaskaran Singh,LA Dawson,0,0,,,,,,,,,,,,,
1410250,2024,2024-09-09,"St Lawrence Ground, Canterbury",2,66.5,66.5,Kent,Hampshire,GA Garrett,Jaskaran Singh,LA Dawson,0,0,,,,,,,,,,,,,
1410250,2024,2024-09-09,"St Lawrence Ground, Canterbury",2,66.6,66.6,Kent,Hampshire,GA Garrett,Jaskaran Singh,LA Dawson,3,0,,,,,,,,,,,,,
1410250,2024,2024-09-09,"St Lawrence Ground, Canterbury",2,67.1,67.1,Kent,Hampshire,GA Garrett,Jaskaran Singh,BTJ Wheal,0,0,,,,,,,,,,,,,
1410250,2024,2024-09-09,"St Lawrence Ground, Canterbury",2,67.2,67.2,Kent,Hampshire,GA Garrett,Jaskaran Singh,BTJ Wheal,1,0,,,,,,,,,,,,,
1410250,2024,2024-09-09,"St Lawrence Ground, Canterbury",2,67.3,67.3,Kent,Hampshire,Jaskaran Singh,GA Garrett,BTJ Wheal,0,0,,,,,,,,,,,,,
1410250,2024,2024-09-09,"St Lawrence Ground, Canterbury",2,67.4,67.4,Kent,Hampshire,Jaskaran Singh,GA Garrett,BTJ Wheal,1,0,,,,,,,,,,,,,
1410250,2024,2024-09-09,"St Lawrence Ground, Canterbury",2,67.5,67.5,Kent,Hampshire,GA Garrett,Jaskaran Singh,BTJ Wheal,0,0,,,,,,,,,,,,,
1410250,2024,2024-09-09,"St Lawrence Ground, Canterbury",2,67.6,67.6,Kent,Hampshire,GA Garrett,Jaskaran Singh,BTJ Wheal,0,0,,,,,,,,,,,,,
1410250,2024,2024-09-09,"St Lawrence Ground, Canterbury",2,68.1,68.1,Kent,Hampshire,Jaskaran Singh,GA Garrett,LA Dawson,0,0,,,,,,,,,,,,,
1410250,2024,2024-09-09,"St Lawrence Ground, Canterbury",2,68.2,68.2,Kent,Hampshire,Jaskaran Singh,GA Garrett,LA Dawson,0,0,,,,,,,,,,,,,
1410250,2024,2024-09-09,"St Lawrence Ground, Canterbury",2,68.3,68.3,Kent,Hampshire,Jaskaran Singh,GA Garrett,LA Dawson,0,0,,,,,,,,,,,,,
1410250,2024,2024-09-09,"St Lawrence Ground, Canterbury",2,68.4,68.4,Kent,Hampshire,Jaskaran Singh,GA Garrett,LA Dawson,0,0,,,,,,,,,,,,,
1410250,2024,2024-09-09,"St Lawrence Ground, Canterbury",2,68.5,68.5,Kent,Hampshire,Jaskaran Singh,GA Garrett,LA Dawson,0,0,,,,,,,,,,,,,
1410250,2024,2024-09-09,"St Lawrence Ground, Canterbury",2,68.6,68.6,Kent,Hampshire,Jaskaran Singh,GA Garrett,LA Dawson,0,0,,,,,,,,,,,,,
1410250,2024,2024-09-09,"St Lawrence Ground, Canterbury",2,69.1,69.1,Kent,Hampshire,GA Garrett,Jaskaran Singh,BTJ Wheal,0,0,,,,,,,,,,,,,
1410250,2024,2024-09-09,"St Lawrence Ground, Canterbury",2,69.2,69.2,Kent,Hampshire,GA Garrett,Jaskaran Singh,BTJ Wheal,0,0,,,,,,,,,,,,,
1410250,2024,2024-09-09,"St Lawrence Ground, Canterbury",2,69.3,69.3,Kent,Hampshire,GA Garrett,Jaskaran Singh,BTJ Wheal,0,0,,,,,,,,,,,,,
1410250,2024,2024-09-09,"St Lawrence Ground, Canterbury",2,69.4,69.4,Kent,Hampshire,GA Garrett,Jaskaran Singh,BTJ Wheal,0,0,,,,,,,,,,,,,
1410250,2024,2024-09-09,"St Lawrence Ground, Canterbury",2,69.5,69.5,Kent,Hampshire,GA Garrett,Jaskaran Singh,BTJ Wheal,0,0,,,,,,,,,,,,,
1410250,2024,2024-09-09,"St Lawrence Ground, Canterbury",2,69.6,69.6,Kent,Hampshire,GA Garrett,Jaskaran Singh,BTJ Wheal,4,0,,,,,,,,,,,,,
1410250,2024,2024-09-09,"St Lawrence Ground, Canterbury",2,70.1,70.1,Kent,Hampshire,Jaskaran Singh,GA Garrett,LA Dawson,0,0,,,,,,,,,,,,,
1410250,2024,2024-09-09,"St Lawrence Ground, Canterbury",2,70.2,70.2,Kent,Hampshire,Jaskaran Singh,GA Garrett,LA Dawson,0,0,,,,,,,,,,,,,
1410250,2024,2024-09-09,"St Lawrence Ground, Canterbury",2,70.3,70.3,Kent,Hampshire,Jaskaran Singh,GA Garrett,LA Dawson,0,0,,,,,,,,,,,,,
1410250,2024,2024-09-09,"St Lawrence Ground, Canterbury",2,70.4,70.4,Kent,Hampshire,Jaskaran Singh,GA Garrett,LA Dawson,0,1,1,,,,,,,,,,,,
1410250,2024,2024-09-09,"St Lawrence Ground, Canterbury",2,70.5,70.4,Kent,Hampshire,Jaskaran Singh,GA Garrett,LA Dawson,1,0,,,,,,,,,,,,,
1410250,2024,2024-09-09,"St Lawrence Ground, Canterbury",2,70.6,70.5,Kent,Hampshire,GA Garrett,Jaskaran Singh,LA Dawson,0,0,,,,,,,,,,,,,
1410250,2024,2024-09-09,"St Lawrence Ground, Canterbury",2,70.7,70.6,Kent,Hampshire,GA Garrett,Jaskaran Singh,LA Dawson,0,0,,,,,,,,,,,,,
1410250,2024,2024-09-09,"St Lawrence Ground, Canterbury",2,71.1,71.1,Kent,Hampshire,Jaskaran Singh,GA Garrett,BTJ Wheal,0,0,,,,,,,,,,,,,
1410250,2024,2024-09-09,"St Lawrence Ground, Canterbury",2,71.2,71.2,Kent,Hampshire,Jaskaran Singh,GA Garrett,BTJ Wheal,0,0,,,,,,,,,,,,,
1410250,2024,2024-09-09,"St Lawrence Ground, Canterbury",2,71.3,71.3,Kent,Hampshire,Jaskaran Singh,GA Garrett,BTJ Wheal,0,0,,,,,,,,,,,,,
1410250,2024,2024-09-09,"St Lawrence Ground, Canterbury",2,71.4,71.4,Kent,Hampshire,Jaskaran Singh,GA Garrett,BTJ Wheal,0,0,,,,,,,,,,,,,
1410250,2024,2024-09-09,"St Lawrence Ground, Canterbury",2,71.5,71.5,Kent,Hampshire,Jaskaran Singh,GA Garrett,BTJ Wheal,1,0,,,,,,,,,,,,,
1410250,2024,2024-09-09,"St Lawrence Ground, Canterbury",2,71.6,71.6,Kent,Hampshire,GA Garrett,Jaskaran Singh,BTJ Wheal,0,0,,,,,,,,,,,,,
1410250,2024,2024-09-09,"St Lawrence Ground, Canterbury",2,72.1,72.1,Kent,Hampshire,Jaskaran Singh,GA Garrett,LA Dawson,0,0,,,,,,,,,,,,,
1410250,2024,2024-09-09,"St Lawrence Ground, Canterbury",2,72.2,72.2,Kent,Hampshire,Jaskaran Singh,GA Garrett,LA Dawson,0,0,,,,,,,,,,,,,
1410250,2024,2024-09-09,"St Lawrence Ground, Canterbury",2,72.3,72.3,Kent,Hampshire,Jaskaran Singh,GA Garrett,LA Dawson,0,0,,,,,,,,,,,,,
1410250,2024,2024-09-09,"St Lawrence Ground, Canterbury",2,72.4,72.4,Kent,Hampshire,Jaskaran Singh,GA Garrett,LA Dawson,0,0,,,,,,,,,,,,,
1410250,2024,2024-09-09,"St Lawrence Ground, Canterbury",2,72.5,72.5,Kent,Hampshire,Jaskaran Singh,GA Garrett,LA Dawson,0,0,,,,,,,,,,,,,
1410250,2024,2024-09-09,"St Lawrence Ground, Canterbury",2,72.6,72.6,Kent,Hampshire,Jaskaran Singh,GA Garrett,LA Dawson,0,0,,,,,,,,,,,,,
1410250,2024,2024-09-09,"St Lawrence Ground, Canterbury",2,73.1,73.1,Kent,Hampshire,GA Garrett,Jaskaran Singh,JK Fuller,0,0,,,,,,,,,,,,,
1410250,2024,2024-09-09,"St Lawrence Ground, Canterbury",2,73.2,73.2,Kent,Hampshire,GA Garrett,Jaskaran Singh,JK Fuller,0,0,,,,,,,,,,,,,
1410250,2024,2024-09-09,"St Lawrence Ground, Canterbury",2,73.3,73.3,Kent,Hampshire,GA Garrett,Jaskaran Singh,JK Fuller,0,0,,,,,,,,,,,,,
1410250,2024,2024-09-09,"St Lawrence Ground, Canterbury",2,73.4,73.4,Kent,Hampshire,GA Garrett,Jaskaran Singh,JK Fuller,0,0,,,,,,,,,,,,,
1410250,2024,2024-09-09,"St Lawrence Ground, Canterbury",2,73.5,73.5,Kent,Hampshire,GA Garrett,Jaskaran Singh,JK Fuller,0,0,,,,,,,,,,,,,
1410250,2024,2024-09-09,"St Lawrence Ground, Canterbury",2,73.6,73.6,Kent,Hampshire,GA Garrett,Jaskaran Singh,JK Fuller,0,0,,,,,,,,,,,,,
1410250,2024,2024-09-09,"St Lawrence Ground, Canterbury",2,74.1,74.1,Kent,Hampshire,Jaskaran Singh,GA Garrett,LA Dawson,0,0,,,,,,,,,,,,,
1410250,2024,2024-09-09,"St Lawrence Ground, Canterbury",2,74.2,74.2,Kent,Hampshire,Jaskaran Singh,GA Garrett,LA Dawson,0,1,1,,,,,,,,,,,,
1410250,2024,2024-09-09,"St Lawrence Ground, Canterbury",2,74.3,74.2,Kent,Hampshire,Jaskaran Singh,GA Garrett,LA Dawson,0,0,,,,,,,,,,,,,
1410250,2024,2024-09-09,"St Lawrence Ground, Canterbury",2,74.4,74.3,Kent,Hampshire,Jaskaran Singh,GA Garrett,LA Dawson,0,0,,,,,,,,,,,,,
1410250,2024,2024-09-09,"St Lawrence Ground, Canterbury",2,74.5,74.4,Kent,Hampshire,Jaskaran Singh,GA Garrett,LA Dawson,0,0,,,,,,,,,,,,,
1410250,2024,2024-09-09,"St Lawrence Ground, Canterbury",2,74.6,74.5,Kent,Hampshire,Jaskaran Singh,GA Garrett,LA Dawson,0,0,,,,,,,,,,,,,
1410250,2024,2024-09-09,"St Lawrence Ground, Canterbury",2,74.7,74.6,Kent,Hampshire,Jaskaran Singh,GA Garrett,LA Dawson,0,0,,,,,,,,,,,,,
1410250,2024,2024-09-09,"St Lawrence Ground, Canterbury",2,75.1,75.1,Kent,Hampshire,GA Garrett,Jaskaran Singh,JK Fuller,4,0,,,,,,,,,,,,,
1410250,2024,2024-09-09,"St Lawrence Ground, Canterbury",2,75.2,75.2,Kent,Hampshire,GA Garrett,Jaskaran Singh,JK Fuller,0,0,,,,,,,,,,,,,
1410250,2024,2024-09-09,"St Lawrence Ground, Canterbury",2,75.3,75.3,Kent,Hampshire,GA Garrett,Jaskaran Singh,JK Fuller,3,0,,,,,,,,,,,,,
1410250,2024,2024-09-09,"St Lawrence Ground, Canterbury",2,75.4,75.4,Kent,Hampshire,Jaskaran Singh,GA Garrett,JK Fuller,0,0,,,,,,,,,,,,,
1410250,2024,2024-09-09,"St Lawrence Ground, Canterbury",2,75.5,75.5,Kent,Hampshire,Jaskaran Singh,GA Garrett,JK Fuller,1,0,,,,,,,,,,,,,
1410250,2024,2024-09-09,"St Lawrence Ground, Canterbury",2,75.6,75.6,Kent,Hampshire,GA Garrett,Jaskaran Singh,JK Fuller,0,0,,,,,,,,,,,,,
1410250,2024,2024-09-09,"St Lawrence Ground, Canterbury",2,76.1,76.1,Kent,Hampshire,Jaskaran Singh,GA Garrett,LA Dawson,0,0,,,,,,,,,,,,,
1410250,2024,2024-09-09,"St Lawrence Ground, Canterbury",2,76.2,76.2,Kent,Hampshire,Jaskaran Singh,GA Garrett,LA Dawson,4,0,,,,,,,,,,,,,
1410250,2024,2024-09-09,"St Lawrence Ground, Canterbury",2,76.3,76.3,Kent,Hampshire,Jaskaran Singh,GA Garrett,LA Dawson,4,0,,,,,,,,,,,,,
1410250,2024,2024-09-09,"St Lawrence Ground, Canterbury",2,76.4,76.4,Kent,Hampshire,Jaskaran Singh,GA Garrett,LA Dawson,0,0,,,,,,,,,,,,,
1410250,2024,2024-09-09,"St Lawrence Ground, Canterbury",2,76.5,76.5,Kent,Hampshire,Jaskaran Singh,GA Garrett,LA Dawson,0,0,,,,,,,,,,,,,
1410250,2024,2024-09-09,"St Lawrence Ground, Canterbury",2,76.6,76.6,Kent,Hampshire,Jaskaran Singh,GA Garrett,LA Dawson,0,0,,,,,,,,,,,,,
1410250,2024,2024-09-09,"St Lawrence Ground, Canterbury",2,77.1,77.1,Kent,Hampshire,GA Garrett,Jaskaran Singh,JK Fuller,0,0,,,,,,,,,,,,,
1410250,2024,2024-09-09,"St Lawrence Ground, Canterbury",2,77.2,77.2,Kent,Hampshire,GA Garrett,Jaskaran Singh,JK Fuller,1,0,,,,,,,,,,,,,
1410250,2024,2024-09-09,"St Lawrence Ground, Canterbury",2,77.3,77.3,Kent,Hampshire,Jaskaran Singh,GA Garrett,JK Fuller,0,0,,,,,,,,,,,,,
1410250,2024,2024-09-09,"St Lawrence Ground, Canterbury",2,77.4,77.4,Kent,Hampshire,Jaskaran Singh,GA Garrett,JK Fuller,0,0,,,,,,,,,,,,,
1410250,2024,2024-09-09,"St Lawrence Ground, Canterbury",2,77.5,77.5,Kent,Hampshire,Jaskaran Singh,GA Garrett,JK Fuller,2,0,,,,,,,,,,,,,
1410250,2024,2024-09-09,"St Lawrence Ground, Canterbury",2,77.6,77.6,Kent,Hampshire,Jaskaran Singh,GA Garrett,JK Fuller,0,0,,,,,,,,,,,,,
1410250,2024,2024-09-09,"St Lawrence Ground, Canterbury",2,78.1,78.1,Kent,Hampshire,GA Garrett,Jaskaran Singh,LA Dawson,0,0,,,,,,,,,,,,,
1410250,2024,2024-09-09,"St Lawrence Ground, Canterbury",2,78.2,78.2,Kent,Hampshire,GA Garrett,Jaskaran Singh,LA Dawson,0,0,,,,,,,,,,,,,
1410250,2024,2024-09-09,"St Lawrence Ground, Canterbury",2,78.3,78.3,Kent,Hampshire,GA Garrett,Jaskaran Singh,LA Dawson,1,0,,,,,,,,,,,,,
1410250,2024,2024-09-09,"St Lawrence Ground, Canterbury",2,78.4,78.4,Kent,Hampshire,Jaskaran Singh,GA Garrett,LA Dawson,0,0,,,,,,,,,,,,,
1410250,2024,2024-09-09,"St Lawrence Ground, Canterbury",2,78.5,78.5,Kent,Hampshire,Jaskaran Singh,GA Garrett,LA Dawson,0,0,,,,,,,,,,,,,
1410250,2024,2024-09-09,"St Lawrence Ground, Canterbury",2,78.6,78.6,Kent,Hampshire,Jaskaran Singh,GA Garrett,LA Dawson,0,0,,,,,,,,,,,,,
1410250,2024,2024-09-09,"St Lawrence Ground, Canterbury",2,79.1,79.1,Kent,Hampshire,GA Garrett,Jaskaran Singh,JK Fuller,0,1,,,,1,,,,,,,,,
1410250,2024,2024-09-09,"St Lawrence Ground, Canterbury",2,79.2,79.2,Kent,Hampshire,Jaskaran Singh,GA Garrett,JK Fuller,0,0,,,,,,,,,,,,,
1410250,2024,2024-09-09,"St Lawrence Ground, Canterbury",2,79.3,79.3,Kent,Hampshire,Jaskaran Singh,GA Garrett,JK Fuller,0,0,,,,,,,,,,,,,
1410250,2024,2024-09-09,"St Lawrence Ground, Canterbury",2,79.4,79.4,Kent,Hampshire,Jaskaran Singh,GA Garrett,JK Fuller,0,0,,,,,,,,,,,,,
1410250,2024,2024-09-09,"St Lawrence Ground, Canterbury",2,79.5,79.5,Kent,Hampshire,Jaskaran Singh,GA Garrett,JK Fuller,0,2,,2,,,,,,,,,,,
1410250,2024,2024-09-09,"St Lawrence Ground, Canterbury",2,79.6,79.5,Kent,Hampshire,Jaskaran Singh,GA Garrett,JK Fuller,0,0,,,,,,,,,,,,,
1410250,2024,2024-09-09,"St Lawrence Ground, Canterbury",2,79.7,79.6,Kent,Hampshire,Jaskaran Singh,GA Garrett,JK Fuller,0,0,,,,,,,,,,,,,
1410250,2024,2024-09-09,"St Lawrence Ground, Canterbury",2,80.1,80.1,Kent,Hampshire,GA Garrett,Jaskaran Singh,Mohammad Abbas,0,0,,,,,,,,,,,,,
1410250,2024,2024-09-09,"St Lawrence Ground, Canterbury",2,80.2,80.2,Kent,Hampshire,GA Garrett,Jaskaran Singh,Mohammad Abbas,0,0,,,,,,,,,,,,,
1410250,2024,2024-09-09,"St Lawrence Ground, Canterbury",2,80.3,80.3,Kent,Hampshire,GA Garrett,Jaskaran Singh,Mohammad Abbas,1,0,,,,,,,,,,,,,
1410250,2024,2024-09-09,"St Lawrence Ground, Canterbury",2,80.4,80.4,Kent,Hampshire,Jaskaran Singh,GA Garrett,Mohammad Abbas,0,0,,,,,,,,,,,,,
1410250,2024,2024-09-09,"St Lawrence Ground, Canterbury",2,80.5,80.5,Kent,Hampshire,Jaskaran Singh,GA Garrett,Mohammad Abbas,0,0,,,,,,,,,,,,,
1410250,2024,2024-09-09,"St Lawrence Ground, Canterbury",2,80.6,80.6,Kent,Hampshire,Jaskaran Singh,GA Garrett,Mohammad Abbas,0,0,,,,,,,,,,,,,
1410250,2024,2024-09-09,"St Lawrence Ground, Canterbury",2,81.1,81.1,Kent,Hampshire,GA Garrett,Jaskaran Singh,JK Fuller,0,0,,,,,,,,,,,,,
1410250,2024,2024-09-09,"St Lawrence Ground, Canterbury",2,81.2,81.2,Kent,Hampshire,GA Garrett,Jaskaran Singh,JK Fuller,0,0,,,,,,,,,,,,,
1410250,2024,2024-09-09,"St Lawrence Ground, Canterbury",2,81.3,81.3,Kent,Hampshire,GA Garrett,Jaskaran Singh,JK Fuller,4,0,,,,,,,,,,,,,
1410250,2024,2024-09-09,"St Lawrence Ground, Canterbury",2,81.4,81.4,Kent,Hampshire,GA Garrett,Jaskaran Singh,JK Fuller,0,0,,,,,,,,,,,,,
1410250,2024,2024-09-09,"St Lawrence Ground, Canterbury",2,81.5,81.5,Kent,Hampshire,GA Garrett,Jaskaran Singh,JK Fuller,0,0,,,,,,,,,,,,,
1410250,2024,2024-09-09,"St Lawrence Ground, Canterbury",2,81.6,81.6,Kent,Hampshire,GA Garrett,Jaskaran Singh,JK Fuller,0,0,,,,,,,,,,,,,
1410250,2024,2024-09-09,"St Lawrence Ground, Canterbury",2,82.1,82.1,Kent,Hampshire,Jaskaran Singh,GA Garrett,Mohammad Abbas,4,0,,,,,,,,,,,,,
1410250,2024,2024-09-09,"St Lawrence Ground, Canterbury",2,82.2,82.2,Kent,Hampshire,Jaskaran Singh,GA Garrett,Mohammad Abbas,0,0,,,,,,,lbw,Jaskaran Singh,,,,,
1410250,2024,2024-09-09,"St Lawrence Ground, Canterbury",3,0.1,0.1,Kent,Hampshire,TS Muyeye,BG Compton,Mohammad Abbas,4,0,,,,,,,,,,,,,
1410250,2024,2024-09-09,"St Lawrence Ground, Canterbury",3,0.2,0.2,Kent,Hampshire,TS Muyeye,BG Compton,Mohammad Abbas,0,0,,,,,,,,,,,,,
1410250,2024,2024-09-09,"St Lawrence Ground, Canterbury",3,0.3,0.3,Kent,Hampshire,TS Muyeye,BG Compton,Mohammad Abbas,0,0,,,,,,,,,,,,,
1410250,2024,2024-09-09,"St Lawrence Ground, Canterbury",3,0.4,0.4,Kent,Hampshire,TS Muyeye,BG Compton,Mohammad Abbas,2,0,,,,,,,,,,,,,
1410250,2024,2024-09-09,"St Lawrence Ground, Canterbury",3,0.5,0.5,Kent,Hampshire,TS Muyeye,BG Compton,Mohammad Abbas,0,0,,,,,,,,,,,,,
1410250,2024,2024-09-09,"St Lawrence Ground, Canterbury",3,0.6,0.6,Kent,Hampshire,TS Muyeye,BG Compton,Mohammad Abbas,4,0,,,,,,,,,,,,,
1410250,2024,2024-09-09,"St Lawrence Ground, Canterbury",3,1.1,1.1,Kent,Hampshire,BG Compton,TS Muyeye,KJ Abbott,0,0,,,,,,,,,,,,,
1410250,2024,2024-09-09,"St Lawrence Ground, Canterbury",3,1.2,1.2,Kent,Hampshire,BG Compton,TS Muyeye,KJ Abbott,0,0,,,,,,,,,,,,,
1410250,2024,2024-09-09,"St Lawrence Ground, Canterbury",3,1.3,1.3,Kent,Hampshire,BG Compton,TS Muyeye,KJ Abbott,0,0,,,,,,,,,,,,,
1410250,2024,2024-09-09,"St Lawrence Ground, Canterbury",3,1.4,1.4,Kent,Hampshire,BG Compton,TS Muyeye,KJ Abbott,0,0,,,,,,,,,,,,,
1410250,2024,2024-09-09,"St Lawrence Ground, Canterbury",3,1.5,1.5,Kent,Hampshire,BG Compton,TS Muyeye,KJ Abbott,0,0,,,,,,,,,,,,,
1410250,2024,2024-09-09,"St Lawrence Ground, Canterbury",3,1.6,1.6,Kent,Hampshire,BG Compton,TS Muyeye,KJ Abbott,1,0,,,,,,,,,,,,,
1410250,2024,2024-09-09,"St Lawrence Ground, Canterbury",3,2.1,2.1,Kent,Hampshire,BG Compton,TS Muyeye,Mohammad Abbas,0,0,,,,,,,,,,,,,
1410250,2024,2024-09-09,"St Lawrence Ground, Canterbury",3,2.2,2.2,Kent,Hampshire,BG Compton,TS Muyeye,Mohammad Abbas,1,0,,,,,,,,,,,,,
1410250,2024,2024-09-09,"St Lawrence Ground, Canterbury",3,2.3,2.3,Kent,Hampshire,TS Muyeye,BG Compton,Mohammad Abbas,0,0,,,,,,,,,,,,,
1410250,2024,2024-09-09,"St Lawrence Ground, Canterbury",3,2.4,2.4,Kent,Hampshire,TS Muyeye,BG Compton,Mohammad Abbas,0,0,,,,,,,,,,,,,
1410250,2024,2024-09-09,"St Lawrence Ground, Canterbury",3,2.5,2.5,Kent,Hampshire,TS Muyeye,BG Compton,Mohammad Abbas,0,0,,,,,,,,,,,,,
1410250,2024,2024-09-09,"St Lawrence Ground, Canterbury",3,2.6,2.6,Kent,Hampshire,TS Muyeye,BG Compton,Mohammad Abbas,0,0,,,,,,,,,,,,,
1410250,2024,2024-09-09,"St Lawrence Ground, Canterbury",3,3.1,3.1,Kent,Hampshire,BG Compton,TS Muyeye,KJ Abbott,0,0,,,,,,,,,,,,,
1410250,2024,2024-09-09,"St Lawrence Ground, Canterbury",3,3.2,3.2,Kent,Hampshire,BG Compton,TS Muyeye,KJ Abbott,0,0,,,,,,,,,,,,,
1410250,2024,2024-09-09,"St Lawrence Ground, Canterbury",3,3.3,3.3,Kent,Hampshire,BG Compton,TS Muyeye,KJ Abbott,0,0,,,,,,,,,,,,,
1410250,2024,2024-09-09,"St Lawrence Ground, Canterbury",3,3.4,3.4,Kent,Hampshire,BG Compton,TS Muyeye,KJ Abbott,0,0,,,,,,,,,,,,,
1410250,2024,2024-09-09,"St Lawrence Ground, Canterbury",3,3.5,3.5,Kent,Hampshire,BG Compton,TS Muyeye,KJ Abbott,0,0,,,,,,,,,,,,,
1410250,2024,2024-09-09,"St Lawrence Ground, Canterbury",3,3.6,3.6,Kent,Hampshire,BG Compton,TS Muyeye,KJ Abbott,0,0,,,,,,,,,,,,,
1410250,2024,2024-09-09,"St Lawrence Ground, Canterbury",3,4.1,4.1,Kent,Hampshire,TS Muyeye,BG Compton,Mohammad Abbas,2,0,,,,,,,,,,,,,
1410250,2024,2024-09-09,"St Lawrence Ground, Canterbury",3,4.2,4.2,Kent,Hampshire,TS Muyeye,BG Compton,Mohammad Abbas,0,0,,,,,,,,,,,,,
1410250,2024,2024-09-09,"St Lawrence Ground, Canterbury",3,4.3,4.3,Kent,Hampshire,TS Muyeye,BG Compton,Mohammad Abbas,0,0,,,,,,,,,,,,,
1410250,2024,2024-09-09,"St Lawrence Ground, Canterbury",3,4.4,4.4,Kent,Hampshire,TS Muyeye,BG Compton,Mohammad Abbas,0,0,,,,,,,,,,,,,
1410250,2024,2024-09-09,"St Lawrence Ground, Canterbury",3,4.5,4.5,Kent,Hampshire,TS Muyeye,BG Compton,Mohammad Abbas,2,0,,,,,,,,,,,,,
1410250,2024,2024-09-09,"St Lawrence Ground, Canterbury",3,4.6,4.6,Kent,Hampshire,TS Muyeye,BG Compton,Mohammad Abbas,0,0,,,,,,,,,,,,,
1410250,2024,2024-09-09,"St Lawrence Ground, Canterbury",3,5.1,5.1,Kent,Hampshire,BG Compton,TS Muyeye,KJ Abbott,0,0,,,,,,,,,,,,,
1410250,2024,2024-09-09,"St Lawrence Ground, Canterbury",3,5.2,5.2,Kent,Hampshire,BG Compton,TS Muyeye,KJ Abbott,0,0,,,,,,,,,,,,,
1410250,2024,2024-09-09,"St Lawrence Ground, Canterbury",3,5.3,5.3,Kent,Hampshire,BG Compton,TS Muyeye,KJ Abbott,0,0,,,,,,,,,,,,,
1410250,2024,2024-09-09,"St Lawrence Ground, Canterbury",3,5.4,5.4,Kent,Hampshire,BG Compton,TS Muyeye,KJ Abbott,0,0,,,,,,,,,,,,,
1410250,2024,2024-09-09,"St Lawrence Ground, Canterbury",3,5.5,5.5,Kent,Hampshire,BG Compton,TS Muyeye,KJ Abbott,0,0,,,,,,,,,,,,,
1410250,2024,2024-09-09,"St Lawrence Ground, Canterbury",3,5.6,5.6,Kent,Hampshire,BG Compton,TS Muyeye,KJ Abbott,2,0,,,,,,,,,,,,,
1410250,2024,2024-09-09,"St Lawrence Ground, Canterbury",3,6.1,6.1,Kent,Hampshire,TS Muyeye,BG Compton,Mohammad Abbas,0,0,,,,,,,,,,,,,
1410250,2024,2024-09-09,"St Lawrence Ground, Canterbury",3,6.2,6.2,Kent,Hampshire,TS Muyeye,BG Compton,Mohammad Abbas,0,0,,,,,,,,,,,,,
1410250,2024,2024-09-09,"St Lawrence Ground, Canterbury",3,6.3,6.3,Kent,Hampshire,TS Muyeye,BG Compton,Mohammad Abbas,0,0,,,,,,,,,,,,,
1410250,2024,2024-09-09,"St Lawrence Ground, Canterbury",3,6.4,6.4,Kent,Hampshire,TS Muyeye,BG Compton,Mohammad Abbas,0,0,,,,,,,,,,,,,
1410250,2024,2024-09-09,"St Lawrence Ground, Canterbury",3,6.5,6.5,Kent,Hampshire,TS Muyeye,BG Compton,Mohammad Abbas,0,0,,,,,,,,,,,,,
1410250,2024,2024-09-09,"St Lawrence Ground, Canterbury",3,6.6,6.6,Kent,Hampshire,TS Muyeye,BG Compton,Mohammad Abbas,0,0,,,,,,,,,,,,,
1410250,2024,2024-09-09,"St Lawrence Ground, Canterbury",3,7.1,7.1,Kent,Hampshire,BG Compton,TS Muyeye,KJ Abbott,0,0,,,,,,,,,,,,,
1410250,2024,2024-09-09,"St Lawrence Ground, Canterbury",3,7.2,7.2,Kent,Hampshire,BG Compton,TS Muyeye,KJ Abbott,0,0,,,,,,,,,,,,,
1410250,2024,2024-09-09,"St Lawrence Ground, Canterbury",3,7.3,7.3,Kent,Hampshire,BG Compton,TS Muyeye,KJ Abbott,0,0,,,,,,,,,,,,,
1410250,2024,2024-09-09,"St Lawrence Ground, Canterbury",3,7.4,7.4,Kent,Hampshire,BG Compton,TS Muyeye,KJ Abbott,1,0,,,,,,,,,,,,,
1410250,2024,2024-09-09,"St Lawrence Ground, Canterbury",3,7.5,7.5,Kent,Hampshire,TS Muyeye,BG Compton,KJ Abbott,1,0,,,,,,,,,,,,,
1410250,2024,2024-09-09,"St Lawrence Ground, Canterbury",3,7.6,7.6,Kent,Hampshire,BG Compton,TS Muyeye,KJ Abbott,0,0,,,,,,,,,,,,,
1410250,2024,2024-09-09,"St Lawrence Ground, Canterbury",3,8.1,8.1,Kent,Hampshire,TS Muyeye,BG Compton,Mohammad Abbas,0,0,,,,,,,,,,,,,
1410250,2024,2024-09-09,"St Lawrence Ground, Canterbury",3,8.2,8.2,Kent,Hampshire,TS Muyeye,BG Compton,Mohammad Abbas,0,0,,,,,,,,,,,,,
1410250,2024,2024-09-09,"St Lawrence Ground, Canterbury",3,8.3,8.3,Kent,Hampshire,TS Muyeye,BG Compton,Mohammad Abbas,2,0,,,,,,,,,,,,,
1410250,2024,2024-09-09,"St Lawrence Ground, Canterbury",3,8.4,8.4,Kent,Hampshire,TS Muyeye,BG Compton,Mohammad Abbas,0,0,,,,,,,,,,,,,
1410250,2024,2024-09-09,"St Lawrence Ground, Canterbury",3,8.5,8.5,Kent,Hampshire,TS Muyeye,BG Compton,Mohammad Abbas,6,0,,,,,,,,,,,,,
1410250,2024,2024-09-09,"St Lawrence Ground, Canterbury",3,8.6,8.6,Kent,Hampshire,TS Muyeye,BG Compton,Mohammad Abbas,0,0,,,,,,,,,,,,,
1410250,2024,2024-09-09,"St Lawrence Ground, Canterbury",3,9.1,9.1,Kent,Hampshire,BG Compton,TS Muyeye,KJ Abbott,2,0,,,,,,,,,,,,,
1410250,2024,2024-09-09,"St Lawrence Ground, Canterbury",3,9.2,9.2,Kent,Hampshire,BG Compton,TS Muyeye,KJ Abbott,0,0,,,,,,,,,,,,,
1410250,2024,2024-09-09,"St Lawrence Ground, Canterbury",3,9.3,9.3,Kent,Hampshire,BG Compton,TS Muyeye,KJ Abbott,0,0,,,,,,,,,,,,,
1410250,2024,2024-09-09,"St Lawrence Ground, Canterbury",3,9.4,9.4,Kent,Hampshire,BG Compton,TS Muyeye,KJ Abbott,0,0,,,,,,,,,,,,,
1410250,2024,2024-09-09,"St Lawrence Ground, Canterbury",3,9.5,9.5,Kent,Hampshire,BG Compton,TS Muyeye,KJ Abbott,1,0,,,,,,,,,,,,,
1410250,2024,2024-09-09,"St Lawrence Ground, Canterbury",3,9.6,9.6,Kent,Hampshire,TS Muyeye,BG Compton,KJ Abbott,0,0,,,,,,,,,,,,,
1410250,2024,2024-09-09,"St Lawrence Ground, Canterbury",3,10.1,10.1,Kent,Hampshire,BG Compton,TS Muyeye,BTJ Wheal,0,0,,,,,,,,,,,,,
1410250,2024,2024-09-09,"St Lawrence Ground, Canterbury",3,10.2,10.2,Kent,Hampshire,BG Compton,TS Muyeye,BTJ Wheal,0,0,,,,,,,,,,,,,
1410250,2024,2024-09-09,"St Lawrence Ground, Canterbury",3,10.3,10.3,Kent,Hampshire,BG Compton,TS Muyeye,BTJ Wheal,0,0,,,,,,,,,,,,,
1410250,2024,2024-09-09,"St Lawrence Ground, Canterbury",3,10.4,10.4,Kent,Hampshire,BG Compton,TS Muyeye,BTJ Wheal,0,0,,,,,,,,,,,,,
1410250,2024,2024-09-09,"St Lawrence Ground, Canterbury",3,10.5,10.5,Kent,Hampshire,BG Compton,TS Muyeye,BTJ Wheal,4,0,,,,,,,,,,,,,
1410250,2024,2024-09-09,"St Lawrence Ground, Canterbury",3,10.6,10.6,Kent,Hampshire,BG Compton,TS Muyeye,BTJ Wheal,0,0,,,,,,,,,,,,,
1410250,2024,2024-09-09,"St Lawrence Ground, Canterbury",3,11.1,11.1,Kent,Hampshire,TS Muyeye,BG Compton,KJ Abbott,0,0,,,,,,,,,,,,,
1410250,2024,2024-09-09,"St Lawrence Ground, Canterbury",3,11.2,11.2,Kent,Hampshire,TS Muyeye,BG Compton,KJ Abbott,1,0,,,,,,,,,,,,,
1410250,2024,2024-09-09,"St Lawrence Ground, Canterbury",3,11.3,11.3,Kent,Hampshire,BG Compton,TS Muyeye,KJ Abbott,0,0,,,,,,,,,,,,,
1410250,2024,2024-09-09,"St Lawrence Ground, Canterbury",3,11.4,11.4,Kent,Hampshire,BG Compton,TS Muyeye,KJ Abbott,0,0,,,,,,,,,,,,,
1410250,2024,2024-09-09,"St Lawrence Ground, Canterbury",3,11.5,11.5,Kent,Hampshire,BG Compton,TS Muyeye,KJ Abbott,0,0,,,,,,,,,,,,,
1410250,2024,2024-09-09,"St Lawrence Ground, Canterbury",3,11.6,11.6,Kent,Hampshire,BG Compton,TS Muyeye,KJ Abbott,1,0,,,,,,,,,,,,,
1410250,2024,2024-09-09,"St Lawrence Ground, Canterbury",3,12.1,12.1,Kent,Hampshire,BG Compton,TS Muyeye,BTJ Wheal,0,0,,,,,,,,,,,,,
1410250,2024,2024-09-09,"St Lawrence Ground, Canterbury",3,12.2,12.2,Kent,Hampshire,BG Compton,TS Muyeye,BTJ Wheal,0,0,,,,,,,,,,,,,
1410250,2024,2024-09-09,"St Lawrence Ground, Canterbury",3,12.3,12.3,Kent,Hampshire,BG Compton,TS Muyeye,BTJ Wheal,0,0,,,,,,,,,,,,,
1410250,2024,2024-09-09,"St Lawrence Ground, Canterbury",3,12.4,12.4,Kent,Hampshire,BG Compton,TS Muyeye,BTJ Wheal,0,0,,,,,,,,,,,,,
1410250,2024,2024-09-09,"St Lawrence Ground, Canterbury",3,12.5,12.5,Kent,Hampshire,BG Compton,TS Muyeye,BTJ Wheal,0,0,,,,,,,,,,,,,
1410250,2024,2024-09-09,"St Lawrence Ground, Canterbury",3,12.6,12.6,Kent,Hampshire,BG Compton,TS Muyeye,BTJ Wheal,0,0,,,,,,,,,,,,,
1410250,2024,2024-09-09,"St Lawrence Ground, Canterbury",3,13.1,13.1,Kent,Hampshire,TS Muyeye,BG Compton,KJ Abbott,0,0,,,,,,,,,,,,,
1410250,2024,2024-09-09,"St Lawrence Ground, Canterbury",3,13.2,13.2,Kent,Hampshire,TS Muyeye,BG Compton,KJ Abbott,0,0,,,,,,,,,,,,,
1410250,2024,2024-09-09,"St Lawrence Ground, Canterbury",3,13.3,13.3,Kent,Hampshire,TS Muyeye,BG Compton,KJ Abbott,0,0,,,,,,,,,,,,,
1410250,2024,2024-09-09,"St Lawrence Ground, Canterbury",3,13.4,13.4,Kent,Hampshire,TS Muyeye,BG Compton,KJ Abbott,4,0,,,,,,,,,,,,,
1410250,2024,2024-09-09,"St Lawrence Ground, Canterbury",3,13.5,13.5,Kent,Hampshire,TS Muyeye,BG Compton,KJ Abbott,0,0,,,,,,,,,,,,,
1410250,2024,2024-09-09,"St Lawrence Ground, Canterbury",3,13.6,13.6,Kent,Hampshire,TS Muyeye,BG Compton,KJ Abbott,4,0,,,,,,,,,,,,,
1410250,2024,2024-09-09,"St Lawrence Ground, Canterbury",3,14.1,14.1,Kent,Hampshire,BG Compton,TS Muyeye,BTJ Wheal,4,0,,,,,,,,,,,,,
1410250,2024,2024-09-09,"St Lawrence Ground, Canterbury",3,14.2,14.2,Kent,Hampshire,BG Compton,TS Muyeye,BTJ Wheal,2,0,,,,,,,,,,,,,
1410250,2024,2024-09-09,"St Lawrence Ground, Canterbury",3,14.3,14.3,Kent,Hampshire,BG Compton,TS Muyeye,BTJ Wheal,0,0,,,,,,,,,,,,,
1410250,2024,2024-09-09,"St Lawrence Ground, Canterbury",3,14.4,14.4,Kent,Hampshire,BG Compton,TS Muyeye,BTJ Wheal,0,0,,,,,,,,,,,,,
1410250,2024,2024-09-09,"St Lawrence Ground, Canterbury",3,14.5,14.5,Kent,Hampshire,BG Compton,TS Muyeye,BTJ Wheal,0,0,,,,,,,,,,,,,
1410250,2024,2024-09-09,"St Lawrence Ground, Canterbury",3,14.6,14.6,Kent,Hampshire,BG Compton,TS Muyeye,BTJ Wheal,4,0,,,,,,,,,,,,,
1410250,2024,2024-09-09,"St Lawrence Ground, Canterbury",3,15.1,15.1,Kent,Hampshire,TS Muyeye,BG Compton,Mohammad Abbas,4,0,,,,,,,,,,,,,
1410250,2024,2024-09-09,"St Lawrence Ground, Canterbury",3,15.2,15.2,Kent,Hampshire,TS Muyeye,BG Compton,Mohammad Abbas,4,0,,,,,,,,,,,,,
1410250,2024,2024-09-09,"St Lawrence Ground, Canterbury",3,15.3,15.3,Kent,Hampshire,TS Muyeye,BG Compton,Mohammad Abbas,4,0,,,,,,,,,,,,,
1410250,2024,2024-09-09,"St Lawrence Ground, Canterbury",3,15.4,15.4,Kent,Hampshire,TS Muyeye,BG Compton,Mohammad Abbas,0,0,,,,,,,,,,,,,
1410250,2024,2024-09-09,"St Lawrence Ground, Canterbury",3,15.5,15.5,Kent,Hampshire,TS Muyeye,BG Compton,Mohammad Abbas,0,0,,,,,,,,,,,,,
1410250,2024,2024-09-09,"St Lawrence Ground, Canterbury",3,15.6,15.6,Kent,Hampshire,TS Muyeye,BG Compton,Mohammad Abbas,1,0,,,,,,,,,,,,,
1410250,2024,2024-09-09,"St Lawrence Ground, Canterbury",3,16.1,16.1,Kent,Hampshire,TS Muyeye,BG Compton,LA Dawson,0,0,,,,,,,,,,,,,
1410250,2024,2024-09-09,"St Lawrence Ground, Canterbury",3,16.2,16.2,Kent,Hampshire,TS Muyeye,BG Compton,LA Dawson,0,0,,,,,,,,,,,,,
1410250,2024,2024-09-09,"St Lawrence Ground, Canterbury",3,16.3,16.3,Kent,Hampshire,TS Muyeye,BG Compton,LA Dawson,1,0,,,,,,,,,,,,,
1410250,2024,2024-09-09,"St Lawrence Ground, Canterbury",3,16.4,16.4,Kent,Hampshire,BG Compton,TS Muyeye,LA Dawson,1,0,,,,,,,,,,,,,
1410250,2024,2024-09-09,"St Lawrence Ground, Canterbury",3,16.5,16.5,Kent,Hampshire,TS Muyeye,BG Compton,LA Dawson,0,0,,,,,,,,,,,,,
1410250,2024,2024-09-09,"St Lawrence Ground, Canterbury",3,16.6,16.6,Kent,Hampshire,TS Muyeye,BG Compton,LA Dawson,0,0,,,,,,,,,,,,,
1410250,2024,2024-09-09,"St Lawrence Ground, Canterbury",3,17.1,17.1,Kent,Hampshire,BG Compton,TS Muyeye,Mohammad Abbas,0,0,,,,,,,,,,,,,
1410250,2024,2024-09-09,"St Lawrence Ground, Canterbury",3,17.2,17.2,Kent,Hampshire,BG Compton,TS Muyeye,Mohammad Abbas,0,0,,,,,,,,,,,,,
1410250,2024,2024-09-09,"St Lawrence Ground, Canterbury",3,17.3,17.3,Kent,Hampshire,BG Compton,TS Muyeye,Mohammad Abbas,0,0,,,,,,,,,,,,,
1410250,2024,2024-09-09,"St Lawrence Ground, Canterbury",3,17.4,17.4,Kent,Hampshire,BG Compton,TS Muyeye,Mohammad Abbas,0,0,,,,,,,,,,,,,
1410250,2024,2024-09-09,"St Lawrence Ground, Canterbury",3,17.5,17.5,Kent,Hampshire,BG Compton,TS Muyeye,Mohammad Abbas,0,0,,,,,,,,,,,,,
1410250,2024,2024-09-09,"St Lawrence Ground, Canterbury",3,17.6,17.6,Kent,Hampshire,BG Compton,TS Muyeye,Mohammad Abbas,0,0,,,,,,,,,,,,,
1410250,2024,2024-09-09,"St Lawrence Ground, Canterbury",3,18.1,18.1,Kent,Hampshire,TS Muyeye,BG Compton,KJ Abbott,0,0,,,,,,,caught,TS Muyeye,,,TE Albert,,
1410250,2024,2024-09-09,"St Lawrence Ground, Canterbury",3,18.2,18.2,Kent,Hampshire,DJ Bell-Drummond,BG Compton,KJ Abbott,0,0,,,,,,,,,,,,,
1410250,2024,2024-09-09,"St Lawrence Ground, Canterbury",3,18.3,18.3,Kent,Hampshire,DJ Bell-Drummond,BG Compton,KJ Abbott,0,0,,,,,,,,,,,,,
1410250,2024,2024-09-09,"St Lawrence Ground, Canterbury",3,18.4,18.4,Kent,Hampshire,DJ Bell-Drummond,BG Compton,KJ Abbott,0,0,,,,,,,,,,,,,
1410250,2024,2024-09-09,"St Lawrence Ground, Canterbury",3,18.5,18.5,Kent,Hampshire,DJ Bell-Drummond,BG Compton,KJ Abbott,4,0,,,,,,,,,,,,,
1410250,2024,2024-09-09,"St Lawrence Ground, Canterbury",3,18.6,18.6,Kent,Hampshire,DJ Bell-Drummond,BG Compton,KJ Abbott,0,0,,,,,,,,,,,,,
1410250,2024,2024-09-09,"St Lawrence Ground, Canterbury",3,19.1,19.1,Kent,Hampshire,BG Compton,DJ Bell-Drummond,Mohammad Abbas,0,0,,,,,,,,,,,,,
1410250,2024,2024-09-09,"St Lawrence Ground, Canterbury",3,19.2,19.2,Kent,Hampshire,BG Compton,DJ Bell-Drummond,Mohammad Abbas,0,0,,,,,,,,,,,,,
1410250,2024,2024-09-09,"St Lawrence Ground, Canterbury",3,19.3,19.3,Kent,Hampshire,BG Compton,DJ Bell-Drummond,Mohammad Abbas,0,0,,,,,,,,,,,,,
1410250,2024,2024-09-09,"St Lawrence Ground, Canterbury",3,19.4,19.4,Kent,Hampshire,BG Compton,DJ Bell-Drummond,Mohammad Abbas,1,0,,,,,,,,,,,,,
1410250,2024,2024-09-09,"St Lawrence Ground, Canterbury",3,19.5,19.5,Kent,Hampshire,DJ Bell-Drummond,BG Compton,Mohammad Abbas,0,0,,,,,,,,,,,,,
1410250,2024,2024-09-09,"St Lawrence Ground, Canterbury",3,19.6,19.6,Kent,Hampshire,DJ Bell-Drummond,BG Compton,Mohammad Abbas,0,0,,,,,,,,,,,,,
1410250,2024,2024-09-09,"St Lawrence Ground, Canterbury",3,20.1,20.1,Kent,Hampshire,BG Compton,DJ Bell-Drummond,KJ Abbott,0,0,,,,,,,,,,,,,
1410250,2024,2024-09-09,"St Lawrence Ground, Canterbury",3,20.2,20.2,Kent,Hampshire,BG Compton,DJ Bell-Drummond,KJ Abbott,0,0,,,,,,,,,,,,,
1410250,2024,2024-09-09,"St Lawrence Ground, Canterbury",3,20.3,20.3,Kent,Hampshire,BG Compton,DJ Bell-Drummond,KJ Abbott,0,0,,,,,,,,,,,,,
1410250,2024,2024-09-09,"St Lawrence Ground, Canterbury",3,20.4,20.4,Kent,Hampshire,BG Compton,DJ Bell-Drummond,KJ Abbott,0,0,,,,,,,,,,,,,
1410250,2024,2024-09-09,"St Lawrence Ground, Canterbury",3,20.5,20.5,Kent,Hampshire,BG Compton,DJ Bell-Drummond,KJ Abbott,0,0,,,,,,,,,,,,,
1410250,2024,2024-09-09,"St Lawrence Ground, Canterbury",3,20.6,20.6,Kent,Hampshire,BG Compton,DJ Bell-Drummond,KJ Abbott,0,0,,,,,,,,,,,,,
1410250,2024,2024-09-09,"St Lawrence Ground, Canterbury",3,21.1,21.1,Kent,Hampshire,DJ Bell-Drummond,BG Compton,Mohammad Abbas,0,0,,,,,,,,,,,,,
1410250,2024,2024-09-09,"St Lawrence Ground, Canterbury",3,21.2,21.2,Kent,Hampshire,DJ Bell-Drummond,BG Compton,Mohammad Abbas,0,0,,,,,,,,,,,,,
1410250,2024,2024-09-09,"St Lawrence Ground, Canterbury",3,21.3,21.3,Kent,Hampshire,DJ Bell-Drummond,BG Compton,Mohammad Abbas,0,0,,,,,,,,,,,,,
1410250,2024,2024-09-09,"St Lawrence Ground, Canterbury",3,21.4,21.4,Kent,Hampshire,DJ Bell-Drummond,BG Compton,Mohammad Abbas,0,0,,,,,,,,,,,,,
1410250,2024,2024-09-09,"St Lawrence Ground, Canterbury",3,21.5,21.5,Kent,Hampshire,DJ Bell-Drummond,BG Compton,Mohammad Abbas,0,0,,,,,,,,,,,,,
1410250,2024,2024-09-09,"St Lawrence Ground, Canterbury",3,21.6,21.6,Kent,Hampshire,DJ Bell-Drummond,BG Compton,Mohammad Abbas,0,0,,,,,,,,,,,,,
1410250,2024,2024-09-09,"St Lawrence Ground, Canterbury",3,22.1,22.1,Kent,Hampshire,BG Compton,DJ Bell-Drummond,KJ Abbott,0,0,,,,,,,caught,BG Compton,,,TE Albert,,
1410250,2024,2024-09-09,"St Lawrence Ground, Canterbury",3,22.2,22.2,Kent,Hampshire,JA Leaning,DJ Bell-Drummond,KJ Abbott,0,0,,,,,,,,,,,,,
1410250,2024,2024-09-09,"St Lawrence Ground, Canterbury",3,22.3,22.3,Kent,Hampshire,JA Leaning,DJ Bell-Drummond,KJ Abbott,4,0,,,,,,,,,,,,,
1410250,2024,2024-09-09,"St Lawrence Ground, Canterbury",3,22.4,22.4,Kent,Hampshire,JA Leaning,DJ Bell-Drummond,KJ Abbott,0,0,,,,,,,,,,,,,
1410250,2024,2024-09-09,"St Lawrence Ground, Canterbury",3,22.5,22.5,Kent,Hampshire,JA Leaning,DJ Bell-Drummond,KJ Abbott,0,0,,,,,,,,,,,,,
1410250,2024,2024-09-09,"St Lawrence Ground, Canterbury",3,22.6,22.6,Kent,Hampshire,JA Leaning,DJ Bell-Drummond,KJ Abbott,0,0,,,,,,,,,,,,,
1410250,2024,2024-09-09,"St Lawrence Ground, Canterbury",3,23.1,23.1,Kent,Hampshire,DJ Bell-Drummond,JA Leaning,Mohammad Abbas,0,0,,,,,,,,,,,,,
1410250,2024,2024-09-09,"St Lawrence Ground, Canterbury",3,23.2,23.2,Kent,Hampshire,DJ Bell-Drummond,JA Leaning,Mohammad Abbas,0,0,,,,,,,,,,,,,
1410250,2024,2024-09-09,"St Lawrence Ground, Canterbury",3,23.3,23.3,Kent,Hampshire,DJ Bell-Drummond,JA Leaning,Mohammad Abbas,0,0,,,,,,,,,,,,,
1410250,2024,2024-09-09,"St Lawrence Ground, Canterbury",3,23.4,23.4,Kent,Hampshire,DJ Bell-Drummond,JA Leaning,Mohammad Abbas,0,0,,,,,,,,,,,,,
1410250,2024,2024-09-09,"St Lawrence Ground, Canterbury",3,23.5,23.5,Kent,Hampshire,DJ Bell-Drummond,JA Leaning,Mohammad Abbas,0,2,,2,,,,,,,,,,,
1410250,2024,2024-09-09,"St Lawrence Ground, Canterbury",3,23.6,23.5,Kent,Hampshire,DJ Bell-Drummond,JA Leaning,Mohammad Abbas,0,0,,,,,,,,,,,,,
1410250,2024,2024-09-09,"St Lawrence Ground, Canterbury",3,23.7,23.6,Kent,Hampshire,DJ Bell-Drummond,JA Leaning,Mohammad Abbas,2,0,,,,,,,,,,,,,
1410250,2024,2024-09-09,"St Lawrence Ground, Canterbury",3,24.1,24.1,Kent,Hampshire,JA Leaning,DJ Bell-Drummond,KJ Abbott,0,0,,,,,,,,,,,,,
1410250,2024,2024-09-09,"St Lawrence Ground, Canterbury",3,24.2,24.2,Kent,Hampshire,JA Leaning,DJ Bell-Drummond,KJ Abbott,0,0,,,,,,,,,,,,,
1410250,2024,2024-09-09,"St Lawrence Ground, Canterbury",3,24.3,24.3,Kent,Hampshire,JA Leaning,DJ Bell-Drummond,KJ Abbott,1,0,,,,,,,,,,,,,
1410250,2024,2024-09-09,"St Lawrence Ground, Canterbury",3,24.4,24.4,Kent,Hampshire,DJ Bell-Drummond,JA Leaning,KJ Abbott,0,0,,,,,,,,,,,,,
1410250,2024,2024-09-09,"St Lawrence Ground, Canterbury",3,24.5,24.5,Kent,Hampshire,DJ Bell-Drummond,JA Leaning,KJ Abbott,0,0,,,,,,,,,,,,,
1410250,2024,2024-09-09,"St Lawrence Ground, Canterbury",3,24.6,24.6,Kent,Hampshire,DJ Bell-Drummond,JA Leaning,KJ Abbott,0,0,,,,,,,,,,,,,
1410250,2024,2024-09-09,"St Lawrence Ground, Canterbury",3,25.1,25.1,Kent,Hampshire,JA Leaning,DJ Bell-Drummond,JK Fuller,4,0,,,,,,,,,,,,,
1410250,2024,2024-09-09,"St Lawrence Ground, Canterbury",3,25.2,25.2,Kent,Hampshire,JA Leaning,DJ Bell-Drummond,JK Fuller,0,0,,,,,,,,,,,,,
1410250,2024,2024-09-09,"St Lawrence Ground, Canterbury",3,25.3,25.3,Kent,Hampshire,JA Leaning,DJ Bell-Drummond,JK Fuller,0,0,,,,,,,,,,,,,
1410250,2024,2024-09-09,"St Lawrence Ground, Canterbury",3,25.4,25.4,Kent,Hampshire,JA Leaning,DJ Bell-Drummond,JK Fuller,1,0,,,,,,,,,,,,,
1410250,2024,2024-09-09,"St Lawrence Ground, Canterbury",3,25.5,25.5,Kent,Hampshire,DJ Bell-Drummond,JA Leaning,JK Fuller,2,0,,,,,,,,,,,,,
1410250,2024,2024-09-09,"St Lawrence Ground, Canterbury",3,25.6,25.6,Kent,Hampshire,DJ Bell-Drummond,JA Leaning,JK Fuller,1,0,,,,,,,,,,,,,
1410250,2024,2024-09-09,"St Lawrence Ground, Canterbury",3,26.1,26.1,Kent,Hampshire,DJ Bell-Drummond,JA Leaning,KJ Abbott,0,0,,,,,,,,,,,,,
1410250,2024,2024-09-09,"St Lawrence Ground, Canterbury",3,26.2,26.2,Kent,Hampshire,DJ Bell-Drummond,JA Leaning,KJ Abbott,0,0,,,,,,,,,,,,,
1410250,2024,2024-09-09,"St Lawrence Ground, Canterbury",3,26.3,26.3,Kent,Hampshire,DJ Bell-Drummond,JA Leaning,KJ Abbott,1,0,,,,,,,,,,,,,
1410250,2024,2024-09-09,"St Lawrence Ground, Canterbury",3,26.4,26.4,Kent,Hampshire,JA Leaning,DJ Bell-Drummond,KJ Abbott,0,0,,,,,,,,,,,,,
1410250,2024,2024-09-09,"St Lawrence Ground, Canterbury",3,26.5,26.5,Kent,Hampshire,JA Leaning,DJ Bell-Drummond,KJ Abbott,0,0,,,,,,,,,,,,,
1410250,2024,2024-09-09,"St Lawrence Ground, Canterbury",3,26.6,26.6,Kent,Hampshire,JA Leaning,DJ Bell-Drummond,KJ Abbott,0,0,,,,,,,,,,,,,
1410250,2024,2024-09-09,"St Lawrence Ground, Canterbury",3,27.1,27.1,Kent,Hampshire,DJ Bell-Drummond,JA Leaning,JK Fuller,0,0,,,,,,,,,,,,,
1410250,2024,2024-09-09,"St Lawrence Ground, Canterbury",3,27.2,27.2,Kent,Hampshire,DJ Bell-Drummond,JA Leaning,JK Fuller,0,0,,,,,,,,,,,,,
1410250,2024,2024-09-09,"St Lawrence Ground, Canterbury",3,27.3,27.3,Kent,Hampshire,DJ Bell-Drummond,JA Leaning,JK Fuller,0,0,,,,,,,,,,,,,
1410250,2024,2024-09-09,"St Lawrence Ground, Canterbury",3,27.4,27.4,Kent,Hampshire,DJ Bell-Drummond,JA Leaning,JK Fuller,1,0,,,,,,,,,,,,,
1410250,2024,2024-09-09,"St Lawrence Ground, Canterbury",3,27.5,27.5,Kent,Hampshire,JA Leaning,DJ Bell-Drummond,JK Fuller,0,0,,,,,,,,,,,,,
1410250,2024,2024-09-09,"St Lawrence Ground, Canterbury",3,27.6,27.6,Kent,Hampshire,JA Leaning,DJ Bell-Drummond,JK Fuller,0,0,,,,,,,,,,,,,
1410250,2024,2024-09-09,"St Lawrence Ground, Canterbury",3,28.1,28.1,Kent,Hampshire,DJ Bell-Drummond,JA Leaning,KJ Abbott,0,0,,,,,,,,,,,,,
1410250,2024,2024-09-09,"St Lawrence Ground, Canterbury",3,28.2,28.2,Kent,Hampshire,DJ Bell-Drummond,JA Leaning,KJ Abbott,4,0,,,,,,,,,,,,,
1410250,2024,2024-09-09,"St Lawrence Ground, Canterbury",3,28.3,28.3,Kent,Hampshire,DJ Bell-Drummond,JA Leaning,KJ Abbott,4,0,,,,,,,,,,,,,
1410250,2024,2024-09-09,"St Lawrence Ground, Canterbury",3,28.4,28.4,Kent,Hampshire,DJ Bell-Drummond,JA Leaning,KJ Abbott,0,0,,,,,,,,,,,,,
1410250,2024,2024-09-09,"St Lawrence Ground, Canterbury",3,28.5,28.5,Kent,Hampshire,DJ Bell-Drummond,JA Leaning,KJ Abbott,0,0,,,,,,,,,,,,,
1410250,2024,2024-09-09,"St Lawrence Ground, Canterbury",3,28.6,28.6,Kent,Hampshire,DJ Bell-Drummond,JA Leaning,KJ Abbott,4,0,,,,,,,,,,,,,
1410250,2024,2024-09-09,"St Lawrence Ground, Canterbury",3,29.1,29.1,Kent,Hampshire,JA Leaning,DJ Bell-Drummond,JK Fuller,0,0,,,,,,,,,,,,,
1410250,2024,2024-09-09,"St Lawrence Ground, Canterbury",3,29.2,29.2,Kent,Hampshire,JA Leaning,DJ Bell-Drummond,JK Fuller,0,0,,,,,,,,,,,,,
1410250,2024,2024-09-09,"St Lawrence Ground, Canterbury",3,29.3,29.3,Kent,Hampshire,JA Leaning,DJ Bell-Drummond,JK Fuller,4,0,,,,,,,,,,,,,
1410250,2024,2024-09-09,"St Lawrence Ground, Canterbury",3,29.4,29.4,Kent,Hampshire,JA Leaning,DJ Bell-Drummond,JK Fuller,0,0,,,,,,,,,,,,,
1410250,2024,2024-09-09,"St Lawrence Ground, Canterbury",3,29.5,29.5,Kent,Hampshire,JA Leaning,DJ Bell-Drummond,JK Fuller,1,0,,,,,,,,,,,,,
1410250,2024,2024-09-09,"St Lawrence Ground, Canterbury",3,29.6,29.6,Kent,Hampshire,DJ Bell-Drummond,JA Leaning,JK Fuller,0,0,,,,,,,,,,,,,
1410250,2024,2024-09-09,"St Lawrence Ground, Canterbury",3,30.1,30.1,Kent,Hampshire,JA Leaning,DJ Bell-Drummond,Mohammad Abbas,1,0,,,,,,,,,,,,,
1410250,2024,2024-09-09,"St Lawrence Ground, Canterbury",3,30.2,30.2,Kent,Hampshire,DJ Bell-Drummond,JA Leaning,Mohammad Abbas,0,0,,,,,,,lbw,DJ Bell-Drummond,,,,,
1410250,2024,2024-09-09,"St Lawrence Ground, Canterbury",3,30.3,30.3,Kent,Hampshire,JL Denly,JA Leaning,Mohammad Abbas,0,0,,,,,,,,,,,,,
1410250,2024,2024-09-09,"St Lawrence Ground, Canterbury",3,30.4,30.4,Kent,Hampshire,JL Denly,JA Leaning,Mohammad Abbas,0,0,,,,,,,,,,,,,
1410250,2024,2024-09-09,"St Lawrence Ground, Canterbury",3,30.5,30.5,Kent,Hampshire,JL Denly,JA Leaning,Mohammad Abbas,0,0,,,,,,,,,,,,,
1410250,2024,2024-09-09,"St Lawrence Ground, Canterbury",3,30.6,30.6,Kent,Hampshire,JL Denly,JA Leaning,Mohammad Abbas,0,0,,,,,,,,,,,,,
1410250,2024,2024-09-09,"St Lawrence Ground, Canterbury",3,31.1,31.1,Kent,Hampshire,JA Leaning,JL Denly,JK Fuller,0,0,,,,,,,,,,,,,
1410250,2024,2024-09-09,"St Lawrence Ground, Canterbury",3,31.2,31.2,Kent,Hampshire,JA Leaning,JL Denly,JK Fuller,1,0,,,,,,,,,,,,,
1410250,2024,2024-09-09,"St Lawrence Ground, Canterbury",3,31.3,31.3,Kent,Hampshire,JL Denly,JA Leaning,JK Fuller,0,0,,,,,,,,,,,,,
1410250,2024,2024-09-09,"St Lawrence Ground, Canterbury",3,31.4,31.4,Kent,Hampshire,JL Denly,JA Leaning,JK Fuller,0,0,,,,,,,,,,,,,
1410250,2024,2024-09-09,"St Lawrence Ground, Canterbury",3,31.5,31.5,Kent,Hampshire,JL Denly,JA Leaning,JK Fuller,0,0,,,,,,,,,,,,,
1410250,2024,2024-09-09,"St Lawrence Ground, Canterbury",3,31.6,31.6,Kent,Hampshire,JL Denly,JA Leaning,JK Fuller,1,0,,,,,,,,,,,,,
1410250,2024,2024-09-09,"St Lawrence Ground, Canterbury",3,32.1,32.1,Kent,Hampshire,JL Denly,JA Leaning,Mohammad Abbas,0,0,,,,,,,,,,,,,
1410250,2024,2024-09-09,"St Lawrence Ground, Canterbury",3,32.2,32.2,Kent,Hampshire,JL Denly,JA Leaning,Mohammad Abbas,0,0,,,,,,,,,,,,,
1410250,2024,2024-09-09,"St Lawrence Ground, Canterbury",3,32.3,32.3,Kent,Hampshire,JL Denly,JA Leaning,Mohammad Abbas,4,0,,,,,,,,,,,,,
1410250,2024,2024-09-09,"St Lawrence Ground, Canterbury",3,32.4,32.4,Kent,Hampshire,JL Denly,JA Leaning,Mohammad Abbas,0,0,,,,,,,,,,,,,
1410250,2024,2024-09-09,"St Lawrence Ground, Canterbury",3,32.5,32.5,Kent,Hampshire,JL Denly,JA Leaning,Mohammad Abbas,0,0,,,,,,,bowled,JL Denly,,,,,
1410250,2024,2024-09-09,"St Lawrence Ground, Canterbury",3,32.6,32.6,Kent,Hampshire,JDM Evison,JA Leaning,Mohammad Abbas,0,0,,,,,,,,,,,,,
1410250,2024,2024-09-09,"St Lawrence Ground, Canterbury",3,33.1,33.1,Kent,Hampshire,JA Leaning,JDM Evison,JK Fuller,4,0,,,,,,,,,,,,,
1410250,2024,2024-09-09,"St Lawrence Ground, Canterbury",3,33.2,33.2,Kent,Hampshire,JA Leaning,JDM Evison,JK Fuller,0,0,,,,,,,,,,,,,
1410250,2024,2024-09-09,"St Lawrence Ground, Canterbury",3,33.3,33.3,Kent,Hampshire,JA Leaning,JDM Evison,JK Fuller,0,2,,2,,,,,,,,,,,
1410250,2024,2024-09-09,"St Lawrence Ground, Canterbury",3,33.4,33.3,Kent,Hampshire,JA Leaning,JDM Evison,JK Fuller,0,0,,,,,,,,,,,,,
1410250,2024,2024-09-09,"St Lawrence Ground, Canterbury",3,33.5,33.4,Kent,Hampshire,JA Leaning,JDM Evison,JK Fuller,0,0,,,,,,,,,,,,,
1410250,2024,2024-09-09,"St Lawrence Ground, Canterbury",3,33.6,33.5,Kent,Hampshire,JA Leaning,JDM Evison,JK Fuller,0,0,,,,,,,,,,,,,
1410250,2024,2024-09-09,"St Lawrence Ground, Canterbury",3,33.7,33.6,Kent,Hampshire,JA Leaning,JDM Evison,JK Fuller,0,0,,,,,,,,,,,,,
1410250,2024,2024-09-09,"St Lawrence Ground, Canterbury",3,34.1,34.1,Kent,Hampshire,JDM Evison,JA Leaning,Mohammad Abbas,0,0,,,,,,,,,,,,,
1410250,2024,2024-09-09,"St Lawrence Ground, Canterbury",3,34.2,34.2,Kent,Hampshire,JDM Evison,JA Leaning,Mohammad Abbas,0,0,,,,,,,,,,,,,
1410250,2024,2024-09-09,"St Lawrence Ground, Canterbury",3,34.3,34.3,Kent,Hampshire,JDM Evison,JA Leaning,Mohammad Abbas,0,0,,,,,,,,,,,,,
1410250,2024,2024-09-09,"St Lawrence Ground, Canterbury",3,34.4,34.4,Kent,Hampshire,JDM Evison,JA Leaning,Mohammad Abbas,0,0,,,,,,,,,,,,,
1410250,2024,2024-09-09,"St Lawrence Ground, Canterbury",3,34.5,34.5,Kent,Hampshire,JDM Evison,JA Leaning,Mohammad Abbas,0,0,,,,,,,,,,,,,
1410250,2024,2024-09-09,"St Lawrence Ground, Canterbury",3,34.6,34.6,Kent,Hampshire,JDM Evison,JA Leaning,Mohammad Abbas,0,0,,,,,,,,,,,,,
1410250,2024,2024-09-09,"St Lawrence Ground, Canterbury",3,35.1,35.1,Kent,Hampshire,JA Leaning,JDM Evison,LA Dawson,1,0,,,,,,,,,,,,,
1410250,2024,2024-09-09,"St Lawrence Ground, Canterbury",3,35.2,35.2,Kent,Hampshire,JDM Evison,JA Leaning,LA Dawson,0,0,,,,,,,,,,,,,
1410250,2024,2024-09-09,"St Lawrence Ground, Canterbury",3,35.3,35.3,Kent,Hampshire,JDM Evison,JA Leaning,LA Dawson,0,0,,,,,,,,,,,,,
1410250,2024,2024-09-09,"St Lawrence Ground, Canterbury",3,35.4,35.4,Kent,Hampshire,JDM Evison,JA Leaning,LA Dawson,4,0,,,,,,,,,,,,,
1410250,2024,2024-09-09,"St Lawrence Ground, Canterbury",3,35.5,35.5,Kent,Hampshire,JDM Evison,JA Leaning,LA Dawson,0,0,,,,,,,,,,,,,
1410250,2024,2024-09-09,"St Lawrence Ground, Canterbury",3,35.6,35.6,Kent,Hampshire,JDM Evison,JA Leaning,LA Dawson,0,0,,,,,,,,,,,,,
1410250,2024,2024-09-09,"St Lawrence Ground, Canterbury",3,36.1,36.1,Kent,Hampshire,JA Leaning,JDM Evison,Mohammad Abbas,2,0,,,,,,,,,,,,,
1410250,2024,2024-09-09,"St Lawrence Ground, Canterbury",3,36.2,36.2,Kent,Hampshire,JA Leaning,JDM Evison,Mohammad Abbas,0,0,,,,,,,,,,,,,
1410250,2024,2024-09-09,"St Lawrence Ground, Canterbury",3,36.3,36.3,Kent,Hampshire,JA Leaning,JDM Evison,Mohammad Abbas,0,0,,,,,,,,,,,,,
1410250,2024,2024-09-09,"St Lawrence Ground, Canterbury",3,36.4,36.4,Kent,Hampshire,JA Leaning,JDM Evison,Mohammad Abbas,0,0,,,,,,,,,,,,,
1410250,2024,2024-09-09,"St Lawrence Ground, Canterbury",3,36.5,36.5,Kent,Hampshire,JA Leaning,JDM Evison,Mohammad Abbas,0,0,,,,,,,,,,,,,
1410250,2024,2024-09-09,"St Lawrence Ground, Canterbury",3,36.6,36.6,Kent,Hampshire,JA Leaning,JDM Evison,Mohammad Abbas,0,0,,,,,,,,,,,,,
1410250,2024,2024-09-09,"St Lawrence Ground, Canterbury",3,37.1,37.1,Kent,Hampshire,JDM Evison,JA Leaning,LA Dawson,0,0,,,,,,,,,,,,,
1410250,2024,2024-09-09,"St Lawrence Ground, Canterbury",3,37.2,37.2,Kent,Hampshire,JDM Evison,JA Leaning,LA Dawson,0,0,,,,,,,,,,,,,
1410250,2024,2024-09-09,"St Lawrence Ground, Canterbury",3,37.3,37.3,Kent,Hampshire,JDM Evison,JA Leaning,LA Dawson,0,0,,,,,,,,,,,,,
1410250,2024,2024-09-09,"St Lawrence Ground, Canterbury",3,37.4,37.4,Kent,Hampshire,JDM Evison,JA Leaning,LA Dawson,0,0,,,,,,,,,,,,,
1410250,2024,2024-09-09,"St Lawrence Ground, Canterbury",3,37.5,37.5,Kent,Hampshire,JDM Evison,JA Leaning,LA Dawson,1,0,,,,,,,,,,,,,
1410250,2024,2024-09-09,"St Lawrence Ground, Canterbury",3,37.6,37.6,Kent,Hampshire,JA Leaning,JDM Evison,LA Dawson,0,0,,,,,,,,,,,,,
1410250,2024,2024-09-09,"St Lawrence Ground, Canterbury",3,38.1,38.1,Kent,Hampshire,JDM Evison,JA Leaning,Mohammad Abbas,0,0,,,,,,,,,,,,,
1410250,2024,2024-09-09,"St Lawrence Ground, Canterbury",3,38.2,38.2,Kent,Hampshire,JDM Evison,JA Leaning,Mohammad Abbas,0,0,,,,,,,,,,,,,
1410250,2024,2024-09-09,"St Lawrence Ground, Canterbury",3,38.3,38.3,Kent,Hampshire,JDM Evison,JA Leaning,Mohammad Abbas,1,0,,,,,,,,,,,,,
1410250,2024,2024-09-09,"St Lawrence Ground, Canterbury",3,38.4,38.4,Kent,Hampshire,JA Leaning,JDM Evison,Mohammad Abbas,0,0,,,,,,,,,,,,,
1410250,2024,2024-09-09,"St Lawrence Ground, Canterbury",3,38.5,38.5,Kent,Hampshire,JA Leaning,JDM Evison,Mohammad Abbas,0,0,,,,,,,,,,,,,
1410250,2024,2024-09-09,"St Lawrence Ground, Canterbury",3,38.6,38.6,Kent,Hampshire,JA Leaning,JDM Evison,Mohammad Abbas,0,0,,,,,,,,,,,,,
1410250,2024,2024-09-09,"St Lawrence Ground, Canterbury",3,39.1,39.1,Kent,Hampshire,JDM Evison,JA Leaning,LA Dawson,0,0,,,,,,,,,,,,,
1410250,2024,2024-09-09,"St Lawrence Ground, Canterbury",3,39.2,39.2,Kent,Hampshire,JDM Evison,JA Leaning,LA Dawson,1,0,,,,,,,,,,,,,
1410250,2024,2024-09-09,"St Lawrence Ground, Canterbury",3,39.3,39.3,Kent,Hampshire,JA Leaning,JDM Evison,LA Dawson,0,0,,,,,,,,,,,,,
1410250,2024,2024-09-09,"St Lawrence Ground, Canterbury",3,39.4,39.4,Kent,Hampshire,JA Leaning,JDM Evison,LA Dawson,0,0,,,,,,,,,,,,,
1410250,2024,2024-09-09,"St Lawrence Ground, Canterbury",3,39.5,39.5,Kent,Hampshire,JA Leaning,JDM Evison,LA Dawson,0,0,,,,,,,,,,,,,
1410250,2024,2024-09-09,"St Lawrence Ground, Canterbury",3,39.6,39.6,Kent,Hampshire,JA Leaning,JDM Evison,LA Dawson,0,0,,,,,,,,,,,,,
1410250,2024,2024-09-09,"St Lawrence Ground, Canterbury",3,40.1,40.1,Kent,Hampshire,JDM Evison,JA Leaning,KJ Abbott,0,0,,,,,,,,,,,,,
1410250,2024,2024-09-09,"St Lawrence Ground, Canterbury",3,40.2,40.2,Kent,Hampshire,JDM Evison,JA Leaning,KJ Abbott,4,0,,,,,,,,,,,,,
1410250,2024,2024-09-09,"St Lawrence Ground, Canterbury",3,40.3,40.3,Kent,Hampshire,JDM Evison,JA Leaning,KJ Abbott,0,0,,,,,,,,,,,,,
1410250,2024,2024-09-09,"St Lawrence Ground, Canterbury",3,40.4,40.4,Kent,Hampshire,JDM Evison,JA Leaning,KJ Abbott,0,0,,,,,,,caught,JDM Evison,,,JM Vince,,
1410250,2024,2024-09-09,"St Lawrence Ground, Canterbury",3,40.5,40.5,Kent,Hampshire,HZ Finch,JA Leaning,KJ Abbott,0,0,,,,,,,,,,,,,
1410250,2024,2024-09-09,"St Lawrence Ground, Canterbury",3,40.6,40.6,Kent,Hampshire,HZ Finch,JA Leaning,KJ Abbott,0,0,,,,,,,,,,,,,
1410250,2024,2024-09-09,"St Lawrence Ground, Canterbury",3,41.1,41.1,Kent,Hampshire,JA Leaning,HZ Finch,LA Dawson,0,0,,,,,,,,,,,,,
1410250,2024,2024-09-09,"St Lawrence Ground, Canterbury",3,41.2,41.2,Kent,Hampshire,JA Leaning,HZ Finch,LA Dawson,0,0,,,,,,,,,,,,,
1410250,2024,2024-09-09,"St Lawrence Ground, Canterbury",3,41.3,41.3,Kent,Hampshire,JA Leaning,HZ Finch,LA Dawson,0,0,,,,,,,,,,,,,
1410250,2024,2024-09-09,"St Lawrence Ground, Canterbury",3,41.4,41.4,Kent,Hampshire,JA Leaning,HZ Finch,LA Dawson,1,0,,,,,,,,,,,,,
1410250,2024,2024-09-09,"St Lawrence Ground, Canterbury",3,41.5,41.5,Kent,Hampshire,HZ Finch,JA Leaning,LA Dawson,0,0,,,,,,,,,,,,,
1410250,2024,2024-09-09,"St Lawrence Ground, Canterbury",3,41.6,41.6,Kent,Hampshire,HZ Finch,JA Leaning,LA Dawson,0,0,,,,,,,,,,,,,
1410250,2024,2024-09-09,"St Lawrence Ground, Canterbury",3,42.1,42.1,Kent,Hampshire,JA Leaning,HZ Finch,KJ Abbott,0,0,,,,,,,,,,,,,
1410250,2024,2024-09-09,"St Lawrence Ground, Canterbury",3,42.2,42.2,Kent,Hampshire,JA Leaning,HZ Finch,KJ Abbott,1,0,,,,,,,,,,,,,
1410250,2024,2024-09-09,"St Lawrence Ground, Canterbury",3,42.3,42.3,Kent,Hampshire,HZ Finch,JA Leaning,KJ Abbott,0,0,,,,,,,,,,,,,
1410250,2024,2024-09-09,"St Lawrence Ground, Canterbury",3,42.4,42.4,Kent,Hampshire,HZ Finch,JA Leaning,KJ Abbott,0,0,,,,,,,,,,,,,
1410250,2024,2024-09-09,"St Lawrence Ground, Canterbury",3,42.5,42.5,Kent,Hampshire,HZ Finch,JA Leaning,KJ Abbott,1,0,,,,,,,,,,,,,
1410250,2024,2024-09-09,"St Lawrence Ground, Canterbury",3,42.6,42.6,Kent,Hampshire,JA Leaning,HZ Finch,KJ Abbott,0,0,,,,,,,,,,,,,
1410250,2024,2024-09-09,"St Lawrence Ground, Canterbury",3,43.1,43.1,Kent,Hampshire,HZ Finch,JA Leaning,LA Dawson,1,0,,,,,,,,,,,,,
1410250,2024,2024-09-09,"St Lawrence Ground, Canterbury",3,43.2,43.2,Kent,Hampshire,JA Leaning,HZ Finch,LA Dawson,1,0,,,,,,,,,,,,,
1410250,2024,2024-09-09,"St Lawrence Ground, Canterbury",3,43.3,43.3,Kent,Hampshire,HZ Finch,JA Leaning,LA Dawson,1,0,,,,,,,,,,,,,
1410250,2024,2024-09-09,"St Lawrence Ground, Canterbury",3,43.4,43.4,Kent,Hampshire,JA Leaning,HZ Finch,LA Dawson,0,0,,,,,,,,,,,,,
1410250,2024,2024-09-09,"St Lawrence Ground, Canterbury",3,43.5,43.5,Kent,Hampshire,JA Leaning,HZ Finch,LA Dawson,0,0,,,,,,,,,,,,,
1410250,2024,2024-09-09,"St Lawrence Ground, Canterbury",3,43.6,43.6,Kent,Hampshire,JA Leaning,HZ Finch,LA Dawson,0,0,,,,,,,,,,,,,
1410250,2024,2024-09-09,"St Lawrence Ground, Canterbury",3,44.1,44.1,Kent,Hampshire,HZ Finch,JA Leaning,KJ Abbott,0,0,,,,,,,,,,,,,
1410250,2024,2024-09-09,"St Lawrence Ground, Canterbury",3,44.2,44.2,Kent,Hampshire,HZ Finch,JA Leaning,KJ Abbott,0,0,,,,,,,,,,,,,
1410250,2024,2024-09-09,"St Lawrence Ground, Canterbury",3,44.3,44.3,Kent,Hampshire,HZ Finch,JA Leaning,KJ Abbott,0,0,,,,,,,,,,,,,
1410250,2024,2024-09-09,"St Lawrence Ground, Canterbury",3,44.4,44.4,Kent,Hampshire,HZ Finch,JA Leaning,KJ Abbott,0,0,,,,,,,,,,,,,
1410250,2024,2024-09-09,"St Lawrence Ground, Canterbury",3,44.5,44.5,Kent,Hampshire,HZ Finch,JA Leaning,KJ Abbott,0,0,,,,,,,,,,,,,
1410250,2024,2024-09-09,"St Lawrence Ground, Canterbury",3,44.6,44.6,Kent,Hampshire,HZ Finch,JA Leaning,KJ Abbott,0,0,,,,,,,,,,,,,
1410250,2024,2024-09-09,"St Lawrence Ground, Canterbury",3,45.1,45.1,Kent,Hampshire,JA Leaning,HZ Finch,LA Dawson,0,0,,,,,,,,,,,,,
1410250,2024,2024-09-09,"St Lawrence Ground, Canterbury",3,45.2,45.2,Kent,Hampshire,JA Leaning,HZ Finch,LA Dawson,1,0,,,,,,,,,,,,,
1410250,2024,2024-09-09,"St Lawrence Ground, Canterbury",3,45.3,45.3,Kent,Hampshire,HZ Finch,JA Leaning,LA Dawson,0,0,,,,,,,,,,,,,
1410250,2024,2024-09-09,"St Lawrence Ground, Canterbury",3,45.4,45.4,Kent,Hampshire,HZ Finch,JA Leaning,LA Dawson,0,0,,,,,,,,,,,,,
1410250,2024,2024-09-09,"St Lawrence Ground, Canterbury",3,45.5,45.5,Kent,Hampshire,HZ Finch,JA Leaning,LA Dawson,0,0,,,,,,,,,,,,,
1410250,2024,2024-09-09,"St Lawrence Ground, Canterbury",3,45.6,45.6,Kent,Hampshire,HZ Finch,JA Leaning,LA Dawson,0,0,,,,,,,,,,,,,
1410250,2024,2024-09-09,"St Lawrence Ground, Canterbury",3,46.1,46.1,Kent,Hampshire,JA Leaning,HZ Finch,KJ Abbott,0,0,,,,,,,,,,,,,
1410250,2024,2024-09-09,"St Lawrence Ground, Canterbury",3,46.2,46.2,Kent,Hampshire,JA Leaning,HZ Finch,KJ Abbott,0,0,,,,,,,,,,,,,
1410250,2024,2024-09-09,"St Lawrence Ground, Canterbury",3,46.3,46.3,Kent,Hampshire,JA Leaning,HZ Finch,KJ Abbott,0,0,,,,,,,,,,,,,
1410250,2024,2024-09-09,"St Lawrence Ground, Canterbury",3,46.4,46.4,Kent,Hampshire,JA Leaning,HZ Finch,KJ Abbott,0,0,,,,,,,,,,,,,
1410250,2024,2024-09-09,"St Lawrence Ground, Canterbury",3,46.5,46.5,Kent,Hampshire,JA Leaning,HZ Finch,KJ Abbott,0,0,,,,,,,,,,,,,
1410250,2024,2024-09-09,"St Lawrence Ground, Canterbury",3,46.6,46.6,Kent,Hampshire,JA Leaning,HZ Finch,KJ Abbott,0,1,,,,1,,,,,,,,,
1410250,2024,2024-09-09,"St Lawrence Ground, Canterbury",3,47.1,47.1,Kent,Hampshire,JA Leaning,HZ Finch,Mohammad Abbas,1,0,,,,,,,,,,,,,
1410250,2024,2024-09-09,"St Lawrence Ground, Canterbury",3,47.2,47.2,Kent,Hampshire,HZ Finch,JA Leaning,Mohammad Abbas,0,0,,,,,,,,,,,,,
1410250,2024,2024-09-09,"St Lawrence Ground, Canterbury",3,47.3,47.3,Kent,Hampshire,HZ Finch,JA Leaning,Mohammad Abbas,0,0,,,,,,,,,,,,,
1410250,2024,2024-09-09,"St Lawrence Ground, Canterbury",3,47.4,47.4,Kent,Hampshire,HZ Finch,JA Leaning,Mohammad Abbas,0,0,,,,,,,,,,,,,
1410250,2024,2024-09-09,"St Lawrence Ground, Canterbury",3,47.5,47.5,Kent,Hampshire,HZ Finch,JA Leaning,Mohammad Abbas,0,0,,,,,,,,,,,,,
1410250,2024,2024-09-09,"St Lawrence Ground, Canterbury",3,47.6,47.6,Kent,Hampshire,HZ Finch,JA Leaning,Mohammad Abbas,0,0,,,,,,,,,,,,,
1410250,2024,2024-09-09,"St Lawrence Ground, Canterbury",3,48.1,48.1,Kent,Hampshire,JA Leaning,HZ Finch,KJ Abbott,1,0,,,,,,,,,,,,,
1410250,2024,2024-09-09,"St Lawrence Ground, Canterbury",3,48.2,48.2,Kent,Hampshire,HZ Finch,JA Leaning,KJ Abbott,0,0,,,,,,,,,,,,,
1410250,2024,2024-09-09,"St Lawrence Ground, Canterbury",3,48.3,48.3,Kent,Hampshire,HZ Finch,JA Leaning,KJ Abbott,0,0,,,,,,,,,,,,,
1410250,2024,2024-09-09,"St Lawrence Ground, Canterbury",3,48.4,48.4,Kent,Hampshire,HZ Finch,JA Leaning,KJ Abbott,0,0,,,,,,,,,,,,,
1410250,2024,2024-09-09,"St Lawrence Ground, Canterbury",3,48.5,48.5,Kent,Hampshire,HZ Finch,JA Leaning,KJ Abbott,1,0,,,,,,,,,,,,,
1410250,2024,2024-09-09,"St Lawrence Ground, Canterbury",3,48.6,48.6,Kent,Hampshire,JA Leaning,HZ Finch,KJ Abbott,1,0,,,,,,,,,,,,,
1410250,2024,2024-09-09,"St Lawrence Ground, Canterbury",3,49.1,49.1,Kent,Hampshire,JA Leaning,HZ Finch,Mohammad Abbas,0,0,,,,,,,,,,,,,
1410250,2024,2024-09-09,"St Lawrence Ground, Canterbury",3,49.2,49.2,Kent,Hampshire,JA Leaning,HZ Finch,Mohammad Abbas,0,0,,,,,,,,,,,,,
1410250,2024,2024-09-09,"St Lawrence Ground, Canterbury",3,49.3,49.3,Kent,Hampshire,JA Leaning,HZ Finch,Mohammad Abbas,1,0,,,,,,,,,,,,,
1410250,2024,2024-09-09,"St Lawrence Ground, Canterbury",3,49.4,49.4,Kent,Hampshire,HZ Finch,JA Leaning,Mohammad Abbas,0,0,,,,,,,,,,,,,
1410250,2024,2024-09-09,"St Lawrence Ground, Canterbury",3,49.5,49.5,Kent,Hampshire,HZ Finch,JA Leaning,Mohammad Abbas,0,2,,2,,,,,,,,,,,
1410250,2024,2024-09-09,"St Lawrence Ground, Canterbury",3,49.6,49.5,Kent,Hampshire,HZ Finch,JA Leaning,Mohammad Abbas,1,0,,,,,,,,,,,,,
1410250,2024,2024-09-09,"St Lawrence Ground, Canterbury",3,49.7,49.6,Kent,Hampshire,JA Leaning,HZ Finch,Mohammad Abbas,0,0,,,,,,,,,,,,,
1410250,2024,2024-09-09,"St Lawrence Ground, Canterbury",3,50.1,50.1,Kent,Hampshire,HZ Finch,JA Leaning,KJ Abbott,0,0,,,,,,,,,,,,,
1410250,2024,2024-09-09,"St Lawrence Ground, Canterbury",3,50.2,50.2,Kent,Hampshire,HZ Finch,JA Leaning,KJ Abbott,0,0,,,,,,,,,,,,,
1410250,2024,2024-09-09,"St Lawrence Ground, Canterbury",3,50.3,50.3,Kent,Hampshire,HZ Finch,JA Leaning,KJ Abbott,0,0,,,,,,,,,,,,,
1410250,2024,2024-09-09,"St Lawrence Ground, Canterbury",3,50.4,50.4,Kent,Hampshire,HZ Finch,JA Leaning,KJ Abbott,0,0,,,,,,,,,,,,,
1410250,2024,2024-09-09,"St Lawrence Ground, Canterbury",3,50.5,50.5,Kent,Hampshire,HZ Finch,JA Leaning,KJ Abbott,4,0,,,,,,,,,,,,,
1410250,2024,2024-09-09,"St Lawrence Ground, Canterbury",3,50.6,50.6,Kent,Hampshire,HZ Finch,JA Leaning,KJ Abbott,4,0,,,,,,,,,,,,,
1410250,2024,2024-09-09,"St Lawrence Ground, Canterbury",3,51.1,51.1,Kent,Hampshire,JA Leaning,HZ Finch,LA Dawson,0,0,,,,,,,,,,,,,
1410250,2024,2024-09-09,"St Lawrence Ground, Canterbury",3,51.2,51.2,Kent,Hampshire,JA Leaning,HZ Finch,LA Dawson,0,0,,,,,,,,,,,,,
1410250,2024,2024-09-09,"St Lawrence Ground, Canterbury",3,51.3,51.3,Kent,Hampshire,JA Leaning,HZ Finch,LA Dawson,0,0,,,,,,,,,,,,,
1410250,2024,2024-09-09,"St Lawrence Ground, Canterbury",3,51.4,51.4,Kent,Hampshire,JA Leaning,HZ Finch,LA Dawson,0,0,,,,,,,,,,,,,
1410250,2024,2024-09-09,"St Lawrence Ground, Canterbury",3,51.5,51.5,Kent,Hampshire,JA Leaning,HZ Finch,LA Dawson,2,0,,,,,,,,,,,,,
1410250,2024,2024-09-09,"St Lawrence Ground, Canterbury",3,51.6,51.6,Kent,Hampshire,JA Leaning,HZ Finch,LA Dawson,0,0,,,,,,,,,,,,,
1410250,2024,2024-09-09,"St Lawrence Ground, Canterbury",3,52.1,52.1,Kent,Hampshire,HZ Finch,JA Leaning,BTJ Wheal,1,0,,,,,,,,,,,,,
1410250,2024,2024-09-09,"St Lawrence Ground, Canterbury",3,52.2,52.2,Kent,Hampshire,JA Leaning,HZ Finch,BTJ Wheal,0,0,,,,,,,,,,,,,
1410250,2024,2024-09-09,"St Lawrence Ground, Canterbury",3,52.3,52.3,Kent,Hampshire,JA Leaning,HZ Finch,BTJ Wheal,0,0,,,,,,,,,,,,,
1410250,2024,2024-09-09,"St Lawrence Ground, Canterbury",3,52.4,52.4,Kent,Hampshire,JA Leaning,HZ Finch,BTJ Wheal,0,0,,,,,,,,,,,,,
1410250,2024,2024-09-09,"St Lawrence Ground, Canterbury",3,52.5,52.5,Kent,Hampshire,JA Leaning,HZ Finch,BTJ Wheal,0,0,,,,,,,,,,,,,
1410250,2024,2024-09-09,"St Lawrence Ground, Canterbury",3,52.6,52.6,Kent,Hampshire,JA Leaning,HZ Finch,BTJ Wheal,0,0,,,,,,,,,,,,,
1410250,2024,2024-09-09,"St Lawrence Ground, Canterbury",3,53.1,53.1,Kent,Hampshire,HZ Finch,JA Leaning,LA Dawson,0,0,,,,,,,,,,,,,
1410250,2024,2024-09-09,"St Lawrence Ground, Canterbury",3,53.2,53.2,Kent,Hampshire,HZ Finch,JA Leaning,LA Dawson,1,0,,,,,,,,,,,,,
1410250,2024,2024-09-09,"St Lawrence Ground, Canterbury",3,53.3,53.3,Kent,Hampshire,JA Leaning,HZ Finch,LA Dawson,2,0,,,,,,,,,,,,,
1410250,2024,2024-09-09,"St Lawrence Ground, Canterbury",3,53.4,53.4,Kent,Hampshire,JA Leaning,HZ Finch,LA Dawson,0,0,,,,,,,,,,,,,
1410250,2024,2024-09-09,"St Lawrence Ground, Canterbury",3,53.5,53.5,Kent,Hampshire,JA Leaning,HZ Finch,LA Dawson,0,0,,,,,,,,,,,,,
1410250,2024,2024-09-09,"St Lawrence Ground, Canterbury",3,53.6,53.6,Kent,Hampshire,JA Leaning,HZ Finch,LA Dawson,0,0,,,,,,,,,,,,,
1410250,2024,2024-09-09,"St Lawrence Ground, Canterbury",3,54.1,54.1,Kent,Hampshire,HZ Finch,JA Leaning,BTJ Wheal,1,0,,,,,,,,,,,,,
1410250,2024,2024-09-09,"St Lawrence Ground, Canterbury",3,54.2,54.2,Kent,Hampshire,JA Leaning,HZ Finch,BTJ Wheal,0,0,,,,,,,,,,,,,
1410250,2024,2024-09-09,"St Lawrence Ground, Canterbury",3,54.3,54.3,Kent,Hampshire,JA Leaning,HZ Finch,BTJ Wheal,0,0,,,,,,,,,,,,,
1410250,2024,2024-09-09,"St Lawrence Ground, Canterbury",3,54.4,54.4,Kent,Hampshire,JA Leaning,HZ Finch,BTJ Wheal,0,0,,,,,,,,,,,,,
1410250,2024,2024-09-09,"St Lawrence Ground, Canterbury",3,54.5,54.5,Kent,Hampshire,JA Leaning,HZ Finch,BTJ Wheal,0,0,,,,,,,,,,,,,
1410250,2024,2024-09-09,"St Lawrence Ground, Canterbury",3,54.6,54.6,Kent,Hampshire,JA Leaning,HZ Finch,BTJ Wheal,2,0,,,,,,,,,,,,,
1410250,2024,2024-09-09,"St Lawrence Ground, Canterbury",3,55.1,55.1,Kent,Hampshire,HZ Finch,JA Leaning,LA Dawson,0,0,,,,,,,,,,,,,
1410250,2024,2024-09-09,"St Lawrence Ground, Canterbury",3,55.2,55.2,Kent,Hampshire,HZ Finch,JA Leaning,LA Dawson,0,0,,,,,,,,,,,,,
1410250,2024,2024-09-09,"St Lawrence Ground, Canterbury",3,55.3,55.3,Kent,Hampshire,HZ Finch,JA Leaning,LA Dawson,0,0,,,,,,,,,,,,,
1410250,2024,2024-09-09,"St Lawrence Ground, Canterbury",3,55.4,55.4,Kent,Hampshire,HZ Finch,JA Leaning,LA Dawson,0,0,,,,,,,,,,,,,
1410250,2024,2024-09-09,"St Lawrence Ground, Canterbury",3,55.5,55.5,Kent,Hampshire,HZ Finch,JA Leaning,LA Dawson,0,0,,,,,,,,,,,,,
1410250,2024,2024-09-09,"St Lawrence Ground, Canterbury",3,55.6,55.6,Kent,Hampshire,HZ Finch,JA Leaning,LA Dawson,1,0,,,,,,,,,,,,,
1410250,2024,2024-09-09,"St Lawrence Ground, Canterbury",3,56.1,56.1,Kent,Hampshire,HZ Finch,JA Leaning,BTJ Wheal,0,0,,,,,,,,,,,,,
1410250,2024,2024-09-09,"St Lawrence Ground, Canterbury",3,56.2,56.2,Kent,Hampshire,HZ Finch,JA Leaning,BTJ Wheal,0,0,,,,,,,,,,,,,
1410250,2024,2024-09-09,"St Lawrence Ground, Canterbury",3,56.3,56.3,Kent,Hampshire,HZ Finch,JA Leaning,BTJ Wheal,0,0,,,,,,,,,,,,,
1410250,2024,2024-09-09,"St Lawrence Ground, Canterbury",3,56.4,56.4,Kent,Hampshire,HZ Finch,JA Leaning,BTJ Wheal,0,0,,,,,,,,,,,,,
1410250,2024,2024-09-09,"St Lawrence Ground, Canterbury",3,56.5,56.5,Kent,Hampshire,HZ Finch,JA Leaning,BTJ Wheal,0,0,,,,,,,,,,,,,
1410250,2024,2024-09-09,"St Lawrence Ground, Canterbury",3,56.6,56.6,Kent,Hampshire,HZ Finch,JA Leaning,BTJ Wheal,0,0,,,,,,,,,,,,,
1410250,2024,2024-09-09,"St Lawrence Ground, Canterbury",3,57.1,57.1,Kent,Hampshire,JA Leaning,HZ Finch,LA Dawson,0,0,,,,,,,,,,,,,
1410250,2024,2024-09-09,"St Lawrence Ground, Canterbury",3,57.2,57.2,Kent,Hampshire,JA Leaning,HZ Finch,LA Dawson,0,0,,,,,,,,,,,,,
1410250,2024,2024-09-09,"St Lawrence Ground, Canterbury",3,57.3,57.3,Kent,Hampshire,JA Leaning,HZ Finch,LA Dawson,0,0,,,,,,,,,,,,,
1410250,2024,2024-09-09,"St Lawrence Ground, Canterbury",3,57.4,57.4,Kent,Hampshire,JA Leaning,HZ Finch,LA Dawson,3,0,,,,,,,,,,,,,
1410250,2024,2024-09-09,"St Lawrence Ground, Canterbury",3,57.5,57.5,Kent,Hampshire,HZ Finch,JA Leaning,LA Dawson,0,0,,,,,,,,,,,,,
1410250,2024,2024-09-09,"St Lawrence Ground, Canterbury",3,57.6,57.6,Kent,Hampshire,HZ Finch,JA Leaning,LA Dawson,0,0,,,,,,,,,,,,,
1410250,2024,2024-09-09,"St Lawrence Ground, Canterbury",3,58.1,58.1,Kent,Hampshire,JA Leaning,HZ Finch,BTJ Wheal,0,0,,,,,,,,,,,,,
1410250,2024,2024-09-09,"St Lawrence Ground, Canterbury",3,58.2,58.2,Kent,Hampshire,JA Leaning,HZ Finch,BTJ Wheal,2,0,,,,,,,,,,,,,
1410250,2024,2024-09-09,"St Lawrence Ground, Canterbury",3,58.3,58.3,Kent,Hampshire,JA Leaning,HZ Finch,BTJ Wheal,0,1,,,,1,,,,,,,,,
1410250,2024,2024-09-09,"St Lawrence Ground, Canterbury",3,58.4,58.4,Kent,Hampshire,HZ Finch,JA Leaning,BTJ Wheal,0,0,,,,,,,,,,,,,
1410250,2024,2024-09-09,"St Lawrence Ground, Canterbury",3,58.5,58.5,Kent,Hampshire,HZ Finch,JA Leaning,BTJ Wheal,0,0,,,,,,,,,,,,,
1410250,2024,2024-09-09,"St Lawrence Ground, Canterbury",3,58.6,58.6,Kent,Hampshire,HZ Finch,JA Leaning,BTJ Wheal,1,0,,,,,,,,,,,,,
1410250,2024,2024-09-09,"St Lawrence Ground, Canterbury",3,59.1,59.1,Kent,Hampshire,HZ Finch,JA Leaning,LA Dawson,0,0,,,,,,,,,,,,,
1410250,2024,2024-09-09,"St Lawrence Ground, Canterbury",3,59.2,59.2,Kent,Hampshire,HZ Finch,JA Leaning,LA Dawson,0,0,,,,,,,,,,,,,
1410250,2024,2024-09-09,"St Lawrence Ground, Canterbury",3,59.3,59.3,Kent,Hampshire,HZ Finch,JA Leaning,LA Dawson,0,0,,,,,,,,,,,,,
1410250,2024,2024-09-09,"St Lawrence Ground, Canterbury",3,59.4,59.4,Kent,Hampshire,HZ Finch,JA Leaning,LA Dawson,3,0,,,,,,,,,,,,,
1410250,2024,2024-09-09,"St Lawrence Ground, Canterbury",3,59.5,59.5,Kent,Hampshire,JA Leaning,HZ Finch,LA Dawson,0,0,,,,,,,,,,,,,
1410250,2024,2024-09-09,"St Lawrence Ground, Canterbury",3,59.6,59.6,Kent,Hampshire,JA Leaning,HZ Finch,LA Dawson,0,0,,,,,,,,,,,,,
1410250,2024,2024-09-09,"St Lawrence Ground, Canterbury",3,60.1,60.1,Kent,Hampshire,HZ Finch,JA Leaning,BTJ Wheal,0,0,,,,,,,,,,,,,
1410250,2024,2024-09-09,"St Lawrence Ground, Canterbury",3,60.2,60.2,Kent,Hampshire,HZ Finch,JA Leaning,BTJ Wheal,0,0,,,,,,,,,,,,,
1410250,2024,2024-09-09,"St Lawrence Ground, Canterbury",3,60.3,60.3,Kent,Hampshire,HZ Finch,JA Leaning,BTJ Wheal,0,0,,,,,,,,,,,,,
1410250,2024,2024-09-09,"St Lawrence Ground, Canterbury",3,60.4,60.4,Kent,Hampshire,HZ Finch,JA Leaning,BTJ Wheal,0,0,,,,,,,,,,,,,
1410250,2024,2024-09-09,"St Lawrence Ground, Canterbury",3,60.5,60.5,Kent,Hampshire,HZ Finch,JA Leaning,BTJ Wheal,0,0,,,,,,,,,,,,,
1410250,2024,2024-09-09,"St Lawrence Ground, Canterbury",3,60.6,60.6,Kent,Hampshire,HZ Finch,JA Leaning,BTJ Wheal,3,0,,,,,,,,,,,,,
1410250,2024,2024-09-09,"St Lawrence Ground, Canterbury",3,61.1,61.1,Kent,Hampshire,HZ Finch,JA Leaning,LA Dawson,0,0,,,,,,,,,,,,,
1410250,2024,2024-09-09,"St Lawrence Ground, Canterbury",3,61.2,61.2,Kent,Hampshire,HZ Finch,JA Leaning,LA Dawson,4,0,,,,,,,,,,,,,
1410250,2024,2024-09-09,"St Lawrence Ground, Canterbury",3,61.3,61.3,Kent,Hampshire,HZ Finch,JA Leaning,LA Dawson,0,0,,,,,,,,,,,,,
1410250,2024,2024-09-09,"St Lawrence Ground, Canterbury",3,61.4,61.4,Kent,Hampshire,HZ Finch,JA Leaning,LA Dawson,0,0,,,,,,,,,,,,,
1410250,2024,2024-09-09,"St Lawrence Ground, Canterbury",3,61.5,61.5,Kent,Hampshire,HZ Finch,JA Leaning,LA Dawson,0,0,,,,,,,,,,,,,
1410250,2024,2024-09-09,"St Lawrence Ground, Canterbury",3,61.6,61.6,Kent,Hampshire,HZ Finch,JA Leaning,LA Dawson,0,0,,,,,,,,,,,,,
1410250,2024,2024-09-09,"St Lawrence Ground, Canterbury",3,62.1,62.1,Kent,Hampshire,JA Leaning,HZ Finch,JK Fuller,2,0,,,,,,,,,,,,,
1410250,2024,2024-09-09,"St Lawrence Ground, Canterbury",3,62.2,62.2,Kent,Hampshire,JA Leaning,HZ Finch,JK Fuller,4,0,,,,,,,,,,,,,
1410250,2024,2024-09-09,"St Lawrence Ground, Canterbury",3,62.3,62.3,Kent,Hampshire,JA Leaning,HZ Finch,JK Fuller,4,0,,,,,,,,,,,,,
1410250,2024,2024-09-09,"St Lawrence Ground, Canterbury",3,62.4,62.4,Kent,Hampshire,JA Leaning,HZ Finch,JK Fuller,0,0,,,,,,,,,,,,,
1410250,2024,2024-09-09,"St Lawrence Ground, Canterbury",3,62.5,62.5,Kent,Hampshire,JA Leaning,HZ Finch,JK Fuller,1,0,,,,,,,,,,,,,
1410250,2024,2024-09-09,"St Lawrence Ground, Canterbury",3,62.6,62.6,Kent,Hampshire,HZ Finch,JA Leaning,JK Fuller,1,0,,,,,,,,,,,,,
1410250,2024,2024-09-09,"St Lawrence Ground, Canterbury",3,63.1,63.1,Kent,Hampshire,HZ Finch,JA Leaning,LA Dawson,4,0,,,,,,,,,,,,,
1410250,2024,2024-09-09,"St Lawrence Ground, Canterbury",3,63.2,63.2,Kent,Hampshire,HZ Finch,JA Leaning,LA Dawson,0,0,,,,,,,,,,,,,
1410250,2024,2024-09-09,"St Lawrence Ground, Canterbury",3,63.3,63.3,Kent,Hampshire,HZ Finch,JA Leaning,LA Dawson,0,0,,,,,,,,,,,,,
1410250,2024,2024-09-09,"St Lawrence Ground, Canterbury",3,63.4,63.4,Kent,Hampshire,HZ Finch,JA Leaning,LA Dawson,0,0,,,,,,,,,,,,,
1410250,2024,2024-09-09,"St Lawrence Ground, Canterbury",3,63.5,63.5,Kent,Hampshire,HZ Finch,JA Leaning,LA Dawson,0,0,,,,,,,,,,,,,
1410250,2024,2024-09-09,"St Lawrence Ground, Canterbury",3,63.6,63.6,Kent,Hampshire,HZ Finch,JA Leaning,LA Dawson,0,0,,,,,,,,,,,,,
1410250,2024,2024-09-09,"St Lawrence Ground, Canterbury",3,64.1,64.1,Kent,Hampshire,JA Leaning,HZ Finch,JK Fuller,6,0,,,,,,,,,,,,,
1410250,2024,2024-09-09,"St Lawrence Ground, Canterbury",3,64.2,64.2,Kent,Hampshire,JA Leaning,HZ Finch,JK Fuller,0,0,,,,,,,,,,,,,
1410250,2024,2024-09-09,"St Lawrence Ground, Canterbury",3,64.3,64.3,Kent,Hampshire,JA Leaning,HZ Finch,JK Fuller,0,0,,,,,,,,,,,,,
1410250,2024,2024-09-09,"St Lawrence Ground, Canterbury",3,64.4,64.4,Kent,Hampshire,JA Leaning,HZ Finch,JK Fuller,4,0,,,,,,,,,,,,,
1410250,2024,2024-09-09,"St Lawrence Ground, Canterbury",3,64.5,64.5,Kent,Hampshire,JA Leaning,HZ Finch,JK Fuller,0,0,,,,,,,,,,,,,
1410250,2024,2024-09-09,"St Lawrence Ground, Canterbury",3,64.6,64.6,Kent,Hampshire,JA Leaning,HZ Finch,JK Fuller,0,0,,,,,,,,,,,,,
1410250,2024,2024-09-09,"St Lawrence Ground, Canterbury",3,65.1,65.1,Kent,Hampshire,HZ Finch,JA Leaning,LA Dawson,0,0,,,,,,,,,,,,,
1410250,2024,2024-09-09,"St Lawrence Ground, Canterbury",3,65.2,65.2,Kent,Hampshire,HZ Finch,JA Leaning,LA Dawson,0,0,,,,,,,,,,,,,
1410250,2024,2024-09-09,"St Lawrence Ground, Canterbury",3,65.3,65.3,Kent,Hampshire,HZ Finch,JA Leaning,LA Dawson,0,0,,,,,,,,,,,,,
1410250,2024,2024-09-09,"St Lawrence Ground, Canterbury",3,65.4,65.4,Kent,Hampshire,HZ Finch,JA Leaning,LA Dawson,0,0,,,,,,,,,,,,,
1410250,2024,2024-09-09,"St Lawrence Ground, Canterbury",3,65.5,65.5,Kent,Hampshire,HZ Finch,JA Leaning,LA Dawson,0,0,,,,,,,,,,,,,
1410250,2024,2024-09-09,"St Lawrence Ground, Canterbury",3,65.6,65.6,Kent,Hampshire,HZ Finch,JA Leaning,LA Dawson,0,0,,,,,,,,,,,,,
1410250,2024,2024-09-09,"St Lawrence Ground, Canterbury",3,66.1,66.1,Kent,Hampshire,JA Leaning,HZ Finch,JK Fuller,1,0,,,,,,,,,,,,,
1410250,2024,2024-09-09,"St Lawrence Ground, Canterbury",3,66.2,66.2,Kent,Hampshire,HZ Finch,JA Leaning,JK Fuller,0,0,,,,,,,,,,,,,
1410250,2024,2024-09-09,"St Lawrence Ground, Canterbury",3,66.3,66.3,Kent,Hampshire,HZ Finch,JA Leaning,JK Fuller,1,0,,,,,,,,,,,,,
1410250,2024,2024-09-09,"St Lawrence Ground, Canterbury",3,66.4,66.4,Kent,Hampshire,JA Leaning,HZ Finch,JK Fuller,1,0,,,,,,,,,,,,,
1410250,2024,2024-09-09,"St Lawrence Ground, Canterbury",3,66.5,66.5,Kent,Hampshire,HZ Finch,JA Leaning,JK Fuller,4,0,,,,,,,,,,,,,
1410250,2024,2024-09-09,"St Lawrence Ground, Canterbury",3,66.6,66.6,Kent,Hampshire,HZ Finch,JA Leaning,JK Fuller,1,0,,,,,,,,,,,,,
1410250,2024,2024-09-09,"St Lawrence Ground, Canterbury",3,67.1,67.1,Kent,Hampshire,HZ Finch,JA Leaning,LA Dawson,1,0,,,,,,,,,,,,,
1410250,2024,2024-09-09,"St Lawrence Ground, Canterbury",3,67.2,67.2,Kent,Hampshire,JA Leaning,HZ Finch,LA Dawson,0,0,,,,,,,,,,,,,
1410250,2024,2024-09-09,"St Lawrence Ground, Canterbury",3,67.3,67.3,Kent,Hampshire,JA Leaning,HZ Finch,LA Dawson,0,0,,,,,,,,,,,,,
1410250,2024,2024-09-09,"St Lawrence Ground, Canterbury",3,67.4,67.4,Kent,Hampshire,JA Leaning,HZ Finch,LA Dawson,0,0,,,,,,,,,,,,,
1410250,2024,2024-09-09,"St Lawrence Ground, Canterbury",3,67.5,67.5,Kent,Hampshire,JA Leaning,HZ Finch,LA Dawson,1,0,,,,,,,,,,,,,
1410250,2024,2024-09-09,"St Lawrence Ground, Canterbury",3,67.6,67.6,Kent,Hampshire,HZ Finch,JA Leaning,LA Dawson,0,0,,,,,,,,,,,,,
1410250,2024,2024-09-09,"St Lawrence Ground, Canterbury",3,68.1,68.1,Kent,Hampshire,JA Leaning,HZ Finch,JK Fuller,1,0,,,,,,,,,,,,,
1410250,2024,2024-09-09,"St Lawrence Ground, Canterbury",3,68.2,68.2,Kent,Hampshire,HZ Finch,JA Leaning,JK Fuller,1,0,,,,,,,,,,,,,
1410250,2024,2024-09-09,"St Lawrence Ground, Canterbury",3,68.3,68.3,Kent,Hampshire,JA Leaning,HZ Finch,JK Fuller,0,0,,,,,,,,,,,,,
1410250,2024,2024-09-09,"St Lawrence Ground, Canterbury",3,68.4,68.4,Kent,Hampshire,JA Leaning,HZ Finch,JK Fuller,0,0,,,,,,,,,,,,,
1410250,2024,2024-09-09,"St Lawrence Ground, Canterbury",3,68.5,68.5,Kent,Hampshire,JA Leaning,HZ Finch,JK Fuller,0,0,,,,,,,,,,,,,
1410250,2024,2024-09-09,"St Lawrence Ground, Canterbury",3,68.6,68.6,Kent,Hampshire,JA Leaning,HZ Finch,JK Fuller,1,0,,,,,,,,,,,,,
1410250,2024,2024-09-09,"St Lawrence Ground, Canterbury",3,69.1,69.1,Kent,Hampshire,JA Leaning,HZ Finch,LA Dawson,0,0,,,,,,,,,,,,,
1410250,2024,2024-09-09,"St Lawrence Ground, Canterbury",3,69.2,69.2,Kent,Hampshire,JA Leaning,HZ Finch,LA Dawson,4,0,,,,,,,,,,,,,
1410250,2024,2024-09-09,"St Lawrence Ground, Canterbury",3,69.3,69.3,Kent,Hampshire,JA Leaning,HZ Finch,LA Dawson,0,0,,,,,,,,,,,,,
1410250,2024,2024-09-09,"St Lawrence Ground, Canterbury",3,69.4,69.4,Kent,Hampshire,JA Leaning,HZ Finch,LA Dawson,0,0,,,,,,,,,,,,,
1410250,2024,2024-09-09,"St Lawrence Ground, Canterbury",3,69.5,69.5,Kent,Hampshire,JA Leaning,HZ Finch,LA Dawson,0,0,,,,,,,,,,,,,
1410250,2024,2024-09-09,"St Lawrence Ground, Canterbury",3,69.6,69.6,Kent,Hampshire,JA Leaning,HZ Finch,LA Dawson,0,0,,,,,,,,,,,,,
1410250,2024,2024-09-09,"St Lawrence Ground, Canterbury",3,70.1,70.1,Kent,Hampshire,HZ Finch,JA Leaning,JK Fuller,0,0,,,,,,,,,,,,,
1410250,2024,2024-09-09,"St Lawrence Ground, Canterbury",3,70.2,70.2,Kent,Hampshire,HZ Finch,JA Leaning,JK Fuller,1,0,,,,,,,,,,,,,
1410250,2024,2024-09-09,"St Lawrence Ground, Canterbury",3,70.3,70.3,Kent,Hampshire,JA Leaning,HZ Finch,JK Fuller,4,0,,,,,,,,,,,,,
1410250,2024,2024-09-09,"St Lawrence Ground, Canterbury",3,70.4,70.4,Kent,Hampshire,JA Leaning,HZ Finch,JK Fuller,4,0,,,,,,,,,,,,,
1410250,2024,2024-09-09,"St Lawrence Ground, Canterbury",3,70.5,70.5,Kent,Hampshire,JA Leaning,HZ Finch,JK Fuller,0,0,,,,,,,,,,,,,
1410250,2024,2024-09-09,"St Lawrence Ground, Canterbury",3,70.6,70.6,Kent,Hampshire,JA Leaning,HZ Finch,JK Fuller,4,0,,,,,,,,,,,,,
1410250,2024,2024-09-09,"St Lawrence Ground, Canterbury",3,71.1,71.1,Kent,Hampshire,HZ Finch,JA Leaning,LA Dawson,1,0,,,,,,,,,,,,,
1410250,2024,2024-09-09,"St Lawrence Ground, Canterbury",3,71.2,71.2,Kent,Hampshire,JA Leaning,HZ Finch,LA Dawson,0,0,,,,,,,,,,,,,
1410250,2024,2024-09-09,"St Lawrence Ground, Canterbury",3,71.3,71.3,Kent,Hampshire,JA Leaning,HZ Finch,LA Dawson,0,0,,,,,,,,,,,,,
1410250,2024,2024-09-09,"St Lawrence Ground, Canterbury",3,71.4,71.4,Kent,Hampshire,JA Leaning,HZ Finch,LA Dawson,1,0,,,,,,,,,,,,,
1410250,2024,2024-09-09,"St Lawrence Ground, Canterbury",3,71.5,71.5,Kent,Hampshire,HZ Finch,JA Leaning,LA Dawson,0,0,,,,,,,,,,,,,
1410250,2024,2024-09-09,"St Lawrence Ground, Canterbury",3,71.6,71.6,Kent,Hampshire,HZ Finch,JA Leaning,LA Dawson,0,0,,,,,,,,,,,,,
1410250,2024,2024-09-09,"St Lawrence Ground, Canterbury",3,72.1,72.1,Kent,Hampshire,JA Leaning,HZ Finch,BTJ Wheal,1,0,,,,,,,,,,,,,
1410250,2024,2024-09-09,"St Lawrence Ground, Canterbury",3,72.2,72.2,Kent,Hampshire,HZ Finch,JA Leaning,BTJ Wheal,4,0,,,,,,,,,,,,,
1410250,2024,2024-09-09,"St Lawrence Ground, Canterbury",3,72.3,72.3,Kent,Hampshire,HZ Finch,JA Leaning,BTJ Wheal,0,0,,,,,,,,,,,,,
1410250,2024,2024-09-09,"St Lawrence Ground, Canterbury",3,72.4,72.4,Kent,Hampshire,HZ Finch,JA Leaning,BTJ Wheal,4,0,,,,,,,,,,,,,
1410250,2024,2024-09-09,"St Lawrence Ground, Canterbury",3,72.5,72.5,Kent,Hampshire,HZ Finch,JA Leaning,BTJ Wheal,0,0,,,,,,,,,,,,,
1410250,2024,2024-09-09,"St Lawrence Ground, Canterbury",3,72.6,72.6,Kent,Hampshire,HZ Finch,JA Leaning,BTJ Wheal,1,0,,,,,,,,,,,,,
1410250,2024,2024-09-09,"St Lawrence Ground, Canterbury",3,73.1,73.1,Kent,Hampshire,HZ Finch,JA Leaning,LA Dawson,0,0,,,,,,,,,,,,,
1410250,2024,2024-09-09,"St Lawrence Ground, Canterbury",3,73.2,73.2,Kent,Hampshire,HZ Finch,JA Leaning,LA Dawson,0,0,,,,,,,,,,,,,
1410250,2024,2024-09-09,"St Lawrence Ground, Canterbury",3,73.3,73.3,Kent,Hampshire,HZ Finch,JA Leaning,LA Dawson,4,0,,,,,,,,,,,,,
1410250,2024,2024-09-09,"St Lawrence Ground, Canterbury",3,73.4,73.4,Kent,Hampshire,HZ Finch,JA Leaning,LA Dawson,0,0,,,,,,,,,,,,,
1410250,2024,2024-09-09,"St Lawrence Ground, Canterbury",3,73.5,73.5,Kent,Hampshire,HZ Finch,JA Leaning,LA Dawson,0,0,,,,,,,,,,,,,
1410250,2024,2024-09-09,"St Lawrence Ground, Canterbury",3,73.6,73.6,Kent,Hampshire,HZ Finch,JA Leaning,LA Dawson,0,0,,,,,,,,,,,,,
1410250,2024,2024-09-09,"St Lawrence Ground, Canterbury",3,74.1,74.1,Kent,Hampshire,JA Leaning,HZ Finch,BTJ Wheal,0,0,,,,,,,,,,,,,
1410250,2024,2024-09-09,"St Lawrence Ground, Canterbury",3,74.2,74.2,Kent,Hampshire,JA Leaning,HZ Finch,BTJ Wheal,4,0,,,,,,,,,,,,,
1410250,2024,2024-09-09,"St Lawrence Ground, Canterbury",3,74.3,74.3,Kent,Hampshire,JA Leaning,HZ Finch,BTJ Wheal,0,0,,,,,,,,,,,,,
1410250,2024,2024-09-09,"St Lawrence Ground, Canterbury",3,74.4,74.4,Kent,Hampshire,JA Leaning,HZ Finch,BTJ Wheal,0,0,,,,,,,,,,,,,
1410250,2024,2024-09-09,"St Lawrence Ground, Canterbury",3,74.5,74.5,Kent,Hampshire,JA Leaning,HZ Finch,BTJ Wheal,0,0,,,,,,,,,,,,,
1410250,2024,2024-09-09,"St Lawrence Ground, Canterbury",3,74.6,74.6,Kent,Hampshire,JA Leaning,HZ Finch,BTJ Wheal,1,0,,,,,,,,,,,,,
1410250,2024,2024-09-09,"St Lawrence Ground, Canterbury",3,75.1,75.1,Kent,Hampshire,JA Leaning,HZ Finch,TJ Prest,0,0,,,,,,,,,,,,,
1410250,2024,2024-09-09,"St Lawrence Ground, Canterbury",3,75.2,75.2,Kent,Hampshire,JA Leaning,HZ Finch,TJ Prest,0,0,,,,,,,,,,,,,
1410250,2024,2024-09-09,"St Lawrence Ground, Canterbury",3,75.3,75.3,Kent,Hampshire,JA Leaning,HZ Finch,TJ Prest,0,0,,,,,,,,,,,,,
1410250,2024,2024-09-09,"St Lawrence Ground, Canterbury",3,75.4,75.4,Kent,Hampshire,JA Leaning,HZ Finch,TJ Prest,1,0,,,,,,,,,,,,,
1410250,2024,2024-09-09,"St Lawrence Ground, Canterbury",3,75.5,75.5,Kent,Hampshire,HZ Finch,JA Leaning,TJ Prest,0,0,,,,,,,,,,,,,
1410250,2024,2024-09-09,"St Lawrence Ground, Canterbury",3,75.6,75.6,Kent,Hampshire,HZ Finch,JA Leaning,TJ Prest,0,0,,,,,,,,,,,,,
1410250,2024,2024-09-09,"St Lawrence Ground, Canterbury",3,76.1,76.1,Kent,Hampshire,JA Leaning,HZ Finch,LA Dawson,0,0,,,,,,,,,,,,,
1410250,2024,2024-09-09,"St Lawrence Ground, Canterbury",3,76.2,76.2,Kent,Hampshire,JA Leaning,HZ Finch,LA Dawson,1,0,,,,,,,,,,,,,
1410250,2024,2024-09-09,"St Lawrence Ground, Canterbury",3,76.3,76.3,Kent,Hampshire,HZ Finch,JA Leaning,LA Dawson,0,0,,,,,,,,,,,,,
1410250,2024,2024-09-09,"St Lawrence Ground, Canterbury",3,76.4,76.4,Kent,Hampshire,HZ Finch,JA Leaning,LA Dawson,0,0,,,,,,,,,,,,,
1410250,2024,2024-09-09,"St Lawrence Ground, Canterbury",3,76.5,76.5,Kent,Hampshire,HZ Finch,JA Leaning,LA Dawson,0,0,,,,,,,,,,,,,
1410250,2024,2024-09-09,"St Lawrence Ground, Canterbury",3,76.6,76.6,Kent,Hampshire,HZ Finch,JA Leaning,LA Dawson,0,0,,,,,,,,,,,,,
1410250,2024,2024-09-09,"St Lawrence Ground, Canterbury",3,77.1,77.1,Kent,Hampshire,JA Leaning,HZ Finch,TJ Prest,1,0,,,,,,,,,,,,,
1410250,2024,2024-09-09,"St Lawrence Ground, Canterbury",3,77.2,77.2,Kent,Hampshire,HZ Finch,JA Leaning,TJ Prest,4,0,,,,,,,,,,,,,
1410250,2024,2024-09-09,"St Lawrence Ground, Canterbury",3,77.3,77.3,Kent,Hampshire,HZ Finch,JA Leaning,TJ Prest,0,0,,,,,,,,,,,,,
1410250,2024,2024-09-09,"St Lawrence Ground, Canterbury",3,77.4,77.4,Kent,Hampshire,HZ Finch,JA Leaning,TJ Prest,0,0,,,,,,,,,,,,,
1410250,2024,2024-09-09,"St Lawrence Ground, Canterbury",3,77.5,77.5,Kent,Hampshire,HZ Finch,JA Leaning,TJ Prest,4,0,,,,,,,,,,,,,
1410250,2024,2024-09-09,"St Lawrence Ground, Canterbury",3,77.6,77.6,Kent,Hampshire,HZ Finch,JA Leaning,TJ Prest,0,0,,,,,,,,,,,,,
1410250,2024,2024-09-09,"St Lawrence Ground, Canterbury",3,78.1,78.1,Kent,Hampshire,JA Leaning,HZ Finch,LA Dawson,1,0,,,,,,,,,,,,,
1410250,2024,2024-09-09,"St Lawrence Ground, Canterbury",3,78.2,78.2,Kent,Hampshire,HZ Finch,JA Leaning,LA Dawson,1,0,,,,,,,,,,,,,
1410250,2024,2024-09-09,"St Lawrence Ground, Canterbury",3,78.3,78.3,Kent,Hampshire,JA Leaning,HZ Finch,LA Dawson,1,0,,,,,,,,,,,,,
1410250,2024,2024-09-09,"St Lawrence Ground, Canterbury",3,78.4,78.4,Kent,Hampshire,HZ Finch,JA Leaning,LA Dawson,0,0,,,,,,,,,,,,,
1410250,2024,2024-09-09,"St Lawrence Ground, Canterbury",3,78.5,78.5,Kent,Hampshire,HZ Finch,JA Leaning,LA Dawson,0,0,,,,,,,,,,,,,
1410250,2024,2024-09-09,"St Lawrence Ground, Canterbury",3,78.6,78.6,Kent,Hampshire,HZ Finch,JA Leaning,LA Dawson,0,0,,,,,,,,,,,,,
1410250,2024,2024-09-09,"St Lawrence Ground, Canterbury",3,79.1,79.1,Kent,Hampshire,JA Leaning,HZ Finch,JM Vince,1,0,,,,,,,,,,,,,
1410250,2024,2024-09-09,"St Lawrence Ground, Canterbury",3,79.2,79.2,Kent,Hampshire,HZ Finch,JA Leaning,JM Vince,0,0,,,,,,,,,,,,,
1410250,2024,2024-09-09,"St Lawrence Ground, Canterbury",3,79.3,79.3,Kent,Hampshire,HZ Finch,JA Leaning,JM Vince,1,0,,,,,,,,,,,,,
1410250,2024,2024-09-09,"St Lawrence Ground, Canterbury",3,79.4,79.4,Kent,Hampshire,JA Leaning,HZ Finch,JM Vince,0,0,,,,,,,,,,,,,
1410250,2024,2024-09-09,"St Lawrence Ground, Canterbury",3,79.5,79.5,Kent,Hampshire,JA Leaning,HZ Finch,JM Vince,1,0,,,,,,,,,,,,,
1410250,2024,2024-09-09,"St Lawrence Ground, Canterbury",3,79.6,79.6,Kent,Hampshire,HZ Finch,JA Leaning,JM Vince,1,0,,,,,,,,,,,,,
1410250,2024,2024-09-09,"St Lawrence Ground, Canterbury",3,80.1,80.1,Kent,Hampshire,HZ Finch,JA Leaning,Mohammad Abbas,0,0,,,,,,,,,,,,,
1410250,2024,2024-09-09,"St Lawrence Ground, Canterbury",3,80.2,80.2,Kent,Hampshire,HZ Finch,JA Leaning,Mohammad Abbas,0,0,,,,,,,,,,,,,
1410250,2024,2024-09-09,"St Lawrence Ground, Canterbury",3,80.3,80.3,Kent,Hampshire,HZ Finch,JA Leaning,Mohammad Abbas,2,0,,,,,,,,,,,,,
1410250,2024,2024-09-09,"St Lawrence Ground, Canterbury",3,80.4,80.4,Kent,Hampshire,HZ Finch,JA Leaning,Mohammad Abbas,0,0,,,,,,,,,,,,,
1410250,2024,2024-09-09,"St Lawrence Ground, Canterbury",3,80.5,80.5,Kent,Hampshire,HZ Finch,JA Leaning,Mohammad Abbas,0,0,,,,,,,,,,,,,
1410250,2024,2024-09-09,"St Lawrence Ground, Canterbury",3,80.6,80.6,Kent,Hampshire,HZ Finch,JA Leaning,Mohammad Abbas,0,0,,,,,,,,,,,,,
1410250,2024,2024-09-09,"St Lawrence Ground, Canterbury",3,81.1,81.1,Kent,Hampshire,JA Leaning,HZ Finch,KJ Abbott,0,0,,,,,,,,,,,,,
1410250,2024,2024-09-09,"St Lawrence Ground, Canterbury",3,81.2,81.2,Kent,Hampshire,JA Leaning,HZ Finch,KJ Abbott,0,0,,,,,,,,,,,,,
1410250,2024,2024-09-09,"St Lawrence Ground, Canterbury",3,81.3,81.3,Kent,Hampshire,JA Leaning,HZ Finch,KJ Abbott,0,0,,,,,,,,,,,,,
1410250,2024,2024-09-09,"St Lawrence Ground, Canterbury",3,81.4,81.4,Kent,Hampshire,JA Leaning,HZ Finch,KJ Abbott,1,0,,,,,,,,,,,,,
1410250,2024,2024-09-09,"St Lawrence Ground, Canterbury",3,81.5,81.5,Kent,Hampshire,HZ Finch,JA Leaning,KJ Abbott,0,0,,,,,,,,,,,,,
1410250,2024,2024-09-09,"St Lawrence Ground, Canterbury",3,81.6,81.6,Kent,Hampshire,HZ Finch,JA Leaning,KJ Abbott,0,0,,,,,,,,,,,,,
1410250,2024,2024-09-09,"St Lawrence Ground, Canterbury",3,82.1,82.1,Kent,Hampshire,JA Leaning,HZ Finch,Mohammad Abbas,0,0,,,,,,,lbw,JA Leaning,,,,,
1410250,2024,2024-09-09,"St Lawrence Ground, Canterbury",3,82.2,82.2,Kent,Hampshire,CH Stobo,HZ Finch,Mohammad Abbas,2,0,,,,,,,,,,,,,
1410250,2024,2024-09-09,"St Lawrence Ground, Canterbury",3,82.3,82.3,Kent,Hampshire,CH Stobo,HZ Finch,Mohammad Abbas,0,0,,,,,,,,,,,,,
1410250,2024,2024-09-09,"St Lawrence Ground, Canterbury",3,82.4,82.4,Kent,Hampshire,CH Stobo,HZ Finch,Mohammad Abbas,4,0,,,,,,,,,,,,,
1410250,2024,2024-09-09,"St Lawrence Ground, Canterbury",3,82.5,82.5,Kent,Hampshire,CH Stobo,HZ Finch,Mohammad Abbas,0,0,,,,,,,,,,,,,
1410250,2024,2024-09-09,"St Lawrence Ground, Canterbury",3,82.6,82.6,Kent,Hampshire,CH Stobo,HZ Finch,Mohammad Abbas,1,0,,,,,,,,,,,,,
1410250,2024,2024-09-09,"St Lawrence Ground, Canterbury",3,83.1,83.1,Kent,Hampshire,CH Stobo,HZ Finch,KJ Abbott,2,0,,,,,,,,,,,,,
1410250,2024,2024-09-09,"St Lawrence Ground, Canterbury",3,83.2,83.2,Kent,Hampshire,CH Stobo,HZ Finch,KJ Abbott,0,0,,,,,,,,,,,,,
1410250,2024,2024-09-09,"St Lawrence Ground, Canterbury",3,83.3,83.3,Kent,Hampshire,CH Stobo,HZ Finch,KJ Abbott,0,0,,,,,,,,,,,,,
1410250,2024,2024-09-09,"St Lawrence Ground, Canterbury",3,83.4,83.4,Kent,Hampshire,CH Stobo,HZ Finch,KJ Abbott,4,0,,,,,,,,,,,,,
1410250,2024,2024-09-09,"St Lawrence Ground, Canterbury",3,83.5,83.5,Kent,Hampshire,CH Stobo,HZ Finch,KJ Abbott,0,0,,,,,,,,,,,,,
1410250,2024,2024-09-09,"St Lawrence Ground, Canterbury",3,83.6,83.6,Kent,Hampshire,CH Stobo,HZ Finch,KJ Abbott,0,0,,,,,,,,,,,,,
1410250,2024,2024-09-09,"St Lawrence Ground, Canterbury",3,84.1,84.1,Kent,Hampshire,HZ Finch,CH Stobo,Mohammad Abbas,0,0,,,,,,,,,,,,,
1410250,2024,2024-09-09,"St Lawrence Ground, Canterbury",3,84.2,84.2,Kent,Hampshire,HZ Finch,CH Stobo,Mohammad Abbas,1,0,,,,,,,,,,,,,
1410250,2024,2024-09-09,"St Lawrence Ground, Canterbury",3,84.3,84.3,Kent,Hampshire,CH Stobo,HZ Finch,Mohammad Abbas,0,0,,,,,,,,,,,,,
1410250,2024,2024-09-09,"St Lawrence Ground, Canterbury",3,84.4,84.4,Kent,Hampshire,CH Stobo,HZ Finch,Mohammad Abbas,0,0,,,,,,,,,,,,,
1410250,2024,2024-09-09,"St Lawrence Ground, Canterbury",3,84.5,84.5,Kent,Hampshire,CH Stobo,HZ Finch,Mohammad Abbas,0,0,,,,,,,,,,,,,
1410250,2024,2024-09-09,"St Lawrence Ground, Canterbury",3,84.6,84.6,Kent,Hampshire,CH Stobo,HZ Finch,Mohammad Abbas,4,0,,,,,,,,,,,,,
1410250,2024,2024-09-09,"St Lawrence Ground, Canterbury",3,85.1,85.1,Kent,Hampshire,HZ Finch,CH Stobo,KJ Abbott,0,0,,,,,,,,,,,,,
1410250,2024,2024-09-09,"St Lawrence Ground, Canterbury",3,85.2,85.2,Kent,Hampshire,HZ Finch,CH Stobo,KJ Abbott,1,0,,,,,,,,,,,,,
1410250,2024,2024-09-09,"St Lawrence Ground, Canterbury",3,85.3,85.3,Kent,Hampshire,CH Stobo,HZ Finch,KJ Abbott,0,0,,,,,,,,,,,,,
1410250,2024,2024-09-09,"St Lawrence Ground, Canterbury",3,85.4,85.4,Kent,Hampshire,CH Stobo,HZ Finch,KJ Abbott,0,0,,,,,,,,,,,,,
1410250,2024,2024-09-09,"St Lawrence Ground, Canterbury",3,85.5,85.5,Kent,Hampshire,CH Stobo,HZ Finch,KJ Abbott,0,0,,,,,,,,,,,,,
1410250,2024,2024-09-09,"St Lawrence Ground, Canterbury",3,85.6,85.6,Kent,Hampshire,CH Stobo,HZ Finch,KJ Abbott,0,0,,,,,,,,,,,,,
1410250,2024,2024-09-09,"St Lawrence Ground, Canterbury",3,86.1,86.1,Kent,Hampshire,HZ Finch,CH Stobo,Mohammad Abbas,0,0,,,,,,,,,,,,,
1410250,2024,2024-09-09,"St Lawrence Ground, Canterbury",3,86.2,86.2,Kent,Hampshire,HZ Finch,CH Stobo,Mohammad Abbas,0,0,,,,,,,,,,,,,
1410250,2024,2024-09-09,"St Lawrence Ground, Canterbury",3,86.3,86.3,Kent,Hampshire,HZ Finch,CH Stobo,Mohammad Abbas,0,0,,,,,,,,,,,,,
1410250,2024,2024-09-09,"St Lawrence Ground, Canterbury",3,86.4,86.4,Kent,Hampshire,HZ Finch,CH Stobo,Mohammad Abbas,0,0,,,,,,,,,,,,,
1410250,2024,2024-09-09,"St Lawrence Ground, Canterbury",3,86.5,86.5,Kent,Hampshire,HZ Finch,CH Stobo,Mohammad Abbas,0,0,,,,,,,,,,,,,
1410250,2024,2024-09-09,"St Lawrence Ground, Canterbury",3,86.6,86.6,Kent,Hampshire,HZ Finch,CH Stobo,Mohammad Abbas,0,0,,,,,,,,,,,,,
1410250,2024,2024-09-09,"St Lawrence Ground, Canterbury",3,87.1,87.1,Kent,Hampshire,CH Stobo,HZ Finch,BTJ Wheal,0,0,,,,,,,caught,CH Stobo,,,TJ Prest,,
1410250,2024,2024-09-09,"St Lawrence Ground, Canterbury",3,87.2,87.2,Kent,Hampshire,MW Parkinson,HZ Finch,BTJ Wheal,0,0,,,,,,,,,,,,,
1410250,2024,2024-09-09,"St Lawrence Ground, Canterbury",3,87.3,87.3,Kent,Hampshire,MW Parkinson,HZ Finch,BTJ Wheal,0,0,,,,,,,,,,,,,
1410250,2024,2024-09-09,"St Lawrence Ground, Canterbury",3,87.4,87.4,Kent,Hampshire,MW Parkinson,HZ Finch,BTJ Wheal,2,0,,,,,,,,,,,,,
1410250,2024,2024-09-09,"St Lawrence Ground, Canterbury",3,87.5,87.5,Kent,Hampshire,MW Parkinson,HZ Finch,BTJ Wheal,0,0,,,,,,,,,,,,,
1410250,2024,2024-09-09,"St Lawrence Ground, Canterbury",3,87.6,87.6,Kent,Hampshire,MW Parkinson,HZ Finch,BTJ Wheal,1,0,,,,,,,,,,,,,
1410250,2024,2024-09-09,"St Lawrence Ground, Canterbury",3,88.1,88.1,Kent,Hampshire,MW Parkinson,HZ Finch,Mohammad Abbas,0,0,,,,,,,,,,,,,
1410250,2024,2024-09-09,"St Lawrence Ground, Canterbury",3,88.2,88.2,Kent,Hampshire,MW Parkinson,HZ Finch,Mohammad Abbas,0,0,,,,,,,,,,,,,
1410250,2024,2024-09-09,"St Lawrence Ground, Canterbury",3,88.3,88.3,Kent,Hampshire,MW Parkinson,HZ Finch,Mohammad Abbas,0,0,,,,,,,,,,,,,
1410250,2024,2024-09-09,"St Lawrence Ground, Canterbury",3,88.4,88.4,Kent,Hampshire,MW Parkinson,HZ Finch,Mohammad Abbas,1,0,,,,,,,,,,,,,
1410250,2024,2024-09-09,"St Lawrence Ground, Canterbury",3,88.5,88.5,Kent,Hampshire,HZ Finch,MW Parkinson,Mohammad Abbas,0,4,,,,4,,,,,,,,,
1410250,2024,2024-09-09,"St Lawrence Ground, Canterbury",3,88.6,88.6,Kent,Hampshire,HZ Finch,MW Parkinson,Mohammad Abbas,0,4,,,4,,,,,,,,,,
1410250,2024,2024-09-09,"St Lawrence Ground, Canterbury",3,89.1,89.1,Kent,Hampshire,MW Parkinson,HZ Finch,BTJ Wheal,0,0,,,,,,,,,,,,,
1410250,2024,2024-09-09,"St Lawrence Ground, Canterbury",3,89.2,89.2,Kent,Hampshire,MW Parkinson,HZ Finch,BTJ Wheal,0,0,,,,,,,,,,,,,
1410250,2024,2024-09-09,"St Lawrence Ground, Canterbury",3,89.3,89.3,Kent,Hampshire,MW Parkinson,HZ Finch,BTJ Wheal,2,0,,,,,,,,,,,,,
1410250,2024,2024-09-09,"St Lawrence Ground, Canterbury",3,89.4,89.4,Kent,Hampshire,MW Parkinson,HZ Finch,BTJ Wheal,0,0,,,,,,,,,,,,,
1410250,2024,2024-09-09,"St Lawrence Ground, Canterbury",3,89.5,89.5,Kent,Hampshire,MW Parkinson,HZ Finch,BTJ Wheal,0,0,,,,,,,,,,,,,
1410250,2024,2024-09-09,"St Lawrence Ground, Canterbury",3,89.6,89.6,Kent,Hampshire,MW Parkinson,HZ Finch,BTJ Wheal,1,0,,,,,,,,,,,,,
1410250,2024,2024-09-09,"St Lawrence Ground, Canterbury",3,90.1,90.1,Kent,Hampshire,MW Parkinson,HZ Finch,KJ Abbott,0,0,,,,,,,,,,,,,
1410250,2024,2024-09-09,"St Lawrence Ground, Canterbury",3,90.2,90.2,Kent,Hampshire,MW Parkinson,HZ Finch,KJ Abbott,0,0,,,,,,,caught,MW Parkinson,,,JM Vince,,
1410250,2024,2024-09-09,"St Lawrence Ground, Canterbury",3,90.3,90.3,Kent,Hampshire,GA Garrett,HZ Finch,KJ Abbott,0,0,,,,,,,,,,,,,
1410250,2024,2024-09-09,"St Lawrence Ground, Canterbury",3,90.4,90.4,Kent,Hampshire,GA Garrett,HZ Finch,KJ Abbott,0,0,,,,,,,,,,,,,
1410250,2024,2024-09-09,"St Lawrence Ground, Canterbury",3,90.5,90.5,Kent,Hampshire,GA Garrett,HZ Finch,KJ Abbott,0,0,,,,,,,,,,,,,
1410250,2024,2024-09-09,"St Lawrence Ground, Canterbury",3,90.6,90.6,Kent,Hampshire,GA Garrett,HZ Finch,KJ Abbott,0,0,,,,,,,,,,,,,
1410250,2024,2024-09-09,"St Lawrence Ground, Canterbury",3,91.1,91.1,Kent,Hampshire,HZ Finch,GA Garrett,BTJ Wheal,1,0,,,,,,,,,,,,,
1410250,2024,2024-09-09,"St Lawrence Ground, Canterbury",3,91.2,91.2,Kent,Hampshire,GA Garrett,HZ Finch,BTJ Wheal,4,0,,,,,,,,,,,,,
1410250,2024,2024-09-09,"St Lawrence Ground, Canterbury",3,91.3,91.3,Kent,Hampshire,GA Garrett,HZ Finch,BTJ Wheal,0,0,,,,,,,,,,,,,
1410250,2024,2024-09-09,"St Lawrence Ground, Canterbury",3,91.4,91.4,Kent,Hampshire,GA Garrett,HZ Finch,BTJ Wheal,0,0,,,,,,,caught,GA Garrett,,,BC Brown,,
1410250,2024,2024-09-09,"St Lawrence Ground, Canterbury",3,91.5,91.5,Kent,Hampshire,Jaskaran Singh,HZ Finch,BTJ Wheal,0,0,,,,,,,,,,,,,
1410250,2024,2024-09-09,"St Lawrence Ground, Canterbury",3,91.6,91.6,Kent,Hampshire,Jaskaran Singh,HZ Finch,BTJ Wheal,0,0,,,,,,,,,,,,,
1410250,2024,2024-09-09,"St Lawrence Ground, Canterbury",3,92.1,92.1,Kent,Hampshire,HZ Finch,Jaskaran Singh,KJ Abbott,0,0,,,,,,,,,,,,,
1410250,2024,2024-09-09,"St Lawrence Ground, Canterbury",3,92.2,92.2,Kent,Hampshire,HZ Finch,Jaskaran Singh,KJ Abbott,0,0,,,,,,,,,,,,,
1410250,2024,2024-09-09,"St Lawrence Ground, Canterbury",3,92.3,92.3,Kent,Hampshire,HZ Finch,Jaskaran Singh,KJ Abbott,0,0,,,,,,,,,,,,,
1410250,2024,2024-09-09,"St Lawrence Ground, Canterbury",3,92.4,92.4,Kent,Hampshire,HZ Finch,Jaskaran Singh,KJ Abbott,1,0,,,,,,,,,,,,,
1410250,2024,2024-09-09,"St Lawrence Ground, Canterbury",3,92.5,92.5,Kent,Hampshire,Jaskaran Singh,HZ Finch,KJ Abbott,0,0,,,,,,,,,,,,,
1410250,2024,2024-09-09,"St Lawrence Ground, Canterbury",3,92.6,92.6,Kent,Hampshire,Jaskaran Singh,HZ Finch,KJ Abbott,0,0,,,,,,,,,,,,,
1410250,2024,2024-09-09,"St Lawrence Ground, Canterbury",3,93.1,93.1,Kent,Hampshire,HZ Finch,Jaskaran Singh,BTJ Wheal,0,0,,,,,,,,,,,,,
1410250,2024,2024-09-09,"St Lawrence Ground, Canterbury",3,93.2,93.2,Kent,Hampshire,HZ Finch,Jaskaran Singh,BTJ Wheal,0,0,,,,,,,,,,,,,
1410250,2024,2024-09-09,"St Lawrence Ground, Canterbury",3,93.3,93.3,Kent,Hampshire,HZ Finch,Jaskaran Singh,BTJ Wheal,0,0,,,,,,,,,,,,,
1410250,2024,2024-09-09,"St Lawrence Ground, Canterbury",3,93.4,93.4,Kent,Hampshire,HZ Finch,Jaskaran Singh,BTJ Wheal,0,0,,,,,,,,,,,,,
1410250,2024,2024-09-09,"St Lawrence Ground, Canterbury",3,93.5,93.5,Kent,Hampshire,HZ Finch,Jaskaran Singh,BTJ Wheal,0,0,,,,,,,,,,,,,
1410250,2024,2024-09-09,"St Lawrence Ground, Canterbury",3,93.6,93.6,Kent,Hampshire,HZ Finch,Jaskaran Singh,BTJ Wheal,0,0,,,,,,,,,,,,,
1410250,2024,2024-09-09,"St Lawrence Ground, Canterbury",3,94.1,94.1,Kent,Hampshire,Jaskaran Singh,HZ Finch,KJ Abbott,0,4,,,,4,,,,,,,,,
1410250,2024,2024-09-09,"St Lawrence Ground, Canterbury",3,94.2,94.2,Kent,Hampshire,Jaskaran Singh,HZ Finch,KJ Abbott,0,0,,,,,,,,,,,,,
1410250,2024,2024-09-09,"St Lawrence Ground, Canterbury",3,94.3,94.3,Kent,Hampshire,Jaskaran Singh,HZ Finch,KJ Abbott,0,0,,,,,,,,,,,,,
1410250,2024,2024-09-09,"St Lawrence Ground, Canterbury",3,94.4,94.4,Kent,Hampshire,Jaskaran Singh,HZ Finch,KJ Abbott,0,0,,,,,,,,,,,,,
1410250,2024,2024-09-09,"St Lawrence Ground, Canterbury",3,94.5,94.5,Kent,Hampshire,Jaskaran Singh,HZ Finch,KJ Abbott,0,0,,,,,,,,,,,,,
1410250,2024,2024-09-09,"St Lawrence Ground, Canterbury",3,94.6,94.6,Kent,Hampshire,Jaskaran Singh,HZ Finch,KJ Abbott,0,0,,,,,,,,,,,,,
1410250,2024,2024-09-09,"St Lawrence Ground, Canterbury",3,95.1,95.1,Kent,Hampshire,HZ Finch,Jaskaran Singh,BTJ Wheal,0,0,,,,,,,,,,,,,
1410250,2024,2024-09-09,"St Lawrence Ground, Canterbury",3,95.2,95.2,Kent,Hampshire,HZ Finch,Jaskaran Singh,BTJ Wheal,0,0,,,,,,,,,,,,,
1410250,2024,2024-09-09,"St Lawrence Ground, Canterbury",3,95.3,95.3,Kent,Hampshire,HZ Finch,Jaskaran Singh,BTJ Wheal,0,1,,,,1,,,,,,,,,
1410250,2024,2024-09-09,"St Lawrence Ground, Canterbury",3,95.4,95.4,Kent,Hampshire,Jaskaran Singh,HZ Finch,BTJ Wheal,0,0,,,,,,,,,,,,,
1410250,2024,2024-09-09,"St Lawrence Ground, Canterbury",3,95.5,95.5,Kent,Hampshire,Jaskaran Singh,HZ Finch,BTJ Wheal,0,0,,,,,,,,,,,,,
1410250,2024,2024-09-09,"St Lawrence Ground, Canterbury",3,95.6,95.6,Kent,Hampshire,Jaskaran Singh,HZ Finch,BTJ Wheal,0,0,,,,,,,,,,,,,
1410250,2024,2024-09-09,"St Lawrence Ground, Canterbury",3,96.1,96.1,Kent,Hampshire,HZ Finch,Jaskaran Singh,JK Fuller,0,0,,,,,,,,,,,,,
1410250,2024,2024-09-09,"St Lawrence Ground, Canterbury",3,96.2,96.2,Kent,Hampshire,HZ Finch,Jaskaran Singh,JK Fuller,0,0,,,,,,,,,,,,,
1410250,2024,2024-09-09,"St Lawrence Ground, Canterbury",3,96.3,96.3,Kent,Hampshire,HZ Finch,Jaskaran Singh,JK Fuller,2,0,,,,,,,,,,,,,
1410250,2024,2024-09-09,"St Lawrence Ground, Canterbury",3,96.4,96.4,Kent,Hampshire,HZ Finch,Jaskaran Singh,JK Fuller,1,0,,,,,,,,,,,,,
1410250,2024,2024-09-09,"St Lawrence Ground, Canterbury",3,96.5,96.5,Kent,Hampshire,Jaskaran Singh,HZ Finch,JK Fuller,0,0,,,,,,,,,,,,,
1410250,2024,2024-09-09,"St Lawrence Ground, Canterbury",3,96.6,96.6,Kent,Hampshire,Jaskaran Singh,HZ Finch,JK Fuller,0,0,,,,,,,,,,,,,
1410250,2024,2024-09-09,"St Lawrence Ground, Canterbury",3,97.1,97.1,Kent,Hampshire,HZ Finch,Jaskaran Singh,LA Dawson,0,0,,,,,,,,,,,,,
1410250,2024,2024-09-09,"St Lawrence Ground, Canterbury",3,97.2,97.2,Kent,Hampshire,HZ Finch,Jaskaran Singh,LA Dawson,0,0,,,,,,,,,,,,,
1410250,2024,2024-09-09,"St Lawrence Ground, Canterbury",3,97.3,97.3,Kent,Hampshire,HZ Finch,Jaskaran Singh,LA Dawson,0,0,,,,,,,,,,,,,
1410250,2024,2024-09-09,"St Lawrence Ground, Canterbury",3,97.4,97.4,Kent,Hampshire,HZ Finch,Jaskaran Singh,LA Dawson,0,0,,,,,,,,,,,,,
1410250,2024,2024-09-09,"St Lawrence Ground, Canterbury",3,97.5,97.5,Kent,Hampshire,HZ Finch,Jaskaran Singh,LA Dawson,1,0,,,,,,,,,,,,,
1410250,2024,2024-09-09,"St Lawrence Ground, Canterbury",3,97.6,97.6,Kent,Hampshire,Jaskaran Singh,HZ Finch,LA Dawson,0,0,,,,,,,,,,,,,
1410250,2024,2024-09-09,"St Lawrence Ground, Canterbury",3,98.1,98.1,Kent,Hampshire,HZ Finch,Jaskaran Singh,JK Fuller,0,0,,,,,,,,,,,,,
1410250,2024,2024-09-09,"St Lawrence Ground, Canterbury",3,98.2,98.2,Kent,Hampshire,HZ Finch,Jaskaran Singh,JK Fuller,0,0,,,,,,,,,,,,,
1410250,2024,2024-09-09,"St Lawrence Ground, Canterbury",3,98.3,98.3,Kent,Hampshire,HZ Finch,Jaskaran Singh,JK Fuller,0,0,,,,,,,,,,,,,
1410250,2024,2024-09-09,"St Lawrence Ground, Canterbury",3,98.4,98.4,Kent,Hampshire,HZ Finch,Jaskaran Singh,JK Fuller,0,0,,,,,,,,,,,,,
1410250,2024,2024-09-09,"St Lawrence Ground, Canterbury",3,98.5,98.5,Kent,Hampshire,HZ Finch,Jaskaran Singh,JK Fuller,0,0,,,,,,,,,,,,,
1410250,2024,2024-09-09,"St Lawrence Ground, Canterbury",3,98.6,98.6,Kent,Hampshire,HZ Finch,Jaskaran Singh,JK Fuller,0,0,,,,,,,,,,,,,
1410250,2024,2024-09-09,"St Lawrence Ground, Canterbury",3,99.1,99.1,Kent,Hampshire,Jaskaran Singh,HZ Finch,LA Dawson,0,0,,,,,,,,,,,,,
1410250,2024,2024-09-09,"St Lawrence Ground, Canterbury",3,99.2,99.2,Kent,Hampshire,Jaskaran Singh,HZ Finch,LA Dawson,0,0,,,,,,,,,,,,,
1410250,2024,2024-09-09,"St Lawrence Ground, Canterbury",3,99.3,99.3,Kent,Hampshire,Jaskaran Singh,HZ Finch,LA Dawson,0,0,,,,,,,,,,,,,
1410250,2024,2024-09-09,"St Lawrence Ground, Canterbury",3,99.4,99.4,Kent,Hampshire,Jaskaran Singh,HZ Finch,LA Dawson,0,0,,,,,,,,,,,,,
1410250,2024,2024-09-09,"St Lawrence Ground, Canterbury",3,99.5,99.5,Kent,Hampshire,Jaskaran Singh,HZ Finch,LA Dawson,0,0,,,,,,,,,,,,,
1410250,2024,2024-09-09,"St Lawrence Ground, Canterbury",3,99.6,99.6,Kent,Hampshire,Jaskaran Singh,HZ Finch,LA Dawson,0,0,,,,,,,,,,,,,
1410250,2024,2024-09-09,"St Lawrence Ground, Canterbury",3,100.1,100.1,Kent,Hampshire,HZ Finch,Jaskaran Singh,JK Fuller,0,0,,,,,,,,,,,,,
1410250,2024,2024-09-09,"St Lawrence Ground, Canterbury",3,100.2,100.2,Kent,Hampshire,HZ Finch,Jaskaran Singh,JK Fuller,0,0,,,,,,,,,,,,,
1410250,2024,2024-09-09,"St Lawrence Ground, Canterbury",3,100.3,100.3,Kent,Hampshire,HZ Finch,Jaskaran Singh,JK Fuller,1,0,,,,,,,,,,,,,
1410250,2024,2024-09-09,"St Lawrence Ground, Canterbury",3,100.4,100.4,Kent,Hampshire,Jaskaran Singh,HZ Finch,JK Fuller,0,0,,,,,,,,,,,,,
1410250,2024,2024-09-09,"St Lawrence Ground, Canterbury",3,100.5,100.5,Kent,Hampshire,Jaskaran Singh,HZ Finch,JK Fuller,0,0,,,,,,,,,,,,,
1410250,2024,2024-09-09,"St Lawrence Ground, Canterbury",3,100.6,100.6,Kent,Hampshire,Jaskaran Singh,HZ Finch,JK Fuller,0,0,,,,,,,,,,,,,
1410250,2024,2024-09-09,"St Lawrence Ground, Canterbury",3,101.1,101.1,Kent,Hampshire,HZ Finch,Jaskaran Singh,LA Dawson,0,0,,,,,,,,,,,,,
1410250,2024,2024-09-09,"St Lawrence Ground, Canterbury",3,101.2,101.2,Kent,Hampshire,HZ Finch,Jaskaran Singh,LA Dawson,0,0,,,,,,,,,,,,,
1410250,2024,2024-09-09,"St Lawrence Ground, Canterbury",3,101.3,101.3,Kent,Hampshire,HZ Finch,Jaskaran Singh,LA Dawson,0,0,,,,,,,,,,,,,
1410250,2024,2024-09-09,"St Lawrence Ground, Canterbury",3,101.4,101.4,Kent,Hampshire,HZ Finch,Jaskaran Singh,LA Dawson,1,0,,,,,,,,,,,,,
1410250,2024,2024-09-09,"St Lawrence Ground, Canterbury",3,101.5,101.5,Kent,Hampshire,Jaskaran Singh,HZ Finch,LA Dawson,0,0,,,,,,,,,,,,,
1410250,2024,2024-09-09,"St Lawrence Ground, Canterbury",3,101.6,101.6,Kent,Hampshire,Jaskaran Singh,HZ Finch,LA Dawson,0,0,,,,,,,,,,,,,
1410250,2024,2024-09-09,"St Lawrence Ground, Canterbury",3,102.1,102.1,Kent,Hampshire,HZ Finch,Jaskaran Singh,JK Fuller,0,0,,,,,,,,,,,,,
1410250,2024,2024-09-09,"St Lawrence Ground, Canterbury",3,102.2,102.2,Kent,Hampshire,HZ Finch,Jaskaran Singh,JK Fuller,0,0,,,,,,,,,,,,,
1410250,2024,2024-09-09,"St Lawrence Ground, Canterbury",3,102.3,102.3,Kent,Hampshire,HZ Finch,Jaskaran Singh,JK Fuller,0,0,,,,,,,,,,,,,
1410250,2024,2024-09-09,"St Lawrence Ground, Canterbury",3,102.4,102.4,Kent,Hampshire,HZ Finch,Jaskaran Singh,JK Fuller,0,0,,,,,,,caught,HZ Finch,,,JM Vince,,
1410250,2024,2024-09-09,"St Lawrence Ground, Canterbury",4,0.1,0.1,Hampshire,Kent,JM Vince,JK Fuller,GA Garrett,0,0,,,,,,,,,,,,,
1410250,2024,2024-09-09,"St Lawrence Ground, Canterbury",4,0.2,0.2,Hampshire,Kent,JM Vince,JK Fuller,GA Garrett,4,0,,,,,,,,,,,,,
1410250,2024,2024-09-09,"St Lawrence Ground, Canterbury",4,0.3,0.3,Hampshire,Kent,JM Vince,JK Fuller,GA Garrett,0,0,,,,,,,,,,,,,
1410250,2024,2024-09-09,"St Lawrence Ground, Canterbury",4,0.4,0.4,Hampshire,Kent,JM Vince,JK Fuller,GA Garrett,0,0,,,,,,,,,,,,,
1410250,2024,2024-09-09,"St Lawrence Ground, Canterbury",4,0.5,0.5,Hampshire,Kent,JM Vince,JK Fuller,GA Garrett,2,0,,,,,,,,,,,,,
1410250,2024,2024-09-09,"St Lawrence Ground, Canterbury",4,0.6,0.6,Hampshire,Kent,JM Vince,JK Fuller,GA Garrett,1,0,,,,,,,,,,,,,
1410250,2024,2024-09-09,"St Lawrence Ground, Canterbury",4,1.1,1.1,Hampshire,Kent,JM Vince,JK Fuller,CH Stobo,1,0,,,,,,,,,,,,,
1410250,2024,2024-09-09,"St Lawrence Ground, Canterbury",4,1.2,1.2,Hampshire,Kent,JK Fuller,JM Vince,CH Stobo,0,0,,,,,,,,,,,,,
1410250,2024,2024-09-09,"St Lawrence Ground, Canterbury",4,1.3,1.3,Hampshire,Kent,JK Fuller,JM Vince,CH Stobo,2,0,,,,,,,,,,,,,
1410250,2024,2024-09-09,"St Lawrence Ground, Canterbury",4,1.4,1.4,Hampshire,Kent,JK Fuller,JM Vince,CH Stobo,1,0,,,,,,,,,,,,,
1410250,2024,2024-09-09,"St Lawrence Ground, Canterbury",4,1.5,1.5,Hampshire,Kent,JM Vince,JK Fuller,CH Stobo,0,0,,,,,,,,,,,,,
1410250,2024,2024-09-09,"St Lawrence Ground, Canterbury",4,1.6,1.6,Hampshire,Kent,JM Vince,JK Fuller,CH Stobo,3,0,,,,,,,,,,,,,
1410250,2024,2024-09-09,"St Lawrence Ground, Canterbury",4,2.1,2.1,Hampshire,Kent,JM Vince,JK Fuller,GA Garrett,0,0,,,,,,,bowled,JM Vince,,,,,
1410250,2024,2024-09-09,"St Lawrence Ground, Canterbury",4,2.2,2.2,Hampshire,Kent,LA Dawson,JK Fuller,GA Garrett,6,0,,,,,,,,,,,,,
1410250,2024,2024-09-09,"St Lawrence Ground, Canterbury",4,2.3,2.3,Hampshire,Kent,LA Dawson,JK Fuller,GA Garrett,4,0,,,,,,,,,,,,,
1410250,2024,2024-09-09,"St Lawrence Ground, Canterbury",4,2.4,2.4,Hampshire,Kent,LA Dawson,JK Fuller,GA Garrett,0,0,,,,,,,,,,,,,
