match_id,season,start_date,venue,innings,ball,actual_delivery,batting_team,bowling_team,striker,non_striker,bowler,runs_off_bat,extras,wides,noballs,byes,legbyes,penalty,non_boundary,wicket_type,player_dismissed,other_wicket_type,other_player_dismissed,fielder_1,fielder_2,fielder_3
1410207,2024,2024-04-19,"Chester Road North Ground, Kidderminster",1,0.1,0.1,Durham,Worcestershire,AZ Lees,SG Borthwick,J Leach,0,0,,,,,,,,,,,,,
1410207,2024,2024-04-19,"Chester Road North Ground, Kidderminster",1,0.2,0.2,Durham,Worcestershire,AZ Lees,SG Borthwick,J Leach,0,0,,,,,,,,,,,,,
1410207,2024,2024-04-19,"Chester Road North Ground, Kidderminster",1,0.3,0.3,Durham,Worcestershire,AZ Lees,SG Borthwick,J Leach,0,0,,,,,,,,,,,,,
1410207,2024,2024-04-19,"Chester Road North Ground, Kidderminster",1,0.4,0.4,Durham,Worcestershire,AZ Lees,SG Borthwick,J Leach,1,0,,,,,,,,,,,,,
1410207,2024,2024-04-19,"Chester Road North Ground, Kidderminster",1,0.5,0.5,Durham,Worcestershire,SG Borthwick,AZ Lees,J Leach,0,0,,,,,,,,,,,,,
1410207,2024,2024-04-19,"Chester Road North Ground, Kidderminster",1,0.6,0.6,Durham,Worcestershire,SG Borthwick,AZ Lees,J Leach,0,0,,,,,,,bowled,SG Borthwick,,,,,
1410207,2024,2024-04-19,"Chester Road North Ground, Kidderminster",1,1.1,1.1,Durham,Worcestershire,AZ Lees,CN Ackermann,NG Smith,1,0,,,,,,,,,,,,,
1410207,2024,2024-04-19,"Chester Road North Ground, Kidderminster",1,1.2,1.2,Durham,Worcestershire,CN Ackermann,AZ Lees,NG Smith,0,0,,,,,,,,,,,,,
1410207,2024,2024-04-19,"Chester Road North Ground, Kidderminster",1,1.3,1.3,Durham,Worcestershire,CN Ackermann,AZ Lees,NG Smith,0,0,,,,,,,,,,,,,
1410207,2024,2024-04-19,"Chester Road North Ground, Kidderminster",1,1.4,1.4,Durham,Worcestershire,CN Ackermann,AZ Lees,NG Smith,0,0,,,,,,,,,,,,,
1410207,2024,2024-04-19,"Chester Road North Ground, Kidderminster",1,1.5,1.5,Durham,Worcestershire,CN Ackermann,AZ Lees,NG Smith,2,0,,,,,,,,,,,,,
1410207,2024,2024-04-19,"Chester Road North Ground, Kidderminster",1,1.6,1.6,Durham,Worcestershire,CN Ackermann,AZ Lees,NG Smith,1,0,,,,,,,,,,,,,
1410207,2024,2024-04-19,"Chester Road North Ground, Kidderminster",1,2.1,2.1,Durham,Worcestershire,CN Ackermann,AZ Lees,J Leach,0,0,,,,,,,,,,,,,
1410207,2024,2024-04-19,"Chester Road North Ground, Kidderminster",1,2.2,2.2,Durham,Worcestershire,CN Ackermann,AZ Lees,J Leach,0,0,,,,,,,,,,,,,
1410207,2024,2024-04-19,"Chester Road North Ground, Kidderminster",1,2.3,2.3,Durham,Worcestershire,CN Ackermann,AZ Lees,J Leach,0,0,,,,,,,,,,,,,
1410207,2024,2024-04-19,"Chester Road North Ground, Kidderminster",1,2.4,2.4,Durham,Worcestershire,CN Ackermann,AZ Lees,J Leach,0,0,,,,,,,,,,,,,
1410207,2024,2024-04-19,"Chester Road North Ground, Kidderminster",1,2.5,2.5,Durham,Worcestershire,CN Ackermann,AZ Lees,J Leach,0,0,,,,,,,,,,,,,
1410207,2024,2024-04-19,"Chester Road North Ground, Kidderminster",1,2.6,2.6,Durham,Worcestershire,CN Ackermann,AZ Lees,J Leach,4,0,,,,,,,,,,,,,
1410207,2024,2024-04-19,"Chester Road North Ground, Kidderminster",1,3.1,3.1,Durham,Worcestershire,AZ Lees,CN Ackermann,NG Smith,4,0,,,,,,,,,,,,,
1410207,2024,2024-04-19,"Chester Road North Ground, Kidderminster",1,3.2,3.2,Durham,Worcestershire,AZ Lees,CN Ackermann,NG Smith,0,2,,2,,,,,,,,,,,
1410207,2024,2024-04-19,"Chester Road North Ground, Kidderminster",1,3.3,3.2,Durham,Worcestershire,AZ Lees,CN Ackermann,NG Smith,0,0,,,,,,,,,,,,,
1410207,2024,2024-04-19,"Chester Road North Ground, Kidderminster",1,3.4,3.3,Durham,Worcestershire,AZ Lees,CN Ackermann,NG Smith,0,0,,,,,,,,,,,,,
1410207,2024,2024-04-19,"Chester Road North Ground, Kidderminster",1,3.5,3.4,Durham,Worcestershire,AZ Lees,CN Ackermann,NG Smith,0,0,,,,,,,,,,,,,
1410207,2024,2024-04-19,"Chester Road North Ground, Kidderminster",1,3.6,3.5,Durham,Worcestershire,AZ Lees,CN Ackermann,NG Smith,0,0,,,,,,,,,,,,,
1410207,2024,2024-04-19,"Chester Road North Ground, Kidderminster",1,3.7,3.6,Durham,Worcestershire,AZ Lees,CN Ackermann,NG Smith,0,0,,,,,,,,,,,,,
1410207,2024,2024-04-19,"Chester Road North Ground, Kidderminster",1,4.1,4.1,Durham,Worcestershire,CN Ackermann,AZ Lees,J Leach,0,0,,,,,,,,,,,,,
1410207,2024,2024-04-19,"Chester Road North Ground, Kidderminster",1,4.2,4.2,Durham,Worcestershire,CN Ackermann,AZ Lees,J Leach,0,0,,,,,,,,,,,,,
1410207,2024,2024-04-19,"Chester Road North Ground, Kidderminster",1,4.3,4.3,Durham,Worcestershire,CN Ackermann,AZ Lees,J Leach,4,0,,,,,,,,,,,,,
1410207,2024,2024-04-19,"Chester Road North Ground, Kidderminster",1,4.4,4.4,Durham,Worcestershire,CN Ackermann,AZ Lees,J Leach,0,0,,,,,,,,,,,,,
1410207,2024,2024-04-19,"Chester Road North Ground, Kidderminster",1,4.5,4.5,Durham,Worcestershire,CN Ackermann,AZ Lees,J Leach,0,0,,,,,,,,,,,,,
1410207,2024,2024-04-19,"Chester Road North Ground, Kidderminster",1,4.6,4.6,Durham,Worcestershire,CN Ackermann,AZ Lees,J Leach,0,0,,,,,,,,,,,,,
1410207,2024,2024-04-19,"Chester Road North Ground, Kidderminster",1,5.1,5.1,Durham,Worcestershire,AZ Lees,CN Ackermann,NG Smith,0,0,,,,,,,caught,AZ Lees,,,JO Holder,,
1410207,2024,2024-04-19,"Chester Road North Ground, Kidderminster",1,5.2,5.2,Durham,Worcestershire,DG Bedingham,CN Ackermann,NG Smith,0,0,,,,,,,,,,,,,
1410207,2024,2024-04-19,"Chester Road North Ground, Kidderminster",1,5.3,5.3,Durham,Worcestershire,DG Bedingham,CN Ackermann,NG Smith,0,0,,,,,,,,,,,,,
1410207,2024,2024-04-19,"Chester Road North Ground, Kidderminster",1,5.4,5.4,Durham,Worcestershire,DG Bedingham,CN Ackermann,NG Smith,0,0,,,,,,,,,,,,,
1410207,2024,2024-04-19,"Chester Road North Ground, Kidderminster",1,5.5,5.5,Durham,Worcestershire,DG Bedingham,CN Ackermann,NG Smith,0,0,,,,,,,,,,,,,
1410207,2024,2024-04-19,"Chester Road North Ground, Kidderminster",1,5.6,5.6,Durham,Worcestershire,DG Bedingham,CN Ackermann,NG Smith,0,0,,,,,,,,,,,,,
1410207,2024,2024-04-19,"Chester Road North Ground, Kidderminster",1,6.1,6.1,Durham,Worcestershire,CN Ackermann,DG Bedingham,J Leach,0,0,,,,,,,,,,,,,
1410207,2024,2024-04-19,"Chester Road North Ground, Kidderminster",1,6.2,6.2,Durham,Worcestershire,CN Ackermann,DG Bedingham,J Leach,0,0,,,,,,,,,,,,,
1410207,2024,2024-04-19,"Chester Road North Ground, Kidderminster",1,6.3,6.3,Durham,Worcestershire,CN Ackermann,DG Bedingham,J Leach,3,0,,,,,,,,,,,,,
1410207,2024,2024-04-19,"Chester Road North Ground, Kidderminster",1,6.4,6.4,Durham,Worcestershire,DG Bedingham,CN Ackermann,J Leach,0,0,,,,,,,,,,,,,
1410207,2024,2024-04-19,"Chester Road North Ground, Kidderminster",1,6.5,6.5,Durham,Worcestershire,DG Bedingham,CN Ackermann,J Leach,0,0,,,,,,,,,,,,,
1410207,2024,2024-04-19,"Chester Road North Ground, Kidderminster",1,6.6,6.6,Durham,Worcestershire,DG Bedingham,CN Ackermann,J Leach,0,0,,,,,,,,,,,,,
1410207,2024,2024-04-19,"Chester Road North Ground, Kidderminster",1,7.1,7.1,Durham,Worcestershire,CN Ackermann,DG Bedingham,NG Smith,0,0,,,,,,,,,,,,,
1410207,2024,2024-04-19,"Chester Road North Ground, Kidderminster",1,7.2,7.2,Durham,Worcestershire,CN Ackermann,DG Bedingham,NG Smith,0,0,,,,,,,,,,,,,
1410207,2024,2024-04-19,"Chester Road North Ground, Kidderminster",1,7.3,7.3,Durham,Worcestershire,CN Ackermann,DG Bedingham,NG Smith,0,0,,,,,,,,,,,,,
1410207,2024,2024-04-19,"Chester Road North Ground, Kidderminster",1,7.4,7.4,Durham,Worcestershire,CN Ackermann,DG Bedingham,NG Smith,0,0,,,,,,,,,,,,,
1410207,2024,2024-04-19,"Chester Road North Ground, Kidderminster",1,7.5,7.5,Durham,Worcestershire,CN Ackermann,DG Bedingham,NG Smith,0,0,,,,,,,,,,,,,
1410207,2024,2024-04-19,"Chester Road North Ground, Kidderminster",1,7.6,7.6,Durham,Worcestershire,CN Ackermann,DG Bedingham,NG Smith,0,0,,,,,,,,,,,,,
1410207,2024,2024-04-19,"Chester Road North Ground, Kidderminster",1,8.1,8.1,Durham,Worcestershire,DG Bedingham,CN Ackermann,J Leach,3,0,,,,,,,,,,,,,
1410207,2024,2024-04-19,"Chester Road North Ground, Kidderminster",1,8.2,8.2,Durham,Worcestershire,CN Ackermann,DG Bedingham,J Leach,0,0,,,,,,,,,,,,,
1410207,2024,2024-04-19,"Chester Road North Ground, Kidderminster",1,8.3,8.3,Durham,Worcestershire,CN Ackermann,DG Bedingham,J Leach,0,0,,,,,,,,,,,,,
1410207,2024,2024-04-19,"Chester Road North Ground, Kidderminster",1,8.4,8.4,Durham,Worcestershire,CN Ackermann,DG Bedingham,J Leach,0,0,,,,,,,,,,,,,
1410207,2024,2024-04-19,"Chester Road North Ground, Kidderminster",1,8.5,8.5,Durham,Worcestershire,CN Ackermann,DG Bedingham,J Leach,0,0,,,,,,,,,,,,,
1410207,2024,2024-04-19,"Chester Road North Ground, Kidderminster",1,8.6,8.6,Durham,Worcestershire,CN Ackermann,DG Bedingham,J Leach,0,0,,,,,,,,,,,,,
1410207,2024,2024-04-19,"Chester Road North Ground, Kidderminster",1,9.1,9.1,Durham,Worcestershire,DG Bedingham,CN Ackermann,NG Smith,0,0,,,,,,,,,,,,,
1410207,2024,2024-04-19,"Chester Road North Ground, Kidderminster",1,9.2,9.2,Durham,Worcestershire,DG Bedingham,CN Ackermann,NG Smith,1,0,,,,,,,,,,,,,
1410207,2024,2024-04-19,"Chester Road North Ground, Kidderminster",1,9.3,9.3,Durham,Worcestershire,CN Ackermann,DG Bedingham,NG Smith,0,0,,,,,,,,,,,,,
1410207,2024,2024-04-19,"Chester Road North Ground, Kidderminster",1,9.4,9.4,Durham,Worcestershire,CN Ackermann,DG Bedingham,NG Smith,4,0,,,,,,,,,,,,,
1410207,2024,2024-04-19,"Chester Road North Ground, Kidderminster",1,9.5,9.5,Durham,Worcestershire,CN Ackermann,DG Bedingham,NG Smith,0,0,,,,,,,,,,,,,
1410207,2024,2024-04-19,"Chester Road North Ground, Kidderminster",1,9.6,9.6,Durham,Worcestershire,CN Ackermann,DG Bedingham,NG Smith,0,0,,,,,,,,,,,,,
1410207,2024,2024-04-19,"Chester Road North Ground, Kidderminster",1,10.1,10.1,Durham,Worcestershire,DG Bedingham,CN Ackermann,J Leach,0,0,,,,,,,,,,,,,
1410207,2024,2024-04-19,"Chester Road North Ground, Kidderminster",1,10.2,10.2,Durham,Worcestershire,DG Bedingham,CN Ackermann,J Leach,0,0,,,,,,,,,,,,,
1410207,2024,2024-04-19,"Chester Road North Ground, Kidderminster",1,10.3,10.3,Durham,Worcestershire,DG Bedingham,CN Ackermann,J Leach,0,0,,,,,,,,,,,,,
1410207,2024,2024-04-19,"Chester Road North Ground, Kidderminster",1,10.4,10.4,Durham,Worcestershire,DG Bedingham,CN Ackermann,J Leach,0,0,,,,,,,,,,,,,
1410207,2024,2024-04-19,"Chester Road North Ground, Kidderminster",1,10.5,10.5,Durham,Worcestershire,DG Bedingham,CN Ackermann,J Leach,0,0,,,,,,,,,,,,,
1410207,2024,2024-04-19,"Chester Road North Ground, Kidderminster",1,10.6,10.6,Durham,Worcestershire,DG Bedingham,CN Ackermann,J Leach,4,0,,,,,,,,,,,,,
1410207,2024,2024-04-19,"Chester Road North Ground, Kidderminster",1,11.1,11.1,Durham,Worcestershire,CN Ackermann,DG Bedingham,JO Holder,0,0,,,,,,,,,,,,,
1410207,2024,2024-04-19,"Chester Road North Ground, Kidderminster",1,11.2,11.2,Durham,Worcestershire,CN Ackermann,DG Bedingham,JO Holder,0,2,,2,,,,,,,,,,,
1410207,2024,2024-04-19,"Chester Road North Ground, Kidderminster",1,11.3,11.2,Durham,Worcestershire,CN Ackermann,DG Bedingham,JO Holder,1,0,,,,,,,,,,,,,
1410207,2024,2024-04-19,"Chester Road North Ground, Kidderminster",1,11.4,11.3,Durham,Worcestershire,DG Bedingham,CN Ackermann,JO Holder,0,0,,,,,,,,,,,,,
1410207,2024,2024-04-19,"Chester Road North Ground, Kidderminster",1,11.5,11.4,Durham,Worcestershire,DG Bedingham,CN Ackermann,JO Holder,3,0,,,,,,,,,,,,,
1410207,2024,2024-04-19,"Chester Road North Ground, Kidderminster",1,11.6,11.5,Durham,Worcestershire,CN Ackermann,DG Bedingham,JO Holder,0,0,,,,,,,,,,,,,
1410207,2024,2024-04-19,"Chester Road North Ground, Kidderminster",1,11.7,11.6,Durham,Worcestershire,CN Ackermann,DG Bedingham,JO Holder,0,0,,,,,,,,,,,,,
1410207,2024,2024-04-19,"Chester Road North Ground, Kidderminster",1,12.1,12.1,Durham,Worcestershire,DG Bedingham,CN Ackermann,J Leach,0,0,,,,,,,,,,,,,
1410207,2024,2024-04-19,"Chester Road North Ground, Kidderminster",1,12.2,12.2,Durham,Worcestershire,DG Bedingham,CN Ackermann,J Leach,0,2,,2,,,,,,,,,,,
1410207,2024,2024-04-19,"Chester Road North Ground, Kidderminster",1,12.3,12.2,Durham,Worcestershire,DG Bedingham,CN Ackermann,J Leach,1,0,,,,,,,,,,,,,
1410207,2024,2024-04-19,"Chester Road North Ground, Kidderminster",1,12.4,12.3,Durham,Worcestershire,CN Ackermann,DG Bedingham,J Leach,0,0,,,,,,,,,,,,,
1410207,2024,2024-04-19,"Chester Road North Ground, Kidderminster",1,12.5,12.4,Durham,Worcestershire,CN Ackermann,DG Bedingham,J Leach,0,0,,,,,,,,,,,,,
1410207,2024,2024-04-19,"Chester Road North Ground, Kidderminster",1,12.6,12.5,Durham,Worcestershire,CN Ackermann,DG Bedingham,J Leach,0,0,,,,,,,,,,,,,
1410207,2024,2024-04-19,"Chester Road North Ground, Kidderminster",1,12.7,12.6,Durham,Worcestershire,CN Ackermann,DG Bedingham,J Leach,0,0,,,,,,,,,,,,,
1410207,2024,2024-04-19,"Chester Road North Ground, Kidderminster",1,13.1,13.1,Durham,Worcestershire,DG Bedingham,CN Ackermann,JO Holder,0,0,,,,,,,,,,,,,
1410207,2024,2024-04-19,"Chester Road North Ground, Kidderminster",1,13.2,13.2,Durham,Worcestershire,DG Bedingham,CN Ackermann,JO Holder,0,0,,,,,,,,,,,,,
1410207,2024,2024-04-19,"Chester Road North Ground, Kidderminster",1,13.3,13.3,Durham,Worcestershire,DG Bedingham,CN Ackermann,JO Holder,0,0,,,,,,,,,,,,,
1410207,2024,2024-04-19,"Chester Road North Ground, Kidderminster",1,13.4,13.4,Durham,Worcestershire,DG Bedingham,CN Ackermann,JO Holder,0,0,,,,,,,,,,,,,
1410207,2024,2024-04-19,"Chester Road North Ground, Kidderminster",1,13.5,13.5,Durham,Worcestershire,DG Bedingham,CN Ackermann,JO Holder,1,0,,,,,,,,,,,,,
1410207,2024,2024-04-19,"Chester Road North Ground, Kidderminster",1,13.6,13.6,Durham,Worcestershire,CN Ackermann,DG Bedingham,JO Holder,0,0,,,,,,,,,,,,,
1410207,2024,2024-04-19,"Chester Road North Ground, Kidderminster",1,14.1,14.1,Durham,Worcestershire,DG Bedingham,CN Ackermann,MJ Waite,0,0,,,,,,,,,,,,,
1410207,2024,2024-04-19,"Chester Road North Ground, Kidderminster",1,14.2,14.2,Durham,Worcestershire,DG Bedingham,CN Ackermann,MJ Waite,4,0,,,,,,,,,,,,,
1410207,2024,2024-04-19,"Chester Road North Ground, Kidderminster",1,14.3,14.3,Durham,Worcestershire,DG Bedingham,CN Ackermann,MJ Waite,4,0,,,,,,,,,,,,,
1410207,2024,2024-04-19,"Chester Road North Ground, Kidderminster",1,14.4,14.4,Durham,Worcestershire,DG Bedingham,CN Ackermann,MJ Waite,0,0,,,,,,,,,,,,,
1410207,2024,2024-04-19,"Chester Road North Ground, Kidderminster",1,14.5,14.5,Durham,Worcestershire,DG Bedingham,CN Ackermann,MJ Waite,0,0,,,,,,,,,,,,,
1410207,2024,2024-04-19,"Chester Road North Ground, Kidderminster",1,14.6,14.6,Durham,Worcestershire,DG Bedingham,CN Ackermann,MJ Waite,0,0,,,,,,,,,,,,,
1410207,2024,2024-04-19,"Chester Road North Ground, Kidderminster",1,15.1,15.1,Durham,Worcestershire,CN Ackermann,DG Bedingham,JO Holder,0,0,,,,,,,,,,,,,
1410207,2024,2024-04-19,"Chester Road North Ground, Kidderminster",1,15.2,15.2,Durham,Worcestershire,CN Ackermann,DG Bedingham,JO Holder,0,0,,,,,,,,,,,,,
1410207,2024,2024-04-19,"Chester Road North Ground, Kidderminster",1,15.3,15.3,Durham,Worcestershire,CN Ackermann,DG Bedingham,JO Holder,0,0,,,,,,,,,,,,,
1410207,2024,2024-04-19,"Chester Road North Ground, Kidderminster",1,15.4,15.4,Durham,Worcestershire,CN Ackermann,DG Bedingham,JO Holder,0,0,,,,,,,,,,,,,
1410207,2024,2024-04-19,"Chester Road North Ground, Kidderminster",1,15.5,15.5,Durham,Worcestershire,CN Ackermann,DG Bedingham,JO Holder,0,0,,,,,,,,,,,,,
1410207,2024,2024-04-19,"Chester Road North Ground, Kidderminster",1,15.6,15.6,Durham,Worcestershire,CN Ackermann,DG Bedingham,JO Holder,0,0,,,,,,,,,,,,,
1410207,2024,2024-04-19,"Chester Road North Ground, Kidderminster",1,16.1,16.1,Durham,Worcestershire,DG Bedingham,CN Ackermann,MJ Waite,0,0,,,,,,,,,,,,,
1410207,2024,2024-04-19,"Chester Road North Ground, Kidderminster",1,16.2,16.2,Durham,Worcestershire,DG Bedingham,CN Ackermann,MJ Waite,0,0,,,,,,,,,,,,,
1410207,2024,2024-04-19,"Chester Road North Ground, Kidderminster",1,16.3,16.3,Durham,Worcestershire,DG Bedingham,CN Ackermann,MJ Waite,0,0,,,,,,,,,,,,,
1410207,2024,2024-04-19,"Chester Road North Ground, Kidderminster",1,16.4,16.4,Durham,Worcestershire,DG Bedingham,CN Ackermann,MJ Waite,2,0,,,,,,,,,,,,,
1410207,2024,2024-04-19,"Chester Road North Ground, Kidderminster",1,16.5,16.5,Durham,Worcestershire,DG Bedingham,CN Ackermann,MJ Waite,0,1,,,,1,,,,,,,,,
1410207,2024,2024-04-19,"Chester Road North Ground, Kidderminster",1,16.6,16.6,Durham,Worcestershire,CN Ackermann,DG Bedingham,MJ Waite,0,0,,,,,,,,,,,,,
1410207,2024,2024-04-19,"Chester Road North Ground, Kidderminster",1,17.1,17.1,Durham,Worcestershire,DG Bedingham,CN Ackermann,JO Holder,4,0,,,,,,,,,,,,,
1410207,2024,2024-04-19,"Chester Road North Ground, Kidderminster",1,17.2,17.2,Durham,Worcestershire,DG Bedingham,CN Ackermann,JO Holder,0,0,,,,,,,,,,,,,
1410207,2024,2024-04-19,"Chester Road North Ground, Kidderminster",1,17.3,17.3,Durham,Worcestershire,DG Bedingham,CN Ackermann,JO Holder,0,0,,,,,,,,,,,,,
1410207,2024,2024-04-19,"Chester Road North Ground, Kidderminster",1,17.4,17.4,Durham,Worcestershire,DG Bedingham,CN Ackermann,JO Holder,0,2,,2,,,,,,,,,,,
1410207,2024,2024-04-19,"Chester Road North Ground, Kidderminster",1,17.5,17.4,Durham,Worcestershire,DG Bedingham,CN Ackermann,JO Holder,0,0,,,,,,,,,,,,,
1410207,2024,2024-04-19,"Chester Road North Ground, Kidderminster",1,17.6,17.5,Durham,Worcestershire,DG Bedingham,CN Ackermann,JO Holder,0,0,,,,,,,,,,,,,
1410207,2024,2024-04-19,"Chester Road North Ground, Kidderminster",1,17.7,17.6,Durham,Worcestershire,DG Bedingham,CN Ackermann,JO Holder,0,2,,2,,,,,,,,,,,
1410207,2024,2024-04-19,"Chester Road North Ground, Kidderminster",1,17.8,17.6,Durham,Worcestershire,DG Bedingham,CN Ackermann,JO Holder,0,0,,,,,,,,,,,,,
1410207,2024,2024-04-19,"Chester Road North Ground, Kidderminster",1,18.1,18.1,Durham,Worcestershire,CN Ackermann,DG Bedingham,MJ Waite,0,0,,,,,,,,,,,,,
1410207,2024,2024-04-19,"Chester Road North Ground, Kidderminster",1,18.2,18.2,Durham,Worcestershire,CN Ackermann,DG Bedingham,MJ Waite,0,0,,,,,,,,,,,,,
1410207,2024,2024-04-19,"Chester Road North Ground, Kidderminster",1,18.3,18.3,Durham,Worcestershire,CN Ackermann,DG Bedingham,MJ Waite,0,0,,,,,,,,,,,,,
1410207,2024,2024-04-19,"Chester Road North Ground, Kidderminster",1,18.4,18.4,Durham,Worcestershire,CN Ackermann,DG Bedingham,MJ Waite,0,0,,,,,,,,,,,,,
1410207,2024,2024-04-19,"Chester Road North Ground, Kidderminster",1,18.5,18.5,Durham,Worcestershire,CN Ackermann,DG Bedingham,MJ Waite,0,0,,,,,,,,,,,,,
1410207,2024,2024-04-19,"Chester Road North Ground, Kidderminster",1,18.6,18.6,Durham,Worcestershire,CN Ackermann,DG Bedingham,MJ Waite,1,0,,,,,,,,,,,,,
1410207,2024,2024-04-19,"Chester Road North Ground, Kidderminster",1,19.1,19.1,Durham,Worcestershire,CN Ackermann,DG Bedingham,JO Holder,0,0,,,,,,,,,,,,,
1410207,2024,2024-04-19,"Chester Road North Ground, Kidderminster",1,19.2,19.2,Durham,Worcestershire,CN Ackermann,DG Bedingham,JO Holder,0,0,,,,,,,,,,,,,
1410207,2024,2024-04-19,"Chester Road North Ground, Kidderminster",1,19.3,19.3,Durham,Worcestershire,CN Ackermann,DG Bedingham,JO Holder,0,0,,,,,,,,,,,,,
1410207,2024,2024-04-19,"Chester Road North Ground, Kidderminster",1,19.4,19.4,Durham,Worcestershire,CN Ackermann,DG Bedingham,JO Holder,0,0,,,,,,,,,,,,,
1410207,2024,2024-04-19,"Chester Road North Ground, Kidderminster",1,19.5,19.5,Durham,Worcestershire,CN Ackermann,DG Bedingham,JO Holder,0,0,,,,,,,,,,,,,
1410207,2024,2024-04-19,"Chester Road North Ground, Kidderminster",1,19.6,19.6,Durham,Worcestershire,CN Ackermann,DG Bedingham,JO Holder,0,0,,,,,,,,,,,,,
1410207,2024,2024-04-19,"Chester Road North Ground, Kidderminster",1,20.1,20.1,Durham,Worcestershire,DG Bedingham,CN Ackermann,MJ Waite,0,0,,,,,,,,,,,,,
1410207,2024,2024-04-19,"Chester Road North Ground, Kidderminster",1,20.2,20.2,Durham,Worcestershire,DG Bedingham,CN Ackermann,MJ Waite,1,0,,,,,,,,,,,,,
1410207,2024,2024-04-19,"Chester Road North Ground, Kidderminster",1,20.3,20.3,Durham,Worcestershire,CN Ackermann,DG Bedingham,MJ Waite,0,0,,,,,,,,,,,,,
1410207,2024,2024-04-19,"Chester Road North Ground, Kidderminster",1,20.4,20.4,Durham,Worcestershire,CN Ackermann,DG Bedingham,MJ Waite,0,0,,,,,,,,,,,,,
1410207,2024,2024-04-19,"Chester Road North Ground, Kidderminster",1,20.5,20.5,Durham,Worcestershire,CN Ackermann,DG Bedingham,MJ Waite,0,0,,,,,,,,,,,,,
1410207,2024,2024-04-19,"Chester Road North Ground, Kidderminster",1,20.6,20.6,Durham,Worcestershire,CN Ackermann,DG Bedingham,MJ Waite,0,0,,,,,,,,,,,,,
1410207,2024,2024-04-19,"Chester Road North Ground, Kidderminster",1,21.1,21.1,Durham,Worcestershire,DG Bedingham,CN Ackermann,NG Smith,1,0,,,,,,,,,,,,,
1410207,2024,2024-04-19,"Chester Road North Ground, Kidderminster",1,21.2,21.2,Durham,Worcestershire,CN Ackermann,DG Bedingham,NG Smith,0,0,,,,,,,,,,,,,
1410207,2024,2024-04-19,"Chester Road North Ground, Kidderminster",1,21.3,21.3,Durham,Worcestershire,CN Ackermann,DG Bedingham,NG Smith,0,2,,2,,,,,,,,,,,
1410207,2024,2024-04-19,"Chester Road North Ground, Kidderminster",1,21.4,21.3,Durham,Worcestershire,CN Ackermann,DG Bedingham,NG Smith,0,0,,,,,,,,,,,,,
1410207,2024,2024-04-19,"Chester Road North Ground, Kidderminster",1,21.5,21.4,Durham,Worcestershire,CN Ackermann,DG Bedingham,NG Smith,0,0,,,,,,,,,,,,,
1410207,2024,2024-04-19,"Chester Road North Ground, Kidderminster",1,21.6,21.5,Durham,Worcestershire,CN Ackermann,DG Bedingham,NG Smith,0,0,,,,,,,,,,,,,
1410207,2024,2024-04-19,"Chester Road North Ground, Kidderminster",1,21.7,21.6,Durham,Worcestershire,CN Ackermann,DG Bedingham,NG Smith,1,0,,,,,,,,,,,,,
1410207,2024,2024-04-19,"Chester Road North Ground, Kidderminster",1,22.1,22.1,Durham,Worcestershire,CN Ackermann,DG Bedingham,AW Finch,4,0,,,,,,,,,,,,,
1410207,2024,2024-04-19,"Chester Road North Ground, Kidderminster",1,22.2,22.2,Durham,Worcestershire,CN Ackermann,DG Bedingham,AW Finch,0,0,,,,,,,,,,,,,
1410207,2024,2024-04-19,"Chester Road North Ground, Kidderminster",1,22.3,22.3,Durham,Worcestershire,CN Ackermann,DG Bedingham,AW Finch,0,0,,,,,,,,,,,,,
1410207,2024,2024-04-19,"Chester Road North Ground, Kidderminster",1,22.4,22.4,Durham,Worcestershire,CN Ackermann,DG Bedingham,AW Finch,0,0,,,,,,,,,,,,,
1410207,2024,2024-04-19,"Chester Road North Ground, Kidderminster",1,22.5,22.5,Durham,Worcestershire,CN Ackermann,DG Bedingham,AW Finch,0,0,,,,,,,,,,,,,
1410207,2024,2024-04-19,"Chester Road North Ground, Kidderminster",1,22.6,22.6,Durham,Worcestershire,CN Ackermann,DG Bedingham,AW Finch,4,2,,2,,,,,,,,,,,
1410207,2024,2024-04-19,"Chester Road North Ground, Kidderminster",1,22.7,22.6,Durham,Worcestershire,CN Ackermann,DG Bedingham,AW Finch,0,0,,,,,,,,,,,,,
1410207,2024,2024-04-19,"Chester Road North Ground, Kidderminster",1,23.1,23.1,Durham,Worcestershire,DG Bedingham,CN Ackermann,NG Smith,0,0,,,,,,,,,,,,,
1410207,2024,2024-04-19,"Chester Road North Ground, Kidderminster",1,23.2,23.2,Durham,Worcestershire,DG Bedingham,CN Ackermann,NG Smith,0,0,,,,,,,,,,,,,
1410207,2024,2024-04-19,"Chester Road North Ground, Kidderminster",1,23.3,23.3,Durham,Worcestershire,DG Bedingham,CN Ackermann,NG Smith,4,0,,,,,,,,,,,,,
1410207,2024,2024-04-19,"Chester Road North Ground, Kidderminster",1,23.4,23.4,Durham,Worcestershire,DG Bedingham,CN Ackermann,NG Smith,0,0,,,,,,,,,,,,,
1410207,2024,2024-04-19,"Chester Road North Ground, Kidderminster",1,23.5,23.5,Durham,Worcestershire,DG Bedingham,CN Ackermann,NG Smith,0,0,,,,,,,,,,,,,
1410207,2024,2024-04-19,"Chester Road North Ground, Kidderminster",1,23.6,23.6,Durham,Worcestershire,DG Bedingham,CN Ackermann,NG Smith,0,0,,,,,,,,,,,,,
1410207,2024,2024-04-19,"Chester Road North Ground, Kidderminster",1,24.1,24.1,Durham,Worcestershire,CN Ackermann,DG Bedingham,AW Finch,0,0,,,,,,,,,,,,,
1410207,2024,2024-04-19,"Chester Road North Ground, Kidderminster",1,24.2,24.2,Durham,Worcestershire,CN Ackermann,DG Bedingham,AW Finch,0,0,,,,,,,,,,,,,
1410207,2024,2024-04-19,"Chester Road North Ground, Kidderminster",1,24.3,24.3,Durham,Worcestershire,CN Ackermann,DG Bedingham,AW Finch,0,0,,,,,,,,,,,,,
1410207,2024,2024-04-19,"Chester Road North Ground, Kidderminster",1,24.4,24.4,Durham,Worcestershire,CN Ackermann,DG Bedingham,AW Finch,0,0,,,,,,,,,,,,,
1410207,2024,2024-04-19,"Chester Road North Ground, Kidderminster",1,24.5,24.5,Durham,Worcestershire,CN Ackermann,DG Bedingham,AW Finch,0,0,,,,,,,,,,,,,
1410207,2024,2024-04-19,"Chester Road North Ground, Kidderminster",1,24.6,24.6,Durham,Worcestershire,CN Ackermann,DG Bedingham,AW Finch,0,0,,,,,,,,,,,,,
1410207,2024,2024-04-19,"Chester Road North Ground, Kidderminster",1,25.1,25.1,Durham,Worcestershire,DG Bedingham,CN Ackermann,JO Baker,0,0,,,,,,,,,,,,,
1410207,2024,2024-04-19,"Chester Road North Ground, Kidderminster",1,25.2,25.2,Durham,Worcestershire,DG Bedingham,CN Ackermann,JO Baker,0,0,,,,,,,,,,,,,
1410207,2024,2024-04-19,"Chester Road North Ground, Kidderminster",1,25.3,25.3,Durham,Worcestershire,DG Bedingham,CN Ackermann,JO Baker,0,0,,,,,,,,,,,,,
1410207,2024,2024-04-19,"Chester Road North Ground, Kidderminster",1,25.4,25.4,Durham,Worcestershire,DG Bedingham,CN Ackermann,JO Baker,0,0,,,,,,,,,,,,,
1410207,2024,2024-04-19,"Chester Road North Ground, Kidderminster",1,25.5,25.5,Durham,Worcestershire,DG Bedingham,CN Ackermann,JO Baker,0,0,,,,,,,,,,,,,
1410207,2024,2024-04-19,"Chester Road North Ground, Kidderminster",1,25.6,25.6,Durham,Worcestershire,DG Bedingham,CN Ackermann,JO Baker,1,0,,,,,,,,,,,,,
1410207,2024,2024-04-19,"Chester Road North Ground, Kidderminster",1,26.1,26.1,Durham,Worcestershire,DG Bedingham,CN Ackermann,AW Finch,0,0,,,,,,,,,,,,,
1410207,2024,2024-04-19,"Chester Road North Ground, Kidderminster",1,26.2,26.2,Durham,Worcestershire,DG Bedingham,CN Ackermann,AW Finch,0,0,,,,,,,,,,,,,
1410207,2024,2024-04-19,"Chester Road North Ground, Kidderminster",1,26.3,26.3,Durham,Worcestershire,DG Bedingham,CN Ackermann,AW Finch,0,0,,,,,,,,,,,,,
1410207,2024,2024-04-19,"Chester Road North Ground, Kidderminster",1,26.4,26.4,Durham,Worcestershire,DG Bedingham,CN Ackermann,AW Finch,4,0,,,,,,,,,,,,,
1410207,2024,2024-04-19,"Chester Road North Ground, Kidderminster",1,26.5,26.5,Durham,Worcestershire,DG Bedingham,CN Ackermann,AW Finch,0,0,,,,,,,,,,,,,
1410207,2024,2024-04-19,"Chester Road North Ground, Kidderminster",1,26.6,26.6,Durham,Worcestershire,DG Bedingham,CN Ackermann,AW Finch,0,0,,,,,,,,,,,,,
1410207,2024,2024-04-19,"Chester Road North Ground, Kidderminster",1,27.1,27.1,Durham,Worcestershire,CN Ackermann,DG Bedingham,JO Baker,0,0,,,,,,,,,,,,,
1410207,2024,2024-04-19,"Chester Road North Ground, Kidderminster",1,27.2,27.2,Durham,Worcestershire,CN Ackermann,DG Bedingham,JO Baker,0,0,,,,,,,,,,,,,
1410207,2024,2024-04-19,"Chester Road North Ground, Kidderminster",1,27.3,27.3,Durham,Worcestershire,CN Ackermann,DG Bedingham,JO Baker,0,0,,,,,,,,,,,,,
1410207,2024,2024-04-19,"Chester Road North Ground, Kidderminster",1,27.4,27.4,Durham,Worcestershire,CN Ackermann,DG Bedingham,JO Baker,0,0,,,,,,,,,,,,,
1410207,2024,2024-04-19,"Chester Road North Ground, Kidderminster",1,27.5,27.5,Durham,Worcestershire,CN Ackermann,DG Bedingham,JO Baker,1,0,,,,,,,,,,,,,
1410207,2024,2024-04-19,"Chester Road North Ground, Kidderminster",1,27.6,27.6,Durham,Worcestershire,DG Bedingham,CN Ackermann,JO Baker,0,0,,,,,,,,,,,,,
1410207,2024,2024-04-19,"Chester Road North Ground, Kidderminster",1,28.1,28.1,Durham,Worcestershire,CN Ackermann,DG Bedingham,JO Holder,0,0,,,,,,,,,,,,,
1410207,2024,2024-04-19,"Chester Road North Ground, Kidderminster",1,28.2,28.2,Durham,Worcestershire,CN Ackermann,DG Bedingham,JO Holder,0,0,,,,,,,,,,,,,
1410207,2024,2024-04-19,"Chester Road North Ground, Kidderminster",1,28.3,28.3,Durham,Worcestershire,CN Ackermann,DG Bedingham,JO Holder,0,0,,,,,,,,,,,,,
1410207,2024,2024-04-19,"Chester Road North Ground, Kidderminster",1,28.4,28.4,Durham,Worcestershire,CN Ackermann,DG Bedingham,JO Holder,0,0,,,,,,,,,,,,,
1410207,2024,2024-04-19,"Chester Road North Ground, Kidderminster",1,28.5,28.5,Durham,Worcestershire,CN Ackermann,DG Bedingham,JO Holder,1,0,,,,,,,,,,,,,
1410207,2024,2024-04-19,"Chester Road North Ground, Kidderminster",1,28.6,28.6,Durham,Worcestershire,DG Bedingham,CN Ackermann,JO Holder,0,0,,,,,,,bowled,DG Bedingham,,,,,
1410207,2024,2024-04-19,"Chester Road North Ground, Kidderminster",1,29.1,29.1,Durham,Worcestershire,CN Ackermann,OG Robinson,J Leach,0,0,,,,,,,,,,,,,
1410207,2024,2024-04-19,"Chester Road North Ground, Kidderminster",1,29.2,29.2,Durham,Worcestershire,CN Ackermann,OG Robinson,J Leach,0,0,,,,,,,,,,,,,
1410207,2024,2024-04-19,"Chester Road North Ground, Kidderminster",1,29.3,29.3,Durham,Worcestershire,CN Ackermann,OG Robinson,J Leach,2,0,,,,,,,,,,,,,
1410207,2024,2024-04-19,"Chester Road North Ground, Kidderminster",1,29.4,29.4,Durham,Worcestershire,CN Ackermann,OG Robinson,J Leach,4,0,,,,,,,,,,,,,
1410207,2024,2024-04-19,"Chester Road North Ground, Kidderminster",1,29.5,29.5,Durham,Worcestershire,CN Ackermann,OG Robinson,J Leach,0,0,,,,,,,,,,,,,
1410207,2024,2024-04-19,"Chester Road North Ground, Kidderminster",1,29.6,29.6,Durham,Worcestershire,CN Ackermann,OG Robinson,J Leach,0,0,,,,,,,,,,,,,
1410207,2024,2024-04-19,"Chester Road North Ground, Kidderminster",1,30.1,30.1,Durham,Worcestershire,OG Robinson,CN Ackermann,JO Holder,0,0,,,,,,,,,,,,,
1410207,2024,2024-04-19,"Chester Road North Ground, Kidderminster",1,30.2,30.2,Durham,Worcestershire,OG Robinson,CN Ackermann,JO Holder,0,0,,,,,,,,,,,,,
1410207,2024,2024-04-19,"Chester Road North Ground, Kidderminster",1,30.3,30.3,Durham,Worcestershire,OG Robinson,CN Ackermann,JO Holder,0,0,,,,,,,,,,,,,
1410207,2024,2024-04-19,"Chester Road North Ground, Kidderminster",1,30.4,30.4,Durham,Worcestershire,OG Robinson,CN Ackermann,JO Holder,0,0,,,,,,,,,,,,,
1410207,2024,2024-04-19,"Chester Road North Ground, Kidderminster",1,30.5,30.5,Durham,Worcestershire,OG Robinson,CN Ackermann,JO Holder,2,0,,,,,,,,,,,,,
1410207,2024,2024-04-19,"Chester Road North Ground, Kidderminster",1,30.6,30.6,Durham,Worcestershire,OG Robinson,CN Ackermann,JO Holder,4,0,,,,,,,,,,,,,
1410207,2024,2024-04-19,"Chester Road North Ground, Kidderminster",1,31.1,31.1,Durham,Worcestershire,CN Ackermann,OG Robinson,J Leach,0,0,,,,,,,,,,,,,
1410207,2024,2024-04-19,"Chester Road North Ground, Kidderminster",1,31.2,31.2,Durham,Worcestershire,CN Ackermann,OG Robinson,J Leach,0,0,,,,,,,,,,,,,
1410207,2024,2024-04-19,"Chester Road North Ground, Kidderminster",1,31.3,31.3,Durham,Worcestershire,CN Ackermann,OG Robinson,J Leach,0,0,,,,,,,,,,,,,
1410207,2024,2024-04-19,"Chester Road North Ground, Kidderminster",1,31.4,31.4,Durham,Worcestershire,CN Ackermann,OG Robinson,J Leach,0,0,,,,,,,,,,,,,
1410207,2024,2024-04-19,"Chester Road North Ground, Kidderminster",1,31.5,31.5,Durham,Worcestershire,CN Ackermann,OG Robinson,J Leach,1,0,,,,,,,,,,,,,
1410207,2024,2024-04-19,"Chester Road North Ground, Kidderminster",1,31.6,31.6,Durham,Worcestershire,OG Robinson,CN Ackermann,J Leach,0,0,,,,,,,,,,,,,
1410207,2024,2024-04-19,"Chester Road North Ground, Kidderminster",1,32.1,32.1,Durham,Worcestershire,CN Ackermann,OG Robinson,JO Holder,4,0,,,,,,,,,,,,,
1410207,2024,2024-04-19,"Chester Road North Ground, Kidderminster",1,32.2,32.2,Durham,Worcestershire,CN Ackermann,OG Robinson,JO Holder,0,0,,,,,,,,,,,,,
1410207,2024,2024-04-19,"Chester Road North Ground, Kidderminster",1,32.3,32.3,Durham,Worcestershire,CN Ackermann,OG Robinson,JO Holder,0,0,,,,,,,,,,,,,
1410207,2024,2024-04-19,"Chester Road North Ground, Kidderminster",1,32.4,32.4,Durham,Worcestershire,CN Ackermann,OG Robinson,JO Holder,2,0,,,,,,,,,,,,,
1410207,2024,2024-04-19,"Chester Road North Ground, Kidderminster",1,32.5,32.5,Durham,Worcestershire,CN Ackermann,OG Robinson,JO Holder,1,0,,,,,,,,,,,,,
1410207,2024,2024-04-19,"Chester Road North Ground, Kidderminster",1,32.6,32.6,Durham,Worcestershire,OG Robinson,CN Ackermann,JO Holder,0,0,,,,,,,,,,,,,
1410207,2024,2024-04-19,"Chester Road North Ground, Kidderminster",1,33.1,33.1,Durham,Worcestershire,CN Ackermann,OG Robinson,J Leach,2,0,,,,,,,,,,,,,
1410207,2024,2024-04-19,"Chester Road North Ground, Kidderminster",1,33.2,33.2,Durham,Worcestershire,CN Ackermann,OG Robinson,J Leach,0,0,,,,,,,lbw,CN Ackermann,,,,,
1410207,2024,2024-04-19,"Chester Road North Ground, Kidderminster",1,33.3,33.3,Durham,Worcestershire,G Clark,OG Robinson,J Leach,0,0,,,,,,,,,,,,,
1410207,2024,2024-04-19,"Chester Road North Ground, Kidderminster",1,33.4,33.4,Durham,Worcestershire,G Clark,OG Robinson,J Leach,4,0,,,,,,,,,,,,,
1410207,2024,2024-04-19,"Chester Road North Ground, Kidderminster",1,33.5,33.5,Durham,Worcestershire,G Clark,OG Robinson,J Leach,0,0,,,,,,,,,,,,,
1410207,2024,2024-04-19,"Chester Road North Ground, Kidderminster",1,33.6,33.6,Durham,Worcestershire,G Clark,OG Robinson,J Leach,0,0,,,,,,,,,,,,,
1410207,2024,2024-04-19,"Chester Road North Ground, Kidderminster",1,34.1,34.1,Durham,Worcestershire,OG Robinson,G Clark,JO Holder,1,0,,,,,,,,,,,,,
1410207,2024,2024-04-19,"Chester Road North Ground, Kidderminster",1,34.2,34.2,Durham,Worcestershire,G Clark,OG Robinson,JO Holder,0,0,,,,,,,,,,,,,
1410207,2024,2024-04-19,"Chester Road North Ground, Kidderminster",1,34.3,34.3,Durham,Worcestershire,G Clark,OG Robinson,JO Holder,0,0,,,,,,,,,,,,,
1410207,2024,2024-04-19,"Chester Road North Ground, Kidderminster",1,34.4,34.4,Durham,Worcestershire,G Clark,OG Robinson,JO Holder,0,0,,,,,,,,,,,,,
1410207,2024,2024-04-19,"Chester Road North Ground, Kidderminster",1,34.5,34.5,Durham,Worcestershire,G Clark,OG Robinson,JO Holder,0,0,,,,,,,,,,,,,
1410207,2024,2024-04-19,"Chester Road North Ground, Kidderminster",1,34.6,34.6,Durham,Worcestershire,G Clark,OG Robinson,JO Holder,0,0,,,,,,,,,,,,,
1410207,2024,2024-04-19,"Chester Road North Ground, Kidderminster",1,35.1,35.1,Durham,Worcestershire,OG Robinson,G Clark,J Leach,0,0,,,,,,,,,,,,,
1410207,2024,2024-04-19,"Chester Road North Ground, Kidderminster",1,35.2,35.2,Durham,Worcestershire,OG Robinson,G Clark,J Leach,0,0,,,,,,,,,,,,,
1410207,2024,2024-04-19,"Chester Road North Ground, Kidderminster",1,35.3,35.3,Durham,Worcestershire,OG Robinson,G Clark,J Leach,3,0,,,,,,,,,,,,,
1410207,2024,2024-04-19,"Chester Road North Ground, Kidderminster",1,35.4,35.4,Durham,Worcestershire,G Clark,OG Robinson,J Leach,0,0,,,,,,,,,,,,,
1410207,2024,2024-04-19,"Chester Road North Ground, Kidderminster",1,35.5,35.5,Durham,Worcestershire,G Clark,OG Robinson,J Leach,0,0,,,,,,,,,,,,,
1410207,2024,2024-04-19,"Chester Road North Ground, Kidderminster",1,35.6,35.6,Durham,Worcestershire,G Clark,OG Robinson,J Leach,1,0,,,,,,,,,,,,,
1410207,2024,2024-04-19,"Chester Road North Ground, Kidderminster",1,36.1,36.1,Durham,Worcestershire,G Clark,OG Robinson,JO Holder,0,0,,,,,,,,,,,,,
1410207,2024,2024-04-19,"Chester Road North Ground, Kidderminster",1,36.2,36.2,Durham,Worcestershire,G Clark,OG Robinson,JO Holder,0,0,,,,,,,,,,,,,
1410207,2024,2024-04-19,"Chester Road North Ground, Kidderminster",1,36.3,36.3,Durham,Worcestershire,G Clark,OG Robinson,JO Holder,0,0,,,,,,,,,,,,,
1410207,2024,2024-04-19,"Chester Road North Ground, Kidderminster",1,36.4,36.4,Durham,Worcestershire,G Clark,OG Robinson,JO Holder,0,0,,,,,,,,,,,,,
1410207,2024,2024-04-19,"Chester Road North Ground, Kidderminster",1,36.5,36.5,Durham,Worcestershire,G Clark,OG Robinson,JO Holder,0,0,,,,,,,,,,,,,
1410207,2024,2024-04-19,"Chester Road North Ground, Kidderminster",1,36.6,36.6,Durham,Worcestershire,G Clark,OG Robinson,JO Holder,0,0,,,,,,,lbw,G Clark,,,,,
1410207,2024,2024-04-19,"Chester Road North Ground, Kidderminster",1,37.1,37.1,Durham,Worcestershire,OG Robinson,BFW de Leede,J Leach,0,0,,,,,,,,,,,,,
1410207,2024,2024-04-19,"Chester Road North Ground, Kidderminster",1,37.2,37.2,Durham,Worcestershire,OG Robinson,BFW de Leede,J Leach,2,0,,,,,,,,,,,,,
1410207,2024,2024-04-19,"Chester Road North Ground, Kidderminster",1,37.3,37.3,Durham,Worcestershire,OG Robinson,BFW de Leede,J Leach,0,0,,,,,,,,,,,,,
1410207,2024,2024-04-19,"Chester Road North Ground, Kidderminster",1,37.4,37.4,Durham,Worcestershire,OG Robinson,BFW de Leede,J Leach,6,0,,,,,,,,,,,,,
1410207,2024,2024-04-19,"Chester Road North Ground, Kidderminster",1,37.5,37.5,Durham,Worcestershire,OG Robinson,BFW de Leede,J Leach,4,0,,,,,,,,,,,,,
1410207,2024,2024-04-19,"Chester Road North Ground, Kidderminster",1,37.6,37.6,Durham,Worcestershire,OG Robinson,BFW de Leede,J Leach,0,0,,,,,,,,,,,,,
1410207,2024,2024-04-19,"Chester Road North Ground, Kidderminster",1,38.1,38.1,Durham,Worcestershire,BFW de Leede,OG Robinson,JO Holder,0,3,,,3,,,,,,,,,,
1410207,2024,2024-04-19,"Chester Road North Ground, Kidderminster",1,38.2,38.2,Durham,Worcestershire,OG Robinson,BFW de Leede,JO Holder,1,0,,,,,,,,,,,,,
1410207,2024,2024-04-19,"Chester Road North Ground, Kidderminster",1,38.3,38.3,Durham,Worcestershire,BFW de Leede,OG Robinson,JO Holder,0,0,,,,,,,,,,,,,
1410207,2024,2024-04-19,"Chester Road North Ground, Kidderminster",1,38.4,38.4,Durham,Worcestershire,BFW de Leede,OG Robinson,JO Holder,2,0,,,,,,,,,,,,,
1410207,2024,2024-04-19,"Chester Road North Ground, Kidderminster",1,38.5,38.5,Durham,Worcestershire,BFW de Leede,OG Robinson,JO Holder,0,0,,,,,,,,,,,,,
1410207,2024,2024-04-19,"Chester Road North Ground, Kidderminster",1,38.6,38.6,Durham,Worcestershire,BFW de Leede,OG Robinson,JO Holder,1,0,,,,,,,,,,,,,
1410207,2024,2024-04-19,"Chester Road North Ground, Kidderminster",1,39.1,39.1,Durham,Worcestershire,BFW de Leede,OG Robinson,AW Finch,0,0,,,,,,,lbw,BFW de Leede,,,,,
1410207,2024,2024-04-19,"Chester Road North Ground, Kidderminster",1,39.2,39.2,Durham,Worcestershire,P Coughlin,OG Robinson,AW Finch,0,0,,,,,,,,,,,,,
1410207,2024,2024-04-19,"Chester Road North Ground, Kidderminster",1,39.3,39.3,Durham,Worcestershire,P Coughlin,OG Robinson,AW Finch,0,0,,,,,,,,,,,,,
1410207,2024,2024-04-19,"Chester Road North Ground, Kidderminster",1,39.4,39.4,Durham,Worcestershire,P Coughlin,OG Robinson,AW Finch,0,0,,,,,,,,,,,,,
1410207,2024,2024-04-19,"Chester Road North Ground, Kidderminster",1,39.5,39.5,Durham,Worcestershire,P Coughlin,OG Robinson,AW Finch,1,0,,,,,,,,,,,,,
1410207,2024,2024-04-19,"Chester Road North Ground, Kidderminster",1,39.6,39.6,Durham,Worcestershire,OG Robinson,P Coughlin,AW Finch,0,0,,,,,,,,,,,,,
1410207,2024,2024-04-19,"Chester Road North Ground, Kidderminster",1,40.1,40.1,Durham,Worcestershire,P Coughlin,OG Robinson,JO Holder,0,0,,,,,,,,,,,,,
1410207,2024,2024-04-19,"Chester Road North Ground, Kidderminster",1,40.2,40.2,Durham,Worcestershire,P Coughlin,OG Robinson,JO Holder,0,0,,,,,,,caught,P Coughlin,,,JO Baker,,
1410207,2024,2024-04-19,"Chester Road North Ground, Kidderminster",1,40.3,40.3,Durham,Worcestershire,BA Raine,OG Robinson,JO Holder,0,0,,,,,,,,,,,,,
1410207,2024,2024-04-19,"Chester Road North Ground, Kidderminster",1,40.4,40.4,Durham,Worcestershire,BA Raine,OG Robinson,JO Holder,0,0,,,,,,,,,,,,,
1410207,2024,2024-04-19,"Chester Road North Ground, Kidderminster",1,40.5,40.5,Durham,Worcestershire,BA Raine,OG Robinson,JO Holder,0,0,,,,,,,,,,,,,
1410207,2024,2024-04-19,"Chester Road North Ground, Kidderminster",1,40.6,40.6,Durham,Worcestershire,BA Raine,OG Robinson,JO Holder,0,0,,,,,,,,,,,,,
1410207,2024,2024-04-19,"Chester Road North Ground, Kidderminster",1,41.1,41.1,Durham,Worcestershire,OG Robinson,BA Raine,AW Finch,0,0,,,,,,,,,,,,,
1410207,2024,2024-04-19,"Chester Road North Ground, Kidderminster",1,41.2,41.2,Durham,Worcestershire,OG Robinson,BA Raine,AW Finch,0,0,,,,,,,,,,,,,
1410207,2024,2024-04-19,"Chester Road North Ground, Kidderminster",1,41.3,41.3,Durham,Worcestershire,OG Robinson,BA Raine,AW Finch,1,0,,,,,,,,,,,,,
1410207,2024,2024-04-19,"Chester Road North Ground, Kidderminster",1,41.4,41.4,Durham,Worcestershire,BA Raine,OG Robinson,AW Finch,0,0,,,,,,,,,,,,,
1410207,2024,2024-04-19,"Chester Road North Ground, Kidderminster",1,41.5,41.5,Durham,Worcestershire,BA Raine,OG Robinson,AW Finch,1,0,,,,,,,,,,,,,
1410207,2024,2024-04-19,"Chester Road North Ground, Kidderminster",1,41.6,41.6,Durham,Worcestershire,OG Robinson,BA Raine,AW Finch,0,0,,,,,,,,,,,,,
1410207,2024,2024-04-19,"Chester Road North Ground, Kidderminster",1,42.1,42.1,Durham,Worcestershire,BA Raine,OG Robinson,JO Holder,2,0,,,,,,,,,,,,,
1410207,2024,2024-04-19,"Chester Road North Ground, Kidderminster",1,42.2,42.2,Durham,Worcestershire,BA Raine,OG Robinson,JO Holder,0,0,,,,,,,,,,,,,
1410207,2024,2024-04-19,"Chester Road North Ground, Kidderminster",1,42.3,42.3,Durham,Worcestershire,BA Raine,OG Robinson,JO Holder,4,0,,,,,,,,,,,,,
1410207,2024,2024-04-19,"Chester Road North Ground, Kidderminster",1,42.4,42.4,Durham,Worcestershire,BA Raine,OG Robinson,JO Holder,0,0,,,,,,,,,,,,,
1410207,2024,2024-04-19,"Chester Road North Ground, Kidderminster",1,42.5,42.5,Durham,Worcestershire,BA Raine,OG Robinson,JO Holder,0,0,,,,,,,,,,,,,
1410207,2024,2024-04-19,"Chester Road North Ground, Kidderminster",1,42.6,42.6,Durham,Worcestershire,BA Raine,OG Robinson,JO Holder,1,0,,,,,,,,,,,,,
1410207,2024,2024-04-19,"Chester Road North Ground, Kidderminster",1,43.1,43.1,Durham,Worcestershire,BA Raine,OG Robinson,AW Finch,0,0,,,,,,,,,,,,,
1410207,2024,2024-04-19,"Chester Road North Ground, Kidderminster",1,43.2,43.2,Durham,Worcestershire,BA Raine,OG Robinson,AW Finch,0,0,,,,,,,,,,,,,
1410207,2024,2024-04-19,"Chester Road North Ground, Kidderminster",1,43.3,43.3,Durham,Worcestershire,BA Raine,OG Robinson,AW Finch,0,0,,,,,,,,,,,,,
1410207,2024,2024-04-19,"Chester Road North Ground, Kidderminster",1,43.4,43.4,Durham,Worcestershire,BA Raine,OG Robinson,AW Finch,4,0,,,,,,,,,,,,,
1410207,2024,2024-04-19,"Chester Road North Ground, Kidderminster",1,43.5,43.5,Durham,Worcestershire,BA Raine,OG Robinson,AW Finch,0,0,,,,,,,,,,,,,
1410207,2024,2024-04-19,"Chester Road North Ground, Kidderminster",1,43.6,43.6,Durham,Worcestershire,BA Raine,OG Robinson,AW Finch,4,0,,,,,,,,,,,,,
1410207,2024,2024-04-19,"Chester Road North Ground, Kidderminster",1,44.1,44.1,Durham,Worcestershire,OG Robinson,BA Raine,MJ Waite,4,0,,,,,,,,,,,,,
1410207,2024,2024-04-19,"Chester Road North Ground, Kidderminster",1,44.2,44.2,Durham,Worcestershire,OG Robinson,BA Raine,MJ Waite,6,0,,,,,,,,,,,,,
1410207,2024,2024-04-19,"Chester Road North Ground, Kidderminster",1,44.3,44.3,Durham,Worcestershire,OG Robinson,BA Raine,MJ Waite,0,0,,,,,,,,,,,,,
1410207,2024,2024-04-19,"Chester Road North Ground, Kidderminster",1,44.4,44.4,Durham,Worcestershire,OG Robinson,BA Raine,MJ Waite,0,0,,,,,,,,,,,,,
1410207,2024,2024-04-19,"Chester Road North Ground, Kidderminster",1,44.5,44.5,Durham,Worcestershire,OG Robinson,BA Raine,MJ Waite,6,0,,,,,,,,,,,,,
1410207,2024,2024-04-19,"Chester Road North Ground, Kidderminster",1,44.6,44.6,Durham,Worcestershire,OG Robinson,BA Raine,MJ Waite,0,0,,,,,,,,,,,,,
1410207,2024,2024-04-19,"Chester Road North Ground, Kidderminster",1,45.1,45.1,Durham,Worcestershire,BA Raine,OG Robinson,AW Finch,1,0,,,,,,,,,,,,,
1410207,2024,2024-04-19,"Chester Road North Ground, Kidderminster",1,45.2,45.2,Durham,Worcestershire,OG Robinson,BA Raine,AW Finch,0,0,,,,,,,,,,,,,
1410207,2024,2024-04-19,"Chester Road North Ground, Kidderminster",1,45.3,45.3,Durham,Worcestershire,OG Robinson,BA Raine,AW Finch,1,0,,,,,,,,,,,,,
1410207,2024,2024-04-19,"Chester Road North Ground, Kidderminster",1,45.4,45.4,Durham,Worcestershire,BA Raine,OG Robinson,AW Finch,4,0,,,,,,,,,,,,,
1410207,2024,2024-04-19,"Chester Road North Ground, Kidderminster",1,45.5,45.5,Durham,Worcestershire,BA Raine,OG Robinson,AW Finch,0,0,,,,,,,,,,,,,
1410207,2024,2024-04-19,"Chester Road North Ground, Kidderminster",1,45.6,45.6,Durham,Worcestershire,BA Raine,OG Robinson,AW Finch,0,0,,,,,,,,,,,,,
1410207,2024,2024-04-19,"Chester Road North Ground, Kidderminster",1,46.1,46.1,Durham,Worcestershire,OG Robinson,BA Raine,MJ Waite,2,0,,,,,,,,,,,,,
1410207,2024,2024-04-19,"Chester Road North Ground, Kidderminster",1,46.2,46.2,Durham,Worcestershire,OG Robinson,BA Raine,MJ Waite,0,0,,,,,,,,,,,,,
1410207,2024,2024-04-19,"Chester Road North Ground, Kidderminster",1,46.3,46.3,Durham,Worcestershire,OG Robinson,BA Raine,MJ Waite,0,0,,,,,,,,,,,,,
1410207,2024,2024-04-19,"Chester Road North Ground, Kidderminster",1,46.4,46.4,Durham,Worcestershire,OG Robinson,BA Raine,MJ Waite,0,0,,,,,,,,,,,,,
1410207,2024,2024-04-19,"Chester Road North Ground, Kidderminster",1,46.5,46.5,Durham,Worcestershire,OG Robinson,BA Raine,MJ Waite,4,0,,,,,,,,,,,,,
1410207,2024,2024-04-19,"Chester Road North Ground, Kidderminster",1,46.6,46.6,Durham,Worcestershire,OG Robinson,BA Raine,MJ Waite,0,0,,,,,,,,,,,,,
1410207,2024,2024-04-19,"Chester Road North Ground, Kidderminster",1,47.1,47.1,Durham,Worcestershire,BA Raine,OG Robinson,NG Smith,0,0,,,,,,,,,,,,,
1410207,2024,2024-04-19,"Chester Road North Ground, Kidderminster",1,47.2,47.2,Durham,Worcestershire,BA Raine,OG Robinson,NG Smith,4,0,,,,,,,,,,,,,
1410207,2024,2024-04-19,"Chester Road North Ground, Kidderminster",1,47.3,47.3,Durham,Worcestershire,BA Raine,OG Robinson,NG Smith,0,0,,,,,,,,,,,,,
1410207,2024,2024-04-19,"Chester Road North Ground, Kidderminster",1,47.4,47.4,Durham,Worcestershire,BA Raine,OG Robinson,NG Smith,0,0,,,,,,,,,,,,,
1410207,2024,2024-04-19,"Chester Road North Ground, Kidderminster",1,47.5,47.5,Durham,Worcestershire,BA Raine,OG Robinson,NG Smith,0,4,,,,4,,,,,,,,,
1410207,2024,2024-04-19,"Chester Road North Ground, Kidderminster",1,47.6,47.6,Durham,Worcestershire,BA Raine,OG Robinson,NG Smith,0,0,,,,,,,,,,,,,
1410207,2024,2024-04-19,"Chester Road North Ground, Kidderminster",1,48.1,48.1,Durham,Worcestershire,OG Robinson,BA Raine,MJ Waite,0,0,,,,,,,,,,,,,
1410207,2024,2024-04-19,"Chester Road North Ground, Kidderminster",1,48.2,48.2,Durham,Worcestershire,OG Robinson,BA Raine,MJ Waite,0,0,,,,,,,,,,,,,
1410207,2024,2024-04-19,"Chester Road North Ground, Kidderminster",1,48.3,48.3,Durham,Worcestershire,OG Robinson,BA Raine,MJ Waite,4,0,,,,,,,,,,,,,
1410207,2024,2024-04-19,"Chester Road North Ground, Kidderminster",1,48.4,48.4,Durham,Worcestershire,OG Robinson,BA Raine,MJ Waite,4,0,,,,,,,,,,,,,
1410207,2024,2024-04-19,"Chester Road North Ground, Kidderminster",1,48.5,48.5,Durham,Worcestershire,OG Robinson,BA Raine,MJ Waite,0,0,,,,,,,caught,OG Robinson,,,GH Roderick,,
1410207,2024,2024-04-19,"Chester Road North Ground, Kidderminster",1,48.6,48.6,Durham,Worcestershire,MJ Potts,BA Raine,MJ Waite,0,0,,,,,,,,,,,,,
1410207,2024,2024-04-19,"Chester Road North Ground, Kidderminster",1,49.1,49.1,Durham,Worcestershire,BA Raine,MJ Potts,NG Smith,0,0,,,,,,,,,,,,,
1410207,2024,2024-04-19,"Chester Road North Ground, Kidderminster",1,49.2,49.2,Durham,Worcestershire,BA Raine,MJ Potts,NG Smith,0,0,,,,,,,,,,,,,
1410207,2024,2024-04-19,"Chester Road North Ground, Kidderminster",1,49.3,49.3,Durham,Worcestershire,BA Raine,MJ Potts,NG Smith,0,0,,,,,,,,,,,,,
1410207,2024,2024-04-19,"Chester Road North Ground, Kidderminster",1,49.4,49.4,Durham,Worcestershire,BA Raine,MJ Potts,NG Smith,2,0,,,,,,,,,,,,,
1410207,2024,2024-04-19,"Chester Road North Ground, Kidderminster",1,49.5,49.5,Durham,Worcestershire,BA Raine,MJ Potts,NG Smith,0,0,,,,,,,,,,,,,
1410207,2024,2024-04-19,"Chester Road North Ground, Kidderminster",1,49.6,49.6,Durham,Worcestershire,BA Raine,MJ Potts,NG Smith,0,0,,,,,,,,,,,,,
1410207,2024,2024-04-19,"Chester Road North Ground, Kidderminster",1,50.1,50.1,Durham,Worcestershire,MJ Potts,BA Raine,MJ Waite,0,0,,,,,,,,,,,,,
1410207,2024,2024-04-19,"Chester Road North Ground, Kidderminster",1,50.2,50.2,Durham,Worcestershire,MJ Potts,BA Raine,MJ Waite,0,0,,,,,,,,,,,,,
1410207,2024,2024-04-19,"Chester Road North Ground, Kidderminster",1,50.3,50.3,Durham,Worcestershire,MJ Potts,BA Raine,MJ Waite,2,0,,,,,,,,,,,,,
1410207,2024,2024-04-19,"Chester Road North Ground, Kidderminster",1,50.4,50.4,Durham,Worcestershire,MJ Potts,BA Raine,MJ Waite,1,0,,,,,,,,,,,,,
1410207,2024,2024-04-19,"Chester Road North Ground, Kidderminster",1,50.5,50.5,Durham,Worcestershire,BA Raine,MJ Potts,MJ Waite,2,0,,,,,,,,,,,,,
1410207,2024,2024-04-19,"Chester Road North Ground, Kidderminster",1,50.6,50.6,Durham,Worcestershire,BA Raine,MJ Potts,MJ Waite,1,0,,,,,,,,,,,,,
1410207,2024,2024-04-19,"Chester Road North Ground, Kidderminster",1,51.1,51.1,Durham,Worcestershire,BA Raine,MJ Potts,NG Smith,1,0,,,,,,,,,,,,,
1410207,2024,2024-04-19,"Chester Road North Ground, Kidderminster",1,51.2,51.2,Durham,Worcestershire,MJ Potts,BA Raine,NG Smith,4,0,,,,,,,,,,,,,
1410207,2024,2024-04-19,"Chester Road North Ground, Kidderminster",1,51.3,51.3,Durham,Worcestershire,MJ Potts,BA Raine,NG Smith,0,0,,,,,,,,,,,,,
1410207,2024,2024-04-19,"Chester Road North Ground, Kidderminster",1,51.4,51.4,Durham,Worcestershire,MJ Potts,BA Raine,NG Smith,1,0,,,,,,,,,,,,,
1410207,2024,2024-04-19,"Chester Road North Ground, Kidderminster",1,51.5,51.5,Durham,Worcestershire,BA Raine,MJ Potts,NG Smith,0,0,,,,,,,,,,,,,
1410207,2024,2024-04-19,"Chester Road North Ground, Kidderminster",1,51.6,51.6,Durham,Worcestershire,BA Raine,MJ Potts,NG Smith,0,0,,,,,,,,,,,,,
1410207,2024,2024-04-19,"Chester Road North Ground, Kidderminster",1,52.1,52.1,Durham,Worcestershire,MJ Potts,BA Raine,MJ Waite,0,0,,,,,,,,,,,,,
1410207,2024,2024-04-19,"Chester Road North Ground, Kidderminster",1,52.2,52.2,Durham,Worcestershire,MJ Potts,BA Raine,MJ Waite,4,0,,,,,,,,,,,,,
1410207,2024,2024-04-19,"Chester Road North Ground, Kidderminster",1,52.3,52.3,Durham,Worcestershire,MJ Potts,BA Raine,MJ Waite,0,0,,,,,,,,,,,,,
1410207,2024,2024-04-19,"Chester Road North Ground, Kidderminster",1,52.4,52.4,Durham,Worcestershire,MJ Potts,BA Raine,MJ Waite,0,0,,,,,,,,,,,,,
1410207,2024,2024-04-19,"Chester Road North Ground, Kidderminster",1,52.5,52.5,Durham,Worcestershire,MJ Potts,BA Raine,MJ Waite,0,0,,,,,,,,,,,,,
1410207,2024,2024-04-19,"Chester Road North Ground, Kidderminster",1,52.6,52.6,Durham,Worcestershire,MJ Potts,BA Raine,MJ Waite,1,0,,,,,,,,,,,,,
1410207,2024,2024-04-19,"Chester Road North Ground, Kidderminster",1,53.1,53.1,Durham,Worcestershire,MJ Potts,BA Raine,NG Smith,0,0,,,,,,,,,,,,,
1410207,2024,2024-04-19,"Chester Road North Ground, Kidderminster",1,53.2,53.2,Durham,Worcestershire,MJ Potts,BA Raine,NG Smith,0,0,,,,,,,,,,,,,
1410207,2024,2024-04-19,"Chester Road North Ground, Kidderminster",1,53.3,53.3,Durham,Worcestershire,MJ Potts,BA Raine,NG Smith,0,0,,,,,,,,,,,,,
1410207,2024,2024-04-19,"Chester Road North Ground, Kidderminster",1,53.4,53.4,Durham,Worcestershire,MJ Potts,BA Raine,NG Smith,4,0,,,,,,,,,,,,,
1410207,2024,2024-04-19,"Chester Road North Ground, Kidderminster",1,53.5,53.5,Durham,Worcestershire,MJ Potts,BA Raine,NG Smith,0,0,,,,,,,,,,,,,
1410207,2024,2024-04-19,"Chester Road North Ground, Kidderminster",1,53.6,53.6,Durham,Worcestershire,MJ Potts,BA Raine,NG Smith,0,0,,,,,,,,,,,,,
1410207,2024,2024-04-19,"Chester Road North Ground, Kidderminster",1,54.1,54.1,Durham,Worcestershire,BA Raine,MJ Potts,AW Finch,1,0,,,,,,,,,,,,,
1410207,2024,2024-04-19,"Chester Road North Ground, Kidderminster",1,54.2,54.2,Durham,Worcestershire,MJ Potts,BA Raine,AW Finch,3,0,,,,,,,,,,,,,
1410207,2024,2024-04-19,"Chester Road North Ground, Kidderminster",1,54.3,54.3,Durham,Worcestershire,BA Raine,MJ Potts,AW Finch,0,0,,,,,,,,,,,,,
1410207,2024,2024-04-19,"Chester Road North Ground, Kidderminster",1,54.4,54.4,Durham,Worcestershire,BA Raine,MJ Potts,AW Finch,1,0,,,,,,,,,,,,,
1410207,2024,2024-04-19,"Chester Road North Ground, Kidderminster",1,54.5,54.5,Durham,Worcestershire,MJ Potts,BA Raine,AW Finch,0,0,,,,,,,,,,,,,
1410207,2024,2024-04-19,"Chester Road North Ground, Kidderminster",1,54.6,54.6,Durham,Worcestershire,MJ Potts,BA Raine,AW Finch,0,0,,,,,,,,,,,,,
1410207,2024,2024-04-19,"Chester Road North Ground, Kidderminster",1,55.1,55.1,Durham,Worcestershire,BA Raine,MJ Potts,JO Baker,1,0,,,,,,,,,,,,,
1410207,2024,2024-04-19,"Chester Road North Ground, Kidderminster",1,55.2,55.2,Durham,Worcestershire,MJ Potts,BA Raine,JO Baker,0,0,,,,,,,,,,,,,
1410207,2024,2024-04-19,"Chester Road North Ground, Kidderminster",1,55.3,55.3,Durham,Worcestershire,MJ Potts,BA Raine,JO Baker,1,0,,,,,,,,,,,,,
1410207,2024,2024-04-19,"Chester Road North Ground, Kidderminster",1,55.4,55.4,Durham,Worcestershire,BA Raine,MJ Potts,JO Baker,4,0,,,,,,,,,,,,,
1410207,2024,2024-04-19,"Chester Road North Ground, Kidderminster",1,55.5,55.5,Durham,Worcestershire,BA Raine,MJ Potts,JO Baker,1,0,,,,,,,,,,,,,
1410207,2024,2024-04-19,"Chester Road North Ground, Kidderminster",1,55.6,55.6,Durham,Worcestershire,MJ Potts,BA Raine,JO Baker,0,0,,,,,,,,,,,,,
1410207,2024,2024-04-19,"Chester Road North Ground, Kidderminster",1,56.1,56.1,Durham,Worcestershire,BA Raine,MJ Potts,JO Holder,0,0,,,,,,,,,,,,,
1410207,2024,2024-04-19,"Chester Road North Ground, Kidderminster",1,56.2,56.2,Durham,Worcestershire,BA Raine,MJ Potts,JO Holder,0,0,,,,,,,,,,,,,
1410207,2024,2024-04-19,"Chester Road North Ground, Kidderminster",1,56.3,56.3,Durham,Worcestershire,BA Raine,MJ Potts,JO Holder,0,0,,,,,,,,,,,,,
1410207,2024,2024-04-19,"Chester Road North Ground, Kidderminster",1,56.4,56.4,Durham,Worcestershire,BA Raine,MJ Potts,JO Holder,0,0,,,,,,,,,,,,,
1410207,2024,2024-04-19,"Chester Road North Ground, Kidderminster",1,56.5,56.5,Durham,Worcestershire,BA Raine,MJ Potts,JO Holder,0,0,,,,,,,,,,,,,
1410207,2024,2024-04-19,"Chester Road North Ground, Kidderminster",1,56.6,56.6,Durham,Worcestershire,BA Raine,MJ Potts,JO Holder,0,0,,,,,,,,,,,,,
1410207,2024,2024-04-19,"Chester Road North Ground, Kidderminster",1,57.1,57.1,Durham,Worcestershire,MJ Potts,BA Raine,AW Finch,0,0,,,,,,,,,,,,,
1410207,2024,2024-04-19,"Chester Road North Ground, Kidderminster",1,57.2,57.2,Durham,Worcestershire,MJ Potts,BA Raine,AW Finch,0,0,,,,,,,,,,,,,
1410207,2024,2024-04-19,"Chester Road North Ground, Kidderminster",1,57.3,57.3,Durham,Worcestershire,MJ Potts,BA Raine,AW Finch,0,0,,,,,,,,,,,,,
1410207,2024,2024-04-19,"Chester Road North Ground, Kidderminster",1,57.4,57.4,Durham,Worcestershire,MJ Potts,BA Raine,AW Finch,0,0,,,,,,,,,,,,,
1410207,2024,2024-04-19,"Chester Road North Ground, Kidderminster",1,57.5,57.5,Durham,Worcestershire,MJ Potts,BA Raine,AW Finch,0,0,,,,,,,,,,,,,
1410207,2024,2024-04-19,"Chester Road North Ground, Kidderminster",1,57.6,57.6,Durham,Worcestershire,MJ Potts,BA Raine,AW Finch,0,0,,,,,,,,,,,,,
1410207,2024,2024-04-19,"Chester Road North Ground, Kidderminster",1,58.1,58.1,Durham,Worcestershire,BA Raine,MJ Potts,JO Holder,1,0,,,,,,,,,,,,,
1410207,2024,2024-04-19,"Chester Road North Ground, Kidderminster",1,58.2,58.2,Durham,Worcestershire,MJ Potts,BA Raine,JO Holder,0,0,,,,,,,,,,,,,
1410207,2024,2024-04-19,"Chester Road North Ground, Kidderminster",1,58.3,58.3,Durham,Worcestershire,MJ Potts,BA Raine,JO Holder,0,0,,,,,,,,,,,,,
1410207,2024,2024-04-19,"Chester Road North Ground, Kidderminster",1,58.4,58.4,Durham,Worcestershire,MJ Potts,BA Raine,JO Holder,0,0,,,,,,,,,,,,,
1410207,2024,2024-04-19,"Chester Road North Ground, Kidderminster",1,58.5,58.5,Durham,Worcestershire,MJ Potts,BA Raine,JO Holder,0,0,,,,,,,,,,,,,
1410207,2024,2024-04-19,"Chester Road North Ground, Kidderminster",1,58.6,58.6,Durham,Worcestershire,MJ Potts,BA Raine,JO Holder,0,0,,,,,,,,,,,,,
1410207,2024,2024-04-19,"Chester Road North Ground, Kidderminster",1,59.1,59.1,Durham,Worcestershire,BA Raine,MJ Potts,AW Finch,0,0,,,,,,,,,,,,,
1410207,2024,2024-04-19,"Chester Road North Ground, Kidderminster",1,59.2,59.2,Durham,Worcestershire,BA Raine,MJ Potts,AW Finch,0,0,,,,,,,,,,,,,
1410207,2024,2024-04-19,"Chester Road North Ground, Kidderminster",1,59.3,59.3,Durham,Worcestershire,BA Raine,MJ Potts,AW Finch,1,0,,,,,,,,,,,,,
1410207,2024,2024-04-19,"Chester Road North Ground, Kidderminster",1,59.4,59.4,Durham,Worcestershire,MJ Potts,BA Raine,AW Finch,0,0,,,,,,,,,,,,,
1410207,2024,2024-04-19,"Chester Road North Ground, Kidderminster",1,59.5,59.5,Durham,Worcestershire,MJ Potts,BA Raine,AW Finch,0,0,,,,,,,,,,,,,
1410207,2024,2024-04-19,"Chester Road North Ground, Kidderminster",1,59.6,59.6,Durham,Worcestershire,MJ Potts,BA Raine,AW Finch,0,0,,,,,,,,,,,,,
1410207,2024,2024-04-19,"Chester Road North Ground, Kidderminster",1,60.1,60.1,Durham,Worcestershire,BA Raine,MJ Potts,JO Holder,1,0,,,,,,,,,,,,,
1410207,2024,2024-04-19,"Chester Road North Ground, Kidderminster",1,60.2,60.2,Durham,Worcestershire,MJ Potts,BA Raine,JO Holder,1,0,,,,,,,,,,,,,
1410207,2024,2024-04-19,"Chester Road North Ground, Kidderminster",1,60.3,60.3,Durham,Worcestershire,BA Raine,MJ Potts,JO Holder,0,0,,,,,,,,,,,,,
1410207,2024,2024-04-19,"Chester Road North Ground, Kidderminster",1,60.4,60.4,Durham,Worcestershire,BA Raine,MJ Potts,JO Holder,0,2,,2,,,,,,,,,,,
1410207,2024,2024-04-19,"Chester Road North Ground, Kidderminster",1,60.5,60.4,Durham,Worcestershire,BA Raine,MJ Potts,JO Holder,1,0,,,,,,,,,,,,,
1410207,2024,2024-04-19,"Chester Road North Ground, Kidderminster",1,60.6,60.5,Durham,Worcestershire,MJ Potts,BA Raine,JO Holder,0,0,,,,,,,,,,,,,
1410207,2024,2024-04-19,"Chester Road North Ground, Kidderminster",1,60.7,60.6,Durham,Worcestershire,MJ Potts,BA Raine,JO Holder,0,0,,,,,,,,,,,,,
1410207,2024,2024-04-19,"Chester Road North Ground, Kidderminster",1,61.1,61.1,Durham,Worcestershire,BA Raine,MJ Potts,AW Finch,0,0,,,,,,,caught,BA Raine,,,GH Roderick,,
1410207,2024,2024-04-19,"Chester Road North Ground, Kidderminster",1,61.2,61.2,Durham,Worcestershire,CF Parkinson,MJ Potts,AW Finch,0,0,,,,,,,,,,,,,
1410207,2024,2024-04-19,"Chester Road North Ground, Kidderminster",1,61.3,61.3,Durham,Worcestershire,CF Parkinson,MJ Potts,AW Finch,0,0,,,,,,,lbw,CF Parkinson,,,,,
1410207,2024,2024-04-19,"Chester Road North Ground, Kidderminster",2,0.1,0.1,Worcestershire,Durham,GH Roderick,JD Libby,BA Raine,0,0,,,,,,,,,,,,,
1410207,2024,2024-04-19,"Chester Road North Ground, Kidderminster",2,0.2,0.2,Worcestershire,Durham,GH Roderick,JD Libby,BA Raine,2,0,,,,,,,,,,,,,
1410207,2024,2024-04-19,"Chester Road North Ground, Kidderminster",2,0.3,0.3,Worcestershire,Durham,GH Roderick,JD Libby,BA Raine,0,0,,,,,,,,,,,,,
1410207,2024,2024-04-19,"Chester Road North Ground, Kidderminster",2,0.4,0.4,Worcestershire,Durham,GH Roderick,JD Libby,BA Raine,0,0,,,,,,,caught,GH Roderick,,,OG Robinson,,
1410207,2024,2024-04-19,"Chester Road North Ground, Kidderminster",2,0.5,0.5,Worcestershire,Durham,BL D'Oliveira,JD Libby,BA Raine,0,0,,,,,,,,,,,,,
1410207,2024,2024-04-19,"Chester Road North Ground, Kidderminster",2,0.6,0.6,Worcestershire,Durham,BL D'Oliveira,JD Libby,BA Raine,0,0,,,,,,,,,,,,,
1410207,2024,2024-04-19,"Chester Road North Ground, Kidderminster",2,1.1,1.1,Worcestershire,Durham,JD Libby,BL D'Oliveira,MJ Potts,0,0,,,,,,,,,,,,,
1410207,2024,2024-04-19,"Chester Road North Ground, Kidderminster",2,1.2,1.2,Worcestershire,Durham,JD Libby,BL D'Oliveira,MJ Potts,4,0,,,,,,,,,,,,,
1410207,2024,2024-04-19,"Chester Road North Ground, Kidderminster",2,1.3,1.3,Worcestershire,Durham,JD Libby,BL D'Oliveira,MJ Potts,0,0,,,,,,,,,,,,,
1410207,2024,2024-04-19,"Chester Road North Ground, Kidderminster",2,1.4,1.4,Worcestershire,Durham,JD Libby,BL D'Oliveira,MJ Potts,0,0,,,,,,,,,,,,,
1410207,2024,2024-04-19,"Chester Road North Ground, Kidderminster",2,1.5,1.5,Worcestershire,Durham,JD Libby,BL D'Oliveira,MJ Potts,0,0,,,,,,,,,,,,,
1410207,2024,2024-04-19,"Chester Road North Ground, Kidderminster",2,1.6,1.6,Worcestershire,Durham,JD Libby,BL D'Oliveira,MJ Potts,0,0,,,,,,,,,,,,,
1410207,2024,2024-04-19,"Chester Road North Ground, Kidderminster",2,2.1,2.1,Worcestershire,Durham,BL D'Oliveira,JD Libby,BA Raine,0,0,,,,,,,,,,,,,
1410207,2024,2024-04-19,"Chester Road North Ground, Kidderminster",2,2.2,2.2,Worcestershire,Durham,BL D'Oliveira,JD Libby,BA Raine,0,0,,,,,,,,,,,,,
1410207,2024,2024-04-19,"Chester Road North Ground, Kidderminster",2,2.3,2.3,Worcestershire,Durham,BL D'Oliveira,JD Libby,BA Raine,0,0,,,,,,,,,,,,,
1410207,2024,2024-04-19,"Chester Road North Ground, Kidderminster",2,2.4,2.4,Worcestershire,Durham,BL D'Oliveira,JD Libby,BA Raine,0,0,,,,,,,,,,,,,
1410207,2024,2024-04-19,"Chester Road North Ground, Kidderminster",2,2.5,2.5,Worcestershire,Durham,BL D'Oliveira,JD Libby,BA Raine,0,0,,,,,,,,,,,,,
1410207,2024,2024-04-19,"Chester Road North Ground, Kidderminster",2,2.6,2.6,Worcestershire,Durham,BL D'Oliveira,JD Libby,BA Raine,0,0,,,,,,,,,,,,,
1410207,2024,2024-04-19,"Chester Road North Ground, Kidderminster",2,3.1,3.1,Worcestershire,Durham,JD Libby,BL D'Oliveira,MJ Potts,0,0,,,,,,,,,,,,,
1410207,2024,2024-04-19,"Chester Road North Ground, Kidderminster",2,3.2,3.2,Worcestershire,Durham,JD Libby,BL D'Oliveira,MJ Potts,2,0,,,,,,,,,,,,,
1410207,2024,2024-04-19,"Chester Road North Ground, Kidderminster",2,3.3,3.3,Worcestershire,Durham,JD Libby,BL D'Oliveira,MJ Potts,1,0,,,,,,,,,,,,,
1410207,2024,2024-04-19,"Chester Road North Ground, Kidderminster",2,3.4,3.4,Worcestershire,Durham,BL D'Oliveira,JD Libby,MJ Potts,0,0,,,,,,,,,,,,,
1410207,2024,2024-04-19,"Chester Road North Ground, Kidderminster",2,3.5,3.5,Worcestershire,Durham,BL D'Oliveira,JD Libby,MJ Potts,0,0,,,,,,,,,,,,,
1410207,2024,2024-04-19,"Chester Road North Ground, Kidderminster",2,3.6,3.6,Worcestershire,Durham,BL D'Oliveira,JD Libby,MJ Potts,0,0,,,,,,,bowled,BL D'Oliveira,,,,,
1410207,2024,2024-04-19,"Chester Road North Ground, Kidderminster",2,4.1,4.1,Worcestershire,Durham,JD Libby,RP Jones,BA Raine,0,0,,,,,,,,,,,,,
1410207,2024,2024-04-19,"Chester Road North Ground, Kidderminster",2,4.2,4.2,Worcestershire,Durham,JD Libby,RP Jones,BA Raine,0,0,,,,,,,,,,,,,
1410207,2024,2024-04-19,"Chester Road North Ground, Kidderminster",2,4.3,4.3,Worcestershire,Durham,JD Libby,RP Jones,BA Raine,1,0,,,,,,,,,,,,,
1410207,2024,2024-04-19,"Chester Road North Ground, Kidderminster",2,4.4,4.4,Worcestershire,Durham,RP Jones,JD Libby,BA Raine,0,0,,,,,,,,,,,,,
1410207,2024,2024-04-19,"Chester Road North Ground, Kidderminster",2,4.5,4.5,Worcestershire,Durham,RP Jones,JD Libby,BA Raine,0,0,,,,,,,,,,,,,
1410207,2024,2024-04-19,"Chester Road North Ground, Kidderminster",2,4.6,4.6,Worcestershire,Durham,RP Jones,JD Libby,BA Raine,2,0,,,,,,,,,,,,,
1410207,2024,2024-04-19,"Chester Road North Ground, Kidderminster",2,5.1,5.1,Worcestershire,Durham,JD Libby,RP Jones,MJ Potts,0,0,,,,,,,,,,,,,
1410207,2024,2024-04-19,"Chester Road North Ground, Kidderminster",2,5.2,5.2,Worcestershire,Durham,JD Libby,RP Jones,MJ Potts,0,0,,,,,,,,,,,,,
1410207,2024,2024-04-19,"Chester Road North Ground, Kidderminster",2,5.3,5.3,Worcestershire,Durham,JD Libby,RP Jones,MJ Potts,0,0,,,,,,,,,,,,,
1410207,2024,2024-04-19,"Chester Road North Ground, Kidderminster",2,5.4,5.4,Worcestershire,Durham,JD Libby,RP Jones,MJ Potts,1,0,,,,,,,,,,,,,
1410207,2024,2024-04-19,"Chester Road North Ground, Kidderminster",2,5.5,5.5,Worcestershire,Durham,RP Jones,JD Libby,MJ Potts,0,0,,,,,,,,,,,,,
1410207,2024,2024-04-19,"Chester Road North Ground, Kidderminster",2,5.6,5.6,Worcestershire,Durham,RP Jones,JD Libby,MJ Potts,0,0,,,,,,,,,,,,,
1410207,2024,2024-04-19,"Chester Road North Ground, Kidderminster",2,6.1,6.1,Worcestershire,Durham,JD Libby,RP Jones,BA Raine,0,0,,,,,,,,,,,,,
1410207,2024,2024-04-19,"Chester Road North Ground, Kidderminster",2,6.2,6.2,Worcestershire,Durham,JD Libby,RP Jones,BA Raine,0,0,,,,,,,,,,,,,
1410207,2024,2024-04-19,"Chester Road North Ground, Kidderminster",2,6.3,6.3,Worcestershire,Durham,JD Libby,RP Jones,BA Raine,0,0,,,,,,,,,,,,,
1410207,2024,2024-04-19,"Chester Road North Ground, Kidderminster",2,6.4,6.4,Worcestershire,Durham,JD Libby,RP Jones,BA Raine,0,0,,,,,,,,,,,,,
1410207,2024,2024-04-19,"Chester Road North Ground, Kidderminster",2,6.5,6.5,Worcestershire,Durham,JD Libby,RP Jones,BA Raine,0,0,,,,,,,,,,,,,
1410207,2024,2024-04-19,"Chester Road North Ground, Kidderminster",2,6.6,6.6,Worcestershire,Durham,JD Libby,RP Jones,BA Raine,0,0,,,,,,,,,,,,,
1410207,2024,2024-04-19,"Chester Road North Ground, Kidderminster",2,7.1,7.1,Worcestershire,Durham,RP Jones,JD Libby,MJ Potts,0,0,,,,,,,,,,,,,
1410207,2024,2024-04-19,"Chester Road North Ground, Kidderminster",2,7.2,7.2,Worcestershire,Durham,RP Jones,JD Libby,MJ Potts,1,0,,,,,,,,,,,,,
1410207,2024,2024-04-19,"Chester Road North Ground, Kidderminster",2,7.3,7.3,Worcestershire,Durham,JD Libby,RP Jones,MJ Potts,0,0,,,,,,,,,,,,,
1410207,2024,2024-04-19,"Chester Road North Ground, Kidderminster",2,7.4,7.4,Worcestershire,Durham,JD Libby,RP Jones,MJ Potts,1,0,,,,,,,,,,,,,
1410207,2024,2024-04-19,"Chester Road North Ground, Kidderminster",2,7.5,7.5,Worcestershire,Durham,RP Jones,JD Libby,MJ Potts,1,0,,,,,,,,,,,,,
1410207,2024,2024-04-19,"Chester Road North Ground, Kidderminster",2,7.6,7.6,Worcestershire,Durham,JD Libby,RP Jones,MJ Potts,0,0,,,,,,,,,,,,,
1410207,2024,2024-04-19,"Chester Road North Ground, Kidderminster",2,8.1,8.1,Worcestershire,Durham,RP Jones,JD Libby,BA Raine,0,0,,,,,,,,,,,,,
1410207,2024,2024-04-19,"Chester Road North Ground, Kidderminster",2,8.2,8.2,Worcestershire,Durham,RP Jones,JD Libby,BA Raine,0,0,,,,,,,,,,,,,
1410207,2024,2024-04-19,"Chester Road North Ground, Kidderminster",2,8.3,8.3,Worcestershire,Durham,RP Jones,JD Libby,BA Raine,0,0,,,,,,,,,,,,,
1410207,2024,2024-04-19,"Chester Road North Ground, Kidderminster",2,8.4,8.4,Worcestershire,Durham,RP Jones,JD Libby,BA Raine,4,0,,,,,,,,,,,,,
1410207,2024,2024-04-19,"Chester Road North Ground, Kidderminster",2,8.5,8.5,Worcestershire,Durham,RP Jones,JD Libby,BA Raine,0,0,,,,,,,,,,,,,
1410207,2024,2024-04-19,"Chester Road North Ground, Kidderminster",2,8.6,8.6,Worcestershire,Durham,RP Jones,JD Libby,BA Raine,0,0,,,,,,,,,,,,,
1410207,2024,2024-04-19,"Chester Road North Ground, Kidderminster",2,9.1,9.1,Worcestershire,Durham,JD Libby,RP Jones,MJ Potts,0,0,,,,,,,,,,,,,
1410207,2024,2024-04-19,"Chester Road North Ground, Kidderminster",2,9.2,9.2,Worcestershire,Durham,JD Libby,RP Jones,MJ Potts,0,0,,,,,,,,,,,,,
1410207,2024,2024-04-19,"Chester Road North Ground, Kidderminster",2,9.3,9.3,Worcestershire,Durham,JD Libby,RP Jones,MJ Potts,0,0,,,,,,,,,,,,,
1410207,2024,2024-04-19,"Chester Road North Ground, Kidderminster",2,9.4,9.4,Worcestershire,Durham,JD Libby,RP Jones,MJ Potts,4,0,,,,,,,,,,,,,
1410207,2024,2024-04-19,"Chester Road North Ground, Kidderminster",2,9.5,9.5,Worcestershire,Durham,JD Libby,RP Jones,MJ Potts,0,0,,,,,,,,,,,,,
1410207,2024,2024-04-19,"Chester Road North Ground, Kidderminster",2,9.6,9.6,Worcestershire,Durham,JD Libby,RP Jones,MJ Potts,0,0,,,,,,,,,,,,,
1410207,2024,2024-04-19,"Chester Road North Ground, Kidderminster",2,10.1,10.1,Worcestershire,Durham,RP Jones,JD Libby,BFW de Leede,0,0,,,,,,,,,,,,,
1410207,2024,2024-04-19,"Chester Road North Ground, Kidderminster",2,10.2,10.2,Worcestershire,Durham,RP Jones,JD Libby,BFW de Leede,0,2,,2,,,,,,,,,,,
1410207,2024,2024-04-19,"Chester Road North Ground, Kidderminster",2,10.3,10.2,Worcestershire,Durham,RP Jones,JD Libby,BFW de Leede,0,0,,,,,,,,,,,,,
1410207,2024,2024-04-19,"Chester Road North Ground, Kidderminster",2,10.4,10.3,Worcestershire,Durham,RP Jones,JD Libby,BFW de Leede,0,0,,,,,,,,,,,,,
1410207,2024,2024-04-19,"Chester Road North Ground, Kidderminster",2,10.5,10.4,Worcestershire,Durham,RP Jones,JD Libby,BFW de Leede,0,0,,,,,,,,,,,,,
1410207,2024,2024-04-19,"Chester Road North Ground, Kidderminster",2,10.6,10.5,Worcestershire,Durham,RP Jones,JD Libby,BFW de Leede,0,0,,,,,,,,,,,,,
1410207,2024,2024-04-19,"Chester Road North Ground, Kidderminster",2,10.7,10.6,Worcestershire,Durham,RP Jones,JD Libby,BFW de Leede,4,0,,,,,,,,,,,,,
1410207,2024,2024-04-19,"Chester Road North Ground, Kidderminster",2,11.1,11.1,Worcestershire,Durham,JD Libby,RP Jones,P Coughlin,0,0,,,,,,,,,,,,,
1410207,2024,2024-04-19,"Chester Road North Ground, Kidderminster",2,11.2,11.2,Worcestershire,Durham,JD Libby,RP Jones,P Coughlin,0,0,,,,,,,,,,,,,
1410207,2024,2024-04-19,"Chester Road North Ground, Kidderminster",2,11.3,11.3,Worcestershire,Durham,JD Libby,RP Jones,P Coughlin,1,0,,,,,,,,,,,,,
1410207,2024,2024-04-19,"Chester Road North Ground, Kidderminster",2,11.4,11.4,Worcestershire,Durham,RP Jones,JD Libby,P Coughlin,0,0,,,,,,,,,,,,,
1410207,2024,2024-04-19,"Chester Road North Ground, Kidderminster",2,11.5,11.5,Worcestershire,Durham,RP Jones,JD Libby,P Coughlin,0,0,,,,,,,,,,,,,
1410207,2024,2024-04-19,"Chester Road North Ground, Kidderminster",2,11.6,11.6,Worcestershire,Durham,RP Jones,JD Libby,P Coughlin,4,0,,,,,,,,,,,,,
1410207,2024,2024-04-19,"Chester Road North Ground, Kidderminster",2,12.1,12.1,Worcestershire,Durham,JD Libby,RP Jones,BFW de Leede,0,0,,,,,,,,,,,,,
1410207,2024,2024-04-19,"Chester Road North Ground, Kidderminster",2,12.2,12.2,Worcestershire,Durham,JD Libby,RP Jones,BFW de Leede,1,0,,,,,,,,,,,,,
1410207,2024,2024-04-19,"Chester Road North Ground, Kidderminster",2,12.3,12.3,Worcestershire,Durham,RP Jones,JD Libby,BFW de Leede,0,0,,,,,,,,,,,,,
1410207,2024,2024-04-19,"Chester Road North Ground, Kidderminster",2,12.4,12.4,Worcestershire,Durham,RP Jones,JD Libby,BFW de Leede,1,0,,,,,,,,,,,,,
1410207,2024,2024-04-19,"Chester Road North Ground, Kidderminster",2,12.5,12.5,Worcestershire,Durham,JD Libby,RP Jones,BFW de Leede,0,0,,,,,,,,,,,,,
1410207,2024,2024-04-19,"Chester Road North Ground, Kidderminster",2,12.6,12.6,Worcestershire,Durham,JD Libby,RP Jones,BFW de Leede,0,0,,,,,,,,,,,,,
1410207,2024,2024-04-19,"Chester Road North Ground, Kidderminster",2,13.1,13.1,Worcestershire,Durham,RP Jones,JD Libby,P Coughlin,0,0,,,,,,,,,,,,,
1410207,2024,2024-04-19,"Chester Road North Ground, Kidderminster",2,13.2,13.2,Worcestershire,Durham,RP Jones,JD Libby,P Coughlin,1,0,,,,,,,,,,,,,
1410207,2024,2024-04-19,"Chester Road North Ground, Kidderminster",2,13.3,13.3,Worcestershire,Durham,JD Libby,RP Jones,P Coughlin,0,0,,,,,,,,,,,,,
1410207,2024,2024-04-19,"Chester Road North Ground, Kidderminster",2,13.4,13.4,Worcestershire,Durham,JD Libby,RP Jones,P Coughlin,4,0,,,,,,,,,,,,,
1410207,2024,2024-04-19,"Chester Road North Ground, Kidderminster",2,13.5,13.5,Worcestershire,Durham,JD Libby,RP Jones,P Coughlin,0,0,,,,,,,,,,,,,
1410207,2024,2024-04-19,"Chester Road North Ground, Kidderminster",2,13.6,13.6,Worcestershire,Durham,JD Libby,RP Jones,P Coughlin,0,0,,,,,,,,,,,,,
1410207,2024,2024-04-19,"Chester Road North Ground, Kidderminster",2,14.1,14.1,Worcestershire,Durham,RP Jones,JD Libby,BFW de Leede,0,0,,,,,,,,,,,,,
1410207,2024,2024-04-19,"Chester Road North Ground, Kidderminster",2,14.2,14.2,Worcestershire,Durham,RP Jones,JD Libby,BFW de Leede,0,0,,,,,,,,,,,,,
1410207,2024,2024-04-19,"Chester Road North Ground, Kidderminster",2,14.3,14.3,Worcestershire,Durham,RP Jones,JD Libby,BFW de Leede,1,0,,,,,,,,,,,,,
1410207,2024,2024-04-19,"Chester Road North Ground, Kidderminster",2,14.4,14.4,Worcestershire,Durham,JD Libby,RP Jones,BFW de Leede,1,0,,,,,,,,,,,,,
1410207,2024,2024-04-19,"Chester Road North Ground, Kidderminster",2,14.5,14.5,Worcestershire,Durham,RP Jones,JD Libby,BFW de Leede,0,0,,,,,,,,,,,,,
1410207,2024,2024-04-19,"Chester Road North Ground, Kidderminster",2,14.6,14.6,Worcestershire,Durham,RP Jones,JD Libby,BFW de Leede,0,0,,,,,,,,,,,,,
1410207,2024,2024-04-19,"Chester Road North Ground, Kidderminster",2,15.1,15.1,Worcestershire,Durham,JD Libby,RP Jones,P Coughlin,4,0,,,,,,,,,,,,,
1410207,2024,2024-04-19,"Chester Road North Ground, Kidderminster",2,15.2,15.2,Worcestershire,Durham,JD Libby,RP Jones,P Coughlin,4,0,,,,,,,,,,,,,
1410207,2024,2024-04-19,"Chester Road North Ground, Kidderminster",2,15.3,15.3,Worcestershire,Durham,JD Libby,RP Jones,P Coughlin,0,0,,,,,,,,,,,,,
1410207,2024,2024-04-19,"Chester Road North Ground, Kidderminster",2,15.4,15.4,Worcestershire,Durham,JD Libby,RP Jones,P Coughlin,0,0,,,,,,,,,,,,,
1410207,2024,2024-04-19,"Chester Road North Ground, Kidderminster",2,15.5,15.5,Worcestershire,Durham,JD Libby,RP Jones,P Coughlin,0,0,,,,,,,,,,,,,
1410207,2024,2024-04-19,"Chester Road North Ground, Kidderminster",2,15.6,15.6,Worcestershire,Durham,JD Libby,RP Jones,P Coughlin,0,0,,,,,,,,,,,,,
1410207,2024,2024-04-19,"Chester Road North Ground, Kidderminster",2,16.1,16.1,Worcestershire,Durham,RP Jones,JD Libby,BFW de Leede,0,0,,,,,,,,,,,,,
1410207,2024,2024-04-19,"Chester Road North Ground, Kidderminster",2,16.2,16.2,Worcestershire,Durham,RP Jones,JD Libby,BFW de Leede,4,0,,,,,,,,,,,,,
1410207,2024,2024-04-19,"Chester Road North Ground, Kidderminster",2,16.3,16.3,Worcestershire,Durham,RP Jones,JD Libby,BFW de Leede,4,0,,,,,,,,,,,,,
1410207,2024,2024-04-19,"Chester Road North Ground, Kidderminster",2,16.4,16.4,Worcestershire,Durham,RP Jones,JD Libby,BFW de Leede,1,0,,,,,,,,,,,,,
1410207,2024,2024-04-19,"Chester Road North Ground, Kidderminster",2,16.5,16.5,Worcestershire,Durham,JD Libby,RP Jones,BFW de Leede,1,0,,,,,,,,,,,,,
1410207,2024,2024-04-19,"Chester Road North Ground, Kidderminster",2,16.6,16.6,Worcestershire,Durham,RP Jones,JD Libby,BFW de Leede,4,0,,,,,,,,,,,,,
1410207,2024,2024-04-19,"Chester Road North Ground, Kidderminster",2,17.1,17.1,Worcestershire,Durham,JD Libby,RP Jones,P Coughlin,1,0,,,,,,,,,,,,,
1410207,2024,2024-04-19,"Chester Road North Ground, Kidderminster",2,17.2,17.2,Worcestershire,Durham,RP Jones,JD Libby,P Coughlin,0,0,,,,,,,,,,,,,
1410207,2024,2024-04-19,"Chester Road North Ground, Kidderminster",2,17.3,17.3,Worcestershire,Durham,RP Jones,JD Libby,P Coughlin,0,0,,,,,,,,,,,,,
1410207,2024,2024-04-19,"Chester Road North Ground, Kidderminster",2,17.4,17.4,Worcestershire,Durham,RP Jones,JD Libby,P Coughlin,0,2,,2,,,,,,,,,,,
1410207,2024,2024-04-19,"Chester Road North Ground, Kidderminster",2,17.5,17.4,Worcestershire,Durham,RP Jones,JD Libby,P Coughlin,0,0,,,,,,,,,,,,,
1410207,2024,2024-04-19,"Chester Road North Ground, Kidderminster",2,17.6,17.5,Worcestershire,Durham,RP Jones,JD Libby,P Coughlin,0,0,,,,,,,lbw,RP Jones,,,,,
1410207,2024,2024-04-19,"Chester Road North Ground, Kidderminster",2,17.7,17.6,Worcestershire,Durham,AJ Hose,JD Libby,P Coughlin,1,0,,,,,,,,,,,,,
1410207,2024,2024-04-19,"Chester Road North Ground, Kidderminster",2,18.1,18.1,Worcestershire,Durham,AJ Hose,JD Libby,BA Raine,0,0,,,,,,,,,,,,,
1410207,2024,2024-04-19,"Chester Road North Ground, Kidderminster",2,18.2,18.2,Worcestershire,Durham,AJ Hose,JD Libby,BA Raine,0,0,,,,,,,,,,,,,
1410207,2024,2024-04-19,"Chester Road North Ground, Kidderminster",2,18.3,18.3,Worcestershire,Durham,AJ Hose,JD Libby,BA Raine,0,0,,,,,,,,,,,,,
1410207,2024,2024-04-19,"Chester Road North Ground, Kidderminster",2,18.4,18.4,Worcestershire,Durham,AJ Hose,JD Libby,BA Raine,0,0,,,,,,,,,,,,,
1410207,2024,2024-04-19,"Chester Road North Ground, Kidderminster",2,18.5,18.5,Worcestershire,Durham,AJ Hose,JD Libby,BA Raine,0,0,,,,,,,,,,,,,
1410207,2024,2024-04-19,"Chester Road North Ground, Kidderminster",2,18.6,18.6,Worcestershire,Durham,AJ Hose,JD Libby,BA Raine,0,0,,,,,,,,,,,,,
1410207,2024,2024-04-19,"Chester Road North Ground, Kidderminster",2,19.1,19.1,Worcestershire,Durham,JD Libby,AJ Hose,P Coughlin,0,0,,,,,,,,,,,,,
1410207,2024,2024-04-19,"Chester Road North Ground, Kidderminster",2,19.2,19.2,Worcestershire,Durham,JD Libby,AJ Hose,P Coughlin,1,0,,,,,,,,,,,,,
1410207,2024,2024-04-19,"Chester Road North Ground, Kidderminster",2,19.3,19.3,Worcestershire,Durham,AJ Hose,JD Libby,P Coughlin,0,0,,,,,,,,,,,,,
1410207,2024,2024-04-19,"Chester Road North Ground, Kidderminster",2,19.4,19.4,Worcestershire,Durham,AJ Hose,JD Libby,P Coughlin,4,0,,,,,,,,,,,,,
1410207,2024,2024-04-19,"Chester Road North Ground, Kidderminster",2,19.5,19.5,Worcestershire,Durham,AJ Hose,JD Libby,P Coughlin,0,0,,,,,,,,,,,,,
1410207,2024,2024-04-19,"Chester Road North Ground, Kidderminster",2,19.6,19.6,Worcestershire,Durham,AJ Hose,JD Libby,P Coughlin,0,0,,,,,,,,,,,,,
1410207,2024,2024-04-19,"Chester Road North Ground, Kidderminster",2,20.1,20.1,Worcestershire,Durham,JD Libby,AJ Hose,BA Raine,0,0,,,,,,,,,,,,,
1410207,2024,2024-04-19,"Chester Road North Ground, Kidderminster",2,20.2,20.2,Worcestershire,Durham,JD Libby,AJ Hose,BA Raine,0,0,,,,,,,,,,,,,
1410207,2024,2024-04-19,"Chester Road North Ground, Kidderminster",2,20.3,20.3,Worcestershire,Durham,JD Libby,AJ Hose,BA Raine,0,0,,,,,,,,,,,,,
1410207,2024,2024-04-19,"Chester Road North Ground, Kidderminster",2,20.4,20.4,Worcestershire,Durham,JD Libby,AJ Hose,BA Raine,0,0,,,,,,,,,,,,,
1410207,2024,2024-04-19,"Chester Road North Ground, Kidderminster",2,20.5,20.5,Worcestershire,Durham,JD Libby,AJ Hose,BA Raine,0,0,,,,,,,,,,,,,
1410207,2024,2024-04-19,"Chester Road North Ground, Kidderminster",2,20.6,20.6,Worcestershire,Durham,JD Libby,AJ Hose,BA Raine,0,0,,,,,,,,,,,,,
1410207,2024,2024-04-19,"Chester Road North Ground, Kidderminster",2,21.1,21.1,Worcestershire,Durham,AJ Hose,JD Libby,P Coughlin,0,0,,,,,,,,,,,,,
1410207,2024,2024-04-19,"Chester Road North Ground, Kidderminster",2,21.2,21.2,Worcestershire,Durham,AJ Hose,JD Libby,P Coughlin,0,0,,,,,,,,,,,,,
1410207,2024,2024-04-19,"Chester Road North Ground, Kidderminster",2,21.3,21.3,Worcestershire,Durham,AJ Hose,JD Libby,P Coughlin,0,0,,,,,,,,,,,,,
1410207,2024,2024-04-19,"Chester Road North Ground, Kidderminster",2,21.4,21.4,Worcestershire,Durham,AJ Hose,JD Libby,P Coughlin,0,0,,,,,,,bowled,AJ Hose,,,,,
1410207,2024,2024-04-19,"Chester Road North Ground, Kidderminster",2,21.5,21.5,Worcestershire,Durham,JO Holder,JD Libby,P Coughlin,0,0,,,,,,,,,,,,,
1410207,2024,2024-04-19,"Chester Road North Ground, Kidderminster",2,21.6,21.6,Worcestershire,Durham,JO Holder,JD Libby,P Coughlin,0,0,,,,,,,,,,,,,
1410207,2024,2024-04-19,"Chester Road North Ground, Kidderminster",2,22.1,22.1,Worcestershire,Durham,JD Libby,JO Holder,BA Raine,1,0,,,,,,,,,,,,,
1410207,2024,2024-04-19,"Chester Road North Ground, Kidderminster",2,22.2,22.2,Worcestershire,Durham,JO Holder,JD Libby,BA Raine,0,0,,,,,,,,,,,,,
1410207,2024,2024-04-19,"Chester Road North Ground, Kidderminster",2,22.3,22.3,Worcestershire,Durham,JO Holder,JD Libby,BA Raine,0,0,,,,,,,,,,,,,
1410207,2024,2024-04-19,"Chester Road North Ground, Kidderminster",2,22.4,22.4,Worcestershire,Durham,JO Holder,JD Libby,BA Raine,0,0,,,,,,,,,,,,,
1410207,2024,2024-04-19,"Chester Road North Ground, Kidderminster",2,22.5,22.5,Worcestershire,Durham,JO Holder,JD Libby,BA Raine,0,0,,,,,,,,,,,,,
1410207,2024,2024-04-19,"Chester Road North Ground, Kidderminster",2,22.6,22.6,Worcestershire,Durham,JO Holder,JD Libby,BA Raine,0,0,,,,,,,,,,,,,
1410207,2024,2024-04-19,"Chester Road North Ground, Kidderminster",2,23.1,23.1,Worcestershire,Durham,JD Libby,JO Holder,MJ Potts,0,0,,,,,,,,,,,,,
1410207,2024,2024-04-19,"Chester Road North Ground, Kidderminster",2,23.2,23.2,Worcestershire,Durham,JD Libby,JO Holder,MJ Potts,0,0,,,,,,,,,,,,,
1410207,2024,2024-04-19,"Chester Road North Ground, Kidderminster",2,23.3,23.3,Worcestershire,Durham,JD Libby,JO Holder,MJ Potts,0,0,,,,,,,,,,,,,
1410207,2024,2024-04-19,"Chester Road North Ground, Kidderminster",2,23.4,23.4,Worcestershire,Durham,JD Libby,JO Holder,MJ Potts,0,0,,,,,,,,,,,,,
1410207,2024,2024-04-19,"Chester Road North Ground, Kidderminster",2,23.5,23.5,Worcestershire,Durham,JD Libby,JO Holder,MJ Potts,0,0,,,,,,,,,,,,,
1410207,2024,2024-04-19,"Chester Road North Ground, Kidderminster",2,23.6,23.6,Worcestershire,Durham,JD Libby,JO Holder,MJ Potts,0,0,,,,,,,,,,,,,
1410207,2024,2024-04-19,"Chester Road North Ground, Kidderminster",2,24.1,24.1,Worcestershire,Durham,JO Holder,JD Libby,BA Raine,0,0,,,,,,,,,,,,,
1410207,2024,2024-04-19,"Chester Road North Ground, Kidderminster",2,24.2,24.2,Worcestershire,Durham,JO Holder,JD Libby,BA Raine,0,0,,,,,,,,,,,,,
1410207,2024,2024-04-19,"Chester Road North Ground, Kidderminster",2,24.3,24.3,Worcestershire,Durham,JO Holder,JD Libby,BA Raine,0,0,,,,,,,,,,,,,
1410207,2024,2024-04-19,"Chester Road North Ground, Kidderminster",2,24.4,24.4,Worcestershire,Durham,JO Holder,JD Libby,BA Raine,0,0,,,,,,,,,,,,,
1410207,2024,2024-04-19,"Chester Road North Ground, Kidderminster",2,24.5,24.5,Worcestershire,Durham,JO Holder,JD Libby,BA Raine,0,0,,,,,,,,,,,,,
1410207,2024,2024-04-19,"Chester Road North Ground, Kidderminster",2,24.6,24.6,Worcestershire,Durham,JO Holder,JD Libby,BA Raine,0,0,,,,,,,,,,,,,
1410207,2024,2024-04-19,"Chester Road North Ground, Kidderminster",2,25.1,25.1,Worcestershire,Durham,JD Libby,JO Holder,MJ Potts,2,0,,,,,,,,,,,,,
1410207,2024,2024-04-19,"Chester Road North Ground, Kidderminster",2,25.2,25.2,Worcestershire,Durham,JD Libby,JO Holder,MJ Potts,0,0,,,,,,,,,,,,,
1410207,2024,2024-04-19,"Chester Road North Ground, Kidderminster",2,25.3,25.3,Worcestershire,Durham,JD Libby,JO Holder,MJ Potts,0,0,,,,,,,,,,,,,
1410207,2024,2024-04-19,"Chester Road North Ground, Kidderminster",2,25.4,25.4,Worcestershire,Durham,JD Libby,JO Holder,MJ Potts,0,0,,,,,,,,,,,,,
1410207,2024,2024-04-19,"Chester Road North Ground, Kidderminster",2,25.5,25.5,Worcestershire,Durham,JD Libby,JO Holder,MJ Potts,0,0,,,,,,,,,,,,,
1410207,2024,2024-04-19,"Chester Road North Ground, Kidderminster",2,25.6,25.6,Worcestershire,Durham,JD Libby,JO Holder,MJ Potts,0,0,,,,,,,,,,,,,
1410207,2024,2024-04-19,"Chester Road North Ground, Kidderminster",2,26.1,26.1,Worcestershire,Durham,JO Holder,JD Libby,BA Raine,0,0,,,,,,,,,,,,,
1410207,2024,2024-04-19,"Chester Road North Ground, Kidderminster",2,26.2,26.2,Worcestershire,Durham,JO Holder,JD Libby,BA Raine,4,0,,,,,,,,,,,,,
1410207,2024,2024-04-19,"Chester Road North Ground, Kidderminster",2,26.3,26.3,Worcestershire,Durham,JO Holder,JD Libby,BA Raine,0,0,,,,,,,,,,,,,
1410207,2024,2024-04-19,"Chester Road North Ground, Kidderminster",2,26.4,26.4,Worcestershire,Durham,JO Holder,JD Libby,BA Raine,0,0,,,,,,,,,,,,,
1410207,2024,2024-04-19,"Chester Road North Ground, Kidderminster",2,26.5,26.5,Worcestershire,Durham,JO Holder,JD Libby,BA Raine,0,0,,,,,,,,,,,,,
1410207,2024,2024-04-19,"Chester Road North Ground, Kidderminster",2,26.6,26.6,Worcestershire,Durham,JO Holder,JD Libby,BA Raine,0,0,,,,,,,,,,,,,
1410207,2024,2024-04-19,"Chester Road North Ground, Kidderminster",2,27.1,27.1,Worcestershire,Durham,JD Libby,JO Holder,MJ Potts,0,0,,,,,,,,,,,,,
1410207,2024,2024-04-19,"Chester Road North Ground, Kidderminster",2,27.2,27.2,Worcestershire,Durham,JD Libby,JO Holder,MJ Potts,0,0,,,,,,,,,,,,,
1410207,2024,2024-04-19,"Chester Road North Ground, Kidderminster",2,27.3,27.3,Worcestershire,Durham,JD Libby,JO Holder,MJ Potts,0,0,,,,,,,,,,,,,
1410207,2024,2024-04-19,"Chester Road North Ground, Kidderminster",2,27.4,27.4,Worcestershire,Durham,JD Libby,JO Holder,MJ Potts,0,0,,,,,,,,,,,,,
1410207,2024,2024-04-19,"Chester Road North Ground, Kidderminster",2,27.5,27.5,Worcestershire,Durham,JD Libby,JO Holder,MJ Potts,0,0,,,,,,,,,,,,,
1410207,2024,2024-04-19,"Chester Road North Ground, Kidderminster",2,27.6,27.6,Worcestershire,Durham,JD Libby,JO Holder,MJ Potts,1,0,,,,,,,,,,,,,
1410207,2024,2024-04-19,"Chester Road North Ground, Kidderminster",2,28.1,28.1,Worcestershire,Durham,JD Libby,JO Holder,BA Raine,4,0,,,,,,,,,,,,,
1410207,2024,2024-04-19,"Chester Road North Ground, Kidderminster",2,28.2,28.2,Worcestershire,Durham,JD Libby,JO Holder,BA Raine,0,0,,,,,,,,,,,,,
1410207,2024,2024-04-19,"Chester Road North Ground, Kidderminster",2,28.3,28.3,Worcestershire,Durham,JD Libby,JO Holder,BA Raine,0,0,,,,,,,,,,,,,
1410207,2024,2024-04-19,"Chester Road North Ground, Kidderminster",2,28.4,28.4,Worcestershire,Durham,JD Libby,JO Holder,BA Raine,0,0,,,,,,,,,,,,,
1410207,2024,2024-04-19,"Chester Road North Ground, Kidderminster",2,28.5,28.5,Worcestershire,Durham,JD Libby,JO Holder,BA Raine,0,0,,,,,,,,,,,,,
1410207,2024,2024-04-19,"Chester Road North Ground, Kidderminster",2,28.6,28.6,Worcestershire,Durham,JD Libby,JO Holder,BA Raine,0,0,,,,,,,,,,,,,
1410207,2024,2024-04-19,"Chester Road North Ground, Kidderminster",2,29.1,29.1,Worcestershire,Durham,JO Holder,JD Libby,MJ Potts,4,0,,,,,,,,,,,,,
1410207,2024,2024-04-19,"Chester Road North Ground, Kidderminster",2,29.2,29.2,Worcestershire,Durham,JO Holder,JD Libby,MJ Potts,0,0,,,,,,,,,,,,,
1410207,2024,2024-04-19,"Chester Road North Ground, Kidderminster",2,29.3,29.3,Worcestershire,Durham,JO Holder,JD Libby,MJ Potts,0,0,,,,,,,,,,,,,
1410207,2024,2024-04-19,"Chester Road North Ground, Kidderminster",2,29.4,29.4,Worcestershire,Durham,JO Holder,JD Libby,MJ Potts,0,0,,,,,,,,,,,,,
1410207,2024,2024-04-19,"Chester Road North Ground, Kidderminster",2,29.5,29.5,Worcestershire,Durham,JO Holder,JD Libby,MJ Potts,0,0,,,,,,,,,,,,,
1410207,2024,2024-04-19,"Chester Road North Ground, Kidderminster",2,29.6,29.6,Worcestershire,Durham,JO Holder,JD Libby,MJ Potts,0,0,,,,,,,,,,,,,
1410207,2024,2024-04-19,"Chester Road North Ground, Kidderminster",2,30.1,30.1,Worcestershire,Durham,JD Libby,JO Holder,BA Raine,0,0,,,,,,,,,,,,,
1410207,2024,2024-04-19,"Chester Road North Ground, Kidderminster",2,30.2,30.2,Worcestershire,Durham,JD Libby,JO Holder,BA Raine,0,0,,,,,,,,,,,,,
1410207,2024,2024-04-19,"Chester Road North Ground, Kidderminster",2,30.3,30.3,Worcestershire,Durham,JD Libby,JO Holder,BA Raine,0,0,,,,,,,,,,,,,
1410207,2024,2024-04-19,"Chester Road North Ground, Kidderminster",2,30.4,30.4,Worcestershire,Durham,JD Libby,JO Holder,BA Raine,0,0,,,,,,,,,,,,,
1410207,2024,2024-04-19,"Chester Road North Ground, Kidderminster",2,30.5,30.5,Worcestershire,Durham,JD Libby,JO Holder,BA Raine,1,0,,,,,,,,,,,,,
1410207,2024,2024-04-19,"Chester Road North Ground, Kidderminster",2,30.6,30.6,Worcestershire,Durham,JO Holder,JD Libby,BA Raine,2,0,,,,,,,,,,,,,
1410207,2024,2024-04-19,"Chester Road North Ground, Kidderminster",2,31.1,31.1,Worcestershire,Durham,JD Libby,JO Holder,MJ Potts,0,0,,,,,,,,,,,,,
1410207,2024,2024-04-19,"Chester Road North Ground, Kidderminster",2,31.2,31.2,Worcestershire,Durham,JD Libby,JO Holder,MJ Potts,0,0,,,,,,,,,,,,,
1410207,2024,2024-04-19,"Chester Road North Ground, Kidderminster",2,31.3,31.3,Worcestershire,Durham,JD Libby,JO Holder,MJ Potts,1,0,,,,,,,,,,,,,
1410207,2024,2024-04-19,"Chester Road North Ground, Kidderminster",2,31.4,31.4,Worcestershire,Durham,JO Holder,JD Libby,MJ Potts,0,0,,,,,,,,,,,,,
1410207,2024,2024-04-19,"Chester Road North Ground, Kidderminster",2,31.5,31.5,Worcestershire,Durham,JO Holder,JD Libby,MJ Potts,0,0,,,,,,,,,,,,,
1410207,2024,2024-04-19,"Chester Road North Ground, Kidderminster",2,31.6,31.6,Worcestershire,Durham,JO Holder,JD Libby,MJ Potts,1,0,,,,,,,,,,,,,
1410207,2024,2024-04-19,"Chester Road North Ground, Kidderminster",2,32.1,32.1,Worcestershire,Durham,JO Holder,JD Libby,BA Raine,0,0,,,,,,,,,,,,,
1410207,2024,2024-04-19,"Chester Road North Ground, Kidderminster",2,32.2,32.2,Worcestershire,Durham,JO Holder,JD Libby,BA Raine,0,0,,,,,,,,,,,,,
1410207,2024,2024-04-19,"Chester Road North Ground, Kidderminster",2,32.3,32.3,Worcestershire,Durham,JO Holder,JD Libby,BA Raine,1,0,,,,,,,,,,,,,
1410207,2024,2024-04-19,"Chester Road North Ground, Kidderminster",2,32.4,32.4,Worcestershire,Durham,JD Libby,JO Holder,BA Raine,1,0,,,,,,,,,,,,,
1410207,2024,2024-04-19,"Chester Road North Ground, Kidderminster",2,32.5,32.5,Worcestershire,Durham,JO Holder,JD Libby,BA Raine,0,0,,,,,,,,,,,,,
1410207,2024,2024-04-19,"Chester Road North Ground, Kidderminster",2,32.6,32.6,Worcestershire,Durham,JO Holder,JD Libby,BA Raine,6,0,,,,,,,,,,,,,
1410207,2024,2024-04-19,"Chester Road North Ground, Kidderminster",2,33.1,33.1,Worcestershire,Durham,JD Libby,JO Holder,MJ Potts,0,0,,,,,,,,,,,,,
1410207,2024,2024-04-19,"Chester Road North Ground, Kidderminster",2,33.2,33.2,Worcestershire,Durham,JD Libby,JO Holder,MJ Potts,2,0,,,,,,,,,,,,,
1410207,2024,2024-04-19,"Chester Road North Ground, Kidderminster",2,33.3,33.3,Worcestershire,Durham,JD Libby,JO Holder,MJ Potts,0,0,,,,,,,,,,,,,
1410207,2024,2024-04-19,"Chester Road North Ground, Kidderminster",2,33.4,33.4,Worcestershire,Durham,JD Libby,JO Holder,MJ Potts,0,0,,,,,,,,,,,,,
1410207,2024,2024-04-19,"Chester Road North Ground, Kidderminster",2,33.5,33.5,Worcestershire,Durham,JD Libby,JO Holder,MJ Potts,4,0,,,,,,,,,,,,,
1410207,2024,2024-04-19,"Chester Road North Ground, Kidderminster",2,33.6,33.6,Worcestershire,Durham,JD Libby,JO Holder,MJ Potts,0,0,,,,,,,,,,,,,
1410207,2024,2024-04-19,"Chester Road North Ground, Kidderminster",2,34.1,34.1,Worcestershire,Durham,JO Holder,JD Libby,BA Raine,0,0,,,,,,,,,,,,,
1410207,2024,2024-04-19,"Chester Road North Ground, Kidderminster",2,34.2,34.2,Worcestershire,Durham,JO Holder,JD Libby,BA Raine,0,0,,,,,,,,,,,,,
1410207,2024,2024-04-19,"Chester Road North Ground, Kidderminster",2,34.3,34.3,Worcestershire,Durham,JO Holder,JD Libby,BA Raine,0,0,,,,,,,,,,,,,
1410207,2024,2024-04-19,"Chester Road North Ground, Kidderminster",2,34.4,34.4,Worcestershire,Durham,JO Holder,JD Libby,BA Raine,0,0,,,,,,,,,,,,,
1410207,2024,2024-04-19,"Chester Road North Ground, Kidderminster",2,34.5,34.5,Worcestershire,Durham,JO Holder,JD Libby,BA Raine,0,0,,,,,,,bowled,JO Holder,,,,,
1410207,2024,2024-04-19,"Chester Road North Ground, Kidderminster",2,34.6,34.6,Worcestershire,Durham,MJ Waite,JD Libby,BA Raine,0,0,,,,,,,,,,,,,
1410207,2024,2024-04-19,"Chester Road North Ground, Kidderminster",2,35.1,35.1,Worcestershire,Durham,JD Libby,MJ Waite,MJ Potts,0,0,,,,,,,,,,,,,
1410207,2024,2024-04-19,"Chester Road North Ground, Kidderminster",2,35.2,35.2,Worcestershire,Durham,JD Libby,MJ Waite,MJ Potts,1,0,,,,,,,,,,,,,
1410207,2024,2024-04-19,"Chester Road North Ground, Kidderminster",2,35.3,35.3,Worcestershire,Durham,MJ Waite,JD Libby,MJ Potts,0,0,,,,,,,,,,,,,
1410207,2024,2024-04-19,"Chester Road North Ground, Kidderminster",2,35.4,35.4,Worcestershire,Durham,MJ Waite,JD Libby,MJ Potts,0,0,,,,,,,,,,,,,
1410207,2024,2024-04-19,"Chester Road North Ground, Kidderminster",2,35.5,35.5,Worcestershire,Durham,MJ Waite,JD Libby,MJ Potts,0,0,,,,,,,,,,,,,
1410207,2024,2024-04-19,"Chester Road North Ground, Kidderminster",2,35.6,35.6,Worcestershire,Durham,MJ Waite,JD Libby,MJ Potts,0,0,,,,,,,,,,,,,
1410207,2024,2024-04-19,"Chester Road North Ground, Kidderminster",2,36.1,36.1,Worcestershire,Durham,JD Libby,MJ Waite,BA Raine,1,0,,,,,,,,,,,,,
1410207,2024,2024-04-19,"Chester Road North Ground, Kidderminster",2,36.2,36.2,Worcestershire,Durham,MJ Waite,JD Libby,BA Raine,0,0,,,,,,,caught,MJ Waite,,,OG Robinson,,
1410207,2024,2024-04-19,"Chester Road North Ground, Kidderminster",2,36.3,36.3,Worcestershire,Durham,NG Smith,JD Libby,BA Raine,2,0,,,,,,,,,,,,,
1410207,2024,2024-04-19,"Chester Road North Ground, Kidderminster",2,36.4,36.4,Worcestershire,Durham,NG Smith,JD Libby,BA Raine,0,0,,,,,,,,,,,,,
1410207,2024,2024-04-19,"Chester Road North Ground, Kidderminster",2,36.5,36.5,Worcestershire,Durham,NG Smith,JD Libby,BA Raine,1,0,,,,,,,,,,,,,
1410207,2024,2024-04-19,"Chester Road North Ground, Kidderminster",2,36.6,36.6,Worcestershire,Durham,JD Libby,NG Smith,BA Raine,4,0,,,,,,,,,,,,,
1410207,2024,2024-04-19,"Chester Road North Ground, Kidderminster",2,37.1,37.1,Worcestershire,Durham,NG Smith,JD Libby,MJ Potts,0,0,,,,,,,,,,,,,
1410207,2024,2024-04-19,"Chester Road North Ground, Kidderminster",2,37.2,37.2,Worcestershire,Durham,NG Smith,JD Libby,MJ Potts,0,0,,,,,,,,,,,,,
1410207,2024,2024-04-19,"Chester Road North Ground, Kidderminster",2,37.3,37.3,Worcestershire,Durham,NG Smith,JD Libby,MJ Potts,0,0,,,,,,,,,,,,,
1410207,2024,2024-04-19,"Chester Road North Ground, Kidderminster",2,37.4,37.4,Worcestershire,Durham,NG Smith,JD Libby,MJ Potts,0,0,,,,,,,,,,,,,
1410207,2024,2024-04-19,"Chester Road North Ground, Kidderminster",2,37.5,37.5,Worcestershire,Durham,NG Smith,JD Libby,MJ Potts,0,0,,,,,,,,,,,,,
1410207,2024,2024-04-19,"Chester Road North Ground, Kidderminster",2,37.6,37.6,Worcestershire,Durham,NG Smith,JD Libby,MJ Potts,0,0,,,,,,,,,,,,,
1410207,2024,2024-04-19,"Chester Road North Ground, Kidderminster",2,38.1,38.1,Worcestershire,Durham,JD Libby,NG Smith,BFW de Leede,0,0,,,,,,,,,,,,,
1410207,2024,2024-04-19,"Chester Road North Ground, Kidderminster",2,38.2,38.2,Worcestershire,Durham,JD Libby,NG Smith,BFW de Leede,0,0,,,,,,,,,,,,,
1410207,2024,2024-04-19,"Chester Road North Ground, Kidderminster",2,38.3,38.3,Worcestershire,Durham,JD Libby,NG Smith,BFW de Leede,1,0,,,,,,,,,,,,,
1410207,2024,2024-04-19,"Chester Road North Ground, Kidderminster",2,38.4,38.4,Worcestershire,Durham,NG Smith,JD Libby,BFW de Leede,0,0,,,,,,,,,,,,,
1410207,2024,2024-04-19,"Chester Road North Ground, Kidderminster",2,38.5,38.5,Worcestershire,Durham,NG Smith,JD Libby,BFW de Leede,0,0,,,,,,,,,,,,,
1410207,2024,2024-04-19,"Chester Road North Ground, Kidderminster",2,38.6,38.6,Worcestershire,Durham,NG Smith,JD Libby,BFW de Leede,0,0,,,,,,,,,,,,,
1410207,2024,2024-04-19,"Chester Road North Ground, Kidderminster",2,39.1,39.1,Worcestershire,Durham,JD Libby,NG Smith,P Coughlin,4,0,,,,,,,,,,,,,
1410207,2024,2024-04-19,"Chester Road North Ground, Kidderminster",2,39.2,39.2,Worcestershire,Durham,JD Libby,NG Smith,P Coughlin,0,0,,,,,,,,,,,,,
1410207,2024,2024-04-19,"Chester Road North Ground, Kidderminster",2,39.3,39.3,Worcestershire,Durham,JD Libby,NG Smith,P Coughlin,0,0,,,,,,,,,,,,,
1410207,2024,2024-04-19,"Chester Road North Ground, Kidderminster",2,39.4,39.4,Worcestershire,Durham,JD Libby,NG Smith,P Coughlin,0,0,,,,,,,,,,,,,
1410207,2024,2024-04-19,"Chester Road North Ground, Kidderminster",2,39.5,39.5,Worcestershire,Durham,JD Libby,NG Smith,P Coughlin,0,0,,,,,,,,,,,,,
1410207,2024,2024-04-19,"Chester Road North Ground, Kidderminster",2,39.6,39.6,Worcestershire,Durham,JD Libby,NG Smith,P Coughlin,0,0,,,,,,,,,,,,,
1410207,2024,2024-04-19,"Chester Road North Ground, Kidderminster",2,40.1,40.1,Worcestershire,Durham,NG Smith,JD Libby,BFW de Leede,0,0,,,,,,,,,,,,,
1410207,2024,2024-04-19,"Chester Road North Ground, Kidderminster",2,40.2,40.2,Worcestershire,Durham,NG Smith,JD Libby,BFW de Leede,4,0,,,,,,,,,,,,,
1410207,2024,2024-04-19,"Chester Road North Ground, Kidderminster",2,40.3,40.3,Worcestershire,Durham,NG Smith,JD Libby,BFW de Leede,0,0,,,,,,,,,,,,,
1410207,2024,2024-04-19,"Chester Road North Ground, Kidderminster",2,40.4,40.4,Worcestershire,Durham,NG Smith,JD Libby,BFW de Leede,0,0,,,,,,,,,,,,,
1410207,2024,2024-04-19,"Chester Road North Ground, Kidderminster",2,40.5,40.5,Worcestershire,Durham,NG Smith,JD Libby,BFW de Leede,2,0,,,,,,,,,,,,,
1410207,2024,2024-04-19,"Chester Road North Ground, Kidderminster",2,40.6,40.6,Worcestershire,Durham,NG Smith,JD Libby,BFW de Leede,0,0,,,,,,,,,,,,,
1410207,2024,2024-04-19,"Chester Road North Ground, Kidderminster",2,41.1,41.1,Worcestershire,Durham,JD Libby,NG Smith,P Coughlin,0,0,,,,,,,,,,,,,
1410207,2024,2024-04-19,"Chester Road North Ground, Kidderminster",2,41.2,41.2,Worcestershire,Durham,JD Libby,NG Smith,P Coughlin,0,0,,,,,,,,,,,,,
1410207,2024,2024-04-19,"Chester Road North Ground, Kidderminster",2,41.3,41.3,Worcestershire,Durham,JD Libby,NG Smith,P Coughlin,1,0,,,,,,,,,,,,,
1410207,2024,2024-04-19,"Chester Road North Ground, Kidderminster",2,41.4,41.4,Worcestershire,Durham,NG Smith,JD Libby,P Coughlin,0,0,,,,,,,,,,,,,
1410207,2024,2024-04-19,"Chester Road North Ground, Kidderminster",2,41.5,41.5,Worcestershire,Durham,NG Smith,JD Libby,P Coughlin,0,0,,,,,,,,,,,,,
1410207,2024,2024-04-19,"Chester Road North Ground, Kidderminster",2,41.6,41.6,Worcestershire,Durham,NG Smith,JD Libby,P Coughlin,2,0,,,,,,,,,,,,,
1410207,2024,2024-04-19,"Chester Road North Ground, Kidderminster",2,42.1,42.1,Worcestershire,Durham,JD Libby,NG Smith,BFW de Leede,0,0,,,,,,,,,,,,,
1410207,2024,2024-04-19,"Chester Road North Ground, Kidderminster",2,42.2,42.2,Worcestershire,Durham,JD Libby,NG Smith,BFW de Leede,0,0,,,,,,,,,,,,,
1410207,2024,2024-04-19,"Chester Road North Ground, Kidderminster",2,42.3,42.3,Worcestershire,Durham,JD Libby,NG Smith,BFW de Leede,0,0,,,,,,,,,,,,,
1410207,2024,2024-04-19,"Chester Road North Ground, Kidderminster",2,42.4,42.4,Worcestershire,Durham,JD Libby,NG Smith,BFW de Leede,0,0,,,,,,,,,,,,,
1410207,2024,2024-04-19,"Chester Road North Ground, Kidderminster",2,42.5,42.5,Worcestershire,Durham,JD Libby,NG Smith,BFW de Leede,0,0,,,,,,,,,,,,,
1410207,2024,2024-04-19,"Chester Road North Ground, Kidderminster",2,42.6,42.6,Worcestershire,Durham,JD Libby,NG Smith,BFW de Leede,0,0,,,,,,,,,,,,,
1410207,2024,2024-04-19,"Chester Road North Ground, Kidderminster",2,43.1,43.1,Worcestershire,Durham,NG Smith,JD Libby,P Coughlin,0,0,,,,,,,,,,,,,
1410207,2024,2024-04-19,"Chester Road North Ground, Kidderminster",2,43.2,43.2,Worcestershire,Durham,NG Smith,JD Libby,P Coughlin,0,0,,,,,,,,,,,,,
1410207,2024,2024-04-19,"Chester Road North Ground, Kidderminster",2,43.3,43.3,Worcestershire,Durham,NG Smith,JD Libby,P Coughlin,0,0,,,,,,,,,,,,,
1410207,2024,2024-04-19,"Chester Road North Ground, Kidderminster",2,43.4,43.4,Worcestershire,Durham,NG Smith,JD Libby,P Coughlin,0,0,,,,,,,,,,,,,
1410207,2024,2024-04-19,"Chester Road North Ground, Kidderminster",2,43.5,43.5,Worcestershire,Durham,NG Smith,JD Libby,P Coughlin,1,0,,,,,,,,,,,,,
1410207,2024,2024-04-19,"Chester Road North Ground, Kidderminster",2,43.6,43.6,Worcestershire,Durham,JD Libby,NG Smith,P Coughlin,0,0,,,,,,,bowled,JD Libby,,,,,
1410207,2024,2024-04-19,"Chester Road North Ground, Kidderminster",2,44.1,44.1,Worcestershire,Durham,NG Smith,JO Baker,BFW de Leede,0,0,,,,,,,,,,,,,
1410207,2024,2024-04-19,"Chester Road North Ground, Kidderminster",2,44.2,44.2,Worcestershire,Durham,NG Smith,JO Baker,BFW de Leede,1,0,,,,,,,,,,,,,
1410207,2024,2024-04-19,"Chester Road North Ground, Kidderminster",2,44.3,44.3,Worcestershire,Durham,JO Baker,NG Smith,BFW de Leede,0,0,,,,,,,,,,,,,
1410207,2024,2024-04-19,"Chester Road North Ground, Kidderminster",2,44.4,44.4,Worcestershire,Durham,JO Baker,NG Smith,BFW de Leede,2,0,,,,,,,,,,,,,
1410207,2024,2024-04-19,"Chester Road North Ground, Kidderminster",2,44.5,44.5,Worcestershire,Durham,JO Baker,NG Smith,BFW de Leede,0,0,,,,,,,bowled,JO Baker,,,,,
1410207,2024,2024-04-19,"Chester Road North Ground, Kidderminster",2,44.6,44.6,Worcestershire,Durham,J Leach,NG Smith,BFW de Leede,0,0,,,,,,,,,,,,,
1410207,2024,2024-04-19,"Chester Road North Ground, Kidderminster",2,45.1,45.1,Worcestershire,Durham,NG Smith,J Leach,P Coughlin,0,0,,,,,,,,,,,,,
1410207,2024,2024-04-19,"Chester Road North Ground, Kidderminster",2,45.2,45.2,Worcestershire,Durham,NG Smith,J Leach,P Coughlin,1,0,,,,,,,,,,,,,
1410207,2024,2024-04-19,"Chester Road North Ground, Kidderminster",2,45.3,45.3,Worcestershire,Durham,J Leach,NG Smith,P Coughlin,0,0,,,,,,,,,,,,,
1410207,2024,2024-04-19,"Chester Road North Ground, Kidderminster",2,45.4,45.4,Worcestershire,Durham,J Leach,NG Smith,P Coughlin,1,0,,,,,,,,,,,,,
1410207,2024,2024-04-19,"Chester Road North Ground, Kidderminster",2,45.5,45.5,Worcestershire,Durham,NG Smith,J Leach,P Coughlin,0,0,,,,,,,,,,,,,
1410207,2024,2024-04-19,"Chester Road North Ground, Kidderminster",2,45.6,45.6,Worcestershire,Durham,NG Smith,J Leach,P Coughlin,4,0,,,,,,,,,,,,,
1410207,2024,2024-04-19,"Chester Road North Ground, Kidderminster",2,46.1,46.1,Worcestershire,Durham,J Leach,NG Smith,BFW de Leede,0,0,,,,,,,,,,,,,
1410207,2024,2024-04-19,"Chester Road North Ground, Kidderminster",2,46.2,46.2,Worcestershire,Durham,J Leach,NG Smith,BFW de Leede,0,0,,,,,,,,,,,,,
1410207,2024,2024-04-19,"Chester Road North Ground, Kidderminster",2,46.3,46.3,Worcestershire,Durham,J Leach,NG Smith,BFW de Leede,4,0,,,,,,,,,,,,,
1410207,2024,2024-04-19,"Chester Road North Ground, Kidderminster",2,46.4,46.4,Worcestershire,Durham,J Leach,NG Smith,BFW de Leede,0,0,,,,,,,,,,,,,
1410207,2024,2024-04-19,"Chester Road North Ground, Kidderminster",2,46.5,46.5,Worcestershire,Durham,J Leach,NG Smith,BFW de Leede,1,0,,,,,,,,,,,,,
1410207,2024,2024-04-19,"Chester Road North Ground, Kidderminster",2,46.6,46.6,Worcestershire,Durham,NG Smith,J Leach,BFW de Leede,0,0,,,,,,,,,,,,,
1410207,2024,2024-04-19,"Chester Road North Ground, Kidderminster",2,47.1,47.1,Worcestershire,Durham,J Leach,NG Smith,P Coughlin,0,0,,,,,,,,,,,,,
1410207,2024,2024-04-19,"Chester Road North Ground, Kidderminster",2,47.2,47.2,Worcestershire,Durham,J Leach,NG Smith,P Coughlin,0,0,,,,,,,,,,,,,
1410207,2024,2024-04-19,"Chester Road North Ground, Kidderminster",2,47.3,47.3,Worcestershire,Durham,J Leach,NG Smith,P Coughlin,0,0,,,,,,,,,,,,,
1410207,2024,2024-04-19,"Chester Road North Ground, Kidderminster",2,47.4,47.4,Worcestershire,Durham,J Leach,NG Smith,P Coughlin,0,0,,,,,,,,,,,,,
1410207,2024,2024-04-19,"Chester Road North Ground, Kidderminster",2,47.5,47.5,Worcestershire,Durham,J Leach,NG Smith,P Coughlin,0,0,,,,,,,,,,,,,
1410207,2024,2024-04-19,"Chester Road North Ground, Kidderminster",2,47.6,47.6,Worcestershire,Durham,J Leach,NG Smith,P Coughlin,0,0,,,,,,,,,,,,,
1410207,2024,2024-04-19,"Chester Road North Ground, Kidderminster",2,48.1,48.1,Worcestershire,Durham,NG Smith,J Leach,BA Raine,0,0,,,,,,,,,,,,,
1410207,2024,2024-04-19,"Chester Road North Ground, Kidderminster",2,48.2,48.2,Worcestershire,Durham,NG Smith,J Leach,BA Raine,0,0,,,,,,,,,,,,,
1410207,2024,2024-04-19,"Chester Road North Ground, Kidderminster",2,48.3,48.3,Worcestershire,Durham,NG Smith,J Leach,BA Raine,0,0,,,,,,,,,,,,,
1410207,2024,2024-04-19,"Chester Road North Ground, Kidderminster",2,48.4,48.4,Worcestershire,Durham,NG Smith,J Leach,BA Raine,0,0,,,,,,,,,,,,,
1410207,2024,2024-04-19,"Chester Road North Ground, Kidderminster",2,48.5,48.5,Worcestershire,Durham,NG Smith,J Leach,BA Raine,4,0,,,,,,,,,,,,,
1410207,2024,2024-04-19,"Chester Road North Ground, Kidderminster",2,48.6,48.6,Worcestershire,Durham,NG Smith,J Leach,BA Raine,1,0,,,,,,,,,,,,,
1410207,2024,2024-04-19,"Chester Road North Ground, Kidderminster",2,49.1,49.1,Worcestershire,Durham,NG Smith,J Leach,P Coughlin,0,0,,,,,,,,,,,,,
1410207,2024,2024-04-19,"Chester Road North Ground, Kidderminster",2,49.2,49.2,Worcestershire,Durham,NG Smith,J Leach,P Coughlin,0,0,,,,,,,,,,,,,
1410207,2024,2024-04-19,"Chester Road North Ground, Kidderminster",2,49.3,49.3,Worcestershire,Durham,NG Smith,J Leach,P Coughlin,0,0,,,,,,,,,,,,,
1410207,2024,2024-04-19,"Chester Road North Ground, Kidderminster",2,49.4,49.4,Worcestershire,Durham,NG Smith,J Leach,P Coughlin,1,0,,,,,,,,,,,,,
1410207,2024,2024-04-19,"Chester Road North Ground, Kidderminster",2,49.5,49.5,Worcestershire,Durham,J Leach,NG Smith,P Coughlin,0,0,,,,,,,,,,,,,
1410207,2024,2024-04-19,"Chester Road North Ground, Kidderminster",2,49.6,49.6,Worcestershire,Durham,J Leach,NG Smith,P Coughlin,0,0,,,,,,,,,,,,,
1410207,2024,2024-04-19,"Chester Road North Ground, Kidderminster",2,50.1,50.1,Worcestershire,Durham,NG Smith,J Leach,BA Raine,1,0,,,,,,,,,,,,,
1410207,2024,2024-04-19,"Chester Road North Ground, Kidderminster",2,50.2,50.2,Worcestershire,Durham,J Leach,NG Smith,BA Raine,0,0,,,,,,,,,,,,,
1410207,2024,2024-04-19,"Chester Road North Ground, Kidderminster",2,50.3,50.3,Worcestershire,Durham,J Leach,NG Smith,BA Raine,1,0,,,,,,,,,,,,,
1410207,2024,2024-04-19,"Chester Road North Ground, Kidderminster",2,50.4,50.4,Worcestershire,Durham,NG Smith,J Leach,BA Raine,0,0,,,,,,,,,,,,,
1410207,2024,2024-04-19,"Chester Road North Ground, Kidderminster",2,50.5,50.5,Worcestershire,Durham,NG Smith,J Leach,BA Raine,0,0,,,,,,,,,,,,,
1410207,2024,2024-04-19,"Chester Road North Ground, Kidderminster",2,50.6,50.6,Worcestershire,Durham,NG Smith,J Leach,BA Raine,0,0,,,,,,,,,,,,,
1410207,2024,2024-04-19,"Chester Road North Ground, Kidderminster",2,51.1,51.1,Worcestershire,Durham,J Leach,NG Smith,MJ Potts,0,0,,,,,,,,,,,,,
1410207,2024,2024-04-19,"Chester Road North Ground, Kidderminster",2,51.2,51.2,Worcestershire,Durham,J Leach,NG Smith,MJ Potts,0,0,,,,,,,caught,J Leach,,,DG Bedingham,,
1410207,2024,2024-04-19,"Chester Road North Ground, Kidderminster",2,51.3,51.3,Worcestershire,Durham,AW Finch,NG Smith,MJ Potts,0,0,,,,,,,,,,,,,
1410207,2024,2024-04-19,"Chester Road North Ground, Kidderminster",2,51.4,51.4,Worcestershire,Durham,AW Finch,NG Smith,MJ Potts,0,0,,,,,,,,,,,,,
1410207,2024,2024-04-19,"Chester Road North Ground, Kidderminster",2,51.5,51.5,Worcestershire,Durham,AW Finch,NG Smith,MJ Potts,0,0,,,,,,,,,,,,,
1410207,2024,2024-04-19,"Chester Road North Ground, Kidderminster",2,51.6,51.6,Worcestershire,Durham,AW Finch,NG Smith,MJ Potts,1,0,,,,,,,,,,,,,
1410207,2024,2024-04-19,"Chester Road North Ground, Kidderminster",2,52.1,52.1,Worcestershire,Durham,AW Finch,NG Smith,BA Raine,2,0,,,,,,,,,,,,,
1410207,2024,2024-04-19,"Chester Road North Ground, Kidderminster",2,52.2,52.2,Worcestershire,Durham,AW Finch,NG Smith,BA Raine,0,0,,,,,,,,,,,,,
1410207,2024,2024-04-19,"Chester Road North Ground, Kidderminster",2,52.3,52.3,Worcestershire,Durham,AW Finch,NG Smith,BA Raine,1,0,,,,,,,,,,,,,
1410207,2024,2024-04-19,"Chester Road North Ground, Kidderminster",2,52.4,52.4,Worcestershire,Durham,NG Smith,AW Finch,BA Raine,1,0,,,,,,,,,,,,,
1410207,2024,2024-04-19,"Chester Road North Ground, Kidderminster",2,52.5,52.5,Worcestershire,Durham,AW Finch,NG Smith,BA Raine,0,0,,,,,,,,,,,,,
1410207,2024,2024-04-19,"Chester Road North Ground, Kidderminster",2,52.6,52.6,Worcestershire,Durham,AW Finch,NG Smith,BA Raine,1,0,,,,,,,,,,,,,
1410207,2024,2024-04-19,"Chester Road North Ground, Kidderminster",2,53.1,53.1,Worcestershire,Durham,AW Finch,NG Smith,MJ Potts,0,0,,,,,,,,,,,,,
1410207,2024,2024-04-19,"Chester Road North Ground, Kidderminster",2,53.2,53.2,Worcestershire,Durham,AW Finch,NG Smith,MJ Potts,0,0,,,,,,,,,,,,,
1410207,2024,2024-04-19,"Chester Road North Ground, Kidderminster",2,53.3,53.3,Worcestershire,Durham,AW Finch,NG Smith,MJ Potts,0,0,,,,,,,,,,,,,
1410207,2024,2024-04-19,"Chester Road North Ground, Kidderminster",2,53.4,53.4,Worcestershire,Durham,AW Finch,NG Smith,MJ Potts,0,0,,,,,,,,,,,,,
1410207,2024,2024-04-19,"Chester Road North Ground, Kidderminster",2,53.5,53.5,Worcestershire,Durham,AW Finch,NG Smith,MJ Potts,0,0,,,,,,,,,,,,,
1410207,2024,2024-04-19,"Chester Road North Ground, Kidderminster",2,53.6,53.6,Worcestershire,Durham,AW Finch,NG Smith,MJ Potts,1,0,,,,,,,,,,,,,
1410207,2024,2024-04-19,"Chester Road North Ground, Kidderminster",2,54.1,54.1,Worcestershire,Durham,AW Finch,NG Smith,BA Raine,2,0,,,,,,,,,,,,,
1410207,2024,2024-04-19,"Chester Road North Ground, Kidderminster",2,54.2,54.2,Worcestershire,Durham,AW Finch,NG Smith,BA Raine,0,0,,,,,,,,,,,,,
1410207,2024,2024-04-19,"Chester Road North Ground, Kidderminster",2,54.3,54.3,Worcestershire,Durham,AW Finch,NG Smith,BA Raine,0,0,,,,,,,,,,,,,
1410207,2024,2024-04-19,"Chester Road North Ground, Kidderminster",2,54.4,54.4,Worcestershire,Durham,AW Finch,NG Smith,BA Raine,1,0,,,,,,,,,,,,,
1410207,2024,2024-04-19,"Chester Road North Ground, Kidderminster",2,54.5,54.5,Worcestershire,Durham,NG Smith,AW Finch,BA Raine,0,0,,,,,,,,,,,,,
1410207,2024,2024-04-19,"Chester Road North Ground, Kidderminster",2,54.6,54.6,Worcestershire,Durham,NG Smith,AW Finch,BA Raine,0,0,,,,,,,,,,,,,
1410207,2024,2024-04-19,"Chester Road North Ground, Kidderminster",2,55.1,55.1,Worcestershire,Durham,AW Finch,NG Smith,MJ Potts,0,0,,,,,,,,,,,,,
1410207,2024,2024-04-19,"Chester Road North Ground, Kidderminster",2,55.2,55.2,Worcestershire,Durham,AW Finch,NG Smith,MJ Potts,0,0,,,,,,,,,,,,,
1410207,2024,2024-04-19,"Chester Road North Ground, Kidderminster",2,55.3,55.3,Worcestershire,Durham,AW Finch,NG Smith,MJ Potts,4,0,,,,,,,,,,,,,
1410207,2024,2024-04-19,"Chester Road North Ground, Kidderminster",2,55.4,55.4,Worcestershire,Durham,AW Finch,NG Smith,MJ Potts,1,0,,,,,,,,,,,,,
1410207,2024,2024-04-19,"Chester Road North Ground, Kidderminster",2,55.5,55.5,Worcestershire,Durham,NG Smith,AW Finch,MJ Potts,0,0,,,,,,,,,,,,,
1410207,2024,2024-04-19,"Chester Road North Ground, Kidderminster",2,55.6,55.6,Worcestershire,Durham,NG Smith,AW Finch,MJ Potts,0,0,,,,,,,,,,,,,
1410207,2024,2024-04-19,"Chester Road North Ground, Kidderminster",2,56.1,56.1,Worcestershire,Durham,AW Finch,NG Smith,BA Raine,0,1,,,,1,,,,,,,,,
1410207,2024,2024-04-19,"Chester Road North Ground, Kidderminster",2,56.2,56.2,Worcestershire,Durham,NG Smith,AW Finch,BA Raine,0,0,,,,,,,,,,,,,
1410207,2024,2024-04-19,"Chester Road North Ground, Kidderminster",2,56.3,56.3,Worcestershire,Durham,NG Smith,AW Finch,BA Raine,2,0,,,,,,,,,,,,,
1410207,2024,2024-04-19,"Chester Road North Ground, Kidderminster",2,56.4,56.4,Worcestershire,Durham,NG Smith,AW Finch,BA Raine,1,0,,,,,,,,,,,,,
1410207,2024,2024-04-19,"Chester Road North Ground, Kidderminster",2,56.5,56.5,Worcestershire,Durham,AW Finch,NG Smith,BA Raine,4,0,,,,,,,,,,,,,
1410207,2024,2024-04-19,"Chester Road North Ground, Kidderminster",2,56.6,56.6,Worcestershire,Durham,AW Finch,NG Smith,BA Raine,0,0,,,,,,,,,,,,,
1410207,2024,2024-04-19,"Chester Road North Ground, Kidderminster",2,57.1,57.1,Worcestershire,Durham,NG Smith,AW Finch,MJ Potts,0,0,,,,,,,,,,,,,
1410207,2024,2024-04-19,"Chester Road North Ground, Kidderminster",2,57.2,57.2,Worcestershire,Durham,NG Smith,AW Finch,MJ Potts,0,0,,,,,,,,,,,,,
1410207,2024,2024-04-19,"Chester Road North Ground, Kidderminster",2,57.3,57.3,Worcestershire,Durham,NG Smith,AW Finch,MJ Potts,0,0,,,,,,,,,,,,,
1410207,2024,2024-04-19,"Chester Road North Ground, Kidderminster",2,57.4,57.4,Worcestershire,Durham,NG Smith,AW Finch,MJ Potts,0,0,,,,,,,,,,,,,
1410207,2024,2024-04-19,"Chester Road North Ground, Kidderminster",2,57.5,57.5,Worcestershire,Durham,NG Smith,AW Finch,MJ Potts,1,0,,,,,,,,,,,,,
1410207,2024,2024-04-19,"Chester Road North Ground, Kidderminster",2,57.6,57.6,Worcestershire,Durham,AW Finch,NG Smith,MJ Potts,0,0,,,,,,,,,,,,,
1410207,2024,2024-04-19,"Chester Road North Ground, Kidderminster",2,58.1,58.1,Worcestershire,Durham,NG Smith,AW Finch,BFW de Leede,1,0,,,,,,,,,,,,,
1410207,2024,2024-04-19,"Chester Road North Ground, Kidderminster",2,58.2,58.2,Worcestershire,Durham,AW Finch,NG Smith,BFW de Leede,0,0,,,,,,,,,,,,,
1410207,2024,2024-04-19,"Chester Road North Ground, Kidderminster",2,58.3,58.3,Worcestershire,Durham,AW Finch,NG Smith,BFW de Leede,0,0,,,,,,,,,,,,,
1410207,2024,2024-04-19,"Chester Road North Ground, Kidderminster",2,58.4,58.4,Worcestershire,Durham,AW Finch,NG Smith,BFW de Leede,0,1,,,,1,,,,,,,,,
1410207,2024,2024-04-19,"Chester Road North Ground, Kidderminster",2,58.5,58.5,Worcestershire,Durham,NG Smith,AW Finch,BFW de Leede,0,0,,,,,,,,,,,,,
1410207,2024,2024-04-19,"Chester Road North Ground, Kidderminster",2,58.6,58.6,Worcestershire,Durham,NG Smith,AW Finch,BFW de Leede,1,0,,,,,,,,,,,,,
1410207,2024,2024-04-19,"Chester Road North Ground, Kidderminster",2,59.1,59.1,Worcestershire,Durham,NG Smith,AW Finch,MJ Potts,1,0,,,,,,,,,,,,,
1410207,2024,2024-04-19,"Chester Road North Ground, Kidderminster",2,59.2,59.2,Worcestershire,Durham,AW Finch,NG Smith,MJ Potts,0,0,,,,,,,,,,,,,
1410207,2024,2024-04-19,"Chester Road North Ground, Kidderminster",2,59.3,59.3,Worcestershire,Durham,AW Finch,NG Smith,MJ Potts,0,0,,,,,,,lbw,AW Finch,,,,,
1410207,2024,2024-04-19,"Chester Road North Ground, Kidderminster",3,0.1,0.1,Durham,Worcestershire,AZ Lees,SG Borthwick,J Leach,0,0,,,,,,,,,,,,,
1410207,2024,2024-04-19,"Chester Road North Ground, Kidderminster",3,0.2,0.2,Durham,Worcestershire,AZ Lees,SG Borthwick,J Leach,0,0,,,,,,,,,,,,,
1410207,2024,2024-04-19,"Chester Road North Ground, Kidderminster",3,0.3,0.3,Durham,Worcestershire,AZ Lees,SG Borthwick,J Leach,0,0,,,,,,,,,,,,,
1410207,2024,2024-04-19,"Chester Road North Ground, Kidderminster",3,0.4,0.4,Durham,Worcestershire,AZ Lees,SG Borthwick,J Leach,0,0,,,,,,,,,,,,,
1410207,2024,2024-04-19,"Chester Road North Ground, Kidderminster",3,0.5,0.5,Durham,Worcestershire,AZ Lees,SG Borthwick,J Leach,0,0,,,,,,,,,,,,,
1410207,2024,2024-04-19,"Chester Road North Ground, Kidderminster",3,0.6,0.6,Durham,Worcestershire,AZ Lees,SG Borthwick,J Leach,4,0,,,,,,,,,,,,,
1410207,2024,2024-04-19,"Chester Road North Ground, Kidderminster",3,1.1,1.1,Durham,Worcestershire,SG Borthwick,AZ Lees,NG Smith,0,0,,,,,,,,,,,,,
1410207,2024,2024-04-19,"Chester Road North Ground, Kidderminster",3,1.2,1.2,Durham,Worcestershire,SG Borthwick,AZ Lees,NG Smith,0,0,,,,,,,,,,,,,
1410207,2024,2024-04-19,"Chester Road North Ground, Kidderminster",3,1.3,1.3,Durham,Worcestershire,SG Borthwick,AZ Lees,NG Smith,0,0,,,,,,,,,,,,,
1410207,2024,2024-04-19,"Chester Road North Ground, Kidderminster",3,1.4,1.4,Durham,Worcestershire,SG Borthwick,AZ Lees,NG Smith,1,0,,,,,,,,,,,,,
1410207,2024,2024-04-19,"Chester Road North Ground, Kidderminster",3,1.5,1.5,Durham,Worcestershire,AZ Lees,SG Borthwick,NG Smith,0,0,,,,,,,,,,,,,
1410207,2024,2024-04-19,"Chester Road North Ground, Kidderminster",3,1.6,1.6,Durham,Worcestershire,AZ Lees,SG Borthwick,NG Smith,0,0,,,,,,,caught,AZ Lees,,,JO Holder,,
1410207,2024,2024-04-19,"Chester Road North Ground, Kidderminster",3,2.1,2.1,Durham,Worcestershire,SG Borthwick,CN Ackermann,J Leach,0,0,,,,,,,,,,,,,
1410207,2024,2024-04-19,"Chester Road North Ground, Kidderminster",3,2.2,2.2,Durham,Worcestershire,SG Borthwick,CN Ackermann,J Leach,1,0,,,,,,,,,,,,,
1410207,2024,2024-04-19,"Chester Road North Ground, Kidderminster",3,2.3,2.3,Durham,Worcestershire,CN Ackermann,SG Borthwick,J Leach,0,0,,,,,,,,,,,,,
1410207,2024,2024-04-19,"Chester Road North Ground, Kidderminster",3,2.4,2.4,Durham,Worcestershire,CN Ackermann,SG Borthwick,J Leach,0,0,,,,,,,,,,,,,
1410207,2024,2024-04-19,"Chester Road North Ground, Kidderminster",3,2.5,2.5,Durham,Worcestershire,CN Ackermann,SG Borthwick,J Leach,0,0,,,,,,,,,,,,,
1410207,2024,2024-04-19,"Chester Road North Ground, Kidderminster",3,2.6,2.6,Durham,Worcestershire,CN Ackermann,SG Borthwick,J Leach,0,0,,,,,,,,,,,,,
1410207,2024,2024-04-19,"Chester Road North Ground, Kidderminster",3,3.1,3.1,Durham,Worcestershire,SG Borthwick,CN Ackermann,NG Smith,0,0,,,,,,,,,,,,,
1410207,2024,2024-04-19,"Chester Road North Ground, Kidderminster",3,3.2,3.2,Durham,Worcestershire,SG Borthwick,CN Ackermann,NG Smith,0,0,,,,,,,,,,,,,
1410207,2024,2024-04-19,"Chester Road North Ground, Kidderminster",3,3.3,3.3,Durham,Worcestershire,SG Borthwick,CN Ackermann,NG Smith,1,0,,,,,,,,,,,,,
1410207,2024,2024-04-19,"Chester Road North Ground, Kidderminster",3,3.4,3.4,Durham,Worcestershire,CN Ackermann,SG Borthwick,NG Smith,0,0,,,,,,,,,,,,,
1410207,2024,2024-04-19,"Chester Road North Ground, Kidderminster",3,3.5,3.5,Durham,Worcestershire,CN Ackermann,SG Borthwick,NG Smith,0,0,,,,,,,,,,,,,
1410207,2024,2024-04-19,"Chester Road North Ground, Kidderminster",3,3.6,3.6,Durham,Worcestershire,CN Ackermann,SG Borthwick,NG Smith,0,2,,2,,,,,,,,,,,
1410207,2024,2024-04-19,"Chester Road North Ground, Kidderminster",3,3.7,3.6,Durham,Worcestershire,CN Ackermann,SG Borthwick,NG Smith,0,0,,,,,,,,,,,,,
1410207,2024,2024-04-19,"Chester Road North Ground, Kidderminster",3,4.1,4.1,Durham,Worcestershire,SG Borthwick,CN Ackermann,J Leach,0,0,,,,,,,,,,,,,
1410207,2024,2024-04-19,"Chester Road North Ground, Kidderminster",3,4.2,4.2,Durham,Worcestershire,SG Borthwick,CN Ackermann,J Leach,0,0,,,,,,,,,,,,,
1410207,2024,2024-04-19,"Chester Road North Ground, Kidderminster",3,4.3,4.3,Durham,Worcestershire,SG Borthwick,CN Ackermann,J Leach,1,0,,,,,,,,,,,,,
1410207,2024,2024-04-19,"Chester Road North Ground, Kidderminster",3,4.4,4.4,Durham,Worcestershire,CN Ackermann,SG Borthwick,J Leach,0,0,,,,,,,,,,,,,
1410207,2024,2024-04-19,"Chester Road North Ground, Kidderminster",3,4.5,4.5,Durham,Worcestershire,CN Ackermann,SG Borthwick,J Leach,0,0,,,,,,,,,,,,,
1410207,2024,2024-04-19,"Chester Road North Ground, Kidderminster",3,4.6,4.6,Durham,Worcestershire,CN Ackermann,SG Borthwick,J Leach,0,0,,,,,,,,,,,,,
1410207,2024,2024-04-19,"Chester Road North Ground, Kidderminster",3,5.1,5.1,Durham,Worcestershire,SG Borthwick,CN Ackermann,NG Smith,1,0,,,,,,,,,,,,,
1410207,2024,2024-04-19,"Chester Road North Ground, Kidderminster",3,5.2,5.2,Durham,Worcestershire,CN Ackermann,SG Borthwick,NG Smith,0,0,,,,,,,,,,,,,
1410207,2024,2024-04-19,"Chester Road North Ground, Kidderminster",3,5.3,5.3,Durham,Worcestershire,CN Ackermann,SG Borthwick,NG Smith,0,0,,,,,,,,,,,,,
1410207,2024,2024-04-19,"Chester Road North Ground, Kidderminster",3,5.4,5.4,Durham,Worcestershire,CN Ackermann,SG Borthwick,NG Smith,0,0,,,,,,,,,,,,,
1410207,2024,2024-04-19,"Chester Road North Ground, Kidderminster",3,5.5,5.5,Durham,Worcestershire,CN Ackermann,SG Borthwick,NG Smith,4,0,,,,,,,,,,,,,
1410207,2024,2024-04-19,"Chester Road North Ground, Kidderminster",3,5.6,5.6,Durham,Worcestershire,CN Ackermann,SG Borthwick,NG Smith,1,0,,,,,,,,,,,,,
1410207,2024,2024-04-19,"Chester Road North Ground, Kidderminster",3,6.1,6.1,Durham,Worcestershire,CN Ackermann,SG Borthwick,J Leach,0,0,,,,,,,,,,,,,
1410207,2024,2024-04-19,"Chester Road North Ground, Kidderminster",3,6.2,6.2,Durham,Worcestershire,CN Ackermann,SG Borthwick,J Leach,0,0,,,,,,,,,,,,,
1410207,2024,2024-04-19,"Chester Road North Ground, Kidderminster",3,6.3,6.3,Durham,Worcestershire,CN Ackermann,SG Borthwick,J Leach,0,0,,,,,,,,,,,,,
1410207,2024,2024-04-19,"Chester Road North Ground, Kidderminster",3,6.4,6.4,Durham,Worcestershire,CN Ackermann,SG Borthwick,J Leach,1,0,,,,,,,,,,,,,
1410207,2024,2024-04-19,"Chester Road North Ground, Kidderminster",3,6.5,6.5,Durham,Worcestershire,SG Borthwick,CN Ackermann,J Leach,0,0,,,,,,,,,,,,,
1410207,2024,2024-04-19,"Chester Road North Ground, Kidderminster",3,6.6,6.6,Durham,Worcestershire,SG Borthwick,CN Ackermann,J Leach,0,2,,2,,,,,,,,,,,
1410207,2024,2024-04-19,"Chester Road North Ground, Kidderminster",3,6.7,6.6,Durham,Worcestershire,SG Borthwick,CN Ackermann,J Leach,0,0,,,,,,,,,,,,,
1410207,2024,2024-04-19,"Chester Road North Ground, Kidderminster",3,7.1,7.1,Durham,Worcestershire,CN Ackermann,SG Borthwick,NG Smith,0,0,,,,,,,,,,,,,
1410207,2024,2024-04-19,"Chester Road North Ground, Kidderminster",3,7.2,7.2,Durham,Worcestershire,CN Ackermann,SG Borthwick,NG Smith,0,0,,,,,,,,,,,,,
1410207,2024,2024-04-19,"Chester Road North Ground, Kidderminster",3,7.3,7.3,Durham,Worcestershire,CN Ackermann,SG Borthwick,NG Smith,4,0,,,,,,,,,,,,,
1410207,2024,2024-04-19,"Chester Road North Ground, Kidderminster",3,7.4,7.4,Durham,Worcestershire,CN Ackermann,SG Borthwick,NG Smith,0,0,,,,,,,,,,,,,
1410207,2024,2024-04-19,"Chester Road North Ground, Kidderminster",3,7.5,7.5,Durham,Worcestershire,CN Ackermann,SG Borthwick,NG Smith,0,0,,,,,,,,,,,,,
1410207,2024,2024-04-19,"Chester Road North Ground, Kidderminster",3,7.6,7.6,Durham,Worcestershire,CN Ackermann,SG Borthwick,NG Smith,0,0,,,,,,,,,,,,,
1410207,2024,2024-04-19,"Chester Road North Ground, Kidderminster",3,8.1,8.1,Durham,Worcestershire,SG Borthwick,CN Ackermann,JO Holder,0,0,,,,,,,,,,,,,
1410207,2024,2024-04-19,"Chester Road North Ground, Kidderminster",3,8.2,8.2,Durham,Worcestershire,SG Borthwick,CN Ackermann,JO Holder,0,0,,,,,,,,,,,,,
1410207,2024,2024-04-19,"Chester Road North Ground, Kidderminster",3,8.3,8.3,Durham,Worcestershire,SG Borthwick,CN Ackermann,JO Holder,4,0,,,,,,,,,,,,,
1410207,2024,2024-04-19,"Chester Road North Ground, Kidderminster",3,8.4,8.4,Durham,Worcestershire,SG Borthwick,CN Ackermann,JO Holder,0,0,,,,,,,,,,,,,
1410207,2024,2024-04-19,"Chester Road North Ground, Kidderminster",3,8.5,8.5,Durham,Worcestershire,SG Borthwick,CN Ackermann,JO Holder,0,0,,,,,,,,,,,,,
1410207,2024,2024-04-19,"Chester Road North Ground, Kidderminster",3,8.6,8.6,Durham,Worcestershire,SG Borthwick,CN Ackermann,JO Holder,0,0,,,,,,,,,,,,,
1410207,2024,2024-04-19,"Chester Road North Ground, Kidderminster",3,9.1,9.1,Durham,Worcestershire,CN Ackermann,SG Borthwick,J Leach,0,0,,,,,,,,,,,,,
1410207,2024,2024-04-19,"Chester Road North Ground, Kidderminster",3,9.2,9.2,Durham,Worcestershire,CN Ackermann,SG Borthwick,J Leach,4,0,,,,,,,,,,,,,
1410207,2024,2024-04-19,"Chester Road North Ground, Kidderminster",3,9.3,9.3,Durham,Worcestershire,CN Ackermann,SG Borthwick,J Leach,0,0,,,,,,,,,,,,,
1410207,2024,2024-04-19,"Chester Road North Ground, Kidderminster",3,9.4,9.4,Durham,Worcestershire,CN Ackermann,SG Borthwick,J Leach,0,0,,,,,,,,,,,,,
1410207,2024,2024-04-19,"Chester Road North Ground, Kidderminster",3,9.5,9.5,Durham,Worcestershire,CN Ackermann,SG Borthwick,J Leach,0,0,,,,,,,,,,,,,
1410207,2024,2024-04-19,"Chester Road North Ground, Kidderminster",3,9.6,9.6,Durham,Worcestershire,CN Ackermann,SG Borthwick,J Leach,0,0,,,,,,,,,,,,,
1410207,2024,2024-04-19,"Chester Road North Ground, Kidderminster",3,10.1,10.1,Durham,Worcestershire,SG Borthwick,CN Ackermann,JO Holder,0,0,,,,,,,,,,,,,
1410207,2024,2024-04-19,"Chester Road North Ground, Kidderminster",3,10.2,10.2,Durham,Worcestershire,SG Borthwick,CN Ackermann,JO Holder,0,0,,,,,,,,,,,,,
1410207,2024,2024-04-19,"Chester Road North Ground, Kidderminster",3,10.3,10.3,Durham,Worcestershire,SG Borthwick,CN Ackermann,JO Holder,0,0,,,,,,,,,,,,,
1410207,2024,2024-04-19,"Chester Road North Ground, Kidderminster",3,10.4,10.4,Durham,Worcestershire,SG Borthwick,CN Ackermann,JO Holder,0,0,,,,,,,,,,,,,
1410207,2024,2024-04-19,"Chester Road North Ground, Kidderminster",3,10.5,10.5,Durham,Worcestershire,SG Borthwick,CN Ackermann,JO Holder,1,0,,,,,,,,,,,,,
1410207,2024,2024-04-19,"Chester Road North Ground, Kidderminster",3,10.6,10.6,Durham,Worcestershire,CN Ackermann,SG Borthwick,JO Holder,0,0,,,,,,,,,,,,,
1410207,2024,2024-04-19,"Chester Road North Ground, Kidderminster",3,11.1,11.1,Durham,Worcestershire,SG Borthwick,CN Ackermann,J Leach,1,0,,,,,,,,,,,,,
1410207,2024,2024-04-19,"Chester Road North Ground, Kidderminster",3,11.2,11.2,Durham,Worcestershire,CN Ackermann,SG Borthwick,J Leach,0,0,,,,,,,,,,,,,
1410207,2024,2024-04-19,"Chester Road North Ground, Kidderminster",3,11.3,11.3,Durham,Worcestershire,CN Ackermann,SG Borthwick,J Leach,4,0,,,,,,,,,,,,,
1410207,2024,2024-04-19,"Chester Road North Ground, Kidderminster",3,11.4,11.4,Durham,Worcestershire,CN Ackermann,SG Borthwick,J Leach,0,0,,,,,,,,,,,,,
1410207,2024,2024-04-19,"Chester Road North Ground, Kidderminster",3,11.5,11.5,Durham,Worcestershire,CN Ackermann,SG Borthwick,J Leach,0,0,,,,,,,,,,,,,
1410207,2024,2024-04-19,"Chester Road North Ground, Kidderminster",3,11.6,11.6,Durham,Worcestershire,CN Ackermann,SG Borthwick,J Leach,0,0,,,,,,,caught,CN Ackermann,,,GH Roderick,,
1410207,2024,2024-04-19,"Chester Road North Ground, Kidderminster",3,12.1,12.1,Durham,Worcestershire,SG Borthwick,DG Bedingham,JO Holder,0,0,,,,,,,,,,,,,
1410207,2024,2024-04-19,"Chester Road North Ground, Kidderminster",3,12.2,12.2,Durham,Worcestershire,SG Borthwick,DG Bedingham,JO Holder,0,0,,,,,,,,,,,,,
1410207,2024,2024-04-19,"Chester Road North Ground, Kidderminster",3,12.3,12.3,Durham,Worcestershire,SG Borthwick,DG Bedingham,JO Holder,1,0,,,,,,,,,,,,,
1410207,2024,2024-04-19,"Chester Road North Ground, Kidderminster",3,12.4,12.4,Durham,Worcestershire,DG Bedingham,SG Borthwick,JO Holder,0,0,,,,,,,,,,,,,
1410207,2024,2024-04-19,"Chester Road North Ground, Kidderminster",3,12.5,12.5,Durham,Worcestershire,DG Bedingham,SG Borthwick,JO Holder,0,0,,,,,,,,,,,,,
1410207,2024,2024-04-19,"Chester Road North Ground, Kidderminster",3,12.6,12.6,Durham,Worcestershire,DG Bedingham,SG Borthwick,JO Holder,0,0,,,,,,,,,,,,,
1410207,2024,2024-04-19,"Chester Road North Ground, Kidderminster",3,13.1,13.1,Durham,Worcestershire,SG Borthwick,DG Bedingham,J Leach,0,0,,,,,,,,,,,,,
1410207,2024,2024-04-19,"Chester Road North Ground, Kidderminster",3,13.2,13.2,Durham,Worcestershire,SG Borthwick,DG Bedingham,J Leach,3,0,,,,,,,,,,,,,
1410207,2024,2024-04-19,"Chester Road North Ground, Kidderminster",3,13.3,13.3,Durham,Worcestershire,DG Bedingham,SG Borthwick,J Leach,0,0,,,,,,,,,,,,,
1410207,2024,2024-04-19,"Chester Road North Ground, Kidderminster",3,13.4,13.4,Durham,Worcestershire,DG Bedingham,SG Borthwick,J Leach,4,2,,2,,,,,,,,,,,
1410207,2024,2024-04-19,"Chester Road North Ground, Kidderminster",3,13.5,13.4,Durham,Worcestershire,DG Bedingham,SG Borthwick,J Leach,0,0,,,,,,,,,,,,,
1410207,2024,2024-04-19,"Chester Road North Ground, Kidderminster",3,13.6,13.5,Durham,Worcestershire,DG Bedingham,SG Borthwick,J Leach,0,0,,,,,,,,,,,,,
1410207,2024,2024-04-19,"Chester Road North Ground, Kidderminster",3,13.7,13.6,Durham,Worcestershire,DG Bedingham,SG Borthwick,J Leach,4,0,,,,,,,,,,,,,
1410207,2024,2024-04-19,"Chester Road North Ground, Kidderminster",3,14.1,14.1,Durham,Worcestershire,SG Borthwick,DG Bedingham,JO Holder,0,0,,,,,,,,,,,,,
1410207,2024,2024-04-19,"Chester Road North Ground, Kidderminster",3,14.2,14.2,Durham,Worcestershire,SG Borthwick,DG Bedingham,JO Holder,2,0,,,,,,,,,,,,,
1410207,2024,2024-04-19,"Chester Road North Ground, Kidderminster",3,14.3,14.3,Durham,Worcestershire,SG Borthwick,DG Bedingham,JO Holder,0,0,,,,,,,,,,,,,
1410207,2024,2024-04-19,"Chester Road North Ground, Kidderminster",3,14.4,14.4,Durham,Worcestershire,SG Borthwick,DG Bedingham,JO Holder,0,0,,,,,,,,,,,,,
1410207,2024,2024-04-19,"Chester Road North Ground, Kidderminster",3,14.5,14.5,Durham,Worcestershire,SG Borthwick,DG Bedingham,JO Holder,2,0,,,,,,,,,,,,,
1410207,2024,2024-04-19,"Chester Road North Ground, Kidderminster",3,14.6,14.6,Durham,Worcestershire,SG Borthwick,DG Bedingham,JO Holder,1,0,,,,,,,,,,,,,
1410207,2024,2024-04-19,"Chester Road North Ground, Kidderminster",3,15.1,15.1,Durham,Worcestershire,SG Borthwick,DG Bedingham,AW Finch,0,0,,,,,,,,,,,,,
1410207,2024,2024-04-19,"Chester Road North Ground, Kidderminster",3,15.2,15.2,Durham,Worcestershire,SG Borthwick,DG Bedingham,AW Finch,2,0,,,,,,,,,,,,,
1410207,2024,2024-04-19,"Chester Road North Ground, Kidderminster",3,15.3,15.3,Durham,Worcestershire,SG Borthwick,DG Bedingham,AW Finch,0,0,,,,,,,,,,,,,
1410207,2024,2024-04-19,"Chester Road North Ground, Kidderminster",3,15.4,15.4,Durham,Worcestershire,SG Borthwick,DG Bedingham,AW Finch,0,0,,,,,,,,,,,,,
1410207,2024,2024-04-19,"Chester Road North Ground, Kidderminster",3,15.5,15.5,Durham,Worcestershire,SG Borthwick,DG Bedingham,AW Finch,0,0,,,,,,,,,,,,,
1410207,2024,2024-04-19,"Chester Road North Ground, Kidderminster",3,15.6,15.6,Durham,Worcestershire,SG Borthwick,DG Bedingham,AW Finch,0,0,,,,,,,,,,,,,
1410207,2024,2024-04-19,"Chester Road North Ground, Kidderminster",3,16.1,16.1,Durham,Worcestershire,DG Bedingham,SG Borthwick,MJ Waite,0,0,,,,,,,,,,,,,
1410207,2024,2024-04-19,"Chester Road North Ground, Kidderminster",3,16.2,16.2,Durham,Worcestershire,DG Bedingham,SG Borthwick,MJ Waite,0,0,,,,,,,,,,,,,
1410207,2024,2024-04-19,"Chester Road North Ground, Kidderminster",3,16.3,16.3,Durham,Worcestershire,DG Bedingham,SG Borthwick,MJ Waite,0,0,,,,,,,,,,,,,
1410207,2024,2024-04-19,"Chester Road North Ground, Kidderminster",3,16.4,16.4,Durham,Worcestershire,DG Bedingham,SG Borthwick,MJ Waite,0,0,,,,,,,,,,,,,
1410207,2024,2024-04-19,"Chester Road North Ground, Kidderminster",3,16.5,16.5,Durham,Worcestershire,DG Bedingham,SG Borthwick,MJ Waite,2,0,,,,,,,,,,,,,
1410207,2024,2024-04-19,"Chester Road North Ground, Kidderminster",3,16.6,16.6,Durham,Worcestershire,DG Bedingham,SG Borthwick,MJ Waite,1,0,,,,,,,,,,,,,
1410207,2024,2024-04-19,"Chester Road North Ground, Kidderminster",3,17.1,17.1,Durham,Worcestershire,DG Bedingham,SG Borthwick,AW Finch,0,0,,,,,,,,,,,,,
1410207,2024,2024-04-19,"Chester Road North Ground, Kidderminster",3,17.2,17.2,Durham,Worcestershire,DG Bedingham,SG Borthwick,AW Finch,0,0,,,,,,,,,,,,,
1410207,2024,2024-04-19,"Chester Road North Ground, Kidderminster",3,17.3,17.3,Durham,Worcestershire,DG Bedingham,SG Borthwick,AW Finch,1,0,,,,,,,,,,,,,
1410207,2024,2024-04-19,"Chester Road North Ground, Kidderminster",3,17.4,17.4,Durham,Worcestershire,SG Borthwick,DG Bedingham,AW Finch,0,0,,,,,,,,,,,,,
1410207,2024,2024-04-19,"Chester Road North Ground, Kidderminster",3,17.5,17.5,Durham,Worcestershire,SG Borthwick,DG Bedingham,AW Finch,0,0,,,,,,,,,,,,,
1410207,2024,2024-04-19,"Chester Road North Ground, Kidderminster",3,17.6,17.6,Durham,Worcestershire,SG Borthwick,DG Bedingham,AW Finch,0,0,,,,,,,,,,,,,
1410207,2024,2024-04-19,"Chester Road North Ground, Kidderminster",3,18.1,18.1,Durham,Worcestershire,DG Bedingham,SG Borthwick,MJ Waite,0,0,,,,,,,,,,,,,
1410207,2024,2024-04-19,"Chester Road North Ground, Kidderminster",3,18.2,18.2,Durham,Worcestershire,DG Bedingham,SG Borthwick,MJ Waite,0,0,,,,,,,,,,,,,
1410207,2024,2024-04-19,"Chester Road North Ground, Kidderminster",3,18.3,18.3,Durham,Worcestershire,DG Bedingham,SG Borthwick,MJ Waite,0,0,,,,,,,,,,,,,
1410207,2024,2024-04-19,"Chester Road North Ground, Kidderminster",3,18.4,18.4,Durham,Worcestershire,DG Bedingham,SG Borthwick,MJ Waite,2,0,,,,,,,,,,,,,
1410207,2024,2024-04-19,"Chester Road North Ground, Kidderminster",3,18.5,18.5,Durham,Worcestershire,DG Bedingham,SG Borthwick,MJ Waite,0,0,,,,,,,,,,,,,
1410207,2024,2024-04-19,"Chester Road North Ground, Kidderminster",3,18.6,18.6,Durham,Worcestershire,DG Bedingham,SG Borthwick,MJ Waite,0,0,,,,,,,,,,,,,
1410207,2024,2024-04-19,"Chester Road North Ground, Kidderminster",3,19.1,19.1,Durham,Worcestershire,SG Borthwick,DG Bedingham,AW Finch,0,0,,,,,,,,,,,,,
1410207,2024,2024-04-19,"Chester Road North Ground, Kidderminster",3,19.2,19.2,Durham,Worcestershire,SG Borthwick,DG Bedingham,AW Finch,4,0,,,,,,,,,,,,,
1410207,2024,2024-04-19,"Chester Road North Ground, Kidderminster",3,19.3,19.3,Durham,Worcestershire,SG Borthwick,DG Bedingham,AW Finch,0,0,,,,,,,,,,,,,
1410207,2024,2024-04-19,"Chester Road North Ground, Kidderminster",3,19.4,19.4,Durham,Worcestershire,SG Borthwick,DG Bedingham,AW Finch,0,0,,,,,,,,,,,,,
1410207,2024,2024-04-19,"Chester Road North Ground, Kidderminster",3,19.5,19.5,Durham,Worcestershire,SG Borthwick,DG Bedingham,AW Finch,1,0,,,,,,,,,,,,,
1410207,2024,2024-04-19,"Chester Road North Ground, Kidderminster",3,19.6,19.6,Durham,Worcestershire,DG Bedingham,SG Borthwick,AW Finch,4,0,,,,,,,,,,,,,
1410207,2024,2024-04-19,"Chester Road North Ground, Kidderminster",3,20.1,20.1,Durham,Worcestershire,SG Borthwick,DG Bedingham,MJ Waite,0,0,,,,,,,,,,,,,
1410207,2024,2024-04-19,"Chester Road North Ground, Kidderminster",3,20.2,20.2,Durham,Worcestershire,SG Borthwick,DG Bedingham,MJ Waite,0,0,,,,,,,,,,,,,
1410207,2024,2024-04-19,"Chester Road North Ground, Kidderminster",3,20.3,20.3,Durham,Worcestershire,SG Borthwick,DG Bedingham,MJ Waite,4,0,,,,,,,,,,,,,
1410207,2024,2024-04-19,"Chester Road North Ground, Kidderminster",3,20.4,20.4,Durham,Worcestershire,SG Borthwick,DG Bedingham,MJ Waite,0,0,,,,,,,,,,,,,
1410207,2024,2024-04-19,"Chester Road North Ground, Kidderminster",3,20.5,20.5,Durham,Worcestershire,SG Borthwick,DG Bedingham,MJ Waite,0,0,,,,,,,,,,,,,
1410207,2024,2024-04-19,"Chester Road North Ground, Kidderminster",3,20.6,20.6,Durham,Worcestershire,SG Borthwick,DG Bedingham,MJ Waite,1,0,,,,,,,,,,,,,
1410207,2024,2024-04-19,"Chester Road North Ground, Kidderminster",3,21.1,21.1,Durham,Worcestershire,SG Borthwick,DG Bedingham,AW Finch,0,0,,,,,,,,,,,,,
1410207,2024,2024-04-19,"Chester Road North Ground, Kidderminster",3,21.2,21.2,Durham,Worcestershire,SG Borthwick,DG Bedingham,AW Finch,0,0,,,,,,,,,,,,,
1410207,2024,2024-04-19,"Chester Road North Ground, Kidderminster",3,21.3,21.3,Durham,Worcestershire,SG Borthwick,DG Bedingham,AW Finch,0,0,,,,,,,,,,,,,
1410207,2024,2024-04-19,"Chester Road North Ground, Kidderminster",3,21.4,21.4,Durham,Worcestershire,SG Borthwick,DG Bedingham,AW Finch,0,0,,,,,,,,,,,,,
1410207,2024,2024-04-19,"Chester Road North Ground, Kidderminster",3,21.5,21.5,Durham,Worcestershire,SG Borthwick,DG Bedingham,AW Finch,0,0,,,,,,,,,,,,,
1410207,2024,2024-04-19,"Chester Road North Ground, Kidderminster",3,21.6,21.6,Durham,Worcestershire,SG Borthwick,DG Bedingham,AW Finch,0,0,,,,,,,,,,,,,
1410207,2024,2024-04-19,"Chester Road North Ground, Kidderminster",3,22.1,22.1,Durham,Worcestershire,DG Bedingham,SG Borthwick,MJ Waite,0,0,,,,,,,,,,,,,
1410207,2024,2024-04-19,"Chester Road North Ground, Kidderminster",3,22.2,22.2,Durham,Worcestershire,DG Bedingham,SG Borthwick,MJ Waite,2,0,,,,,,,,,,,,,
1410207,2024,2024-04-19,"Chester Road North Ground, Kidderminster",3,22.3,22.3,Durham,Worcestershire,DG Bedingham,SG Borthwick,MJ Waite,1,0,,,,,,,,,,,,,
1410207,2024,2024-04-19,"Chester Road North Ground, Kidderminster",3,22.4,22.4,Durham,Worcestershire,SG Borthwick,DG Bedingham,MJ Waite,0,0,,,,,,,,,,,,,
1410207,2024,2024-04-19,"Chester Road North Ground, Kidderminster",3,22.5,22.5,Durham,Worcestershire,SG Borthwick,DG Bedingham,MJ Waite,0,0,,,,,,,,,,,,,
1410207,2024,2024-04-19,"Chester Road North Ground, Kidderminster",3,22.6,22.6,Durham,Worcestershire,SG Borthwick,DG Bedingham,MJ Waite,2,0,,,,,,,,,,,,,
1410207,2024,2024-04-19,"Chester Road North Ground, Kidderminster",3,23.1,23.1,Durham,Worcestershire,DG Bedingham,SG Borthwick,JO Baker,4,0,,,,,,,,,,,,,
1410207,2024,2024-04-19,"Chester Road North Ground, Kidderminster",3,23.2,23.2,Durham,Worcestershire,DG Bedingham,SG Borthwick,JO Baker,4,0,,,,,,,,,,,,,
1410207,2024,2024-04-19,"Chester Road North Ground, Kidderminster",3,23.3,23.3,Durham,Worcestershire,DG Bedingham,SG Borthwick,JO Baker,1,0,,,,,,,,,,,,,
1410207,2024,2024-04-19,"Chester Road North Ground, Kidderminster",3,23.4,23.4,Durham,Worcestershire,SG Borthwick,DG Bedingham,JO Baker,0,0,,,,,,,,,,,,,
1410207,2024,2024-04-19,"Chester Road North Ground, Kidderminster",3,23.5,23.5,Durham,Worcestershire,SG Borthwick,DG Bedingham,JO Baker,1,0,,,,,,,,,,,,,
1410207,2024,2024-04-19,"Chester Road North Ground, Kidderminster",3,23.6,23.6,Durham,Worcestershire,DG Bedingham,SG Borthwick,JO Baker,0,0,,,,,,,,,,,,,
1410207,2024,2024-04-19,"Chester Road North Ground, Kidderminster",3,24.1,24.1,Durham,Worcestershire,SG Borthwick,DG Bedingham,NG Smith,0,0,,,,,,,,,,,,,
1410207,2024,2024-04-19,"Chester Road North Ground, Kidderminster",3,24.2,24.2,Durham,Worcestershire,SG Borthwick,DG Bedingham,NG Smith,0,4,,,,4,,,,,,,,,
1410207,2024,2024-04-19,"Chester Road North Ground, Kidderminster",3,24.3,24.3,Durham,Worcestershire,SG Borthwick,DG Bedingham,NG Smith,0,0,,,,,,,,,,,,,
1410207,2024,2024-04-19,"Chester Road North Ground, Kidderminster",3,24.4,24.4,Durham,Worcestershire,SG Borthwick,DG Bedingham,NG Smith,0,0,,,,,,,,,,,,,
1410207,2024,2024-04-19,"Chester Road North Ground, Kidderminster",3,24.5,24.5,Durham,Worcestershire,SG Borthwick,DG Bedingham,NG Smith,2,0,,,,,,,,,,,,,
1410207,2024,2024-04-19,"Chester Road North Ground, Kidderminster",3,24.6,24.6,Durham,Worcestershire,SG Borthwick,DG Bedingham,NG Smith,4,0,,,,,,,,,,,,,
1410207,2024,2024-04-19,"Chester Road North Ground, Kidderminster",3,25.1,25.1,Durham,Worcestershire,DG Bedingham,SG Borthwick,AW Finch,4,0,,,,,,,,,,,,,
1410207,2024,2024-04-19,"Chester Road North Ground, Kidderminster",3,25.2,25.2,Durham,Worcestershire,DG Bedingham,SG Borthwick,AW Finch,1,0,,,,,,,,,,,,,
1410207,2024,2024-04-19,"Chester Road North Ground, Kidderminster",3,25.3,25.3,Durham,Worcestershire,SG Borthwick,DG Bedingham,AW Finch,0,0,,,,,,,,,,,,,
1410207,2024,2024-04-19,"Chester Road North Ground, Kidderminster",3,25.4,25.4,Durham,Worcestershire,SG Borthwick,DG Bedingham,AW Finch,4,0,,,,,,,,,,,,,
1410207,2024,2024-04-19,"Chester Road North Ground, Kidderminster",3,25.5,25.5,Durham,Worcestershire,SG Borthwick,DG Bedingham,AW Finch,0,0,,,,,,,,,,,,,
1410207,2024,2024-04-19,"Chester Road North Ground, Kidderminster",3,25.6,25.6,Durham,Worcestershire,SG Borthwick,DG Bedingham,AW Finch,0,1,,,1,,,,,,,,,,
1410207,2024,2024-04-19,"Chester Road North Ground, Kidderminster",3,26.1,26.1,Durham,Worcestershire,SG Borthwick,DG Bedingham,NG Smith,0,0,,,,,,,,,,,,,
1410207,2024,2024-04-19,"Chester Road North Ground, Kidderminster",3,26.2,26.2,Durham,Worcestershire,SG Borthwick,DG Bedingham,NG Smith,0,0,,,,,,,,,,,,,
1410207,2024,2024-04-19,"Chester Road North Ground, Kidderminster",3,26.3,26.3,Durham,Worcestershire,SG Borthwick,DG Bedingham,NG Smith,0,0,,,,,,,,,,,,,
1410207,2024,2024-04-19,"Chester Road North Ground, Kidderminster",3,26.4,26.4,Durham,Worcestershire,SG Borthwick,DG Bedingham,NG Smith,1,0,,,,,,,,,,,,,
1410207,2024,2024-04-19,"Chester Road North Ground, Kidderminster",3,26.5,26.5,Durham,Worcestershire,DG Bedingham,SG Borthwick,NG Smith,0,0,,,,,,,,,,,,,
1410207,2024,2024-04-19,"Chester Road North Ground, Kidderminster",3,26.6,26.6,Durham,Worcestershire,DG Bedingham,SG Borthwick,NG Smith,4,0,,,,,,,,,,,,,
1410207,2024,2024-04-19,"Chester Road North Ground, Kidderminster",3,27.1,27.1,Durham,Worcestershire,SG Borthwick,DG Bedingham,AW Finch,1,0,,,,,,,,,,,,,
1410207,2024,2024-04-19,"Chester Road North Ground, Kidderminster",3,27.2,27.2,Durham,Worcestershire,DG Bedingham,SG Borthwick,AW Finch,0,0,,,,,,,,,,,,,
1410207,2024,2024-04-19,"Chester Road North Ground, Kidderminster",3,27.3,27.3,Durham,Worcestershire,DG Bedingham,SG Borthwick,AW Finch,2,0,,,,,,,,,,,,,
1410207,2024,2024-04-19,"Chester Road North Ground, Kidderminster",3,27.4,27.4,Durham,Worcestershire,DG Bedingham,SG Borthwick,AW Finch,0,0,,,,,,,,,,,,,
1410207,2024,2024-04-19,"Chester Road North Ground, Kidderminster",3,27.5,27.5,Durham,Worcestershire,DG Bedingham,SG Borthwick,AW Finch,1,0,,,,,,,,,,,,,
1410207,2024,2024-04-19,"Chester Road North Ground, Kidderminster",3,27.6,27.6,Durham,Worcestershire,SG Borthwick,DG Bedingham,AW Finch,1,0,,,,,,,,,,,,,
1410207,2024,2024-04-19,"Chester Road North Ground, Kidderminster",3,28.1,28.1,Durham,Worcestershire,SG Borthwick,DG Bedingham,NG Smith,0,0,,,,,,,,,,,,,
1410207,2024,2024-04-19,"Chester Road North Ground, Kidderminster",3,28.2,28.2,Durham,Worcestershire,SG Borthwick,DG Bedingham,NG Smith,0,0,,,,,,,,,,,,,
1410207,2024,2024-04-19,"Chester Road North Ground, Kidderminster",3,28.3,28.3,Durham,Worcestershire,SG Borthwick,DG Bedingham,NG Smith,2,0,,,,,,,,,,,,,
1410207,2024,2024-04-19,"Chester Road North Ground, Kidderminster",3,28.4,28.4,Durham,Worcestershire,SG Borthwick,DG Bedingham,NG Smith,0,0,,,,,,,,,,,,,
1410207,2024,2024-04-19,"Chester Road North Ground, Kidderminster",3,28.5,28.5,Durham,Worcestershire,SG Borthwick,DG Bedingham,NG Smith,0,0,,,,,,,,,,,,,
1410207,2024,2024-04-19,"Chester Road North Ground, Kidderminster",3,28.6,28.6,Durham,Worcestershire,SG Borthwick,DG Bedingham,NG Smith,0,0,,,,,,,,,,,,,
1410207,2024,2024-04-19,"Chester Road North Ground, Kidderminster",3,29.1,29.1,Durham,Worcestershire,DG Bedingham,SG Borthwick,JO Baker,0,0,,,,,,,,,,,,,
1410207,2024,2024-04-19,"Chester Road North Ground, Kidderminster",3,29.2,29.2,Durham,Worcestershire,DG Bedingham,SG Borthwick,JO Baker,0,0,,,,,,,,,,,,,
1410207,2024,2024-04-19,"Chester Road North Ground, Kidderminster",3,29.3,29.3,Durham,Worcestershire,DG Bedingham,SG Borthwick,JO Baker,0,0,,,,,,,,,,,,,
1410207,2024,2024-04-19,"Chester Road North Ground, Kidderminster",3,29.4,29.4,Durham,Worcestershire,DG Bedingham,SG Borthwick,JO Baker,1,0,,,,,,,,,,,,,
1410207,2024,2024-04-19,"Chester Road North Ground, Kidderminster",3,29.5,29.5,Durham,Worcestershire,SG Borthwick,DG Bedingham,JO Baker,2,0,,,,,,,,,,,,,
1410207,2024,2024-04-19,"Chester Road North Ground, Kidderminster",3,29.6,29.6,Durham,Worcestershire,SG Borthwick,DG Bedingham,JO Baker,1,0,,,,,,,,,,,,,
1410207,2024,2024-04-19,"Chester Road North Ground, Kidderminster",3,30.1,30.1,Durham,Worcestershire,SG Borthwick,DG Bedingham,NG Smith,0,0,,,,,,,,,,,,,
1410207,2024,2024-04-19,"Chester Road North Ground, Kidderminster",3,30.2,30.2,Durham,Worcestershire,SG Borthwick,DG Bedingham,NG Smith,0,0,,,,,,,,,,,,,
1410207,2024,2024-04-19,"Chester Road North Ground, Kidderminster",3,30.3,30.3,Durham,Worcestershire,SG Borthwick,DG Bedingham,NG Smith,0,0,,,,,,,,,,,,,
1410207,2024,2024-04-19,"Chester Road North Ground, Kidderminster",3,30.4,30.4,Durham,Worcestershire,SG Borthwick,DG Bedingham,NG Smith,0,0,,,,,,,,,,,,,
1410207,2024,2024-04-19,"Chester Road North Ground, Kidderminster",3,30.5,30.5,Durham,Worcestershire,SG Borthwick,DG Bedingham,NG Smith,0,0,,,,,,,,,,,,,
1410207,2024,2024-04-19,"Chester Road North Ground, Kidderminster",3,30.6,30.6,Durham,Worcestershire,SG Borthwick,DG Bedingham,NG Smith,1,2,,2,,,,,,,,,,,
1410207,2024,2024-04-19,"Chester Road North Ground, Kidderminster",3,30.7,30.6,Durham,Worcestershire,DG Bedingham,SG Borthwick,NG Smith,0,0,,,,,,,,,,,,,
1410207,2024,2024-04-19,"Chester Road North Ground, Kidderminster",3,31.1,31.1,Durham,Worcestershire,SG Borthwick,DG Bedingham,JO Baker,1,0,,,,,,,,,,,,,
1410207,2024,2024-04-19,"Chester Road North Ground, Kidderminster",3,31.2,31.2,Durham,Worcestershire,DG Bedingham,SG Borthwick,JO Baker,0,0,,,,,,,,,,,,,
1410207,2024,2024-04-19,"Chester Road North Ground, Kidderminster",3,31.3,31.3,Durham,Worcestershire,DG Bedingham,SG Borthwick,JO Baker,0,4,,,4,,,,,,,,,,
1410207,2024,2024-04-19,"Chester Road North Ground, Kidderminster",3,31.4,31.4,Durham,Worcestershire,DG Bedingham,SG Borthwick,JO Baker,0,0,,,,,,,,,,,,,
1410207,2024,2024-04-19,"Chester Road North Ground, Kidderminster",3,31.5,31.5,Durham,Worcestershire,DG Bedingham,SG Borthwick,JO Baker,0,0,,,,,,,,,,,,,
1410207,2024,2024-04-19,"Chester Road North Ground, Kidderminster",3,31.6,31.6,Durham,Worcestershire,DG Bedingham,SG Borthwick,JO Baker,0,0,,,,,,,,,,,,,
1410207,2024,2024-04-19,"Chester Road North Ground, Kidderminster",3,32.1,32.1,Durham,Worcestershire,SG Borthwick,DG Bedingham,NG Smith,4,0,,,,,,,,,,,,,
1410207,2024,2024-04-19,"Chester Road North Ground, Kidderminster",3,32.2,32.2,Durham,Worcestershire,SG Borthwick,DG Bedingham,NG Smith,0,0,,,,,,,,,,,,,
1410207,2024,2024-04-19,"Chester Road North Ground, Kidderminster",3,32.3,32.3,Durham,Worcestershire,SG Borthwick,DG Bedingham,NG Smith,0,0,,,,,,,,,,,,,
1410207,2024,2024-04-19,"Chester Road North Ground, Kidderminster",3,32.4,32.4,Durham,Worcestershire,SG Borthwick,DG Bedingham,NG Smith,0,0,,,,,,,,,,,,,
1410207,2024,2024-04-19,"Chester Road North Ground, Kidderminster",3,32.5,32.5,Durham,Worcestershire,SG Borthwick,DG Bedingham,NG Smith,0,0,,,,,,,,,,,,,
1410207,2024,2024-04-19,"Chester Road North Ground, Kidderminster",3,32.6,32.6,Durham,Worcestershire,SG Borthwick,DG Bedingham,NG Smith,1,0,,,,,,,,,,,,,
1410207,2024,2024-04-19,"Chester Road North Ground, Kidderminster",3,33.1,33.1,Durham,Worcestershire,SG Borthwick,DG Bedingham,JO Baker,0,0,,,,,,,,,,,,,
1410207,2024,2024-04-19,"Chester Road North Ground, Kidderminster",3,33.2,33.2,Durham,Worcestershire,SG Borthwick,DG Bedingham,JO Baker,1,0,,,,,,,,,,,,,
1410207,2024,2024-04-19,"Chester Road North Ground, Kidderminster",3,33.3,33.3,Durham,Worcestershire,DG Bedingham,SG Borthwick,JO Baker,0,0,,,,,,,,,,,,,
1410207,2024,2024-04-19,"Chester Road North Ground, Kidderminster",3,33.4,33.4,Durham,Worcestershire,DG Bedingham,SG Borthwick,JO Baker,0,0,,,,,,,,,,,,,
1410207,2024,2024-04-19,"Chester Road North Ground, Kidderminster",3,33.5,33.5,Durham,Worcestershire,DG Bedingham,SG Borthwick,JO Baker,0,0,,,,,,,,,,,,,
1410207,2024,2024-04-19,"Chester Road North Ground, Kidderminster",3,33.6,33.6,Durham,Worcestershire,DG Bedingham,SG Borthwick,JO Baker,1,0,,,,,,,,,,,,,
1410207,2024,2024-04-19,"Chester Road North Ground, Kidderminster",3,34.1,34.1,Durham,Worcestershire,DG Bedingham,SG Borthwick,J Leach,2,0,,,,,,,,,,,,,
1410207,2024,2024-04-19,"Chester Road North Ground, Kidderminster",3,34.2,34.2,Durham,Worcestershire,DG Bedingham,SG Borthwick,J Leach,6,0,,,,,,,,,,,,,
1410207,2024,2024-04-19,"Chester Road North Ground, Kidderminster",3,34.3,34.3,Durham,Worcestershire,DG Bedingham,SG Borthwick,J Leach,1,0,,,,,,,,,,,,,
1410207,2024,2024-04-19,"Chester Road North Ground, Kidderminster",3,34.4,34.4,Durham,Worcestershire,SG Borthwick,DG Bedingham,J Leach,0,0,,,,,,,,,,,,,
1410207,2024,2024-04-19,"Chester Road North Ground, Kidderminster",3,34.5,34.5,Durham,Worcestershire,SG Borthwick,DG Bedingham,J Leach,1,0,,,,,,,,,,,,,
1410207,2024,2024-04-19,"Chester Road North Ground, Kidderminster",3,34.6,34.6,Durham,Worcestershire,DG Bedingham,SG Borthwick,J Leach,6,0,,,,,,,,,,,,,
1410207,2024,2024-04-19,"Chester Road North Ground, Kidderminster",3,35.1,35.1,Durham,Worcestershire,SG Borthwick,DG Bedingham,JO Baker,0,0,,,,,,,,,,,,,
1410207,2024,2024-04-19,"Chester Road North Ground, Kidderminster",3,35.2,35.2,Durham,Worcestershire,SG Borthwick,DG Bedingham,JO Baker,0,0,,,,,,,,,,,,,
1410207,2024,2024-04-19,"Chester Road North Ground, Kidderminster",3,35.3,35.3,Durham,Worcestershire,SG Borthwick,DG Bedingham,JO Baker,2,0,,,,,,,,,,,,,
1410207,2024,2024-04-19,"Chester Road North Ground, Kidderminster",3,35.4,35.4,Durham,Worcestershire,SG Borthwick,DG Bedingham,JO Baker,0,0,,,,,,,,,,,,,
1410207,2024,2024-04-19,"Chester Road North Ground, Kidderminster",3,35.5,35.5,Durham,Worcestershire,SG Borthwick,DG Bedingham,JO Baker,0,0,,,,,,,,,,,,,
1410207,2024,2024-04-19,"Chester Road North Ground, Kidderminster",3,35.6,35.6,Durham,Worcestershire,SG Borthwick,DG Bedingham,JO Baker,1,0,,,,,,,,,,,,,
1410207,2024,2024-04-19,"Chester Road North Ground, Kidderminster",3,36.1,36.1,Durham,Worcestershire,SG Borthwick,DG Bedingham,J Leach,0,0,,,,,,,,,,,,,
1410207,2024,2024-04-19,"Chester Road North Ground, Kidderminster",3,36.2,36.2,Durham,Worcestershire,SG Borthwick,DG Bedingham,J Leach,0,0,,,,,,,,,,,,,
1410207,2024,2024-04-19,"Chester Road North Ground, Kidderminster",3,36.3,36.3,Durham,Worcestershire,SG Borthwick,DG Bedingham,J Leach,1,0,,,,,,,,,,,,,
1410207,2024,2024-04-19,"Chester Road North Ground, Kidderminster",3,36.4,36.4,Durham,Worcestershire,DG Bedingham,SG Borthwick,J Leach,1,0,,,,,,,,,,,,,
1410207,2024,2024-04-19,"Chester Road North Ground, Kidderminster",3,36.5,36.5,Durham,Worcestershire,SG Borthwick,DG Bedingham,J Leach,0,0,,,,,,,,,,,,,
1410207,2024,2024-04-19,"Chester Road North Ground, Kidderminster",3,36.6,36.6,Durham,Worcestershire,SG Borthwick,DG Bedingham,J Leach,0,0,,,,,,,,,,,,,
1410207,2024,2024-04-19,"Chester Road North Ground, Kidderminster",3,37.1,37.1,Durham,Worcestershire,DG Bedingham,SG Borthwick,JO Baker,4,0,,,,,,,,,,,,,
1410207,2024,2024-04-19,"Chester Road North Ground, Kidderminster",3,37.2,37.2,Durham,Worcestershire,DG Bedingham,SG Borthwick,JO Baker,1,0,,,,,,,,,,,,,
1410207,2024,2024-04-19,"Chester Road North Ground, Kidderminster",3,37.3,37.3,Durham,Worcestershire,SG Borthwick,DG Bedingham,JO Baker,0,0,,,,,,,,,,,,,
1410207,2024,2024-04-19,"Chester Road North Ground, Kidderminster",3,37.4,37.4,Durham,Worcestershire,SG Borthwick,DG Bedingham,JO Baker,0,0,,,,,,,,,,,,,
1410207,2024,2024-04-19,"Chester Road North Ground, Kidderminster",3,37.5,37.5,Durham,Worcestershire,SG Borthwick,DG Bedingham,JO Baker,0,4,,,,4,,,,,,,,,
1410207,2024,2024-04-19,"Chester Road North Ground, Kidderminster",3,37.6,37.6,Durham,Worcestershire,SG Borthwick,DG Bedingham,JO Baker,0,0,,,,,,,,,,,,,
1410207,2024,2024-04-19,"Chester Road North Ground, Kidderminster",3,38.1,38.1,Durham,Worcestershire,DG Bedingham,SG Borthwick,J Leach,4,0,,,,,,,,,,,,,
1410207,2024,2024-04-19,"Chester Road North Ground, Kidderminster",3,38.2,38.2,Durham,Worcestershire,DG Bedingham,SG Borthwick,J Leach,1,0,,,,,,,,,,,,,
1410207,2024,2024-04-19,"Chester Road North Ground, Kidderminster",3,38.3,38.3,Durham,Worcestershire,SG Borthwick,DG Bedingham,J Leach,0,0,,,,,,,,,,,,,
1410207,2024,2024-04-19,"Chester Road North Ground, Kidderminster",3,38.4,38.4,Durham,Worcestershire,SG Borthwick,DG Bedingham,J Leach,1,0,,,,,,,,,,,,,
1410207,2024,2024-04-19,"Chester Road North Ground, Kidderminster",3,38.5,38.5,Durham,Worcestershire,DG Bedingham,SG Borthwick,J Leach,6,0,,,,,,,,,,,,,
1410207,2024,2024-04-19,"Chester Road North Ground, Kidderminster",3,38.6,38.6,Durham,Worcestershire,DG Bedingham,SG Borthwick,J Leach,0,0,,,,,,,,,,,,,
1410207,2024,2024-04-19,"Chester Road North Ground, Kidderminster",3,39.1,39.1,Durham,Worcestershire,SG Borthwick,DG Bedingham,JO Baker,1,0,,,,,,,,,,,,,
1410207,2024,2024-04-19,"Chester Road North Ground, Kidderminster",3,39.2,39.2,Durham,Worcestershire,DG Bedingham,SG Borthwick,JO Baker,0,0,,,,,,,,,,,,,
1410207,2024,2024-04-19,"Chester Road North Ground, Kidderminster",3,39.3,39.3,Durham,Worcestershire,DG Bedingham,SG Borthwick,JO Baker,6,0,,,,,,,,,,,,,
1410207,2024,2024-04-19,"Chester Road North Ground, Kidderminster",3,39.4,39.4,Durham,Worcestershire,DG Bedingham,SG Borthwick,JO Baker,6,0,,,,,,,,,,,,,
1410207,2024,2024-04-19,"Chester Road North Ground, Kidderminster",3,39.5,39.5,Durham,Worcestershire,DG Bedingham,SG Borthwick,JO Baker,0,0,,,,,,,,,,,,,
1410207,2024,2024-04-19,"Chester Road North Ground, Kidderminster",3,39.6,39.6,Durham,Worcestershire,DG Bedingham,SG Borthwick,JO Baker,1,0,,,,,,,,,,,,,
1410207,2024,2024-04-19,"Chester Road North Ground, Kidderminster",3,40.1,40.1,Durham,Worcestershire,DG Bedingham,SG Borthwick,JO Holder,0,0,,,,,,,,,,,,,
1410207,2024,2024-04-19,"Chester Road North Ground, Kidderminster",3,40.2,40.2,Durham,Worcestershire,DG Bedingham,SG Borthwick,JO Holder,1,0,,,,,,,,,,,,,
1410207,2024,2024-04-19,"Chester Road North Ground, Kidderminster",3,40.3,40.3,Durham,Worcestershire,SG Borthwick,DG Bedingham,JO Holder,0,0,,,,,,,,,,,,,
1410207,2024,2024-04-19,"Chester Road North Ground, Kidderminster",3,40.4,40.4,Durham,Worcestershire,SG Borthwick,DG Bedingham,JO Holder,0,0,,,,,,,,,,,,,
1410207,2024,2024-04-19,"Chester Road North Ground, Kidderminster",3,40.5,40.5,Durham,Worcestershire,SG Borthwick,DG Bedingham,JO Holder,1,0,,,,,,,,,,,,,
1410207,2024,2024-04-19,"Chester Road North Ground, Kidderminster",3,40.6,40.6,Durham,Worcestershire,DG Bedingham,SG Borthwick,JO Holder,0,0,,,,,,,,,,,,,
1410207,2024,2024-04-19,"Chester Road North Ground, Kidderminster",3,41.1,41.1,Durham,Worcestershire,SG Borthwick,DG Bedingham,MJ Waite,1,0,,,,,,,,,,,,,
1410207,2024,2024-04-19,"Chester Road North Ground, Kidderminster",3,41.2,41.2,Durham,Worcestershire,DG Bedingham,SG Borthwick,MJ Waite,1,0,,,,,,,,,,,,,
1410207,2024,2024-04-19,"Chester Road North Ground, Kidderminster",3,41.3,41.3,Durham,Worcestershire,SG Borthwick,DG Bedingham,MJ Waite,1,0,,,,,,,,,,,,,
1410207,2024,2024-04-19,"Chester Road North Ground, Kidderminster",3,41.4,41.4,Durham,Worcestershire,DG Bedingham,SG Borthwick,MJ Waite,0,0,,,,,,,,,,,,,
1410207,2024,2024-04-19,"Chester Road North Ground, Kidderminster",3,41.5,41.5,Durham,Worcestershire,DG Bedingham,SG Borthwick,MJ Waite,1,0,,,,,,,,,,,,,
1410207,2024,2024-04-19,"Chester Road North Ground, Kidderminster",3,41.6,41.6,Durham,Worcestershire,SG Borthwick,DG Bedingham,MJ Waite,2,0,,,,,,,,,,,,,
1410207,2024,2024-04-19,"Chester Road North Ground, Kidderminster",3,42.1,42.1,Durham,Worcestershire,DG Bedingham,SG Borthwick,JO Holder,1,0,,,,,,,,,,,,,
1410207,2024,2024-04-19,"Chester Road North Ground, Kidderminster",3,42.2,42.2,Durham,Worcestershire,SG Borthwick,DG Bedingham,JO Holder,1,0,,,,,,,,,,,,,
1410207,2024,2024-04-19,"Chester Road North Ground, Kidderminster",3,42.3,42.3,Durham,Worcestershire,DG Bedingham,SG Borthwick,JO Holder,0,0,,,,,,,,,,,,,
1410207,2024,2024-04-19,"Chester Road North Ground, Kidderminster",3,42.4,42.4,Durham,Worcestershire,DG Bedingham,SG Borthwick,JO Holder,4,0,,,,,,,,,,,,,
1410207,2024,2024-04-19,"Chester Road North Ground, Kidderminster",3,42.5,42.5,Durham,Worcestershire,DG Bedingham,SG Borthwick,JO Holder,4,0,,,,,,,,,,,,,
1410207,2024,2024-04-19,"Chester Road North Ground, Kidderminster",3,42.6,42.6,Durham,Worcestershire,DG Bedingham,SG Borthwick,JO Holder,4,0,,,,,,,,,,,,,
1410207,2024,2024-04-19,"Chester Road North Ground, Kidderminster",3,43.1,43.1,Durham,Worcestershire,SG Borthwick,DG Bedingham,MJ Waite,0,0,,,,,,,,,,,,,
1410207,2024,2024-04-19,"Chester Road North Ground, Kidderminster",3,43.2,43.2,Durham,Worcestershire,SG Borthwick,DG Bedingham,MJ Waite,1,0,,,,,,,,,,,,,
1410207,2024,2024-04-19,"Chester Road North Ground, Kidderminster",3,43.3,43.3,Durham,Worcestershire,DG Bedingham,SG Borthwick,MJ Waite,0,0,,,,,,,,,,,,,
1410207,2024,2024-04-19,"Chester Road North Ground, Kidderminster",3,43.4,43.4,Durham,Worcestershire,DG Bedingham,SG Borthwick,MJ Waite,0,0,,,,,,,,,,,,,
1410207,2024,2024-04-19,"Chester Road North Ground, Kidderminster",3,43.5,43.5,Durham,Worcestershire,DG Bedingham,SG Borthwick,MJ Waite,0,0,,,,,,,,,,,,,
1410207,2024,2024-04-19,"Chester Road North Ground, Kidderminster",3,43.6,43.6,Durham,Worcestershire,DG Bedingham,SG Borthwick,MJ Waite,1,0,,,,,,,,,,,,,
1410207,2024,2024-04-19,"Chester Road North Ground, Kidderminster",3,44.1,44.1,Durham,Worcestershire,DG Bedingham,SG Borthwick,JO Holder,6,0,,,,,,,,,,,,,
1410207,2024,2024-04-19,"Chester Road North Ground, Kidderminster",3,44.2,44.2,Durham,Worcestershire,DG Bedingham,SG Borthwick,JO Holder,1,0,,,,,,,,,,,,,
1410207,2024,2024-04-19,"Chester Road North Ground, Kidderminster",3,44.3,44.3,Durham,Worcestershire,SG Borthwick,DG Bedingham,JO Holder,0,0,,,,,,,,,,,,,
1410207,2024,2024-04-19,"Chester Road North Ground, Kidderminster",3,44.4,44.4,Durham,Worcestershire,SG Borthwick,DG Bedingham,JO Holder,0,0,,,,,,,,,,,,,
1410207,2024,2024-04-19,"Chester Road North Ground, Kidderminster",3,44.5,44.5,Durham,Worcestershire,SG Borthwick,DG Bedingham,JO Holder,0,0,,,,,,,,,,,,,
1410207,2024,2024-04-19,"Chester Road North Ground, Kidderminster",3,44.6,44.6,Durham,Worcestershire,SG Borthwick,DG Bedingham,JO Holder,0,0,,,,,,,,,,,,,
1410207,2024,2024-04-19,"Chester Road North Ground, Kidderminster",3,45.1,45.1,Durham,Worcestershire,DG Bedingham,SG Borthwick,MJ Waite,1,0,,,,,,,run out,SG Borthwick,,,NG Smith,,
1410207,2024,2024-04-19,"Chester Road North Ground, Kidderminster",3,45.2,45.2,Durham,Worcestershire,DG Bedingham,P Coughlin,MJ Waite,4,0,,,,,,,,,,,,,
1410207,2024,2024-04-19,"Chester Road North Ground, Kidderminster",3,45.3,45.3,Durham,Worcestershire,DG Bedingham,P Coughlin,MJ Waite,6,0,,,,,,,,,,,,,
1410207,2024,2024-04-19,"Chester Road North Ground, Kidderminster",3,45.4,45.4,Durham,Worcestershire,DG Bedingham,P Coughlin,MJ Waite,0,0,,,,,,,,,,,,,
1410207,2024,2024-04-19,"Chester Road North Ground, Kidderminster",3,45.5,45.5,Durham,Worcestershire,DG Bedingham,P Coughlin,MJ Waite,1,0,,,,,,,,,,,,,
1410207,2024,2024-04-19,"Chester Road North Ground, Kidderminster",3,45.6,45.6,Durham,Worcestershire,P Coughlin,DG Bedingham,MJ Waite,0,0,,,,,,,,,,,,,
1410207,2024,2024-04-19,"Chester Road North Ground, Kidderminster",3,46.1,46.1,Durham,Worcestershire,DG Bedingham,P Coughlin,JO Holder,1,0,,,,,,,,,,,,,
1410207,2024,2024-04-19,"Chester Road North Ground, Kidderminster",3,46.2,46.2,Durham,Worcestershire,P Coughlin,DG Bedingham,JO Holder,0,0,,,,,,,,,,,,,
1410207,2024,2024-04-19,"Chester Road North Ground, Kidderminster",3,46.3,46.3,Durham,Worcestershire,P Coughlin,DG Bedingham,JO Holder,4,0,,,,,,,,,,,,,
1410207,2024,2024-04-19,"Chester Road North Ground, Kidderminster",3,46.4,46.4,Durham,Worcestershire,P Coughlin,DG Bedingham,JO Holder,0,0,,,,,,,,,,,,,
1410207,2024,2024-04-19,"Chester Road North Ground, Kidderminster",3,46.5,46.5,Durham,Worcestershire,P Coughlin,DG Bedingham,JO Holder,1,0,,,,,,,,,,,,,
1410207,2024,2024-04-19,"Chester Road North Ground, Kidderminster",3,46.6,46.6,Durham,Worcestershire,DG Bedingham,P Coughlin,JO Holder,1,0,,,,,,,,,,,,,
1410207,2024,2024-04-19,"Chester Road North Ground, Kidderminster",3,47.1,47.1,Durham,Worcestershire,DG Bedingham,P Coughlin,AW Finch,0,1,1,,,,,,,,,,,,
1410207,2024,2024-04-19,"Chester Road North Ground, Kidderminster",3,47.2,47.1,Durham,Worcestershire,DG Bedingham,P Coughlin,AW Finch,1,0,,,,,,,,,,,,,
1410207,2024,2024-04-19,"Chester Road North Ground, Kidderminster",3,47.3,47.2,Durham,Worcestershire,P Coughlin,DG Bedingham,AW Finch,2,0,,,,,,,,,,,,,
1410207,2024,2024-04-19,"Chester Road North Ground, Kidderminster",3,47.4,47.3,Durham,Worcestershire,P Coughlin,DG Bedingham,AW Finch,0,0,,,,,,,caught,P Coughlin,,,GH Roderick,,
1410207,2024,2024-04-19,"Chester Road North Ground, Kidderminster",3,47.5,47.4,Durham,Worcestershire,OG Robinson,DG Bedingham,AW Finch,0,0,,,,,,,,,,,,,
1410207,2024,2024-04-19,"Chester Road North Ground, Kidderminster",3,47.6,47.5,Durham,Worcestershire,OG Robinson,DG Bedingham,AW Finch,0,0,,,,,,,,,,,,,
1410207,2024,2024-04-19,"Chester Road North Ground, Kidderminster",3,47.7,47.6,Durham,Worcestershire,OG Robinson,DG Bedingham,AW Finch,0,0,,,,,,,,,,,,,
1410207,2024,2024-04-19,"Chester Road North Ground, Kidderminster",3,48.1,48.1,Durham,Worcestershire,DG Bedingham,OG Robinson,NG Smith,2,0,,,,,,,,,,,,,
1410207,2024,2024-04-19,"Chester Road North Ground, Kidderminster",3,48.2,48.2,Durham,Worcestershire,DG Bedingham,OG Robinson,NG Smith,2,0,,,,,,,,,,,,,
1410207,2024,2024-04-19,"Chester Road North Ground, Kidderminster",3,48.3,48.3,Durham,Worcestershire,DG Bedingham,OG Robinson,NG Smith,6,0,,,,,,,,,,,,,
1410207,2024,2024-04-19,"Chester Road North Ground, Kidderminster",3,48.4,48.4,Durham,Worcestershire,DG Bedingham,OG Robinson,NG Smith,0,0,,,,,,,,,,,,,
1410207,2024,2024-04-19,"Chester Road North Ground, Kidderminster",3,48.5,48.5,Durham,Worcestershire,DG Bedingham,OG Robinson,NG Smith,0,1,1,,,,,,,,,,,,
1410207,2024,2024-04-19,"Chester Road North Ground, Kidderminster",3,48.6,48.5,Durham,Worcestershire,DG Bedingham,OG Robinson,NG Smith,0,0,,,,,,,caught,DG Bedingham,,,AJ Hose,,
1410207,2024,2024-04-19,"Chester Road North Ground, Kidderminster",3,48.7,48.6,Durham,Worcestershire,G Clark,OG Robinson,NG Smith,0,0,,,,,,,,,,,,,
1410207,2024,2024-04-19,"Chester Road North Ground, Kidderminster",3,49.1,49.1,Durham,Worcestershire,OG Robinson,G Clark,AW Finch,0,0,,,,,,,,,,,,,
1410207,2024,2024-04-19,"Chester Road North Ground, Kidderminster",3,49.2,49.2,Durham,Worcestershire,OG Robinson,G Clark,AW Finch,0,0,,,,,,,,,,,,,
1410207,2024,2024-04-19,"Chester Road North Ground, Kidderminster",3,49.3,49.3,Durham,Worcestershire,OG Robinson,G Clark,AW Finch,0,0,,,,,,,,,,,,,
1410207,2024,2024-04-19,"Chester Road North Ground, Kidderminster",3,49.4,49.4,Durham,Worcestershire,OG Robinson,G Clark,AW Finch,1,0,,,,,,,,,,,,,
1410207,2024,2024-04-19,"Chester Road North Ground, Kidderminster",3,49.5,49.5,Durham,Worcestershire,G Clark,OG Robinson,AW Finch,0,0,,,,,,,,,,,,,
1410207,2024,2024-04-19,"Chester Road North Ground, Kidderminster",3,49.6,49.6,Durham,Worcestershire,G Clark,OG Robinson,AW Finch,0,0,,,,,,,,,,,,,
1410207,2024,2024-04-19,"Chester Road North Ground, Kidderminster",3,50.1,50.1,Durham,Worcestershire,OG Robinson,G Clark,NG Smith,0,0,,,,,,,,,,,,,
1410207,2024,2024-04-19,"Chester Road North Ground, Kidderminster",3,50.2,50.2,Durham,Worcestershire,OG Robinson,G Clark,NG Smith,0,0,,,,,,,,,,,,,
1410207,2024,2024-04-19,"Chester Road North Ground, Kidderminster",3,50.3,50.3,Durham,Worcestershire,OG Robinson,G Clark,NG Smith,2,0,,,,,,,,,,,,,
1410207,2024,2024-04-19,"Chester Road North Ground, Kidderminster",3,50.4,50.4,Durham,Worcestershire,OG Robinson,G Clark,NG Smith,0,0,,,,,,,,,,,,,
1410207,2024,2024-04-19,"Chester Road North Ground, Kidderminster",3,50.5,50.5,Durham,Worcestershire,OG Robinson,G Clark,NG Smith,1,0,,,,,,,,,,,,,
1410207,2024,2024-04-19,"Chester Road North Ground, Kidderminster",3,50.6,50.6,Durham,Worcestershire,G Clark,OG Robinson,NG Smith,2,0,,,,,,,,,,,,,
1410207,2024,2024-04-19,"Chester Road North Ground, Kidderminster",3,51.1,51.1,Durham,Worcestershire,OG Robinson,G Clark,AW Finch,0,0,,,,,,,,,,,,,
1410207,2024,2024-04-19,"Chester Road North Ground, Kidderminster",3,51.2,51.2,Durham,Worcestershire,OG Robinson,G Clark,AW Finch,0,0,,,,,,,,,,,,,
1410207,2024,2024-04-19,"Chester Road North Ground, Kidderminster",3,51.3,51.3,Durham,Worcestershire,OG Robinson,G Clark,AW Finch,0,0,,,,,,,,,,,,,
1410207,2024,2024-04-19,"Chester Road North Ground, Kidderminster",3,51.4,51.4,Durham,Worcestershire,OG Robinson,G Clark,AW Finch,0,0,,,,,,,,,,,,,
1410207,2024,2024-04-19,"Chester Road North Ground, Kidderminster",3,51.5,51.5,Durham,Worcestershire,OG Robinson,G Clark,AW Finch,1,0,,,,,,,,,,,,,
1410207,2024,2024-04-19,"Chester Road North Ground, Kidderminster",3,51.6,51.6,Durham,Worcestershire,G Clark,OG Robinson,AW Finch,0,1,,,,1,,,,,,,,,
1410207,2024,2024-04-19,"Chester Road North Ground, Kidderminster",3,52.1,52.1,Durham,Worcestershire,G Clark,OG Robinson,NG Smith,0,0,,,,,,,,,,,,,
1410207,2024,2024-04-19,"Chester Road North Ground, Kidderminster",3,52.2,52.2,Durham,Worcestershire,G Clark,OG Robinson,NG Smith,0,0,,,,,,,,,,,,,
1410207,2024,2024-04-19,"Chester Road North Ground, Kidderminster",3,52.3,52.3,Durham,Worcestershire,G Clark,OG Robinson,NG Smith,0,0,,,,,,,,,,,,,
1410207,2024,2024-04-19,"Chester Road North Ground, Kidderminster",3,52.4,52.4,Durham,Worcestershire,G Clark,OG Robinson,NG Smith,0,0,,,,,,,,,,,,,
1410207,2024,2024-04-19,"Chester Road North Ground, Kidderminster",3,52.5,52.5,Durham,Worcestershire,G Clark,OG Robinson,NG Smith,0,0,,,,,,,,,,,,,
1410207,2024,2024-04-19,"Chester Road North Ground, Kidderminster",3,52.6,52.6,Durham,Worcestershire,G Clark,OG Robinson,NG Smith,0,0,,,,,,,,,,,,,
1410207,2024,2024-04-19,"Chester Road North Ground, Kidderminster",3,53.1,53.1,Durham,Worcestershire,OG Robinson,G Clark,JO Baker,1,0,,,,,,,,,,,,,
1410207,2024,2024-04-19,"Chester Road North Ground, Kidderminster",3,53.2,53.2,Durham,Worcestershire,G Clark,OG Robinson,JO Baker,2,0,,,,,,,,,,,,,
1410207,2024,2024-04-19,"Chester Road North Ground, Kidderminster",3,53.3,53.3,Durham,Worcestershire,G Clark,OG Robinson,JO Baker,0,0,,,,,,,,,,,,,
1410207,2024,2024-04-19,"Chester Road North Ground, Kidderminster",3,53.4,53.4,Durham,Worcestershire,G Clark,OG Robinson,JO Baker,0,0,,,,,,,,,,,,,
1410207,2024,2024-04-19,"Chester Road North Ground, Kidderminster",3,53.5,53.5,Durham,Worcestershire,G Clark,OG Robinson,JO Baker,0,0,,,,,,,,,,,,,
1410207,2024,2024-04-19,"Chester Road North Ground, Kidderminster",3,53.6,53.6,Durham,Worcestershire,G Clark,OG Robinson,JO Baker,0,1,,,,1,,,,,,,,,
1410207,2024,2024-04-19,"Chester Road North Ground, Kidderminster",3,54.1,54.1,Durham,Worcestershire,G Clark,OG Robinson,NG Smith,0,0,,,,,,,,,,,,,
1410207,2024,2024-04-19,"Chester Road North Ground, Kidderminster",3,54.2,54.2,Durham,Worcestershire,G Clark,OG Robinson,NG Smith,0,0,,,,,,,,,,,,,
1410207,2024,2024-04-19,"Chester Road North Ground, Kidderminster",3,54.3,54.3,Durham,Worcestershire,G Clark,OG Robinson,NG Smith,0,0,,,,,,,,,,,,,
1410207,2024,2024-04-19,"Chester Road North Ground, Kidderminster",3,54.4,54.4,Durham,Worcestershire,G Clark,OG Robinson,NG Smith,1,0,,,,,,,,,,,,,
1410207,2024,2024-04-19,"Chester Road North Ground, Kidderminster",3,54.5,54.5,Durham,Worcestershire,OG Robinson,G Clark,NG Smith,0,0,,,,,,,,,,,,,
1410207,2024,2024-04-19,"Chester Road North Ground, Kidderminster",3,54.6,54.6,Durham,Worcestershire,OG Robinson,G Clark,NG Smith,4,0,,,,,,,,,,,,,
1410207,2024,2024-04-19,"Chester Road North Ground, Kidderminster",3,55.1,55.1,Durham,Worcestershire,G Clark,OG Robinson,JO Baker,1,0,,,,,,,,,,,,,
1410207,2024,2024-04-19,"Chester Road North Ground, Kidderminster",3,55.2,55.2,Durham,Worcestershire,OG Robinson,G Clark,JO Baker,0,0,,,,,,,,,,,,,
1410207,2024,2024-04-19,"Chester Road North Ground, Kidderminster",3,55.3,55.3,Durham,Worcestershire,OG Robinson,G Clark,JO Baker,1,0,,,,,,,,,,,,,
1410207,2024,2024-04-19,"Chester Road North Ground, Kidderminster",3,55.4,55.4,Durham,Worcestershire,G Clark,OG Robinson,JO Baker,0,0,,,,,,,,,,,,,
1410207,2024,2024-04-19,"Chester Road North Ground, Kidderminster",3,55.5,55.5,Durham,Worcestershire,G Clark,OG Robinson,JO Baker,0,0,,,,,,,,,,,,,
1410207,2024,2024-04-19,"Chester Road North Ground, Kidderminster",3,55.6,55.6,Durham,Worcestershire,G Clark,OG Robinson,JO Baker,1,0,,,,,,,,,,,,,
1410207,2024,2024-04-19,"Chester Road North Ground, Kidderminster",3,56.1,56.1,Durham,Worcestershire,G Clark,OG Robinson,JO Holder,0,0,,,,,,,,,,,,,
1410207,2024,2024-04-19,"Chester Road North Ground, Kidderminster",3,56.2,56.2,Durham,Worcestershire,G Clark,OG Robinson,JO Holder,0,0,,,,,,,,,,,,,
1410207,2024,2024-04-19,"Chester Road North Ground, Kidderminster",3,56.3,56.3,Durham,Worcestershire,G Clark,OG Robinson,JO Holder,0,0,,,,,,,,,,,,,
1410207,2024,2024-04-19,"Chester Road North Ground, Kidderminster",3,56.4,56.4,Durham,Worcestershire,G Clark,OG Robinson,JO Holder,1,0,,,,,,,,,,,,,
1410207,2024,2024-04-19,"Chester Road North Ground, Kidderminster",3,56.5,56.5,Durham,Worcestershire,OG Robinson,G Clark,JO Holder,0,0,,,,,,,,,,,,,
1410207,2024,2024-04-19,"Chester Road North Ground, Kidderminster",3,56.6,56.6,Durham,Worcestershire,OG Robinson,G Clark,JO Holder,1,0,,,,,,,,,,,,,
1410207,2024,2024-04-19,"Chester Road North Ground, Kidderminster",3,57.1,57.1,Durham,Worcestershire,OG Robinson,G Clark,JO Baker,0,0,,,,,,,,,,,,,
1410207,2024,2024-04-19,"Chester Road North Ground, Kidderminster",3,57.2,57.2,Durham,Worcestershire,OG Robinson,G Clark,JO Baker,1,0,,,,,,,,,,,,,
1410207,2024,2024-04-19,"Chester Road North Ground, Kidderminster",3,57.3,57.3,Durham,Worcestershire,G Clark,OG Robinson,JO Baker,0,0,,,,,,,,,,,,,
1410207,2024,2024-04-19,"Chester Road North Ground, Kidderminster",3,57.4,57.4,Durham,Worcestershire,G Clark,OG Robinson,JO Baker,1,0,,,,,,,,,,,,,
1410207,2024,2024-04-19,"Chester Road North Ground, Kidderminster",3,57.5,57.5,Durham,Worcestershire,OG Robinson,G Clark,JO Baker,1,0,,,,,,,,,,,,,
1410207,2024,2024-04-19,"Chester Road North Ground, Kidderminster",3,57.6,57.6,Durham,Worcestershire,G Clark,OG Robinson,JO Baker,0,0,,,,,,,,,,,,,
1410207,2024,2024-04-19,"Chester Road North Ground, Kidderminster",3,58.1,58.1,Durham,Worcestershire,OG Robinson,G Clark,JO Holder,1,2,,2,,,,,,,,,,,
1410207,2024,2024-04-19,"Chester Road North Ground, Kidderminster",3,58.2,58.1,Durham,Worcestershire,G Clark,OG Robinson,JO Holder,0,0,,,,,,,,,,,,,
1410207,2024,2024-04-19,"Chester Road North Ground, Kidderminster",3,58.3,58.2,Durham,Worcestershire,G Clark,OG Robinson,JO Holder,1,0,,,,,,,,,,,,,
1410207,2024,2024-04-19,"Chester Road North Ground, Kidderminster",3,58.4,58.3,Durham,Worcestershire,OG Robinson,G Clark,JO Holder,0,0,,,,,,,,,,,,,
1410207,2024,2024-04-19,"Chester Road North Ground, Kidderminster",3,58.5,58.4,Durham,Worcestershire,OG Robinson,G Clark,JO Holder,4,0,,,,,,,,,,,,,
1410207,2024,2024-04-19,"Chester Road North Ground, Kidderminster",3,58.6,58.5,Durham,Worcestershire,OG Robinson,G Clark,JO Holder,0,0,,,,,,,,,,,,,
1410207,2024,2024-04-19,"Chester Road North Ground, Kidderminster",3,58.7,58.6,Durham,Worcestershire,OG Robinson,G Clark,JO Holder,0,0,,,,,,,,,,,,,
1410207,2024,2024-04-19,"Chester Road North Ground, Kidderminster",3,59.1,59.1,Durham,Worcestershire,G Clark,OG Robinson,JO Baker,0,0,,,,,,,,,,,,,
1410207,2024,2024-04-19,"Chester Road North Ground, Kidderminster",3,59.2,59.2,Durham,Worcestershire,G Clark,OG Robinson,JO Baker,0,0,,,,,,,,,,,,,
1410207,2024,2024-04-19,"Chester Road North Ground, Kidderminster",3,59.3,59.3,Durham,Worcestershire,G Clark,OG Robinson,JO Baker,0,0,,,,,,,,,,,,,
1410207,2024,2024-04-19,"Chester Road North Ground, Kidderminster",3,59.4,59.4,Durham,Worcestershire,G Clark,OG Robinson,JO Baker,1,0,,,,,,,,,,,,,
1410207,2024,2024-04-19,"Chester Road North Ground, Kidderminster",3,59.5,59.5,Durham,Worcestershire,OG Robinson,G Clark,JO Baker,1,0,,,,,,,,,,,,,
1410207,2024,2024-04-19,"Chester Road North Ground, Kidderminster",3,59.6,59.6,Durham,Worcestershire,G Clark,OG Robinson,JO Baker,1,0,,,,,,,,,,,,,
1410207,2024,2024-04-19,"Chester Road North Ground, Kidderminster",3,60.1,60.1,Durham,Worcestershire,G Clark,OG Robinson,JO Holder,0,1,,,,1,,,,,,,,,
1410207,2024,2024-04-19,"Chester Road North Ground, Kidderminster",3,60.2,60.2,Durham,Worcestershire,OG Robinson,G Clark,JO Holder,2,0,,,,,,,,,,,,,
1410207,2024,2024-04-19,"Chester Road North Ground, Kidderminster",3,60.3,60.3,Durham,Worcestershire,OG Robinson,G Clark,JO Holder,1,0,,,,,,,,,,,,,
1410207,2024,2024-04-19,"Chester Road North Ground, Kidderminster",3,60.4,60.4,Durham,Worcestershire,G Clark,OG Robinson,JO Holder,1,0,,,,,,,,,,,,,
1410207,2024,2024-04-19,"Chester Road North Ground, Kidderminster",3,60.5,60.5,Durham,Worcestershire,OG Robinson,G Clark,JO Holder,0,0,,,,,,,,,,,,,
1410207,2024,2024-04-19,"Chester Road North Ground, Kidderminster",3,60.6,60.6,Durham,Worcestershire,OG Robinson,G Clark,JO Holder,1,0,,,,,,,,,,,,,
1410207,2024,2024-04-19,"Chester Road North Ground, Kidderminster",3,61.1,61.1,Durham,Worcestershire,OG Robinson,G Clark,JO Baker,0,0,,,,,,,,,,,,,
1410207,2024,2024-04-19,"Chester Road North Ground, Kidderminster",3,61.2,61.2,Durham,Worcestershire,OG Robinson,G Clark,JO Baker,1,0,,,,,,,,,,,,,
1410207,2024,2024-04-19,"Chester Road North Ground, Kidderminster",3,61.3,61.3,Durham,Worcestershire,G Clark,OG Robinson,JO Baker,1,0,,,,,,,,,,,,,
1410207,2024,2024-04-19,"Chester Road North Ground, Kidderminster",3,61.4,61.4,Durham,Worcestershire,OG Robinson,G Clark,JO Baker,1,0,,,,,,,,,,,,,
1410207,2024,2024-04-19,"Chester Road North Ground, Kidderminster",3,61.5,61.5,Durham,Worcestershire,G Clark,OG Robinson,JO Baker,1,0,,,,,,,,,,,,,
1410207,2024,2024-04-19,"Chester Road North Ground, Kidderminster",3,61.6,61.6,Durham,Worcestershire,OG Robinson,G Clark,JO Baker,1,0,,,,,,,,,,,,,
1410207,2024,2024-04-19,"Chester Road North Ground, Kidderminster",3,62.1,62.1,Durham,Worcestershire,OG Robinson,G Clark,JD Libby,2,0,,,,,,,,,,,,,
1410207,2024,2024-04-19,"Chester Road North Ground, Kidderminster",3,62.2,62.2,Durham,Worcestershire,OG Robinson,G Clark,JD Libby,1,0,,,,,,,,,,,,,
1410207,2024,2024-04-19,"Chester Road North Ground, Kidderminster",3,62.3,62.3,Durham,Worcestershire,G Clark,OG Robinson,JD Libby,0,0,,,,,,,,,,,,,
1410207,2024,2024-04-19,"Chester Road North Ground, Kidderminster",3,62.4,62.4,Durham,Worcestershire,G Clark,OG Robinson,JD Libby,0,0,,,,,,,,,,,,,
1410207,2024,2024-04-19,"Chester Road North Ground, Kidderminster",3,62.5,62.5,Durham,Worcestershire,G Clark,OG Robinson,JD Libby,1,0,,,,,,,,,,,,,
1410207,2024,2024-04-19,"Chester Road North Ground, Kidderminster",3,62.6,62.6,Durham,Worcestershire,OG Robinson,G Clark,JD Libby,0,0,,,,,,,,,,,,,
1410207,2024,2024-04-19,"Chester Road North Ground, Kidderminster",3,63.1,63.1,Durham,Worcestershire,G Clark,OG Robinson,JO Baker,1,0,,,,,,,,,,,,,
1410207,2024,2024-04-19,"Chester Road North Ground, Kidderminster",3,63.2,63.2,Durham,Worcestershire,OG Robinson,G Clark,JO Baker,0,0,,,,,,,,,,,,,
1410207,2024,2024-04-19,"Chester Road North Ground, Kidderminster",3,63.3,63.3,Durham,Worcestershire,OG Robinson,G Clark,JO Baker,1,0,,,,,,,,,,,,,
1410207,2024,2024-04-19,"Chester Road North Ground, Kidderminster",3,63.4,63.4,Durham,Worcestershire,G Clark,OG Robinson,JO Baker,1,0,,,,,,,,,,,,,
1410207,2024,2024-04-19,"Chester Road North Ground, Kidderminster",3,63.5,63.5,Durham,Worcestershire,OG Robinson,G Clark,JO Baker,0,0,,,,,,,,,,,,,
1410207,2024,2024-04-19,"Chester Road North Ground, Kidderminster",3,63.6,63.6,Durham,Worcestershire,OG Robinson,G Clark,JO Baker,0,0,,,,,,,,,,,,,
1410207,2024,2024-04-19,"Chester Road North Ground, Kidderminster",3,64.1,64.1,Durham,Worcestershire,G Clark,OG Robinson,AW Finch,0,0,,,,,,,,,,,,,
1410207,2024,2024-04-19,"Chester Road North Ground, Kidderminster",3,64.2,64.2,Durham,Worcestershire,G Clark,OG Robinson,AW Finch,0,0,,,,,,,,,,,,,
1410207,2024,2024-04-19,"Chester Road North Ground, Kidderminster",3,64.3,64.3,Durham,Worcestershire,G Clark,OG Robinson,AW Finch,0,0,,,,,,,,,,,,,
1410207,2024,2024-04-19,"Chester Road North Ground, Kidderminster",3,64.4,64.4,Durham,Worcestershire,G Clark,OG Robinson,AW Finch,0,0,,,,,,,,,,,,,
1410207,2024,2024-04-19,"Chester Road North Ground, Kidderminster",3,64.5,64.5,Durham,Worcestershire,G Clark,OG Robinson,AW Finch,0,0,,,,,,,,,,,,,
1410207,2024,2024-04-19,"Chester Road North Ground, Kidderminster",3,64.6,64.6,Durham,Worcestershire,G Clark,OG Robinson,AW Finch,2,0,,,,,,,,,,,,,
1410207,2024,2024-04-19,"Chester Road North Ground, Kidderminster",3,65.1,65.1,Durham,Worcestershire,OG Robinson,G Clark,J Leach,0,0,,,,,,,,,,,,,
1410207,2024,2024-04-19,"Chester Road North Ground, Kidderminster",3,65.2,65.2,Durham,Worcestershire,OG Robinson,G Clark,J Leach,0,0,,,,,,,,,,,,,
1410207,2024,2024-04-19,"Chester Road North Ground, Kidderminster",3,65.3,65.3,Durham,Worcestershire,OG Robinson,G Clark,J Leach,1,0,,,,,,,,,,,,,
1410207,2024,2024-04-19,"Chester Road North Ground, Kidderminster",3,65.4,65.4,Durham,Worcestershire,G Clark,OG Robinson,J Leach,2,0,,,,,,,,,,,,,
1410207,2024,2024-04-19,"Chester Road North Ground, Kidderminster",3,65.5,65.5,Durham,Worcestershire,G Clark,OG Robinson,J Leach,1,0,,,,,,,,,,,,,
1410207,2024,2024-04-19,"Chester Road North Ground, Kidderminster",3,65.6,65.6,Durham,Worcestershire,OG Robinson,G Clark,J Leach,0,0,,,,,,,,,,,,,
1410207,2024,2024-04-19,"Chester Road North Ground, Kidderminster",3,66.1,66.1,Durham,Worcestershire,G Clark,OG Robinson,AW Finch,0,0,,,,,,,,,,,,,
1410207,2024,2024-04-19,"Chester Road North Ground, Kidderminster",3,66.2,66.2,Durham,Worcestershire,G Clark,OG Robinson,AW Finch,0,0,,,,,,,,,,,,,
1410207,2024,2024-04-19,"Chester Road North Ground, Kidderminster",3,66.3,66.3,Durham,Worcestershire,G Clark,OG Robinson,AW Finch,0,0,,,,,,,,,,,,,
1410207,2024,2024-04-19,"Chester Road North Ground, Kidderminster",3,66.4,66.4,Durham,Worcestershire,G Clark,OG Robinson,AW Finch,4,0,,,,,,,,,,,,,
1410207,2024,2024-04-19,"Chester Road North Ground, Kidderminster",3,66.5,66.5,Durham,Worcestershire,G Clark,OG Robinson,AW Finch,1,0,,,,,,,,,,,,,
1410207,2024,2024-04-19,"Chester Road North Ground, Kidderminster",3,66.6,66.6,Durham,Worcestershire,OG Robinson,G Clark,AW Finch,0,0,,,,,,,,,,,,,
1410207,2024,2024-04-19,"Chester Road North Ground, Kidderminster",3,67.1,67.1,Durham,Worcestershire,G Clark,OG Robinson,J Leach,1,0,,,,,,,,,,,,,
1410207,2024,2024-04-19,"Chester Road North Ground, Kidderminster",3,67.2,67.2,Durham,Worcestershire,OG Robinson,G Clark,J Leach,0,0,,,,,,,,,,,,,
1410207,2024,2024-04-19,"Chester Road North Ground, Kidderminster",3,67.3,67.3,Durham,Worcestershire,OG Robinson,G Clark,J Leach,4,0,,,,,,,,,,,,,
1410207,2024,2024-04-19,"Chester Road North Ground, Kidderminster",3,67.4,67.4,Durham,Worcestershire,OG Robinson,G Clark,J Leach,1,0,,,,,,,,,,,,,
1410207,2024,2024-04-19,"Chester Road North Ground, Kidderminster",3,67.5,67.5,Durham,Worcestershire,G Clark,OG Robinson,J Leach,1,0,,,,,,,,,,,,,
1410207,2024,2024-04-19,"Chester Road North Ground, Kidderminster",3,67.6,67.6,Durham,Worcestershire,OG Robinson,G Clark,J Leach,0,0,,,,,,,,,,,,,
1410207,2024,2024-04-19,"Chester Road North Ground, Kidderminster",3,68.1,68.1,Durham,Worcestershire,G Clark,OG Robinson,AW Finch,1,0,,,,,,,,,,,,,
1410207,2024,2024-04-19,"Chester Road North Ground, Kidderminster",3,68.2,68.2,Durham,Worcestershire,OG Robinson,G Clark,AW Finch,1,0,,,,,,,,,,,,,
1410207,2024,2024-04-19,"Chester Road North Ground, Kidderminster",3,68.3,68.3,Durham,Worcestershire,G Clark,OG Robinson,AW Finch,0,0,,,,,,,,,,,,,
1410207,2024,2024-04-19,"Chester Road North Ground, Kidderminster",3,68.4,68.4,Durham,Worcestershire,G Clark,OG Robinson,AW Finch,0,0,,,,,,,,,,,,,
1410207,2024,2024-04-19,"Chester Road North Ground, Kidderminster",3,68.5,68.5,Durham,Worcestershire,G Clark,OG Robinson,AW Finch,0,0,,,,,,,,,,,,,
1410207,2024,2024-04-19,"Chester Road North Ground, Kidderminster",3,68.6,68.6,Durham,Worcestershire,G Clark,OG Robinson,AW Finch,0,1,,,,1,,,,,,,,,
1410207,2024,2024-04-19,"Chester Road North Ground, Kidderminster",3,69.1,69.1,Durham,Worcestershire,G Clark,OG Robinson,J Leach,1,0,,,,,,,,,,,,,
1410207,2024,2024-04-19,"Chester Road North Ground, Kidderminster",3,69.2,69.2,Durham,Worcestershire,OG Robinson,G Clark,J Leach,1,0,,,,,,,,,,,,,
1410207,2024,2024-04-19,"Chester Road North Ground, Kidderminster",3,69.3,69.3,Durham,Worcestershire,G Clark,OG Robinson,J Leach,0,0,,,,,,,,,,,,,
1410207,2024,2024-04-19,"Chester Road North Ground, Kidderminster",3,69.4,69.4,Durham,Worcestershire,G Clark,OG Robinson,J Leach,0,0,,,,,,,,,,,,,
1410207,2024,2024-04-19,"Chester Road North Ground, Kidderminster",3,69.5,69.5,Durham,Worcestershire,G Clark,OG Robinson,J Leach,1,0,,,,,,,,,,,,,
1410207,2024,2024-04-19,"Chester Road North Ground, Kidderminster",3,69.6,69.6,Durham,Worcestershire,OG Robinson,G Clark,J Leach,1,0,,,,,,,,,,,,,
1410207,2024,2024-04-19,"Chester Road North Ground, Kidderminster",3,70.1,70.1,Durham,Worcestershire,OG Robinson,G Clark,AW Finch,0,0,,,,,,,,,,,,,
1410207,2024,2024-04-19,"Chester Road North Ground, Kidderminster",3,70.2,70.2,Durham,Worcestershire,OG Robinson,G Clark,AW Finch,2,0,,,,,,,,,,,,,
1410207,2024,2024-04-19,"Chester Road North Ground, Kidderminster",3,70.3,70.3,Durham,Worcestershire,OG Robinson,G Clark,AW Finch,0,0,,,,,,,,,,,,,
1410207,2024,2024-04-19,"Chester Road North Ground, Kidderminster",3,70.4,70.4,Durham,Worcestershire,OG Robinson,G Clark,AW Finch,4,0,,,,,,,,,,,,,
1410207,2024,2024-04-19,"Chester Road North Ground, Kidderminster",3,70.5,70.5,Durham,Worcestershire,OG Robinson,G Clark,AW Finch,4,0,,,,,,,,,,,,,
1410207,2024,2024-04-19,"Chester Road North Ground, Kidderminster",3,70.6,70.6,Durham,Worcestershire,OG Robinson,G Clark,AW Finch,1,0,,,,,,,,,,,,,
1410207,2024,2024-04-19,"Chester Road North Ground, Kidderminster",3,71.1,71.1,Durham,Worcestershire,OG Robinson,G Clark,J Leach,0,0,,,,,,,,,,,,,
1410207,2024,2024-04-19,"Chester Road North Ground, Kidderminster",3,71.2,71.2,Durham,Worcestershire,OG Robinson,G Clark,J Leach,1,0,,,,,,,,,,,,,
1410207,2024,2024-04-19,"Chester Road North Ground, Kidderminster",3,71.3,71.3,Durham,Worcestershire,G Clark,OG Robinson,J Leach,2,0,,,,,,,,,,,,,
1410207,2024,2024-04-19,"Chester Road North Ground, Kidderminster",3,71.4,71.4,Durham,Worcestershire,G Clark,OG Robinson,J Leach,0,0,,,,,,,,,,,,,
1410207,2024,2024-04-19,"Chester Road North Ground, Kidderminster",3,71.5,71.5,Durham,Worcestershire,G Clark,OG Robinson,J Leach,4,0,,,,,,,,,,,,,
1410207,2024,2024-04-19,"Chester Road North Ground, Kidderminster",3,71.6,71.6,Durham,Worcestershire,G Clark,OG Robinson,J Leach,1,0,,,,,,,,,,,,,
1410207,2024,2024-04-19,"Chester Road North Ground, Kidderminster",3,72.1,72.1,Durham,Worcestershire,G Clark,OG Robinson,AW Finch,0,0,,,,,,,,,,,,,
1410207,2024,2024-04-19,"Chester Road North Ground, Kidderminster",3,72.2,72.2,Durham,Worcestershire,G Clark,OG Robinson,AW Finch,1,0,,,,,,,,,,,,,
1410207,2024,2024-04-19,"Chester Road North Ground, Kidderminster",3,72.3,72.3,Durham,Worcestershire,OG Robinson,G Clark,AW Finch,1,0,,,,,,,,,,,,,
1410207,2024,2024-04-19,"Chester Road North Ground, Kidderminster",3,72.4,72.4,Durham,Worcestershire,G Clark,OG Robinson,AW Finch,0,0,,,,,,,,,,,,,
1410207,2024,2024-04-19,"Chester Road North Ground, Kidderminster",3,72.5,72.5,Durham,Worcestershire,G Clark,OG Robinson,AW Finch,0,4,,,,4,,,,,,,,,
1410207,2024,2024-04-19,"Chester Road North Ground, Kidderminster",3,72.6,72.6,Durham,Worcestershire,G Clark,OG Robinson,AW Finch,0,0,,,,,,,,,,,,,
1410207,2024,2024-04-19,"Chester Road North Ground, Kidderminster",3,73.1,73.1,Durham,Worcestershire,OG Robinson,G Clark,MJ Waite,1,0,,,,,,,,,,,,,
1410207,2024,2024-04-19,"Chester Road North Ground, Kidderminster",3,73.2,73.2,Durham,Worcestershire,G Clark,OG Robinson,MJ Waite,1,0,,,,,,,,,,,,,
1410207,2024,2024-04-19,"Chester Road North Ground, Kidderminster",3,73.3,73.3,Durham,Worcestershire,OG Robinson,G Clark,MJ Waite,0,0,,,,,,,,,,,,,
1410207,2024,2024-04-19,"Chester Road North Ground, Kidderminster",3,73.4,73.4,Durham,Worcestershire,OG Robinson,G Clark,MJ Waite,1,0,,,,,,,,,,,,,
1410207,2024,2024-04-19,"Chester Road North Ground, Kidderminster",3,73.5,73.5,Durham,Worcestershire,G Clark,OG Robinson,MJ Waite,0,0,,,,,,,,,,,,,
1410207,2024,2024-04-19,"Chester Road North Ground, Kidderminster",3,73.6,73.6,Durham,Worcestershire,G Clark,OG Robinson,MJ Waite,0,0,,,,,,,,,,,,,
1410207,2024,2024-04-19,"Chester Road North Ground, Kidderminster",3,74.1,74.1,Durham,Worcestershire,OG Robinson,G Clark,AW Finch,0,2,,,,2,,,,,,,,,
1410207,2024,2024-04-19,"Chester Road North Ground, Kidderminster",3,74.2,74.2,Durham,Worcestershire,OG Robinson,G Clark,AW Finch,1,0,,,,,,,,,,,,,
1410207,2024,2024-04-19,"Chester Road North Ground, Kidderminster",3,74.3,74.3,Durham,Worcestershire,G Clark,OG Robinson,AW Finch,1,0,,,,,,,,,,,,,
1410207,2024,2024-04-19,"Chester Road North Ground, Kidderminster",3,74.4,74.4,Durham,Worcestershire,OG Robinson,G Clark,AW Finch,0,0,,,,,,,,,,,,,
1410207,2024,2024-04-19,"Chester Road North Ground, Kidderminster",3,74.5,74.5,Durham,Worcestershire,OG Robinson,G Clark,AW Finch,1,0,,,,,,,,,,,,,
1410207,2024,2024-04-19,"Chester Road North Ground, Kidderminster",3,74.6,74.6,Durham,Worcestershire,G Clark,OG Robinson,AW Finch,0,1,,,,1,,,,,,,,,
1410207,2024,2024-04-19,"Chester Road North Ground, Kidderminster",3,75.1,75.1,Durham,Worcestershire,G Clark,OG Robinson,MJ Waite,0,0,,,,,,,,,,,,,
1410207,2024,2024-04-19,"Chester Road North Ground, Kidderminster",3,75.2,75.2,Durham,Worcestershire,G Clark,OG Robinson,MJ Waite,1,0,,,,,,,,,,,,,
1410207,2024,2024-04-19,"Chester Road North Ground, Kidderminster",3,75.3,75.3,Durham,Worcestershire,OG Robinson,G Clark,MJ Waite,0,0,,,,,,,,,,,,,
1410207,2024,2024-04-19,"Chester Road North Ground, Kidderminster",3,75.4,75.4,Durham,Worcestershire,OG Robinson,G Clark,MJ Waite,1,0,,,,,,,,,,,,,
1410207,2024,2024-04-19,"Chester Road North Ground, Kidderminster",3,75.5,75.5,Durham,Worcestershire,G Clark,OG Robinson,MJ Waite,0,0,,,,,,,,,,,,,
1410207,2024,2024-04-19,"Chester Road North Ground, Kidderminster",3,75.6,75.6,Durham,Worcestershire,G Clark,OG Robinson,MJ Waite,4,0,,,,,,,,,,,,,
1410207,2024,2024-04-19,"Chester Road North Ground, Kidderminster",3,76.1,76.1,Durham,Worcestershire,OG Robinson,G Clark,NG Smith,6,0,,,,,,,,,,,,,
1410207,2024,2024-04-19,"Chester Road North Ground, Kidderminster",3,76.2,76.2,Durham,Worcestershire,OG Robinson,G Clark,NG Smith,0,1,,,,1,,,,,,,,,
1410207,2024,2024-04-19,"Chester Road North Ground, Kidderminster",3,76.3,76.3,Durham,Worcestershire,G Clark,OG Robinson,NG Smith,1,0,,,,,,,,,,,,,
1410207,2024,2024-04-19,"Chester Road North Ground, Kidderminster",3,76.4,76.4,Durham,Worcestershire,OG Robinson,G Clark,NG Smith,0,1,1,,,,,,,,,,,,
1410207,2024,2024-04-19,"Chester Road North Ground, Kidderminster",3,76.5,76.4,Durham,Worcestershire,OG Robinson,G Clark,NG Smith,2,0,,,,,,,,,,,,,
1410207,2024,2024-04-19,"Chester Road North Ground, Kidderminster",3,76.6,76.5,Durham,Worcestershire,OG Robinson,G Clark,NG Smith,1,0,,,,,,,,,,,,,
1410207,2024,2024-04-19,"Chester Road North Ground, Kidderminster",3,76.7,76.6,Durham,Worcestershire,G Clark,OG Robinson,NG Smith,1,0,,,,,,,,,,,,,
1410207,2024,2024-04-19,"Chester Road North Ground, Kidderminster",4,0.1,0.1,Worcestershire,Durham,GH Roderick,JD Libby,BA Raine,0,0,,,,,,,,,,,,,
1410207,2024,2024-04-19,"Chester Road North Ground, Kidderminster",4,0.2,0.2,Worcestershire,Durham,GH Roderick,JD Libby,BA Raine,0,0,,,,,,,,,,,,,
1410207,2024,2024-04-19,"Chester Road North Ground, Kidderminster",4,0.3,0.3,Worcestershire,Durham,GH Roderick,JD Libby,BA Raine,0,0,,,,,,,,,,,,,
1410207,2024,2024-04-19,"Chester Road North Ground, Kidderminster",4,0.4,0.4,Worcestershire,Durham,GH Roderick,JD Libby,BA Raine,1,0,,,,,,,,,,,,,
1410207,2024,2024-04-19,"Chester Road North Ground, Kidderminster",4,0.5,0.5,Worcestershire,Durham,JD Libby,GH Roderick,BA Raine,0,0,,,,,,,,,,,,,
1410207,2024,2024-04-19,"Chester Road North Ground, Kidderminster",4,0.6,0.6,Worcestershire,Durham,JD Libby,GH Roderick,BA Raine,1,0,,,,,,,,,,,,,
1410207,2024,2024-04-19,"Chester Road North Ground, Kidderminster",4,1.1,1.1,Worcestershire,Durham,JD Libby,GH Roderick,MJ Potts,1,0,,,,,,,,,,,,,
1410207,2024,2024-04-19,"Chester Road North Ground, Kidderminster",4,1.2,1.2,Worcestershire,Durham,GH Roderick,JD Libby,MJ Potts,4,0,,,,,,,,,,,,,
1410207,2024,2024-04-19,"Chester Road North Ground, Kidderminster",4,1.3,1.3,Worcestershire,Durham,GH Roderick,JD Libby,MJ Potts,4,0,,,,,,,,,,,,,
1410207,2024,2024-04-19,"Chester Road North Ground, Kidderminster",4,1.4,1.4,Worcestershire,Durham,GH Roderick,JD Libby,MJ Potts,0,0,,,,,,,,,,,,,
1410207,2024,2024-04-19,"Chester Road North Ground, Kidderminster",4,1.5,1.5,Worcestershire,Durham,GH Roderick,JD Libby,MJ Potts,0,0,,,,,,,,,,,,,
1410207,2024,2024-04-19,"Chester Road North Ground, Kidderminster",4,1.6,1.6,Worcestershire,Durham,GH Roderick,JD Libby,MJ Potts,0,0,,,,,,,,,,,,,
1410207,2024,2024-04-19,"Chester Road North Ground, Kidderminster",4,2.1,2.1,Worcestershire,Durham,JD Libby,GH Roderick,BA Raine,0,0,,,,,,,,,,,,,
1410207,2024,2024-04-19,"Chester Road North Ground, Kidderminster",4,2.2,2.2,Worcestershire,Durham,JD Libby,GH Roderick,BA Raine,1,0,,,,,,,,,,,,,
1410207,2024,2024-04-19,"Chester Road North Ground, Kidderminster",4,2.3,2.3,Worcestershire,Durham,GH Roderick,JD Libby,BA Raine,0,0,,,,,,,,,,,,,
1410207,2024,2024-04-19,"Chester Road North Ground, Kidderminster",4,2.4,2.4,Worcestershire,Durham,GH Roderick,JD Libby,BA Raine,0,0,,,,,,,,,,,,,
1410207,2024,2024-04-19,"Chester Road North Ground, Kidderminster",4,2.5,2.5,Worcestershire,Durham,GH Roderick,JD Libby,BA Raine,0,0,,,,,,,,,,,,,
1410207,2024,2024-04-19,"Chester Road North Ground, Kidderminster",4,2.6,2.6,Worcestershire,Durham,GH Roderick,JD Libby,BA Raine,0,0,,,,,,,,,,,,,
1410207,2024,2024-04-19,"Chester Road North Ground, Kidderminster",4,3.1,3.1,Worcestershire,Durham,JD Libby,GH Roderick,MJ Potts,0,0,,,,,,,,,,,,,
1410207,2024,2024-04-19,"Chester Road North Ground, Kidderminster",4,3.2,3.2,Worcestershire,Durham,JD Libby,GH Roderick,MJ Potts,1,0,,,,,,,,,,,,,
1410207,2024,2024-04-19,"Chester Road North Ground, Kidderminster",4,3.3,3.3,Worcestershire,Durham,GH Roderick,JD Libby,MJ Potts,1,0,,,,,,,,,,,,,
1410207,2024,2024-04-19,"Chester Road North Ground, Kidderminster",4,3.4,3.4,Worcestershire,Durham,JD Libby,GH Roderick,MJ Potts,0,0,,,,,,,,,,,,,
1410207,2024,2024-04-19,"Chester Road North Ground, Kidderminster",4,3.5,3.5,Worcestershire,Durham,JD Libby,GH Roderick,MJ Potts,0,0,,,,,,,,,,,,,
1410207,2024,2024-04-19,"Chester Road North Ground, Kidderminster",4,3.6,3.6,Worcestershire,Durham,JD Libby,GH Roderick,MJ Potts,0,0,,,,,,,,,,,,,
1410207,2024,2024-04-19,"Chester Road North Ground, Kidderminster",4,4.1,4.1,Worcestershire,Durham,GH Roderick,JD Libby,BA Raine,2,0,,,,,,,,,,,,,
1410207,2024,2024-04-19,"Chester Road North Ground, Kidderminster",4,4.2,4.2,Worcestershire,Durham,GH Roderick,JD Libby,BA Raine,1,0,,,,,,,,,,,,,
1410207,2024,2024-04-19,"Chester Road North Ground, Kidderminster",4,4.3,4.3,Worcestershire,Durham,JD Libby,GH Roderick,BA Raine,3,0,,,,,,,,,,,,,
1410207,2024,2024-04-19,"Chester Road North Ground, Kidderminster",4,4.4,4.4,Worcestershire,Durham,GH Roderick,JD Libby,BA Raine,2,0,,,,,,,,,,,,,
1410207,2024,2024-04-19,"Chester Road North Ground, Kidderminster",4,4.5,4.5,Worcestershire,Durham,GH Roderick,JD Libby,BA Raine,1,0,,,,,,,,,,,,,
1410207,2024,2024-04-19,"Chester Road North Ground, Kidderminster",4,4.6,4.6,Worcestershire,Durham,JD Libby,GH Roderick,BA Raine,0,0,,,,,,,,,,,,,
1410207,2024,2024-04-19,"Chester Road North Ground, Kidderminster",4,5.1,5.1,Worcestershire,Durham,GH Roderick,JD Libby,MJ Potts,2,0,,,,,,,,,,,,,
1410207,2024,2024-04-19,"Chester Road North Ground, Kidderminster",4,5.2,5.2,Worcestershire,Durham,GH Roderick,JD Libby,MJ Potts,0,0,,,,,,,,,,,,,
1410207,2024,2024-04-19,"Chester Road North Ground, Kidderminster",4,5.3,5.3,Worcestershire,Durham,GH Roderick,JD Libby,MJ Potts,0,0,,,,,,,,,,,,,
1410207,2024,2024-04-19,"Chester Road North Ground, Kidderminster",4,5.4,5.4,Worcestershire,Durham,GH Roderick,JD Libby,MJ Potts,4,0,,,,,,,,,,,,,
1410207,2024,2024-04-19,"Chester Road North Ground, Kidderminster",4,5.5,5.5,Worcestershire,Durham,GH Roderick,JD Libby,MJ Potts,0,0,,,,,,,,,,,,,
1410207,2024,2024-04-19,"Chester Road North Ground, Kidderminster",4,5.6,5.6,Worcestershire,Durham,GH Roderick,JD Libby,MJ Potts,1,0,,,,,,,,,,,,,
1410207,2024,2024-04-19,"Chester Road North Ground, Kidderminster",4,6.1,6.1,Worcestershire,Durham,GH Roderick,JD Libby,BA Raine,4,0,,,,,,,,,,,,,
1410207,2024,2024-04-19,"Chester Road North Ground, Kidderminster",4,6.2,6.2,Worcestershire,Durham,GH Roderick,JD Libby,BA Raine,0,0,,,,,,,,,,,,,
1410207,2024,2024-04-19,"Chester Road North Ground, Kidderminster",4,6.3,6.3,Worcestershire,Durham,GH Roderick,JD Libby,BA Raine,0,0,,,,,,,,,,,,,
1410207,2024,2024-04-19,"Chester Road North Ground, Kidderminster",4,6.4,6.4,Worcestershire,Durham,GH Roderick,JD Libby,BA Raine,1,0,,,,,,,,,,,,,
1410207,2024,2024-04-19,"Chester Road North Ground, Kidderminster",4,6.5,6.5,Worcestershire,Durham,JD Libby,GH Roderick,BA Raine,0,0,,,,,,,,,,,,,
1410207,2024,2024-04-19,"Chester Road North Ground, Kidderminster",4,6.6,6.6,Worcestershire,Durham,JD Libby,GH Roderick,BA Raine,0,0,,,,,,,,,,,,,
1410207,2024,2024-04-19,"Chester Road North Ground, Kidderminster",4,7.1,7.1,Worcestershire,Durham,GH Roderick,JD Libby,MJ Potts,0,0,,,,,,,,,,,,,
1410207,2024,2024-04-19,"Chester Road North Ground, Kidderminster",4,7.2,7.2,Worcestershire,Durham,GH Roderick,JD Libby,MJ Potts,0,0,,,,,,,,,,,,,
1410207,2024,2024-04-19,"Chester Road North Ground, Kidderminster",4,7.3,7.3,Worcestershire,Durham,GH Roderick,JD Libby,MJ Potts,0,0,,,,,,,,,,,,,
1410207,2024,2024-04-19,"Chester Road North Ground, Kidderminster",4,7.4,7.4,Worcestershire,Durham,GH Roderick,JD Libby,MJ Potts,0,0,,,,,,,,,,,,,
1410207,2024,2024-04-19,"Chester Road North Ground, Kidderminster",4,7.5,7.5,Worcestershire,Durham,GH Roderick,JD Libby,MJ Potts,0,0,,,,,,,,,,,,,
1410207,2024,2024-04-19,"Chester Road North Ground, Kidderminster",4,7.6,7.6,Worcestershire,Durham,GH Roderick,JD Libby,MJ Potts,2,0,,,,,,,,,,,,,
1410207,2024,2024-04-19,"Chester Road North Ground, Kidderminster",4,8.1,8.1,Worcestershire,Durham,JD Libby,GH Roderick,BA Raine,0,2,,2,,,,,,,,,,,
1410207,2024,2024-04-19,"Chester Road North Ground, Kidderminster",4,8.2,8.1,Worcestershire,Durham,JD Libby,GH Roderick,BA Raine,4,0,,,,,,,,,,,,,
1410207,2024,2024-04-19,"Chester Road North Ground, Kidderminster",4,8.3,8.2,Worcestershire,Durham,JD Libby,GH Roderick,BA Raine,0,0,,,,,,,,,,,,,
1410207,2024,2024-04-19,"Chester Road North Ground, Kidderminster",4,8.4,8.3,Worcestershire,Durham,JD Libby,GH Roderick,BA Raine,0,0,,,,,,,,,,,,,
1410207,2024,2024-04-19,"Chester Road North Ground, Kidderminster",4,8.5,8.4,Worcestershire,Durham,JD Libby,GH Roderick,BA Raine,0,0,,,,,,,,,,,,,
1410207,2024,2024-04-19,"Chester Road North Ground, Kidderminster",4,8.6,8.5,Worcestershire,Durham,JD Libby,GH Roderick,BA Raine,0,0,,,,,,,,,,,,,
1410207,2024,2024-04-19,"Chester Road North Ground, Kidderminster",4,8.7,8.6,Worcestershire,Durham,JD Libby,GH Roderick,BA Raine,0,0,,,,,,,,,,,,,
1410207,2024,2024-04-19,"Chester Road North Ground, Kidderminster",4,9.1,9.1,Worcestershire,Durham,GH Roderick,JD Libby,MJ Potts,0,0,,,,,,,,,,,,,
1410207,2024,2024-04-19,"Chester Road North Ground, Kidderminster",4,9.2,9.2,Worcestershire,Durham,GH Roderick,JD Libby,MJ Potts,0,0,,,,,,,,,,,,,
1410207,2024,2024-04-19,"Chester Road North Ground, Kidderminster",4,9.3,9.3,Worcestershire,Durham,GH Roderick,JD Libby,MJ Potts,1,0,,,,,,,,,,,,,
1410207,2024,2024-04-19,"Chester Road North Ground, Kidderminster",4,9.4,9.4,Worcestershire,Durham,JD Libby,GH Roderick,MJ Potts,0,0,,,,,,,,,,,,,
1410207,2024,2024-04-19,"Chester Road North Ground, Kidderminster",4,9.5,9.5,Worcestershire,Durham,JD Libby,GH Roderick,MJ Potts,1,0,,,,,,,,,,,,,
1410207,2024,2024-04-19,"Chester Road North Ground, Kidderminster",4,9.6,9.6,Worcestershire,Durham,GH Roderick,JD Libby,MJ Potts,0,0,,,,,,,,,,,,,
1410207,2024,2024-04-19,"Chester Road North Ground, Kidderminster",4,10.1,10.1,Worcestershire,Durham,JD Libby,GH Roderick,CF Parkinson,0,0,,,,,,,,,,,,,
1410207,2024,2024-04-19,"Chester Road North Ground, Kidderminster",4,10.2,10.2,Worcestershire,Durham,JD Libby,GH Roderick,CF Parkinson,0,0,,,,,,,,,,,,,
1410207,2024,2024-04-19,"Chester Road North Ground, Kidderminster",4,10.3,10.3,Worcestershire,Durham,JD Libby,GH Roderick,CF Parkinson,0,0,,,,,,,,,,,,,
1410207,2024,2024-04-19,"Chester Road North Ground, Kidderminster",4,10.4,10.4,Worcestershire,Durham,JD Libby,GH Roderick,CF Parkinson,0,0,,,,,,,,,,,,,
1410207,2024,2024-04-19,"Chester Road North Ground, Kidderminster",4,10.5,10.5,Worcestershire,Durham,JD Libby,GH Roderick,CF Parkinson,0,0,,,,,,,,,,,,,
1410207,2024,2024-04-19,"Chester Road North Ground, Kidderminster",4,10.6,10.6,Worcestershire,Durham,JD Libby,GH Roderick,CF Parkinson,0,0,,,,,,,,,,,,,
1410207,2024,2024-04-19,"Chester Road North Ground, Kidderminster",4,11.1,11.1,Worcestershire,Durham,GH Roderick,JD Libby,P Coughlin,1,0,,,,,,,,,,,,,
1410207,2024,2024-04-19,"Chester Road North Ground, Kidderminster",4,11.2,11.2,Worcestershire,Durham,JD Libby,GH Roderick,P Coughlin,0,0,,,,,,,,,,,,,
1410207,2024,2024-04-19,"Chester Road North Ground, Kidderminster",4,11.3,11.3,Worcestershire,Durham,JD Libby,GH Roderick,P Coughlin,0,0,,,,,,,,,,,,,
1410207,2024,2024-04-19,"Chester Road North Ground, Kidderminster",4,11.4,11.4,Worcestershire,Durham,JD Libby,GH Roderick,P Coughlin,0,0,,,,,,,,,,,,,
1410207,2024,2024-04-19,"Chester Road North Ground, Kidderminster",4,11.5,11.5,Worcestershire,Durham,JD Libby,GH Roderick,P Coughlin,0,0,,,,,,,,,,,,,
1410207,2024,2024-04-19,"Chester Road North Ground, Kidderminster",4,11.6,11.6,Worcestershire,Durham,JD Libby,GH Roderick,P Coughlin,0,0,,,,,,,,,,,,,
1410207,2024,2024-04-19,"Chester Road North Ground, Kidderminster",4,12.1,12.1,Worcestershire,Durham,GH Roderick,JD Libby,CF Parkinson,0,0,,,,,,,,,,,,,
1410207,2024,2024-04-19,"Chester Road North Ground, Kidderminster",4,12.2,12.2,Worcestershire,Durham,GH Roderick,JD Libby,CF Parkinson,0,0,,,,,,,,,,,,,
1410207,2024,2024-04-19,"Chester Road North Ground, Kidderminster",4,12.3,12.3,Worcestershire,Durham,GH Roderick,JD Libby,CF Parkinson,1,0,,,,,,,,,,,,,
1410207,2024,2024-04-19,"Chester Road North Ground, Kidderminster",4,12.4,12.4,Worcestershire,Durham,JD Libby,GH Roderick,CF Parkinson,1,0,,,,,,,,,,,,,
1410207,2024,2024-04-19,"Chester Road North Ground, Kidderminster",4,12.5,12.5,Worcestershire,Durham,GH Roderick,JD Libby,CF Parkinson,1,0,,,,,,,,,,,,,
1410207,2024,2024-04-19,"Chester Road North Ground, Kidderminster",4,12.6,12.6,Worcestershire,Durham,JD Libby,GH Roderick,CF Parkinson,0,0,,,,,,,,,,,,,
1410207,2024,2024-04-19,"Chester Road North Ground, Kidderminster",4,13.1,13.1,Worcestershire,Durham,GH Roderick,JD Libby,P Coughlin,0,0,,,,,,,,,,,,,
1410207,2024,2024-04-19,"Chester Road North Ground, Kidderminster",4,13.2,13.2,Worcestershire,Durham,GH Roderick,JD Libby,P Coughlin,0,0,,,,,,,,,,,,,
1410207,2024,2024-04-19,"Chester Road North Ground, Kidderminster",4,13.3,13.3,Worcestershire,Durham,GH Roderick,JD Libby,P Coughlin,0,0,,,,,,,,,,,,,
1410207,2024,2024-04-19,"Chester Road North Ground, Kidderminster",4,13.4,13.4,Worcestershire,Durham,GH Roderick,JD Libby,P Coughlin,0,0,,,,,,,bowled,GH Roderick,,,,,
1410207,2024,2024-04-19,"Chester Road North Ground, Kidderminster",4,13.5,13.5,Worcestershire,Durham,BL D'Oliveira,JD Libby,P Coughlin,0,0,,,,,,,caught,BL D'Oliveira,,,MJ Potts,,
1410207,2024,2024-04-19,"Chester Road North Ground, Kidderminster",4,13.6,13.6,Worcestershire,Durham,RP Jones,JD Libby,P Coughlin,0,0,,,,,,,,,,,,,
1410207,2024,2024-04-19,"Chester Road North Ground, Kidderminster",4,14.1,14.1,Worcestershire,Durham,JD Libby,RP Jones,CF Parkinson,1,0,,,,,,,,,,,,,
1410207,2024,2024-04-19,"Chester Road North Ground, Kidderminster",4,14.2,14.2,Worcestershire,Durham,RP Jones,JD Libby,CF Parkinson,0,0,,,,,,,,,,,,,
1410207,2024,2024-04-19,"Chester Road North Ground, Kidderminster",4,14.3,14.3,Worcestershire,Durham,RP Jones,JD Libby,CF Parkinson,4,0,,,,,,,,,,,,,
1410207,2024,2024-04-19,"Chester Road North Ground, Kidderminster",4,14.4,14.4,Worcestershire,Durham,RP Jones,JD Libby,CF Parkinson,6,0,,,,,,,,,,,,,
1410207,2024,2024-04-19,"Chester Road North Ground, Kidderminster",4,14.5,14.5,Worcestershire,Durham,RP Jones,JD Libby,CF Parkinson,0,0,,,,,,,,,,,,,
1410207,2024,2024-04-19,"Chester Road North Ground, Kidderminster",4,14.6,14.6,Worcestershire,Durham,RP Jones,JD Libby,CF Parkinson,0,0,,,,,,,,,,,,,
1410207,2024,2024-04-19,"Chester Road North Ground, Kidderminster",4,15.1,15.1,Worcestershire,Durham,JD Libby,RP Jones,P Coughlin,0,0,,,,,,,,,,,,,
1410207,2024,2024-04-19,"Chester Road North Ground, Kidderminster",4,15.2,15.2,Worcestershire,Durham,JD Libby,RP Jones,P Coughlin,0,0,,,,,,,,,,,,,
1410207,2024,2024-04-19,"Chester Road North Ground, Kidderminster",4,15.3,15.3,Worcestershire,Durham,JD Libby,RP Jones,P Coughlin,0,0,,,,,,,,,,,,,
1410207,2024,2024-04-19,"Chester Road North Ground, Kidderminster",4,15.4,15.4,Worcestershire,Durham,JD Libby,RP Jones,P Coughlin,0,0,,,,,,,,,,,,,
1410207,2024,2024-04-19,"Chester Road North Ground, Kidderminster",4,15.5,15.5,Worcestershire,Durham,JD Libby,RP Jones,P Coughlin,0,0,,,,,,,,,,,,,
1410207,2024,2024-04-19,"Chester Road North Ground, Kidderminster",4,15.6,15.6,Worcestershire,Durham,JD Libby,RP Jones,P Coughlin,0,0,,,,,,,,,,,,,
1410207,2024,2024-04-19,"Chester Road North Ground, Kidderminster",4,16.1,16.1,Worcestershire,Durham,RP Jones,JD Libby,CF Parkinson,4,0,,,,,,,,,,,,,
1410207,2024,2024-04-19,"Chester Road North Ground, Kidderminster",4,16.2,16.2,Worcestershire,Durham,RP Jones,JD Libby,CF Parkinson,1,0,,,,,,,,,,,,,
1410207,2024,2024-04-19,"Chester Road North Ground, Kidderminster",4,16.3,16.3,Worcestershire,Durham,JD Libby,RP Jones,CF Parkinson,0,0,,,,,,,,,,,,,
1410207,2024,2024-04-19,"Chester Road North Ground, Kidderminster",4,16.4,16.4,Worcestershire,Durham,JD Libby,RP Jones,CF Parkinson,0,0,,,,,,,,,,,,,
1410207,2024,2024-04-19,"Chester Road North Ground, Kidderminster",4,16.5,16.5,Worcestershire,Durham,JD Libby,RP Jones,CF Parkinson,0,0,,,,,,,,,,,,,
1410207,2024,2024-04-19,"Chester Road North Ground, Kidderminster",4,16.6,16.6,Worcestershire,Durham,JD Libby,RP Jones,CF Parkinson,4,0,,,,,,,,,,,,,
1410207,2024,2024-04-19,"Chester Road North Ground, Kidderminster",4,17.1,17.1,Worcestershire,Durham,RP Jones,JD Libby,P Coughlin,0,0,,,,,,,,,,,,,
1410207,2024,2024-04-19,"Chester Road North Ground, Kidderminster",4,17.2,17.2,Worcestershire,Durham,RP Jones,JD Libby,P Coughlin,4,0,,,,,,,,,,,,,
1410207,2024,2024-04-19,"Chester Road North Ground, Kidderminster",4,17.3,17.3,Worcestershire,Durham,RP Jones,JD Libby,P Coughlin,1,0,,,,,,,,,,,,,
1410207,2024,2024-04-19,"Chester Road North Ground, Kidderminster",4,17.4,17.4,Worcestershire,Durham,JD Libby,RP Jones,P Coughlin,1,0,,,,,,,,,,,,,
1410207,2024,2024-04-19,"Chester Road North Ground, Kidderminster",4,17.5,17.5,Worcestershire,Durham,RP Jones,JD Libby,P Coughlin,3,0,,,,,,,,,,,,,
1410207,2024,2024-04-19,"Chester Road North Ground, Kidderminster",4,17.6,17.6,Worcestershire,Durham,JD Libby,RP Jones,P Coughlin,0,0,,,,,,,,,,,,,
1410207,2024,2024-04-19,"Chester Road North Ground, Kidderminster",4,18.1,18.1,Worcestershire,Durham,RP Jones,JD Libby,CF Parkinson,4,0,,,,,,,,,,,,,
1410207,2024,2024-04-19,"Chester Road North Ground, Kidderminster",4,18.2,18.2,Worcestershire,Durham,RP Jones,JD Libby,CF Parkinson,3,0,,,,,,,,,,,,,
1410207,2024,2024-04-19,"Chester Road North Ground, Kidderminster",4,18.3,18.3,Worcestershire,Durham,JD Libby,RP Jones,CF Parkinson,0,0,,,,,,,,,,,,,
1410207,2024,2024-04-19,"Chester Road North Ground, Kidderminster",4,18.4,18.4,Worcestershire,Durham,JD Libby,RP Jones,CF Parkinson,1,0,,,,,,,,,,,,,
1410207,2024,2024-04-19,"Chester Road North Ground, Kidderminster",4,18.5,18.5,Worcestershire,Durham,RP Jones,JD Libby,CF Parkinson,1,0,,,,,,,,,,,,,
1410207,2024,2024-04-19,"Chester Road North Ground, Kidderminster",4,18.6,18.6,Worcestershire,Durham,JD Libby,RP Jones,CF Parkinson,5,0,,,,,,,,,,,,,
1410207,2024,2024-04-19,"Chester Road North Ground, Kidderminster",4,19.1,19.1,Worcestershire,Durham,JD Libby,RP Jones,P Coughlin,0,0,,,,,,,,,,,,,
1410207,2024,2024-04-19,"Chester Road North Ground, Kidderminster",4,19.2,19.2,Worcestershire,Durham,JD Libby,RP Jones,P Coughlin,0,0,,,,,,,,,,,,,
1410207,2024,2024-04-19,"Chester Road North Ground, Kidderminster",4,19.3,19.3,Worcestershire,Durham,JD Libby,RP Jones,P Coughlin,0,0,,,,,,,,,,,,,
1410207,2024,2024-04-19,"Chester Road North Ground, Kidderminster",4,19.4,19.4,Worcestershire,Durham,JD Libby,RP Jones,P Coughlin,0,0,,,,,,,,,,,,,
1410207,2024,2024-04-19,"Chester Road North Ground, Kidderminster",4,19.5,19.5,Worcestershire,Durham,JD Libby,RP Jones,P Coughlin,1,0,,,,,,,,,,,,,
1410207,2024,2024-04-19,"Chester Road North Ground, Kidderminster",4,19.6,19.6,Worcestershire,Durham,RP Jones,JD Libby,P Coughlin,3,0,,,,,,,,,,,,,
1410207,2024,2024-04-19,"Chester Road North Ground, Kidderminster",4,20.1,20.1,Worcestershire,Durham,RP Jones,JD Libby,CF Parkinson,0,0,,,,,,,,,,,,,
1410207,2024,2024-04-19,"Chester Road North Ground, Kidderminster",4,20.2,20.2,Worcestershire,Durham,RP Jones,JD Libby,CF Parkinson,4,0,,,,,,,,,,,,,
1410207,2024,2024-04-19,"Chester Road North Ground, Kidderminster",4,20.3,20.3,Worcestershire,Durham,RP Jones,JD Libby,CF Parkinson,1,0,,,,,,,,,,,,,
1410207,2024,2024-04-19,"Chester Road North Ground, Kidderminster",4,20.4,20.4,Worcestershire,Durham,JD Libby,RP Jones,CF Parkinson,0,0,,,,,,,,,,,,,
1410207,2024,2024-04-19,"Chester Road North Ground, Kidderminster",4,20.5,20.5,Worcestershire,Durham,JD Libby,RP Jones,CF Parkinson,0,0,,,,,,,,,,,,,
1410207,2024,2024-04-19,"Chester Road North Ground, Kidderminster",4,20.6,20.6,Worcestershire,Durham,JD Libby,RP Jones,CF Parkinson,0,0,,,,,,,,,,,,,
1410207,2024,2024-04-19,"Chester Road North Ground, Kidderminster",4,21.1,21.1,Worcestershire,Durham,RP Jones,JD Libby,P Coughlin,0,0,,,,,,,,,,,,,
1410207,2024,2024-04-19,"Chester Road North Ground, Kidderminster",4,21.2,21.2,Worcestershire,Durham,RP Jones,JD Libby,P Coughlin,0,0,,,,,,,,,,,,,
1410207,2024,2024-04-19,"Chester Road North Ground, Kidderminster",4,21.3,21.3,Worcestershire,Durham,RP Jones,JD Libby,P Coughlin,0,0,,,,,,,,,,,,,
1410207,2024,2024-04-19,"Chester Road North Ground, Kidderminster",4,21.4,21.4,Worcestershire,Durham,RP Jones,JD Libby,P Coughlin,0,0,,,,,,,caught,RP Jones,,,BFW de Leede,,
1410207,2024,2024-04-19,"Chester Road North Ground, Kidderminster",4,21.5,21.5,Worcestershire,Durham,AJ Hose,JD Libby,P Coughlin,0,0,,,,,,,,,,,,,
1410207,2024,2024-04-19,"Chester Road North Ground, Kidderminster",4,21.6,21.6,Worcestershire,Durham,AJ Hose,JD Libby,P Coughlin,0,0,,,,,,,,,,,,,
1410207,2024,2024-04-19,"Chester Road North Ground, Kidderminster",4,22.1,22.1,Worcestershire,Durham,JD Libby,AJ Hose,CF Parkinson,1,0,,,,,,,,,,,,,
1410207,2024,2024-04-19,"Chester Road North Ground, Kidderminster",4,22.2,22.2,Worcestershire,Durham,AJ Hose,JD Libby,CF Parkinson,1,0,,,,,,,,,,,,,
1410207,2024,2024-04-19,"Chester Road North Ground, Kidderminster",4,22.3,22.3,Worcestershire,Durham,JD Libby,AJ Hose,CF Parkinson,0,0,,,,,,,,,,,,,
1410207,2024,2024-04-19,"Chester Road North Ground, Kidderminster",4,22.4,22.4,Worcestershire,Durham,JD Libby,AJ Hose,CF Parkinson,0,0,,,,,,,,,,,,,
1410207,2024,2024-04-19,"Chester Road North Ground, Kidderminster",4,22.5,22.5,Worcestershire,Durham,JD Libby,AJ Hose,CF Parkinson,0,0,,,,,,,,,,,,,
1410207,2024,2024-04-19,"Chester Road North Ground, Kidderminster",4,22.6,22.6,Worcestershire,Durham,JD Libby,AJ Hose,CF Parkinson,0,0,,,,,,,,,,,,,
1410207,2024,2024-04-19,"Chester Road North Ground, Kidderminster",4,23.1,23.1,Worcestershire,Durham,AJ Hose,JD Libby,MJ Potts,0,0,,,,,,,,,,,,,
1410207,2024,2024-04-19,"Chester Road North Ground, Kidderminster",4,23.2,23.2,Worcestershire,Durham,AJ Hose,JD Libby,MJ Potts,0,0,,,,,,,,,,,,,
1410207,2024,2024-04-19,"Chester Road North Ground, Kidderminster",4,23.3,23.3,Worcestershire,Durham,AJ Hose,JD Libby,MJ Potts,0,0,,,,,,,,,,,,,
1410207,2024,2024-04-19,"Chester Road North Ground, Kidderminster",4,23.4,23.4,Worcestershire,Durham,AJ Hose,JD Libby,MJ Potts,0,0,,,,,,,,,,,,,
1410207,2024,2024-04-19,"Chester Road North Ground, Kidderminster",4,23.5,23.5,Worcestershire,Durham,AJ Hose,JD Libby,MJ Potts,0,0,,,,,,,,,,,,,
1410207,2024,2024-04-19,"Chester Road North Ground, Kidderminster",4,23.6,23.6,Worcestershire,Durham,AJ Hose,JD Libby,MJ Potts,0,0,,,,,,,lbw,AJ Hose,,,,,
1410207,2024,2024-04-19,"Chester Road North Ground, Kidderminster",4,24.1,24.1,Worcestershire,Durham,JD Libby,JO Holder,BA Raine,0,0,,,,,,,,,,,,,
1410207,2024,2024-04-19,"Chester Road North Ground, Kidderminster",4,24.2,24.2,Worcestershire,Durham,JD Libby,JO Holder,BA Raine,0,0,,,,,,,,,,,,,
1410207,2024,2024-04-19,"Chester Road North Ground, Kidderminster",4,24.3,24.3,Worcestershire,Durham,JD Libby,JO Holder,BA Raine,0,0,,,,,,,,,,,,,
1410207,2024,2024-04-19,"Chester Road North Ground, Kidderminster",4,24.4,24.4,Worcestershire,Durham,JD Libby,JO Holder,BA Raine,0,0,,,,,,,,,,,,,
1410207,2024,2024-04-19,"Chester Road North Ground, Kidderminster",4,24.5,24.5,Worcestershire,Durham,JD Libby,JO Holder,BA Raine,0,0,,,,,,,,,,,,,
1410207,2024,2024-04-19,"Chester Road North Ground, Kidderminster",4,24.6,24.6,Worcestershire,Durham,JD Libby,JO Holder,BA Raine,0,0,,,,,,,,,,,,,
1410207,2024,2024-04-19,"Chester Road North Ground, Kidderminster",4,25.1,25.1,Worcestershire,Durham,JO Holder,JD Libby,MJ Potts,0,0,,,,,,,,,,,,,
1410207,2024,2024-04-19,"Chester Road North Ground, Kidderminster",4,25.2,25.2,Worcestershire,Durham,JO Holder,JD Libby,MJ Potts,0,0,,,,,,,,,,,,,
1410207,2024,2024-04-19,"Chester Road North Ground, Kidderminster",4,25.3,25.3,Worcestershire,Durham,JO Holder,JD Libby,MJ Potts,0,0,,,,,,,,,,,,,
1410207,2024,2024-04-19,"Chester Road North Ground, Kidderminster",4,25.4,25.4,Worcestershire,Durham,JO Holder,JD Libby,MJ Potts,0,0,,,,,,,,,,,,,
1410207,2024,2024-04-19,"Chester Road North Ground, Kidderminster",4,25.5,25.5,Worcestershire,Durham,JO Holder,JD Libby,MJ Potts,0,0,,,,,,,,,,,,,
1410207,2024,2024-04-19,"Chester Road North Ground, Kidderminster",4,25.6,25.6,Worcestershire,Durham,JO Holder,JD Libby,MJ Potts,4,0,,,,,,,,,,,,,
1410207,2024,2024-04-19,"Chester Road North Ground, Kidderminster",4,26.1,26.1,Worcestershire,Durham,JD Libby,JO Holder,BA Raine,4,0,,,,,,,,,,,,,
1410207,2024,2024-04-19,"Chester Road North Ground, Kidderminster",4,26.2,26.2,Worcestershire,Durham,JD Libby,JO Holder,BA Raine,4,0,,,,,,,,,,,,,
1410207,2024,2024-04-19,"Chester Road North Ground, Kidderminster",4,26.3,26.3,Worcestershire,Durham,JD Libby,JO Holder,BA Raine,1,0,,,,,,,,,,,,,
1410207,2024,2024-04-19,"Chester Road North Ground, Kidderminster",4,26.4,26.4,Worcestershire,Durham,JO Holder,JD Libby,BA Raine,0,0,,,,,,,,,,,,,
1410207,2024,2024-04-19,"Chester Road North Ground, Kidderminster",4,26.5,26.5,Worcestershire,Durham,JO Holder,JD Libby,BA Raine,0,0,,,,,,,,,,,,,
1410207,2024,2024-04-19,"Chester Road North Ground, Kidderminster",4,26.6,26.6,Worcestershire,Durham,JO Holder,JD Libby,BA Raine,0,0,,,,,,,,,,,,,
1410207,2024,2024-04-19,"Chester Road North Ground, Kidderminster",4,27.1,27.1,Worcestershire,Durham,JD Libby,JO Holder,MJ Potts,4,0,,,,,,,,,,,,,
1410207,2024,2024-04-19,"Chester Road North Ground, Kidderminster",4,27.2,27.2,Worcestershire,Durham,JD Libby,JO Holder,MJ Potts,1,0,,,,,,,,,,,,,
1410207,2024,2024-04-19,"Chester Road North Ground, Kidderminster",4,27.3,27.3,Worcestershire,Durham,JO Holder,JD Libby,MJ Potts,0,0,,,,,,,,,,,,,
1410207,2024,2024-04-19,"Chester Road North Ground, Kidderminster",4,27.4,27.4,Worcestershire,Durham,JO Holder,JD Libby,MJ Potts,0,0,,,,,,,,,,,,,
1410207,2024,2024-04-19,"Chester Road North Ground, Kidderminster",4,27.5,27.5,Worcestershire,Durham,JO Holder,JD Libby,MJ Potts,0,0,,,,,,,,,,,,,
1410207,2024,2024-04-19,"Chester Road North Ground, Kidderminster",4,27.6,27.6,Worcestershire,Durham,JO Holder,JD Libby,MJ Potts,0,0,,,,,,,bowled,JO Holder,,,,,
1410207,2024,2024-04-19,"Chester Road North Ground, Kidderminster",4,28.1,28.1,Worcestershire,Durham,JD Libby,MJ Waite,BA Raine,0,0,,,,,,,,,,,,,
1410207,2024,2024-04-19,"Chester Road North Ground, Kidderminster",4,28.2,28.2,Worcestershire,Durham,JD Libby,MJ Waite,BA Raine,1,0,,,,,,,,,,,,,
1410207,2024,2024-04-19,"Chester Road North Ground, Kidderminster",4,28.3,28.3,Worcestershire,Durham,MJ Waite,JD Libby,BA Raine,0,0,,,,,,,,,,,,,
1410207,2024,2024-04-19,"Chester Road North Ground, Kidderminster",4,28.4,28.4,Worcestershire,Durham,MJ Waite,JD Libby,BA Raine,0,0,,,,,,,,,,,,,
1410207,2024,2024-04-19,"Chester Road North Ground, Kidderminster",4,28.5,28.5,Worcestershire,Durham,MJ Waite,JD Libby,BA Raine,0,0,,,,,,,,,,,,,
1410207,2024,2024-04-19,"Chester Road North Ground, Kidderminster",4,28.6,28.6,Worcestershire,Durham,MJ Waite,JD Libby,BA Raine,0,0,,,,,,,,,,,,,
1410207,2024,2024-04-19,"Chester Road North Ground, Kidderminster",4,29.1,29.1,Worcestershire,Durham,JD Libby,MJ Waite,MJ Potts,0,0,,,,,,,,,,,,,
1410207,2024,2024-04-19,"Chester Road North Ground, Kidderminster",4,29.2,29.2,Worcestershire,Durham,JD Libby,MJ Waite,MJ Potts,0,0,,,,,,,,,,,,,
1410207,2024,2024-04-19,"Chester Road North Ground, Kidderminster",4,29.3,29.3,Worcestershire,Durham,JD Libby,MJ Waite,MJ Potts,0,0,,,,,,,,,,,,,
1410207,2024,2024-04-19,"Chester Road North Ground, Kidderminster",4,29.4,29.4,Worcestershire,Durham,JD Libby,MJ Waite,MJ Potts,0,0,,,,,,,,,,,,,
1410207,2024,2024-04-19,"Chester Road North Ground, Kidderminster",4,29.5,29.5,Worcestershire,Durham,JD Libby,MJ Waite,MJ Potts,4,0,,,,,,,,,,,,,
1410207,2024,2024-04-19,"Chester Road North Ground, Kidderminster",4,29.6,29.6,Worcestershire,Durham,JD Libby,MJ Waite,MJ Potts,0,0,,,,,,,,,,,,,
1410207,2024,2024-04-19,"Chester Road North Ground, Kidderminster",4,30.1,30.1,Worcestershire,Durham,MJ Waite,JD Libby,BA Raine,0,0,,,,,,,,,,,,,
1410207,2024,2024-04-19,"Chester Road North Ground, Kidderminster",4,30.2,30.2,Worcestershire,Durham,MJ Waite,JD Libby,BA Raine,0,0,,,,,,,,,,,,,
1410207,2024,2024-04-19,"Chester Road North Ground, Kidderminster",4,30.3,30.3,Worcestershire,Durham,MJ Waite,JD Libby,BA Raine,0,0,,,,,,,,,,,,,
1410207,2024,2024-04-19,"Chester Road North Ground, Kidderminster",4,30.4,30.4,Worcestershire,Durham,MJ Waite,JD Libby,BA Raine,0,0,,,,,,,,,,,,,
1410207,2024,2024-04-19,"Chester Road North Ground, Kidderminster",4,30.5,30.5,Worcestershire,Durham,MJ Waite,JD Libby,BA Raine,0,0,,,,,,,,,,,,,
1410207,2024,2024-04-19,"Chester Road North Ground, Kidderminster",4,30.6,30.6,Worcestershire,Durham,MJ Waite,JD Libby,BA Raine,1,0,,,,,,,,,,,,,
1410207,2024,2024-04-19,"Chester Road North Ground, Kidderminster",4,31.1,31.1,Worcestershire,Durham,MJ Waite,JD Libby,MJ Potts,0,0,,,,,,,,,,,,,
1410207,2024,2024-04-19,"Chester Road North Ground, Kidderminster",4,31.2,31.2,Worcestershire,Durham,MJ Waite,JD Libby,MJ Potts,0,0,,,,,,,,,,,,,
1410207,2024,2024-04-19,"Chester Road North Ground, Kidderminster",4,31.3,31.3,Worcestershire,Durham,MJ Waite,JD Libby,MJ Potts,2,0,,,,,,,,,,,,,
1410207,2024,2024-04-19,"Chester Road North Ground, Kidderminster",4,31.4,31.4,Worcestershire,Durham,MJ Waite,JD Libby,MJ Potts,0,0,,,,,,,,,,,,,
1410207,2024,2024-04-19,"Chester Road North Ground, Kidderminster",4,31.5,31.5,Worcestershire,Durham,MJ Waite,JD Libby,MJ Potts,2,0,,,,,,,,,,,,,
1410207,2024,2024-04-19,"Chester Road North Ground, Kidderminster",4,31.6,31.6,Worcestershire,Durham,MJ Waite,JD Libby,MJ Potts,0,0,,,,,,,,,,,,,
1410207,2024,2024-04-19,"Chester Road North Ground, Kidderminster",4,32.1,32.1,Worcestershire,Durham,JD Libby,MJ Waite,BA Raine,0,0,,,,,,,,,,,,,
1410207,2024,2024-04-19,"Chester Road North Ground, Kidderminster",4,32.2,32.2,Worcestershire,Durham,JD Libby,MJ Waite,BA Raine,0,0,,,,,,,,,,,,,
1410207,2024,2024-04-19,"Chester Road North Ground, Kidderminster",4,32.3,32.3,Worcestershire,Durham,JD Libby,MJ Waite,BA Raine,4,0,,,,,,,,,,,,,
1410207,2024,2024-04-19,"Chester Road North Ground, Kidderminster",4,32.4,32.4,Worcestershire,Durham,JD Libby,MJ Waite,BA Raine,0,0,,,,,,,caught,JD Libby,,,P Coughlin,,
1410207,2024,2024-04-19,"Chester Road North Ground, Kidderminster",4,32.5,32.5,Worcestershire,Durham,NG Smith,MJ Waite,BA Raine,0,0,,,,,,,,,,,,,
1410207,2024,2024-04-19,"Chester Road North Ground, Kidderminster",4,32.6,32.6,Worcestershire,Durham,NG Smith,MJ Waite,BA Raine,4,0,,,,,,,,,,,,,
1410207,2024,2024-04-19,"Chester Road North Ground, Kidderminster",4,33.1,33.1,Worcestershire,Durham,MJ Waite,NG Smith,MJ Potts,0,0,,,,,,,,,,,,,
1410207,2024,2024-04-19,"Chester Road North Ground, Kidderminster",4,33.2,33.2,Worcestershire,Durham,MJ Waite,NG Smith,MJ Potts,0,0,,,,,,,,,,,,,
1410207,2024,2024-04-19,"Chester Road North Ground, Kidderminster",4,33.3,33.3,Worcestershire,Durham,MJ Waite,NG Smith,MJ Potts,1,0,,,,,,,,,,,,,
1410207,2024,2024-04-19,"Chester Road North Ground, Kidderminster",4,33.4,33.4,Worcestershire,Durham,NG Smith,MJ Waite,MJ Potts,0,0,,,,,,,,,,,,,
1410207,2024,2024-04-19,"Chester Road North Ground, Kidderminster",4,33.5,33.5,Worcestershire,Durham,NG Smith,MJ Waite,MJ Potts,0,0,,,,,,,,,,,,,
1410207,2024,2024-04-19,"Chester Road North Ground, Kidderminster",4,33.6,33.6,Worcestershire,Durham,NG Smith,MJ Waite,MJ Potts,0,0,,,,,,,,,,,,,
1410207,2024,2024-04-19,"Chester Road North Ground, Kidderminster",4,34.1,34.1,Worcestershire,Durham,MJ Waite,NG Smith,BFW de Leede,0,0,,,,,,,,,,,,,
1410207,2024,2024-04-19,"Chester Road North Ground, Kidderminster",4,34.2,34.2,Worcestershire,Durham,MJ Waite,NG Smith,BFW de Leede,1,0,,,,,,,,,,,,,
1410207,2024,2024-04-19,"Chester Road North Ground, Kidderminster",4,34.3,34.3,Worcestershire,Durham,NG Smith,MJ Waite,BFW de Leede,0,0,,,,,,,,,,,,,
1410207,2024,2024-04-19,"Chester Road North Ground, Kidderminster",4,34.4,34.4,Worcestershire,Durham,NG Smith,MJ Waite,BFW de Leede,0,0,,,,,,,,,,,,,
1410207,2024,2024-04-19,"Chester Road North Ground, Kidderminster",4,34.5,34.5,Worcestershire,Durham,NG Smith,MJ Waite,BFW de Leede,1,0,,,,,,,,,,,,,
1410207,2024,2024-04-19,"Chester Road North Ground, Kidderminster",4,34.6,34.6,Worcestershire,Durham,MJ Waite,NG Smith,BFW de Leede,0,0,,,,,,,,,,,,,
1410207,2024,2024-04-19,"Chester Road North Ground, Kidderminster",4,35.1,35.1,Worcestershire,Durham,NG Smith,MJ Waite,P Coughlin,0,0,,,,,,,,,,,,,
1410207,2024,2024-04-19,"Chester Road North Ground, Kidderminster",4,35.2,35.2,Worcestershire,Durham,NG Smith,MJ Waite,P Coughlin,0,0,,,,,,,,,,,,,
1410207,2024,2024-04-19,"Chester Road North Ground, Kidderminster",4,35.3,35.3,Worcestershire,Durham,NG Smith,MJ Waite,P Coughlin,0,0,,,,,,,,,,,,,
1410207,2024,2024-04-19,"Chester Road North Ground, Kidderminster",4,35.4,35.4,Worcestershire,Durham,NG Smith,MJ Waite,P Coughlin,0,0,,,,,,,,,,,,,
1410207,2024,2024-04-19,"Chester Road North Ground, Kidderminster",4,35.5,35.5,Worcestershire,Durham,NG Smith,MJ Waite,P Coughlin,0,0,,,,,,,,,,,,,
1410207,2024,2024-04-19,"Chester Road North Ground, Kidderminster",4,35.6,35.6,Worcestershire,Durham,NG Smith,MJ Waite,P Coughlin,0,0,,,,,,,,,,,,,
1410207,2024,2024-04-19,"Chester Road North Ground, Kidderminster",4,36.1,36.1,Worcestershire,Durham,MJ Waite,NG Smith,BFW de Leede,4,0,,,,,,,,,,,,,
1410207,2024,2024-04-19,"Chester Road North Ground, Kidderminster",4,36.2,36.2,Worcestershire,Durham,MJ Waite,NG Smith,BFW de Leede,0,0,,,,,,,,,,,,,
1410207,2024,2024-04-19,"Chester Road North Ground, Kidderminster",4,36.3,36.3,Worcestershire,Durham,MJ Waite,NG Smith,BFW de Leede,0,0,,,,,,,,,,,,,
1410207,2024,2024-04-19,"Chester Road North Ground, Kidderminster",4,36.4,36.4,Worcestershire,Durham,MJ Waite,NG Smith,BFW de Leede,1,0,,,,,,,,,,,,,
1410207,2024,2024-04-19,"Chester Road North Ground, Kidderminster",4,36.5,36.5,Worcestershire,Durham,NG Smith,MJ Waite,BFW de Leede,0,0,,,,,,,,,,,,,
1410207,2024,2024-04-19,"Chester Road North Ground, Kidderminster",4,36.6,36.6,Worcestershire,Durham,NG Smith,MJ Waite,BFW de Leede,0,0,,,,,,,,,,,,,
1410207,2024,2024-04-19,"Chester Road North Ground, Kidderminster",4,37.1,37.1,Worcestershire,Durham,MJ Waite,NG Smith,P Coughlin,0,0,,,,,,,,,,,,,
1410207,2024,2024-04-19,"Chester Road North Ground, Kidderminster",4,37.2,37.2,Worcestershire,Durham,MJ Waite,NG Smith,P Coughlin,0,0,,,,,,,,,,,,,
1410207,2024,2024-04-19,"Chester Road North Ground, Kidderminster",4,37.3,37.3,Worcestershire,Durham,MJ Waite,NG Smith,P Coughlin,0,0,,,,,,,,,,,,,
1410207,2024,2024-04-19,"Chester Road North Ground, Kidderminster",4,37.4,37.4,Worcestershire,Durham,MJ Waite,NG Smith,P Coughlin,1,0,,,,,,,,,,,,,
1410207,2024,2024-04-19,"Chester Road North Ground, Kidderminster",4,37.5,37.5,Worcestershire,Durham,NG Smith,MJ Waite,P Coughlin,0,0,,,,,,,,,,,,,
1410207,2024,2024-04-19,"Chester Road North Ground, Kidderminster",4,37.6,37.6,Worcestershire,Durham,NG Smith,MJ Waite,P Coughlin,0,0,,,,,,,,,,,,,
1410207,2024,2024-04-19,"Chester Road North Ground, Kidderminster",4,38.1,38.1,Worcestershire,Durham,MJ Waite,NG Smith,CF Parkinson,0,0,,,,,,,,,,,,,
1410207,2024,2024-04-19,"Chester Road North Ground, Kidderminster",4,38.2,38.2,Worcestershire,Durham,MJ Waite,NG Smith,CF Parkinson,0,0,,,,,,,,,,,,,
1410207,2024,2024-04-19,"Chester Road North Ground, Kidderminster",4,38.3,38.3,Worcestershire,Durham,MJ Waite,NG Smith,CF Parkinson,0,0,,,,,,,,,,,,,
1410207,2024,2024-04-19,"Chester Road North Ground, Kidderminster",4,38.4,38.4,Worcestershire,Durham,MJ Waite,NG Smith,CF Parkinson,4,0,,,,,,,,,,,,,
1410207,2024,2024-04-19,"Chester Road North Ground, Kidderminster",4,38.5,38.5,Worcestershire,Durham,MJ Waite,NG Smith,CF Parkinson,0,0,,,,,,,,,,,,,
1410207,2024,2024-04-19,"Chester Road North Ground, Kidderminster",4,38.6,38.6,Worcestershire,Durham,MJ Waite,NG Smith,CF Parkinson,0,0,,,,,,,,,,,,,
1410207,2024,2024-04-19,"Chester Road North Ground, Kidderminster",4,39.1,39.1,Worcestershire,Durham,NG Smith,MJ Waite,P Coughlin,0,0,,,,,,,,,,,,,
1410207,2024,2024-04-19,"Chester Road North Ground, Kidderminster",4,39.2,39.2,Worcestershire,Durham,NG Smith,MJ Waite,P Coughlin,2,0,,,,,,,,,,,,,
1410207,2024,2024-04-19,"Chester Road North Ground, Kidderminster",4,39.3,39.3,Worcestershire,Durham,NG Smith,MJ Waite,P Coughlin,4,0,,,,,,,,,,,,,
1410207,2024,2024-04-19,"Chester Road North Ground, Kidderminster",4,39.4,39.4,Worcestershire,Durham,NG Smith,MJ Waite,P Coughlin,0,0,,,,,,,,,,,,,
1410207,2024,2024-04-19,"Chester Road North Ground, Kidderminster",4,39.5,39.5,Worcestershire,Durham,NG Smith,MJ Waite,P Coughlin,2,0,,,,,,,,,,,,,
1410207,2024,2024-04-19,"Chester Road North Ground, Kidderminster",4,39.6,39.6,Worcestershire,Durham,NG Smith,MJ Waite,P Coughlin,0,0,,,,,,,,,,,,,
1410207,2024,2024-04-19,"Chester Road North Ground, Kidderminster",4,40.1,40.1,Worcestershire,Durham,MJ Waite,NG Smith,CF Parkinson,0,0,,,,,,,,,,,,,
1410207,2024,2024-04-19,"Chester Road North Ground, Kidderminster",4,40.2,40.2,Worcestershire,Durham,MJ Waite,NG Smith,CF Parkinson,0,0,,,,,,,,,,,,,
1410207,2024,2024-04-19,"Chester Road North Ground, Kidderminster",4,40.3,40.3,Worcestershire,Durham,MJ Waite,NG Smith,CF Parkinson,0,0,,,,,,,,,,,,,
1410207,2024,2024-04-19,"Chester Road North Ground, Kidderminster",4,40.4,40.4,Worcestershire,Durham,MJ Waite,NG Smith,CF Parkinson,4,0,,,,,,,,,,,,,
1410207,2024,2024-04-19,"Chester Road North Ground, Kidderminster",4,40.5,40.5,Worcestershire,Durham,MJ Waite,NG Smith,CF Parkinson,0,0,,,,,,,,,,,,,
1410207,2024,2024-04-19,"Chester Road North Ground, Kidderminster",4,40.6,40.6,Worcestershire,Durham,MJ Waite,NG Smith,CF Parkinson,0,0,,,,,,,,,,,,,
1410207,2024,2024-04-19,"Chester Road North Ground, Kidderminster",4,41.1,41.1,Worcestershire,Durham,NG Smith,MJ Waite,BFW de Leede,0,0,,,,,,,,,,,,,
1410207,2024,2024-04-19,"Chester Road North Ground, Kidderminster",4,41.2,41.2,Worcestershire,Durham,NG Smith,MJ Waite,BFW de Leede,0,0,,,,,,,,,,,,,
1410207,2024,2024-04-19,"Chester Road North Ground, Kidderminster",4,41.3,41.3,Worcestershire,Durham,NG Smith,MJ Waite,BFW de Leede,0,0,,,,,,,,,,,,,
1410207,2024,2024-04-19,"Chester Road North Ground, Kidderminster",4,41.4,41.4,Worcestershire,Durham,NG Smith,MJ Waite,BFW de Leede,0,0,,,,,,,,,,,,,
1410207,2024,2024-04-19,"Chester Road North Ground, Kidderminster",4,41.5,41.5,Worcestershire,Durham,NG Smith,MJ Waite,BFW de Leede,1,0,,,,,,,,,,,,,
1410207,2024,2024-04-19,"Chester Road North Ground, Kidderminster",4,41.6,41.6,Worcestershire,Durham,MJ Waite,NG Smith,BFW de Leede,0,0,,,,,,,,,,,,,
1410207,2024,2024-04-19,"Chester Road North Ground, Kidderminster",4,42.1,42.1,Worcestershire,Durham,NG Smith,MJ Waite,CF Parkinson,0,0,,,,,,,,,,,,,
1410207,2024,2024-04-19,"Chester Road North Ground, Kidderminster",4,42.2,42.2,Worcestershire,Durham,NG Smith,MJ Waite,CF Parkinson,6,0,,,,,,,,,,,,,
1410207,2024,2024-04-19,"Chester Road North Ground, Kidderminster",4,42.3,42.3,Worcestershire,Durham,NG Smith,MJ Waite,CF Parkinson,0,0,,,,,,,,,,,,,
1410207,2024,2024-04-19,"Chester Road North Ground, Kidderminster",4,42.4,42.4,Worcestershire,Durham,NG Smith,MJ Waite,CF Parkinson,4,0,,,,,,,,,,,,,
1410207,2024,2024-04-19,"Chester Road North Ground, Kidderminster",4,42.5,42.5,Worcestershire,Durham,NG Smith,MJ Waite,CF Parkinson,0,0,,,,,,,,,,,,,
1410207,2024,2024-04-19,"Chester Road North Ground, Kidderminster",4,42.6,42.6,Worcestershire,Durham,NG Smith,MJ Waite,CF Parkinson,0,0,,,,,,,,,,,,,
1410207,2024,2024-04-19,"Chester Road North Ground, Kidderminster",4,43.1,43.1,Worcestershire,Durham,MJ Waite,NG Smith,P Coughlin,0,0,,,,,,,,,,,,,
1410207,2024,2024-04-19,"Chester Road North Ground, Kidderminster",4,43.2,43.2,Worcestershire,Durham,MJ Waite,NG Smith,P Coughlin,0,0,,,,,,,,,,,,,
1410207,2024,2024-04-19,"Chester Road North Ground, Kidderminster",4,43.3,43.3,Worcestershire,Durham,MJ Waite,NG Smith,P Coughlin,0,0,,,,,,,,,,,,,
1410207,2024,2024-04-19,"Chester Road North Ground, Kidderminster",4,43.4,43.4,Worcestershire,Durham,MJ Waite,NG Smith,P Coughlin,0,0,,,,,,,,,,,,,
1410207,2024,2024-04-19,"Chester Road North Ground, Kidderminster",4,43.5,43.5,Worcestershire,Durham,MJ Waite,NG Smith,P Coughlin,4,0,,,,,,,,,,,,,
1410207,2024,2024-04-19,"Chester Road North Ground, Kidderminster",4,43.6,43.6,Worcestershire,Durham,MJ Waite,NG Smith,P Coughlin,0,0,,,,,,,,,,,,,
1410207,2024,2024-04-19,"Chester Road North Ground, Kidderminster",4,44.1,44.1,Worcestershire,Durham,NG Smith,MJ Waite,CF Parkinson,0,0,,,,,,,,,,,,,
1410207,2024,2024-04-19,"Chester Road North Ground, Kidderminster",4,44.2,44.2,Worcestershire,Durham,NG Smith,MJ Waite,CF Parkinson,0,0,,,,,,,,,,,,,
1410207,2024,2024-04-19,"Chester Road North Ground, Kidderminster",4,44.3,44.3,Worcestershire,Durham,NG Smith,MJ Waite,CF Parkinson,1,0,,,,,,,,,,,,,
1410207,2024,2024-04-19,"Chester Road North Ground, Kidderminster",4,44.4,44.4,Worcestershire,Durham,MJ Waite,NG Smith,CF Parkinson,0,0,,,,,,,,,,,,,
1410207,2024,2024-04-19,"Chester Road North Ground, Kidderminster",4,44.5,44.5,Worcestershire,Durham,MJ Waite,NG Smith,CF Parkinson,0,0,,,,,,,,,,,,,
1410207,2024,2024-04-19,"Chester Road North Ground, Kidderminster",4,44.6,44.6,Worcestershire,Durham,MJ Waite,NG Smith,CF Parkinson,0,0,,,,,,,,,,,,,
1410207,2024,2024-04-19,"Chester Road North Ground, Kidderminster",4,45.1,45.1,Worcestershire,Durham,NG Smith,MJ Waite,P Coughlin,1,0,,,,,,,,,,,,,
1410207,2024,2024-04-19,"Chester Road North Ground, Kidderminster",4,45.2,45.2,Worcestershire,Durham,MJ Waite,NG Smith,P Coughlin,1,0,,,,,,,,,,,,,
1410207,2024,2024-04-19,"Chester Road North Ground, Kidderminster",4,45.3,45.3,Worcestershire,Durham,NG Smith,MJ Waite,P Coughlin,0,0,,,,,,,,,,,,,
1410207,2024,2024-04-19,"Chester Road North Ground, Kidderminster",4,45.4,45.4,Worcestershire,Durham,NG Smith,MJ Waite,P Coughlin,0,0,,,,,,,,,,,,,
1410207,2024,2024-04-19,"Chester Road North Ground, Kidderminster",4,45.5,45.5,Worcestershire,Durham,NG Smith,MJ Waite,P Coughlin,2,0,,,,,,,,,,,,,
1410207,2024,2024-04-19,"Chester Road North Ground, Kidderminster",4,45.6,45.6,Worcestershire,Durham,NG Smith,MJ Waite,P Coughlin,0,0,,,,,,,,,,,,,
1410207,2024,2024-04-19,"Chester Road North Ground, Kidderminster",4,46.1,46.1,Worcestershire,Durham,MJ Waite,NG Smith,CF Parkinson,1,0,,,,,,,,,,,,,
1410207,2024,2024-04-19,"Chester Road North Ground, Kidderminster",4,46.2,46.2,Worcestershire,Durham,NG Smith,MJ Waite,CF Parkinson,0,0,,,,,,,,,,,,,
1410207,2024,2024-04-19,"Chester Road North Ground, Kidderminster",4,46.3,46.3,Worcestershire,Durham,NG Smith,MJ Waite,CF Parkinson,1,0,,,,,,,,,,,,,
1410207,2024,2024-04-19,"Chester Road North Ground, Kidderminster",4,46.4,46.4,Worcestershire,Durham,MJ Waite,NG Smith,CF Parkinson,0,0,,,,,,,,,,,,,
1410207,2024,2024-04-19,"Chester Road North Ground, Kidderminster",4,46.5,46.5,Worcestershire,Durham,MJ Waite,NG Smith,CF Parkinson,0,0,,,,,,,,,,,,,
1410207,2024,2024-04-19,"Chester Road North Ground, Kidderminster",4,46.6,46.6,Worcestershire,Durham,MJ Waite,NG Smith,CF Parkinson,0,0,,,,,,,,,,,,,
1410207,2024,2024-04-19,"Chester Road North Ground, Kidderminster",4,47.1,47.1,Worcestershire,Durham,NG Smith,MJ Waite,P Coughlin,0,0,,,,,,,,,,,,,
1410207,2024,2024-04-19,"Chester Road North Ground, Kidderminster",4,47.2,47.2,Worcestershire,Durham,NG Smith,MJ Waite,P Coughlin,0,0,,,,,,,,,,,,,
1410207,2024,2024-04-19,"Chester Road North Ground, Kidderminster",4,47.3,47.3,Worcestershire,Durham,NG Smith,MJ Waite,P Coughlin,0,0,,,,,,,,,,,,,
1410207,2024,2024-04-19,"Chester Road North Ground, Kidderminster",4,47.4,47.4,Worcestershire,Durham,NG Smith,MJ Waite,P Coughlin,4,2,,2,,,,,,,,,,,
1410207,2024,2024-04-19,"Chester Road North Ground, Kidderminster",4,47.5,47.4,Worcestershire,Durham,NG Smith,MJ Waite,P Coughlin,4,0,,,,,,,,,,,,,
1410207,2024,2024-04-19,"Chester Road North Ground, Kidderminster",4,47.6,47.5,Worcestershire,Durham,NG Smith,MJ Waite,P Coughlin,0,0,,,,,,,,,,,,,
1410207,2024,2024-04-19,"Chester Road North Ground, Kidderminster",4,47.7,47.6,Worcestershire,Durham,NG Smith,MJ Waite,P Coughlin,0,0,,,,,,,,,,,,,
1410207,2024,2024-04-19,"Chester Road North Ground, Kidderminster",4,48.1,48.1,Worcestershire,Durham,MJ Waite,NG Smith,CF Parkinson,1,0,,,,,,,,,,,,,
1410207,2024,2024-04-19,"Chester Road North Ground, Kidderminster",4,48.2,48.2,Worcestershire,Durham,NG Smith,MJ Waite,CF Parkinson,0,0,,,,,,,,,,,,,
1410207,2024,2024-04-19,"Chester Road North Ground, Kidderminster",4,48.3,48.3,Worcestershire,Durham,NG Smith,MJ Waite,CF Parkinson,0,0,,,,,,,,,,,,,
1410207,2024,2024-04-19,"Chester Road North Ground, Kidderminster",4,48.4,48.4,Worcestershire,Durham,NG Smith,MJ Waite,CF Parkinson,0,0,,,,,,,,,,,,,
1410207,2024,2024-04-19,"Chester Road North Ground, Kidderminster",4,48.5,48.5,Worcestershire,Durham,NG Smith,MJ Waite,CF Parkinson,0,0,,,,,,,,,,,,,
1410207,2024,2024-04-19,"Chester Road North Ground, Kidderminster",4,48.6,48.6,Worcestershire,Durham,NG Smith,MJ Waite,CF Parkinson,0,4,,,,4,,,,,,,,,
1410207,2024,2024-04-19,"Chester Road North Ground, Kidderminster",4,49.1,49.1,Worcestershire,Durham,MJ Waite,NG Smith,MJ Potts,0,0,,,,,,,,,,,,,
1410207,2024,2024-04-19,"Chester Road North Ground, Kidderminster",4,49.2,49.2,Worcestershire,Durham,MJ Waite,NG Smith,MJ Potts,0,0,,,,,,,,,,,,,
1410207,2024,2024-04-19,"Chester Road North Ground, Kidderminster",4,49.3,49.3,Worcestershire,Durham,MJ Waite,NG Smith,MJ Potts,0,0,,,,,,,,,,,,,
1410207,2024,2024-04-19,"Chester Road North Ground, Kidderminster",4,49.4,49.4,Worcestershire,Durham,MJ Waite,NG Smith,MJ Potts,0,0,,,,,,,,,,,,,
1410207,2024,2024-04-19,"Chester Road North Ground, Kidderminster",4,49.5,49.5,Worcestershire,Durham,MJ Waite,NG Smith,MJ Potts,0,0,,,,,,,,,,,,,
1410207,2024,2024-04-19,"Chester Road North Ground, Kidderminster",4,49.6,49.6,Worcestershire,Durham,MJ Waite,NG Smith,MJ Potts,1,0,,,,,,,,,,,,,
1410207,2024,2024-04-19,"Chester Road North Ground, Kidderminster",4,50.1,50.1,Worcestershire,Durham,MJ Waite,NG Smith,CF Parkinson,0,0,,,,,,,,,,,,,
1410207,2024,2024-04-19,"Chester Road North Ground, Kidderminster",4,50.2,50.2,Worcestershire,Durham,MJ Waite,NG Smith,CF Parkinson,0,0,,,,,,,,,,,,,
1410207,2024,2024-04-19,"Chester Road North Ground, Kidderminster",4,50.3,50.3,Worcestershire,Durham,MJ Waite,NG Smith,CF Parkinson,0,0,,,,,,,,,,,,,
1410207,2024,2024-04-19,"Chester Road North Ground, Kidderminster",4,50.4,50.4,Worcestershire,Durham,MJ Waite,NG Smith,CF Parkinson,2,0,,,,,,,,,,,,,
1410207,2024,2024-04-19,"Chester Road North Ground, Kidderminster",4,50.5,50.5,Worcestershire,Durham,MJ Waite,NG Smith,CF Parkinson,0,0,,,,,,,,,,,,,
1410207,2024,2024-04-19,"Chester Road North Ground, Kidderminster",4,50.6,50.6,Worcestershire,Durham,MJ Waite,NG Smith,CF Parkinson,0,0,,,,,,,,,,,,,
1410207,2024,2024-04-19,"Chester Road North Ground, Kidderminster",4,51.1,51.1,Worcestershire,Durham,NG Smith,MJ Waite,MJ Potts,0,0,,,,,,,,,,,,,
1410207,2024,2024-04-19,"Chester Road North Ground, Kidderminster",4,51.2,51.2,Worcestershire,Durham,NG Smith,MJ Waite,MJ Potts,0,0,,,,,,,,,,,,,
1410207,2024,2024-04-19,"Chester Road North Ground, Kidderminster",4,51.3,51.3,Worcestershire,Durham,NG Smith,MJ Waite,MJ Potts,0,0,,,,,,,,,,,,,
1410207,2024,2024-04-19,"Chester Road North Ground, Kidderminster",4,51.4,51.4,Worcestershire,Durham,NG Smith,MJ Waite,MJ Potts,0,0,,,,,,,,,,,,,
1410207,2024,2024-04-19,"Chester Road North Ground, Kidderminster",4,51.5,51.5,Worcestershire,Durham,NG Smith,MJ Waite,MJ Potts,0,0,,,,,,,,,,,,,
1410207,2024,2024-04-19,"Chester Road North Ground, Kidderminster",4,51.6,51.6,Worcestershire,Durham,NG Smith,MJ Waite,MJ Potts,1,0,,,,,,,,,,,,,
1410207,2024,2024-04-19,"Chester Road North Ground, Kidderminster",4,52.1,52.1,Worcestershire,Durham,NG Smith,MJ Waite,CF Parkinson,0,0,,,,,,,,,,,,,
1410207,2024,2024-04-19,"Chester Road North Ground, Kidderminster",4,52.2,52.2,Worcestershire,Durham,NG Smith,MJ Waite,CF Parkinson,1,0,,,,,,,,,,,,,
1410207,2024,2024-04-19,"Chester Road North Ground, Kidderminster",4,52.3,52.3,Worcestershire,Durham,MJ Waite,NG Smith,CF Parkinson,4,0,,,,,,,,,,,,,
1410207,2024,2024-04-19,"Chester Road North Ground, Kidderminster",4,52.4,52.4,Worcestershire,Durham,MJ Waite,NG Smith,CF Parkinson,0,0,,,,,,,,,,,,,
1410207,2024,2024-04-19,"Chester Road North Ground, Kidderminster",4,52.5,52.5,Worcestershire,Durham,MJ Waite,NG Smith,CF Parkinson,0,0,,,,,,,,,,,,,
1410207,2024,2024-04-19,"Chester Road North Ground, Kidderminster",4,52.6,52.6,Worcestershire,Durham,MJ Waite,NG Smith,CF Parkinson,0,0,,,,,,,,,,,,,
1410207,2024,2024-04-19,"Chester Road North Ground, Kidderminster",4,53.1,53.1,Worcestershire,Durham,NG Smith,MJ Waite,MJ Potts,0,0,,,,,,,,,,,,,
1410207,2024,2024-04-19,"Chester Road North Ground, Kidderminster",4,53.2,53.2,Worcestershire,Durham,NG Smith,MJ Waite,MJ Potts,0,0,,,,,,,,,,,,,
1410207,2024,2024-04-19,"Chester Road North Ground, Kidderminster",4,53.3,53.3,Worcestershire,Durham,NG Smith,MJ Waite,MJ Potts,0,0,,,,,,,,,,,,,
1410207,2024,2024-04-19,"Chester Road North Ground, Kidderminster",4,53.4,53.4,Worcestershire,Durham,NG Smith,MJ Waite,MJ Potts,1,0,,,,,,,,,,,,,
1410207,2024,2024-04-19,"Chester Road North Ground, Kidderminster",4,53.5,53.5,Worcestershire,Durham,MJ Waite,NG Smith,MJ Potts,0,0,,,,,,,,,,,,,
1410207,2024,2024-04-19,"Chester Road North Ground, Kidderminster",4,53.6,53.6,Worcestershire,Durham,MJ Waite,NG Smith,MJ Potts,4,0,,,,,,,,,,,,,
1410207,2024,2024-04-19,"Chester Road North Ground, Kidderminster",4,54.1,54.1,Worcestershire,Durham,NG Smith,MJ Waite,CF Parkinson,0,0,,,,,,,,,,,,,
1410207,2024,2024-04-19,"Chester Road North Ground, Kidderminster",4,54.2,54.2,Worcestershire,Durham,NG Smith,MJ Waite,CF Parkinson,0,0,,,,,,,,,,,,,
1410207,2024,2024-04-19,"Chester Road North Ground, Kidderminster",4,54.3,54.3,Worcestershire,Durham,NG Smith,MJ Waite,CF Parkinson,0,0,,,,,,,,,,,,,
1410207,2024,2024-04-19,"Chester Road North Ground, Kidderminster",4,54.4,54.4,Worcestershire,Durham,NG Smith,MJ Waite,CF Parkinson,0,0,,,,,,,,,,,,,
1410207,2024,2024-04-19,"Chester Road North Ground, Kidderminster",4,54.5,54.5,Worcestershire,Durham,NG Smith,MJ Waite,CF Parkinson,0,0,,,,,,,,,,,,,
1410207,2024,2024-04-19,"Chester Road North Ground, Kidderminster",4,54.6,54.6,Worcestershire,Durham,NG Smith,MJ Waite,CF Parkinson,1,0,,,,,,,,,,,,,
1410207,2024,2024-04-19,"Chester Road North Ground, Kidderminster",4,55.1,55.1,Worcestershire,Durham,NG Smith,MJ Waite,MJ Potts,0,0,,,,,,,,,,,,,
1410207,2024,2024-04-19,"Chester Road North Ground, Kidderminster",4,55.2,55.2,Worcestershire,Durham,NG Smith,MJ Waite,MJ Potts,0,0,,,,,,,,,,,,,
1410207,2024,2024-04-19,"Chester Road North Ground, Kidderminster",4,55.3,55.3,Worcestershire,Durham,NG Smith,MJ Waite,MJ Potts,0,0,,,,,,,,,,,,,
1410207,2024,2024-04-19,"Chester Road North Ground, Kidderminster",4,55.4,55.4,Worcestershire,Durham,NG Smith,MJ Waite,MJ Potts,0,0,,,,,,,,,,,,,
1410207,2024,2024-04-19,"Chester Road North Ground, Kidderminster",4,55.5,55.5,Worcestershire,Durham,NG Smith,MJ Waite,MJ Potts,0,0,,,,,,,,,,,,,
1410207,2024,2024-04-19,"Chester Road North Ground, Kidderminster",4,55.6,55.6,Worcestershire,Durham,NG Smith,MJ Waite,MJ Potts,0,0,,,,,,,,,,,,,
1410207,2024,2024-04-19,"Chester Road North Ground, Kidderminster",4,56.1,56.1,Worcestershire,Durham,MJ Waite,NG Smith,CF Parkinson,0,0,,,,,,,,,,,,,
1410207,2024,2024-04-19,"Chester Road North Ground, Kidderminster",4,56.2,56.2,Worcestershire,Durham,MJ Waite,NG Smith,CF Parkinson,0,0,,,,,,,,,,,,,
1410207,2024,2024-04-19,"Chester Road North Ground, Kidderminster",4,56.3,56.3,Worcestershire,Durham,MJ Waite,NG Smith,CF Parkinson,0,0,,,,,,,,,,,,,
1410207,2024,2024-04-19,"Chester Road North Ground, Kidderminster",4,56.4,56.4,Worcestershire,Durham,MJ Waite,NG Smith,CF Parkinson,0,0,,,,,,,,,,,,,
1410207,2024,2024-04-19,"Chester Road North Ground, Kidderminster",4,56.5,56.5,Worcestershire,Durham,MJ Waite,NG Smith,CF Parkinson,0,0,,,,,,,,,,,,,
1410207,2024,2024-04-19,"Chester Road North Ground, Kidderminster",4,56.6,56.6,Worcestershire,Durham,MJ Waite,NG Smith,CF Parkinson,0,0,,,,,,,,,,,,,
1410207,2024,2024-04-19,"Chester Road North Ground, Kidderminster",4,57.1,57.1,Worcestershire,Durham,NG Smith,MJ Waite,MJ Potts,4,0,,,,,,,,,,,,,
1410207,2024,2024-04-19,"Chester Road North Ground, Kidderminster",4,57.2,57.2,Worcestershire,Durham,NG Smith,MJ Waite,MJ Potts,0,0,,,,,,,,,,,,,
1410207,2024,2024-04-19,"Chester Road North Ground, Kidderminster",4,57.3,57.3,Worcestershire,Durham,NG Smith,MJ Waite,MJ Potts,4,0,,,,,,,,,,,,,
1410207,2024,2024-04-19,"Chester Road North Ground, Kidderminster",4,57.4,57.4,Worcestershire,Durham,NG Smith,MJ Waite,MJ Potts,0,0,,,,,,,,,,,,,
1410207,2024,2024-04-19,"Chester Road North Ground, Kidderminster",4,57.5,57.5,Worcestershire,Durham,NG Smith,MJ Waite,MJ Potts,0,0,,,,,,,,,,,,,
1410207,2024,2024-04-19,"Chester Road North Ground, Kidderminster",4,57.6,57.6,Worcestershire,Durham,NG Smith,MJ Waite,MJ Potts,2,0,,,,,,,,,,,,,
1410207,2024,2024-04-19,"Chester Road North Ground, Kidderminster",4,58.1,58.1,Worcestershire,Durham,MJ Waite,NG Smith,CF Parkinson,0,0,,,,,,,,,,,,,
1410207,2024,2024-04-19,"Chester Road North Ground, Kidderminster",4,58.2,58.2,Worcestershire,Durham,MJ Waite,NG Smith,CF Parkinson,0,0,,,,,,,,,,,,,
1410207,2024,2024-04-19,"Chester Road North Ground, Kidderminster",4,58.3,58.3,Worcestershire,Durham,MJ Waite,NG Smith,CF Parkinson,0,0,,,,,,,,,,,,,
1410207,2024,2024-04-19,"Chester Road North Ground, Kidderminster",4,58.4,58.4,Worcestershire,Durham,MJ Waite,NG Smith,CF Parkinson,0,0,,,,,,,,,,,,,
1410207,2024,2024-04-19,"Chester Road North Ground, Kidderminster",4,58.5,58.5,Worcestershire,Durham,MJ Waite,NG Smith,CF Parkinson,0,0,,,,,,,,,,,,,
1410207,2024,2024-04-19,"Chester Road North Ground, Kidderminster",4,58.6,58.6,Worcestershire,Durham,MJ Waite,NG Smith,CF Parkinson,0,0,,,,,,,,,,,,,
1410207,2024,2024-04-19,"Chester Road North Ground, Kidderminster",4,59.1,59.1,Worcestershire,Durham,NG Smith,MJ Waite,BA Raine,0,0,,,,,,,,,,,,,
1410207,2024,2024-04-19,"Chester Road North Ground, Kidderminster",4,59.2,59.2,Worcestershire,Durham,NG Smith,MJ Waite,BA Raine,0,0,,,,,,,,,,,,,
1410207,2024,2024-04-19,"Chester Road North Ground, Kidderminster",4,59.3,59.3,Worcestershire,Durham,NG Smith,MJ Waite,BA Raine,1,0,,,,,,,,,,,,,
1410207,2024,2024-04-19,"Chester Road North Ground, Kidderminster",4,59.4,59.4,Worcestershire,Durham,MJ Waite,NG Smith,BA Raine,4,0,,,,,,,,,,,,,
1410207,2024,2024-04-19,"Chester Road North Ground, Kidderminster",4,59.5,59.5,Worcestershire,Durham,MJ Waite,NG Smith,BA Raine,0,0,,,,,,,,,,,,,
1410207,2024,2024-04-19,"Chester Road North Ground, Kidderminster",4,59.6,59.6,Worcestershire,Durham,MJ Waite,NG Smith,BA Raine,1,0,,,,,,,,,,,,,
1410207,2024,2024-04-19,"Chester Road North Ground, Kidderminster",4,60.1,60.1,Worcestershire,Durham,MJ Waite,NG Smith,CF Parkinson,1,0,,,,,,,,,,,,,
1410207,2024,2024-04-19,"Chester Road North Ground, Kidderminster",4,60.2,60.2,Worcestershire,Durham,NG Smith,MJ Waite,CF Parkinson,0,0,,,,,,,,,,,,,
1410207,2024,2024-04-19,"Chester Road North Ground, Kidderminster",4,60.3,60.3,Worcestershire,Durham,NG Smith,MJ Waite,CF Parkinson,1,0,,,,,,,,,,,,,
1410207,2024,2024-04-19,"Chester Road North Ground, Kidderminster",4,60.4,60.4,Worcestershire,Durham,MJ Waite,NG Smith,CF Parkinson,0,0,,,,,,,,,,,,,
1410207,2024,2024-04-19,"Chester Road North Ground, Kidderminster",4,60.5,60.5,Worcestershire,Durham,MJ Waite,NG Smith,CF Parkinson,0,0,,,,,,,,,,,,,
1410207,2024,2024-04-19,"Chester Road North Ground, Kidderminster",4,60.6,60.6,Worcestershire,Durham,MJ Waite,NG Smith,CF Parkinson,0,0,,,,,,,,,,,,,
1410207,2024,2024-04-19,"Chester Road North Ground, Kidderminster",4,61.1,61.1,Worcestershire,Durham,NG Smith,MJ Waite,BA Raine,4,0,,,,,,,,,,,,,
1410207,2024,2024-04-19,"Chester Road North Ground, Kidderminster",4,61.2,61.2,Worcestershire,Durham,NG Smith,MJ Waite,BA Raine,0,0,,,,,,,,,,,,,
1410207,2024,2024-04-19,"Chester Road North Ground, Kidderminster",4,61.3,61.3,Worcestershire,Durham,NG Smith,MJ Waite,BA Raine,0,0,,,,,,,bowled,NG Smith,,,,,
1410207,2024,2024-04-19,"Chester Road North Ground, Kidderminster",4,61.4,61.4,Worcestershire,Durham,JO Baker,MJ Waite,BA Raine,0,0,,,,,,,,,,,,,
1410207,2024,2024-04-19,"Chester Road North Ground, Kidderminster",4,61.5,61.5,Worcestershire,Durham,JO Baker,MJ Waite,BA Raine,0,1,,,,1,,,,,,,,,
1410207,2024,2024-04-19,"Chester Road North Ground, Kidderminster",4,61.6,61.6,Worcestershire,Durham,MJ Waite,JO Baker,BA Raine,0,0,,,,,,,,,,,,,
1410207,2024,2024-04-19,"Chester Road North Ground, Kidderminster",4,62.1,62.1,Worcestershire,Durham,JO Baker,MJ Waite,CF Parkinson,0,0,,,,,,,,,,,,,
1410207,2024,2024-04-19,"Chester Road North Ground, Kidderminster",4,62.2,62.2,Worcestershire,Durham,JO Baker,MJ Waite,CF Parkinson,0,0,,,,,,,,,,,,,
1410207,2024,2024-04-19,"Chester Road North Ground, Kidderminster",4,62.3,62.3,Worcestershire,Durham,JO Baker,MJ Waite,CF Parkinson,0,0,,,,,,,,,,,,,
1410207,2024,2024-04-19,"Chester Road North Ground, Kidderminster",4,62.4,62.4,Worcestershire,Durham,JO Baker,MJ Waite,CF Parkinson,0,0,,,,,,,,,,,,,
1410207,2024,2024-04-19,"Chester Road North Ground, Kidderminster",4,62.5,62.5,Worcestershire,Durham,JO Baker,MJ Waite,CF Parkinson,0,0,,,,,,,,,,,,,
1410207,2024,2024-04-19,"Chester Road North Ground, Kidderminster",4,62.6,62.6,Worcestershire,Durham,JO Baker,MJ Waite,CF Parkinson,0,0,,,,,,,,,,,,,
1410207,2024,2024-04-19,"Chester Road North Ground, Kidderminster",4,63.1,63.1,Worcestershire,Durham,MJ Waite,JO Baker,BA Raine,0,0,,,,,,,,,,,,,
1410207,2024,2024-04-19,"Chester Road North Ground, Kidderminster",4,63.2,63.2,Worcestershire,Durham,MJ Waite,JO Baker,BA Raine,0,0,,,,,,,,,,,,,
1410207,2024,2024-04-19,"Chester Road North Ground, Kidderminster",4,63.3,63.3,Worcestershire,Durham,MJ Waite,JO Baker,BA Raine,0,0,,,,,,,,,,,,,
1410207,2024,2024-04-19,"Chester Road North Ground, Kidderminster",4,63.4,63.4,Worcestershire,Durham,MJ Waite,JO Baker,BA Raine,0,0,,,,,,,,,,,,,
1410207,2024,2024-04-19,"Chester Road North Ground, Kidderminster",4,63.5,63.5,Worcestershire,Durham,MJ Waite,JO Baker,BA Raine,0,0,,,,,,,,,,,,,
1410207,2024,2024-04-19,"Chester Road North Ground, Kidderminster",4,63.6,63.6,Worcestershire,Durham,MJ Waite,JO Baker,BA Raine,1,0,,,,,,,,,,,,,
1410207,2024,2024-04-19,"Chester Road North Ground, Kidderminster",4,64.1,64.1,Worcestershire,Durham,MJ Waite,JO Baker,CF Parkinson,0,0,,,,,,,,,,,,,
1410207,2024,2024-04-19,"Chester Road North Ground, Kidderminster",4,64.2,64.2,Worcestershire,Durham,MJ Waite,JO Baker,CF Parkinson,0,0,,,,,,,,,,,,,
1410207,2024,2024-04-19,"Chester Road North Ground, Kidderminster",4,64.3,64.3,Worcestershire,Durham,MJ Waite,JO Baker,CF Parkinson,2,0,,,,,,,,,,,,,
1410207,2024,2024-04-19,"Chester Road North Ground, Kidderminster",4,64.4,64.4,Worcestershire,Durham,MJ Waite,JO Baker,CF Parkinson,0,0,,,,,,,,,,,,,
1410207,2024,2024-04-19,"Chester Road North Ground, Kidderminster",4,64.5,64.5,Worcestershire,Durham,MJ Waite,JO Baker,CF Parkinson,0,0,,,,,,,,,,,,,
1410207,2024,2024-04-19,"Chester Road North Ground, Kidderminster",4,64.6,64.6,Worcestershire,Durham,MJ Waite,JO Baker,CF Parkinson,0,0,,,,,,,,,,,,,
1410207,2024,2024-04-19,"Chester Road North Ground, Kidderminster",4,65.1,65.1,Worcestershire,Durham,JO Baker,MJ Waite,BA Raine,0,0,,,,,,,,,,,,,
1410207,2024,2024-04-19,"Chester Road North Ground, Kidderminster",4,65.2,65.2,Worcestershire,Durham,JO Baker,MJ Waite,BA Raine,0,0,,,,,,,,,,,,,
1410207,2024,2024-04-19,"Chester Road North Ground, Kidderminster",4,65.3,65.3,Worcestershire,Durham,JO Baker,MJ Waite,BA Raine,0,4,,,,4,,,,,,,,,
1410207,2024,2024-04-19,"Chester Road North Ground, Kidderminster",4,65.4,65.4,Worcestershire,Durham,JO Baker,MJ Waite,BA Raine,0,0,,,,,,,,,,,,,
1410207,2024,2024-04-19,"Chester Road North Ground, Kidderminster",4,65.5,65.5,Worcestershire,Durham,JO Baker,MJ Waite,BA Raine,0,0,,,,,,,,,,,,,
1410207,2024,2024-04-19,"Chester Road North Ground, Kidderminster",4,65.6,65.6,Worcestershire,Durham,JO Baker,MJ Waite,BA Raine,1,0,,,,,,,,,,,,,
1410207,2024,2024-04-19,"Chester Road North Ground, Kidderminster",4,66.1,66.1,Worcestershire,Durham,JO Baker,MJ Waite,CF Parkinson,0,0,,,,,,,,,,,,,
1410207,2024,2024-04-19,"Chester Road North Ground, Kidderminster",4,66.2,66.2,Worcestershire,Durham,JO Baker,MJ Waite,CF Parkinson,0,0,,,,,,,,,,,,,
1410207,2024,2024-04-19,"Chester Road North Ground, Kidderminster",4,66.3,66.3,Worcestershire,Durham,JO Baker,MJ Waite,CF Parkinson,4,0,,,,,,,,,,,,,
1410207,2024,2024-04-19,"Chester Road North Ground, Kidderminster",4,66.4,66.4,Worcestershire,Durham,JO Baker,MJ Waite,CF Parkinson,4,0,,,,,,,,,,,,,
1410207,2024,2024-04-19,"Chester Road North Ground, Kidderminster",4,66.5,66.5,Worcestershire,Durham,JO Baker,MJ Waite,CF Parkinson,0,0,,,,,,,,,,,,,
1410207,2024,2024-04-19,"Chester Road North Ground, Kidderminster",4,66.6,66.6,Worcestershire,Durham,JO Baker,MJ Waite,CF Parkinson,0,0,,,,,,,caught,JO Baker,,,OG Robinson,,
1410207,2024,2024-04-19,"Chester Road North Ground, Kidderminster",4,67.1,67.1,Worcestershire,Durham,MJ Waite,J Leach,BA Raine,0,0,,,,,,,,,,,,,
1410207,2024,2024-04-19,"Chester Road North Ground, Kidderminster",4,67.2,67.2,Worcestershire,Durham,MJ Waite,J Leach,BA Raine,4,0,,,,,,,,,,,,,
1410207,2024,2024-04-19,"Chester Road North Ground, Kidderminster",4,67.3,67.3,Worcestershire,Durham,MJ Waite,J Leach,BA Raine,1,0,,,,,,,,,,,,,
1410207,2024,2024-04-19,"Chester Road North Ground, Kidderminster",4,67.4,67.4,Worcestershire,Durham,J Leach,MJ Waite,BA Raine,0,0,,,,,,,,,,,,,
1410207,2024,2024-04-19,"Chester Road North Ground, Kidderminster",4,67.5,67.5,Worcestershire,Durham,J Leach,MJ Waite,BA Raine,0,0,,,,,,,,,,,,,
1410207,2024,2024-04-19,"Chester Road North Ground, Kidderminster",4,67.6,67.6,Worcestershire,Durham,J Leach,MJ Waite,BA Raine,0,0,,,,,,,,,,,,,
1410207,2024,2024-04-19,"Chester Road North Ground, Kidderminster",4,68.1,68.1,Worcestershire,Durham,MJ Waite,J Leach,CF Parkinson,0,0,,,,,,,,,,,,,
1410207,2024,2024-04-19,"Chester Road North Ground, Kidderminster",4,68.2,68.2,Worcestershire,Durham,MJ Waite,J Leach,CF Parkinson,0,0,,,,,,,,,,,,,
1410207,2024,2024-04-19,"Chester Road North Ground, Kidderminster",4,68.3,68.3,Worcestershire,Durham,MJ Waite,J Leach,CF Parkinson,0,0,,,,,,,,,,,,,
1410207,2024,2024-04-19,"Chester Road North Ground, Kidderminster",4,68.4,68.4,Worcestershire,Durham,MJ Waite,J Leach,CF Parkinson,0,0,,,,,,,,,,,,,
1410207,2024,2024-04-19,"Chester Road North Ground, Kidderminster",4,68.5,68.5,Worcestershire,Durham,MJ Waite,J Leach,CF Parkinson,0,0,,,,,,,,,,,,,
1410207,2024,2024-04-19,"Chester Road North Ground, Kidderminster",4,68.6,68.6,Worcestershire,Durham,MJ Waite,J Leach,CF Parkinson,0,0,,,,,,,,,,,,,
1410207,2024,2024-04-19,"Chester Road North Ground, Kidderminster",4,69.1,69.1,Worcestershire,Durham,J Leach,MJ Waite,P Coughlin,0,0,,,,,,,,,,,,,
1410207,2024,2024-04-19,"Chester Road North Ground, Kidderminster",4,69.2,69.2,Worcestershire,Durham,J Leach,MJ Waite,P Coughlin,0,0,,,,,,,,,,,,,
1410207,2024,2024-04-19,"Chester Road North Ground, Kidderminster",4,69.3,69.3,Worcestershire,Durham,J Leach,MJ Waite,P Coughlin,0,0,,,,,,,,,,,,,
1410207,2024,2024-04-19,"Chester Road North Ground, Kidderminster",4,69.4,69.4,Worcestershire,Durham,J Leach,MJ Waite,P Coughlin,0,0,,,,,,,,,,,,,
1410207,2024,2024-04-19,"Chester Road North Ground, Kidderminster",4,69.5,69.5,Worcestershire,Durham,J Leach,MJ Waite,P Coughlin,0,0,,,,,,,,,,,,,
1410207,2024,2024-04-19,"Chester Road North Ground, Kidderminster",4,69.6,69.6,Worcestershire,Durham,J Leach,MJ Waite,P Coughlin,0,0,,,,,,,,,,,,,
1410207,2024,2024-04-19,"Chester Road North Ground, Kidderminster",4,70.1,70.1,Worcestershire,Durham,MJ Waite,J Leach,CF Parkinson,0,0,,,,,,,,,,,,,
1410207,2024,2024-04-19,"Chester Road North Ground, Kidderminster",4,70.2,70.2,Worcestershire,Durham,MJ Waite,J Leach,CF Parkinson,0,0,,,,,,,,,,,,,
1410207,2024,2024-04-19,"Chester Road North Ground, Kidderminster",4,70.3,70.3,Worcestershire,Durham,MJ Waite,J Leach,CF Parkinson,0,0,,,,,,,,,,,,,
1410207,2024,2024-04-19,"Chester Road North Ground, Kidderminster",4,70.4,70.4,Worcestershire,Durham,MJ Waite,J Leach,CF Parkinson,0,0,,,,,,,,,,,,,
1410207,2024,2024-04-19,"Chester Road North Ground, Kidderminster",4,70.5,70.5,Worcestershire,Durham,MJ Waite,J Leach,CF Parkinson,0,0,,,,,,,,,,,,,
1410207,2024,2024-04-19,"Chester Road North Ground, Kidderminster",4,70.6,70.6,Worcestershire,Durham,MJ Waite,J Leach,CF Parkinson,0,0,,,,,,,,,,,,,
1410207,2024,2024-04-19,"Chester Road North Ground, Kidderminster",4,71.1,71.1,Worcestershire,Durham,J Leach,MJ Waite,P Coughlin,0,0,,,,,,,,,,,,,
1410207,2024,2024-04-19,"Chester Road North Ground, Kidderminster",4,71.2,71.2,Worcestershire,Durham,J Leach,MJ Waite,P Coughlin,0,0,,,,,,,,,,,,,
1410207,2024,2024-04-19,"Chester Road North Ground, Kidderminster",4,71.3,71.3,Worcestershire,Durham,J Leach,MJ Waite,P Coughlin,1,0,,,,,,,,,,,,,
1410207,2024,2024-04-19,"Chester Road North Ground, Kidderminster",4,71.4,71.4,Worcestershire,Durham,MJ Waite,J Leach,P Coughlin,0,0,,,,,,,,,,,,,
1410207,2024,2024-04-19,"Chester Road North Ground, Kidderminster",4,71.5,71.5,Worcestershire,Durham,MJ Waite,J Leach,P Coughlin,1,0,,,,,,,,,,,,,
1410207,2024,2024-04-19,"Chester Road North Ground, Kidderminster",4,71.6,71.6,Worcestershire,Durham,J Leach,MJ Waite,P Coughlin,0,0,,,,,,,,,,,,,
1410207,2024,2024-04-19,"Chester Road North Ground, Kidderminster",4,72.1,72.1,Worcestershire,Durham,MJ Waite,J Leach,CF Parkinson,0,0,,,,,,,,,,,,,
1410207,2024,2024-04-19,"Chester Road North Ground, Kidderminster",4,72.2,72.2,Worcestershire,Durham,MJ Waite,J Leach,CF Parkinson,0,0,,,,,,,,,,,,,
1410207,2024,2024-04-19,"Chester Road North Ground, Kidderminster",4,72.3,72.3,Worcestershire,Durham,MJ Waite,J Leach,CF Parkinson,4,0,,,,,,,,,,,,,
1410207,2024,2024-04-19,"Chester Road North Ground, Kidderminster",4,72.4,72.4,Worcestershire,Durham,MJ Waite,J Leach,CF Parkinson,0,0,,,,,,,,,,,,,
1410207,2024,2024-04-19,"Chester Road North Ground, Kidderminster",4,72.5,72.5,Worcestershire,Durham,MJ Waite,J Leach,CF Parkinson,4,0,,,,,,,,,,,,,
1410207,2024,2024-04-19,"Chester Road North Ground, Kidderminster",4,72.6,72.6,Worcestershire,Durham,MJ Waite,J Leach,CF Parkinson,0,0,,,,,,,,,,,,,
1410207,2024,2024-04-19,"Chester Road North Ground, Kidderminster",4,73.1,73.1,Worcestershire,Durham,J Leach,MJ Waite,P Coughlin,1,0,,,,,,,,,,,,,
1410207,2024,2024-04-19,"Chester Road North Ground, Kidderminster",4,73.2,73.2,Worcestershire,Durham,MJ Waite,J Leach,P Coughlin,0,0,,,,,,,,,,,,,
1410207,2024,2024-04-19,"Chester Road North Ground, Kidderminster",4,73.3,73.3,Worcestershire,Durham,MJ Waite,J Leach,P Coughlin,0,0,,,,,,,,,,,,,
1410207,2024,2024-04-19,"Chester Road North Ground, Kidderminster",4,73.4,73.4,Worcestershire,Durham,MJ Waite,J Leach,P Coughlin,0,0,,,,,,,caught,MJ Waite,,,OG Robinson,,
1410207,2024,2024-04-19,"Chester Road North Ground, Kidderminster",4,73.5,73.5,Worcestershire,Durham,AW Finch,J Leach,P Coughlin,0,0,,,,,,,,,,,,,
1410207,2024,2024-04-19,"Chester Road North Ground, Kidderminster",4,73.6,73.6,Worcestershire,Durham,AW Finch,J Leach,P Coughlin,0,0,,,,,,,,,,,,,
1410207,2024,2024-04-19,"Chester Road North Ground, Kidderminster",4,74.1,74.1,Worcestershire,Durham,J Leach,AW Finch,CF Parkinson,0,0,,,,,,,,,,,,,
1410207,2024,2024-04-19,"Chester Road North Ground, Kidderminster",4,74.2,74.2,Worcestershire,Durham,J Leach,AW Finch,CF Parkinson,0,0,,,,,,,,,,,,,
1410207,2024,2024-04-19,"Chester Road North Ground, Kidderminster",4,74.3,74.3,Worcestershire,Durham,J Leach,AW Finch,CF Parkinson,0,0,,,,,,,,,,,,,
1410207,2024,2024-04-19,"Chester Road North Ground, Kidderminster",4,74.4,74.4,Worcestershire,Durham,J Leach,AW Finch,CF Parkinson,0,0,,,,,,,,,,,,,
1410207,2024,2024-04-19,"Chester Road North Ground, Kidderminster",4,74.5,74.5,Worcestershire,Durham,J Leach,AW Finch,CF Parkinson,0,0,,,,,,,,,,,,,
1410207,2024,2024-04-19,"Chester Road North Ground, Kidderminster",4,74.6,74.6,Worcestershire,Durham,J Leach,AW Finch,CF Parkinson,0,0,,,,,,,,,,,,,
1410207,2024,2024-04-19,"Chester Road North Ground, Kidderminster",4,75.1,75.1,Worcestershire,Durham,AW Finch,J Leach,P Coughlin,0,0,,,,,,,,,,,,,
1410207,2024,2024-04-19,"Chester Road North Ground, Kidderminster",4,75.2,75.2,Worcestershire,Durham,AW Finch,J Leach,P Coughlin,1,0,,,,,,,,,,,,,
1410207,2024,2024-04-19,"Chester Road North Ground, Kidderminster",4,75.3,75.3,Worcestershire,Durham,J Leach,AW Finch,P Coughlin,0,0,,,,,,,,,,,,,
1410207,2024,2024-04-19,"Chester Road North Ground, Kidderminster",4,75.4,75.4,Worcestershire,Durham,J Leach,AW Finch,P Coughlin,0,0,,,,,,,,,,,,,
1410207,2024,2024-04-19,"Chester Road North Ground, Kidderminster",4,75.5,75.5,Worcestershire,Durham,J Leach,AW Finch,P Coughlin,0,0,,,,,,,,,,,,,
1410207,2024,2024-04-19,"Chester Road North Ground, Kidderminster",4,75.6,75.6,Worcestershire,Durham,J Leach,AW Finch,P Coughlin,0,0,,,,,,,,,,,,,
1410207,2024,2024-04-19,"Chester Road North Ground, Kidderminster",4,76.1,76.1,Worcestershire,Durham,AW Finch,J Leach,CF Parkinson,0,0,,,,,,,,,,,,,
1410207,2024,2024-04-19,"Chester Road North Ground, Kidderminster",4,76.2,76.2,Worcestershire,Durham,AW Finch,J Leach,CF Parkinson,0,0,,,,,,,,,,,,,
1410207,2024,2024-04-19,"Chester Road North Ground, Kidderminster",4,76.3,76.3,Worcestershire,Durham,AW Finch,J Leach,CF Parkinson,0,0,,,,,,,,,,,,,
1410207,2024,2024-04-19,"Chester Road North Ground, Kidderminster",4,76.4,76.4,Worcestershire,Durham,AW Finch,J Leach,CF Parkinson,0,0,,,,,,,caught,AW Finch,,,CN Ackermann,,
