match_id,season,start_date,venue,innings,ball,actual_delivery,batting_team,bowling_team,striker,non_striker,bowler,runs_off_bat,extras,wides,noballs,byes,legbyes,penalty,non_boundary,wicket_type,player_dismissed,other_wicket_type,other_player_dismissed,fielder_1,fielder_2,fielder_3
1444496,2024/25,2024-10-20,"Allan Border Field, Brisbane",1,0.1,0.1,South Australia,Queensland,HJ Hunt,CJ McInerney,MG Neser,4,0,,,,,,,,,,,,,
1444496,2024/25,2024-10-20,"Allan Border Field, Brisbane",1,0.2,0.2,South Australia,Queensland,HJ Hunt,CJ McInerney,MG Neser,0,0,,,,,,,,,,,,,
1444496,2024/25,2024-10-20,"Allan Border Field, Brisbane",1,0.3,0.3,South Australia,Queensland,HJ Hunt,CJ McInerney,MG Neser,0,0,,,,,,,,,,,,,
1444496,2024/25,2024-10-20,"Allan Border Field, Brisbane",1,0.4,0.4,South Australia,Queensland,HJ Hunt,CJ McInerney,MG Neser,0,0,,,,,,,,,,,,,
1444496,2024/25,2024-10-20,"Allan Border Field, Brisbane",1,0.5,0.5,South Australia,Queensland,HJ Hunt,CJ McInerney,MG Neser,0,0,,,,,,,,,,,,,
1444496,2024/25,2024-10-20,"Allan Border Field, Brisbane",1,0.6,0.6,South Australia,Queensland,HJ Hunt,CJ McInerney,MG Neser,0,0,,,,,,,,,,,,,
1444496,2024/25,2024-10-20,"Allan Border Field, Brisbane",1,1.1,1.1,South Australia,Queensland,CJ McInerney,HJ Hunt,MT Steketee,0,0,,,,,,,,,,,,,
1444496,2024/25,2024-10-20,"Allan Border Field, Brisbane",1,1.2,1.2,South Australia,Queensland,CJ McInerney,HJ Hunt,MT Steketee,0,0,,,,,,,,,,,,,
1444496,2024/25,2024-10-20,"Allan Border Field, Brisbane",1,1.3,1.3,South Australia,Queensland,CJ McInerney,HJ Hunt,MT Steketee,0,0,,,,,,,,,,,,,
1444496,2024/25,2024-10-20,"Allan Border Field, Brisbane",1,1.4,1.4,South Australia,Queensland,CJ McInerney,HJ Hunt,MT Steketee,0,0,,,,,,,,,,,,,
1444496,2024/25,2024-10-20,"Allan Border Field, Brisbane",1,1.5,1.5,South Australia,Queensland,CJ McInerney,HJ Hunt,MT Steketee,0,0,,,,,,,,,,,,,
1444496,2024/25,2024-10-20,"Allan Border Field, Brisbane",1,1.6,1.6,South Australia,Queensland,CJ McInerney,HJ Hunt,MT Steketee,0,0,,,,,,,,,,,,,
1444496,2024/25,2024-10-20,"Allan Border Field, Brisbane",1,2.1,2.1,South Australia,Queensland,HJ Hunt,CJ McInerney,MG Neser,2,0,,,,,,,,,,,,,
1444496,2024/25,2024-10-20,"Allan Border Field, Brisbane",1,2.2,2.2,South Australia,Queensland,HJ Hunt,CJ McInerney,MG Neser,0,0,,,,,,,,,,,,,
1444496,2024/25,2024-10-20,"Allan Border Field, Brisbane",1,2.3,2.3,South Australia,Queensland,HJ Hunt,CJ McInerney,MG Neser,0,0,,,,,,,,,,,,,
1444496,2024/25,2024-10-20,"Allan Border Field, Brisbane",1,2.4,2.4,South Australia,Queensland,HJ Hunt,CJ McInerney,MG Neser,0,0,,,,,,,,,,,,,
1444496,2024/25,2024-10-20,"Allan Border Field, Brisbane",1,2.5,2.5,South Australia,Queensland,HJ Hunt,CJ McInerney,MG Neser,0,0,,,,,,,,,,,,,
1444496,2024/25,2024-10-20,"Allan Border Field, Brisbane",1,2.6,2.6,South Australia,Queensland,HJ Hunt,CJ McInerney,MG Neser,0,0,,,,,,,,,,,,,
1444496,2024/25,2024-10-20,"Allan Border Field, Brisbane",1,3.1,3.1,South Australia,Queensland,CJ McInerney,HJ Hunt,MT Steketee,2,0,,,,,,,,,,,,,
1444496,2024/25,2024-10-20,"Allan Border Field, Brisbane",1,3.2,3.2,South Australia,Queensland,CJ McInerney,HJ Hunt,MT Steketee,0,0,,,,,,,,,,,,,
1444496,2024/25,2024-10-20,"Allan Border Field, Brisbane",1,3.3,3.3,South Australia,Queensland,CJ McInerney,HJ Hunt,MT Steketee,0,0,,,,,,,,,,,,,
1444496,2024/25,2024-10-20,"Allan Border Field, Brisbane",1,3.4,3.4,South Australia,Queensland,CJ McInerney,HJ Hunt,MT Steketee,1,0,,,,,,,,,,,,,
1444496,2024/25,2024-10-20,"Allan Border Field, Brisbane",1,3.5,3.5,South Australia,Queensland,HJ Hunt,CJ McInerney,MT Steketee,0,0,,,,,,,,,,,,,
1444496,2024/25,2024-10-20,"Allan Border Field, Brisbane",1,3.6,3.6,South Australia,Queensland,HJ Hunt,CJ McInerney,MT Steketee,0,0,,,,,,,,,,,,,
1444496,2024/25,2024-10-20,"Allan Border Field, Brisbane",1,4.1,4.1,South Australia,Queensland,CJ McInerney,HJ Hunt,MG Neser,0,0,,,,,,,,,,,,,
1444496,2024/25,2024-10-20,"Allan Border Field, Brisbane",1,4.2,4.2,South Australia,Queensland,CJ McInerney,HJ Hunt,MG Neser,0,0,,,,,,,,,,,,,
1444496,2024/25,2024-10-20,"Allan Border Field, Brisbane",1,4.3,4.3,South Australia,Queensland,CJ McInerney,HJ Hunt,MG Neser,1,0,,,,,,,,,,,,,
1444496,2024/25,2024-10-20,"Allan Border Field, Brisbane",1,4.4,4.4,South Australia,Queensland,HJ Hunt,CJ McInerney,MG Neser,0,0,,,,,,,,,,,,,
1444496,2024/25,2024-10-20,"Allan Border Field, Brisbane",1,4.5,4.5,South Australia,Queensland,HJ Hunt,CJ McInerney,MG Neser,1,0,,,,,,,,,,,,,
1444496,2024/25,2024-10-20,"Allan Border Field, Brisbane",1,4.6,4.6,South Australia,Queensland,CJ McInerney,HJ Hunt,MG Neser,2,0,,,,,,,,,,,,,
1444496,2024/25,2024-10-20,"Allan Border Field, Brisbane",1,5.1,5.1,South Australia,Queensland,HJ Hunt,CJ McInerney,MT Steketee,0,0,,,,,,,,,,,,,
1444496,2024/25,2024-10-20,"Allan Border Field, Brisbane",1,5.2,5.2,South Australia,Queensland,HJ Hunt,CJ McInerney,MT Steketee,4,0,,,,,,,,,,,,,
1444496,2024/25,2024-10-20,"Allan Border Field, Brisbane",1,5.3,5.3,South Australia,Queensland,HJ Hunt,CJ McInerney,MT Steketee,0,0,,,,,,,,,,,,,
1444496,2024/25,2024-10-20,"Allan Border Field, Brisbane",1,5.4,5.4,South Australia,Queensland,HJ Hunt,CJ McInerney,MT Steketee,0,0,,,,,,,,,,,,,
1444496,2024/25,2024-10-20,"Allan Border Field, Brisbane",1,5.5,5.5,South Australia,Queensland,HJ Hunt,CJ McInerney,MT Steketee,0,0,,,,,,,,,,,,,
1444496,2024/25,2024-10-20,"Allan Border Field, Brisbane",1,5.6,5.6,South Australia,Queensland,HJ Hunt,CJ McInerney,MT Steketee,0,0,,,,,,,,,,,,,
1444496,2024/25,2024-10-20,"Allan Border Field, Brisbane",1,6.1,6.1,South Australia,Queensland,CJ McInerney,HJ Hunt,MG Neser,0,0,,,,,,,,,,,,,
1444496,2024/25,2024-10-20,"Allan Border Field, Brisbane",1,6.2,6.2,South Australia,Queensland,CJ McInerney,HJ Hunt,MG Neser,0,0,,,,,,,,,,,,,
1444496,2024/25,2024-10-20,"Allan Border Field, Brisbane",1,6.3,6.3,South Australia,Queensland,CJ McInerney,HJ Hunt,MG Neser,0,0,,,,,,,,,,,,,
1444496,2024/25,2024-10-20,"Allan Border Field, Brisbane",1,6.4,6.4,South Australia,Queensland,CJ McInerney,HJ Hunt,MG Neser,0,0,,,,,,,,,,,,,
1444496,2024/25,2024-10-20,"Allan Border Field, Brisbane",1,6.5,6.5,South Australia,Queensland,CJ McInerney,HJ Hunt,MG Neser,0,0,,,,,,,,,,,,,
1444496,2024/25,2024-10-20,"Allan Border Field, Brisbane",1,6.6,6.6,South Australia,Queensland,CJ McInerney,HJ Hunt,MG Neser,0,0,,,,,,,,,,,,,
1444496,2024/25,2024-10-20,"Allan Border Field, Brisbane",1,7.1,7.1,South Australia,Queensland,HJ Hunt,CJ McInerney,MT Steketee,0,0,,,,,,,,,,,,,
1444496,2024/25,2024-10-20,"Allan Border Field, Brisbane",1,7.2,7.2,South Australia,Queensland,HJ Hunt,CJ McInerney,MT Steketee,4,0,,,,,,,,,,,,,
1444496,2024/25,2024-10-20,"Allan Border Field, Brisbane",1,7.3,7.3,South Australia,Queensland,HJ Hunt,CJ McInerney,MT Steketee,0,0,,,,,,,,,,,,,
1444496,2024/25,2024-10-20,"Allan Border Field, Brisbane",1,7.4,7.4,South Australia,Queensland,HJ Hunt,CJ McInerney,MT Steketee,1,0,,,,,,,,,,,,,
1444496,2024/25,2024-10-20,"Allan Border Field, Brisbane",1,7.5,7.5,South Australia,Queensland,CJ McInerney,HJ Hunt,MT Steketee,0,0,,,,,,,,,,,,,
1444496,2024/25,2024-10-20,"Allan Border Field, Brisbane",1,7.6,7.6,South Australia,Queensland,CJ McInerney,HJ Hunt,MT Steketee,2,0,,,,,,,,,,,,,
1444496,2024/25,2024-10-20,"Allan Border Field, Brisbane",1,8.1,8.1,South Australia,Queensland,HJ Hunt,CJ McInerney,MG Neser,0,0,,,,,,,,,,,,,
1444496,2024/25,2024-10-20,"Allan Border Field, Brisbane",1,8.2,8.2,South Australia,Queensland,HJ Hunt,CJ McInerney,MG Neser,0,0,,,,,,,,,,,,,
1444496,2024/25,2024-10-20,"Allan Border Field, Brisbane",1,8.3,8.3,South Australia,Queensland,HJ Hunt,CJ McInerney,MG Neser,0,0,,,,,,,,,,,,,
1444496,2024/25,2024-10-20,"Allan Border Field, Brisbane",1,8.4,8.4,South Australia,Queensland,HJ Hunt,CJ McInerney,MG Neser,0,0,,,,,,,,,,,,,
1444496,2024/25,2024-10-20,"Allan Border Field, Brisbane",1,8.5,8.5,South Australia,Queensland,HJ Hunt,CJ McInerney,MG Neser,0,0,,,,,,,,,,,,,
1444496,2024/25,2024-10-20,"Allan Border Field, Brisbane",1,8.6,8.6,South Australia,Queensland,HJ Hunt,CJ McInerney,MG Neser,1,0,,,,,,,,,,,,,
1444496,2024/25,2024-10-20,"Allan Border Field, Brisbane",1,9.1,9.1,South Australia,Queensland,HJ Hunt,CJ McInerney,MT Steketee,0,0,,,,,,,,,,,,,
1444496,2024/25,2024-10-20,"Allan Border Field, Brisbane",1,9.2,9.2,South Australia,Queensland,HJ Hunt,CJ McInerney,MT Steketee,0,0,,,,,,,,,,,,,
1444496,2024/25,2024-10-20,"Allan Border Field, Brisbane",1,9.3,9.3,South Australia,Queensland,HJ Hunt,CJ McInerney,MT Steketee,0,0,,,,,,,,,,,,,
1444496,2024/25,2024-10-20,"Allan Border Field, Brisbane",1,9.4,9.4,South Australia,Queensland,HJ Hunt,CJ McInerney,MT Steketee,0,0,,,,,,,,,,,,,
1444496,2024/25,2024-10-20,"Allan Border Field, Brisbane",1,9.5,9.5,South Australia,Queensland,HJ Hunt,CJ McInerney,MT Steketee,0,0,,,,,,,,,,,,,
1444496,2024/25,2024-10-20,"Allan Border Field, Brisbane",1,9.6,9.6,South Australia,Queensland,HJ Hunt,CJ McInerney,MT Steketee,0,0,,,,,,,,,,,,,
1444496,2024/25,2024-10-20,"Allan Border Field, Brisbane",1,10.1,10.1,South Australia,Queensland,CJ McInerney,HJ Hunt,MJ Swepson,1,0,,,,,,,,,,,,,
1444496,2024/25,2024-10-20,"Allan Border Field, Brisbane",1,10.2,10.2,South Australia,Queensland,HJ Hunt,CJ McInerney,MJ Swepson,0,0,,,,,,,,,,,,,
1444496,2024/25,2024-10-20,"Allan Border Field, Brisbane",1,10.3,10.3,South Australia,Queensland,HJ Hunt,CJ McInerney,MJ Swepson,1,0,,,,,,,,,,,,,
1444496,2024/25,2024-10-20,"Allan Border Field, Brisbane",1,10.4,10.4,South Australia,Queensland,CJ McInerney,HJ Hunt,MJ Swepson,0,0,,,,,,,,,,,,,
1444496,2024/25,2024-10-20,"Allan Border Field, Brisbane",1,10.5,10.5,South Australia,Queensland,CJ McInerney,HJ Hunt,MJ Swepson,0,0,,,,,,,,,,,,,
1444496,2024/25,2024-10-20,"Allan Border Field, Brisbane",1,10.6,10.6,South Australia,Queensland,CJ McInerney,HJ Hunt,MJ Swepson,0,0,,,,,,,,,,,,,
1444496,2024/25,2024-10-20,"Allan Border Field, Brisbane",1,11.1,11.1,South Australia,Queensland,HJ Hunt,CJ McInerney,T Whitney,0,0,,,,,,,,,,,,,
1444496,2024/25,2024-10-20,"Allan Border Field, Brisbane",1,11.2,11.2,South Australia,Queensland,HJ Hunt,CJ McInerney,T Whitney,0,1,,,,1,,,,,,,,,
1444496,2024/25,2024-10-20,"Allan Border Field, Brisbane",1,11.3,11.3,South Australia,Queensland,CJ McInerney,HJ Hunt,T Whitney,1,0,,,,,,,,,,,,,
1444496,2024/25,2024-10-20,"Allan Border Field, Brisbane",1,11.4,11.4,South Australia,Queensland,HJ Hunt,CJ McInerney,T Whitney,0,0,,,,,,,,,,,,,
1444496,2024/25,2024-10-20,"Allan Border Field, Brisbane",1,11.5,11.5,South Australia,Queensland,HJ Hunt,CJ McInerney,T Whitney,1,0,,,,,,,,,,,,,
1444496,2024/25,2024-10-20,"Allan Border Field, Brisbane",1,11.6,11.6,South Australia,Queensland,CJ McInerney,HJ Hunt,T Whitney,0,0,,,,,,,,,,,,,
1444496,2024/25,2024-10-20,"Allan Border Field, Brisbane",1,12.1,12.1,South Australia,Queensland,HJ Hunt,CJ McInerney,MJ Swepson,0,0,,,,,,,,,,,,,
1444496,2024/25,2024-10-20,"Allan Border Field, Brisbane",1,12.2,12.2,South Australia,Queensland,HJ Hunt,CJ McInerney,MJ Swepson,0,0,,,,,,,,,,,,,
1444496,2024/25,2024-10-20,"Allan Border Field, Brisbane",1,12.3,12.3,South Australia,Queensland,HJ Hunt,CJ McInerney,MJ Swepson,0,0,,,,,,,,,,,,,
1444496,2024/25,2024-10-20,"Allan Border Field, Brisbane",1,12.4,12.4,South Australia,Queensland,HJ Hunt,CJ McInerney,MJ Swepson,1,0,,,,,,,,,,,,,
1444496,2024/25,2024-10-20,"Allan Border Field, Brisbane",1,12.5,12.5,South Australia,Queensland,CJ McInerney,HJ Hunt,MJ Swepson,2,0,,,,,,,,,,,,,
1444496,2024/25,2024-10-20,"Allan Border Field, Brisbane",1,12.6,12.6,South Australia,Queensland,CJ McInerney,HJ Hunt,MJ Swepson,0,0,,,,,,,,,,,,,
1444496,2024/25,2024-10-20,"Allan Border Field, Brisbane",1,13.1,13.1,South Australia,Queensland,HJ Hunt,CJ McInerney,T Whitney,0,0,,,,,,,,,,,,,
1444496,2024/25,2024-10-20,"Allan Border Field, Brisbane",1,13.2,13.2,South Australia,Queensland,HJ Hunt,CJ McInerney,T Whitney,0,0,,,,,,,,,,,,,
1444496,2024/25,2024-10-20,"Allan Border Field, Brisbane",1,13.3,13.3,South Australia,Queensland,HJ Hunt,CJ McInerney,T Whitney,0,0,,,,,,,,,,,,,
1444496,2024/25,2024-10-20,"Allan Border Field, Brisbane",1,13.4,13.4,South Australia,Queensland,HJ Hunt,CJ McInerney,T Whitney,0,0,,,,,,,,,,,,,
1444496,2024/25,2024-10-20,"Allan Border Field, Brisbane",1,13.5,13.5,South Australia,Queensland,HJ Hunt,CJ McInerney,T Whitney,0,0,,,,,,,,,,,,,
1444496,2024/25,2024-10-20,"Allan Border Field, Brisbane",1,13.6,13.6,South Australia,Queensland,HJ Hunt,CJ McInerney,T Whitney,0,0,,,,,,,,,,,,,
1444496,2024/25,2024-10-20,"Allan Border Field, Brisbane",1,14.1,14.1,South Australia,Queensland,CJ McInerney,HJ Hunt,M Labuschagne,0,0,,,,,,,,,,,,,
1444496,2024/25,2024-10-20,"Allan Border Field, Brisbane",1,14.2,14.2,South Australia,Queensland,CJ McInerney,HJ Hunt,M Labuschagne,0,0,,,,,,,,,,,,,
1444496,2024/25,2024-10-20,"Allan Border Field, Brisbane",1,14.3,14.3,South Australia,Queensland,CJ McInerney,HJ Hunt,M Labuschagne,0,0,,,,,,,,,,,,,
1444496,2024/25,2024-10-20,"Allan Border Field, Brisbane",1,14.4,14.4,South Australia,Queensland,CJ McInerney,HJ Hunt,M Labuschagne,0,0,,,,,,,,,,,,,
1444496,2024/25,2024-10-20,"Allan Border Field, Brisbane",1,14.5,14.5,South Australia,Queensland,CJ McInerney,HJ Hunt,M Labuschagne,0,0,,,,,,,,,,,,,
1444496,2024/25,2024-10-20,"Allan Border Field, Brisbane",1,14.6,14.6,South Australia,Queensland,CJ McInerney,HJ Hunt,M Labuschagne,1,0,,,,,,,,,,,,,
1444496,2024/25,2024-10-20,"Allan Border Field, Brisbane",1,15.1,15.1,South Australia,Queensland,CJ McInerney,HJ Hunt,T Whitney,0,0,,,,,,,,,,,,,
1444496,2024/25,2024-10-20,"Allan Border Field, Brisbane",1,15.2,15.2,South Australia,Queensland,CJ McInerney,HJ Hunt,T Whitney,4,0,,,,,,,,,,,,,
1444496,2024/25,2024-10-20,"Allan Border Field, Brisbane",1,15.3,15.3,South Australia,Queensland,CJ McInerney,HJ Hunt,T Whitney,0,0,,,,,,,,,,,,,
1444496,2024/25,2024-10-20,"Allan Border Field, Brisbane",1,15.4,15.4,South Australia,Queensland,CJ McInerney,HJ Hunt,T Whitney,0,0,,,,,,,,,,,,,
1444496,2024/25,2024-10-20,"Allan Border Field, Brisbane",1,15.5,15.5,South Australia,Queensland,CJ McInerney,HJ Hunt,T Whitney,0,0,,,,,,,,,,,,,
1444496,2024/25,2024-10-20,"Allan Border Field, Brisbane",1,15.6,15.6,South Australia,Queensland,CJ McInerney,HJ Hunt,T Whitney,0,0,,,,,,,,,,,,,
1444496,2024/25,2024-10-20,"Allan Border Field, Brisbane",1,16.1,16.1,South Australia,Queensland,HJ Hunt,CJ McInerney,M Labuschagne,0,0,,,,,,,,,,,,,
1444496,2024/25,2024-10-20,"Allan Border Field, Brisbane",1,16.2,16.2,South Australia,Queensland,HJ Hunt,CJ McInerney,M Labuschagne,0,0,,,,,,,,,,,,,
1444496,2024/25,2024-10-20,"Allan Border Field, Brisbane",1,16.3,16.3,South Australia,Queensland,HJ Hunt,CJ McInerney,M Labuschagne,0,0,,,,,,,,,,,,,
1444496,2024/25,2024-10-20,"Allan Border Field, Brisbane",1,16.4,16.4,South Australia,Queensland,HJ Hunt,CJ McInerney,M Labuschagne,0,0,,,,,,,,,,,,,
1444496,2024/25,2024-10-20,"Allan Border Field, Brisbane",1,16.5,16.5,South Australia,Queensland,HJ Hunt,CJ McInerney,M Labuschagne,0,0,,,,,,,,,,,,,
1444496,2024/25,2024-10-20,"Allan Border Field, Brisbane",1,16.6,16.6,South Australia,Queensland,HJ Hunt,CJ McInerney,M Labuschagne,0,0,,,,,,,,,,,,,
1444496,2024/25,2024-10-20,"Allan Border Field, Brisbane",1,17.1,17.1,South Australia,Queensland,CJ McInerney,HJ Hunt,MG Neser,0,0,,,,,,,,,,,,,
1444496,2024/25,2024-10-20,"Allan Border Field, Brisbane",1,17.2,17.2,South Australia,Queensland,CJ McInerney,HJ Hunt,MG Neser,0,0,,,,,,,,,,,,,
1444496,2024/25,2024-10-20,"Allan Border Field, Brisbane",1,17.3,17.3,South Australia,Queensland,CJ McInerney,HJ Hunt,MG Neser,0,0,,,,,,,,,,,,,
1444496,2024/25,2024-10-20,"Allan Border Field, Brisbane",1,17.4,17.4,South Australia,Queensland,CJ McInerney,HJ Hunt,MG Neser,0,0,,,,,,,,,,,,,
1444496,2024/25,2024-10-20,"Allan Border Field, Brisbane",1,17.5,17.5,South Australia,Queensland,CJ McInerney,HJ Hunt,MG Neser,0,0,,,,,,,,,,,,,
1444496,2024/25,2024-10-20,"Allan Border Field, Brisbane",1,17.6,17.6,South Australia,Queensland,CJ McInerney,HJ Hunt,MG Neser,2,0,,,,,,,,,,,,,
1444496,2024/25,2024-10-20,"Allan Border Field, Brisbane",1,18.1,18.1,South Australia,Queensland,HJ Hunt,CJ McInerney,M Labuschagne,0,0,,,,,,,,,,,,,
1444496,2024/25,2024-10-20,"Allan Border Field, Brisbane",1,18.2,18.2,South Australia,Queensland,HJ Hunt,CJ McInerney,M Labuschagne,0,0,,,,,,,,,,,,,
1444496,2024/25,2024-10-20,"Allan Border Field, Brisbane",1,18.3,18.3,South Australia,Queensland,HJ Hunt,CJ McInerney,M Labuschagne,0,0,,,,,,,,,,,,,
1444496,2024/25,2024-10-20,"Allan Border Field, Brisbane",1,18.4,18.4,South Australia,Queensland,HJ Hunt,CJ McInerney,M Labuschagne,0,0,,,,,,,,,,,,,
1444496,2024/25,2024-10-20,"Allan Border Field, Brisbane",1,18.5,18.5,South Australia,Queensland,HJ Hunt,CJ McInerney,M Labuschagne,0,0,,,,,,,,,,,,,
1444496,2024/25,2024-10-20,"Allan Border Field, Brisbane",1,18.6,18.6,South Australia,Queensland,HJ Hunt,CJ McInerney,M Labuschagne,1,0,,,,,,,,,,,,,
1444496,2024/25,2024-10-20,"Allan Border Field, Brisbane",1,19.1,19.1,South Australia,Queensland,HJ Hunt,CJ McInerney,MG Neser,0,0,,,,,,,,,,,,,
1444496,2024/25,2024-10-20,"Allan Border Field, Brisbane",1,19.2,19.2,South Australia,Queensland,HJ Hunt,CJ McInerney,MG Neser,2,0,,,,,,,,,,,,,
1444496,2024/25,2024-10-20,"Allan Border Field, Brisbane",1,19.3,19.3,South Australia,Queensland,HJ Hunt,CJ McInerney,MG Neser,0,0,,,,,,,,,,,,,
1444496,2024/25,2024-10-20,"Allan Border Field, Brisbane",1,19.4,19.4,South Australia,Queensland,HJ Hunt,CJ McInerney,MG Neser,0,0,,,,,,,,,,,,,
1444496,2024/25,2024-10-20,"Allan Border Field, Brisbane",1,19.5,19.5,South Australia,Queensland,HJ Hunt,CJ McInerney,MG Neser,0,0,,,,,,,,,,,,,
1444496,2024/25,2024-10-20,"Allan Border Field, Brisbane",1,19.6,19.6,South Australia,Queensland,HJ Hunt,CJ McInerney,MG Neser,0,0,,,,,,,,,,,,,
1444496,2024/25,2024-10-20,"Allan Border Field, Brisbane",1,20.1,20.1,South Australia,Queensland,CJ McInerney,HJ Hunt,MT Steketee,0,0,,,,,,,,,,,,,
1444496,2024/25,2024-10-20,"Allan Border Field, Brisbane",1,20.2,20.2,South Australia,Queensland,CJ McInerney,HJ Hunt,MT Steketee,0,0,,,,,,,,,,,,,
1444496,2024/25,2024-10-20,"Allan Border Field, Brisbane",1,20.3,20.3,South Australia,Queensland,CJ McInerney,HJ Hunt,MT Steketee,0,0,,,,,,,,,,,,,
1444496,2024/25,2024-10-20,"Allan Border Field, Brisbane",1,20.4,20.4,South Australia,Queensland,CJ McInerney,HJ Hunt,MT Steketee,0,0,,,,,,,,,,,,,
1444496,2024/25,2024-10-20,"Allan Border Field, Brisbane",1,20.5,20.5,South Australia,Queensland,CJ McInerney,HJ Hunt,MT Steketee,0,0,,,,,,,,,,,,,
1444496,2024/25,2024-10-20,"Allan Border Field, Brisbane",1,20.6,20.6,South Australia,Queensland,CJ McInerney,HJ Hunt,MT Steketee,0,0,,,,,,,,,,,,,
1444496,2024/25,2024-10-20,"Allan Border Field, Brisbane",1,21.1,21.1,South Australia,Queensland,HJ Hunt,CJ McInerney,MG Neser,0,0,,,,,,,,,,,,,
1444496,2024/25,2024-10-20,"Allan Border Field, Brisbane",1,21.2,21.2,South Australia,Queensland,HJ Hunt,CJ McInerney,MG Neser,0,0,,,,,,,,,,,,,
1444496,2024/25,2024-10-20,"Allan Border Field, Brisbane",1,21.3,21.3,South Australia,Queensland,HJ Hunt,CJ McInerney,MG Neser,0,0,,,,,,,,,,,,,
1444496,2024/25,2024-10-20,"Allan Border Field, Brisbane",1,21.4,21.4,South Australia,Queensland,HJ Hunt,CJ McInerney,MG Neser,2,0,,,,,,,,,,,,,
1444496,2024/25,2024-10-20,"Allan Border Field, Brisbane",1,21.5,21.5,South Australia,Queensland,HJ Hunt,CJ McInerney,MG Neser,0,0,,,,,,,,,,,,,
1444496,2024/25,2024-10-20,"Allan Border Field, Brisbane",1,21.6,21.6,South Australia,Queensland,HJ Hunt,CJ McInerney,MG Neser,0,0,,,,,,,,,,,,,
1444496,2024/25,2024-10-20,"Allan Border Field, Brisbane",1,22.1,22.1,South Australia,Queensland,CJ McInerney,HJ Hunt,MT Steketee,0,0,,,,,,,,,,,,,
1444496,2024/25,2024-10-20,"Allan Border Field, Brisbane",1,22.2,22.2,South Australia,Queensland,CJ McInerney,HJ Hunt,MT Steketee,0,0,,,,,,,,,,,,,
1444496,2024/25,2024-10-20,"Allan Border Field, Brisbane",1,22.3,22.3,South Australia,Queensland,CJ McInerney,HJ Hunt,MT Steketee,0,0,,,,,,,,,,,,,
1444496,2024/25,2024-10-20,"Allan Border Field, Brisbane",1,22.4,22.4,South Australia,Queensland,CJ McInerney,HJ Hunt,MT Steketee,0,0,,,,,,,,,,,,,
1444496,2024/25,2024-10-20,"Allan Border Field, Brisbane",1,22.5,22.5,South Australia,Queensland,CJ McInerney,HJ Hunt,MT Steketee,0,0,,,,,,,,,,,,,
1444496,2024/25,2024-10-20,"Allan Border Field, Brisbane",1,22.6,22.6,South Australia,Queensland,CJ McInerney,HJ Hunt,MT Steketee,0,0,,,,,,,,,,,,,
1444496,2024/25,2024-10-20,"Allan Border Field, Brisbane",1,23.1,23.1,South Australia,Queensland,HJ Hunt,CJ McInerney,MG Neser,0,0,,,,,,,,,,,,,
1444496,2024/25,2024-10-20,"Allan Border Field, Brisbane",1,23.2,23.2,South Australia,Queensland,HJ Hunt,CJ McInerney,MG Neser,0,0,,,,,,,,,,,,,
1444496,2024/25,2024-10-20,"Allan Border Field, Brisbane",1,23.3,23.3,South Australia,Queensland,HJ Hunt,CJ McInerney,MG Neser,0,0,,,,,,,,,,,,,
1444496,2024/25,2024-10-20,"Allan Border Field, Brisbane",1,23.4,23.4,South Australia,Queensland,HJ Hunt,CJ McInerney,MG Neser,0,0,,,,,,,,,,,,,
1444496,2024/25,2024-10-20,"Allan Border Field, Brisbane",1,23.5,23.5,South Australia,Queensland,HJ Hunt,CJ McInerney,MG Neser,1,0,,,,,,,,,,,,,
1444496,2024/25,2024-10-20,"Allan Border Field, Brisbane",1,23.6,23.6,South Australia,Queensland,CJ McInerney,HJ Hunt,MG Neser,0,0,,,,,,,,,,,,,
1444496,2024/25,2024-10-20,"Allan Border Field, Brisbane",1,24.1,24.1,South Australia,Queensland,HJ Hunt,CJ McInerney,MJ Swepson,1,0,,,,,,,,,,,,,
1444496,2024/25,2024-10-20,"Allan Border Field, Brisbane",1,24.2,24.2,South Australia,Queensland,CJ McInerney,HJ Hunt,MJ Swepson,0,0,,,,,,,,,,,,,
1444496,2024/25,2024-10-20,"Allan Border Field, Brisbane",1,24.3,24.3,South Australia,Queensland,CJ McInerney,HJ Hunt,MJ Swepson,0,0,,,,,,,,,,,,,
1444496,2024/25,2024-10-20,"Allan Border Field, Brisbane",1,24.4,24.4,South Australia,Queensland,CJ McInerney,HJ Hunt,MJ Swepson,0,0,,,,,,,,,,,,,
1444496,2024/25,2024-10-20,"Allan Border Field, Brisbane",1,24.5,24.5,South Australia,Queensland,CJ McInerney,HJ Hunt,MJ Swepson,0,0,,,,,,,,,,,,,
1444496,2024/25,2024-10-20,"Allan Border Field, Brisbane",1,24.6,24.6,South Australia,Queensland,CJ McInerney,HJ Hunt,MJ Swepson,0,0,,,,,,,,,,,,,
1444496,2024/25,2024-10-20,"Allan Border Field, Brisbane",1,25.1,25.1,South Australia,Queensland,HJ Hunt,CJ McInerney,MG Neser,0,0,,,,,,,,,,,,,
1444496,2024/25,2024-10-20,"Allan Border Field, Brisbane",1,25.2,25.2,South Australia,Queensland,HJ Hunt,CJ McInerney,MG Neser,1,0,,,,,,,,,,,,,
1444496,2024/25,2024-10-20,"Allan Border Field, Brisbane",1,25.3,25.3,South Australia,Queensland,CJ McInerney,HJ Hunt,MG Neser,0,0,,,,,,,,,,,,,
1444496,2024/25,2024-10-20,"Allan Border Field, Brisbane",1,25.4,25.4,South Australia,Queensland,CJ McInerney,HJ Hunt,MG Neser,2,0,,,,,,,,,,,,,
1444496,2024/25,2024-10-20,"Allan Border Field, Brisbane",1,25.5,25.5,South Australia,Queensland,CJ McInerney,HJ Hunt,MG Neser,0,0,,,,,,,,,,,,,
1444496,2024/25,2024-10-20,"Allan Border Field, Brisbane",1,25.6,25.6,South Australia,Queensland,CJ McInerney,HJ Hunt,MG Neser,0,0,,,,,,,,,,,,,
1444496,2024/25,2024-10-20,"Allan Border Field, Brisbane",1,26.1,26.1,South Australia,Queensland,HJ Hunt,CJ McInerney,MJ Swepson,1,0,,,,,,,,,,,,,
1444496,2024/25,2024-10-20,"Allan Border Field, Brisbane",1,26.2,26.2,South Australia,Queensland,CJ McInerney,HJ Hunt,MJ Swepson,4,0,,,,,,,,,,,,,
1444496,2024/25,2024-10-20,"Allan Border Field, Brisbane",1,26.3,26.3,South Australia,Queensland,CJ McInerney,HJ Hunt,MJ Swepson,1,0,,,,,,,,,,,,,
1444496,2024/25,2024-10-20,"Allan Border Field, Brisbane",1,26.4,26.4,South Australia,Queensland,HJ Hunt,CJ McInerney,MJ Swepson,2,0,,,,,,,,,,,,,
1444496,2024/25,2024-10-20,"Allan Border Field, Brisbane",1,26.5,26.5,South Australia,Queensland,HJ Hunt,CJ McInerney,MJ Swepson,0,0,,,,,,,,,,,,,
1444496,2024/25,2024-10-20,"Allan Border Field, Brisbane",1,26.6,26.6,South Australia,Queensland,HJ Hunt,CJ McInerney,MJ Swepson,0,0,,,,,,,,,,,,,
1444496,2024/25,2024-10-20,"Allan Border Field, Brisbane",1,27.1,27.1,South Australia,Queensland,CJ McInerney,HJ Hunt,M Labuschagne,0,0,,,,,,,,,,,,,
1444496,2024/25,2024-10-20,"Allan Border Field, Brisbane",1,27.2,27.2,South Australia,Queensland,CJ McInerney,HJ Hunt,M Labuschagne,0,0,,,,,,,,,,,,,
1444496,2024/25,2024-10-20,"Allan Border Field, Brisbane",1,27.3,27.3,South Australia,Queensland,CJ McInerney,HJ Hunt,M Labuschagne,1,0,,,,,,,,,,,,,
1444496,2024/25,2024-10-20,"Allan Border Field, Brisbane",1,27.4,27.4,South Australia,Queensland,HJ Hunt,CJ McInerney,M Labuschagne,0,0,,,,,,,,,,,,,
1444496,2024/25,2024-10-20,"Allan Border Field, Brisbane",1,27.5,27.5,South Australia,Queensland,HJ Hunt,CJ McInerney,M Labuschagne,0,0,,,,,,,,,,,,,
1444496,2024/25,2024-10-20,"Allan Border Field, Brisbane",1,27.6,27.6,South Australia,Queensland,HJ Hunt,CJ McInerney,M Labuschagne,3,0,,,,,,,,,,,,,
1444496,2024/25,2024-10-20,"Allan Border Field, Brisbane",1,28.1,28.1,South Australia,Queensland,HJ Hunt,CJ McInerney,MJ Swepson,4,0,,,,,,,,,,,,,
1444496,2024/25,2024-10-20,"Allan Border Field, Brisbane",1,28.2,28.2,South Australia,Queensland,HJ Hunt,CJ McInerney,MJ Swepson,0,0,,,,,,,,,,,,,
1444496,2024/25,2024-10-20,"Allan Border Field, Brisbane",1,28.3,28.3,South Australia,Queensland,HJ Hunt,CJ McInerney,MJ Swepson,0,0,,,,,,,,,,,,,
1444496,2024/25,2024-10-20,"Allan Border Field, Brisbane",1,28.4,28.4,South Australia,Queensland,HJ Hunt,CJ McInerney,MJ Swepson,0,0,,,,,,,,,,,,,
1444496,2024/25,2024-10-20,"Allan Border Field, Brisbane",1,28.5,28.5,South Australia,Queensland,HJ Hunt,CJ McInerney,MJ Swepson,0,0,,,,,,,,,,,,,
1444496,2024/25,2024-10-20,"Allan Border Field, Brisbane",1,28.6,28.6,South Australia,Queensland,HJ Hunt,CJ McInerney,MJ Swepson,0,0,,,,,,,,,,,,,
1444496,2024/25,2024-10-20,"Allan Border Field, Brisbane",1,29.1,29.1,South Australia,Queensland,CJ McInerney,HJ Hunt,T Whitney,4,0,,,,,,,,,,,,,
1444496,2024/25,2024-10-20,"Allan Border Field, Brisbane",1,29.2,29.2,South Australia,Queensland,CJ McInerney,HJ Hunt,T Whitney,2,0,,,,,,,,,,,,,
1444496,2024/25,2024-10-20,"Allan Border Field, Brisbane",1,29.3,29.3,South Australia,Queensland,CJ McInerney,HJ Hunt,T Whitney,0,0,,,,,,,,,,,,,
1444496,2024/25,2024-10-20,"Allan Border Field, Brisbane",1,29.4,29.4,South Australia,Queensland,CJ McInerney,HJ Hunt,T Whitney,0,0,,,,,,,,,,,,,
1444496,2024/25,2024-10-20,"Allan Border Field, Brisbane",1,29.5,29.5,South Australia,Queensland,CJ McInerney,HJ Hunt,T Whitney,3,0,,,,,,,,,,,,,
1444496,2024/25,2024-10-20,"Allan Border Field, Brisbane",1,29.6,29.6,South Australia,Queensland,HJ Hunt,CJ McInerney,T Whitney,0,0,,,,,,,,,,,,,
1444496,2024/25,2024-10-20,"Allan Border Field, Brisbane",1,30.1,30.1,South Australia,Queensland,CJ McInerney,HJ Hunt,MT Steketee,0,0,,,,,,,,,,,,,
1444496,2024/25,2024-10-20,"Allan Border Field, Brisbane",1,30.2,30.2,South Australia,Queensland,CJ McInerney,HJ Hunt,MT Steketee,0,0,,,,,,,,,,,,,
1444496,2024/25,2024-10-20,"Allan Border Field, Brisbane",1,30.3,30.3,South Australia,Queensland,CJ McInerney,HJ Hunt,MT Steketee,0,0,,,,,,,,,,,,,
1444496,2024/25,2024-10-20,"Allan Border Field, Brisbane",1,30.4,30.4,South Australia,Queensland,CJ McInerney,HJ Hunt,MT Steketee,0,0,,,,,,,,,,,,,
1444496,2024/25,2024-10-20,"Allan Border Field, Brisbane",1,30.5,30.5,South Australia,Queensland,CJ McInerney,HJ Hunt,MT Steketee,2,0,,,,,,,,,,,,,
1444496,2024/25,2024-10-20,"Allan Border Field, Brisbane",1,30.6,30.6,South Australia,Queensland,CJ McInerney,HJ Hunt,MT Steketee,0,0,,,,,,,,,,,,,
1444496,2024/25,2024-10-20,"Allan Border Field, Brisbane",1,31.1,31.1,South Australia,Queensland,HJ Hunt,CJ McInerney,T Whitney,0,0,,,,,,,,,,,,,
1444496,2024/25,2024-10-20,"Allan Border Field, Brisbane",1,31.2,31.2,South Australia,Queensland,HJ Hunt,CJ McInerney,T Whitney,0,0,,,,,,,,,,,,,
1444496,2024/25,2024-10-20,"Allan Border Field, Brisbane",1,31.3,31.3,South Australia,Queensland,HJ Hunt,CJ McInerney,T Whitney,2,0,,,,,,,,,,,,,
1444496,2024/25,2024-10-20,"Allan Border Field, Brisbane",1,31.4,31.4,South Australia,Queensland,HJ Hunt,CJ McInerney,T Whitney,0,0,,,,,,,,,,,,,
1444496,2024/25,2024-10-20,"Allan Border Field, Brisbane",1,31.5,31.5,South Australia,Queensland,HJ Hunt,CJ McInerney,T Whitney,0,0,,,,,,,,,,,,,
1444496,2024/25,2024-10-20,"Allan Border Field, Brisbane",1,31.6,31.6,South Australia,Queensland,HJ Hunt,CJ McInerney,T Whitney,0,0,,,,,,,,,,,,,
1444496,2024/25,2024-10-20,"Allan Border Field, Brisbane",1,32.1,32.1,South Australia,Queensland,CJ McInerney,HJ Hunt,MT Steketee,0,0,,,,,,,,,,,,,
1444496,2024/25,2024-10-20,"Allan Border Field, Brisbane",1,32.2,32.2,South Australia,Queensland,CJ McInerney,HJ Hunt,MT Steketee,0,0,,,,,,,,,,,,,
1444496,2024/25,2024-10-20,"Allan Border Field, Brisbane",1,32.3,32.3,South Australia,Queensland,CJ McInerney,HJ Hunt,MT Steketee,0,0,,,,,,,,,,,,,
1444496,2024/25,2024-10-20,"Allan Border Field, Brisbane",1,32.4,32.4,South Australia,Queensland,CJ McInerney,HJ Hunt,MT Steketee,0,0,,,,,,,,,,,,,
1444496,2024/25,2024-10-20,"Allan Border Field, Brisbane",1,32.5,32.5,South Australia,Queensland,CJ McInerney,HJ Hunt,MT Steketee,0,0,,,,,,,,,,,,,
1444496,2024/25,2024-10-20,"Allan Border Field, Brisbane",1,32.6,32.6,South Australia,Queensland,CJ McInerney,HJ Hunt,MT Steketee,0,0,,,,,,,,,,,,,
1444496,2024/25,2024-10-20,"Allan Border Field, Brisbane",1,33.1,33.1,South Australia,Queensland,HJ Hunt,CJ McInerney,T Whitney,0,0,,,,,,,,,,,,,
1444496,2024/25,2024-10-20,"Allan Border Field, Brisbane",1,33.2,33.2,South Australia,Queensland,HJ Hunt,CJ McInerney,T Whitney,0,0,,,,,,,,,,,,,
1444496,2024/25,2024-10-20,"Allan Border Field, Brisbane",1,33.3,33.3,South Australia,Queensland,HJ Hunt,CJ McInerney,T Whitney,0,0,,,,,,,,,,,,,
1444496,2024/25,2024-10-20,"Allan Border Field, Brisbane",1,33.4,33.4,South Australia,Queensland,HJ Hunt,CJ McInerney,T Whitney,0,0,,,,,,,,,,,,,
1444496,2024/25,2024-10-20,"Allan Border Field, Brisbane",1,33.5,33.5,South Australia,Queensland,HJ Hunt,CJ McInerney,T Whitney,0,0,,,,,,,,,,,,,
1444496,2024/25,2024-10-20,"Allan Border Field, Brisbane",1,33.6,33.6,South Australia,Queensland,HJ Hunt,CJ McInerney,T Whitney,0,0,,,,,,,,,,,,,
1444496,2024/25,2024-10-20,"Allan Border Field, Brisbane",1,34.1,34.1,South Australia,Queensland,CJ McInerney,HJ Hunt,MT Steketee,1,0,,,,,,,,,,,,,
1444496,2024/25,2024-10-20,"Allan Border Field, Brisbane",1,34.2,34.2,South Australia,Queensland,HJ Hunt,CJ McInerney,MT Steketee,0,0,,,,,,,,,,,,,
1444496,2024/25,2024-10-20,"Allan Border Field, Brisbane",1,34.3,34.3,South Australia,Queensland,HJ Hunt,CJ McInerney,MT Steketee,0,0,,,,,,,,,,,,,
1444496,2024/25,2024-10-20,"Allan Border Field, Brisbane",1,34.4,34.4,South Australia,Queensland,HJ Hunt,CJ McInerney,MT Steketee,1,0,,,,,,,,,,,,,
1444496,2024/25,2024-10-20,"Allan Border Field, Brisbane",1,34.5,34.5,South Australia,Queensland,CJ McInerney,HJ Hunt,MT Steketee,4,0,,,,,,,,,,,,,
1444496,2024/25,2024-10-20,"Allan Border Field, Brisbane",1,34.6,34.6,South Australia,Queensland,CJ McInerney,HJ Hunt,MT Steketee,0,0,,,,,,,,,,,,,
1444496,2024/25,2024-10-20,"Allan Border Field, Brisbane",1,35.1,35.1,South Australia,Queensland,HJ Hunt,CJ McInerney,T Whitney,0,0,,,,,,,,,,,,,
1444496,2024/25,2024-10-20,"Allan Border Field, Brisbane",1,35.2,35.2,South Australia,Queensland,HJ Hunt,CJ McInerney,T Whitney,4,0,,,,,,,,,,,,,
1444496,2024/25,2024-10-20,"Allan Border Field, Brisbane",1,35.3,35.3,South Australia,Queensland,HJ Hunt,CJ McInerney,T Whitney,0,0,,,,,,,,,,,,,
1444496,2024/25,2024-10-20,"Allan Border Field, Brisbane",1,35.4,35.4,South Australia,Queensland,HJ Hunt,CJ McInerney,T Whitney,0,0,,,,,,,,,,,,,
1444496,2024/25,2024-10-20,"Allan Border Field, Brisbane",1,35.5,35.5,South Australia,Queensland,HJ Hunt,CJ McInerney,T Whitney,0,0,,,,,,,,,,,,,
1444496,2024/25,2024-10-20,"Allan Border Field, Brisbane",1,35.6,35.6,South Australia,Queensland,HJ Hunt,CJ McInerney,T Whitney,0,0,,,,,,,,,,,,,
1444496,2024/25,2024-10-20,"Allan Border Field, Brisbane",1,36.1,36.1,South Australia,Queensland,CJ McInerney,HJ Hunt,MT Steketee,0,0,,,,,,,,,,,,,
1444496,2024/25,2024-10-20,"Allan Border Field, Brisbane",1,36.2,36.2,South Australia,Queensland,CJ McInerney,HJ Hunt,MT Steketee,0,0,,,,,,,,,,,,,
1444496,2024/25,2024-10-20,"Allan Border Field, Brisbane",1,36.3,36.3,South Australia,Queensland,CJ McInerney,HJ Hunt,MT Steketee,0,0,,,,,,,,,,,,,
1444496,2024/25,2024-10-20,"Allan Border Field, Brisbane",1,36.4,36.4,South Australia,Queensland,CJ McInerney,HJ Hunt,MT Steketee,0,0,,,,,,,,,,,,,
1444496,2024/25,2024-10-20,"Allan Border Field, Brisbane",1,36.5,36.5,South Australia,Queensland,CJ McInerney,HJ Hunt,MT Steketee,4,0,,,,,,,,,,,,,
1444496,2024/25,2024-10-20,"Allan Border Field, Brisbane",1,36.6,36.6,South Australia,Queensland,CJ McInerney,HJ Hunt,MT Steketee,0,0,,,,,,,,,,,,,
1444496,2024/25,2024-10-20,"Allan Border Field, Brisbane",1,37.1,37.1,South Australia,Queensland,HJ Hunt,CJ McInerney,MG Neser,0,0,,,,,,,,,,,,,
1444496,2024/25,2024-10-20,"Allan Border Field, Brisbane",1,37.2,37.2,South Australia,Queensland,HJ Hunt,CJ McInerney,MG Neser,0,0,,,,,,,,,,,,,
1444496,2024/25,2024-10-20,"Allan Border Field, Brisbane",1,37.3,37.3,South Australia,Queensland,HJ Hunt,CJ McInerney,MG Neser,0,0,,,,,,,,,,,,,
1444496,2024/25,2024-10-20,"Allan Border Field, Brisbane",1,37.4,37.4,South Australia,Queensland,HJ Hunt,CJ McInerney,MG Neser,4,0,,,,,,,,,,,,,
1444496,2024/25,2024-10-20,"Allan Border Field, Brisbane",1,37.5,37.5,South Australia,Queensland,HJ Hunt,CJ McInerney,MG Neser,0,0,,,,,,,,,,,,,
1444496,2024/25,2024-10-20,"Allan Border Field, Brisbane",1,37.6,37.6,South Australia,Queensland,HJ Hunt,CJ McInerney,MG Neser,0,0,,,,,,,,,,,,,
1444496,2024/25,2024-10-20,"Allan Border Field, Brisbane",1,38.1,38.1,South Australia,Queensland,CJ McInerney,HJ Hunt,MJ Swepson,2,0,,,,,,,,,,,,,
1444496,2024/25,2024-10-20,"Allan Border Field, Brisbane",1,38.2,38.2,South Australia,Queensland,CJ McInerney,HJ Hunt,MJ Swepson,1,0,,,,,,,,,,,,,
1444496,2024/25,2024-10-20,"Allan Border Field, Brisbane",1,38.3,38.3,South Australia,Queensland,HJ Hunt,CJ McInerney,MJ Swepson,0,0,,,,,,,,,,,,,
1444496,2024/25,2024-10-20,"Allan Border Field, Brisbane",1,38.4,38.4,South Australia,Queensland,HJ Hunt,CJ McInerney,MJ Swepson,0,0,,,,,,,,,,,,,
1444496,2024/25,2024-10-20,"Allan Border Field, Brisbane",1,38.5,38.5,South Australia,Queensland,HJ Hunt,CJ McInerney,MJ Swepson,0,0,,,,,,,,,,,,,
1444496,2024/25,2024-10-20,"Allan Border Field, Brisbane",1,38.6,38.6,South Australia,Queensland,HJ Hunt,CJ McInerney,MJ Swepson,0,0,,,,,,,,,,,,,
1444496,2024/25,2024-10-20,"Allan Border Field, Brisbane",1,39.1,39.1,South Australia,Queensland,CJ McInerney,HJ Hunt,MG Neser,0,0,,,,,,,,,,,,,
1444496,2024/25,2024-10-20,"Allan Border Field, Brisbane",1,39.2,39.2,South Australia,Queensland,CJ McInerney,HJ Hunt,MG Neser,1,0,,,,,,,,,,,,,
1444496,2024/25,2024-10-20,"Allan Border Field, Brisbane",1,39.3,39.3,South Australia,Queensland,HJ Hunt,CJ McInerney,MG Neser,0,0,,,,,,,,,,,,,
1444496,2024/25,2024-10-20,"Allan Border Field, Brisbane",1,39.4,39.4,South Australia,Queensland,HJ Hunt,CJ McInerney,MG Neser,1,0,,,,,,,,,,,,,
1444496,2024/25,2024-10-20,"Allan Border Field, Brisbane",1,39.5,39.5,South Australia,Queensland,CJ McInerney,HJ Hunt,MG Neser,0,0,,,,,,,,,,,,,
1444496,2024/25,2024-10-20,"Allan Border Field, Brisbane",1,39.6,39.6,South Australia,Queensland,CJ McInerney,HJ Hunt,MG Neser,0,0,,,,,,,,,,,,,
1444496,2024/25,2024-10-20,"Allan Border Field, Brisbane",1,40.1,40.1,South Australia,Queensland,HJ Hunt,CJ McInerney,MJ Swepson,0,0,,,,,,,,,,,,,
1444496,2024/25,2024-10-20,"Allan Border Field, Brisbane",1,40.2,40.2,South Australia,Queensland,HJ Hunt,CJ McInerney,MJ Swepson,0,0,,,,,,,,,,,,,
1444496,2024/25,2024-10-20,"Allan Border Field, Brisbane",1,40.3,40.3,South Australia,Queensland,HJ Hunt,CJ McInerney,MJ Swepson,0,0,,,,,,,,,,,,,
1444496,2024/25,2024-10-20,"Allan Border Field, Brisbane",1,40.4,40.4,South Australia,Queensland,HJ Hunt,CJ McInerney,MJ Swepson,4,0,,,,,,,,,,,,,
1444496,2024/25,2024-10-20,"Allan Border Field, Brisbane",1,40.5,40.5,South Australia,Queensland,HJ Hunt,CJ McInerney,MJ Swepson,0,0,,,,,,,,,,,,,
1444496,2024/25,2024-10-20,"Allan Border Field, Brisbane",1,40.6,40.6,South Australia,Queensland,HJ Hunt,CJ McInerney,MJ Swepson,0,0,,,,,,,,,,,,,
1444496,2024/25,2024-10-20,"Allan Border Field, Brisbane",1,41.1,41.1,South Australia,Queensland,CJ McInerney,HJ Hunt,MG Neser,0,0,,,,,,,caught,CJ McInerney,,,JJ Peirson,,
1444496,2024/25,2024-10-20,"Allan Border Field, Brisbane",1,41.2,41.2,South Australia,Queensland,NA McSweeney,HJ Hunt,MG Neser,0,0,,,,,,,,,,,,,
1444496,2024/25,2024-10-20,"Allan Border Field, Brisbane",1,41.3,41.3,South Australia,Queensland,NA McSweeney,HJ Hunt,MG Neser,0,0,,,,,,,,,,,,,
1444496,2024/25,2024-10-20,"Allan Border Field, Brisbane",1,41.4,41.4,South Australia,Queensland,NA McSweeney,HJ Hunt,MG Neser,0,0,,,,,,,,,,,,,
1444496,2024/25,2024-10-20,"Allan Border Field, Brisbane",1,41.5,41.5,South Australia,Queensland,NA McSweeney,HJ Hunt,MG Neser,1,0,,,,,,,,,,,,,
1444496,2024/25,2024-10-20,"Allan Border Field, Brisbane",1,41.6,41.6,South Australia,Queensland,HJ Hunt,NA McSweeney,MG Neser,1,0,,,,,,,,,,,,,
1444496,2024/25,2024-10-20,"Allan Border Field, Brisbane",1,42.1,42.1,South Australia,Queensland,HJ Hunt,NA McSweeney,MJ Swepson,0,0,,,,,,,,,,,,,
1444496,2024/25,2024-10-20,"Allan Border Field, Brisbane",1,42.2,42.2,South Australia,Queensland,HJ Hunt,NA McSweeney,MJ Swepson,0,0,,,,,,,,,,,,,
1444496,2024/25,2024-10-20,"Allan Border Field, Brisbane",1,42.3,42.3,South Australia,Queensland,HJ Hunt,NA McSweeney,MJ Swepson,0,0,,,,,,,,,,,,,
1444496,2024/25,2024-10-20,"Allan Border Field, Brisbane",1,42.4,42.4,South Australia,Queensland,HJ Hunt,NA McSweeney,MJ Swepson,0,0,,,,,,,,,,,,,
1444496,2024/25,2024-10-20,"Allan Border Field, Brisbane",1,42.5,42.5,South Australia,Queensland,HJ Hunt,NA McSweeney,MJ Swepson,0,0,,,,,,,,,,,,,
1444496,2024/25,2024-10-20,"Allan Border Field, Brisbane",1,42.6,42.6,South Australia,Queensland,HJ Hunt,NA McSweeney,MJ Swepson,0,0,,,,,,,,,,,,,
1444496,2024/25,2024-10-20,"Allan Border Field, Brisbane",1,43.1,43.1,South Australia,Queensland,NA McSweeney,HJ Hunt,MG Neser,0,0,,,,,,,,,,,,,
1444496,2024/25,2024-10-20,"Allan Border Field, Brisbane",1,43.2,43.2,South Australia,Queensland,NA McSweeney,HJ Hunt,MG Neser,0,0,,,,,,,,,,,,,
1444496,2024/25,2024-10-20,"Allan Border Field, Brisbane",1,43.3,43.3,South Australia,Queensland,NA McSweeney,HJ Hunt,MG Neser,0,0,,,,,,,,,,,,,
1444496,2024/25,2024-10-20,"Allan Border Field, Brisbane",1,43.4,43.4,South Australia,Queensland,NA McSweeney,HJ Hunt,MG Neser,1,0,,,,,,,,,,,,,
1444496,2024/25,2024-10-20,"Allan Border Field, Brisbane",1,43.5,43.5,South Australia,Queensland,HJ Hunt,NA McSweeney,MG Neser,0,0,,,,,,,,,,,,,
1444496,2024/25,2024-10-20,"Allan Border Field, Brisbane",1,43.6,43.6,South Australia,Queensland,HJ Hunt,NA McSweeney,MG Neser,0,0,,,,,,,,,,,,,
1444496,2024/25,2024-10-20,"Allan Border Field, Brisbane",1,44.1,44.1,South Australia,Queensland,NA McSweeney,HJ Hunt,MJ Swepson,0,0,,,,,,,,,,,,,
1444496,2024/25,2024-10-20,"Allan Border Field, Brisbane",1,44.2,44.2,South Australia,Queensland,NA McSweeney,HJ Hunt,MJ Swepson,0,0,,,,,,,,,,,,,
1444496,2024/25,2024-10-20,"Allan Border Field, Brisbane",1,44.3,44.3,South Australia,Queensland,NA McSweeney,HJ Hunt,MJ Swepson,0,0,,,,,,,,,,,,,
1444496,2024/25,2024-10-20,"Allan Border Field, Brisbane",1,44.4,44.4,South Australia,Queensland,NA McSweeney,HJ Hunt,MJ Swepson,4,0,,,,,,,,,,,,,
1444496,2024/25,2024-10-20,"Allan Border Field, Brisbane",1,44.5,44.5,South Australia,Queensland,NA McSweeney,HJ Hunt,MJ Swepson,0,0,,,,,,,,,,,,,
1444496,2024/25,2024-10-20,"Allan Border Field, Brisbane",1,44.6,44.6,South Australia,Queensland,NA McSweeney,HJ Hunt,MJ Swepson,0,0,,,,,,,,,,,,,
1444496,2024/25,2024-10-20,"Allan Border Field, Brisbane",1,45.1,45.1,South Australia,Queensland,HJ Hunt,NA McSweeney,M Labuschagne,0,0,,,,,,,,,,,,,
1444496,2024/25,2024-10-20,"Allan Border Field, Brisbane",1,45.2,45.2,South Australia,Queensland,HJ Hunt,NA McSweeney,M Labuschagne,0,0,,,,,,,,,,,,,
1444496,2024/25,2024-10-20,"Allan Border Field, Brisbane",1,45.3,45.3,South Australia,Queensland,HJ Hunt,NA McSweeney,M Labuschagne,0,0,,,,,,,,,,,,,
1444496,2024/25,2024-10-20,"Allan Border Field, Brisbane",1,45.4,45.4,South Australia,Queensland,HJ Hunt,NA McSweeney,M Labuschagne,0,0,,,,,,,,,,,,,
1444496,2024/25,2024-10-20,"Allan Border Field, Brisbane",1,45.5,45.5,South Australia,Queensland,HJ Hunt,NA McSweeney,M Labuschagne,0,0,,,,,,,,,,,,,
1444496,2024/25,2024-10-20,"Allan Border Field, Brisbane",1,45.6,45.6,South Australia,Queensland,HJ Hunt,NA McSweeney,M Labuschagne,1,0,,,,,,,,,,,,,
1444496,2024/25,2024-10-20,"Allan Border Field, Brisbane",1,46.1,46.1,South Australia,Queensland,HJ Hunt,NA McSweeney,MJ Swepson,0,0,,,,,,,,,,,,,
1444496,2024/25,2024-10-20,"Allan Border Field, Brisbane",1,46.2,46.2,South Australia,Queensland,HJ Hunt,NA McSweeney,MJ Swepson,1,0,,,,,,,,,,,,,
1444496,2024/25,2024-10-20,"Allan Border Field, Brisbane",1,46.3,46.3,South Australia,Queensland,NA McSweeney,HJ Hunt,MJ Swepson,0,0,,,,,,,,,,,,,
1444496,2024/25,2024-10-20,"Allan Border Field, Brisbane",1,46.4,46.4,South Australia,Queensland,NA McSweeney,HJ Hunt,MJ Swepson,0,0,,,,,,,,,,,,,
1444496,2024/25,2024-10-20,"Allan Border Field, Brisbane",1,46.5,46.5,South Australia,Queensland,NA McSweeney,HJ Hunt,MJ Swepson,1,0,,,,,,,,,,,,,
1444496,2024/25,2024-10-20,"Allan Border Field, Brisbane",1,46.6,46.6,South Australia,Queensland,HJ Hunt,NA McSweeney,MJ Swepson,0,0,,,,,,,,,,,,,
1444496,2024/25,2024-10-20,"Allan Border Field, Brisbane",1,47.1,47.1,South Australia,Queensland,NA McSweeney,HJ Hunt,M Labuschagne,4,0,,,,,,,,,,,,,
1444496,2024/25,2024-10-20,"Allan Border Field, Brisbane",1,47.2,47.2,South Australia,Queensland,NA McSweeney,HJ Hunt,M Labuschagne,0,0,,,,,,,,,,,,,
1444496,2024/25,2024-10-20,"Allan Border Field, Brisbane",1,47.3,47.3,South Australia,Queensland,NA McSweeney,HJ Hunt,M Labuschagne,0,0,,,,,,,,,,,,,
1444496,2024/25,2024-10-20,"Allan Border Field, Brisbane",1,47.4,47.4,South Australia,Queensland,NA McSweeney,HJ Hunt,M Labuschagne,1,0,,,,,,,,,,,,,
1444496,2024/25,2024-10-20,"Allan Border Field, Brisbane",1,47.5,47.5,South Australia,Queensland,HJ Hunt,NA McSweeney,M Labuschagne,2,0,,,,,,,,,,,,,
1444496,2024/25,2024-10-20,"Allan Border Field, Brisbane",1,47.6,47.6,South Australia,Queensland,HJ Hunt,NA McSweeney,M Labuschagne,0,0,,,,,,,,,,,,,
1444496,2024/25,2024-10-20,"Allan Border Field, Brisbane",1,48.1,48.1,South Australia,Queensland,NA McSweeney,HJ Hunt,MJ Swepson,1,0,,,,,,,,,,,,,
1444496,2024/25,2024-10-20,"Allan Border Field, Brisbane",1,48.2,48.2,South Australia,Queensland,HJ Hunt,NA McSweeney,MJ Swepson,0,0,,,,,,,,,,,,,
1444496,2024/25,2024-10-20,"Allan Border Field, Brisbane",1,48.3,48.3,South Australia,Queensland,HJ Hunt,NA McSweeney,MJ Swepson,0,0,,,,,,,,,,,,,
1444496,2024/25,2024-10-20,"Allan Border Field, Brisbane",1,48.4,48.4,South Australia,Queensland,HJ Hunt,NA McSweeney,MJ Swepson,1,0,,,,,,,,,,,,,
1444496,2024/25,2024-10-20,"Allan Border Field, Brisbane",1,48.5,48.5,South Australia,Queensland,NA McSweeney,HJ Hunt,MJ Swepson,1,0,,,,,,,,,,,,,
1444496,2024/25,2024-10-20,"Allan Border Field, Brisbane",1,48.6,48.6,South Australia,Queensland,HJ Hunt,NA McSweeney,MJ Swepson,0,0,,,,,,,,,,,,,
1444496,2024/25,2024-10-20,"Allan Border Field, Brisbane",1,49.1,49.1,South Australia,Queensland,NA McSweeney,HJ Hunt,M Labuschagne,2,0,,,,,,,,,,,,,
1444496,2024/25,2024-10-20,"Allan Border Field, Brisbane",1,49.2,49.2,South Australia,Queensland,NA McSweeney,HJ Hunt,M Labuschagne,0,0,,,,,,,,,,,,,
1444496,2024/25,2024-10-20,"Allan Border Field, Brisbane",1,49.3,49.3,South Australia,Queensland,NA McSweeney,HJ Hunt,M Labuschagne,1,0,,,,,,,,,,,,,
1444496,2024/25,2024-10-20,"Allan Border Field, Brisbane",1,49.4,49.4,South Australia,Queensland,HJ Hunt,NA McSweeney,M Labuschagne,0,0,,,,,,,,,,,,,
1444496,2024/25,2024-10-20,"Allan Border Field, Brisbane",1,49.5,49.5,South Australia,Queensland,HJ Hunt,NA McSweeney,M Labuschagne,0,0,,,,,,,,,,,,,
1444496,2024/25,2024-10-20,"Allan Border Field, Brisbane",1,49.6,49.6,South Australia,Queensland,HJ Hunt,NA McSweeney,M Labuschagne,0,0,,,,,,,,,,,,,
1444496,2024/25,2024-10-20,"Allan Border Field, Brisbane",1,50.1,50.1,South Australia,Queensland,NA McSweeney,HJ Hunt,MJ Swepson,0,0,,,,,,,,,,,,,
1444496,2024/25,2024-10-20,"Allan Border Field, Brisbane",1,50.2,50.2,South Australia,Queensland,NA McSweeney,HJ Hunt,MJ Swepson,4,0,,,,,,,,,,,,,
1444496,2024/25,2024-10-20,"Allan Border Field, Brisbane",1,50.3,50.3,South Australia,Queensland,NA McSweeney,HJ Hunt,MJ Swepson,1,0,,,,,,,,,,,,,
1444496,2024/25,2024-10-20,"Allan Border Field, Brisbane",1,50.4,50.4,South Australia,Queensland,HJ Hunt,NA McSweeney,MJ Swepson,2,0,,,,,,,,,,,,,
1444496,2024/25,2024-10-20,"Allan Border Field, Brisbane",1,50.5,50.5,South Australia,Queensland,HJ Hunt,NA McSweeney,MJ Swepson,0,0,,,,,,,,,,,,,
1444496,2024/25,2024-10-20,"Allan Border Field, Brisbane",1,50.6,50.6,South Australia,Queensland,HJ Hunt,NA McSweeney,MJ Swepson,4,0,,,,,,,,,,,,,
1444496,2024/25,2024-10-20,"Allan Border Field, Brisbane",1,51.1,51.1,South Australia,Queensland,NA McSweeney,HJ Hunt,MT Steketee,0,0,,,,,,,,,,,,,
1444496,2024/25,2024-10-20,"Allan Border Field, Brisbane",1,51.2,51.2,South Australia,Queensland,NA McSweeney,HJ Hunt,MT Steketee,0,0,,,,,,,,,,,,,
1444496,2024/25,2024-10-20,"Allan Border Field, Brisbane",1,51.3,51.3,South Australia,Queensland,NA McSweeney,HJ Hunt,MT Steketee,2,0,,,,,,,,,,,,,
1444496,2024/25,2024-10-20,"Allan Border Field, Brisbane",1,51.4,51.4,South Australia,Queensland,NA McSweeney,HJ Hunt,MT Steketee,0,0,,,,,,,,,,,,,
1444496,2024/25,2024-10-20,"Allan Border Field, Brisbane",1,51.5,51.5,South Australia,Queensland,NA McSweeney,HJ Hunt,MT Steketee,0,0,,,,,,,,,,,,,
1444496,2024/25,2024-10-20,"Allan Border Field, Brisbane",1,51.6,51.6,South Australia,Queensland,NA McSweeney,HJ Hunt,MT Steketee,0,0,,,,,,,,,,,,,
1444496,2024/25,2024-10-20,"Allan Border Field, Brisbane",1,52.1,52.1,South Australia,Queensland,HJ Hunt,NA McSweeney,J Clayton,0,0,,,,,,,,,,,,,
1444496,2024/25,2024-10-20,"Allan Border Field, Brisbane",1,52.2,52.2,South Australia,Queensland,HJ Hunt,NA McSweeney,J Clayton,0,0,,,,,,,,,,,,,
1444496,2024/25,2024-10-20,"Allan Border Field, Brisbane",1,52.3,52.3,South Australia,Queensland,HJ Hunt,NA McSweeney,J Clayton,0,0,,,,,,,,,,,,,
1444496,2024/25,2024-10-20,"Allan Border Field, Brisbane",1,52.4,52.4,South Australia,Queensland,HJ Hunt,NA McSweeney,J Clayton,1,0,,,,,,,,,,,,,
1444496,2024/25,2024-10-20,"Allan Border Field, Brisbane",1,52.5,52.5,South Australia,Queensland,NA McSweeney,HJ Hunt,J Clayton,0,0,,,,,,,,,,,,,
1444496,2024/25,2024-10-20,"Allan Border Field, Brisbane",1,52.6,52.6,South Australia,Queensland,NA McSweeney,HJ Hunt,J Clayton,0,0,,,,,,,,,,,,,
1444496,2024/25,2024-10-20,"Allan Border Field, Brisbane",1,53.1,53.1,South Australia,Queensland,HJ Hunt,NA McSweeney,MT Steketee,0,0,,,,,,,,,,,,,
1444496,2024/25,2024-10-20,"Allan Border Field, Brisbane",1,53.2,53.2,South Australia,Queensland,HJ Hunt,NA McSweeney,MT Steketee,1,0,,,,,,,,,,,,,
1444496,2024/25,2024-10-20,"Allan Border Field, Brisbane",1,53.3,53.3,South Australia,Queensland,NA McSweeney,HJ Hunt,MT Steketee,0,0,,,,,,,,,,,,,
1444496,2024/25,2024-10-20,"Allan Border Field, Brisbane",1,53.4,53.4,South Australia,Queensland,NA McSweeney,HJ Hunt,MT Steketee,0,1,,,,1,,,,,,,,,
1444496,2024/25,2024-10-20,"Allan Border Field, Brisbane",1,53.5,53.5,South Australia,Queensland,HJ Hunt,NA McSweeney,MT Steketee,0,0,,,,,,,,,,,,,
1444496,2024/25,2024-10-20,"Allan Border Field, Brisbane",1,53.6,53.6,South Australia,Queensland,HJ Hunt,NA McSweeney,MT Steketee,0,0,,,,,,,,,,,,,
1444496,2024/25,2024-10-20,"Allan Border Field, Brisbane",1,54.1,54.1,South Australia,Queensland,NA McSweeney,HJ Hunt,J Clayton,0,0,,,,,,,,,,,,,
1444496,2024/25,2024-10-20,"Allan Border Field, Brisbane",1,54.2,54.2,South Australia,Queensland,NA McSweeney,HJ Hunt,J Clayton,1,0,,,,,,,,,,,,,
1444496,2024/25,2024-10-20,"Allan Border Field, Brisbane",1,54.3,54.3,South Australia,Queensland,HJ Hunt,NA McSweeney,J Clayton,1,0,,,,,,,,,,,,,
1444496,2024/25,2024-10-20,"Allan Border Field, Brisbane",1,54.4,54.4,South Australia,Queensland,NA McSweeney,HJ Hunt,J Clayton,1,0,,,,,,,,,,,,,
1444496,2024/25,2024-10-20,"Allan Border Field, Brisbane",1,54.5,54.5,South Australia,Queensland,HJ Hunt,NA McSweeney,J Clayton,1,0,,,,,,,,,,,,,
1444496,2024/25,2024-10-20,"Allan Border Field, Brisbane",1,54.6,54.6,South Australia,Queensland,NA McSweeney,HJ Hunt,J Clayton,0,0,,,,,,,,,,,,,
1444496,2024/25,2024-10-20,"Allan Border Field, Brisbane",1,55.1,55.1,South Australia,Queensland,HJ Hunt,NA McSweeney,MT Steketee,0,0,,,,,,,,,,,,,
1444496,2024/25,2024-10-20,"Allan Border Field, Brisbane",1,55.2,55.2,South Australia,Queensland,HJ Hunt,NA McSweeney,MT Steketee,4,0,,,,,,,,,,,,,
1444496,2024/25,2024-10-20,"Allan Border Field, Brisbane",1,55.3,55.3,South Australia,Queensland,HJ Hunt,NA McSweeney,MT Steketee,0,0,,,,,,,,,,,,,
1444496,2024/25,2024-10-20,"Allan Border Field, Brisbane",1,55.4,55.4,South Australia,Queensland,HJ Hunt,NA McSweeney,MT Steketee,0,0,,,,,,,,,,,,,
1444496,2024/25,2024-10-20,"Allan Border Field, Brisbane",1,55.5,55.5,South Australia,Queensland,HJ Hunt,NA McSweeney,MT Steketee,0,0,,,,,,,,,,,,,
1444496,2024/25,2024-10-20,"Allan Border Field, Brisbane",1,55.6,55.6,South Australia,Queensland,HJ Hunt,NA McSweeney,MT Steketee,0,0,,,,,,,,,,,,,
1444496,2024/25,2024-10-20,"Allan Border Field, Brisbane",1,56.1,56.1,South Australia,Queensland,NA McSweeney,HJ Hunt,T Whitney,0,0,,,,,,,,,,,,,
1444496,2024/25,2024-10-20,"Allan Border Field, Brisbane",1,56.2,56.2,South Australia,Queensland,NA McSweeney,HJ Hunt,T Whitney,0,0,,,,,,,,,,,,,
1444496,2024/25,2024-10-20,"Allan Border Field, Brisbane",1,56.3,56.3,South Australia,Queensland,NA McSweeney,HJ Hunt,T Whitney,1,0,,,,,,,,,,,,,
1444496,2024/25,2024-10-20,"Allan Border Field, Brisbane",1,56.4,56.4,South Australia,Queensland,HJ Hunt,NA McSweeney,T Whitney,0,0,,,,,,,,,,,,,
1444496,2024/25,2024-10-20,"Allan Border Field, Brisbane",1,56.5,56.5,South Australia,Queensland,HJ Hunt,NA McSweeney,T Whitney,0,0,,,,,,,,,,,,,
1444496,2024/25,2024-10-20,"Allan Border Field, Brisbane",1,56.6,56.6,South Australia,Queensland,HJ Hunt,NA McSweeney,T Whitney,0,0,,,,,,,,,,,,,
1444496,2024/25,2024-10-20,"Allan Border Field, Brisbane",1,57.1,57.1,South Australia,Queensland,NA McSweeney,HJ Hunt,MT Steketee,0,0,,,,,,,,,,,,,
1444496,2024/25,2024-10-20,"Allan Border Field, Brisbane",1,57.2,57.2,South Australia,Queensland,NA McSweeney,HJ Hunt,MT Steketee,0,0,,,,,,,,,,,,,
1444496,2024/25,2024-10-20,"Allan Border Field, Brisbane",1,57.3,57.3,South Australia,Queensland,NA McSweeney,HJ Hunt,MT Steketee,0,0,,,,,,,,,,,,,
1444496,2024/25,2024-10-20,"Allan Border Field, Brisbane",1,57.4,57.4,South Australia,Queensland,NA McSweeney,HJ Hunt,MT Steketee,1,0,,,,,,,,,,,,,
1444496,2024/25,2024-10-20,"Allan Border Field, Brisbane",1,57.5,57.5,South Australia,Queensland,HJ Hunt,NA McSweeney,MT Steketee,0,0,,,,,,,,,,,,,
1444496,2024/25,2024-10-20,"Allan Border Field, Brisbane",1,57.6,57.6,South Australia,Queensland,HJ Hunt,NA McSweeney,MT Steketee,4,0,,,,,,,,,,,,,
1444496,2024/25,2024-10-20,"Allan Border Field, Brisbane",1,58.1,58.1,South Australia,Queensland,NA McSweeney,HJ Hunt,T Whitney,0,0,,,,,,,,,,,,,
1444496,2024/25,2024-10-20,"Allan Border Field, Brisbane",1,58.2,58.2,South Australia,Queensland,NA McSweeney,HJ Hunt,T Whitney,0,0,,,,,,,,,,,,,
1444496,2024/25,2024-10-20,"Allan Border Field, Brisbane",1,58.3,58.3,South Australia,Queensland,NA McSweeney,HJ Hunt,T Whitney,1,0,,,,,,,,,,,,,
1444496,2024/25,2024-10-20,"Allan Border Field, Brisbane",1,58.4,58.4,South Australia,Queensland,HJ Hunt,NA McSweeney,T Whitney,0,0,,,,,,,,,,,,,
1444496,2024/25,2024-10-20,"Allan Border Field, Brisbane",1,58.5,58.5,South Australia,Queensland,HJ Hunt,NA McSweeney,T Whitney,3,0,,,,,,,,,,,,,
1444496,2024/25,2024-10-20,"Allan Border Field, Brisbane",1,58.6,58.6,South Australia,Queensland,NA McSweeney,HJ Hunt,T Whitney,0,0,,,,,,,,,,,,,
1444496,2024/25,2024-10-20,"Allan Border Field, Brisbane",1,59.1,59.1,South Australia,Queensland,HJ Hunt,NA McSweeney,MG Neser,2,0,,,,,,,,,,,,,
1444496,2024/25,2024-10-20,"Allan Border Field, Brisbane",1,59.2,59.2,South Australia,Queensland,HJ Hunt,NA McSweeney,MG Neser,0,0,,,,,,,,,,,,,
1444496,2024/25,2024-10-20,"Allan Border Field, Brisbane",1,59.3,59.3,South Australia,Queensland,HJ Hunt,NA McSweeney,MG Neser,0,0,,,,,,,,,,,,,
1444496,2024/25,2024-10-20,"Allan Border Field, Brisbane",1,59.4,59.4,South Australia,Queensland,HJ Hunt,NA McSweeney,MG Neser,0,0,,,,,,,,,,,,,
1444496,2024/25,2024-10-20,"Allan Border Field, Brisbane",1,59.5,59.5,South Australia,Queensland,HJ Hunt,NA McSweeney,MG Neser,0,0,,,,,,,,,,,,,
1444496,2024/25,2024-10-20,"Allan Border Field, Brisbane",1,59.6,59.6,South Australia,Queensland,HJ Hunt,NA McSweeney,MG Neser,0,0,,,,,,,,,,,,,
1444496,2024/25,2024-10-20,"Allan Border Field, Brisbane",1,60.1,60.1,South Australia,Queensland,NA McSweeney,HJ Hunt,T Whitney,4,0,,,,,,,,,,,,,
1444496,2024/25,2024-10-20,"Allan Border Field, Brisbane",1,60.2,60.2,South Australia,Queensland,NA McSweeney,HJ Hunt,T Whitney,4,0,,,,,,,,,,,,,
1444496,2024/25,2024-10-20,"Allan Border Field, Brisbane",1,60.3,60.3,South Australia,Queensland,NA McSweeney,HJ Hunt,T Whitney,0,0,,,,,,,,,,,,,
1444496,2024/25,2024-10-20,"Allan Border Field, Brisbane",1,60.4,60.4,South Australia,Queensland,NA McSweeney,HJ Hunt,T Whitney,0,0,,,,,,,,,,,,,
1444496,2024/25,2024-10-20,"Allan Border Field, Brisbane",1,60.5,60.5,South Australia,Queensland,NA McSweeney,HJ Hunt,T Whitney,0,0,,,,,,,,,,,,,
1444496,2024/25,2024-10-20,"Allan Border Field, Brisbane",1,60.6,60.6,South Australia,Queensland,NA McSweeney,HJ Hunt,T Whitney,0,0,,,,,,,caught,NA McSweeney,,,JJ Peirson,,
1444496,2024/25,2024-10-20,"Allan Border Field, Brisbane",1,61.1,61.1,South Australia,Queensland,HJ Hunt,DR Drew,MG Neser,0,0,,,,,,,,,,,,,
1444496,2024/25,2024-10-20,"Allan Border Field, Brisbane",1,61.2,61.2,South Australia,Queensland,HJ Hunt,DR Drew,MG Neser,0,0,,,,,,,,,,,,,
1444496,2024/25,2024-10-20,"Allan Border Field, Brisbane",1,61.3,61.3,South Australia,Queensland,HJ Hunt,DR Drew,MG Neser,0,0,,,,,,,,,,,,,
1444496,2024/25,2024-10-20,"Allan Border Field, Brisbane",1,61.4,61.4,South Australia,Queensland,HJ Hunt,DR Drew,MG Neser,0,0,,,,,,,,,,,,,
1444496,2024/25,2024-10-20,"Allan Border Field, Brisbane",1,61.5,61.5,South Australia,Queensland,HJ Hunt,DR Drew,MG Neser,0,0,,,,,,,,,,,,,
1444496,2024/25,2024-10-20,"Allan Border Field, Brisbane",1,61.6,61.6,South Australia,Queensland,HJ Hunt,DR Drew,MG Neser,0,0,,,,,,,,,,,,,
1444496,2024/25,2024-10-20,"Allan Border Field, Brisbane",1,62.1,62.1,South Australia,Queensland,DR Drew,HJ Hunt,T Whitney,0,0,,,,,,,,,,,,,
1444496,2024/25,2024-10-20,"Allan Border Field, Brisbane",1,62.2,62.2,South Australia,Queensland,DR Drew,HJ Hunt,T Whitney,0,0,,,,,,,,,,,,,
1444496,2024/25,2024-10-20,"Allan Border Field, Brisbane",1,62.3,62.3,South Australia,Queensland,DR Drew,HJ Hunt,T Whitney,0,0,,,,,,,bowled,DR Drew,,,,,
1444496,2024/25,2024-10-20,"Allan Border Field, Brisbane",1,62.4,62.4,South Australia,Queensland,AT Carey,HJ Hunt,T Whitney,0,0,,,,,,,,,,,,,
1444496,2024/25,2024-10-20,"Allan Border Field, Brisbane",1,62.5,62.5,South Australia,Queensland,AT Carey,HJ Hunt,T Whitney,0,0,,,,,,,,,,,,,
1444496,2024/25,2024-10-20,"Allan Border Field, Brisbane",1,62.6,62.6,South Australia,Queensland,AT Carey,HJ Hunt,T Whitney,1,0,,,,,,,,,,,,,
1444496,2024/25,2024-10-20,"Allan Border Field, Brisbane",1,63.1,63.1,South Australia,Queensland,AT Carey,HJ Hunt,MG Neser,0,0,,,,,,,,,,,,,
1444496,2024/25,2024-10-20,"Allan Border Field, Brisbane",1,63.2,63.2,South Australia,Queensland,AT Carey,HJ Hunt,MG Neser,1,0,,,,,,,,,,,,,
1444496,2024/25,2024-10-20,"Allan Border Field, Brisbane",1,63.3,63.3,South Australia,Queensland,HJ Hunt,AT Carey,MG Neser,0,0,,,,,,,,,,,,,
1444496,2024/25,2024-10-20,"Allan Border Field, Brisbane",1,63.4,63.4,South Australia,Queensland,HJ Hunt,AT Carey,MG Neser,2,0,,,,,,,,,,,,,
1444496,2024/25,2024-10-20,"Allan Border Field, Brisbane",1,63.5,63.5,South Australia,Queensland,HJ Hunt,AT Carey,MG Neser,0,0,,,,,,,,,,,,,
1444496,2024/25,2024-10-20,"Allan Border Field, Brisbane",1,63.6,63.6,South Australia,Queensland,HJ Hunt,AT Carey,MG Neser,0,0,,,,,,,,,,,,,
1444496,2024/25,2024-10-20,"Allan Border Field, Brisbane",1,64.1,64.1,South Australia,Queensland,AT Carey,HJ Hunt,T Whitney,1,0,,,,,,,,,,,,,
1444496,2024/25,2024-10-20,"Allan Border Field, Brisbane",1,64.2,64.2,South Australia,Queensland,HJ Hunt,AT Carey,T Whitney,0,0,,,,,,,,,,,,,
1444496,2024/25,2024-10-20,"Allan Border Field, Brisbane",1,64.3,64.3,South Australia,Queensland,HJ Hunt,AT Carey,T Whitney,0,0,,,,,,,,,,,,,
1444496,2024/25,2024-10-20,"Allan Border Field, Brisbane",1,64.4,64.4,South Australia,Queensland,HJ Hunt,AT Carey,T Whitney,0,0,,,,,,,,,,,,,
1444496,2024/25,2024-10-20,"Allan Border Field, Brisbane",1,64.5,64.5,South Australia,Queensland,HJ Hunt,AT Carey,T Whitney,2,0,,,,,,,,,,,,,
1444496,2024/25,2024-10-20,"Allan Border Field, Brisbane",1,64.6,64.6,South Australia,Queensland,HJ Hunt,AT Carey,T Whitney,0,0,,,,,,,,,,,,,
1444496,2024/25,2024-10-20,"Allan Border Field, Brisbane",1,65.1,65.1,South Australia,Queensland,AT Carey,HJ Hunt,MT Steketee,0,0,,,,,,,,,,,,,
1444496,2024/25,2024-10-20,"Allan Border Field, Brisbane",1,65.2,65.2,South Australia,Queensland,AT Carey,HJ Hunt,MT Steketee,0,0,,,,,,,,,,,,,
1444496,2024/25,2024-10-20,"Allan Border Field, Brisbane",1,65.3,65.3,South Australia,Queensland,AT Carey,HJ Hunt,MT Steketee,0,0,,,,,,,,,,,,,
1444496,2024/25,2024-10-20,"Allan Border Field, Brisbane",1,65.4,65.4,South Australia,Queensland,AT Carey,HJ Hunt,MT Steketee,0,0,,,,,,,,,,,,,
1444496,2024/25,2024-10-20,"Allan Border Field, Brisbane",1,65.5,65.5,South Australia,Queensland,AT Carey,HJ Hunt,MT Steketee,0,0,,,,,,,,,,,,,
1444496,2024/25,2024-10-20,"Allan Border Field, Brisbane",1,65.6,65.6,South Australia,Queensland,AT Carey,HJ Hunt,MT Steketee,2,0,,,,,,,,,,,,,
1444496,2024/25,2024-10-20,"Allan Border Field, Brisbane",1,66.1,66.1,South Australia,Queensland,HJ Hunt,AT Carey,M Labuschagne,0,0,,,,,,,,,,,,,
1444496,2024/25,2024-10-20,"Allan Border Field, Brisbane",1,66.2,66.2,South Australia,Queensland,HJ Hunt,AT Carey,M Labuschagne,1,0,,,,,,,,,,,,,
1444496,2024/25,2024-10-20,"Allan Border Field, Brisbane",1,66.3,66.3,South Australia,Queensland,AT Carey,HJ Hunt,M Labuschagne,0,0,,,,,,,,,,,,,
1444496,2024/25,2024-10-20,"Allan Border Field, Brisbane",1,66.4,66.4,South Australia,Queensland,AT Carey,HJ Hunt,M Labuschagne,2,0,,,,,,,,,,,,,
1444496,2024/25,2024-10-20,"Allan Border Field, Brisbane",1,66.5,66.5,South Australia,Queensland,AT Carey,HJ Hunt,M Labuschagne,0,0,,,,,,,,,,,,,
1444496,2024/25,2024-10-20,"Allan Border Field, Brisbane",1,66.6,66.6,South Australia,Queensland,AT Carey,HJ Hunt,M Labuschagne,1,0,,,,,,,,,,,,,
1444496,2024/25,2024-10-20,"Allan Border Field, Brisbane",1,67.1,67.1,South Australia,Queensland,AT Carey,HJ Hunt,MT Steketee,0,0,,,,,,,,,,,,,
1444496,2024/25,2024-10-20,"Allan Border Field, Brisbane",1,67.2,67.2,South Australia,Queensland,AT Carey,HJ Hunt,MT Steketee,2,0,,,,,,,,,,,,,
1444496,2024/25,2024-10-20,"Allan Border Field, Brisbane",1,67.3,67.3,South Australia,Queensland,AT Carey,HJ Hunt,MT Steketee,0,0,,,,,,,,,,,,,
1444496,2024/25,2024-10-20,"Allan Border Field, Brisbane",1,67.4,67.4,South Australia,Queensland,AT Carey,HJ Hunt,MT Steketee,4,0,,,,,,,,,,,,,
1444496,2024/25,2024-10-20,"Allan Border Field, Brisbane",1,67.5,67.5,South Australia,Queensland,AT Carey,HJ Hunt,MT Steketee,0,0,,,,,,,,,,,,,
1444496,2024/25,2024-10-20,"Allan Border Field, Brisbane",1,67.6,67.6,South Australia,Queensland,AT Carey,HJ Hunt,MT Steketee,0,0,,,,,,,,,,,,,
1444496,2024/25,2024-10-20,"Allan Border Field, Brisbane",1,68.1,68.1,South Australia,Queensland,HJ Hunt,AT Carey,M Labuschagne,0,0,,,,,,,,,,,,,
1444496,2024/25,2024-10-20,"Allan Border Field, Brisbane",1,68.2,68.2,South Australia,Queensland,HJ Hunt,AT Carey,M Labuschagne,0,0,,,,,,,,,,,,,
1444496,2024/25,2024-10-20,"Allan Border Field, Brisbane",1,68.3,68.3,South Australia,Queensland,HJ Hunt,AT Carey,M Labuschagne,0,0,,,,,,,,,,,,,
1444496,2024/25,2024-10-20,"Allan Border Field, Brisbane",1,68.4,68.4,South Australia,Queensland,HJ Hunt,AT Carey,M Labuschagne,0,0,,,,,,,,,,,,,
1444496,2024/25,2024-10-20,"Allan Border Field, Brisbane",1,68.5,68.5,South Australia,Queensland,HJ Hunt,AT Carey,M Labuschagne,1,0,,,,,,,,,,,,,
1444496,2024/25,2024-10-20,"Allan Border Field, Brisbane",1,68.6,68.6,South Australia,Queensland,AT Carey,HJ Hunt,M Labuschagne,0,0,,,,,,,,,,,,,
1444496,2024/25,2024-10-20,"Allan Border Field, Brisbane",1,69.1,69.1,South Australia,Queensland,HJ Hunt,AT Carey,MT Steketee,2,0,,,,,,,,,,,,,
1444496,2024/25,2024-10-20,"Allan Border Field, Brisbane",1,69.2,69.2,South Australia,Queensland,HJ Hunt,AT Carey,MT Steketee,2,0,,,,,,,,,,,,,
1444496,2024/25,2024-10-20,"Allan Border Field, Brisbane",1,69.3,69.3,South Australia,Queensland,HJ Hunt,AT Carey,MT Steketee,0,0,,,,,,,,,,,,,
1444496,2024/25,2024-10-20,"Allan Border Field, Brisbane",1,69.4,69.4,South Australia,Queensland,HJ Hunt,AT Carey,MT Steketee,0,0,,,,,,,,,,,,,
1444496,2024/25,2024-10-20,"Allan Border Field, Brisbane",1,69.5,69.5,South Australia,Queensland,HJ Hunt,AT Carey,MT Steketee,0,0,,,,,,,,,,,,,
1444496,2024/25,2024-10-20,"Allan Border Field, Brisbane",1,69.6,69.6,South Australia,Queensland,HJ Hunt,AT Carey,MT Steketee,4,0,,,,,,,,,,,,,
1444496,2024/25,2024-10-20,"Allan Border Field, Brisbane",1,70.1,70.1,South Australia,Queensland,AT Carey,HJ Hunt,MJ Swepson,0,0,,,,,,,,,,,,,
1444496,2024/25,2024-10-20,"Allan Border Field, Brisbane",1,70.2,70.2,South Australia,Queensland,AT Carey,HJ Hunt,MJ Swepson,4,0,,,,,,,,,,,,,
1444496,2024/25,2024-10-20,"Allan Border Field, Brisbane",1,70.3,70.3,South Australia,Queensland,AT Carey,HJ Hunt,MJ Swepson,0,0,,,,,,,,,,,,,
1444496,2024/25,2024-10-20,"Allan Border Field, Brisbane",1,70.4,70.4,South Australia,Queensland,AT Carey,HJ Hunt,MJ Swepson,3,0,,,,,,,,,,,,,
1444496,2024/25,2024-10-20,"Allan Border Field, Brisbane",1,70.5,70.5,South Australia,Queensland,HJ Hunt,AT Carey,MJ Swepson,0,0,,,,,,,,,,,,,
1444496,2024/25,2024-10-20,"Allan Border Field, Brisbane",1,70.6,70.6,South Australia,Queensland,HJ Hunt,AT Carey,MJ Swepson,0,0,,,,,,,,,,,,,
1444496,2024/25,2024-10-20,"Allan Border Field, Brisbane",1,71.1,71.1,South Australia,Queensland,AT Carey,HJ Hunt,M Labuschagne,0,0,,,,,,,,,,,,,
1444496,2024/25,2024-10-20,"Allan Border Field, Brisbane",1,71.2,71.2,South Australia,Queensland,AT Carey,HJ Hunt,M Labuschagne,0,0,,,,,,,,,,,,,
1444496,2024/25,2024-10-20,"Allan Border Field, Brisbane",1,71.3,71.3,South Australia,Queensland,AT Carey,HJ Hunt,M Labuschagne,0,0,,,,,,,,,,,,,
1444496,2024/25,2024-10-20,"Allan Border Field, Brisbane",1,71.4,71.4,South Australia,Queensland,AT Carey,HJ Hunt,M Labuschagne,1,0,,,,,,,,,,,,,
1444496,2024/25,2024-10-20,"Allan Border Field, Brisbane",1,71.5,71.5,South Australia,Queensland,HJ Hunt,AT Carey,M Labuschagne,1,0,,,,,,,,,,,,,
1444496,2024/25,2024-10-20,"Allan Border Field, Brisbane",1,71.6,71.6,South Australia,Queensland,AT Carey,HJ Hunt,M Labuschagne,1,0,,,,,,,,,,,,,
1444496,2024/25,2024-10-20,"Allan Border Field, Brisbane",1,72.1,72.1,South Australia,Queensland,AT Carey,HJ Hunt,MJ Swepson,0,0,,,,,,,,,,,,,
1444496,2024/25,2024-10-20,"Allan Border Field, Brisbane",1,72.2,72.2,South Australia,Queensland,AT Carey,HJ Hunt,MJ Swepson,1,0,,,,,,,,,,,,,
1444496,2024/25,2024-10-20,"Allan Border Field, Brisbane",1,72.3,72.3,South Australia,Queensland,HJ Hunt,AT Carey,MJ Swepson,0,0,,,,,,,,,,,,,
1444496,2024/25,2024-10-20,"Allan Border Field, Brisbane",1,72.4,72.4,South Australia,Queensland,HJ Hunt,AT Carey,MJ Swepson,0,0,,,,,,,,,,,,,
1444496,2024/25,2024-10-20,"Allan Border Field, Brisbane",1,72.5,72.5,South Australia,Queensland,HJ Hunt,AT Carey,MJ Swepson,0,0,,,,,,,,,,,,,
1444496,2024/25,2024-10-20,"Allan Border Field, Brisbane",1,72.6,72.6,South Australia,Queensland,HJ Hunt,AT Carey,MJ Swepson,0,0,,,,,,,,,,,,,
1444496,2024/25,2024-10-20,"Allan Border Field, Brisbane",1,73.1,73.1,South Australia,Queensland,AT Carey,HJ Hunt,M Labuschagne,0,0,,,,,,,,,,,,,
1444496,2024/25,2024-10-20,"Allan Border Field, Brisbane",1,73.2,73.2,South Australia,Queensland,AT Carey,HJ Hunt,M Labuschagne,0,0,,,,,,,,,,,,,
1444496,2024/25,2024-10-20,"Allan Border Field, Brisbane",1,73.3,73.3,South Australia,Queensland,AT Carey,HJ Hunt,M Labuschagne,0,0,,,,,,,,,,,,,
1444496,2024/25,2024-10-20,"Allan Border Field, Brisbane",1,73.4,73.4,South Australia,Queensland,AT Carey,HJ Hunt,M Labuschagne,0,0,,,,,,,,,,,,,
1444496,2024/25,2024-10-20,"Allan Border Field, Brisbane",1,73.5,73.5,South Australia,Queensland,AT Carey,HJ Hunt,M Labuschagne,0,0,,,,,,,,,,,,,
1444496,2024/25,2024-10-20,"Allan Border Field, Brisbane",1,73.6,73.6,South Australia,Queensland,AT Carey,HJ Hunt,M Labuschagne,1,0,,,,,,,,,,,,,
1444496,2024/25,2024-10-20,"Allan Border Field, Brisbane",1,74.1,74.1,South Australia,Queensland,AT Carey,HJ Hunt,MJ Swepson,0,0,,,,,,,,,,,,,
1444496,2024/25,2024-10-20,"Allan Border Field, Brisbane",1,74.2,74.2,South Australia,Queensland,AT Carey,HJ Hunt,MJ Swepson,1,0,,,,,,,,,,,,,
1444496,2024/25,2024-10-20,"Allan Border Field, Brisbane",1,74.3,74.3,South Australia,Queensland,HJ Hunt,AT Carey,MJ Swepson,0,0,,,,,,,,,,,,,
1444496,2024/25,2024-10-20,"Allan Border Field, Brisbane",1,74.4,74.4,South Australia,Queensland,HJ Hunt,AT Carey,MJ Swepson,0,0,,,,,,,,,,,,,
1444496,2024/25,2024-10-20,"Allan Border Field, Brisbane",1,74.5,74.5,South Australia,Queensland,HJ Hunt,AT Carey,MJ Swepson,6,0,,,,,,,,,,,,,
1444496,2024/25,2024-10-20,"Allan Border Field, Brisbane",1,74.6,74.6,South Australia,Queensland,HJ Hunt,AT Carey,MJ Swepson,0,0,,,,,,,,,,,,,
1444496,2024/25,2024-10-20,"Allan Border Field, Brisbane",1,75.1,75.1,South Australia,Queensland,AT Carey,HJ Hunt,MT Renshaw,0,0,,,,,,,,,,,,,
1444496,2024/25,2024-10-20,"Allan Border Field, Brisbane",1,75.2,75.2,South Australia,Queensland,AT Carey,HJ Hunt,MT Renshaw,0,0,,,,,,,,,,,,,
1444496,2024/25,2024-10-20,"Allan Border Field, Brisbane",1,75.3,75.3,South Australia,Queensland,AT Carey,HJ Hunt,MT Renshaw,0,0,,,,,,,,,,,,,
1444496,2024/25,2024-10-20,"Allan Border Field, Brisbane",1,75.4,75.4,South Australia,Queensland,AT Carey,HJ Hunt,MT Renshaw,0,0,,,,,,,,,,,,,
1444496,2024/25,2024-10-20,"Allan Border Field, Brisbane",1,75.5,75.5,South Australia,Queensland,AT Carey,HJ Hunt,MT Renshaw,0,0,,,,,,,,,,,,,
1444496,2024/25,2024-10-20,"Allan Border Field, Brisbane",1,75.6,75.6,South Australia,Queensland,AT Carey,HJ Hunt,MT Renshaw,4,0,,,,,,,,,,,,,
1444496,2024/25,2024-10-20,"Allan Border Field, Brisbane",1,76.1,76.1,South Australia,Queensland,HJ Hunt,AT Carey,MJ Swepson,0,0,,,,,,,,,,,,,
1444496,2024/25,2024-10-20,"Allan Border Field, Brisbane",1,76.2,76.2,South Australia,Queensland,HJ Hunt,AT Carey,MJ Swepson,0,0,,,,,,,,,,,,,
1444496,2024/25,2024-10-20,"Allan Border Field, Brisbane",1,76.3,76.3,South Australia,Queensland,HJ Hunt,AT Carey,MJ Swepson,1,0,,,,,,,,,,,,,
1444496,2024/25,2024-10-20,"Allan Border Field, Brisbane",1,76.4,76.4,South Australia,Queensland,AT Carey,HJ Hunt,MJ Swepson,0,0,,,,,,,,,,,,,
1444496,2024/25,2024-10-20,"Allan Border Field, Brisbane",1,76.5,76.5,South Australia,Queensland,AT Carey,HJ Hunt,MJ Swepson,0,0,,,,,,,,,,,,,
1444496,2024/25,2024-10-20,"Allan Border Field, Brisbane",1,76.6,76.6,South Australia,Queensland,AT Carey,HJ Hunt,MJ Swepson,6,0,,,,,,,,,,,,,
1444496,2024/25,2024-10-20,"Allan Border Field, Brisbane",1,77.1,77.1,South Australia,Queensland,HJ Hunt,AT Carey,MT Renshaw,0,0,,,,,,,,,,,,,
1444496,2024/25,2024-10-20,"Allan Border Field, Brisbane",1,77.2,77.2,South Australia,Queensland,HJ Hunt,AT Carey,MT Renshaw,1,0,,,,,,,,,,,,,
1444496,2024/25,2024-10-20,"Allan Border Field, Brisbane",1,77.3,77.3,South Australia,Queensland,AT Carey,HJ Hunt,MT Renshaw,0,0,,,,,,,,,,,,,
1444496,2024/25,2024-10-20,"Allan Border Field, Brisbane",1,77.4,77.4,South Australia,Queensland,AT Carey,HJ Hunt,MT Renshaw,0,0,,,,,,,,,,,,,
1444496,2024/25,2024-10-20,"Allan Border Field, Brisbane",1,77.5,77.5,South Australia,Queensland,AT Carey,HJ Hunt,MT Renshaw,0,0,,,,,,,,,,,,,
1444496,2024/25,2024-10-20,"Allan Border Field, Brisbane",1,77.6,77.6,South Australia,Queensland,AT Carey,HJ Hunt,MT Renshaw,0,0,,,,,,,,,,,,,
1444496,2024/25,2024-10-20,"Allan Border Field, Brisbane",1,78.1,78.1,South Australia,Queensland,HJ Hunt,AT Carey,MJ Swepson,0,0,,,,,,,,,,,,,
1444496,2024/25,2024-10-20,"Allan Border Field, Brisbane",1,78.2,78.2,South Australia,Queensland,HJ Hunt,AT Carey,MJ Swepson,1,0,,,,,,,,,,,,,
1444496,2024/25,2024-10-20,"Allan Border Field, Brisbane",1,78.3,78.3,South Australia,Queensland,AT Carey,HJ Hunt,MJ Swepson,1,0,,,,,,,,,,,,,
1444496,2024/25,2024-10-20,"Allan Border Field, Brisbane",1,78.4,78.4,South Australia,Queensland,HJ Hunt,AT Carey,MJ Swepson,0,0,,,,,,,,,,,,,
1444496,2024/25,2024-10-20,"Allan Border Field, Brisbane",1,78.5,78.5,South Australia,Queensland,HJ Hunt,AT Carey,MJ Swepson,1,0,,,,,,,,,,,,,
1444496,2024/25,2024-10-20,"Allan Border Field, Brisbane",1,78.6,78.6,South Australia,Queensland,AT Carey,HJ Hunt,MJ Swepson,0,0,,,,,,,,,,,,,
1444496,2024/25,2024-10-20,"Allan Border Field, Brisbane",1,79.1,79.1,South Australia,Queensland,HJ Hunt,AT Carey,MT Renshaw,0,0,,,,,,,,,,,,,
1444496,2024/25,2024-10-20,"Allan Border Field, Brisbane",1,79.2,79.2,South Australia,Queensland,HJ Hunt,AT Carey,MT Renshaw,2,0,,,,,,,,,,,,,
1444496,2024/25,2024-10-20,"Allan Border Field, Brisbane",1,79.3,79.3,South Australia,Queensland,HJ Hunt,AT Carey,MT Renshaw,0,0,,,,,,,,,,,,,
1444496,2024/25,2024-10-20,"Allan Border Field, Brisbane",1,79.4,79.4,South Australia,Queensland,HJ Hunt,AT Carey,MT Renshaw,1,0,,,,,,,,,,,,,
1444496,2024/25,2024-10-20,"Allan Border Field, Brisbane",1,79.5,79.5,South Australia,Queensland,AT Carey,HJ Hunt,MT Renshaw,1,0,,,,,,,,,,,,,
1444496,2024/25,2024-10-20,"Allan Border Field, Brisbane",1,79.6,79.6,South Australia,Queensland,HJ Hunt,AT Carey,MT Renshaw,1,0,,,,,,,,,,,,,
1444496,2024/25,2024-10-20,"Allan Border Field, Brisbane",1,80.1,80.1,South Australia,Queensland,HJ Hunt,AT Carey,MT Steketee,0,0,,,,,,,,,,,,,
1444496,2024/25,2024-10-20,"Allan Border Field, Brisbane",1,80.2,80.2,South Australia,Queensland,HJ Hunt,AT Carey,MT Steketee,0,0,,,,,,,,,,,,,
1444496,2024/25,2024-10-20,"Allan Border Field, Brisbane",1,80.3,80.3,South Australia,Queensland,HJ Hunt,AT Carey,MT Steketee,0,0,,,,,,,,,,,,,
1444496,2024/25,2024-10-20,"Allan Border Field, Brisbane",1,80.4,80.4,South Australia,Queensland,HJ Hunt,AT Carey,MT Steketee,0,0,,,,,,,,,,,,,
1444496,2024/25,2024-10-20,"Allan Border Field, Brisbane",1,80.5,80.5,South Australia,Queensland,HJ Hunt,AT Carey,MT Steketee,0,0,,,,,,,,,,,,,
1444496,2024/25,2024-10-20,"Allan Border Field, Brisbane",1,80.6,80.6,South Australia,Queensland,HJ Hunt,AT Carey,MT Steketee,0,0,,,,,,,,,,,,,
1444496,2024/25,2024-10-20,"Allan Border Field, Brisbane",1,81.1,81.1,South Australia,Queensland,AT Carey,HJ Hunt,MG Neser,0,0,,,,,,,,,,,,,
1444496,2024/25,2024-10-20,"Allan Border Field, Brisbane",1,81.2,81.2,South Australia,Queensland,AT Carey,HJ Hunt,MG Neser,0,0,,,,,,,,,,,,,
1444496,2024/25,2024-10-20,"Allan Border Field, Brisbane",1,81.3,81.3,South Australia,Queensland,AT Carey,HJ Hunt,MG Neser,0,0,,,,,,,,,,,,,
1444496,2024/25,2024-10-20,"Allan Border Field, Brisbane",1,81.4,81.4,South Australia,Queensland,AT Carey,HJ Hunt,MG Neser,4,0,,,,,,,,,,,,,
1444496,2024/25,2024-10-20,"Allan Border Field, Brisbane",1,81.5,81.5,South Australia,Queensland,AT Carey,HJ Hunt,MG Neser,0,0,,,,,,,caught,AT Carey,,,LD Hearne,,
1444496,2024/25,2024-10-20,"Allan Border Field, Brisbane",1,81.6,81.6,South Australia,Queensland,JS Lehmann,HJ Hunt,MG Neser,0,0,,,,,,,,,,,,,
1444496,2024/25,2024-10-20,"Allan Border Field, Brisbane",1,82.1,82.1,South Australia,Queensland,HJ Hunt,JS Lehmann,MT Steketee,0,0,,,,,,,,,,,,,
1444496,2024/25,2024-10-20,"Allan Border Field, Brisbane",1,82.2,82.2,South Australia,Queensland,HJ Hunt,JS Lehmann,MT Steketee,0,0,,,,,,,,,,,,,
1444496,2024/25,2024-10-20,"Allan Border Field, Brisbane",1,82.3,82.3,South Australia,Queensland,HJ Hunt,JS Lehmann,MT Steketee,0,0,,,,,,,,,,,,,
1444496,2024/25,2024-10-20,"Allan Border Field, Brisbane",1,82.4,82.4,South Australia,Queensland,HJ Hunt,JS Lehmann,MT Steketee,1,0,,,,,,,,,,,,,
1444496,2024/25,2024-10-20,"Allan Border Field, Brisbane",1,82.5,82.5,South Australia,Queensland,JS Lehmann,HJ Hunt,MT Steketee,0,0,,,,,,,caught,JS Lehmann,,,MG Neser,,
1444496,2024/25,2024-10-20,"Allan Border Field, Brisbane",1,82.6,82.6,South Australia,Queensland,L Scott,HJ Hunt,MT Steketee,0,0,,,,,,,,,,,,,
1444496,2024/25,2024-10-20,"Allan Border Field, Brisbane",1,83.1,83.1,South Australia,Queensland,HJ Hunt,L Scott,MG Neser,0,0,,,,,,,,,,,,,
1444496,2024/25,2024-10-20,"Allan Border Field, Brisbane",1,83.2,83.2,South Australia,Queensland,HJ Hunt,L Scott,MG Neser,0,0,,,,,,,,,,,,,
1444496,2024/25,2024-10-20,"Allan Border Field, Brisbane",1,83.3,83.3,South Australia,Queensland,HJ Hunt,L Scott,MG Neser,1,0,,,,,,,,,,,,,
1444496,2024/25,2024-10-20,"Allan Border Field, Brisbane",1,83.4,83.4,South Australia,Queensland,L Scott,HJ Hunt,MG Neser,4,0,,,,,,,,,,,,,
1444496,2024/25,2024-10-20,"Allan Border Field, Brisbane",1,83.5,83.5,South Australia,Queensland,L Scott,HJ Hunt,MG Neser,0,0,,,,,,,,,,,,,
1444496,2024/25,2024-10-20,"Allan Border Field, Brisbane",1,83.6,83.6,South Australia,Queensland,L Scott,HJ Hunt,MG Neser,1,0,,,,,,,,,,,,,
1444496,2024/25,2024-10-20,"Allan Border Field, Brisbane",1,84.1,84.1,South Australia,Queensland,L Scott,HJ Hunt,MT Steketee,4,0,,,,,,,,,,,,,
1444496,2024/25,2024-10-20,"Allan Border Field, Brisbane",1,84.2,84.2,South Australia,Queensland,L Scott,HJ Hunt,MT Steketee,0,0,,,,,,,,,,,,,
1444496,2024/25,2024-10-20,"Allan Border Field, Brisbane",1,84.3,84.3,South Australia,Queensland,L Scott,HJ Hunt,MT Steketee,0,0,,,,,,,,,,,,,
1444496,2024/25,2024-10-20,"Allan Border Field, Brisbane",1,84.4,84.4,South Australia,Queensland,L Scott,HJ Hunt,MT Steketee,0,0,,,,,,,bowled,L Scott,,,,,
1444496,2024/25,2024-10-20,"Allan Border Field, Brisbane",1,84.5,84.5,South Australia,Queensland,BAD Manenti,HJ Hunt,MT Steketee,0,0,,,,,,,,,,,,,
1444496,2024/25,2024-10-20,"Allan Border Field, Brisbane",1,84.6,84.6,South Australia,Queensland,BAD Manenti,HJ Hunt,MT Steketee,0,0,,,,,,,,,,,,,
1444496,2024/25,2024-10-20,"Allan Border Field, Brisbane",1,85.1,85.1,South Australia,Queensland,HJ Hunt,BAD Manenti,MG Neser,0,0,,,,,,,,,,,,,
1444496,2024/25,2024-10-20,"Allan Border Field, Brisbane",1,85.2,85.2,South Australia,Queensland,HJ Hunt,BAD Manenti,MG Neser,0,0,,,,,,,,,,,,,
1444496,2024/25,2024-10-20,"Allan Border Field, Brisbane",1,85.3,85.3,South Australia,Queensland,HJ Hunt,BAD Manenti,MG Neser,0,0,,,,,,,,,,,,,
1444496,2024/25,2024-10-20,"Allan Border Field, Brisbane",1,85.4,85.4,South Australia,Queensland,HJ Hunt,BAD Manenti,MG Neser,0,0,,,,,,,,,,,,,
1444496,2024/25,2024-10-20,"Allan Border Field, Brisbane",1,85.5,85.5,South Australia,Queensland,HJ Hunt,BAD Manenti,MG Neser,1,0,,,,,,,,,,,,,
1444496,2024/25,2024-10-20,"Allan Border Field, Brisbane",1,85.6,85.6,South Australia,Queensland,BAD Manenti,HJ Hunt,MG Neser,0,0,,,,,,,,,,,,,
1444496,2024/25,2024-10-20,"Allan Border Field, Brisbane",1,86.1,86.1,South Australia,Queensland,HJ Hunt,BAD Manenti,MT Steketee,0,0,,,,,,,,,,,,,
1444496,2024/25,2024-10-20,"Allan Border Field, Brisbane",1,86.2,86.2,South Australia,Queensland,HJ Hunt,BAD Manenti,MT Steketee,0,0,,,,,,,,,,,,,
1444496,2024/25,2024-10-20,"Allan Border Field, Brisbane",1,86.3,86.3,South Australia,Queensland,HJ Hunt,BAD Manenti,MT Steketee,0,0,,,,,,,,,,,,,
1444496,2024/25,2024-10-20,"Allan Border Field, Brisbane",1,86.4,86.4,South Australia,Queensland,HJ Hunt,BAD Manenti,MT Steketee,0,0,,,,,,,,,,,,,
1444496,2024/25,2024-10-20,"Allan Border Field, Brisbane",1,86.5,86.5,South Australia,Queensland,HJ Hunt,BAD Manenti,MT Steketee,0,0,,,,,,,,,,,,,
1444496,2024/25,2024-10-20,"Allan Border Field, Brisbane",1,86.6,86.6,South Australia,Queensland,HJ Hunt,BAD Manenti,MT Steketee,0,0,,,,,,,,,,,,,
1444496,2024/25,2024-10-20,"Allan Border Field, Brisbane",1,87.1,87.1,South Australia,Queensland,BAD Manenti,HJ Hunt,T Whitney,0,0,,,,,,,,,,,,,
1444496,2024/25,2024-10-20,"Allan Border Field, Brisbane",1,87.2,87.2,South Australia,Queensland,BAD Manenti,HJ Hunt,T Whitney,1,0,,,,,,,,,,,,,
1444496,2024/25,2024-10-20,"Allan Border Field, Brisbane",1,87.3,87.3,South Australia,Queensland,HJ Hunt,BAD Manenti,T Whitney,0,0,,,,,,,,,,,,,
1444496,2024/25,2024-10-20,"Allan Border Field, Brisbane",1,87.4,87.4,South Australia,Queensland,HJ Hunt,BAD Manenti,T Whitney,0,0,,,,,,,,,,,,,
1444496,2024/25,2024-10-20,"Allan Border Field, Brisbane",1,87.5,87.5,South Australia,Queensland,HJ Hunt,BAD Manenti,T Whitney,0,0,,,,,,,,,,,,,
1444496,2024/25,2024-10-20,"Allan Border Field, Brisbane",1,87.6,87.6,South Australia,Queensland,HJ Hunt,BAD Manenti,T Whitney,0,0,,,,,,,,,,,,,
1444496,2024/25,2024-10-20,"Allan Border Field, Brisbane",1,88.1,88.1,South Australia,Queensland,BAD Manenti,HJ Hunt,MT Steketee,0,0,,,,,,,,,,,,,
1444496,2024/25,2024-10-20,"Allan Border Field, Brisbane",1,88.2,88.2,South Australia,Queensland,BAD Manenti,HJ Hunt,MT Steketee,0,0,,,,,,,,,,,,,
1444496,2024/25,2024-10-20,"Allan Border Field, Brisbane",1,88.3,88.3,South Australia,Queensland,BAD Manenti,HJ Hunt,MT Steketee,2,0,,,,,,,,,,,,,
1444496,2024/25,2024-10-20,"Allan Border Field, Brisbane",1,88.4,88.4,South Australia,Queensland,BAD Manenti,HJ Hunt,MT Steketee,0,0,,,,,,,,,,,,,
1444496,2024/25,2024-10-20,"Allan Border Field, Brisbane",1,88.5,88.5,South Australia,Queensland,BAD Manenti,HJ Hunt,MT Steketee,0,0,,,,,,,,,,,,,
1444496,2024/25,2024-10-20,"Allan Border Field, Brisbane",1,88.6,88.6,South Australia,Queensland,BAD Manenti,HJ Hunt,MT Steketee,4,0,,,,,,,,,,,,,
1444496,2024/25,2024-10-20,"Allan Border Field, Brisbane",1,89.1,89.1,South Australia,Queensland,HJ Hunt,BAD Manenti,T Whitney,0,0,,,,,,,,,,,,,
1444496,2024/25,2024-10-20,"Allan Border Field, Brisbane",1,89.2,89.2,South Australia,Queensland,HJ Hunt,BAD Manenti,T Whitney,4,0,,,,,,,,,,,,,
1444496,2024/25,2024-10-20,"Allan Border Field, Brisbane",1,89.3,89.3,South Australia,Queensland,HJ Hunt,BAD Manenti,T Whitney,1,0,,,,,,,,,,,,,
1444496,2024/25,2024-10-20,"Allan Border Field, Brisbane",1,89.4,89.4,South Australia,Queensland,BAD Manenti,HJ Hunt,T Whitney,0,0,,,,,,,,,,,,,
1444496,2024/25,2024-10-20,"Allan Border Field, Brisbane",1,89.5,89.5,South Australia,Queensland,BAD Manenti,HJ Hunt,T Whitney,0,0,,,,,,,,,,,,,
1444496,2024/25,2024-10-20,"Allan Border Field, Brisbane",1,89.6,89.6,South Australia,Queensland,BAD Manenti,HJ Hunt,T Whitney,0,0,,,,,,,bowled,BAD Manenti,,,,,
1444496,2024/25,2024-10-20,"Allan Border Field, Brisbane",1,90.1,90.1,South Australia,Queensland,HJ Hunt,N McAndrew,MT Steketee,0,0,,,,,,,,,,,,,
1444496,2024/25,2024-10-20,"Allan Border Field, Brisbane",1,90.2,90.2,South Australia,Queensland,HJ Hunt,N McAndrew,MT Steketee,0,0,,,,,,,,,,,,,
1444496,2024/25,2024-10-20,"Allan Border Field, Brisbane",1,90.3,90.3,South Australia,Queensland,HJ Hunt,N McAndrew,MT Steketee,0,0,,,,,,,,,,,,,
1444496,2024/25,2024-10-20,"Allan Border Field, Brisbane",1,90.4,90.4,South Australia,Queensland,HJ Hunt,N McAndrew,MT Steketee,3,0,,,,,,,,,,,,,
1444496,2024/25,2024-10-20,"Allan Border Field, Brisbane",1,90.5,90.5,South Australia,Queensland,N McAndrew,HJ Hunt,MT Steketee,0,0,,,,,,,,,,,,,
1444496,2024/25,2024-10-20,"Allan Border Field, Brisbane",1,90.6,90.6,South Australia,Queensland,N McAndrew,HJ Hunt,MT Steketee,1,0,,,,,,,,,,,,,
1444496,2024/25,2024-10-20,"Allan Border Field, Brisbane",1,91.1,91.1,South Australia,Queensland,N McAndrew,HJ Hunt,T Whitney,0,0,,,,,,,,,,,,,
1444496,2024/25,2024-10-20,"Allan Border Field, Brisbane",1,91.2,91.2,South Australia,Queensland,N McAndrew,HJ Hunt,T Whitney,0,0,,,,,,,,,,,,,
1444496,2024/25,2024-10-20,"Allan Border Field, Brisbane",1,91.3,91.3,South Australia,Queensland,N McAndrew,HJ Hunt,T Whitney,1,0,,,,,,,,,,,,,
1444496,2024/25,2024-10-20,"Allan Border Field, Brisbane",1,91.4,91.4,South Australia,Queensland,HJ Hunt,N McAndrew,T Whitney,0,0,,,,,,,,,,,,,
1444496,2024/25,2024-10-20,"Allan Border Field, Brisbane",1,91.5,91.5,South Australia,Queensland,HJ Hunt,N McAndrew,T Whitney,0,0,,,,,,,,,,,,,
1444496,2024/25,2024-10-20,"Allan Border Field, Brisbane",1,91.6,91.6,South Australia,Queensland,HJ Hunt,N McAndrew,T Whitney,0,0,,,,,,,,,,,,,
1444496,2024/25,2024-10-20,"Allan Border Field, Brisbane",1,92.1,92.1,South Australia,Queensland,N McAndrew,HJ Hunt,M Labuschagne,3,0,,,,,,,,,,,,,
1444496,2024/25,2024-10-20,"Allan Border Field, Brisbane",1,92.2,92.2,South Australia,Queensland,HJ Hunt,N McAndrew,M Labuschagne,0,0,,,,,,,,,,,,,
1444496,2024/25,2024-10-20,"Allan Border Field, Brisbane",1,92.3,92.3,South Australia,Queensland,HJ Hunt,N McAndrew,M Labuschagne,1,0,,,,,,,,,,,,,
1444496,2024/25,2024-10-20,"Allan Border Field, Brisbane",1,92.4,92.4,South Australia,Queensland,N McAndrew,HJ Hunt,M Labuschagne,0,0,,,,,,,,,,,,,
1444496,2024/25,2024-10-20,"Allan Border Field, Brisbane",1,92.5,92.5,South Australia,Queensland,N McAndrew,HJ Hunt,M Labuschagne,4,0,,,,,,,,,,,,,
1444496,2024/25,2024-10-20,"Allan Border Field, Brisbane",1,92.6,92.6,South Australia,Queensland,N McAndrew,HJ Hunt,M Labuschagne,0,0,,,,,,,,,,,,,
1444496,2024/25,2024-10-20,"Allan Border Field, Brisbane",1,93.1,93.1,South Australia,Queensland,HJ Hunt,N McAndrew,T Whitney,0,0,,,,,,,,,,,,,
1444496,2024/25,2024-10-20,"Allan Border Field, Brisbane",1,93.2,93.2,South Australia,Queensland,HJ Hunt,N McAndrew,T Whitney,1,0,,,,,,,,,,,,,
1444496,2024/25,2024-10-20,"Allan Border Field, Brisbane",1,93.3,93.3,South Australia,Queensland,N McAndrew,HJ Hunt,T Whitney,1,0,,,,,,,,,,,,,
1444496,2024/25,2024-10-20,"Allan Border Field, Brisbane",1,93.4,93.4,South Australia,Queensland,HJ Hunt,N McAndrew,T Whitney,4,0,,,,,,,,,,,,,
1444496,2024/25,2024-10-20,"Allan Border Field, Brisbane",1,93.5,93.5,South Australia,Queensland,HJ Hunt,N McAndrew,T Whitney,0,0,,,,,,,,,,,,,
1444496,2024/25,2024-10-20,"Allan Border Field, Brisbane",1,93.6,93.6,South Australia,Queensland,HJ Hunt,N McAndrew,T Whitney,0,0,,,,,,,,,,,,,
1444496,2024/25,2024-10-20,"Allan Border Field, Brisbane",1,94.1,94.1,South Australia,Queensland,N McAndrew,HJ Hunt,M Labuschagne,0,0,,,,,,,,,,,,,
1444496,2024/25,2024-10-20,"Allan Border Field, Brisbane",1,94.2,94.2,South Australia,Queensland,N McAndrew,HJ Hunt,M Labuschagne,1,0,,,,,,,,,,,,,
1444496,2024/25,2024-10-20,"Allan Border Field, Brisbane",1,94.3,94.3,South Australia,Queensland,HJ Hunt,N McAndrew,M Labuschagne,1,0,,,,,,,,,,,,,
1444496,2024/25,2024-10-20,"Allan Border Field, Brisbane",1,94.4,94.4,South Australia,Queensland,N McAndrew,HJ Hunt,M Labuschagne,0,0,,,,,,,,,,,,,
1444496,2024/25,2024-10-20,"Allan Border Field, Brisbane",1,94.5,94.5,South Australia,Queensland,N McAndrew,HJ Hunt,M Labuschagne,0,0,,,,,,,,,,,,,
1444496,2024/25,2024-10-20,"Allan Border Field, Brisbane",1,94.6,94.6,South Australia,Queensland,N McAndrew,HJ Hunt,M Labuschagne,0,0,,,,,,,,,,,,,
1444496,2024/25,2024-10-20,"Allan Border Field, Brisbane",1,95.1,95.1,South Australia,Queensland,HJ Hunt,N McAndrew,T Whitney,0,0,,,,,,,,,,,,,
1444496,2024/25,2024-10-20,"Allan Border Field, Brisbane",1,95.2,95.2,South Australia,Queensland,HJ Hunt,N McAndrew,T Whitney,0,0,,,,,,,,,,,,,
1444496,2024/25,2024-10-20,"Allan Border Field, Brisbane",1,95.3,95.3,South Australia,Queensland,HJ Hunt,N McAndrew,T Whitney,0,0,,,,,,,,,,,,,
1444496,2024/25,2024-10-20,"Allan Border Field, Brisbane",1,95.4,95.4,South Australia,Queensland,HJ Hunt,N McAndrew,T Whitney,0,0,,,,,,,,,,,,,
1444496,2024/25,2024-10-20,"Allan Border Field, Brisbane",1,95.5,95.5,South Australia,Queensland,HJ Hunt,N McAndrew,T Whitney,0,0,,,,,,,,,,,,,
1444496,2024/25,2024-10-20,"Allan Border Field, Brisbane",1,95.6,95.6,South Australia,Queensland,HJ Hunt,N McAndrew,T Whitney,0,0,,,,,,,,,,,,,
1444496,2024/25,2024-10-20,"Allan Border Field, Brisbane",1,96.1,96.1,South Australia,Queensland,N McAndrew,HJ Hunt,MG Neser,0,0,,,,,,,,,,,,,
1444496,2024/25,2024-10-20,"Allan Border Field, Brisbane",1,96.2,96.2,South Australia,Queensland,N McAndrew,HJ Hunt,MG Neser,4,0,,,,,,,,,,,,,
1444496,2024/25,2024-10-20,"Allan Border Field, Brisbane",1,96.3,96.3,South Australia,Queensland,N McAndrew,HJ Hunt,MG Neser,0,4,,,,4,,,,,,,,,
1444496,2024/25,2024-10-20,"Allan Border Field, Brisbane",1,96.4,96.4,South Australia,Queensland,N McAndrew,HJ Hunt,MG Neser,0,0,,,,,,,,,,,,,
1444496,2024/25,2024-10-20,"Allan Border Field, Brisbane",1,96.5,96.5,South Australia,Queensland,N McAndrew,HJ Hunt,MG Neser,0,0,,,,,,,,,,,,,
1444496,2024/25,2024-10-20,"Allan Border Field, Brisbane",1,96.6,96.6,South Australia,Queensland,N McAndrew,HJ Hunt,MG Neser,4,0,,,,,,,,,,,,,
1444496,2024/25,2024-10-20,"Allan Border Field, Brisbane",1,97.1,97.1,South Australia,Queensland,HJ Hunt,N McAndrew,T Whitney,0,0,,,,,,,,,,,,,
1444496,2024/25,2024-10-20,"Allan Border Field, Brisbane",1,97.2,97.2,South Australia,Queensland,HJ Hunt,N McAndrew,T Whitney,4,0,,,,,,,,,,,,,
1444496,2024/25,2024-10-20,"Allan Border Field, Brisbane",1,97.3,97.3,South Australia,Queensland,HJ Hunt,N McAndrew,T Whitney,0,0,,,,,,,,,,,,,
1444496,2024/25,2024-10-20,"Allan Border Field, Brisbane",1,97.4,97.4,South Australia,Queensland,HJ Hunt,N McAndrew,T Whitney,0,0,,,,,,,,,,,,,
1444496,2024/25,2024-10-20,"Allan Border Field, Brisbane",1,97.5,97.5,South Australia,Queensland,HJ Hunt,N McAndrew,T Whitney,2,0,,,,,,,,,,,,,
1444496,2024/25,2024-10-20,"Allan Border Field, Brisbane",1,97.6,97.6,South Australia,Queensland,HJ Hunt,N McAndrew,T Whitney,0,0,,,,,,,,,,,,,
1444496,2024/25,2024-10-20,"Allan Border Field, Brisbane",1,98.1,98.1,South Australia,Queensland,N McAndrew,HJ Hunt,MG Neser,0,0,,,,,,,,,,,,,
1444496,2024/25,2024-10-20,"Allan Border Field, Brisbane",1,98.2,98.2,South Australia,Queensland,N McAndrew,HJ Hunt,MG Neser,0,0,,,,,,,,,,,,,
1444496,2024/25,2024-10-20,"Allan Border Field, Brisbane",1,98.3,98.3,South Australia,Queensland,N McAndrew,HJ Hunt,MG Neser,0,0,,,,,,,,,,,,,
1444496,2024/25,2024-10-20,"Allan Border Field, Brisbane",1,98.4,98.4,South Australia,Queensland,N McAndrew,HJ Hunt,MG Neser,0,0,,,,,,,,,,,,,
1444496,2024/25,2024-10-20,"Allan Border Field, Brisbane",1,98.5,98.5,South Australia,Queensland,N McAndrew,HJ Hunt,MG Neser,6,0,,,,,,,,,,,,,
1444496,2024/25,2024-10-20,"Allan Border Field, Brisbane",1,98.6,98.6,South Australia,Queensland,N McAndrew,HJ Hunt,MG Neser,1,0,,,,,,,,,,,,,
1444496,2024/25,2024-10-20,"Allan Border Field, Brisbane",1,99.1,99.1,South Australia,Queensland,N McAndrew,HJ Hunt,T Whitney,0,0,,,,,,,caught,N McAndrew,,,BR McDermott,,
1444496,2024/25,2024-10-20,"Allan Border Field, Brisbane",1,99.2,99.2,South Australia,Queensland,WA Agar,HJ Hunt,T Whitney,0,0,,,,,,,,,,,,,
1444496,2024/25,2024-10-20,"Allan Border Field, Brisbane",1,99.3,99.3,South Australia,Queensland,WA Agar,HJ Hunt,T Whitney,0,0,,,,,,,,,,,,,
1444496,2024/25,2024-10-20,"Allan Border Field, Brisbane",1,99.4,99.4,South Australia,Queensland,WA Agar,HJ Hunt,T Whitney,0,0,,,,,,,caught,WA Agar,,,UT Khawaja,,
1444496,2024/25,2024-10-20,"Allan Border Field, Brisbane",1,99.5,99.5,South Australia,Queensland,JS Buckingham,HJ Hunt,T Whitney,0,0,,,,,,,,,,,,,
1444496,2024/25,2024-10-20,"Allan Border Field, Brisbane",1,99.6,99.6,South Australia,Queensland,JS Buckingham,HJ Hunt,T Whitney,0,0,,,,,,,,,,,,,
1444496,2024/25,2024-10-20,"Allan Border Field, Brisbane",1,100.1,100.1,South Australia,Queensland,HJ Hunt,JS Buckingham,MG Neser,0,0,,,,,,,,,,,,,
1444496,2024/25,2024-10-20,"Allan Border Field, Brisbane",1,100.2,100.2,South Australia,Queensland,HJ Hunt,JS Buckingham,MG Neser,0,0,,,,,,,,,,,,,
1444496,2024/25,2024-10-20,"Allan Border Field, Brisbane",1,100.3,100.3,South Australia,Queensland,HJ Hunt,JS Buckingham,MG Neser,0,0,,,,,,,,,,,,,
1444496,2024/25,2024-10-20,"Allan Border Field, Brisbane",1,100.4,100.4,South Australia,Queensland,HJ Hunt,JS Buckingham,MG Neser,0,0,,,,,,,,,,,,,
1444496,2024/25,2024-10-20,"Allan Border Field, Brisbane",1,100.5,100.5,South Australia,Queensland,HJ Hunt,JS Buckingham,MG Neser,0,0,,,,,,,caught,HJ Hunt,,,JJ Peirson,,
1444496,2024/25,2024-10-20,"Allan Border Field, Brisbane",2,0.1,0.1,Queensland,South Australia,MT Renshaw,UT Khawaja,JS Buckingham,0,0,,,,,,,,,,,,,
1444496,2024/25,2024-10-20,"Allan Border Field, Brisbane",2,0.2,0.2,Queensland,South Australia,MT Renshaw,UT Khawaja,JS Buckingham,2,0,,,,,,,,,,,,,
1444496,2024/25,2024-10-20,"Allan Border Field, Brisbane",2,0.3,0.3,Queensland,South Australia,MT Renshaw,UT Khawaja,JS Buckingham,0,0,,,,,,,,,,,,,
1444496,2024/25,2024-10-20,"Allan Border Field, Brisbane",2,0.4,0.4,Queensland,South Australia,MT Renshaw,UT Khawaja,JS Buckingham,0,0,,,,,,,lbw,MT Renshaw,,,,,
1444496,2024/25,2024-10-20,"Allan Border Field, Brisbane",2,0.5,0.5,Queensland,South Australia,M Labuschagne,UT Khawaja,JS Buckingham,0,0,,,,,,,,,,,,,
1444496,2024/25,2024-10-20,"Allan Border Field, Brisbane",2,0.6,0.6,Queensland,South Australia,M Labuschagne,UT Khawaja,JS Buckingham,0,5,,1,4,,,,,,,,,,
1444496,2024/25,2024-10-20,"Allan Border Field, Brisbane",2,0.7,0.6,Queensland,South Australia,M Labuschagne,UT Khawaja,JS Buckingham,4,1,,1,,,,,,,,,,,
1444496,2024/25,2024-10-20,"Allan Border Field, Brisbane",2,0.8,0.6,Queensland,South Australia,M Labuschagne,UT Khawaja,JS Buckingham,0,0,,,,,,,,,,,,,
1444496,2024/25,2024-10-20,"Allan Border Field, Brisbane",2,1.1,1.1,Queensland,South Australia,UT Khawaja,M Labuschagne,N McAndrew,0,0,,,,,,,,,,,,,
1444496,2024/25,2024-10-20,"Allan Border Field, Brisbane",2,1.2,1.2,Queensland,South Australia,UT Khawaja,M Labuschagne,N McAndrew,0,0,,,,,,,,,,,,,
1444496,2024/25,2024-10-20,"Allan Border Field, Brisbane",2,1.3,1.3,Queensland,South Australia,UT Khawaja,M Labuschagne,N McAndrew,0,0,,,,,,,,,,,,,
1444496,2024/25,2024-10-20,"Allan Border Field, Brisbane",2,1.4,1.4,Queensland,South Australia,UT Khawaja,M Labuschagne,N McAndrew,0,0,,,,,,,,,,,,,
1444496,2024/25,2024-10-20,"Allan Border Field, Brisbane",2,1.5,1.5,Queensland,South Australia,UT Khawaja,M Labuschagne,N McAndrew,0,0,,,,,,,,,,,,,
1444496,2024/25,2024-10-20,"Allan Border Field, Brisbane",2,1.6,1.6,Queensland,South Australia,UT Khawaja,M Labuschagne,N McAndrew,0,0,,,,,,,,,,,,,
1444496,2024/25,2024-10-20,"Allan Border Field, Brisbane",2,2.1,2.1,Queensland,South Australia,M Labuschagne,UT Khawaja,JS Buckingham,0,0,,,,,,,,,,,,,
1444496,2024/25,2024-10-20,"Allan Border Field, Brisbane",2,2.2,2.2,Queensland,South Australia,M Labuschagne,UT Khawaja,JS Buckingham,0,0,,,,,,,,,,,,,
1444496,2024/25,2024-10-20,"Allan Border Field, Brisbane",2,2.3,2.3,Queensland,South Australia,M Labuschagne,UT Khawaja,JS Buckingham,0,0,,,,,,,,,,,,,
1444496,2024/25,2024-10-20,"Allan Border Field, Brisbane",2,2.4,2.4,Queensland,South Australia,M Labuschagne,UT Khawaja,JS Buckingham,0,0,,,,,,,,,,,,,
1444496,2024/25,2024-10-20,"Allan Border Field, Brisbane",2,2.5,2.5,Queensland,South Australia,M Labuschagne,UT Khawaja,JS Buckingham,0,0,,,,,,,,,,,,,
1444496,2024/25,2024-10-20,"Allan Border Field, Brisbane",2,2.6,2.6,Queensland,South Australia,M Labuschagne,UT Khawaja,JS Buckingham,0,0,,,,,,,,,,,,,
1444496,2024/25,2024-10-20,"Allan Border Field, Brisbane",2,3.1,3.1,Queensland,South Australia,UT Khawaja,M Labuschagne,N McAndrew,0,4,,,,4,,,,,,,,,
1444496,2024/25,2024-10-20,"Allan Border Field, Brisbane",2,3.2,3.2,Queensland,South Australia,UT Khawaja,M Labuschagne,N McAndrew,0,0,,,,,,,,,,,,,
1444496,2024/25,2024-10-20,"Allan Border Field, Brisbane",2,3.3,3.3,Queensland,South Australia,UT Khawaja,M Labuschagne,N McAndrew,0,0,,,,,,,,,,,,,
1444496,2024/25,2024-10-20,"Allan Border Field, Brisbane",2,3.4,3.4,Queensland,South Australia,UT Khawaja,M Labuschagne,N McAndrew,0,0,,,,,,,,,,,,,
1444496,2024/25,2024-10-20,"Allan Border Field, Brisbane",2,3.5,3.5,Queensland,South Australia,UT Khawaja,M Labuschagne,N McAndrew,0,0,,,,,,,lbw,UT Khawaja,,,,,
1444496,2024/25,2024-10-20,"Allan Border Field, Brisbane",2,3.6,3.6,Queensland,South Australia,J Clayton,M Labuschagne,N McAndrew,0,0,,,,,,,bowled,J Clayton,,,,,
1444496,2024/25,2024-10-20,"Allan Border Field, Brisbane",2,4.1,4.1,Queensland,South Australia,M Labuschagne,BR McDermott,JS Buckingham,3,1,,1,,,,,,,,,,,
1444496,2024/25,2024-10-20,"Allan Border Field, Brisbane",2,4.2,4.1,Queensland,South Australia,BR McDermott,M Labuschagne,JS Buckingham,0,0,,,,,,,,,,,,,
1444496,2024/25,2024-10-20,"Allan Border Field, Brisbane",2,4.3,4.2,Queensland,South Australia,BR McDermott,M Labuschagne,JS Buckingham,2,0,,,,,,,,,,,,,
1444496,2024/25,2024-10-20,"Allan Border Field, Brisbane",2,4.4,4.3,Queensland,South Australia,BR McDermott,M Labuschagne,JS Buckingham,0,0,,,,,,,,,,,,,
1444496,2024/25,2024-10-20,"Allan Border Field, Brisbane",2,4.5,4.4,Queensland,South Australia,BR McDermott,M Labuschagne,JS Buckingham,4,0,,,,,,,,,,,,,
1444496,2024/25,2024-10-20,"Allan Border Field, Brisbane",2,4.6,4.5,Queensland,South Australia,BR McDermott,M Labuschagne,JS Buckingham,3,0,,,,,,,,,,,,,
1444496,2024/25,2024-10-20,"Allan Border Field, Brisbane",2,4.7,4.6,Queensland,South Australia,M Labuschagne,BR McDermott,JS Buckingham,0,0,,,,,,,,,,,,,
1444496,2024/25,2024-10-20,"Allan Border Field, Brisbane",2,5.1,5.1,Queensland,South Australia,BR McDermott,M Labuschagne,N McAndrew,0,0,,,,,,,,,,,,,
1444496,2024/25,2024-10-20,"Allan Border Field, Brisbane",2,5.2,5.2,Queensland,South Australia,BR McDermott,M Labuschagne,N McAndrew,0,0,,,,,,,,,,,,,
1444496,2024/25,2024-10-20,"Allan Border Field, Brisbane",2,5.3,5.3,Queensland,South Australia,BR McDermott,M Labuschagne,N McAndrew,2,0,,,,,,,,,,,,,
1444496,2024/25,2024-10-20,"Allan Border Field, Brisbane",2,5.4,5.4,Queensland,South Australia,BR McDermott,M Labuschagne,N McAndrew,0,0,,,,,,,,,,,,,
1444496,2024/25,2024-10-20,"Allan Border Field, Brisbane",2,5.5,5.5,Queensland,South Australia,BR McDermott,M Labuschagne,N McAndrew,0,0,,,,,,,,,,,,,
1444496,2024/25,2024-10-20,"Allan Border Field, Brisbane",2,5.6,5.6,Queensland,South Australia,BR McDermott,M Labuschagne,N McAndrew,0,0,,,,,,,,,,,,,
1444496,2024/25,2024-10-20,"Allan Border Field, Brisbane",2,6.1,6.1,Queensland,South Australia,M Labuschagne,BR McDermott,WA Agar,0,0,,,,,,,,,,,,,
1444496,2024/25,2024-10-20,"Allan Border Field, Brisbane",2,6.2,6.2,Queensland,South Australia,M Labuschagne,BR McDermott,WA Agar,0,0,,,,,,,,,,,,,
1444496,2024/25,2024-10-20,"Allan Border Field, Brisbane",2,6.3,6.3,Queensland,South Australia,M Labuschagne,BR McDermott,WA Agar,0,0,,,,,,,,,,,,,
1444496,2024/25,2024-10-20,"Allan Border Field, Brisbane",2,6.4,6.4,Queensland,South Australia,M Labuschagne,BR McDermott,WA Agar,0,0,,,,,,,,,,,,,
1444496,2024/25,2024-10-20,"Allan Border Field, Brisbane",2,6.5,6.5,Queensland,South Australia,M Labuschagne,BR McDermott,WA Agar,0,0,,,,,,,,,,,,,
1444496,2024/25,2024-10-20,"Allan Border Field, Brisbane",2,6.6,6.6,Queensland,South Australia,M Labuschagne,BR McDermott,WA Agar,0,0,,,,,,,,,,,,,
1444496,2024/25,2024-10-20,"Allan Border Field, Brisbane",2,7.1,7.1,Queensland,South Australia,BR McDermott,M Labuschagne,N McAndrew,0,0,,,,,,,,,,,,,
1444496,2024/25,2024-10-20,"Allan Border Field, Brisbane",2,7.2,7.2,Queensland,South Australia,BR McDermott,M Labuschagne,N McAndrew,2,0,,,,,,,,,,,,,
1444496,2024/25,2024-10-20,"Allan Border Field, Brisbane",2,7.3,7.3,Queensland,South Australia,BR McDermott,M Labuschagne,N McAndrew,1,0,,,,,,,,,,,,,
1444496,2024/25,2024-10-20,"Allan Border Field, Brisbane",2,7.4,7.4,Queensland,South Australia,M Labuschagne,BR McDermott,N McAndrew,0,0,,,,,,,,,,,,,
1444496,2024/25,2024-10-20,"Allan Border Field, Brisbane",2,7.5,7.5,Queensland,South Australia,M Labuschagne,BR McDermott,N McAndrew,0,0,,,,,,,,,,,,,
1444496,2024/25,2024-10-20,"Allan Border Field, Brisbane",2,7.6,7.6,Queensland,South Australia,M Labuschagne,BR McDermott,N McAndrew,0,0,,,,,,,,,,,,,
1444496,2024/25,2024-10-20,"Allan Border Field, Brisbane",2,8.1,8.1,Queensland,South Australia,BR McDermott,M Labuschagne,WA Agar,0,0,,,,,,,,,,,,,
1444496,2024/25,2024-10-20,"Allan Border Field, Brisbane",2,8.2,8.2,Queensland,South Australia,BR McDermott,M Labuschagne,WA Agar,0,0,,,,,,,,,,,,,
1444496,2024/25,2024-10-20,"Allan Border Field, Brisbane",2,8.3,8.3,Queensland,South Australia,BR McDermott,M Labuschagne,WA Agar,0,0,,,,,,,,,,,,,
1444496,2024/25,2024-10-20,"Allan Border Field, Brisbane",2,8.4,8.4,Queensland,South Australia,BR McDermott,M Labuschagne,WA Agar,0,0,,,,,,,,,,,,,
1444496,2024/25,2024-10-20,"Allan Border Field, Brisbane",2,8.5,8.5,Queensland,South Australia,BR McDermott,M Labuschagne,WA Agar,0,0,,,,,,,,,,,,,
1444496,2024/25,2024-10-20,"Allan Border Field, Brisbane",2,8.6,8.6,Queensland,South Australia,BR McDermott,M Labuschagne,WA Agar,1,0,,,,,,,,,,,,,
1444496,2024/25,2024-10-20,"Allan Border Field, Brisbane",2,9.1,9.1,Queensland,South Australia,BR McDermott,M Labuschagne,N McAndrew,0,0,,,,,,,,,,,,,
1444496,2024/25,2024-10-20,"Allan Border Field, Brisbane",2,9.2,9.2,Queensland,South Australia,BR McDermott,M Labuschagne,N McAndrew,0,0,,,,,,,,,,,,,
1444496,2024/25,2024-10-20,"Allan Border Field, Brisbane",2,9.3,9.3,Queensland,South Australia,BR McDermott,M Labuschagne,N McAndrew,0,0,,,,,,,,,,,,,
1444496,2024/25,2024-10-20,"Allan Border Field, Brisbane",2,9.4,9.4,Queensland,South Australia,BR McDermott,M Labuschagne,N McAndrew,0,0,,,,,,,,,,,,,
1444496,2024/25,2024-10-20,"Allan Border Field, Brisbane",2,9.5,9.5,Queensland,South Australia,BR McDermott,M Labuschagne,N McAndrew,0,0,,,,,,,,,,,,,
1444496,2024/25,2024-10-20,"Allan Border Field, Brisbane",2,9.6,9.6,Queensland,South Australia,BR McDermott,M Labuschagne,N McAndrew,0,0,,,,,,,,,,,,,
1444496,2024/25,2024-10-20,"Allan Border Field, Brisbane",2,10.1,10.1,Queensland,South Australia,M Labuschagne,BR McDermott,WA Agar,0,0,,,,,,,,,,,,,
1444496,2024/25,2024-10-20,"Allan Border Field, Brisbane",2,10.2,10.2,Queensland,South Australia,M Labuschagne,BR McDermott,WA Agar,0,0,,,,,,,,,,,,,
1444496,2024/25,2024-10-20,"Allan Border Field, Brisbane",2,10.3,10.3,Queensland,South Australia,M Labuschagne,BR McDermott,WA Agar,0,1,,1,,,,,,,,,,,
1444496,2024/25,2024-10-20,"Allan Border Field, Brisbane",2,10.4,10.3,Queensland,South Australia,M Labuschagne,BR McDermott,WA Agar,0,0,,,,,,,,,,,,,
1444496,2024/25,2024-10-20,"Allan Border Field, Brisbane",2,10.5,10.4,Queensland,South Australia,M Labuschagne,BR McDermott,WA Agar,0,0,,,,,,,,,,,,,
1444496,2024/25,2024-10-20,"Allan Border Field, Brisbane",2,10.6,10.5,Queensland,South Australia,M Labuschagne,BR McDermott,WA Agar,0,0,,,,,,,,,,,,,
1444496,2024/25,2024-10-20,"Allan Border Field, Brisbane",2,10.7,10.6,Queensland,South Australia,M Labuschagne,BR McDermott,WA Agar,0,0,,,,,,,,,,,,,
1444496,2024/25,2024-10-20,"Allan Border Field, Brisbane",2,11.1,11.1,Queensland,South Australia,BR McDermott,M Labuschagne,N McAndrew,0,0,,,,,,,,,,,,,
1444496,2024/25,2024-10-20,"Allan Border Field, Brisbane",2,11.2,11.2,Queensland,South Australia,BR McDermott,M Labuschagne,N McAndrew,0,0,,,,,,,,,,,,,
1444496,2024/25,2024-10-20,"Allan Border Field, Brisbane",2,11.3,11.3,Queensland,South Australia,BR McDermott,M Labuschagne,N McAndrew,4,0,,,,,,,,,,,,,
1444496,2024/25,2024-10-20,"Allan Border Field, Brisbane",2,11.4,11.4,Queensland,South Australia,BR McDermott,M Labuschagne,N McAndrew,0,0,,,,,,,,,,,,,
1444496,2024/25,2024-10-20,"Allan Border Field, Brisbane",2,11.5,11.5,Queensland,South Australia,BR McDermott,M Labuschagne,N McAndrew,0,0,,,,,,,,,,,,,
1444496,2024/25,2024-10-20,"Allan Border Field, Brisbane",2,11.6,11.6,Queensland,South Australia,BR McDermott,M Labuschagne,N McAndrew,0,0,,,,,,,,,,,,,
1444496,2024/25,2024-10-20,"Allan Border Field, Brisbane",2,12.1,12.1,Queensland,South Australia,M Labuschagne,BR McDermott,WA Agar,0,0,,,,,,,,,,,,,
1444496,2024/25,2024-10-20,"Allan Border Field, Brisbane",2,12.2,12.2,Queensland,South Australia,M Labuschagne,BR McDermott,WA Agar,0,0,,,,,,,,,,,,,
1444496,2024/25,2024-10-20,"Allan Border Field, Brisbane",2,12.3,12.3,Queensland,South Australia,M Labuschagne,BR McDermott,WA Agar,2,0,,,,,,,,,,,,,
1444496,2024/25,2024-10-20,"Allan Border Field, Brisbane",2,12.4,12.4,Queensland,South Australia,M Labuschagne,BR McDermott,WA Agar,0,0,,,,,,,,,,,,,
1444496,2024/25,2024-10-20,"Allan Border Field, Brisbane",2,12.5,12.5,Queensland,South Australia,M Labuschagne,BR McDermott,WA Agar,0,0,,,,,,,,,,,,,
1444496,2024/25,2024-10-20,"Allan Border Field, Brisbane",2,12.6,12.6,Queensland,South Australia,M Labuschagne,BR McDermott,WA Agar,0,1,1,,,,,,,,,,,,
1444496,2024/25,2024-10-20,"Allan Border Field, Brisbane",2,12.7,12.6,Queensland,South Australia,M Labuschagne,BR McDermott,WA Agar,0,0,,,,,,,,,,,,,
1444496,2024/25,2024-10-20,"Allan Border Field, Brisbane",2,13.1,13.1,Queensland,South Australia,BR McDermott,M Labuschagne,JS Buckingham,0,0,,,,,,,,,,,,,
1444496,2024/25,2024-10-20,"Allan Border Field, Brisbane",2,13.2,13.2,Queensland,South Australia,BR McDermott,M Labuschagne,JS Buckingham,0,0,,,,,,,,,,,,,
1444496,2024/25,2024-10-20,"Allan Border Field, Brisbane",2,13.3,13.3,Queensland,South Australia,BR McDermott,M Labuschagne,JS Buckingham,0,0,,,,,,,,,,,,,
1444496,2024/25,2024-10-20,"Allan Border Field, Brisbane",2,13.4,13.4,Queensland,South Australia,BR McDermott,M Labuschagne,JS Buckingham,1,0,,,,,,,,,,,,,
1444496,2024/25,2024-10-20,"Allan Border Field, Brisbane",2,13.5,13.5,Queensland,South Australia,M Labuschagne,BR McDermott,JS Buckingham,1,0,,,,,,,,,,,,,
1444496,2024/25,2024-10-20,"Allan Border Field, Brisbane",2,13.6,13.6,Queensland,South Australia,BR McDermott,M Labuschagne,JS Buckingham,0,0,,,,,,,,,,,,,
1444496,2024/25,2024-10-20,"Allan Border Field, Brisbane",2,14.1,14.1,Queensland,South Australia,M Labuschagne,BR McDermott,WA Agar,0,0,,,,,,,,,,,,,
1444496,2024/25,2024-10-20,"Allan Border Field, Brisbane",2,14.2,14.2,Queensland,South Australia,M Labuschagne,BR McDermott,WA Agar,0,0,,,,,,,,,,,,,
1444496,2024/25,2024-10-20,"Allan Border Field, Brisbane",2,14.3,14.3,Queensland,South Australia,M Labuschagne,BR McDermott,WA Agar,0,1,,,,1,,,,,,,,,
1444496,2024/25,2024-10-20,"Allan Border Field, Brisbane",2,14.4,14.4,Queensland,South Australia,BR McDermott,M Labuschagne,WA Agar,0,0,,,,,,,,,,,,,
1444496,2024/25,2024-10-20,"Allan Border Field, Brisbane",2,14.5,14.5,Queensland,South Australia,BR McDermott,M Labuschagne,WA Agar,0,0,,,,,,,,,,,,,
1444496,2024/25,2024-10-20,"Allan Border Field, Brisbane",2,14.6,14.6,Queensland,South Australia,BR McDermott,M Labuschagne,WA Agar,0,0,,,,,,,,,,,,,
1444496,2024/25,2024-10-20,"Allan Border Field, Brisbane",2,15.1,15.1,Queensland,South Australia,M Labuschagne,BR McDermott,JS Buckingham,0,0,,,,,,,,,,,,,
1444496,2024/25,2024-10-20,"Allan Border Field, Brisbane",2,15.2,15.2,Queensland,South Australia,M Labuschagne,BR McDermott,JS Buckingham,0,0,,,,,,,,,,,,,
1444496,2024/25,2024-10-20,"Allan Border Field, Brisbane",2,15.3,15.3,Queensland,South Australia,M Labuschagne,BR McDermott,JS Buckingham,0,0,,,,,,,,,,,,,
1444496,2024/25,2024-10-20,"Allan Border Field, Brisbane",2,15.4,15.4,Queensland,South Australia,M Labuschagne,BR McDermott,JS Buckingham,4,0,,,,,,,,,,,,,
1444496,2024/25,2024-10-20,"Allan Border Field, Brisbane",2,15.5,15.5,Queensland,South Australia,M Labuschagne,BR McDermott,JS Buckingham,0,0,,,,,,,,,,,,,
1444496,2024/25,2024-10-20,"Allan Border Field, Brisbane",2,15.6,15.6,Queensland,South Australia,M Labuschagne,BR McDermott,JS Buckingham,0,0,,,,,,,,,,,,,
1444496,2024/25,2024-10-20,"Allan Border Field, Brisbane",2,16.1,16.1,Queensland,South Australia,BR McDermott,M Labuschagne,WA Agar,1,0,,,,,,,,,,,,,
1444496,2024/25,2024-10-20,"Allan Border Field, Brisbane",2,16.2,16.2,Queensland,South Australia,M Labuschagne,BR McDermott,WA Agar,4,0,,,,,,,,,,,,,
1444496,2024/25,2024-10-20,"Allan Border Field, Brisbane",2,16.3,16.3,Queensland,South Australia,M Labuschagne,BR McDermott,WA Agar,0,0,,,,,,,,,,,,,
1444496,2024/25,2024-10-20,"Allan Border Field, Brisbane",2,16.4,16.4,Queensland,South Australia,M Labuschagne,BR McDermott,WA Agar,0,0,,,,,,,,,,,,,
1444496,2024/25,2024-10-20,"Allan Border Field, Brisbane",2,16.5,16.5,Queensland,South Australia,M Labuschagne,BR McDermott,WA Agar,0,0,,,,,,,,,,,,,
1444496,2024/25,2024-10-20,"Allan Border Field, Brisbane",2,16.6,16.6,Queensland,South Australia,M Labuschagne,BR McDermott,WA Agar,0,0,,,,,,,,,,,,,
1444496,2024/25,2024-10-20,"Allan Border Field, Brisbane",2,17.1,17.1,Queensland,South Australia,BR McDermott,M Labuschagne,N McAndrew,0,0,,,,,,,,,,,,,
1444496,2024/25,2024-10-20,"Allan Border Field, Brisbane",2,17.2,17.2,Queensland,South Australia,BR McDermott,M Labuschagne,N McAndrew,0,0,,,,,,,,,,,,,
1444496,2024/25,2024-10-20,"Allan Border Field, Brisbane",2,17.3,17.3,Queensland,South Australia,BR McDermott,M Labuschagne,N McAndrew,0,0,,,,,,,,,,,,,
1444496,2024/25,2024-10-20,"Allan Border Field, Brisbane",2,17.4,17.4,Queensland,South Australia,BR McDermott,M Labuschagne,N McAndrew,0,0,,,,,,,,,,,,,
1444496,2024/25,2024-10-20,"Allan Border Field, Brisbane",2,17.5,17.5,Queensland,South Australia,BR McDermott,M Labuschagne,N McAndrew,1,0,,,,,,,,,,,,,
1444496,2024/25,2024-10-20,"Allan Border Field, Brisbane",2,17.6,17.6,Queensland,South Australia,M Labuschagne,BR McDermott,N McAndrew,0,0,,,,,,,,,,,,,
1444496,2024/25,2024-10-20,"Allan Border Field, Brisbane",2,18.1,18.1,Queensland,South Australia,BR McDermott,M Labuschagne,JS Buckingham,4,0,,,,,,,,,,,,,
1444496,2024/25,2024-10-20,"Allan Border Field, Brisbane",2,18.2,18.2,Queensland,South Australia,BR McDermott,M Labuschagne,JS Buckingham,4,0,,,,,,,,,,,,,
1444496,2024/25,2024-10-20,"Allan Border Field, Brisbane",2,18.3,18.3,Queensland,South Australia,BR McDermott,M Labuschagne,JS Buckingham,0,0,,,,,,,,,,,,,
1444496,2024/25,2024-10-20,"Allan Border Field, Brisbane",2,18.4,18.4,Queensland,South Australia,BR McDermott,M Labuschagne,JS Buckingham,0,1,,1,,,,,,,,,,,
1444496,2024/25,2024-10-20,"Allan Border Field, Brisbane",2,18.5,18.4,Queensland,South Australia,BR McDermott,M Labuschagne,JS Buckingham,0,0,,,,,,,,,,,,,
1444496,2024/25,2024-10-20,"Allan Border Field, Brisbane",2,18.6,18.5,Queensland,South Australia,BR McDermott,M Labuschagne,JS Buckingham,1,0,,,,,,,,,,,,,
1444496,2024/25,2024-10-20,"Allan Border Field, Brisbane",2,18.7,18.6,Queensland,South Australia,M Labuschagne,BR McDermott,JS Buckingham,0,0,,,,,,,,,,,,,
1444496,2024/25,2024-10-20,"Allan Border Field, Brisbane",2,19.1,19.1,Queensland,South Australia,BR McDermott,M Labuschagne,N McAndrew,0,0,,,,,,,,,,,,,
1444496,2024/25,2024-10-20,"Allan Border Field, Brisbane",2,19.2,19.2,Queensland,South Australia,BR McDermott,M Labuschagne,N McAndrew,2,0,,,,,,,,,,,,,
1444496,2024/25,2024-10-20,"Allan Border Field, Brisbane",2,19.3,19.3,Queensland,South Australia,BR McDermott,M Labuschagne,N McAndrew,0,0,,,,,,,,,,,,,
1444496,2024/25,2024-10-20,"Allan Border Field, Brisbane",2,19.4,19.4,Queensland,South Australia,BR McDermott,M Labuschagne,N McAndrew,0,0,,,,,,,,,,,,,
1444496,2024/25,2024-10-20,"Allan Border Field, Brisbane",2,19.5,19.5,Queensland,South Australia,BR McDermott,M Labuschagne,N McAndrew,0,0,,,,,,,,,,,,,
1444496,2024/25,2024-10-20,"Allan Border Field, Brisbane",2,19.6,19.6,Queensland,South Australia,BR McDermott,M Labuschagne,N McAndrew,0,0,,,,,,,,,,,,,
1444496,2024/25,2024-10-20,"Allan Border Field, Brisbane",2,20.1,20.1,Queensland,South Australia,M Labuschagne,BR McDermott,JS Buckingham,0,0,,,,,,,,,,,,,
1444496,2024/25,2024-10-20,"Allan Border Field, Brisbane",2,20.2,20.2,Queensland,South Australia,M Labuschagne,BR McDermott,JS Buckingham,0,0,,,,,,,,,,,,,
1444496,2024/25,2024-10-20,"Allan Border Field, Brisbane",2,20.3,20.3,Queensland,South Australia,M Labuschagne,BR McDermott,JS Buckingham,0,0,,,,,,,,,,,,,
1444496,2024/25,2024-10-20,"Allan Border Field, Brisbane",2,20.4,20.4,Queensland,South Australia,M Labuschagne,BR McDermott,JS Buckingham,0,1,,1,,,,,,,,,,,
1444496,2024/25,2024-10-20,"Allan Border Field, Brisbane",2,20.5,20.4,Queensland,South Australia,M Labuschagne,BR McDermott,JS Buckingham,4,0,,,,,,,,,,,,,
1444496,2024/25,2024-10-20,"Allan Border Field, Brisbane",2,20.6,20.5,Queensland,South Australia,M Labuschagne,BR McDermott,JS Buckingham,0,0,,,,,,,caught,M Labuschagne,,,L Scott,,
1444496,2024/25,2024-10-20,"Allan Border Field, Brisbane",2,20.7,20.6,Queensland,South Australia,LD Hearne,BR McDermott,JS Buckingham,1,0,,,,,,,,,,,,,
1444496,2024/25,2024-10-20,"Allan Border Field, Brisbane",2,21.1,21.1,Queensland,South Australia,LD Hearne,BR McDermott,N McAndrew,0,0,,,,,,,,,,,,,
1444496,2024/25,2024-10-20,"Allan Border Field, Brisbane",2,21.2,21.2,Queensland,South Australia,LD Hearne,BR McDermott,N McAndrew,0,0,,,,,,,,,,,,,
1444496,2024/25,2024-10-20,"Allan Border Field, Brisbane",2,21.3,21.3,Queensland,South Australia,LD Hearne,BR McDermott,N McAndrew,0,0,,,,,,,,,,,,,
1444496,2024/25,2024-10-20,"Allan Border Field, Brisbane",2,21.4,21.4,Queensland,South Australia,LD Hearne,BR McDermott,N McAndrew,0,0,,,,,,,,,,,,,
1444496,2024/25,2024-10-20,"Allan Border Field, Brisbane",2,21.5,21.5,Queensland,South Australia,LD Hearne,BR McDermott,N McAndrew,0,0,,,,,,,,,,,,,
1444496,2024/25,2024-10-20,"Allan Border Field, Brisbane",2,21.6,21.6,Queensland,South Australia,LD Hearne,BR McDermott,N McAndrew,0,0,,,,,,,,,,,,,
1444496,2024/25,2024-10-20,"Allan Border Field, Brisbane",2,22.1,22.1,Queensland,South Australia,BR McDermott,LD Hearne,JS Buckingham,0,0,,,,,,,,,,,,,
1444496,2024/25,2024-10-20,"Allan Border Field, Brisbane",2,22.2,22.2,Queensland,South Australia,BR McDermott,LD Hearne,JS Buckingham,0,0,,,,,,,,,,,,,
1444496,2024/25,2024-10-20,"Allan Border Field, Brisbane",2,22.3,22.3,Queensland,South Australia,BR McDermott,LD Hearne,JS Buckingham,4,0,,,,,,,,,,,,,
1444496,2024/25,2024-10-20,"Allan Border Field, Brisbane",2,22.4,22.4,Queensland,South Australia,BR McDermott,LD Hearne,JS Buckingham,0,0,,,,,,,,,,,,,
1444496,2024/25,2024-10-20,"Allan Border Field, Brisbane",2,22.5,22.5,Queensland,South Australia,BR McDermott,LD Hearne,JS Buckingham,0,0,,,,,,,,,,,,,
1444496,2024/25,2024-10-20,"Allan Border Field, Brisbane",2,22.6,22.6,Queensland,South Australia,BR McDermott,LD Hearne,JS Buckingham,1,0,,,,,,,,,,,,,
1444496,2024/25,2024-10-20,"Allan Border Field, Brisbane",2,23.1,23.1,Queensland,South Australia,BR McDermott,LD Hearne,N McAndrew,0,0,,,,,,,,,,,,,
1444496,2024/25,2024-10-20,"Allan Border Field, Brisbane",2,23.2,23.2,Queensland,South Australia,BR McDermott,LD Hearne,N McAndrew,0,0,,,,,,,,,,,,,
1444496,2024/25,2024-10-20,"Allan Border Field, Brisbane",2,23.3,23.3,Queensland,South Australia,BR McDermott,LD Hearne,N McAndrew,0,0,,,,,,,,,,,,,
1444496,2024/25,2024-10-20,"Allan Border Field, Brisbane",2,23.4,23.4,Queensland,South Australia,BR McDermott,LD Hearne,N McAndrew,0,0,,,,,,,,,,,,,
1444496,2024/25,2024-10-20,"Allan Border Field, Brisbane",2,23.5,23.5,Queensland,South Australia,BR McDermott,LD Hearne,N McAndrew,0,0,,,,,,,,,,,,,
1444496,2024/25,2024-10-20,"Allan Border Field, Brisbane",2,23.6,23.6,Queensland,South Australia,BR McDermott,LD Hearne,N McAndrew,0,0,,,,,,,,,,,,,
1444496,2024/25,2024-10-20,"Allan Border Field, Brisbane",2,24.1,24.1,Queensland,South Australia,LD Hearne,BR McDermott,WA Agar,0,0,,,,,,,,,,,,,
1444496,2024/25,2024-10-20,"Allan Border Field, Brisbane",2,24.2,24.2,Queensland,South Australia,LD Hearne,BR McDermott,WA Agar,0,0,,,,,,,,,,,,,
1444496,2024/25,2024-10-20,"Allan Border Field, Brisbane",2,24.3,24.3,Queensland,South Australia,LD Hearne,BR McDermott,WA Agar,0,0,,,,,,,,,,,,,
1444496,2024/25,2024-10-20,"Allan Border Field, Brisbane",2,24.4,24.4,Queensland,South Australia,LD Hearne,BR McDermott,WA Agar,0,0,,,,,,,,,,,,,
1444496,2024/25,2024-10-20,"Allan Border Field, Brisbane",2,24.5,24.5,Queensland,South Australia,LD Hearne,BR McDermott,WA Agar,0,0,,,,,,,,,,,,,
1444496,2024/25,2024-10-20,"Allan Border Field, Brisbane",2,24.6,24.6,Queensland,South Australia,LD Hearne,BR McDermott,WA Agar,1,0,,,,,,,,,,,,,
1444496,2024/25,2024-10-20,"Allan Border Field, Brisbane",2,25.1,25.1,Queensland,South Australia,LD Hearne,BR McDermott,L Scott,0,0,,,,,,,,,,,,,
1444496,2024/25,2024-10-20,"Allan Border Field, Brisbane",2,25.2,25.2,Queensland,South Australia,LD Hearne,BR McDermott,L Scott,0,0,,,,,,,,,,,,,
1444496,2024/25,2024-10-20,"Allan Border Field, Brisbane",2,25.3,25.3,Queensland,South Australia,LD Hearne,BR McDermott,L Scott,0,0,,,,,,,caught,LD Hearne,,,AT Carey,,
1444496,2024/25,2024-10-20,"Allan Border Field, Brisbane",2,25.4,25.4,Queensland,South Australia,JJ Peirson,BR McDermott,L Scott,0,0,,,,,,,,,,,,,
1444496,2024/25,2024-10-20,"Allan Border Field, Brisbane",2,25.5,25.5,Queensland,South Australia,JJ Peirson,BR McDermott,L Scott,0,0,,,,,,,,,,,,,
1444496,2024/25,2024-10-20,"Allan Border Field, Brisbane",2,25.6,25.6,Queensland,South Australia,JJ Peirson,BR McDermott,L Scott,0,0,,,,,,,,,,,,,
1444496,2024/25,2024-10-20,"Allan Border Field, Brisbane",2,26.1,26.1,Queensland,South Australia,BR McDermott,JJ Peirson,WA Agar,0,0,,,,,,,,,,,,,
1444496,2024/25,2024-10-20,"Allan Border Field, Brisbane",2,26.2,26.2,Queensland,South Australia,BR McDermott,JJ Peirson,WA Agar,0,0,,,,,,,,,,,,,
1444496,2024/25,2024-10-20,"Allan Border Field, Brisbane",2,26.3,26.3,Queensland,South Australia,BR McDermott,JJ Peirson,WA Agar,0,0,,,,,,,,,,,,,
1444496,2024/25,2024-10-20,"Allan Border Field, Brisbane",2,26.4,26.4,Queensland,South Australia,BR McDermott,JJ Peirson,WA Agar,3,0,,,,,,,,,,,,,
1444496,2024/25,2024-10-20,"Allan Border Field, Brisbane",2,26.5,26.5,Queensland,South Australia,JJ Peirson,BR McDermott,WA Agar,1,0,,,,,,,,,,,,,
1444496,2024/25,2024-10-20,"Allan Border Field, Brisbane",2,26.6,26.6,Queensland,South Australia,BR McDermott,JJ Peirson,WA Agar,0,0,,,,,,,,,,,,,
1444496,2024/25,2024-10-20,"Allan Border Field, Brisbane",2,27.1,27.1,Queensland,South Australia,JJ Peirson,BR McDermott,L Scott,0,0,,,,,,,,,,,,,
1444496,2024/25,2024-10-20,"Allan Border Field, Brisbane",2,27.2,27.2,Queensland,South Australia,JJ Peirson,BR McDermott,L Scott,0,0,,,,,,,,,,,,,
1444496,2024/25,2024-10-20,"Allan Border Field, Brisbane",2,27.3,27.3,Queensland,South Australia,JJ Peirson,BR McDermott,L Scott,0,0,,,,,,,,,,,,,
1444496,2024/25,2024-10-20,"Allan Border Field, Brisbane",2,27.4,27.4,Queensland,South Australia,JJ Peirson,BR McDermott,L Scott,1,0,,,,,,,,,,,,,
1444496,2024/25,2024-10-20,"Allan Border Field, Brisbane",2,27.5,27.5,Queensland,South Australia,BR McDermott,JJ Peirson,L Scott,1,0,,,,,,,,,,,,,
1444496,2024/25,2024-10-20,"Allan Border Field, Brisbane",2,27.6,27.6,Queensland,South Australia,JJ Peirson,BR McDermott,L Scott,0,0,,,,,,,,,,,,,
1444496,2024/25,2024-10-20,"Allan Border Field, Brisbane",2,28.1,28.1,Queensland,South Australia,BR McDermott,JJ Peirson,WA Agar,0,0,,,,,,,,,,,,,
1444496,2024/25,2024-10-20,"Allan Border Field, Brisbane",2,28.2,28.2,Queensland,South Australia,BR McDermott,JJ Peirson,WA Agar,0,0,,,,,,,,,,,,,
1444496,2024/25,2024-10-20,"Allan Border Field, Brisbane",2,28.3,28.3,Queensland,South Australia,BR McDermott,JJ Peirson,WA Agar,0,0,,,,,,,,,,,,,
1444496,2024/25,2024-10-20,"Allan Border Field, Brisbane",2,28.4,28.4,Queensland,South Australia,BR McDermott,JJ Peirson,WA Agar,1,0,,,,,,,,,,,,,
1444496,2024/25,2024-10-20,"Allan Border Field, Brisbane",2,28.5,28.5,Queensland,South Australia,JJ Peirson,BR McDermott,WA Agar,0,0,,,,,,,,,,,,,
1444496,2024/25,2024-10-20,"Allan Border Field, Brisbane",2,28.6,28.6,Queensland,South Australia,JJ Peirson,BR McDermott,WA Agar,0,0,,,,,,,,,,,,,
1444496,2024/25,2024-10-20,"Allan Border Field, Brisbane",2,29.1,29.1,Queensland,South Australia,BR McDermott,JJ Peirson,L Scott,0,0,,,,,,,,,,,,,
1444496,2024/25,2024-10-20,"Allan Border Field, Brisbane",2,29.2,29.2,Queensland,South Australia,BR McDermott,JJ Peirson,L Scott,0,0,,,,,,,,,,,,,
1444496,2024/25,2024-10-20,"Allan Border Field, Brisbane",2,29.3,29.3,Queensland,South Australia,BR McDermott,JJ Peirson,L Scott,4,0,,,,,,,,,,,,,
1444496,2024/25,2024-10-20,"Allan Border Field, Brisbane",2,29.4,29.4,Queensland,South Australia,BR McDermott,JJ Peirson,L Scott,0,0,,,,,,,,,,,,,
1444496,2024/25,2024-10-20,"Allan Border Field, Brisbane",2,29.5,29.5,Queensland,South Australia,BR McDermott,JJ Peirson,L Scott,0,0,,,,,,,,,,,,,
1444496,2024/25,2024-10-20,"Allan Border Field, Brisbane",2,29.6,29.6,Queensland,South Australia,BR McDermott,JJ Peirson,L Scott,0,0,,,,,,,,,,,,,
1444496,2024/25,2024-10-20,"Allan Border Field, Brisbane",2,30.1,30.1,Queensland,South Australia,JJ Peirson,BR McDermott,WA Agar,0,0,,,,,,,,,,,,,
1444496,2024/25,2024-10-20,"Allan Border Field, Brisbane",2,30.2,30.2,Queensland,South Australia,JJ Peirson,BR McDermott,WA Agar,0,0,,,,,,,,,,,,,
1444496,2024/25,2024-10-20,"Allan Border Field, Brisbane",2,30.3,30.3,Queensland,South Australia,JJ Peirson,BR McDermott,WA Agar,4,0,,,,,,,,,,,,,
1444496,2024/25,2024-10-20,"Allan Border Field, Brisbane",2,30.4,30.4,Queensland,South Australia,JJ Peirson,BR McDermott,WA Agar,4,0,,,,,,,,,,,,,
1444496,2024/25,2024-10-20,"Allan Border Field, Brisbane",2,30.5,30.5,Queensland,South Australia,JJ Peirson,BR McDermott,WA Agar,0,0,,,,,,,,,,,,,
1444496,2024/25,2024-10-20,"Allan Border Field, Brisbane",2,30.6,30.6,Queensland,South Australia,JJ Peirson,BR McDermott,WA Agar,1,0,,,,,,,,,,,,,
1444496,2024/25,2024-10-20,"Allan Border Field, Brisbane",2,31.1,31.1,Queensland,South Australia,JJ Peirson,BR McDermott,L Scott,0,0,,,,,,,,,,,,,
1444496,2024/25,2024-10-20,"Allan Border Field, Brisbane",2,31.2,31.2,Queensland,South Australia,JJ Peirson,BR McDermott,L Scott,4,0,,,,,,,,,,,,,
1444496,2024/25,2024-10-20,"Allan Border Field, Brisbane",2,31.3,31.3,Queensland,South Australia,JJ Peirson,BR McDermott,L Scott,0,1,,1,,,,,,,,,,,
1444496,2024/25,2024-10-20,"Allan Border Field, Brisbane",2,31.4,31.3,Queensland,South Australia,JJ Peirson,BR McDermott,L Scott,0,0,,,,,,,,,,,,,
1444496,2024/25,2024-10-20,"Allan Border Field, Brisbane",2,31.5,31.4,Queensland,South Australia,JJ Peirson,BR McDermott,L Scott,0,0,,,,,,,,,,,,,
1444496,2024/25,2024-10-20,"Allan Border Field, Brisbane",2,31.6,31.5,Queensland,South Australia,JJ Peirson,BR McDermott,L Scott,0,0,,,,,,,,,,,,,
1444496,2024/25,2024-10-20,"Allan Border Field, Brisbane",2,31.7,31.6,Queensland,South Australia,JJ Peirson,BR McDermott,L Scott,2,0,,,,,,,,,,,,,
1444496,2024/25,2024-10-20,"Allan Border Field, Brisbane",2,32.1,32.1,Queensland,South Australia,BR McDermott,JJ Peirson,N McAndrew,0,2,,,,2,,,,,,,,,
1444496,2024/25,2024-10-20,"Allan Border Field, Brisbane",2,32.2,32.2,Queensland,South Australia,BR McDermott,JJ Peirson,N McAndrew,0,0,,,,,,,,,,,,,
1444496,2024/25,2024-10-20,"Allan Border Field, Brisbane",2,32.3,32.3,Queensland,South Australia,BR McDermott,JJ Peirson,N McAndrew,1,0,,,,,,,,,,,,,
1444496,2024/25,2024-10-20,"Allan Border Field, Brisbane",2,32.4,32.4,Queensland,South Australia,JJ Peirson,BR McDermott,N McAndrew,1,0,,,,,,,,,,,,,
1444496,2024/25,2024-10-20,"Allan Border Field, Brisbane",2,32.5,32.5,Queensland,South Australia,BR McDermott,JJ Peirson,N McAndrew,0,0,,,,,,,,,,,,,
1444496,2024/25,2024-10-20,"Allan Border Field, Brisbane",2,32.6,32.6,Queensland,South Australia,BR McDermott,JJ Peirson,N McAndrew,4,0,,,,,,,,,,,,,
1444496,2024/25,2024-10-20,"Allan Border Field, Brisbane",2,33.1,33.1,Queensland,South Australia,JJ Peirson,BR McDermott,JS Buckingham,0,0,,,,,,,,,,,,,
1444496,2024/25,2024-10-20,"Allan Border Field, Brisbane",2,33.2,33.2,Queensland,South Australia,JJ Peirson,BR McDermott,JS Buckingham,1,0,,,,,,,,,,,,,
1444496,2024/25,2024-10-20,"Allan Border Field, Brisbane",2,33.3,33.3,Queensland,South Australia,BR McDermott,JJ Peirson,JS Buckingham,0,0,,,,,,,,,,,,,
1444496,2024/25,2024-10-20,"Allan Border Field, Brisbane",2,33.4,33.4,Queensland,South Australia,BR McDermott,JJ Peirson,JS Buckingham,0,0,,,,,,,,,,,,,
1444496,2024/25,2024-10-20,"Allan Border Field, Brisbane",2,33.5,33.5,Queensland,South Australia,BR McDermott,JJ Peirson,JS Buckingham,0,0,,,,,,,,,,,,,
1444496,2024/25,2024-10-20,"Allan Border Field, Brisbane",2,33.6,33.6,Queensland,South Australia,BR McDermott,JJ Peirson,JS Buckingham,0,0,,,,,,,,,,,,,
1444496,2024/25,2024-10-20,"Allan Border Field, Brisbane",2,34.1,34.1,Queensland,South Australia,JJ Peirson,BR McDermott,N McAndrew,0,0,,,,,,,,,,,,,
1444496,2024/25,2024-10-20,"Allan Border Field, Brisbane",2,34.2,34.2,Queensland,South Australia,JJ Peirson,BR McDermott,N McAndrew,1,0,,,,,,,,,,,,,
1444496,2024/25,2024-10-20,"Allan Border Field, Brisbane",2,34.3,34.3,Queensland,South Australia,BR McDermott,JJ Peirson,N McAndrew,0,0,,,,,,,,,,,,,
1444496,2024/25,2024-10-20,"Allan Border Field, Brisbane",2,34.4,34.4,Queensland,South Australia,BR McDermott,JJ Peirson,N McAndrew,0,0,,,,,,,,,,,,,
1444496,2024/25,2024-10-20,"Allan Border Field, Brisbane",2,34.5,34.5,Queensland,South Australia,BR McDermott,JJ Peirson,N McAndrew,0,0,,,,,,,,,,,,,
1444496,2024/25,2024-10-20,"Allan Border Field, Brisbane",2,34.6,34.6,Queensland,South Australia,BR McDermott,JJ Peirson,N McAndrew,0,0,,,,,,,caught,BR McDermott,,,NA McSweeney,,
1444496,2024/25,2024-10-20,"Allan Border Field, Brisbane",2,35.1,35.1,Queensland,South Australia,JJ Peirson,MG Neser,JS Buckingham,2,0,,,,,,,,,,,,,
1444496,2024/25,2024-10-20,"Allan Border Field, Brisbane",2,35.2,35.2,Queensland,South Australia,JJ Peirson,MG Neser,JS Buckingham,0,0,,,,,,,,,,,,,
1444496,2024/25,2024-10-20,"Allan Border Field, Brisbane",2,35.3,35.3,Queensland,South Australia,JJ Peirson,MG Neser,JS Buckingham,2,0,,,,,,,,,,,,,
1444496,2024/25,2024-10-20,"Allan Border Field, Brisbane",2,35.4,35.4,Queensland,South Australia,JJ Peirson,MG Neser,JS Buckingham,0,0,,,,,,,,,,,,,
1444496,2024/25,2024-10-20,"Allan Border Field, Brisbane",2,35.5,35.5,Queensland,South Australia,JJ Peirson,MG Neser,JS Buckingham,0,0,,,,,,,,,,,,,
1444496,2024/25,2024-10-20,"Allan Border Field, Brisbane",2,35.6,35.6,Queensland,South Australia,JJ Peirson,MG Neser,JS Buckingham,0,0,,,,,,,,,,,,,
1444496,2024/25,2024-10-20,"Allan Border Field, Brisbane",2,36.1,36.1,Queensland,South Australia,MG Neser,JJ Peirson,N McAndrew,0,0,,,,,,,,,,,,,
1444496,2024/25,2024-10-20,"Allan Border Field, Brisbane",2,36.2,36.2,Queensland,South Australia,MG Neser,JJ Peirson,N McAndrew,0,0,,,,,,,,,,,,,
1444496,2024/25,2024-10-20,"Allan Border Field, Brisbane",2,36.3,36.3,Queensland,South Australia,MG Neser,JJ Peirson,N McAndrew,1,0,,,,,,,,,,,,,
1444496,2024/25,2024-10-20,"Allan Border Field, Brisbane",2,36.4,36.4,Queensland,South Australia,JJ Peirson,MG Neser,N McAndrew,0,0,,,,,,,,,,,,,
1444496,2024/25,2024-10-20,"Allan Border Field, Brisbane",2,36.5,36.5,Queensland,South Australia,JJ Peirson,MG Neser,N McAndrew,1,0,,,,,,,,,,,,,
1444496,2024/25,2024-10-20,"Allan Border Field, Brisbane",2,36.6,36.6,Queensland,South Australia,MG Neser,JJ Peirson,N McAndrew,1,0,,,,,,,,,,,,,
1444496,2024/25,2024-10-20,"Allan Border Field, Brisbane",2,37.1,37.1,Queensland,South Australia,MG Neser,JJ Peirson,JS Buckingham,0,0,,,,,,,,,,,,,
1444496,2024/25,2024-10-20,"Allan Border Field, Brisbane",2,37.2,37.2,Queensland,South Australia,MG Neser,JJ Peirson,JS Buckingham,0,0,,,,,,,,,,,,,
1444496,2024/25,2024-10-20,"Allan Border Field, Brisbane",2,37.3,37.3,Queensland,South Australia,MG Neser,JJ Peirson,JS Buckingham,2,0,,,,,,,,,,,,,
1444496,2024/25,2024-10-20,"Allan Border Field, Brisbane",2,37.4,37.4,Queensland,South Australia,MG Neser,JJ Peirson,JS Buckingham,4,0,,,,,,,,,,,,,
1444496,2024/25,2024-10-20,"Allan Border Field, Brisbane",2,37.5,37.5,Queensland,South Australia,MG Neser,JJ Peirson,JS Buckingham,0,0,,,,,,,,,,,,,
1444496,2024/25,2024-10-20,"Allan Border Field, Brisbane",2,37.6,37.6,Queensland,South Australia,MG Neser,JJ Peirson,JS Buckingham,4,0,,,,,,,,,,,,,
1444496,2024/25,2024-10-20,"Allan Border Field, Brisbane",2,38.1,38.1,Queensland,South Australia,JJ Peirson,MG Neser,N McAndrew,1,0,,,,,,,,,,,,,
1444496,2024/25,2024-10-20,"Allan Border Field, Brisbane",2,38.2,38.2,Queensland,South Australia,MG Neser,JJ Peirson,N McAndrew,0,0,,,,,,,,,,,,,
1444496,2024/25,2024-10-20,"Allan Border Field, Brisbane",2,38.3,38.3,Queensland,South Australia,MG Neser,JJ Peirson,N McAndrew,2,0,,,,,,,,,,,,,
1444496,2024/25,2024-10-20,"Allan Border Field, Brisbane",2,38.4,38.4,Queensland,South Australia,MG Neser,JJ Peirson,N McAndrew,1,0,,,,,,,,,,,,,
1444496,2024/25,2024-10-20,"Allan Border Field, Brisbane",2,38.5,38.5,Queensland,South Australia,JJ Peirson,MG Neser,N McAndrew,0,0,,,,,,,,,,,,,
1444496,2024/25,2024-10-20,"Allan Border Field, Brisbane",2,38.6,38.6,Queensland,South Australia,JJ Peirson,MG Neser,N McAndrew,0,0,,,,,,,,,,,,,
1444496,2024/25,2024-10-20,"Allan Border Field, Brisbane",2,39.1,39.1,Queensland,South Australia,MG Neser,JJ Peirson,WA Agar,0,0,,,,,,,,,,,,,
1444496,2024/25,2024-10-20,"Allan Border Field, Brisbane",2,39.2,39.2,Queensland,South Australia,MG Neser,JJ Peirson,WA Agar,0,0,,,,,,,,,,,,,
1444496,2024/25,2024-10-20,"Allan Border Field, Brisbane",2,39.3,39.3,Queensland,South Australia,MG Neser,JJ Peirson,WA Agar,0,0,,,,,,,,,,,,,
1444496,2024/25,2024-10-20,"Allan Border Field, Brisbane",2,39.4,39.4,Queensland,South Australia,MG Neser,JJ Peirson,WA Agar,0,0,,,,,,,,,,,,,
1444496,2024/25,2024-10-20,"Allan Border Field, Brisbane",2,39.5,39.5,Queensland,South Australia,MG Neser,JJ Peirson,WA Agar,0,0,,,,,,,,,,,,,
1444496,2024/25,2024-10-20,"Allan Border Field, Brisbane",2,39.6,39.6,Queensland,South Australia,MG Neser,JJ Peirson,WA Agar,0,0,,,,,,,,,,,,,
1444496,2024/25,2024-10-20,"Allan Border Field, Brisbane",2,40.1,40.1,Queensland,South Australia,JJ Peirson,MG Neser,N McAndrew,0,0,,,,,,,,,,,,,
1444496,2024/25,2024-10-20,"Allan Border Field, Brisbane",2,40.2,40.2,Queensland,South Australia,JJ Peirson,MG Neser,N McAndrew,4,0,,,,,,,,,,,,,
1444496,2024/25,2024-10-20,"Allan Border Field, Brisbane",2,40.3,40.3,Queensland,South Australia,JJ Peirson,MG Neser,N McAndrew,0,0,,,,,,,,,,,,,
1444496,2024/25,2024-10-20,"Allan Border Field, Brisbane",2,40.4,40.4,Queensland,South Australia,JJ Peirson,MG Neser,N McAndrew,0,0,,,,,,,,,,,,,
1444496,2024/25,2024-10-20,"Allan Border Field, Brisbane",2,40.5,40.5,Queensland,South Australia,JJ Peirson,MG Neser,N McAndrew,3,0,,,,,,,,,,,,,
1444496,2024/25,2024-10-20,"Allan Border Field, Brisbane",2,40.6,40.6,Queensland,South Australia,MG Neser,JJ Peirson,N McAndrew,4,0,,,,,,,,,,,,,
1444496,2024/25,2024-10-20,"Allan Border Field, Brisbane",2,41.1,41.1,Queensland,South Australia,JJ Peirson,MG Neser,WA Agar,4,0,,,,,,,,,,,,,
1444496,2024/25,2024-10-20,"Allan Border Field, Brisbane",2,41.2,41.2,Queensland,South Australia,JJ Peirson,MG Neser,WA Agar,0,0,,,,,,,,,,,,,
1444496,2024/25,2024-10-20,"Allan Border Field, Brisbane",2,41.3,41.3,Queensland,South Australia,JJ Peirson,MG Neser,WA Agar,0,0,,,,,,,,,,,,,
1444496,2024/25,2024-10-20,"Allan Border Field, Brisbane",2,41.4,41.4,Queensland,South Australia,JJ Peirson,MG Neser,WA Agar,4,0,,,,,,,,,,,,,
1444496,2024/25,2024-10-20,"Allan Border Field, Brisbane",2,41.5,41.5,Queensland,South Australia,JJ Peirson,MG Neser,WA Agar,0,0,,,,,,,,,,,,,
1444496,2024/25,2024-10-20,"Allan Border Field, Brisbane",2,41.6,41.6,Queensland,South Australia,JJ Peirson,MG Neser,WA Agar,0,1,,1,,,,,,,,,,,
1444496,2024/25,2024-10-20,"Allan Border Field, Brisbane",2,41.7,41.6,Queensland,South Australia,JJ Peirson,MG Neser,WA Agar,4,0,,,,,,,,,,,,,
1444496,2024/25,2024-10-20,"Allan Border Field, Brisbane",2,42.1,42.1,Queensland,South Australia,MG Neser,JJ Peirson,L Scott,0,0,,,,,,,,,,,,,
1444496,2024/25,2024-10-20,"Allan Border Field, Brisbane",2,42.2,42.2,Queensland,South Australia,MG Neser,JJ Peirson,L Scott,0,0,,,,,,,,,,,,,
1444496,2024/25,2024-10-20,"Allan Border Field, Brisbane",2,42.3,42.3,Queensland,South Australia,MG Neser,JJ Peirson,L Scott,0,1,,1,,,,,,,,,,,
1444496,2024/25,2024-10-20,"Allan Border Field, Brisbane",2,42.4,42.3,Queensland,South Australia,MG Neser,JJ Peirson,L Scott,0,0,,,,,,,,,,,,,
1444496,2024/25,2024-10-20,"Allan Border Field, Brisbane",2,42.5,42.4,Queensland,South Australia,MG Neser,JJ Peirson,L Scott,0,0,,,,,,,,,,,,,
1444496,2024/25,2024-10-20,"Allan Border Field, Brisbane",2,42.6,42.5,Queensland,South Australia,MG Neser,JJ Peirson,L Scott,0,0,,,,,,,,,,,,,
1444496,2024/25,2024-10-20,"Allan Border Field, Brisbane",2,42.7,42.6,Queensland,South Australia,MG Neser,JJ Peirson,L Scott,0,0,,,,,,,,,,,,,
1444496,2024/25,2024-10-20,"Allan Border Field, Brisbane",2,43.1,43.1,Queensland,South Australia,JJ Peirson,MG Neser,WA Agar,0,0,,,,,,,,,,,,,
1444496,2024/25,2024-10-20,"Allan Border Field, Brisbane",2,43.2,43.2,Queensland,South Australia,JJ Peirson,MG Neser,WA Agar,0,0,,,,,,,,,,,,,
1444496,2024/25,2024-10-20,"Allan Border Field, Brisbane",2,43.3,43.3,Queensland,South Australia,JJ Peirson,MG Neser,WA Agar,2,0,,,,,,,,,,,,,
1444496,2024/25,2024-10-20,"Allan Border Field, Brisbane",2,43.4,43.4,Queensland,South Australia,JJ Peirson,MG Neser,WA Agar,4,0,,,,,,,,,,,,,
1444496,2024/25,2024-10-20,"Allan Border Field, Brisbane",2,43.5,43.5,Queensland,South Australia,JJ Peirson,MG Neser,WA Agar,1,0,,,,,,,,,,,,,
1444496,2024/25,2024-10-20,"Allan Border Field, Brisbane",2,43.6,43.6,Queensland,South Australia,MG Neser,JJ Peirson,WA Agar,0,0,,,,,,,,,,,,,
1444496,2024/25,2024-10-20,"Allan Border Field, Brisbane",2,44.1,44.1,Queensland,South Australia,JJ Peirson,MG Neser,L Scott,1,0,,,,,,,,,,,,,
1444496,2024/25,2024-10-20,"Allan Border Field, Brisbane",2,44.2,44.2,Queensland,South Australia,MG Neser,JJ Peirson,L Scott,0,0,,,,,,,,,,,,,
1444496,2024/25,2024-10-20,"Allan Border Field, Brisbane",2,44.3,44.3,Queensland,South Australia,MG Neser,JJ Peirson,L Scott,0,0,,,,,,,,,,,,,
1444496,2024/25,2024-10-20,"Allan Border Field, Brisbane",2,44.4,44.4,Queensland,South Australia,MG Neser,JJ Peirson,L Scott,0,0,,,,,,,,,,,,,
1444496,2024/25,2024-10-20,"Allan Border Field, Brisbane",2,44.5,44.5,Queensland,South Australia,MG Neser,JJ Peirson,L Scott,0,0,,,,,,,,,,,,,
1444496,2024/25,2024-10-20,"Allan Border Field, Brisbane",2,44.6,44.6,Queensland,South Australia,MG Neser,JJ Peirson,L Scott,4,0,,,,,,,,,,,,,
1444496,2024/25,2024-10-20,"Allan Border Field, Brisbane",2,45.1,45.1,Queensland,South Australia,JJ Peirson,MG Neser,WA Agar,0,0,,,,,,,,,,,,,
1444496,2024/25,2024-10-20,"Allan Border Field, Brisbane",2,45.2,45.2,Queensland,South Australia,JJ Peirson,MG Neser,WA Agar,0,0,,,,,,,,,,,,,
1444496,2024/25,2024-10-20,"Allan Border Field, Brisbane",2,45.3,45.3,Queensland,South Australia,JJ Peirson,MG Neser,WA Agar,4,0,,,,,,,,,,,,,
1444496,2024/25,2024-10-20,"Allan Border Field, Brisbane",2,45.4,45.4,Queensland,South Australia,JJ Peirson,MG Neser,WA Agar,0,0,,,,,,,,,,,,,
1444496,2024/25,2024-10-20,"Allan Border Field, Brisbane",2,45.5,45.5,Queensland,South Australia,JJ Peirson,MG Neser,WA Agar,0,0,,,,,,,,,,,,,
1444496,2024/25,2024-10-20,"Allan Border Field, Brisbane",2,45.6,45.6,Queensland,South Australia,JJ Peirson,MG Neser,WA Agar,0,0,,,,,,,,,,,,,
1444496,2024/25,2024-10-20,"Allan Border Field, Brisbane",2,46.1,46.1,Queensland,South Australia,MG Neser,JJ Peirson,L Scott,4,0,,,,,,,,,,,,,
1444496,2024/25,2024-10-20,"Allan Border Field, Brisbane",2,46.2,46.2,Queensland,South Australia,MG Neser,JJ Peirson,L Scott,0,0,,,,,,,,,,,,,
1444496,2024/25,2024-10-20,"Allan Border Field, Brisbane",2,46.3,46.3,Queensland,South Australia,MG Neser,JJ Peirson,L Scott,0,0,,,,,,,,,,,,,
1444496,2024/25,2024-10-20,"Allan Border Field, Brisbane",2,46.4,46.4,Queensland,South Australia,MG Neser,JJ Peirson,L Scott,0,0,,,,,,,,,,,,,
1444496,2024/25,2024-10-20,"Allan Border Field, Brisbane",2,46.5,46.5,Queensland,South Australia,MG Neser,JJ Peirson,L Scott,0,0,,,,,,,,,,,,,
1444496,2024/25,2024-10-20,"Allan Border Field, Brisbane",2,46.6,46.6,Queensland,South Australia,MG Neser,JJ Peirson,L Scott,1,0,,,,,,,,,,,,,
1444496,2024/25,2024-10-20,"Allan Border Field, Brisbane",2,47.1,47.1,Queensland,South Australia,MG Neser,JJ Peirson,WA Agar,0,0,,,,,,,,,,,,,
1444496,2024/25,2024-10-20,"Allan Border Field, Brisbane",2,47.2,47.2,Queensland,South Australia,MG Neser,JJ Peirson,WA Agar,0,0,,,,,,,,,,,,,
1444496,2024/25,2024-10-20,"Allan Border Field, Brisbane",2,47.3,47.3,Queensland,South Australia,MG Neser,JJ Peirson,WA Agar,1,0,,,,,,,,,,,,,
1444496,2024/25,2024-10-20,"Allan Border Field, Brisbane",2,47.4,47.4,Queensland,South Australia,JJ Peirson,MG Neser,WA Agar,4,0,,,,,,,,,,,,,
1444496,2024/25,2024-10-20,"Allan Border Field, Brisbane",2,47.5,47.5,Queensland,South Australia,JJ Peirson,MG Neser,WA Agar,0,0,,,,,,,,,,,,,
1444496,2024/25,2024-10-20,"Allan Border Field, Brisbane",2,47.6,47.6,Queensland,South Australia,JJ Peirson,MG Neser,WA Agar,0,0,,,,,,,,,,,,,
1444496,2024/25,2024-10-20,"Allan Border Field, Brisbane",2,48.1,48.1,Queensland,South Australia,MG Neser,JJ Peirson,L Scott,1,0,,,,,,,,,,,,,
1444496,2024/25,2024-10-20,"Allan Border Field, Brisbane",2,48.2,48.2,Queensland,South Australia,JJ Peirson,MG Neser,L Scott,0,0,,,,,,,,,,,,,
1444496,2024/25,2024-10-20,"Allan Border Field, Brisbane",2,48.3,48.3,Queensland,South Australia,JJ Peirson,MG Neser,L Scott,1,0,,,,,,,,,,,,,
1444496,2024/25,2024-10-20,"Allan Border Field, Brisbane",2,48.4,48.4,Queensland,South Australia,MG Neser,JJ Peirson,L Scott,0,0,,,,,,,,,,,,,
1444496,2024/25,2024-10-20,"Allan Border Field, Brisbane",2,48.5,48.5,Queensland,South Australia,MG Neser,JJ Peirson,L Scott,0,0,,,,,,,,,,,,,
1444496,2024/25,2024-10-20,"Allan Border Field, Brisbane",2,48.6,48.6,Queensland,South Australia,MG Neser,JJ Peirson,L Scott,0,0,,,,,,,,,,,,,
1444496,2024/25,2024-10-20,"Allan Border Field, Brisbane",2,49.1,49.1,Queensland,South Australia,JJ Peirson,MG Neser,BAD Manenti,0,0,,,,,,,,,,,,,
1444496,2024/25,2024-10-20,"Allan Border Field, Brisbane",2,49.2,49.2,Queensland,South Australia,JJ Peirson,MG Neser,BAD Manenti,0,0,,,,,,,,,,,,,
1444496,2024/25,2024-10-20,"Allan Border Field, Brisbane",2,49.3,49.3,Queensland,South Australia,JJ Peirson,MG Neser,BAD Manenti,0,0,,,,,,,,,,,,,
1444496,2024/25,2024-10-20,"Allan Border Field, Brisbane",2,49.4,49.4,Queensland,South Australia,JJ Peirson,MG Neser,BAD Manenti,1,0,,,,,,,,,,,,,
1444496,2024/25,2024-10-20,"Allan Border Field, Brisbane",2,49.5,49.5,Queensland,South Australia,MG Neser,JJ Peirson,BAD Manenti,0,0,,,,,,,,,,,,,
1444496,2024/25,2024-10-20,"Allan Border Field, Brisbane",2,49.6,49.6,Queensland,South Australia,MG Neser,JJ Peirson,BAD Manenti,0,0,,,,,,,,,,,,,
1444496,2024/25,2024-10-20,"Allan Border Field, Brisbane",2,50.1,50.1,Queensland,South Australia,JJ Peirson,MG Neser,L Scott,0,0,,,,,,,,,,,,,
1444496,2024/25,2024-10-20,"Allan Border Field, Brisbane",2,50.2,50.2,Queensland,South Australia,JJ Peirson,MG Neser,L Scott,2,0,,,,,,,,,,,,,
1444496,2024/25,2024-10-20,"Allan Border Field, Brisbane",2,50.3,50.3,Queensland,South Australia,JJ Peirson,MG Neser,L Scott,1,0,,,,,,,,,,,,,
1444496,2024/25,2024-10-20,"Allan Border Field, Brisbane",2,50.4,50.4,Queensland,South Australia,MG Neser,JJ Peirson,L Scott,0,0,,,,,,,,,,,,,
1444496,2024/25,2024-10-20,"Allan Border Field, Brisbane",2,50.5,50.5,Queensland,South Australia,MG Neser,JJ Peirson,L Scott,0,0,,,,,,,,,,,,,
1444496,2024/25,2024-10-20,"Allan Border Field, Brisbane",2,50.6,50.6,Queensland,South Australia,MG Neser,JJ Peirson,L Scott,0,1,,1,,,,,,,,,,,
1444496,2024/25,2024-10-20,"Allan Border Field, Brisbane",2,50.7,50.6,Queensland,South Australia,MG Neser,JJ Peirson,L Scott,0,0,,,,,,,,,,,,,
1444496,2024/25,2024-10-20,"Allan Border Field, Brisbane",2,51.1,51.1,Queensland,South Australia,JJ Peirson,MG Neser,BAD Manenti,1,0,,,,,,,,,,,,,
1444496,2024/25,2024-10-20,"Allan Border Field, Brisbane",2,51.2,51.2,Queensland,South Australia,MG Neser,JJ Peirson,BAD Manenti,0,0,,,,,,,,,,,,,
1444496,2024/25,2024-10-20,"Allan Border Field, Brisbane",2,51.3,51.3,Queensland,South Australia,MG Neser,JJ Peirson,BAD Manenti,0,0,,,,,,,,,,,,,
1444496,2024/25,2024-10-20,"Allan Border Field, Brisbane",2,51.4,51.4,Queensland,South Australia,MG Neser,JJ Peirson,BAD Manenti,1,0,,,,,,,,,,,,,
1444496,2024/25,2024-10-20,"Allan Border Field, Brisbane",2,51.5,51.5,Queensland,South Australia,JJ Peirson,MG Neser,BAD Manenti,1,0,,,,,,,,,,,,,
1444496,2024/25,2024-10-20,"Allan Border Field, Brisbane",2,51.6,51.6,Queensland,South Australia,MG Neser,JJ Peirson,BAD Manenti,0,0,,,,,,,,,,,,,
1444496,2024/25,2024-10-20,"Allan Border Field, Brisbane",2,52.1,52.1,Queensland,South Australia,JJ Peirson,MG Neser,JS Buckingham,0,0,,,,,,,,,,,,,
1444496,2024/25,2024-10-20,"Allan Border Field, Brisbane",2,52.2,52.2,Queensland,South Australia,JJ Peirson,MG Neser,JS Buckingham,0,0,,,,,,,,,,,,,
1444496,2024/25,2024-10-20,"Allan Border Field, Brisbane",2,52.3,52.3,Queensland,South Australia,JJ Peirson,MG Neser,JS Buckingham,0,0,,,,,,,,,,,,,
1444496,2024/25,2024-10-20,"Allan Border Field, Brisbane",2,52.4,52.4,Queensland,South Australia,JJ Peirson,MG Neser,JS Buckingham,0,0,,,,,,,,,,,,,
1444496,2024/25,2024-10-20,"Allan Border Field, Brisbane",2,52.5,52.5,Queensland,South Australia,JJ Peirson,MG Neser,JS Buckingham,0,0,,,,,,,,,,,,,
1444496,2024/25,2024-10-20,"Allan Border Field, Brisbane",2,52.6,52.6,Queensland,South Australia,JJ Peirson,MG Neser,JS Buckingham,0,0,,,,,,,,,,,,,
1444496,2024/25,2024-10-20,"Allan Border Field, Brisbane",2,53.1,53.1,Queensland,South Australia,MG Neser,JJ Peirson,BAD Manenti,2,0,,,,,,,,,,,,,
1444496,2024/25,2024-10-20,"Allan Border Field, Brisbane",2,53.2,53.2,Queensland,South Australia,MG Neser,JJ Peirson,BAD Manenti,1,0,,,,,,,,,,,,,
1444496,2024/25,2024-10-20,"Allan Border Field, Brisbane",2,53.3,53.3,Queensland,South Australia,JJ Peirson,MG Neser,BAD Manenti,1,0,,,,,,,,,,,,,
1444496,2024/25,2024-10-20,"Allan Border Field, Brisbane",2,53.4,53.4,Queensland,South Australia,MG Neser,JJ Peirson,BAD Manenti,1,0,,,,,,,,,,,,,
1444496,2024/25,2024-10-20,"Allan Border Field, Brisbane",2,53.5,53.5,Queensland,South Australia,JJ Peirson,MG Neser,BAD Manenti,1,0,,,,,,,,,,,,,
1444496,2024/25,2024-10-20,"Allan Border Field, Brisbane",2,53.6,53.6,Queensland,South Australia,MG Neser,JJ Peirson,BAD Manenti,0,0,,,,,,,,,,,,,
1444496,2024/25,2024-10-20,"Allan Border Field, Brisbane",2,54.1,54.1,Queensland,South Australia,JJ Peirson,MG Neser,JS Buckingham,4,0,,,,,,,,,,,,,
1444496,2024/25,2024-10-20,"Allan Border Field, Brisbane",2,54.2,54.2,Queensland,South Australia,JJ Peirson,MG Neser,JS Buckingham,0,0,,,,,,,,,,,,,
1444496,2024/25,2024-10-20,"Allan Border Field, Brisbane",2,54.3,54.3,Queensland,South Australia,JJ Peirson,MG Neser,JS Buckingham,0,0,,,,,,,,,,,,,
1444496,2024/25,2024-10-20,"Allan Border Field, Brisbane",2,54.4,54.4,Queensland,South Australia,JJ Peirson,MG Neser,JS Buckingham,1,1,,1,,,,,,,,,,,
1444496,2024/25,2024-10-20,"Allan Border Field, Brisbane",2,54.5,54.4,Queensland,South Australia,MG Neser,JJ Peirson,JS Buckingham,2,0,,,,,,,,,,,,,
1444496,2024/25,2024-10-20,"Allan Border Field, Brisbane",2,54.6,54.5,Queensland,South Australia,MG Neser,JJ Peirson,JS Buckingham,0,1,,1,,,,,,,,,,,
1444496,2024/25,2024-10-20,"Allan Border Field, Brisbane",2,54.7,54.5,Queensland,South Australia,MG Neser,JJ Peirson,JS Buckingham,0,0,,,,,,,,,,,,,
1444496,2024/25,2024-10-20,"Allan Border Field, Brisbane",2,54.8,54.6,Queensland,South Australia,MG Neser,JJ Peirson,JS Buckingham,0,0,,,,,,,,,,,,,
1444496,2024/25,2024-10-20,"Allan Border Field, Brisbane",2,55.1,55.1,Queensland,South Australia,JJ Peirson,MG Neser,BAD Manenti,0,0,,,,,,,,,,,,,
1444496,2024/25,2024-10-20,"Allan Border Field, Brisbane",2,55.2,55.2,Queensland,South Australia,JJ Peirson,MG Neser,BAD Manenti,0,0,,,,,,,,,,,,,
1444496,2024/25,2024-10-20,"Allan Border Field, Brisbane",2,55.3,55.3,Queensland,South Australia,JJ Peirson,MG Neser,BAD Manenti,0,0,,,,,,,,,,,,,
1444496,2024/25,2024-10-20,"Allan Border Field, Brisbane",2,55.4,55.4,Queensland,South Australia,JJ Peirson,MG Neser,BAD Manenti,0,0,,,,,,,,,,,,,
1444496,2024/25,2024-10-20,"Allan Border Field, Brisbane",2,55.5,55.5,Queensland,South Australia,JJ Peirson,MG Neser,BAD Manenti,0,0,,,,,,,,,,,,,
1444496,2024/25,2024-10-20,"Allan Border Field, Brisbane",2,55.6,55.6,Queensland,South Australia,JJ Peirson,MG Neser,BAD Manenti,0,0,,,,,,,,,,,,,
1444496,2024/25,2024-10-20,"Allan Border Field, Brisbane",2,56.1,56.1,Queensland,South Australia,MG Neser,JJ Peirson,JS Buckingham,0,0,,,,,,,,,,,,,
1444496,2024/25,2024-10-20,"Allan Border Field, Brisbane",2,56.2,56.2,Queensland,South Australia,MG Neser,JJ Peirson,JS Buckingham,0,0,,,,,,,caught,MG Neser,,,CJ McInerney,,
1444496,2024/25,2024-10-20,"Allan Border Field, Brisbane",2,56.3,56.3,Queensland,South Australia,MT Steketee,JJ Peirson,JS Buckingham,0,0,,,,,,,,,,,,,
1444496,2024/25,2024-10-20,"Allan Border Field, Brisbane",2,56.4,56.4,Queensland,South Australia,MT Steketee,JJ Peirson,JS Buckingham,0,0,,,,,,,,,,,,,
1444496,2024/25,2024-10-20,"Allan Border Field, Brisbane",2,56.5,56.5,Queensland,South Australia,MT Steketee,JJ Peirson,JS Buckingham,0,0,,,,,,,,,,,,,
1444496,2024/25,2024-10-20,"Allan Border Field, Brisbane",2,56.6,56.6,Queensland,South Australia,MT Steketee,JJ Peirson,JS Buckingham,2,0,,,,,,,,,,,,,
1444496,2024/25,2024-10-20,"Allan Border Field, Brisbane",2,57.1,57.1,Queensland,South Australia,JJ Peirson,MT Steketee,WA Agar,1,0,,,,,,,,,,,,,
1444496,2024/25,2024-10-20,"Allan Border Field, Brisbane",2,57.2,57.2,Queensland,South Australia,MT Steketee,JJ Peirson,WA Agar,4,0,,,,,,,,,,,,,
1444496,2024/25,2024-10-20,"Allan Border Field, Brisbane",2,57.3,57.3,Queensland,South Australia,MT Steketee,JJ Peirson,WA Agar,0,0,,,,,,,,,,,,,
1444496,2024/25,2024-10-20,"Allan Border Field, Brisbane",2,57.4,57.4,Queensland,South Australia,MT Steketee,JJ Peirson,WA Agar,0,0,,,,,,,,,,,,,
1444496,2024/25,2024-10-20,"Allan Border Field, Brisbane",2,57.5,57.5,Queensland,South Australia,MT Steketee,JJ Peirson,WA Agar,0,1,1,,,,,,,,,,,,
1444496,2024/25,2024-10-20,"Allan Border Field, Brisbane",2,57.6,57.5,Queensland,South Australia,MT Steketee,JJ Peirson,WA Agar,1,0,,,,,,,,,,,,,
1444496,2024/25,2024-10-20,"Allan Border Field, Brisbane",2,57.7,57.6,Queensland,South Australia,JJ Peirson,MT Steketee,WA Agar,0,0,,,,,,,,,,,,,
1444496,2024/25,2024-10-20,"Allan Border Field, Brisbane",2,58.1,58.1,Queensland,South Australia,MT Steketee,JJ Peirson,JS Buckingham,4,0,,,,,,,,,,,,,
1444496,2024/25,2024-10-20,"Allan Border Field, Brisbane",2,58.2,58.2,Queensland,South Australia,MT Steketee,JJ Peirson,JS Buckingham,0,0,,,,,,,,,,,,,
1444496,2024/25,2024-10-20,"Allan Border Field, Brisbane",2,58.3,58.3,Queensland,South Australia,MT Steketee,JJ Peirson,JS Buckingham,0,0,,,,,,,,,,,,,
1444496,2024/25,2024-10-20,"Allan Border Field, Brisbane",2,58.4,58.4,Queensland,South Australia,MT Steketee,JJ Peirson,JS Buckingham,0,0,,,,,,,,,,,,,
1444496,2024/25,2024-10-20,"Allan Border Field, Brisbane",2,58.5,58.5,Queensland,South Australia,MT Steketee,JJ Peirson,JS Buckingham,0,0,,,,,,,,,,,,,
1444496,2024/25,2024-10-20,"Allan Border Field, Brisbane",2,58.6,58.6,Queensland,South Australia,MT Steketee,JJ Peirson,JS Buckingham,0,0,,,,,,,,,,,,,
1444496,2024/25,2024-10-20,"Allan Border Field, Brisbane",2,59.1,59.1,Queensland,South Australia,JJ Peirson,MT Steketee,WA Agar,1,0,,,,,,,,,,,,,
1444496,2024/25,2024-10-20,"Allan Border Field, Brisbane",2,59.2,59.2,Queensland,South Australia,MT Steketee,JJ Peirson,WA Agar,4,0,,,,,,,,,,,,,
1444496,2024/25,2024-10-20,"Allan Border Field, Brisbane",2,59.3,59.3,Queensland,South Australia,MT Steketee,JJ Peirson,WA Agar,2,0,,,,,,,,,,,,,
1444496,2024/25,2024-10-20,"Allan Border Field, Brisbane",2,59.4,59.4,Queensland,South Australia,MT Steketee,JJ Peirson,WA Agar,0,0,,,,,,,,,,,,,
1444496,2024/25,2024-10-20,"Allan Border Field, Brisbane",2,59.5,59.5,Queensland,South Australia,MT Steketee,JJ Peirson,WA Agar,0,0,,,,,,,,,,,,,
1444496,2024/25,2024-10-20,"Allan Border Field, Brisbane",2,59.6,59.6,Queensland,South Australia,MT Steketee,JJ Peirson,WA Agar,0,0,,,,,,,,,,,,,
1444496,2024/25,2024-10-20,"Allan Border Field, Brisbane",2,60.1,60.1,Queensland,South Australia,JJ Peirson,MT Steketee,N McAndrew,0,0,,,,,,,,,,,,,
1444496,2024/25,2024-10-20,"Allan Border Field, Brisbane",2,60.2,60.2,Queensland,South Australia,JJ Peirson,MT Steketee,N McAndrew,4,0,,,,,,,,,,,,,
1444496,2024/25,2024-10-20,"Allan Border Field, Brisbane",2,60.3,60.3,Queensland,South Australia,JJ Peirson,MT Steketee,N McAndrew,1,0,,,,,,,,,,,,,
1444496,2024/25,2024-10-20,"Allan Border Field, Brisbane",2,60.4,60.4,Queensland,South Australia,MT Steketee,JJ Peirson,N McAndrew,0,0,,,,,,,,,,,,,
1444496,2024/25,2024-10-20,"Allan Border Field, Brisbane",2,60.5,60.5,Queensland,South Australia,MT Steketee,JJ Peirson,N McAndrew,0,0,,,,,,,,,,,,,
1444496,2024/25,2024-10-20,"Allan Border Field, Brisbane",2,60.6,60.6,Queensland,South Australia,MT Steketee,JJ Peirson,N McAndrew,1,0,,,,,,,,,,,,,
1444496,2024/25,2024-10-20,"Allan Border Field, Brisbane",2,61.1,61.1,Queensland,South Australia,MT Steketee,JJ Peirson,L Scott,0,0,,,,,,,,,,,,,
1444496,2024/25,2024-10-20,"Allan Border Field, Brisbane",2,61.2,61.2,Queensland,South Australia,MT Steketee,JJ Peirson,L Scott,0,0,,,,,,,caught,MT Steketee,,,NA McSweeney,,
1444496,2024/25,2024-10-20,"Allan Border Field, Brisbane",2,61.3,61.3,Queensland,South Australia,MJ Swepson,JJ Peirson,L Scott,0,0,,,,,,,,,,,,,
1444496,2024/25,2024-10-20,"Allan Border Field, Brisbane",2,61.4,61.4,Queensland,South Australia,MJ Swepson,JJ Peirson,L Scott,2,0,,,,,,,,,,,,,
1444496,2024/25,2024-10-20,"Allan Border Field, Brisbane",2,61.5,61.5,Queensland,South Australia,MJ Swepson,JJ Peirson,L Scott,0,0,,,,,,,,,,,,,
1444496,2024/25,2024-10-20,"Allan Border Field, Brisbane",2,61.6,61.6,Queensland,South Australia,MJ Swepson,JJ Peirson,L Scott,0,0,,,,,,,,,,,,,
1444496,2024/25,2024-10-20,"Allan Border Field, Brisbane",2,62.1,62.1,Queensland,South Australia,JJ Peirson,MJ Swepson,N McAndrew,0,0,,,,,,,,,,,,,
1444496,2024/25,2024-10-20,"Allan Border Field, Brisbane",2,62.2,62.2,Queensland,South Australia,JJ Peirson,MJ Swepson,N McAndrew,0,0,,,,,,,,,,,,,
1444496,2024/25,2024-10-20,"Allan Border Field, Brisbane",2,62.3,62.3,Queensland,South Australia,JJ Peirson,MJ Swepson,N McAndrew,0,0,,,,,,,,,,,,,
1444496,2024/25,2024-10-20,"Allan Border Field, Brisbane",2,62.4,62.4,Queensland,South Australia,JJ Peirson,MJ Swepson,N McAndrew,1,0,,,,,,,,,,,,,
1444496,2024/25,2024-10-20,"Allan Border Field, Brisbane",2,62.5,62.5,Queensland,South Australia,MJ Swepson,JJ Peirson,N McAndrew,0,0,,,,,,,,,,,,,
1444496,2024/25,2024-10-20,"Allan Border Field, Brisbane",2,62.6,62.6,Queensland,South Australia,MJ Swepson,JJ Peirson,N McAndrew,0,0,,,,,,,,,,,,,
1444496,2024/25,2024-10-20,"Allan Border Field, Brisbane",2,63.1,63.1,Queensland,South Australia,JJ Peirson,MJ Swepson,L Scott,0,0,,,,,,,,,,,,,
1444496,2024/25,2024-10-20,"Allan Border Field, Brisbane",2,63.2,63.2,Queensland,South Australia,JJ Peirson,MJ Swepson,L Scott,1,0,,,,,,,,,,,,,
1444496,2024/25,2024-10-20,"Allan Border Field, Brisbane",2,63.3,63.3,Queensland,South Australia,MJ Swepson,JJ Peirson,L Scott,0,0,,,,,,,,,,,,,
1444496,2024/25,2024-10-20,"Allan Border Field, Brisbane",2,63.4,63.4,Queensland,South Australia,MJ Swepson,JJ Peirson,L Scott,4,0,,,,,,,,,,,,,
1444496,2024/25,2024-10-20,"Allan Border Field, Brisbane",2,63.5,63.5,Queensland,South Australia,MJ Swepson,JJ Peirson,L Scott,0,0,,,,,,,,,,,,,
1444496,2024/25,2024-10-20,"Allan Border Field, Brisbane",2,63.6,63.6,Queensland,South Australia,MJ Swepson,JJ Peirson,L Scott,0,0,,,,,,,,,,,,,
1444496,2024/25,2024-10-20,"Allan Border Field, Brisbane",2,64.1,64.1,Queensland,South Australia,JJ Peirson,MJ Swepson,N McAndrew,0,0,,,,,,,,,,,,,
1444496,2024/25,2024-10-20,"Allan Border Field, Brisbane",2,64.2,64.2,Queensland,South Australia,JJ Peirson,MJ Swepson,N McAndrew,0,0,,,,,,,,,,,,,
1444496,2024/25,2024-10-20,"Allan Border Field, Brisbane",2,64.3,64.3,Queensland,South Australia,JJ Peirson,MJ Swepson,N McAndrew,0,0,,,,,,,,,,,,,
1444496,2024/25,2024-10-20,"Allan Border Field, Brisbane",2,64.4,64.4,Queensland,South Australia,JJ Peirson,MJ Swepson,N McAndrew,1,0,,,,,,,,,,,,,
1444496,2024/25,2024-10-20,"Allan Border Field, Brisbane",2,64.5,64.5,Queensland,South Australia,MJ Swepson,JJ Peirson,N McAndrew,0,0,,,,,,,,,,,,,
1444496,2024/25,2024-10-20,"Allan Border Field, Brisbane",2,64.6,64.6,Queensland,South Australia,MJ Swepson,JJ Peirson,N McAndrew,2,0,,,,,,,,,,,,,
1444496,2024/25,2024-10-20,"Allan Border Field, Brisbane",2,65.1,65.1,Queensland,South Australia,JJ Peirson,MJ Swepson,L Scott,1,0,,,,,,,,,,,,,
1444496,2024/25,2024-10-20,"Allan Border Field, Brisbane",2,65.2,65.2,Queensland,South Australia,MJ Swepson,JJ Peirson,L Scott,0,0,,,,,,,,,,,,,
1444496,2024/25,2024-10-20,"Allan Border Field, Brisbane",2,65.3,65.3,Queensland,South Australia,MJ Swepson,JJ Peirson,L Scott,0,0,,,,,,,,,,,,,
1444496,2024/25,2024-10-20,"Allan Border Field, Brisbane",2,65.4,65.4,Queensland,South Australia,MJ Swepson,JJ Peirson,L Scott,4,0,,,,,,,,,,,,,
1444496,2024/25,2024-10-20,"Allan Border Field, Brisbane",2,65.5,65.5,Queensland,South Australia,MJ Swepson,JJ Peirson,L Scott,2,0,,,,,,,,,,,,,
1444496,2024/25,2024-10-20,"Allan Border Field, Brisbane",2,65.6,65.6,Queensland,South Australia,MJ Swepson,JJ Peirson,L Scott,0,0,,,,,,,,,,,,,
1444496,2024/25,2024-10-20,"Allan Border Field, Brisbane",2,66.1,66.1,Queensland,South Australia,JJ Peirson,MJ Swepson,N McAndrew,0,0,,,,,,,,,,,,,
1444496,2024/25,2024-10-20,"Allan Border Field, Brisbane",2,66.2,66.2,Queensland,South Australia,JJ Peirson,MJ Swepson,N McAndrew,4,0,,,,,,,,,,,,,
1444496,2024/25,2024-10-20,"Allan Border Field, Brisbane",2,66.3,66.3,Queensland,South Australia,JJ Peirson,MJ Swepson,N McAndrew,0,0,,,,,,,,,,,,,
1444496,2024/25,2024-10-20,"Allan Border Field, Brisbane",2,66.4,66.4,Queensland,South Australia,JJ Peirson,MJ Swepson,N McAndrew,0,0,,,,,,,,,,,,,
1444496,2024/25,2024-10-20,"Allan Border Field, Brisbane",2,66.5,66.5,Queensland,South Australia,JJ Peirson,MJ Swepson,N McAndrew,0,0,,,,,,,,,,,,,
1444496,2024/25,2024-10-20,"Allan Border Field, Brisbane",2,66.6,66.6,Queensland,South Australia,JJ Peirson,MJ Swepson,N McAndrew,4,0,,,,,,,,,,,,,
1444496,2024/25,2024-10-20,"Allan Border Field, Brisbane",2,67.1,67.1,Queensland,South Australia,MJ Swepson,JJ Peirson,L Scott,4,0,,,,,,,,,,,,,
1444496,2024/25,2024-10-20,"Allan Border Field, Brisbane",2,67.2,67.2,Queensland,South Australia,MJ Swepson,JJ Peirson,L Scott,0,0,,,,,,,,,,,,,
1444496,2024/25,2024-10-20,"Allan Border Field, Brisbane",2,67.3,67.3,Queensland,South Australia,MJ Swepson,JJ Peirson,L Scott,0,0,,,,,,,,,,,,,
1444496,2024/25,2024-10-20,"Allan Border Field, Brisbane",2,67.4,67.4,Queensland,South Australia,MJ Swepson,JJ Peirson,L Scott,1,0,,,,,,,run out,JJ Peirson,,,DR Drew,,
1444496,2024/25,2024-10-20,"Allan Border Field, Brisbane",2,67.5,67.5,Queensland,South Australia,MJ Swepson,T Whitney,L Scott,0,0,,,,,,,,,,,,,
1444496,2024/25,2024-10-20,"Allan Border Field, Brisbane",2,67.6,67.6,Queensland,South Australia,MJ Swepson,T Whitney,L Scott,1,0,,,,,,,,,,,,,
1444496,2024/25,2024-10-20,"Allan Border Field, Brisbane",2,68.1,68.1,Queensland,South Australia,MJ Swepson,T Whitney,JS Buckingham,0,0,,,,,,,,,,,,,
1444496,2024/25,2024-10-20,"Allan Border Field, Brisbane",2,68.2,68.2,Queensland,South Australia,MJ Swepson,T Whitney,JS Buckingham,1,0,,,,,,,,,,,,,
1444496,2024/25,2024-10-20,"Allan Border Field, Brisbane",2,68.3,68.3,Queensland,South Australia,T Whitney,MJ Swepson,JS Buckingham,1,0,,,,,,,,,,,,,
1444496,2024/25,2024-10-20,"Allan Border Field, Brisbane",2,68.4,68.4,Queensland,South Australia,MJ Swepson,T Whitney,JS Buckingham,0,0,,,,,,,,,,,,,
1444496,2024/25,2024-10-20,"Allan Border Field, Brisbane",2,68.5,68.5,Queensland,South Australia,MJ Swepson,T Whitney,JS Buckingham,4,0,,,,,,,,,,,,,
1444496,2024/25,2024-10-20,"Allan Border Field, Brisbane",2,68.6,68.6,Queensland,South Australia,MJ Swepson,T Whitney,JS Buckingham,0,0,,,,,,,,,,,,,
1444496,2024/25,2024-10-20,"Allan Border Field, Brisbane",2,69.1,69.1,Queensland,South Australia,T Whitney,MJ Swepson,L Scott,4,0,,,,,,,,,,,,,
1444496,2024/25,2024-10-20,"Allan Border Field, Brisbane",2,69.2,69.2,Queensland,South Australia,T Whitney,MJ Swepson,L Scott,0,0,,,,,,,,,,,,,
1444496,2024/25,2024-10-20,"Allan Border Field, Brisbane",2,69.3,69.3,Queensland,South Australia,T Whitney,MJ Swepson,L Scott,0,0,,,,,,,,,,,,,
1444496,2024/25,2024-10-20,"Allan Border Field, Brisbane",2,69.4,69.4,Queensland,South Australia,T Whitney,MJ Swepson,L Scott,4,0,,,,,,,,,,,,,
1444496,2024/25,2024-10-20,"Allan Border Field, Brisbane",2,69.5,69.5,Queensland,South Australia,T Whitney,MJ Swepson,L Scott,1,0,,,,,,,,,,,,,
1444496,2024/25,2024-10-20,"Allan Border Field, Brisbane",2,69.6,69.6,Queensland,South Australia,MJ Swepson,T Whitney,L Scott,0,0,,,,,,,,,,,,,
1444496,2024/25,2024-10-20,"Allan Border Field, Brisbane",2,70.1,70.1,Queensland,South Australia,T Whitney,MJ Swepson,JS Buckingham,4,0,,,,,,,,,,,,,
1444496,2024/25,2024-10-20,"Allan Border Field, Brisbane",2,70.2,70.2,Queensland,South Australia,T Whitney,MJ Swepson,JS Buckingham,4,0,,,,,,,,,,,,,
1444496,2024/25,2024-10-20,"Allan Border Field, Brisbane",2,70.3,70.3,Queensland,South Australia,T Whitney,MJ Swepson,JS Buckingham,1,0,,,,,,,,,,,,,
1444496,2024/25,2024-10-20,"Allan Border Field, Brisbane",2,70.4,70.4,Queensland,South Australia,MJ Swepson,T Whitney,JS Buckingham,0,0,,,,,,,,,,,,,
1444496,2024/25,2024-10-20,"Allan Border Field, Brisbane",2,70.5,70.5,Queensland,South Australia,MJ Swepson,T Whitney,JS Buckingham,0,1,,,,1,,,,,,,,,
1444496,2024/25,2024-10-20,"Allan Border Field, Brisbane",2,70.6,70.6,Queensland,South Australia,T Whitney,MJ Swepson,JS Buckingham,4,0,,,,,,,,,,,,,
1444496,2024/25,2024-10-20,"Allan Border Field, Brisbane",2,71.1,71.1,Queensland,South Australia,MJ Swepson,T Whitney,BAD Manenti,0,0,,,,,,,,,,,,,
1444496,2024/25,2024-10-20,"Allan Border Field, Brisbane",2,71.2,71.2,Queensland,South Australia,MJ Swepson,T Whitney,BAD Manenti,0,0,,,,,,,,,,,,,
1444496,2024/25,2024-10-20,"Allan Border Field, Brisbane",2,71.3,71.3,Queensland,South Australia,MJ Swepson,T Whitney,BAD Manenti,1,0,,,,,,,,,,,,,
1444496,2024/25,2024-10-20,"Allan Border Field, Brisbane",2,71.4,71.4,Queensland,South Australia,T Whitney,MJ Swepson,BAD Manenti,1,0,,,,,,,,,,,,,
1444496,2024/25,2024-10-20,"Allan Border Field, Brisbane",2,71.5,71.5,Queensland,South Australia,MJ Swepson,T Whitney,BAD Manenti,0,0,,,,,,,,,,,,,
1444496,2024/25,2024-10-20,"Allan Border Field, Brisbane",2,71.6,71.6,Queensland,South Australia,MJ Swepson,T Whitney,BAD Manenti,1,0,,,,,,,,,,,,,
1444496,2024/25,2024-10-20,"Allan Border Field, Brisbane",2,72.1,72.1,Queensland,South Australia,MJ Swepson,T Whitney,WA Agar,0,0,,,,,,,,,,,,,
1444496,2024/25,2024-10-20,"Allan Border Field, Brisbane",2,72.2,72.2,Queensland,South Australia,MJ Swepson,T Whitney,WA Agar,4,0,,,,,,,,,,,,,
1444496,2024/25,2024-10-20,"Allan Border Field, Brisbane",2,72.3,72.3,Queensland,South Australia,MJ Swepson,T Whitney,WA Agar,0,0,,,,,,,caught,MJ Swepson,,,AT Carey,,
1444496,2024/25,2024-10-20,"Allan Border Field, Brisbane",3,0.1,0.1,South Australia,Queensland,HJ Hunt,CJ McInerney,MG Neser,0,0,,,,,,,caught,HJ Hunt,,,JJ Peirson,,
1444496,2024/25,2024-10-20,"Allan Border Field, Brisbane",3,0.2,0.2,South Australia,Queensland,N McAndrew,CJ McInerney,MG Neser,0,0,,,,,,,,,,,,,
1444496,2024/25,2024-10-20,"Allan Border Field, Brisbane",3,0.3,0.3,South Australia,Queensland,N McAndrew,CJ McInerney,MG Neser,0,0,,,,,,,,,,,,,
1444496,2024/25,2024-10-20,"Allan Border Field, Brisbane",3,0.4,0.4,South Australia,Queensland,N McAndrew,CJ McInerney,MG Neser,0,0,,,,,,,,,,,,,
1444496,2024/25,2024-10-20,"Allan Border Field, Brisbane",3,0.5,0.5,South Australia,Queensland,N McAndrew,CJ McInerney,MG Neser,0,0,,,,,,,,,,,,,
1444496,2024/25,2024-10-20,"Allan Border Field, Brisbane",3,0.6,0.6,South Australia,Queensland,N McAndrew,CJ McInerney,MG Neser,0,0,,,,,,,,,,,,,
1444496,2024/25,2024-10-20,"Allan Border Field, Brisbane",3,1.1,1.1,South Australia,Queensland,CJ McInerney,N McAndrew,MT Steketee,0,0,,,,,,,,,,,,,
1444496,2024/25,2024-10-20,"Allan Border Field, Brisbane",3,1.2,1.2,South Australia,Queensland,CJ McInerney,N McAndrew,MT Steketee,0,0,,,,,,,,,,,,,
1444496,2024/25,2024-10-20,"Allan Border Field, Brisbane",3,1.3,1.3,South Australia,Queensland,CJ McInerney,N McAndrew,MT Steketee,0,0,,,,,,,,,,,,,
1444496,2024/25,2024-10-20,"Allan Border Field, Brisbane",3,1.4,1.4,South Australia,Queensland,CJ McInerney,N McAndrew,MT Steketee,0,0,,,,,,,,,,,,,
1444496,2024/25,2024-10-20,"Allan Border Field, Brisbane",3,1.5,1.5,South Australia,Queensland,CJ McInerney,N McAndrew,MT Steketee,0,0,,,,,,,,,,,,,
1444496,2024/25,2024-10-20,"Allan Border Field, Brisbane",3,1.6,1.6,South Australia,Queensland,CJ McInerney,N McAndrew,MT Steketee,0,0,,,,,,,,,,,,,
1444496,2024/25,2024-10-20,"Allan Border Field, Brisbane",3,2.1,2.1,South Australia,Queensland,N McAndrew,CJ McInerney,MG Neser,0,0,,,,,,,,,,,,,
1444496,2024/25,2024-10-20,"Allan Border Field, Brisbane",3,2.2,2.2,South Australia,Queensland,N McAndrew,CJ McInerney,MG Neser,1,0,,,,,,,,,,,,,
1444496,2024/25,2024-10-20,"Allan Border Field, Brisbane",3,2.3,2.3,South Australia,Queensland,CJ McInerney,N McAndrew,MG Neser,0,1,,,,1,,,,,,,,,
1444496,2024/25,2024-10-20,"Allan Border Field, Brisbane",3,2.4,2.4,South Australia,Queensland,N McAndrew,CJ McInerney,MG Neser,0,0,,,,,,,,,,,,,
1444496,2024/25,2024-10-20,"Allan Border Field, Brisbane",3,2.5,2.5,South Australia,Queensland,N McAndrew,CJ McInerney,MG Neser,0,0,,,,,,,,,,,,,
1444496,2024/25,2024-10-20,"Allan Border Field, Brisbane",3,2.6,2.6,South Australia,Queensland,N McAndrew,CJ McInerney,MG Neser,0,0,,,,,,,,,,,,,
1444496,2024/25,2024-10-20,"Allan Border Field, Brisbane",3,3.1,3.1,South Australia,Queensland,CJ McInerney,N McAndrew,MT Steketee,0,0,,,,,,,,,,,,,
1444496,2024/25,2024-10-20,"Allan Border Field, Brisbane",3,3.2,3.2,South Australia,Queensland,CJ McInerney,N McAndrew,MT Steketee,0,4,,,4,,,,,,,,,,
1444496,2024/25,2024-10-20,"Allan Border Field, Brisbane",3,3.3,3.3,South Australia,Queensland,CJ McInerney,N McAndrew,MT Steketee,0,0,,,,,,,,,,,,,
1444496,2024/25,2024-10-20,"Allan Border Field, Brisbane",3,3.4,3.4,South Australia,Queensland,CJ McInerney,N McAndrew,MT Steketee,0,0,,,,,,,,,,,,,
1444496,2024/25,2024-10-20,"Allan Border Field, Brisbane",3,3.5,3.5,South Australia,Queensland,CJ McInerney,N McAndrew,MT Steketee,0,0,,,,,,,,,,,,,
1444496,2024/25,2024-10-20,"Allan Border Field, Brisbane",3,3.6,3.6,South Australia,Queensland,CJ McInerney,N McAndrew,MT Steketee,4,0,,,,,,,,,,,,,
1444496,2024/25,2024-10-20,"Allan Border Field, Brisbane",3,4.1,4.1,South Australia,Queensland,N McAndrew,CJ McInerney,MG Neser,0,0,,,,,,,,,,,,,
1444496,2024/25,2024-10-20,"Allan Border Field, Brisbane",3,4.2,4.2,South Australia,Queensland,N McAndrew,CJ McInerney,MG Neser,0,0,,,,,,,,,,,,,
1444496,2024/25,2024-10-20,"Allan Border Field, Brisbane",3,4.3,4.3,South Australia,Queensland,N McAndrew,CJ McInerney,MG Neser,0,0,,,,,,,,,,,,,
1444496,2024/25,2024-10-20,"Allan Border Field, Brisbane",3,4.4,4.4,South Australia,Queensland,N McAndrew,CJ McInerney,MG Neser,0,0,,,,,,,,,,,,,
1444496,2024/25,2024-10-20,"Allan Border Field, Brisbane",3,4.5,4.5,South Australia,Queensland,N McAndrew,CJ McInerney,MG Neser,0,0,,,,,,,,,,,,,
1444496,2024/25,2024-10-20,"Allan Border Field, Brisbane",3,4.6,4.6,South Australia,Queensland,N McAndrew,CJ McInerney,MG Neser,0,0,,,,,,,,,,,,,
1444496,2024/25,2024-10-20,"Allan Border Field, Brisbane",3,5.1,5.1,South Australia,Queensland,CJ McInerney,N McAndrew,MT Steketee,0,0,,,,,,,,,,,,,
1444496,2024/25,2024-10-20,"Allan Border Field, Brisbane",3,5.2,5.2,South Australia,Queensland,CJ McInerney,N McAndrew,MT Steketee,0,0,,,,,,,,,,,,,
1444496,2024/25,2024-10-20,"Allan Border Field, Brisbane",3,5.3,5.3,South Australia,Queensland,CJ McInerney,N McAndrew,MT Steketee,3,0,,,,,,,,,,,,,
1444496,2024/25,2024-10-20,"Allan Border Field, Brisbane",3,5.4,5.4,South Australia,Queensland,N McAndrew,CJ McInerney,MT Steketee,0,0,,,,,,,,,,,,,
1444496,2024/25,2024-10-20,"Allan Border Field, Brisbane",3,5.5,5.5,South Australia,Queensland,N McAndrew,CJ McInerney,MT Steketee,0,0,,,,,,,,,,,,,
1444496,2024/25,2024-10-20,"Allan Border Field, Brisbane",3,5.6,5.6,South Australia,Queensland,N McAndrew,CJ McInerney,MT Steketee,4,0,,,,,,,,,,,,,
1444496,2024/25,2024-10-20,"Allan Border Field, Brisbane",3,6.1,6.1,South Australia,Queensland,CJ McInerney,N McAndrew,MG Neser,0,0,,,,,,,,,,,,,
1444496,2024/25,2024-10-20,"Allan Border Field, Brisbane",3,6.2,6.2,South Australia,Queensland,CJ McInerney,N McAndrew,MG Neser,0,0,,,,,,,,,,,,,
1444496,2024/25,2024-10-20,"Allan Border Field, Brisbane",3,6.3,6.3,South Australia,Queensland,CJ McInerney,N McAndrew,MG Neser,0,0,,,,,,,,,,,,,
1444496,2024/25,2024-10-20,"Allan Border Field, Brisbane",3,6.4,6.4,South Australia,Queensland,CJ McInerney,N McAndrew,MG Neser,0,0,,,,,,,,,,,,,
1444496,2024/25,2024-10-20,"Allan Border Field, Brisbane",3,6.5,6.5,South Australia,Queensland,CJ McInerney,N McAndrew,MG Neser,0,0,,,,,,,,,,,,,
1444496,2024/25,2024-10-20,"Allan Border Field, Brisbane",3,6.6,6.6,South Australia,Queensland,CJ McInerney,N McAndrew,MG Neser,0,0,,,,,,,,,,,,,
1444496,2024/25,2024-10-20,"Allan Border Field, Brisbane",3,7.1,7.1,South Australia,Queensland,N McAndrew,CJ McInerney,MT Steketee,0,0,,,,,,,,,,,,,
1444496,2024/25,2024-10-20,"Allan Border Field, Brisbane",3,7.2,7.2,South Australia,Queensland,N McAndrew,CJ McInerney,MT Steketee,4,0,,,,,,,,,,,,,
1444496,2024/25,2024-10-20,"Allan Border Field, Brisbane",3,7.3,7.3,South Australia,Queensland,N McAndrew,CJ McInerney,MT Steketee,0,0,,,,,,,,,,,,,
1444496,2024/25,2024-10-20,"Allan Border Field, Brisbane",3,7.4,7.4,South Australia,Queensland,N McAndrew,CJ McInerney,MT Steketee,0,0,,,,,,,,,,,,,
1444496,2024/25,2024-10-20,"Allan Border Field, Brisbane",3,7.5,7.5,South Australia,Queensland,N McAndrew,CJ McInerney,MT Steketee,0,0,,,,,,,,,,,,,
1444496,2024/25,2024-10-20,"Allan Border Field, Brisbane",3,7.6,7.6,South Australia,Queensland,N McAndrew,CJ McInerney,MT Steketee,0,0,,,,,,,,,,,,,
1444496,2024/25,2024-10-20,"Allan Border Field, Brisbane",3,8.1,8.1,South Australia,Queensland,CJ McInerney,N McAndrew,MG Neser,0,0,,,,,,,,,,,,,
1444496,2024/25,2024-10-20,"Allan Border Field, Brisbane",3,8.2,8.2,South Australia,Queensland,CJ McInerney,N McAndrew,MG Neser,4,0,,,,,,,,,,,,,
1444496,2024/25,2024-10-20,"Allan Border Field, Brisbane",3,8.3,8.3,South Australia,Queensland,CJ McInerney,N McAndrew,MG Neser,0,0,,,,,,,,,,,,,
1444496,2024/25,2024-10-20,"Allan Border Field, Brisbane",3,8.4,8.4,South Australia,Queensland,CJ McInerney,N McAndrew,MG Neser,0,0,,,,,,,,,,,,,
1444496,2024/25,2024-10-20,"Allan Border Field, Brisbane",3,8.5,8.5,South Australia,Queensland,CJ McInerney,N McAndrew,MG Neser,0,0,,,,,,,,,,,,,
1444496,2024/25,2024-10-20,"Allan Border Field, Brisbane",3,8.6,8.6,South Australia,Queensland,CJ McInerney,N McAndrew,MG Neser,0,0,,,,,,,,,,,,,
1444496,2024/25,2024-10-20,"Allan Border Field, Brisbane",3,9.1,9.1,South Australia,Queensland,N McAndrew,CJ McInerney,T Whitney,2,0,,,,,,,,,,,,,
1444496,2024/25,2024-10-20,"Allan Border Field, Brisbane",3,9.2,9.2,South Australia,Queensland,N McAndrew,CJ McInerney,T Whitney,0,0,,,,,,,,,,,,,
1444496,2024/25,2024-10-20,"Allan Border Field, Brisbane",3,9.3,9.3,South Australia,Queensland,N McAndrew,CJ McInerney,T Whitney,0,0,,,,,,,,,,,,,
1444496,2024/25,2024-10-20,"Allan Border Field, Brisbane",3,9.4,9.4,South Australia,Queensland,N McAndrew,CJ McInerney,T Whitney,2,0,,,,,,,,,,,,,
1444496,2024/25,2024-10-20,"Allan Border Field, Brisbane",3,9.5,9.5,South Australia,Queensland,N McAndrew,CJ McInerney,T Whitney,0,0,,,,,,,,,,,,,
1444496,2024/25,2024-10-20,"Allan Border Field, Brisbane",3,9.6,9.6,South Australia,Queensland,N McAndrew,CJ McInerney,T Whitney,2,0,,,,,,,,,,,,,
1444496,2024/25,2024-10-20,"Allan Border Field, Brisbane",3,10.1,10.1,South Australia,Queensland,CJ McInerney,N McAndrew,MG Neser,1,0,,,,,,,,,,,,,
1444496,2024/25,2024-10-20,"Allan Border Field, Brisbane",3,10.2,10.2,South Australia,Queensland,N McAndrew,CJ McInerney,MG Neser,0,0,,,,,,,,,,,,,
1444496,2024/25,2024-10-20,"Allan Border Field, Brisbane",3,10.3,10.3,South Australia,Queensland,N McAndrew,CJ McInerney,MG Neser,1,0,,,,,,,,,,,,,
1444496,2024/25,2024-10-20,"Allan Border Field, Brisbane",3,10.4,10.4,South Australia,Queensland,CJ McInerney,N McAndrew,MG Neser,0,0,,,,,,,,,,,,,
1444496,2024/25,2024-10-20,"Allan Border Field, Brisbane",3,10.5,10.5,South Australia,Queensland,CJ McInerney,N McAndrew,MG Neser,4,0,,,,,,,,,,,,,
1444496,2024/25,2024-10-20,"Allan Border Field, Brisbane",3,10.6,10.6,South Australia,Queensland,CJ McInerney,N McAndrew,MG Neser,0,0,,,,,,,,,,,,,
1444496,2024/25,2024-10-20,"Allan Border Field, Brisbane",3,11.1,11.1,South Australia,Queensland,N McAndrew,CJ McInerney,T Whitney,0,0,,,,,,,,,,,,,
1444496,2024/25,2024-10-20,"Allan Border Field, Brisbane",3,11.2,11.2,South Australia,Queensland,N McAndrew,CJ McInerney,T Whitney,0,0,,,,,,,,,,,,,
1444496,2024/25,2024-10-20,"Allan Border Field, Brisbane",3,11.3,11.3,South Australia,Queensland,N McAndrew,CJ McInerney,T Whitney,1,0,,,,,,,,,,,,,
1444496,2024/25,2024-10-20,"Allan Border Field, Brisbane",3,11.4,11.4,South Australia,Queensland,CJ McInerney,N McAndrew,T Whitney,0,0,,,,,,,,,,,,,
1444496,2024/25,2024-10-20,"Allan Border Field, Brisbane",3,11.5,11.5,South Australia,Queensland,CJ McInerney,N McAndrew,T Whitney,0,0,,,,,,,,,,,,,
1444496,2024/25,2024-10-20,"Allan Border Field, Brisbane",3,11.6,11.6,South Australia,Queensland,CJ McInerney,N McAndrew,T Whitney,0,0,,,,,,,,,,,,,
1444496,2024/25,2024-10-20,"Allan Border Field, Brisbane",3,12.1,12.1,South Australia,Queensland,N McAndrew,CJ McInerney,M Labuschagne,0,0,,,,,,,,,,,,,
1444496,2024/25,2024-10-20,"Allan Border Field, Brisbane",3,12.2,12.2,South Australia,Queensland,N McAndrew,CJ McInerney,M Labuschagne,0,0,,,,,,,,,,,,,
1444496,2024/25,2024-10-20,"Allan Border Field, Brisbane",3,12.3,12.3,South Australia,Queensland,N McAndrew,CJ McInerney,M Labuschagne,0,0,,,,,,,,,,,,,
1444496,2024/25,2024-10-20,"Allan Border Field, Brisbane",3,12.4,12.4,South Australia,Queensland,N McAndrew,CJ McInerney,M Labuschagne,1,0,,,,,,,,,,,,,
1444496,2024/25,2024-10-20,"Allan Border Field, Brisbane",3,12.5,12.5,South Australia,Queensland,CJ McInerney,N McAndrew,M Labuschagne,1,0,,,,,,,,,,,,,
1444496,2024/25,2024-10-20,"Allan Border Field, Brisbane",3,12.6,12.6,South Australia,Queensland,N McAndrew,CJ McInerney,M Labuschagne,0,0,,,,,,,,,,,,,
1444496,2024/25,2024-10-20,"Allan Border Field, Brisbane",3,13.1,13.1,South Australia,Queensland,CJ McInerney,N McAndrew,T Whitney,3,0,,,,,,,,,,,,,
1444496,2024/25,2024-10-20,"Allan Border Field, Brisbane",3,13.2,13.2,South Australia,Queensland,N McAndrew,CJ McInerney,T Whitney,1,0,,,,,,,,,,,,,
1444496,2024/25,2024-10-20,"Allan Border Field, Brisbane",3,13.3,13.3,South Australia,Queensland,CJ McInerney,N McAndrew,T Whitney,0,0,,,,,,,,,,,,,
1444496,2024/25,2024-10-20,"Allan Border Field, Brisbane",3,13.4,13.4,South Australia,Queensland,CJ McInerney,N McAndrew,T Whitney,0,0,,,,,,,,,,,,,
1444496,2024/25,2024-10-20,"Allan Border Field, Brisbane",3,13.5,13.5,South Australia,Queensland,CJ McInerney,N McAndrew,T Whitney,0,0,,,,,,,lbw,CJ McInerney,,,,,
1444496,2024/25,2024-10-20,"Allan Border Field, Brisbane",3,13.6,13.6,South Australia,Queensland,NA McSweeney,N McAndrew,T Whitney,4,0,,,,,,,,,,,,,
1444496,2024/25,2024-10-20,"Allan Border Field, Brisbane",3,14.1,14.1,South Australia,Queensland,N McAndrew,NA McSweeney,M Labuschagne,0,0,,,,,,,,,,,,,
1444496,2024/25,2024-10-20,"Allan Border Field, Brisbane",3,14.2,14.2,South Australia,Queensland,N McAndrew,NA McSweeney,M Labuschagne,0,0,,,,,,,,,,,,,
1444496,2024/25,2024-10-20,"Allan Border Field, Brisbane",3,14.3,14.3,South Australia,Queensland,N McAndrew,NA McSweeney,M Labuschagne,3,0,,,,,,,,,,,,,
1444496,2024/25,2024-10-20,"Allan Border Field, Brisbane",3,14.4,14.4,South Australia,Queensland,NA McSweeney,N McAndrew,M Labuschagne,0,0,,,,,,,,,,,,,
1444496,2024/25,2024-10-20,"Allan Border Field, Brisbane",3,14.5,14.5,South Australia,Queensland,NA McSweeney,N McAndrew,M Labuschagne,0,0,,,,,,,,,,,,,
1444496,2024/25,2024-10-20,"Allan Border Field, Brisbane",3,14.6,14.6,South Australia,Queensland,NA McSweeney,N McAndrew,M Labuschagne,0,0,,,,,,,,,,,,,
1444496,2024/25,2024-10-20,"Allan Border Field, Brisbane",3,15.1,15.1,South Australia,Queensland,N McAndrew,NA McSweeney,T Whitney,4,0,,,,,,,,,,,,,
1444496,2024/25,2024-10-20,"Allan Border Field, Brisbane",3,15.2,15.2,South Australia,Queensland,N McAndrew,NA McSweeney,T Whitney,0,0,,,,,,,,,,,,,
1444496,2024/25,2024-10-20,"Allan Border Field, Brisbane",3,15.3,15.3,South Australia,Queensland,N McAndrew,NA McSweeney,T Whitney,4,0,,,,,,,,,,,,,
1444496,2024/25,2024-10-20,"Allan Border Field, Brisbane",3,15.4,15.4,South Australia,Queensland,N McAndrew,NA McSweeney,T Whitney,0,0,,,,,,,,,,,,,
1444496,2024/25,2024-10-20,"Allan Border Field, Brisbane",3,15.5,15.5,South Australia,Queensland,N McAndrew,NA McSweeney,T Whitney,0,0,,,,,,,,,,,,,
1444496,2024/25,2024-10-20,"Allan Border Field, Brisbane",3,15.6,15.6,South Australia,Queensland,N McAndrew,NA McSweeney,T Whitney,4,0,,,,,,,,,,,,,
1444496,2024/25,2024-10-20,"Allan Border Field, Brisbane",3,16.1,16.1,South Australia,Queensland,NA McSweeney,N McAndrew,MG Neser,4,0,,,,,,,,,,,,,
1444496,2024/25,2024-10-20,"Allan Border Field, Brisbane",3,16.2,16.2,South Australia,Queensland,NA McSweeney,N McAndrew,MG Neser,0,0,,,,,,,,,,,,,
1444496,2024/25,2024-10-20,"Allan Border Field, Brisbane",3,16.3,16.3,South Australia,Queensland,NA McSweeney,N McAndrew,MG Neser,0,0,,,,,,,,,,,,,
1444496,2024/25,2024-10-20,"Allan Border Field, Brisbane",3,16.4,16.4,South Australia,Queensland,NA McSweeney,N McAndrew,MG Neser,0,0,,,,,,,,,,,,,
1444496,2024/25,2024-10-20,"Allan Border Field, Brisbane",3,16.5,16.5,South Australia,Queensland,NA McSweeney,N McAndrew,MG Neser,0,0,,,,,,,,,,,,,
1444496,2024/25,2024-10-20,"Allan Border Field, Brisbane",3,16.6,16.6,South Australia,Queensland,NA McSweeney,N McAndrew,MG Neser,4,0,,,,,,,,,,,,,
1444496,2024/25,2024-10-20,"Allan Border Field, Brisbane",3,17.1,17.1,South Australia,Queensland,N McAndrew,NA McSweeney,MT Steketee,0,0,,,,,,,,,,,,,
1444496,2024/25,2024-10-20,"Allan Border Field, Brisbane",3,17.2,17.2,South Australia,Queensland,N McAndrew,NA McSweeney,MT Steketee,0,0,,,,,,,,,,,,,
1444496,2024/25,2024-10-20,"Allan Border Field, Brisbane",3,17.3,17.3,South Australia,Queensland,N McAndrew,NA McSweeney,MT Steketee,0,0,,,,,,,,,,,,,
1444496,2024/25,2024-10-20,"Allan Border Field, Brisbane",3,17.4,17.4,South Australia,Queensland,N McAndrew,NA McSweeney,MT Steketee,0,0,,,,,,,,,,,,,
1444496,2024/25,2024-10-20,"Allan Border Field, Brisbane",3,17.5,17.5,South Australia,Queensland,N McAndrew,NA McSweeney,MT Steketee,0,0,,,,,,,,,,,,,
1444496,2024/25,2024-10-20,"Allan Border Field, Brisbane",3,17.6,17.6,South Australia,Queensland,N McAndrew,NA McSweeney,MT Steketee,0,0,,,,,,,,,,,,,
1444496,2024/25,2024-10-20,"Allan Border Field, Brisbane",3,18.1,18.1,South Australia,Queensland,NA McSweeney,N McAndrew,MG Neser,0,0,,,,,,,,,,,,,
1444496,2024/25,2024-10-20,"Allan Border Field, Brisbane",3,18.2,18.2,South Australia,Queensland,NA McSweeney,N McAndrew,MG Neser,0,0,,,,,,,,,,,,,
1444496,2024/25,2024-10-20,"Allan Border Field, Brisbane",3,18.3,18.3,South Australia,Queensland,NA McSweeney,N McAndrew,MG Neser,0,0,,,,,,,,,,,,,
1444496,2024/25,2024-10-20,"Allan Border Field, Brisbane",3,18.4,18.4,South Australia,Queensland,NA McSweeney,N McAndrew,MG Neser,0,0,,,,,,,,,,,,,
1444496,2024/25,2024-10-20,"Allan Border Field, Brisbane",3,18.5,18.5,South Australia,Queensland,NA McSweeney,N McAndrew,MG Neser,0,0,,,,,,,,,,,,,
1444496,2024/25,2024-10-20,"Allan Border Field, Brisbane",3,18.6,18.6,South Australia,Queensland,NA McSweeney,N McAndrew,MG Neser,0,0,,,,,,,,,,,,,
1444496,2024/25,2024-10-20,"Allan Border Field, Brisbane",3,19.1,19.1,South Australia,Queensland,N McAndrew,NA McSweeney,MT Steketee,0,0,,,,,,,,,,,,,
1444496,2024/25,2024-10-20,"Allan Border Field, Brisbane",3,19.2,19.2,South Australia,Queensland,N McAndrew,NA McSweeney,MT Steketee,0,0,,,,,,,,,,,,,
1444496,2024/25,2024-10-20,"Allan Border Field, Brisbane",3,19.3,19.3,South Australia,Queensland,N McAndrew,NA McSweeney,MT Steketee,0,0,,,,,,,,,,,,,
1444496,2024/25,2024-10-20,"Allan Border Field, Brisbane",3,19.4,19.4,South Australia,Queensland,N McAndrew,NA McSweeney,MT Steketee,0,0,,,,,,,,,,,,,
1444496,2024/25,2024-10-20,"Allan Border Field, Brisbane",3,19.5,19.5,South Australia,Queensland,N McAndrew,NA McSweeney,MT Steketee,4,0,,,,,,,,,,,,,
1444496,2024/25,2024-10-20,"Allan Border Field, Brisbane",3,19.6,19.6,South Australia,Queensland,N McAndrew,NA McSweeney,MT Steketee,0,0,,,,,,,,,,,,,
1444496,2024/25,2024-10-20,"Allan Border Field, Brisbane",3,20.1,20.1,South Australia,Queensland,NA McSweeney,N McAndrew,MG Neser,0,0,,,,,,,,,,,,,
1444496,2024/25,2024-10-20,"Allan Border Field, Brisbane",3,20.2,20.2,South Australia,Queensland,NA McSweeney,N McAndrew,MG Neser,0,0,,,,,,,,,,,,,
1444496,2024/25,2024-10-20,"Allan Border Field, Brisbane",3,20.3,20.3,South Australia,Queensland,NA McSweeney,N McAndrew,MG Neser,0,0,,,,,,,,,,,,,
1444496,2024/25,2024-10-20,"Allan Border Field, Brisbane",3,20.4,20.4,South Australia,Queensland,NA McSweeney,N McAndrew,MG Neser,0,0,,,,,,,,,,,,,
1444496,2024/25,2024-10-20,"Allan Border Field, Brisbane",3,20.5,20.5,South Australia,Queensland,NA McSweeney,N McAndrew,MG Neser,0,0,,,,,,,,,,,,,
1444496,2024/25,2024-10-20,"Allan Border Field, Brisbane",3,20.6,20.6,South Australia,Queensland,NA McSweeney,N McAndrew,MG Neser,0,0,,,,,,,,,,,,,
1444496,2024/25,2024-10-20,"Allan Border Field, Brisbane",3,21.1,21.1,South Australia,Queensland,N McAndrew,NA McSweeney,MT Steketee,0,0,,,,,,,,,,,,,
1444496,2024/25,2024-10-20,"Allan Border Field, Brisbane",3,21.2,21.2,South Australia,Queensland,N McAndrew,NA McSweeney,MT Steketee,0,0,,,,,,,,,,,,,
1444496,2024/25,2024-10-20,"Allan Border Field, Brisbane",3,21.3,21.3,South Australia,Queensland,N McAndrew,NA McSweeney,MT Steketee,0,0,,,,,,,,,,,,,
1444496,2024/25,2024-10-20,"Allan Border Field, Brisbane",3,21.4,21.4,South Australia,Queensland,N McAndrew,NA McSweeney,MT Steketee,3,0,,,,,,,,,,,,,
1444496,2024/25,2024-10-20,"Allan Border Field, Brisbane",3,21.5,21.5,South Australia,Queensland,NA McSweeney,N McAndrew,MT Steketee,0,0,,,,,,,,,,,,,
1444496,2024/25,2024-10-20,"Allan Border Field, Brisbane",3,21.6,21.6,South Australia,Queensland,NA McSweeney,N McAndrew,MT Steketee,0,0,,,,,,,,,,,,,
1444496,2024/25,2024-10-20,"Allan Border Field, Brisbane",3,22.1,22.1,South Australia,Queensland,N McAndrew,NA McSweeney,MJ Swepson,1,0,,,,,,,,,,,,,
1444496,2024/25,2024-10-20,"Allan Border Field, Brisbane",3,22.2,22.2,South Australia,Queensland,NA McSweeney,N McAndrew,MJ Swepson,2,0,,,,,,,,,,,,,
1444496,2024/25,2024-10-20,"Allan Border Field, Brisbane",3,22.3,22.3,South Australia,Queensland,NA McSweeney,N McAndrew,MJ Swepson,0,0,,,,,,,,,,,,,
1444496,2024/25,2024-10-20,"Allan Border Field, Brisbane",3,22.4,22.4,South Australia,Queensland,NA McSweeney,N McAndrew,MJ Swepson,2,0,,,,,,,,,,,,,
1444496,2024/25,2024-10-20,"Allan Border Field, Brisbane",3,22.5,22.5,South Australia,Queensland,NA McSweeney,N McAndrew,MJ Swepson,1,0,,,,,,,,,,,,,
1444496,2024/25,2024-10-20,"Allan Border Field, Brisbane",3,22.6,22.6,South Australia,Queensland,N McAndrew,NA McSweeney,MJ Swepson,0,0,,,,,,,,,,,,,
1444496,2024/25,2024-10-20,"Allan Border Field, Brisbane",3,23.1,23.1,South Australia,Queensland,NA McSweeney,N McAndrew,MT Steketee,0,0,,,,,,,,,,,,,
1444496,2024/25,2024-10-20,"Allan Border Field, Brisbane",3,23.2,23.2,South Australia,Queensland,NA McSweeney,N McAndrew,MT Steketee,0,0,,,,,,,,,,,,,
1444496,2024/25,2024-10-20,"Allan Border Field, Brisbane",3,23.3,23.3,South Australia,Queensland,NA McSweeney,N McAndrew,MT Steketee,0,0,,,,,,,,,,,,,
1444496,2024/25,2024-10-20,"Allan Border Field, Brisbane",3,23.4,23.4,South Australia,Queensland,NA McSweeney,N McAndrew,MT Steketee,0,0,,,,,,,,,,,,,
1444496,2024/25,2024-10-20,"Allan Border Field, Brisbane",3,23.5,23.5,South Australia,Queensland,NA McSweeney,N McAndrew,MT Steketee,0,0,,,,,,,,,,,,,
1444496,2024/25,2024-10-20,"Allan Border Field, Brisbane",3,23.6,23.6,South Australia,Queensland,NA McSweeney,N McAndrew,MT Steketee,0,0,,,,,,,,,,,,,
1444496,2024/25,2024-10-20,"Allan Border Field, Brisbane",3,24.1,24.1,South Australia,Queensland,N McAndrew,NA McSweeney,MJ Swepson,0,0,,,,,,,,,,,,,
1444496,2024/25,2024-10-20,"Allan Border Field, Brisbane",3,24.2,24.2,South Australia,Queensland,N McAndrew,NA McSweeney,MJ Swepson,0,0,,,,,,,,,,,,,
1444496,2024/25,2024-10-20,"Allan Border Field, Brisbane",3,24.3,24.3,South Australia,Queensland,N McAndrew,NA McSweeney,MJ Swepson,0,0,,,,,,,,,,,,,
1444496,2024/25,2024-10-20,"Allan Border Field, Brisbane",3,24.4,24.4,South Australia,Queensland,N McAndrew,NA McSweeney,MJ Swepson,0,0,,,,,,,,,,,,,
1444496,2024/25,2024-10-20,"Allan Border Field, Brisbane",3,24.5,24.5,South Australia,Queensland,N McAndrew,NA McSweeney,MJ Swepson,0,0,,,,,,,,,,,,,
1444496,2024/25,2024-10-20,"Allan Border Field, Brisbane",3,24.6,24.6,South Australia,Queensland,N McAndrew,NA McSweeney,MJ Swepson,0,0,,,,,,,,,,,,,
1444496,2024/25,2024-10-20,"Allan Border Field, Brisbane",3,25.1,25.1,South Australia,Queensland,NA McSweeney,N McAndrew,MT Steketee,0,0,,,,,,,,,,,,,
1444496,2024/25,2024-10-20,"Allan Border Field, Brisbane",3,25.2,25.2,South Australia,Queensland,NA McSweeney,N McAndrew,MT Steketee,0,0,,,,,,,,,,,,,
1444496,2024/25,2024-10-20,"Allan Border Field, Brisbane",3,25.3,25.3,South Australia,Queensland,NA McSweeney,N McAndrew,MT Steketee,0,0,,,,,,,,,,,,,
1444496,2024/25,2024-10-20,"Allan Border Field, Brisbane",3,25.4,25.4,South Australia,Queensland,NA McSweeney,N McAndrew,MT Steketee,2,0,,,,,,,,,,,,,
1444496,2024/25,2024-10-20,"Allan Border Field, Brisbane",3,25.5,25.5,South Australia,Queensland,NA McSweeney,N McAndrew,MT Steketee,4,0,,,,,,,,,,,,,
1444496,2024/25,2024-10-20,"Allan Border Field, Brisbane",3,25.6,25.6,South Australia,Queensland,NA McSweeney,N McAndrew,MT Steketee,1,0,,,,,,,,,,,,,
1444496,2024/25,2024-10-20,"Allan Border Field, Brisbane",3,26.1,26.1,South Australia,Queensland,NA McSweeney,N McAndrew,MJ Swepson,0,0,,,,,,,,,,,,,
1444496,2024/25,2024-10-20,"Allan Border Field, Brisbane",3,26.2,26.2,South Australia,Queensland,NA McSweeney,N McAndrew,MJ Swepson,0,0,,,,,,,,,,,,,
1444496,2024/25,2024-10-20,"Allan Border Field, Brisbane",3,26.3,26.3,South Australia,Queensland,NA McSweeney,N McAndrew,MJ Swepson,1,0,,,,,,,,,,,,,
1444496,2024/25,2024-10-20,"Allan Border Field, Brisbane",3,26.4,26.4,South Australia,Queensland,N McAndrew,NA McSweeney,MJ Swepson,0,0,,,,,,,,,,,,,
1444496,2024/25,2024-10-20,"Allan Border Field, Brisbane",3,26.5,26.5,South Australia,Queensland,N McAndrew,NA McSweeney,MJ Swepson,0,0,,,,,,,,,,,,,
1444496,2024/25,2024-10-20,"Allan Border Field, Brisbane",3,26.6,26.6,South Australia,Queensland,N McAndrew,NA McSweeney,MJ Swepson,0,0,,,,,,,,,,,,,
1444496,2024/25,2024-10-20,"Allan Border Field, Brisbane",3,27.1,27.1,South Australia,Queensland,NA McSweeney,N McAndrew,M Labuschagne,4,0,,,,,,,,,,,,,
1444496,2024/25,2024-10-20,"Allan Border Field, Brisbane",3,27.2,27.2,South Australia,Queensland,NA McSweeney,N McAndrew,M Labuschagne,4,0,,,,,,,,,,,,,
1444496,2024/25,2024-10-20,"Allan Border Field, Brisbane",3,27.3,27.3,South Australia,Queensland,NA McSweeney,N McAndrew,M Labuschagne,0,0,,,,,,,,,,,,,
1444496,2024/25,2024-10-20,"Allan Border Field, Brisbane",3,27.4,27.4,South Australia,Queensland,NA McSweeney,N McAndrew,M Labuschagne,0,0,,,,,,,,,,,,,
1444496,2024/25,2024-10-20,"Allan Border Field, Brisbane",3,27.5,27.5,South Australia,Queensland,NA McSweeney,N McAndrew,M Labuschagne,0,0,,,,,,,,,,,,,
1444496,2024/25,2024-10-20,"Allan Border Field, Brisbane",3,27.6,27.6,South Australia,Queensland,NA McSweeney,N McAndrew,M Labuschagne,0,0,,,,,,,,,,,,,
1444496,2024/25,2024-10-20,"Allan Border Field, Brisbane",3,28.1,28.1,South Australia,Queensland,N McAndrew,NA McSweeney,MJ Swepson,0,0,,,,,,,,,,,,,
1444496,2024/25,2024-10-20,"Allan Border Field, Brisbane",3,28.2,28.2,South Australia,Queensland,N McAndrew,NA McSweeney,MJ Swepson,0,0,,,,,,,,,,,,,
1444496,2024/25,2024-10-20,"Allan Border Field, Brisbane",3,28.3,28.3,South Australia,Queensland,N McAndrew,NA McSweeney,MJ Swepson,0,0,,,,,,,,,,,,,
1444496,2024/25,2024-10-20,"Allan Border Field, Brisbane",3,28.4,28.4,South Australia,Queensland,N McAndrew,NA McSweeney,MJ Swepson,4,0,,,,,,,,,,,,,
1444496,2024/25,2024-10-20,"Allan Border Field, Brisbane",3,28.5,28.5,South Australia,Queensland,N McAndrew,NA McSweeney,MJ Swepson,0,0,,,,,,,,,,,,,
1444496,2024/25,2024-10-20,"Allan Border Field, Brisbane",3,28.6,28.6,South Australia,Queensland,N McAndrew,NA McSweeney,MJ Swepson,0,0,,,,,,,,,,,,,
1444496,2024/25,2024-10-20,"Allan Border Field, Brisbane",3,29.1,29.1,South Australia,Queensland,NA McSweeney,N McAndrew,M Labuschagne,0,0,,,,,,,,,,,,,
1444496,2024/25,2024-10-20,"Allan Border Field, Brisbane",3,29.2,29.2,South Australia,Queensland,NA McSweeney,N McAndrew,M Labuschagne,0,0,,,,,,,,,,,,,
1444496,2024/25,2024-10-20,"Allan Border Field, Brisbane",3,29.3,29.3,South Australia,Queensland,NA McSweeney,N McAndrew,M Labuschagne,0,0,,,,,,,,,,,,,
1444496,2024/25,2024-10-20,"Allan Border Field, Brisbane",3,29.4,29.4,South Australia,Queensland,NA McSweeney,N McAndrew,M Labuschagne,0,0,,,,,,,,,,,,,
1444496,2024/25,2024-10-20,"Allan Border Field, Brisbane",3,29.5,29.5,South Australia,Queensland,NA McSweeney,N McAndrew,M Labuschagne,1,0,,,,,,,,,,,,,
1444496,2024/25,2024-10-20,"Allan Border Field, Brisbane",3,29.6,29.6,South Australia,Queensland,N McAndrew,NA McSweeney,M Labuschagne,0,0,,,,,,,,,,,,,
1444496,2024/25,2024-10-20,"Allan Border Field, Brisbane",3,30.1,30.1,South Australia,Queensland,NA McSweeney,N McAndrew,MG Neser,0,0,,,,,,,,,,,,,
1444496,2024/25,2024-10-20,"Allan Border Field, Brisbane",3,30.2,30.2,South Australia,Queensland,NA McSweeney,N McAndrew,MG Neser,0,0,,,,,,,,,,,,,
1444496,2024/25,2024-10-20,"Allan Border Field, Brisbane",3,30.3,30.3,South Australia,Queensland,NA McSweeney,N McAndrew,MG Neser,0,0,,,,,,,,,,,,,
1444496,2024/25,2024-10-20,"Allan Border Field, Brisbane",3,30.4,30.4,South Australia,Queensland,NA McSweeney,N McAndrew,MG Neser,0,0,,,,,,,,,,,,,
1444496,2024/25,2024-10-20,"Allan Border Field, Brisbane",3,30.5,30.5,South Australia,Queensland,NA McSweeney,N McAndrew,MG Neser,0,0,,,,,,,,,,,,,
1444496,2024/25,2024-10-20,"Allan Border Field, Brisbane",3,30.6,30.6,South Australia,Queensland,NA McSweeney,N McAndrew,MG Neser,0,0,,,,,,,,,,,,,
1444496,2024/25,2024-10-20,"Allan Border Field, Brisbane",3,31.1,31.1,South Australia,Queensland,N McAndrew,NA McSweeney,T Whitney,0,0,,,,,,,bowled,N McAndrew,,,,,
1444496,2024/25,2024-10-20,"Allan Border Field, Brisbane",3,31.2,31.2,South Australia,Queensland,DR Drew,NA McSweeney,T Whitney,1,0,,,,,,,,,,,,,
1444496,2024/25,2024-10-20,"Allan Border Field, Brisbane",3,31.3,31.3,South Australia,Queensland,NA McSweeney,DR Drew,T Whitney,0,0,,,,,,,,,,,,,
1444496,2024/25,2024-10-20,"Allan Border Field, Brisbane",3,31.4,31.4,South Australia,Queensland,NA McSweeney,DR Drew,T Whitney,0,0,,,,,,,,,,,,,
1444496,2024/25,2024-10-20,"Allan Border Field, Brisbane",3,31.5,31.5,South Australia,Queensland,NA McSweeney,DR Drew,T Whitney,0,0,,,,,,,,,,,,,
1444496,2024/25,2024-10-20,"Allan Border Field, Brisbane",3,31.6,31.6,South Australia,Queensland,NA McSweeney,DR Drew,T Whitney,4,0,,,,,,,,,,,,,
1444496,2024/25,2024-10-20,"Allan Border Field, Brisbane",3,32.1,32.1,South Australia,Queensland,DR Drew,NA McSweeney,MG Neser,0,0,,,,,,,,,,,,,
1444496,2024/25,2024-10-20,"Allan Border Field, Brisbane",3,32.2,32.2,South Australia,Queensland,DR Drew,NA McSweeney,MG Neser,0,0,,,,,,,,,,,,,
1444496,2024/25,2024-10-20,"Allan Border Field, Brisbane",3,32.3,32.3,South Australia,Queensland,DR Drew,NA McSweeney,MG Neser,0,0,,,,,,,,,,,,,
1444496,2024/25,2024-10-20,"Allan Border Field, Brisbane",3,32.4,32.4,South Australia,Queensland,DR Drew,NA McSweeney,MG Neser,3,0,,,,,,,,,,,,,
1444496,2024/25,2024-10-20,"Allan Border Field, Brisbane",3,32.5,32.5,South Australia,Queensland,NA McSweeney,DR Drew,MG Neser,0,0,,,,,,,,,,,,,
1444496,2024/25,2024-10-20,"Allan Border Field, Brisbane",3,32.6,32.6,South Australia,Queensland,NA McSweeney,DR Drew,MG Neser,0,0,,,,,,,,,,,,,
1444496,2024/25,2024-10-20,"Allan Border Field, Brisbane",3,33.1,33.1,South Australia,Queensland,DR Drew,NA McSweeney,T Whitney,0,0,,,,,,,,,,,,,
1444496,2024/25,2024-10-20,"Allan Border Field, Brisbane",3,33.2,33.2,South Australia,Queensland,DR Drew,NA McSweeney,T Whitney,0,0,,,,,,,,,,,,,
1444496,2024/25,2024-10-20,"Allan Border Field, Brisbane",3,33.3,33.3,South Australia,Queensland,DR Drew,NA McSweeney,T Whitney,0,0,,,,,,,,,,,,,
1444496,2024/25,2024-10-20,"Allan Border Field, Brisbane",3,33.4,33.4,South Australia,Queensland,DR Drew,NA McSweeney,T Whitney,0,0,,,,,,,,,,,,,
1444496,2024/25,2024-10-20,"Allan Border Field, Brisbane",3,33.5,33.5,South Australia,Queensland,DR Drew,NA McSweeney,T Whitney,1,0,,,,,,,,,,,,,
1444496,2024/25,2024-10-20,"Allan Border Field, Brisbane",3,33.6,33.6,South Australia,Queensland,NA McSweeney,DR Drew,T Whitney,0,0,,,,,,,,,,,,,
1444496,2024/25,2024-10-20,"Allan Border Field, Brisbane",3,34.1,34.1,South Australia,Queensland,DR Drew,NA McSweeney,MG Neser,0,0,,,,,,,,,,,,,
1444496,2024/25,2024-10-20,"Allan Border Field, Brisbane",3,34.2,34.2,South Australia,Queensland,DR Drew,NA McSweeney,MG Neser,0,0,,,,,,,,,,,,,
1444496,2024/25,2024-10-20,"Allan Border Field, Brisbane",3,34.3,34.3,South Australia,Queensland,DR Drew,NA McSweeney,MG Neser,0,0,,,,,,,,,,,,,
1444496,2024/25,2024-10-20,"Allan Border Field, Brisbane",3,34.4,34.4,South Australia,Queensland,DR Drew,NA McSweeney,MG Neser,2,0,,,,,,,,,,,,,
1444496,2024/25,2024-10-20,"Allan Border Field, Brisbane",3,34.5,34.5,South Australia,Queensland,DR Drew,NA McSweeney,MG Neser,0,1,,,,1,,,,,,,,,
1444496,2024/25,2024-10-20,"Allan Border Field, Brisbane",3,34.6,34.6,South Australia,Queensland,NA McSweeney,DR Drew,MG Neser,1,0,,,,,,,,,,,,,
1444496,2024/25,2024-10-20,"Allan Border Field, Brisbane",3,35.1,35.1,South Australia,Queensland,NA McSweeney,DR Drew,T Whitney,0,0,,,,,,,,,,,,,
1444496,2024/25,2024-10-20,"Allan Border Field, Brisbane",3,35.2,35.2,South Australia,Queensland,NA McSweeney,DR Drew,T Whitney,0,0,,,,,,,,,,,,,
1444496,2024/25,2024-10-20,"Allan Border Field, Brisbane",3,35.3,35.3,South Australia,Queensland,NA McSweeney,DR Drew,T Whitney,0,0,,,,,,,,,,,,,
1444496,2024/25,2024-10-20,"Allan Border Field, Brisbane",3,35.4,35.4,South Australia,Queensland,NA McSweeney,DR Drew,T Whitney,0,0,,,,,,,,,,,,,
1444496,2024/25,2024-10-20,"Allan Border Field, Brisbane",3,35.5,35.5,South Australia,Queensland,NA McSweeney,DR Drew,T Whitney,0,0,,,,,,,,,,,,,
1444496,2024/25,2024-10-20,"Allan Border Field, Brisbane",3,35.6,35.6,South Australia,Queensland,NA McSweeney,DR Drew,T Whitney,0,0,,,,,,,,,,,,,
1444496,2024/25,2024-10-20,"Allan Border Field, Brisbane",3,36.1,36.1,South Australia,Queensland,DR Drew,NA McSweeney,MG Neser,0,0,,,,,,,,,,,,,
1444496,2024/25,2024-10-20,"Allan Border Field, Brisbane",3,36.2,36.2,South Australia,Queensland,DR Drew,NA McSweeney,MG Neser,0,0,,,,,,,,,,,,,
1444496,2024/25,2024-10-20,"Allan Border Field, Brisbane",3,36.3,36.3,South Australia,Queensland,DR Drew,NA McSweeney,MG Neser,0,0,,,,,,,,,,,,,
1444496,2024/25,2024-10-20,"Allan Border Field, Brisbane",3,36.4,36.4,South Australia,Queensland,DR Drew,NA McSweeney,MG Neser,2,0,,,,,,,,,,,,,
1444496,2024/25,2024-10-20,"Allan Border Field, Brisbane",3,36.5,36.5,South Australia,Queensland,DR Drew,NA McSweeney,MG Neser,0,0,,,,,,,,,,,,,
1444496,2024/25,2024-10-20,"Allan Border Field, Brisbane",3,36.6,36.6,South Australia,Queensland,DR Drew,NA McSweeney,MG Neser,0,0,,,,,,,,,,,,,
1444496,2024/25,2024-10-20,"Allan Border Field, Brisbane",3,37.1,37.1,South Australia,Queensland,NA McSweeney,DR Drew,T Whitney,4,0,,,,,,,,,,,,,
1444496,2024/25,2024-10-20,"Allan Border Field, Brisbane",3,37.2,37.2,South Australia,Queensland,NA McSweeney,DR Drew,T Whitney,0,0,,,,,,,,,,,,,
1444496,2024/25,2024-10-20,"Allan Border Field, Brisbane",3,37.3,37.3,South Australia,Queensland,NA McSweeney,DR Drew,T Whitney,0,0,,,,,,,,,,,,,
1444496,2024/25,2024-10-20,"Allan Border Field, Brisbane",3,37.4,37.4,South Australia,Queensland,NA McSweeney,DR Drew,T Whitney,0,0,,,,,,,,,,,,,
1444496,2024/25,2024-10-20,"Allan Border Field, Brisbane",3,37.5,37.5,South Australia,Queensland,NA McSweeney,DR Drew,T Whitney,1,0,,,,,,,,,,,,,
1444496,2024/25,2024-10-20,"Allan Border Field, Brisbane",3,37.6,37.6,South Australia,Queensland,DR Drew,NA McSweeney,T Whitney,0,0,,,,,,,,,,,,,
1444496,2024/25,2024-10-20,"Allan Border Field, Brisbane",3,38.1,38.1,South Australia,Queensland,NA McSweeney,DR Drew,MG Neser,0,0,,,,,,,,,,,,,
1444496,2024/25,2024-10-20,"Allan Border Field, Brisbane",3,38.2,38.2,South Australia,Queensland,NA McSweeney,DR Drew,MG Neser,0,0,,,,,,,,,,,,,
1444496,2024/25,2024-10-20,"Allan Border Field, Brisbane",3,38.3,38.3,South Australia,Queensland,NA McSweeney,DR Drew,MG Neser,0,0,,,,,,,,,,,,,
1444496,2024/25,2024-10-20,"Allan Border Field, Brisbane",3,38.4,38.4,South Australia,Queensland,NA McSweeney,DR Drew,MG Neser,0,0,,,,,,,,,,,,,
1444496,2024/25,2024-10-20,"Allan Border Field, Brisbane",3,38.5,38.5,South Australia,Queensland,NA McSweeney,DR Drew,MG Neser,4,0,,,,,,,,,,,,,
1444496,2024/25,2024-10-20,"Allan Border Field, Brisbane",3,38.6,38.6,South Australia,Queensland,NA McSweeney,DR Drew,MG Neser,0,0,,,,,,,,,,,,,
1444496,2024/25,2024-10-20,"Allan Border Field, Brisbane",3,39.1,39.1,South Australia,Queensland,DR Drew,NA McSweeney,T Whitney,4,0,,,,,,,,,,,,,
1444496,2024/25,2024-10-20,"Allan Border Field, Brisbane",3,39.2,39.2,South Australia,Queensland,DR Drew,NA McSweeney,T Whitney,0,0,,,,,,,,,,,,,
1444496,2024/25,2024-10-20,"Allan Border Field, Brisbane",3,39.3,39.3,South Australia,Queensland,DR Drew,NA McSweeney,T Whitney,0,0,,,,,,,caught,DR Drew,,,UT Khawaja,,
1444496,2024/25,2024-10-20,"Allan Border Field, Brisbane",3,39.4,39.4,South Australia,Queensland,AT Carey,NA McSweeney,T Whitney,4,0,,,,,,,,,,,,,
1444496,2024/25,2024-10-20,"Allan Border Field, Brisbane",3,39.5,39.5,South Australia,Queensland,AT Carey,NA McSweeney,T Whitney,0,0,,,,,,,,,,,,,
1444496,2024/25,2024-10-20,"Allan Border Field, Brisbane",3,39.6,39.6,South Australia,Queensland,AT Carey,NA McSweeney,T Whitney,0,0,,,,,,,,,,,,,
1444496,2024/25,2024-10-20,"Allan Border Field, Brisbane",3,40.1,40.1,South Australia,Queensland,NA McSweeney,AT Carey,MG Neser,0,0,,,,,,,,,,,,,
1444496,2024/25,2024-10-20,"Allan Border Field, Brisbane",3,40.2,40.2,South Australia,Queensland,NA McSweeney,AT Carey,MG Neser,4,0,,,,,,,,,,,,,
1444496,2024/25,2024-10-20,"Allan Border Field, Brisbane",3,40.3,40.3,South Australia,Queensland,NA McSweeney,AT Carey,MG Neser,0,0,,,,,,,,,,,,,
1444496,2024/25,2024-10-20,"Allan Border Field, Brisbane",3,40.4,40.4,South Australia,Queensland,NA McSweeney,AT Carey,MG Neser,0,0,,,,,,,,,,,,,
1444496,2024/25,2024-10-20,"Allan Border Field, Brisbane",3,40.5,40.5,South Australia,Queensland,NA McSweeney,AT Carey,MG Neser,0,0,,,,,,,,,,,,,
1444496,2024/25,2024-10-20,"Allan Border Field, Brisbane",3,40.6,40.6,South Australia,Queensland,NA McSweeney,AT Carey,MG Neser,0,0,,,,,,,,,,,,,
1444496,2024/25,2024-10-20,"Allan Border Field, Brisbane",3,41.1,41.1,South Australia,Queensland,AT Carey,NA McSweeney,MT Steketee,0,0,,,,,,,,,,,,,
1444496,2024/25,2024-10-20,"Allan Border Field, Brisbane",3,41.2,41.2,South Australia,Queensland,AT Carey,NA McSweeney,MT Steketee,0,0,,,,,,,,,,,,,
1444496,2024/25,2024-10-20,"Allan Border Field, Brisbane",3,41.3,41.3,South Australia,Queensland,AT Carey,NA McSweeney,MT Steketee,0,0,,,,,,,,,,,,,
1444496,2024/25,2024-10-20,"Allan Border Field, Brisbane",3,41.4,41.4,South Australia,Queensland,AT Carey,NA McSweeney,MT Steketee,0,0,,,,,,,,,,,,,
1444496,2024/25,2024-10-20,"Allan Border Field, Brisbane",3,41.5,41.5,South Australia,Queensland,AT Carey,NA McSweeney,MT Steketee,2,0,,,,,,,,,,,,,
1444496,2024/25,2024-10-20,"Allan Border Field, Brisbane",3,41.6,41.6,South Australia,Queensland,AT Carey,NA McSweeney,MT Steketee,0,0,,,,,,,,,,,,,
1444496,2024/25,2024-10-20,"Allan Border Field, Brisbane",3,42.1,42.1,South Australia,Queensland,NA McSweeney,AT Carey,MG Neser,0,0,,,,,,,,,,,,,
1444496,2024/25,2024-10-20,"Allan Border Field, Brisbane",3,42.2,42.2,South Australia,Queensland,NA McSweeney,AT Carey,MG Neser,0,0,,,,,,,,,,,,,
1444496,2024/25,2024-10-20,"Allan Border Field, Brisbane",3,42.3,42.3,South Australia,Queensland,NA McSweeney,AT Carey,MG Neser,4,0,,,,,,,,,,,,,
1444496,2024/25,2024-10-20,"Allan Border Field, Brisbane",3,42.4,42.4,South Australia,Queensland,NA McSweeney,AT Carey,MG Neser,0,0,,,,,,,,,,,,,
1444496,2024/25,2024-10-20,"Allan Border Field, Brisbane",3,42.5,42.5,South Australia,Queensland,NA McSweeney,AT Carey,MG Neser,0,0,,,,,,,,,,,,,
1444496,2024/25,2024-10-20,"Allan Border Field, Brisbane",3,42.6,42.6,South Australia,Queensland,NA McSweeney,AT Carey,MG Neser,0,0,,,,,,,,,,,,,
1444496,2024/25,2024-10-20,"Allan Border Field, Brisbane",3,43.1,43.1,South Australia,Queensland,AT Carey,NA McSweeney,MT Steketee,4,0,,,,,,,,,,,,,
1444496,2024/25,2024-10-20,"Allan Border Field, Brisbane",3,43.2,43.2,South Australia,Queensland,AT Carey,NA McSweeney,MT Steketee,0,0,,,,,,,,,,,,,
1444496,2024/25,2024-10-20,"Allan Border Field, Brisbane",3,43.3,43.3,South Australia,Queensland,AT Carey,NA McSweeney,MT Steketee,0,0,,,,,,,,,,,,,
1444496,2024/25,2024-10-20,"Allan Border Field, Brisbane",3,43.4,43.4,South Australia,Queensland,AT Carey,NA McSweeney,MT Steketee,2,0,,,,,,,,,,,,,
1444496,2024/25,2024-10-20,"Allan Border Field, Brisbane",3,43.5,43.5,South Australia,Queensland,AT Carey,NA McSweeney,MT Steketee,0,0,,,,,,,,,,,,,
1444496,2024/25,2024-10-20,"Allan Border Field, Brisbane",3,43.6,43.6,South Australia,Queensland,AT Carey,NA McSweeney,MT Steketee,1,0,,,,,,,,,,,,,
1444496,2024/25,2024-10-20,"Allan Border Field, Brisbane",3,44.1,44.1,South Australia,Queensland,AT Carey,NA McSweeney,M Labuschagne,0,0,,,,,,,,,,,,,
1444496,2024/25,2024-10-20,"Allan Border Field, Brisbane",3,44.2,44.2,South Australia,Queensland,AT Carey,NA McSweeney,M Labuschagne,0,0,,,,,,,,,,,,,
1444496,2024/25,2024-10-20,"Allan Border Field, Brisbane",3,44.3,44.3,South Australia,Queensland,AT Carey,NA McSweeney,M Labuschagne,4,0,,,,,,,,,,,,,
1444496,2024/25,2024-10-20,"Allan Border Field, Brisbane",3,44.4,44.4,South Australia,Queensland,AT Carey,NA McSweeney,M Labuschagne,1,0,,,,,,,,,,,,,
1444496,2024/25,2024-10-20,"Allan Border Field, Brisbane",3,44.5,44.5,South Australia,Queensland,NA McSweeney,AT Carey,M Labuschagne,0,0,,,,,,,,,,,,,
1444496,2024/25,2024-10-20,"Allan Border Field, Brisbane",3,44.6,44.6,South Australia,Queensland,NA McSweeney,AT Carey,M Labuschagne,0,0,,,,,,,,,,,,,
1444496,2024/25,2024-10-20,"Allan Border Field, Brisbane",3,45.1,45.1,South Australia,Queensland,AT Carey,NA McSweeney,MT Steketee,0,0,,,,,,,,,,,,,
1444496,2024/25,2024-10-20,"Allan Border Field, Brisbane",3,45.2,45.2,South Australia,Queensland,AT Carey,NA McSweeney,MT Steketee,0,0,,,,,,,,,,,,,
1444496,2024/25,2024-10-20,"Allan Border Field, Brisbane",3,45.3,45.3,South Australia,Queensland,AT Carey,NA McSweeney,MT Steketee,0,0,,,,,,,,,,,,,
1444496,2024/25,2024-10-20,"Allan Border Field, Brisbane",3,45.4,45.4,South Australia,Queensland,AT Carey,NA McSweeney,MT Steketee,4,0,,,,,,,,,,,,,
1444496,2024/25,2024-10-20,"Allan Border Field, Brisbane",3,45.5,45.5,South Australia,Queensland,AT Carey,NA McSweeney,MT Steketee,0,0,,,,,,,,,,,,,
1444496,2024/25,2024-10-20,"Allan Border Field, Brisbane",3,45.6,45.6,South Australia,Queensland,AT Carey,NA McSweeney,MT Steketee,4,0,,,,,,,,,,,,,
1444496,2024/25,2024-10-20,"Allan Border Field, Brisbane",3,46.1,46.1,South Australia,Queensland,NA McSweeney,AT Carey,M Labuschagne,0,0,,,,,,,,,,,,,
1444496,2024/25,2024-10-20,"Allan Border Field, Brisbane",3,46.2,46.2,South Australia,Queensland,NA McSweeney,AT Carey,M Labuschagne,0,0,,,,,,,,,,,,,
1444496,2024/25,2024-10-20,"Allan Border Field, Brisbane",3,46.3,46.3,South Australia,Queensland,NA McSweeney,AT Carey,M Labuschagne,0,0,,,,,,,,,,,,,
1444496,2024/25,2024-10-20,"Allan Border Field, Brisbane",3,46.4,46.4,South Australia,Queensland,NA McSweeney,AT Carey,M Labuschagne,0,0,,,,,,,,,,,,,
1444496,2024/25,2024-10-20,"Allan Border Field, Brisbane",3,46.5,46.5,South Australia,Queensland,NA McSweeney,AT Carey,M Labuschagne,0,0,,,,,,,,,,,,,
1444496,2024/25,2024-10-20,"Allan Border Field, Brisbane",3,46.6,46.6,South Australia,Queensland,NA McSweeney,AT Carey,M Labuschagne,0,0,,,,,,,,,,,,,
1444496,2024/25,2024-10-20,"Allan Border Field, Brisbane",3,47.1,47.1,South Australia,Queensland,AT Carey,NA McSweeney,MT Steketee,0,0,,,,,,,,,,,,,
1444496,2024/25,2024-10-20,"Allan Border Field, Brisbane",3,47.2,47.2,South Australia,Queensland,AT Carey,NA McSweeney,MT Steketee,0,0,,,,,,,,,,,,,
1444496,2024/25,2024-10-20,"Allan Border Field, Brisbane",3,47.3,47.3,South Australia,Queensland,AT Carey,NA McSweeney,MT Steketee,0,0,,,,,,,,,,,,,
1444496,2024/25,2024-10-20,"Allan Border Field, Brisbane",3,47.4,47.4,South Australia,Queensland,AT Carey,NA McSweeney,MT Steketee,0,0,,,,,,,,,,,,,
1444496,2024/25,2024-10-20,"Allan Border Field, Brisbane",3,47.5,47.5,South Australia,Queensland,AT Carey,NA McSweeney,MT Steketee,0,0,,,,,,,,,,,,,
1444496,2024/25,2024-10-20,"Allan Border Field, Brisbane",3,47.6,47.6,South Australia,Queensland,AT Carey,NA McSweeney,MT Steketee,0,0,,,,,,,,,,,,,
1444496,2024/25,2024-10-20,"Allan Border Field, Brisbane",3,48.1,48.1,South Australia,Queensland,NA McSweeney,AT Carey,M Labuschagne,0,1,,,,1,,,,,,,,,
1444496,2024/25,2024-10-20,"Allan Border Field, Brisbane",3,48.2,48.2,South Australia,Queensland,AT Carey,NA McSweeney,M Labuschagne,0,0,,,,,,,,,,,,,
1444496,2024/25,2024-10-20,"Allan Border Field, Brisbane",3,48.3,48.3,South Australia,Queensland,AT Carey,NA McSweeney,M Labuschagne,0,0,,,,,,,,,,,,,
1444496,2024/25,2024-10-20,"Allan Border Field, Brisbane",3,48.4,48.4,South Australia,Queensland,AT Carey,NA McSweeney,M Labuschagne,0,0,,,,,,,,,,,,,
1444496,2024/25,2024-10-20,"Allan Border Field, Brisbane",3,48.5,48.5,South Australia,Queensland,AT Carey,NA McSweeney,M Labuschagne,4,0,,,,,,,,,,,,,
1444496,2024/25,2024-10-20,"Allan Border Field, Brisbane",3,48.6,48.6,South Australia,Queensland,AT Carey,NA McSweeney,M Labuschagne,0,0,,,,,,,,,,,,,
1444496,2024/25,2024-10-20,"Allan Border Field, Brisbane",3,49.1,49.1,South Australia,Queensland,NA McSweeney,AT Carey,MT Steketee,0,0,,,,,,,,,,,,,
1444496,2024/25,2024-10-20,"Allan Border Field, Brisbane",3,49.2,49.2,South Australia,Queensland,NA McSweeney,AT Carey,MT Steketee,0,0,,,,,,,,,,,,,
1444496,2024/25,2024-10-20,"Allan Border Field, Brisbane",3,49.3,49.3,South Australia,Queensland,NA McSweeney,AT Carey,MT Steketee,0,0,,,,,,,,,,,,,
1444496,2024/25,2024-10-20,"Allan Border Field, Brisbane",3,49.4,49.4,South Australia,Queensland,NA McSweeney,AT Carey,MT Steketee,0,0,,,,,,,,,,,,,
1444496,2024/25,2024-10-20,"Allan Border Field, Brisbane",3,49.5,49.5,South Australia,Queensland,NA McSweeney,AT Carey,MT Steketee,0,0,,,,,,,,,,,,,
1444496,2024/25,2024-10-20,"Allan Border Field, Brisbane",3,49.6,49.6,South Australia,Queensland,NA McSweeney,AT Carey,MT Steketee,0,0,,,,,,,,,,,,,
1444496,2024/25,2024-10-20,"Allan Border Field, Brisbane",3,50.1,50.1,South Australia,Queensland,AT Carey,NA McSweeney,MJ Swepson,0,0,,,,,,,,,,,,,
1444496,2024/25,2024-10-20,"Allan Border Field, Brisbane",3,50.2,50.2,South Australia,Queensland,AT Carey,NA McSweeney,MJ Swepson,1,0,,,,,,,,,,,,,
1444496,2024/25,2024-10-20,"Allan Border Field, Brisbane",3,50.3,50.3,South Australia,Queensland,NA McSweeney,AT Carey,MJ Swepson,1,0,,,,,,,,,,,,,
1444496,2024/25,2024-10-20,"Allan Border Field, Brisbane",3,50.4,50.4,South Australia,Queensland,AT Carey,NA McSweeney,MJ Swepson,1,0,,,,,,,,,,,,,
1444496,2024/25,2024-10-20,"Allan Border Field, Brisbane",3,50.5,50.5,South Australia,Queensland,NA McSweeney,AT Carey,MJ Swepson,0,0,,,,,,,,,,,,,
1444496,2024/25,2024-10-20,"Allan Border Field, Brisbane",3,50.6,50.6,South Australia,Queensland,NA McSweeney,AT Carey,MJ Swepson,0,0,,,,,,,,,,,,,
1444496,2024/25,2024-10-20,"Allan Border Field, Brisbane",3,51.1,51.1,South Australia,Queensland,AT Carey,NA McSweeney,MT Steketee,0,0,,,,,,,,,,,,,
1444496,2024/25,2024-10-20,"Allan Border Field, Brisbane",3,51.2,51.2,South Australia,Queensland,AT Carey,NA McSweeney,MT Steketee,0,0,,,,,,,,,,,,,
1444496,2024/25,2024-10-20,"Allan Border Field, Brisbane",3,51.3,51.3,South Australia,Queensland,AT Carey,NA McSweeney,MT Steketee,0,0,,,,,,,,,,,,,
1444496,2024/25,2024-10-20,"Allan Border Field, Brisbane",3,51.4,51.4,South Australia,Queensland,AT Carey,NA McSweeney,MT Steketee,0,0,,,,,,,,,,,,,
1444496,2024/25,2024-10-20,"Allan Border Field, Brisbane",3,51.5,51.5,South Australia,Queensland,AT Carey,NA McSweeney,MT Steketee,0,0,,,,,,,,,,,,,
1444496,2024/25,2024-10-20,"Allan Border Field, Brisbane",3,51.6,51.6,South Australia,Queensland,AT Carey,NA McSweeney,MT Steketee,0,0,,,,,,,,,,,,,
1444496,2024/25,2024-10-20,"Allan Border Field, Brisbane",3,52.1,52.1,South Australia,Queensland,NA McSweeney,AT Carey,MJ Swepson,1,0,,,,,,,,,,,,,
1444496,2024/25,2024-10-20,"Allan Border Field, Brisbane",3,52.2,52.2,South Australia,Queensland,AT Carey,NA McSweeney,MJ Swepson,1,0,,,,,,,,,,,,,
1444496,2024/25,2024-10-20,"Allan Border Field, Brisbane",3,52.3,52.3,South Australia,Queensland,NA McSweeney,AT Carey,MJ Swepson,1,0,,,,,,,,,,,,,
1444496,2024/25,2024-10-20,"Allan Border Field, Brisbane",3,52.4,52.4,South Australia,Queensland,AT Carey,NA McSweeney,MJ Swepson,1,0,,,,,,,,,,,,,
1444496,2024/25,2024-10-20,"Allan Border Field, Brisbane",3,52.5,52.5,South Australia,Queensland,NA McSweeney,AT Carey,MJ Swepson,0,0,,,,,,,,,,,,,
1444496,2024/25,2024-10-20,"Allan Border Field, Brisbane",3,52.6,52.6,South Australia,Queensland,NA McSweeney,AT Carey,MJ Swepson,4,0,,,,,,,,,,,,,
1444496,2024/25,2024-10-20,"Allan Border Field, Brisbane",3,53.1,53.1,South Australia,Queensland,AT Carey,NA McSweeney,M Labuschagne,1,0,,,,,,,,,,,,,
1444496,2024/25,2024-10-20,"Allan Border Field, Brisbane",3,53.2,53.2,South Australia,Queensland,NA McSweeney,AT Carey,M Labuschagne,4,0,,,,,,,,,,,,,
1444496,2024/25,2024-10-20,"Allan Border Field, Brisbane",3,53.3,53.3,South Australia,Queensland,NA McSweeney,AT Carey,M Labuschagne,0,0,,,,,,,,,,,,,
1444496,2024/25,2024-10-20,"Allan Border Field, Brisbane",3,53.4,53.4,South Australia,Queensland,NA McSweeney,AT Carey,M Labuschagne,0,0,,,,,,,,,,,,,
1444496,2024/25,2024-10-20,"Allan Border Field, Brisbane",3,53.5,53.5,South Australia,Queensland,NA McSweeney,AT Carey,M Labuschagne,0,0,,,,,,,,,,,,,
1444496,2024/25,2024-10-20,"Allan Border Field, Brisbane",3,53.6,53.6,South Australia,Queensland,NA McSweeney,AT Carey,M Labuschagne,0,0,,,,,,,,,,,,,
1444496,2024/25,2024-10-20,"Allan Border Field, Brisbane",3,54.1,54.1,South Australia,Queensland,AT Carey,NA McSweeney,MJ Swepson,0,0,,,,,,,,,,,,,
1444496,2024/25,2024-10-20,"Allan Border Field, Brisbane",3,54.2,54.2,South Australia,Queensland,AT Carey,NA McSweeney,MJ Swepson,0,0,,,,,,,,,,,,,
1444496,2024/25,2024-10-20,"Allan Border Field, Brisbane",3,54.3,54.3,South Australia,Queensland,AT Carey,NA McSweeney,MJ Swepson,0,0,,,,,,,,,,,,,
1444496,2024/25,2024-10-20,"Allan Border Field, Brisbane",3,54.4,54.4,South Australia,Queensland,AT Carey,NA McSweeney,MJ Swepson,0,0,,,,,,,,,,,,,
1444496,2024/25,2024-10-20,"Allan Border Field, Brisbane",3,54.5,54.5,South Australia,Queensland,AT Carey,NA McSweeney,MJ Swepson,1,0,,,,,,,,,,,,,
1444496,2024/25,2024-10-20,"Allan Border Field, Brisbane",3,54.6,54.6,South Australia,Queensland,NA McSweeney,AT Carey,MJ Swepson,4,0,,,,,,,,,,,,,
1444496,2024/25,2024-10-20,"Allan Border Field, Brisbane",3,55.1,55.1,South Australia,Queensland,AT Carey,NA McSweeney,M Labuschagne,0,1,,,,1,,,,,,,,,
1444496,2024/25,2024-10-20,"Allan Border Field, Brisbane",3,55.2,55.2,South Australia,Queensland,NA McSweeney,AT Carey,M Labuschagne,0,0,,,,,,,,,,,,,
1444496,2024/25,2024-10-20,"Allan Border Field, Brisbane",3,55.3,55.3,South Australia,Queensland,NA McSweeney,AT Carey,M Labuschagne,0,0,,,,,,,,,,,,,
1444496,2024/25,2024-10-20,"Allan Border Field, Brisbane",3,55.4,55.4,South Australia,Queensland,NA McSweeney,AT Carey,M Labuschagne,0,0,,,,,,,,,,,,,
1444496,2024/25,2024-10-20,"Allan Border Field, Brisbane",3,55.5,55.5,South Australia,Queensland,NA McSweeney,AT Carey,M Labuschagne,1,0,,,,,,,,,,,,,
1444496,2024/25,2024-10-20,"Allan Border Field, Brisbane",3,55.6,55.6,South Australia,Queensland,AT Carey,NA McSweeney,M Labuschagne,4,0,,,,,,,,,,,,,
1444496,2024/25,2024-10-20,"Allan Border Field, Brisbane",3,56.1,56.1,South Australia,Queensland,NA McSweeney,AT Carey,MJ Swepson,0,0,,,,,,,caught,NA McSweeney,,,UT Khawaja,,
1444496,2024/25,2024-10-20,"Allan Border Field, Brisbane",3,56.2,56.2,South Australia,Queensland,JS Lehmann,AT Carey,MJ Swepson,0,0,,,,,,,,,,,,,
1444496,2024/25,2024-10-20,"Allan Border Field, Brisbane",3,56.3,56.3,South Australia,Queensland,JS Lehmann,AT Carey,MJ Swepson,1,0,,,,,,,,,,,,,
1444496,2024/25,2024-10-20,"Allan Border Field, Brisbane",3,56.4,56.4,South Australia,Queensland,AT Carey,JS Lehmann,MJ Swepson,1,0,,,,,,,,,,,,,
1444496,2024/25,2024-10-20,"Allan Border Field, Brisbane",3,56.5,56.5,South Australia,Queensland,JS Lehmann,AT Carey,MJ Swepson,0,0,,,,,,,,,,,,,
1444496,2024/25,2024-10-20,"Allan Border Field, Brisbane",3,56.6,56.6,South Australia,Queensland,JS Lehmann,AT Carey,MJ Swepson,0,0,,,,,,,,,,,,,
1444496,2024/25,2024-10-20,"Allan Border Field, Brisbane",3,57.1,57.1,South Australia,Queensland,AT Carey,JS Lehmann,T Whitney,0,0,,,,,,,,,,,,,
1444496,2024/25,2024-10-20,"Allan Border Field, Brisbane",3,57.2,57.2,South Australia,Queensland,AT Carey,JS Lehmann,T Whitney,4,0,,,,,,,,,,,,,
1444496,2024/25,2024-10-20,"Allan Border Field, Brisbane",3,57.3,57.3,South Australia,Queensland,AT Carey,JS Lehmann,T Whitney,1,0,,,,,,,,,,,,,
1444496,2024/25,2024-10-20,"Allan Border Field, Brisbane",3,57.4,57.4,South Australia,Queensland,JS Lehmann,AT Carey,T Whitney,0,0,,,,,,,,,,,,,
1444496,2024/25,2024-10-20,"Allan Border Field, Brisbane",3,57.5,57.5,South Australia,Queensland,JS Lehmann,AT Carey,T Whitney,0,0,,,,,,,,,,,,,
1444496,2024/25,2024-10-20,"Allan Border Field, Brisbane",3,57.6,57.6,South Australia,Queensland,JS Lehmann,AT Carey,T Whitney,0,0,,,,,,,,,,,,,
1444496,2024/25,2024-10-20,"Allan Border Field, Brisbane",3,58.1,58.1,South Australia,Queensland,AT Carey,JS Lehmann,MJ Swepson,0,0,,,,,,,,,,,,,
1444496,2024/25,2024-10-20,"Allan Border Field, Brisbane",3,58.2,58.2,South Australia,Queensland,AT Carey,JS Lehmann,MJ Swepson,0,0,,,,,,,,,,,,,
1444496,2024/25,2024-10-20,"Allan Border Field, Brisbane",3,58.3,58.3,South Australia,Queensland,AT Carey,JS Lehmann,MJ Swepson,0,0,,,,,,,,,,,,,
1444496,2024/25,2024-10-20,"Allan Border Field, Brisbane",3,58.4,58.4,South Australia,Queensland,AT Carey,JS Lehmann,MJ Swepson,0,0,,,,,,,,,,,,,
1444496,2024/25,2024-10-20,"Allan Border Field, Brisbane",3,58.5,58.5,South Australia,Queensland,AT Carey,JS Lehmann,MJ Swepson,0,0,,,,,,,,,,,,,
1444496,2024/25,2024-10-20,"Allan Border Field, Brisbane",3,58.6,58.6,South Australia,Queensland,AT Carey,JS Lehmann,MJ Swepson,0,0,,,,,,,,,,,,,
1444496,2024/25,2024-10-20,"Allan Border Field, Brisbane",3,59.1,59.1,South Australia,Queensland,JS Lehmann,AT Carey,T Whitney,0,0,,,,,,,,,,,,,
1444496,2024/25,2024-10-20,"Allan Border Field, Brisbane",3,59.2,59.2,South Australia,Queensland,JS Lehmann,AT Carey,T Whitney,4,0,,,,,,,,,,,,,
1444496,2024/25,2024-10-20,"Allan Border Field, Brisbane",3,59.3,59.3,South Australia,Queensland,JS Lehmann,AT Carey,T Whitney,1,0,,,,,,,,,,,,,
1444496,2024/25,2024-10-20,"Allan Border Field, Brisbane",3,59.4,59.4,South Australia,Queensland,AT Carey,JS Lehmann,T Whitney,0,0,,,,,,,,,,,,,
1444496,2024/25,2024-10-20,"Allan Border Field, Brisbane",3,59.5,59.5,South Australia,Queensland,AT Carey,JS Lehmann,T Whitney,4,0,,,,,,,,,,,,,
1444496,2024/25,2024-10-20,"Allan Border Field, Brisbane",3,59.6,59.6,South Australia,Queensland,AT Carey,JS Lehmann,T Whitney,0,1,1,,,,,,,,,,,,
1444496,2024/25,2024-10-20,"Allan Border Field, Brisbane",3,59.7,59.6,South Australia,Queensland,AT Carey,JS Lehmann,T Whitney,1,0,,,,,,,,,,,,,
1444496,2024/25,2024-10-20,"Allan Border Field, Brisbane",3,60.1,60.1,South Australia,Queensland,AT Carey,JS Lehmann,MJ Swepson,0,0,,,,,,,,,,,,,
1444496,2024/25,2024-10-20,"Allan Border Field, Brisbane",3,60.2,60.2,South Australia,Queensland,AT Carey,JS Lehmann,MJ Swepson,0,0,,,,,,,,,,,,,
1444496,2024/25,2024-10-20,"Allan Border Field, Brisbane",3,60.3,60.3,South Australia,Queensland,AT Carey,JS Lehmann,MJ Swepson,0,0,,,,,,,,,,,,,
1444496,2024/25,2024-10-20,"Allan Border Field, Brisbane",3,60.4,60.4,South Australia,Queensland,AT Carey,JS Lehmann,MJ Swepson,4,0,,,,,,,,,,,,,
1444496,2024/25,2024-10-20,"Allan Border Field, Brisbane",3,60.5,60.5,South Australia,Queensland,AT Carey,JS Lehmann,MJ Swepson,0,0,,,,,,,,,,,,,
1444496,2024/25,2024-10-20,"Allan Border Field, Brisbane",3,60.6,60.6,South Australia,Queensland,AT Carey,JS Lehmann,MJ Swepson,0,0,,,,,,,,,,,,,
1444496,2024/25,2024-10-20,"Allan Border Field, Brisbane",3,61.1,61.1,South Australia,Queensland,JS Lehmann,AT Carey,MG Neser,0,0,,,,,,,,,,,,,
1444496,2024/25,2024-10-20,"Allan Border Field, Brisbane",3,61.2,61.2,South Australia,Queensland,JS Lehmann,AT Carey,MG Neser,0,0,,,,,,,,,,,,,
1444496,2024/25,2024-10-20,"Allan Border Field, Brisbane",3,61.3,61.3,South Australia,Queensland,JS Lehmann,AT Carey,MG Neser,0,0,,,,,,,,,,,,,
1444496,2024/25,2024-10-20,"Allan Border Field, Brisbane",3,61.4,61.4,South Australia,Queensland,JS Lehmann,AT Carey,MG Neser,0,0,,,,,,,,,,,,,
1444496,2024/25,2024-10-20,"Allan Border Field, Brisbane",3,61.5,61.5,South Australia,Queensland,JS Lehmann,AT Carey,MG Neser,0,0,,,,,,,,,,,,,
1444496,2024/25,2024-10-20,"Allan Border Field, Brisbane",3,61.6,61.6,South Australia,Queensland,JS Lehmann,AT Carey,MG Neser,0,0,,,,,,,,,,,,,
1444496,2024/25,2024-10-20,"Allan Border Field, Brisbane",3,62.1,62.1,South Australia,Queensland,AT Carey,JS Lehmann,MJ Swepson,0,0,,,,,,,,,,,,,
1444496,2024/25,2024-10-20,"Allan Border Field, Brisbane",3,62.2,62.2,South Australia,Queensland,AT Carey,JS Lehmann,MJ Swepson,0,0,,,,,,,,,,,,,
1444496,2024/25,2024-10-20,"Allan Border Field, Brisbane",3,62.3,62.3,South Australia,Queensland,AT Carey,JS Lehmann,MJ Swepson,0,0,,,,,,,,,,,,,
1444496,2024/25,2024-10-20,"Allan Border Field, Brisbane",3,62.4,62.4,South Australia,Queensland,AT Carey,JS Lehmann,MJ Swepson,0,0,,,,,,,,,,,,,
1444496,2024/25,2024-10-20,"Allan Border Field, Brisbane",3,62.5,62.5,South Australia,Queensland,AT Carey,JS Lehmann,MJ Swepson,0,0,,,,,,,,,,,,,
1444496,2024/25,2024-10-20,"Allan Border Field, Brisbane",3,62.6,62.6,South Australia,Queensland,AT Carey,JS Lehmann,MJ Swepson,0,0,,,,,,,,,,,,,
1444496,2024/25,2024-10-20,"Allan Border Field, Brisbane",3,63.1,63.1,South Australia,Queensland,JS Lehmann,AT Carey,MG Neser,1,0,,,,,,,,,,,,,
1444496,2024/25,2024-10-20,"Allan Border Field, Brisbane",3,63.2,63.2,South Australia,Queensland,AT Carey,JS Lehmann,MG Neser,0,0,,,,,,,,,,,,,
1444496,2024/25,2024-10-20,"Allan Border Field, Brisbane",3,63.3,63.3,South Australia,Queensland,AT Carey,JS Lehmann,MG Neser,1,0,,,,,,,,,,,,,
1444496,2024/25,2024-10-20,"Allan Border Field, Brisbane",3,63.4,63.4,South Australia,Queensland,JS Lehmann,AT Carey,MG Neser,0,0,,,,,,,,,,,,,
1444496,2024/25,2024-10-20,"Allan Border Field, Brisbane",3,63.5,63.5,South Australia,Queensland,JS Lehmann,AT Carey,MG Neser,0,0,,,,,,,,,,,,,
1444496,2024/25,2024-10-20,"Allan Border Field, Brisbane",3,63.6,63.6,South Australia,Queensland,JS Lehmann,AT Carey,MG Neser,0,0,,,,,,,,,,,,,
1444496,2024/25,2024-10-20,"Allan Border Field, Brisbane",3,64.1,64.1,South Australia,Queensland,AT Carey,JS Lehmann,MJ Swepson,1,0,,,,,,,,,,,,,
1444496,2024/25,2024-10-20,"Allan Border Field, Brisbane",3,64.2,64.2,South Australia,Queensland,JS Lehmann,AT Carey,MJ Swepson,2,0,,,,,,,,,,,,,
1444496,2024/25,2024-10-20,"Allan Border Field, Brisbane",3,64.3,64.3,South Australia,Queensland,JS Lehmann,AT Carey,MJ Swepson,1,0,,,,,,,,,,,,,
1444496,2024/25,2024-10-20,"Allan Border Field, Brisbane",3,64.4,64.4,South Australia,Queensland,AT Carey,JS Lehmann,MJ Swepson,0,0,,,,,,,,,,,,,
1444496,2024/25,2024-10-20,"Allan Border Field, Brisbane",3,64.5,64.5,South Australia,Queensland,AT Carey,JS Lehmann,MJ Swepson,0,0,,,,,,,,,,,,,
1444496,2024/25,2024-10-20,"Allan Border Field, Brisbane",3,64.6,64.6,South Australia,Queensland,AT Carey,JS Lehmann,MJ Swepson,1,0,,,,,,,,,,,,,
1444496,2024/25,2024-10-20,"Allan Border Field, Brisbane",3,65.1,65.1,South Australia,Queensland,AT Carey,JS Lehmann,MG Neser,0,0,,,,,,,,,,,,,
1444496,2024/25,2024-10-20,"Allan Border Field, Brisbane",3,65.2,65.2,South Australia,Queensland,AT Carey,JS Lehmann,MG Neser,0,0,,,,,,,,,,,,,
1444496,2024/25,2024-10-20,"Allan Border Field, Brisbane",3,65.3,65.3,South Australia,Queensland,AT Carey,JS Lehmann,MG Neser,0,0,,,,,,,,,,,,,
1444496,2024/25,2024-10-20,"Allan Border Field, Brisbane",3,65.4,65.4,South Australia,Queensland,AT Carey,JS Lehmann,MG Neser,1,0,,,,,,,,,,,,,
1444496,2024/25,2024-10-20,"Allan Border Field, Brisbane",3,65.5,65.5,South Australia,Queensland,JS Lehmann,AT Carey,MG Neser,0,0,,,,,,,,,,,,,
1444496,2024/25,2024-10-20,"Allan Border Field, Brisbane",3,65.6,65.6,South Australia,Queensland,JS Lehmann,AT Carey,MG Neser,0,0,,,,,,,,,,,,,
1444496,2024/25,2024-10-20,"Allan Border Field, Brisbane",3,66.1,66.1,South Australia,Queensland,AT Carey,JS Lehmann,MJ Swepson,2,0,,,,,,,,,,,,,
1444496,2024/25,2024-10-20,"Allan Border Field, Brisbane",3,66.2,66.2,South Australia,Queensland,AT Carey,JS Lehmann,MJ Swepson,0,0,,,,,,,,,,,,,
1444496,2024/25,2024-10-20,"Allan Border Field, Brisbane",3,66.3,66.3,South Australia,Queensland,AT Carey,JS Lehmann,MJ Swepson,0,0,,,,,,,,,,,,,
1444496,2024/25,2024-10-20,"Allan Border Field, Brisbane",3,66.4,66.4,South Australia,Queensland,AT Carey,JS Lehmann,MJ Swepson,1,0,,,,,,,,,,,,,
1444496,2024/25,2024-10-20,"Allan Border Field, Brisbane",3,66.5,66.5,South Australia,Queensland,JS Lehmann,AT Carey,MJ Swepson,0,0,,,,,,,,,,,,,
1444496,2024/25,2024-10-20,"Allan Border Field, Brisbane",3,66.6,66.6,South Australia,Queensland,JS Lehmann,AT Carey,MJ Swepson,0,0,,,,,,,,,,,,,
1444496,2024/25,2024-10-20,"Allan Border Field, Brisbane",3,67.1,67.1,South Australia,Queensland,AT Carey,JS Lehmann,MT Renshaw,1,0,,,,,,,,,,,,,
1444496,2024/25,2024-10-20,"Allan Border Field, Brisbane",3,67.2,67.2,South Australia,Queensland,JS Lehmann,AT Carey,MT Renshaw,0,0,,,,,,,,,,,,,
1444496,2024/25,2024-10-20,"Allan Border Field, Brisbane",3,67.3,67.3,South Australia,Queensland,JS Lehmann,AT Carey,MT Renshaw,0,0,,,,,,,,,,,,,
1444496,2024/25,2024-10-20,"Allan Border Field, Brisbane",3,67.4,67.4,South Australia,Queensland,JS Lehmann,AT Carey,MT Renshaw,0,0,,,,,,,,,,,,,
1444496,2024/25,2024-10-20,"Allan Border Field, Brisbane",3,67.5,67.5,South Australia,Queensland,JS Lehmann,AT Carey,MT Renshaw,1,0,,,,,,,,,,,,,
1444496,2024/25,2024-10-20,"Allan Border Field, Brisbane",3,67.6,67.6,South Australia,Queensland,AT Carey,JS Lehmann,MT Renshaw,0,0,,,,,,,,,,,,,
1444496,2024/25,2024-10-20,"Allan Border Field, Brisbane",3,68.1,68.1,South Australia,Queensland,JS Lehmann,AT Carey,MJ Swepson,4,0,,,,,,,,,,,,,
1444496,2024/25,2024-10-20,"Allan Border Field, Brisbane",3,68.2,68.2,South Australia,Queensland,JS Lehmann,AT Carey,MJ Swepson,4,0,,,,,,,,,,,,,
1444496,2024/25,2024-10-20,"Allan Border Field, Brisbane",3,68.3,68.3,South Australia,Queensland,JS Lehmann,AT Carey,MJ Swepson,1,0,,,,,,,,,,,,,
1444496,2024/25,2024-10-20,"Allan Border Field, Brisbane",3,68.4,68.4,South Australia,Queensland,AT Carey,JS Lehmann,MJ Swepson,0,0,,,,,,,,,,,,,
1444496,2024/25,2024-10-20,"Allan Border Field, Brisbane",3,68.5,68.5,South Australia,Queensland,AT Carey,JS Lehmann,MJ Swepson,1,0,,,,,,,,,,,,,
1444496,2024/25,2024-10-20,"Allan Border Field, Brisbane",3,68.6,68.6,South Australia,Queensland,JS Lehmann,AT Carey,MJ Swepson,2,0,,,,,,,,,,,,,
1444496,2024/25,2024-10-20,"Allan Border Field, Brisbane",3,69.1,69.1,South Australia,Queensland,AT Carey,JS Lehmann,MT Renshaw,1,0,,,,,,,,,,,,,
1444496,2024/25,2024-10-20,"Allan Border Field, Brisbane",3,69.2,69.2,South Australia,Queensland,JS Lehmann,AT Carey,MT Renshaw,1,0,,,,,,,,,,,,,
1444496,2024/25,2024-10-20,"Allan Border Field, Brisbane",3,69.3,69.3,South Australia,Queensland,AT Carey,JS Lehmann,MT Renshaw,1,0,,,,,,,,,,,,,
1444496,2024/25,2024-10-20,"Allan Border Field, Brisbane",3,69.4,69.4,South Australia,Queensland,JS Lehmann,AT Carey,MT Renshaw,0,0,,,,,,,,,,,,,
1444496,2024/25,2024-10-20,"Allan Border Field, Brisbane",3,69.5,69.5,South Australia,Queensland,JS Lehmann,AT Carey,MT Renshaw,1,0,,,,,,,,,,,,,
1444496,2024/25,2024-10-20,"Allan Border Field, Brisbane",3,69.6,69.6,South Australia,Queensland,AT Carey,JS Lehmann,MT Renshaw,1,0,,,,,,,,,,,,,
1444496,2024/25,2024-10-20,"Allan Border Field, Brisbane",3,70.1,70.1,South Australia,Queensland,AT Carey,JS Lehmann,M Labuschagne,0,0,,,,,,,,,,,,,
1444496,2024/25,2024-10-20,"Allan Border Field, Brisbane",3,70.2,70.2,South Australia,Queensland,AT Carey,JS Lehmann,M Labuschagne,0,0,,,,,,,,,,,,,
1444496,2024/25,2024-10-20,"Allan Border Field, Brisbane",3,70.3,70.3,South Australia,Queensland,AT Carey,JS Lehmann,M Labuschagne,1,0,,,,,,,,,,,,,
1444496,2024/25,2024-10-20,"Allan Border Field, Brisbane",3,70.4,70.4,South Australia,Queensland,JS Lehmann,AT Carey,M Labuschagne,1,0,,,,,,,,,,,,,
1444496,2024/25,2024-10-20,"Allan Border Field, Brisbane",3,70.5,70.5,South Australia,Queensland,AT Carey,JS Lehmann,M Labuschagne,0,0,,,,,,,,,,,,,
1444496,2024/25,2024-10-20,"Allan Border Field, Brisbane",3,70.6,70.6,South Australia,Queensland,AT Carey,JS Lehmann,M Labuschagne,0,0,,,,,,,,,,,,,
1444496,2024/25,2024-10-20,"Allan Border Field, Brisbane",3,71.1,71.1,South Australia,Queensland,JS Lehmann,AT Carey,MT Renshaw,0,0,,,,,,,,,,,,,
1444496,2024/25,2024-10-20,"Allan Border Field, Brisbane",3,71.2,71.2,South Australia,Queensland,JS Lehmann,AT Carey,MT Renshaw,0,0,,,,,,,,,,,,,
1444496,2024/25,2024-10-20,"Allan Border Field, Brisbane",3,71.3,71.3,South Australia,Queensland,JS Lehmann,AT Carey,MT Renshaw,0,0,,,,,,,,,,,,,
1444496,2024/25,2024-10-20,"Allan Border Field, Brisbane",3,71.4,71.4,South Australia,Queensland,JS Lehmann,AT Carey,MT Renshaw,1,0,,,,,,,,,,,,,
1444496,2024/25,2024-10-20,"Allan Border Field, Brisbane",3,71.5,71.5,South Australia,Queensland,AT Carey,JS Lehmann,MT Renshaw,0,0,,,,,,,,,,,,,
1444496,2024/25,2024-10-20,"Allan Border Field, Brisbane",3,71.6,71.6,South Australia,Queensland,AT Carey,JS Lehmann,MT Renshaw,0,0,,,,,,,,,,,,,
1444496,2024/25,2024-10-20,"Allan Border Field, Brisbane",3,72.1,72.1,South Australia,Queensland,JS Lehmann,AT Carey,M Labuschagne,1,0,,,,,,,,,,,,,
1444496,2024/25,2024-10-20,"Allan Border Field, Brisbane",3,72.2,72.2,South Australia,Queensland,AT Carey,JS Lehmann,M Labuschagne,1,0,,,,,,,,,,,,,
1444496,2024/25,2024-10-20,"Allan Border Field, Brisbane",3,72.3,72.3,South Australia,Queensland,JS Lehmann,AT Carey,M Labuschagne,0,1,1,,,,,,,,,,,,
1444496,2024/25,2024-10-20,"Allan Border Field, Brisbane",3,72.4,72.3,South Australia,Queensland,JS Lehmann,AT Carey,M Labuschagne,0,0,,,,,,,,,,,,,
1444496,2024/25,2024-10-20,"Allan Border Field, Brisbane",3,72.5,72.4,South Australia,Queensland,JS Lehmann,AT Carey,M Labuschagne,1,0,,,,,,,,,,,,,
1444496,2024/25,2024-10-20,"Allan Border Field, Brisbane",3,72.6,72.5,South Australia,Queensland,AT Carey,JS Lehmann,M Labuschagne,0,0,,,,,,,,,,,,,
1444496,2024/25,2024-10-20,"Allan Border Field, Brisbane",3,72.7,72.6,South Australia,Queensland,AT Carey,JS Lehmann,M Labuschagne,0,0,,,,,,,,,,,,,
1444496,2024/25,2024-10-20,"Allan Border Field, Brisbane",3,73.1,73.1,South Australia,Queensland,JS Lehmann,AT Carey,MT Renshaw,4,0,,,,,,,,,,,,,
1444496,2024/25,2024-10-20,"Allan Border Field, Brisbane",3,73.2,73.2,South Australia,Queensland,JS Lehmann,AT Carey,MT Renshaw,0,0,,,,,,,,,,,,,
1444496,2024/25,2024-10-20,"Allan Border Field, Brisbane",3,73.3,73.3,South Australia,Queensland,JS Lehmann,AT Carey,MT Renshaw,0,0,,,,,,,,,,,,,
1444496,2024/25,2024-10-20,"Allan Border Field, Brisbane",3,73.4,73.4,South Australia,Queensland,JS Lehmann,AT Carey,MT Renshaw,1,0,,,,,,,,,,,,,
1444496,2024/25,2024-10-20,"Allan Border Field, Brisbane",3,73.5,73.5,South Australia,Queensland,AT Carey,JS Lehmann,MT Renshaw,1,0,,,,,,,,,,,,,
1444496,2024/25,2024-10-20,"Allan Border Field, Brisbane",3,73.6,73.6,South Australia,Queensland,JS Lehmann,AT Carey,MT Renshaw,0,0,,,,,,,,,,,,,
1444496,2024/25,2024-10-20,"Allan Border Field, Brisbane",3,74.1,74.1,South Australia,Queensland,AT Carey,JS Lehmann,M Labuschagne,0,0,,,,,,,,,,,,,
1444496,2024/25,2024-10-20,"Allan Border Field, Brisbane",3,74.2,74.2,South Australia,Queensland,AT Carey,JS Lehmann,M Labuschagne,0,0,,,,,,,,,,,,,
1444496,2024/25,2024-10-20,"Allan Border Field, Brisbane",3,74.3,74.3,South Australia,Queensland,AT Carey,JS Lehmann,M Labuschagne,0,0,,,,,,,,,,,,,
1444496,2024/25,2024-10-20,"Allan Border Field, Brisbane",3,74.4,74.4,South Australia,Queensland,AT Carey,JS Lehmann,M Labuschagne,0,0,,,,,,,,,,,,,
1444496,2024/25,2024-10-20,"Allan Border Field, Brisbane",3,74.5,74.5,South Australia,Queensland,AT Carey,JS Lehmann,M Labuschagne,4,0,,,,,,,,,,,,,
1444496,2024/25,2024-10-20,"Allan Border Field, Brisbane",3,74.6,74.6,South Australia,Queensland,AT Carey,JS Lehmann,M Labuschagne,0,0,,,,,,,,,,,,,
1444496,2024/25,2024-10-20,"Allan Border Field, Brisbane",3,75.1,75.1,South Australia,Queensland,JS Lehmann,AT Carey,MT Renshaw,1,0,,,,,,,,,,,,,
1444496,2024/25,2024-10-20,"Allan Border Field, Brisbane",3,75.2,75.2,South Australia,Queensland,AT Carey,JS Lehmann,MT Renshaw,1,0,,,,,,,,,,,,,
1444496,2024/25,2024-10-20,"Allan Border Field, Brisbane",3,75.3,75.3,South Australia,Queensland,JS Lehmann,AT Carey,MT Renshaw,1,0,,,,,,,,,,,,,
1444496,2024/25,2024-10-20,"Allan Border Field, Brisbane",3,75.4,75.4,South Australia,Queensland,AT Carey,JS Lehmann,MT Renshaw,0,0,,,,,,,,,,,,,
1444496,2024/25,2024-10-20,"Allan Border Field, Brisbane",3,75.5,75.5,South Australia,Queensland,AT Carey,JS Lehmann,MT Renshaw,0,0,,,,,,,,,,,,,
1444496,2024/25,2024-10-20,"Allan Border Field, Brisbane",3,75.6,75.6,South Australia,Queensland,AT Carey,JS Lehmann,MT Renshaw,1,0,,,,,,,,,,,,,
1444496,2024/25,2024-10-20,"Allan Border Field, Brisbane",3,76.1,76.1,South Australia,Queensland,AT Carey,JS Lehmann,M Labuschagne,0,0,,,,,,,,,,,,,
1444496,2024/25,2024-10-20,"Allan Border Field, Brisbane",3,76.2,76.2,South Australia,Queensland,AT Carey,JS Lehmann,M Labuschagne,0,1,1,,,,,,,,,,,,
1444496,2024/25,2024-10-20,"Allan Border Field, Brisbane",3,76.3,76.2,South Australia,Queensland,AT Carey,JS Lehmann,M Labuschagne,0,0,,,,,,,,,,,,,
1444496,2024/25,2024-10-20,"Allan Border Field, Brisbane",3,76.4,76.3,South Australia,Queensland,AT Carey,JS Lehmann,M Labuschagne,1,0,,,,,,,,,,,,,
1444496,2024/25,2024-10-20,"Allan Border Field, Brisbane",3,76.5,76.4,South Australia,Queensland,JS Lehmann,AT Carey,M Labuschagne,0,0,,,,,,,,,,,,,
1444496,2024/25,2024-10-20,"Allan Border Field, Brisbane",3,76.6,76.5,South Australia,Queensland,JS Lehmann,AT Carey,M Labuschagne,0,0,,,,,,,caught,JS Lehmann,,,MT Renshaw,,
1444496,2024/25,2024-10-20,"Allan Border Field, Brisbane",3,76.7,76.6,South Australia,Queensland,L Scott,AT Carey,M Labuschagne,0,0,,,,,,,,,,,,,
1444496,2024/25,2024-10-20,"Allan Border Field, Brisbane",3,77.1,77.1,South Australia,Queensland,AT Carey,L Scott,MJ Swepson,0,0,,,,,,,,,,,,,
1444496,2024/25,2024-10-20,"Allan Border Field, Brisbane",3,77.2,77.2,South Australia,Queensland,AT Carey,L Scott,MJ Swepson,0,0,,,,,,,,,,,,,
1444496,2024/25,2024-10-20,"Allan Border Field, Brisbane",3,77.3,77.3,South Australia,Queensland,AT Carey,L Scott,MJ Swepson,6,0,,,,,,,,,,,,,
1444496,2024/25,2024-10-20,"Allan Border Field, Brisbane",3,77.4,77.4,South Australia,Queensland,AT Carey,L Scott,MJ Swepson,0,0,,,,,,,,,,,,,
1444496,2024/25,2024-10-20,"Allan Border Field, Brisbane",3,77.5,77.5,South Australia,Queensland,AT Carey,L Scott,MJ Swepson,1,0,,,,,,,,,,,,,
1444496,2024/25,2024-10-20,"Allan Border Field, Brisbane",3,77.6,77.6,South Australia,Queensland,L Scott,AT Carey,MJ Swepson,1,0,,,,,,,,,,,,,
1444496,2024/25,2024-10-20,"Allan Border Field, Brisbane",3,78.1,78.1,South Australia,Queensland,L Scott,AT Carey,M Labuschagne,4,0,,,,,,,,,,,,,
1444496,2024/25,2024-10-20,"Allan Border Field, Brisbane",3,78.2,78.2,South Australia,Queensland,L Scott,AT Carey,M Labuschagne,0,0,,,,,,,,,,,,,
1444496,2024/25,2024-10-20,"Allan Border Field, Brisbane",3,78.3,78.3,South Australia,Queensland,L Scott,AT Carey,M Labuschagne,0,0,,,,,,,,,,,,,
1444496,2024/25,2024-10-20,"Allan Border Field, Brisbane",3,78.4,78.4,South Australia,Queensland,L Scott,AT Carey,M Labuschagne,0,0,,,,,,,,,,,,,
1444496,2024/25,2024-10-20,"Allan Border Field, Brisbane",3,78.5,78.5,South Australia,Queensland,L Scott,AT Carey,M Labuschagne,0,0,,,,,,,,,,,,,
1444496,2024/25,2024-10-20,"Allan Border Field, Brisbane",3,78.6,78.6,South Australia,Queensland,L Scott,AT Carey,M Labuschagne,1,0,,,,,,,,,,,,,
1444496,2024/25,2024-10-20,"Allan Border Field, Brisbane",3,79.1,79.1,South Australia,Queensland,L Scott,AT Carey,MJ Swepson,0,0,,,,,,,,,,,,,
1444496,2024/25,2024-10-20,"Allan Border Field, Brisbane",3,79.2,79.2,South Australia,Queensland,L Scott,AT Carey,MJ Swepson,0,0,,,,,,,,,,,,,
1444496,2024/25,2024-10-20,"Allan Border Field, Brisbane",3,79.3,79.3,South Australia,Queensland,L Scott,AT Carey,MJ Swepson,0,0,,,,,,,,,,,,,
1444496,2024/25,2024-10-20,"Allan Border Field, Brisbane",3,79.4,79.4,South Australia,Queensland,L Scott,AT Carey,MJ Swepson,4,0,,,,,,,,,,,,,
1444496,2024/25,2024-10-20,"Allan Border Field, Brisbane",3,79.5,79.5,South Australia,Queensland,L Scott,AT Carey,MJ Swepson,0,0,,,,,,,,,,,,,
1444496,2024/25,2024-10-20,"Allan Border Field, Brisbane",3,79.6,79.6,South Australia,Queensland,L Scott,AT Carey,MJ Swepson,0,0,,,,,,,,,,,,,
1444496,2024/25,2024-10-20,"Allan Border Field, Brisbane",3,80.1,80.1,South Australia,Queensland,AT Carey,L Scott,MG Neser,1,0,,,,,,,,,,,,,
1444496,2024/25,2024-10-20,"Allan Border Field, Brisbane",3,80.2,80.2,South Australia,Queensland,L Scott,AT Carey,MG Neser,0,0,,,,,,,,,,,,,
1444496,2024/25,2024-10-20,"Allan Border Field, Brisbane",3,80.3,80.3,South Australia,Queensland,L Scott,AT Carey,MG Neser,0,0,,,,,,,,,,,,,
1444496,2024/25,2024-10-20,"Allan Border Field, Brisbane",3,80.4,80.4,South Australia,Queensland,L Scott,AT Carey,MG Neser,1,0,,,,,,,,,,,,,
1444496,2024/25,2024-10-20,"Allan Border Field, Brisbane",3,80.5,80.5,South Australia,Queensland,AT Carey,L Scott,MG Neser,0,0,,,,,,,,,,,,,
1444496,2024/25,2024-10-20,"Allan Border Field, Brisbane",3,80.6,80.6,South Australia,Queensland,AT Carey,L Scott,MG Neser,0,0,,,,,,,,,,,,,
1444496,2024/25,2024-10-20,"Allan Border Field, Brisbane",3,81.1,81.1,South Australia,Queensland,L Scott,AT Carey,MT Steketee,0,0,,,,,,,,,,,,,
1444496,2024/25,2024-10-20,"Allan Border Field, Brisbane",3,81.2,81.2,South Australia,Queensland,L Scott,AT Carey,MT Steketee,0,0,,,,,,,,,,,,,
1444496,2024/25,2024-10-20,"Allan Border Field, Brisbane",3,81.3,81.3,South Australia,Queensland,L Scott,AT Carey,MT Steketee,0,0,,,,,,,,,,,,,
1444496,2024/25,2024-10-20,"Allan Border Field, Brisbane",3,81.4,81.4,South Australia,Queensland,L Scott,AT Carey,MT Steketee,0,0,,,,,,,,,,,,,
1444496,2024/25,2024-10-20,"Allan Border Field, Brisbane",3,81.5,81.5,South Australia,Queensland,L Scott,AT Carey,MT Steketee,0,0,,,,,,,caught,L Scott,,,M Labuschagne,,
1444496,2024/25,2024-10-20,"Allan Border Field, Brisbane",3,81.6,81.6,South Australia,Queensland,BAD Manenti,AT Carey,MT Steketee,0,0,,,,,,,,,,,,,
1444496,2024/25,2024-10-20,"Allan Border Field, Brisbane",3,82.1,82.1,South Australia,Queensland,AT Carey,BAD Manenti,MG Neser,0,0,,,,,,,,,,,,,
1444496,2024/25,2024-10-20,"Allan Border Field, Brisbane",3,82.2,82.2,South Australia,Queensland,AT Carey,BAD Manenti,MG Neser,1,0,,,,,,,,,,,,,
1444496,2024/25,2024-10-20,"Allan Border Field, Brisbane",3,82.3,82.3,South Australia,Queensland,BAD Manenti,AT Carey,MG Neser,4,0,,,,,,,,,,,,,
1444496,2024/25,2024-10-20,"Allan Border Field, Brisbane",3,82.4,82.4,South Australia,Queensland,BAD Manenti,AT Carey,MG Neser,0,0,,,,,,,,,,,,,
1444496,2024/25,2024-10-20,"Allan Border Field, Brisbane",3,82.5,82.5,South Australia,Queensland,BAD Manenti,AT Carey,MG Neser,0,0,,,,,,,,,,,,,
1444496,2024/25,2024-10-20,"Allan Border Field, Brisbane",3,82.6,82.6,South Australia,Queensland,BAD Manenti,AT Carey,MG Neser,0,0,,,,,,,,,,,,,
1444496,2024/25,2024-10-20,"Allan Border Field, Brisbane",3,83.1,83.1,South Australia,Queensland,AT Carey,BAD Manenti,MT Steketee,0,0,,,,,,,,,,,,,
1444496,2024/25,2024-10-20,"Allan Border Field, Brisbane",3,83.2,83.2,South Australia,Queensland,AT Carey,BAD Manenti,MT Steketee,0,0,,,,,,,,,,,,,
1444496,2024/25,2024-10-20,"Allan Border Field, Brisbane",3,83.3,83.3,South Australia,Queensland,AT Carey,BAD Manenti,MT Steketee,0,0,,,,,,,,,,,,,
1444496,2024/25,2024-10-20,"Allan Border Field, Brisbane",3,83.4,83.4,South Australia,Queensland,AT Carey,BAD Manenti,MT Steketee,4,0,,,,,,,,,,,,,
1444496,2024/25,2024-10-20,"Allan Border Field, Brisbane",3,83.5,83.5,South Australia,Queensland,AT Carey,BAD Manenti,MT Steketee,6,0,,,,,,,,,,,,,
1444496,2024/25,2024-10-20,"Allan Border Field, Brisbane",3,83.6,83.6,South Australia,Queensland,AT Carey,BAD Manenti,MT Steketee,4,0,,,,,,,,,,,,,
1444496,2024/25,2024-10-20,"Allan Border Field, Brisbane",3,84.1,84.1,South Australia,Queensland,BAD Manenti,AT Carey,MG Neser,0,0,,,,,,,,,,,,,
1444496,2024/25,2024-10-20,"Allan Border Field, Brisbane",3,84.2,84.2,South Australia,Queensland,BAD Manenti,AT Carey,MG Neser,0,0,,,,,,,,,,,,,
1444496,2024/25,2024-10-20,"Allan Border Field, Brisbane",3,84.3,84.3,South Australia,Queensland,BAD Manenti,AT Carey,MG Neser,0,0,,,,,,,,,,,,,
1444496,2024/25,2024-10-20,"Allan Border Field, Brisbane",3,84.4,84.4,South Australia,Queensland,BAD Manenti,AT Carey,MG Neser,0,0,,,,,,,,,,,,,
1444496,2024/25,2024-10-20,"Allan Border Field, Brisbane",3,84.5,84.5,South Australia,Queensland,BAD Manenti,AT Carey,MG Neser,1,0,,,,,,,,,,,,,
1444496,2024/25,2024-10-20,"Allan Border Field, Brisbane",3,84.6,84.6,South Australia,Queensland,AT Carey,BAD Manenti,MG Neser,0,0,,,,,,,,,,,,,
1444496,2024/25,2024-10-20,"Allan Border Field, Brisbane",3,85.1,85.1,South Australia,Queensland,BAD Manenti,AT Carey,MT Steketee,0,0,,,,,,,,,,,,,
1444496,2024/25,2024-10-20,"Allan Border Field, Brisbane",3,85.2,85.2,South Australia,Queensland,BAD Manenti,AT Carey,MT Steketee,0,0,,,,,,,,,,,,,
1444496,2024/25,2024-10-20,"Allan Border Field, Brisbane",3,85.3,85.3,South Australia,Queensland,BAD Manenti,AT Carey,MT Steketee,0,0,,,,,,,,,,,,,
1444496,2024/25,2024-10-20,"Allan Border Field, Brisbane",3,85.4,85.4,South Australia,Queensland,BAD Manenti,AT Carey,MT Steketee,0,0,,,,,,,,,,,,,
1444496,2024/25,2024-10-20,"Allan Border Field, Brisbane",3,85.5,85.5,South Australia,Queensland,BAD Manenti,AT Carey,MT Steketee,0,0,,,,,,,,,,,,,
1444496,2024/25,2024-10-20,"Allan Border Field, Brisbane",3,85.6,85.6,South Australia,Queensland,BAD Manenti,AT Carey,MT Steketee,0,0,,,,,,,,,,,,,
1444496,2024/25,2024-10-20,"Allan Border Field, Brisbane",3,86.1,86.1,South Australia,Queensland,AT Carey,BAD Manenti,MG Neser,1,0,,,,,,,,,,,,,
1444496,2024/25,2024-10-20,"Allan Border Field, Brisbane",3,86.2,86.2,South Australia,Queensland,BAD Manenti,AT Carey,MG Neser,0,0,,,,,,,,,,,,,
1444496,2024/25,2024-10-20,"Allan Border Field, Brisbane",3,86.3,86.3,South Australia,Queensland,BAD Manenti,AT Carey,MG Neser,4,0,,,,,,,,,,,,,
1444496,2024/25,2024-10-20,"Allan Border Field, Brisbane",3,86.4,86.4,South Australia,Queensland,BAD Manenti,AT Carey,MG Neser,0,0,,,,,,,,,,,,,
1444496,2024/25,2024-10-20,"Allan Border Field, Brisbane",3,86.5,86.5,South Australia,Queensland,BAD Manenti,AT Carey,MG Neser,0,0,,,,,,,,,,,,,
1444496,2024/25,2024-10-20,"Allan Border Field, Brisbane",3,86.6,86.6,South Australia,Queensland,BAD Manenti,AT Carey,MG Neser,0,0,,,,,,,,,,,,,
1444496,2024/25,2024-10-20,"Allan Border Field, Brisbane",3,87.1,87.1,South Australia,Queensland,AT Carey,BAD Manenti,MT Steketee,0,0,,,,,,,,,,,,,
1444496,2024/25,2024-10-20,"Allan Border Field, Brisbane",3,87.2,87.2,South Australia,Queensland,AT Carey,BAD Manenti,MT Steketee,1,0,,,,,,,,,,,,,
1444496,2024/25,2024-10-20,"Allan Border Field, Brisbane",3,87.3,87.3,South Australia,Queensland,BAD Manenti,AT Carey,MT Steketee,4,0,,,,,,,,,,,,,
1444496,2024/25,2024-10-20,"Allan Border Field, Brisbane",3,87.4,87.4,South Australia,Queensland,BAD Manenti,AT Carey,MT Steketee,1,0,,,,,,,,,,,,,
1444496,2024/25,2024-10-20,"Allan Border Field, Brisbane",3,87.5,87.5,South Australia,Queensland,AT Carey,BAD Manenti,MT Steketee,1,0,,,,,,,,,,,,,
1444496,2024/25,2024-10-20,"Allan Border Field, Brisbane",3,87.6,87.6,South Australia,Queensland,BAD Manenti,AT Carey,MT Steketee,1,0,,,,,,,,,,,,,
1444496,2024/25,2024-10-20,"Allan Border Field, Brisbane",3,88.1,88.1,South Australia,Queensland,BAD Manenti,AT Carey,MG Neser,0,0,,,,,,,,,,,,,
1444496,2024/25,2024-10-20,"Allan Border Field, Brisbane",3,88.2,88.2,South Australia,Queensland,BAD Manenti,AT Carey,MG Neser,0,0,,,,,,,,,,,,,
1444496,2024/25,2024-10-20,"Allan Border Field, Brisbane",3,88.3,88.3,South Australia,Queensland,BAD Manenti,AT Carey,MG Neser,0,0,,,,,,,,,,,,,
1444496,2024/25,2024-10-20,"Allan Border Field, Brisbane",3,88.4,88.4,South Australia,Queensland,BAD Manenti,AT Carey,MG Neser,4,0,,,,,,,,,,,,,
1444496,2024/25,2024-10-20,"Allan Border Field, Brisbane",3,88.5,88.5,South Australia,Queensland,BAD Manenti,AT Carey,MG Neser,0,0,,,,,,,,,,,,,
1444496,2024/25,2024-10-20,"Allan Border Field, Brisbane",3,88.6,88.6,South Australia,Queensland,BAD Manenti,AT Carey,MG Neser,1,0,,,,,,,,,,,,,
1444496,2024/25,2024-10-20,"Allan Border Field, Brisbane",3,89.1,89.1,South Australia,Queensland,BAD Manenti,AT Carey,MT Steketee,0,0,,,,,,,,,,,,,
1444496,2024/25,2024-10-20,"Allan Border Field, Brisbane",3,89.2,89.2,South Australia,Queensland,BAD Manenti,AT Carey,MT Steketee,0,0,,,,,,,,,,,,,
1444496,2024/25,2024-10-20,"Allan Border Field, Brisbane",3,89.3,89.3,South Australia,Queensland,BAD Manenti,AT Carey,MT Steketee,0,0,,,,,,,,,,,,,
1444496,2024/25,2024-10-20,"Allan Border Field, Brisbane",3,89.4,89.4,South Australia,Queensland,BAD Manenti,AT Carey,MT Steketee,0,0,,,,,,,,,,,,,
1444496,2024/25,2024-10-20,"Allan Border Field, Brisbane",3,89.5,89.5,South Australia,Queensland,BAD Manenti,AT Carey,MT Steketee,0,0,,,,,,,bowled,BAD Manenti,,,,,
1444496,2024/25,2024-10-20,"Allan Border Field, Brisbane",3,89.6,89.6,South Australia,Queensland,WA Agar,AT Carey,MT Steketee,0,0,,,,,,,caught,WA Agar,,,MJ Swepson,,
1444496,2024/25,2024-10-20,"Allan Border Field, Brisbane",3,90.1,90.1,South Australia,Queensland,AT Carey,JS Buckingham,MG Neser,0,0,,,,,,,,,,,,,
1444496,2024/25,2024-10-20,"Allan Border Field, Brisbane",3,90.2,90.2,South Australia,Queensland,AT Carey,JS Buckingham,MG Neser,0,0,,,,,,,,,,,,,
1444496,2024/25,2024-10-20,"Allan Border Field, Brisbane",3,90.3,90.3,South Australia,Queensland,AT Carey,JS Buckingham,MG Neser,0,0,,,,,,,,,,,,,
1444496,2024/25,2024-10-20,"Allan Border Field, Brisbane",3,90.4,90.4,South Australia,Queensland,AT Carey,JS Buckingham,MG Neser,1,0,,,,,,,,,,,,,
1444496,2024/25,2024-10-20,"Allan Border Field, Brisbane",3,90.5,90.5,South Australia,Queensland,JS Buckingham,AT Carey,MG Neser,0,0,,,,,,,,,,,,,
1444496,2024/25,2024-10-20,"Allan Border Field, Brisbane",3,90.6,90.6,South Australia,Queensland,JS Buckingham,AT Carey,MG Neser,0,0,,,,,,,,,,,,,
1444496,2024/25,2024-10-20,"Allan Border Field, Brisbane",3,91.1,91.1,South Australia,Queensland,AT Carey,JS Buckingham,MT Steketee,0,0,,,,,,,,,,,,,
1444496,2024/25,2024-10-20,"Allan Border Field, Brisbane",3,91.2,91.2,South Australia,Queensland,AT Carey,JS Buckingham,MT Steketee,6,0,,,,,,,,,,,,,
1444496,2024/25,2024-10-20,"Allan Border Field, Brisbane",3,91.3,91.3,South Australia,Queensland,AT Carey,JS Buckingham,MT Steketee,0,0,,,,,,,,,,,,,
1444496,2024/25,2024-10-20,"Allan Border Field, Brisbane",3,91.4,91.4,South Australia,Queensland,AT Carey,JS Buckingham,MT Steketee,1,0,,,,,,,,,,,,,
1444496,2024/25,2024-10-20,"Allan Border Field, Brisbane",3,91.5,91.5,South Australia,Queensland,JS Buckingham,AT Carey,MT Steketee,0,0,,,,,,,,,,,,,
1444496,2024/25,2024-10-20,"Allan Border Field, Brisbane",3,91.6,91.6,South Australia,Queensland,JS Buckingham,AT Carey,MT Steketee,0,0,,,,,,,,,,,,,
1444496,2024/25,2024-10-20,"Allan Border Field, Brisbane",3,92.1,92.1,South Australia,Queensland,AT Carey,JS Buckingham,MG Neser,0,0,,,,,,,,,,,,,
1444496,2024/25,2024-10-20,"Allan Border Field, Brisbane",3,92.2,92.2,South Australia,Queensland,AT Carey,JS Buckingham,MG Neser,0,0,,,,,,,,,,,,,
1444496,2024/25,2024-10-20,"Allan Border Field, Brisbane",3,92.3,92.3,South Australia,Queensland,AT Carey,JS Buckingham,MG Neser,4,0,,,,,,,,,,,,,
1444496,2024/25,2024-10-20,"Allan Border Field, Brisbane",3,92.4,92.4,South Australia,Queensland,AT Carey,JS Buckingham,MG Neser,1,0,,,,,,,,,,,,,
1444496,2024/25,2024-10-20,"Allan Border Field, Brisbane",3,92.5,92.5,South Australia,Queensland,JS Buckingham,AT Carey,MG Neser,0,0,,,,,,,,,,,,,
1444496,2024/25,2024-10-20,"Allan Border Field, Brisbane",3,92.6,92.6,South Australia,Queensland,JS Buckingham,AT Carey,MG Neser,0,0,,,,,,,,,,,,,
1444496,2024/25,2024-10-20,"Allan Border Field, Brisbane",3,93.1,93.1,South Australia,Queensland,AT Carey,JS Buckingham,MT Steketee,0,0,,,,,,,,,,,,,
1444496,2024/25,2024-10-20,"Allan Border Field, Brisbane",3,93.2,93.2,South Australia,Queensland,AT Carey,JS Buckingham,MT Steketee,6,0,,,,,,,,,,,,,
1444496,2024/25,2024-10-20,"Allan Border Field, Brisbane",3,93.3,93.3,South Australia,Queensland,AT Carey,JS Buckingham,MT Steketee,0,1,1,,,,,,,,,,,,
1444496,2024/25,2024-10-20,"Allan Border Field, Brisbane",3,93.4,93.3,South Australia,Queensland,AT Carey,JS Buckingham,MT Steketee,0,0,,,,,,,,,,,,,
1444496,2024/25,2024-10-20,"Allan Border Field, Brisbane",3,93.5,93.4,South Australia,Queensland,AT Carey,JS Buckingham,MT Steketee,0,0,,,,,,,,,,,,,
1444496,2024/25,2024-10-20,"Allan Border Field, Brisbane",3,93.6,93.5,South Australia,Queensland,AT Carey,JS Buckingham,MT Steketee,1,0,,,,,,,,,,,,,
1444496,2024/25,2024-10-20,"Allan Border Field, Brisbane",3,93.7,93.6,South Australia,Queensland,JS Buckingham,AT Carey,MT Steketee,0,0,,,,,,,,,,,,,
1444496,2024/25,2024-10-20,"Allan Border Field, Brisbane",4,0.1,0.1,Queensland,South Australia,UT Khawaja,MT Renshaw,JS Buckingham,0,0,,,,,,,,,,,,,
1444496,2024/25,2024-10-20,"Allan Border Field, Brisbane",4,0.2,0.2,Queensland,South Australia,UT Khawaja,MT Renshaw,JS Buckingham,0,0,,,,,,,,,,,,,
1444496,2024/25,2024-10-20,"Allan Border Field, Brisbane",4,0.3,0.3,Queensland,South Australia,UT Khawaja,MT Renshaw,JS Buckingham,2,0,,,,,,,,,,,,,
1444496,2024/25,2024-10-20,"Allan Border Field, Brisbane",4,0.4,0.4,Queensland,South Australia,UT Khawaja,MT Renshaw,JS Buckingham,0,0,,,,,,,,,,,,,
1444496,2024/25,2024-10-20,"Allan Border Field, Brisbane",4,0.5,0.5,Queensland,South Australia,UT Khawaja,MT Renshaw,JS Buckingham,0,0,,,,,,,,,,,,,
1444496,2024/25,2024-10-20,"Allan Border Field, Brisbane",4,0.6,0.6,Queensland,South Australia,UT Khawaja,MT Renshaw,JS Buckingham,0,0,,,,,,,,,,,,,
1444496,2024/25,2024-10-20,"Allan Border Field, Brisbane",4,1.1,1.1,Queensland,South Australia,MT Renshaw,UT Khawaja,N McAndrew,0,0,,,,,,,,,,,,,
1444496,2024/25,2024-10-20,"Allan Border Field, Brisbane",4,1.2,1.2,Queensland,South Australia,MT Renshaw,UT Khawaja,N McAndrew,0,0,,,,,,,,,,,,,
1444496,2024/25,2024-10-20,"Allan Border Field, Brisbane",4,1.3,1.3,Queensland,South Australia,MT Renshaw,UT Khawaja,N McAndrew,0,0,,,,,,,,,,,,,
1444496,2024/25,2024-10-20,"Allan Border Field, Brisbane",4,1.4,1.4,Queensland,South Australia,MT Renshaw,UT Khawaja,N McAndrew,0,0,,,,,,,,,,,,,
1444496,2024/25,2024-10-20,"Allan Border Field, Brisbane",4,1.5,1.5,Queensland,South Australia,MT Renshaw,UT Khawaja,N McAndrew,0,0,,,,,,,,,,,,,
1444496,2024/25,2024-10-20,"Allan Border Field, Brisbane",4,1.6,1.6,Queensland,South Australia,MT Renshaw,UT Khawaja,N McAndrew,0,0,,,,,,,,,,,,,
1444496,2024/25,2024-10-20,"Allan Border Field, Brisbane",4,2.1,2.1,Queensland,South Australia,UT Khawaja,MT Renshaw,JS Buckingham,0,0,,,,,,,,,,,,,
1444496,2024/25,2024-10-20,"Allan Border Field, Brisbane",4,2.2,2.2,Queensland,South Australia,UT Khawaja,MT Renshaw,JS Buckingham,0,0,,,,,,,,,,,,,
1444496,2024/25,2024-10-20,"Allan Border Field, Brisbane",4,2.3,2.3,Queensland,South Australia,UT Khawaja,MT Renshaw,JS Buckingham,0,0,,,,,,,,,,,,,
1444496,2024/25,2024-10-20,"Allan Border Field, Brisbane",4,2.4,2.4,Queensland,South Australia,UT Khawaja,MT Renshaw,JS Buckingham,2,0,,,,,,,,,,,,,
1444496,2024/25,2024-10-20,"Allan Border Field, Brisbane",4,2.5,2.5,Queensland,South Australia,UT Khawaja,MT Renshaw,JS Buckingham,4,0,,,,,,,,,,,,,
1444496,2024/25,2024-10-20,"Allan Border Field, Brisbane",4,2.6,2.6,Queensland,South Australia,UT Khawaja,MT Renshaw,JS Buckingham,0,0,,,,,,,,,,,,,
1444496,2024/25,2024-10-20,"Allan Border Field, Brisbane",4,3.1,3.1,Queensland,South Australia,MT Renshaw,UT Khawaja,N McAndrew,0,0,,,,,,,,,,,,,
1444496,2024/25,2024-10-20,"Allan Border Field, Brisbane",4,3.2,3.2,Queensland,South Australia,MT Renshaw,UT Khawaja,N McAndrew,0,0,,,,,,,,,,,,,
1444496,2024/25,2024-10-20,"Allan Border Field, Brisbane",4,3.3,3.3,Queensland,South Australia,MT Renshaw,UT Khawaja,N McAndrew,0,0,,,,,,,,,,,,,
1444496,2024/25,2024-10-20,"Allan Border Field, Brisbane",4,3.4,3.4,Queensland,South Australia,MT Renshaw,UT Khawaja,N McAndrew,0,0,,,,,,,,,,,,,
1444496,2024/25,2024-10-20,"Allan Border Field, Brisbane",4,3.5,3.5,Queensland,South Australia,MT Renshaw,UT Khawaja,N McAndrew,0,0,,,,,,,,,,,,,
1444496,2024/25,2024-10-20,"Allan Border Field, Brisbane",4,3.6,3.6,Queensland,South Australia,MT Renshaw,UT Khawaja,N McAndrew,0,0,,,,,,,,,,,,,
1444496,2024/25,2024-10-20,"Allan Border Field, Brisbane",4,4.1,4.1,Queensland,South Australia,UT Khawaja,MT Renshaw,JS Buckingham,0,0,,,,,,,,,,,,,
1444496,2024/25,2024-10-20,"Allan Border Field, Brisbane",4,4.2,4.2,Queensland,South Australia,UT Khawaja,MT Renshaw,JS Buckingham,0,0,,,,,,,,,,,,,
1444496,2024/25,2024-10-20,"Allan Border Field, Brisbane",4,4.3,4.3,Queensland,South Australia,UT Khawaja,MT Renshaw,JS Buckingham,0,0,,,,,,,,,,,,,
1444496,2024/25,2024-10-20,"Allan Border Field, Brisbane",4,4.4,4.4,Queensland,South Australia,UT Khawaja,MT Renshaw,JS Buckingham,0,0,,,,,,,,,,,,,
1444496,2024/25,2024-10-20,"Allan Border Field, Brisbane",4,4.5,4.5,Queensland,South Australia,UT Khawaja,MT Renshaw,JS Buckingham,0,0,,,,,,,,,,,,,
1444496,2024/25,2024-10-20,"Allan Border Field, Brisbane",4,4.6,4.6,Queensland,South Australia,UT Khawaja,MT Renshaw,JS Buckingham,4,0,,,,,,,,,,,,,
1444496,2024/25,2024-10-20,"Allan Border Field, Brisbane",4,5.1,5.1,Queensland,South Australia,MT Renshaw,UT Khawaja,N McAndrew,0,0,,,,,,,,,,,,,
1444496,2024/25,2024-10-20,"Allan Border Field, Brisbane",4,5.2,5.2,Queensland,South Australia,MT Renshaw,UT Khawaja,N McAndrew,0,0,,,,,,,,,,,,,
1444496,2024/25,2024-10-20,"Allan Border Field, Brisbane",4,5.3,5.3,Queensland,South Australia,MT Renshaw,UT Khawaja,N McAndrew,0,0,,,,,,,,,,,,,
1444496,2024/25,2024-10-20,"Allan Border Field, Brisbane",4,5.4,5.4,Queensland,South Australia,MT Renshaw,UT Khawaja,N McAndrew,4,0,,,,,,,,,,,,,
1444496,2024/25,2024-10-20,"Allan Border Field, Brisbane",4,5.5,5.5,Queensland,South Australia,MT Renshaw,UT Khawaja,N McAndrew,1,0,,,,,,,,,,,,,
1444496,2024/25,2024-10-20,"Allan Border Field, Brisbane",4,5.6,5.6,Queensland,South Australia,UT Khawaja,MT Renshaw,N McAndrew,0,0,,,,,,,,,,,,,
1444496,2024/25,2024-10-20,"Allan Border Field, Brisbane",4,6.1,6.1,Queensland,South Australia,MT Renshaw,UT Khawaja,JS Buckingham,3,0,,,,,,,,,,,,,
1444496,2024/25,2024-10-20,"Allan Border Field, Brisbane",4,6.2,6.2,Queensland,South Australia,UT Khawaja,MT Renshaw,JS Buckingham,1,0,,,,,,,,,,,,,
1444496,2024/25,2024-10-20,"Allan Border Field, Brisbane",4,6.3,6.3,Queensland,South Australia,MT Renshaw,UT Khawaja,JS Buckingham,0,0,,,,,,,,,,,,,
1444496,2024/25,2024-10-20,"Allan Border Field, Brisbane",4,6.4,6.4,Queensland,South Australia,MT Renshaw,UT Khawaja,JS Buckingham,0,0,,,,,,,,,,,,,
1444496,2024/25,2024-10-20,"Allan Border Field, Brisbane",4,6.5,6.5,Queensland,South Australia,MT Renshaw,UT Khawaja,JS Buckingham,0,0,,,,,,,,,,,,,
1444496,2024/25,2024-10-20,"Allan Border Field, Brisbane",4,6.6,6.6,Queensland,South Australia,MT Renshaw,UT Khawaja,JS Buckingham,0,0,,,,,,,,,,,,,
1444496,2024/25,2024-10-20,"Allan Border Field, Brisbane",4,7.1,7.1,Queensland,South Australia,UT Khawaja,MT Renshaw,N McAndrew,0,0,,,,,,,,,,,,,
1444496,2024/25,2024-10-20,"Allan Border Field, Brisbane",4,7.2,7.2,Queensland,South Australia,UT Khawaja,MT Renshaw,N McAndrew,0,0,,,,,,,,,,,,,
1444496,2024/25,2024-10-20,"Allan Border Field, Brisbane",4,7.3,7.3,Queensland,South Australia,UT Khawaja,MT Renshaw,N McAndrew,0,0,,,,,,,,,,,,,
1444496,2024/25,2024-10-20,"Allan Border Field, Brisbane",4,7.4,7.4,Queensland,South Australia,UT Khawaja,MT Renshaw,N McAndrew,0,0,,,,,,,,,,,,,
1444496,2024/25,2024-10-20,"Allan Border Field, Brisbane",4,7.5,7.5,Queensland,South Australia,UT Khawaja,MT Renshaw,N McAndrew,1,0,,,,,,,,,,,,,
1444496,2024/25,2024-10-20,"Allan Border Field, Brisbane",4,7.6,7.6,Queensland,South Australia,MT Renshaw,UT Khawaja,N McAndrew,0,0,,,,,,,,,,,,,
1444496,2024/25,2024-10-20,"Allan Border Field, Brisbane",4,8.1,8.1,Queensland,South Australia,UT Khawaja,MT Renshaw,WA Agar,0,0,,,,,,,,,,,,,
1444496,2024/25,2024-10-20,"Allan Border Field, Brisbane",4,8.2,8.2,Queensland,South Australia,UT Khawaja,MT Renshaw,WA Agar,0,0,,,,,,,,,,,,,
1444496,2024/25,2024-10-20,"Allan Border Field, Brisbane",4,8.3,8.3,Queensland,South Australia,UT Khawaja,MT Renshaw,WA Agar,0,0,,,,,,,,,,,,,
1444496,2024/25,2024-10-20,"Allan Border Field, Brisbane",4,8.4,8.4,Queensland,South Australia,UT Khawaja,MT Renshaw,WA Agar,0,0,,,,,,,,,,,,,
1444496,2024/25,2024-10-20,"Allan Border Field, Brisbane",4,8.5,8.5,Queensland,South Australia,UT Khawaja,MT Renshaw,WA Agar,0,0,,,,,,,,,,,,,
1444496,2024/25,2024-10-20,"Allan Border Field, Brisbane",4,8.6,8.6,Queensland,South Australia,UT Khawaja,MT Renshaw,WA Agar,0,0,,,,,,,,,,,,,
1444496,2024/25,2024-10-20,"Allan Border Field, Brisbane",4,9.1,9.1,Queensland,South Australia,MT Renshaw,UT Khawaja,N McAndrew,0,0,,,,,,,,,,,,,
1444496,2024/25,2024-10-20,"Allan Border Field, Brisbane",4,9.2,9.2,Queensland,South Australia,MT Renshaw,UT Khawaja,N McAndrew,0,0,,,,,,,,,,,,,
1444496,2024/25,2024-10-20,"Allan Border Field, Brisbane",4,9.3,9.3,Queensland,South Australia,MT Renshaw,UT Khawaja,N McAndrew,0,0,,,,,,,,,,,,,
1444496,2024/25,2024-10-20,"Allan Border Field, Brisbane",4,9.4,9.4,Queensland,South Australia,MT Renshaw,UT Khawaja,N McAndrew,0,0,,,,,,,,,,,,,
1444496,2024/25,2024-10-20,"Allan Border Field, Brisbane",4,9.5,9.5,Queensland,South Australia,MT Renshaw,UT Khawaja,N McAndrew,0,0,,,,,,,,,,,,,
1444496,2024/25,2024-10-20,"Allan Border Field, Brisbane",4,9.6,9.6,Queensland,South Australia,MT Renshaw,UT Khawaja,N McAndrew,0,0,,,,,,,,,,,,,
1444496,2024/25,2024-10-20,"Allan Border Field, Brisbane",4,10.1,10.1,Queensland,South Australia,UT Khawaja,MT Renshaw,WA Agar,0,0,,,,,,,,,,,,,
1444496,2024/25,2024-10-20,"Allan Border Field, Brisbane",4,10.2,10.2,Queensland,South Australia,UT Khawaja,MT Renshaw,WA Agar,0,0,,,,,,,,,,,,,
1444496,2024/25,2024-10-20,"Allan Border Field, Brisbane",4,10.3,10.3,Queensland,South Australia,UT Khawaja,MT Renshaw,WA Agar,1,0,,,,,,,,,,,,,
1444496,2024/25,2024-10-20,"Allan Border Field, Brisbane",4,10.4,10.4,Queensland,South Australia,MT Renshaw,UT Khawaja,WA Agar,0,0,,,,,,,,,,,,,
1444496,2024/25,2024-10-20,"Allan Border Field, Brisbane",4,10.5,10.5,Queensland,South Australia,MT Renshaw,UT Khawaja,WA Agar,2,0,,,,,,,,,,,,,
1444496,2024/25,2024-10-20,"Allan Border Field, Brisbane",4,10.6,10.6,Queensland,South Australia,MT Renshaw,UT Khawaja,WA Agar,0,0,,,,,,,,,,,,,
1444496,2024/25,2024-10-20,"Allan Border Field, Brisbane",4,11.1,11.1,Queensland,South Australia,UT Khawaja,MT Renshaw,JS Buckingham,0,0,,,,,,,,,,,,,
1444496,2024/25,2024-10-20,"Allan Border Field, Brisbane",4,11.2,11.2,Queensland,South Australia,UT Khawaja,MT Renshaw,JS Buckingham,0,0,,,,,,,,,,,,,
1444496,2024/25,2024-10-20,"Allan Border Field, Brisbane",4,11.3,11.3,Queensland,South Australia,UT Khawaja,MT Renshaw,JS Buckingham,0,0,,,,,,,,,,,,,
1444496,2024/25,2024-10-20,"Allan Border Field, Brisbane",4,11.4,11.4,Queensland,South Australia,UT Khawaja,MT Renshaw,JS Buckingham,0,0,,,,,,,,,,,,,
1444496,2024/25,2024-10-20,"Allan Border Field, Brisbane",4,11.5,11.5,Queensland,South Australia,UT Khawaja,MT Renshaw,JS Buckingham,4,0,,,,,,,,,,,,,
1444496,2024/25,2024-10-20,"Allan Border Field, Brisbane",4,11.6,11.6,Queensland,South Australia,UT Khawaja,MT Renshaw,JS Buckingham,0,0,,,,,,,,,,,,,
1444496,2024/25,2024-10-20,"Allan Border Field, Brisbane",4,12.1,12.1,Queensland,South Australia,MT Renshaw,UT Khawaja,WA Agar,0,0,,,,,,,,,,,,,
1444496,2024/25,2024-10-20,"Allan Border Field, Brisbane",4,12.2,12.2,Queensland,South Australia,MT Renshaw,UT Khawaja,WA Agar,1,0,,,,,,,,,,,,,
1444496,2024/25,2024-10-20,"Allan Border Field, Brisbane",4,12.3,12.3,Queensland,South Australia,UT Khawaja,MT Renshaw,WA Agar,2,0,,,,,,,,,,,,,
1444496,2024/25,2024-10-20,"Allan Border Field, Brisbane",4,12.4,12.4,Queensland,South Australia,UT Khawaja,MT Renshaw,WA Agar,0,0,,,,,,,,,,,,,
1444496,2024/25,2024-10-20,"Allan Border Field, Brisbane",4,12.5,12.5,Queensland,South Australia,UT Khawaja,MT Renshaw,WA Agar,1,0,,,,,,,,,,,,,
1444496,2024/25,2024-10-20,"Allan Border Field, Brisbane",4,12.6,12.6,Queensland,South Australia,MT Renshaw,UT Khawaja,WA Agar,0,0,,,,,,,,,,,,,
1444496,2024/25,2024-10-20,"Allan Border Field, Brisbane",4,13.1,13.1,Queensland,South Australia,UT Khawaja,MT Renshaw,JS Buckingham,0,1,,,,1,,,,,,,,,
1444496,2024/25,2024-10-20,"Allan Border Field, Brisbane",4,13.2,13.2,Queensland,South Australia,MT Renshaw,UT Khawaja,JS Buckingham,0,0,,,,,,,,,,,,,
1444496,2024/25,2024-10-20,"Allan Border Field, Brisbane",4,13.3,13.3,Queensland,South Australia,MT Renshaw,UT Khawaja,JS Buckingham,0,0,,,,,,,,,,,,,
1444496,2024/25,2024-10-20,"Allan Border Field, Brisbane",4,13.4,13.4,Queensland,South Australia,MT Renshaw,UT Khawaja,JS Buckingham,4,0,,,,,,,,,,,,,
1444496,2024/25,2024-10-20,"Allan Border Field, Brisbane",4,13.5,13.5,Queensland,South Australia,MT Renshaw,UT Khawaja,JS Buckingham,0,0,,,,,,,,,,,,,
1444496,2024/25,2024-10-20,"Allan Border Field, Brisbane",4,13.6,13.6,Queensland,South Australia,MT Renshaw,UT Khawaja,JS Buckingham,0,0,,,,,,,,,,,,,
1444496,2024/25,2024-10-20,"Allan Border Field, Brisbane",4,14.1,14.1,Queensland,South Australia,UT Khawaja,MT Renshaw,WA Agar,2,0,,,,,,,,,,,,,
1444496,2024/25,2024-10-20,"Allan Border Field, Brisbane",4,14.2,14.2,Queensland,South Australia,UT Khawaja,MT Renshaw,WA Agar,2,0,,,,,,,,,,,,,
1444496,2024/25,2024-10-20,"Allan Border Field, Brisbane",4,14.3,14.3,Queensland,South Australia,UT Khawaja,MT Renshaw,WA Agar,2,0,,,,,,,,,,,,,
1444496,2024/25,2024-10-20,"Allan Border Field, Brisbane",4,14.4,14.4,Queensland,South Australia,UT Khawaja,MT Renshaw,WA Agar,0,0,,,,,,,,,,,,,
1444496,2024/25,2024-10-20,"Allan Border Field, Brisbane",4,14.5,14.5,Queensland,South Australia,UT Khawaja,MT Renshaw,WA Agar,1,0,,,,,,,,,,,,,
1444496,2024/25,2024-10-20,"Allan Border Field, Brisbane",4,14.6,14.6,Queensland,South Australia,MT Renshaw,UT Khawaja,WA Agar,0,0,,,,,,,,,,,,,
1444496,2024/25,2024-10-20,"Allan Border Field, Brisbane",4,15.1,15.1,Queensland,South Australia,UT Khawaja,MT Renshaw,JS Buckingham,0,0,,,,,,,,,,,,,
1444496,2024/25,2024-10-20,"Allan Border Field, Brisbane",4,15.2,15.2,Queensland,South Australia,UT Khawaja,MT Renshaw,JS Buckingham,4,0,,,,,,,,,,,,,
1444496,2024/25,2024-10-20,"Allan Border Field, Brisbane",4,15.3,15.3,Queensland,South Australia,UT Khawaja,MT Renshaw,JS Buckingham,1,0,,,,,,,,,,,,,
1444496,2024/25,2024-10-20,"Allan Border Field, Brisbane",4,15.4,15.4,Queensland,South Australia,MT Renshaw,UT Khawaja,JS Buckingham,0,0,,,,,,,,,,,,,
1444496,2024/25,2024-10-20,"Allan Border Field, Brisbane",4,15.5,15.5,Queensland,South Australia,MT Renshaw,UT Khawaja,JS Buckingham,0,0,,,,,,,,,,,,,
1444496,2024/25,2024-10-20,"Allan Border Field, Brisbane",4,15.6,15.6,Queensland,South Australia,MT Renshaw,UT Khawaja,JS Buckingham,0,0,,,,,,,,,,,,,
1444496,2024/25,2024-10-20,"Allan Border Field, Brisbane",4,16.1,16.1,Queensland,South Australia,UT Khawaja,MT Renshaw,WA Agar,4,0,,,,,,,,,,,,,
1444496,2024/25,2024-10-20,"Allan Border Field, Brisbane",4,16.2,16.2,Queensland,South Australia,UT Khawaja,MT Renshaw,WA Agar,0,0,,,,,,,,,,,,,
1444496,2024/25,2024-10-20,"Allan Border Field, Brisbane",4,16.3,16.3,Queensland,South Australia,UT Khawaja,MT Renshaw,WA Agar,1,0,,,,,,,,,,,,,
1444496,2024/25,2024-10-20,"Allan Border Field, Brisbane",4,16.4,16.4,Queensland,South Australia,MT Renshaw,UT Khawaja,WA Agar,1,0,,,,,,,,,,,,,
1444496,2024/25,2024-10-20,"Allan Border Field, Brisbane",4,16.5,16.5,Queensland,South Australia,UT Khawaja,MT Renshaw,WA Agar,0,0,,,,,,,,,,,,,
1444496,2024/25,2024-10-20,"Allan Border Field, Brisbane",4,16.6,16.6,Queensland,South Australia,UT Khawaja,MT Renshaw,WA Agar,0,0,,,,,,,,,,,,,
1444496,2024/25,2024-10-20,"Allan Border Field, Brisbane",4,17.1,17.1,Queensland,South Australia,MT Renshaw,UT Khawaja,JS Buckingham,0,0,,,,,,,,,,,,,
1444496,2024/25,2024-10-20,"Allan Border Field, Brisbane",4,17.2,17.2,Queensland,South Australia,MT Renshaw,UT Khawaja,JS Buckingham,2,0,,,,,,,,,,,,,
1444496,2024/25,2024-10-20,"Allan Border Field, Brisbane",4,17.3,17.3,Queensland,South Australia,MT Renshaw,UT Khawaja,JS Buckingham,0,0,,,,,,,,,,,,,
1444496,2024/25,2024-10-20,"Allan Border Field, Brisbane",4,17.4,17.4,Queensland,South Australia,MT Renshaw,UT Khawaja,JS Buckingham,2,0,,,,,,,,,,,,,
1444496,2024/25,2024-10-20,"Allan Border Field, Brisbane",4,17.5,17.5,Queensland,South Australia,MT Renshaw,UT Khawaja,JS Buckingham,1,0,,,,,,,,,,,,,
1444496,2024/25,2024-10-20,"Allan Border Field, Brisbane",4,17.6,17.6,Queensland,South Australia,UT Khawaja,MT Renshaw,JS Buckingham,0,0,,,,,,,,,,,,,
1444496,2024/25,2024-10-20,"Allan Border Field, Brisbane",4,18.1,18.1,Queensland,South Australia,MT Renshaw,UT Khawaja,N McAndrew,0,0,,,,,,,,,,,,,
1444496,2024/25,2024-10-20,"Allan Border Field, Brisbane",4,18.2,18.2,Queensland,South Australia,MT Renshaw,UT Khawaja,N McAndrew,0,0,,,,,,,,,,,,,
1444496,2024/25,2024-10-20,"Allan Border Field, Brisbane",4,18.3,18.3,Queensland,South Australia,MT Renshaw,UT Khawaja,N McAndrew,0,0,,,,,,,caught,MT Renshaw,,,AT Carey,,
1444496,2024/25,2024-10-20,"Allan Border Field, Brisbane",4,18.4,18.4,Queensland,South Australia,M Labuschagne,UT Khawaja,N McAndrew,0,0,,,,,,,,,,,,,
1444496,2024/25,2024-10-20,"Allan Border Field, Brisbane",4,18.5,18.5,Queensland,South Australia,M Labuschagne,UT Khawaja,N McAndrew,0,0,,,,,,,,,,,,,
1444496,2024/25,2024-10-20,"Allan Border Field, Brisbane",4,18.6,18.6,Queensland,South Australia,M Labuschagne,UT Khawaja,N McAndrew,2,0,,,,,,,,,,,,,
1444496,2024/25,2024-10-20,"Allan Border Field, Brisbane",4,19.1,19.1,Queensland,South Australia,UT Khawaja,M Labuschagne,L Scott,0,0,,,,,,,,,,,,,
1444496,2024/25,2024-10-20,"Allan Border Field, Brisbane",4,19.2,19.2,Queensland,South Australia,UT Khawaja,M Labuschagne,L Scott,0,0,,,,,,,,,,,,,
1444496,2024/25,2024-10-20,"Allan Border Field, Brisbane",4,19.3,19.3,Queensland,South Australia,UT Khawaja,M Labuschagne,L Scott,0,0,,,,,,,,,,,,,
1444496,2024/25,2024-10-20,"Allan Border Field, Brisbane",4,19.4,19.4,Queensland,South Australia,UT Khawaja,M Labuschagne,L Scott,0,0,,,,,,,,,,,,,
1444496,2024/25,2024-10-20,"Allan Border Field, Brisbane",4,19.5,19.5,Queensland,South Australia,UT Khawaja,M Labuschagne,L Scott,0,0,,,,,,,,,,,,,
1444496,2024/25,2024-10-20,"Allan Border Field, Brisbane",4,19.6,19.6,Queensland,South Australia,UT Khawaja,M Labuschagne,L Scott,0,0,,,,,,,,,,,,,
1444496,2024/25,2024-10-20,"Allan Border Field, Brisbane",4,20.1,20.1,Queensland,South Australia,M Labuschagne,UT Khawaja,N McAndrew,0,0,,,,,,,,,,,,,
1444496,2024/25,2024-10-20,"Allan Border Field, Brisbane",4,20.2,20.2,Queensland,South Australia,M Labuschagne,UT Khawaja,N McAndrew,0,0,,,,,,,,,,,,,
1444496,2024/25,2024-10-20,"Allan Border Field, Brisbane",4,20.3,20.3,Queensland,South Australia,M Labuschagne,UT Khawaja,N McAndrew,0,0,,,,,,,,,,,,,
1444496,2024/25,2024-10-20,"Allan Border Field, Brisbane",4,20.4,20.4,Queensland,South Australia,M Labuschagne,UT Khawaja,N McAndrew,4,0,,,,,,,,,,,,,
1444496,2024/25,2024-10-20,"Allan Border Field, Brisbane",4,20.5,20.5,Queensland,South Australia,M Labuschagne,UT Khawaja,N McAndrew,0,0,,,,,,,,,,,,,
1444496,2024/25,2024-10-20,"Allan Border Field, Brisbane",4,20.6,20.6,Queensland,South Australia,M Labuschagne,UT Khawaja,N McAndrew,0,0,,,,,,,,,,,,,
1444496,2024/25,2024-10-20,"Allan Border Field, Brisbane",4,21.1,21.1,Queensland,South Australia,UT Khawaja,M Labuschagne,L Scott,0,0,,,,,,,caught,UT Khawaja,,,AT Carey,,
1444496,2024/25,2024-10-20,"Allan Border Field, Brisbane",4,21.2,21.2,Queensland,South Australia,J Clayton,M Labuschagne,L Scott,0,0,,,,,,,,,,,,,
1444496,2024/25,2024-10-20,"Allan Border Field, Brisbane",4,21.3,21.3,Queensland,South Australia,J Clayton,M Labuschagne,L Scott,0,0,,,,,,,,,,,,,
1444496,2024/25,2024-10-20,"Allan Border Field, Brisbane",4,21.4,21.4,Queensland,South Australia,J Clayton,M Labuschagne,L Scott,0,0,,,,,,,,,,,,,
1444496,2024/25,2024-10-20,"Allan Border Field, Brisbane",4,21.5,21.5,Queensland,South Australia,J Clayton,M Labuschagne,L Scott,0,0,,,,,,,,,,,,,
1444496,2024/25,2024-10-20,"Allan Border Field, Brisbane",4,21.6,21.6,Queensland,South Australia,J Clayton,M Labuschagne,L Scott,0,0,,,,,,,,,,,,,
1444496,2024/25,2024-10-20,"Allan Border Field, Brisbane",4,22.1,22.1,Queensland,South Australia,M Labuschagne,J Clayton,N McAndrew,0,0,,,,,,,,,,,,,
1444496,2024/25,2024-10-20,"Allan Border Field, Brisbane",4,22.2,22.2,Queensland,South Australia,M Labuschagne,J Clayton,N McAndrew,4,0,,,,,,,,,,,,,
1444496,2024/25,2024-10-20,"Allan Border Field, Brisbane",4,22.3,22.3,Queensland,South Australia,M Labuschagne,J Clayton,N McAndrew,0,0,,,,,,,,,,,,,
1444496,2024/25,2024-10-20,"Allan Border Field, Brisbane",4,22.4,22.4,Queensland,South Australia,M Labuschagne,J Clayton,N McAndrew,0,0,,,,,,,,,,,,,
1444496,2024/25,2024-10-20,"Allan Border Field, Brisbane",4,22.5,22.5,Queensland,South Australia,M Labuschagne,J Clayton,N McAndrew,0,0,,,,,,,,,,,,,
1444496,2024/25,2024-10-20,"Allan Border Field, Brisbane",4,22.6,22.6,Queensland,South Australia,M Labuschagne,J Clayton,N McAndrew,0,0,,,,,,,,,,,,,
1444496,2024/25,2024-10-20,"Allan Border Field, Brisbane",4,23.1,23.1,Queensland,South Australia,J Clayton,M Labuschagne,L Scott,0,0,,,,,,,,,,,,,
1444496,2024/25,2024-10-20,"Allan Border Field, Brisbane",4,23.2,23.2,Queensland,South Australia,J Clayton,M Labuschagne,L Scott,0,0,,,,,,,,,,,,,
1444496,2024/25,2024-10-20,"Allan Border Field, Brisbane",4,23.3,23.3,Queensland,South Australia,J Clayton,M Labuschagne,L Scott,0,0,,,,,,,,,,,,,
1444496,2024/25,2024-10-20,"Allan Border Field, Brisbane",4,23.4,23.4,Queensland,South Australia,J Clayton,M Labuschagne,L Scott,0,0,,,,,,,,,,,,,
1444496,2024/25,2024-10-20,"Allan Border Field, Brisbane",4,23.5,23.5,Queensland,South Australia,J Clayton,M Labuschagne,L Scott,3,0,,,,,,,,,,,,,
1444496,2024/25,2024-10-20,"Allan Border Field, Brisbane",4,23.6,23.6,Queensland,South Australia,M Labuschagne,J Clayton,L Scott,0,0,,,,,,,,,,,,,
1444496,2024/25,2024-10-20,"Allan Border Field, Brisbane",4,24.1,24.1,Queensland,South Australia,J Clayton,M Labuschagne,N McAndrew,0,0,,,,,,,,,,,,,
1444496,2024/25,2024-10-20,"Allan Border Field, Brisbane",4,24.2,24.2,Queensland,South Australia,J Clayton,M Labuschagne,N McAndrew,0,0,,,,,,,,,,,,,
1444496,2024/25,2024-10-20,"Allan Border Field, Brisbane",4,24.3,24.3,Queensland,South Australia,J Clayton,M Labuschagne,N McAndrew,1,0,,,,,,,,,,,,,
1444496,2024/25,2024-10-20,"Allan Border Field, Brisbane",4,24.4,24.4,Queensland,South Australia,M Labuschagne,J Clayton,N McAndrew,0,0,,,,,,,,,,,,,
1444496,2024/25,2024-10-20,"Allan Border Field, Brisbane",4,24.5,24.5,Queensland,South Australia,M Labuschagne,J Clayton,N McAndrew,0,0,,,,,,,,,,,,,
1444496,2024/25,2024-10-20,"Allan Border Field, Brisbane",4,24.6,24.6,Queensland,South Australia,M Labuschagne,J Clayton,N McAndrew,0,0,,,,,,,,,,,,,
1444496,2024/25,2024-10-20,"Allan Border Field, Brisbane",4,25.1,25.1,Queensland,South Australia,J Clayton,M Labuschagne,L Scott,0,0,,,,,,,,,,,,,
1444496,2024/25,2024-10-20,"Allan Border Field, Brisbane",4,25.2,25.2,Queensland,South Australia,J Clayton,M Labuschagne,L Scott,0,0,,,,,,,,,,,,,
1444496,2024/25,2024-10-20,"Allan Border Field, Brisbane",4,25.3,25.3,Queensland,South Australia,J Clayton,M Labuschagne,L Scott,0,0,,,,,,,,,,,,,
1444496,2024/25,2024-10-20,"Allan Border Field, Brisbane",4,25.4,25.4,Queensland,South Australia,J Clayton,M Labuschagne,L Scott,0,0,,,,,,,,,,,,,
1444496,2024/25,2024-10-20,"Allan Border Field, Brisbane",4,25.5,25.5,Queensland,South Australia,J Clayton,M Labuschagne,L Scott,0,0,,,,,,,,,,,,,
1444496,2024/25,2024-10-20,"Allan Border Field, Brisbane",4,25.6,25.6,Queensland,South Australia,J Clayton,M Labuschagne,L Scott,4,0,,,,,,,,,,,,,
1444496,2024/25,2024-10-20,"Allan Border Field, Brisbane",4,26.1,26.1,Queensland,South Australia,M Labuschagne,J Clayton,N McAndrew,0,0,,,,,,,,,,,,,
1444496,2024/25,2024-10-20,"Allan Border Field, Brisbane",4,26.2,26.2,Queensland,South Australia,M Labuschagne,J Clayton,N McAndrew,0,0,,,,,,,caught,M Labuschagne,,,AT Carey,,
1444496,2024/25,2024-10-20,"Allan Border Field, Brisbane",4,26.3,26.3,Queensland,South Australia,BR McDermott,J Clayton,N McAndrew,0,0,,,,,,,,,,,,,
1444496,2024/25,2024-10-20,"Allan Border Field, Brisbane",4,26.4,26.4,Queensland,South Australia,BR McDermott,J Clayton,N McAndrew,0,0,,,,,,,caught,BR McDermott,,,CJ McInerney,,
1444496,2024/25,2024-10-20,"Allan Border Field, Brisbane",4,26.5,26.5,Queensland,South Australia,LD Hearne,J Clayton,N McAndrew,0,0,,,,,,,,,,,,,
1444496,2024/25,2024-10-20,"Allan Border Field, Brisbane",4,26.6,26.6,Queensland,South Australia,LD Hearne,J Clayton,N McAndrew,0,0,,,,,,,,,,,,,
1444496,2024/25,2024-10-20,"Allan Border Field, Brisbane",4,27.1,27.1,Queensland,South Australia,J Clayton,LD Hearne,L Scott,0,0,,,,,,,,,,,,,
1444496,2024/25,2024-10-20,"Allan Border Field, Brisbane",4,27.2,27.2,Queensland,South Australia,J Clayton,LD Hearne,L Scott,0,0,,,,,,,,,,,,,
1444496,2024/25,2024-10-20,"Allan Border Field, Brisbane",4,27.3,27.3,Queensland,South Australia,J Clayton,LD Hearne,L Scott,0,0,,,,,,,,,,,,,
1444496,2024/25,2024-10-20,"Allan Border Field, Brisbane",4,27.4,27.4,Queensland,South Australia,J Clayton,LD Hearne,L Scott,0,0,,,,,,,,,,,,,
1444496,2024/25,2024-10-20,"Allan Border Field, Brisbane",4,27.5,27.5,Queensland,South Australia,J Clayton,LD Hearne,L Scott,0,0,,,,,,,,,,,,,
1444496,2024/25,2024-10-20,"Allan Border Field, Brisbane",4,27.6,27.6,Queensland,South Australia,J Clayton,LD Hearne,L Scott,0,0,,,,,,,,,,,,,
1444496,2024/25,2024-10-20,"Allan Border Field, Brisbane",4,28.1,28.1,Queensland,South Australia,LD Hearne,J Clayton,N McAndrew,4,0,,,,,,,,,,,,,
1444496,2024/25,2024-10-20,"Allan Border Field, Brisbane",4,28.2,28.2,Queensland,South Australia,LD Hearne,J Clayton,N McAndrew,0,0,,,,,,,,,,,,,
1444496,2024/25,2024-10-20,"Allan Border Field, Brisbane",4,28.3,28.3,Queensland,South Australia,LD Hearne,J Clayton,N McAndrew,0,0,,,,,,,,,,,,,
1444496,2024/25,2024-10-20,"Allan Border Field, Brisbane",4,28.4,28.4,Queensland,South Australia,LD Hearne,J Clayton,N McAndrew,0,0,,,,,,,,,,,,,
1444496,2024/25,2024-10-20,"Allan Border Field, Brisbane",4,28.5,28.5,Queensland,South Australia,LD Hearne,J Clayton,N McAndrew,0,0,,,,,,,,,,,,,
1444496,2024/25,2024-10-20,"Allan Border Field, Brisbane",4,28.6,28.6,Queensland,South Australia,LD Hearne,J Clayton,N McAndrew,0,0,,,,,,,,,,,,,
1444496,2024/25,2024-10-20,"Allan Border Field, Brisbane",4,29.1,29.1,Queensland,South Australia,J Clayton,LD Hearne,L Scott,0,0,,,,,,,,,,,,,
1444496,2024/25,2024-10-20,"Allan Border Field, Brisbane",4,29.2,29.2,Queensland,South Australia,J Clayton,LD Hearne,L Scott,0,0,,,,,,,,,,,,,
1444496,2024/25,2024-10-20,"Allan Border Field, Brisbane",4,29.3,29.3,Queensland,South Australia,J Clayton,LD Hearne,L Scott,1,0,,,,,,,,,,,,,
1444496,2024/25,2024-10-20,"Allan Border Field, Brisbane",4,29.4,29.4,Queensland,South Australia,LD Hearne,J Clayton,L Scott,0,0,,,,,,,,,,,,,
1444496,2024/25,2024-10-20,"Allan Border Field, Brisbane",4,29.5,29.5,Queensland,South Australia,LD Hearne,J Clayton,L Scott,0,0,,,,,,,,,,,,,
1444496,2024/25,2024-10-20,"Allan Border Field, Brisbane",4,29.6,29.6,Queensland,South Australia,LD Hearne,J Clayton,L Scott,1,0,,,,,,,,,,,,,
1444496,2024/25,2024-10-20,"Allan Border Field, Brisbane",4,30.1,30.1,Queensland,South Australia,LD Hearne,J Clayton,N McAndrew,0,0,,,,,,,,,,,,,
1444496,2024/25,2024-10-20,"Allan Border Field, Brisbane",4,30.2,30.2,Queensland,South Australia,LD Hearne,J Clayton,N McAndrew,0,0,,,,,,,,,,,,,
1444496,2024/25,2024-10-20,"Allan Border Field, Brisbane",4,30.3,30.3,Queensland,South Australia,LD Hearne,J Clayton,N McAndrew,0,0,,,,,,,,,,,,,
1444496,2024/25,2024-10-20,"Allan Border Field, Brisbane",4,30.4,30.4,Queensland,South Australia,LD Hearne,J Clayton,N McAndrew,4,0,,,,,,,,,,,,,
1444496,2024/25,2024-10-20,"Allan Border Field, Brisbane",4,30.5,30.5,Queensland,South Australia,LD Hearne,J Clayton,N McAndrew,0,0,,,,,,,,,,,,,
1444496,2024/25,2024-10-20,"Allan Border Field, Brisbane",4,30.6,30.6,Queensland,South Australia,LD Hearne,J Clayton,N McAndrew,0,0,,,,,,,,,,,,,
1444496,2024/25,2024-10-20,"Allan Border Field, Brisbane",4,31.1,31.1,Queensland,South Australia,J Clayton,LD Hearne,L Scott,0,0,,,,,,,,,,,,,
1444496,2024/25,2024-10-20,"Allan Border Field, Brisbane",4,31.2,31.2,Queensland,South Australia,J Clayton,LD Hearne,L Scott,4,0,,,,,,,,,,,,,
1444496,2024/25,2024-10-20,"Allan Border Field, Brisbane",4,31.3,31.3,Queensland,South Australia,J Clayton,LD Hearne,L Scott,0,0,,,,,,,,,,,,,
1444496,2024/25,2024-10-20,"Allan Border Field, Brisbane",4,31.4,31.4,Queensland,South Australia,J Clayton,LD Hearne,L Scott,0,0,,,,,,,,,,,,,
1444496,2024/25,2024-10-20,"Allan Border Field, Brisbane",4,31.5,31.5,Queensland,South Australia,J Clayton,LD Hearne,L Scott,0,0,,,,,,,,,,,,,
1444496,2024/25,2024-10-20,"Allan Border Field, Brisbane",4,31.6,31.6,Queensland,South Australia,J Clayton,LD Hearne,L Scott,0,0,,,,,,,,,,,,,
1444496,2024/25,2024-10-20,"Allan Border Field, Brisbane",4,32.1,32.1,Queensland,South Australia,LD Hearne,J Clayton,WA Agar,0,0,,,,,,,,,,,,,
1444496,2024/25,2024-10-20,"Allan Border Field, Brisbane",4,32.2,32.2,Queensland,South Australia,LD Hearne,J Clayton,WA Agar,0,0,,,,,,,,,,,,,
1444496,2024/25,2024-10-20,"Allan Border Field, Brisbane",4,32.3,32.3,Queensland,South Australia,LD Hearne,J Clayton,WA Agar,1,0,,,,,,,,,,,,,
1444496,2024/25,2024-10-20,"Allan Border Field, Brisbane",4,32.4,32.4,Queensland,South Australia,J Clayton,LD Hearne,WA Agar,0,0,,,,,,,,,,,,,
1444496,2024/25,2024-10-20,"Allan Border Field, Brisbane",4,32.5,32.5,Queensland,South Australia,J Clayton,LD Hearne,WA Agar,0,0,,,,,,,,,,,,,
1444496,2024/25,2024-10-20,"Allan Border Field, Brisbane",4,32.6,32.6,Queensland,South Australia,J Clayton,LD Hearne,WA Agar,4,0,,,,,,,,,,,,,
1444496,2024/25,2024-10-20,"Allan Border Field, Brisbane",4,33.1,33.1,Queensland,South Australia,LD Hearne,J Clayton,L Scott,0,0,,,,,,,,,,,,,
1444496,2024/25,2024-10-20,"Allan Border Field, Brisbane",4,33.2,33.2,Queensland,South Australia,LD Hearne,J Clayton,L Scott,0,0,,,,,,,,,,,,,
1444496,2024/25,2024-10-20,"Allan Border Field, Brisbane",4,33.3,33.3,Queensland,South Australia,LD Hearne,J Clayton,L Scott,0,0,,,,,,,,,,,,,
1444496,2024/25,2024-10-20,"Allan Border Field, Brisbane",4,33.4,33.4,Queensland,South Australia,LD Hearne,J Clayton,L Scott,4,0,,,,,,,,,,,,,
1444496,2024/25,2024-10-20,"Allan Border Field, Brisbane",4,33.5,33.5,Queensland,South Australia,LD Hearne,J Clayton,L Scott,0,0,,,,,,,,,,,,,
1444496,2024/25,2024-10-20,"Allan Border Field, Brisbane",4,33.6,33.6,Queensland,South Australia,LD Hearne,J Clayton,L Scott,0,0,,,,,,,,,,,,,
1444496,2024/25,2024-10-20,"Allan Border Field, Brisbane",4,34.1,34.1,Queensland,South Australia,J Clayton,LD Hearne,WA Agar,0,0,,,,,,,,,,,,,
1444496,2024/25,2024-10-20,"Allan Border Field, Brisbane",4,34.2,34.2,Queensland,South Australia,J Clayton,LD Hearne,WA Agar,0,0,,,,,,,,,,,,,
1444496,2024/25,2024-10-20,"Allan Border Field, Brisbane",4,34.3,34.3,Queensland,South Australia,J Clayton,LD Hearne,WA Agar,0,0,,,,,,,,,,,,,
1444496,2024/25,2024-10-20,"Allan Border Field, Brisbane",4,34.4,34.4,Queensland,South Australia,J Clayton,LD Hearne,WA Agar,0,0,,,,,,,,,,,,,
1444496,2024/25,2024-10-20,"Allan Border Field, Brisbane",4,34.5,34.5,Queensland,South Australia,J Clayton,LD Hearne,WA Agar,4,0,,,,,,,,,,,,,
1444496,2024/25,2024-10-20,"Allan Border Field, Brisbane",4,34.6,34.6,Queensland,South Australia,J Clayton,LD Hearne,WA Agar,2,0,,,,,,,,,,,,,
1444496,2024/25,2024-10-20,"Allan Border Field, Brisbane",4,35.1,35.1,Queensland,South Australia,LD Hearne,J Clayton,BAD Manenti,0,0,,,,,,,,,,,,,
1444496,2024/25,2024-10-20,"Allan Border Field, Brisbane",4,35.2,35.2,Queensland,South Australia,LD Hearne,J Clayton,BAD Manenti,0,0,,,,,,,,,,,,,
1444496,2024/25,2024-10-20,"Allan Border Field, Brisbane",4,35.3,35.3,Queensland,South Australia,LD Hearne,J Clayton,BAD Manenti,0,0,,,,,,,,,,,,,
1444496,2024/25,2024-10-20,"Allan Border Field, Brisbane",4,35.4,35.4,Queensland,South Australia,LD Hearne,J Clayton,BAD Manenti,0,0,,,,,,,,,,,,,
1444496,2024/25,2024-10-20,"Allan Border Field, Brisbane",4,35.5,35.5,Queensland,South Australia,LD Hearne,J Clayton,BAD Manenti,0,0,,,,,,,,,,,,,
1444496,2024/25,2024-10-20,"Allan Border Field, Brisbane",4,35.6,35.6,Queensland,South Australia,LD Hearne,J Clayton,BAD Manenti,0,0,,,,,,,,,,,,,
1444496,2024/25,2024-10-20,"Allan Border Field, Brisbane",4,36.1,36.1,Queensland,South Australia,J Clayton,LD Hearne,JS Buckingham,0,0,,,,,,,,,,,,,
1444496,2024/25,2024-10-20,"Allan Border Field, Brisbane",4,36.2,36.2,Queensland,South Australia,J Clayton,LD Hearne,JS Buckingham,0,0,,,,,,,,,,,,,
1444496,2024/25,2024-10-20,"Allan Border Field, Brisbane",4,36.3,36.3,Queensland,South Australia,J Clayton,LD Hearne,JS Buckingham,0,0,,,,,,,,,,,,,
1444496,2024/25,2024-10-20,"Allan Border Field, Brisbane",4,36.4,36.4,Queensland,South Australia,J Clayton,LD Hearne,JS Buckingham,2,0,,,,,,,,,,,,,
1444496,2024/25,2024-10-20,"Allan Border Field, Brisbane",4,36.5,36.5,Queensland,South Australia,J Clayton,LD Hearne,JS Buckingham,0,0,,,,,,,,,,,,,
1444496,2024/25,2024-10-20,"Allan Border Field, Brisbane",4,36.6,36.6,Queensland,South Australia,J Clayton,LD Hearne,JS Buckingham,0,0,,,,,,,,,,,,,
1444496,2024/25,2024-10-20,"Allan Border Field, Brisbane",4,37.1,37.1,Queensland,South Australia,LD Hearne,J Clayton,BAD Manenti,0,0,,,,,,,,,,,,,
1444496,2024/25,2024-10-20,"Allan Border Field, Brisbane",4,37.2,37.2,Queensland,South Australia,LD Hearne,J Clayton,BAD Manenti,0,0,,,,,,,,,,,,,
1444496,2024/25,2024-10-20,"Allan Border Field, Brisbane",4,37.3,37.3,Queensland,South Australia,LD Hearne,J Clayton,BAD Manenti,4,0,,,,,,,,,,,,,
1444496,2024/25,2024-10-20,"Allan Border Field, Brisbane",4,37.4,37.4,Queensland,South Australia,LD Hearne,J Clayton,BAD Manenti,0,0,,,,,,,,,,,,,
1444496,2024/25,2024-10-20,"Allan Border Field, Brisbane",4,37.5,37.5,Queensland,South Australia,LD Hearne,J Clayton,BAD Manenti,1,0,,,,,,,,,,,,,
1444496,2024/25,2024-10-20,"Allan Border Field, Brisbane",4,37.6,37.6,Queensland,South Australia,J Clayton,LD Hearne,BAD Manenti,0,0,,,,,,,,,,,,,
1444496,2024/25,2024-10-20,"Allan Border Field, Brisbane",4,38.1,38.1,Queensland,South Australia,LD Hearne,J Clayton,JS Buckingham,0,0,,,,,,,,,,,,,
1444496,2024/25,2024-10-20,"Allan Border Field, Brisbane",4,38.2,38.2,Queensland,South Australia,LD Hearne,J Clayton,JS Buckingham,0,0,,,,,,,,,,,,,
1444496,2024/25,2024-10-20,"Allan Border Field, Brisbane",4,38.3,38.3,Queensland,South Australia,LD Hearne,J Clayton,JS Buckingham,0,0,,,,,,,,,,,,,
1444496,2024/25,2024-10-20,"Allan Border Field, Brisbane",4,38.4,38.4,Queensland,South Australia,LD Hearne,J Clayton,JS Buckingham,0,0,,,,,,,,,,,,,
1444496,2024/25,2024-10-20,"Allan Border Field, Brisbane",4,38.5,38.5,Queensland,South Australia,LD Hearne,J Clayton,JS Buckingham,0,0,,,,,,,,,,,,,
1444496,2024/25,2024-10-20,"Allan Border Field, Brisbane",4,38.6,38.6,Queensland,South Australia,LD Hearne,J Clayton,JS Buckingham,0,0,,,,,,,,,,,,,
1444496,2024/25,2024-10-20,"Allan Border Field, Brisbane",4,39.1,39.1,Queensland,South Australia,J Clayton,LD Hearne,BAD Manenti,0,0,,,,,,,,,,,,,
1444496,2024/25,2024-10-20,"Allan Border Field, Brisbane",4,39.2,39.2,Queensland,South Australia,J Clayton,LD Hearne,BAD Manenti,0,0,,,,,,,,,,,,,
1444496,2024/25,2024-10-20,"Allan Border Field, Brisbane",4,39.3,39.3,Queensland,South Australia,J Clayton,LD Hearne,BAD Manenti,2,0,,,,,,,,,,,,,
1444496,2024/25,2024-10-20,"Allan Border Field, Brisbane",4,39.4,39.4,Queensland,South Australia,J Clayton,LD Hearne,BAD Manenti,0,0,,,,,,,,,,,,,
1444496,2024/25,2024-10-20,"Allan Border Field, Brisbane",4,39.5,39.5,Queensland,South Australia,J Clayton,LD Hearne,BAD Manenti,1,0,,,,,,,,,,,,,
1444496,2024/25,2024-10-20,"Allan Border Field, Brisbane",4,39.6,39.6,Queensland,South Australia,LD Hearne,J Clayton,BAD Manenti,0,0,,,,,,,,,,,,,
1444496,2024/25,2024-10-20,"Allan Border Field, Brisbane",4,40.1,40.1,Queensland,South Australia,J Clayton,LD Hearne,JS Buckingham,0,0,,,,,,,,,,,,,
1444496,2024/25,2024-10-20,"Allan Border Field, Brisbane",4,40.2,40.2,Queensland,South Australia,J Clayton,LD Hearne,JS Buckingham,2,0,,,,,,,,,,,,,
1444496,2024/25,2024-10-20,"Allan Border Field, Brisbane",4,40.3,40.3,Queensland,South Australia,J Clayton,LD Hearne,JS Buckingham,0,0,,,,,,,,,,,,,
1444496,2024/25,2024-10-20,"Allan Border Field, Brisbane",4,40.4,40.4,Queensland,South Australia,J Clayton,LD Hearne,JS Buckingham,0,0,,,,,,,,,,,,,
1444496,2024/25,2024-10-20,"Allan Border Field, Brisbane",4,40.5,40.5,Queensland,South Australia,J Clayton,LD Hearne,JS Buckingham,0,0,,,,,,,,,,,,,
1444496,2024/25,2024-10-20,"Allan Border Field, Brisbane",4,40.6,40.6,Queensland,South Australia,J Clayton,LD Hearne,JS Buckingham,4,0,,,,,,,,,,,,,
1444496,2024/25,2024-10-20,"Allan Border Field, Brisbane",4,41.1,41.1,Queensland,South Australia,LD Hearne,J Clayton,BAD Manenti,0,0,,,,,,,,,,,,,
1444496,2024/25,2024-10-20,"Allan Border Field, Brisbane",4,41.2,41.2,Queensland,South Australia,LD Hearne,J Clayton,BAD Manenti,0,0,,,,,,,,,,,,,
1444496,2024/25,2024-10-20,"Allan Border Field, Brisbane",4,41.3,41.3,Queensland,South Australia,LD Hearne,J Clayton,BAD Manenti,1,0,,,,,,,,,,,,,
1444496,2024/25,2024-10-20,"Allan Border Field, Brisbane",4,41.4,41.4,Queensland,South Australia,J Clayton,LD Hearne,BAD Manenti,1,0,,,,,,,,,,,,,
1444496,2024/25,2024-10-20,"Allan Border Field, Brisbane",4,41.5,41.5,Queensland,South Australia,LD Hearne,J Clayton,BAD Manenti,0,0,,,,,,,,,,,,,
1444496,2024/25,2024-10-20,"Allan Border Field, Brisbane",4,41.6,41.6,Queensland,South Australia,LD Hearne,J Clayton,BAD Manenti,0,0,,,,,,,,,,,,,
1444496,2024/25,2024-10-20,"Allan Border Field, Brisbane",4,42.1,42.1,Queensland,South Australia,J Clayton,LD Hearne,WA Agar,0,0,,,,,,,,,,,,,
1444496,2024/25,2024-10-20,"Allan Border Field, Brisbane",4,42.2,42.2,Queensland,South Australia,J Clayton,LD Hearne,WA Agar,4,0,,,,,,,,,,,,,
1444496,2024/25,2024-10-20,"Allan Border Field, Brisbane",4,42.3,42.3,Queensland,South Australia,J Clayton,LD Hearne,WA Agar,1,0,,,,,,,,,,,,,
1444496,2024/25,2024-10-20,"Allan Border Field, Brisbane",4,42.4,42.4,Queensland,South Australia,LD Hearne,J Clayton,WA Agar,0,0,,,,,,,,,,,,,
1444496,2024/25,2024-10-20,"Allan Border Field, Brisbane",4,42.5,42.5,Queensland,South Australia,LD Hearne,J Clayton,WA Agar,0,0,,,,,,,,,,,,,
1444496,2024/25,2024-10-20,"Allan Border Field, Brisbane",4,42.6,42.6,Queensland,South Australia,LD Hearne,J Clayton,WA Agar,3,0,,,,,,,,,,,,,
1444496,2024/25,2024-10-20,"Allan Border Field, Brisbane",4,43.1,43.1,Queensland,South Australia,LD Hearne,J Clayton,BAD Manenti,1,0,,,,,,,,,,,,,
1444496,2024/25,2024-10-20,"Allan Border Field, Brisbane",4,43.2,43.2,Queensland,South Australia,J Clayton,LD Hearne,BAD Manenti,0,0,,,,,,,,,,,,,
1444496,2024/25,2024-10-20,"Allan Border Field, Brisbane",4,43.3,43.3,Queensland,South Australia,J Clayton,LD Hearne,BAD Manenti,1,0,,,,,,,,,,,,,
1444496,2024/25,2024-10-20,"Allan Border Field, Brisbane",4,43.4,43.4,Queensland,South Australia,LD Hearne,J Clayton,BAD Manenti,3,0,,,,,,,,,,,,,
1444496,2024/25,2024-10-20,"Allan Border Field, Brisbane",4,43.5,43.5,Queensland,South Australia,J Clayton,LD Hearne,BAD Manenti,0,0,,,,,,,,,,,,,
1444496,2024/25,2024-10-20,"Allan Border Field, Brisbane",4,43.6,43.6,Queensland,South Australia,J Clayton,LD Hearne,BAD Manenti,1,0,,,,,,,,,,,,,
1444496,2024/25,2024-10-20,"Allan Border Field, Brisbane",4,44.1,44.1,Queensland,South Australia,J Clayton,LD Hearne,WA Agar,0,0,,,,,,,,,,,,,
1444496,2024/25,2024-10-20,"Allan Border Field, Brisbane",4,44.2,44.2,Queensland,South Australia,J Clayton,LD Hearne,WA Agar,0,0,,,,,,,,,,,,,
1444496,2024/25,2024-10-20,"Allan Border Field, Brisbane",4,44.3,44.3,Queensland,South Australia,J Clayton,LD Hearne,WA Agar,0,0,,,,,,,,,,,,,
1444496,2024/25,2024-10-20,"Allan Border Field, Brisbane",4,44.4,44.4,Queensland,South Australia,J Clayton,LD Hearne,WA Agar,0,0,,,,,,,,,,,,,
1444496,2024/25,2024-10-20,"Allan Border Field, Brisbane",4,44.5,44.5,Queensland,South Australia,J Clayton,LD Hearne,WA Agar,0,0,,,,,,,,,,,,,
1444496,2024/25,2024-10-20,"Allan Border Field, Brisbane",4,44.6,44.6,Queensland,South Australia,J Clayton,LD Hearne,WA Agar,0,0,,,,,,,,,,,,,
1444496,2024/25,2024-10-20,"Allan Border Field, Brisbane",4,45.1,45.1,Queensland,South Australia,LD Hearne,J Clayton,BAD Manenti,0,0,,,,,,,,,,,,,
1444496,2024/25,2024-10-20,"Allan Border Field, Brisbane",4,45.2,45.2,Queensland,South Australia,LD Hearne,J Clayton,BAD Manenti,1,0,,,,,,,,,,,,,
1444496,2024/25,2024-10-20,"Allan Border Field, Brisbane",4,45.3,45.3,Queensland,South Australia,J Clayton,LD Hearne,BAD Manenti,0,0,,,,,,,,,,,,,
1444496,2024/25,2024-10-20,"Allan Border Field, Brisbane",4,45.4,45.4,Queensland,South Australia,J Clayton,LD Hearne,BAD Manenti,4,0,,,,,,,,,,,,,
1444496,2024/25,2024-10-20,"Allan Border Field, Brisbane",4,45.5,45.5,Queensland,South Australia,J Clayton,LD Hearne,BAD Manenti,0,0,,,,,,,,,,,,,
1444496,2024/25,2024-10-20,"Allan Border Field, Brisbane",4,45.6,45.6,Queensland,South Australia,J Clayton,LD Hearne,BAD Manenti,1,0,,,,,,,,,,,,,
1444496,2024/25,2024-10-20,"Allan Border Field, Brisbane",4,46.1,46.1,Queensland,South Australia,J Clayton,LD Hearne,WA Agar,0,0,,,,,,,,,,,,,
1444496,2024/25,2024-10-20,"Allan Border Field, Brisbane",4,46.2,46.2,Queensland,South Australia,J Clayton,LD Hearne,WA Agar,0,0,,,,,,,,,,,,,
1444496,2024/25,2024-10-20,"Allan Border Field, Brisbane",4,46.3,46.3,Queensland,South Australia,J Clayton,LD Hearne,WA Agar,0,0,,,,,,,,,,,,,
1444496,2024/25,2024-10-20,"Allan Border Field, Brisbane",4,46.4,46.4,Queensland,South Australia,J Clayton,LD Hearne,WA Agar,1,0,,,,,,,,,,,,,
1444496,2024/25,2024-10-20,"Allan Border Field, Brisbane",4,46.5,46.5,Queensland,South Australia,LD Hearne,J Clayton,WA Agar,0,0,,,,,,,,,,,,,
1444496,2024/25,2024-10-20,"Allan Border Field, Brisbane",4,46.6,46.6,Queensland,South Australia,LD Hearne,J Clayton,WA Agar,0,0,,,,,,,,,,,,,
1444496,2024/25,2024-10-20,"Allan Border Field, Brisbane",4,47.1,47.1,Queensland,South Australia,J Clayton,LD Hearne,BAD Manenti,0,0,,,,,,,,,,,,,
1444496,2024/25,2024-10-20,"Allan Border Field, Brisbane",4,47.2,47.2,Queensland,South Australia,J Clayton,LD Hearne,BAD Manenti,0,0,,,,,,,,,,,,,
1444496,2024/25,2024-10-20,"Allan Border Field, Brisbane",4,47.3,47.3,Queensland,South Australia,J Clayton,LD Hearne,BAD Manenti,0,0,,,,,,,,,,,,,
1444496,2024/25,2024-10-20,"Allan Border Field, Brisbane",4,47.4,47.4,Queensland,South Australia,J Clayton,LD Hearne,BAD Manenti,0,0,,,,,,,,,,,,,
1444496,2024/25,2024-10-20,"Allan Border Field, Brisbane",4,47.5,47.5,Queensland,South Australia,J Clayton,LD Hearne,BAD Manenti,0,0,,,,,,,,,,,,,
1444496,2024/25,2024-10-20,"Allan Border Field, Brisbane",4,47.6,47.6,Queensland,South Australia,J Clayton,LD Hearne,BAD Manenti,2,0,,,,,,,,,,,,,
1444496,2024/25,2024-10-20,"Allan Border Field, Brisbane",4,48.1,48.1,Queensland,South Australia,LD Hearne,J Clayton,WA Agar,0,0,,,,,,,,,,,,,
1444496,2024/25,2024-10-20,"Allan Border Field, Brisbane",4,48.2,48.2,Queensland,South Australia,LD Hearne,J Clayton,WA Agar,4,0,,,,,,,,,,,,,
1444496,2024/25,2024-10-20,"Allan Border Field, Brisbane",4,48.3,48.3,Queensland,South Australia,LD Hearne,J Clayton,WA Agar,1,0,,,,,,,,,,,,,
1444496,2024/25,2024-10-20,"Allan Border Field, Brisbane",4,48.4,48.4,Queensland,South Australia,J Clayton,LD Hearne,WA Agar,0,0,,,,,,,,,,,,,
1444496,2024/25,2024-10-20,"Allan Border Field, Brisbane",4,48.5,48.5,Queensland,South Australia,J Clayton,LD Hearne,WA Agar,0,0,,,,,,,,,,,,,
1444496,2024/25,2024-10-20,"Allan Border Field, Brisbane",4,48.6,48.6,Queensland,South Australia,J Clayton,LD Hearne,WA Agar,0,0,,,,,,,,,,,,,
1444496,2024/25,2024-10-20,"Allan Border Field, Brisbane",4,49.1,49.1,Queensland,South Australia,LD Hearne,J Clayton,L Scott,0,0,,,,,,,,,,,,,
1444496,2024/25,2024-10-20,"Allan Border Field, Brisbane",4,49.2,49.2,Queensland,South Australia,LD Hearne,J Clayton,L Scott,0,0,,,,,,,,,,,,,
1444496,2024/25,2024-10-20,"Allan Border Field, Brisbane",4,49.3,49.3,Queensland,South Australia,LD Hearne,J Clayton,L Scott,0,0,,,,,,,,,,,,,
1444496,2024/25,2024-10-20,"Allan Border Field, Brisbane",4,49.4,49.4,Queensland,South Australia,LD Hearne,J Clayton,L Scott,1,0,,,,,,,,,,,,,
1444496,2024/25,2024-10-20,"Allan Border Field, Brisbane",4,49.5,49.5,Queensland,South Australia,J Clayton,LD Hearne,L Scott,0,0,,,,,,,,,,,,,
1444496,2024/25,2024-10-20,"Allan Border Field, Brisbane",4,49.6,49.6,Queensland,South Australia,J Clayton,LD Hearne,L Scott,0,0,,,,,,,,,,,,,
1444496,2024/25,2024-10-20,"Allan Border Field, Brisbane",4,50.1,50.1,Queensland,South Australia,LD Hearne,J Clayton,N McAndrew,0,0,,,,,,,,,,,,,
1444496,2024/25,2024-10-20,"Allan Border Field, Brisbane",4,50.2,50.2,Queensland,South Australia,LD Hearne,J Clayton,N McAndrew,0,0,,,,,,,,,,,,,
1444496,2024/25,2024-10-20,"Allan Border Field, Brisbane",4,50.3,50.3,Queensland,South Australia,LD Hearne,J Clayton,N McAndrew,0,0,,,,,,,,,,,,,
1444496,2024/25,2024-10-20,"Allan Border Field, Brisbane",4,50.4,50.4,Queensland,South Australia,LD Hearne,J Clayton,N McAndrew,4,0,,,,,,,,,,,,,
1444496,2024/25,2024-10-20,"Allan Border Field, Brisbane",4,50.5,50.5,Queensland,South Australia,LD Hearne,J Clayton,N McAndrew,0,0,,,,,,,,,,,,,
1444496,2024/25,2024-10-20,"Allan Border Field, Brisbane",4,50.6,50.6,Queensland,South Australia,LD Hearne,J Clayton,N McAndrew,0,0,,,,,,,,,,,,,
1444496,2024/25,2024-10-20,"Allan Border Field, Brisbane",4,51.1,51.1,Queensland,South Australia,J Clayton,LD Hearne,L Scott,0,0,,,,,,,,,,,,,
1444496,2024/25,2024-10-20,"Allan Border Field, Brisbane",4,51.2,51.2,Queensland,South Australia,J Clayton,LD Hearne,L Scott,0,0,,,,,,,,,,,,,
1444496,2024/25,2024-10-20,"Allan Border Field, Brisbane",4,51.3,51.3,Queensland,South Australia,J Clayton,LD Hearne,L Scott,1,0,,,,,,,,,,,,,
1444496,2024/25,2024-10-20,"Allan Border Field, Brisbane",4,51.4,51.4,Queensland,South Australia,LD Hearne,J Clayton,L Scott,1,0,,,,,,,,,,,,,
1444496,2024/25,2024-10-20,"Allan Border Field, Brisbane",4,51.5,51.5,Queensland,South Australia,J Clayton,LD Hearne,L Scott,0,0,,,,,,,,,,,,,
1444496,2024/25,2024-10-20,"Allan Border Field, Brisbane",4,51.6,51.6,Queensland,South Australia,J Clayton,LD Hearne,L Scott,0,1,,,,1,,,,,,,,,
1444496,2024/25,2024-10-20,"Allan Border Field, Brisbane",4,52.1,52.1,Queensland,South Australia,J Clayton,LD Hearne,N McAndrew,0,0,,,,,,,,,,,,,
1444496,2024/25,2024-10-20,"Allan Border Field, Brisbane",4,52.2,52.2,Queensland,South Australia,J Clayton,LD Hearne,N McAndrew,0,0,,,,,,,,,,,,,
1444496,2024/25,2024-10-20,"Allan Border Field, Brisbane",4,52.3,52.3,Queensland,South Australia,J Clayton,LD Hearne,N McAndrew,0,0,,,,,,,,,,,,,
1444496,2024/25,2024-10-20,"Allan Border Field, Brisbane",4,52.4,52.4,Queensland,South Australia,J Clayton,LD Hearne,N McAndrew,0,0,,,,,,,,,,,,,
1444496,2024/25,2024-10-20,"Allan Border Field, Brisbane",4,52.5,52.5,Queensland,South Australia,J Clayton,LD Hearne,N McAndrew,1,0,,,,,,,,,,,,,
1444496,2024/25,2024-10-20,"Allan Border Field, Brisbane",4,52.6,52.6,Queensland,South Australia,LD Hearne,J Clayton,N McAndrew,0,0,,,,,,,,,,,,,
1444496,2024/25,2024-10-20,"Allan Border Field, Brisbane",4,53.1,53.1,Queensland,South Australia,J Clayton,LD Hearne,L Scott,0,0,,,,,,,,,,,,,
1444496,2024/25,2024-10-20,"Allan Border Field, Brisbane",4,53.2,53.2,Queensland,South Australia,J Clayton,LD Hearne,L Scott,0,0,,,,,,,,,,,,,
1444496,2024/25,2024-10-20,"Allan Border Field, Brisbane",4,53.3,53.3,Queensland,South Australia,J Clayton,LD Hearne,L Scott,4,0,,,,,,,,,,,,,
1444496,2024/25,2024-10-20,"Allan Border Field, Brisbane",4,53.4,53.4,Queensland,South Australia,J Clayton,LD Hearne,L Scott,0,0,,,,,,,,,,,,,
1444496,2024/25,2024-10-20,"Allan Border Field, Brisbane",4,53.5,53.5,Queensland,South Australia,J Clayton,LD Hearne,L Scott,0,0,,,,,,,,,,,,,
1444496,2024/25,2024-10-20,"Allan Border Field, Brisbane",4,53.6,53.6,Queensland,South Australia,J Clayton,LD Hearne,L Scott,0,0,,,,,,,,,,,,,
1444496,2024/25,2024-10-20,"Allan Border Field, Brisbane",4,54.1,54.1,Queensland,South Australia,LD Hearne,J Clayton,N McAndrew,4,0,,,,,,,,,,,,,
1444496,2024/25,2024-10-20,"Allan Border Field, Brisbane",4,54.2,54.2,Queensland,South Australia,LD Hearne,J Clayton,N McAndrew,0,0,,,,,,,,,,,,,
1444496,2024/25,2024-10-20,"Allan Border Field, Brisbane",4,54.3,54.3,Queensland,South Australia,LD Hearne,J Clayton,N McAndrew,0,0,,,,,,,,,,,,,
1444496,2024/25,2024-10-20,"Allan Border Field, Brisbane",4,54.4,54.4,Queensland,South Australia,LD Hearne,J Clayton,N McAndrew,0,0,,,,,,,,,,,,,
1444496,2024/25,2024-10-20,"Allan Border Field, Brisbane",4,54.5,54.5,Queensland,South Australia,LD Hearne,J Clayton,N McAndrew,0,0,,,,,,,,,,,,,
1444496,2024/25,2024-10-20,"Allan Border Field, Brisbane",4,54.6,54.6,Queensland,South Australia,LD Hearne,J Clayton,N McAndrew,0,0,,,,,,,,,,,,,
1444496,2024/25,2024-10-20,"Allan Border Field, Brisbane",4,55.1,55.1,Queensland,South Australia,J Clayton,LD Hearne,L Scott,0,0,,,,,,,,,,,,,
1444496,2024/25,2024-10-20,"Allan Border Field, Brisbane",4,55.2,55.2,Queensland,South Australia,J Clayton,LD Hearne,L Scott,4,0,,,,,,,,,,,,,
1444496,2024/25,2024-10-20,"Allan Border Field, Brisbane",4,55.3,55.3,Queensland,South Australia,J Clayton,LD Hearne,L Scott,0,0,,,,,,,,,,,,,
1444496,2024/25,2024-10-20,"Allan Border Field, Brisbane",4,55.4,55.4,Queensland,South Australia,J Clayton,LD Hearne,L Scott,0,0,,,,,,,,,,,,,
1444496,2024/25,2024-10-20,"Allan Border Field, Brisbane",4,55.5,55.5,Queensland,South Australia,J Clayton,LD Hearne,L Scott,0,4,,,4,,,,,,,,,,
1444496,2024/25,2024-10-20,"Allan Border Field, Brisbane",4,55.6,55.6,Queensland,South Australia,J Clayton,LD Hearne,L Scott,0,0,,,,,,,,,,,,,
1444496,2024/25,2024-10-20,"Allan Border Field, Brisbane",4,56.1,56.1,Queensland,South Australia,LD Hearne,J Clayton,NA McSweeney,1,0,,,,,,,,,,,,,
1444496,2024/25,2024-10-20,"Allan Border Field, Brisbane",4,56.2,56.2,Queensland,South Australia,J Clayton,LD Hearne,NA McSweeney,0,0,,,,,,,,,,,,,
1444496,2024/25,2024-10-20,"Allan Border Field, Brisbane",4,56.3,56.3,Queensland,South Australia,J Clayton,LD Hearne,NA McSweeney,0,0,,,,,,,,,,,,,
1444496,2024/25,2024-10-20,"Allan Border Field, Brisbane",4,56.4,56.4,Queensland,South Australia,J Clayton,LD Hearne,NA McSweeney,0,0,,,,,,,,,,,,,
1444496,2024/25,2024-10-20,"Allan Border Field, Brisbane",4,56.5,56.5,Queensland,South Australia,J Clayton,LD Hearne,NA McSweeney,3,0,,,,,,,,,,,,,
1444496,2024/25,2024-10-20,"Allan Border Field, Brisbane",4,56.6,56.6,Queensland,South Australia,LD Hearne,J Clayton,NA McSweeney,0,0,,,,,,,,,,,,,
1444496,2024/25,2024-10-20,"Allan Border Field, Brisbane",4,57.1,57.1,Queensland,South Australia,J Clayton,LD Hearne,BAD Manenti,0,0,,,,,,,,,,,,,
1444496,2024/25,2024-10-20,"Allan Border Field, Brisbane",4,57.2,57.2,Queensland,South Australia,J Clayton,LD Hearne,BAD Manenti,0,0,,,,,,,,,,,,,
1444496,2024/25,2024-10-20,"Allan Border Field, Brisbane",4,57.3,57.3,Queensland,South Australia,J Clayton,LD Hearne,BAD Manenti,0,0,,,,,,,,,,,,,
1444496,2024/25,2024-10-20,"Allan Border Field, Brisbane",4,57.4,57.4,Queensland,South Australia,J Clayton,LD Hearne,BAD Manenti,0,0,,,,,,,,,,,,,
1444496,2024/25,2024-10-20,"Allan Border Field, Brisbane",4,57.5,57.5,Queensland,South Australia,J Clayton,LD Hearne,BAD Manenti,0,0,,,,,,,,,,,,,
1444496,2024/25,2024-10-20,"Allan Border Field, Brisbane",4,57.6,57.6,Queensland,South Australia,J Clayton,LD Hearne,BAD Manenti,1,0,,,,,,,,,,,,,
1444496,2024/25,2024-10-20,"Allan Border Field, Brisbane",4,58.1,58.1,Queensland,South Australia,J Clayton,LD Hearne,NA McSweeney,0,0,,,,,,,,,,,,,
1444496,2024/25,2024-10-20,"Allan Border Field, Brisbane",4,58.2,58.2,Queensland,South Australia,J Clayton,LD Hearne,NA McSweeney,0,0,,,,,,,,,,,,,
1444496,2024/25,2024-10-20,"Allan Border Field, Brisbane",4,58.3,58.3,Queensland,South Australia,J Clayton,LD Hearne,NA McSweeney,1,0,,,,,,,,,,,,,
1444496,2024/25,2024-10-20,"Allan Border Field, Brisbane",4,58.4,58.4,Queensland,South Australia,LD Hearne,J Clayton,NA McSweeney,0,0,,,,,,,bowled,LD Hearne,,,,,
1444496,2024/25,2024-10-20,"Allan Border Field, Brisbane",4,58.5,58.5,Queensland,South Australia,JJ Peirson,J Clayton,NA McSweeney,0,0,,,,,,,,,,,,,
1444496,2024/25,2024-10-20,"Allan Border Field, Brisbane",4,58.6,58.6,Queensland,South Australia,JJ Peirson,J Clayton,NA McSweeney,0,0,,,,,,,,,,,,,
1444496,2024/25,2024-10-20,"Allan Border Field, Brisbane",4,59.1,59.1,Queensland,South Australia,J Clayton,JJ Peirson,JS Buckingham,0,0,,,,,,,,,,,,,
1444496,2024/25,2024-10-20,"Allan Border Field, Brisbane",4,59.2,59.2,Queensland,South Australia,J Clayton,JJ Peirson,JS Buckingham,0,0,,,,,,,,,,,,,
1444496,2024/25,2024-10-20,"Allan Border Field, Brisbane",4,59.3,59.3,Queensland,South Australia,J Clayton,JJ Peirson,JS Buckingham,0,0,,,,,,,,,,,,,
1444496,2024/25,2024-10-20,"Allan Border Field, Brisbane",4,59.4,59.4,Queensland,South Australia,J Clayton,JJ Peirson,JS Buckingham,0,0,,,,,,,,,,,,,
1444496,2024/25,2024-10-20,"Allan Border Field, Brisbane",4,59.5,59.5,Queensland,South Australia,J Clayton,JJ Peirson,JS Buckingham,1,0,,,,,,,,,,,,,
1444496,2024/25,2024-10-20,"Allan Border Field, Brisbane",4,59.6,59.6,Queensland,South Australia,JJ Peirson,J Clayton,JS Buckingham,1,0,,,,,,,,,,,,,
1444496,2024/25,2024-10-20,"Allan Border Field, Brisbane",4,60.1,60.1,Queensland,South Australia,JJ Peirson,J Clayton,NA McSweeney,0,0,,,,,,,,,,,,,
1444496,2024/25,2024-10-20,"Allan Border Field, Brisbane",4,60.2,60.2,Queensland,South Australia,JJ Peirson,J Clayton,NA McSweeney,1,0,,,,,,,,,,,,,
1444496,2024/25,2024-10-20,"Allan Border Field, Brisbane",4,60.3,60.3,Queensland,South Australia,J Clayton,JJ Peirson,NA McSweeney,0,0,,,,,,,,,,,,,
1444496,2024/25,2024-10-20,"Allan Border Field, Brisbane",4,60.4,60.4,Queensland,South Australia,J Clayton,JJ Peirson,NA McSweeney,0,0,,,,,,,,,,,,,
1444496,2024/25,2024-10-20,"Allan Border Field, Brisbane",4,60.5,60.5,Queensland,South Australia,J Clayton,JJ Peirson,NA McSweeney,0,0,,,,,,,,,,,,,
1444496,2024/25,2024-10-20,"Allan Border Field, Brisbane",4,60.6,60.6,Queensland,South Australia,J Clayton,JJ Peirson,NA McSweeney,1,0,,,,,,,,,,,,,
1444496,2024/25,2024-10-20,"Allan Border Field, Brisbane",4,61.1,61.1,Queensland,South Australia,J Clayton,JJ Peirson,JS Buckingham,0,0,,,,,,,,,,,,,
1444496,2024/25,2024-10-20,"Allan Border Field, Brisbane",4,61.2,61.2,Queensland,South Australia,J Clayton,JJ Peirson,JS Buckingham,0,0,,,,,,,,,,,,,
1444496,2024/25,2024-10-20,"Allan Border Field, Brisbane",4,61.3,61.3,Queensland,South Australia,J Clayton,JJ Peirson,JS Buckingham,0,0,,,,,,,,,,,,,
1444496,2024/25,2024-10-20,"Allan Border Field, Brisbane",4,61.4,61.4,Queensland,South Australia,J Clayton,JJ Peirson,JS Buckingham,0,0,,,,,,,,,,,,,
1444496,2024/25,2024-10-20,"Allan Border Field, Brisbane",4,61.5,61.5,Queensland,South Australia,J Clayton,JJ Peirson,JS Buckingham,1,0,,,,,,,,,,,,,
1444496,2024/25,2024-10-20,"Allan Border Field, Brisbane",4,61.6,61.6,Queensland,South Australia,JJ Peirson,J Clayton,JS Buckingham,0,0,,,,,,,,,,,,,
1444496,2024/25,2024-10-20,"Allan Border Field, Brisbane",4,62.1,62.1,Queensland,South Australia,J Clayton,JJ Peirson,NA McSweeney,0,0,,,,,,,,,,,,,
1444496,2024/25,2024-10-20,"Allan Border Field, Brisbane",4,62.2,62.2,Queensland,South Australia,J Clayton,JJ Peirson,NA McSweeney,4,0,,,,,,,,,,,,,
1444496,2024/25,2024-10-20,"Allan Border Field, Brisbane",4,62.3,62.3,Queensland,South Australia,J Clayton,JJ Peirson,NA McSweeney,0,0,,,,,,,,,,,,,
1444496,2024/25,2024-10-20,"Allan Border Field, Brisbane",4,62.4,62.4,Queensland,South Australia,J Clayton,JJ Peirson,NA McSweeney,0,0,,,,,,,,,,,,,
1444496,2024/25,2024-10-20,"Allan Border Field, Brisbane",4,62.5,62.5,Queensland,South Australia,J Clayton,JJ Peirson,NA McSweeney,0,0,,,,,,,,,,,,,
1444496,2024/25,2024-10-20,"Allan Border Field, Brisbane",4,62.6,62.6,Queensland,South Australia,J Clayton,JJ Peirson,NA McSweeney,1,0,,,,,,,,,,,,,
1444496,2024/25,2024-10-20,"Allan Border Field, Brisbane",4,63.1,63.1,Queensland,South Australia,J Clayton,JJ Peirson,JS Buckingham,2,0,,,,,,,,,,,,,
1444496,2024/25,2024-10-20,"Allan Border Field, Brisbane",4,63.2,63.2,Queensland,South Australia,J Clayton,JJ Peirson,JS Buckingham,4,0,,,,,,,,,,,,,
1444496,2024/25,2024-10-20,"Allan Border Field, Brisbane",4,63.3,63.3,Queensland,South Australia,J Clayton,JJ Peirson,JS Buckingham,0,0,,,,,,,,,,,,,
1444496,2024/25,2024-10-20,"Allan Border Field, Brisbane",4,63.4,63.4,Queensland,South Australia,J Clayton,JJ Peirson,JS Buckingham,0,0,,,,,,,,,,,,,
1444496,2024/25,2024-10-20,"Allan Border Field, Brisbane",4,63.5,63.5,Queensland,South Australia,J Clayton,JJ Peirson,JS Buckingham,0,0,,,,,,,,,,,,,
1444496,2024/25,2024-10-20,"Allan Border Field, Brisbane",4,63.6,63.6,Queensland,South Australia,J Clayton,JJ Peirson,JS Buckingham,4,0,,,,,,,,,,,,,
1444496,2024/25,2024-10-20,"Allan Border Field, Brisbane",4,64.1,64.1,Queensland,South Australia,JJ Peirson,J Clayton,BAD Manenti,0,0,,,,,,,,,,,,,
1444496,2024/25,2024-10-20,"Allan Border Field, Brisbane",4,64.2,64.2,Queensland,South Australia,JJ Peirson,J Clayton,BAD Manenti,0,0,,,,,,,,,,,,,
1444496,2024/25,2024-10-20,"Allan Border Field, Brisbane",4,64.3,64.3,Queensland,South Australia,JJ Peirson,J Clayton,BAD Manenti,0,0,,,,,,,,,,,,,
1444496,2024/25,2024-10-20,"Allan Border Field, Brisbane",4,64.4,64.4,Queensland,South Australia,JJ Peirson,J Clayton,BAD Manenti,0,0,,,,,,,,,,,,,
1444496,2024/25,2024-10-20,"Allan Border Field, Brisbane",4,64.5,64.5,Queensland,South Australia,JJ Peirson,J Clayton,BAD Manenti,4,0,,,,,,,,,,,,,
1444496,2024/25,2024-10-20,"Allan Border Field, Brisbane",4,64.6,64.6,Queensland,South Australia,JJ Peirson,J Clayton,BAD Manenti,0,0,,,,,,,,,,,,,
1444496,2024/25,2024-10-20,"Allan Border Field, Brisbane",4,65.1,65.1,Queensland,South Australia,J Clayton,JJ Peirson,JS Buckingham,0,0,,,,,,,,,,,,,
1444496,2024/25,2024-10-20,"Allan Border Field, Brisbane",4,65.2,65.2,Queensland,South Australia,J Clayton,JJ Peirson,JS Buckingham,0,0,,,,,,,,,,,,,
1444496,2024/25,2024-10-20,"Allan Border Field, Brisbane",4,65.3,65.3,Queensland,South Australia,J Clayton,JJ Peirson,JS Buckingham,1,0,,,,,,,,,,,,,
1444496,2024/25,2024-10-20,"Allan Border Field, Brisbane",4,65.4,65.4,Queensland,South Australia,JJ Peirson,J Clayton,JS Buckingham,0,0,,,,,,,,,,,,,
1444496,2024/25,2024-10-20,"Allan Border Field, Brisbane",4,65.5,65.5,Queensland,South Australia,JJ Peirson,J Clayton,JS Buckingham,0,0,,,,,,,,,,,,,
1444496,2024/25,2024-10-20,"Allan Border Field, Brisbane",4,65.6,65.6,Queensland,South Australia,JJ Peirson,J Clayton,JS Buckingham,0,0,,,,,,,,,,,,,
1444496,2024/25,2024-10-20,"Allan Border Field, Brisbane",4,66.1,66.1,Queensland,South Australia,J Clayton,JJ Peirson,BAD Manenti,4,0,,,,,,,,,,,,,
1444496,2024/25,2024-10-20,"Allan Border Field, Brisbane",4,66.2,66.2,Queensland,South Australia,J Clayton,JJ Peirson,BAD Manenti,0,0,,,,,,,,,,,,,
1444496,2024/25,2024-10-20,"Allan Border Field, Brisbane",4,66.3,66.3,Queensland,South Australia,J Clayton,JJ Peirson,BAD Manenti,2,0,,,,,,,,,,,,,
1444496,2024/25,2024-10-20,"Allan Border Field, Brisbane",4,66.4,66.4,Queensland,South Australia,J Clayton,JJ Peirson,BAD Manenti,0,0,,,,,,,,,,,,,
1444496,2024/25,2024-10-20,"Allan Border Field, Brisbane",4,66.5,66.5,Queensland,South Australia,J Clayton,JJ Peirson,BAD Manenti,1,0,,,,,,,,,,,,,
1444496,2024/25,2024-10-20,"Allan Border Field, Brisbane",4,66.6,66.6,Queensland,South Australia,JJ Peirson,J Clayton,BAD Manenti,4,0,,,,,,,,,,,,,
1444496,2024/25,2024-10-20,"Allan Border Field, Brisbane",4,67.1,67.1,Queensland,South Australia,J Clayton,JJ Peirson,JS Buckingham,0,0,,,,,,,caught,J Clayton,,,AT Carey,,
1444496,2024/25,2024-10-20,"Allan Border Field, Brisbane",4,67.2,67.2,Queensland,South Australia,MG Neser,JJ Peirson,JS Buckingham,0,0,,,,,,,,,,,,,
1444496,2024/25,2024-10-20,"Allan Border Field, Brisbane",4,67.3,67.3,Queensland,South Australia,MG Neser,JJ Peirson,JS Buckingham,0,0,,,,,,,,,,,,,
1444496,2024/25,2024-10-20,"Allan Border Field, Brisbane",4,67.4,67.4,Queensland,South Australia,MG Neser,JJ Peirson,JS Buckingham,0,0,,,,,,,,,,,,,
1444496,2024/25,2024-10-20,"Allan Border Field, Brisbane",4,67.5,67.5,Queensland,South Australia,MG Neser,JJ Peirson,JS Buckingham,0,0,,,,,,,,,,,,,
1444496,2024/25,2024-10-20,"Allan Border Field, Brisbane",4,67.6,67.6,Queensland,South Australia,MG Neser,JJ Peirson,JS Buckingham,0,0,,,,,,,,,,,,,
1444496,2024/25,2024-10-20,"Allan Border Field, Brisbane",4,68.1,68.1,Queensland,South Australia,JJ Peirson,MG Neser,N McAndrew,0,0,,,,,,,,,,,,,
1444496,2024/25,2024-10-20,"Allan Border Field, Brisbane",4,68.2,68.2,Queensland,South Australia,JJ Peirson,MG Neser,N McAndrew,0,0,,,,,,,,,,,,,
1444496,2024/25,2024-10-20,"Allan Border Field, Brisbane",4,68.3,68.3,Queensland,South Australia,JJ Peirson,MG Neser,N McAndrew,0,0,,,,,,,,,,,,,
1444496,2024/25,2024-10-20,"Allan Border Field, Brisbane",4,68.4,68.4,Queensland,South Australia,JJ Peirson,MG Neser,N McAndrew,0,0,,,,,,,caught,JJ Peirson,,,AT Carey,,
1444496,2024/25,2024-10-20,"Allan Border Field, Brisbane",4,68.5,68.5,Queensland,South Australia,MT Steketee,MG Neser,N McAndrew,0,0,,,,,,,,,,,,,
1444496,2024/25,2024-10-20,"Allan Border Field, Brisbane",4,68.6,68.6,Queensland,South Australia,MT Steketee,MG Neser,N McAndrew,0,0,,,,,,,,,,,,,
1444496,2024/25,2024-10-20,"Allan Border Field, Brisbane",4,69.1,69.1,Queensland,South Australia,MG Neser,MT Steketee,JS Buckingham,0,0,,,,,,,,,,,,,
1444496,2024/25,2024-10-20,"Allan Border Field, Brisbane",4,69.2,69.2,Queensland,South Australia,MG Neser,MT Steketee,JS Buckingham,0,0,,,,,,,,,,,,,
1444496,2024/25,2024-10-20,"Allan Border Field, Brisbane",4,69.3,69.3,Queensland,South Australia,MG Neser,MT Steketee,JS Buckingham,0,0,,,,,,,,,,,,,
1444496,2024/25,2024-10-20,"Allan Border Field, Brisbane",4,69.4,69.4,Queensland,South Australia,MG Neser,MT Steketee,JS Buckingham,0,0,,,,,,,,,,,,,
1444496,2024/25,2024-10-20,"Allan Border Field, Brisbane",4,69.5,69.5,Queensland,South Australia,MG Neser,MT Steketee,JS Buckingham,0,0,,,,,,,,,,,,,
1444496,2024/25,2024-10-20,"Allan Border Field, Brisbane",4,69.6,69.6,Queensland,South Australia,MG Neser,MT Steketee,JS Buckingham,0,0,,,,,,,,,,,,,
1444496,2024/25,2024-10-20,"Allan Border Field, Brisbane",4,70.1,70.1,Queensland,South Australia,MT Steketee,MG Neser,N McAndrew,0,0,,,,,,,,,,,,,
1444496,2024/25,2024-10-20,"Allan Border Field, Brisbane",4,70.2,70.2,Queensland,South Australia,MT Steketee,MG Neser,N McAndrew,4,0,,,,,,,,,,,,,
1444496,2024/25,2024-10-20,"Allan Border Field, Brisbane",4,70.3,70.3,Queensland,South Australia,MT Steketee,MG Neser,N McAndrew,0,0,,,,,,,,,,,,,
1444496,2024/25,2024-10-20,"Allan Border Field, Brisbane",4,70.4,70.4,Queensland,South Australia,MT Steketee,MG Neser,N McAndrew,0,0,,,,,,,,,,,,,
1444496,2024/25,2024-10-20,"Allan Border Field, Brisbane",4,70.5,70.5,Queensland,South Australia,MT Steketee,MG Neser,N McAndrew,0,0,,,,,,,,,,,,,
1444496,2024/25,2024-10-20,"Allan Border Field, Brisbane",4,70.6,70.6,Queensland,South Australia,MT Steketee,MG Neser,N McAndrew,0,0,,,,,,,,,,,,,
1444496,2024/25,2024-10-20,"Allan Border Field, Brisbane",4,71.1,71.1,Queensland,South Australia,MG Neser,MT Steketee,L Scott,0,0,,,,,,,,,,,,,
1444496,2024/25,2024-10-20,"Allan Border Field, Brisbane",4,71.2,71.2,Queensland,South Australia,MG Neser,MT Steketee,L Scott,4,0,,,,,,,,,,,,,
1444496,2024/25,2024-10-20,"Allan Border Field, Brisbane",4,71.3,71.3,Queensland,South Australia,MG Neser,MT Steketee,L Scott,0,0,,,,,,,,,,,,,
1444496,2024/25,2024-10-20,"Allan Border Field, Brisbane",4,71.4,71.4,Queensland,South Australia,MG Neser,MT Steketee,L Scott,0,0,,,,,,,,,,,,,
1444496,2024/25,2024-10-20,"Allan Border Field, Brisbane",4,71.5,71.5,Queensland,South Australia,MG Neser,MT Steketee,L Scott,0,0,,,,,,,caught,MG Neser,,,AT Carey,,
1444496,2024/25,2024-10-20,"Allan Border Field, Brisbane",4,71.6,71.6,Queensland,South Australia,MJ Swepson,MT Steketee,L Scott,0,0,,,,,,,,,,,,,
1444496,2024/25,2024-10-20,"Allan Border Field, Brisbane",4,72.1,72.1,Queensland,South Australia,MT Steketee,MJ Swepson,N McAndrew,0,0,,,,,,,,,,,,,
1444496,2024/25,2024-10-20,"Allan Border Field, Brisbane",4,72.2,72.2,Queensland,South Australia,MT Steketee,MJ Swepson,N McAndrew,0,0,,,,,,,,,,,,,
1444496,2024/25,2024-10-20,"Allan Border Field, Brisbane",4,72.3,72.3,Queensland,South Australia,MT Steketee,MJ Swepson,N McAndrew,0,0,,,,,,,,,,,,,
1444496,2024/25,2024-10-20,"Allan Border Field, Brisbane",4,72.4,72.4,Queensland,South Australia,MT Steketee,MJ Swepson,N McAndrew,0,0,,,,,,,caught,MT Steketee,,,BAD Manenti,,
1444496,2024/25,2024-10-20,"Allan Border Field, Brisbane",4,72.5,72.5,Queensland,South Australia,T Whitney,MJ Swepson,N McAndrew,0,0,,,,,,,,,,,,,
1444496,2024/25,2024-10-20,"Allan Border Field, Brisbane",4,72.6,72.6,Queensland,South Australia,T Whitney,MJ Swepson,N McAndrew,0,0,,,,,,,,,,,,,
1444496,2024/25,2024-10-20,"Allan Border Field, Brisbane",4,73.1,73.1,Queensland,South Australia,MJ Swepson,T Whitney,L Scott,0,0,,,,,,,,,,,,,
1444496,2024/25,2024-10-20,"Allan Border Field, Brisbane",4,73.2,73.2,Queensland,South Australia,MJ Swepson,T Whitney,L Scott,0,0,,,,,,,,,,,,,
1444496,2024/25,2024-10-20,"Allan Border Field, Brisbane",4,73.3,73.3,Queensland,South Australia,MJ Swepson,T Whitney,L Scott,0,0,,,,,,,caught,MJ Swepson,,,AT Carey,,
