match_id,season,start_date,venue,innings,ball,actual_delivery,batting_team,bowling_team,striker,non_striker,bowler,runs_off_bat,extras,wides,noballs,byes,legbyes,penalty,non_boundary,wicket_type,player_dismissed,other_wicket_type,other_player_dismissed,fielder_1,fielder_2,fielder_3
1461930,2025,2025-07-22,"Sophia Gardens, Cardiff",1,0.1,0.1,Kent,Glamorgan,BG Compton,JK Denly,T van der Gugten,0,0,,,,,,,,,,,,,
1461930,2025,2025-07-22,"Sophia Gardens, Cardiff",1,0.2,0.2,Kent,Glamorgan,BG Compton,JK Denly,T van der Gugten,0,0,,,,,,,,,,,,,
1461930,2025,2025-07-22,"Sophia Gardens, Cardiff",1,0.3,0.3,Kent,Glamorgan,BG Compton,JK Denly,T van der Gugten,0,0,,,,,,,,,,,,,
1461930,2025,2025-07-22,"Sophia Gardens, Cardiff",1,0.4,0.4,Kent,Glamorgan,BG Compton,JK Denly,T van der Gugten,0,0,,,,,,,,,,,,,
1461930,2025,2025-07-22,"Sophia Gardens, Cardiff",1,0.5,0.5,Kent,Glamorgan,BG Compton,JK Denly,T van der Gugten,0,0,,,,,,,,,,,,,
1461930,2025,2025-07-22,"Sophia Gardens, Cardiff",1,0.6,0.6,Kent,Glamorgan,BG Compton,JK Denly,T van der Gugten,0,0,,,,,,,,,,,,,
1461930,2025,2025-07-22,"Sophia Gardens, Cardiff",1,1.1,1.1,Kent,Glamorgan,JK Denly,BG Compton,AM Fernando,0,0,,,,,,,,,,,,,
1461930,2025,2025-07-22,"Sophia Gardens, Cardiff",1,1.2,1.2,Kent,Glamorgan,JK Denly,BG Compton,AM Fernando,4,0,,,,,,,,,,,,,
1461930,2025,2025-07-22,"Sophia Gardens, Cardiff",1,1.3,1.3,Kent,Glamorgan,JK Denly,BG Compton,AM Fernando,0,0,,,,,,,,,,,,,
1461930,2025,2025-07-22,"Sophia Gardens, Cardiff",1,1.4,1.4,Kent,Glamorgan,JK Denly,BG Compton,AM Fernando,0,0,,,,,,,,,,,,,
1461930,2025,2025-07-22,"Sophia Gardens, Cardiff",1,1.5,1.5,Kent,Glamorgan,JK Denly,BG Compton,AM Fernando,0,0,,,,,,,,,,,,,
1461930,2025,2025-07-22,"Sophia Gardens, Cardiff",1,1.6,1.6,Kent,Glamorgan,JK Denly,BG Compton,AM Fernando,0,0,,,,,,,,,,,,,
1461930,2025,2025-07-22,"Sophia Gardens, Cardiff",1,2.1,2.1,Kent,Glamorgan,BG Compton,JK Denly,T van der Gugten,4,0,,,,,,,,,,,,,
1461930,2025,2025-07-22,"Sophia Gardens, Cardiff",1,2.2,2.2,Kent,Glamorgan,BG Compton,JK Denly,T van der Gugten,0,0,,,,,,,,,,,,,
1461930,2025,2025-07-22,"Sophia Gardens, Cardiff",1,2.3,2.3,Kent,Glamorgan,BG Compton,JK Denly,T van der Gugten,0,0,,,,,,,,,,,,,
1461930,2025,2025-07-22,"Sophia Gardens, Cardiff",1,2.4,2.4,Kent,Glamorgan,BG Compton,JK Denly,T van der Gugten,0,0,,,,,,,,,,,,,
1461930,2025,2025-07-22,"Sophia Gardens, Cardiff",1,2.5,2.5,Kent,Glamorgan,BG Compton,JK Denly,T van der Gugten,4,0,,,,,,,,,,,,,
1461930,2025,2025-07-22,"Sophia Gardens, Cardiff",1,2.6,2.6,Kent,Glamorgan,BG Compton,JK Denly,T van der Gugten,0,0,,,,,,,,,,,,,
1461930,2025,2025-07-22,"Sophia Gardens, Cardiff",1,3.1,3.1,Kent,Glamorgan,JK Denly,BG Compton,AM Fernando,0,0,,,,,,,,,,,,,
1461930,2025,2025-07-22,"Sophia Gardens, Cardiff",1,3.2,3.2,Kent,Glamorgan,JK Denly,BG Compton,AM Fernando,0,0,,,,,,,,,,,,,
1461930,2025,2025-07-22,"Sophia Gardens, Cardiff",1,3.3,3.3,Kent,Glamorgan,JK Denly,BG Compton,AM Fernando,0,0,,,,,,,,,,,,,
1461930,2025,2025-07-22,"Sophia Gardens, Cardiff",1,3.4,3.4,Kent,Glamorgan,JK Denly,BG Compton,AM Fernando,0,0,,,,,,,,,,,,,
1461930,2025,2025-07-22,"Sophia Gardens, Cardiff",1,3.5,3.5,Kent,Glamorgan,JK Denly,BG Compton,AM Fernando,0,0,,,,,,,,,,,,,
1461930,2025,2025-07-22,"Sophia Gardens, Cardiff",1,3.6,3.6,Kent,Glamorgan,JK Denly,BG Compton,AM Fernando,0,0,,,,,,,,,,,,,
1461930,2025,2025-07-22,"Sophia Gardens, Cardiff",1,4.1,4.1,Kent,Glamorgan,BG Compton,JK Denly,T van der Gugten,4,0,,,,,,,,,,,,,
1461930,2025,2025-07-22,"Sophia Gardens, Cardiff",1,4.2,4.2,Kent,Glamorgan,BG Compton,JK Denly,T van der Gugten,0,0,,,,,,,,,,,,,
1461930,2025,2025-07-22,"Sophia Gardens, Cardiff",1,4.3,4.3,Kent,Glamorgan,BG Compton,JK Denly,T van der Gugten,0,0,,,,,,,,,,,,,
1461930,2025,2025-07-22,"Sophia Gardens, Cardiff",1,4.4,4.4,Kent,Glamorgan,BG Compton,JK Denly,T van der Gugten,0,0,,,,,,,,,,,,,
1461930,2025,2025-07-22,"Sophia Gardens, Cardiff",1,4.5,4.5,Kent,Glamorgan,BG Compton,JK Denly,T van der Gugten,0,0,,,,,,,,,,,,,
1461930,2025,2025-07-22,"Sophia Gardens, Cardiff",1,4.6,4.6,Kent,Glamorgan,BG Compton,JK Denly,T van der Gugten,0,0,,,,,,,,,,,,,
1461930,2025,2025-07-22,"Sophia Gardens, Cardiff",1,5.1,5.1,Kent,Glamorgan,JK Denly,BG Compton,AM Fernando,0,0,,,,,,,,,,,,,
1461930,2025,2025-07-22,"Sophia Gardens, Cardiff",1,5.2,5.2,Kent,Glamorgan,JK Denly,BG Compton,AM Fernando,0,0,,,,,,,,,,,,,
1461930,2025,2025-07-22,"Sophia Gardens, Cardiff",1,5.3,5.3,Kent,Glamorgan,JK Denly,BG Compton,AM Fernando,0,0,,,,,,,,,,,,,
1461930,2025,2025-07-22,"Sophia Gardens, Cardiff",1,5.4,5.4,Kent,Glamorgan,JK Denly,BG Compton,AM Fernando,0,0,,,,,,,,,,,,,
1461930,2025,2025-07-22,"Sophia Gardens, Cardiff",1,5.5,5.5,Kent,Glamorgan,JK Denly,BG Compton,AM Fernando,4,0,,,,,,,,,,,,,
1461930,2025,2025-07-22,"Sophia Gardens, Cardiff",1,5.6,5.6,Kent,Glamorgan,JK Denly,BG Compton,AM Fernando,1,0,,,,,,,,,,,,,
1461930,2025,2025-07-22,"Sophia Gardens, Cardiff",1,6.1,6.1,Kent,Glamorgan,JK Denly,BG Compton,T van der Gugten,0,0,,,,,,,,,,,,,
1461930,2025,2025-07-22,"Sophia Gardens, Cardiff",1,6.2,6.2,Kent,Glamorgan,JK Denly,BG Compton,T van der Gugten,0,0,,,,,,,,,,,,,
1461930,2025,2025-07-22,"Sophia Gardens, Cardiff",1,6.3,6.3,Kent,Glamorgan,JK Denly,BG Compton,T van der Gugten,4,0,,,,,,,,,,,,,
1461930,2025,2025-07-22,"Sophia Gardens, Cardiff",1,6.4,6.4,Kent,Glamorgan,JK Denly,BG Compton,T van der Gugten,0,0,,,,,,,,,,,,,
1461930,2025,2025-07-22,"Sophia Gardens, Cardiff",1,6.5,6.5,Kent,Glamorgan,JK Denly,BG Compton,T van der Gugten,0,1,,,,1,,,,,,,,,
1461930,2025,2025-07-22,"Sophia Gardens, Cardiff",1,6.6,6.6,Kent,Glamorgan,BG Compton,JK Denly,T van der Gugten,0,0,,,,,,,,,,,,,
1461930,2025,2025-07-22,"Sophia Gardens, Cardiff",1,7.1,7.1,Kent,Glamorgan,JK Denly,BG Compton,AM Fernando,0,0,,,,,,,,,,,,,
1461930,2025,2025-07-22,"Sophia Gardens, Cardiff",1,7.2,7.2,Kent,Glamorgan,JK Denly,BG Compton,AM Fernando,4,0,,,,,,,,,,,,,
1461930,2025,2025-07-22,"Sophia Gardens, Cardiff",1,7.3,7.3,Kent,Glamorgan,JK Denly,BG Compton,AM Fernando,0,0,,,,,,,,,,,,,
1461930,2025,2025-07-22,"Sophia Gardens, Cardiff",1,7.4,7.4,Kent,Glamorgan,JK Denly,BG Compton,AM Fernando,0,0,,,,,,,,,,,,,
1461930,2025,2025-07-22,"Sophia Gardens, Cardiff",1,7.5,7.5,Kent,Glamorgan,JK Denly,BG Compton,AM Fernando,2,0,,,,,,,,,,,,,
1461930,2025,2025-07-22,"Sophia Gardens, Cardiff",1,7.6,7.6,Kent,Glamorgan,JK Denly,BG Compton,AM Fernando,0,0,,,,,,,,,,,,,
1461930,2025,2025-07-22,"Sophia Gardens, Cardiff",1,8.1,8.1,Kent,Glamorgan,BG Compton,JK Denly,JAR Harris,4,0,,,,,,,,,,,,,
1461930,2025,2025-07-22,"Sophia Gardens, Cardiff",1,8.2,8.2,Kent,Glamorgan,BG Compton,JK Denly,JAR Harris,0,0,,,,,,,,,,,,,
1461930,2025,2025-07-22,"Sophia Gardens, Cardiff",1,8.3,8.3,Kent,Glamorgan,BG Compton,JK Denly,JAR Harris,1,0,,,,,,,,,,,,,
1461930,2025,2025-07-22,"Sophia Gardens, Cardiff",1,8.4,8.4,Kent,Glamorgan,JK Denly,BG Compton,JAR Harris,0,0,,,,,,,,,,,,,
1461930,2025,2025-07-22,"Sophia Gardens, Cardiff",1,8.5,8.5,Kent,Glamorgan,JK Denly,BG Compton,JAR Harris,0,0,,,,,,,,,,,,,
1461930,2025,2025-07-22,"Sophia Gardens, Cardiff",1,8.6,8.6,Kent,Glamorgan,JK Denly,BG Compton,JAR Harris,0,0,,,,,,,,,,,,,
1461930,2025,2025-07-22,"Sophia Gardens, Cardiff",1,9.1,9.1,Kent,Glamorgan,BG Compton,JK Denly,AM Fernando,0,0,,,,,,,caught,BG Compton,,,CB Cooke,,
1461930,2025,2025-07-22,"Sophia Gardens, Cardiff",1,9.2,9.2,Kent,Glamorgan,CG Benjamin,JK Denly,AM Fernando,0,0,,,,,,,,,,,,,
1461930,2025,2025-07-22,"Sophia Gardens, Cardiff",1,9.3,9.3,Kent,Glamorgan,CG Benjamin,JK Denly,AM Fernando,2,2,,2,,,,,,,,,,,
1461930,2025,2025-07-22,"Sophia Gardens, Cardiff",1,9.4,9.3,Kent,Glamorgan,CG Benjamin,JK Denly,AM Fernando,0,0,,,,,,,,,,,,,
1461930,2025,2025-07-22,"Sophia Gardens, Cardiff",1,9.5,9.4,Kent,Glamorgan,CG Benjamin,JK Denly,AM Fernando,1,0,,,,,,,,,,,,,
1461930,2025,2025-07-22,"Sophia Gardens, Cardiff",1,9.6,9.5,Kent,Glamorgan,JK Denly,CG Benjamin,AM Fernando,0,0,,,,,,,,,,,,,
1461930,2025,2025-07-22,"Sophia Gardens, Cardiff",1,9.7,9.6,Kent,Glamorgan,JK Denly,CG Benjamin,AM Fernando,0,0,,,,,,,,,,,,,
1461930,2025,2025-07-22,"Sophia Gardens, Cardiff",1,10.1,10.1,Kent,Glamorgan,CG Benjamin,JK Denly,JAR Harris,4,0,,,,,,,,,,,,,
1461930,2025,2025-07-22,"Sophia Gardens, Cardiff",1,10.2,10.2,Kent,Glamorgan,CG Benjamin,JK Denly,JAR Harris,1,0,,,,,,,,,,,,,
1461930,2025,2025-07-22,"Sophia Gardens, Cardiff",1,10.3,10.3,Kent,Glamorgan,JK Denly,CG Benjamin,JAR Harris,0,0,,,,,,,,,,,,,
1461930,2025,2025-07-22,"Sophia Gardens, Cardiff",1,10.4,10.4,Kent,Glamorgan,JK Denly,CG Benjamin,JAR Harris,0,0,,,,,,,,,,,,,
1461930,2025,2025-07-22,"Sophia Gardens, Cardiff",1,10.5,10.5,Kent,Glamorgan,JK Denly,CG Benjamin,JAR Harris,0,0,,,,,,,,,,,,,
1461930,2025,2025-07-22,"Sophia Gardens, Cardiff",1,10.6,10.6,Kent,Glamorgan,JK Denly,CG Benjamin,JAR Harris,1,0,,,,,,,,,,,,,
1461930,2025,2025-07-22,"Sophia Gardens, Cardiff",1,11.1,11.1,Kent,Glamorgan,JK Denly,CG Benjamin,AM Fernando,0,0,,,,,,,,,,,,,
1461930,2025,2025-07-22,"Sophia Gardens, Cardiff",1,11.2,11.2,Kent,Glamorgan,JK Denly,CG Benjamin,AM Fernando,1,0,,,,,,,,,,,,,
1461930,2025,2025-07-22,"Sophia Gardens, Cardiff",1,11.3,11.3,Kent,Glamorgan,CG Benjamin,JK Denly,AM Fernando,0,0,,,,,,,,,,,,,
1461930,2025,2025-07-22,"Sophia Gardens, Cardiff",1,11.4,11.4,Kent,Glamorgan,CG Benjamin,JK Denly,AM Fernando,2,0,,,,,,,,,,,,,
1461930,2025,2025-07-22,"Sophia Gardens, Cardiff",1,11.5,11.5,Kent,Glamorgan,CG Benjamin,JK Denly,AM Fernando,2,0,,,,,,,,,,,,,
1461930,2025,2025-07-22,"Sophia Gardens, Cardiff",1,11.6,11.6,Kent,Glamorgan,CG Benjamin,JK Denly,AM Fernando,0,0,,,,,,,,,,,,,
1461930,2025,2025-07-22,"Sophia Gardens, Cardiff",1,12.1,12.1,Kent,Glamorgan,JK Denly,CG Benjamin,JAR Harris,0,0,,,,,,,,,,,,,
1461930,2025,2025-07-22,"Sophia Gardens, Cardiff",1,12.2,12.2,Kent,Glamorgan,JK Denly,CG Benjamin,JAR Harris,4,0,,,,,,,,,,,,,
1461930,2025,2025-07-22,"Sophia Gardens, Cardiff",1,12.3,12.3,Kent,Glamorgan,JK Denly,CG Benjamin,JAR Harris,4,0,,,,,,,,,,,,,
1461930,2025,2025-07-22,"Sophia Gardens, Cardiff",1,12.4,12.4,Kent,Glamorgan,JK Denly,CG Benjamin,JAR Harris,0,0,,,,,,,,,,,,,
1461930,2025,2025-07-22,"Sophia Gardens, Cardiff",1,12.5,12.5,Kent,Glamorgan,JK Denly,CG Benjamin,JAR Harris,0,0,,,,,,,,,,,,,
1461930,2025,2025-07-22,"Sophia Gardens, Cardiff",1,12.6,12.6,Kent,Glamorgan,JK Denly,CG Benjamin,JAR Harris,0,0,,,,,,,caught,JK Denly,,,WT Root,,
1461930,2025,2025-07-22,"Sophia Gardens, Cardiff",1,13.1,13.1,Kent,Glamorgan,CG Benjamin,JL Denly,T van der Gugten,0,0,,,,,,,,,,,,,
1461930,2025,2025-07-22,"Sophia Gardens, Cardiff",1,13.2,13.2,Kent,Glamorgan,CG Benjamin,JL Denly,T van der Gugten,0,0,,,,,,,,,,,,,
1461930,2025,2025-07-22,"Sophia Gardens, Cardiff",1,13.3,13.3,Kent,Glamorgan,CG Benjamin,JL Denly,T van der Gugten,0,0,,,,,,,,,,,,,
1461930,2025,2025-07-22,"Sophia Gardens, Cardiff",1,13.4,13.4,Kent,Glamorgan,CG Benjamin,JL Denly,T van der Gugten,0,0,,,,,,,,,,,,,
1461930,2025,2025-07-22,"Sophia Gardens, Cardiff",1,13.5,13.5,Kent,Glamorgan,CG Benjamin,JL Denly,T van der Gugten,0,0,,,,,,,,,,,,,
1461930,2025,2025-07-22,"Sophia Gardens, Cardiff",1,13.6,13.6,Kent,Glamorgan,CG Benjamin,JL Denly,T van der Gugten,0,0,,,,,,,,,,,,,
1461930,2025,2025-07-22,"Sophia Gardens, Cardiff",1,14.1,14.1,Kent,Glamorgan,JL Denly,CG Benjamin,JAR Harris,0,0,,,,,,,,,,,,,
1461930,2025,2025-07-22,"Sophia Gardens, Cardiff",1,14.2,14.2,Kent,Glamorgan,JL Denly,CG Benjamin,JAR Harris,0,0,,,,,,,,,,,,,
1461930,2025,2025-07-22,"Sophia Gardens, Cardiff",1,14.3,14.3,Kent,Glamorgan,JL Denly,CG Benjamin,JAR Harris,0,0,,,,,,,,,,,,,
1461930,2025,2025-07-22,"Sophia Gardens, Cardiff",1,14.4,14.4,Kent,Glamorgan,JL Denly,CG Benjamin,JAR Harris,0,0,,,,,,,,,,,,,
1461930,2025,2025-07-22,"Sophia Gardens, Cardiff",1,14.5,14.5,Kent,Glamorgan,JL Denly,CG Benjamin,JAR Harris,0,0,,,,,,,,,,,,,
1461930,2025,2025-07-22,"Sophia Gardens, Cardiff",1,14.6,14.6,Kent,Glamorgan,JL Denly,CG Benjamin,JAR Harris,3,0,,,,,,,,,,,,,
1461930,2025,2025-07-22,"Sophia Gardens, Cardiff",1,15.1,15.1,Kent,Glamorgan,JL Denly,CG Benjamin,T van der Gugten,0,0,,,,,,,,,,,,,
1461930,2025,2025-07-22,"Sophia Gardens, Cardiff",1,15.2,15.2,Kent,Glamorgan,JL Denly,CG Benjamin,T van der Gugten,0,0,,,,,,,,,,,,,
1461930,2025,2025-07-22,"Sophia Gardens, Cardiff",1,15.3,15.3,Kent,Glamorgan,JL Denly,CG Benjamin,T van der Gugten,0,0,,,,,,,,,,,,,
1461930,2025,2025-07-22,"Sophia Gardens, Cardiff",1,15.4,15.4,Kent,Glamorgan,JL Denly,CG Benjamin,T van der Gugten,4,0,,,,,,,,,,,,,
1461930,2025,2025-07-22,"Sophia Gardens, Cardiff",1,15.5,15.5,Kent,Glamorgan,JL Denly,CG Benjamin,T van der Gugten,2,0,,,,,,,,,,,,,
1461930,2025,2025-07-22,"Sophia Gardens, Cardiff",1,15.6,15.6,Kent,Glamorgan,JL Denly,CG Benjamin,T van der Gugten,0,0,,,,,,,,,,,,,
1461930,2025,2025-07-22,"Sophia Gardens, Cardiff",1,16.1,16.1,Kent,Glamorgan,CG Benjamin,JL Denly,EO Leonard,0,0,,,,,,,,,,,,,
1461930,2025,2025-07-22,"Sophia Gardens, Cardiff",1,16.2,16.2,Kent,Glamorgan,CG Benjamin,JL Denly,EO Leonard,0,0,,,,,,,,,,,,,
1461930,2025,2025-07-22,"Sophia Gardens, Cardiff",1,16.3,16.3,Kent,Glamorgan,CG Benjamin,JL Denly,EO Leonard,0,0,,,,,,,,,,,,,
1461930,2025,2025-07-22,"Sophia Gardens, Cardiff",1,16.4,16.4,Kent,Glamorgan,CG Benjamin,JL Denly,EO Leonard,0,0,,,,,,,,,,,,,
1461930,2025,2025-07-22,"Sophia Gardens, Cardiff",1,16.5,16.5,Kent,Glamorgan,CG Benjamin,JL Denly,EO Leonard,0,0,,,,,,,,,,,,,
1461930,2025,2025-07-22,"Sophia Gardens, Cardiff",1,16.6,16.6,Kent,Glamorgan,CG Benjamin,JL Denly,EO Leonard,0,0,,,,,,,,,,,,,
1461930,2025,2025-07-22,"Sophia Gardens, Cardiff",1,17.1,17.1,Kent,Glamorgan,JL Denly,CG Benjamin,T van der Gugten,0,0,,,,,,,,,,,,,
1461930,2025,2025-07-22,"Sophia Gardens, Cardiff",1,17.2,17.2,Kent,Glamorgan,JL Denly,CG Benjamin,T van der Gugten,0,0,,,,,,,,,,,,,
1461930,2025,2025-07-22,"Sophia Gardens, Cardiff",1,17.3,17.3,Kent,Glamorgan,JL Denly,CG Benjamin,T van der Gugten,0,0,,,,,,,,,,,,,
1461930,2025,2025-07-22,"Sophia Gardens, Cardiff",1,17.4,17.4,Kent,Glamorgan,JL Denly,CG Benjamin,T van der Gugten,0,0,,,,,,,,,,,,,
1461930,2025,2025-07-22,"Sophia Gardens, Cardiff",1,17.5,17.5,Kent,Glamorgan,JL Denly,CG Benjamin,T van der Gugten,0,0,,,,,,,,,,,,,
1461930,2025,2025-07-22,"Sophia Gardens, Cardiff",1,17.6,17.6,Kent,Glamorgan,JL Denly,CG Benjamin,T van der Gugten,0,0,,,,,,,,,,,,,
1461930,2025,2025-07-22,"Sophia Gardens, Cardiff",1,18.1,18.1,Kent,Glamorgan,CG Benjamin,JL Denly,EO Leonard,1,0,,,,,,,,,,,,,
1461930,2025,2025-07-22,"Sophia Gardens, Cardiff",1,18.2,18.2,Kent,Glamorgan,JL Denly,CG Benjamin,EO Leonard,4,0,,,,,,,,,,,,,
1461930,2025,2025-07-22,"Sophia Gardens, Cardiff",1,18.3,18.3,Kent,Glamorgan,JL Denly,CG Benjamin,EO Leonard,0,0,,,,,,,,,,,,,
1461930,2025,2025-07-22,"Sophia Gardens, Cardiff",1,18.4,18.4,Kent,Glamorgan,JL Denly,CG Benjamin,EO Leonard,1,0,,,,,,,,,,,,,
1461930,2025,2025-07-22,"Sophia Gardens, Cardiff",1,18.5,18.5,Kent,Glamorgan,CG Benjamin,JL Denly,EO Leonard,1,0,,,,,,,,,,,,,
1461930,2025,2025-07-22,"Sophia Gardens, Cardiff",1,18.6,18.6,Kent,Glamorgan,JL Denly,CG Benjamin,EO Leonard,1,0,,,,,,,,,,,,,
1461930,2025,2025-07-22,"Sophia Gardens, Cardiff",1,19.1,19.1,Kent,Glamorgan,JL Denly,CG Benjamin,T van der Gugten,0,0,,,,,,,,,,,,,
1461930,2025,2025-07-22,"Sophia Gardens, Cardiff",1,19.2,19.2,Kent,Glamorgan,JL Denly,CG Benjamin,T van der Gugten,0,0,,,,,,,,,,,,,
1461930,2025,2025-07-22,"Sophia Gardens, Cardiff",1,19.3,19.3,Kent,Glamorgan,JL Denly,CG Benjamin,T van der Gugten,0,0,,,,,,,,,,,,,
1461930,2025,2025-07-22,"Sophia Gardens, Cardiff",1,19.4,19.4,Kent,Glamorgan,JL Denly,CG Benjamin,T van der Gugten,0,0,,,,,,,,,,,,,
1461930,2025,2025-07-22,"Sophia Gardens, Cardiff",1,19.5,19.5,Kent,Glamorgan,JL Denly,CG Benjamin,T van der Gugten,0,0,,,,,,,,,,,,,
1461930,2025,2025-07-22,"Sophia Gardens, Cardiff",1,19.6,19.6,Kent,Glamorgan,JL Denly,CG Benjamin,T van der Gugten,0,0,,,,,,,,,,,,,
1461930,2025,2025-07-22,"Sophia Gardens, Cardiff",1,20.1,20.1,Kent,Glamorgan,CG Benjamin,JL Denly,EO Leonard,0,0,,,,,,,,,,,,,
1461930,2025,2025-07-22,"Sophia Gardens, Cardiff",1,20.2,20.2,Kent,Glamorgan,CG Benjamin,JL Denly,EO Leonard,0,0,,,,,,,,,,,,,
1461930,2025,2025-07-22,"Sophia Gardens, Cardiff",1,20.3,20.3,Kent,Glamorgan,CG Benjamin,JL Denly,EO Leonard,0,0,,,,,,,,,,,,,
1461930,2025,2025-07-22,"Sophia Gardens, Cardiff",1,20.4,20.4,Kent,Glamorgan,CG Benjamin,JL Denly,EO Leonard,0,0,,,,,,,,,,,,,
1461930,2025,2025-07-22,"Sophia Gardens, Cardiff",1,20.5,20.5,Kent,Glamorgan,CG Benjamin,JL Denly,EO Leonard,1,0,,,,,,,,,,,,,
1461930,2025,2025-07-22,"Sophia Gardens, Cardiff",1,20.6,20.6,Kent,Glamorgan,JL Denly,CG Benjamin,EO Leonard,1,0,,,,,,,,,,,,,
1461930,2025,2025-07-22,"Sophia Gardens, Cardiff",1,21.1,21.1,Kent,Glamorgan,JL Denly,CG Benjamin,T van der Gugten,1,0,,,,,,,retired hurt,JL Denly,,,,,
1461930,2025,2025-07-22,"Sophia Gardens, Cardiff",1,21.2,21.2,Kent,Glamorgan,CG Benjamin,DJ Bell-Drummond,T van der Gugten,0,0,,,,,,,,,,,,,
1461930,2025,2025-07-22,"Sophia Gardens, Cardiff",1,21.3,21.3,Kent,Glamorgan,CG Benjamin,DJ Bell-Drummond,T van der Gugten,2,0,,,,,,,,,,,,,
1461930,2025,2025-07-22,"Sophia Gardens, Cardiff",1,21.4,21.4,Kent,Glamorgan,CG Benjamin,DJ Bell-Drummond,T van der Gugten,0,0,,,,,,,,,,,,,
1461930,2025,2025-07-22,"Sophia Gardens, Cardiff",1,21.5,21.5,Kent,Glamorgan,CG Benjamin,DJ Bell-Drummond,T van der Gugten,0,0,,,,,,,,,,,,,
1461930,2025,2025-07-22,"Sophia Gardens, Cardiff",1,21.6,21.6,Kent,Glamorgan,CG Benjamin,DJ Bell-Drummond,T van der Gugten,0,0,,,,,,,,,,,,,
1461930,2025,2025-07-22,"Sophia Gardens, Cardiff",1,22.1,22.1,Kent,Glamorgan,DJ Bell-Drummond,CG Benjamin,EO Leonard,0,0,,,,,,,,,,,,,
1461930,2025,2025-07-22,"Sophia Gardens, Cardiff",1,22.2,22.2,Kent,Glamorgan,DJ Bell-Drummond,CG Benjamin,EO Leonard,0,0,,,,,,,,,,,,,
1461930,2025,2025-07-22,"Sophia Gardens, Cardiff",1,22.3,22.3,Kent,Glamorgan,DJ Bell-Drummond,CG Benjamin,EO Leonard,0,0,,,,,,,,,,,,,
1461930,2025,2025-07-22,"Sophia Gardens, Cardiff",1,22.4,22.4,Kent,Glamorgan,DJ Bell-Drummond,CG Benjamin,EO Leonard,0,0,,,,,,,,,,,,,
1461930,2025,2025-07-22,"Sophia Gardens, Cardiff",1,22.5,22.5,Kent,Glamorgan,DJ Bell-Drummond,CG Benjamin,EO Leonard,1,0,,,,,,,,,,,,,
1461930,2025,2025-07-22,"Sophia Gardens, Cardiff",1,22.6,22.6,Kent,Glamorgan,CG Benjamin,DJ Bell-Drummond,EO Leonard,1,0,,,,,,,,,,,,,
1461930,2025,2025-07-22,"Sophia Gardens, Cardiff",1,23.1,23.1,Kent,Glamorgan,CG Benjamin,DJ Bell-Drummond,AM Fernando,1,0,,,,,,,,,,,,,
1461930,2025,2025-07-22,"Sophia Gardens, Cardiff",1,23.2,23.2,Kent,Glamorgan,DJ Bell-Drummond,CG Benjamin,AM Fernando,0,0,,,,,,,,,,,,,
1461930,2025,2025-07-22,"Sophia Gardens, Cardiff",1,23.3,23.3,Kent,Glamorgan,DJ Bell-Drummond,CG Benjamin,AM Fernando,2,0,,,,,,,,,,,,,
1461930,2025,2025-07-22,"Sophia Gardens, Cardiff",1,23.4,23.4,Kent,Glamorgan,DJ Bell-Drummond,CG Benjamin,AM Fernando,0,0,,,,,,,,,,,,,
1461930,2025,2025-07-22,"Sophia Gardens, Cardiff",1,23.5,23.5,Kent,Glamorgan,DJ Bell-Drummond,CG Benjamin,AM Fernando,0,0,,,,,,,,,,,,,
1461930,2025,2025-07-22,"Sophia Gardens, Cardiff",1,23.6,23.6,Kent,Glamorgan,DJ Bell-Drummond,CG Benjamin,AM Fernando,4,0,,,,,,,,,,,,,
1461930,2025,2025-07-22,"Sophia Gardens, Cardiff",1,24.1,24.1,Kent,Glamorgan,CG Benjamin,DJ Bell-Drummond,EO Leonard,1,0,,,,,,,,,,,,,
1461930,2025,2025-07-22,"Sophia Gardens, Cardiff",1,24.2,24.2,Kent,Glamorgan,DJ Bell-Drummond,CG Benjamin,EO Leonard,4,0,,,,,,,,,,,,,
1461930,2025,2025-07-22,"Sophia Gardens, Cardiff",1,24.3,24.3,Kent,Glamorgan,DJ Bell-Drummond,CG Benjamin,EO Leonard,4,0,,,,,,,,,,,,,
1461930,2025,2025-07-22,"Sophia Gardens, Cardiff",1,24.4,24.4,Kent,Glamorgan,DJ Bell-Drummond,CG Benjamin,EO Leonard,4,0,,,,,,,,,,,,,
1461930,2025,2025-07-22,"Sophia Gardens, Cardiff",1,24.5,24.5,Kent,Glamorgan,DJ Bell-Drummond,CG Benjamin,EO Leonard,4,0,,,,,,,,,,,,,
1461930,2025,2025-07-22,"Sophia Gardens, Cardiff",1,24.6,24.6,Kent,Glamorgan,DJ Bell-Drummond,CG Benjamin,EO Leonard,0,0,,,,,,,,,,,,,
1461930,2025,2025-07-22,"Sophia Gardens, Cardiff",1,25.1,25.1,Kent,Glamorgan,CG Benjamin,DJ Bell-Drummond,AM Fernando,0,0,,,,,,,,,,,,,
1461930,2025,2025-07-22,"Sophia Gardens, Cardiff",1,25.2,25.2,Kent,Glamorgan,CG Benjamin,DJ Bell-Drummond,AM Fernando,1,0,,,,,,,,,,,,,
1461930,2025,2025-07-22,"Sophia Gardens, Cardiff",1,25.3,25.3,Kent,Glamorgan,DJ Bell-Drummond,CG Benjamin,AM Fernando,0,0,,,,,,,,,,,,,
1461930,2025,2025-07-22,"Sophia Gardens, Cardiff",1,25.4,25.4,Kent,Glamorgan,DJ Bell-Drummond,CG Benjamin,AM Fernando,0,0,,,,,,,,,,,,,
1461930,2025,2025-07-22,"Sophia Gardens, Cardiff",1,25.5,25.5,Kent,Glamorgan,DJ Bell-Drummond,CG Benjamin,AM Fernando,1,0,,,,,,,,,,,,,
1461930,2025,2025-07-22,"Sophia Gardens, Cardiff",1,25.6,25.6,Kent,Glamorgan,CG Benjamin,DJ Bell-Drummond,AM Fernando,0,0,,,,,,,,,,,,,
1461930,2025,2025-07-22,"Sophia Gardens, Cardiff",1,26.1,26.1,Kent,Glamorgan,DJ Bell-Drummond,CG Benjamin,BI Kellaway,0,0,,,,,,,,,,,,,
1461930,2025,2025-07-22,"Sophia Gardens, Cardiff",1,26.2,26.2,Kent,Glamorgan,DJ Bell-Drummond,CG Benjamin,BI Kellaway,0,0,,,,,,,,,,,,,
1461930,2025,2025-07-22,"Sophia Gardens, Cardiff",1,26.3,26.3,Kent,Glamorgan,DJ Bell-Drummond,CG Benjamin,BI Kellaway,0,0,,,,,,,,,,,,,
1461930,2025,2025-07-22,"Sophia Gardens, Cardiff",1,26.4,26.4,Kent,Glamorgan,DJ Bell-Drummond,CG Benjamin,BI Kellaway,0,0,,,,,,,,,,,,,
1461930,2025,2025-07-22,"Sophia Gardens, Cardiff",1,26.5,26.5,Kent,Glamorgan,DJ Bell-Drummond,CG Benjamin,BI Kellaway,0,0,,,,,,,,,,,,,
1461930,2025,2025-07-22,"Sophia Gardens, Cardiff",1,26.6,26.6,Kent,Glamorgan,DJ Bell-Drummond,CG Benjamin,BI Kellaway,0,0,,,,,,,,,,,,,
1461930,2025,2025-07-22,"Sophia Gardens, Cardiff",1,27.1,27.1,Kent,Glamorgan,CG Benjamin,DJ Bell-Drummond,AM Fernando,0,0,,,,,,,,,,,,,
1461930,2025,2025-07-22,"Sophia Gardens, Cardiff",1,27.2,27.2,Kent,Glamorgan,CG Benjamin,DJ Bell-Drummond,AM Fernando,0,0,,,,,,,,,,,,,
1461930,2025,2025-07-22,"Sophia Gardens, Cardiff",1,27.3,27.3,Kent,Glamorgan,CG Benjamin,DJ Bell-Drummond,AM Fernando,0,0,,,,,,,,,,,,,
1461930,2025,2025-07-22,"Sophia Gardens, Cardiff",1,27.4,27.4,Kent,Glamorgan,CG Benjamin,DJ Bell-Drummond,AM Fernando,0,0,,,,,,,,,,,,,
1461930,2025,2025-07-22,"Sophia Gardens, Cardiff",1,27.5,27.5,Kent,Glamorgan,CG Benjamin,DJ Bell-Drummond,AM Fernando,0,0,,,,,,,,,,,,,
1461930,2025,2025-07-22,"Sophia Gardens, Cardiff",1,27.6,27.6,Kent,Glamorgan,CG Benjamin,DJ Bell-Drummond,AM Fernando,0,0,,,,,,,,,,,,,
1461930,2025,2025-07-22,"Sophia Gardens, Cardiff",1,28.1,28.1,Kent,Glamorgan,DJ Bell-Drummond,CG Benjamin,BI Kellaway,0,0,,,,,,,,,,,,,
1461930,2025,2025-07-22,"Sophia Gardens, Cardiff",1,28.2,28.2,Kent,Glamorgan,DJ Bell-Drummond,CG Benjamin,BI Kellaway,0,0,,,,,,,,,,,,,
1461930,2025,2025-07-22,"Sophia Gardens, Cardiff",1,28.3,28.3,Kent,Glamorgan,DJ Bell-Drummond,CG Benjamin,BI Kellaway,0,0,,,,,,,,,,,,,
1461930,2025,2025-07-22,"Sophia Gardens, Cardiff",1,28.4,28.4,Kent,Glamorgan,DJ Bell-Drummond,CG Benjamin,BI Kellaway,0,0,,,,,,,,,,,,,
1461930,2025,2025-07-22,"Sophia Gardens, Cardiff",1,28.5,28.5,Kent,Glamorgan,DJ Bell-Drummond,CG Benjamin,BI Kellaway,1,0,,,,,,,,,,,,,
1461930,2025,2025-07-22,"Sophia Gardens, Cardiff",1,28.6,28.6,Kent,Glamorgan,CG Benjamin,DJ Bell-Drummond,BI Kellaway,0,0,,,,,,,,,,,,,
1461930,2025,2025-07-22,"Sophia Gardens, Cardiff",1,29.1,29.1,Kent,Glamorgan,DJ Bell-Drummond,CG Benjamin,JAR Harris,0,0,,,,,,,,,,,,,
1461930,2025,2025-07-22,"Sophia Gardens, Cardiff",1,29.2,29.2,Kent,Glamorgan,DJ Bell-Drummond,CG Benjamin,JAR Harris,0,0,,,,,,,,,,,,,
1461930,2025,2025-07-22,"Sophia Gardens, Cardiff",1,29.3,29.3,Kent,Glamorgan,DJ Bell-Drummond,CG Benjamin,JAR Harris,0,0,,,,,,,,,,,,,
1461930,2025,2025-07-22,"Sophia Gardens, Cardiff",1,29.4,29.4,Kent,Glamorgan,DJ Bell-Drummond,CG Benjamin,JAR Harris,0,0,,,,,,,,,,,,,
1461930,2025,2025-07-22,"Sophia Gardens, Cardiff",1,29.5,29.5,Kent,Glamorgan,DJ Bell-Drummond,CG Benjamin,JAR Harris,0,1,,,,1,,,,,,,,,
1461930,2025,2025-07-22,"Sophia Gardens, Cardiff",1,29.6,29.6,Kent,Glamorgan,CG Benjamin,DJ Bell-Drummond,JAR Harris,0,0,,,,,,,,,,,,,
1461930,2025,2025-07-22,"Sophia Gardens, Cardiff",1,30.1,30.1,Kent,Glamorgan,DJ Bell-Drummond,CG Benjamin,BI Kellaway,0,0,,,,,,,,,,,,,
1461930,2025,2025-07-22,"Sophia Gardens, Cardiff",1,30.2,30.2,Kent,Glamorgan,DJ Bell-Drummond,CG Benjamin,BI Kellaway,0,0,,,,,,,,,,,,,
1461930,2025,2025-07-22,"Sophia Gardens, Cardiff",1,30.3,30.3,Kent,Glamorgan,DJ Bell-Drummond,CG Benjamin,BI Kellaway,0,2,,2,,,,,,,,,,,
1461930,2025,2025-07-22,"Sophia Gardens, Cardiff",1,30.4,30.3,Kent,Glamorgan,DJ Bell-Drummond,CG Benjamin,BI Kellaway,0,0,,,,,,,,,,,,,
1461930,2025,2025-07-22,"Sophia Gardens, Cardiff",1,30.5,30.4,Kent,Glamorgan,DJ Bell-Drummond,CG Benjamin,BI Kellaway,4,0,,,,,,,,,,,,,
1461930,2025,2025-07-22,"Sophia Gardens, Cardiff",1,30.6,30.5,Kent,Glamorgan,DJ Bell-Drummond,CG Benjamin,BI Kellaway,0,0,,,,,,,,,,,,,
1461930,2025,2025-07-22,"Sophia Gardens, Cardiff",1,30.7,30.6,Kent,Glamorgan,DJ Bell-Drummond,CG Benjamin,BI Kellaway,0,0,,,,,,,,,,,,,
1461930,2025,2025-07-22,"Sophia Gardens, Cardiff",1,31.1,31.1,Kent,Glamorgan,CG Benjamin,DJ Bell-Drummond,JAR Harris,2,0,,,,,,,,,,,,,
1461930,2025,2025-07-22,"Sophia Gardens, Cardiff",1,31.2,31.2,Kent,Glamorgan,CG Benjamin,DJ Bell-Drummond,JAR Harris,0,0,,,,,,,,,,,,,
1461930,2025,2025-07-22,"Sophia Gardens, Cardiff",1,31.3,31.3,Kent,Glamorgan,CG Benjamin,DJ Bell-Drummond,JAR Harris,0,0,,,,,,,,,,,,,
1461930,2025,2025-07-22,"Sophia Gardens, Cardiff",1,31.4,31.4,Kent,Glamorgan,CG Benjamin,DJ Bell-Drummond,JAR Harris,0,0,,,,,,,,,,,,,
1461930,2025,2025-07-22,"Sophia Gardens, Cardiff",1,31.5,31.5,Kent,Glamorgan,CG Benjamin,DJ Bell-Drummond,JAR Harris,0,0,,,,,,,,,,,,,
1461930,2025,2025-07-22,"Sophia Gardens, Cardiff",1,31.6,31.6,Kent,Glamorgan,CG Benjamin,DJ Bell-Drummond,JAR Harris,0,0,,,,,,,,,,,,,
1461930,2025,2025-07-22,"Sophia Gardens, Cardiff",1,32.1,32.1,Kent,Glamorgan,DJ Bell-Drummond,CG Benjamin,BI Kellaway,0,0,,,,,,,,,,,,,
1461930,2025,2025-07-22,"Sophia Gardens, Cardiff",1,32.2,32.2,Kent,Glamorgan,DJ Bell-Drummond,CG Benjamin,BI Kellaway,0,0,,,,,,,,,,,,,
1461930,2025,2025-07-22,"Sophia Gardens, Cardiff",1,32.3,32.3,Kent,Glamorgan,DJ Bell-Drummond,CG Benjamin,BI Kellaway,0,0,,,,,,,,,,,,,
1461930,2025,2025-07-22,"Sophia Gardens, Cardiff",1,32.4,32.4,Kent,Glamorgan,DJ Bell-Drummond,CG Benjamin,BI Kellaway,1,0,,,,,,,,,,,,,
1461930,2025,2025-07-22,"Sophia Gardens, Cardiff",1,32.5,32.5,Kent,Glamorgan,CG Benjamin,DJ Bell-Drummond,BI Kellaway,0,0,,,,,,,,,,,,,
1461930,2025,2025-07-22,"Sophia Gardens, Cardiff",1,32.6,32.6,Kent,Glamorgan,CG Benjamin,DJ Bell-Drummond,BI Kellaway,0,0,,,,,,,lbw,CG Benjamin,,,,,
1461930,2025,2025-07-22,"Sophia Gardens, Cardiff",1,33.1,33.1,Kent,Glamorgan,DJ Bell-Drummond,JDM Evison,JAR Harris,0,0,,,,,,,,,,,,,
1461930,2025,2025-07-22,"Sophia Gardens, Cardiff",1,33.2,33.2,Kent,Glamorgan,DJ Bell-Drummond,JDM Evison,JAR Harris,0,0,,,,,,,,,,,,,
1461930,2025,2025-07-22,"Sophia Gardens, Cardiff",1,33.3,33.3,Kent,Glamorgan,DJ Bell-Drummond,JDM Evison,JAR Harris,0,0,,,,,,,,,,,,,
1461930,2025,2025-07-22,"Sophia Gardens, Cardiff",1,33.4,33.4,Kent,Glamorgan,DJ Bell-Drummond,JDM Evison,JAR Harris,1,0,,,,,,,,,,,,,
1461930,2025,2025-07-22,"Sophia Gardens, Cardiff",1,33.5,33.5,Kent,Glamorgan,JDM Evison,DJ Bell-Drummond,JAR Harris,0,0,,,,,,,,,,,,,
1461930,2025,2025-07-22,"Sophia Gardens, Cardiff",1,33.6,33.6,Kent,Glamorgan,JDM Evison,DJ Bell-Drummond,JAR Harris,0,0,,,,,,,,,,,,,
1461930,2025,2025-07-22,"Sophia Gardens, Cardiff",1,34.1,34.1,Kent,Glamorgan,DJ Bell-Drummond,JDM Evison,BI Kellaway,0,0,,,,,,,,,,,,,
1461930,2025,2025-07-22,"Sophia Gardens, Cardiff",1,34.2,34.2,Kent,Glamorgan,DJ Bell-Drummond,JDM Evison,BI Kellaway,0,0,,,,,,,,,,,,,
1461930,2025,2025-07-22,"Sophia Gardens, Cardiff",1,34.3,34.3,Kent,Glamorgan,DJ Bell-Drummond,JDM Evison,BI Kellaway,0,0,,,,,,,,,,,,,
1461930,2025,2025-07-22,"Sophia Gardens, Cardiff",1,34.4,34.4,Kent,Glamorgan,DJ Bell-Drummond,JDM Evison,BI Kellaway,0,0,,,,,,,,,,,,,
1461930,2025,2025-07-22,"Sophia Gardens, Cardiff",1,34.5,34.5,Kent,Glamorgan,DJ Bell-Drummond,JDM Evison,BI Kellaway,0,0,,,,,,,,,,,,,
1461930,2025,2025-07-22,"Sophia Gardens, Cardiff",1,34.6,34.6,Kent,Glamorgan,DJ Bell-Drummond,JDM Evison,BI Kellaway,0,0,,,,,,,,,,,,,
1461930,2025,2025-07-22,"Sophia Gardens, Cardiff",1,35.1,35.1,Kent,Glamorgan,JDM Evison,DJ Bell-Drummond,JAR Harris,0,0,,,,,,,,,,,,,
1461930,2025,2025-07-22,"Sophia Gardens, Cardiff",1,35.2,35.2,Kent,Glamorgan,JDM Evison,DJ Bell-Drummond,JAR Harris,0,0,,,,,,,,,,,,,
1461930,2025,2025-07-22,"Sophia Gardens, Cardiff",1,35.3,35.3,Kent,Glamorgan,JDM Evison,DJ Bell-Drummond,JAR Harris,0,0,,,,,,,,,,,,,
1461930,2025,2025-07-22,"Sophia Gardens, Cardiff",1,35.4,35.4,Kent,Glamorgan,JDM Evison,DJ Bell-Drummond,JAR Harris,0,0,,,,,,,,,,,,,
1461930,2025,2025-07-22,"Sophia Gardens, Cardiff",1,35.5,35.5,Kent,Glamorgan,JDM Evison,DJ Bell-Drummond,JAR Harris,0,0,,,,,,,,,,,,,
1461930,2025,2025-07-22,"Sophia Gardens, Cardiff",1,35.6,35.6,Kent,Glamorgan,JDM Evison,DJ Bell-Drummond,JAR Harris,0,0,,,,,,,,,,,,,
1461930,2025,2025-07-22,"Sophia Gardens, Cardiff",1,36.1,36.1,Kent,Glamorgan,DJ Bell-Drummond,JDM Evison,BI Kellaway,0,0,,,,,,,,,,,,,
1461930,2025,2025-07-22,"Sophia Gardens, Cardiff",1,36.2,36.2,Kent,Glamorgan,DJ Bell-Drummond,JDM Evison,BI Kellaway,1,0,,,,,,,,,,,,,
1461930,2025,2025-07-22,"Sophia Gardens, Cardiff",1,36.3,36.3,Kent,Glamorgan,JDM Evison,DJ Bell-Drummond,BI Kellaway,0,0,,,,,,,,,,,,,
1461930,2025,2025-07-22,"Sophia Gardens, Cardiff",1,36.4,36.4,Kent,Glamorgan,JDM Evison,DJ Bell-Drummond,BI Kellaway,4,0,,,,,,,,,,,,,
1461930,2025,2025-07-22,"Sophia Gardens, Cardiff",1,36.5,36.5,Kent,Glamorgan,JDM Evison,DJ Bell-Drummond,BI Kellaway,0,0,,,,,,,,,,,,,
1461930,2025,2025-07-22,"Sophia Gardens, Cardiff",1,36.6,36.6,Kent,Glamorgan,JDM Evison,DJ Bell-Drummond,BI Kellaway,1,0,,,,,,,,,,,,,
1461930,2025,2025-07-22,"Sophia Gardens, Cardiff",1,37.1,37.1,Kent,Glamorgan,JDM Evison,DJ Bell-Drummond,JAR Harris,1,0,,,,,,,,,,,,,
1461930,2025,2025-07-22,"Sophia Gardens, Cardiff",1,37.2,37.2,Kent,Glamorgan,DJ Bell-Drummond,JDM Evison,JAR Harris,0,0,,,,,,,,,,,,,
1461930,2025,2025-07-22,"Sophia Gardens, Cardiff",1,37.3,37.3,Kent,Glamorgan,DJ Bell-Drummond,JDM Evison,JAR Harris,1,0,,,,,,,,,,,,,
1461930,2025,2025-07-22,"Sophia Gardens, Cardiff",1,37.4,37.4,Kent,Glamorgan,JDM Evison,DJ Bell-Drummond,JAR Harris,0,0,,,,,,,,,,,,,
1461930,2025,2025-07-22,"Sophia Gardens, Cardiff",1,37.5,37.5,Kent,Glamorgan,JDM Evison,DJ Bell-Drummond,JAR Harris,0,0,,,,,,,,,,,,,
1461930,2025,2025-07-22,"Sophia Gardens, Cardiff",1,37.6,37.6,Kent,Glamorgan,JDM Evison,DJ Bell-Drummond,JAR Harris,4,0,,,,,,,,,,,,,
1461930,2025,2025-07-22,"Sophia Gardens, Cardiff",1,38.1,38.1,Kent,Glamorgan,DJ Bell-Drummond,JDM Evison,BI Kellaway,1,0,,,,,,,,,,,,,
1461930,2025,2025-07-22,"Sophia Gardens, Cardiff",1,38.2,38.2,Kent,Glamorgan,JDM Evison,DJ Bell-Drummond,BI Kellaway,0,0,,,,,,,,,,,,,
1461930,2025,2025-07-22,"Sophia Gardens, Cardiff",1,38.3,38.3,Kent,Glamorgan,JDM Evison,DJ Bell-Drummond,BI Kellaway,2,0,,,,,,,,,,,,,
1461930,2025,2025-07-22,"Sophia Gardens, Cardiff",1,38.4,38.4,Kent,Glamorgan,JDM Evison,DJ Bell-Drummond,BI Kellaway,0,0,,,,,,,,,,,,,
1461930,2025,2025-07-22,"Sophia Gardens, Cardiff",1,38.5,38.5,Kent,Glamorgan,JDM Evison,DJ Bell-Drummond,BI Kellaway,0,0,,,,,,,,,,,,,
1461930,2025,2025-07-22,"Sophia Gardens, Cardiff",1,38.6,38.6,Kent,Glamorgan,JDM Evison,DJ Bell-Drummond,BI Kellaway,1,0,,,,,,,,,,,,,
1461930,2025,2025-07-22,"Sophia Gardens, Cardiff",1,39.1,39.1,Kent,Glamorgan,JDM Evison,DJ Bell-Drummond,AM Fernando,0,0,,,,,,,,,,,,,
1461930,2025,2025-07-22,"Sophia Gardens, Cardiff",1,39.2,39.2,Kent,Glamorgan,JDM Evison,DJ Bell-Drummond,AM Fernando,0,0,,,,,,,,,,,,,
1461930,2025,2025-07-22,"Sophia Gardens, Cardiff",1,39.3,39.3,Kent,Glamorgan,JDM Evison,DJ Bell-Drummond,AM Fernando,0,1,,,,1,,,,,,,,,
1461930,2025,2025-07-22,"Sophia Gardens, Cardiff",1,39.4,39.4,Kent,Glamorgan,DJ Bell-Drummond,JDM Evison,AM Fernando,1,0,,,,,,,,,,,,,
1461930,2025,2025-07-22,"Sophia Gardens, Cardiff",1,39.5,39.5,Kent,Glamorgan,JDM Evison,DJ Bell-Drummond,AM Fernando,0,0,,,,,,,,,,,,,
1461930,2025,2025-07-22,"Sophia Gardens, Cardiff",1,39.6,39.6,Kent,Glamorgan,JDM Evison,DJ Bell-Drummond,AM Fernando,0,0,,,,,,,,,,,,,
1461930,2025,2025-07-22,"Sophia Gardens, Cardiff",1,40.1,40.1,Kent,Glamorgan,DJ Bell-Drummond,JDM Evison,T van der Gugten,0,0,,,,,,,,,,,,,
1461930,2025,2025-07-22,"Sophia Gardens, Cardiff",1,40.2,40.2,Kent,Glamorgan,DJ Bell-Drummond,JDM Evison,T van der Gugten,0,0,,,,,,,,,,,,,
1461930,2025,2025-07-22,"Sophia Gardens, Cardiff",1,40.3,40.3,Kent,Glamorgan,DJ Bell-Drummond,JDM Evison,T van der Gugten,0,0,,,,,,,,,,,,,
1461930,2025,2025-07-22,"Sophia Gardens, Cardiff",1,40.4,40.4,Kent,Glamorgan,DJ Bell-Drummond,JDM Evison,T van der Gugten,0,0,,,,,,,,,,,,,
1461930,2025,2025-07-22,"Sophia Gardens, Cardiff",1,40.5,40.5,Kent,Glamorgan,DJ Bell-Drummond,JDM Evison,T van der Gugten,0,0,,,,,,,,,,,,,
1461930,2025,2025-07-22,"Sophia Gardens, Cardiff",1,40.6,40.6,Kent,Glamorgan,DJ Bell-Drummond,JDM Evison,T van der Gugten,0,0,,,,,,,,,,,,,
1461930,2025,2025-07-22,"Sophia Gardens, Cardiff",1,41.1,41.1,Kent,Glamorgan,JDM Evison,DJ Bell-Drummond,AM Fernando,0,0,,,,,,,,,,,,,
1461930,2025,2025-07-22,"Sophia Gardens, Cardiff",1,41.2,41.2,Kent,Glamorgan,JDM Evison,DJ Bell-Drummond,AM Fernando,0,0,,,,,,,,,,,,,
1461930,2025,2025-07-22,"Sophia Gardens, Cardiff",1,41.3,41.3,Kent,Glamorgan,JDM Evison,DJ Bell-Drummond,AM Fernando,0,0,,,,,,,,,,,,,
1461930,2025,2025-07-22,"Sophia Gardens, Cardiff",1,41.4,41.4,Kent,Glamorgan,JDM Evison,DJ Bell-Drummond,AM Fernando,1,0,,,,,,,,,,,,,
1461930,2025,2025-07-22,"Sophia Gardens, Cardiff",1,41.5,41.5,Kent,Glamorgan,DJ Bell-Drummond,JDM Evison,AM Fernando,0,0,,,,,,,,,,,,,
1461930,2025,2025-07-22,"Sophia Gardens, Cardiff",1,41.6,41.6,Kent,Glamorgan,DJ Bell-Drummond,JDM Evison,AM Fernando,4,0,,,,,,,,,,,,,
1461930,2025,2025-07-22,"Sophia Gardens, Cardiff",1,42.1,42.1,Kent,Glamorgan,JDM Evison,DJ Bell-Drummond,T van der Gugten,0,0,,,,,,,,,,,,,
1461930,2025,2025-07-22,"Sophia Gardens, Cardiff",1,42.2,42.2,Kent,Glamorgan,JDM Evison,DJ Bell-Drummond,T van der Gugten,0,0,,,,,,,,,,,,,
1461930,2025,2025-07-22,"Sophia Gardens, Cardiff",1,42.3,42.3,Kent,Glamorgan,JDM Evison,DJ Bell-Drummond,T van der Gugten,0,0,,,,,,,,,,,,,
1461930,2025,2025-07-22,"Sophia Gardens, Cardiff",1,42.4,42.4,Kent,Glamorgan,JDM Evison,DJ Bell-Drummond,T van der Gugten,0,0,,,,,,,,,,,,,
1461930,2025,2025-07-22,"Sophia Gardens, Cardiff",1,42.5,42.5,Kent,Glamorgan,JDM Evison,DJ Bell-Drummond,T van der Gugten,0,0,,,,,,,,,,,,,
1461930,2025,2025-07-22,"Sophia Gardens, Cardiff",1,42.6,42.6,Kent,Glamorgan,JDM Evison,DJ Bell-Drummond,T van der Gugten,0,0,,,,,,,,,,,,,
1461930,2025,2025-07-22,"Sophia Gardens, Cardiff",1,43.1,43.1,Kent,Glamorgan,DJ Bell-Drummond,JDM Evison,AM Fernando,0,0,,,,,,,,,,,,,
1461930,2025,2025-07-22,"Sophia Gardens, Cardiff",1,43.2,43.2,Kent,Glamorgan,DJ Bell-Drummond,JDM Evison,AM Fernando,0,0,,,,,,,,,,,,,
1461930,2025,2025-07-22,"Sophia Gardens, Cardiff",1,43.3,43.3,Kent,Glamorgan,DJ Bell-Drummond,JDM Evison,AM Fernando,0,0,,,,,,,,,,,,,
1461930,2025,2025-07-22,"Sophia Gardens, Cardiff",1,43.4,43.4,Kent,Glamorgan,DJ Bell-Drummond,JDM Evison,AM Fernando,0,0,,,,,,,,,,,,,
1461930,2025,2025-07-22,"Sophia Gardens, Cardiff",1,43.5,43.5,Kent,Glamorgan,DJ Bell-Drummond,JDM Evison,AM Fernando,1,0,,,,,,,,,,,,,
1461930,2025,2025-07-22,"Sophia Gardens, Cardiff",1,43.6,43.6,Kent,Glamorgan,JDM Evison,DJ Bell-Drummond,AM Fernando,0,0,,,,,,,,,,,,,
1461930,2025,2025-07-22,"Sophia Gardens, Cardiff",1,44.1,44.1,Kent,Glamorgan,DJ Bell-Drummond,JDM Evison,T van der Gugten,0,0,,,,,,,,,,,,,
1461930,2025,2025-07-22,"Sophia Gardens, Cardiff",1,44.2,44.2,Kent,Glamorgan,DJ Bell-Drummond,JDM Evison,T van der Gugten,0,0,,,,,,,,,,,,,
1461930,2025,2025-07-22,"Sophia Gardens, Cardiff",1,44.3,44.3,Kent,Glamorgan,DJ Bell-Drummond,JDM Evison,T van der Gugten,1,0,,,,,,,,,,,,,
1461930,2025,2025-07-22,"Sophia Gardens, Cardiff",1,44.4,44.4,Kent,Glamorgan,JDM Evison,DJ Bell-Drummond,T van der Gugten,0,0,,,,,,,,,,,,,
1461930,2025,2025-07-22,"Sophia Gardens, Cardiff",1,44.5,44.5,Kent,Glamorgan,JDM Evison,DJ Bell-Drummond,T van der Gugten,0,0,,,,,,,,,,,,,
1461930,2025,2025-07-22,"Sophia Gardens, Cardiff",1,44.6,44.6,Kent,Glamorgan,JDM Evison,DJ Bell-Drummond,T van der Gugten,0,0,,,,,,,caught,JDM Evison,,,CB Cooke,,
1461930,2025,2025-07-22,"Sophia Gardens, Cardiff",1,45.1,45.1,Kent,Glamorgan,DJ Bell-Drummond,HZ Finch,AM Fernando,0,0,,,,,,,,,,,,,
1461930,2025,2025-07-22,"Sophia Gardens, Cardiff",1,45.2,45.2,Kent,Glamorgan,DJ Bell-Drummond,HZ Finch,AM Fernando,1,0,,,,,,,,,,,,,
1461930,2025,2025-07-22,"Sophia Gardens, Cardiff",1,45.3,45.3,Kent,Glamorgan,HZ Finch,DJ Bell-Drummond,AM Fernando,0,0,,,,,,,,,,,,,
1461930,2025,2025-07-22,"Sophia Gardens, Cardiff",1,45.4,45.4,Kent,Glamorgan,HZ Finch,DJ Bell-Drummond,AM Fernando,0,0,,,,,,,,,,,,,
1461930,2025,2025-07-22,"Sophia Gardens, Cardiff",1,45.5,45.5,Kent,Glamorgan,HZ Finch,DJ Bell-Drummond,AM Fernando,0,0,,,,,,,,,,,,,
1461930,2025,2025-07-22,"Sophia Gardens, Cardiff",1,45.6,45.6,Kent,Glamorgan,HZ Finch,DJ Bell-Drummond,AM Fernando,1,0,,,,,,,,,,,,,
1461930,2025,2025-07-22,"Sophia Gardens, Cardiff",1,46.1,46.1,Kent,Glamorgan,HZ Finch,DJ Bell-Drummond,T van der Gugten,0,0,,,,,,,,,,,,,
1461930,2025,2025-07-22,"Sophia Gardens, Cardiff",1,46.2,46.2,Kent,Glamorgan,HZ Finch,DJ Bell-Drummond,T van der Gugten,0,0,,,,,,,,,,,,,
1461930,2025,2025-07-22,"Sophia Gardens, Cardiff",1,46.3,46.3,Kent,Glamorgan,HZ Finch,DJ Bell-Drummond,T van der Gugten,0,0,,,,,,,,,,,,,
1461930,2025,2025-07-22,"Sophia Gardens, Cardiff",1,46.4,46.4,Kent,Glamorgan,HZ Finch,DJ Bell-Drummond,T van der Gugten,0,0,,,,,,,,,,,,,
1461930,2025,2025-07-22,"Sophia Gardens, Cardiff",1,46.5,46.5,Kent,Glamorgan,HZ Finch,DJ Bell-Drummond,T van der Gugten,0,0,,,,,,,,,,,,,
1461930,2025,2025-07-22,"Sophia Gardens, Cardiff",1,46.6,46.6,Kent,Glamorgan,HZ Finch,DJ Bell-Drummond,T van der Gugten,0,0,,,,,,,,,,,,,
1461930,2025,2025-07-22,"Sophia Gardens, Cardiff",1,47.1,47.1,Kent,Glamorgan,DJ Bell-Drummond,HZ Finch,JAR Harris,0,0,,,,,,,,,,,,,
1461930,2025,2025-07-22,"Sophia Gardens, Cardiff",1,47.2,47.2,Kent,Glamorgan,DJ Bell-Drummond,HZ Finch,JAR Harris,0,0,,,,,,,lbw,DJ Bell-Drummond,,,,,
1461930,2025,2025-07-22,"Sophia Gardens, Cardiff",1,47.3,47.3,Kent,Glamorgan,G Stewart,HZ Finch,JAR Harris,0,0,,,,,,,,,,,,,
1461930,2025,2025-07-22,"Sophia Gardens, Cardiff",1,47.4,47.4,Kent,Glamorgan,G Stewart,HZ Finch,JAR Harris,0,0,,,,,,,,,,,,,
1461930,2025,2025-07-22,"Sophia Gardens, Cardiff",1,47.5,47.5,Kent,Glamorgan,G Stewart,HZ Finch,JAR Harris,0,0,,,,,,,,,,,,,
1461930,2025,2025-07-22,"Sophia Gardens, Cardiff",1,47.6,47.6,Kent,Glamorgan,G Stewart,HZ Finch,JAR Harris,0,0,,,,,,,,,,,,,
1461930,2025,2025-07-22,"Sophia Gardens, Cardiff",1,48.1,48.1,Kent,Glamorgan,HZ Finch,G Stewart,T van der Gugten,0,0,,,,,,,,,,,,,
1461930,2025,2025-07-22,"Sophia Gardens, Cardiff",1,48.2,48.2,Kent,Glamorgan,HZ Finch,G Stewart,T van der Gugten,0,0,,,,,,,,,,,,,
1461930,2025,2025-07-22,"Sophia Gardens, Cardiff",1,48.3,48.3,Kent,Glamorgan,HZ Finch,G Stewart,T van der Gugten,0,0,,,,,,,,,,,,,
1461930,2025,2025-07-22,"Sophia Gardens, Cardiff",1,48.4,48.4,Kent,Glamorgan,HZ Finch,G Stewart,T van der Gugten,0,0,,,,,,,,,,,,,
1461930,2025,2025-07-22,"Sophia Gardens, Cardiff",1,48.5,48.5,Kent,Glamorgan,HZ Finch,G Stewart,T van der Gugten,0,0,,,,,,,caught,HZ Finch,,,CB Cooke,,
1461930,2025,2025-07-22,"Sophia Gardens, Cardiff",1,48.6,48.6,Kent,Glamorgan,MW Parkinson,G Stewart,T van der Gugten,0,0,,,,,,,bowled,MW Parkinson,,,,,
1461930,2025,2025-07-22,"Sophia Gardens, Cardiff",1,49.1,49.1,Kent,Glamorgan,G Stewart,WA Agar,JAR Harris,3,0,,,,,,,,,,,,,
1461930,2025,2025-07-22,"Sophia Gardens, Cardiff",1,49.2,49.2,Kent,Glamorgan,WA Agar,G Stewart,JAR Harris,0,0,,,,,,,,,,,,,
1461930,2025,2025-07-22,"Sophia Gardens, Cardiff",1,49.3,49.3,Kent,Glamorgan,WA Agar,G Stewart,JAR Harris,0,0,,,,,,,,,,,,,
1461930,2025,2025-07-22,"Sophia Gardens, Cardiff",1,49.4,49.4,Kent,Glamorgan,WA Agar,G Stewart,JAR Harris,0,0,,,,,,,,,,,,,
1461930,2025,2025-07-22,"Sophia Gardens, Cardiff",1,49.5,49.5,Kent,Glamorgan,WA Agar,G Stewart,JAR Harris,0,0,,,,,,,,,,,,,
1461930,2025,2025-07-22,"Sophia Gardens, Cardiff",1,49.6,49.6,Kent,Glamorgan,WA Agar,G Stewart,JAR Harris,0,0,,,,,,,,,,,,,
1461930,2025,2025-07-22,"Sophia Gardens, Cardiff",1,50.1,50.1,Kent,Glamorgan,G Stewart,WA Agar,T van der Gugten,0,0,,,,,,,,,,,,,
1461930,2025,2025-07-22,"Sophia Gardens, Cardiff",1,50.2,50.2,Kent,Glamorgan,G Stewart,WA Agar,T van der Gugten,0,0,,,,,,,,,,,,,
1461930,2025,2025-07-22,"Sophia Gardens, Cardiff",1,50.3,50.3,Kent,Glamorgan,G Stewart,WA Agar,T van der Gugten,0,0,,,,,,,,,,,,,
1461930,2025,2025-07-22,"Sophia Gardens, Cardiff",1,50.4,50.4,Kent,Glamorgan,G Stewart,WA Agar,T van der Gugten,0,0,,,,,,,,,,,,,
1461930,2025,2025-07-22,"Sophia Gardens, Cardiff",1,50.5,50.5,Kent,Glamorgan,G Stewart,WA Agar,T van der Gugten,1,0,,,,,,,,,,,,,
1461930,2025,2025-07-22,"Sophia Gardens, Cardiff",1,50.6,50.6,Kent,Glamorgan,WA Agar,G Stewart,T van der Gugten,0,0,,,,,,,,,,,,,
1461930,2025,2025-07-22,"Sophia Gardens, Cardiff",1,51.1,51.1,Kent,Glamorgan,G Stewart,WA Agar,JAR Harris,0,0,,,,,,,,,,,,,
1461930,2025,2025-07-22,"Sophia Gardens, Cardiff",1,51.2,51.2,Kent,Glamorgan,G Stewart,WA Agar,JAR Harris,0,0,,,,,,,,,,,,,
1461930,2025,2025-07-22,"Sophia Gardens, Cardiff",1,51.3,51.3,Kent,Glamorgan,G Stewart,WA Agar,JAR Harris,0,0,,,,,,,,,,,,,
1461930,2025,2025-07-22,"Sophia Gardens, Cardiff",1,51.4,51.4,Kent,Glamorgan,G Stewart,WA Agar,JAR Harris,0,0,,,,,,,,,,,,,
1461930,2025,2025-07-22,"Sophia Gardens, Cardiff",1,51.5,51.5,Kent,Glamorgan,G Stewart,WA Agar,JAR Harris,0,0,,,,,,,,,,,,,
1461930,2025,2025-07-22,"Sophia Gardens, Cardiff",1,51.6,51.6,Kent,Glamorgan,G Stewart,WA Agar,JAR Harris,0,0,,,,,,,,,,,,,
1461930,2025,2025-07-22,"Sophia Gardens, Cardiff",1,52.1,52.1,Kent,Glamorgan,WA Agar,G Stewart,Zain-ul-Hassan,0,0,,,,,,,,,,,,,
1461930,2025,2025-07-22,"Sophia Gardens, Cardiff",1,52.2,52.2,Kent,Glamorgan,WA Agar,G Stewart,Zain-ul-Hassan,0,0,,,,,,,lbw,WA Agar,,,,,
1461930,2025,2025-07-22,"Sophia Gardens, Cardiff",1,52.3,52.3,Kent,Glamorgan,MR Quinn,G Stewart,Zain-ul-Hassan,0,0,,,,,,,,,,,,,
1461930,2025,2025-07-22,"Sophia Gardens, Cardiff",1,52.4,52.4,Kent,Glamorgan,MR Quinn,G Stewart,Zain-ul-Hassan,0,0,,,,,,,,,,,,,
1461930,2025,2025-07-22,"Sophia Gardens, Cardiff",1,52.5,52.5,Kent,Glamorgan,MR Quinn,G Stewart,Zain-ul-Hassan,0,0,,,,,,,,,,,,,
1461930,2025,2025-07-22,"Sophia Gardens, Cardiff",1,52.6,52.6,Kent,Glamorgan,MR Quinn,G Stewart,Zain-ul-Hassan,0,0,,,,,,,,,,,,,
1461930,2025,2025-07-22,"Sophia Gardens, Cardiff",1,53.1,53.1,Kent,Glamorgan,G Stewart,MR Quinn,JAR Harris,1,0,,,,,,,,,,,,,
1461930,2025,2025-07-22,"Sophia Gardens, Cardiff",1,53.2,53.2,Kent,Glamorgan,MR Quinn,G Stewart,JAR Harris,0,0,,,,,,,caught,MR Quinn,,,CB Cooke,,
1461930,2025,2025-07-22,"Sophia Gardens, Cardiff",2,0.1,0.1,Glamorgan,Kent,Zain-ul-Hassan,AM Tribe,MR Quinn,0,0,,,,,,,,,,,,,
1461930,2025,2025-07-22,"Sophia Gardens, Cardiff",2,0.2,0.2,Glamorgan,Kent,Zain-ul-Hassan,AM Tribe,MR Quinn,0,0,,,,,,,,,,,,,
1461930,2025,2025-07-22,"Sophia Gardens, Cardiff",2,0.3,0.3,Glamorgan,Kent,Zain-ul-Hassan,AM Tribe,MR Quinn,0,0,,,,,,,,,,,,,
1461930,2025,2025-07-22,"Sophia Gardens, Cardiff",2,0.4,0.4,Glamorgan,Kent,Zain-ul-Hassan,AM Tribe,MR Quinn,2,0,,,,,,,,,,,,,
1461930,2025,2025-07-22,"Sophia Gardens, Cardiff",2,0.5,0.5,Glamorgan,Kent,Zain-ul-Hassan,AM Tribe,MR Quinn,0,0,,,,,,,,,,,,,
1461930,2025,2025-07-22,"Sophia Gardens, Cardiff",2,0.6,0.6,Glamorgan,Kent,Zain-ul-Hassan,AM Tribe,MR Quinn,0,0,,,,,,,,,,,,,
1461930,2025,2025-07-22,"Sophia Gardens, Cardiff",2,1.1,1.1,Glamorgan,Kent,AM Tribe,Zain-ul-Hassan,WA Agar,0,0,,,,,,,,,,,,,
1461930,2025,2025-07-22,"Sophia Gardens, Cardiff",2,1.2,1.2,Glamorgan,Kent,AM Tribe,Zain-ul-Hassan,WA Agar,0,0,,,,,,,,,,,,,
1461930,2025,2025-07-22,"Sophia Gardens, Cardiff",2,1.3,1.3,Glamorgan,Kent,AM Tribe,Zain-ul-Hassan,WA Agar,0,0,,,,,,,,,,,,,
1461930,2025,2025-07-22,"Sophia Gardens, Cardiff",2,1.4,1.4,Glamorgan,Kent,AM Tribe,Zain-ul-Hassan,WA Agar,0,0,,,,,,,,,,,,,
1461930,2025,2025-07-22,"Sophia Gardens, Cardiff",2,1.5,1.5,Glamorgan,Kent,AM Tribe,Zain-ul-Hassan,WA Agar,0,0,,,,,,,,,,,,,
1461930,2025,2025-07-22,"Sophia Gardens, Cardiff",2,1.6,1.6,Glamorgan,Kent,AM Tribe,Zain-ul-Hassan,WA Agar,0,0,,,,,,,,,,,,,
1461930,2025,2025-07-22,"Sophia Gardens, Cardiff",2,2.1,2.1,Glamorgan,Kent,Zain-ul-Hassan,AM Tribe,MR Quinn,0,0,,,,,,,,,,,,,
1461930,2025,2025-07-22,"Sophia Gardens, Cardiff",2,2.2,2.2,Glamorgan,Kent,Zain-ul-Hassan,AM Tribe,MR Quinn,0,0,,,,,,,,,,,,,
1461930,2025,2025-07-22,"Sophia Gardens, Cardiff",2,2.3,2.3,Glamorgan,Kent,Zain-ul-Hassan,AM Tribe,MR Quinn,0,0,,,,,,,,,,,,,
1461930,2025,2025-07-22,"Sophia Gardens, Cardiff",2,2.4,2.4,Glamorgan,Kent,Zain-ul-Hassan,AM Tribe,MR Quinn,0,0,,,,,,,,,,,,,
1461930,2025,2025-07-22,"Sophia Gardens, Cardiff",2,2.5,2.5,Glamorgan,Kent,Zain-ul-Hassan,AM Tribe,MR Quinn,0,0,,,,,,,,,,,,,
1461930,2025,2025-07-22,"Sophia Gardens, Cardiff",2,2.6,2.6,Glamorgan,Kent,Zain-ul-Hassan,AM Tribe,MR Quinn,0,0,,,,,,,,,,,,,
1461930,2025,2025-07-22,"Sophia Gardens, Cardiff",2,3.1,3.1,Glamorgan,Kent,AM Tribe,Zain-ul-Hassan,WA Agar,0,0,,,,,,,,,,,,,
1461930,2025,2025-07-22,"Sophia Gardens, Cardiff",2,3.2,3.2,Glamorgan,Kent,AM Tribe,Zain-ul-Hassan,WA Agar,0,0,,,,,,,,,,,,,
1461930,2025,2025-07-22,"Sophia Gardens, Cardiff",2,3.3,3.3,Glamorgan,Kent,AM Tribe,Zain-ul-Hassan,WA Agar,0,0,,,,,,,,,,,,,
1461930,2025,2025-07-22,"Sophia Gardens, Cardiff",2,3.4,3.4,Glamorgan,Kent,AM Tribe,Zain-ul-Hassan,WA Agar,0,0,,,,,,,bowled,AM Tribe,,,,,
1461930,2025,2025-07-22,"Sophia Gardens, Cardiff",2,3.5,3.5,Glamorgan,Kent,KS Carlson,Zain-ul-Hassan,WA Agar,0,0,,,,,,,,,,,,,
1461930,2025,2025-07-22,"Sophia Gardens, Cardiff",2,3.6,3.6,Glamorgan,Kent,KS Carlson,Zain-ul-Hassan,WA Agar,0,0,,,,,,,,,,,,,
1461930,2025,2025-07-22,"Sophia Gardens, Cardiff",2,4.1,4.1,Glamorgan,Kent,Zain-ul-Hassan,KS Carlson,MR Quinn,0,0,,,,,,,,,,,,,
1461930,2025,2025-07-22,"Sophia Gardens, Cardiff",2,4.2,4.2,Glamorgan,Kent,Zain-ul-Hassan,KS Carlson,MR Quinn,0,0,,,,,,,,,,,,,
1461930,2025,2025-07-22,"Sophia Gardens, Cardiff",2,4.3,4.3,Glamorgan,Kent,Zain-ul-Hassan,KS Carlson,MR Quinn,1,0,,,,,,,,,,,,,
1461930,2025,2025-07-22,"Sophia Gardens, Cardiff",2,4.4,4.4,Glamorgan,Kent,KS Carlson,Zain-ul-Hassan,MR Quinn,2,0,,,,,,,,,,,,,
1461930,2025,2025-07-22,"Sophia Gardens, Cardiff",2,4.5,4.5,Glamorgan,Kent,KS Carlson,Zain-ul-Hassan,MR Quinn,4,0,,,,,,,,,,,,,
1461930,2025,2025-07-22,"Sophia Gardens, Cardiff",2,4.6,4.6,Glamorgan,Kent,KS Carlson,Zain-ul-Hassan,MR Quinn,0,0,,,,,,,,,,,,,
1461930,2025,2025-07-22,"Sophia Gardens, Cardiff",2,5.1,5.1,Glamorgan,Kent,Zain-ul-Hassan,KS Carlson,WA Agar,0,0,,,,,,,,,,,,,
1461930,2025,2025-07-22,"Sophia Gardens, Cardiff",2,5.2,5.2,Glamorgan,Kent,Zain-ul-Hassan,KS Carlson,WA Agar,0,0,,,,,,,,,,,,,
1461930,2025,2025-07-22,"Sophia Gardens, Cardiff",2,5.3,5.3,Glamorgan,Kent,Zain-ul-Hassan,KS Carlson,WA Agar,0,0,,,,,,,,,,,,,
1461930,2025,2025-07-22,"Sophia Gardens, Cardiff",2,5.4,5.4,Glamorgan,Kent,Zain-ul-Hassan,KS Carlson,WA Agar,0,0,,,,,,,,,,,,,
1461930,2025,2025-07-22,"Sophia Gardens, Cardiff",2,5.5,5.5,Glamorgan,Kent,Zain-ul-Hassan,KS Carlson,WA Agar,0,0,,,,,,,,,,,,,
1461930,2025,2025-07-22,"Sophia Gardens, Cardiff",2,5.6,5.6,Glamorgan,Kent,Zain-ul-Hassan,KS Carlson,WA Agar,0,0,,,,,,,,,,,,,
1461930,2025,2025-07-22,"Sophia Gardens, Cardiff",2,6.1,6.1,Glamorgan,Kent,KS Carlson,Zain-ul-Hassan,G Stewart,0,0,,,,,,,,,,,,,
1461930,2025,2025-07-22,"Sophia Gardens, Cardiff",2,6.2,6.2,Glamorgan,Kent,KS Carlson,Zain-ul-Hassan,G Stewart,0,0,,,,,,,,,,,,,
1461930,2025,2025-07-22,"Sophia Gardens, Cardiff",2,6.3,6.3,Glamorgan,Kent,KS Carlson,Zain-ul-Hassan,G Stewart,0,0,,,,,,,,,,,,,
1461930,2025,2025-07-22,"Sophia Gardens, Cardiff",2,6.4,6.4,Glamorgan,Kent,KS Carlson,Zain-ul-Hassan,G Stewart,0,0,,,,,,,,,,,,,
1461930,2025,2025-07-22,"Sophia Gardens, Cardiff",2,6.5,6.5,Glamorgan,Kent,KS Carlson,Zain-ul-Hassan,G Stewart,0,0,,,,,,,,,,,,,
1461930,2025,2025-07-22,"Sophia Gardens, Cardiff",2,6.6,6.6,Glamorgan,Kent,KS Carlson,Zain-ul-Hassan,G Stewart,2,0,,,,,,,,,,,,,
1461930,2025,2025-07-22,"Sophia Gardens, Cardiff",2,7.1,7.1,Glamorgan,Kent,Zain-ul-Hassan,KS Carlson,WA Agar,0,0,,,,,,,,,,,,,
1461930,2025,2025-07-22,"Sophia Gardens, Cardiff",2,7.2,7.2,Glamorgan,Kent,Zain-ul-Hassan,KS Carlson,WA Agar,0,0,,,,,,,,,,,,,
1461930,2025,2025-07-22,"Sophia Gardens, Cardiff",2,7.3,7.3,Glamorgan,Kent,Zain-ul-Hassan,KS Carlson,WA Agar,0,0,,,,,,,,,,,,,
1461930,2025,2025-07-22,"Sophia Gardens, Cardiff",2,7.4,7.4,Glamorgan,Kent,Zain-ul-Hassan,KS Carlson,WA Agar,0,0,,,,,,,,,,,,,
1461930,2025,2025-07-22,"Sophia Gardens, Cardiff",2,7.5,7.5,Glamorgan,Kent,Zain-ul-Hassan,KS Carlson,WA Agar,3,0,,,,,,,,,,,,,
1461930,2025,2025-07-22,"Sophia Gardens, Cardiff",2,7.6,7.6,Glamorgan,Kent,KS Carlson,Zain-ul-Hassan,WA Agar,4,0,,,,,,,,,,,,,
1461930,2025,2025-07-22,"Sophia Gardens, Cardiff",2,8.1,8.1,Glamorgan,Kent,Zain-ul-Hassan,KS Carlson,G Stewart,0,0,,,,,,,,,,,,,
1461930,2025,2025-07-22,"Sophia Gardens, Cardiff",2,8.2,8.2,Glamorgan,Kent,Zain-ul-Hassan,KS Carlson,G Stewart,0,0,,,,,,,,,,,,,
1461930,2025,2025-07-22,"Sophia Gardens, Cardiff",2,8.3,8.3,Glamorgan,Kent,Zain-ul-Hassan,KS Carlson,G Stewart,0,0,,,,,,,,,,,,,
1461930,2025,2025-07-22,"Sophia Gardens, Cardiff",2,8.4,8.4,Glamorgan,Kent,Zain-ul-Hassan,KS Carlson,G Stewart,0,0,,,,,,,,,,,,,
1461930,2025,2025-07-22,"Sophia Gardens, Cardiff",2,8.5,8.5,Glamorgan,Kent,Zain-ul-Hassan,KS Carlson,G Stewart,0,0,,,,,,,,,,,,,
1461930,2025,2025-07-22,"Sophia Gardens, Cardiff",2,8.6,8.6,Glamorgan,Kent,Zain-ul-Hassan,KS Carlson,G Stewart,0,0,,,,,,,,,,,,,
1461930,2025,2025-07-22,"Sophia Gardens, Cardiff",2,9.1,9.1,Glamorgan,Kent,KS Carlson,Zain-ul-Hassan,WA Agar,0,0,,,,,,,,,,,,,
1461930,2025,2025-07-22,"Sophia Gardens, Cardiff",2,9.2,9.2,Glamorgan,Kent,KS Carlson,Zain-ul-Hassan,WA Agar,0,0,,,,,,,,,,,,,
1461930,2025,2025-07-22,"Sophia Gardens, Cardiff",2,9.3,9.3,Glamorgan,Kent,KS Carlson,Zain-ul-Hassan,WA Agar,0,0,,,,,,,,,,,,,
1461930,2025,2025-07-22,"Sophia Gardens, Cardiff",2,9.4,9.4,Glamorgan,Kent,KS Carlson,Zain-ul-Hassan,WA Agar,0,0,,,,,,,,,,,,,
1461930,2025,2025-07-22,"Sophia Gardens, Cardiff",2,9.5,9.5,Glamorgan,Kent,KS Carlson,Zain-ul-Hassan,WA Agar,0,0,,,,,,,,,,,,,
1461930,2025,2025-07-22,"Sophia Gardens, Cardiff",2,9.6,9.6,Glamorgan,Kent,KS Carlson,Zain-ul-Hassan,WA Agar,4,0,,,,,,,,,,,,,
1461930,2025,2025-07-22,"Sophia Gardens, Cardiff",2,10.1,10.1,Glamorgan,Kent,Zain-ul-Hassan,KS Carlson,G Stewart,0,0,,,,,,,,,,,,,
1461930,2025,2025-07-22,"Sophia Gardens, Cardiff",2,10.2,10.2,Glamorgan,Kent,Zain-ul-Hassan,KS Carlson,G Stewart,1,0,,,,,,,,,,,,,
1461930,2025,2025-07-22,"Sophia Gardens, Cardiff",2,10.3,10.3,Glamorgan,Kent,KS Carlson,Zain-ul-Hassan,G Stewart,4,0,,,,,,,,,,,,,
1461930,2025,2025-07-22,"Sophia Gardens, Cardiff",2,10.4,10.4,Glamorgan,Kent,KS Carlson,Zain-ul-Hassan,G Stewart,0,0,,,,,,,,,,,,,
1461930,2025,2025-07-22,"Sophia Gardens, Cardiff",2,10.5,10.5,Glamorgan,Kent,KS Carlson,Zain-ul-Hassan,G Stewart,1,0,,,,,,,,,,,,,
1461930,2025,2025-07-22,"Sophia Gardens, Cardiff",2,10.6,10.6,Glamorgan,Kent,Zain-ul-Hassan,KS Carlson,G Stewart,0,0,,,,,,,,,,,,,
1461930,2025,2025-07-22,"Sophia Gardens, Cardiff",2,11.1,11.1,Glamorgan,Kent,KS Carlson,Zain-ul-Hassan,MR Quinn,0,0,,,,,,,,,,,,,
1461930,2025,2025-07-22,"Sophia Gardens, Cardiff",2,11.2,11.2,Glamorgan,Kent,KS Carlson,Zain-ul-Hassan,MR Quinn,2,0,,,,,,,,,,,,,
1461930,2025,2025-07-22,"Sophia Gardens, Cardiff",2,11.3,11.3,Glamorgan,Kent,KS Carlson,Zain-ul-Hassan,MR Quinn,4,0,,,,,,,,,,,,,
1461930,2025,2025-07-22,"Sophia Gardens, Cardiff",2,11.4,11.4,Glamorgan,Kent,KS Carlson,Zain-ul-Hassan,MR Quinn,0,0,,,,,,,caught,KS Carlson,,,HZ Finch,,
1461930,2025,2025-07-22,"Sophia Gardens, Cardiff",2,11.5,11.5,Glamorgan,Kent,WT Root,Zain-ul-Hassan,MR Quinn,3,0,,,,,,,,,,,,,
1461930,2025,2025-07-22,"Sophia Gardens, Cardiff",2,11.6,11.6,Glamorgan,Kent,Zain-ul-Hassan,WT Root,MR Quinn,0,0,,,,,,,,,,,,,
1461930,2025,2025-07-22,"Sophia Gardens, Cardiff",2,12.1,12.1,Glamorgan,Kent,WT Root,Zain-ul-Hassan,G Stewart,0,0,,,,,,,,,,,,,
1461930,2025,2025-07-22,"Sophia Gardens, Cardiff",2,12.2,12.2,Glamorgan,Kent,WT Root,Zain-ul-Hassan,G Stewart,0,0,,,,,,,,,,,,,
1461930,2025,2025-07-22,"Sophia Gardens, Cardiff",2,12.3,12.3,Glamorgan,Kent,WT Root,Zain-ul-Hassan,G Stewart,0,0,,,,,,,,,,,,,
1461930,2025,2025-07-22,"Sophia Gardens, Cardiff",2,12.4,12.4,Glamorgan,Kent,WT Root,Zain-ul-Hassan,G Stewart,0,2,,2,,,,,,,,,,,
1461930,2025,2025-07-22,"Sophia Gardens, Cardiff",2,12.5,12.4,Glamorgan,Kent,WT Root,Zain-ul-Hassan,G Stewart,0,0,,,,,,,,,,,,,
1461930,2025,2025-07-22,"Sophia Gardens, Cardiff",2,12.6,12.5,Glamorgan,Kent,WT Root,Zain-ul-Hassan,G Stewart,2,0,,,,,,,,,,,,,
1461930,2025,2025-07-22,"Sophia Gardens, Cardiff",2,12.7,12.6,Glamorgan,Kent,WT Root,Zain-ul-Hassan,G Stewart,0,0,,,,,,,,,,,,,
1461930,2025,2025-07-22,"Sophia Gardens, Cardiff",2,13.1,13.1,Glamorgan,Kent,Zain-ul-Hassan,WT Root,MR Quinn,0,0,,,,,,,,,,,,,
1461930,2025,2025-07-22,"Sophia Gardens, Cardiff",2,13.2,13.2,Glamorgan,Kent,Zain-ul-Hassan,WT Root,MR Quinn,1,0,,,,,,,,,,,,,
1461930,2025,2025-07-22,"Sophia Gardens, Cardiff",2,13.3,13.3,Glamorgan,Kent,WT Root,Zain-ul-Hassan,MR Quinn,0,0,,,,,,,,,,,,,
1461930,2025,2025-07-22,"Sophia Gardens, Cardiff",2,13.4,13.4,Glamorgan,Kent,WT Root,Zain-ul-Hassan,MR Quinn,0,0,,,,,,,,,,,,,
1461930,2025,2025-07-22,"Sophia Gardens, Cardiff",2,13.5,13.5,Glamorgan,Kent,WT Root,Zain-ul-Hassan,MR Quinn,0,0,,,,,,,,,,,,,
1461930,2025,2025-07-22,"Sophia Gardens, Cardiff",2,13.6,13.6,Glamorgan,Kent,WT Root,Zain-ul-Hassan,MR Quinn,0,0,,,,,,,,,,,,,
1461930,2025,2025-07-22,"Sophia Gardens, Cardiff",2,14.1,14.1,Glamorgan,Kent,Zain-ul-Hassan,WT Root,G Stewart,0,0,,,,,,,,,,,,,
1461930,2025,2025-07-22,"Sophia Gardens, Cardiff",2,14.2,14.2,Glamorgan,Kent,Zain-ul-Hassan,WT Root,G Stewart,0,0,,,,,,,,,,,,,
1461930,2025,2025-07-22,"Sophia Gardens, Cardiff",2,14.3,14.3,Glamorgan,Kent,Zain-ul-Hassan,WT Root,G Stewart,0,0,,,,,,,,,,,,,
1461930,2025,2025-07-22,"Sophia Gardens, Cardiff",2,14.4,14.4,Glamorgan,Kent,Zain-ul-Hassan,WT Root,G Stewart,2,0,,,,,,,,,,,,,
1461930,2025,2025-07-22,"Sophia Gardens, Cardiff",2,14.5,14.5,Glamorgan,Kent,Zain-ul-Hassan,WT Root,G Stewart,0,0,,,,,,,,,,,,,
1461930,2025,2025-07-22,"Sophia Gardens, Cardiff",2,14.6,14.6,Glamorgan,Kent,Zain-ul-Hassan,WT Root,G Stewart,0,0,,,,,,,,,,,,,
1461930,2025,2025-07-22,"Sophia Gardens, Cardiff",2,15.1,15.1,Glamorgan,Kent,WT Root,Zain-ul-Hassan,MR Quinn,0,0,,,,,,,,,,,,,
1461930,2025,2025-07-22,"Sophia Gardens, Cardiff",2,15.2,15.2,Glamorgan,Kent,WT Root,Zain-ul-Hassan,MR Quinn,0,0,,,,,,,,,,,,,
1461930,2025,2025-07-22,"Sophia Gardens, Cardiff",2,15.3,15.3,Glamorgan,Kent,WT Root,Zain-ul-Hassan,MR Quinn,1,0,,,,,,,,,,,,,
1461930,2025,2025-07-22,"Sophia Gardens, Cardiff",2,15.4,15.4,Glamorgan,Kent,Zain-ul-Hassan,WT Root,MR Quinn,0,0,,,,,,,,,,,,,
1461930,2025,2025-07-22,"Sophia Gardens, Cardiff",2,15.5,15.5,Glamorgan,Kent,Zain-ul-Hassan,WT Root,MR Quinn,3,0,,,,,,,,,,,,,
1461930,2025,2025-07-22,"Sophia Gardens, Cardiff",2,15.6,15.6,Glamorgan,Kent,WT Root,Zain-ul-Hassan,MR Quinn,0,0,,,,,,,,,,,,,
1461930,2025,2025-07-22,"Sophia Gardens, Cardiff",2,16.1,16.1,Glamorgan,Kent,Zain-ul-Hassan,WT Root,G Stewart,0,0,,,,,,,,,,,,,
1461930,2025,2025-07-22,"Sophia Gardens, Cardiff",2,16.2,16.2,Glamorgan,Kent,Zain-ul-Hassan,WT Root,G Stewart,0,0,,,,,,,,,,,,,
1461930,2025,2025-07-22,"Sophia Gardens, Cardiff",2,16.3,16.3,Glamorgan,Kent,Zain-ul-Hassan,WT Root,G Stewart,0,0,,,,,,,,,,,,,
1461930,2025,2025-07-22,"Sophia Gardens, Cardiff",2,16.4,16.4,Glamorgan,Kent,Zain-ul-Hassan,WT Root,G Stewart,1,0,,,,,,,,,,,,,
1461930,2025,2025-07-22,"Sophia Gardens, Cardiff",2,16.5,16.5,Glamorgan,Kent,WT Root,Zain-ul-Hassan,G Stewart,0,0,,,,,,,,,,,,,
1461930,2025,2025-07-22,"Sophia Gardens, Cardiff",2,16.6,16.6,Glamorgan,Kent,WT Root,Zain-ul-Hassan,G Stewart,0,0,,,,,,,,,,,,,
1461930,2025,2025-07-22,"Sophia Gardens, Cardiff",2,17.1,17.1,Glamorgan,Kent,Zain-ul-Hassan,WT Root,MR Quinn,0,0,,,,,,,,,,,,,
1461930,2025,2025-07-22,"Sophia Gardens, Cardiff",2,17.2,17.2,Glamorgan,Kent,Zain-ul-Hassan,WT Root,MR Quinn,0,0,,,,,,,,,,,,,
1461930,2025,2025-07-22,"Sophia Gardens, Cardiff",2,17.3,17.3,Glamorgan,Kent,Zain-ul-Hassan,WT Root,MR Quinn,2,0,,,,,,,,,,,,,
1461930,2025,2025-07-22,"Sophia Gardens, Cardiff",2,17.4,17.4,Glamorgan,Kent,Zain-ul-Hassan,WT Root,MR Quinn,0,0,,,,,,,,,,,,,
1461930,2025,2025-07-22,"Sophia Gardens, Cardiff",2,17.5,17.5,Glamorgan,Kent,Zain-ul-Hassan,WT Root,MR Quinn,2,0,,,,,,,,,,,,,
1461930,2025,2025-07-22,"Sophia Gardens, Cardiff",2,17.6,17.6,Glamorgan,Kent,Zain-ul-Hassan,WT Root,MR Quinn,0,0,,,,,,,,,,,,,
1461930,2025,2025-07-22,"Sophia Gardens, Cardiff",2,18.1,18.1,Glamorgan,Kent,WT Root,Zain-ul-Hassan,G Stewart,0,0,,,,,,,,,,,,,
1461930,2025,2025-07-22,"Sophia Gardens, Cardiff",2,18.2,18.2,Glamorgan,Kent,WT Root,Zain-ul-Hassan,G Stewart,0,0,,,,,,,,,,,,,
1461930,2025,2025-07-22,"Sophia Gardens, Cardiff",2,18.3,18.3,Glamorgan,Kent,WT Root,Zain-ul-Hassan,G Stewart,0,0,,,,,,,,,,,,,
1461930,2025,2025-07-22,"Sophia Gardens, Cardiff",2,18.4,18.4,Glamorgan,Kent,WT Root,Zain-ul-Hassan,G Stewart,0,0,,,,,,,,,,,,,
1461930,2025,2025-07-22,"Sophia Gardens, Cardiff",2,18.5,18.5,Glamorgan,Kent,WT Root,Zain-ul-Hassan,G Stewart,1,0,,,,,,,,,,,,,
1461930,2025,2025-07-22,"Sophia Gardens, Cardiff",2,18.6,18.6,Glamorgan,Kent,Zain-ul-Hassan,WT Root,G Stewart,0,0,,,,,,,,,,,,,
1461930,2025,2025-07-22,"Sophia Gardens, Cardiff",2,19.1,19.1,Glamorgan,Kent,WT Root,Zain-ul-Hassan,MR Quinn,0,0,,,,,,,,,,,,,
1461930,2025,2025-07-22,"Sophia Gardens, Cardiff",2,19.2,19.2,Glamorgan,Kent,WT Root,Zain-ul-Hassan,MR Quinn,1,0,,,,,,,,,,,,,
1461930,2025,2025-07-22,"Sophia Gardens, Cardiff",2,19.3,19.3,Glamorgan,Kent,Zain-ul-Hassan,WT Root,MR Quinn,1,0,,,,,,,,,,,,,
1461930,2025,2025-07-22,"Sophia Gardens, Cardiff",2,19.4,19.4,Glamorgan,Kent,WT Root,Zain-ul-Hassan,MR Quinn,0,0,,,,,,,,,,,,,
1461930,2025,2025-07-22,"Sophia Gardens, Cardiff",2,19.5,19.5,Glamorgan,Kent,WT Root,Zain-ul-Hassan,MR Quinn,0,0,,,,,,,,,,,,,
1461930,2025,2025-07-22,"Sophia Gardens, Cardiff",2,19.6,19.6,Glamorgan,Kent,WT Root,Zain-ul-Hassan,MR Quinn,0,0,,,,,,,,,,,,,
1461930,2025,2025-07-22,"Sophia Gardens, Cardiff",2,20.1,20.1,Glamorgan,Kent,Zain-ul-Hassan,WT Root,JDM Evison,1,0,,,,,,,,,,,,,
1461930,2025,2025-07-22,"Sophia Gardens, Cardiff",2,20.2,20.2,Glamorgan,Kent,WT Root,Zain-ul-Hassan,JDM Evison,0,0,,,,,,,,,,,,,
1461930,2025,2025-07-22,"Sophia Gardens, Cardiff",2,20.3,20.3,Glamorgan,Kent,WT Root,Zain-ul-Hassan,JDM Evison,0,0,,,,,,,,,,,,,
1461930,2025,2025-07-22,"Sophia Gardens, Cardiff",2,20.4,20.4,Glamorgan,Kent,WT Root,Zain-ul-Hassan,JDM Evison,0,0,,,,,,,,,,,,,
1461930,2025,2025-07-22,"Sophia Gardens, Cardiff",2,20.5,20.5,Glamorgan,Kent,WT Root,Zain-ul-Hassan,JDM Evison,0,0,,,,,,,,,,,,,
1461930,2025,2025-07-22,"Sophia Gardens, Cardiff",2,20.6,20.6,Glamorgan,Kent,WT Root,Zain-ul-Hassan,JDM Evison,0,0,,,,,,,,,,,,,
1461930,2025,2025-07-22,"Sophia Gardens, Cardiff",2,21.1,21.1,Glamorgan,Kent,Zain-ul-Hassan,WT Root,WA Agar,1,0,,,,,,,,,,,,,
1461930,2025,2025-07-22,"Sophia Gardens, Cardiff",2,21.2,21.2,Glamorgan,Kent,WT Root,Zain-ul-Hassan,WA Agar,0,0,,,,,,,,,,,,,
1461930,2025,2025-07-22,"Sophia Gardens, Cardiff",2,21.3,21.3,Glamorgan,Kent,WT Root,Zain-ul-Hassan,WA Agar,0,0,,,,,,,,,,,,,
1461930,2025,2025-07-22,"Sophia Gardens, Cardiff",2,21.4,21.4,Glamorgan,Kent,WT Root,Zain-ul-Hassan,WA Agar,0,0,,,,,,,caught,WT Root,,,CG Benjamin,,
1461930,2025,2025-07-22,"Sophia Gardens, Cardiff",2,21.5,21.5,Glamorgan,Kent,CA Ingram,Zain-ul-Hassan,WA Agar,1,0,,,,,,,,,,,,,
1461930,2025,2025-07-22,"Sophia Gardens, Cardiff",2,21.6,21.6,Glamorgan,Kent,Zain-ul-Hassan,CA Ingram,WA Agar,0,0,,,,,,,,,,,,,
1461930,2025,2025-07-22,"Sophia Gardens, Cardiff",2,22.1,22.1,Glamorgan,Kent,CA Ingram,Zain-ul-Hassan,JDM Evison,4,0,,,,,,,,,,,,,
1461930,2025,2025-07-22,"Sophia Gardens, Cardiff",2,22.2,22.2,Glamorgan,Kent,CA Ingram,Zain-ul-Hassan,JDM Evison,0,0,,,,,,,,,,,,,
1461930,2025,2025-07-22,"Sophia Gardens, Cardiff",2,22.3,22.3,Glamorgan,Kent,CA Ingram,Zain-ul-Hassan,JDM Evison,6,0,,,,,,,,,,,,,
1461930,2025,2025-07-22,"Sophia Gardens, Cardiff",2,22.4,22.4,Glamorgan,Kent,CA Ingram,Zain-ul-Hassan,JDM Evison,0,0,,,,,,,,,,,,,
1461930,2025,2025-07-22,"Sophia Gardens, Cardiff",2,22.5,22.5,Glamorgan,Kent,CA Ingram,Zain-ul-Hassan,JDM Evison,0,0,,,,,,,,,,,,,
1461930,2025,2025-07-22,"Sophia Gardens, Cardiff",2,22.6,22.6,Glamorgan,Kent,CA Ingram,Zain-ul-Hassan,JDM Evison,0,0,,,,,,,,,,,,,
1461930,2025,2025-07-22,"Sophia Gardens, Cardiff",2,23.1,23.1,Glamorgan,Kent,Zain-ul-Hassan,CA Ingram,WA Agar,0,0,,,,,,,,,,,,,
1461930,2025,2025-07-22,"Sophia Gardens, Cardiff",2,23.2,23.2,Glamorgan,Kent,Zain-ul-Hassan,CA Ingram,WA Agar,0,0,,,,,,,,,,,,,
1461930,2025,2025-07-22,"Sophia Gardens, Cardiff",2,23.3,23.3,Glamorgan,Kent,Zain-ul-Hassan,CA Ingram,WA Agar,4,2,,2,,,,,,,,,,,
1461930,2025,2025-07-22,"Sophia Gardens, Cardiff",2,23.4,23.3,Glamorgan,Kent,Zain-ul-Hassan,CA Ingram,WA Agar,0,0,,,,,,,,,,,,,
1461930,2025,2025-07-22,"Sophia Gardens, Cardiff",2,23.5,23.4,Glamorgan,Kent,Zain-ul-Hassan,CA Ingram,WA Agar,0,0,,,,,,,,,,,,,
1461930,2025,2025-07-22,"Sophia Gardens, Cardiff",2,23.6,23.5,Glamorgan,Kent,Zain-ul-Hassan,CA Ingram,WA Agar,1,0,,,,,,,,,,,,,
1461930,2025,2025-07-22,"Sophia Gardens, Cardiff",2,23.7,23.6,Glamorgan,Kent,CA Ingram,Zain-ul-Hassan,WA Agar,0,0,,,,,,,,,,,,,
1461930,2025,2025-07-22,"Sophia Gardens, Cardiff",2,24.1,24.1,Glamorgan,Kent,Zain-ul-Hassan,CA Ingram,JDM Evison,0,0,,,,,,,,,,,,,
1461930,2025,2025-07-22,"Sophia Gardens, Cardiff",2,24.2,24.2,Glamorgan,Kent,Zain-ul-Hassan,CA Ingram,JDM Evison,0,0,,,,,,,,,,,,,
1461930,2025,2025-07-22,"Sophia Gardens, Cardiff",2,24.3,24.3,Glamorgan,Kent,Zain-ul-Hassan,CA Ingram,JDM Evison,0,0,,,,,,,,,,,,,
1461930,2025,2025-07-22,"Sophia Gardens, Cardiff",2,24.4,24.4,Glamorgan,Kent,Zain-ul-Hassan,CA Ingram,JDM Evison,0,0,,,,,,,,,,,,,
1461930,2025,2025-07-22,"Sophia Gardens, Cardiff",2,24.5,24.5,Glamorgan,Kent,Zain-ul-Hassan,CA Ingram,JDM Evison,0,0,,,,,,,,,,,,,
1461930,2025,2025-07-22,"Sophia Gardens, Cardiff",2,24.6,24.6,Glamorgan,Kent,Zain-ul-Hassan,CA Ingram,JDM Evison,1,0,,,,,,,,,,,,,
1461930,2025,2025-07-22,"Sophia Gardens, Cardiff",2,25.1,25.1,Glamorgan,Kent,Zain-ul-Hassan,CA Ingram,WA Agar,0,0,,,,,,,,,,,,,
1461930,2025,2025-07-22,"Sophia Gardens, Cardiff",2,25.2,25.2,Glamorgan,Kent,Zain-ul-Hassan,CA Ingram,WA Agar,0,0,,,,,,,,,,,,,
1461930,2025,2025-07-22,"Sophia Gardens, Cardiff",2,25.3,25.3,Glamorgan,Kent,Zain-ul-Hassan,CA Ingram,WA Agar,0,1,1,,,,,,,,,,,,
1461930,2025,2025-07-22,"Sophia Gardens, Cardiff",2,25.4,25.3,Glamorgan,Kent,Zain-ul-Hassan,CA Ingram,WA Agar,0,0,,,,,,,caught,Zain-ul-Hassan,,,HZ Finch,,
1461930,2025,2025-07-22,"Sophia Gardens, Cardiff",2,25.5,25.4,Glamorgan,Kent,BI Kellaway,CA Ingram,WA Agar,0,0,,,,,,,,,,,,,
1461930,2025,2025-07-22,"Sophia Gardens, Cardiff",2,25.6,25.5,Glamorgan,Kent,BI Kellaway,CA Ingram,WA Agar,3,0,,,,,,,,,,,,,
1461930,2025,2025-07-22,"Sophia Gardens, Cardiff",2,25.7,25.6,Glamorgan,Kent,CA Ingram,BI Kellaway,WA Agar,0,0,,,,,,,,,,,,,
1461930,2025,2025-07-22,"Sophia Gardens, Cardiff",2,26.1,26.1,Glamorgan,Kent,BI Kellaway,CA Ingram,JDM Evison,2,0,,,,,,,,,,,,,
1461930,2025,2025-07-22,"Sophia Gardens, Cardiff",2,26.2,26.2,Glamorgan,Kent,BI Kellaway,CA Ingram,JDM Evison,0,0,,,,,,,,,,,,,
1461930,2025,2025-07-22,"Sophia Gardens, Cardiff",2,26.3,26.3,Glamorgan,Kent,BI Kellaway,CA Ingram,JDM Evison,0,0,,,,,,,,,,,,,
1461930,2025,2025-07-22,"Sophia Gardens, Cardiff",2,26.4,26.4,Glamorgan,Kent,BI Kellaway,CA Ingram,JDM Evison,1,0,,,,,,,,,,,,,
1461930,2025,2025-07-22,"Sophia Gardens, Cardiff",2,26.5,26.5,Glamorgan,Kent,CA Ingram,BI Kellaway,JDM Evison,0,0,,,,,,,,,,,,,
1461930,2025,2025-07-22,"Sophia Gardens, Cardiff",2,26.6,26.6,Glamorgan,Kent,CA Ingram,BI Kellaway,JDM Evison,0,0,,,,,,,,,,,,,
1461930,2025,2025-07-22,"Sophia Gardens, Cardiff",2,27.1,27.1,Glamorgan,Kent,BI Kellaway,CA Ingram,WA Agar,0,0,,,,,,,,,,,,,
1461930,2025,2025-07-22,"Sophia Gardens, Cardiff",2,27.2,27.2,Glamorgan,Kent,BI Kellaway,CA Ingram,WA Agar,0,0,,,,,,,,,,,,,
1461930,2025,2025-07-22,"Sophia Gardens, Cardiff",2,27.3,27.3,Glamorgan,Kent,BI Kellaway,CA Ingram,WA Agar,1,0,,,,,,,,,,,,,
1461930,2025,2025-07-22,"Sophia Gardens, Cardiff",2,27.4,27.4,Glamorgan,Kent,CA Ingram,BI Kellaway,WA Agar,0,0,,,,,,,,,,,,,
1461930,2025,2025-07-22,"Sophia Gardens, Cardiff",2,27.5,27.5,Glamorgan,Kent,CA Ingram,BI Kellaway,WA Agar,0,1,1,,,,,,,,,,,,
1461930,2025,2025-07-22,"Sophia Gardens, Cardiff",2,27.6,27.5,Glamorgan,Kent,CA Ingram,BI Kellaway,WA Agar,1,0,,,,,,,,,,,,,
1461930,2025,2025-07-22,"Sophia Gardens, Cardiff",2,27.7,27.6,Glamorgan,Kent,BI Kellaway,CA Ingram,WA Agar,0,0,,,,,,,,,,,,,
1461930,2025,2025-07-22,"Sophia Gardens, Cardiff",2,28.1,28.1,Glamorgan,Kent,CA Ingram,BI Kellaway,JDM Evison,0,0,,,,,,,,,,,,,
1461930,2025,2025-07-22,"Sophia Gardens, Cardiff",2,28.2,28.2,Glamorgan,Kent,CA Ingram,BI Kellaway,JDM Evison,0,0,,,,,,,,,,,,,
1461930,2025,2025-07-22,"Sophia Gardens, Cardiff",2,28.3,28.3,Glamorgan,Kent,CA Ingram,BI Kellaway,JDM Evison,0,0,,,,,,,,,,,,,
1461930,2025,2025-07-22,"Sophia Gardens, Cardiff",2,28.4,28.4,Glamorgan,Kent,CA Ingram,BI Kellaway,JDM Evison,0,0,,,,,,,,,,,,,
1461930,2025,2025-07-22,"Sophia Gardens, Cardiff",2,28.5,28.5,Glamorgan,Kent,CA Ingram,BI Kellaway,JDM Evison,1,0,,,,,,,,,,,,,
1461930,2025,2025-07-22,"Sophia Gardens, Cardiff",2,28.6,28.6,Glamorgan,Kent,BI Kellaway,CA Ingram,JDM Evison,0,0,,,,,,,,,,,,,
1461930,2025,2025-07-22,"Sophia Gardens, Cardiff",2,29.1,29.1,Glamorgan,Kent,CA Ingram,BI Kellaway,WA Agar,1,0,,,,,,,,,,,,,
1461930,2025,2025-07-22,"Sophia Gardens, Cardiff",2,29.2,29.2,Glamorgan,Kent,BI Kellaway,CA Ingram,WA Agar,0,0,,,,,,,,,,,,,
1461930,2025,2025-07-22,"Sophia Gardens, Cardiff",2,29.3,29.3,Glamorgan,Kent,BI Kellaway,CA Ingram,WA Agar,0,0,,,,,,,,,,,,,
1461930,2025,2025-07-22,"Sophia Gardens, Cardiff",2,29.4,29.4,Glamorgan,Kent,BI Kellaway,CA Ingram,WA Agar,0,0,,,,,,,,,,,,,
1461930,2025,2025-07-22,"Sophia Gardens, Cardiff",2,29.5,29.5,Glamorgan,Kent,BI Kellaway,CA Ingram,WA Agar,1,0,,,,,,,,,,,,,
1461930,2025,2025-07-22,"Sophia Gardens, Cardiff",2,29.6,29.6,Glamorgan,Kent,CA Ingram,BI Kellaway,WA Agar,0,0,,,,,,,,,,,,,
1461930,2025,2025-07-22,"Sophia Gardens, Cardiff",2,30.1,30.1,Glamorgan,Kent,BI Kellaway,CA Ingram,G Stewart,0,0,,,,,,,,,,,,,
1461930,2025,2025-07-22,"Sophia Gardens, Cardiff",2,30.2,30.2,Glamorgan,Kent,BI Kellaway,CA Ingram,G Stewart,0,0,,,,,,,,,,,,,
1461930,2025,2025-07-22,"Sophia Gardens, Cardiff",2,30.3,30.3,Glamorgan,Kent,BI Kellaway,CA Ingram,G Stewart,0,0,,,,,,,,,,,,,
1461930,2025,2025-07-22,"Sophia Gardens, Cardiff",2,30.4,30.4,Glamorgan,Kent,BI Kellaway,CA Ingram,G Stewart,0,0,,,,,,,,,,,,,
1461930,2025,2025-07-22,"Sophia Gardens, Cardiff",2,30.5,30.5,Glamorgan,Kent,BI Kellaway,CA Ingram,G Stewart,1,0,,,,,,,,,,,,,
1461930,2025,2025-07-22,"Sophia Gardens, Cardiff",2,30.6,30.6,Glamorgan,Kent,CA Ingram,BI Kellaway,G Stewart,0,0,,,,,,,,,,,,,
1461930,2025,2025-07-22,"Sophia Gardens, Cardiff",2,31.1,31.1,Glamorgan,Kent,BI Kellaway,CA Ingram,MW Parkinson,1,0,,,,,,,,,,,,,
1461930,2025,2025-07-22,"Sophia Gardens, Cardiff",2,31.2,31.2,Glamorgan,Kent,CA Ingram,BI Kellaway,MW Parkinson,0,0,,,,,,,,,,,,,
1461930,2025,2025-07-22,"Sophia Gardens, Cardiff",2,31.3,31.3,Glamorgan,Kent,CA Ingram,BI Kellaway,MW Parkinson,0,0,,,,,,,,,,,,,
1461930,2025,2025-07-22,"Sophia Gardens, Cardiff",2,31.4,31.4,Glamorgan,Kent,CA Ingram,BI Kellaway,MW Parkinson,0,0,,,,,,,,,,,,,
1461930,2025,2025-07-22,"Sophia Gardens, Cardiff",2,31.5,31.5,Glamorgan,Kent,CA Ingram,BI Kellaway,MW Parkinson,0,0,,,,,,,,,,,,,
1461930,2025,2025-07-22,"Sophia Gardens, Cardiff",2,31.6,31.6,Glamorgan,Kent,CA Ingram,BI Kellaway,MW Parkinson,0,0,,,,,,,,,,,,,
1461930,2025,2025-07-22,"Sophia Gardens, Cardiff",2,32.1,32.1,Glamorgan,Kent,BI Kellaway,CA Ingram,G Stewart,0,0,,,,,,,,,,,,,
1461930,2025,2025-07-22,"Sophia Gardens, Cardiff",2,32.2,32.2,Glamorgan,Kent,BI Kellaway,CA Ingram,G Stewart,0,0,,,,,,,,,,,,,
1461930,2025,2025-07-22,"Sophia Gardens, Cardiff",2,32.3,32.3,Glamorgan,Kent,BI Kellaway,CA Ingram,G Stewart,0,0,,,,,,,,,,,,,
1461930,2025,2025-07-22,"Sophia Gardens, Cardiff",2,32.4,32.4,Glamorgan,Kent,BI Kellaway,CA Ingram,G Stewart,0,0,,,,,,,,,,,,,
1461930,2025,2025-07-22,"Sophia Gardens, Cardiff",2,32.5,32.5,Glamorgan,Kent,BI Kellaway,CA Ingram,G Stewart,0,0,,,,,,,,,,,,,
1461930,2025,2025-07-22,"Sophia Gardens, Cardiff",2,32.6,32.6,Glamorgan,Kent,BI Kellaway,CA Ingram,G Stewart,0,0,,,,,,,,,,,,,
1461930,2025,2025-07-22,"Sophia Gardens, Cardiff",2,33.1,33.1,Glamorgan,Kent,CA Ingram,BI Kellaway,MW Parkinson,0,0,,,,,,,,,,,,,
1461930,2025,2025-07-22,"Sophia Gardens, Cardiff",2,33.2,33.2,Glamorgan,Kent,CA Ingram,BI Kellaway,MW Parkinson,0,0,,,,,,,,,,,,,
1461930,2025,2025-07-22,"Sophia Gardens, Cardiff",2,33.3,33.3,Glamorgan,Kent,CA Ingram,BI Kellaway,MW Parkinson,0,0,,,,,,,,,,,,,
1461930,2025,2025-07-22,"Sophia Gardens, Cardiff",2,33.4,33.4,Glamorgan,Kent,CA Ingram,BI Kellaway,MW Parkinson,1,0,,,,,,,,,,,,,
1461930,2025,2025-07-22,"Sophia Gardens, Cardiff",2,33.5,33.5,Glamorgan,Kent,BI Kellaway,CA Ingram,MW Parkinson,0,0,,,,,,,,,,,,,
1461930,2025,2025-07-22,"Sophia Gardens, Cardiff",2,33.6,33.6,Glamorgan,Kent,BI Kellaway,CA Ingram,MW Parkinson,0,0,,,,,,,,,,,,,
1461930,2025,2025-07-22,"Sophia Gardens, Cardiff",2,34.1,34.1,Glamorgan,Kent,CA Ingram,BI Kellaway,G Stewart,0,0,,,,,,,,,,,,,
1461930,2025,2025-07-22,"Sophia Gardens, Cardiff",2,34.2,34.2,Glamorgan,Kent,CA Ingram,BI Kellaway,G Stewart,0,0,,,,,,,,,,,,,
1461930,2025,2025-07-22,"Sophia Gardens, Cardiff",2,34.3,34.3,Glamorgan,Kent,CA Ingram,BI Kellaway,G Stewart,0,0,,,,,,,,,,,,,
1461930,2025,2025-07-22,"Sophia Gardens, Cardiff",2,34.4,34.4,Glamorgan,Kent,CA Ingram,BI Kellaway,G Stewart,4,0,,,,,,,,,,,,,
1461930,2025,2025-07-22,"Sophia Gardens, Cardiff",2,34.5,34.5,Glamorgan,Kent,CA Ingram,BI Kellaway,G Stewart,1,0,,,,,,,,,,,,,
1461930,2025,2025-07-22,"Sophia Gardens, Cardiff",2,34.6,34.6,Glamorgan,Kent,BI Kellaway,CA Ingram,G Stewart,0,0,,,,,,,,,,,,,
1461930,2025,2025-07-22,"Sophia Gardens, Cardiff",2,35.1,35.1,Glamorgan,Kent,CA Ingram,BI Kellaway,MW Parkinson,1,0,,,,,,,,,,,,,
1461930,2025,2025-07-22,"Sophia Gardens, Cardiff",2,35.2,35.2,Glamorgan,Kent,BI Kellaway,CA Ingram,MW Parkinson,0,0,,,,,,,,,,,,,
1461930,2025,2025-07-22,"Sophia Gardens, Cardiff",2,35.3,35.3,Glamorgan,Kent,BI Kellaway,CA Ingram,MW Parkinson,0,2,,2,,,,,,,,,,,
1461930,2025,2025-07-22,"Sophia Gardens, Cardiff",2,35.4,35.3,Glamorgan,Kent,BI Kellaway,CA Ingram,MW Parkinson,1,0,,,,,,,,,,,,,
1461930,2025,2025-07-22,"Sophia Gardens, Cardiff",2,35.5,35.4,Glamorgan,Kent,CA Ingram,BI Kellaway,MW Parkinson,1,0,,,,,,,,,,,,,
1461930,2025,2025-07-22,"Sophia Gardens, Cardiff",2,35.6,35.5,Glamorgan,Kent,BI Kellaway,CA Ingram,MW Parkinson,0,0,,,,,,,,,,,,,
1461930,2025,2025-07-22,"Sophia Gardens, Cardiff",2,35.7,35.6,Glamorgan,Kent,BI Kellaway,CA Ingram,MW Parkinson,0,0,,,,,,,,,,,,,
1461930,2025,2025-07-22,"Sophia Gardens, Cardiff",2,36.1,36.1,Glamorgan,Kent,CA Ingram,BI Kellaway,MR Quinn,1,0,,,,,,,,,,,,,
1461930,2025,2025-07-22,"Sophia Gardens, Cardiff",2,36.2,36.2,Glamorgan,Kent,BI Kellaway,CA Ingram,MR Quinn,4,0,,,,,,,,,,,,,
1461930,2025,2025-07-22,"Sophia Gardens, Cardiff",2,36.3,36.3,Glamorgan,Kent,BI Kellaway,CA Ingram,MR Quinn,0,0,,,,,,,,,,,,,
1461930,2025,2025-07-22,"Sophia Gardens, Cardiff",2,36.4,36.4,Glamorgan,Kent,BI Kellaway,CA Ingram,MR Quinn,0,0,,,,,,,,,,,,,
1461930,2025,2025-07-22,"Sophia Gardens, Cardiff",2,36.5,36.5,Glamorgan,Kent,BI Kellaway,CA Ingram,MR Quinn,0,0,,,,,,,,,,,,,
1461930,2025,2025-07-22,"Sophia Gardens, Cardiff",2,36.6,36.6,Glamorgan,Kent,BI Kellaway,CA Ingram,MR Quinn,1,0,,,,,,,,,,,,,
1461930,2025,2025-07-22,"Sophia Gardens, Cardiff",2,37.1,37.1,Glamorgan,Kent,BI Kellaway,CA Ingram,MW Parkinson,2,0,,,,,,,,,,,,,
1461930,2025,2025-07-22,"Sophia Gardens, Cardiff",2,37.2,37.2,Glamorgan,Kent,BI Kellaway,CA Ingram,MW Parkinson,0,0,,,,,,,,,,,,,
1461930,2025,2025-07-22,"Sophia Gardens, Cardiff",2,37.3,37.3,Glamorgan,Kent,BI Kellaway,CA Ingram,MW Parkinson,1,0,,,,,,,,,,,,,
1461930,2025,2025-07-22,"Sophia Gardens, Cardiff",2,37.4,37.4,Glamorgan,Kent,CA Ingram,BI Kellaway,MW Parkinson,4,0,,,,,,,,,,,,,
1461930,2025,2025-07-22,"Sophia Gardens, Cardiff",2,37.5,37.5,Glamorgan,Kent,CA Ingram,BI Kellaway,MW Parkinson,0,0,,,,,,,,,,,,,
1461930,2025,2025-07-22,"Sophia Gardens, Cardiff",2,37.6,37.6,Glamorgan,Kent,CA Ingram,BI Kellaway,MW Parkinson,0,0,,,,,,,,,,,,,
1461930,2025,2025-07-22,"Sophia Gardens, Cardiff",2,38.1,38.1,Glamorgan,Kent,BI Kellaway,CA Ingram,MR Quinn,0,0,,,,,,,,,,,,,
1461930,2025,2025-07-22,"Sophia Gardens, Cardiff",2,38.2,38.2,Glamorgan,Kent,BI Kellaway,CA Ingram,MR Quinn,0,0,,,,,,,,,,,,,
1461930,2025,2025-07-22,"Sophia Gardens, Cardiff",2,38.3,38.3,Glamorgan,Kent,BI Kellaway,CA Ingram,MR Quinn,0,0,,,,,,,,,,,,,
1461930,2025,2025-07-22,"Sophia Gardens, Cardiff",2,38.4,38.4,Glamorgan,Kent,BI Kellaway,CA Ingram,MR Quinn,0,0,,,,,,,,,,,,,
1461930,2025,2025-07-22,"Sophia Gardens, Cardiff",2,38.5,38.5,Glamorgan,Kent,BI Kellaway,CA Ingram,MR Quinn,0,0,,,,,,,,,,,,,
1461930,2025,2025-07-22,"Sophia Gardens, Cardiff",2,38.6,38.6,Glamorgan,Kent,BI Kellaway,CA Ingram,MR Quinn,2,0,,,,,,,,,,,,,
1461930,2025,2025-07-22,"Sophia Gardens, Cardiff",2,39.1,39.1,Glamorgan,Kent,CA Ingram,BI Kellaway,MW Parkinson,0,0,,,,,,,,,,,,,
1461930,2025,2025-07-22,"Sophia Gardens, Cardiff",2,39.2,39.2,Glamorgan,Kent,CA Ingram,BI Kellaway,MW Parkinson,0,0,,,,,,,,,,,,,
1461930,2025,2025-07-22,"Sophia Gardens, Cardiff",2,39.3,39.3,Glamorgan,Kent,CA Ingram,BI Kellaway,MW Parkinson,0,0,,,,,,,,,,,,,
1461930,2025,2025-07-22,"Sophia Gardens, Cardiff",2,39.4,39.4,Glamorgan,Kent,CA Ingram,BI Kellaway,MW Parkinson,0,0,,,,,,,,,,,,,
1461930,2025,2025-07-22,"Sophia Gardens, Cardiff",2,39.5,39.5,Glamorgan,Kent,CA Ingram,BI Kellaway,MW Parkinson,1,0,,,,,,,,,,,,,
1461930,2025,2025-07-22,"Sophia Gardens, Cardiff",2,39.6,39.6,Glamorgan,Kent,BI Kellaway,CA Ingram,MW Parkinson,0,0,,,,,,,,,,,,,
1461930,2025,2025-07-22,"Sophia Gardens, Cardiff",2,40.1,40.1,Glamorgan,Kent,CA Ingram,BI Kellaway,MR Quinn,0,0,,,,,,,,,,,,,
1461930,2025,2025-07-22,"Sophia Gardens, Cardiff",2,40.2,40.2,Glamorgan,Kent,CA Ingram,BI Kellaway,MR Quinn,0,0,,,,,,,,,,,,,
1461930,2025,2025-07-22,"Sophia Gardens, Cardiff",2,40.3,40.3,Glamorgan,Kent,CA Ingram,BI Kellaway,MR Quinn,1,0,,,,,,,,,,,,,
1461930,2025,2025-07-22,"Sophia Gardens, Cardiff",2,40.4,40.4,Glamorgan,Kent,BI Kellaway,CA Ingram,MR Quinn,1,0,,,,,,,,,,,,,
1461930,2025,2025-07-22,"Sophia Gardens, Cardiff",2,40.5,40.5,Glamorgan,Kent,CA Ingram,BI Kellaway,MR Quinn,0,0,,,,,,,,,,,,,
1461930,2025,2025-07-22,"Sophia Gardens, Cardiff",2,40.6,40.6,Glamorgan,Kent,CA Ingram,BI Kellaway,MR Quinn,1,0,,,,,,,,,,,,,
1461930,2025,2025-07-22,"Sophia Gardens, Cardiff",2,41.1,41.1,Glamorgan,Kent,CA Ingram,BI Kellaway,MW Parkinson,0,0,,,,,,,,,,,,,
1461930,2025,2025-07-22,"Sophia Gardens, Cardiff",2,41.2,41.2,Glamorgan,Kent,CA Ingram,BI Kellaway,MW Parkinson,1,0,,,,,,,,,,,,,
1461930,2025,2025-07-22,"Sophia Gardens, Cardiff",2,41.3,41.3,Glamorgan,Kent,BI Kellaway,CA Ingram,MW Parkinson,1,0,,,,,,,,,,,,,
1461930,2025,2025-07-22,"Sophia Gardens, Cardiff",2,41.4,41.4,Glamorgan,Kent,CA Ingram,BI Kellaway,MW Parkinson,0,0,,,,,,,,,,,,,
1461930,2025,2025-07-22,"Sophia Gardens, Cardiff",2,41.5,41.5,Glamorgan,Kent,CA Ingram,BI Kellaway,MW Parkinson,1,0,,,,,,,,,,,,,
1461930,2025,2025-07-22,"Sophia Gardens, Cardiff",2,41.6,41.6,Glamorgan,Kent,BI Kellaway,CA Ingram,MW Parkinson,0,0,,,,,,,,,,,,,
1461930,2025,2025-07-22,"Sophia Gardens, Cardiff",2,42.1,42.1,Glamorgan,Kent,CA Ingram,BI Kellaway,MR Quinn,0,0,,,,,,,,,,,,,
1461930,2025,2025-07-22,"Sophia Gardens, Cardiff",2,42.2,42.2,Glamorgan,Kent,CA Ingram,BI Kellaway,MR Quinn,0,0,,,,,,,,,,,,,
1461930,2025,2025-07-22,"Sophia Gardens, Cardiff",2,42.3,42.3,Glamorgan,Kent,CA Ingram,BI Kellaway,MR Quinn,1,0,,,,,,,,,,,,,
1461930,2025,2025-07-22,"Sophia Gardens, Cardiff",2,42.4,42.4,Glamorgan,Kent,BI Kellaway,CA Ingram,MR Quinn,0,0,,,,,,,,,,,,,
1461930,2025,2025-07-22,"Sophia Gardens, Cardiff",2,42.5,42.5,Glamorgan,Kent,BI Kellaway,CA Ingram,MR Quinn,0,0,,,,,,,,,,,,,
1461930,2025,2025-07-22,"Sophia Gardens, Cardiff",2,42.6,42.6,Glamorgan,Kent,BI Kellaway,CA Ingram,MR Quinn,0,0,,,,,,,,,,,,,
1461930,2025,2025-07-22,"Sophia Gardens, Cardiff",2,43.1,43.1,Glamorgan,Kent,CA Ingram,BI Kellaway,MW Parkinson,0,0,,,,,,,,,,,,,
1461930,2025,2025-07-22,"Sophia Gardens, Cardiff",2,43.2,43.2,Glamorgan,Kent,CA Ingram,BI Kellaway,MW Parkinson,0,0,,,,,,,,,,,,,
1461930,2025,2025-07-22,"Sophia Gardens, Cardiff",2,43.3,43.3,Glamorgan,Kent,CA Ingram,BI Kellaway,MW Parkinson,1,0,,,,,,,,,,,,,
1461930,2025,2025-07-22,"Sophia Gardens, Cardiff",2,43.4,43.4,Glamorgan,Kent,BI Kellaway,CA Ingram,MW Parkinson,0,0,,,,,,,,,,,,,
1461930,2025,2025-07-22,"Sophia Gardens, Cardiff",2,43.5,43.5,Glamorgan,Kent,BI Kellaway,CA Ingram,MW Parkinson,0,0,,,,,,,,,,,,,
1461930,2025,2025-07-22,"Sophia Gardens, Cardiff",2,43.6,43.6,Glamorgan,Kent,BI Kellaway,CA Ingram,MW Parkinson,0,0,,,,,,,,,,,,,
1461930,2025,2025-07-22,"Sophia Gardens, Cardiff",2,44.1,44.1,Glamorgan,Kent,CA Ingram,BI Kellaway,MR Quinn,4,0,,,,,,,,,,,,,
1461930,2025,2025-07-22,"Sophia Gardens, Cardiff",2,44.2,44.2,Glamorgan,Kent,CA Ingram,BI Kellaway,MR Quinn,0,0,,,,,,,,,,,,,
1461930,2025,2025-07-22,"Sophia Gardens, Cardiff",2,44.3,44.3,Glamorgan,Kent,CA Ingram,BI Kellaway,MR Quinn,0,0,,,,,,,,,,,,,
1461930,2025,2025-07-22,"Sophia Gardens, Cardiff",2,44.4,44.4,Glamorgan,Kent,CA Ingram,BI Kellaway,MR Quinn,0,0,,,,,,,,,,,,,
1461930,2025,2025-07-22,"Sophia Gardens, Cardiff",2,44.5,44.5,Glamorgan,Kent,CA Ingram,BI Kellaway,MR Quinn,0,0,,,,,,,,,,,,,
1461930,2025,2025-07-22,"Sophia Gardens, Cardiff",2,44.6,44.6,Glamorgan,Kent,CA Ingram,BI Kellaway,MR Quinn,0,0,,,,,,,,,,,,,
1461930,2025,2025-07-22,"Sophia Gardens, Cardiff",2,45.1,45.1,Glamorgan,Kent,BI Kellaway,CA Ingram,MW Parkinson,0,0,,,,,,,,,,,,,
1461930,2025,2025-07-22,"Sophia Gardens, Cardiff",2,45.2,45.2,Glamorgan,Kent,BI Kellaway,CA Ingram,MW Parkinson,0,0,,,,,,,,,,,,,
1461930,2025,2025-07-22,"Sophia Gardens, Cardiff",2,45.3,45.3,Glamorgan,Kent,BI Kellaway,CA Ingram,MW Parkinson,0,0,,,,,,,,,,,,,
1461930,2025,2025-07-22,"Sophia Gardens, Cardiff",2,45.4,45.4,Glamorgan,Kent,BI Kellaway,CA Ingram,MW Parkinson,0,0,,,,,,,,,,,,,
1461930,2025,2025-07-22,"Sophia Gardens, Cardiff",2,45.5,45.5,Glamorgan,Kent,BI Kellaway,CA Ingram,MW Parkinson,4,0,,,,,,,,,,,,,
1461930,2025,2025-07-22,"Sophia Gardens, Cardiff",2,45.6,45.6,Glamorgan,Kent,BI Kellaway,CA Ingram,MW Parkinson,1,0,,,,,,,,,,,,,
1461930,2025,2025-07-22,"Sophia Gardens, Cardiff",2,46.1,46.1,Glamorgan,Kent,BI Kellaway,CA Ingram,MR Quinn,1,0,,,,,,,,,,,,,
1461930,2025,2025-07-22,"Sophia Gardens, Cardiff",2,46.2,46.2,Glamorgan,Kent,CA Ingram,BI Kellaway,MR Quinn,0,0,,,,,,,,,,,,,
1461930,2025,2025-07-22,"Sophia Gardens, Cardiff",2,46.3,46.3,Glamorgan,Kent,CA Ingram,BI Kellaway,MR Quinn,1,0,,,,,,,,,,,,,
1461930,2025,2025-07-22,"Sophia Gardens, Cardiff",2,46.4,46.4,Glamorgan,Kent,BI Kellaway,CA Ingram,MR Quinn,0,0,,,,,,,,,,,,,
1461930,2025,2025-07-22,"Sophia Gardens, Cardiff",2,46.5,46.5,Glamorgan,Kent,BI Kellaway,CA Ingram,MR Quinn,1,0,,,,,,,,,,,,,
1461930,2025,2025-07-22,"Sophia Gardens, Cardiff",2,46.6,46.6,Glamorgan,Kent,CA Ingram,BI Kellaway,MR Quinn,0,0,,,,,,,,,,,,,
1461930,2025,2025-07-22,"Sophia Gardens, Cardiff",2,47.1,47.1,Glamorgan,Kent,BI Kellaway,CA Ingram,MW Parkinson,4,0,,,,,,,,,,,,,
1461930,2025,2025-07-22,"Sophia Gardens, Cardiff",2,47.2,47.2,Glamorgan,Kent,BI Kellaway,CA Ingram,MW Parkinson,0,0,,,,,,,,,,,,,
1461930,2025,2025-07-22,"Sophia Gardens, Cardiff",2,47.3,47.3,Glamorgan,Kent,BI Kellaway,CA Ingram,MW Parkinson,1,0,,,,,,,,,,,,,
1461930,2025,2025-07-22,"Sophia Gardens, Cardiff",2,47.4,47.4,Glamorgan,Kent,CA Ingram,BI Kellaway,MW Parkinson,1,0,,,,,,,,,,,,,
1461930,2025,2025-07-22,"Sophia Gardens, Cardiff",2,47.5,47.5,Glamorgan,Kent,BI Kellaway,CA Ingram,MW Parkinson,0,0,,,,,,,,,,,,,
1461930,2025,2025-07-22,"Sophia Gardens, Cardiff",2,47.6,47.6,Glamorgan,Kent,BI Kellaway,CA Ingram,MW Parkinson,0,0,,,,,,,,,,,,,
1461930,2025,2025-07-22,"Sophia Gardens, Cardiff",2,48.1,48.1,Glamorgan,Kent,CA Ingram,BI Kellaway,MR Quinn,1,0,,,,,,,,,,,,,
1461930,2025,2025-07-22,"Sophia Gardens, Cardiff",2,48.2,48.2,Glamorgan,Kent,BI Kellaway,CA Ingram,MR Quinn,0,0,,,,,,,,,,,,,
1461930,2025,2025-07-22,"Sophia Gardens, Cardiff",2,48.3,48.3,Glamorgan,Kent,BI Kellaway,CA Ingram,MR Quinn,0,0,,,,,,,,,,,,,
1461930,2025,2025-07-22,"Sophia Gardens, Cardiff",2,48.4,48.4,Glamorgan,Kent,BI Kellaway,CA Ingram,MR Quinn,4,0,,,,,,,,,,,,,
1461930,2025,2025-07-22,"Sophia Gardens, Cardiff",2,48.5,48.5,Glamorgan,Kent,BI Kellaway,CA Ingram,MR Quinn,1,0,,,,,,,,,,,,,
1461930,2025,2025-07-22,"Sophia Gardens, Cardiff",2,48.6,48.6,Glamorgan,Kent,CA Ingram,BI Kellaway,MR Quinn,1,2,,2,,,,,,,,,,,
1461930,2025,2025-07-22,"Sophia Gardens, Cardiff",2,48.7,48.6,Glamorgan,Kent,BI Kellaway,CA Ingram,MR Quinn,0,0,,,,,,,,,,,,,
1461930,2025,2025-07-22,"Sophia Gardens, Cardiff",2,49.1,49.1,Glamorgan,Kent,CA Ingram,BI Kellaway,MW Parkinson,1,0,,,,,,,,,,,,,
1461930,2025,2025-07-22,"Sophia Gardens, Cardiff",2,49.2,49.2,Glamorgan,Kent,BI Kellaway,CA Ingram,MW Parkinson,1,0,,,,,,,,,,,,,
1461930,2025,2025-07-22,"Sophia Gardens, Cardiff",2,49.3,49.3,Glamorgan,Kent,CA Ingram,BI Kellaway,MW Parkinson,0,0,,,,,,,,,,,,,
1461930,2025,2025-07-22,"Sophia Gardens, Cardiff",2,49.4,49.4,Glamorgan,Kent,CA Ingram,BI Kellaway,MW Parkinson,0,0,,,,,,,,,,,,,
1461930,2025,2025-07-22,"Sophia Gardens, Cardiff",2,49.5,49.5,Glamorgan,Kent,CA Ingram,BI Kellaway,MW Parkinson,2,0,,,,,,,,,,,,,
1461930,2025,2025-07-22,"Sophia Gardens, Cardiff",2,49.6,49.6,Glamorgan,Kent,CA Ingram,BI Kellaway,MW Parkinson,1,0,,,,,,,,,,,,,
1461930,2025,2025-07-22,"Sophia Gardens, Cardiff",2,50.1,50.1,Glamorgan,Kent,CA Ingram,BI Kellaway,G Stewart,1,0,,,,,,,,,,,,,
1461930,2025,2025-07-22,"Sophia Gardens, Cardiff",2,50.2,50.2,Glamorgan,Kent,BI Kellaway,CA Ingram,G Stewart,2,0,,,,,,,,,,,,,
1461930,2025,2025-07-22,"Sophia Gardens, Cardiff",2,50.3,50.3,Glamorgan,Kent,BI Kellaway,CA Ingram,G Stewart,0,0,,,,,,,,,,,,,
1461930,2025,2025-07-22,"Sophia Gardens, Cardiff",2,50.4,50.4,Glamorgan,Kent,BI Kellaway,CA Ingram,G Stewart,0,0,,,,,,,,,,,,,
1461930,2025,2025-07-22,"Sophia Gardens, Cardiff",2,50.5,50.5,Glamorgan,Kent,BI Kellaway,CA Ingram,G Stewart,0,0,,,,,,,,,,,,,
1461930,2025,2025-07-22,"Sophia Gardens, Cardiff",2,50.6,50.6,Glamorgan,Kent,BI Kellaway,CA Ingram,G Stewart,1,0,,,,,,,,,,,,,
1461930,2025,2025-07-22,"Sophia Gardens, Cardiff",2,51.1,51.1,Glamorgan,Kent,BI Kellaway,CA Ingram,MW Parkinson,1,0,,,,,,,,,,,,,
1461930,2025,2025-07-22,"Sophia Gardens, Cardiff",2,51.2,51.2,Glamorgan,Kent,CA Ingram,BI Kellaway,MW Parkinson,1,0,,,,,,,,,,,,,
1461930,2025,2025-07-22,"Sophia Gardens, Cardiff",2,51.3,51.3,Glamorgan,Kent,BI Kellaway,CA Ingram,MW Parkinson,0,0,,,,,,,,,,,,,
1461930,2025,2025-07-22,"Sophia Gardens, Cardiff",2,51.4,51.4,Glamorgan,Kent,BI Kellaway,CA Ingram,MW Parkinson,0,0,,,,,,,,,,,,,
1461930,2025,2025-07-22,"Sophia Gardens, Cardiff",2,51.5,51.5,Glamorgan,Kent,BI Kellaway,CA Ingram,MW Parkinson,1,0,,,,,,,,,,,,,
1461930,2025,2025-07-22,"Sophia Gardens, Cardiff",2,51.6,51.6,Glamorgan,Kent,CA Ingram,BI Kellaway,MW Parkinson,0,2,,2,,,,,,,,,,,
1461930,2025,2025-07-22,"Sophia Gardens, Cardiff",2,51.7,51.6,Glamorgan,Kent,CA Ingram,BI Kellaway,MW Parkinson,0,0,,,,,,,,,,,,,
1461930,2025,2025-07-22,"Sophia Gardens, Cardiff",2,52.1,52.1,Glamorgan,Kent,BI Kellaway,CA Ingram,G Stewart,0,0,,,,,,,,,,,,,
1461930,2025,2025-07-22,"Sophia Gardens, Cardiff",2,52.2,52.2,Glamorgan,Kent,BI Kellaway,CA Ingram,G Stewart,0,0,,,,,,,,,,,,,
1461930,2025,2025-07-22,"Sophia Gardens, Cardiff",2,52.3,52.3,Glamorgan,Kent,BI Kellaway,CA Ingram,G Stewart,1,0,,,,,,,,,,,,,
1461930,2025,2025-07-22,"Sophia Gardens, Cardiff",2,52.4,52.4,Glamorgan,Kent,CA Ingram,BI Kellaway,G Stewart,0,0,,,,,,,,,,,,,
1461930,2025,2025-07-22,"Sophia Gardens, Cardiff",2,52.5,52.5,Glamorgan,Kent,CA Ingram,BI Kellaway,G Stewart,0,0,,,,,,,,,,,,,
1461930,2025,2025-07-22,"Sophia Gardens, Cardiff",2,52.6,52.6,Glamorgan,Kent,CA Ingram,BI Kellaway,G Stewart,0,0,,,,,,,,,,,,,
1461930,2025,2025-07-22,"Sophia Gardens, Cardiff",2,53.1,53.1,Glamorgan,Kent,BI Kellaway,CA Ingram,WA Agar,0,0,,,,,,,,,,,,,
1461930,2025,2025-07-22,"Sophia Gardens, Cardiff",2,53.2,53.2,Glamorgan,Kent,BI Kellaway,CA Ingram,WA Agar,0,0,,,,,,,,,,,,,
1461930,2025,2025-07-22,"Sophia Gardens, Cardiff",2,53.3,53.3,Glamorgan,Kent,BI Kellaway,CA Ingram,WA Agar,0,0,,,,,,,,,,,,,
1461930,2025,2025-07-22,"Sophia Gardens, Cardiff",2,53.4,53.4,Glamorgan,Kent,BI Kellaway,CA Ingram,WA Agar,1,0,,,,,,,,,,,,,
1461930,2025,2025-07-22,"Sophia Gardens, Cardiff",2,53.5,53.5,Glamorgan,Kent,CA Ingram,BI Kellaway,WA Agar,4,0,,,,,,,,,,,,,
1461930,2025,2025-07-22,"Sophia Gardens, Cardiff",2,53.6,53.6,Glamorgan,Kent,CA Ingram,BI Kellaway,WA Agar,0,0,,,,,,,,,,,,,
1461930,2025,2025-07-22,"Sophia Gardens, Cardiff",2,54.1,54.1,Glamorgan,Kent,BI Kellaway,CA Ingram,G Stewart,0,0,,,,,,,,,,,,,
1461930,2025,2025-07-22,"Sophia Gardens, Cardiff",2,54.2,54.2,Glamorgan,Kent,BI Kellaway,CA Ingram,G Stewart,0,0,,,,,,,,,,,,,
1461930,2025,2025-07-22,"Sophia Gardens, Cardiff",2,54.3,54.3,Glamorgan,Kent,BI Kellaway,CA Ingram,G Stewart,0,0,,,,,,,,,,,,,
1461930,2025,2025-07-22,"Sophia Gardens, Cardiff",2,54.4,54.4,Glamorgan,Kent,BI Kellaway,CA Ingram,G Stewart,1,0,,,,,,,,,,,,,
1461930,2025,2025-07-22,"Sophia Gardens, Cardiff",2,54.5,54.5,Glamorgan,Kent,CA Ingram,BI Kellaway,G Stewart,0,0,,,,,,,,,,,,,
1461930,2025,2025-07-22,"Sophia Gardens, Cardiff",2,54.6,54.6,Glamorgan,Kent,CA Ingram,BI Kellaway,G Stewart,0,0,,,,,,,,,,,,,
1461930,2025,2025-07-22,"Sophia Gardens, Cardiff",2,55.1,55.1,Glamorgan,Kent,BI Kellaway,CA Ingram,WA Agar,4,0,,,,,,,,,,,,,
1461930,2025,2025-07-22,"Sophia Gardens, Cardiff",2,55.2,55.2,Glamorgan,Kent,BI Kellaway,CA Ingram,WA Agar,1,0,,,,,,,,,,,,,
1461930,2025,2025-07-22,"Sophia Gardens, Cardiff",2,55.3,55.3,Glamorgan,Kent,CA Ingram,BI Kellaway,WA Agar,0,0,,,,,,,,,,,,,
1461930,2025,2025-07-22,"Sophia Gardens, Cardiff",2,55.4,55.4,Glamorgan,Kent,CA Ingram,BI Kellaway,WA Agar,2,0,,,,,,,,,,,,,
1461930,2025,2025-07-22,"Sophia Gardens, Cardiff",2,55.5,55.5,Glamorgan,Kent,CA Ingram,BI Kellaway,WA Agar,0,0,,,,,,,,,,,,,
1461930,2025,2025-07-22,"Sophia Gardens, Cardiff",2,55.6,55.6,Glamorgan,Kent,CA Ingram,BI Kellaway,WA Agar,0,0,,,,,,,,,,,,,
1461930,2025,2025-07-22,"Sophia Gardens, Cardiff",2,56.1,56.1,Glamorgan,Kent,BI Kellaway,CA Ingram,G Stewart,0,0,,,,,,,,,,,,,
1461930,2025,2025-07-22,"Sophia Gardens, Cardiff",2,56.2,56.2,Glamorgan,Kent,BI Kellaway,CA Ingram,G Stewart,0,0,,,,,,,,,,,,,
1461930,2025,2025-07-22,"Sophia Gardens, Cardiff",2,56.3,56.3,Glamorgan,Kent,BI Kellaway,CA Ingram,G Stewart,1,0,,,,,,,,,,,,,
1461930,2025,2025-07-22,"Sophia Gardens, Cardiff",2,56.4,56.4,Glamorgan,Kent,CA Ingram,BI Kellaway,G Stewart,0,0,,,,,,,,,,,,,
1461930,2025,2025-07-22,"Sophia Gardens, Cardiff",2,56.5,56.5,Glamorgan,Kent,CA Ingram,BI Kellaway,G Stewart,0,0,,,,,,,,,,,,,
1461930,2025,2025-07-22,"Sophia Gardens, Cardiff",2,56.6,56.6,Glamorgan,Kent,CA Ingram,BI Kellaway,G Stewart,0,0,,,,,,,,,,,,,
1461930,2025,2025-07-22,"Sophia Gardens, Cardiff",2,57.1,57.1,Glamorgan,Kent,BI Kellaway,CA Ingram,WA Agar,0,0,,,,,,,,,,,,,
1461930,2025,2025-07-22,"Sophia Gardens, Cardiff",2,57.2,57.2,Glamorgan,Kent,BI Kellaway,CA Ingram,WA Agar,1,0,,,,,,,,,,,,,
1461930,2025,2025-07-22,"Sophia Gardens, Cardiff",2,57.3,57.3,Glamorgan,Kent,CA Ingram,BI Kellaway,WA Agar,0,0,,,,,,,,,,,,,
1461930,2025,2025-07-22,"Sophia Gardens, Cardiff",2,57.4,57.4,Glamorgan,Kent,CA Ingram,BI Kellaway,WA Agar,1,0,,,,,,,,,,,,,
1461930,2025,2025-07-22,"Sophia Gardens, Cardiff",2,57.5,57.5,Glamorgan,Kent,BI Kellaway,CA Ingram,WA Agar,0,0,,,,,,,,,,,,,
1461930,2025,2025-07-22,"Sophia Gardens, Cardiff",2,57.6,57.6,Glamorgan,Kent,BI Kellaway,CA Ingram,WA Agar,0,0,,,,,,,,,,,,,
1461930,2025,2025-07-22,"Sophia Gardens, Cardiff",2,58.1,58.1,Glamorgan,Kent,CA Ingram,BI Kellaway,G Stewart,0,0,,,,,,,,,,,,,
1461930,2025,2025-07-22,"Sophia Gardens, Cardiff",2,58.2,58.2,Glamorgan,Kent,CA Ingram,BI Kellaway,G Stewart,0,0,,,,,,,,,,,,,
1461930,2025,2025-07-22,"Sophia Gardens, Cardiff",2,58.3,58.3,Glamorgan,Kent,CA Ingram,BI Kellaway,G Stewart,0,0,,,,,,,,,,,,,
1461930,2025,2025-07-22,"Sophia Gardens, Cardiff",2,58.4,58.4,Glamorgan,Kent,CA Ingram,BI Kellaway,G Stewart,0,0,,,,,,,,,,,,,
1461930,2025,2025-07-22,"Sophia Gardens, Cardiff",2,58.5,58.5,Glamorgan,Kent,CA Ingram,BI Kellaway,G Stewart,4,0,,,,,,,,,,,,,
1461930,2025,2025-07-22,"Sophia Gardens, Cardiff",2,58.6,58.6,Glamorgan,Kent,CA Ingram,BI Kellaway,G Stewart,1,0,,,,,,,,,,,,,
1461930,2025,2025-07-22,"Sophia Gardens, Cardiff",2,59.1,59.1,Glamorgan,Kent,CA Ingram,BI Kellaway,WA Agar,4,0,,,,,,,,,,,,,
1461930,2025,2025-07-22,"Sophia Gardens, Cardiff",2,59.2,59.2,Glamorgan,Kent,CA Ingram,BI Kellaway,WA Agar,1,0,,,,,,,,,,,,,
1461930,2025,2025-07-22,"Sophia Gardens, Cardiff",2,59.3,59.3,Glamorgan,Kent,BI Kellaway,CA Ingram,WA Agar,0,0,,,,,,,,,,,,,
1461930,2025,2025-07-22,"Sophia Gardens, Cardiff",2,59.4,59.4,Glamorgan,Kent,BI Kellaway,CA Ingram,WA Agar,4,0,,,,,,,,,,,,,
1461930,2025,2025-07-22,"Sophia Gardens, Cardiff",2,59.5,59.5,Glamorgan,Kent,BI Kellaway,CA Ingram,WA Agar,0,0,,,,,,,,,,,,,
1461930,2025,2025-07-22,"Sophia Gardens, Cardiff",2,59.6,59.6,Glamorgan,Kent,BI Kellaway,CA Ingram,WA Agar,1,0,,,,,,,,,,,,,
1461930,2025,2025-07-22,"Sophia Gardens, Cardiff",2,60.1,60.1,Glamorgan,Kent,BI Kellaway,CA Ingram,JDM Evison,0,0,,,,,,,,,,,,,
1461930,2025,2025-07-22,"Sophia Gardens, Cardiff",2,60.2,60.2,Glamorgan,Kent,BI Kellaway,CA Ingram,JDM Evison,0,0,,,,,,,,,,,,,
1461930,2025,2025-07-22,"Sophia Gardens, Cardiff",2,60.3,60.3,Glamorgan,Kent,BI Kellaway,CA Ingram,JDM Evison,0,0,,,,,,,,,,,,,
1461930,2025,2025-07-22,"Sophia Gardens, Cardiff",2,60.4,60.4,Glamorgan,Kent,BI Kellaway,CA Ingram,JDM Evison,1,0,,,,,,,,,,,,,
1461930,2025,2025-07-22,"Sophia Gardens, Cardiff",2,60.5,60.5,Glamorgan,Kent,CA Ingram,BI Kellaway,JDM Evison,0,0,,,,,,,,,,,,,
1461930,2025,2025-07-22,"Sophia Gardens, Cardiff",2,60.6,60.6,Glamorgan,Kent,CA Ingram,BI Kellaway,JDM Evison,1,0,,,,,,,,,,,,,
1461930,2025,2025-07-22,"Sophia Gardens, Cardiff",2,61.1,61.1,Glamorgan,Kent,CA Ingram,BI Kellaway,WA Agar,0,4,,,,4,,,,,,,,,
1461930,2025,2025-07-22,"Sophia Gardens, Cardiff",2,61.2,61.2,Glamorgan,Kent,CA Ingram,BI Kellaway,WA Agar,1,0,,,,,,,,,,,,,
1461930,2025,2025-07-22,"Sophia Gardens, Cardiff",2,61.3,61.3,Glamorgan,Kent,BI Kellaway,CA Ingram,WA Agar,0,0,,,,,,,,,,,,,
1461930,2025,2025-07-22,"Sophia Gardens, Cardiff",2,61.4,61.4,Glamorgan,Kent,BI Kellaway,CA Ingram,WA Agar,0,0,,,,,,,,,,,,,
1461930,2025,2025-07-22,"Sophia Gardens, Cardiff",2,61.5,61.5,Glamorgan,Kent,BI Kellaway,CA Ingram,WA Agar,0,0,,,,,,,,,,,,,
1461930,2025,2025-07-22,"Sophia Gardens, Cardiff",2,61.6,61.6,Glamorgan,Kent,BI Kellaway,CA Ingram,WA Agar,0,0,,,,,,,,,,,,,
1461930,2025,2025-07-22,"Sophia Gardens, Cardiff",2,62.1,62.1,Glamorgan,Kent,CA Ingram,BI Kellaway,JDM Evison,1,0,,,,,,,,,,,,,
1461930,2025,2025-07-22,"Sophia Gardens, Cardiff",2,62.2,62.2,Glamorgan,Kent,BI Kellaway,CA Ingram,JDM Evison,0,0,,,,,,,,,,,,,
1461930,2025,2025-07-22,"Sophia Gardens, Cardiff",2,62.3,62.3,Glamorgan,Kent,BI Kellaway,CA Ingram,JDM Evison,0,0,,,,,,,,,,,,,
1461930,2025,2025-07-22,"Sophia Gardens, Cardiff",2,62.4,62.4,Glamorgan,Kent,BI Kellaway,CA Ingram,JDM Evison,0,0,,,,,,,,,,,,,
1461930,2025,2025-07-22,"Sophia Gardens, Cardiff",2,62.5,62.5,Glamorgan,Kent,BI Kellaway,CA Ingram,JDM Evison,0,0,,,,,,,,,,,,,
1461930,2025,2025-07-22,"Sophia Gardens, Cardiff",2,62.6,62.6,Glamorgan,Kent,BI Kellaway,CA Ingram,JDM Evison,4,0,,,,,,,,,,,,,
1461930,2025,2025-07-22,"Sophia Gardens, Cardiff",2,63.1,63.1,Glamorgan,Kent,CA Ingram,BI Kellaway,MW Parkinson,2,0,,,,,,,,,,,,,
1461930,2025,2025-07-22,"Sophia Gardens, Cardiff",2,63.2,63.2,Glamorgan,Kent,CA Ingram,BI Kellaway,MW Parkinson,1,0,,,,,,,,,,,,,
1461930,2025,2025-07-22,"Sophia Gardens, Cardiff",2,63.3,63.3,Glamorgan,Kent,BI Kellaway,CA Ingram,MW Parkinson,0,0,,,,,,,,,,,,,
1461930,2025,2025-07-22,"Sophia Gardens, Cardiff",2,63.4,63.4,Glamorgan,Kent,BI Kellaway,CA Ingram,MW Parkinson,0,0,,,,,,,,,,,,,
1461930,2025,2025-07-22,"Sophia Gardens, Cardiff",2,63.5,63.5,Glamorgan,Kent,BI Kellaway,CA Ingram,MW Parkinson,1,0,,,,,,,,,,,,,
1461930,2025,2025-07-22,"Sophia Gardens, Cardiff",2,63.6,63.6,Glamorgan,Kent,CA Ingram,BI Kellaway,MW Parkinson,4,0,,,,,,,,,,,,,
1461930,2025,2025-07-22,"Sophia Gardens, Cardiff",2,64.1,64.1,Glamorgan,Kent,BI Kellaway,CA Ingram,JDM Evison,2,0,,,,,,,,,,,,,
1461930,2025,2025-07-22,"Sophia Gardens, Cardiff",2,64.2,64.2,Glamorgan,Kent,BI Kellaway,CA Ingram,JDM Evison,1,0,,,,,,,,,,,,,
1461930,2025,2025-07-22,"Sophia Gardens, Cardiff",2,64.3,64.3,Glamorgan,Kent,CA Ingram,BI Kellaway,JDM Evison,1,0,,,,,,,,,,,,,
1461930,2025,2025-07-22,"Sophia Gardens, Cardiff",2,64.4,64.4,Glamorgan,Kent,BI Kellaway,CA Ingram,JDM Evison,0,0,,,,,,,,,,,,,
1461930,2025,2025-07-22,"Sophia Gardens, Cardiff",2,64.5,64.5,Glamorgan,Kent,BI Kellaway,CA Ingram,JDM Evison,0,0,,,,,,,,,,,,,
1461930,2025,2025-07-22,"Sophia Gardens, Cardiff",2,64.6,64.6,Glamorgan,Kent,BI Kellaway,CA Ingram,JDM Evison,1,0,,,,,,,,,,,,,
1461930,2025,2025-07-22,"Sophia Gardens, Cardiff",2,65.1,65.1,Glamorgan,Kent,BI Kellaway,CA Ingram,MW Parkinson,1,0,,,,,,,,,,,,,
1461930,2025,2025-07-22,"Sophia Gardens, Cardiff",2,65.2,65.2,Glamorgan,Kent,CA Ingram,BI Kellaway,MW Parkinson,1,0,,,,,,,,,,,,,
1461930,2025,2025-07-22,"Sophia Gardens, Cardiff",2,65.3,65.3,Glamorgan,Kent,BI Kellaway,CA Ingram,MW Parkinson,1,0,,,,,,,,,,,,,
1461930,2025,2025-07-22,"Sophia Gardens, Cardiff",2,65.4,65.4,Glamorgan,Kent,CA Ingram,BI Kellaway,MW Parkinson,1,0,,,,,,,,,,,,,
1461930,2025,2025-07-22,"Sophia Gardens, Cardiff",2,65.5,65.5,Glamorgan,Kent,BI Kellaway,CA Ingram,MW Parkinson,0,0,,,,,,,,,,,,,
1461930,2025,2025-07-22,"Sophia Gardens, Cardiff",2,65.6,65.6,Glamorgan,Kent,BI Kellaway,CA Ingram,MW Parkinson,0,0,,,,,,,,,,,,,
1461930,2025,2025-07-22,"Sophia Gardens, Cardiff",2,66.1,66.1,Glamorgan,Kent,CA Ingram,BI Kellaway,JDM Evison,0,0,,,,,,,,,,,,,
1461930,2025,2025-07-22,"Sophia Gardens, Cardiff",2,66.2,66.2,Glamorgan,Kent,CA Ingram,BI Kellaway,JDM Evison,0,0,,,,,,,,,,,,,
1461930,2025,2025-07-22,"Sophia Gardens, Cardiff",2,66.3,66.3,Glamorgan,Kent,CA Ingram,BI Kellaway,JDM Evison,0,0,,,,,,,,,,,,,
1461930,2025,2025-07-22,"Sophia Gardens, Cardiff",2,66.4,66.4,Glamorgan,Kent,CA Ingram,BI Kellaway,JDM Evison,1,0,,,,,,,,,,,,,
1461930,2025,2025-07-22,"Sophia Gardens, Cardiff",2,66.5,66.5,Glamorgan,Kent,BI Kellaway,CA Ingram,JDM Evison,1,0,,,,,,,,,,,,,
1461930,2025,2025-07-22,"Sophia Gardens, Cardiff",2,66.6,66.6,Glamorgan,Kent,CA Ingram,BI Kellaway,JDM Evison,0,0,,,,,,,,,,,,,
1461930,2025,2025-07-22,"Sophia Gardens, Cardiff",2,67.1,67.1,Glamorgan,Kent,BI Kellaway,CA Ingram,MW Parkinson,0,0,,,,,,,,,,,,,
1461930,2025,2025-07-22,"Sophia Gardens, Cardiff",2,67.2,67.2,Glamorgan,Kent,BI Kellaway,CA Ingram,MW Parkinson,1,0,,,,,,,,,,,,,
1461930,2025,2025-07-22,"Sophia Gardens, Cardiff",2,67.3,67.3,Glamorgan,Kent,CA Ingram,BI Kellaway,MW Parkinson,4,0,,,,,,,,,,,,,
1461930,2025,2025-07-22,"Sophia Gardens, Cardiff",2,67.4,67.4,Glamorgan,Kent,CA Ingram,BI Kellaway,MW Parkinson,0,0,,,,,,,,,,,,,
1461930,2025,2025-07-22,"Sophia Gardens, Cardiff",2,67.5,67.5,Glamorgan,Kent,CA Ingram,BI Kellaway,MW Parkinson,1,0,,,,,,,,,,,,,
1461930,2025,2025-07-22,"Sophia Gardens, Cardiff",2,67.6,67.6,Glamorgan,Kent,BI Kellaway,CA Ingram,MW Parkinson,1,0,,,,,,,,,,,,,
1461930,2025,2025-07-22,"Sophia Gardens, Cardiff",2,68.1,68.1,Glamorgan,Kent,BI Kellaway,CA Ingram,JDM Evison,0,0,,,,,,,,,,,,,
1461930,2025,2025-07-22,"Sophia Gardens, Cardiff",2,68.2,68.2,Glamorgan,Kent,BI Kellaway,CA Ingram,JDM Evison,0,0,,,,,,,,,,,,,
1461930,2025,2025-07-22,"Sophia Gardens, Cardiff",2,68.3,68.3,Glamorgan,Kent,BI Kellaway,CA Ingram,JDM Evison,0,0,,,,,,,,,,,,,
1461930,2025,2025-07-22,"Sophia Gardens, Cardiff",2,68.4,68.4,Glamorgan,Kent,BI Kellaway,CA Ingram,JDM Evison,1,0,,,,,,,,,,,,,
1461930,2025,2025-07-22,"Sophia Gardens, Cardiff",2,68.5,68.5,Glamorgan,Kent,CA Ingram,BI Kellaway,JDM Evison,0,0,,,,,,,,,,,,,
1461930,2025,2025-07-22,"Sophia Gardens, Cardiff",2,68.6,68.6,Glamorgan,Kent,CA Ingram,BI Kellaway,JDM Evison,0,0,,,,,,,,,,,,,
1461930,2025,2025-07-22,"Sophia Gardens, Cardiff",2,69.1,69.1,Glamorgan,Kent,BI Kellaway,CA Ingram,JK Denly,0,0,,,,,,,,,,,,,
1461930,2025,2025-07-22,"Sophia Gardens, Cardiff",2,69.2,69.2,Glamorgan,Kent,BI Kellaway,CA Ingram,JK Denly,1,0,,,,,,,,,,,,,
1461930,2025,2025-07-22,"Sophia Gardens, Cardiff",2,69.3,69.3,Glamorgan,Kent,CA Ingram,BI Kellaway,JK Denly,0,0,,,,,,,,,,,,,
1461930,2025,2025-07-22,"Sophia Gardens, Cardiff",2,69.4,69.4,Glamorgan,Kent,CA Ingram,BI Kellaway,JK Denly,1,0,,,,,,,,,,,,,
1461930,2025,2025-07-22,"Sophia Gardens, Cardiff",2,69.5,69.5,Glamorgan,Kent,BI Kellaway,CA Ingram,JK Denly,1,0,,,,,,,,,,,,,
1461930,2025,2025-07-22,"Sophia Gardens, Cardiff",2,69.6,69.6,Glamorgan,Kent,CA Ingram,BI Kellaway,JK Denly,0,0,,,,,,,,,,,,,
1461930,2025,2025-07-22,"Sophia Gardens, Cardiff",2,70.1,70.1,Glamorgan,Kent,BI Kellaway,CA Ingram,JDM Evison,0,0,,,,,,,,,,,,,
1461930,2025,2025-07-22,"Sophia Gardens, Cardiff",2,70.2,70.2,Glamorgan,Kent,BI Kellaway,CA Ingram,JDM Evison,0,0,,,,,,,,,,,,,
1461930,2025,2025-07-22,"Sophia Gardens, Cardiff",2,70.3,70.3,Glamorgan,Kent,BI Kellaway,CA Ingram,JDM Evison,0,0,,,,,,,,,,,,,
1461930,2025,2025-07-22,"Sophia Gardens, Cardiff",2,70.4,70.4,Glamorgan,Kent,BI Kellaway,CA Ingram,JDM Evison,0,0,,,,,,,,,,,,,
1461930,2025,2025-07-22,"Sophia Gardens, Cardiff",2,70.5,70.5,Glamorgan,Kent,BI Kellaway,CA Ingram,JDM Evison,0,0,,,,,,,,,,,,,
1461930,2025,2025-07-22,"Sophia Gardens, Cardiff",2,70.6,70.6,Glamorgan,Kent,BI Kellaway,CA Ingram,JDM Evison,0,0,,,,,,,,,,,,,
1461930,2025,2025-07-22,"Sophia Gardens, Cardiff",2,71.1,71.1,Glamorgan,Kent,CA Ingram,BI Kellaway,JK Denly,0,0,,,,,,,,,,,,,
1461930,2025,2025-07-22,"Sophia Gardens, Cardiff",2,71.2,71.2,Glamorgan,Kent,CA Ingram,BI Kellaway,JK Denly,0,0,,,,,,,,,,,,,
1461930,2025,2025-07-22,"Sophia Gardens, Cardiff",2,71.3,71.3,Glamorgan,Kent,CA Ingram,BI Kellaway,JK Denly,0,0,,,,,,,,,,,,,
1461930,2025,2025-07-22,"Sophia Gardens, Cardiff",2,71.4,71.4,Glamorgan,Kent,CA Ingram,BI Kellaway,JK Denly,1,0,,,,,,,,,,,,,
1461930,2025,2025-07-22,"Sophia Gardens, Cardiff",2,71.5,71.5,Glamorgan,Kent,BI Kellaway,CA Ingram,JK Denly,0,0,,,,,,,,,,,,,
1461930,2025,2025-07-22,"Sophia Gardens, Cardiff",2,71.6,71.6,Glamorgan,Kent,BI Kellaway,CA Ingram,JK Denly,1,0,,,,,,,,,,,,,
1461930,2025,2025-07-22,"Sophia Gardens, Cardiff",2,72.1,72.1,Glamorgan,Kent,BI Kellaway,CA Ingram,JDM Evison,0,0,,,,,,,,,,,,,
1461930,2025,2025-07-22,"Sophia Gardens, Cardiff",2,72.2,72.2,Glamorgan,Kent,BI Kellaway,CA Ingram,JDM Evison,0,0,,,,,,,,,,,,,
1461930,2025,2025-07-22,"Sophia Gardens, Cardiff",2,72.3,72.3,Glamorgan,Kent,BI Kellaway,CA Ingram,JDM Evison,3,0,,,,,,,,,,,,,
1461930,2025,2025-07-22,"Sophia Gardens, Cardiff",2,72.4,72.4,Glamorgan,Kent,CA Ingram,BI Kellaway,JDM Evison,0,0,,,,,,,,,,,,,
1461930,2025,2025-07-22,"Sophia Gardens, Cardiff",2,72.5,72.5,Glamorgan,Kent,CA Ingram,BI Kellaway,JDM Evison,0,0,,,,,,,,,,,,,
1461930,2025,2025-07-22,"Sophia Gardens, Cardiff",2,72.6,72.6,Glamorgan,Kent,CA Ingram,BI Kellaway,JDM Evison,0,0,,,,,,,,,,,,,
1461930,2025,2025-07-22,"Sophia Gardens, Cardiff",2,73.1,73.1,Glamorgan,Kent,BI Kellaway,CA Ingram,JK Denly,1,0,,,,,,,,,,,,,
1461930,2025,2025-07-22,"Sophia Gardens, Cardiff",2,73.2,73.2,Glamorgan,Kent,CA Ingram,BI Kellaway,JK Denly,1,0,,,,,,,,,,,,,
1461930,2025,2025-07-22,"Sophia Gardens, Cardiff",2,73.3,73.3,Glamorgan,Kent,BI Kellaway,CA Ingram,JK Denly,1,0,,,,,,,,,,,,,
1461930,2025,2025-07-22,"Sophia Gardens, Cardiff",2,73.4,73.4,Glamorgan,Kent,CA Ingram,BI Kellaway,JK Denly,0,0,,,,,,,,,,,,,
1461930,2025,2025-07-22,"Sophia Gardens, Cardiff",2,73.5,73.5,Glamorgan,Kent,CA Ingram,BI Kellaway,JK Denly,0,0,,,,,,,,,,,,,
1461930,2025,2025-07-22,"Sophia Gardens, Cardiff",2,73.6,73.6,Glamorgan,Kent,CA Ingram,BI Kellaway,JK Denly,0,0,,,,,,,caught,CA Ingram,,,DJ Bell-Drummond,,
1461930,2025,2025-07-22,"Sophia Gardens, Cardiff",2,74.1,74.1,Glamorgan,Kent,BI Kellaway,CB Cooke,MW Parkinson,0,0,,,,,,,,,,,,,
1461930,2025,2025-07-22,"Sophia Gardens, Cardiff",2,74.2,74.2,Glamorgan,Kent,BI Kellaway,CB Cooke,MW Parkinson,1,0,,,,,,,,,,,,,
1461930,2025,2025-07-22,"Sophia Gardens, Cardiff",2,74.3,74.3,Glamorgan,Kent,CB Cooke,BI Kellaway,MW Parkinson,0,0,,,,,,,,,,,,,
1461930,2025,2025-07-22,"Sophia Gardens, Cardiff",2,74.4,74.4,Glamorgan,Kent,CB Cooke,BI Kellaway,MW Parkinson,0,0,,,,,,,,,,,,,
1461930,2025,2025-07-22,"Sophia Gardens, Cardiff",2,74.5,74.5,Glamorgan,Kent,CB Cooke,BI Kellaway,MW Parkinson,0,0,,,,,,,,,,,,,
1461930,2025,2025-07-22,"Sophia Gardens, Cardiff",2,74.6,74.6,Glamorgan,Kent,CB Cooke,BI Kellaway,MW Parkinson,0,0,,,,,,,,,,,,,
1461930,2025,2025-07-22,"Sophia Gardens, Cardiff",2,75.1,75.1,Glamorgan,Kent,BI Kellaway,CB Cooke,JK Denly,0,0,,,,,,,,,,,,,
1461930,2025,2025-07-22,"Sophia Gardens, Cardiff",2,75.2,75.2,Glamorgan,Kent,BI Kellaway,CB Cooke,JK Denly,0,0,,,,,,,,,,,,,
1461930,2025,2025-07-22,"Sophia Gardens, Cardiff",2,75.3,75.3,Glamorgan,Kent,BI Kellaway,CB Cooke,JK Denly,0,0,,,,,,,,,,,,,
1461930,2025,2025-07-22,"Sophia Gardens, Cardiff",2,75.4,75.4,Glamorgan,Kent,BI Kellaway,CB Cooke,JK Denly,1,0,,,,,,,,,,,,,
1461930,2025,2025-07-22,"Sophia Gardens, Cardiff",2,75.5,75.5,Glamorgan,Kent,CB Cooke,BI Kellaway,JK Denly,0,0,,,,,,,,,,,,,
1461930,2025,2025-07-22,"Sophia Gardens, Cardiff",2,75.6,75.6,Glamorgan,Kent,CB Cooke,BI Kellaway,JK Denly,4,0,,,,,,,,,,,,,
1461930,2025,2025-07-22,"Sophia Gardens, Cardiff",2,76.1,76.1,Glamorgan,Kent,BI Kellaway,CB Cooke,MW Parkinson,0,0,,,,,,,,,,,,,
1461930,2025,2025-07-22,"Sophia Gardens, Cardiff",2,76.2,76.2,Glamorgan,Kent,BI Kellaway,CB Cooke,MW Parkinson,0,0,,,,,,,,,,,,,
1461930,2025,2025-07-22,"Sophia Gardens, Cardiff",2,76.3,76.3,Glamorgan,Kent,BI Kellaway,CB Cooke,MW Parkinson,1,0,,,,,,,,,,,,,
1461930,2025,2025-07-22,"Sophia Gardens, Cardiff",2,76.4,76.4,Glamorgan,Kent,CB Cooke,BI Kellaway,MW Parkinson,0,0,,,,,,,,,,,,,
1461930,2025,2025-07-22,"Sophia Gardens, Cardiff",2,76.5,76.5,Glamorgan,Kent,CB Cooke,BI Kellaway,MW Parkinson,0,0,,,,,,,,,,,,,
1461930,2025,2025-07-22,"Sophia Gardens, Cardiff",2,76.6,76.6,Glamorgan,Kent,CB Cooke,BI Kellaway,MW Parkinson,0,0,,,,,,,,,,,,,
1461930,2025,2025-07-22,"Sophia Gardens, Cardiff",2,77.1,77.1,Glamorgan,Kent,BI Kellaway,CB Cooke,JK Denly,0,0,,,,,,,,,,,,,
1461930,2025,2025-07-22,"Sophia Gardens, Cardiff",2,77.2,77.2,Glamorgan,Kent,BI Kellaway,CB Cooke,JK Denly,1,0,,,,,,,,,,,,,
1461930,2025,2025-07-22,"Sophia Gardens, Cardiff",2,77.3,77.3,Glamorgan,Kent,CB Cooke,BI Kellaway,JK Denly,0,0,,,,,,,,,,,,,
1461930,2025,2025-07-22,"Sophia Gardens, Cardiff",2,77.4,77.4,Glamorgan,Kent,CB Cooke,BI Kellaway,JK Denly,0,0,,,,,,,,,,,,,
1461930,2025,2025-07-22,"Sophia Gardens, Cardiff",2,77.5,77.5,Glamorgan,Kent,CB Cooke,BI Kellaway,JK Denly,0,0,,,,,,,,,,,,,
1461930,2025,2025-07-22,"Sophia Gardens, Cardiff",2,77.6,77.6,Glamorgan,Kent,CB Cooke,BI Kellaway,JK Denly,0,0,,,,,,,,,,,,,
1461930,2025,2025-07-22,"Sophia Gardens, Cardiff",2,78.1,78.1,Glamorgan,Kent,BI Kellaway,CB Cooke,MW Parkinson,1,0,,,,,,,,,,,,,
1461930,2025,2025-07-22,"Sophia Gardens, Cardiff",2,78.2,78.2,Glamorgan,Kent,CB Cooke,BI Kellaway,MW Parkinson,4,0,,,,,,,,,,,,,
1461930,2025,2025-07-22,"Sophia Gardens, Cardiff",2,78.3,78.3,Glamorgan,Kent,CB Cooke,BI Kellaway,MW Parkinson,0,0,,,,,,,,,,,,,
1461930,2025,2025-07-22,"Sophia Gardens, Cardiff",2,78.4,78.4,Glamorgan,Kent,CB Cooke,BI Kellaway,MW Parkinson,0,0,,,,,,,,,,,,,
1461930,2025,2025-07-22,"Sophia Gardens, Cardiff",2,78.5,78.5,Glamorgan,Kent,CB Cooke,BI Kellaway,MW Parkinson,1,0,,,,,,,,,,,,,
1461930,2025,2025-07-22,"Sophia Gardens, Cardiff",2,78.6,78.6,Glamorgan,Kent,BI Kellaway,CB Cooke,MW Parkinson,0,0,,,,,,,caught,BI Kellaway,,,BG Compton,,
1461930,2025,2025-07-22,"Sophia Gardens, Cardiff",2,79.1,79.1,Glamorgan,Kent,CB Cooke,T van der Gugten,JK Denly,0,0,,,,,,,,,,,,,
1461930,2025,2025-07-22,"Sophia Gardens, Cardiff",2,79.2,79.2,Glamorgan,Kent,CB Cooke,T van der Gugten,JK Denly,0,0,,,,,,,,,,,,,
1461930,2025,2025-07-22,"Sophia Gardens, Cardiff",2,79.3,79.3,Glamorgan,Kent,CB Cooke,T van der Gugten,JK Denly,0,0,,,,,,,,,,,,,
1461930,2025,2025-07-22,"Sophia Gardens, Cardiff",2,79.4,79.4,Glamorgan,Kent,CB Cooke,T van der Gugten,JK Denly,0,0,,,,,,,,,,,,,
1461930,2025,2025-07-22,"Sophia Gardens, Cardiff",2,79.5,79.5,Glamorgan,Kent,CB Cooke,T van der Gugten,JK Denly,0,0,,,,,,,,,,,,,
1461930,2025,2025-07-22,"Sophia Gardens, Cardiff",2,79.6,79.6,Glamorgan,Kent,CB Cooke,T van der Gugten,JK Denly,0,0,,,,,,,,,,,,,
1461930,2025,2025-07-22,"Sophia Gardens, Cardiff",2,80.1,80.1,Glamorgan,Kent,T van der Gugten,CB Cooke,MW Parkinson,0,0,,,,,,,,,,,,,
1461930,2025,2025-07-22,"Sophia Gardens, Cardiff",2,80.2,80.2,Glamorgan,Kent,T van der Gugten,CB Cooke,MW Parkinson,0,0,,,,,,,,,,,,,
1461930,2025,2025-07-22,"Sophia Gardens, Cardiff",2,80.3,80.3,Glamorgan,Kent,T van der Gugten,CB Cooke,MW Parkinson,0,0,,,,,,,,,,,,,
1461930,2025,2025-07-22,"Sophia Gardens, Cardiff",2,80.4,80.4,Glamorgan,Kent,T van der Gugten,CB Cooke,MW Parkinson,0,0,,,,,,,,,,,,,
1461930,2025,2025-07-22,"Sophia Gardens, Cardiff",2,80.5,80.5,Glamorgan,Kent,T van der Gugten,CB Cooke,MW Parkinson,0,0,,,,,,,,,,,,,
1461930,2025,2025-07-22,"Sophia Gardens, Cardiff",2,80.6,80.6,Glamorgan,Kent,T van der Gugten,CB Cooke,MW Parkinson,0,0,,,,,,,,,,,,,
1461930,2025,2025-07-22,"Sophia Gardens, Cardiff",2,81.1,81.1,Glamorgan,Kent,CB Cooke,T van der Gugten,JK Denly,0,0,,,,,,,,,,,,,
1461930,2025,2025-07-22,"Sophia Gardens, Cardiff",2,81.2,81.2,Glamorgan,Kent,CB Cooke,T van der Gugten,JK Denly,1,0,,,,,,,,,,,,,
1461930,2025,2025-07-22,"Sophia Gardens, Cardiff",2,81.3,81.3,Glamorgan,Kent,T van der Gugten,CB Cooke,JK Denly,0,0,,,,,,,,,,,,,
1461930,2025,2025-07-22,"Sophia Gardens, Cardiff",2,81.4,81.4,Glamorgan,Kent,T van der Gugten,CB Cooke,JK Denly,1,0,,,,,,,,,,,,,
1461930,2025,2025-07-22,"Sophia Gardens, Cardiff",2,81.5,81.5,Glamorgan,Kent,CB Cooke,T van der Gugten,JK Denly,0,0,,,,,,,,,,,,,
1461930,2025,2025-07-22,"Sophia Gardens, Cardiff",2,81.6,81.6,Glamorgan,Kent,CB Cooke,T van der Gugten,JK Denly,0,0,,,,,,,,,,,,,
1461930,2025,2025-07-22,"Sophia Gardens, Cardiff",2,82.1,82.1,Glamorgan,Kent,T van der Gugten,CB Cooke,MW Parkinson,1,0,,,,,,,,,,,,,
1461930,2025,2025-07-22,"Sophia Gardens, Cardiff",2,82.2,82.2,Glamorgan,Kent,CB Cooke,T van der Gugten,MW Parkinson,0,0,,,,,,,,,,,,,
1461930,2025,2025-07-22,"Sophia Gardens, Cardiff",2,82.3,82.3,Glamorgan,Kent,CB Cooke,T van der Gugten,MW Parkinson,0,0,,,,,,,,,,,,,
1461930,2025,2025-07-22,"Sophia Gardens, Cardiff",2,82.4,82.4,Glamorgan,Kent,CB Cooke,T van der Gugten,MW Parkinson,0,0,,,,,,,,,,,,,
1461930,2025,2025-07-22,"Sophia Gardens, Cardiff",2,82.5,82.5,Glamorgan,Kent,CB Cooke,T van der Gugten,MW Parkinson,0,0,,,,,,,,,,,,,
1461930,2025,2025-07-22,"Sophia Gardens, Cardiff",2,82.6,82.6,Glamorgan,Kent,CB Cooke,T van der Gugten,MW Parkinson,0,0,,,,,,,,,,,,,
1461930,2025,2025-07-22,"Sophia Gardens, Cardiff",2,83.1,83.1,Glamorgan,Kent,T van der Gugten,CB Cooke,JK Denly,1,0,,,,,,,,,,,,,
1461930,2025,2025-07-22,"Sophia Gardens, Cardiff",2,83.2,83.2,Glamorgan,Kent,CB Cooke,T van der Gugten,JK Denly,1,0,,,,,,,,,,,,,
1461930,2025,2025-07-22,"Sophia Gardens, Cardiff",2,83.3,83.3,Glamorgan,Kent,T van der Gugten,CB Cooke,JK Denly,0,0,,,,,,,,,,,,,
1461930,2025,2025-07-22,"Sophia Gardens, Cardiff",2,83.4,83.4,Glamorgan,Kent,T van der Gugten,CB Cooke,JK Denly,0,0,,,,,,,,,,,,,
1461930,2025,2025-07-22,"Sophia Gardens, Cardiff",2,83.5,83.5,Glamorgan,Kent,T van der Gugten,CB Cooke,JK Denly,0,2,,2,,,,,,,,,,,
1461930,2025,2025-07-22,"Sophia Gardens, Cardiff",2,83.6,83.5,Glamorgan,Kent,T van der Gugten,CB Cooke,JK Denly,0,0,,,,,,,,,,,,,
1461930,2025,2025-07-22,"Sophia Gardens, Cardiff",2,83.7,83.6,Glamorgan,Kent,T van der Gugten,CB Cooke,JK Denly,0,0,,,,,,,,,,,,,
1461930,2025,2025-07-22,"Sophia Gardens, Cardiff",2,84.1,84.1,Glamorgan,Kent,CB Cooke,T van der Gugten,MW Parkinson,1,0,,,,,,,,,,,,,
1461930,2025,2025-07-22,"Sophia Gardens, Cardiff",2,84.2,84.2,Glamorgan,Kent,T van der Gugten,CB Cooke,MW Parkinson,0,0,,,,,,,,,,,,,
1461930,2025,2025-07-22,"Sophia Gardens, Cardiff",2,84.3,84.3,Glamorgan,Kent,T van der Gugten,CB Cooke,MW Parkinson,0,2,,,2,,,,,,,,,,
1461930,2025,2025-07-22,"Sophia Gardens, Cardiff",2,84.4,84.4,Glamorgan,Kent,T van der Gugten,CB Cooke,MW Parkinson,0,0,,,,,,,caught,T van der Gugten,,,JDM Evison,,
1461930,2025,2025-07-22,"Sophia Gardens, Cardiff",2,84.5,84.5,Glamorgan,Kent,JAR Harris,CB Cooke,MW Parkinson,0,0,,,,,,,,,,,,,
1461930,2025,2025-07-22,"Sophia Gardens, Cardiff",2,84.6,84.6,Glamorgan,Kent,JAR Harris,CB Cooke,MW Parkinson,0,0,,,,,,,,,,,,,
1461930,2025,2025-07-22,"Sophia Gardens, Cardiff",2,85.1,85.1,Glamorgan,Kent,CB Cooke,JAR Harris,JK Denly,0,0,,,,,,,,,,,,,
1461930,2025,2025-07-22,"Sophia Gardens, Cardiff",2,85.2,85.2,Glamorgan,Kent,CB Cooke,JAR Harris,JK Denly,0,0,,,,,,,,,,,,,
1461930,2025,2025-07-22,"Sophia Gardens, Cardiff",2,85.3,85.3,Glamorgan,Kent,CB Cooke,JAR Harris,JK Denly,0,0,,,,,,,,,,,,,
1461930,2025,2025-07-22,"Sophia Gardens, Cardiff",2,85.4,85.4,Glamorgan,Kent,CB Cooke,JAR Harris,JK Denly,0,0,,,,,,,,,,,,,
1461930,2025,2025-07-22,"Sophia Gardens, Cardiff",2,85.5,85.5,Glamorgan,Kent,CB Cooke,JAR Harris,JK Denly,0,0,,,,,,,,,,,,,
1461930,2025,2025-07-22,"Sophia Gardens, Cardiff",2,85.6,85.6,Glamorgan,Kent,CB Cooke,JAR Harris,JK Denly,0,0,,,,,,,,,,,,,
1461930,2025,2025-07-22,"Sophia Gardens, Cardiff",2,86.1,86.1,Glamorgan,Kent,JAR Harris,CB Cooke,MW Parkinson,0,0,,,,,,,,,,,,,
1461930,2025,2025-07-22,"Sophia Gardens, Cardiff",2,86.2,86.2,Glamorgan,Kent,JAR Harris,CB Cooke,MW Parkinson,0,0,,,,,,,caught and bowled,JAR Harris,,,,,
1461930,2025,2025-07-22,"Sophia Gardens, Cardiff",2,86.3,86.3,Glamorgan,Kent,EO Leonard,CB Cooke,MW Parkinson,0,0,,,,,,,,,,,,,
1461930,2025,2025-07-22,"Sophia Gardens, Cardiff",2,86.4,86.4,Glamorgan,Kent,EO Leonard,CB Cooke,MW Parkinson,1,0,,,,,,,,,,,,,
1461930,2025,2025-07-22,"Sophia Gardens, Cardiff",2,86.5,86.5,Glamorgan,Kent,CB Cooke,EO Leonard,MW Parkinson,0,0,,,,,,,,,,,,,
1461930,2025,2025-07-22,"Sophia Gardens, Cardiff",2,86.6,86.6,Glamorgan,Kent,CB Cooke,EO Leonard,MW Parkinson,2,0,,,,,,,,,,,,,
1461930,2025,2025-07-22,"Sophia Gardens, Cardiff",2,87.1,87.1,Glamorgan,Kent,EO Leonard,CB Cooke,JK Denly,0,0,,,,,,,,,,,,,
1461930,2025,2025-07-22,"Sophia Gardens, Cardiff",2,87.2,87.2,Glamorgan,Kent,EO Leonard,CB Cooke,JK Denly,0,0,,,,,,,,,,,,,
1461930,2025,2025-07-22,"Sophia Gardens, Cardiff",2,87.3,87.3,Glamorgan,Kent,EO Leonard,CB Cooke,JK Denly,0,0,,,,,,,,,,,,,
1461930,2025,2025-07-22,"Sophia Gardens, Cardiff",2,87.4,87.4,Glamorgan,Kent,EO Leonard,CB Cooke,JK Denly,0,0,,,,,,,,,,,,,
1461930,2025,2025-07-22,"Sophia Gardens, Cardiff",2,87.5,87.5,Glamorgan,Kent,EO Leonard,CB Cooke,JK Denly,0,0,,,,,,,,,,,,,
1461930,2025,2025-07-22,"Sophia Gardens, Cardiff",2,87.6,87.6,Glamorgan,Kent,EO Leonard,CB Cooke,JK Denly,0,0,,,,,,,,,,,,,
1461930,2025,2025-07-22,"Sophia Gardens, Cardiff",2,88.1,88.1,Glamorgan,Kent,CB Cooke,EO Leonard,MW Parkinson,1,0,,,,,,,,,,,,,
1461930,2025,2025-07-22,"Sophia Gardens, Cardiff",2,88.2,88.2,Glamorgan,Kent,EO Leonard,CB Cooke,MW Parkinson,0,0,,,,,,,,,,,,,
1461930,2025,2025-07-22,"Sophia Gardens, Cardiff",2,88.3,88.3,Glamorgan,Kent,EO Leonard,CB Cooke,MW Parkinson,1,0,,,,,,,,,,,,,
1461930,2025,2025-07-22,"Sophia Gardens, Cardiff",2,88.4,88.4,Glamorgan,Kent,CB Cooke,EO Leonard,MW Parkinson,0,0,,,,,,,,,,,,,
1461930,2025,2025-07-22,"Sophia Gardens, Cardiff",2,88.5,88.5,Glamorgan,Kent,CB Cooke,EO Leonard,MW Parkinson,0,0,,,,,,,,,,,,,
1461930,2025,2025-07-22,"Sophia Gardens, Cardiff",2,88.6,88.6,Glamorgan,Kent,CB Cooke,EO Leonard,MW Parkinson,0,0,,,,,,,,,,,,,
1461930,2025,2025-07-22,"Sophia Gardens, Cardiff",2,89.1,89.1,Glamorgan,Kent,EO Leonard,CB Cooke,JK Denly,0,0,,,,,,,,,,,,,
1461930,2025,2025-07-22,"Sophia Gardens, Cardiff",2,89.2,89.2,Glamorgan,Kent,EO Leonard,CB Cooke,JK Denly,0,0,,,,,,,,,,,,,
1461930,2025,2025-07-22,"Sophia Gardens, Cardiff",2,89.3,89.3,Glamorgan,Kent,EO Leonard,CB Cooke,JK Denly,0,0,,,,,,,,,,,,,
1461930,2025,2025-07-22,"Sophia Gardens, Cardiff",2,89.4,89.4,Glamorgan,Kent,EO Leonard,CB Cooke,JK Denly,0,0,,,,,,,,,,,,,
1461930,2025,2025-07-22,"Sophia Gardens, Cardiff",2,89.5,89.5,Glamorgan,Kent,EO Leonard,CB Cooke,JK Denly,0,0,,,,,,,,,,,,,
1461930,2025,2025-07-22,"Sophia Gardens, Cardiff",2,89.6,89.6,Glamorgan,Kent,EO Leonard,CB Cooke,JK Denly,0,0,,,,,,,,,,,,,
1461930,2025,2025-07-22,"Sophia Gardens, Cardiff",2,90.1,90.1,Glamorgan,Kent,CB Cooke,EO Leonard,MW Parkinson,0,0,,,,,,,,,,,,,
1461930,2025,2025-07-22,"Sophia Gardens, Cardiff",2,90.2,90.2,Glamorgan,Kent,CB Cooke,EO Leonard,MW Parkinson,1,0,,,,,,,,,,,,,
1461930,2025,2025-07-22,"Sophia Gardens, Cardiff",2,90.3,90.3,Glamorgan,Kent,EO Leonard,CB Cooke,MW Parkinson,0,0,,,,,,,,,,,,,
1461930,2025,2025-07-22,"Sophia Gardens, Cardiff",2,90.4,90.4,Glamorgan,Kent,EO Leonard,CB Cooke,MW Parkinson,2,0,,,,,,,,,,,,,
1461930,2025,2025-07-22,"Sophia Gardens, Cardiff",2,90.5,90.5,Glamorgan,Kent,EO Leonard,CB Cooke,MW Parkinson,0,0,,,,,,,,,,,,,
1461930,2025,2025-07-22,"Sophia Gardens, Cardiff",2,90.6,90.6,Glamorgan,Kent,EO Leonard,CB Cooke,MW Parkinson,0,0,,,,,,,,,,,,,
1461930,2025,2025-07-22,"Sophia Gardens, Cardiff",2,91.1,91.1,Glamorgan,Kent,CB Cooke,EO Leonard,JK Denly,0,0,,,,,,,,,,,,,
1461930,2025,2025-07-22,"Sophia Gardens, Cardiff",2,91.2,91.2,Glamorgan,Kent,CB Cooke,EO Leonard,JK Denly,2,0,,,,,,,,,,,,,
1461930,2025,2025-07-22,"Sophia Gardens, Cardiff",2,91.3,91.3,Glamorgan,Kent,CB Cooke,EO Leonard,JK Denly,1,0,,,,,,,,,,,,,
1461930,2025,2025-07-22,"Sophia Gardens, Cardiff",2,91.4,91.4,Glamorgan,Kent,EO Leonard,CB Cooke,JK Denly,1,0,,,,,,,,,,,,,
1461930,2025,2025-07-22,"Sophia Gardens, Cardiff",2,91.5,91.5,Glamorgan,Kent,CB Cooke,EO Leonard,JK Denly,0,0,,,,,,,,,,,,,
1461930,2025,2025-07-22,"Sophia Gardens, Cardiff",2,91.6,91.6,Glamorgan,Kent,CB Cooke,EO Leonard,JK Denly,0,0,,,,,,,,,,,,,
1461930,2025,2025-07-22,"Sophia Gardens, Cardiff",2,92.1,92.1,Glamorgan,Kent,EO Leonard,CB Cooke,MW Parkinson,1,0,,,,,,,,,,,,,
1461930,2025,2025-07-22,"Sophia Gardens, Cardiff",2,92.2,92.2,Glamorgan,Kent,CB Cooke,EO Leonard,MW Parkinson,1,0,,,,,,,,,,,,,
1461930,2025,2025-07-22,"Sophia Gardens, Cardiff",2,92.3,92.3,Glamorgan,Kent,EO Leonard,CB Cooke,MW Parkinson,2,0,,,,,,,,,,,,,
1461930,2025,2025-07-22,"Sophia Gardens, Cardiff",2,92.4,92.4,Glamorgan,Kent,EO Leonard,CB Cooke,MW Parkinson,0,0,,,,,,,,,,,,,
1461930,2025,2025-07-22,"Sophia Gardens, Cardiff",2,92.5,92.5,Glamorgan,Kent,EO Leonard,CB Cooke,MW Parkinson,0,0,,,,,,,,,,,,,
1461930,2025,2025-07-22,"Sophia Gardens, Cardiff",2,92.6,92.6,Glamorgan,Kent,EO Leonard,CB Cooke,MW Parkinson,6,0,,,,,,,,,,,,,
1461930,2025,2025-07-22,"Sophia Gardens, Cardiff",2,93.1,93.1,Glamorgan,Kent,CB Cooke,EO Leonard,JK Denly,1,0,,,,,,,,,,,,,
1461930,2025,2025-07-22,"Sophia Gardens, Cardiff",2,93.2,93.2,Glamorgan,Kent,EO Leonard,CB Cooke,JK Denly,0,0,,,,,,,,,,,,,
1461930,2025,2025-07-22,"Sophia Gardens, Cardiff",2,93.3,93.3,Glamorgan,Kent,EO Leonard,CB Cooke,JK Denly,0,2,,2,,,,,,,,,,,
1461930,2025,2025-07-22,"Sophia Gardens, Cardiff",2,93.4,93.3,Glamorgan,Kent,EO Leonard,CB Cooke,JK Denly,0,0,,,,,,,,,,,,,
1461930,2025,2025-07-22,"Sophia Gardens, Cardiff",2,93.5,93.4,Glamorgan,Kent,EO Leonard,CB Cooke,JK Denly,1,0,,,,,,,,,,,,,
1461930,2025,2025-07-22,"Sophia Gardens, Cardiff",2,93.6,93.5,Glamorgan,Kent,CB Cooke,EO Leonard,JK Denly,0,0,,,,,,,,,,,,,
1461930,2025,2025-07-22,"Sophia Gardens, Cardiff",2,93.7,93.6,Glamorgan,Kent,CB Cooke,EO Leonard,JK Denly,0,0,,,,,,,,,,,,,
1461930,2025,2025-07-22,"Sophia Gardens, Cardiff",2,94.1,94.1,Glamorgan,Kent,EO Leonard,CB Cooke,MW Parkinson,0,0,,,,,,,,,,,,,
1461930,2025,2025-07-22,"Sophia Gardens, Cardiff",2,94.2,94.2,Glamorgan,Kent,EO Leonard,CB Cooke,MW Parkinson,6,0,,,,,,,,,,,,,
1461930,2025,2025-07-22,"Sophia Gardens, Cardiff",2,94.3,94.3,Glamorgan,Kent,EO Leonard,CB Cooke,MW Parkinson,1,0,,,,,,,,,,,,,
1461930,2025,2025-07-22,"Sophia Gardens, Cardiff",2,94.4,94.4,Glamorgan,Kent,CB Cooke,EO Leonard,MW Parkinson,0,0,,,,,,,,,,,,,
1461930,2025,2025-07-22,"Sophia Gardens, Cardiff",2,94.5,94.5,Glamorgan,Kent,CB Cooke,EO Leonard,MW Parkinson,1,0,,,,,,,,,,,,,
1461930,2025,2025-07-22,"Sophia Gardens, Cardiff",2,94.6,94.6,Glamorgan,Kent,EO Leonard,CB Cooke,MW Parkinson,1,0,,,,,,,,,,,,,
1461930,2025,2025-07-22,"Sophia Gardens, Cardiff",2,95.1,95.1,Glamorgan,Kent,EO Leonard,CB Cooke,JK Denly,0,0,,,,,,,,,,,,,
1461930,2025,2025-07-22,"Sophia Gardens, Cardiff",2,95.2,95.2,Glamorgan,Kent,EO Leonard,CB Cooke,JK Denly,0,0,,,,,,,,,,,,,
1461930,2025,2025-07-22,"Sophia Gardens, Cardiff",2,95.3,95.3,Glamorgan,Kent,EO Leonard,CB Cooke,JK Denly,0,0,,,,,,,,,,,,,
1461930,2025,2025-07-22,"Sophia Gardens, Cardiff",2,95.4,95.4,Glamorgan,Kent,EO Leonard,CB Cooke,JK Denly,1,0,,,,,,,,,,,,,
1461930,2025,2025-07-22,"Sophia Gardens, Cardiff",2,95.5,95.5,Glamorgan,Kent,CB Cooke,EO Leonard,JK Denly,0,0,,,,,,,,,,,,,
1461930,2025,2025-07-22,"Sophia Gardens, Cardiff",2,95.6,95.6,Glamorgan,Kent,CB Cooke,EO Leonard,JK Denly,6,0,,,,,,,,,,,,,
1461930,2025,2025-07-22,"Sophia Gardens, Cardiff",2,96.1,96.1,Glamorgan,Kent,EO Leonard,CB Cooke,MW Parkinson,0,0,,,,,,,,,,,,,
1461930,2025,2025-07-22,"Sophia Gardens, Cardiff",2,96.2,96.2,Glamorgan,Kent,EO Leonard,CB Cooke,MW Parkinson,0,0,,,,,,,,,,,,,
1461930,2025,2025-07-22,"Sophia Gardens, Cardiff",2,96.3,96.3,Glamorgan,Kent,EO Leonard,CB Cooke,MW Parkinson,0,0,,,,,,,,,,,,,
1461930,2025,2025-07-22,"Sophia Gardens, Cardiff",2,96.4,96.4,Glamorgan,Kent,EO Leonard,CB Cooke,MW Parkinson,0,0,,,,,,,,,,,,,
1461930,2025,2025-07-22,"Sophia Gardens, Cardiff",2,96.5,96.5,Glamorgan,Kent,EO Leonard,CB Cooke,MW Parkinson,0,0,,,,,,,,,,,,,
1461930,2025,2025-07-22,"Sophia Gardens, Cardiff",2,96.6,96.6,Glamorgan,Kent,EO Leonard,CB Cooke,MW Parkinson,0,0,,,,,,,,,,,,,
1461930,2025,2025-07-22,"Sophia Gardens, Cardiff",2,97.1,97.1,Glamorgan,Kent,CB Cooke,EO Leonard,WA Agar,0,0,,,,,,,,,,,,,
1461930,2025,2025-07-22,"Sophia Gardens, Cardiff",2,97.2,97.2,Glamorgan,Kent,CB Cooke,EO Leonard,WA Agar,1,0,,,,,,,,,,,,,
1461930,2025,2025-07-22,"Sophia Gardens, Cardiff",2,97.3,97.3,Glamorgan,Kent,EO Leonard,CB Cooke,WA Agar,1,0,,,,,,,,,,,,,
1461930,2025,2025-07-22,"Sophia Gardens, Cardiff",2,97.4,97.4,Glamorgan,Kent,CB Cooke,EO Leonard,WA Agar,1,0,,,,,,,,,,,,,
1461930,2025,2025-07-22,"Sophia Gardens, Cardiff",2,97.5,97.5,Glamorgan,Kent,EO Leonard,CB Cooke,WA Agar,0,0,,,,,,,bowled,EO Leonard,,,,,
1461930,2025,2025-07-22,"Sophia Gardens, Cardiff",2,97.6,97.6,Glamorgan,Kent,AM Fernando,CB Cooke,WA Agar,0,0,,,,,,,,,,,,,
1461930,2025,2025-07-22,"Sophia Gardens, Cardiff",2,98.1,98.1,Glamorgan,Kent,CB Cooke,AM Fernando,MW Parkinson,0,0,,,,,,,,,,,,,
1461930,2025,2025-07-22,"Sophia Gardens, Cardiff",2,98.2,98.2,Glamorgan,Kent,CB Cooke,AM Fernando,MW Parkinson,0,0,,,,,,,,,,,,,
1461930,2025,2025-07-22,"Sophia Gardens, Cardiff",2,98.3,98.3,Glamorgan,Kent,CB Cooke,AM Fernando,MW Parkinson,0,0,,,,,,,,,,,,,
1461930,2025,2025-07-22,"Sophia Gardens, Cardiff",2,98.4,98.4,Glamorgan,Kent,CB Cooke,AM Fernando,MW Parkinson,1,0,,,,,,,,,,,,,
1461930,2025,2025-07-22,"Sophia Gardens, Cardiff",2,98.5,98.5,Glamorgan,Kent,AM Fernando,CB Cooke,MW Parkinson,0,2,,2,,,,,,,,,,,
1461930,2025,2025-07-22,"Sophia Gardens, Cardiff",2,98.6,98.5,Glamorgan,Kent,AM Fernando,CB Cooke,MW Parkinson,0,0,,,,,,,,,,,,,
1461930,2025,2025-07-22,"Sophia Gardens, Cardiff",2,98.7,98.6,Glamorgan,Kent,AM Fernando,CB Cooke,MW Parkinson,0,0,,,,,,,,,,,,,
1461930,2025,2025-07-22,"Sophia Gardens, Cardiff",2,99.1,99.1,Glamorgan,Kent,CB Cooke,AM Fernando,WA Agar,0,0,,,,,,,,,,,,,
1461930,2025,2025-07-22,"Sophia Gardens, Cardiff",2,99.2,99.2,Glamorgan,Kent,CB Cooke,AM Fernando,WA Agar,0,0,,,,,,,,,,,,,
1461930,2025,2025-07-22,"Sophia Gardens, Cardiff",2,99.3,99.3,Glamorgan,Kent,CB Cooke,AM Fernando,WA Agar,0,0,,,,,,,,,,,,,
1461930,2025,2025-07-22,"Sophia Gardens, Cardiff",2,99.4,99.4,Glamorgan,Kent,CB Cooke,AM Fernando,WA Agar,0,0,,,,,,,,,,,,,
1461930,2025,2025-07-22,"Sophia Gardens, Cardiff",2,99.5,99.5,Glamorgan,Kent,CB Cooke,AM Fernando,WA Agar,0,0,,,,,,,,,,,,,
1461930,2025,2025-07-22,"Sophia Gardens, Cardiff",2,99.6,99.6,Glamorgan,Kent,CB Cooke,AM Fernando,WA Agar,1,0,,,,,,,,,,,,,
1461930,2025,2025-07-22,"Sophia Gardens, Cardiff",2,100.1,100.1,Glamorgan,Kent,CB Cooke,AM Fernando,MW Parkinson,0,0,,,,,,,,,,,,,
1461930,2025,2025-07-22,"Sophia Gardens, Cardiff",2,100.2,100.2,Glamorgan,Kent,CB Cooke,AM Fernando,MW Parkinson,0,0,,,,,,,,,,,,,
1461930,2025,2025-07-22,"Sophia Gardens, Cardiff",2,100.3,100.3,Glamorgan,Kent,CB Cooke,AM Fernando,MW Parkinson,0,0,,,,,,,,,,,,,
1461930,2025,2025-07-22,"Sophia Gardens, Cardiff",2,100.4,100.4,Glamorgan,Kent,CB Cooke,AM Fernando,MW Parkinson,4,0,,,,,,,,,,,,,
1461930,2025,2025-07-22,"Sophia Gardens, Cardiff",2,100.5,100.5,Glamorgan,Kent,CB Cooke,AM Fernando,MW Parkinson,0,0,,,,,,,caught,CB Cooke,,,WA Agar,,
1461930,2025,2025-07-22,"Sophia Gardens, Cardiff",3,0.1,0.1,Kent,Glamorgan,JK Denly,BG Compton,T van der Gugten,0,0,,,,,,,,,,,,,
1461930,2025,2025-07-22,"Sophia Gardens, Cardiff",3,0.2,0.2,Kent,Glamorgan,JK Denly,BG Compton,T van der Gugten,0,0,,,,,,,,,,,,,
1461930,2025,2025-07-22,"Sophia Gardens, Cardiff",3,0.3,0.3,Kent,Glamorgan,JK Denly,BG Compton,T van der Gugten,0,0,,,,,,,,,,,,,
1461930,2025,2025-07-22,"Sophia Gardens, Cardiff",3,0.4,0.4,Kent,Glamorgan,JK Denly,BG Compton,T van der Gugten,0,0,,,,,,,,,,,,,
1461930,2025,2025-07-22,"Sophia Gardens, Cardiff",3,0.5,0.5,Kent,Glamorgan,JK Denly,BG Compton,T van der Gugten,0,0,,,,,,,,,,,,,
1461930,2025,2025-07-22,"Sophia Gardens, Cardiff",3,0.6,0.6,Kent,Glamorgan,JK Denly,BG Compton,T van der Gugten,0,0,,,,,,,,,,,,,
1461930,2025,2025-07-22,"Sophia Gardens, Cardiff",3,1.1,1.1,Kent,Glamorgan,BG Compton,JK Denly,AM Fernando,0,0,,,,,,,,,,,,,
1461930,2025,2025-07-22,"Sophia Gardens, Cardiff",3,1.2,1.2,Kent,Glamorgan,BG Compton,JK Denly,AM Fernando,0,0,,,,,,,,,,,,,
1461930,2025,2025-07-22,"Sophia Gardens, Cardiff",3,1.3,1.3,Kent,Glamorgan,BG Compton,JK Denly,AM Fernando,4,0,,,,,,,,,,,,,
1461930,2025,2025-07-22,"Sophia Gardens, Cardiff",3,1.4,1.4,Kent,Glamorgan,BG Compton,JK Denly,AM Fernando,0,0,,,,,,,,,,,,,
1461930,2025,2025-07-22,"Sophia Gardens, Cardiff",3,1.5,1.5,Kent,Glamorgan,BG Compton,JK Denly,AM Fernando,0,0,,,,,,,,,,,,,
1461930,2025,2025-07-22,"Sophia Gardens, Cardiff",3,1.6,1.6,Kent,Glamorgan,BG Compton,JK Denly,AM Fernando,0,0,,,,,,,,,,,,,
1461930,2025,2025-07-22,"Sophia Gardens, Cardiff",3,2.1,2.1,Kent,Glamorgan,JK Denly,BG Compton,T van der Gugten,0,0,,,,,,,,,,,,,
1461930,2025,2025-07-22,"Sophia Gardens, Cardiff",3,2.2,2.2,Kent,Glamorgan,JK Denly,BG Compton,T van der Gugten,4,0,,,,,,,,,,,,,
1461930,2025,2025-07-22,"Sophia Gardens, Cardiff",3,2.3,2.3,Kent,Glamorgan,JK Denly,BG Compton,T van der Gugten,0,0,,,,,,,,,,,,,
1461930,2025,2025-07-22,"Sophia Gardens, Cardiff",3,2.4,2.4,Kent,Glamorgan,JK Denly,BG Compton,T van der Gugten,0,0,,,,,,,,,,,,,
1461930,2025,2025-07-22,"Sophia Gardens, Cardiff",3,2.5,2.5,Kent,Glamorgan,JK Denly,BG Compton,T van der Gugten,0,0,,,,,,,,,,,,,
1461930,2025,2025-07-22,"Sophia Gardens, Cardiff",3,2.6,2.6,Kent,Glamorgan,JK Denly,BG Compton,T van der Gugten,0,0,,,,,,,,,,,,,
1461930,2025,2025-07-22,"Sophia Gardens, Cardiff",3,3.1,3.1,Kent,Glamorgan,BG Compton,JK Denly,AM Fernando,0,0,,,,,,,,,,,,,
1461930,2025,2025-07-22,"Sophia Gardens, Cardiff",3,3.2,3.2,Kent,Glamorgan,BG Compton,JK Denly,AM Fernando,0,0,,,,,,,,,,,,,
1461930,2025,2025-07-22,"Sophia Gardens, Cardiff",3,3.3,3.3,Kent,Glamorgan,BG Compton,JK Denly,AM Fernando,0,0,,,,,,,,,,,,,
1461930,2025,2025-07-22,"Sophia Gardens, Cardiff",3,3.4,3.4,Kent,Glamorgan,BG Compton,JK Denly,AM Fernando,4,0,,,,,,,,,,,,,
1461930,2025,2025-07-22,"Sophia Gardens, Cardiff",3,3.5,3.5,Kent,Glamorgan,BG Compton,JK Denly,AM Fernando,0,0,,,,,,,,,,,,,
1461930,2025,2025-07-22,"Sophia Gardens, Cardiff",3,3.6,3.6,Kent,Glamorgan,BG Compton,JK Denly,AM Fernando,1,0,,,,,,,,,,,,,
1461930,2025,2025-07-22,"Sophia Gardens, Cardiff",3,4.1,4.1,Kent,Glamorgan,BG Compton,JK Denly,T van der Gugten,0,0,,,,,,,,,,,,,
1461930,2025,2025-07-22,"Sophia Gardens, Cardiff",3,4.2,4.2,Kent,Glamorgan,BG Compton,JK Denly,T van der Gugten,0,0,,,,,,,,,,,,,
1461930,2025,2025-07-22,"Sophia Gardens, Cardiff",3,4.3,4.3,Kent,Glamorgan,BG Compton,JK Denly,T van der Gugten,0,0,,,,,,,,,,,,,
1461930,2025,2025-07-22,"Sophia Gardens, Cardiff",3,4.4,4.4,Kent,Glamorgan,BG Compton,JK Denly,T van der Gugten,0,0,,,,,,,,,,,,,
1461930,2025,2025-07-22,"Sophia Gardens, Cardiff",3,4.5,4.5,Kent,Glamorgan,BG Compton,JK Denly,T van der Gugten,0,0,,,,,,,,,,,,,
1461930,2025,2025-07-22,"Sophia Gardens, Cardiff",3,4.6,4.6,Kent,Glamorgan,BG Compton,JK Denly,T van der Gugten,0,0,,,,,,,,,,,,,
1461930,2025,2025-07-22,"Sophia Gardens, Cardiff",3,5.1,5.1,Kent,Glamorgan,JK Denly,BG Compton,BI Kellaway,0,0,,,,,,,,,,,,,
1461930,2025,2025-07-22,"Sophia Gardens, Cardiff",3,5.2,5.2,Kent,Glamorgan,JK Denly,BG Compton,BI Kellaway,1,0,,,,,,,,,,,,,
1461930,2025,2025-07-22,"Sophia Gardens, Cardiff",3,5.3,5.3,Kent,Glamorgan,BG Compton,JK Denly,BI Kellaway,0,0,,,,,,,,,,,,,
1461930,2025,2025-07-22,"Sophia Gardens, Cardiff",3,5.4,5.4,Kent,Glamorgan,BG Compton,JK Denly,BI Kellaway,0,0,,,,,,,,,,,,,
1461930,2025,2025-07-22,"Sophia Gardens, Cardiff",3,5.5,5.5,Kent,Glamorgan,BG Compton,JK Denly,BI Kellaway,0,0,,,,,,,,,,,,,
1461930,2025,2025-07-22,"Sophia Gardens, Cardiff",3,5.6,5.6,Kent,Glamorgan,BG Compton,JK Denly,BI Kellaway,0,0,,,,,,,,,,,,,
1461930,2025,2025-07-22,"Sophia Gardens, Cardiff",3,6.1,6.1,Kent,Glamorgan,JK Denly,BG Compton,T van der Gugten,0,0,,,,,,,,,,,,,
1461930,2025,2025-07-22,"Sophia Gardens, Cardiff",3,6.2,6.2,Kent,Glamorgan,JK Denly,BG Compton,T van der Gugten,0,0,,,,,,,,,,,,,
1461930,2025,2025-07-22,"Sophia Gardens, Cardiff",3,6.3,6.3,Kent,Glamorgan,JK Denly,BG Compton,T van der Gugten,0,0,,,,,,,,,,,,,
1461930,2025,2025-07-22,"Sophia Gardens, Cardiff",3,6.4,6.4,Kent,Glamorgan,JK Denly,BG Compton,T van der Gugten,2,0,,,,,,,,,,,,,
1461930,2025,2025-07-22,"Sophia Gardens, Cardiff",3,6.5,6.5,Kent,Glamorgan,JK Denly,BG Compton,T van der Gugten,0,0,,,,,,,,,,,,,
1461930,2025,2025-07-22,"Sophia Gardens, Cardiff",3,6.6,6.6,Kent,Glamorgan,JK Denly,BG Compton,T van der Gugten,0,0,,,,,,,,,,,,,
1461930,2025,2025-07-22,"Sophia Gardens, Cardiff",3,7.1,7.1,Kent,Glamorgan,BG Compton,JK Denly,AM Fernando,0,0,,,,,,,,,,,,,
1461930,2025,2025-07-22,"Sophia Gardens, Cardiff",3,7.2,7.2,Kent,Glamorgan,BG Compton,JK Denly,AM Fernando,0,0,,,,,,,,,,,,,
1461930,2025,2025-07-22,"Sophia Gardens, Cardiff",3,7.3,7.3,Kent,Glamorgan,BG Compton,JK Denly,AM Fernando,0,0,,,,,,,,,,,,,
1461930,2025,2025-07-22,"Sophia Gardens, Cardiff",3,7.4,7.4,Kent,Glamorgan,BG Compton,JK Denly,AM Fernando,0,0,,,,,,,,,,,,,
1461930,2025,2025-07-22,"Sophia Gardens, Cardiff",3,7.5,7.5,Kent,Glamorgan,BG Compton,JK Denly,AM Fernando,0,0,,,,,,,,,,,,,
1461930,2025,2025-07-22,"Sophia Gardens, Cardiff",3,7.6,7.6,Kent,Glamorgan,BG Compton,JK Denly,AM Fernando,0,0,,,,,,,,,,,,,
1461930,2025,2025-07-22,"Sophia Gardens, Cardiff",3,8.1,8.1,Kent,Glamorgan,JK Denly,BG Compton,T van der Gugten,0,0,,,,,,,,,,,,,
1461930,2025,2025-07-22,"Sophia Gardens, Cardiff",3,8.2,8.2,Kent,Glamorgan,JK Denly,BG Compton,T van der Gugten,4,0,,,,,,,,,,,,,
1461930,2025,2025-07-22,"Sophia Gardens, Cardiff",3,8.3,8.3,Kent,Glamorgan,JK Denly,BG Compton,T van der Gugten,0,0,,,,,,,,,,,,,
1461930,2025,2025-07-22,"Sophia Gardens, Cardiff",3,8.4,8.4,Kent,Glamorgan,JK Denly,BG Compton,T van der Gugten,4,0,,,,,,,,,,,,,
1461930,2025,2025-07-22,"Sophia Gardens, Cardiff",3,8.5,8.5,Kent,Glamorgan,JK Denly,BG Compton,T van der Gugten,1,0,,,,,,,,,,,,,
1461930,2025,2025-07-22,"Sophia Gardens, Cardiff",3,8.6,8.6,Kent,Glamorgan,BG Compton,JK Denly,T van der Gugten,0,0,,,,,,,,,,,,,
1461930,2025,2025-07-22,"Sophia Gardens, Cardiff",3,9.1,9.1,Kent,Glamorgan,JK Denly,BG Compton,AM Fernando,0,0,,,,,,,,,,,,,
1461930,2025,2025-07-22,"Sophia Gardens, Cardiff",3,9.2,9.2,Kent,Glamorgan,JK Denly,BG Compton,AM Fernando,1,0,,,,,,,,,,,,,
1461930,2025,2025-07-22,"Sophia Gardens, Cardiff",3,9.3,9.3,Kent,Glamorgan,BG Compton,JK Denly,AM Fernando,0,0,,,,,,,,,,,,,
1461930,2025,2025-07-22,"Sophia Gardens, Cardiff",3,9.4,9.4,Kent,Glamorgan,BG Compton,JK Denly,AM Fernando,4,0,,,,,,,,,,,,,
1461930,2025,2025-07-22,"Sophia Gardens, Cardiff",3,9.5,9.5,Kent,Glamorgan,BG Compton,JK Denly,AM Fernando,0,0,,,,,,,,,,,,,
1461930,2025,2025-07-22,"Sophia Gardens, Cardiff",3,9.6,9.6,Kent,Glamorgan,BG Compton,JK Denly,AM Fernando,1,0,,,,,,,,,,,,,
1461930,2025,2025-07-22,"Sophia Gardens, Cardiff",3,10.1,10.1,Kent,Glamorgan,BG Compton,JK Denly,T van der Gugten,0,0,,,,,,,,,,,,,
1461930,2025,2025-07-22,"Sophia Gardens, Cardiff",3,10.2,10.2,Kent,Glamorgan,BG Compton,JK Denly,T van der Gugten,0,0,,,,,,,,,,,,,
1461930,2025,2025-07-22,"Sophia Gardens, Cardiff",3,10.3,10.3,Kent,Glamorgan,BG Compton,JK Denly,T van der Gugten,0,0,,,,,,,,,,,,,
1461930,2025,2025-07-22,"Sophia Gardens, Cardiff",3,10.4,10.4,Kent,Glamorgan,BG Compton,JK Denly,T van der Gugten,0,0,,,,,,,,,,,,,
1461930,2025,2025-07-22,"Sophia Gardens, Cardiff",3,10.5,10.5,Kent,Glamorgan,BG Compton,JK Denly,T van der Gugten,0,0,,,,,,,,,,,,,
1461930,2025,2025-07-22,"Sophia Gardens, Cardiff",3,10.6,10.6,Kent,Glamorgan,BG Compton,JK Denly,T van der Gugten,0,0,,,,,,,,,,,,,
1461930,2025,2025-07-22,"Sophia Gardens, Cardiff",3,11.1,11.1,Kent,Glamorgan,JK Denly,BG Compton,AM Fernando,1,0,,,,,,,,,,,,,
1461930,2025,2025-07-22,"Sophia Gardens, Cardiff",3,11.2,11.2,Kent,Glamorgan,BG Compton,JK Denly,AM Fernando,0,0,,,,,,,,,,,,,
1461930,2025,2025-07-22,"Sophia Gardens, Cardiff",3,11.3,11.3,Kent,Glamorgan,BG Compton,JK Denly,AM Fernando,4,0,,,,,,,,,,,,,
1461930,2025,2025-07-22,"Sophia Gardens, Cardiff",3,11.4,11.4,Kent,Glamorgan,BG Compton,JK Denly,AM Fernando,0,0,,,,,,,,,,,,,
1461930,2025,2025-07-22,"Sophia Gardens, Cardiff",3,11.5,11.5,Kent,Glamorgan,BG Compton,JK Denly,AM Fernando,0,0,,,,,,,,,,,,,
1461930,2025,2025-07-22,"Sophia Gardens, Cardiff",3,11.6,11.6,Kent,Glamorgan,BG Compton,JK Denly,AM Fernando,0,0,,,,,,,,,,,,,
1461930,2025,2025-07-22,"Sophia Gardens, Cardiff",3,12.1,12.1,Kent,Glamorgan,JK Denly,BG Compton,T van der Gugten,0,0,,,,,,,,,,,,,
1461930,2025,2025-07-22,"Sophia Gardens, Cardiff",3,12.2,12.2,Kent,Glamorgan,JK Denly,BG Compton,T van der Gugten,4,0,,,,,,,,,,,,,
1461930,2025,2025-07-22,"Sophia Gardens, Cardiff",3,12.3,12.3,Kent,Glamorgan,JK Denly,BG Compton,T van der Gugten,0,0,,,,,,,,,,,,,
1461930,2025,2025-07-22,"Sophia Gardens, Cardiff",3,12.4,12.4,Kent,Glamorgan,JK Denly,BG Compton,T van der Gugten,4,0,,,,,,,,,,,,,
1461930,2025,2025-07-22,"Sophia Gardens, Cardiff",3,12.5,12.5,Kent,Glamorgan,JK Denly,BG Compton,BI Kellaway,0,0,,,,,,,,,,,,,
1461930,2025,2025-07-22,"Sophia Gardens, Cardiff",3,12.6,12.6,Kent,Glamorgan,JK Denly,BG Compton,BI Kellaway,1,0,,,,,,,,,,,,,
1461930,2025,2025-07-22,"Sophia Gardens, Cardiff",3,13.1,13.1,Kent,Glamorgan,JK Denly,BG Compton,JAR Harris,0,0,,,,,,,,,,,,,
1461930,2025,2025-07-22,"Sophia Gardens, Cardiff",3,13.2,13.2,Kent,Glamorgan,JK Denly,BG Compton,JAR Harris,0,0,,,,,,,,,,,,,
1461930,2025,2025-07-22,"Sophia Gardens, Cardiff",3,13.3,13.3,Kent,Glamorgan,JK Denly,BG Compton,JAR Harris,1,0,,,,,,,,,,,,,
1461930,2025,2025-07-22,"Sophia Gardens, Cardiff",3,13.4,13.4,Kent,Glamorgan,BG Compton,JK Denly,JAR Harris,0,0,,,,,,,,,,,,,
1461930,2025,2025-07-22,"Sophia Gardens, Cardiff",3,13.5,13.5,Kent,Glamorgan,BG Compton,JK Denly,JAR Harris,0,0,,,,,,,,,,,,,
1461930,2025,2025-07-22,"Sophia Gardens, Cardiff",3,13.6,13.6,Kent,Glamorgan,BG Compton,JK Denly,JAR Harris,0,0,,,,,,,,,,,,,
1461930,2025,2025-07-22,"Sophia Gardens, Cardiff",3,14.1,14.1,Kent,Glamorgan,JK Denly,BG Compton,BI Kellaway,0,0,,,,,,,,,,,,,
1461930,2025,2025-07-22,"Sophia Gardens, Cardiff",3,14.2,14.2,Kent,Glamorgan,JK Denly,BG Compton,BI Kellaway,0,0,,,,,,,,,,,,,
1461930,2025,2025-07-22,"Sophia Gardens, Cardiff",3,14.3,14.3,Kent,Glamorgan,JK Denly,BG Compton,BI Kellaway,2,0,,,,,,,,,,,,,
1461930,2025,2025-07-22,"Sophia Gardens, Cardiff",3,14.4,14.4,Kent,Glamorgan,JK Denly,BG Compton,BI Kellaway,0,0,,,,,,,,,,,,,
1461930,2025,2025-07-22,"Sophia Gardens, Cardiff",3,14.5,14.5,Kent,Glamorgan,JK Denly,BG Compton,BI Kellaway,4,0,,,,,,,,,,,,,
1461930,2025,2025-07-22,"Sophia Gardens, Cardiff",3,14.6,14.6,Kent,Glamorgan,JK Denly,BG Compton,BI Kellaway,0,0,,,,,,,,,,,,,
1461930,2025,2025-07-22,"Sophia Gardens, Cardiff",3,15.1,15.1,Kent,Glamorgan,BG Compton,JK Denly,JAR Harris,0,0,,,,,,,,,,,,,
1461930,2025,2025-07-22,"Sophia Gardens, Cardiff",3,15.2,15.2,Kent,Glamorgan,BG Compton,JK Denly,JAR Harris,0,0,,,,,,,,,,,,,
1461930,2025,2025-07-22,"Sophia Gardens, Cardiff",3,15.3,15.3,Kent,Glamorgan,BG Compton,JK Denly,JAR Harris,0,0,,,,,,,,,,,,,
1461930,2025,2025-07-22,"Sophia Gardens, Cardiff",3,15.4,15.4,Kent,Glamorgan,BG Compton,JK Denly,JAR Harris,0,0,,,,,,,,,,,,,
1461930,2025,2025-07-22,"Sophia Gardens, Cardiff",3,15.5,15.5,Kent,Glamorgan,BG Compton,JK Denly,JAR Harris,0,0,,,,,,,,,,,,,
1461930,2025,2025-07-22,"Sophia Gardens, Cardiff",3,15.6,15.6,Kent,Glamorgan,BG Compton,JK Denly,JAR Harris,0,0,,,,,,,,,,,,,
1461930,2025,2025-07-22,"Sophia Gardens, Cardiff",3,16.1,16.1,Kent,Glamorgan,JK Denly,BG Compton,BI Kellaway,0,0,,,,,,,,,,,,,
1461930,2025,2025-07-22,"Sophia Gardens, Cardiff",3,16.2,16.2,Kent,Glamorgan,JK Denly,BG Compton,BI Kellaway,0,0,,,,,,,,,,,,,
1461930,2025,2025-07-22,"Sophia Gardens, Cardiff",3,16.3,16.3,Kent,Glamorgan,JK Denly,BG Compton,BI Kellaway,1,0,,,,,,,,,,,,,
1461930,2025,2025-07-22,"Sophia Gardens, Cardiff",3,16.4,16.4,Kent,Glamorgan,BG Compton,JK Denly,BI Kellaway,4,0,,,,,,,,,,,,,
1461930,2025,2025-07-22,"Sophia Gardens, Cardiff",3,16.5,16.5,Kent,Glamorgan,BG Compton,JK Denly,BI Kellaway,1,0,,,,,,,,,,,,,
1461930,2025,2025-07-22,"Sophia Gardens, Cardiff",3,16.6,16.6,Kent,Glamorgan,JK Denly,BG Compton,BI Kellaway,1,0,,,,,,,,,,,,,
1461930,2025,2025-07-22,"Sophia Gardens, Cardiff",3,17.1,17.1,Kent,Glamorgan,JK Denly,BG Compton,JAR Harris,0,0,,,,,,,,,,,,,
1461930,2025,2025-07-22,"Sophia Gardens, Cardiff",3,17.2,17.2,Kent,Glamorgan,JK Denly,BG Compton,JAR Harris,0,0,,,,,,,,,,,,,
1461930,2025,2025-07-22,"Sophia Gardens, Cardiff",3,17.3,17.3,Kent,Glamorgan,JK Denly,BG Compton,JAR Harris,0,0,,,,,,,,,,,,,
1461930,2025,2025-07-22,"Sophia Gardens, Cardiff",3,17.4,17.4,Kent,Glamorgan,JK Denly,BG Compton,JAR Harris,0,0,,,,,,,,,,,,,
1461930,2025,2025-07-22,"Sophia Gardens, Cardiff",3,17.5,17.5,Kent,Glamorgan,JK Denly,BG Compton,JAR Harris,0,0,,,,,,,,,,,,,
1461930,2025,2025-07-22,"Sophia Gardens, Cardiff",3,17.6,17.6,Kent,Glamorgan,JK Denly,BG Compton,JAR Harris,0,0,,,,,,,,,,,,,
1461930,2025,2025-07-22,"Sophia Gardens, Cardiff",3,18.1,18.1,Kent,Glamorgan,BG Compton,JK Denly,BI Kellaway,1,0,,,,,,,,,,,,,
1461930,2025,2025-07-22,"Sophia Gardens, Cardiff",3,18.2,18.2,Kent,Glamorgan,JK Denly,BG Compton,BI Kellaway,0,0,,,,,,,,,,,,,
1461930,2025,2025-07-22,"Sophia Gardens, Cardiff",3,18.3,18.3,Kent,Glamorgan,JK Denly,BG Compton,BI Kellaway,1,0,,,,,,,,,,,,,
1461930,2025,2025-07-22,"Sophia Gardens, Cardiff",3,18.4,18.4,Kent,Glamorgan,BG Compton,JK Denly,BI Kellaway,0,0,,,,,,,,,,,,,
1461930,2025,2025-07-22,"Sophia Gardens, Cardiff",3,18.5,18.5,Kent,Glamorgan,BG Compton,JK Denly,BI Kellaway,0,0,,,,,,,,,,,,,
1461930,2025,2025-07-22,"Sophia Gardens, Cardiff",3,18.6,18.6,Kent,Glamorgan,BG Compton,JK Denly,BI Kellaway,0,0,,,,,,,,,,,,,
1461930,2025,2025-07-22,"Sophia Gardens, Cardiff",3,19.1,19.1,Kent,Glamorgan,JK Denly,BG Compton,JAR Harris,1,0,,,,,,,,,,,,,
1461930,2025,2025-07-22,"Sophia Gardens, Cardiff",3,19.2,19.2,Kent,Glamorgan,BG Compton,JK Denly,JAR Harris,0,0,,,,,,,,,,,,,
1461930,2025,2025-07-22,"Sophia Gardens, Cardiff",3,19.3,19.3,Kent,Glamorgan,BG Compton,JK Denly,JAR Harris,0,0,,,,,,,,,,,,,
1461930,2025,2025-07-22,"Sophia Gardens, Cardiff",3,19.4,19.4,Kent,Glamorgan,BG Compton,JK Denly,JAR Harris,0,0,,,,,,,,,,,,,
1461930,2025,2025-07-22,"Sophia Gardens, Cardiff",3,19.5,19.5,Kent,Glamorgan,BG Compton,JK Denly,JAR Harris,0,0,,,,,,,,,,,,,
1461930,2025,2025-07-22,"Sophia Gardens, Cardiff",3,19.6,19.6,Kent,Glamorgan,BG Compton,JK Denly,JAR Harris,0,0,,,,,,,,,,,,,
1461930,2025,2025-07-22,"Sophia Gardens, Cardiff",3,20.1,20.1,Kent,Glamorgan,JK Denly,BG Compton,BI Kellaway,0,0,,,,,,,caught,JK Denly,,,WT Root,,
1461930,2025,2025-07-22,"Sophia Gardens, Cardiff",3,20.2,20.2,Kent,Glamorgan,CG Benjamin,BG Compton,BI Kellaway,0,0,,,,,,,,,,,,,
1461930,2025,2025-07-22,"Sophia Gardens, Cardiff",3,20.3,20.3,Kent,Glamorgan,CG Benjamin,BG Compton,BI Kellaway,0,0,,,,,,,,,,,,,
1461930,2025,2025-07-22,"Sophia Gardens, Cardiff",3,20.4,20.4,Kent,Glamorgan,CG Benjamin,BG Compton,BI Kellaway,0,0,,,,,,,,,,,,,
1461930,2025,2025-07-22,"Sophia Gardens, Cardiff",3,20.5,20.5,Kent,Glamorgan,CG Benjamin,BG Compton,BI Kellaway,0,0,,,,,,,,,,,,,
1461930,2025,2025-07-22,"Sophia Gardens, Cardiff",3,20.6,20.6,Kent,Glamorgan,CG Benjamin,BG Compton,BI Kellaway,0,0,,,,,,,,,,,,,
1461930,2025,2025-07-22,"Sophia Gardens, Cardiff",3,21.1,21.1,Kent,Glamorgan,BG Compton,CG Benjamin,JAR Harris,0,0,,,,,,,,,,,,,
1461930,2025,2025-07-22,"Sophia Gardens, Cardiff",3,21.2,21.2,Kent,Glamorgan,BG Compton,CG Benjamin,JAR Harris,0,0,,,,,,,,,,,,,
1461930,2025,2025-07-22,"Sophia Gardens, Cardiff",3,21.3,21.3,Kent,Glamorgan,BG Compton,CG Benjamin,JAR Harris,0,0,,,,,,,,,,,,,
1461930,2025,2025-07-22,"Sophia Gardens, Cardiff",3,21.4,21.4,Kent,Glamorgan,BG Compton,CG Benjamin,JAR Harris,1,0,,,,,,,,,,,,,
1461930,2025,2025-07-22,"Sophia Gardens, Cardiff",3,21.5,21.5,Kent,Glamorgan,CG Benjamin,BG Compton,JAR Harris,4,0,,,,,,,,,,,,,
1461930,2025,2025-07-22,"Sophia Gardens, Cardiff",3,21.6,21.6,Kent,Glamorgan,CG Benjamin,BG Compton,JAR Harris,0,0,,,,,,,,,,,,,
1461930,2025,2025-07-22,"Sophia Gardens, Cardiff",3,22.1,22.1,Kent,Glamorgan,BG Compton,CG Benjamin,BI Kellaway,0,0,,,,,,,,,,,,,
1461930,2025,2025-07-22,"Sophia Gardens, Cardiff",3,22.2,22.2,Kent,Glamorgan,BG Compton,CG Benjamin,BI Kellaway,0,0,,,,,,,,,,,,,
1461930,2025,2025-07-22,"Sophia Gardens, Cardiff",3,22.3,22.3,Kent,Glamorgan,BG Compton,CG Benjamin,BI Kellaway,1,0,,,,,,,,,,,,,
1461930,2025,2025-07-22,"Sophia Gardens, Cardiff",3,22.4,22.4,Kent,Glamorgan,CG Benjamin,BG Compton,BI Kellaway,0,0,,,,,,,,,,,,,
1461930,2025,2025-07-22,"Sophia Gardens, Cardiff",3,22.5,22.5,Kent,Glamorgan,CG Benjamin,BG Compton,BI Kellaway,0,0,,,,,,,,,,,,,
1461930,2025,2025-07-22,"Sophia Gardens, Cardiff",3,22.6,22.6,Kent,Glamorgan,CG Benjamin,BG Compton,BI Kellaway,4,0,,,,,,,,,,,,,
1461930,2025,2025-07-22,"Sophia Gardens, Cardiff",3,23.1,23.1,Kent,Glamorgan,BG Compton,CG Benjamin,JAR Harris,0,0,,,,,,,,,,,,,
1461930,2025,2025-07-22,"Sophia Gardens, Cardiff",3,23.2,23.2,Kent,Glamorgan,BG Compton,CG Benjamin,JAR Harris,0,0,,,,,,,,,,,,,
1461930,2025,2025-07-22,"Sophia Gardens, Cardiff",3,23.3,23.3,Kent,Glamorgan,BG Compton,CG Benjamin,JAR Harris,0,0,,,,,,,,,,,,,
1461930,2025,2025-07-22,"Sophia Gardens, Cardiff",3,23.4,23.4,Kent,Glamorgan,BG Compton,CG Benjamin,JAR Harris,3,0,,,,,,,,,,,,,
1461930,2025,2025-07-22,"Sophia Gardens, Cardiff",3,23.5,23.5,Kent,Glamorgan,CG Benjamin,BG Compton,JAR Harris,0,0,,,,,,,,,,,,,
1461930,2025,2025-07-22,"Sophia Gardens, Cardiff",3,23.6,23.6,Kent,Glamorgan,CG Benjamin,BG Compton,JAR Harris,0,0,,,,,,,,,,,,,
1461930,2025,2025-07-22,"Sophia Gardens, Cardiff",3,24.1,24.1,Kent,Glamorgan,BG Compton,CG Benjamin,BI Kellaway,0,0,,,,,,,,,,,,,
1461930,2025,2025-07-22,"Sophia Gardens, Cardiff",3,24.2,24.2,Kent,Glamorgan,BG Compton,CG Benjamin,BI Kellaway,0,0,,,,,,,,,,,,,
1461930,2025,2025-07-22,"Sophia Gardens, Cardiff",3,24.3,24.3,Kent,Glamorgan,BG Compton,CG Benjamin,BI Kellaway,0,0,,,,,,,,,,,,,
1461930,2025,2025-07-22,"Sophia Gardens, Cardiff",3,24.4,24.4,Kent,Glamorgan,BG Compton,CG Benjamin,BI Kellaway,0,0,,,,,,,,,,,,,
1461930,2025,2025-07-22,"Sophia Gardens, Cardiff",3,24.5,24.5,Kent,Glamorgan,BG Compton,CG Benjamin,BI Kellaway,0,0,,,,,,,,,,,,,
1461930,2025,2025-07-22,"Sophia Gardens, Cardiff",3,24.6,24.6,Kent,Glamorgan,BG Compton,CG Benjamin,BI Kellaway,0,0,,,,,,,,,,,,,
1461930,2025,2025-07-22,"Sophia Gardens, Cardiff",3,25.1,25.1,Kent,Glamorgan,CG Benjamin,BG Compton,EO Leonard,0,0,,,,,,,,,,,,,
1461930,2025,2025-07-22,"Sophia Gardens, Cardiff",3,25.2,25.2,Kent,Glamorgan,CG Benjamin,BG Compton,EO Leonard,0,0,,,,,,,,,,,,,
1461930,2025,2025-07-22,"Sophia Gardens, Cardiff",3,25.3,25.3,Kent,Glamorgan,CG Benjamin,BG Compton,EO Leonard,4,0,,,,,,,,,,,,,
1461930,2025,2025-07-22,"Sophia Gardens, Cardiff",3,25.4,25.4,Kent,Glamorgan,CG Benjamin,BG Compton,EO Leonard,1,0,,,,,,,,,,,,,
1461930,2025,2025-07-22,"Sophia Gardens, Cardiff",3,25.5,25.5,Kent,Glamorgan,BG Compton,CG Benjamin,EO Leonard,0,0,,,,,,,,,,,,,
1461930,2025,2025-07-22,"Sophia Gardens, Cardiff",3,25.6,25.6,Kent,Glamorgan,BG Compton,CG Benjamin,EO Leonard,0,0,,,,,,,,,,,,,
1461930,2025,2025-07-22,"Sophia Gardens, Cardiff",3,26.1,26.1,Kent,Glamorgan,CG Benjamin,BG Compton,BI Kellaway,0,0,,,,,,,,,,,,,
1461930,2025,2025-07-22,"Sophia Gardens, Cardiff",3,26.2,26.2,Kent,Glamorgan,CG Benjamin,BG Compton,BI Kellaway,0,0,,,,,,,,,,,,,
1461930,2025,2025-07-22,"Sophia Gardens, Cardiff",3,26.3,26.3,Kent,Glamorgan,CG Benjamin,BG Compton,BI Kellaway,4,0,,,,,,,,,,,,,
1461930,2025,2025-07-22,"Sophia Gardens, Cardiff",3,26.4,26.4,Kent,Glamorgan,CG Benjamin,BG Compton,BI Kellaway,0,0,,,,,,,,,,,,,
1461930,2025,2025-07-22,"Sophia Gardens, Cardiff",3,26.5,26.5,Kent,Glamorgan,CG Benjamin,BG Compton,BI Kellaway,0,0,,,,,,,,,,,,,
1461930,2025,2025-07-22,"Sophia Gardens, Cardiff",3,26.6,26.6,Kent,Glamorgan,CG Benjamin,BG Compton,BI Kellaway,0,0,,,,,,,,,,,,,
1461930,2025,2025-07-22,"Sophia Gardens, Cardiff",3,27.1,27.1,Kent,Glamorgan,BG Compton,CG Benjamin,EO Leonard,0,4,,,4,,,,,,,,,,
1461930,2025,2025-07-22,"Sophia Gardens, Cardiff",3,27.2,27.2,Kent,Glamorgan,BG Compton,CG Benjamin,EO Leonard,1,0,,,,,,,,,,,,,
1461930,2025,2025-07-22,"Sophia Gardens, Cardiff",3,27.3,27.3,Kent,Glamorgan,CG Benjamin,BG Compton,EO Leonard,0,0,,,,,,,,,,,,,
1461930,2025,2025-07-22,"Sophia Gardens, Cardiff",3,27.4,27.4,Kent,Glamorgan,CG Benjamin,BG Compton,EO Leonard,0,0,,,,,,,,,,,,,
1461930,2025,2025-07-22,"Sophia Gardens, Cardiff",3,27.5,27.5,Kent,Glamorgan,CG Benjamin,BG Compton,EO Leonard,4,0,,,,,,,,,,,,,
1461930,2025,2025-07-22,"Sophia Gardens, Cardiff",3,27.6,27.6,Kent,Glamorgan,CG Benjamin,BG Compton,EO Leonard,0,0,,,,,,,,,,,,,
1461930,2025,2025-07-22,"Sophia Gardens, Cardiff",3,28.1,28.1,Kent,Glamorgan,BG Compton,CG Benjamin,AM Fernando,0,0,,,,,,,,,,,,,
1461930,2025,2025-07-22,"Sophia Gardens, Cardiff",3,28.2,28.2,Kent,Glamorgan,BG Compton,CG Benjamin,AM Fernando,0,0,,,,,,,,,,,,,
1461930,2025,2025-07-22,"Sophia Gardens, Cardiff",3,28.3,28.3,Kent,Glamorgan,BG Compton,CG Benjamin,AM Fernando,0,0,,,,,,,,,,,,,
1461930,2025,2025-07-22,"Sophia Gardens, Cardiff",3,28.4,28.4,Kent,Glamorgan,BG Compton,CG Benjamin,AM Fernando,1,0,,,,,,,,,,,,,
1461930,2025,2025-07-22,"Sophia Gardens, Cardiff",3,28.5,28.5,Kent,Glamorgan,CG Benjamin,BG Compton,AM Fernando,0,0,,,,,,,,,,,,,
1461930,2025,2025-07-22,"Sophia Gardens, Cardiff",3,28.6,28.6,Kent,Glamorgan,CG Benjamin,BG Compton,AM Fernando,0,0,,,,,,,,,,,,,
1461930,2025,2025-07-22,"Sophia Gardens, Cardiff",3,29.1,29.1,Kent,Glamorgan,BG Compton,CG Benjamin,EO Leonard,0,0,,,,,,,,,,,,,
1461930,2025,2025-07-22,"Sophia Gardens, Cardiff",3,29.2,29.2,Kent,Glamorgan,BG Compton,CG Benjamin,EO Leonard,0,0,,,,,,,,,,,,,
1461930,2025,2025-07-22,"Sophia Gardens, Cardiff",3,29.3,29.3,Kent,Glamorgan,BG Compton,CG Benjamin,EO Leonard,0,2,,2,,,,,,,,,,,
1461930,2025,2025-07-22,"Sophia Gardens, Cardiff",3,29.4,29.3,Kent,Glamorgan,BG Compton,CG Benjamin,EO Leonard,0,2,,2,,,,,,,,,,,
1461930,2025,2025-07-22,"Sophia Gardens, Cardiff",3,29.5,29.3,Kent,Glamorgan,BG Compton,CG Benjamin,EO Leonard,0,0,,,,,,,,,,,,,
1461930,2025,2025-07-22,"Sophia Gardens, Cardiff",3,29.6,29.4,Kent,Glamorgan,BG Compton,CG Benjamin,EO Leonard,0,0,,,,,,,,,,,,,
1461930,2025,2025-07-22,"Sophia Gardens, Cardiff",3,29.7,29.5,Kent,Glamorgan,BG Compton,CG Benjamin,EO Leonard,0,0,,,,,,,,,,,,,
1461930,2025,2025-07-22,"Sophia Gardens, Cardiff",3,29.8,29.6,Kent,Glamorgan,BG Compton,CG Benjamin,EO Leonard,4,0,,,,,,,,,,,,,
1461930,2025,2025-07-22,"Sophia Gardens, Cardiff",3,30.1,30.1,Kent,Glamorgan,CG Benjamin,BG Compton,AM Fernando,0,0,,,,,,,,,,,,,
1461930,2025,2025-07-22,"Sophia Gardens, Cardiff",3,30.2,30.2,Kent,Glamorgan,CG Benjamin,BG Compton,AM Fernando,0,0,,,,,,,,,,,,,
1461930,2025,2025-07-22,"Sophia Gardens, Cardiff",3,30.3,30.3,Kent,Glamorgan,CG Benjamin,BG Compton,AM Fernando,1,0,,,,,,,,,,,,,
1461930,2025,2025-07-22,"Sophia Gardens, Cardiff",3,30.4,30.4,Kent,Glamorgan,BG Compton,CG Benjamin,AM Fernando,0,0,,,,,,,,,,,,,
1461930,2025,2025-07-22,"Sophia Gardens, Cardiff",3,30.5,30.5,Kent,Glamorgan,BG Compton,CG Benjamin,AM Fernando,1,0,,,,,,,,,,,,,
1461930,2025,2025-07-22,"Sophia Gardens, Cardiff",3,30.6,30.6,Kent,Glamorgan,CG Benjamin,BG Compton,AM Fernando,0,0,,,,,,,,,,,,,
1461930,2025,2025-07-22,"Sophia Gardens, Cardiff",3,31.1,31.1,Kent,Glamorgan,BG Compton,CG Benjamin,Zain-ul-Hassan,0,0,,,,,,,,,,,,,
1461930,2025,2025-07-22,"Sophia Gardens, Cardiff",3,31.2,31.2,Kent,Glamorgan,BG Compton,CG Benjamin,Zain-ul-Hassan,0,0,,,,,,,,,,,,,
1461930,2025,2025-07-22,"Sophia Gardens, Cardiff",3,31.3,31.3,Kent,Glamorgan,BG Compton,CG Benjamin,Zain-ul-Hassan,1,0,,,,,,,,,,,,,
1461930,2025,2025-07-22,"Sophia Gardens, Cardiff",3,31.4,31.4,Kent,Glamorgan,CG Benjamin,BG Compton,Zain-ul-Hassan,0,0,,,,,,,,,,,,,
1461930,2025,2025-07-22,"Sophia Gardens, Cardiff",3,31.5,31.5,Kent,Glamorgan,CG Benjamin,BG Compton,Zain-ul-Hassan,0,0,,,,,,,,,,,,,
1461930,2025,2025-07-22,"Sophia Gardens, Cardiff",3,31.6,31.6,Kent,Glamorgan,CG Benjamin,BG Compton,Zain-ul-Hassan,0,0,,,,,,,,,,,,,
1461930,2025,2025-07-22,"Sophia Gardens, Cardiff",3,32.1,32.1,Kent,Glamorgan,BG Compton,CG Benjamin,AM Fernando,1,0,,,,,,,,,,,,,
1461930,2025,2025-07-22,"Sophia Gardens, Cardiff",3,32.2,32.2,Kent,Glamorgan,CG Benjamin,BG Compton,AM Fernando,0,0,,,,,,,,,,,,,
1461930,2025,2025-07-22,"Sophia Gardens, Cardiff",3,32.3,32.3,Kent,Glamorgan,CG Benjamin,BG Compton,AM Fernando,0,0,,,,,,,,,,,,,
1461930,2025,2025-07-22,"Sophia Gardens, Cardiff",3,32.4,32.4,Kent,Glamorgan,CG Benjamin,BG Compton,AM Fernando,0,0,,,,,,,,,,,,,
1461930,2025,2025-07-22,"Sophia Gardens, Cardiff",3,32.5,32.5,Kent,Glamorgan,CG Benjamin,BG Compton,AM Fernando,0,0,,,,,,,,,,,,,
1461930,2025,2025-07-22,"Sophia Gardens, Cardiff",3,32.6,32.6,Kent,Glamorgan,CG Benjamin,BG Compton,AM Fernando,0,0,,,,,,,,,,,,,
1461930,2025,2025-07-22,"Sophia Gardens, Cardiff",3,33.1,33.1,Kent,Glamorgan,BG Compton,CG Benjamin,Zain-ul-Hassan,0,0,,,,,,,,,,,,,
1461930,2025,2025-07-22,"Sophia Gardens, Cardiff",3,33.2,33.2,Kent,Glamorgan,BG Compton,CG Benjamin,Zain-ul-Hassan,0,0,,,,,,,,,,,,,
1461930,2025,2025-07-22,"Sophia Gardens, Cardiff",3,33.3,33.3,Kent,Glamorgan,BG Compton,CG Benjamin,Zain-ul-Hassan,0,0,,,,,,,,,,,,,
1461930,2025,2025-07-22,"Sophia Gardens, Cardiff",3,33.4,33.4,Kent,Glamorgan,BG Compton,CG Benjamin,Zain-ul-Hassan,0,0,,,,,,,,,,,,,
1461930,2025,2025-07-22,"Sophia Gardens, Cardiff",3,33.5,33.5,Kent,Glamorgan,BG Compton,CG Benjamin,Zain-ul-Hassan,0,0,,,,,,,,,,,,,
1461930,2025,2025-07-22,"Sophia Gardens, Cardiff",3,33.6,33.6,Kent,Glamorgan,BG Compton,CG Benjamin,Zain-ul-Hassan,0,0,,,,,,,,,,,,,
1461930,2025,2025-07-22,"Sophia Gardens, Cardiff",3,34.1,34.1,Kent,Glamorgan,CG Benjamin,BG Compton,BI Kellaway,0,0,,,,,,,,,,,,,
1461930,2025,2025-07-22,"Sophia Gardens, Cardiff",3,34.2,34.2,Kent,Glamorgan,CG Benjamin,BG Compton,BI Kellaway,0,0,,,,,,,,,,,,,
1461930,2025,2025-07-22,"Sophia Gardens, Cardiff",3,34.3,34.3,Kent,Glamorgan,CG Benjamin,BG Compton,BI Kellaway,0,0,,,,,,,,,,,,,
1461930,2025,2025-07-22,"Sophia Gardens, Cardiff",3,34.4,34.4,Kent,Glamorgan,CG Benjamin,BG Compton,BI Kellaway,0,0,,,,,,,,,,,,,
1461930,2025,2025-07-22,"Sophia Gardens, Cardiff",3,34.5,34.5,Kent,Glamorgan,CG Benjamin,BG Compton,BI Kellaway,0,0,,,,,,,,,,,,,
1461930,2025,2025-07-22,"Sophia Gardens, Cardiff",3,34.6,34.6,Kent,Glamorgan,CG Benjamin,BG Compton,BI Kellaway,0,0,,,,,,,,,,,,,
1461930,2025,2025-07-22,"Sophia Gardens, Cardiff",3,35.1,35.1,Kent,Glamorgan,BG Compton,CG Benjamin,JAR Harris,0,0,,,,,,,,,,,,,
1461930,2025,2025-07-22,"Sophia Gardens, Cardiff",3,35.2,35.2,Kent,Glamorgan,BG Compton,CG Benjamin,JAR Harris,0,0,,,,,,,,,,,,,
1461930,2025,2025-07-22,"Sophia Gardens, Cardiff",3,35.3,35.3,Kent,Glamorgan,BG Compton,CG Benjamin,JAR Harris,0,0,,,,,,,,,,,,,
1461930,2025,2025-07-22,"Sophia Gardens, Cardiff",3,35.4,35.4,Kent,Glamorgan,BG Compton,CG Benjamin,JAR Harris,0,0,,,,,,,,,,,,,
1461930,2025,2025-07-22,"Sophia Gardens, Cardiff",3,35.5,35.5,Kent,Glamorgan,BG Compton,CG Benjamin,JAR Harris,0,0,,,,,,,,,,,,,
1461930,2025,2025-07-22,"Sophia Gardens, Cardiff",3,35.6,35.6,Kent,Glamorgan,BG Compton,CG Benjamin,JAR Harris,0,0,,,,,,,,,,,,,
1461930,2025,2025-07-22,"Sophia Gardens, Cardiff",3,36.1,36.1,Kent,Glamorgan,CG Benjamin,BG Compton,AM Fernando,0,0,,,,,,,,,,,,,
1461930,2025,2025-07-22,"Sophia Gardens, Cardiff",3,36.2,36.2,Kent,Glamorgan,CG Benjamin,BG Compton,AM Fernando,1,0,,,,,,,,,,,,,
1461930,2025,2025-07-22,"Sophia Gardens, Cardiff",3,36.3,36.3,Kent,Glamorgan,BG Compton,CG Benjamin,AM Fernando,0,0,,,,,,,,,,,,,
1461930,2025,2025-07-22,"Sophia Gardens, Cardiff",3,36.4,36.4,Kent,Glamorgan,BG Compton,CG Benjamin,AM Fernando,0,0,,,,,,,,,,,,,
1461930,2025,2025-07-22,"Sophia Gardens, Cardiff",3,36.5,36.5,Kent,Glamorgan,BG Compton,CG Benjamin,AM Fernando,0,0,,,,,,,,,,,,,
1461930,2025,2025-07-22,"Sophia Gardens, Cardiff",3,36.6,36.6,Kent,Glamorgan,BG Compton,CG Benjamin,AM Fernando,2,0,,,,,,,,,,,,,
1461930,2025,2025-07-22,"Sophia Gardens, Cardiff",3,37.1,37.1,Kent,Glamorgan,CG Benjamin,BG Compton,JAR Harris,0,0,,,,,,,,,,,,,
1461930,2025,2025-07-22,"Sophia Gardens, Cardiff",3,37.2,37.2,Kent,Glamorgan,CG Benjamin,BG Compton,JAR Harris,4,0,,,,,,,,,,,,,
1461930,2025,2025-07-22,"Sophia Gardens, Cardiff",3,37.3,37.3,Kent,Glamorgan,CG Benjamin,BG Compton,JAR Harris,0,0,,,,,,,,,,,,,
1461930,2025,2025-07-22,"Sophia Gardens, Cardiff",3,37.4,37.4,Kent,Glamorgan,CG Benjamin,BG Compton,JAR Harris,0,1,,,,1,,,,,,,,,
1461930,2025,2025-07-22,"Sophia Gardens, Cardiff",3,37.5,37.5,Kent,Glamorgan,BG Compton,CG Benjamin,JAR Harris,1,0,,,,,,,,,,,,,
1461930,2025,2025-07-22,"Sophia Gardens, Cardiff",3,37.6,37.6,Kent,Glamorgan,CG Benjamin,BG Compton,JAR Harris,0,0,,,,,,,,,,,,,
1461930,2025,2025-07-22,"Sophia Gardens, Cardiff",3,38.1,38.1,Kent,Glamorgan,BG Compton,CG Benjamin,AM Fernando,0,0,,,,,,,,,,,,,
1461930,2025,2025-07-22,"Sophia Gardens, Cardiff",3,38.2,38.2,Kent,Glamorgan,BG Compton,CG Benjamin,AM Fernando,0,0,,,,,,,,,,,,,
1461930,2025,2025-07-22,"Sophia Gardens, Cardiff",3,38.3,38.3,Kent,Glamorgan,BG Compton,CG Benjamin,AM Fernando,1,0,,,,,,,,,,,,,
1461930,2025,2025-07-22,"Sophia Gardens, Cardiff",3,38.4,38.4,Kent,Glamorgan,CG Benjamin,BG Compton,AM Fernando,0,0,,,,,,,,,,,,,
1461930,2025,2025-07-22,"Sophia Gardens, Cardiff",3,38.5,38.5,Kent,Glamorgan,CG Benjamin,BG Compton,AM Fernando,0,0,,,,,,,,,,,,,
1461930,2025,2025-07-22,"Sophia Gardens, Cardiff",3,38.6,38.6,Kent,Glamorgan,CG Benjamin,BG Compton,AM Fernando,0,0,,,,,,,,,,,,,
1461930,2025,2025-07-22,"Sophia Gardens, Cardiff",3,39.1,39.1,Kent,Glamorgan,BG Compton,CG Benjamin,JAR Harris,0,0,,,,,,,,,,,,,
1461930,2025,2025-07-22,"Sophia Gardens, Cardiff",3,39.2,39.2,Kent,Glamorgan,BG Compton,CG Benjamin,JAR Harris,0,0,,,,,,,,,,,,,
1461930,2025,2025-07-22,"Sophia Gardens, Cardiff",3,39.3,39.3,Kent,Glamorgan,BG Compton,CG Benjamin,JAR Harris,0,0,,,,,,,,,,,,,
1461930,2025,2025-07-22,"Sophia Gardens, Cardiff",3,39.4,39.4,Kent,Glamorgan,BG Compton,CG Benjamin,JAR Harris,1,0,,,,,,,,,,,,,
1461930,2025,2025-07-22,"Sophia Gardens, Cardiff",3,39.5,39.5,Kent,Glamorgan,CG Benjamin,BG Compton,JAR Harris,0,0,,,,,,,,,,,,,
1461930,2025,2025-07-22,"Sophia Gardens, Cardiff",3,39.6,39.6,Kent,Glamorgan,CG Benjamin,BG Compton,JAR Harris,0,0,,,,,,,,,,,,,
1461930,2025,2025-07-22,"Sophia Gardens, Cardiff",3,40.1,40.1,Kent,Glamorgan,BG Compton,CG Benjamin,AM Fernando,0,0,,,,,,,,,,,,,
1461930,2025,2025-07-22,"Sophia Gardens, Cardiff",3,40.2,40.2,Kent,Glamorgan,BG Compton,CG Benjamin,AM Fernando,0,0,,,,,,,,,,,,,
1461930,2025,2025-07-22,"Sophia Gardens, Cardiff",3,40.3,40.3,Kent,Glamorgan,BG Compton,CG Benjamin,AM Fernando,0,0,,,,,,,,,,,,,
1461930,2025,2025-07-22,"Sophia Gardens, Cardiff",3,40.4,40.4,Kent,Glamorgan,BG Compton,CG Benjamin,AM Fernando,0,0,,,,,,,,,,,,,
1461930,2025,2025-07-22,"Sophia Gardens, Cardiff",3,40.5,40.5,Kent,Glamorgan,BG Compton,CG Benjamin,AM Fernando,0,1,1,,,,,,,,,,,,
1461930,2025,2025-07-22,"Sophia Gardens, Cardiff",3,40.6,40.5,Kent,Glamorgan,BG Compton,CG Benjamin,AM Fernando,1,0,,,,,,,,,,,,,
1461930,2025,2025-07-22,"Sophia Gardens, Cardiff",3,40.7,40.6,Kent,Glamorgan,CG Benjamin,BG Compton,AM Fernando,0,0,,,,,,,,,,,,,
1461930,2025,2025-07-22,"Sophia Gardens, Cardiff",3,41.1,41.1,Kent,Glamorgan,BG Compton,CG Benjamin,JAR Harris,0,0,,,,,,,,,,,,,
1461930,2025,2025-07-22,"Sophia Gardens, Cardiff",3,41.2,41.2,Kent,Glamorgan,BG Compton,CG Benjamin,JAR Harris,1,0,,,,,,,,,,,,,
1461930,2025,2025-07-22,"Sophia Gardens, Cardiff",3,41.3,41.3,Kent,Glamorgan,CG Benjamin,BG Compton,JAR Harris,1,2,,2,,,,,,,,,,,
1461930,2025,2025-07-22,"Sophia Gardens, Cardiff",3,41.4,41.3,Kent,Glamorgan,BG Compton,CG Benjamin,JAR Harris,0,0,,,,,,,,,,,,,
1461930,2025,2025-07-22,"Sophia Gardens, Cardiff",3,41.5,41.4,Kent,Glamorgan,BG Compton,CG Benjamin,JAR Harris,0,0,,,,,,,,,,,,,
1461930,2025,2025-07-22,"Sophia Gardens, Cardiff",3,41.6,41.5,Kent,Glamorgan,BG Compton,CG Benjamin,JAR Harris,0,0,,,,,,,,,,,,,
1461930,2025,2025-07-22,"Sophia Gardens, Cardiff",3,41.7,41.6,Kent,Glamorgan,BG Compton,CG Benjamin,JAR Harris,0,0,,,,,,,,,,,,,
1461930,2025,2025-07-22,"Sophia Gardens, Cardiff",3,42.1,42.1,Kent,Glamorgan,CG Benjamin,BG Compton,BI Kellaway,0,0,,,,,,,,,,,,,
1461930,2025,2025-07-22,"Sophia Gardens, Cardiff",3,42.2,42.2,Kent,Glamorgan,CG Benjamin,BG Compton,BI Kellaway,0,0,,,,,,,,,,,,,
1461930,2025,2025-07-22,"Sophia Gardens, Cardiff",3,42.3,42.3,Kent,Glamorgan,CG Benjamin,BG Compton,BI Kellaway,0,0,,,,,,,,,,,,,
1461930,2025,2025-07-22,"Sophia Gardens, Cardiff",3,42.4,42.4,Kent,Glamorgan,CG Benjamin,BG Compton,BI Kellaway,0,0,,,,,,,,,,,,,
1461930,2025,2025-07-22,"Sophia Gardens, Cardiff",3,42.5,42.5,Kent,Glamorgan,CG Benjamin,BG Compton,BI Kellaway,0,0,,,,,,,,,,,,,
1461930,2025,2025-07-22,"Sophia Gardens, Cardiff",3,42.6,42.6,Kent,Glamorgan,CG Benjamin,BG Compton,BI Kellaway,1,0,,,,,,,,,,,,,
1461930,2025,2025-07-22,"Sophia Gardens, Cardiff",3,43.1,43.1,Kent,Glamorgan,CG Benjamin,BG Compton,Zain-ul-Hassan,0,2,,,,2,,,,,,,,,
1461930,2025,2025-07-22,"Sophia Gardens, Cardiff",3,43.2,43.2,Kent,Glamorgan,CG Benjamin,BG Compton,Zain-ul-Hassan,0,0,,,,,,,,,,,,,
1461930,2025,2025-07-22,"Sophia Gardens, Cardiff",3,43.3,43.3,Kent,Glamorgan,CG Benjamin,BG Compton,Zain-ul-Hassan,0,0,,,,,,,,,,,,,
1461930,2025,2025-07-22,"Sophia Gardens, Cardiff",3,43.4,43.4,Kent,Glamorgan,CG Benjamin,BG Compton,Zain-ul-Hassan,0,0,,,,,,,,,,,,,
1461930,2025,2025-07-22,"Sophia Gardens, Cardiff",3,43.5,43.5,Kent,Glamorgan,CG Benjamin,BG Compton,Zain-ul-Hassan,0,0,,,,,,,,,,,,,
1461930,2025,2025-07-22,"Sophia Gardens, Cardiff",3,43.6,43.6,Kent,Glamorgan,CG Benjamin,BG Compton,Zain-ul-Hassan,0,0,,,,,,,,,,,,,
1461930,2025,2025-07-22,"Sophia Gardens, Cardiff",3,44.1,44.1,Kent,Glamorgan,BG Compton,CG Benjamin,BI Kellaway,2,0,,,,,,,,,,,,,
1461930,2025,2025-07-22,"Sophia Gardens, Cardiff",3,44.2,44.2,Kent,Glamorgan,BG Compton,CG Benjamin,BI Kellaway,0,0,,,,,,,,,,,,,
1461930,2025,2025-07-22,"Sophia Gardens, Cardiff",3,44.3,44.3,Kent,Glamorgan,BG Compton,CG Benjamin,BI Kellaway,1,0,,,,,,,,,,,,,
1461930,2025,2025-07-22,"Sophia Gardens, Cardiff",3,44.4,44.4,Kent,Glamorgan,CG Benjamin,BG Compton,BI Kellaway,1,0,,,,,,,,,,,,,
1461930,2025,2025-07-22,"Sophia Gardens, Cardiff",3,44.5,44.5,Kent,Glamorgan,BG Compton,CG Benjamin,BI Kellaway,0,0,,,,,,,,,,,,,
1461930,2025,2025-07-22,"Sophia Gardens, Cardiff",3,44.6,44.6,Kent,Glamorgan,BG Compton,CG Benjamin,BI Kellaway,0,0,,,,,,,,,,,,,
1461930,2025,2025-07-22,"Sophia Gardens, Cardiff",3,45.1,45.1,Kent,Glamorgan,CG Benjamin,BG Compton,Zain-ul-Hassan,0,0,,,,,,,,,,,,,
1461930,2025,2025-07-22,"Sophia Gardens, Cardiff",3,45.2,45.2,Kent,Glamorgan,CG Benjamin,BG Compton,Zain-ul-Hassan,0,0,,,,,,,,,,,,,
1461930,2025,2025-07-22,"Sophia Gardens, Cardiff",3,45.3,45.3,Kent,Glamorgan,CG Benjamin,BG Compton,Zain-ul-Hassan,0,0,,,,,,,,,,,,,
1461930,2025,2025-07-22,"Sophia Gardens, Cardiff",3,45.4,45.4,Kent,Glamorgan,CG Benjamin,BG Compton,Zain-ul-Hassan,0,0,,,,,,,,,,,,,
1461930,2025,2025-07-22,"Sophia Gardens, Cardiff",3,45.5,45.5,Kent,Glamorgan,CG Benjamin,BG Compton,Zain-ul-Hassan,0,0,,,,,,,,,,,,,
1461930,2025,2025-07-22,"Sophia Gardens, Cardiff",3,45.6,45.6,Kent,Glamorgan,CG Benjamin,BG Compton,Zain-ul-Hassan,0,0,,,,,,,,,,,,,
1461930,2025,2025-07-22,"Sophia Gardens, Cardiff",3,46.1,46.1,Kent,Glamorgan,BG Compton,CG Benjamin,BI Kellaway,0,0,,,,,,,,,,,,,
1461930,2025,2025-07-22,"Sophia Gardens, Cardiff",3,46.2,46.2,Kent,Glamorgan,BG Compton,CG Benjamin,BI Kellaway,0,0,,,,,,,,,,,,,
1461930,2025,2025-07-22,"Sophia Gardens, Cardiff",3,46.3,46.3,Kent,Glamorgan,BG Compton,CG Benjamin,BI Kellaway,0,0,,,,,,,,,,,,,
1461930,2025,2025-07-22,"Sophia Gardens, Cardiff",3,46.4,46.4,Kent,Glamorgan,BG Compton,CG Benjamin,BI Kellaway,0,0,,,,,,,bowled,BG Compton,,,,,
1461930,2025,2025-07-22,"Sophia Gardens, Cardiff",3,46.5,46.5,Kent,Glamorgan,DJ Bell-Drummond,CG Benjamin,BI Kellaway,0,0,,,,,,,,,,,,,
1461930,2025,2025-07-22,"Sophia Gardens, Cardiff",3,46.6,46.6,Kent,Glamorgan,DJ Bell-Drummond,CG Benjamin,BI Kellaway,2,0,,,,,,,,,,,,,
1461930,2025,2025-07-22,"Sophia Gardens, Cardiff",3,47.1,47.1,Kent,Glamorgan,CG Benjamin,DJ Bell-Drummond,Zain-ul-Hassan,1,0,,,,,,,,,,,,,
1461930,2025,2025-07-22,"Sophia Gardens, Cardiff",3,47.2,47.2,Kent,Glamorgan,DJ Bell-Drummond,CG Benjamin,Zain-ul-Hassan,0,2,,,,2,,,,,,,,,
1461930,2025,2025-07-22,"Sophia Gardens, Cardiff",3,47.3,47.3,Kent,Glamorgan,DJ Bell-Drummond,CG Benjamin,Zain-ul-Hassan,0,0,,,,,,,,,,,,,
1461930,2025,2025-07-22,"Sophia Gardens, Cardiff",3,47.4,47.4,Kent,Glamorgan,DJ Bell-Drummond,CG Benjamin,Zain-ul-Hassan,0,0,,,,,,,,,,,,,
1461930,2025,2025-07-22,"Sophia Gardens, Cardiff",3,47.5,47.5,Kent,Glamorgan,DJ Bell-Drummond,CG Benjamin,Zain-ul-Hassan,1,0,,,,,,,,,,,,,
1461930,2025,2025-07-22,"Sophia Gardens, Cardiff",3,47.6,47.6,Kent,Glamorgan,CG Benjamin,DJ Bell-Drummond,Zain-ul-Hassan,0,0,,,,,,,,,,,,,
1461930,2025,2025-07-22,"Sophia Gardens, Cardiff",3,48.1,48.1,Kent,Glamorgan,DJ Bell-Drummond,CG Benjamin,BI Kellaway,0,0,,,,,,,,,,,,,
1461930,2025,2025-07-22,"Sophia Gardens, Cardiff",3,48.2,48.2,Kent,Glamorgan,DJ Bell-Drummond,CG Benjamin,BI Kellaway,0,0,,,,,,,,,,,,,
1461930,2025,2025-07-22,"Sophia Gardens, Cardiff",3,48.3,48.3,Kent,Glamorgan,DJ Bell-Drummond,CG Benjamin,BI Kellaway,0,0,,,,,,,,,,,,,
1461930,2025,2025-07-22,"Sophia Gardens, Cardiff",3,48.4,48.4,Kent,Glamorgan,DJ Bell-Drummond,CG Benjamin,BI Kellaway,0,0,,,,,,,,,,,,,
1461930,2025,2025-07-22,"Sophia Gardens, Cardiff",3,48.5,48.5,Kent,Glamorgan,DJ Bell-Drummond,CG Benjamin,BI Kellaway,4,0,,,,,,,,,,,,,
1461930,2025,2025-07-22,"Sophia Gardens, Cardiff",3,48.6,48.6,Kent,Glamorgan,DJ Bell-Drummond,CG Benjamin,BI Kellaway,0,0,,,,,,,,,,,,,
1461930,2025,2025-07-22,"Sophia Gardens, Cardiff",3,49.1,49.1,Kent,Glamorgan,CG Benjamin,DJ Bell-Drummond,Zain-ul-Hassan,0,0,,,,,,,,,,,,,
1461930,2025,2025-07-22,"Sophia Gardens, Cardiff",3,49.2,49.2,Kent,Glamorgan,CG Benjamin,DJ Bell-Drummond,Zain-ul-Hassan,0,0,,,,,,,,,,,,,
1461930,2025,2025-07-22,"Sophia Gardens, Cardiff",3,49.3,49.3,Kent,Glamorgan,CG Benjamin,DJ Bell-Drummond,Zain-ul-Hassan,0,0,,,,,,,,,,,,,
1461930,2025,2025-07-22,"Sophia Gardens, Cardiff",3,49.4,49.4,Kent,Glamorgan,CG Benjamin,DJ Bell-Drummond,Zain-ul-Hassan,1,0,,,,,,,,,,,,,
1461930,2025,2025-07-22,"Sophia Gardens, Cardiff",3,49.5,49.5,Kent,Glamorgan,DJ Bell-Drummond,CG Benjamin,Zain-ul-Hassan,1,0,,,,,,,,,,,,,
1461930,2025,2025-07-22,"Sophia Gardens, Cardiff",3,49.6,49.6,Kent,Glamorgan,CG Benjamin,DJ Bell-Drummond,Zain-ul-Hassan,0,0,,,,,,,,,,,,,
1461930,2025,2025-07-22,"Sophia Gardens, Cardiff",3,50.1,50.1,Kent,Glamorgan,DJ Bell-Drummond,CG Benjamin,BI Kellaway,0,0,,,,,,,,,,,,,
1461930,2025,2025-07-22,"Sophia Gardens, Cardiff",3,50.2,50.2,Kent,Glamorgan,DJ Bell-Drummond,CG Benjamin,BI Kellaway,1,0,,,,,,,,,,,,,
1461930,2025,2025-07-22,"Sophia Gardens, Cardiff",3,50.3,50.3,Kent,Glamorgan,CG Benjamin,DJ Bell-Drummond,BI Kellaway,1,0,,,,,,,,,,,,,
1461930,2025,2025-07-22,"Sophia Gardens, Cardiff",3,50.4,50.4,Kent,Glamorgan,DJ Bell-Drummond,CG Benjamin,BI Kellaway,0,0,,,,,,,,,,,,,
1461930,2025,2025-07-22,"Sophia Gardens, Cardiff",3,50.5,50.5,Kent,Glamorgan,DJ Bell-Drummond,CG Benjamin,BI Kellaway,0,0,,,,,,,,,,,,,
1461930,2025,2025-07-22,"Sophia Gardens, Cardiff",3,50.6,50.6,Kent,Glamorgan,DJ Bell-Drummond,CG Benjamin,BI Kellaway,0,0,,,,,,,,,,,,,
1461930,2025,2025-07-22,"Sophia Gardens, Cardiff",3,51.1,51.1,Kent,Glamorgan,CG Benjamin,DJ Bell-Drummond,AM Fernando,0,0,,,,,,,,,,,,,
1461930,2025,2025-07-22,"Sophia Gardens, Cardiff",3,51.2,51.2,Kent,Glamorgan,CG Benjamin,DJ Bell-Drummond,AM Fernando,0,0,,,,,,,,,,,,,
1461930,2025,2025-07-22,"Sophia Gardens, Cardiff",3,51.3,51.3,Kent,Glamorgan,CG Benjamin,DJ Bell-Drummond,AM Fernando,0,0,,,,,,,,,,,,,
1461930,2025,2025-07-22,"Sophia Gardens, Cardiff",3,51.4,51.4,Kent,Glamorgan,CG Benjamin,DJ Bell-Drummond,AM Fernando,0,0,,,,,,,,,,,,,
1461930,2025,2025-07-22,"Sophia Gardens, Cardiff",3,51.5,51.5,Kent,Glamorgan,CG Benjamin,DJ Bell-Drummond,AM Fernando,0,0,,,,,,,,,,,,,
1461930,2025,2025-07-22,"Sophia Gardens, Cardiff",3,51.6,51.6,Kent,Glamorgan,CG Benjamin,DJ Bell-Drummond,AM Fernando,0,0,,,,,,,,,,,,,
1461930,2025,2025-07-22,"Sophia Gardens, Cardiff",3,52.1,52.1,Kent,Glamorgan,DJ Bell-Drummond,CG Benjamin,EO Leonard,0,0,,,,,,,,,,,,,
1461930,2025,2025-07-22,"Sophia Gardens, Cardiff",3,52.2,52.2,Kent,Glamorgan,DJ Bell-Drummond,CG Benjamin,EO Leonard,1,0,,,,,,,,,,,,,
1461930,2025,2025-07-22,"Sophia Gardens, Cardiff",3,52.3,52.3,Kent,Glamorgan,CG Benjamin,DJ Bell-Drummond,EO Leonard,0,0,,,,,,,,,,,,,
1461930,2025,2025-07-22,"Sophia Gardens, Cardiff",3,52.4,52.4,Kent,Glamorgan,CG Benjamin,DJ Bell-Drummond,EO Leonard,0,0,,,,,,,,,,,,,
1461930,2025,2025-07-22,"Sophia Gardens, Cardiff",3,52.5,52.5,Kent,Glamorgan,CG Benjamin,DJ Bell-Drummond,EO Leonard,0,0,,,,,,,,,,,,,
1461930,2025,2025-07-22,"Sophia Gardens, Cardiff",3,52.6,52.6,Kent,Glamorgan,CG Benjamin,DJ Bell-Drummond,EO Leonard,0,0,,,,,,,,,,,,,
1461930,2025,2025-07-22,"Sophia Gardens, Cardiff",3,53.1,53.1,Kent,Glamorgan,DJ Bell-Drummond,CG Benjamin,AM Fernando,0,0,,,,,,,,,,,,,
1461930,2025,2025-07-22,"Sophia Gardens, Cardiff",3,53.2,53.2,Kent,Glamorgan,DJ Bell-Drummond,CG Benjamin,AM Fernando,0,0,,,,,,,,,,,,,
1461930,2025,2025-07-22,"Sophia Gardens, Cardiff",3,53.3,53.3,Kent,Glamorgan,DJ Bell-Drummond,CG Benjamin,AM Fernando,0,0,,,,,,,,,,,,,
1461930,2025,2025-07-22,"Sophia Gardens, Cardiff",3,53.4,53.4,Kent,Glamorgan,DJ Bell-Drummond,CG Benjamin,AM Fernando,0,0,,,,,,,,,,,,,
1461930,2025,2025-07-22,"Sophia Gardens, Cardiff",3,53.5,53.5,Kent,Glamorgan,DJ Bell-Drummond,CG Benjamin,AM Fernando,4,0,,,,,,,,,,,,,
1461930,2025,2025-07-22,"Sophia Gardens, Cardiff",3,53.6,53.6,Kent,Glamorgan,DJ Bell-Drummond,CG Benjamin,AM Fernando,0,0,,,,,,,,,,,,,
1461930,2025,2025-07-22,"Sophia Gardens, Cardiff",3,54.1,54.1,Kent,Glamorgan,CG Benjamin,DJ Bell-Drummond,EO Leonard,1,0,,,,,,,,,,,,,
1461930,2025,2025-07-22,"Sophia Gardens, Cardiff",3,54.2,54.2,Kent,Glamorgan,DJ Bell-Drummond,CG Benjamin,EO Leonard,0,0,,,,,,,,,,,,,
1461930,2025,2025-07-22,"Sophia Gardens, Cardiff",3,54.3,54.3,Kent,Glamorgan,DJ Bell-Drummond,CG Benjamin,EO Leonard,0,0,,,,,,,,,,,,,
1461930,2025,2025-07-22,"Sophia Gardens, Cardiff",3,54.4,54.4,Kent,Glamorgan,DJ Bell-Drummond,CG Benjamin,EO Leonard,0,0,,,,,,,,,,,,,
1461930,2025,2025-07-22,"Sophia Gardens, Cardiff",3,54.5,54.5,Kent,Glamorgan,DJ Bell-Drummond,CG Benjamin,EO Leonard,0,0,,,,,,,,,,,,,
1461930,2025,2025-07-22,"Sophia Gardens, Cardiff",3,54.6,54.6,Kent,Glamorgan,DJ Bell-Drummond,CG Benjamin,EO Leonard,0,0,,,,,,,,,,,,,
1461930,2025,2025-07-22,"Sophia Gardens, Cardiff",3,55.1,55.1,Kent,Glamorgan,CG Benjamin,DJ Bell-Drummond,AM Fernando,1,0,,,,,,,,,,,,,
1461930,2025,2025-07-22,"Sophia Gardens, Cardiff",3,55.2,55.2,Kent,Glamorgan,DJ Bell-Drummond,CG Benjamin,AM Fernando,0,0,,,,,,,,,,,,,
1461930,2025,2025-07-22,"Sophia Gardens, Cardiff",3,55.3,55.3,Kent,Glamorgan,DJ Bell-Drummond,CG Benjamin,AM Fernando,0,0,,,,,,,,,,,,,
1461930,2025,2025-07-22,"Sophia Gardens, Cardiff",3,55.4,55.4,Kent,Glamorgan,DJ Bell-Drummond,CG Benjamin,AM Fernando,0,0,,,,,,,,,,,,,
1461930,2025,2025-07-22,"Sophia Gardens, Cardiff",3,55.5,55.5,Kent,Glamorgan,DJ Bell-Drummond,CG Benjamin,AM Fernando,1,0,,,,,,,,,,,,,
1461930,2025,2025-07-22,"Sophia Gardens, Cardiff",3,55.6,55.6,Kent,Glamorgan,CG Benjamin,DJ Bell-Drummond,AM Fernando,0,0,,,,,,,,,,,,,
1461930,2025,2025-07-22,"Sophia Gardens, Cardiff",3,56.1,56.1,Kent,Glamorgan,DJ Bell-Drummond,CG Benjamin,EO Leonard,1,0,,,,,,,,,,,,,
1461930,2025,2025-07-22,"Sophia Gardens, Cardiff",3,56.2,56.2,Kent,Glamorgan,CG Benjamin,DJ Bell-Drummond,EO Leonard,0,0,,,,,,,,,,,,,
1461930,2025,2025-07-22,"Sophia Gardens, Cardiff",3,56.3,56.3,Kent,Glamorgan,CG Benjamin,DJ Bell-Drummond,EO Leonard,0,0,,,,,,,,,,,,,
1461930,2025,2025-07-22,"Sophia Gardens, Cardiff",3,56.4,56.4,Kent,Glamorgan,CG Benjamin,DJ Bell-Drummond,EO Leonard,0,0,,,,,,,,,,,,,
1461930,2025,2025-07-22,"Sophia Gardens, Cardiff",3,56.5,56.5,Kent,Glamorgan,CG Benjamin,DJ Bell-Drummond,EO Leonard,0,0,,,,,,,,,,,,,
1461930,2025,2025-07-22,"Sophia Gardens, Cardiff",3,56.6,56.6,Kent,Glamorgan,CG Benjamin,DJ Bell-Drummond,EO Leonard,0,0,,,,,,,,,,,,,
1461930,2025,2025-07-22,"Sophia Gardens, Cardiff",3,57.1,57.1,Kent,Glamorgan,DJ Bell-Drummond,CG Benjamin,AM Fernando,1,0,,,,,,,,,,,,,
1461930,2025,2025-07-22,"Sophia Gardens, Cardiff",3,57.2,57.2,Kent,Glamorgan,CG Benjamin,DJ Bell-Drummond,AM Fernando,0,0,,,,,,,,,,,,,
1461930,2025,2025-07-22,"Sophia Gardens, Cardiff",3,57.3,57.3,Kent,Glamorgan,CG Benjamin,DJ Bell-Drummond,AM Fernando,0,0,,,,,,,,,,,,,
1461930,2025,2025-07-22,"Sophia Gardens, Cardiff",3,57.4,57.4,Kent,Glamorgan,CG Benjamin,DJ Bell-Drummond,AM Fernando,1,0,,,,,,,,,,,,,
1461930,2025,2025-07-22,"Sophia Gardens, Cardiff",3,57.5,57.5,Kent,Glamorgan,DJ Bell-Drummond,CG Benjamin,AM Fernando,0,0,,,,,,,,,,,,,
1461930,2025,2025-07-22,"Sophia Gardens, Cardiff",3,57.6,57.6,Kent,Glamorgan,DJ Bell-Drummond,CG Benjamin,AM Fernando,4,0,,,,,,,,,,,,,
1461930,2025,2025-07-22,"Sophia Gardens, Cardiff",3,58.1,58.1,Kent,Glamorgan,CG Benjamin,DJ Bell-Drummond,EO Leonard,0,0,,,,,,,,,,,,,
1461930,2025,2025-07-22,"Sophia Gardens, Cardiff",3,58.2,58.2,Kent,Glamorgan,CG Benjamin,DJ Bell-Drummond,EO Leonard,2,0,,,,,,,,,,,,,
1461930,2025,2025-07-22,"Sophia Gardens, Cardiff",3,58.3,58.3,Kent,Glamorgan,CG Benjamin,DJ Bell-Drummond,EO Leonard,0,0,,,,,,,,,,,,,
1461930,2025,2025-07-22,"Sophia Gardens, Cardiff",3,58.4,58.4,Kent,Glamorgan,CG Benjamin,DJ Bell-Drummond,EO Leonard,0,0,,,,,,,,,,,,,
1461930,2025,2025-07-22,"Sophia Gardens, Cardiff",3,58.5,58.5,Kent,Glamorgan,CG Benjamin,DJ Bell-Drummond,EO Leonard,0,0,,,,,,,,,,,,,
1461930,2025,2025-07-22,"Sophia Gardens, Cardiff",3,58.6,58.6,Kent,Glamorgan,CG Benjamin,DJ Bell-Drummond,EO Leonard,0,0,,,,,,,,,,,,,
1461930,2025,2025-07-22,"Sophia Gardens, Cardiff",3,59.1,59.1,Kent,Glamorgan,DJ Bell-Drummond,CG Benjamin,AM Tribe,1,0,,,,,,,,,,,,,
1461930,2025,2025-07-22,"Sophia Gardens, Cardiff",3,59.2,59.2,Kent,Glamorgan,CG Benjamin,DJ Bell-Drummond,AM Tribe,0,0,,,,,,,,,,,,,
1461930,2025,2025-07-22,"Sophia Gardens, Cardiff",3,59.3,59.3,Kent,Glamorgan,CG Benjamin,DJ Bell-Drummond,AM Tribe,3,0,,,,,,,,,,,,,
1461930,2025,2025-07-22,"Sophia Gardens, Cardiff",3,59.4,59.4,Kent,Glamorgan,DJ Bell-Drummond,CG Benjamin,AM Tribe,0,0,,,,,,,,,,,,,
1461930,2025,2025-07-22,"Sophia Gardens, Cardiff",3,59.5,59.5,Kent,Glamorgan,DJ Bell-Drummond,CG Benjamin,AM Tribe,0,0,,,,,,,,,,,,,
1461930,2025,2025-07-22,"Sophia Gardens, Cardiff",3,59.6,59.6,Kent,Glamorgan,DJ Bell-Drummond,CG Benjamin,AM Tribe,0,0,,,,,,,,,,,,,
1461930,2025,2025-07-22,"Sophia Gardens, Cardiff",3,60.1,60.1,Kent,Glamorgan,CG Benjamin,DJ Bell-Drummond,EO Leonard,0,0,,,,,,,,,,,,,
1461930,2025,2025-07-22,"Sophia Gardens, Cardiff",3,60.2,60.2,Kent,Glamorgan,CG Benjamin,DJ Bell-Drummond,EO Leonard,1,0,,,,,,,,,,,,,
1461930,2025,2025-07-22,"Sophia Gardens, Cardiff",3,60.3,60.3,Kent,Glamorgan,DJ Bell-Drummond,CG Benjamin,EO Leonard,0,0,,,,,,,caught,DJ Bell-Drummond,,,,,
1461930,2025,2025-07-22,"Sophia Gardens, Cardiff",3,60.4,60.4,Kent,Glamorgan,JDM Evison,CG Benjamin,EO Leonard,0,0,,,,,,,,,,,,,
1461930,2025,2025-07-22,"Sophia Gardens, Cardiff",3,60.5,60.5,Kent,Glamorgan,JDM Evison,CG Benjamin,EO Leonard,0,0,,,,,,,,,,,,,
1461930,2025,2025-07-22,"Sophia Gardens, Cardiff",3,60.6,60.6,Kent,Glamorgan,JDM Evison,CG Benjamin,EO Leonard,0,1,1,,,,,,,,,,,,
1461930,2025,2025-07-22,"Sophia Gardens, Cardiff",3,60.7,60.6,Kent,Glamorgan,JDM Evison,CG Benjamin,EO Leonard,2,0,,,,,,,,,,,,,
1461930,2025,2025-07-22,"Sophia Gardens, Cardiff",3,61.1,61.1,Kent,Glamorgan,CG Benjamin,JDM Evison,AM Tribe,1,0,,,,,,,,,,,,,
1461930,2025,2025-07-22,"Sophia Gardens, Cardiff",3,61.2,61.2,Kent,Glamorgan,JDM Evison,CG Benjamin,AM Tribe,0,0,,,,,,,,,,,,,
1461930,2025,2025-07-22,"Sophia Gardens, Cardiff",3,61.3,61.3,Kent,Glamorgan,JDM Evison,CG Benjamin,AM Tribe,0,0,,,,,,,,,,,,,
1461930,2025,2025-07-22,"Sophia Gardens, Cardiff",3,61.4,61.4,Kent,Glamorgan,JDM Evison,CG Benjamin,AM Tribe,1,0,,,,,,,,,,,,,
1461930,2025,2025-07-22,"Sophia Gardens, Cardiff",3,61.5,61.5,Kent,Glamorgan,CG Benjamin,JDM Evison,AM Tribe,0,0,,,,,,,,,,,,,
1461930,2025,2025-07-22,"Sophia Gardens, Cardiff",3,61.6,61.6,Kent,Glamorgan,CG Benjamin,JDM Evison,AM Tribe,0,0,,,,,,,,,,,,,
1461930,2025,2025-07-22,"Sophia Gardens, Cardiff",3,62.1,62.1,Kent,Glamorgan,JDM Evison,CG Benjamin,BI Kellaway,0,0,,,,,,,,,,,,,
1461930,2025,2025-07-22,"Sophia Gardens, Cardiff",3,62.2,62.2,Kent,Glamorgan,JDM Evison,CG Benjamin,BI Kellaway,0,0,,,,,,,,,,,,,
1461930,2025,2025-07-22,"Sophia Gardens, Cardiff",3,62.3,62.3,Kent,Glamorgan,JDM Evison,CG Benjamin,BI Kellaway,0,0,,,,,,,,,,,,,
1461930,2025,2025-07-22,"Sophia Gardens, Cardiff",3,62.4,62.4,Kent,Glamorgan,JDM Evison,CG Benjamin,BI Kellaway,0,0,,,,,,,,,,,,,
1461930,2025,2025-07-22,"Sophia Gardens, Cardiff",3,62.5,62.5,Kent,Glamorgan,JDM Evison,CG Benjamin,BI Kellaway,4,0,,,,,,,,,,,,,
1461930,2025,2025-07-22,"Sophia Gardens, Cardiff",3,62.6,62.6,Kent,Glamorgan,JDM Evison,CG Benjamin,BI Kellaway,0,0,,,,,,,,,,,,,
1461930,2025,2025-07-22,"Sophia Gardens, Cardiff",3,63.1,63.1,Kent,Glamorgan,CG Benjamin,JDM Evison,JAR Harris,0,0,,,,,,,,,,,,,
1461930,2025,2025-07-22,"Sophia Gardens, Cardiff",3,63.2,63.2,Kent,Glamorgan,CG Benjamin,JDM Evison,JAR Harris,0,0,,,,,,,,,,,,,
1461930,2025,2025-07-22,"Sophia Gardens, Cardiff",3,63.3,63.3,Kent,Glamorgan,CG Benjamin,JDM Evison,JAR Harris,0,0,,,,,,,,,,,,,
1461930,2025,2025-07-22,"Sophia Gardens, Cardiff",3,63.4,63.4,Kent,Glamorgan,CG Benjamin,JDM Evison,JAR Harris,3,0,,,,,,,,,,,,,
1461930,2025,2025-07-22,"Sophia Gardens, Cardiff",3,63.5,63.5,Kent,Glamorgan,JDM Evison,CG Benjamin,JAR Harris,0,0,,,,,,,,,,,,,
1461930,2025,2025-07-22,"Sophia Gardens, Cardiff",3,63.6,63.6,Kent,Glamorgan,JDM Evison,CG Benjamin,JAR Harris,0,0,,,,,,,,,,,,,
1461930,2025,2025-07-22,"Sophia Gardens, Cardiff",3,64.1,64.1,Kent,Glamorgan,CG Benjamin,JDM Evison,BI Kellaway,0,0,,,,,,,,,,,,,
1461930,2025,2025-07-22,"Sophia Gardens, Cardiff",3,64.2,64.2,Kent,Glamorgan,CG Benjamin,JDM Evison,BI Kellaway,0,0,,,,,,,,,,,,,
1461930,2025,2025-07-22,"Sophia Gardens, Cardiff",3,64.3,64.3,Kent,Glamorgan,CG Benjamin,JDM Evison,BI Kellaway,0,0,,,,,,,,,,,,,
1461930,2025,2025-07-22,"Sophia Gardens, Cardiff",3,64.4,64.4,Kent,Glamorgan,CG Benjamin,JDM Evison,BI Kellaway,0,0,,,,,,,,,,,,,
1461930,2025,2025-07-22,"Sophia Gardens, Cardiff",3,64.5,64.5,Kent,Glamorgan,CG Benjamin,JDM Evison,BI Kellaway,0,0,,,,,,,,,,,,,
1461930,2025,2025-07-22,"Sophia Gardens, Cardiff",3,64.6,64.6,Kent,Glamorgan,CG Benjamin,JDM Evison,BI Kellaway,0,0,,,,,,,,,,,,,
1461930,2025,2025-07-22,"Sophia Gardens, Cardiff",3,65.1,65.1,Kent,Glamorgan,JDM Evison,CG Benjamin,JAR Harris,0,0,,,,,,,,,,,,,
1461930,2025,2025-07-22,"Sophia Gardens, Cardiff",3,65.2,65.2,Kent,Glamorgan,JDM Evison,CG Benjamin,JAR Harris,0,0,,,,,,,,,,,,,
1461930,2025,2025-07-22,"Sophia Gardens, Cardiff",3,65.3,65.3,Kent,Glamorgan,JDM Evison,CG Benjamin,JAR Harris,2,0,,,,,,,,,,,,,
1461930,2025,2025-07-22,"Sophia Gardens, Cardiff",3,65.4,65.4,Kent,Glamorgan,JDM Evison,CG Benjamin,JAR Harris,1,0,,,,,,,,,,,,,
1461930,2025,2025-07-22,"Sophia Gardens, Cardiff",3,65.5,65.5,Kent,Glamorgan,CG Benjamin,JDM Evison,JAR Harris,0,0,,,,,,,,,,,,,
1461930,2025,2025-07-22,"Sophia Gardens, Cardiff",3,65.6,65.6,Kent,Glamorgan,CG Benjamin,JDM Evison,JAR Harris,0,0,,,,,,,bowled,CG Benjamin,,,,,
1461930,2025,2025-07-22,"Sophia Gardens, Cardiff",3,66.1,66.1,Kent,Glamorgan,JDM Evison,HZ Finch,BI Kellaway,0,0,,,,,,,,,,,,,
1461930,2025,2025-07-22,"Sophia Gardens, Cardiff",3,66.2,66.2,Kent,Glamorgan,JDM Evison,HZ Finch,BI Kellaway,0,0,,,,,,,,,,,,,
1461930,2025,2025-07-22,"Sophia Gardens, Cardiff",3,66.3,66.3,Kent,Glamorgan,JDM Evison,HZ Finch,BI Kellaway,0,0,,,,,,,,,,,,,
1461930,2025,2025-07-22,"Sophia Gardens, Cardiff",3,66.4,66.4,Kent,Glamorgan,JDM Evison,HZ Finch,BI Kellaway,0,0,,,,,,,,,,,,,
1461930,2025,2025-07-22,"Sophia Gardens, Cardiff",3,66.5,66.5,Kent,Glamorgan,JDM Evison,HZ Finch,BI Kellaway,0,0,,,,,,,,,,,,,
1461930,2025,2025-07-22,"Sophia Gardens, Cardiff",3,66.6,66.6,Kent,Glamorgan,JDM Evison,HZ Finch,BI Kellaway,0,0,,,,,,,,,,,,,
1461930,2025,2025-07-22,"Sophia Gardens, Cardiff",3,67.1,67.1,Kent,Glamorgan,HZ Finch,JDM Evison,JAR Harris,0,0,,,,,,,,,,,,,
1461930,2025,2025-07-22,"Sophia Gardens, Cardiff",3,67.2,67.2,Kent,Glamorgan,HZ Finch,JDM Evison,JAR Harris,0,0,,,,,,,,,,,,,
1461930,2025,2025-07-22,"Sophia Gardens, Cardiff",3,67.3,67.3,Kent,Glamorgan,HZ Finch,JDM Evison,JAR Harris,0,0,,,,,,,,,,,,,
1461930,2025,2025-07-22,"Sophia Gardens, Cardiff",3,67.4,67.4,Kent,Glamorgan,HZ Finch,JDM Evison,JAR Harris,0,0,,,,,,,,,,,,,
1461930,2025,2025-07-22,"Sophia Gardens, Cardiff",3,67.5,67.5,Kent,Glamorgan,HZ Finch,JDM Evison,JAR Harris,0,0,,,,,,,,,,,,,
1461930,2025,2025-07-22,"Sophia Gardens, Cardiff",3,67.6,67.6,Kent,Glamorgan,HZ Finch,JDM Evison,JAR Harris,0,0,,,,,,,,,,,,,
1461930,2025,2025-07-22,"Sophia Gardens, Cardiff",3,68.1,68.1,Kent,Glamorgan,JDM Evison,HZ Finch,BI Kellaway,0,0,,,,,,,,,,,,,
1461930,2025,2025-07-22,"Sophia Gardens, Cardiff",3,68.2,68.2,Kent,Glamorgan,JDM Evison,HZ Finch,BI Kellaway,0,0,,,,,,,,,,,,,
1461930,2025,2025-07-22,"Sophia Gardens, Cardiff",3,68.3,68.3,Kent,Glamorgan,JDM Evison,HZ Finch,BI Kellaway,4,0,,,,,,,,,,,,,
1461930,2025,2025-07-22,"Sophia Gardens, Cardiff",3,68.4,68.4,Kent,Glamorgan,JDM Evison,HZ Finch,BI Kellaway,0,0,,,,,,,,,,,,,
1461930,2025,2025-07-22,"Sophia Gardens, Cardiff",3,68.5,68.5,Kent,Glamorgan,JDM Evison,HZ Finch,BI Kellaway,0,0,,,,,,,,,,,,,
1461930,2025,2025-07-22,"Sophia Gardens, Cardiff",3,68.6,68.6,Kent,Glamorgan,JDM Evison,HZ Finch,BI Kellaway,0,0,,,,,,,,,,,,,
1461930,2025,2025-07-22,"Sophia Gardens, Cardiff",3,69.1,69.1,Kent,Glamorgan,HZ Finch,JDM Evison,Zain-ul-Hassan,0,0,,,,,,,,,,,,,
1461930,2025,2025-07-22,"Sophia Gardens, Cardiff",3,69.2,69.2,Kent,Glamorgan,HZ Finch,JDM Evison,Zain-ul-Hassan,0,0,,,,,,,,,,,,,
1461930,2025,2025-07-22,"Sophia Gardens, Cardiff",3,69.3,69.3,Kent,Glamorgan,HZ Finch,JDM Evison,Zain-ul-Hassan,0,0,,,,,,,,,,,,,
1461930,2025,2025-07-22,"Sophia Gardens, Cardiff",3,69.4,69.4,Kent,Glamorgan,HZ Finch,JDM Evison,Zain-ul-Hassan,1,0,,,,,,,,,,,,,
1461930,2025,2025-07-22,"Sophia Gardens, Cardiff",3,69.5,69.5,Kent,Glamorgan,JDM Evison,HZ Finch,Zain-ul-Hassan,0,0,,,,,,,,,,,,,
1461930,2025,2025-07-22,"Sophia Gardens, Cardiff",3,69.6,69.6,Kent,Glamorgan,JDM Evison,HZ Finch,Zain-ul-Hassan,0,0,,,,,,,,,,,,,
1461930,2025,2025-07-22,"Sophia Gardens, Cardiff",3,70.1,70.1,Kent,Glamorgan,HZ Finch,JDM Evison,BI Kellaway,1,0,,,,,,,,,,,,,
1461930,2025,2025-07-22,"Sophia Gardens, Cardiff",3,70.2,70.2,Kent,Glamorgan,JDM Evison,HZ Finch,BI Kellaway,1,0,,,,,,,,,,,,,
1461930,2025,2025-07-22,"Sophia Gardens, Cardiff",3,70.3,70.3,Kent,Glamorgan,HZ Finch,JDM Evison,BI Kellaway,0,0,,,,,,,,,,,,,
1461930,2025,2025-07-22,"Sophia Gardens, Cardiff",3,70.4,70.4,Kent,Glamorgan,HZ Finch,JDM Evison,BI Kellaway,0,0,,,,,,,,,,,,,
1461930,2025,2025-07-22,"Sophia Gardens, Cardiff",3,70.5,70.5,Kent,Glamorgan,HZ Finch,JDM Evison,BI Kellaway,0,0,,,,,,,,,,,,,
1461930,2025,2025-07-22,"Sophia Gardens, Cardiff",3,70.6,70.6,Kent,Glamorgan,HZ Finch,JDM Evison,BI Kellaway,0,0,,,,,,,,,,,,,
1461930,2025,2025-07-22,"Sophia Gardens, Cardiff",3,71.1,71.1,Kent,Glamorgan,JDM Evison,HZ Finch,Zain-ul-Hassan,0,0,,,,,,,,,,,,,
1461930,2025,2025-07-22,"Sophia Gardens, Cardiff",3,71.2,71.2,Kent,Glamorgan,JDM Evison,HZ Finch,Zain-ul-Hassan,0,0,,,,,,,,,,,,,
1461930,2025,2025-07-22,"Sophia Gardens, Cardiff",3,71.3,71.3,Kent,Glamorgan,JDM Evison,HZ Finch,Zain-ul-Hassan,0,0,,,,,,,,,,,,,
1461930,2025,2025-07-22,"Sophia Gardens, Cardiff",3,71.4,71.4,Kent,Glamorgan,JDM Evison,HZ Finch,Zain-ul-Hassan,0,0,,,,,,,,,,,,,
1461930,2025,2025-07-22,"Sophia Gardens, Cardiff",3,71.5,71.5,Kent,Glamorgan,JDM Evison,HZ Finch,Zain-ul-Hassan,0,0,,,,,,,,,,,,,
1461930,2025,2025-07-22,"Sophia Gardens, Cardiff",3,71.6,71.6,Kent,Glamorgan,JDM Evison,HZ Finch,Zain-ul-Hassan,0,0,,,,,,,,,,,,,
1461930,2025,2025-07-22,"Sophia Gardens, Cardiff",3,72.1,72.1,Kent,Glamorgan,HZ Finch,JDM Evison,BI Kellaway,0,0,,,,,,,,,,,,,
1461930,2025,2025-07-22,"Sophia Gardens, Cardiff",3,72.2,72.2,Kent,Glamorgan,HZ Finch,JDM Evison,BI Kellaway,0,0,,,,,,,,,,,,,
1461930,2025,2025-07-22,"Sophia Gardens, Cardiff",3,72.3,72.3,Kent,Glamorgan,HZ Finch,JDM Evison,BI Kellaway,0,0,,,,,,,,,,,,,
1461930,2025,2025-07-22,"Sophia Gardens, Cardiff",3,72.4,72.4,Kent,Glamorgan,HZ Finch,JDM Evison,BI Kellaway,0,0,,,,,,,,,,,,,
1461930,2025,2025-07-22,"Sophia Gardens, Cardiff",3,72.5,72.5,Kent,Glamorgan,HZ Finch,JDM Evison,BI Kellaway,0,0,,,,,,,,,,,,,
1461930,2025,2025-07-22,"Sophia Gardens, Cardiff",3,72.6,72.6,Kent,Glamorgan,HZ Finch,JDM Evison,BI Kellaway,0,0,,,,,,,,,,,,,
1461930,2025,2025-07-22,"Sophia Gardens, Cardiff",3,73.1,73.1,Kent,Glamorgan,JDM Evison,HZ Finch,Zain-ul-Hassan,1,0,,,,,,,,,,,,,
1461930,2025,2025-07-22,"Sophia Gardens, Cardiff",3,73.2,73.2,Kent,Glamorgan,HZ Finch,JDM Evison,Zain-ul-Hassan,0,0,,,,,,,,,,,,,
1461930,2025,2025-07-22,"Sophia Gardens, Cardiff",3,73.3,73.3,Kent,Glamorgan,HZ Finch,JDM Evison,Zain-ul-Hassan,0,0,,,,,,,,,,,,,
1461930,2025,2025-07-22,"Sophia Gardens, Cardiff",3,73.4,73.4,Kent,Glamorgan,HZ Finch,JDM Evison,Zain-ul-Hassan,0,0,,,,,,,,,,,,,
1461930,2025,2025-07-22,"Sophia Gardens, Cardiff",3,73.5,73.5,Kent,Glamorgan,HZ Finch,JDM Evison,Zain-ul-Hassan,3,0,,,,,,,,,,,,,
1461930,2025,2025-07-22,"Sophia Gardens, Cardiff",3,73.6,73.6,Kent,Glamorgan,JDM Evison,HZ Finch,Zain-ul-Hassan,0,0,,,,,,,,,,,,,
1461930,2025,2025-07-22,"Sophia Gardens, Cardiff",3,74.1,74.1,Kent,Glamorgan,HZ Finch,JDM Evison,BI Kellaway,0,0,,,,,,,,,,,,,
1461930,2025,2025-07-22,"Sophia Gardens, Cardiff",3,74.2,74.2,Kent,Glamorgan,HZ Finch,JDM Evison,BI Kellaway,1,0,,,,,,,,,,,,,
1461930,2025,2025-07-22,"Sophia Gardens, Cardiff",3,74.3,74.3,Kent,Glamorgan,JDM Evison,HZ Finch,BI Kellaway,0,0,,,,,,,,,,,,,
1461930,2025,2025-07-22,"Sophia Gardens, Cardiff",3,74.4,74.4,Kent,Glamorgan,JDM Evison,HZ Finch,BI Kellaway,0,0,,,,,,,,,,,,,
1461930,2025,2025-07-22,"Sophia Gardens, Cardiff",3,74.5,74.5,Kent,Glamorgan,JDM Evison,HZ Finch,BI Kellaway,1,0,,,,,,,,,,,,,
1461930,2025,2025-07-22,"Sophia Gardens, Cardiff",3,74.6,74.6,Kent,Glamorgan,HZ Finch,JDM Evison,BI Kellaway,0,0,,,,,,,,,,,,,
1461930,2025,2025-07-22,"Sophia Gardens, Cardiff",3,75.1,75.1,Kent,Glamorgan,JDM Evison,HZ Finch,EO Leonard,0,0,,,,,,,,,,,,,
1461930,2025,2025-07-22,"Sophia Gardens, Cardiff",3,75.2,75.2,Kent,Glamorgan,JDM Evison,HZ Finch,EO Leonard,0,0,,,,,,,,,,,,,
1461930,2025,2025-07-22,"Sophia Gardens, Cardiff",3,75.3,75.3,Kent,Glamorgan,JDM Evison,HZ Finch,EO Leonard,0,0,,,,,,,,,,,,,
1461930,2025,2025-07-22,"Sophia Gardens, Cardiff",3,75.4,75.4,Kent,Glamorgan,JDM Evison,HZ Finch,EO Leonard,1,0,,,,,,,,,,,,,
1461930,2025,2025-07-22,"Sophia Gardens, Cardiff",3,75.5,75.5,Kent,Glamorgan,HZ Finch,JDM Evison,EO Leonard,0,0,,,,,,,,,,,,,
1461930,2025,2025-07-22,"Sophia Gardens, Cardiff",3,75.6,75.6,Kent,Glamorgan,HZ Finch,JDM Evison,EO Leonard,1,0,,,,,,,,,,,,,
1461930,2025,2025-07-22,"Sophia Gardens, Cardiff",3,76.1,76.1,Kent,Glamorgan,HZ Finch,JDM Evison,BI Kellaway,0,0,,,,,,,,,,,,,
1461930,2025,2025-07-22,"Sophia Gardens, Cardiff",3,76.2,76.2,Kent,Glamorgan,HZ Finch,JDM Evison,BI Kellaway,3,0,,,,,,,,,,,,,
1461930,2025,2025-07-22,"Sophia Gardens, Cardiff",3,76.3,76.3,Kent,Glamorgan,JDM Evison,HZ Finch,BI Kellaway,1,0,,,,,,,,,,,,,
1461930,2025,2025-07-22,"Sophia Gardens, Cardiff",3,76.4,76.4,Kent,Glamorgan,HZ Finch,JDM Evison,BI Kellaway,0,0,,,,,,,,,,,,,
1461930,2025,2025-07-22,"Sophia Gardens, Cardiff",3,76.5,76.5,Kent,Glamorgan,HZ Finch,JDM Evison,BI Kellaway,0,0,,,,,,,,,,,,,
1461930,2025,2025-07-22,"Sophia Gardens, Cardiff",3,76.6,76.6,Kent,Glamorgan,HZ Finch,JDM Evison,BI Kellaway,0,0,,,,,,,,,,,,,
1461930,2025,2025-07-22,"Sophia Gardens, Cardiff",3,77.1,77.1,Kent,Glamorgan,JDM Evison,HZ Finch,EO Leonard,0,0,,,,,,,,,,,,,
1461930,2025,2025-07-22,"Sophia Gardens, Cardiff",3,77.2,77.2,Kent,Glamorgan,JDM Evison,HZ Finch,EO Leonard,4,0,,,,,,,,,,,,,
1461930,2025,2025-07-22,"Sophia Gardens, Cardiff",3,77.3,77.3,Kent,Glamorgan,JDM Evison,HZ Finch,EO Leonard,0,0,,,,,,,,,,,,,
1461930,2025,2025-07-22,"Sophia Gardens, Cardiff",3,77.4,77.4,Kent,Glamorgan,JDM Evison,HZ Finch,EO Leonard,0,0,,,,,,,,,,,,,
1461930,2025,2025-07-22,"Sophia Gardens, Cardiff",3,77.5,77.5,Kent,Glamorgan,JDM Evison,HZ Finch,EO Leonard,0,0,,,,,,,,,,,,,
1461930,2025,2025-07-22,"Sophia Gardens, Cardiff",3,77.6,77.6,Kent,Glamorgan,JDM Evison,HZ Finch,EO Leonard,0,0,,,,,,,,,,,,,
1461930,2025,2025-07-22,"Sophia Gardens, Cardiff",3,78.1,78.1,Kent,Glamorgan,HZ Finch,JDM Evison,BI Kellaway,3,0,,,,,,,,,,,,,
1461930,2025,2025-07-22,"Sophia Gardens, Cardiff",3,78.2,78.2,Kent,Glamorgan,JDM Evison,HZ Finch,BI Kellaway,0,0,,,,,,,,,,,,,
1461930,2025,2025-07-22,"Sophia Gardens, Cardiff",3,78.3,78.3,Kent,Glamorgan,JDM Evison,HZ Finch,BI Kellaway,1,0,,,,,,,,,,,,,
1461930,2025,2025-07-22,"Sophia Gardens, Cardiff",3,78.4,78.4,Kent,Glamorgan,HZ Finch,JDM Evison,BI Kellaway,0,0,,,,,,,,,,,,,
1461930,2025,2025-07-22,"Sophia Gardens, Cardiff",3,78.5,78.5,Kent,Glamorgan,HZ Finch,JDM Evison,BI Kellaway,0,0,,,,,,,,,,,,,
1461930,2025,2025-07-22,"Sophia Gardens, Cardiff",3,78.6,78.6,Kent,Glamorgan,HZ Finch,JDM Evison,BI Kellaway,0,0,,,,,,,,,,,,,
1461930,2025,2025-07-22,"Sophia Gardens, Cardiff",3,79.1,79.1,Kent,Glamorgan,JDM Evison,HZ Finch,AM Tribe,0,0,,,,,,,,,,,,,
1461930,2025,2025-07-22,"Sophia Gardens, Cardiff",3,79.2,79.2,Kent,Glamorgan,JDM Evison,HZ Finch,AM Tribe,0,0,,,,,,,,,,,,,
1461930,2025,2025-07-22,"Sophia Gardens, Cardiff",3,79.3,79.3,Kent,Glamorgan,JDM Evison,HZ Finch,AM Tribe,6,0,,,,,,,,,,,,,
1461930,2025,2025-07-22,"Sophia Gardens, Cardiff",3,79.4,79.4,Kent,Glamorgan,JDM Evison,HZ Finch,AM Tribe,0,0,,,,,,,,,,,,,
1461930,2025,2025-07-22,"Sophia Gardens, Cardiff",3,79.5,79.5,Kent,Glamorgan,JDM Evison,HZ Finch,AM Tribe,0,0,,,,,,,,,,,,,
1461930,2025,2025-07-22,"Sophia Gardens, Cardiff",3,79.6,79.6,Kent,Glamorgan,JDM Evison,HZ Finch,AM Tribe,2,0,,,,,,,,,,,,,
1461930,2025,2025-07-22,"Sophia Gardens, Cardiff",3,80.1,80.1,Kent,Glamorgan,HZ Finch,JDM Evison,AM Fernando,0,0,,,,,,,,,,,,,
1461930,2025,2025-07-22,"Sophia Gardens, Cardiff",3,80.2,80.2,Kent,Glamorgan,HZ Finch,JDM Evison,AM Fernando,0,0,,,,,,,,,,,,,
1461930,2025,2025-07-22,"Sophia Gardens, Cardiff",3,80.3,80.3,Kent,Glamorgan,HZ Finch,JDM Evison,AM Fernando,4,0,,,,,,,,,,,,,
1461930,2025,2025-07-22,"Sophia Gardens, Cardiff",3,80.4,80.4,Kent,Glamorgan,HZ Finch,JDM Evison,AM Fernando,4,0,,,,,,,,,,,,,
1461930,2025,2025-07-22,"Sophia Gardens, Cardiff",3,80.5,80.5,Kent,Glamorgan,HZ Finch,JDM Evison,AM Fernando,4,0,,,,,,,,,,,,,
1461930,2025,2025-07-22,"Sophia Gardens, Cardiff",3,80.6,80.6,Kent,Glamorgan,HZ Finch,JDM Evison,AM Fernando,0,0,,,,,,,,,,,,,
1461930,2025,2025-07-22,"Sophia Gardens, Cardiff",3,81.1,81.1,Kent,Glamorgan,JDM Evison,HZ Finch,JAR Harris,4,0,,,,,,,,,,,,,
1461930,2025,2025-07-22,"Sophia Gardens, Cardiff",3,81.2,81.2,Kent,Glamorgan,JDM Evison,HZ Finch,JAR Harris,0,0,,,,,,,,,,,,,
1461930,2025,2025-07-22,"Sophia Gardens, Cardiff",3,81.3,81.3,Kent,Glamorgan,JDM Evison,HZ Finch,JAR Harris,0,0,,,,,,,,,,,,,
1461930,2025,2025-07-22,"Sophia Gardens, Cardiff",3,81.4,81.4,Kent,Glamorgan,JDM Evison,HZ Finch,JAR Harris,0,0,,,,,,,,,,,,,
1461930,2025,2025-07-22,"Sophia Gardens, Cardiff",3,81.5,81.5,Kent,Glamorgan,JDM Evison,HZ Finch,JAR Harris,0,0,,,,,,,,,,,,,
1461930,2025,2025-07-22,"Sophia Gardens, Cardiff",3,81.6,81.6,Kent,Glamorgan,JDM Evison,HZ Finch,JAR Harris,4,0,,,,,,,,,,,,,
1461930,2025,2025-07-22,"Sophia Gardens, Cardiff",3,82.1,82.1,Kent,Glamorgan,HZ Finch,JDM Evison,AM Fernando,0,0,,,,,,,,,,,,,
1461930,2025,2025-07-22,"Sophia Gardens, Cardiff",3,82.2,82.2,Kent,Glamorgan,HZ Finch,JDM Evison,AM Fernando,0,0,,,,,,,,,,,,,
1461930,2025,2025-07-22,"Sophia Gardens, Cardiff",3,82.3,82.3,Kent,Glamorgan,HZ Finch,JDM Evison,AM Fernando,0,0,,,,,,,,,,,,,
1461930,2025,2025-07-22,"Sophia Gardens, Cardiff",3,82.4,82.4,Kent,Glamorgan,HZ Finch,JDM Evison,AM Fernando,0,0,,,,,,,,,,,,,
1461930,2025,2025-07-22,"Sophia Gardens, Cardiff",3,82.5,82.5,Kent,Glamorgan,HZ Finch,JDM Evison,AM Fernando,0,0,,,,,,,,,,,,,
1461930,2025,2025-07-22,"Sophia Gardens, Cardiff",3,82.6,82.6,Kent,Glamorgan,HZ Finch,JDM Evison,AM Fernando,0,0,,,,,,,,,,,,,
1461930,2025,2025-07-22,"Sophia Gardens, Cardiff",3,83.1,83.1,Kent,Glamorgan,JDM Evison,HZ Finch,JAR Harris,4,0,,,,,,,,,,,,,
1461930,2025,2025-07-22,"Sophia Gardens, Cardiff",3,83.2,83.2,Kent,Glamorgan,JDM Evison,HZ Finch,JAR Harris,0,0,,,,,,,,,,,,,
1461930,2025,2025-07-22,"Sophia Gardens, Cardiff",3,83.3,83.3,Kent,Glamorgan,JDM Evison,HZ Finch,JAR Harris,1,0,,,,,,,,,,,,,
1461930,2025,2025-07-22,"Sophia Gardens, Cardiff",3,83.4,83.4,Kent,Glamorgan,HZ Finch,JDM Evison,JAR Harris,4,0,,,,,,,,,,,,,
1461930,2025,2025-07-22,"Sophia Gardens, Cardiff",3,83.5,83.5,Kent,Glamorgan,HZ Finch,JDM Evison,JAR Harris,1,0,,,,,,,,,,,,,
1461930,2025,2025-07-22,"Sophia Gardens, Cardiff",3,83.6,83.6,Kent,Glamorgan,JDM Evison,HZ Finch,JAR Harris,0,0,,,,,,,,,,,,,
1461930,2025,2025-07-22,"Sophia Gardens, Cardiff",3,84.1,84.1,Kent,Glamorgan,HZ Finch,JDM Evison,AM Fernando,4,0,,,,,,,,,,,,,
1461930,2025,2025-07-22,"Sophia Gardens, Cardiff",3,84.2,84.2,Kent,Glamorgan,HZ Finch,JDM Evison,AM Fernando,1,0,,,,,,,,,,,,,
1461930,2025,2025-07-22,"Sophia Gardens, Cardiff",3,84.3,84.3,Kent,Glamorgan,JDM Evison,HZ Finch,AM Fernando,0,0,,,,,,,,,,,,,
1461930,2025,2025-07-22,"Sophia Gardens, Cardiff",3,84.4,84.4,Kent,Glamorgan,JDM Evison,HZ Finch,AM Fernando,0,0,,,,,,,,,,,,,
1461930,2025,2025-07-22,"Sophia Gardens, Cardiff",3,84.5,84.5,Kent,Glamorgan,JDM Evison,HZ Finch,AM Fernando,0,0,,,,,,,,,,,,,
1461930,2025,2025-07-22,"Sophia Gardens, Cardiff",3,84.6,84.6,Kent,Glamorgan,JDM Evison,HZ Finch,AM Fernando,0,0,,,,,,,,,,,,,
1461930,2025,2025-07-22,"Sophia Gardens, Cardiff",3,85.1,85.1,Kent,Glamorgan,HZ Finch,JDM Evison,JAR Harris,0,0,,,,,,,,,,,,,
1461930,2025,2025-07-22,"Sophia Gardens, Cardiff",3,85.2,85.2,Kent,Glamorgan,HZ Finch,JDM Evison,JAR Harris,4,0,,,,,,,,,,,,,
1461930,2025,2025-07-22,"Sophia Gardens, Cardiff",3,85.3,85.3,Kent,Glamorgan,HZ Finch,JDM Evison,JAR Harris,0,0,,,,,,,,,,,,,
1461930,2025,2025-07-22,"Sophia Gardens, Cardiff",3,85.4,85.4,Kent,Glamorgan,HZ Finch,JDM Evison,JAR Harris,0,0,,,,,,,,,,,,,
1461930,2025,2025-07-22,"Sophia Gardens, Cardiff",3,85.5,85.5,Kent,Glamorgan,HZ Finch,JDM Evison,JAR Harris,0,0,,,,,,,,,,,,,
1461930,2025,2025-07-22,"Sophia Gardens, Cardiff",3,85.6,85.6,Kent,Glamorgan,HZ Finch,JDM Evison,JAR Harris,0,0,,,,,,,,,,,,,
1461930,2025,2025-07-22,"Sophia Gardens, Cardiff",3,86.1,86.1,Kent,Glamorgan,JDM Evison,HZ Finch,AM Fernando,0,0,,,,,,,,,,,,,
1461930,2025,2025-07-22,"Sophia Gardens, Cardiff",3,86.2,86.2,Kent,Glamorgan,JDM Evison,HZ Finch,AM Fernando,0,0,,,,,,,,,,,,,
1461930,2025,2025-07-22,"Sophia Gardens, Cardiff",3,86.3,86.3,Kent,Glamorgan,JDM Evison,HZ Finch,AM Fernando,0,0,,,,,,,,,,,,,
1461930,2025,2025-07-22,"Sophia Gardens, Cardiff",3,86.4,86.4,Kent,Glamorgan,JDM Evison,HZ Finch,AM Fernando,0,0,,,,,,,,,,,,,
1461930,2025,2025-07-22,"Sophia Gardens, Cardiff",3,86.5,86.5,Kent,Glamorgan,JDM Evison,HZ Finch,AM Fernando,0,1,1,,,,,,,,,,,,
1461930,2025,2025-07-22,"Sophia Gardens, Cardiff",3,86.6,86.5,Kent,Glamorgan,JDM Evison,HZ Finch,AM Fernando,0,0,,,,,,,,,,,,,
1461930,2025,2025-07-22,"Sophia Gardens, Cardiff",3,86.7,86.6,Kent,Glamorgan,JDM Evison,HZ Finch,AM Fernando,0,0,,,,,,,,,,,,,
1461930,2025,2025-07-22,"Sophia Gardens, Cardiff",3,87.1,87.1,Kent,Glamorgan,HZ Finch,JDM Evison,JAR Harris,0,0,,,,,,,,,,,,,
1461930,2025,2025-07-22,"Sophia Gardens, Cardiff",3,87.2,87.2,Kent,Glamorgan,HZ Finch,JDM Evison,JAR Harris,1,0,,,,,,,,,,,,,
1461930,2025,2025-07-22,"Sophia Gardens, Cardiff",3,87.3,87.3,Kent,Glamorgan,JDM Evison,HZ Finch,JAR Harris,0,0,,,,,,,,,,,,,
1461930,2025,2025-07-22,"Sophia Gardens, Cardiff",3,87.4,87.4,Kent,Glamorgan,JDM Evison,HZ Finch,JAR Harris,1,0,,,,,,,,,,,,,
1461930,2025,2025-07-22,"Sophia Gardens, Cardiff",3,87.5,87.5,Kent,Glamorgan,HZ Finch,JDM Evison,JAR Harris,1,0,,,,,,,,,,,,,
1461930,2025,2025-07-22,"Sophia Gardens, Cardiff",3,87.6,87.6,Kent,Glamorgan,JDM Evison,HZ Finch,JAR Harris,2,0,,,,,,,,,,,,,
1461930,2025,2025-07-22,"Sophia Gardens, Cardiff",3,88.1,88.1,Kent,Glamorgan,HZ Finch,JDM Evison,BI Kellaway,0,0,,,,,,,,,,,,,
1461930,2025,2025-07-22,"Sophia Gardens, Cardiff",3,88.2,88.2,Kent,Glamorgan,HZ Finch,JDM Evison,BI Kellaway,0,0,,,,,,,,,,,,,
1461930,2025,2025-07-22,"Sophia Gardens, Cardiff",3,88.3,88.3,Kent,Glamorgan,HZ Finch,JDM Evison,BI Kellaway,0,0,,,,,,,,,,,,,
1461930,2025,2025-07-22,"Sophia Gardens, Cardiff",3,88.4,88.4,Kent,Glamorgan,HZ Finch,JDM Evison,BI Kellaway,0,0,,,,,,,,,,,,,
1461930,2025,2025-07-22,"Sophia Gardens, Cardiff",3,88.5,88.5,Kent,Glamorgan,HZ Finch,JDM Evison,BI Kellaway,1,0,,,,,,,,,,,,,
1461930,2025,2025-07-22,"Sophia Gardens, Cardiff",3,88.6,88.6,Kent,Glamorgan,JDM Evison,HZ Finch,BI Kellaway,0,0,,,,,,,,,,,,,
1461930,2025,2025-07-22,"Sophia Gardens, Cardiff",3,89.1,89.1,Kent,Glamorgan,HZ Finch,JDM Evison,Zain-ul-Hassan,0,0,,,,,,,,,,,,,
1461930,2025,2025-07-22,"Sophia Gardens, Cardiff",3,89.2,89.2,Kent,Glamorgan,HZ Finch,JDM Evison,Zain-ul-Hassan,0,0,,,,,,,,,,,,,
1461930,2025,2025-07-22,"Sophia Gardens, Cardiff",3,89.3,89.3,Kent,Glamorgan,HZ Finch,JDM Evison,Zain-ul-Hassan,0,0,,,,,,,,,,,,,
1461930,2025,2025-07-22,"Sophia Gardens, Cardiff",3,89.4,89.4,Kent,Glamorgan,HZ Finch,JDM Evison,Zain-ul-Hassan,1,0,,,,,,,,,,,,,
1461930,2025,2025-07-22,"Sophia Gardens, Cardiff",3,89.5,89.5,Kent,Glamorgan,JDM Evison,HZ Finch,Zain-ul-Hassan,0,0,,,,,,,,,,,,,
1461930,2025,2025-07-22,"Sophia Gardens, Cardiff",3,89.6,89.6,Kent,Glamorgan,JDM Evison,HZ Finch,Zain-ul-Hassan,0,0,,,,,,,,,,,,,
1461930,2025,2025-07-22,"Sophia Gardens, Cardiff",3,90.1,90.1,Kent,Glamorgan,HZ Finch,JDM Evison,BI Kellaway,0,0,,,,,,,,,,,,,
1461930,2025,2025-07-22,"Sophia Gardens, Cardiff",3,90.2,90.2,Kent,Glamorgan,HZ Finch,JDM Evison,BI Kellaway,1,0,,,,,,,,,,,,,
1461930,2025,2025-07-22,"Sophia Gardens, Cardiff",3,90.3,90.3,Kent,Glamorgan,JDM Evison,HZ Finch,BI Kellaway,1,0,,,,,,,,,,,,,
1461930,2025,2025-07-22,"Sophia Gardens, Cardiff",3,90.4,90.4,Kent,Glamorgan,HZ Finch,JDM Evison,BI Kellaway,0,0,,,,,,,,,,,,,
1461930,2025,2025-07-22,"Sophia Gardens, Cardiff",3,90.5,90.5,Kent,Glamorgan,HZ Finch,JDM Evison,BI Kellaway,0,0,,,,,,,,,,,,,
1461930,2025,2025-07-22,"Sophia Gardens, Cardiff",3,90.6,90.6,Kent,Glamorgan,HZ Finch,JDM Evison,BI Kellaway,0,0,,,,,,,,,,,,,
1461930,2025,2025-07-22,"Sophia Gardens, Cardiff",3,91.1,91.1,Kent,Glamorgan,JDM Evison,HZ Finch,Zain-ul-Hassan,0,0,,,,,,,,,,,,,
1461930,2025,2025-07-22,"Sophia Gardens, Cardiff",3,91.2,91.2,Kent,Glamorgan,JDM Evison,HZ Finch,Zain-ul-Hassan,0,0,,,,,,,caught,JDM Evison,,,CA Ingram,,
1461930,2025,2025-07-22,"Sophia Gardens, Cardiff",3,91.3,91.3,Kent,Glamorgan,G Stewart,HZ Finch,Zain-ul-Hassan,0,0,,,,,,,,,,,,,
1461930,2025,2025-07-22,"Sophia Gardens, Cardiff",3,91.4,91.4,Kent,Glamorgan,G Stewart,HZ Finch,Zain-ul-Hassan,0,0,,,,,,,,,,,,,
1461930,2025,2025-07-22,"Sophia Gardens, Cardiff",3,91.5,91.5,Kent,Glamorgan,G Stewart,HZ Finch,Zain-ul-Hassan,0,0,,,,,,,,,,,,,
1461930,2025,2025-07-22,"Sophia Gardens, Cardiff",3,91.6,91.6,Kent,Glamorgan,G Stewart,HZ Finch,Zain-ul-Hassan,1,0,,,,,,,,,,,,,
1461930,2025,2025-07-22,"Sophia Gardens, Cardiff",3,92.1,92.1,Kent,Glamorgan,G Stewart,HZ Finch,BI Kellaway,0,0,,,,,,,,,,,,,
1461930,2025,2025-07-22,"Sophia Gardens, Cardiff",3,92.2,92.2,Kent,Glamorgan,G Stewart,HZ Finch,BI Kellaway,0,0,,,,,,,,,,,,,
1461930,2025,2025-07-22,"Sophia Gardens, Cardiff",3,92.3,92.3,Kent,Glamorgan,G Stewart,HZ Finch,BI Kellaway,0,0,,,,,,,,,,,,,
1461930,2025,2025-07-22,"Sophia Gardens, Cardiff",3,92.4,92.4,Kent,Glamorgan,G Stewart,HZ Finch,BI Kellaway,0,0,,,,,,,,,,,,,
1461930,2025,2025-07-22,"Sophia Gardens, Cardiff",3,92.5,92.5,Kent,Glamorgan,G Stewart,HZ Finch,BI Kellaway,0,4,,,4,,,,,,,,,,
1461930,2025,2025-07-22,"Sophia Gardens, Cardiff",3,92.6,92.6,Kent,Glamorgan,G Stewart,HZ Finch,BI Kellaway,0,0,,,,,,,,,,,,,
1461930,2025,2025-07-22,"Sophia Gardens, Cardiff",3,93.1,93.1,Kent,Glamorgan,HZ Finch,G Stewart,Zain-ul-Hassan,1,0,,,,,,,,,,,,,
1461930,2025,2025-07-22,"Sophia Gardens, Cardiff",3,93.2,93.2,Kent,Glamorgan,G Stewart,HZ Finch,Zain-ul-Hassan,0,0,,,,,,,,,,,,,
1461930,2025,2025-07-22,"Sophia Gardens, Cardiff",3,93.3,93.3,Kent,Glamorgan,G Stewart,HZ Finch,Zain-ul-Hassan,0,0,,,,,,,,,,,,,
1461930,2025,2025-07-22,"Sophia Gardens, Cardiff",3,93.4,93.4,Kent,Glamorgan,G Stewart,HZ Finch,Zain-ul-Hassan,1,0,,,,,,,,,,,,,
1461930,2025,2025-07-22,"Sophia Gardens, Cardiff",3,93.5,93.5,Kent,Glamorgan,HZ Finch,G Stewart,Zain-ul-Hassan,0,0,,,,,,,,,,,,,
1461930,2025,2025-07-22,"Sophia Gardens, Cardiff",3,93.6,93.6,Kent,Glamorgan,HZ Finch,G Stewart,Zain-ul-Hassan,0,0,,,,,,,,,,,,,
1461930,2025,2025-07-22,"Sophia Gardens, Cardiff",3,94.1,94.1,Kent,Glamorgan,G Stewart,HZ Finch,BI Kellaway,0,0,,,,,,,,,,,,,
1461930,2025,2025-07-22,"Sophia Gardens, Cardiff",3,94.2,94.2,Kent,Glamorgan,G Stewart,HZ Finch,BI Kellaway,0,0,,,,,,,,,,,,,
1461930,2025,2025-07-22,"Sophia Gardens, Cardiff",3,94.3,94.3,Kent,Glamorgan,G Stewart,HZ Finch,BI Kellaway,2,0,,,,,,,,,,,,,
1461930,2025,2025-07-22,"Sophia Gardens, Cardiff",3,94.4,94.4,Kent,Glamorgan,G Stewart,HZ Finch,BI Kellaway,1,0,,,,,,,,,,,,,
1461930,2025,2025-07-22,"Sophia Gardens, Cardiff",3,94.5,94.5,Kent,Glamorgan,HZ Finch,G Stewart,BI Kellaway,0,0,,,,,,,,,,,,,
1461930,2025,2025-07-22,"Sophia Gardens, Cardiff",3,94.6,94.6,Kent,Glamorgan,HZ Finch,G Stewart,BI Kellaway,0,0,,,,,,,,,,,,,
1461930,2025,2025-07-22,"Sophia Gardens, Cardiff",3,95.1,95.1,Kent,Glamorgan,G Stewart,HZ Finch,Zain-ul-Hassan,0,0,,,,,,,,,,,,,
1461930,2025,2025-07-22,"Sophia Gardens, Cardiff",3,95.2,95.2,Kent,Glamorgan,G Stewart,HZ Finch,Zain-ul-Hassan,0,0,,,,,,,,,,,,,
1461930,2025,2025-07-22,"Sophia Gardens, Cardiff",3,95.3,95.3,Kent,Glamorgan,G Stewart,HZ Finch,Zain-ul-Hassan,2,0,,,,,,,,,,,,,
1461930,2025,2025-07-22,"Sophia Gardens, Cardiff",3,95.4,95.4,Kent,Glamorgan,G Stewart,HZ Finch,Zain-ul-Hassan,0,0,,,,,,,,,,,,,
1461930,2025,2025-07-22,"Sophia Gardens, Cardiff",3,95.5,95.5,Kent,Glamorgan,G Stewart,HZ Finch,Zain-ul-Hassan,0,0,,,,,,,,,,,,,
1461930,2025,2025-07-22,"Sophia Gardens, Cardiff",3,95.6,95.6,Kent,Glamorgan,G Stewart,HZ Finch,Zain-ul-Hassan,0,0,,,,,,,,,,,,,
1461930,2025,2025-07-22,"Sophia Gardens, Cardiff",3,96.1,96.1,Kent,Glamorgan,HZ Finch,G Stewart,BI Kellaway,0,0,,,,,,,,,,,,,
1461930,2025,2025-07-22,"Sophia Gardens, Cardiff",3,96.2,96.2,Kent,Glamorgan,HZ Finch,G Stewart,BI Kellaway,1,0,,,,,,,,,,,,,
1461930,2025,2025-07-22,"Sophia Gardens, Cardiff",3,96.3,96.3,Kent,Glamorgan,G Stewart,HZ Finch,BI Kellaway,0,0,,,,,,,,,,,,,
1461930,2025,2025-07-22,"Sophia Gardens, Cardiff",3,96.4,96.4,Kent,Glamorgan,G Stewart,HZ Finch,BI Kellaway,1,0,,,,,,,,,,,,,
1461930,2025,2025-07-22,"Sophia Gardens, Cardiff",3,96.5,96.5,Kent,Glamorgan,HZ Finch,G Stewart,BI Kellaway,0,0,,,,,,,,,,,,,
1461930,2025,2025-07-22,"Sophia Gardens, Cardiff",3,96.6,96.6,Kent,Glamorgan,HZ Finch,G Stewart,BI Kellaway,0,0,,,,,,,,,,,,,
1461930,2025,2025-07-22,"Sophia Gardens, Cardiff",3,97.1,97.1,Kent,Glamorgan,G Stewart,HZ Finch,Zain-ul-Hassan,0,0,,,,,,,,,,,,,
1461930,2025,2025-07-22,"Sophia Gardens, Cardiff",3,97.2,97.2,Kent,Glamorgan,G Stewart,HZ Finch,Zain-ul-Hassan,0,0,,,,,,,,,,,,,
1461930,2025,2025-07-22,"Sophia Gardens, Cardiff",3,97.3,97.3,Kent,Glamorgan,G Stewart,HZ Finch,Zain-ul-Hassan,1,0,,,,,,,,,,,,,
1461930,2025,2025-07-22,"Sophia Gardens, Cardiff",3,97.4,97.4,Kent,Glamorgan,HZ Finch,G Stewart,Zain-ul-Hassan,0,0,,,,,,,,,,,,,
1461930,2025,2025-07-22,"Sophia Gardens, Cardiff",3,97.5,97.5,Kent,Glamorgan,HZ Finch,G Stewart,Zain-ul-Hassan,0,0,,,,,,,,,,,,,
1461930,2025,2025-07-22,"Sophia Gardens, Cardiff",3,97.6,97.6,Kent,Glamorgan,HZ Finch,G Stewart,Zain-ul-Hassan,4,0,,,,,,,,,,,,,
1461930,2025,2025-07-22,"Sophia Gardens, Cardiff",3,98.1,98.1,Kent,Glamorgan,G Stewart,HZ Finch,BI Kellaway,0,0,,,,,,,,,,,,,
1461930,2025,2025-07-22,"Sophia Gardens, Cardiff",3,98.2,98.2,Kent,Glamorgan,G Stewart,HZ Finch,BI Kellaway,0,0,,,,,,,,,,,,,
1461930,2025,2025-07-22,"Sophia Gardens, Cardiff",3,98.3,98.3,Kent,Glamorgan,G Stewart,HZ Finch,BI Kellaway,1,0,,,,,,,,,,,,,
1461930,2025,2025-07-22,"Sophia Gardens, Cardiff",3,98.4,98.4,Kent,Glamorgan,HZ Finch,G Stewart,BI Kellaway,1,0,,,,,,,,,,,,,
1461930,2025,2025-07-22,"Sophia Gardens, Cardiff",3,98.5,98.5,Kent,Glamorgan,G Stewart,HZ Finch,BI Kellaway,0,0,,,,,,,,,,,,,
1461930,2025,2025-07-22,"Sophia Gardens, Cardiff",3,98.6,98.6,Kent,Glamorgan,G Stewart,HZ Finch,BI Kellaway,6,0,,,,,,,,,,,,,
1461930,2025,2025-07-22,"Sophia Gardens, Cardiff",3,99.1,99.1,Kent,Glamorgan,HZ Finch,G Stewart,EO Leonard,0,0,,,,,,,,,,,,,
1461930,2025,2025-07-22,"Sophia Gardens, Cardiff",3,99.2,99.2,Kent,Glamorgan,HZ Finch,G Stewart,EO Leonard,1,0,,,,,,,,,,,,,
1461930,2025,2025-07-22,"Sophia Gardens, Cardiff",3,99.3,99.3,Kent,Glamorgan,G Stewart,HZ Finch,EO Leonard,0,0,,,,,,,,,,,,,
1461930,2025,2025-07-22,"Sophia Gardens, Cardiff",3,99.4,99.4,Kent,Glamorgan,G Stewart,HZ Finch,EO Leonard,1,0,,,,,,,,,,,,,
1461930,2025,2025-07-22,"Sophia Gardens, Cardiff",3,99.5,99.5,Kent,Glamorgan,HZ Finch,G Stewart,EO Leonard,0,0,,,,,,,,,,,,,
1461930,2025,2025-07-22,"Sophia Gardens, Cardiff",3,99.6,99.6,Kent,Glamorgan,HZ Finch,G Stewart,EO Leonard,0,0,,,,,,,,,,,,,
1461930,2025,2025-07-22,"Sophia Gardens, Cardiff",3,100.1,100.1,Kent,Glamorgan,G Stewart,HZ Finch,BI Kellaway,0,0,,,,,,,,,,,,,
1461930,2025,2025-07-22,"Sophia Gardens, Cardiff",3,100.2,100.2,Kent,Glamorgan,G Stewart,HZ Finch,BI Kellaway,1,0,,,,,,,,,,,,,
1461930,2025,2025-07-22,"Sophia Gardens, Cardiff",3,100.3,100.3,Kent,Glamorgan,HZ Finch,G Stewart,BI Kellaway,0,0,,,,,,,,,,,,,
1461930,2025,2025-07-22,"Sophia Gardens, Cardiff",3,100.4,100.4,Kent,Glamorgan,HZ Finch,G Stewart,BI Kellaway,0,0,,,,,,,,,,,,,
1461930,2025,2025-07-22,"Sophia Gardens, Cardiff",3,100.5,100.5,Kent,Glamorgan,HZ Finch,G Stewart,BI Kellaway,1,0,,,,,,,,,,,,,
1461930,2025,2025-07-22,"Sophia Gardens, Cardiff",3,100.6,100.6,Kent,Glamorgan,G Stewart,HZ Finch,BI Kellaway,0,0,,,,,,,,,,,,,
1461930,2025,2025-07-22,"Sophia Gardens, Cardiff",3,101.1,101.1,Kent,Glamorgan,HZ Finch,G Stewart,EO Leonard,1,0,,,,,,,,,,,,,
1461930,2025,2025-07-22,"Sophia Gardens, Cardiff",3,101.2,101.2,Kent,Glamorgan,G Stewart,HZ Finch,EO Leonard,1,0,,,,,,,,,,,,,
1461930,2025,2025-07-22,"Sophia Gardens, Cardiff",3,101.3,101.3,Kent,Glamorgan,HZ Finch,G Stewart,EO Leonard,0,0,,,,,,,,,,,,,
1461930,2025,2025-07-22,"Sophia Gardens, Cardiff",3,101.4,101.4,Kent,Glamorgan,HZ Finch,G Stewart,EO Leonard,1,0,,,,,,,,,,,,,
1461930,2025,2025-07-22,"Sophia Gardens, Cardiff",3,101.5,101.5,Kent,Glamorgan,G Stewart,HZ Finch,EO Leonard,0,0,,,,,,,,,,,,,
1461930,2025,2025-07-22,"Sophia Gardens, Cardiff",3,101.6,101.6,Kent,Glamorgan,G Stewart,HZ Finch,EO Leonard,1,0,,,,,,,,,,,,,
1461930,2025,2025-07-22,"Sophia Gardens, Cardiff",3,102.1,102.1,Kent,Glamorgan,G Stewart,HZ Finch,BI Kellaway,1,0,,,,,,,,,,,,,
1461930,2025,2025-07-22,"Sophia Gardens, Cardiff",3,102.2,102.2,Kent,Glamorgan,HZ Finch,G Stewart,BI Kellaway,0,0,,,,,,,,,,,,,
1461930,2025,2025-07-22,"Sophia Gardens, Cardiff",3,102.3,102.3,Kent,Glamorgan,HZ Finch,G Stewart,BI Kellaway,4,0,,,,,,,,,,,,,
1461930,2025,2025-07-22,"Sophia Gardens, Cardiff",3,102.4,102.4,Kent,Glamorgan,HZ Finch,G Stewart,BI Kellaway,1,0,,,,,,,,,,,,,
1461930,2025,2025-07-22,"Sophia Gardens, Cardiff",3,102.5,102.5,Kent,Glamorgan,G Stewart,HZ Finch,BI Kellaway,0,0,,,,,,,,,,,,,
1461930,2025,2025-07-22,"Sophia Gardens, Cardiff",3,102.6,102.6,Kent,Glamorgan,G Stewart,HZ Finch,BI Kellaway,0,0,,,,,,,,,,,,,
1461930,2025,2025-07-22,"Sophia Gardens, Cardiff",3,103.1,103.1,Kent,Glamorgan,HZ Finch,G Stewart,EO Leonard,0,0,,,,,,,,,,,,,
1461930,2025,2025-07-22,"Sophia Gardens, Cardiff",3,103.2,103.2,Kent,Glamorgan,HZ Finch,G Stewart,EO Leonard,3,0,,,,,,,,,,,,,
1461930,2025,2025-07-22,"Sophia Gardens, Cardiff",3,103.3,103.3,Kent,Glamorgan,G Stewart,HZ Finch,EO Leonard,0,0,,,,,,,,,,,,,
1461930,2025,2025-07-22,"Sophia Gardens, Cardiff",3,103.4,103.4,Kent,Glamorgan,G Stewart,HZ Finch,EO Leonard,6,0,,,,,,,,,,,,,
1461930,2025,2025-07-22,"Sophia Gardens, Cardiff",3,103.5,103.5,Kent,Glamorgan,G Stewart,HZ Finch,EO Leonard,4,0,,,,,,,,,,,,,
1461930,2025,2025-07-22,"Sophia Gardens, Cardiff",3,103.6,103.6,Kent,Glamorgan,G Stewart,HZ Finch,EO Leonard,0,0,,,,,,,,,,,,,
1461930,2025,2025-07-22,"Sophia Gardens, Cardiff",3,104.1,104.1,Kent,Glamorgan,HZ Finch,G Stewart,KS Carlson,0,0,,,,,,,,,,,,,
1461930,2025,2025-07-22,"Sophia Gardens, Cardiff",3,104.2,104.2,Kent,Glamorgan,HZ Finch,G Stewart,KS Carlson,0,0,,,,,,,,,,,,,
1461930,2025,2025-07-22,"Sophia Gardens, Cardiff",3,104.3,104.3,Kent,Glamorgan,HZ Finch,G Stewart,KS Carlson,0,0,,,,,,,,,,,,,
1461930,2025,2025-07-22,"Sophia Gardens, Cardiff",3,104.4,104.4,Kent,Glamorgan,HZ Finch,G Stewart,KS Carlson,0,0,,,,,,,,,,,,,
1461930,2025,2025-07-22,"Sophia Gardens, Cardiff",3,104.5,104.5,Kent,Glamorgan,HZ Finch,G Stewart,KS Carlson,0,0,,,,,,,,,,,,,
1461930,2025,2025-07-22,"Sophia Gardens, Cardiff",3,104.6,104.6,Kent,Glamorgan,HZ Finch,G Stewart,KS Carlson,0,0,,,,,,,,,,,,,
1461930,2025,2025-07-22,"Sophia Gardens, Cardiff",3,105.1,105.1,Kent,Glamorgan,G Stewart,HZ Finch,EO Leonard,0,0,,,,,,,,,,,,,
1461930,2025,2025-07-22,"Sophia Gardens, Cardiff",3,105.2,105.2,Kent,Glamorgan,G Stewart,HZ Finch,EO Leonard,0,0,,,,,,,,,,,,,
1461930,2025,2025-07-22,"Sophia Gardens, Cardiff",3,105.3,105.3,Kent,Glamorgan,G Stewart,HZ Finch,EO Leonard,4,0,,,,,,,,,,,,,
1461930,2025,2025-07-22,"Sophia Gardens, Cardiff",3,105.4,105.4,Kent,Glamorgan,G Stewart,HZ Finch,EO Leonard,0,0,,,,,,,,,,,,,
1461930,2025,2025-07-22,"Sophia Gardens, Cardiff",3,105.5,105.5,Kent,Glamorgan,G Stewart,HZ Finch,EO Leonard,4,0,,,,,,,,,,,,,
1461930,2025,2025-07-22,"Sophia Gardens, Cardiff",3,105.6,105.6,Kent,Glamorgan,G Stewart,HZ Finch,EO Leonard,0,0,,,,,,,,,,,,,
1461930,2025,2025-07-22,"Sophia Gardens, Cardiff",3,106.1,106.1,Kent,Glamorgan,HZ Finch,G Stewart,KS Carlson,0,0,,,,,,,,,,,,,
1461930,2025,2025-07-22,"Sophia Gardens, Cardiff",3,106.2,106.2,Kent,Glamorgan,HZ Finch,G Stewart,KS Carlson,0,0,,,,,,,,,,,,,
1461930,2025,2025-07-22,"Sophia Gardens, Cardiff",3,106.3,106.3,Kent,Glamorgan,HZ Finch,G Stewart,KS Carlson,0,0,,,,,,,,,,,,,
1461930,2025,2025-07-22,"Sophia Gardens, Cardiff",3,106.4,106.4,Kent,Glamorgan,HZ Finch,G Stewart,KS Carlson,0,0,,,,,,,,,,,,,
1461930,2025,2025-07-22,"Sophia Gardens, Cardiff",3,106.5,106.5,Kent,Glamorgan,HZ Finch,G Stewart,KS Carlson,0,0,,,,,,,,,,,,,
1461930,2025,2025-07-22,"Sophia Gardens, Cardiff",3,106.6,106.6,Kent,Glamorgan,HZ Finch,G Stewart,KS Carlson,0,0,,,,,,,,,,,,,
1461930,2025,2025-07-22,"Sophia Gardens, Cardiff",3,107.1,107.1,Kent,Glamorgan,G Stewart,HZ Finch,AM Fernando,0,0,,,,,,,,,,,,,
1461930,2025,2025-07-22,"Sophia Gardens, Cardiff",3,107.2,107.2,Kent,Glamorgan,G Stewart,HZ Finch,AM Fernando,1,0,,,,,,,,,,,,,
1461930,2025,2025-07-22,"Sophia Gardens, Cardiff",3,107.3,107.3,Kent,Glamorgan,HZ Finch,G Stewart,AM Fernando,0,0,,,,,,,,,,,,,
1461930,2025,2025-07-22,"Sophia Gardens, Cardiff",3,107.4,107.4,Kent,Glamorgan,HZ Finch,G Stewart,AM Fernando,0,0,,,,,,,,,,,,,
1461930,2025,2025-07-22,"Sophia Gardens, Cardiff",3,107.5,107.5,Kent,Glamorgan,HZ Finch,G Stewart,AM Fernando,0,0,,,,,,,,,,,,,
1461930,2025,2025-07-22,"Sophia Gardens, Cardiff",3,107.6,107.6,Kent,Glamorgan,HZ Finch,G Stewart,AM Fernando,1,0,,,,,,,,,,,,,
1461930,2025,2025-07-22,"Sophia Gardens, Cardiff",3,108.1,108.1,Kent,Glamorgan,HZ Finch,G Stewart,KS Carlson,4,0,,,,,,,,,,,,,
1461930,2025,2025-07-22,"Sophia Gardens, Cardiff",3,108.2,108.2,Kent,Glamorgan,HZ Finch,G Stewart,KS Carlson,0,0,,,,,,,,,,,,,
1461930,2025,2025-07-22,"Sophia Gardens, Cardiff",3,108.3,108.3,Kent,Glamorgan,HZ Finch,G Stewart,KS Carlson,0,0,,,,,,,caught and bowled,HZ Finch,,,,,
1461930,2025,2025-07-22,"Sophia Gardens, Cardiff",3,108.4,108.4,Kent,Glamorgan,MW Parkinson,G Stewart,KS Carlson,0,0,,,,,,,,,,,,,
1461930,2025,2025-07-22,"Sophia Gardens, Cardiff",3,108.5,108.5,Kent,Glamorgan,MW Parkinson,G Stewart,KS Carlson,0,0,,,,,,,,,,,,,
1461930,2025,2025-07-22,"Sophia Gardens, Cardiff",3,108.6,108.6,Kent,Glamorgan,MW Parkinson,G Stewart,KS Carlson,0,0,,,,,,,,,,,,,
1461930,2025,2025-07-22,"Sophia Gardens, Cardiff",3,109.1,109.1,Kent,Glamorgan,G Stewart,MW Parkinson,AM Fernando,1,0,,,,,,,,,,,,,
1461930,2025,2025-07-22,"Sophia Gardens, Cardiff",3,109.2,109.2,Kent,Glamorgan,MW Parkinson,G Stewart,AM Fernando,0,0,,,,,,,bowled,MW Parkinson,,,,,
1461930,2025,2025-07-22,"Sophia Gardens, Cardiff",3,109.3,109.3,Kent,Glamorgan,WA Agar,G Stewart,AM Fernando,3,0,,,,,,,,,,,,,
1461930,2025,2025-07-22,"Sophia Gardens, Cardiff",3,109.4,109.4,Kent,Glamorgan,G Stewart,WA Agar,AM Fernando,1,0,,,,,,,,,,,,,
1461930,2025,2025-07-22,"Sophia Gardens, Cardiff",3,109.5,109.5,Kent,Glamorgan,WA Agar,G Stewart,AM Fernando,0,0,,,,,,,,,,,,,
1461930,2025,2025-07-22,"Sophia Gardens, Cardiff",3,109.6,109.6,Kent,Glamorgan,WA Agar,G Stewart,AM Fernando,0,0,,,,,,,,,,,,,
1461930,2025,2025-07-22,"Sophia Gardens, Cardiff",3,110.1,110.1,Kent,Glamorgan,G Stewart,WA Agar,KS Carlson,0,0,,,,,,,,,,,,,
1461930,2025,2025-07-22,"Sophia Gardens, Cardiff",3,110.2,110.2,Kent,Glamorgan,G Stewart,WA Agar,KS Carlson,0,0,,,,,,,,,,,,,
1461930,2025,2025-07-22,"Sophia Gardens, Cardiff",3,110.3,110.3,Kent,Glamorgan,G Stewart,WA Agar,KS Carlson,1,0,,,,,,,,,,,,,
1461930,2025,2025-07-22,"Sophia Gardens, Cardiff",3,110.4,110.4,Kent,Glamorgan,WA Agar,G Stewart,KS Carlson,0,0,,,,,,,caught,WA Agar,,,CA Ingram,,
1461930,2025,2025-07-22,"Sophia Gardens, Cardiff",3,110.5,110.5,Kent,Glamorgan,MR Quinn,G Stewart,KS Carlson,0,0,,,,,,,,,,,,,
1461930,2025,2025-07-22,"Sophia Gardens, Cardiff",3,110.6,110.6,Kent,Glamorgan,MR Quinn,G Stewart,KS Carlson,0,0,,,,,,,,,,,,,
1461930,2025,2025-07-22,"Sophia Gardens, Cardiff",3,111.1,111.1,Kent,Glamorgan,G Stewart,MR Quinn,AM Fernando,0,0,,,,,,,,,,,,,
1461930,2025,2025-07-22,"Sophia Gardens, Cardiff",3,111.2,111.2,Kent,Glamorgan,G Stewart,MR Quinn,AM Fernando,0,0,,,,,,,,,,,,,
1461930,2025,2025-07-22,"Sophia Gardens, Cardiff",3,111.3,111.3,Kent,Glamorgan,G Stewart,MR Quinn,AM Fernando,0,0,,,,,,,,,,,,,
1461930,2025,2025-07-22,"Sophia Gardens, Cardiff",3,111.4,111.4,Kent,Glamorgan,G Stewart,MR Quinn,AM Fernando,1,0,,,,,,,,,,,,,
1461930,2025,2025-07-22,"Sophia Gardens, Cardiff",3,111.5,111.5,Kent,Glamorgan,MR Quinn,G Stewart,AM Fernando,0,0,,,,,,,,,,,,,
1461930,2025,2025-07-22,"Sophia Gardens, Cardiff",3,111.6,111.6,Kent,Glamorgan,MR Quinn,G Stewart,AM Fernando,0,0,,,,,,,,,,,,,
1461930,2025,2025-07-22,"Sophia Gardens, Cardiff",3,112.1,112.1,Kent,Glamorgan,G Stewart,MR Quinn,KS Carlson,6,0,,,,,,,,,,,,,
1461930,2025,2025-07-22,"Sophia Gardens, Cardiff",3,112.2,112.2,Kent,Glamorgan,G Stewart,MR Quinn,KS Carlson,6,0,,,,,,,,,,,,,
1461930,2025,2025-07-22,"Sophia Gardens, Cardiff",3,112.3,112.3,Kent,Glamorgan,G Stewart,MR Quinn,KS Carlson,6,0,,,,,,,,,,,,,
1461930,2025,2025-07-22,"Sophia Gardens, Cardiff",3,112.4,112.4,Kent,Glamorgan,G Stewart,MR Quinn,KS Carlson,0,0,,,,,,,,,,,,,
1461930,2025,2025-07-22,"Sophia Gardens, Cardiff",3,112.5,112.5,Kent,Glamorgan,G Stewart,MR Quinn,KS Carlson,1,0,,,,,,,,,,,,,
1461930,2025,2025-07-22,"Sophia Gardens, Cardiff",3,112.6,112.6,Kent,Glamorgan,MR Quinn,G Stewart,KS Carlson,0,0,,,,,,,caught,MR Quinn,,,WT Root,,
1461930,2025,2025-07-22,"Sophia Gardens, Cardiff",3,113.1,113.1,Kent,Glamorgan,G Stewart,JL Denly,AM Fernando,0,0,,,,,,,,,,,,,
1461930,2025,2025-07-22,"Sophia Gardens, Cardiff",3,113.2,113.2,Kent,Glamorgan,G Stewart,JL Denly,AM Fernando,0,0,,,,,,,,,,,,,
1461930,2025,2025-07-22,"Sophia Gardens, Cardiff",3,113.3,113.3,Kent,Glamorgan,G Stewart,JL Denly,AM Fernando,0,0,,,,,,,,,,,,,
1461930,2025,2025-07-22,"Sophia Gardens, Cardiff",3,113.4,113.4,Kent,Glamorgan,G Stewart,JL Denly,AM Fernando,0,1,,,,1,,,,,,,,,
1461930,2025,2025-07-22,"Sophia Gardens, Cardiff",3,113.5,113.5,Kent,Glamorgan,JL Denly,G Stewart,AM Fernando,0,0,,,,,,,,,,,,,
1461930,2025,2025-07-22,"Sophia Gardens, Cardiff",3,113.6,113.6,Kent,Glamorgan,JL Denly,G Stewart,AM Fernando,0,0,,,,,,,,,,,,,
1461930,2025,2025-07-22,"Sophia Gardens, Cardiff",3,114.1,114.1,Kent,Glamorgan,G Stewart,JL Denly,EO Leonard,0,0,,,,,,,,,,,,,
1461930,2025,2025-07-22,"Sophia Gardens, Cardiff",3,114.2,114.2,Kent,Glamorgan,G Stewart,JL Denly,EO Leonard,0,0,,,,,,,,,,,,,
1461930,2025,2025-07-22,"Sophia Gardens, Cardiff",3,114.3,114.3,Kent,Glamorgan,G Stewart,JL Denly,EO Leonard,0,0,,,,,,,caught,G Stewart,,,Zain-ul-Hassan,,
1461930,2025,2025-07-22,"Sophia Gardens, Cardiff",4,0.1,0.1,Glamorgan,Kent,Zain-ul-Hassan,AM Tribe,WA Agar,1,0,,,,,,,,,,,,,
1461930,2025,2025-07-22,"Sophia Gardens, Cardiff",4,0.2,0.2,Glamorgan,Kent,AM Tribe,Zain-ul-Hassan,WA Agar,1,0,,,,,,,,,,,,,
1461930,2025,2025-07-22,"Sophia Gardens, Cardiff",4,0.3,0.3,Glamorgan,Kent,Zain-ul-Hassan,AM Tribe,WA Agar,0,0,,,,,,,,,,,,,
1461930,2025,2025-07-22,"Sophia Gardens, Cardiff",4,0.4,0.4,Glamorgan,Kent,Zain-ul-Hassan,AM Tribe,WA Agar,0,0,,,,,,,,,,,,,
1461930,2025,2025-07-22,"Sophia Gardens, Cardiff",4,0.5,0.5,Glamorgan,Kent,Zain-ul-Hassan,AM Tribe,WA Agar,0,0,,,,,,,,,,,,,
1461930,2025,2025-07-22,"Sophia Gardens, Cardiff",4,0.6,0.6,Glamorgan,Kent,Zain-ul-Hassan,AM Tribe,WA Agar,1,0,,,,,,,,,,,,,
1461930,2025,2025-07-22,"Sophia Gardens, Cardiff",4,1.1,1.1,Glamorgan,Kent,Zain-ul-Hassan,AM Tribe,G Stewart,1,0,,,,,,,,,,,,,
1461930,2025,2025-07-22,"Sophia Gardens, Cardiff",4,1.2,1.2,Glamorgan,Kent,AM Tribe,Zain-ul-Hassan,G Stewart,0,0,,,,,,,,,,,,,
1461930,2025,2025-07-22,"Sophia Gardens, Cardiff",4,1.3,1.3,Glamorgan,Kent,AM Tribe,Zain-ul-Hassan,G Stewart,0,0,,,,,,,,,,,,,
1461930,2025,2025-07-22,"Sophia Gardens, Cardiff",4,1.4,1.4,Glamorgan,Kent,AM Tribe,Zain-ul-Hassan,G Stewart,0,0,,,,,,,,,,,,,
1461930,2025,2025-07-22,"Sophia Gardens, Cardiff",4,1.5,1.5,Glamorgan,Kent,AM Tribe,Zain-ul-Hassan,G Stewart,0,0,,,,,,,,,,,,,
1461930,2025,2025-07-22,"Sophia Gardens, Cardiff",4,1.6,1.6,Glamorgan,Kent,AM Tribe,Zain-ul-Hassan,G Stewart,0,0,,,,,,,,,,,,,
1461930,2025,2025-07-22,"Sophia Gardens, Cardiff",4,2.1,2.1,Glamorgan,Kent,Zain-ul-Hassan,AM Tribe,WA Agar,0,0,,,,,,,,,,,,,
1461930,2025,2025-07-22,"Sophia Gardens, Cardiff",4,2.2,2.2,Glamorgan,Kent,Zain-ul-Hassan,AM Tribe,WA Agar,0,0,,,,,,,,,,,,,
1461930,2025,2025-07-22,"Sophia Gardens, Cardiff",4,2.3,2.3,Glamorgan,Kent,Zain-ul-Hassan,AM Tribe,WA Agar,0,0,,,,,,,,,,,,,
1461930,2025,2025-07-22,"Sophia Gardens, Cardiff",4,2.4,2.4,Glamorgan,Kent,Zain-ul-Hassan,AM Tribe,WA Agar,0,0,,,,,,,,,,,,,
1461930,2025,2025-07-22,"Sophia Gardens, Cardiff",4,2.5,2.5,Glamorgan,Kent,Zain-ul-Hassan,AM Tribe,WA Agar,0,0,,,,,,,,,,,,,
1461930,2025,2025-07-22,"Sophia Gardens, Cardiff",4,2.6,2.6,Glamorgan,Kent,Zain-ul-Hassan,AM Tribe,WA Agar,0,0,,,,,,,,,,,,,
1461930,2025,2025-07-22,"Sophia Gardens, Cardiff",4,3.1,3.1,Glamorgan,Kent,AM Tribe,Zain-ul-Hassan,G Stewart,0,0,,,,,,,,,,,,,
1461930,2025,2025-07-22,"Sophia Gardens, Cardiff",4,3.2,3.2,Glamorgan,Kent,AM Tribe,Zain-ul-Hassan,G Stewart,0,0,,,,,,,,,,,,,
1461930,2025,2025-07-22,"Sophia Gardens, Cardiff",4,3.3,3.3,Glamorgan,Kent,AM Tribe,Zain-ul-Hassan,G Stewart,0,0,,,,,,,,,,,,,
1461930,2025,2025-07-22,"Sophia Gardens, Cardiff",4,3.4,3.4,Glamorgan,Kent,AM Tribe,Zain-ul-Hassan,G Stewart,0,0,,,,,,,,,,,,,
1461930,2025,2025-07-22,"Sophia Gardens, Cardiff",4,3.5,3.5,Glamorgan,Kent,AM Tribe,Zain-ul-Hassan,G Stewart,2,0,,,,,,,,,,,,,
1461930,2025,2025-07-22,"Sophia Gardens, Cardiff",4,3.6,3.6,Glamorgan,Kent,AM Tribe,Zain-ul-Hassan,G Stewart,0,0,,,,,,,,,,,,,
1461930,2025,2025-07-22,"Sophia Gardens, Cardiff",4,4.1,4.1,Glamorgan,Kent,Zain-ul-Hassan,AM Tribe,WA Agar,0,0,,,,,,,,,,,,,
1461930,2025,2025-07-22,"Sophia Gardens, Cardiff",4,4.2,4.2,Glamorgan,Kent,Zain-ul-Hassan,AM Tribe,WA Agar,0,0,,,,,,,,,,,,,
1461930,2025,2025-07-22,"Sophia Gardens, Cardiff",4,4.3,4.3,Glamorgan,Kent,Zain-ul-Hassan,AM Tribe,WA Agar,0,0,,,,,,,,,,,,,
1461930,2025,2025-07-22,"Sophia Gardens, Cardiff",4,4.4,4.4,Glamorgan,Kent,Zain-ul-Hassan,AM Tribe,WA Agar,0,0,,,,,,,,,,,,,
1461930,2025,2025-07-22,"Sophia Gardens, Cardiff",4,4.5,4.5,Glamorgan,Kent,Zain-ul-Hassan,AM Tribe,WA Agar,0,0,,,,,,,,,,,,,
1461930,2025,2025-07-22,"Sophia Gardens, Cardiff",4,4.6,4.6,Glamorgan,Kent,Zain-ul-Hassan,AM Tribe,WA Agar,0,0,,,,,,,,,,,,,
1461930,2025,2025-07-22,"Sophia Gardens, Cardiff",4,5.1,5.1,Glamorgan,Kent,AM Tribe,Zain-ul-Hassan,G Stewart,1,0,,,,,,,,,,,,,
1461930,2025,2025-07-22,"Sophia Gardens, Cardiff",4,5.2,5.2,Glamorgan,Kent,Zain-ul-Hassan,AM Tribe,G Stewart,4,0,,,,,,,,,,,,,
1461930,2025,2025-07-22,"Sophia Gardens, Cardiff",4,5.3,5.3,Glamorgan,Kent,Zain-ul-Hassan,AM Tribe,G Stewart,0,0,,,,,,,,,,,,,
1461930,2025,2025-07-22,"Sophia Gardens, Cardiff",4,5.4,5.4,Glamorgan,Kent,Zain-ul-Hassan,AM Tribe,G Stewart,0,0,,,,,,,,,,,,,
1461930,2025,2025-07-22,"Sophia Gardens, Cardiff",4,5.5,5.5,Glamorgan,Kent,Zain-ul-Hassan,AM Tribe,G Stewart,0,0,,,,,,,,,,,,,
1461930,2025,2025-07-22,"Sophia Gardens, Cardiff",4,5.6,5.6,Glamorgan,Kent,Zain-ul-Hassan,AM Tribe,G Stewart,0,0,,,,,,,,,,,,,
1461930,2025,2025-07-22,"Sophia Gardens, Cardiff",4,6.1,6.1,Glamorgan,Kent,AM Tribe,Zain-ul-Hassan,WA Agar,0,0,,,,,,,,,,,,,
1461930,2025,2025-07-22,"Sophia Gardens, Cardiff",4,6.2,6.2,Glamorgan,Kent,AM Tribe,Zain-ul-Hassan,WA Agar,0,0,,,,,,,caught,AM Tribe,,,,,
1461930,2025,2025-07-22,"Sophia Gardens, Cardiff",4,6.3,6.3,Glamorgan,Kent,JAR Harris,Zain-ul-Hassan,WA Agar,0,0,,,,,,,,,,,,,
1461930,2025,2025-07-22,"Sophia Gardens, Cardiff",4,6.4,6.4,Glamorgan,Kent,JAR Harris,Zain-ul-Hassan,WA Agar,1,0,,,,,,,,,,,,,
1461930,2025,2025-07-22,"Sophia Gardens, Cardiff",4,6.5,6.5,Glamorgan,Kent,Zain-ul-Hassan,JAR Harris,WA Agar,0,0,,,,,,,,,,,,,
1461930,2025,2025-07-22,"Sophia Gardens, Cardiff",4,6.6,6.6,Glamorgan,Kent,Zain-ul-Hassan,JAR Harris,WA Agar,0,0,,,,,,,,,,,,,
1461930,2025,2025-07-22,"Sophia Gardens, Cardiff",4,7.1,7.1,Glamorgan,Kent,JAR Harris,Zain-ul-Hassan,G Stewart,0,0,,,,,,,,,,,,,
1461930,2025,2025-07-22,"Sophia Gardens, Cardiff",4,7.2,7.2,Glamorgan,Kent,JAR Harris,Zain-ul-Hassan,G Stewart,0,0,,,,,,,,,,,,,
1461930,2025,2025-07-22,"Sophia Gardens, Cardiff",4,7.3,7.3,Glamorgan,Kent,JAR Harris,Zain-ul-Hassan,G Stewart,0,2,,,,2,,,,,,,,,
1461930,2025,2025-07-22,"Sophia Gardens, Cardiff",4,7.4,7.4,Glamorgan,Kent,JAR Harris,Zain-ul-Hassan,G Stewart,0,0,,,,,,,,,,,,,
1461930,2025,2025-07-22,"Sophia Gardens, Cardiff",4,7.5,7.5,Glamorgan,Kent,JAR Harris,Zain-ul-Hassan,G Stewart,0,0,,,,,,,,,,,,,
1461930,2025,2025-07-22,"Sophia Gardens, Cardiff",4,7.6,7.6,Glamorgan,Kent,JAR Harris,Zain-ul-Hassan,G Stewart,0,0,,,,,,,,,,,,,
1461930,2025,2025-07-22,"Sophia Gardens, Cardiff",4,8.1,8.1,Glamorgan,Kent,Zain-ul-Hassan,JAR Harris,WA Agar,1,0,,,,,,,,,,,,,
1461930,2025,2025-07-22,"Sophia Gardens, Cardiff",4,8.2,8.2,Glamorgan,Kent,JAR Harris,Zain-ul-Hassan,WA Agar,0,2,,2,,,,,,,,,,,
1461930,2025,2025-07-22,"Sophia Gardens, Cardiff",4,8.3,8.2,Glamorgan,Kent,JAR Harris,Zain-ul-Hassan,WA Agar,0,0,,,,,,,,,,,,,
1461930,2025,2025-07-22,"Sophia Gardens, Cardiff",4,8.4,8.3,Glamorgan,Kent,JAR Harris,Zain-ul-Hassan,WA Agar,0,0,,,,,,,,,,,,,
1461930,2025,2025-07-22,"Sophia Gardens, Cardiff",4,8.5,8.4,Glamorgan,Kent,JAR Harris,Zain-ul-Hassan,WA Agar,0,0,,,,,,,,,,,,,
1461930,2025,2025-07-22,"Sophia Gardens, Cardiff",4,8.6,8.5,Glamorgan,Kent,JAR Harris,Zain-ul-Hassan,WA Agar,0,0,,,,,,,,,,,,,
1461930,2025,2025-07-22,"Sophia Gardens, Cardiff",4,8.7,8.6,Glamorgan,Kent,JAR Harris,Zain-ul-Hassan,WA Agar,0,0,,,,,,,,,,,,,
1461930,2025,2025-07-22,"Sophia Gardens, Cardiff",4,9.1,9.1,Glamorgan,Kent,Zain-ul-Hassan,JAR Harris,MW Parkinson,2,0,,,,,,,,,,,,,
1461930,2025,2025-07-22,"Sophia Gardens, Cardiff",4,9.2,9.2,Glamorgan,Kent,Zain-ul-Hassan,JAR Harris,MW Parkinson,0,0,,,,,,,lbw,Zain-ul-Hassan,,,,,
1461930,2025,2025-07-22,"Sophia Gardens, Cardiff",4,9.3,9.3,Glamorgan,Kent,KS Carlson,JAR Harris,MW Parkinson,0,0,,,,,,,,,,,,,
1461930,2025,2025-07-22,"Sophia Gardens, Cardiff",4,9.4,9.4,Glamorgan,Kent,KS Carlson,JAR Harris,MW Parkinson,0,0,,,,,,,,,,,,,
1461930,2025,2025-07-22,"Sophia Gardens, Cardiff",4,9.5,9.5,Glamorgan,Kent,KS Carlson,JAR Harris,MW Parkinson,0,0,,,,,,,,,,,,,
1461930,2025,2025-07-22,"Sophia Gardens, Cardiff",4,9.6,9.6,Glamorgan,Kent,KS Carlson,JAR Harris,MW Parkinson,0,0,,,,,,,,,,,,,
1461930,2025,2025-07-22,"Sophia Gardens, Cardiff",4,10.1,10.1,Glamorgan,Kent,JAR Harris,KS Carlson,WA Agar,1,0,,,,,,,,,,,,,
1461930,2025,2025-07-22,"Sophia Gardens, Cardiff",4,10.2,10.2,Glamorgan,Kent,KS Carlson,JAR Harris,WA Agar,0,0,,,,,,,,,,,,,
1461930,2025,2025-07-22,"Sophia Gardens, Cardiff",4,10.3,10.3,Glamorgan,Kent,KS Carlson,JAR Harris,WA Agar,0,0,,,,,,,,,,,,,
1461930,2025,2025-07-22,"Sophia Gardens, Cardiff",4,10.4,10.4,Glamorgan,Kent,KS Carlson,JAR Harris,WA Agar,0,0,,,,,,,,,,,,,
1461930,2025,2025-07-22,"Sophia Gardens, Cardiff",4,10.5,10.5,Glamorgan,Kent,KS Carlson,JAR Harris,WA Agar,1,0,,,,,,,,,,,,,
1461930,2025,2025-07-22,"Sophia Gardens, Cardiff",4,10.6,10.6,Glamorgan,Kent,JAR Harris,KS Carlson,WA Agar,0,0,,,,,,,,,,,,,
1461930,2025,2025-07-22,"Sophia Gardens, Cardiff",4,11.1,11.1,Glamorgan,Kent,KS Carlson,JAR Harris,MW Parkinson,0,0,,,,,,,,,,,,,
1461930,2025,2025-07-22,"Sophia Gardens, Cardiff",4,11.2,11.2,Glamorgan,Kent,KS Carlson,JAR Harris,MW Parkinson,0,0,,,,,,,,,,,,,
1461930,2025,2025-07-22,"Sophia Gardens, Cardiff",4,11.3,11.3,Glamorgan,Kent,KS Carlson,JAR Harris,MW Parkinson,0,0,,,,,,,,,,,,,
1461930,2025,2025-07-22,"Sophia Gardens, Cardiff",4,11.4,11.4,Glamorgan,Kent,KS Carlson,JAR Harris,MW Parkinson,0,0,,,,,,,,,,,,,
1461930,2025,2025-07-22,"Sophia Gardens, Cardiff",4,11.5,11.5,Glamorgan,Kent,KS Carlson,JAR Harris,MW Parkinson,2,0,,,,,,,,,,,,,
1461930,2025,2025-07-22,"Sophia Gardens, Cardiff",4,11.6,11.6,Glamorgan,Kent,KS Carlson,JAR Harris,MW Parkinson,0,0,,,,,,,,,,,,,
1461930,2025,2025-07-22,"Sophia Gardens, Cardiff",4,12.1,12.1,Glamorgan,Kent,JAR Harris,KS Carlson,JK Denly,1,0,,,,,,,,,,,,,
1461930,2025,2025-07-22,"Sophia Gardens, Cardiff",4,12.2,12.2,Glamorgan,Kent,KS Carlson,JAR Harris,JK Denly,1,0,,,,,,,,,,,,,
1461930,2025,2025-07-22,"Sophia Gardens, Cardiff",4,12.3,12.3,Glamorgan,Kent,JAR Harris,KS Carlson,JK Denly,0,0,,,,,,,,,,,,,
1461930,2025,2025-07-22,"Sophia Gardens, Cardiff",4,12.4,12.4,Glamorgan,Kent,JAR Harris,KS Carlson,JK Denly,0,0,,,,,,,,,,,,,
1461930,2025,2025-07-22,"Sophia Gardens, Cardiff",4,12.5,12.5,Glamorgan,Kent,JAR Harris,KS Carlson,JK Denly,0,0,,,,,,,,,,,,,
1461930,2025,2025-07-22,"Sophia Gardens, Cardiff",4,12.6,12.6,Glamorgan,Kent,JAR Harris,KS Carlson,JK Denly,0,0,,,,,,,,,,,,,
1461930,2025,2025-07-22,"Sophia Gardens, Cardiff",4,13.1,13.1,Glamorgan,Kent,KS Carlson,JAR Harris,MW Parkinson,0,0,,,,,,,,,,,,,
1461930,2025,2025-07-22,"Sophia Gardens, Cardiff",4,13.2,13.2,Glamorgan,Kent,KS Carlson,JAR Harris,MW Parkinson,0,0,,,,,,,,,,,,,
1461930,2025,2025-07-22,"Sophia Gardens, Cardiff",4,13.3,13.3,Glamorgan,Kent,KS Carlson,JAR Harris,MW Parkinson,0,0,,,,,,,,,,,,,
1461930,2025,2025-07-22,"Sophia Gardens, Cardiff",4,13.4,13.4,Glamorgan,Kent,KS Carlson,JAR Harris,MW Parkinson,0,0,,,,,,,,,,,,,
1461930,2025,2025-07-22,"Sophia Gardens, Cardiff",4,13.5,13.5,Glamorgan,Kent,KS Carlson,JAR Harris,MW Parkinson,0,0,,,,,,,,,,,,,
1461930,2025,2025-07-22,"Sophia Gardens, Cardiff",4,13.6,13.6,Glamorgan,Kent,KS Carlson,JAR Harris,MW Parkinson,0,0,,,,,,,,,,,,,
1461930,2025,2025-07-22,"Sophia Gardens, Cardiff",4,14.1,14.1,Glamorgan,Kent,JAR Harris,KS Carlson,WA Agar,0,0,,,,,,,,,,,,,
1461930,2025,2025-07-22,"Sophia Gardens, Cardiff",4,14.2,14.2,Glamorgan,Kent,JAR Harris,KS Carlson,WA Agar,0,0,,,,,,,,,,,,,
1461930,2025,2025-07-22,"Sophia Gardens, Cardiff",4,14.3,14.3,Glamorgan,Kent,JAR Harris,KS Carlson,WA Agar,0,0,,,,,,,,,,,,,
1461930,2025,2025-07-22,"Sophia Gardens, Cardiff",4,14.4,14.4,Glamorgan,Kent,JAR Harris,KS Carlson,WA Agar,0,2,,2,,,,,,,,,,,
1461930,2025,2025-07-22,"Sophia Gardens, Cardiff",4,14.5,14.4,Glamorgan,Kent,JAR Harris,KS Carlson,WA Agar,0,0,,,,,,,,,,,,,
1461930,2025,2025-07-22,"Sophia Gardens, Cardiff",4,14.6,14.5,Glamorgan,Kent,JAR Harris,KS Carlson,WA Agar,0,0,,,,,,,,,,,,,
1461930,2025,2025-07-22,"Sophia Gardens, Cardiff",4,14.7,14.6,Glamorgan,Kent,JAR Harris,KS Carlson,WA Agar,0,0,,,,,,,,,,,,,
1461930,2025,2025-07-22,"Sophia Gardens, Cardiff",4,15.1,15.1,Glamorgan,Kent,KS Carlson,JAR Harris,MW Parkinson,1,0,,,,,,,,,,,,,
1461930,2025,2025-07-22,"Sophia Gardens, Cardiff",4,15.2,15.2,Glamorgan,Kent,JAR Harris,KS Carlson,MW Parkinson,0,0,,,,,,,,,,,,,
1461930,2025,2025-07-22,"Sophia Gardens, Cardiff",4,15.3,15.3,Glamorgan,Kent,JAR Harris,KS Carlson,MW Parkinson,1,0,,,,,,,,,,,,,
1461930,2025,2025-07-22,"Sophia Gardens, Cardiff",4,15.4,15.4,Glamorgan,Kent,KS Carlson,JAR Harris,MW Parkinson,0,0,,,,,,,,,,,,,
1461930,2025,2025-07-22,"Sophia Gardens, Cardiff",4,15.5,15.5,Glamorgan,Kent,KS Carlson,JAR Harris,MW Parkinson,1,0,,,,,,,,,,,,,
1461930,2025,2025-07-22,"Sophia Gardens, Cardiff",4,15.6,15.6,Glamorgan,Kent,JAR Harris,KS Carlson,MW Parkinson,0,0,,,,,,,,,,,,,
1461930,2025,2025-07-22,"Sophia Gardens, Cardiff",4,16.1,16.1,Glamorgan,Kent,KS Carlson,JAR Harris,WA Agar,0,0,,,,,,,,,,,,,
1461930,2025,2025-07-22,"Sophia Gardens, Cardiff",4,16.2,16.2,Glamorgan,Kent,KS Carlson,JAR Harris,WA Agar,1,0,,,,,,,,,,,,,
1461930,2025,2025-07-22,"Sophia Gardens, Cardiff",4,16.3,16.3,Glamorgan,Kent,JAR Harris,KS Carlson,WA Agar,1,0,,,,,,,,,,,,,
1461930,2025,2025-07-22,"Sophia Gardens, Cardiff",4,16.4,16.4,Glamorgan,Kent,KS Carlson,JAR Harris,WA Agar,1,0,,,,,,,,,,,,,
1461930,2025,2025-07-22,"Sophia Gardens, Cardiff",4,16.5,16.5,Glamorgan,Kent,JAR Harris,KS Carlson,WA Agar,0,0,,,,,,,,,,,,,
1461930,2025,2025-07-22,"Sophia Gardens, Cardiff",4,16.6,16.6,Glamorgan,Kent,JAR Harris,KS Carlson,WA Agar,1,0,,,,,,,,,,,,,
1461930,2025,2025-07-22,"Sophia Gardens, Cardiff",4,17.1,17.1,Glamorgan,Kent,JAR Harris,KS Carlson,MW Parkinson,0,0,,,,,,,,,,,,,
1461930,2025,2025-07-22,"Sophia Gardens, Cardiff",4,17.2,17.2,Glamorgan,Kent,JAR Harris,KS Carlson,MW Parkinson,0,0,,,,,,,,,,,,,
1461930,2025,2025-07-22,"Sophia Gardens, Cardiff",4,17.3,17.3,Glamorgan,Kent,JAR Harris,KS Carlson,MW Parkinson,0,0,,,,,,,,,,,,,
1461930,2025,2025-07-22,"Sophia Gardens, Cardiff",4,17.4,17.4,Glamorgan,Kent,JAR Harris,KS Carlson,MW Parkinson,0,0,,,,,,,,,,,,,
1461930,2025,2025-07-22,"Sophia Gardens, Cardiff",4,17.5,17.5,Glamorgan,Kent,JAR Harris,KS Carlson,MW Parkinson,0,0,,,,,,,,,,,,,
1461930,2025,2025-07-22,"Sophia Gardens, Cardiff",4,17.6,17.6,Glamorgan,Kent,JAR Harris,KS Carlson,MW Parkinson,0,0,,,,,,,,,,,,,
1461930,2025,2025-07-22,"Sophia Gardens, Cardiff",4,18.1,18.1,Glamorgan,Kent,KS Carlson,JAR Harris,WA Agar,0,0,,,,,,,,,,,,,
1461930,2025,2025-07-22,"Sophia Gardens, Cardiff",4,18.2,18.2,Glamorgan,Kent,KS Carlson,JAR Harris,WA Agar,0,0,,,,,,,,,,,,,
1461930,2025,2025-07-22,"Sophia Gardens, Cardiff",4,18.3,18.3,Glamorgan,Kent,KS Carlson,JAR Harris,WA Agar,0,0,,,,,,,,,,,,,
1461930,2025,2025-07-22,"Sophia Gardens, Cardiff",4,18.4,18.4,Glamorgan,Kent,KS Carlson,JAR Harris,WA Agar,0,0,,,,,,,,,,,,,
1461930,2025,2025-07-22,"Sophia Gardens, Cardiff",4,18.5,18.5,Glamorgan,Kent,KS Carlson,JAR Harris,WA Agar,1,0,,,,,,,,,,,,,
1461930,2025,2025-07-22,"Sophia Gardens, Cardiff",4,18.6,18.6,Glamorgan,Kent,JAR Harris,KS Carlson,WA Agar,1,0,,,,,,,,,,,,,
1461930,2025,2025-07-22,"Sophia Gardens, Cardiff",4,19.1,19.1,Glamorgan,Kent,JAR Harris,KS Carlson,MW Parkinson,0,0,,,,,,,,,,,,,
1461930,2025,2025-07-22,"Sophia Gardens, Cardiff",4,19.2,19.2,Glamorgan,Kent,JAR Harris,KS Carlson,MW Parkinson,0,0,,,,,,,,,,,,,
1461930,2025,2025-07-22,"Sophia Gardens, Cardiff",4,19.3,19.3,Glamorgan,Kent,JAR Harris,KS Carlson,MW Parkinson,1,0,,,,,,,,,,,,,
1461930,2025,2025-07-22,"Sophia Gardens, Cardiff",4,19.4,19.4,Glamorgan,Kent,KS Carlson,JAR Harris,MW Parkinson,0,0,,,,,,,,,,,,,
1461930,2025,2025-07-22,"Sophia Gardens, Cardiff",4,19.5,19.5,Glamorgan,Kent,KS Carlson,JAR Harris,MW Parkinson,0,0,,,,,,,,,,,,,
1461930,2025,2025-07-22,"Sophia Gardens, Cardiff",4,19.6,19.6,Glamorgan,Kent,KS Carlson,JAR Harris,MW Parkinson,0,0,,,,,,,,,,,,,
1461930,2025,2025-07-22,"Sophia Gardens, Cardiff",4,20.1,20.1,Glamorgan,Kent,JAR Harris,KS Carlson,MR Quinn,0,0,,,,,,,,,,,,,
1461930,2025,2025-07-22,"Sophia Gardens, Cardiff",4,20.2,20.2,Glamorgan,Kent,JAR Harris,KS Carlson,MR Quinn,0,0,,,,,,,,,,,,,
1461930,2025,2025-07-22,"Sophia Gardens, Cardiff",4,20.3,20.3,Glamorgan,Kent,JAR Harris,KS Carlson,MR Quinn,0,0,,,,,,,,,,,,,
1461930,2025,2025-07-22,"Sophia Gardens, Cardiff",4,20.4,20.4,Glamorgan,Kent,JAR Harris,KS Carlson,MR Quinn,0,0,,,,,,,,,,,,,
1461930,2025,2025-07-22,"Sophia Gardens, Cardiff",4,20.5,20.5,Glamorgan,Kent,JAR Harris,KS Carlson,MR Quinn,0,0,,,,,,,,,,,,,
1461930,2025,2025-07-22,"Sophia Gardens, Cardiff",4,20.6,20.6,Glamorgan,Kent,JAR Harris,KS Carlson,MR Quinn,0,0,,,,,,,,,,,,,
1461930,2025,2025-07-22,"Sophia Gardens, Cardiff",4,21.1,21.1,Glamorgan,Kent,KS Carlson,JAR Harris,MW Parkinson,2,0,,,,,,,,,,,,,
1461930,2025,2025-07-22,"Sophia Gardens, Cardiff",4,21.2,21.2,Glamorgan,Kent,KS Carlson,JAR Harris,MW Parkinson,0,0,,,,,,,,,,,,,
1461930,2025,2025-07-22,"Sophia Gardens, Cardiff",4,21.3,21.3,Glamorgan,Kent,KS Carlson,JAR Harris,MW Parkinson,1,0,,,,,,,,,,,,,
1461930,2025,2025-07-22,"Sophia Gardens, Cardiff",4,21.4,21.4,Glamorgan,Kent,JAR Harris,KS Carlson,MW Parkinson,0,0,,,,,,,caught,JAR Harris,,,DJ Bell-Drummond,,
1461930,2025,2025-07-22,"Sophia Gardens, Cardiff",4,21.5,21.5,Glamorgan,Kent,WT Root,KS Carlson,MW Parkinson,1,0,,,,,,,,,,,,,
1461930,2025,2025-07-22,"Sophia Gardens, Cardiff",4,21.6,21.6,Glamorgan,Kent,KS Carlson,WT Root,MW Parkinson,1,0,,,,,,,,,,,,,
1461930,2025,2025-07-22,"Sophia Gardens, Cardiff",4,22.1,22.1,Glamorgan,Kent,KS Carlson,WT Root,MR Quinn,0,0,,,,,,,,,,,,,
1461930,2025,2025-07-22,"Sophia Gardens, Cardiff",4,22.2,22.2,Glamorgan,Kent,KS Carlson,WT Root,MR Quinn,0,0,,,,,,,,,,,,,
1461930,2025,2025-07-22,"Sophia Gardens, Cardiff",4,22.3,22.3,Glamorgan,Kent,KS Carlson,WT Root,MR Quinn,4,0,,,,,,,,,,,,,
1461930,2025,2025-07-22,"Sophia Gardens, Cardiff",4,22.4,22.4,Glamorgan,Kent,KS Carlson,WT Root,MR Quinn,0,0,,,,,,,,,,,,,
1461930,2025,2025-07-22,"Sophia Gardens, Cardiff",4,22.5,22.5,Glamorgan,Kent,KS Carlson,WT Root,MR Quinn,0,0,,,,,,,,,,,,,
1461930,2025,2025-07-22,"Sophia Gardens, Cardiff",4,22.6,22.6,Glamorgan,Kent,KS Carlson,WT Root,MR Quinn,1,0,,,,,,,,,,,,,
1461930,2025,2025-07-22,"Sophia Gardens, Cardiff",4,23.1,23.1,Glamorgan,Kent,KS Carlson,WT Root,MW Parkinson,0,0,,,,,,,,,,,,,
1461930,2025,2025-07-22,"Sophia Gardens, Cardiff",4,23.2,23.2,Glamorgan,Kent,KS Carlson,WT Root,MW Parkinson,0,0,,,,,,,,,,,,,
1461930,2025,2025-07-22,"Sophia Gardens, Cardiff",4,23.3,23.3,Glamorgan,Kent,KS Carlson,WT Root,MW Parkinson,4,0,,,,,,,,,,,,,
1461930,2025,2025-07-22,"Sophia Gardens, Cardiff",4,23.4,23.4,Glamorgan,Kent,KS Carlson,WT Root,MW Parkinson,0,0,,,,,,,,,,,,,
1461930,2025,2025-07-22,"Sophia Gardens, Cardiff",4,23.5,23.5,Glamorgan,Kent,KS Carlson,WT Root,MW Parkinson,0,0,,,,,,,,,,,,,
1461930,2025,2025-07-22,"Sophia Gardens, Cardiff",4,23.6,23.6,Glamorgan,Kent,KS Carlson,WT Root,MW Parkinson,0,0,,,,,,,,,,,,,
1461930,2025,2025-07-22,"Sophia Gardens, Cardiff",4,24.1,24.1,Glamorgan,Kent,WT Root,KS Carlson,MR Quinn,1,0,,,,,,,,,,,,,
1461930,2025,2025-07-22,"Sophia Gardens, Cardiff",4,24.2,24.2,Glamorgan,Kent,KS Carlson,WT Root,MR Quinn,0,0,,,,,,,,,,,,,
1461930,2025,2025-07-22,"Sophia Gardens, Cardiff",4,24.3,24.3,Glamorgan,Kent,KS Carlson,WT Root,MR Quinn,0,0,,,,,,,,,,,,,
1461930,2025,2025-07-22,"Sophia Gardens, Cardiff",4,24.4,24.4,Glamorgan,Kent,KS Carlson,WT Root,MR Quinn,0,0,,,,,,,,,,,,,
1461930,2025,2025-07-22,"Sophia Gardens, Cardiff",4,24.5,24.5,Glamorgan,Kent,KS Carlson,WT Root,MR Quinn,1,0,,,,,,,,,,,,,
1461930,2025,2025-07-22,"Sophia Gardens, Cardiff",4,24.6,24.6,Glamorgan,Kent,WT Root,KS Carlson,MR Quinn,1,0,,,,,,,,,,,,,
1461930,2025,2025-07-22,"Sophia Gardens, Cardiff",4,25.1,25.1,Glamorgan,Kent,WT Root,KS Carlson,MW Parkinson,2,0,,,,,,,,,,,,,
1461930,2025,2025-07-22,"Sophia Gardens, Cardiff",4,25.2,25.2,Glamorgan,Kent,WT Root,KS Carlson,MW Parkinson,0,0,,,,,,,,,,,,,
1461930,2025,2025-07-22,"Sophia Gardens, Cardiff",4,25.3,25.3,Glamorgan,Kent,WT Root,KS Carlson,MW Parkinson,0,0,,,,,,,,,,,,,
1461930,2025,2025-07-22,"Sophia Gardens, Cardiff",4,25.4,25.4,Glamorgan,Kent,WT Root,KS Carlson,MW Parkinson,0,0,,,,,,,,,,,,,
1461930,2025,2025-07-22,"Sophia Gardens, Cardiff",4,25.5,25.5,Glamorgan,Kent,WT Root,KS Carlson,MW Parkinson,1,0,,,,,,,,,,,,,
1461930,2025,2025-07-22,"Sophia Gardens, Cardiff",4,25.6,25.6,Glamorgan,Kent,KS Carlson,WT Root,MW Parkinson,4,0,,,,,,,,,,,,,
1461930,2025,2025-07-22,"Sophia Gardens, Cardiff",4,26.1,26.1,Glamorgan,Kent,WT Root,KS Carlson,MR Quinn,1,0,,,,,,,,,,,,,
1461930,2025,2025-07-22,"Sophia Gardens, Cardiff",4,26.2,26.2,Glamorgan,Kent,KS Carlson,WT Root,MR Quinn,0,0,,,,,,,,,,,,,
1461930,2025,2025-07-22,"Sophia Gardens, Cardiff",4,26.3,26.3,Glamorgan,Kent,KS Carlson,WT Root,MR Quinn,3,0,,,,,,,,,,,,,
1461930,2025,2025-07-22,"Sophia Gardens, Cardiff",4,26.4,26.4,Glamorgan,Kent,WT Root,KS Carlson,MR Quinn,0,0,,,,,,,,,,,,,
1461930,2025,2025-07-22,"Sophia Gardens, Cardiff",4,26.5,26.5,Glamorgan,Kent,WT Root,KS Carlson,MR Quinn,1,0,,,,,,,,,,,,,
1461930,2025,2025-07-22,"Sophia Gardens, Cardiff",4,26.6,26.6,Glamorgan,Kent,KS Carlson,WT Root,MR Quinn,1,0,,,,,,,,,,,,,
1461930,2025,2025-07-22,"Sophia Gardens, Cardiff",4,27.1,27.1,Glamorgan,Kent,KS Carlson,WT Root,MW Parkinson,4,0,,,,,,,,,,,,,
1461930,2025,2025-07-22,"Sophia Gardens, Cardiff",4,27.2,27.2,Glamorgan,Kent,KS Carlson,WT Root,MW Parkinson,0,0,,,,,,,,,,,,,
1461930,2025,2025-07-22,"Sophia Gardens, Cardiff",4,27.3,27.3,Glamorgan,Kent,KS Carlson,WT Root,MW Parkinson,1,0,,,,,,,,,,,,,
1461930,2025,2025-07-22,"Sophia Gardens, Cardiff",4,27.4,27.4,Glamorgan,Kent,WT Root,KS Carlson,MW Parkinson,0,0,,,,,,,,,,,,,
1461930,2025,2025-07-22,"Sophia Gardens, Cardiff",4,27.5,27.5,Glamorgan,Kent,WT Root,KS Carlson,MW Parkinson,0,3,,,3,,,,,,,,,,
1461930,2025,2025-07-22,"Sophia Gardens, Cardiff",4,27.6,27.6,Glamorgan,Kent,KS Carlson,WT Root,MW Parkinson,0,0,,,,,,,,,,,,,
1461930,2025,2025-07-22,"Sophia Gardens, Cardiff",4,28.1,28.1,Glamorgan,Kent,WT Root,KS Carlson,G Stewart,4,0,,,,,,,,,,,,,
1461930,2025,2025-07-22,"Sophia Gardens, Cardiff",4,28.2,28.2,Glamorgan,Kent,WT Root,KS Carlson,G Stewart,0,0,,,,,,,,,,,,,
1461930,2025,2025-07-22,"Sophia Gardens, Cardiff",4,28.3,28.3,Glamorgan,Kent,WT Root,KS Carlson,G Stewart,0,0,,,,,,,,,,,,,
1461930,2025,2025-07-22,"Sophia Gardens, Cardiff",4,28.4,28.4,Glamorgan,Kent,WT Root,KS Carlson,G Stewart,3,0,,,,,,,,,,,,,
1461930,2025,2025-07-22,"Sophia Gardens, Cardiff",4,28.5,28.5,Glamorgan,Kent,KS Carlson,WT Root,G Stewart,0,1,,,,1,,,,,,,,,
1461930,2025,2025-07-22,"Sophia Gardens, Cardiff",4,28.6,28.6,Glamorgan,Kent,WT Root,KS Carlson,G Stewart,0,0,,,,,,,,,,,,,
1461930,2025,2025-07-22,"Sophia Gardens, Cardiff",4,29.1,29.1,Glamorgan,Kent,KS Carlson,WT Root,MW Parkinson,0,0,,,,,,,,,,,,,
1461930,2025,2025-07-22,"Sophia Gardens, Cardiff",4,29.2,29.2,Glamorgan,Kent,KS Carlson,WT Root,MW Parkinson,2,0,,,,,,,,,,,,,
1461930,2025,2025-07-22,"Sophia Gardens, Cardiff",4,29.3,29.3,Glamorgan,Kent,KS Carlson,WT Root,MW Parkinson,0,0,,,,,,,,,,,,,
1461930,2025,2025-07-22,"Sophia Gardens, Cardiff",4,29.4,29.4,Glamorgan,Kent,KS Carlson,WT Root,MW Parkinson,0,0,,,,,,,,,,,,,
1461930,2025,2025-07-22,"Sophia Gardens, Cardiff",4,29.5,29.5,Glamorgan,Kent,KS Carlson,WT Root,MW Parkinson,1,0,,,,,,,,,,,,,
1461930,2025,2025-07-22,"Sophia Gardens, Cardiff",4,29.6,29.6,Glamorgan,Kent,WT Root,KS Carlson,MW Parkinson,1,0,,,,,,,,,,,,,
1461930,2025,2025-07-22,"Sophia Gardens, Cardiff",4,30.1,30.1,Glamorgan,Kent,WT Root,KS Carlson,G Stewart,0,0,,,,,,,,,,,,,
1461930,2025,2025-07-22,"Sophia Gardens, Cardiff",4,30.2,30.2,Glamorgan,Kent,WT Root,KS Carlson,G Stewart,1,0,,,,,,,,,,,,,
1461930,2025,2025-07-22,"Sophia Gardens, Cardiff",4,30.3,30.3,Glamorgan,Kent,KS Carlson,WT Root,G Stewart,1,0,,,,,,,,,,,,,
1461930,2025,2025-07-22,"Sophia Gardens, Cardiff",4,30.4,30.4,Glamorgan,Kent,WT Root,KS Carlson,G Stewart,4,0,,,,,,,,,,,,,
1461930,2025,2025-07-22,"Sophia Gardens, Cardiff",4,30.5,30.5,Glamorgan,Kent,WT Root,KS Carlson,G Stewart,0,0,,,,,,,,,,,,,
1461930,2025,2025-07-22,"Sophia Gardens, Cardiff",4,30.6,30.6,Glamorgan,Kent,WT Root,KS Carlson,G Stewart,1,0,,,,,,,,,,,,,
1461930,2025,2025-07-22,"Sophia Gardens, Cardiff",4,31.1,31.1,Glamorgan,Kent,WT Root,KS Carlson,MW Parkinson,0,0,,,,,,,,,,,,,
1461930,2025,2025-07-22,"Sophia Gardens, Cardiff",4,31.2,31.2,Glamorgan,Kent,WT Root,KS Carlson,MW Parkinson,1,0,,,,,,,,,,,,,
1461930,2025,2025-07-22,"Sophia Gardens, Cardiff",4,31.3,31.3,Glamorgan,Kent,KS Carlson,WT Root,MW Parkinson,0,0,,,,,,,,,,,,,
1461930,2025,2025-07-22,"Sophia Gardens, Cardiff",4,31.4,31.4,Glamorgan,Kent,KS Carlson,WT Root,MW Parkinson,1,0,,,,,,,,,,,,,
1461930,2025,2025-07-22,"Sophia Gardens, Cardiff",4,31.5,31.5,Glamorgan,Kent,WT Root,KS Carlson,MW Parkinson,0,0,,,,,,,,,,,,,
1461930,2025,2025-07-22,"Sophia Gardens, Cardiff",4,31.6,31.6,Glamorgan,Kent,WT Root,KS Carlson,MW Parkinson,4,0,,,,,,,,,,,,,
1461930,2025,2025-07-22,"Sophia Gardens, Cardiff",4,32.1,32.1,Glamorgan,Kent,KS Carlson,WT Root,JK Denly,0,0,,,,,,,,,,,,,
1461930,2025,2025-07-22,"Sophia Gardens, Cardiff",4,32.2,32.2,Glamorgan,Kent,KS Carlson,WT Root,JK Denly,4,0,,,,,,,,,,,,,
1461930,2025,2025-07-22,"Sophia Gardens, Cardiff",4,32.3,32.3,Glamorgan,Kent,KS Carlson,WT Root,JK Denly,1,0,,,,,,,,,,,,,
1461930,2025,2025-07-22,"Sophia Gardens, Cardiff",4,32.4,32.4,Glamorgan,Kent,WT Root,KS Carlson,JK Denly,1,0,,,,,,,,,,,,,
1461930,2025,2025-07-22,"Sophia Gardens, Cardiff",4,32.5,32.5,Glamorgan,Kent,KS Carlson,WT Root,JK Denly,0,0,,,,,,,,,,,,,
1461930,2025,2025-07-22,"Sophia Gardens, Cardiff",4,32.6,32.6,Glamorgan,Kent,KS Carlson,WT Root,JK Denly,0,0,,,,,,,,,,,,,
1461930,2025,2025-07-22,"Sophia Gardens, Cardiff",4,33.1,33.1,Glamorgan,Kent,WT Root,KS Carlson,MW Parkinson,2,0,,,,,,,,,,,,,
1461930,2025,2025-07-22,"Sophia Gardens, Cardiff",4,33.2,33.2,Glamorgan,Kent,WT Root,KS Carlson,MW Parkinson,0,0,,,,,,,stumped,WT Root,,,HZ Finch,,
1461930,2025,2025-07-22,"Sophia Gardens, Cardiff",4,33.3,33.3,Glamorgan,Kent,CA Ingram,KS Carlson,MW Parkinson,0,0,,,,,,,,,,,,,
1461930,2025,2025-07-22,"Sophia Gardens, Cardiff",4,33.4,33.4,Glamorgan,Kent,CA Ingram,KS Carlson,MW Parkinson,1,0,,,,,,,,,,,,,
1461930,2025,2025-07-22,"Sophia Gardens, Cardiff",4,33.5,33.5,Glamorgan,Kent,KS Carlson,CA Ingram,MW Parkinson,1,0,,,,,,,,,,,,,
1461930,2025,2025-07-22,"Sophia Gardens, Cardiff",4,33.6,33.6,Glamorgan,Kent,CA Ingram,KS Carlson,MW Parkinson,1,0,,,,,,,,,,,,,
1461930,2025,2025-07-22,"Sophia Gardens, Cardiff",4,34.1,34.1,Glamorgan,Kent,CA Ingram,KS Carlson,JK Denly,2,0,,,,,,,,,,,,,
1461930,2025,2025-07-22,"Sophia Gardens, Cardiff",4,34.2,34.2,Glamorgan,Kent,CA Ingram,KS Carlson,JK Denly,3,0,,,,,,,,,,,,,
1461930,2025,2025-07-22,"Sophia Gardens, Cardiff",4,34.3,34.3,Glamorgan,Kent,KS Carlson,CA Ingram,JK Denly,0,0,,,,,,,,,,,,,
1461930,2025,2025-07-22,"Sophia Gardens, Cardiff",4,34.4,34.4,Glamorgan,Kent,KS Carlson,CA Ingram,JK Denly,0,0,,,,,,,,,,,,,
1461930,2025,2025-07-22,"Sophia Gardens, Cardiff",4,34.5,34.5,Glamorgan,Kent,KS Carlson,CA Ingram,JK Denly,0,0,,,,,,,,,,,,,
1461930,2025,2025-07-22,"Sophia Gardens, Cardiff",4,34.6,34.6,Glamorgan,Kent,KS Carlson,CA Ingram,JK Denly,0,0,,,,,,,,,,,,,
1461930,2025,2025-07-22,"Sophia Gardens, Cardiff",4,35.1,35.1,Glamorgan,Kent,CA Ingram,KS Carlson,MW Parkinson,1,0,,,,,,,,,,,,,
1461930,2025,2025-07-22,"Sophia Gardens, Cardiff",4,35.2,35.2,Glamorgan,Kent,KS Carlson,CA Ingram,MW Parkinson,1,0,,,,,,,,,,,,,
1461930,2025,2025-07-22,"Sophia Gardens, Cardiff",4,35.3,35.3,Glamorgan,Kent,CA Ingram,KS Carlson,MW Parkinson,0,0,,,,,,,,,,,,,
1461930,2025,2025-07-22,"Sophia Gardens, Cardiff",4,35.4,35.4,Glamorgan,Kent,CA Ingram,KS Carlson,MW Parkinson,0,0,,,,,,,,,,,,,
1461930,2025,2025-07-22,"Sophia Gardens, Cardiff",4,35.5,35.5,Glamorgan,Kent,CA Ingram,KS Carlson,MW Parkinson,1,0,,,,,,,,,,,,,
1461930,2025,2025-07-22,"Sophia Gardens, Cardiff",4,35.6,35.6,Glamorgan,Kent,KS Carlson,CA Ingram,MW Parkinson,2,0,,,,,,,,,,,,,
1461930,2025,2025-07-22,"Sophia Gardens, Cardiff",4,36.1,36.1,Glamorgan,Kent,CA Ingram,KS Carlson,JK Denly,1,0,,,,,,,,,,,,,
1461930,2025,2025-07-22,"Sophia Gardens, Cardiff",4,36.2,36.2,Glamorgan,Kent,KS Carlson,CA Ingram,JK Denly,0,0,,,,,,,,,,,,,
1461930,2025,2025-07-22,"Sophia Gardens, Cardiff",4,36.3,36.3,Glamorgan,Kent,KS Carlson,CA Ingram,JK Denly,4,0,,,,,,,,,,,,,
1461930,2025,2025-07-22,"Sophia Gardens, Cardiff",4,36.4,36.4,Glamorgan,Kent,KS Carlson,CA Ingram,JK Denly,0,0,,,,,,,,,,,,,
1461930,2025,2025-07-22,"Sophia Gardens, Cardiff",4,36.5,36.5,Glamorgan,Kent,KS Carlson,CA Ingram,JK Denly,4,0,,,,,,,,,,,,,
1461930,2025,2025-07-22,"Sophia Gardens, Cardiff",4,36.6,36.6,Glamorgan,Kent,KS Carlson,CA Ingram,JK Denly,0,0,,,,,,,,,,,,,
1461930,2025,2025-07-22,"Sophia Gardens, Cardiff",4,37.1,37.1,Glamorgan,Kent,CA Ingram,KS Carlson,MW Parkinson,0,0,,,,,,,,,,,,,
1461930,2025,2025-07-22,"Sophia Gardens, Cardiff",4,37.2,37.2,Glamorgan,Kent,CA Ingram,KS Carlson,MW Parkinson,0,1,,,,1,,,,,,,,,
1461930,2025,2025-07-22,"Sophia Gardens, Cardiff",4,37.3,37.3,Glamorgan,Kent,KS Carlson,CA Ingram,MW Parkinson,0,0,,,,,,,,,,,,,
1461930,2025,2025-07-22,"Sophia Gardens, Cardiff",4,37.4,37.4,Glamorgan,Kent,KS Carlson,CA Ingram,MW Parkinson,4,0,,,,,,,,,,,,,
1461930,2025,2025-07-22,"Sophia Gardens, Cardiff",4,37.5,37.5,Glamorgan,Kent,KS Carlson,CA Ingram,MW Parkinson,0,0,,,,,,,,,,,,,
1461930,2025,2025-07-22,"Sophia Gardens, Cardiff",4,37.6,37.6,Glamorgan,Kent,KS Carlson,CA Ingram,MW Parkinson,0,0,,,,,,,,,,,,,
1461930,2025,2025-07-22,"Sophia Gardens, Cardiff",4,38.1,38.1,Glamorgan,Kent,CA Ingram,KS Carlson,WA Agar,0,0,,,,,,,,,,,,,
1461930,2025,2025-07-22,"Sophia Gardens, Cardiff",4,38.2,38.2,Glamorgan,Kent,CA Ingram,KS Carlson,WA Agar,0,0,,,,,,,,,,,,,
1461930,2025,2025-07-22,"Sophia Gardens, Cardiff",4,38.3,38.3,Glamorgan,Kent,CA Ingram,KS Carlson,WA Agar,1,0,,,,,,,,,,,,,
1461930,2025,2025-07-22,"Sophia Gardens, Cardiff",4,38.4,38.4,Glamorgan,Kent,KS Carlson,CA Ingram,WA Agar,6,0,,,,,,,,,,,,,
1461930,2025,2025-07-22,"Sophia Gardens, Cardiff",4,38.5,38.5,Glamorgan,Kent,KS Carlson,CA Ingram,WA Agar,0,0,,,,,,,,,,,,,
1461930,2025,2025-07-22,"Sophia Gardens, Cardiff",4,38.6,38.6,Glamorgan,Kent,KS Carlson,CA Ingram,WA Agar,1,0,,,,,,,,,,,,,
1461930,2025,2025-07-22,"Sophia Gardens, Cardiff",4,39.1,39.1,Glamorgan,Kent,KS Carlson,CA Ingram,MW Parkinson,1,0,,,,,,,,,,,,,
1461930,2025,2025-07-22,"Sophia Gardens, Cardiff",4,39.2,39.2,Glamorgan,Kent,CA Ingram,KS Carlson,MW Parkinson,1,0,,,,,,,,,,,,,
1461930,2025,2025-07-22,"Sophia Gardens, Cardiff",4,39.3,39.3,Glamorgan,Kent,KS Carlson,CA Ingram,MW Parkinson,0,0,,,,,,,,,,,,,
1461930,2025,2025-07-22,"Sophia Gardens, Cardiff",4,39.4,39.4,Glamorgan,Kent,KS Carlson,CA Ingram,MW Parkinson,1,0,,,,,,,,,,,,,
1461930,2025,2025-07-22,"Sophia Gardens, Cardiff",4,39.5,39.5,Glamorgan,Kent,CA Ingram,KS Carlson,MW Parkinson,0,0,,,,,,,,,,,,,
1461930,2025,2025-07-22,"Sophia Gardens, Cardiff",4,39.6,39.6,Glamorgan,Kent,CA Ingram,KS Carlson,MW Parkinson,1,0,,,,,,,,,,,,,
1461930,2025,2025-07-22,"Sophia Gardens, Cardiff",4,40.1,40.1,Glamorgan,Kent,CA Ingram,KS Carlson,WA Agar,4,0,,,,,,,,,,,,,
1461930,2025,2025-07-22,"Sophia Gardens, Cardiff",4,40.2,40.2,Glamorgan,Kent,CA Ingram,KS Carlson,WA Agar,0,0,,,,,,,,,,,,,
1461930,2025,2025-07-22,"Sophia Gardens, Cardiff",4,40.3,40.3,Glamorgan,Kent,CA Ingram,KS Carlson,WA Agar,2,0,,,,,,,,,,,,,
1461930,2025,2025-07-22,"Sophia Gardens, Cardiff",4,40.4,40.4,Glamorgan,Kent,CA Ingram,KS Carlson,WA Agar,1,0,,,,,,,,,,,,,
1461930,2025,2025-07-22,"Sophia Gardens, Cardiff",4,40.5,40.5,Glamorgan,Kent,KS Carlson,CA Ingram,WA Agar,1,0,,,,,,,,,,,,,
1461930,2025,2025-07-22,"Sophia Gardens, Cardiff",4,40.6,40.6,Glamorgan,Kent,CA Ingram,KS Carlson,WA Agar,1,0,,,,,,,,,,,,,
1461930,2025,2025-07-22,"Sophia Gardens, Cardiff",4,41.1,41.1,Glamorgan,Kent,CA Ingram,KS Carlson,MW Parkinson,4,0,,,,,,,,,,,,,
1461930,2025,2025-07-22,"Sophia Gardens, Cardiff",4,41.2,41.2,Glamorgan,Kent,CA Ingram,KS Carlson,MW Parkinson,0,1,,,,1,,,,,,,,,
1461930,2025,2025-07-22,"Sophia Gardens, Cardiff",4,41.3,41.3,Glamorgan,Kent,KS Carlson,CA Ingram,MW Parkinson,0,0,,,,,,,,,,,,,
1461930,2025,2025-07-22,"Sophia Gardens, Cardiff",4,41.4,41.4,Glamorgan,Kent,KS Carlson,CA Ingram,MW Parkinson,1,0,,,,,,,,,,,,,
1461930,2025,2025-07-22,"Sophia Gardens, Cardiff",4,41.5,41.5,Glamorgan,Kent,CA Ingram,KS Carlson,MW Parkinson,0,1,,,,1,,,,,,,,,
1461930,2025,2025-07-22,"Sophia Gardens, Cardiff",4,41.6,41.6,Glamorgan,Kent,KS Carlson,CA Ingram,MW Parkinson,0,0,,,,,,,,,,,,,
1461930,2025,2025-07-22,"Sophia Gardens, Cardiff",4,42.1,42.1,Glamorgan,Kent,CA Ingram,KS Carlson,WA Agar,1,0,,,,,,,,,,,,,
1461930,2025,2025-07-22,"Sophia Gardens, Cardiff",4,42.2,42.2,Glamorgan,Kent,KS Carlson,CA Ingram,WA Agar,1,0,,,,,,,,,,,,,
1461930,2025,2025-07-22,"Sophia Gardens, Cardiff",4,42.3,42.3,Glamorgan,Kent,CA Ingram,KS Carlson,WA Agar,1,0,,,,,,,,,,,,,
1461930,2025,2025-07-22,"Sophia Gardens, Cardiff",4,42.4,42.4,Glamorgan,Kent,KS Carlson,CA Ingram,WA Agar,0,2,,2,,,,,,,,,,,
1461930,2025,2025-07-22,"Sophia Gardens, Cardiff",4,42.5,42.4,Glamorgan,Kent,KS Carlson,CA Ingram,WA Agar,0,0,,,,,,,,,,,,,
1461930,2025,2025-07-22,"Sophia Gardens, Cardiff",4,42.6,42.5,Glamorgan,Kent,KS Carlson,CA Ingram,WA Agar,0,0,,,,,,,,,,,,,
1461930,2025,2025-07-22,"Sophia Gardens, Cardiff",4,42.7,42.6,Glamorgan,Kent,KS Carlson,CA Ingram,WA Agar,0,0,,,,,,,,,,,,,
1461930,2025,2025-07-22,"Sophia Gardens, Cardiff",4,43.1,43.1,Glamorgan,Kent,CA Ingram,KS Carlson,MW Parkinson,0,0,,,,,,,lbw,CA Ingram,,,,,
1461930,2025,2025-07-22,"Sophia Gardens, Cardiff",4,43.2,43.2,Glamorgan,Kent,BI Kellaway,KS Carlson,MW Parkinson,4,0,,,,,,,,,,,,,
1461930,2025,2025-07-22,"Sophia Gardens, Cardiff",4,43.3,43.3,Glamorgan,Kent,BI Kellaway,KS Carlson,MW Parkinson,0,0,,,,,,,,,,,,,
1461930,2025,2025-07-22,"Sophia Gardens, Cardiff",4,43.4,43.4,Glamorgan,Kent,BI Kellaway,KS Carlson,MW Parkinson,0,0,,,,,,,,,,,,,
1461930,2025,2025-07-22,"Sophia Gardens, Cardiff",4,43.5,43.5,Glamorgan,Kent,BI Kellaway,KS Carlson,MW Parkinson,0,0,,,,,,,,,,,,,
1461930,2025,2025-07-22,"Sophia Gardens, Cardiff",4,43.6,43.6,Glamorgan,Kent,BI Kellaway,KS Carlson,MW Parkinson,0,2,,2,,,,,,,,,,,
1461930,2025,2025-07-22,"Sophia Gardens, Cardiff",4,43.7,43.6,Glamorgan,Kent,BI Kellaway,KS Carlson,MW Parkinson,0,0,,,,,,,,,,,,,
1461930,2025,2025-07-22,"Sophia Gardens, Cardiff",4,44.1,44.1,Glamorgan,Kent,KS Carlson,BI Kellaway,WA Agar,0,0,,,,,,,,,,,,,
1461930,2025,2025-07-22,"Sophia Gardens, Cardiff",4,44.2,44.2,Glamorgan,Kent,KS Carlson,BI Kellaway,WA Agar,1,0,,,,,,,,,,,,,
1461930,2025,2025-07-22,"Sophia Gardens, Cardiff",4,44.3,44.3,Glamorgan,Kent,BI Kellaway,KS Carlson,WA Agar,0,0,,,,,,,,,,,,,
1461930,2025,2025-07-22,"Sophia Gardens, Cardiff",4,44.4,44.4,Glamorgan,Kent,BI Kellaway,KS Carlson,WA Agar,0,0,,,,,,,,,,,,,
1461930,2025,2025-07-22,"Sophia Gardens, Cardiff",4,44.5,44.5,Glamorgan,Kent,BI Kellaway,KS Carlson,WA Agar,0,0,,,,,,,,,,,,,
1461930,2025,2025-07-22,"Sophia Gardens, Cardiff",4,44.6,44.6,Glamorgan,Kent,BI Kellaway,KS Carlson,WA Agar,0,0,,,,,,,,,,,,,
1461930,2025,2025-07-22,"Sophia Gardens, Cardiff",4,45.1,45.1,Glamorgan,Kent,KS Carlson,BI Kellaway,MW Parkinson,4,0,,,,,,,,,,,,,
1461930,2025,2025-07-22,"Sophia Gardens, Cardiff",4,45.2,45.2,Glamorgan,Kent,KS Carlson,BI Kellaway,MW Parkinson,4,0,,,,,,,,,,,,,
1461930,2025,2025-07-22,"Sophia Gardens, Cardiff",4,45.3,45.3,Glamorgan,Kent,KS Carlson,BI Kellaway,MW Parkinson,2,0,,,,,,,,,,,,,
1461930,2025,2025-07-22,"Sophia Gardens, Cardiff",4,45.4,45.4,Glamorgan,Kent,KS Carlson,BI Kellaway,MW Parkinson,0,0,,,,,,,,,,,,,
1461930,2025,2025-07-22,"Sophia Gardens, Cardiff",4,45.5,45.5,Glamorgan,Kent,KS Carlson,BI Kellaway,MW Parkinson,4,0,,,,,,,,,,,,,
