match_id,season,start_date,venue,innings,ball,actual_delivery,batting_team,bowling_team,striker,non_striker,bowler,runs_off_bat,extras,wides,noballs,byes,legbyes,penalty,non_boundary,wicket_type,player_dismissed,other_wicket_type,other_player_dismissed,fielder_1,fielder_2,fielder_3
1461848,2025,2025-05-09,"County Ground, Hove",1,0.1,0.1,Sussex,Worcestershire,DP Hughes,TJ Haines,TAI Taylor,0,0,,,,,,,,,,,,,
1461848,2025,2025-05-09,"County Ground, Hove",1,0.2,0.2,Sussex,Worcestershire,DP Hughes,TJ Haines,TAI Taylor,0,0,,,,,,,,,,,,,
1461848,2025,2025-05-09,"County Ground, Hove",1,0.3,0.3,Sussex,Worcestershire,DP Hughes,TJ Haines,TAI Taylor,0,0,,,,,,,,,,,,,
1461848,2025,2025-05-09,"County Ground, Hove",1,0.4,0.4,Sussex,Worcestershire,DP Hughes,TJ Haines,TAI Taylor,0,0,,,,,,,,,,,,,
1461848,2025,2025-05-09,"County Ground, Hove",1,0.5,0.5,Sussex,Worcestershire,DP Hughes,TJ Haines,TAI Taylor,0,0,,,,,,,,,,,,,
1461848,2025,2025-05-09,"County Ground, Hove",1,0.6,0.6,Sussex,Worcestershire,DP Hughes,TJ Haines,TAI Taylor,0,1,,,,1,,,,,,,,,
1461848,2025,2025-05-09,"County Ground, Hove",1,1.1,1.1,Sussex,Worcestershire,DP Hughes,TJ Haines,BMJ Allison,1,0,,,,,,,,,,,,,
1461848,2025,2025-05-09,"County Ground, Hove",1,1.2,1.2,Sussex,Worcestershire,TJ Haines,DP Hughes,BMJ Allison,0,0,,,,,,,,,,,,,
1461848,2025,2025-05-09,"County Ground, Hove",1,1.3,1.3,Sussex,Worcestershire,TJ Haines,DP Hughes,BMJ Allison,0,0,,,,,,,,,,,,,
1461848,2025,2025-05-09,"County Ground, Hove",1,1.4,1.4,Sussex,Worcestershire,TJ Haines,DP Hughes,BMJ Allison,0,0,,,,,,,,,,,,,
1461848,2025,2025-05-09,"County Ground, Hove",1,1.5,1.5,Sussex,Worcestershire,TJ Haines,DP Hughes,BMJ Allison,4,0,,,,,,,,,,,,,
1461848,2025,2025-05-09,"County Ground, Hove",1,1.6,1.6,Sussex,Worcestershire,TJ Haines,DP Hughes,BMJ Allison,0,0,,,,,,,,,,,,,
1461848,2025,2025-05-09,"County Ground, Hove",1,2.1,2.1,Sussex,Worcestershire,DP Hughes,TJ Haines,TAI Taylor,1,0,,,,,,,,,,,,,
1461848,2025,2025-05-09,"County Ground, Hove",1,2.2,2.2,Sussex,Worcestershire,TJ Haines,DP Hughes,TAI Taylor,0,0,,,,,,,,,,,,,
1461848,2025,2025-05-09,"County Ground, Hove",1,2.3,2.3,Sussex,Worcestershire,TJ Haines,DP Hughes,TAI Taylor,0,0,,,,,,,,,,,,,
1461848,2025,2025-05-09,"County Ground, Hove",1,2.4,2.4,Sussex,Worcestershire,TJ Haines,DP Hughes,TAI Taylor,0,0,,,,,,,,,,,,,
1461848,2025,2025-05-09,"County Ground, Hove",1,2.5,2.5,Sussex,Worcestershire,TJ Haines,DP Hughes,TAI Taylor,4,0,,,,,,,,,,,,,
1461848,2025,2025-05-09,"County Ground, Hove",1,2.6,2.6,Sussex,Worcestershire,TJ Haines,DP Hughes,TAI Taylor,4,0,,,,,,,,,,,,,
1461848,2025,2025-05-09,"County Ground, Hove",1,3.1,3.1,Sussex,Worcestershire,DP Hughes,TJ Haines,BMJ Allison,0,0,,,,,,,,,,,,,
1461848,2025,2025-05-09,"County Ground, Hove",1,3.2,3.2,Sussex,Worcestershire,DP Hughes,TJ Haines,BMJ Allison,0,0,,,,,,,,,,,,,
1461848,2025,2025-05-09,"County Ground, Hove",1,3.3,3.3,Sussex,Worcestershire,DP Hughes,TJ Haines,BMJ Allison,0,0,,,,,,,,,,,,,
1461848,2025,2025-05-09,"County Ground, Hove",1,3.4,3.4,Sussex,Worcestershire,DP Hughes,TJ Haines,BMJ Allison,0,0,,,,,,,,,,,,,
1461848,2025,2025-05-09,"County Ground, Hove",1,3.5,3.5,Sussex,Worcestershire,DP Hughes,TJ Haines,BMJ Allison,0,0,,,,,,,,,,,,,
1461848,2025,2025-05-09,"County Ground, Hove",1,3.6,3.6,Sussex,Worcestershire,DP Hughes,TJ Haines,BMJ Allison,0,0,,,,,,,,,,,,,
1461848,2025,2025-05-09,"County Ground, Hove",1,4.1,4.1,Sussex,Worcestershire,TJ Haines,DP Hughes,TAI Taylor,4,0,,,,,,,,,,,,,
1461848,2025,2025-05-09,"County Ground, Hove",1,4.2,4.2,Sussex,Worcestershire,TJ Haines,DP Hughes,TAI Taylor,0,0,,,,,,,,,,,,,
1461848,2025,2025-05-09,"County Ground, Hove",1,4.3,4.3,Sussex,Worcestershire,TJ Haines,DP Hughes,TAI Taylor,0,0,,,,,,,,,,,,,
1461848,2025,2025-05-09,"County Ground, Hove",1,4.4,4.4,Sussex,Worcestershire,TJ Haines,DP Hughes,TAI Taylor,1,0,,,,,,,,,,,,,
1461848,2025,2025-05-09,"County Ground, Hove",1,4.5,4.5,Sussex,Worcestershire,DP Hughes,TJ Haines,TAI Taylor,0,0,,,,,,,,,,,,,
1461848,2025,2025-05-09,"County Ground, Hove",1,4.6,4.6,Sussex,Worcestershire,DP Hughes,TJ Haines,TAI Taylor,0,0,,,,,,,,,,,,,
1461848,2025,2025-05-09,"County Ground, Hove",1,5.1,5.1,Sussex,Worcestershire,TJ Haines,DP Hughes,BMJ Allison,0,0,,,,,,,,,,,,,
1461848,2025,2025-05-09,"County Ground, Hove",1,5.2,5.2,Sussex,Worcestershire,TJ Haines,DP Hughes,BMJ Allison,0,0,,,,,,,,,,,,,
1461848,2025,2025-05-09,"County Ground, Hove",1,5.3,5.3,Sussex,Worcestershire,TJ Haines,DP Hughes,BMJ Allison,1,0,,,,,,,,,,,,,
1461848,2025,2025-05-09,"County Ground, Hove",1,5.4,5.4,Sussex,Worcestershire,DP Hughes,TJ Haines,BMJ Allison,0,0,,,,,,,,,,,,,
1461848,2025,2025-05-09,"County Ground, Hove",1,5.5,5.5,Sussex,Worcestershire,DP Hughes,TJ Haines,BMJ Allison,0,0,,,,,,,,,,,,,
1461848,2025,2025-05-09,"County Ground, Hove",1,5.6,5.6,Sussex,Worcestershire,DP Hughes,TJ Haines,BMJ Allison,0,0,,,,,,,,,,,,,
1461848,2025,2025-05-09,"County Ground, Hove",1,6.1,6.1,Sussex,Worcestershire,TJ Haines,DP Hughes,TAI Taylor,0,0,,,,,,,,,,,,,
1461848,2025,2025-05-09,"County Ground, Hove",1,6.2,6.2,Sussex,Worcestershire,TJ Haines,DP Hughes,TAI Taylor,0,0,,,,,,,,,,,,,
1461848,2025,2025-05-09,"County Ground, Hove",1,6.3,6.3,Sussex,Worcestershire,TJ Haines,DP Hughes,TAI Taylor,0,0,,,,,,,,,,,,,
1461848,2025,2025-05-09,"County Ground, Hove",1,6.4,6.4,Sussex,Worcestershire,TJ Haines,DP Hughes,TAI Taylor,0,0,,,,,,,,,,,,,
1461848,2025,2025-05-09,"County Ground, Hove",1,6.5,6.5,Sussex,Worcestershire,TJ Haines,DP Hughes,TAI Taylor,0,0,,,,,,,,,,,,,
1461848,2025,2025-05-09,"County Ground, Hove",1,6.6,6.6,Sussex,Worcestershire,TJ Haines,DP Hughes,TAI Taylor,1,0,,,,,,,,,,,,,
1461848,2025,2025-05-09,"County Ground, Hove",1,7.1,7.1,Sussex,Worcestershire,TJ Haines,DP Hughes,BMJ Allison,4,0,,,,,,,,,,,,,
1461848,2025,2025-05-09,"County Ground, Hove",1,7.2,7.2,Sussex,Worcestershire,TJ Haines,DP Hughes,BMJ Allison,0,0,,,,,,,,,,,,,
1461848,2025,2025-05-09,"County Ground, Hove",1,7.3,7.3,Sussex,Worcestershire,TJ Haines,DP Hughes,BMJ Allison,0,0,,,,,,,,,,,,,
1461848,2025,2025-05-09,"County Ground, Hove",1,7.4,7.4,Sussex,Worcestershire,TJ Haines,DP Hughes,BMJ Allison,0,0,,,,,,,,,,,,,
1461848,2025,2025-05-09,"County Ground, Hove",1,7.5,7.5,Sussex,Worcestershire,TJ Haines,DP Hughes,BMJ Allison,0,0,,,,,,,,,,,,,
1461848,2025,2025-05-09,"County Ground, Hove",1,7.6,7.6,Sussex,Worcestershire,TJ Haines,DP Hughes,BMJ Allison,0,0,,,,,,,,,,,,,
1461848,2025,2025-05-09,"County Ground, Hove",1,8.1,8.1,Sussex,Worcestershire,DP Hughes,TJ Haines,BJ Gibbon,0,0,,,,,,,,,,,,,
1461848,2025,2025-05-09,"County Ground, Hove",1,8.2,8.2,Sussex,Worcestershire,DP Hughes,TJ Haines,BJ Gibbon,0,0,,,,,,,,,,,,,
1461848,2025,2025-05-09,"County Ground, Hove",1,8.3,8.3,Sussex,Worcestershire,DP Hughes,TJ Haines,BJ Gibbon,0,0,,,,,,,,,,,,,
1461848,2025,2025-05-09,"County Ground, Hove",1,8.4,8.4,Sussex,Worcestershire,DP Hughes,TJ Haines,BJ Gibbon,4,0,,,,,,,,,,,,,
1461848,2025,2025-05-09,"County Ground, Hove",1,8.5,8.5,Sussex,Worcestershire,DP Hughes,TJ Haines,BJ Gibbon,4,0,,,,,,,,,,,,,
1461848,2025,2025-05-09,"County Ground, Hove",1,8.6,8.6,Sussex,Worcestershire,DP Hughes,TJ Haines,BJ Gibbon,4,0,,,,,,,,,,,,,
1461848,2025,2025-05-09,"County Ground, Hove",1,9.1,9.1,Sussex,Worcestershire,TJ Haines,DP Hughes,BMJ Allison,0,0,,,,,,,,,,,,,
1461848,2025,2025-05-09,"County Ground, Hove",1,9.2,9.2,Sussex,Worcestershire,TJ Haines,DP Hughes,BMJ Allison,4,0,,,,,,,,,,,,,
1461848,2025,2025-05-09,"County Ground, Hove",1,9.3,9.3,Sussex,Worcestershire,TJ Haines,DP Hughes,BMJ Allison,0,0,,,,,,,,,,,,,
1461848,2025,2025-05-09,"County Ground, Hove",1,9.4,9.4,Sussex,Worcestershire,TJ Haines,DP Hughes,BMJ Allison,0,0,,,,,,,,,,,,,
1461848,2025,2025-05-09,"County Ground, Hove",1,9.5,9.5,Sussex,Worcestershire,TJ Haines,DP Hughes,BMJ Allison,4,0,,,,,,,,,,,,,
1461848,2025,2025-05-09,"County Ground, Hove",1,9.6,9.6,Sussex,Worcestershire,TJ Haines,DP Hughes,BMJ Allison,0,0,,,,,,,,,,,,,
1461848,2025,2025-05-09,"County Ground, Hove",1,10.1,10.1,Sussex,Worcestershire,DP Hughes,TJ Haines,BJ Gibbon,0,0,,,,,,,,,,,,,
1461848,2025,2025-05-09,"County Ground, Hove",1,10.2,10.2,Sussex,Worcestershire,DP Hughes,TJ Haines,BJ Gibbon,0,0,,,,,,,,,,,,,
1461848,2025,2025-05-09,"County Ground, Hove",1,10.3,10.3,Sussex,Worcestershire,DP Hughes,TJ Haines,BJ Gibbon,0,0,,,,,,,,,,,,,
1461848,2025,2025-05-09,"County Ground, Hove",1,10.4,10.4,Sussex,Worcestershire,DP Hughes,TJ Haines,BJ Gibbon,0,0,,,,,,,,,,,,,
1461848,2025,2025-05-09,"County Ground, Hove",1,10.5,10.5,Sussex,Worcestershire,DP Hughes,TJ Haines,BJ Gibbon,0,0,,,,,,,,,,,,,
1461848,2025,2025-05-09,"County Ground, Hove",1,10.6,10.6,Sussex,Worcestershire,DP Hughes,TJ Haines,BJ Gibbon,0,0,,,,,,,,,,,,,
1461848,2025,2025-05-09,"County Ground, Hove",1,11.1,11.1,Sussex,Worcestershire,TJ Haines,DP Hughes,BMJ Allison,0,0,,,,,,,,,,,,,
1461848,2025,2025-05-09,"County Ground, Hove",1,11.2,11.2,Sussex,Worcestershire,TJ Haines,DP Hughes,BMJ Allison,0,0,,,,,,,,,,,,,
1461848,2025,2025-05-09,"County Ground, Hove",1,11.3,11.3,Sussex,Worcestershire,TJ Haines,DP Hughes,BMJ Allison,0,0,,,,,,,,,,,,,
1461848,2025,2025-05-09,"County Ground, Hove",1,11.4,11.4,Sussex,Worcestershire,TJ Haines,DP Hughes,BMJ Allison,0,0,,,,,,,,,,,,,
1461848,2025,2025-05-09,"County Ground, Hove",1,11.5,11.5,Sussex,Worcestershire,TJ Haines,DP Hughes,BMJ Allison,0,0,,,,,,,,,,,,,
1461848,2025,2025-05-09,"County Ground, Hove",1,11.6,11.6,Sussex,Worcestershire,TJ Haines,DP Hughes,BMJ Allison,0,0,,,,,,,,,,,,,
1461848,2025,2025-05-09,"County Ground, Hove",1,12.1,12.1,Sussex,Worcestershire,DP Hughes,TJ Haines,BJ Gibbon,0,0,,,,,,,,,,,,,
1461848,2025,2025-05-09,"County Ground, Hove",1,12.2,12.2,Sussex,Worcestershire,DP Hughes,TJ Haines,BJ Gibbon,0,0,,,,,,,,,,,,,
1461848,2025,2025-05-09,"County Ground, Hove",1,12.3,12.3,Sussex,Worcestershire,DP Hughes,TJ Haines,BJ Gibbon,0,0,,,,,,,,,,,,,
1461848,2025,2025-05-09,"County Ground, Hove",1,12.4,12.4,Sussex,Worcestershire,DP Hughes,TJ Haines,BJ Gibbon,0,0,,,,,,,,,,,,,
1461848,2025,2025-05-09,"County Ground, Hove",1,12.5,12.5,Sussex,Worcestershire,DP Hughes,TJ Haines,BJ Gibbon,0,0,,,,,,,,,,,,,
1461848,2025,2025-05-09,"County Ground, Hove",1,12.6,12.6,Sussex,Worcestershire,DP Hughes,TJ Haines,BJ Gibbon,0,0,,,,,,,,,,,,,
1461848,2025,2025-05-09,"County Ground, Hove",1,13.1,13.1,Sussex,Worcestershire,TJ Haines,DP Hughes,MJ Waite,0,0,,,,,,,,,,,,,
1461848,2025,2025-05-09,"County Ground, Hove",1,13.2,13.2,Sussex,Worcestershire,TJ Haines,DP Hughes,MJ Waite,0,0,,,,,,,,,,,,,
1461848,2025,2025-05-09,"County Ground, Hove",1,13.3,13.3,Sussex,Worcestershire,TJ Haines,DP Hughes,MJ Waite,0,0,,,,,,,,,,,,,
1461848,2025,2025-05-09,"County Ground, Hove",1,13.4,13.4,Sussex,Worcestershire,TJ Haines,DP Hughes,MJ Waite,0,0,,,,,,,,,,,,,
1461848,2025,2025-05-09,"County Ground, Hove",1,13.5,13.5,Sussex,Worcestershire,TJ Haines,DP Hughes,MJ Waite,0,0,,,,,,,,,,,,,
1461848,2025,2025-05-09,"County Ground, Hove",1,13.6,13.6,Sussex,Worcestershire,TJ Haines,DP Hughes,MJ Waite,0,0,,,,,,,,,,,,,
1461848,2025,2025-05-09,"County Ground, Hove",1,14.1,14.1,Sussex,Worcestershire,DP Hughes,TJ Haines,BJ Gibbon,2,0,,,,,,,,,,,,,
1461848,2025,2025-05-09,"County Ground, Hove",1,14.2,14.2,Sussex,Worcestershire,DP Hughes,TJ Haines,BJ Gibbon,4,0,,,,,,,,,,,,,
1461848,2025,2025-05-09,"County Ground, Hove",1,14.3,14.3,Sussex,Worcestershire,DP Hughes,TJ Haines,BJ Gibbon,0,0,,,,,,,,,,,,,
1461848,2025,2025-05-09,"County Ground, Hove",1,14.4,14.4,Sussex,Worcestershire,DP Hughes,TJ Haines,BJ Gibbon,0,0,,,,,,,,,,,,,
1461848,2025,2025-05-09,"County Ground, Hove",1,14.5,14.5,Sussex,Worcestershire,DP Hughes,TJ Haines,BJ Gibbon,0,0,,,,,,,,,,,,,
1461848,2025,2025-05-09,"County Ground, Hove",1,14.6,14.6,Sussex,Worcestershire,DP Hughes,TJ Haines,BJ Gibbon,0,0,,,,,,,,,,,,,
1461848,2025,2025-05-09,"County Ground, Hove",1,15.1,15.1,Sussex,Worcestershire,TJ Haines,DP Hughes,MJ Waite,0,0,,,,,,,,,,,,,
1461848,2025,2025-05-09,"County Ground, Hove",1,15.2,15.2,Sussex,Worcestershire,TJ Haines,DP Hughes,MJ Waite,0,0,,,,,,,,,,,,,
1461848,2025,2025-05-09,"County Ground, Hove",1,15.3,15.3,Sussex,Worcestershire,TJ Haines,DP Hughes,MJ Waite,0,0,,,,,,,,,,,,,
1461848,2025,2025-05-09,"County Ground, Hove",1,15.4,15.4,Sussex,Worcestershire,TJ Haines,DP Hughes,MJ Waite,0,0,,,,,,,,,,,,,
1461848,2025,2025-05-09,"County Ground, Hove",1,15.5,15.5,Sussex,Worcestershire,TJ Haines,DP Hughes,MJ Waite,0,0,,,,,,,,,,,,,
1461848,2025,2025-05-09,"County Ground, Hove",1,15.6,15.6,Sussex,Worcestershire,TJ Haines,DP Hughes,MJ Waite,0,0,,,,,,,,,,,,,
1461848,2025,2025-05-09,"County Ground, Hove",1,16.1,16.1,Sussex,Worcestershire,DP Hughes,TJ Haines,BJ Gibbon,0,0,,,,,,,,,,,,,
1461848,2025,2025-05-09,"County Ground, Hove",1,16.2,16.2,Sussex,Worcestershire,DP Hughes,TJ Haines,BJ Gibbon,0,0,,,,,,,,,,,,,
1461848,2025,2025-05-09,"County Ground, Hove",1,16.3,16.3,Sussex,Worcestershire,DP Hughes,TJ Haines,BJ Gibbon,0,0,,,,,,,,,,,,,
1461848,2025,2025-05-09,"County Ground, Hove",1,16.4,16.4,Sussex,Worcestershire,DP Hughes,TJ Haines,BJ Gibbon,0,0,,,,,,,,,,,,,
1461848,2025,2025-05-09,"County Ground, Hove",1,16.5,16.5,Sussex,Worcestershire,DP Hughes,TJ Haines,BJ Gibbon,0,0,,,,,,,,,,,,,
1461848,2025,2025-05-09,"County Ground, Hove",1,16.6,16.6,Sussex,Worcestershire,DP Hughes,TJ Haines,BJ Gibbon,0,0,,,,,,,,,,,,,
1461848,2025,2025-05-09,"County Ground, Hove",1,17.1,17.1,Sussex,Worcestershire,TJ Haines,DP Hughes,MJ Waite,0,0,,,,,,,,,,,,,
1461848,2025,2025-05-09,"County Ground, Hove",1,17.2,17.2,Sussex,Worcestershire,TJ Haines,DP Hughes,MJ Waite,1,0,,,,,,,,,,,,,
1461848,2025,2025-05-09,"County Ground, Hove",1,17.3,17.3,Sussex,Worcestershire,DP Hughes,TJ Haines,MJ Waite,0,0,,,,,,,,,,,,,
1461848,2025,2025-05-09,"County Ground, Hove",1,17.4,17.4,Sussex,Worcestershire,DP Hughes,TJ Haines,MJ Waite,0,1,,,,1,,,,,,,,,
1461848,2025,2025-05-09,"County Ground, Hove",1,17.5,17.5,Sussex,Worcestershire,TJ Haines,DP Hughes,MJ Waite,0,0,,,,,,,,,,,,,
1461848,2025,2025-05-09,"County Ground, Hove",1,17.6,17.6,Sussex,Worcestershire,TJ Haines,DP Hughes,MJ Waite,4,0,,,,,,,,,,,,,
1461848,2025,2025-05-09,"County Ground, Hove",1,18.1,18.1,Sussex,Worcestershire,DP Hughes,TJ Haines,BJ Gibbon,0,0,,,,,,,,,,,,,
1461848,2025,2025-05-09,"County Ground, Hove",1,18.2,18.2,Sussex,Worcestershire,DP Hughes,TJ Haines,BJ Gibbon,4,0,,,,,,,,,,,,,
1461848,2025,2025-05-09,"County Ground, Hove",1,18.3,18.3,Sussex,Worcestershire,DP Hughes,TJ Haines,BJ Gibbon,0,0,,,,,,,,,,,,,
1461848,2025,2025-05-09,"County Ground, Hove",1,18.4,18.4,Sussex,Worcestershire,DP Hughes,TJ Haines,BJ Gibbon,0,0,,,,,,,,,,,,,
1461848,2025,2025-05-09,"County Ground, Hove",1,18.5,18.5,Sussex,Worcestershire,DP Hughes,TJ Haines,BJ Gibbon,0,0,,,,,,,,,,,,,
1461848,2025,2025-05-09,"County Ground, Hove",1,18.6,18.6,Sussex,Worcestershire,DP Hughes,TJ Haines,BJ Gibbon,0,0,,,,,,,,,,,,,
1461848,2025,2025-05-09,"County Ground, Hove",1,19.1,19.1,Sussex,Worcestershire,TJ Haines,DP Hughes,MJ Waite,4,0,,,,,,,,,,,,,
1461848,2025,2025-05-09,"County Ground, Hove",1,19.2,19.2,Sussex,Worcestershire,TJ Haines,DP Hughes,MJ Waite,0,0,,,,,,,,,,,,,
1461848,2025,2025-05-09,"County Ground, Hove",1,19.3,19.3,Sussex,Worcestershire,TJ Haines,DP Hughes,MJ Waite,4,0,,,,,,,,,,,,,
1461848,2025,2025-05-09,"County Ground, Hove",1,19.4,19.4,Sussex,Worcestershire,TJ Haines,DP Hughes,MJ Waite,0,0,,,,,,,,,,,,,
1461848,2025,2025-05-09,"County Ground, Hove",1,19.5,19.5,Sussex,Worcestershire,TJ Haines,DP Hughes,MJ Waite,0,0,,,,,,,,,,,,,
1461848,2025,2025-05-09,"County Ground, Hove",1,19.6,19.6,Sussex,Worcestershire,TJ Haines,DP Hughes,MJ Waite,0,0,,,,,,,,,,,,,
1461848,2025,2025-05-09,"County Ground, Hove",1,20.1,20.1,Sussex,Worcestershire,DP Hughes,TJ Haines,TAI Taylor,0,0,,,,,,,,,,,,,
1461848,2025,2025-05-09,"County Ground, Hove",1,20.2,20.2,Sussex,Worcestershire,DP Hughes,TJ Haines,TAI Taylor,0,0,,,,,,,,,,,,,
1461848,2025,2025-05-09,"County Ground, Hove",1,20.3,20.3,Sussex,Worcestershire,DP Hughes,TJ Haines,TAI Taylor,0,0,,,,,,,,,,,,,
1461848,2025,2025-05-09,"County Ground, Hove",1,20.4,20.4,Sussex,Worcestershire,DP Hughes,TJ Haines,TAI Taylor,0,0,,,,,,,,,,,,,
1461848,2025,2025-05-09,"County Ground, Hove",1,20.5,20.5,Sussex,Worcestershire,DP Hughes,TJ Haines,TAI Taylor,0,0,,,,,,,,,,,,,
1461848,2025,2025-05-09,"County Ground, Hove",1,20.6,20.6,Sussex,Worcestershire,DP Hughes,TJ Haines,TAI Taylor,0,0,,,,,,,,,,,,,
1461848,2025,2025-05-09,"County Ground, Hove",1,21.1,21.1,Sussex,Worcestershire,TJ Haines,DP Hughes,MJ Waite,4,0,,,,,,,,,,,,,
1461848,2025,2025-05-09,"County Ground, Hove",1,21.2,21.2,Sussex,Worcestershire,TJ Haines,DP Hughes,MJ Waite,0,0,,,,,,,,,,,,,
1461848,2025,2025-05-09,"County Ground, Hove",1,21.3,21.3,Sussex,Worcestershire,TJ Haines,DP Hughes,MJ Waite,0,0,,,,,,,,,,,,,
1461848,2025,2025-05-09,"County Ground, Hove",1,21.4,21.4,Sussex,Worcestershire,TJ Haines,DP Hughes,MJ Waite,4,0,,,,,,,,,,,,,
1461848,2025,2025-05-09,"County Ground, Hove",1,21.5,21.5,Sussex,Worcestershire,TJ Haines,DP Hughes,MJ Waite,1,0,,,,,,,,,,,,,
1461848,2025,2025-05-09,"County Ground, Hove",1,21.6,21.6,Sussex,Worcestershire,DP Hughes,TJ Haines,MJ Waite,1,0,,,,,,,,,,,,,
1461848,2025,2025-05-09,"County Ground, Hove",1,22.1,22.1,Sussex,Worcestershire,DP Hughes,TJ Haines,TAI Taylor,0,0,,,,,,,caught,DP Hughes,,,HM Nicholls,,
1461848,2025,2025-05-09,"County Ground, Hove",1,22.2,22.2,Sussex,Worcestershire,TGR Clark,TJ Haines,TAI Taylor,0,0,,,,,,,,,,,,,
1461848,2025,2025-05-09,"County Ground, Hove",1,22.3,22.3,Sussex,Worcestershire,TGR Clark,TJ Haines,TAI Taylor,0,0,,,,,,,,,,,,,
1461848,2025,2025-05-09,"County Ground, Hove",1,22.4,22.4,Sussex,Worcestershire,TGR Clark,TJ Haines,TAI Taylor,0,0,,,,,,,lbw,TGR Clark,,,,,
1461848,2025,2025-05-09,"County Ground, Hove",1,22.5,22.5,Sussex,Worcestershire,TP Alsop,TJ Haines,TAI Taylor,0,0,,,,,,,,,,,,,
1461848,2025,2025-05-09,"County Ground, Hove",1,22.6,22.6,Sussex,Worcestershire,TP Alsop,TJ Haines,TAI Taylor,0,0,,,,,,,,,,,,,
1461848,2025,2025-05-09,"County Ground, Hove",1,23.1,23.1,Sussex,Worcestershire,TJ Haines,TP Alsop,BMJ Allison,0,0,,,,,,,,,,,,,
1461848,2025,2025-05-09,"County Ground, Hove",1,23.2,23.2,Sussex,Worcestershire,TJ Haines,TP Alsop,BMJ Allison,0,0,,,,,,,,,,,,,
1461848,2025,2025-05-09,"County Ground, Hove",1,23.3,23.3,Sussex,Worcestershire,TJ Haines,TP Alsop,BMJ Allison,0,0,,,,,,,,,,,,,
1461848,2025,2025-05-09,"County Ground, Hove",1,23.4,23.4,Sussex,Worcestershire,TJ Haines,TP Alsop,BMJ Allison,0,0,,,,,,,,,,,,,
1461848,2025,2025-05-09,"County Ground, Hove",1,23.5,23.5,Sussex,Worcestershire,TJ Haines,TP Alsop,BMJ Allison,0,0,,,,,,,,,,,,,
1461848,2025,2025-05-09,"County Ground, Hove",1,23.6,23.6,Sussex,Worcestershire,TJ Haines,TP Alsop,BMJ Allison,0,0,,,,,,,,,,,,,
1461848,2025,2025-05-09,"County Ground, Hove",1,24.1,24.1,Sussex,Worcestershire,TP Alsop,TJ Haines,TAI Taylor,0,0,,,,,,,,,,,,,
1461848,2025,2025-05-09,"County Ground, Hove",1,24.2,24.2,Sussex,Worcestershire,TP Alsop,TJ Haines,TAI Taylor,0,0,,,,,,,,,,,,,
1461848,2025,2025-05-09,"County Ground, Hove",1,24.3,24.3,Sussex,Worcestershire,TP Alsop,TJ Haines,TAI Taylor,0,0,,,,,,,,,,,,,
1461848,2025,2025-05-09,"County Ground, Hove",1,24.4,24.4,Sussex,Worcestershire,TP Alsop,TJ Haines,TAI Taylor,0,0,,,,,,,,,,,,,
1461848,2025,2025-05-09,"County Ground, Hove",1,24.5,24.5,Sussex,Worcestershire,TP Alsop,TJ Haines,TAI Taylor,0,0,,,,,,,,,,,,,
1461848,2025,2025-05-09,"County Ground, Hove",1,24.6,24.6,Sussex,Worcestershire,TP Alsop,TJ Haines,TAI Taylor,0,0,,,,,,,caught,TP Alsop,,,GH Roderick,,
1461848,2025,2025-05-09,"County Ground, Hove",1,25.1,25.1,Sussex,Worcestershire,TJ Haines,JM Coles,BMJ Allison,0,0,,,,,,,,,,,,,
1461848,2025,2025-05-09,"County Ground, Hove",1,25.2,25.2,Sussex,Worcestershire,TJ Haines,JM Coles,BMJ Allison,0,0,,,,,,,,,,,,,
1461848,2025,2025-05-09,"County Ground, Hove",1,25.3,25.3,Sussex,Worcestershire,TJ Haines,JM Coles,BMJ Allison,0,0,,,,,,,,,,,,,
1461848,2025,2025-05-09,"County Ground, Hove",1,25.4,25.4,Sussex,Worcestershire,TJ Haines,JM Coles,BMJ Allison,0,0,,,,,,,,,,,,,
1461848,2025,2025-05-09,"County Ground, Hove",1,25.5,25.5,Sussex,Worcestershire,TJ Haines,JM Coles,BMJ Allison,0,0,,,,,,,,,,,,,
1461848,2025,2025-05-09,"County Ground, Hove",1,25.6,25.6,Sussex,Worcestershire,TJ Haines,JM Coles,BMJ Allison,0,0,,,,,,,,,,,,,
1461848,2025,2025-05-09,"County Ground, Hove",1,26.1,26.1,Sussex,Worcestershire,JM Coles,TJ Haines,TAI Taylor,1,0,,,,,,,,,,,,,
1461848,2025,2025-05-09,"County Ground, Hove",1,26.2,26.2,Sussex,Worcestershire,TJ Haines,JM Coles,TAI Taylor,0,0,,,,,,,,,,,,,
1461848,2025,2025-05-09,"County Ground, Hove",1,26.3,26.3,Sussex,Worcestershire,TJ Haines,JM Coles,TAI Taylor,0,0,,,,,,,,,,,,,
1461848,2025,2025-05-09,"County Ground, Hove",1,26.4,26.4,Sussex,Worcestershire,TJ Haines,JM Coles,TAI Taylor,0,0,,,,,,,,,,,,,
1461848,2025,2025-05-09,"County Ground, Hove",1,26.5,26.5,Sussex,Worcestershire,TJ Haines,JM Coles,TAI Taylor,0,0,,,,,,,,,,,,,
1461848,2025,2025-05-09,"County Ground, Hove",1,26.6,26.6,Sussex,Worcestershire,TJ Haines,JM Coles,TAI Taylor,0,0,,,,,,,,,,,,,
1461848,2025,2025-05-09,"County Ground, Hove",1,27.1,27.1,Sussex,Worcestershire,JM Coles,TJ Haines,BMJ Allison,0,0,,,,,,,,,,,,,
1461848,2025,2025-05-09,"County Ground, Hove",1,27.2,27.2,Sussex,Worcestershire,JM Coles,TJ Haines,BMJ Allison,0,0,,,,,,,,,,,,,
1461848,2025,2025-05-09,"County Ground, Hove",1,27.3,27.3,Sussex,Worcestershire,JM Coles,TJ Haines,BMJ Allison,0,0,,,,,,,,,,,,,
1461848,2025,2025-05-09,"County Ground, Hove",1,27.4,27.4,Sussex,Worcestershire,JM Coles,TJ Haines,BMJ Allison,0,0,,,,,,,,,,,,,
1461848,2025,2025-05-09,"County Ground, Hove",1,27.5,27.5,Sussex,Worcestershire,JM Coles,TJ Haines,BMJ Allison,0,0,,,,,,,,,,,,,
1461848,2025,2025-05-09,"County Ground, Hove",1,27.6,27.6,Sussex,Worcestershire,JM Coles,TJ Haines,BMJ Allison,0,0,,,,,,,caught,JM Coles,,,EA Brookes,,
1461848,2025,2025-05-09,"County Ground, Hove",1,28.1,28.1,Sussex,Worcestershire,TJ Haines,JA Simpson,TAI Taylor,0,0,,,,,,,,,,,,,
1461848,2025,2025-05-09,"County Ground, Hove",1,28.2,28.2,Sussex,Worcestershire,TJ Haines,JA Simpson,TAI Taylor,0,0,,,,,,,,,,,,,
1461848,2025,2025-05-09,"County Ground, Hove",1,28.3,28.3,Sussex,Worcestershire,TJ Haines,JA Simpson,TAI Taylor,0,0,,,,,,,,,,,,,
1461848,2025,2025-05-09,"County Ground, Hove",1,28.4,28.4,Sussex,Worcestershire,TJ Haines,JA Simpson,TAI Taylor,0,0,,,,,,,caught,TJ Haines,,,,,
1461848,2025,2025-05-09,"County Ground, Hove",1,28.5,28.5,Sussex,Worcestershire,FJ Hudson-Prentice,JA Simpson,TAI Taylor,0,0,,,,,,,,,,,,,
1461848,2025,2025-05-09,"County Ground, Hove",1,28.6,28.6,Sussex,Worcestershire,FJ Hudson-Prentice,JA Simpson,TAI Taylor,0,0,,,,,,,,,,,,,
1461848,2025,2025-05-09,"County Ground, Hove",1,29.1,29.1,Sussex,Worcestershire,JA Simpson,FJ Hudson-Prentice,BMJ Allison,0,0,,,,,,,,,,,,,
1461848,2025,2025-05-09,"County Ground, Hove",1,29.2,29.2,Sussex,Worcestershire,JA Simpson,FJ Hudson-Prentice,BMJ Allison,0,0,,,,,,,,,,,,,
1461848,2025,2025-05-09,"County Ground, Hove",1,29.3,29.3,Sussex,Worcestershire,JA Simpson,FJ Hudson-Prentice,BMJ Allison,1,0,,,,,,,,,,,,,
1461848,2025,2025-05-09,"County Ground, Hove",1,29.4,29.4,Sussex,Worcestershire,FJ Hudson-Prentice,JA Simpson,BMJ Allison,0,0,,,,,,,,,,,,,
1461848,2025,2025-05-09,"County Ground, Hove",1,29.5,29.5,Sussex,Worcestershire,FJ Hudson-Prentice,JA Simpson,BMJ Allison,1,0,,,,,,,,,,,,,
1461848,2025,2025-05-09,"County Ground, Hove",1,29.6,29.6,Sussex,Worcestershire,JA Simpson,FJ Hudson-Prentice,BMJ Allison,0,0,,,,,,,,,,,,,
1461848,2025,2025-05-09,"County Ground, Hove",1,30.1,30.1,Sussex,Worcestershire,FJ Hudson-Prentice,JA Simpson,TAI Taylor,0,0,,,,,,,,,,,,,
1461848,2025,2025-05-09,"County Ground, Hove",1,30.2,30.2,Sussex,Worcestershire,FJ Hudson-Prentice,JA Simpson,TAI Taylor,0,0,,,,,,,,,,,,,
1461848,2025,2025-05-09,"County Ground, Hove",1,30.3,30.3,Sussex,Worcestershire,FJ Hudson-Prentice,JA Simpson,TAI Taylor,0,0,,,,,,,,,,,,,
1461848,2025,2025-05-09,"County Ground, Hove",1,30.4,30.4,Sussex,Worcestershire,FJ Hudson-Prentice,JA Simpson,TAI Taylor,0,1,,,,1,,,,,,,,,
1461848,2025,2025-05-09,"County Ground, Hove",1,30.5,30.5,Sussex,Worcestershire,JA Simpson,FJ Hudson-Prentice,TAI Taylor,0,0,,,,,,,,,,,,,
1461848,2025,2025-05-09,"County Ground, Hove",1,30.6,30.6,Sussex,Worcestershire,JA Simpson,FJ Hudson-Prentice,TAI Taylor,0,0,,,,,,,,,,,,,
1461848,2025,2025-05-09,"County Ground, Hove",1,31.1,31.1,Sussex,Worcestershire,FJ Hudson-Prentice,JA Simpson,BMJ Allison,0,0,,,,,,,,,,,,,
1461848,2025,2025-05-09,"County Ground, Hove",1,31.2,31.2,Sussex,Worcestershire,FJ Hudson-Prentice,JA Simpson,BMJ Allison,0,0,,,,,,,,,,,,,
1461848,2025,2025-05-09,"County Ground, Hove",1,31.3,31.3,Sussex,Worcestershire,FJ Hudson-Prentice,JA Simpson,BMJ Allison,0,0,,,,,,,,,,,,,
1461848,2025,2025-05-09,"County Ground, Hove",1,31.4,31.4,Sussex,Worcestershire,FJ Hudson-Prentice,JA Simpson,BMJ Allison,0,0,,,,,,,,,,,,,
1461848,2025,2025-05-09,"County Ground, Hove",1,31.5,31.5,Sussex,Worcestershire,FJ Hudson-Prentice,JA Simpson,BMJ Allison,0,0,,,,,,,,,,,,,
1461848,2025,2025-05-09,"County Ground, Hove",1,31.6,31.6,Sussex,Worcestershire,FJ Hudson-Prentice,JA Simpson,BMJ Allison,0,0,,,,,,,,,,,,,
1461848,2025,2025-05-09,"County Ground, Hove",1,32.1,32.1,Sussex,Worcestershire,JA Simpson,FJ Hudson-Prentice,TAI Taylor,4,0,,,,,,,,,,,,,
1461848,2025,2025-05-09,"County Ground, Hove",1,32.2,32.2,Sussex,Worcestershire,JA Simpson,FJ Hudson-Prentice,TAI Taylor,0,0,,,,,,,,,,,,,
1461848,2025,2025-05-09,"County Ground, Hove",1,32.3,32.3,Sussex,Worcestershire,JA Simpson,FJ Hudson-Prentice,TAI Taylor,0,0,,,,,,,bowled,JA Simpson,,,,,
1461848,2025,2025-05-09,"County Ground, Hove",1,32.4,32.4,Sussex,Worcestershire,JJ Carson,FJ Hudson-Prentice,TAI Taylor,0,0,,,,,,,,,,,,,
1461848,2025,2025-05-09,"County Ground, Hove",1,32.5,32.5,Sussex,Worcestershire,JJ Carson,FJ Hudson-Prentice,TAI Taylor,0,0,,,,,,,,,,,,,
1461848,2025,2025-05-09,"County Ground, Hove",1,32.6,32.6,Sussex,Worcestershire,JJ Carson,FJ Hudson-Prentice,TAI Taylor,0,0,,,,,,,,,,,,,
1461848,2025,2025-05-09,"County Ground, Hove",1,33.1,33.1,Sussex,Worcestershire,FJ Hudson-Prentice,JJ Carson,BMJ Allison,0,0,,,,,,,,,,,,,
1461848,2025,2025-05-09,"County Ground, Hove",1,33.2,33.2,Sussex,Worcestershire,FJ Hudson-Prentice,JJ Carson,BMJ Allison,0,0,,,,,,,,,,,,,
1461848,2025,2025-05-09,"County Ground, Hove",1,33.3,33.3,Sussex,Worcestershire,FJ Hudson-Prentice,JJ Carson,BMJ Allison,0,4,,,,4,,,,,,,,,
1461848,2025,2025-05-09,"County Ground, Hove",1,33.4,33.4,Sussex,Worcestershire,FJ Hudson-Prentice,JJ Carson,BMJ Allison,1,0,,,,,,,,,,,,,
1461848,2025,2025-05-09,"County Ground, Hove",1,33.5,33.5,Sussex,Worcestershire,JJ Carson,FJ Hudson-Prentice,BMJ Allison,0,0,,,,,,,,,,,,,
1461848,2025,2025-05-09,"County Ground, Hove",1,33.6,33.6,Sussex,Worcestershire,JJ Carson,FJ Hudson-Prentice,BMJ Allison,0,0,,,,,,,,,,,,,
1461848,2025,2025-05-09,"County Ground, Hove",1,34.1,34.1,Sussex,Worcestershire,FJ Hudson-Prentice,JJ Carson,TAI Taylor,2,0,,,,,,,,,,,,,
1461848,2025,2025-05-09,"County Ground, Hove",1,34.2,34.2,Sussex,Worcestershire,FJ Hudson-Prentice,JJ Carson,TAI Taylor,0,0,,,,,,,,,,,,,
1461848,2025,2025-05-09,"County Ground, Hove",1,34.3,34.3,Sussex,Worcestershire,FJ Hudson-Prentice,JJ Carson,TAI Taylor,0,0,,,,,,,,,,,,,
1461848,2025,2025-05-09,"County Ground, Hove",1,34.4,34.4,Sussex,Worcestershire,FJ Hudson-Prentice,JJ Carson,TAI Taylor,0,0,,,,,,,,,,,,,
1461848,2025,2025-05-09,"County Ground, Hove",1,34.5,34.5,Sussex,Worcestershire,FJ Hudson-Prentice,JJ Carson,TAI Taylor,0,0,,,,,,,,,,,,,
1461848,2025,2025-05-09,"County Ground, Hove",1,34.6,34.6,Sussex,Worcestershire,FJ Hudson-Prentice,JJ Carson,TAI Taylor,2,0,,,,,,,,,,,,,
1461848,2025,2025-05-09,"County Ground, Hove",1,35.1,35.1,Sussex,Worcestershire,JJ Carson,FJ Hudson-Prentice,BMJ Allison,0,0,,,,,,,,,,,,,
1461848,2025,2025-05-09,"County Ground, Hove",1,35.2,35.2,Sussex,Worcestershire,JJ Carson,FJ Hudson-Prentice,BMJ Allison,4,0,,,,,,,,,,,,,
1461848,2025,2025-05-09,"County Ground, Hove",1,35.3,35.3,Sussex,Worcestershire,JJ Carson,FJ Hudson-Prentice,BMJ Allison,0,0,,,,,,,,,,,,,
1461848,2025,2025-05-09,"County Ground, Hove",1,35.4,35.4,Sussex,Worcestershire,JJ Carson,FJ Hudson-Prentice,BMJ Allison,0,0,,,,,,,,,,,,,
1461848,2025,2025-05-09,"County Ground, Hove",1,35.5,35.5,Sussex,Worcestershire,JJ Carson,FJ Hudson-Prentice,BMJ Allison,0,0,,,,,,,,,,,,,
1461848,2025,2025-05-09,"County Ground, Hove",1,35.6,35.6,Sussex,Worcestershire,JJ Carson,FJ Hudson-Prentice,BMJ Allison,0,0,,,,,,,,,,,,,
1461848,2025,2025-05-09,"County Ground, Hove",1,36.1,36.1,Sussex,Worcestershire,FJ Hudson-Prentice,JJ Carson,MJ Waite,4,0,,,,,,,,,,,,,
1461848,2025,2025-05-09,"County Ground, Hove",1,36.2,36.2,Sussex,Worcestershire,FJ Hudson-Prentice,JJ Carson,MJ Waite,0,0,,,,,,,,,,,,,
1461848,2025,2025-05-09,"County Ground, Hove",1,36.3,36.3,Sussex,Worcestershire,FJ Hudson-Prentice,JJ Carson,MJ Waite,0,0,,,,,,,,,,,,,
1461848,2025,2025-05-09,"County Ground, Hove",1,36.4,36.4,Sussex,Worcestershire,FJ Hudson-Prentice,JJ Carson,MJ Waite,0,0,,,,,,,,,,,,,
1461848,2025,2025-05-09,"County Ground, Hove",1,36.5,36.5,Sussex,Worcestershire,FJ Hudson-Prentice,JJ Carson,MJ Waite,0,0,,,,,,,,,,,,,
1461848,2025,2025-05-09,"County Ground, Hove",1,36.6,36.6,Sussex,Worcestershire,FJ Hudson-Prentice,JJ Carson,MJ Waite,0,0,,,,,,,,,,,,,
1461848,2025,2025-05-09,"County Ground, Hove",1,37.1,37.1,Sussex,Worcestershire,JJ Carson,FJ Hudson-Prentice,BMJ Allison,0,0,,,,,,,,,,,,,
1461848,2025,2025-05-09,"County Ground, Hove",1,37.2,37.2,Sussex,Worcestershire,JJ Carson,FJ Hudson-Prentice,BMJ Allison,0,0,,,,,,,,,,,,,
1461848,2025,2025-05-09,"County Ground, Hove",1,37.3,37.3,Sussex,Worcestershire,JJ Carson,FJ Hudson-Prentice,BMJ Allison,1,0,,,,,,,,,,,,,
1461848,2025,2025-05-09,"County Ground, Hove",1,37.4,37.4,Sussex,Worcestershire,FJ Hudson-Prentice,JJ Carson,BMJ Allison,4,0,,,,,,,,,,,,,
1461848,2025,2025-05-09,"County Ground, Hove",1,37.5,37.5,Sussex,Worcestershire,FJ Hudson-Prentice,JJ Carson,BMJ Allison,0,0,,,,,,,,,,,,,
1461848,2025,2025-05-09,"County Ground, Hove",1,37.6,37.6,Sussex,Worcestershire,FJ Hudson-Prentice,JJ Carson,BMJ Allison,0,0,,,,,,,,,,,,,
1461848,2025,2025-05-09,"County Ground, Hove",1,38.1,38.1,Sussex,Worcestershire,JJ Carson,FJ Hudson-Prentice,MJ Waite,0,0,,,,,,,,,,,,,
1461848,2025,2025-05-09,"County Ground, Hove",1,38.2,38.2,Sussex,Worcestershire,JJ Carson,FJ Hudson-Prentice,MJ Waite,1,0,,,,,,,,,,,,,
1461848,2025,2025-05-09,"County Ground, Hove",1,38.3,38.3,Sussex,Worcestershire,FJ Hudson-Prentice,JJ Carson,MJ Waite,0,0,,,,,,,,,,,,,
1461848,2025,2025-05-09,"County Ground, Hove",1,38.4,38.4,Sussex,Worcestershire,FJ Hudson-Prentice,JJ Carson,MJ Waite,0,0,,,,,,,,,,,,,
1461848,2025,2025-05-09,"County Ground, Hove",1,38.5,38.5,Sussex,Worcestershire,FJ Hudson-Prentice,JJ Carson,MJ Waite,0,0,,,,,,,,,,,,,
1461848,2025,2025-05-09,"County Ground, Hove",1,38.6,38.6,Sussex,Worcestershire,FJ Hudson-Prentice,JJ Carson,MJ Waite,0,0,,,,,,,,,,,,,
1461848,2025,2025-05-09,"County Ground, Hove",1,39.1,39.1,Sussex,Worcestershire,JJ Carson,FJ Hudson-Prentice,BJ Gibbon,0,0,,,,,,,,,,,,,
1461848,2025,2025-05-09,"County Ground, Hove",1,39.2,39.2,Sussex,Worcestershire,JJ Carson,FJ Hudson-Prentice,BJ Gibbon,0,0,,,,,,,,,,,,,
1461848,2025,2025-05-09,"County Ground, Hove",1,39.3,39.3,Sussex,Worcestershire,JJ Carson,FJ Hudson-Prentice,BJ Gibbon,0,0,,,,,,,,,,,,,
1461848,2025,2025-05-09,"County Ground, Hove",1,39.4,39.4,Sussex,Worcestershire,JJ Carson,FJ Hudson-Prentice,BJ Gibbon,0,0,,,,,,,,,,,,,
1461848,2025,2025-05-09,"County Ground, Hove",1,39.5,39.5,Sussex,Worcestershire,JJ Carson,FJ Hudson-Prentice,BJ Gibbon,1,0,,,,,,,,,,,,,
1461848,2025,2025-05-09,"County Ground, Hove",1,39.6,39.6,Sussex,Worcestershire,FJ Hudson-Prentice,JJ Carson,BJ Gibbon,0,0,,,,,,,,,,,,,
1461848,2025,2025-05-09,"County Ground, Hove",1,40.1,40.1,Sussex,Worcestershire,JJ Carson,FJ Hudson-Prentice,MJ Waite,0,0,,,,,,,,,,,,,
1461848,2025,2025-05-09,"County Ground, Hove",1,40.2,40.2,Sussex,Worcestershire,JJ Carson,FJ Hudson-Prentice,MJ Waite,0,0,,,,,,,,,,,,,
1461848,2025,2025-05-09,"County Ground, Hove",1,40.3,40.3,Sussex,Worcestershire,JJ Carson,FJ Hudson-Prentice,MJ Waite,0,0,,,,,,,,,,,,,
1461848,2025,2025-05-09,"County Ground, Hove",1,40.4,40.4,Sussex,Worcestershire,JJ Carson,FJ Hudson-Prentice,MJ Waite,0,0,,,,,,,,,,,,,
1461848,2025,2025-05-09,"County Ground, Hove",1,40.5,40.5,Sussex,Worcestershire,JJ Carson,FJ Hudson-Prentice,MJ Waite,0,0,,,,,,,,,,,,,
1461848,2025,2025-05-09,"County Ground, Hove",1,40.6,40.6,Sussex,Worcestershire,JJ Carson,FJ Hudson-Prentice,MJ Waite,0,0,,,,,,,,,,,,,
1461848,2025,2025-05-09,"County Ground, Hove",1,41.1,41.1,Sussex,Worcestershire,FJ Hudson-Prentice,JJ Carson,BJ Gibbon,4,0,,,,,,,,,,,,,
1461848,2025,2025-05-09,"County Ground, Hove",1,41.2,41.2,Sussex,Worcestershire,FJ Hudson-Prentice,JJ Carson,BJ Gibbon,0,1,,,,1,,,,,,,,,
1461848,2025,2025-05-09,"County Ground, Hove",1,41.3,41.3,Sussex,Worcestershire,JJ Carson,FJ Hudson-Prentice,BJ Gibbon,0,0,,,,,,,,,,,,,
1461848,2025,2025-05-09,"County Ground, Hove",1,41.4,41.4,Sussex,Worcestershire,JJ Carson,FJ Hudson-Prentice,BJ Gibbon,0,0,,,,,,,,,,,,,
1461848,2025,2025-05-09,"County Ground, Hove",1,41.5,41.5,Sussex,Worcestershire,JJ Carson,FJ Hudson-Prentice,BJ Gibbon,1,0,,,,,,,,,,,,,
1461848,2025,2025-05-09,"County Ground, Hove",1,41.6,41.6,Sussex,Worcestershire,FJ Hudson-Prentice,JJ Carson,BJ Gibbon,0,0,,,,,,,,,,,,,
1461848,2025,2025-05-09,"County Ground, Hove",1,42.1,42.1,Sussex,Worcestershire,JJ Carson,FJ Hudson-Prentice,MJ Waite,1,0,,,,,,,,,,,,,
1461848,2025,2025-05-09,"County Ground, Hove",1,42.2,42.2,Sussex,Worcestershire,FJ Hudson-Prentice,JJ Carson,MJ Waite,4,0,,,,,,,,,,,,,
1461848,2025,2025-05-09,"County Ground, Hove",1,42.3,42.3,Sussex,Worcestershire,FJ Hudson-Prentice,JJ Carson,MJ Waite,0,0,,,,,,,,,,,,,
1461848,2025,2025-05-09,"County Ground, Hove",1,42.4,42.4,Sussex,Worcestershire,FJ Hudson-Prentice,JJ Carson,MJ Waite,0,0,,,,,,,,,,,,,
1461848,2025,2025-05-09,"County Ground, Hove",1,42.5,42.5,Sussex,Worcestershire,FJ Hudson-Prentice,JJ Carson,MJ Waite,0,0,,,,,,,,,,,,,
1461848,2025,2025-05-09,"County Ground, Hove",1,42.6,42.6,Sussex,Worcestershire,FJ Hudson-Prentice,JJ Carson,MJ Waite,0,0,,,,,,,,,,,,,
1461848,2025,2025-05-09,"County Ground, Hove",1,43.1,43.1,Sussex,Worcestershire,JJ Carson,FJ Hudson-Prentice,BJ Gibbon,0,0,,,,,,,,,,,,,
1461848,2025,2025-05-09,"County Ground, Hove",1,43.2,43.2,Sussex,Worcestershire,JJ Carson,FJ Hudson-Prentice,BJ Gibbon,0,0,,,,,,,,,,,,,
1461848,2025,2025-05-09,"County Ground, Hove",1,43.3,43.3,Sussex,Worcestershire,JJ Carson,FJ Hudson-Prentice,BJ Gibbon,0,0,,,,,,,,,,,,,
1461848,2025,2025-05-09,"County Ground, Hove",1,43.4,43.4,Sussex,Worcestershire,JJ Carson,FJ Hudson-Prentice,BJ Gibbon,2,0,,,,,,,,,,,,,
1461848,2025,2025-05-09,"County Ground, Hove",1,43.5,43.5,Sussex,Worcestershire,JJ Carson,FJ Hudson-Prentice,BJ Gibbon,1,0,,,,,,,,,,,,,
1461848,2025,2025-05-09,"County Ground, Hove",1,43.6,43.6,Sussex,Worcestershire,FJ Hudson-Prentice,JJ Carson,BJ Gibbon,0,0,,,,,,,caught,FJ Hudson-Prentice,,,GH Roderick,,
1461848,2025,2025-05-09,"County Ground, Hove",1,44.1,44.1,Sussex,Worcestershire,JJ Carson,OE Robinson,MJ Waite,2,0,,,,,,,,,,,,,
1461848,2025,2025-05-09,"County Ground, Hove",1,44.2,44.2,Sussex,Worcestershire,JJ Carson,OE Robinson,MJ Waite,0,0,,,,,,,,,,,,,
1461848,2025,2025-05-09,"County Ground, Hove",1,44.3,44.3,Sussex,Worcestershire,JJ Carson,OE Robinson,MJ Waite,0,0,,,,,,,,,,,,,
1461848,2025,2025-05-09,"County Ground, Hove",1,44.4,44.4,Sussex,Worcestershire,JJ Carson,OE Robinson,MJ Waite,0,2,,2,,,,,,,,,,,
1461848,2025,2025-05-09,"County Ground, Hove",1,44.5,44.4,Sussex,Worcestershire,JJ Carson,OE Robinson,MJ Waite,3,0,,,,,,,,,,,,,
1461848,2025,2025-05-09,"County Ground, Hove",1,44.6,44.5,Sussex,Worcestershire,OE Robinson,JJ Carson,MJ Waite,0,0,,,,,,,,,,,,,
1461848,2025,2025-05-09,"County Ground, Hove",1,44.7,44.6,Sussex,Worcestershire,OE Robinson,JJ Carson,MJ Waite,0,0,,,,,,,,,,,,,
1461848,2025,2025-05-09,"County Ground, Hove",1,45.1,45.1,Sussex,Worcestershire,JJ Carson,OE Robinson,BJ Gibbon,0,0,,,,,,,,,,,,,
1461848,2025,2025-05-09,"County Ground, Hove",1,45.2,45.2,Sussex,Worcestershire,JJ Carson,OE Robinson,BJ Gibbon,1,0,,,,,,,,,,,,,
1461848,2025,2025-05-09,"County Ground, Hove",1,45.3,45.3,Sussex,Worcestershire,OE Robinson,JJ Carson,BJ Gibbon,0,0,,,,,,,,,,,,,
1461848,2025,2025-05-09,"County Ground, Hove",1,45.4,45.4,Sussex,Worcestershire,OE Robinson,JJ Carson,BJ Gibbon,0,0,,,,,,,,,,,,,
1461848,2025,2025-05-09,"County Ground, Hove",1,45.5,45.5,Sussex,Worcestershire,OE Robinson,JJ Carson,BJ Gibbon,0,1,,,,1,,,,,,,,,
1461848,2025,2025-05-09,"County Ground, Hove",1,45.6,45.6,Sussex,Worcestershire,JJ Carson,OE Robinson,BJ Gibbon,1,0,,,,,,,,,,,,,
1461848,2025,2025-05-09,"County Ground, Hove",1,46.1,46.1,Sussex,Worcestershire,JJ Carson,OE Robinson,MJ Waite,0,0,,,,,,,,,,,,,
1461848,2025,2025-05-09,"County Ground, Hove",1,46.2,46.2,Sussex,Worcestershire,JJ Carson,OE Robinson,MJ Waite,2,0,,,,,,,,,,,,,
1461848,2025,2025-05-09,"County Ground, Hove",1,46.3,46.3,Sussex,Worcestershire,JJ Carson,OE Robinson,MJ Waite,1,0,,,,,,,,,,,,,
1461848,2025,2025-05-09,"County Ground, Hove",1,46.4,46.4,Sussex,Worcestershire,OE Robinson,JJ Carson,MJ Waite,0,0,,,,,,,,,,,,,
1461848,2025,2025-05-09,"County Ground, Hove",1,46.5,46.5,Sussex,Worcestershire,OE Robinson,JJ Carson,MJ Waite,0,0,,,,,,,,,,,,,
1461848,2025,2025-05-09,"County Ground, Hove",1,46.6,46.6,Sussex,Worcestershire,OE Robinson,JJ Carson,MJ Waite,0,0,,,,,,,,,,,,,
1461848,2025,2025-05-09,"County Ground, Hove",1,47.1,47.1,Sussex,Worcestershire,JJ Carson,OE Robinson,BJ Gibbon,1,0,,,,,,,,,,,,,
1461848,2025,2025-05-09,"County Ground, Hove",1,47.2,47.2,Sussex,Worcestershire,OE Robinson,JJ Carson,BJ Gibbon,0,0,,,,,,,,,,,,,
1461848,2025,2025-05-09,"County Ground, Hove",1,47.3,47.3,Sussex,Worcestershire,OE Robinson,JJ Carson,BJ Gibbon,0,0,,,,,,,,,,,,,
1461848,2025,2025-05-09,"County Ground, Hove",1,47.4,47.4,Sussex,Worcestershire,OE Robinson,JJ Carson,BJ Gibbon,0,0,,,,,,,,,,,,,
1461848,2025,2025-05-09,"County Ground, Hove",1,47.5,47.5,Sussex,Worcestershire,OE Robinson,JJ Carson,BJ Gibbon,0,0,,,,,,,,,,,,,
1461848,2025,2025-05-09,"County Ground, Hove",1,47.6,47.6,Sussex,Worcestershire,OE Robinson,JJ Carson,BJ Gibbon,0,0,,,,,,,,,,,,,
1461848,2025,2025-05-09,"County Ground, Hove",1,48.1,48.1,Sussex,Worcestershire,JJ Carson,OE Robinson,TAI Taylor,0,0,,,,,,,,,,,,,
1461848,2025,2025-05-09,"County Ground, Hove",1,48.2,48.2,Sussex,Worcestershire,JJ Carson,OE Robinson,TAI Taylor,4,0,,,,,,,,,,,,,
1461848,2025,2025-05-09,"County Ground, Hove",1,48.3,48.3,Sussex,Worcestershire,JJ Carson,OE Robinson,TAI Taylor,0,0,,,,,,,,,,,,,
1461848,2025,2025-05-09,"County Ground, Hove",1,48.4,48.4,Sussex,Worcestershire,JJ Carson,OE Robinson,TAI Taylor,0,0,,,,,,,,,,,,,
1461848,2025,2025-05-09,"County Ground, Hove",1,48.5,48.5,Sussex,Worcestershire,JJ Carson,OE Robinson,TAI Taylor,0,0,,,,,,,,,,,,,
1461848,2025,2025-05-09,"County Ground, Hove",1,48.6,48.6,Sussex,Worcestershire,JJ Carson,OE Robinson,TAI Taylor,0,0,,,,,,,,,,,,,
1461848,2025,2025-05-09,"County Ground, Hove",1,49.1,49.1,Sussex,Worcestershire,OE Robinson,JJ Carson,BJ Gibbon,0,0,,,,,,,,,,,,,
1461848,2025,2025-05-09,"County Ground, Hove",1,49.2,49.2,Sussex,Worcestershire,OE Robinson,JJ Carson,BJ Gibbon,4,0,,,,,,,,,,,,,
1461848,2025,2025-05-09,"County Ground, Hove",1,49.3,49.3,Sussex,Worcestershire,OE Robinson,JJ Carson,BJ Gibbon,0,0,,,,,,,,,,,,,
1461848,2025,2025-05-09,"County Ground, Hove",1,49.4,49.4,Sussex,Worcestershire,OE Robinson,JJ Carson,BJ Gibbon,0,0,,,,,,,,,,,,,
1461848,2025,2025-05-09,"County Ground, Hove",1,49.5,49.5,Sussex,Worcestershire,OE Robinson,JJ Carson,BJ Gibbon,0,0,,,,,,,,,,,,,
1461848,2025,2025-05-09,"County Ground, Hove",1,49.6,49.6,Sussex,Worcestershire,OE Robinson,JJ Carson,BJ Gibbon,0,0,,,,,,,,,,,,,
1461848,2025,2025-05-09,"County Ground, Hove",1,50.1,50.1,Sussex,Worcestershire,JJ Carson,OE Robinson,TAI Taylor,0,0,,,,,,,,,,,,,
1461848,2025,2025-05-09,"County Ground, Hove",1,50.2,50.2,Sussex,Worcestershire,JJ Carson,OE Robinson,TAI Taylor,0,0,,,,,,,,,,,,,
1461848,2025,2025-05-09,"County Ground, Hove",1,50.3,50.3,Sussex,Worcestershire,JJ Carson,OE Robinson,TAI Taylor,4,0,,,,,,,,,,,,,
1461848,2025,2025-05-09,"County Ground, Hove",1,50.4,50.4,Sussex,Worcestershire,JJ Carson,OE Robinson,TAI Taylor,4,0,,,,,,,,,,,,,
1461848,2025,2025-05-09,"County Ground, Hove",1,50.5,50.5,Sussex,Worcestershire,JJ Carson,OE Robinson,TAI Taylor,0,0,,,,,,,,,,,,,
1461848,2025,2025-05-09,"County Ground, Hove",1,50.6,50.6,Sussex,Worcestershire,JJ Carson,OE Robinson,TAI Taylor,0,0,,,,,,,,,,,,,
1461848,2025,2025-05-09,"County Ground, Hove",1,51.1,51.1,Sussex,Worcestershire,OE Robinson,JJ Carson,EA Brookes,0,0,,,,,,,,,,,,,
1461848,2025,2025-05-09,"County Ground, Hove",1,51.2,51.2,Sussex,Worcestershire,OE Robinson,JJ Carson,EA Brookes,4,0,,,,,,,,,,,,,
1461848,2025,2025-05-09,"County Ground, Hove",1,51.3,51.3,Sussex,Worcestershire,OE Robinson,JJ Carson,EA Brookes,2,0,,,,,,,,,,,,,
1461848,2025,2025-05-09,"County Ground, Hove",1,51.4,51.4,Sussex,Worcestershire,OE Robinson,JJ Carson,EA Brookes,0,0,,,,,,,,,,,,,
1461848,2025,2025-05-09,"County Ground, Hove",1,51.5,51.5,Sussex,Worcestershire,OE Robinson,JJ Carson,EA Brookes,0,0,,,,,,,caught,OE Robinson,,,JD Libby,,
1461848,2025,2025-05-09,"County Ground, Hove",1,51.6,51.6,Sussex,Worcestershire,A Karvelas,JJ Carson,EA Brookes,0,0,,,,,,,,,,,,,
1461848,2025,2025-05-09,"County Ground, Hove",1,52.1,52.1,Sussex,Worcestershire,JJ Carson,A Karvelas,TAI Taylor,4,0,,,,,,,,,,,,,
1461848,2025,2025-05-09,"County Ground, Hove",1,52.2,52.2,Sussex,Worcestershire,JJ Carson,A Karvelas,TAI Taylor,1,0,,,,,,,,,,,,,
1461848,2025,2025-05-09,"County Ground, Hove",1,52.3,52.3,Sussex,Worcestershire,A Karvelas,JJ Carson,TAI Taylor,3,0,,,,,,,,,,,,,
1461848,2025,2025-05-09,"County Ground, Hove",1,52.4,52.4,Sussex,Worcestershire,JJ Carson,A Karvelas,TAI Taylor,0,0,,,,,,,,,,,,,
1461848,2025,2025-05-09,"County Ground, Hove",1,52.5,52.5,Sussex,Worcestershire,JJ Carson,A Karvelas,TAI Taylor,0,0,,,,,,,,,,,,,
1461848,2025,2025-05-09,"County Ground, Hove",1,52.6,52.6,Sussex,Worcestershire,JJ Carson,A Karvelas,TAI Taylor,0,0,,,,,,,,,,,,,
1461848,2025,2025-05-09,"County Ground, Hove",1,53.1,53.1,Sussex,Worcestershire,A Karvelas,JJ Carson,EA Brookes,0,0,,,,,,,,,,,,,
1461848,2025,2025-05-09,"County Ground, Hove",1,53.2,53.2,Sussex,Worcestershire,A Karvelas,JJ Carson,EA Brookes,4,0,,,,,,,,,,,,,
1461848,2025,2025-05-09,"County Ground, Hove",1,53.3,53.3,Sussex,Worcestershire,A Karvelas,JJ Carson,EA Brookes,1,0,,,,,,,,,,,,,
1461848,2025,2025-05-09,"County Ground, Hove",1,53.4,53.4,Sussex,Worcestershire,JJ Carson,A Karvelas,EA Brookes,0,0,,,,,,,,,,,,,
1461848,2025,2025-05-09,"County Ground, Hove",1,53.5,53.5,Sussex,Worcestershire,JJ Carson,A Karvelas,EA Brookes,4,0,,,,,,,,,,,,,
1461848,2025,2025-05-09,"County Ground, Hove",1,53.6,53.6,Sussex,Worcestershire,JJ Carson,A Karvelas,EA Brookes,4,0,,,,,,,,,,,,,
1461848,2025,2025-05-09,"County Ground, Hove",1,54.1,54.1,Sussex,Worcestershire,A Karvelas,JJ Carson,TAI Taylor,0,0,,,,,,,,,,,,,
1461848,2025,2025-05-09,"County Ground, Hove",1,54.2,54.2,Sussex,Worcestershire,A Karvelas,JJ Carson,TAI Taylor,0,0,,,,,,,,,,,,,
1461848,2025,2025-05-09,"County Ground, Hove",1,54.3,54.3,Sussex,Worcestershire,A Karvelas,JJ Carson,TAI Taylor,0,0,,,,,,,,,,,,,
1461848,2025,2025-05-09,"County Ground, Hove",1,54.4,54.4,Sussex,Worcestershire,A Karvelas,JJ Carson,TAI Taylor,0,0,,,,,,,,,,,,,
1461848,2025,2025-05-09,"County Ground, Hove",1,54.5,54.5,Sussex,Worcestershire,A Karvelas,JJ Carson,TAI Taylor,1,0,,,,,,,,,,,,,
1461848,2025,2025-05-09,"County Ground, Hove",1,54.6,54.6,Sussex,Worcestershire,JJ Carson,A Karvelas,TAI Taylor,3,0,,,,,,,,,,,,,
1461848,2025,2025-05-09,"County Ground, Hove",1,55.1,55.1,Sussex,Worcestershire,JJ Carson,A Karvelas,BMJ Allison,0,0,,,,,,,,,,,,,
1461848,2025,2025-05-09,"County Ground, Hove",1,55.2,55.2,Sussex,Worcestershire,JJ Carson,A Karvelas,BMJ Allison,4,0,,,,,,,,,,,,,
1461848,2025,2025-05-09,"County Ground, Hove",1,55.3,55.3,Sussex,Worcestershire,JJ Carson,A Karvelas,BMJ Allison,0,0,,,,,,,,,,,,,
1461848,2025,2025-05-09,"County Ground, Hove",1,55.4,55.4,Sussex,Worcestershire,JJ Carson,A Karvelas,BMJ Allison,0,0,,,,,,,,,,,,,
1461848,2025,2025-05-09,"County Ground, Hove",1,55.5,55.5,Sussex,Worcestershire,JJ Carson,A Karvelas,BMJ Allison,4,0,,,,,,,,,,,,,
1461848,2025,2025-05-09,"County Ground, Hove",1,55.6,55.6,Sussex,Worcestershire,JJ Carson,A Karvelas,BMJ Allison,0,0,,,,,,,,,,,,,
1461848,2025,2025-05-09,"County Ground, Hove",1,56.1,56.1,Sussex,Worcestershire,A Karvelas,JJ Carson,TAI Taylor,4,0,,,,,,,,,,,,,
1461848,2025,2025-05-09,"County Ground, Hove",1,56.2,56.2,Sussex,Worcestershire,A Karvelas,JJ Carson,TAI Taylor,0,0,,,,,,,,,,,,,
1461848,2025,2025-05-09,"County Ground, Hove",1,56.3,56.3,Sussex,Worcestershire,A Karvelas,JJ Carson,TAI Taylor,0,0,,,,,,,,,,,,,
1461848,2025,2025-05-09,"County Ground, Hove",1,56.4,56.4,Sussex,Worcestershire,A Karvelas,JJ Carson,TAI Taylor,0,0,,,,,,,,,,,,,
1461848,2025,2025-05-09,"County Ground, Hove",1,56.5,56.5,Sussex,Worcestershire,A Karvelas,JJ Carson,TAI Taylor,0,0,,,,,,,,,,,,,
1461848,2025,2025-05-09,"County Ground, Hove",1,56.6,56.6,Sussex,Worcestershire,A Karvelas,JJ Carson,TAI Taylor,0,0,,,,,,,,,,,,,
1461848,2025,2025-05-09,"County Ground, Hove",1,57.1,57.1,Sussex,Worcestershire,JJ Carson,A Karvelas,F Singh,0,0,,,,,,,,,,,,,
1461848,2025,2025-05-09,"County Ground, Hove",1,57.2,57.2,Sussex,Worcestershire,JJ Carson,A Karvelas,F Singh,1,0,,,,,,,,,,,,,
1461848,2025,2025-05-09,"County Ground, Hove",1,57.3,57.3,Sussex,Worcestershire,A Karvelas,JJ Carson,F Singh,0,0,,,,,,,,,,,,,
1461848,2025,2025-05-09,"County Ground, Hove",1,57.4,57.4,Sussex,Worcestershire,A Karvelas,JJ Carson,F Singh,1,0,,,,,,,,,,,,,
1461848,2025,2025-05-09,"County Ground, Hove",1,57.5,57.5,Sussex,Worcestershire,JJ Carson,A Karvelas,F Singh,1,0,,,,,,,,,,,,,
1461848,2025,2025-05-09,"County Ground, Hove",1,57.6,57.6,Sussex,Worcestershire,A Karvelas,JJ Carson,F Singh,0,0,,,,,,,,,,,,,
1461848,2025,2025-05-09,"County Ground, Hove",1,58.1,58.1,Sussex,Worcestershire,JJ Carson,A Karvelas,BMJ Allison,1,0,,,,,,,,,,,,,
1461848,2025,2025-05-09,"County Ground, Hove",1,58.2,58.2,Sussex,Worcestershire,A Karvelas,JJ Carson,BMJ Allison,0,0,,,,,,,,,,,,,
1461848,2025,2025-05-09,"County Ground, Hove",1,58.3,58.3,Sussex,Worcestershire,A Karvelas,JJ Carson,BMJ Allison,0,0,,,,,,,,,,,,,
1461848,2025,2025-05-09,"County Ground, Hove",1,58.4,58.4,Sussex,Worcestershire,A Karvelas,JJ Carson,BMJ Allison,0,0,,,,,,,,,,,,,
1461848,2025,2025-05-09,"County Ground, Hove",1,58.5,58.5,Sussex,Worcestershire,A Karvelas,JJ Carson,BMJ Allison,0,0,,,,,,,,,,,,,
1461848,2025,2025-05-09,"County Ground, Hove",1,58.6,58.6,Sussex,Worcestershire,A Karvelas,JJ Carson,BMJ Allison,1,0,,,,,,,,,,,,,
1461848,2025,2025-05-09,"County Ground, Hove",1,59.1,59.1,Sussex,Worcestershire,A Karvelas,JJ Carson,F Singh,0,0,,,,,,,,,,,,,
1461848,2025,2025-05-09,"County Ground, Hove",1,59.2,59.2,Sussex,Worcestershire,A Karvelas,JJ Carson,F Singh,4,0,,,,,,,,,,,,,
1461848,2025,2025-05-09,"County Ground, Hove",1,59.3,59.3,Sussex,Worcestershire,A Karvelas,JJ Carson,F Singh,1,0,,,,,,,,,,,,,
1461848,2025,2025-05-09,"County Ground, Hove",1,59.4,59.4,Sussex,Worcestershire,JJ Carson,A Karvelas,F Singh,2,0,,,,,,,,,,,,,
1461848,2025,2025-05-09,"County Ground, Hove",1,59.5,59.5,Sussex,Worcestershire,JJ Carson,A Karvelas,F Singh,0,0,,,,,,,,,,,,,
1461848,2025,2025-05-09,"County Ground, Hove",1,59.6,59.6,Sussex,Worcestershire,JJ Carson,A Karvelas,F Singh,0,0,,,,,,,,,,,,,
1461848,2025,2025-05-09,"County Ground, Hove",1,60.1,60.1,Sussex,Worcestershire,A Karvelas,JJ Carson,BMJ Allison,0,0,,,,,,,caught,A Karvelas,,,MJ Waite,,
1461848,2025,2025-05-09,"County Ground, Hove",1,60.2,60.2,Sussex,Worcestershire,JPH Hayes,JJ Carson,BMJ Allison,0,0,,,,,,,,,,,,,
1461848,2025,2025-05-09,"County Ground, Hove",1,60.3,60.3,Sussex,Worcestershire,JPH Hayes,JJ Carson,BMJ Allison,0,0,,,,,,,,,,,,,
1461848,2025,2025-05-09,"County Ground, Hove",1,60.4,60.4,Sussex,Worcestershire,JPH Hayes,JJ Carson,BMJ Allison,0,0,,,,,,,,,,,,,
1461848,2025,2025-05-09,"County Ground, Hove",1,60.5,60.5,Sussex,Worcestershire,JPH Hayes,JJ Carson,BMJ Allison,0,0,,,,,,,,,,,,,
1461848,2025,2025-05-09,"County Ground, Hove",1,60.6,60.6,Sussex,Worcestershire,JPH Hayes,JJ Carson,BMJ Allison,1,0,,,,,,,,,,,,,
1461848,2025,2025-05-09,"County Ground, Hove",1,61.1,61.1,Sussex,Worcestershire,JPH Hayes,JJ Carson,F Singh,0,0,,,,,,,,,,,,,
1461848,2025,2025-05-09,"County Ground, Hove",1,61.2,61.2,Sussex,Worcestershire,JPH Hayes,JJ Carson,F Singh,0,0,,,,,,,,,,,,,
1461848,2025,2025-05-09,"County Ground, Hove",1,61.3,61.3,Sussex,Worcestershire,JPH Hayes,JJ Carson,F Singh,0,0,,,,,,,,,,,,,
1461848,2025,2025-05-09,"County Ground, Hove",1,61.4,61.4,Sussex,Worcestershire,JPH Hayes,JJ Carson,F Singh,0,0,,,,,,,,,,,,,
1461848,2025,2025-05-09,"County Ground, Hove",1,61.5,61.5,Sussex,Worcestershire,JPH Hayes,JJ Carson,F Singh,0,0,,,,,,,,,,,,,
1461848,2025,2025-05-09,"County Ground, Hove",1,61.6,61.6,Sussex,Worcestershire,JPH Hayes,JJ Carson,F Singh,0,0,,,,,,,,,,,,,
1461848,2025,2025-05-09,"County Ground, Hove",1,62.1,62.1,Sussex,Worcestershire,JJ Carson,JPH Hayes,BMJ Allison,0,0,,,,,,,,,,,,,
1461848,2025,2025-05-09,"County Ground, Hove",1,62.2,62.2,Sussex,Worcestershire,JJ Carson,JPH Hayes,BMJ Allison,6,0,,,,,,,,,,,,,
1461848,2025,2025-05-09,"County Ground, Hove",1,62.3,62.3,Sussex,Worcestershire,JJ Carson,JPH Hayes,BMJ Allison,0,0,,,,,,,,,,,,,
1461848,2025,2025-05-09,"County Ground, Hove",1,62.4,62.4,Sussex,Worcestershire,JJ Carson,JPH Hayes,BMJ Allison,1,0,,,,,,,,,,,,,
1461848,2025,2025-05-09,"County Ground, Hove",1,62.5,62.5,Sussex,Worcestershire,JPH Hayes,JJ Carson,BMJ Allison,4,0,,,,,,,,,,,,,
1461848,2025,2025-05-09,"County Ground, Hove",1,62.6,62.6,Sussex,Worcestershire,JPH Hayes,JJ Carson,BMJ Allison,0,0,,,,,,,,,,,,,
1461848,2025,2025-05-09,"County Ground, Hove",1,63.1,63.1,Sussex,Worcestershire,JJ Carson,JPH Hayes,BJ Gibbon,0,0,,,,,,,,,,,,,
1461848,2025,2025-05-09,"County Ground, Hove",1,63.2,63.2,Sussex,Worcestershire,JJ Carson,JPH Hayes,BJ Gibbon,0,0,,,,,,,,,,,,,
1461848,2025,2025-05-09,"County Ground, Hove",1,63.3,63.3,Sussex,Worcestershire,JJ Carson,JPH Hayes,BJ Gibbon,1,0,,,,,,,,,,,,,
1461848,2025,2025-05-09,"County Ground, Hove",1,63.4,63.4,Sussex,Worcestershire,JPH Hayes,JJ Carson,BJ Gibbon,0,0,,,,,,,,,,,,,
1461848,2025,2025-05-09,"County Ground, Hove",1,63.5,63.5,Sussex,Worcestershire,JPH Hayes,JJ Carson,BJ Gibbon,0,0,,,,,,,,,,,,,
1461848,2025,2025-05-09,"County Ground, Hove",1,63.6,63.6,Sussex,Worcestershire,JPH Hayes,JJ Carson,BJ Gibbon,0,0,,,,,,,,,,,,,
1461848,2025,2025-05-09,"County Ground, Hove",1,64.1,64.1,Sussex,Worcestershire,JJ Carson,JPH Hayes,BMJ Allison,0,0,,,,,,,,,,,,,
1461848,2025,2025-05-09,"County Ground, Hove",1,64.2,64.2,Sussex,Worcestershire,JJ Carson,JPH Hayes,BMJ Allison,1,0,,,,,,,,,,,,,
1461848,2025,2025-05-09,"County Ground, Hove",1,64.3,64.3,Sussex,Worcestershire,JPH Hayes,JJ Carson,BMJ Allison,0,0,,,,,,,,,,,,,
1461848,2025,2025-05-09,"County Ground, Hove",1,64.4,64.4,Sussex,Worcestershire,JPH Hayes,JJ Carson,BMJ Allison,0,0,,,,,,,,,,,,,
1461848,2025,2025-05-09,"County Ground, Hove",1,64.5,64.5,Sussex,Worcestershire,JPH Hayes,JJ Carson,BMJ Allison,0,0,,,,,,,,,,,,,
1461848,2025,2025-05-09,"County Ground, Hove",1,64.6,64.6,Sussex,Worcestershire,JPH Hayes,JJ Carson,BMJ Allison,0,0,,,,,,,,,,,,,
1461848,2025,2025-05-09,"County Ground, Hove",1,65.1,65.1,Sussex,Worcestershire,JJ Carson,JPH Hayes,BJ Gibbon,0,0,,,,,,,,,,,,,
1461848,2025,2025-05-09,"County Ground, Hove",1,65.2,65.2,Sussex,Worcestershire,JJ Carson,JPH Hayes,BJ Gibbon,0,0,,,,,,,,,,,,,
1461848,2025,2025-05-09,"County Ground, Hove",1,65.3,65.3,Sussex,Worcestershire,JJ Carson,JPH Hayes,BJ Gibbon,1,0,,,,,,,,,,,,,
1461848,2025,2025-05-09,"County Ground, Hove",1,65.4,65.4,Sussex,Worcestershire,JPH Hayes,JJ Carson,BJ Gibbon,0,0,,,,,,,,,,,,,
1461848,2025,2025-05-09,"County Ground, Hove",1,65.5,65.5,Sussex,Worcestershire,JPH Hayes,JJ Carson,BJ Gibbon,0,0,,,,,,,,,,,,,
1461848,2025,2025-05-09,"County Ground, Hove",1,65.6,65.6,Sussex,Worcestershire,JPH Hayes,JJ Carson,BJ Gibbon,0,0,,,,,,,,,,,,,
1461848,2025,2025-05-09,"County Ground, Hove",1,66.1,66.1,Sussex,Worcestershire,JJ Carson,JPH Hayes,MJ Waite,2,0,,,,,,,,,,,,,
1461848,2025,2025-05-09,"County Ground, Hove",1,66.2,66.2,Sussex,Worcestershire,JJ Carson,JPH Hayes,MJ Waite,1,0,,,,,,,,,,,,,
1461848,2025,2025-05-09,"County Ground, Hove",1,66.3,66.3,Sussex,Worcestershire,JPH Hayes,JJ Carson,MJ Waite,0,0,,,,,,,,,,,,,
1461848,2025,2025-05-09,"County Ground, Hove",1,66.4,66.4,Sussex,Worcestershire,JPH Hayes,JJ Carson,MJ Waite,0,0,,,,,,,,,,,,,
1461848,2025,2025-05-09,"County Ground, Hove",1,66.5,66.5,Sussex,Worcestershire,JPH Hayes,JJ Carson,MJ Waite,0,0,,,,,,,,,,,,,
1461848,2025,2025-05-09,"County Ground, Hove",1,66.6,66.6,Sussex,Worcestershire,JPH Hayes,JJ Carson,MJ Waite,1,0,,,,,,,,,,,,,
1461848,2025,2025-05-09,"County Ground, Hove",1,67.1,67.1,Sussex,Worcestershire,JPH Hayes,JJ Carson,BJ Gibbon,0,0,,,,,,,,,,,,,
1461848,2025,2025-05-09,"County Ground, Hove",1,67.2,67.2,Sussex,Worcestershire,JPH Hayes,JJ Carson,BJ Gibbon,4,0,,,,,,,,,,,,,
1461848,2025,2025-05-09,"County Ground, Hove",1,67.3,67.3,Sussex,Worcestershire,JPH Hayes,JJ Carson,BJ Gibbon,0,0,,,,,,,,,,,,,
1461848,2025,2025-05-09,"County Ground, Hove",1,67.4,67.4,Sussex,Worcestershire,JPH Hayes,JJ Carson,BJ Gibbon,0,0,,,,,,,,,,,,,
1461848,2025,2025-05-09,"County Ground, Hove",1,67.5,67.5,Sussex,Worcestershire,JPH Hayes,JJ Carson,BJ Gibbon,0,0,,,,,,,,,,,,,
1461848,2025,2025-05-09,"County Ground, Hove",1,67.6,67.6,Sussex,Worcestershire,JPH Hayes,JJ Carson,BJ Gibbon,0,0,,,,,,,,,,,,,
1461848,2025,2025-05-09,"County Ground, Hove",1,68.1,68.1,Sussex,Worcestershire,JJ Carson,JPH Hayes,MJ Waite,1,0,,,,,,,,,,,,,
1461848,2025,2025-05-09,"County Ground, Hove",1,68.2,68.2,Sussex,Worcestershire,JPH Hayes,JJ Carson,MJ Waite,0,0,,,,,,,,,,,,,
1461848,2025,2025-05-09,"County Ground, Hove",1,68.3,68.3,Sussex,Worcestershire,JPH Hayes,JJ Carson,MJ Waite,0,0,,,,,,,,,,,,,
1461848,2025,2025-05-09,"County Ground, Hove",1,68.4,68.4,Sussex,Worcestershire,JPH Hayes,JJ Carson,MJ Waite,0,0,,,,,,,,,,,,,
1461848,2025,2025-05-09,"County Ground, Hove",1,68.5,68.5,Sussex,Worcestershire,JPH Hayes,JJ Carson,MJ Waite,0,0,,,,,,,,,,,,,
1461848,2025,2025-05-09,"County Ground, Hove",1,68.6,68.6,Sussex,Worcestershire,JPH Hayes,JJ Carson,MJ Waite,0,0,,,,,,,,,,,,,
1461848,2025,2025-05-09,"County Ground, Hove",1,69.1,69.1,Sussex,Worcestershire,JJ Carson,JPH Hayes,F Singh,1,0,,,,,,,,,,,,,
1461848,2025,2025-05-09,"County Ground, Hove",1,69.2,69.2,Sussex,Worcestershire,JPH Hayes,JJ Carson,F Singh,0,0,,,,,,,,,,,,,
1461848,2025,2025-05-09,"County Ground, Hove",1,69.3,69.3,Sussex,Worcestershire,JPH Hayes,JJ Carson,F Singh,0,0,,,,,,,,,,,,,
1461848,2025,2025-05-09,"County Ground, Hove",1,69.4,69.4,Sussex,Worcestershire,JPH Hayes,JJ Carson,F Singh,0,0,,,,,,,,,,,,,
1461848,2025,2025-05-09,"County Ground, Hove",1,69.5,69.5,Sussex,Worcestershire,JPH Hayes,JJ Carson,F Singh,1,0,,,,,,,,,,,,,
1461848,2025,2025-05-09,"County Ground, Hove",1,69.6,69.6,Sussex,Worcestershire,JJ Carson,JPH Hayes,F Singh,0,0,,,,,,,,,,,,,
1461848,2025,2025-05-09,"County Ground, Hove",1,70.1,70.1,Sussex,Worcestershire,JPH Hayes,JJ Carson,MJ Waite,0,0,,,,,,,,,,,,,
1461848,2025,2025-05-09,"County Ground, Hove",1,70.2,70.2,Sussex,Worcestershire,JPH Hayes,JJ Carson,MJ Waite,1,0,,,,,,,,,,,,,
1461848,2025,2025-05-09,"County Ground, Hove",1,70.3,70.3,Sussex,Worcestershire,JJ Carson,JPH Hayes,MJ Waite,1,0,,,,,,,,,,,,,
1461848,2025,2025-05-09,"County Ground, Hove",1,70.4,70.4,Sussex,Worcestershire,JPH Hayes,JJ Carson,MJ Waite,0,0,,,,,,,,,,,,,
1461848,2025,2025-05-09,"County Ground, Hove",1,70.5,70.5,Sussex,Worcestershire,JPH Hayes,JJ Carson,MJ Waite,4,0,,,,,,,,,,,,,
1461848,2025,2025-05-09,"County Ground, Hove",1,70.6,70.6,Sussex,Worcestershire,JPH Hayes,JJ Carson,MJ Waite,0,0,,,,,,,,,,,,,
1461848,2025,2025-05-09,"County Ground, Hove",1,71.1,71.1,Sussex,Worcestershire,JJ Carson,JPH Hayes,F Singh,0,0,,,,,,,,,,,,,
1461848,2025,2025-05-09,"County Ground, Hove",1,71.2,71.2,Sussex,Worcestershire,JJ Carson,JPH Hayes,F Singh,0,0,,,,,,,,,,,,,
1461848,2025,2025-05-09,"County Ground, Hove",1,71.3,71.3,Sussex,Worcestershire,JJ Carson,JPH Hayes,F Singh,1,0,,,,,,,,,,,,,
1461848,2025,2025-05-09,"County Ground, Hove",1,71.4,71.4,Sussex,Worcestershire,JPH Hayes,JJ Carson,F Singh,0,0,,,,,,,,,,,,,
1461848,2025,2025-05-09,"County Ground, Hove",1,71.5,71.5,Sussex,Worcestershire,JPH Hayes,JJ Carson,F Singh,0,0,,,,,,,,,,,,,
1461848,2025,2025-05-09,"County Ground, Hove",1,71.6,71.6,Sussex,Worcestershire,JPH Hayes,JJ Carson,F Singh,0,0,,,,,,,,,,,,,
1461848,2025,2025-05-09,"County Ground, Hove",1,72.1,72.1,Sussex,Worcestershire,JJ Carson,JPH Hayes,BJ Gibbon,1,0,,,,,,,,,,,,,
1461848,2025,2025-05-09,"County Ground, Hove",1,72.2,72.2,Sussex,Worcestershire,JPH Hayes,JJ Carson,BJ Gibbon,1,0,,,,,,,,,,,,,
1461848,2025,2025-05-09,"County Ground, Hove",1,72.3,72.3,Sussex,Worcestershire,JJ Carson,JPH Hayes,BJ Gibbon,1,0,,,,,,,,,,,,,
1461848,2025,2025-05-09,"County Ground, Hove",1,72.4,72.4,Sussex,Worcestershire,JPH Hayes,JJ Carson,BJ Gibbon,0,0,,,,,,,,,,,,,
1461848,2025,2025-05-09,"County Ground, Hove",1,72.5,72.5,Sussex,Worcestershire,JPH Hayes,JJ Carson,BJ Gibbon,0,0,,,,,,,,,,,,,
1461848,2025,2025-05-09,"County Ground, Hove",1,72.6,72.6,Sussex,Worcestershire,JPH Hayes,JJ Carson,BJ Gibbon,1,0,,,,,,,,,,,,,
1461848,2025,2025-05-09,"County Ground, Hove",1,73.1,73.1,Sussex,Worcestershire,JPH Hayes,JJ Carson,F Singh,0,0,,,,,,,,,,,,,
1461848,2025,2025-05-09,"County Ground, Hove",1,73.2,73.2,Sussex,Worcestershire,JPH Hayes,JJ Carson,F Singh,1,0,,,,,,,,,,,,,
1461848,2025,2025-05-09,"County Ground, Hove",1,73.3,73.3,Sussex,Worcestershire,JJ Carson,JPH Hayes,F Singh,0,0,,,,,,,,,,,,,
1461848,2025,2025-05-09,"County Ground, Hove",1,73.4,73.4,Sussex,Worcestershire,JJ Carson,JPH Hayes,F Singh,1,0,,,,,,,,,,,,,
1461848,2025,2025-05-09,"County Ground, Hove",1,73.5,73.5,Sussex,Worcestershire,JPH Hayes,JJ Carson,F Singh,0,0,,,,,,,,,,,,,
1461848,2025,2025-05-09,"County Ground, Hove",1,73.6,73.6,Sussex,Worcestershire,JPH Hayes,JJ Carson,F Singh,0,0,,,,,,,,,,,,,
1461848,2025,2025-05-09,"County Ground, Hove",1,74.1,74.1,Sussex,Worcestershire,JJ Carson,JPH Hayes,BJ Gibbon,1,0,,,,,,,,,,,,,
1461848,2025,2025-05-09,"County Ground, Hove",1,74.2,74.2,Sussex,Worcestershire,JPH Hayes,JJ Carson,BJ Gibbon,0,0,,,,,,,,,,,,,
1461848,2025,2025-05-09,"County Ground, Hove",1,74.3,74.3,Sussex,Worcestershire,JPH Hayes,JJ Carson,BJ Gibbon,0,0,,,,,,,,,,,,,
1461848,2025,2025-05-09,"County Ground, Hove",1,74.4,74.4,Sussex,Worcestershire,JPH Hayes,JJ Carson,BJ Gibbon,0,0,,,,,,,,,,,,,
1461848,2025,2025-05-09,"County Ground, Hove",1,74.5,74.5,Sussex,Worcestershire,JPH Hayes,JJ Carson,BJ Gibbon,0,0,,,,,,,,,,,,,
1461848,2025,2025-05-09,"County Ground, Hove",1,74.6,74.6,Sussex,Worcestershire,JPH Hayes,JJ Carson,BJ Gibbon,0,0,,,,,,,,,,,,,
1461848,2025,2025-05-09,"County Ground, Hove",1,75.1,75.1,Sussex,Worcestershire,JJ Carson,JPH Hayes,F Singh,1,0,,,,,,,,,,,,,
1461848,2025,2025-05-09,"County Ground, Hove",1,75.2,75.2,Sussex,Worcestershire,JPH Hayes,JJ Carson,F Singh,0,0,,,,,,,,,,,,,
1461848,2025,2025-05-09,"County Ground, Hove",1,75.3,75.3,Sussex,Worcestershire,JPH Hayes,JJ Carson,F Singh,0,0,,,,,,,,,,,,,
1461848,2025,2025-05-09,"County Ground, Hove",1,75.4,75.4,Sussex,Worcestershire,JPH Hayes,JJ Carson,F Singh,0,0,,,,,,,,,,,,,
1461848,2025,2025-05-09,"County Ground, Hove",1,75.5,75.5,Sussex,Worcestershire,JPH Hayes,JJ Carson,F Singh,4,0,,,,,,,,,,,,,
1461848,2025,2025-05-09,"County Ground, Hove",1,75.6,75.6,Sussex,Worcestershire,JPH Hayes,JJ Carson,F Singh,0,0,,,,,,,,,,,,,
1461848,2025,2025-05-09,"County Ground, Hove",1,76.1,76.1,Sussex,Worcestershire,JJ Carson,JPH Hayes,EA Brookes,1,0,,,,,,,,,,,,,
1461848,2025,2025-05-09,"County Ground, Hove",1,76.2,76.2,Sussex,Worcestershire,JPH Hayes,JJ Carson,EA Brookes,2,0,,,,,,,,,,,,,
1461848,2025,2025-05-09,"County Ground, Hove",1,76.3,76.3,Sussex,Worcestershire,JPH Hayes,JJ Carson,EA Brookes,0,0,,,,,,,,,,,,,
1461848,2025,2025-05-09,"County Ground, Hove",1,76.4,76.4,Sussex,Worcestershire,JPH Hayes,JJ Carson,EA Brookes,2,0,,,,,,,,,,,,,
1461848,2025,2025-05-09,"County Ground, Hove",1,76.5,76.5,Sussex,Worcestershire,JPH Hayes,JJ Carson,EA Brookes,0,0,,,,,,,,,,,,,
1461848,2025,2025-05-09,"County Ground, Hove",1,76.6,76.6,Sussex,Worcestershire,JPH Hayes,JJ Carson,EA Brookes,0,0,,,,,,,,,,,,,
1461848,2025,2025-05-09,"County Ground, Hove",1,77.1,77.1,Sussex,Worcestershire,JJ Carson,JPH Hayes,F Singh,1,0,,,,,,,,,,,,,
1461848,2025,2025-05-09,"County Ground, Hove",1,77.2,77.2,Sussex,Worcestershire,JPH Hayes,JJ Carson,F Singh,0,0,,,,,,,,,,,,,
1461848,2025,2025-05-09,"County Ground, Hove",1,77.3,77.3,Sussex,Worcestershire,JPH Hayes,JJ Carson,F Singh,0,0,,,,,,,,,,,,,
1461848,2025,2025-05-09,"County Ground, Hove",1,77.4,77.4,Sussex,Worcestershire,JPH Hayes,JJ Carson,F Singh,0,0,,,,,,,,,,,,,
1461848,2025,2025-05-09,"County Ground, Hove",1,77.5,77.5,Sussex,Worcestershire,JPH Hayes,JJ Carson,F Singh,0,0,,,,,,,,,,,,,
1461848,2025,2025-05-09,"County Ground, Hove",1,77.6,77.6,Sussex,Worcestershire,JPH Hayes,JJ Carson,F Singh,1,0,,,,,,,,,,,,,
1461848,2025,2025-05-09,"County Ground, Hove",1,78.1,78.1,Sussex,Worcestershire,JPH Hayes,JJ Carson,EA Brookes,0,0,,,,,,,,,,,,,
1461848,2025,2025-05-09,"County Ground, Hove",1,78.2,78.2,Sussex,Worcestershire,JPH Hayes,JJ Carson,EA Brookes,0,0,,,,,,,,,,,,,
1461848,2025,2025-05-09,"County Ground, Hove",1,78.3,78.3,Sussex,Worcestershire,JPH Hayes,JJ Carson,EA Brookes,0,0,,,,,,,,,,,,,
1461848,2025,2025-05-09,"County Ground, Hove",1,78.4,78.4,Sussex,Worcestershire,JPH Hayes,JJ Carson,EA Brookes,1,0,,,,,,,,,,,,,
1461848,2025,2025-05-09,"County Ground, Hove",1,78.5,78.5,Sussex,Worcestershire,JJ Carson,JPH Hayes,EA Brookes,0,0,,,,,,,,,,,,,
1461848,2025,2025-05-09,"County Ground, Hove",1,78.6,78.6,Sussex,Worcestershire,JJ Carson,JPH Hayes,EA Brookes,0,0,,,,,,,,,,,,,
1461848,2025,2025-05-09,"County Ground, Hove",1,79.1,79.1,Sussex,Worcestershire,JPH Hayes,JJ Carson,F Singh,0,0,,,,,,,,,,,,,
1461848,2025,2025-05-09,"County Ground, Hove",1,79.2,79.2,Sussex,Worcestershire,JPH Hayes,JJ Carson,F Singh,0,0,,,,,,,,,,,,,
1461848,2025,2025-05-09,"County Ground, Hove",1,79.3,79.3,Sussex,Worcestershire,JPH Hayes,JJ Carson,F Singh,0,0,,,,,,,,,,,,,
1461848,2025,2025-05-09,"County Ground, Hove",1,79.4,79.4,Sussex,Worcestershire,JPH Hayes,JJ Carson,F Singh,0,0,,,,,,,,,,,,,
1461848,2025,2025-05-09,"County Ground, Hove",1,79.5,79.5,Sussex,Worcestershire,JPH Hayes,JJ Carson,F Singh,0,0,,,,,,,,,,,,,
1461848,2025,2025-05-09,"County Ground, Hove",1,79.6,79.6,Sussex,Worcestershire,JPH Hayes,JJ Carson,F Singh,0,0,,,,,,,,,,,,,
1461848,2025,2025-05-09,"County Ground, Hove",1,80.1,80.1,Sussex,Worcestershire,JJ Carson,JPH Hayes,TAI Taylor,0,0,,,,,,,,,,,,,
1461848,2025,2025-05-09,"County Ground, Hove",1,80.2,80.2,Sussex,Worcestershire,JJ Carson,JPH Hayes,TAI Taylor,0,0,,,,,,,,,,,,,
1461848,2025,2025-05-09,"County Ground, Hove",1,80.3,80.3,Sussex,Worcestershire,JJ Carson,JPH Hayes,TAI Taylor,0,0,,,,,,,,,,,,,
1461848,2025,2025-05-09,"County Ground, Hove",1,80.4,80.4,Sussex,Worcestershire,JJ Carson,JPH Hayes,TAI Taylor,0,0,,,,,,,,,,,,,
1461848,2025,2025-05-09,"County Ground, Hove",1,80.5,80.5,Sussex,Worcestershire,JJ Carson,JPH Hayes,TAI Taylor,0,0,,,,,,,,,,,,,
1461848,2025,2025-05-09,"County Ground, Hove",1,80.6,80.6,Sussex,Worcestershire,JJ Carson,JPH Hayes,TAI Taylor,0,0,,,,,,,,,,,,,
1461848,2025,2025-05-09,"County Ground, Hove",1,81.1,81.1,Sussex,Worcestershire,JPH Hayes,JJ Carson,BMJ Allison,0,0,,,,,,,,,,,,,
1461848,2025,2025-05-09,"County Ground, Hove",1,81.2,81.2,Sussex,Worcestershire,JPH Hayes,JJ Carson,BMJ Allison,0,0,,,,,,,,,,,,,
1461848,2025,2025-05-09,"County Ground, Hove",1,81.3,81.3,Sussex,Worcestershire,JPH Hayes,JJ Carson,BMJ Allison,0,0,,,,,,,,,,,,,
1461848,2025,2025-05-09,"County Ground, Hove",1,81.4,81.4,Sussex,Worcestershire,JPH Hayes,JJ Carson,BMJ Allison,0,0,,,,,,,,,,,,,
1461848,2025,2025-05-09,"County Ground, Hove",1,81.5,81.5,Sussex,Worcestershire,JPH Hayes,JJ Carson,BMJ Allison,0,0,,,,,,,,,,,,,
1461848,2025,2025-05-09,"County Ground, Hove",1,81.6,81.6,Sussex,Worcestershire,JPH Hayes,JJ Carson,BMJ Allison,1,0,,,,,,,,,,,,,
1461848,2025,2025-05-09,"County Ground, Hove",1,82.1,82.1,Sussex,Worcestershire,JPH Hayes,JJ Carson,TAI Taylor,0,0,,,,,,,,,,,,,
1461848,2025,2025-05-09,"County Ground, Hove",1,82.2,82.2,Sussex,Worcestershire,JPH Hayes,JJ Carson,TAI Taylor,0,0,,,,,,,,,,,,,
1461848,2025,2025-05-09,"County Ground, Hove",1,82.3,82.3,Sussex,Worcestershire,JPH Hayes,JJ Carson,TAI Taylor,0,0,,,,,,,,,,,,,
1461848,2025,2025-05-09,"County Ground, Hove",1,82.4,82.4,Sussex,Worcestershire,JPH Hayes,JJ Carson,TAI Taylor,0,0,,,,,,,,,,,,,
1461848,2025,2025-05-09,"County Ground, Hove",1,82.5,82.5,Sussex,Worcestershire,JPH Hayes,JJ Carson,TAI Taylor,0,0,,,,,,,,,,,,,
1461848,2025,2025-05-09,"County Ground, Hove",1,82.6,82.6,Sussex,Worcestershire,JPH Hayes,JJ Carson,TAI Taylor,0,0,,,,,,,,,,,,,
1461848,2025,2025-05-09,"County Ground, Hove",1,83.1,83.1,Sussex,Worcestershire,JJ Carson,JPH Hayes,BMJ Allison,2,0,,,,,,,,,,,,,
1461848,2025,2025-05-09,"County Ground, Hove",1,83.2,83.2,Sussex,Worcestershire,JJ Carson,JPH Hayes,BMJ Allison,0,0,,,,,,,,,,,,,
1461848,2025,2025-05-09,"County Ground, Hove",1,83.3,83.3,Sussex,Worcestershire,JJ Carson,JPH Hayes,BMJ Allison,0,0,,,,,,,,,,,,,
1461848,2025,2025-05-09,"County Ground, Hove",1,83.4,83.4,Sussex,Worcestershire,JJ Carson,JPH Hayes,BMJ Allison,0,0,,,,,,,,,,,,,
1461848,2025,2025-05-09,"County Ground, Hove",1,83.5,83.5,Sussex,Worcestershire,JJ Carson,JPH Hayes,BMJ Allison,4,0,,,,,,,,,,,,,
1461848,2025,2025-05-09,"County Ground, Hove",1,83.6,83.6,Sussex,Worcestershire,JJ Carson,JPH Hayes,BMJ Allison,0,0,,,,,,,,,,,,,
1461848,2025,2025-05-09,"County Ground, Hove",1,84.1,84.1,Sussex,Worcestershire,JPH Hayes,JJ Carson,TAI Taylor,0,0,,,,,,,,,,,,,
1461848,2025,2025-05-09,"County Ground, Hove",1,84.2,84.2,Sussex,Worcestershire,JPH Hayes,JJ Carson,TAI Taylor,0,0,,,,,,,,,,,,,
1461848,2025,2025-05-09,"County Ground, Hove",1,84.3,84.3,Sussex,Worcestershire,JPH Hayes,JJ Carson,TAI Taylor,0,0,,,,,,,,,,,,,
1461848,2025,2025-05-09,"County Ground, Hove",1,84.4,84.4,Sussex,Worcestershire,JPH Hayes,JJ Carson,TAI Taylor,0,0,,,,,,,,,,,,,
1461848,2025,2025-05-09,"County Ground, Hove",1,84.5,84.5,Sussex,Worcestershire,JPH Hayes,JJ Carson,TAI Taylor,0,0,,,,,,,,,,,,,
1461848,2025,2025-05-09,"County Ground, Hove",1,84.6,84.6,Sussex,Worcestershire,JPH Hayes,JJ Carson,TAI Taylor,1,0,,,,,,,,,,,,,
1461848,2025,2025-05-09,"County Ground, Hove",1,85.1,85.1,Sussex,Worcestershire,JPH Hayes,JJ Carson,BMJ Allison,1,0,,,,,,,,,,,,,
1461848,2025,2025-05-09,"County Ground, Hove",1,85.2,85.2,Sussex,Worcestershire,JJ Carson,JPH Hayes,BMJ Allison,0,0,,,,,,,,,,,,,
1461848,2025,2025-05-09,"County Ground, Hove",1,85.3,85.3,Sussex,Worcestershire,JJ Carson,JPH Hayes,BMJ Allison,2,0,,,,,,,,,,,,,
1461848,2025,2025-05-09,"County Ground, Hove",1,85.4,85.4,Sussex,Worcestershire,JJ Carson,JPH Hayes,BMJ Allison,4,0,,,,,,,,,,,,,
1461848,2025,2025-05-09,"County Ground, Hove",1,85.5,85.5,Sussex,Worcestershire,JJ Carson,JPH Hayes,BMJ Allison,0,0,,,,,,,,,,,,,
1461848,2025,2025-05-09,"County Ground, Hove",1,85.6,85.6,Sussex,Worcestershire,JJ Carson,JPH Hayes,BMJ Allison,0,0,,,,,,,,,,,,,
1461848,2025,2025-05-09,"County Ground, Hove",1,86.1,86.1,Sussex,Worcestershire,JPH Hayes,JJ Carson,TAI Taylor,0,0,,,,,,,,,,,,,
1461848,2025,2025-05-09,"County Ground, Hove",1,86.2,86.2,Sussex,Worcestershire,JPH Hayes,JJ Carson,TAI Taylor,0,0,,,,,,,,,,,,,
1461848,2025,2025-05-09,"County Ground, Hove",1,86.3,86.3,Sussex,Worcestershire,JPH Hayes,JJ Carson,TAI Taylor,0,0,,,,,,,,,,,,,
1461848,2025,2025-05-09,"County Ground, Hove",1,86.4,86.4,Sussex,Worcestershire,JPH Hayes,JJ Carson,TAI Taylor,0,1,,,,1,,,,,,,,,
1461848,2025,2025-05-09,"County Ground, Hove",1,86.5,86.5,Sussex,Worcestershire,JJ Carson,JPH Hayes,TAI Taylor,0,0,,,,,,,,,,,,,
1461848,2025,2025-05-09,"County Ground, Hove",1,86.6,86.6,Sussex,Worcestershire,JJ Carson,JPH Hayes,TAI Taylor,0,0,,,,,,,,,,,,,
1461848,2025,2025-05-09,"County Ground, Hove",1,87.1,87.1,Sussex,Worcestershire,JPH Hayes,JJ Carson,F Singh,0,0,,,,,,,,,,,,,
1461848,2025,2025-05-09,"County Ground, Hove",1,87.2,87.2,Sussex,Worcestershire,JPH Hayes,JJ Carson,F Singh,0,0,,,,,,,,,,,,,
1461848,2025,2025-05-09,"County Ground, Hove",1,87.3,87.3,Sussex,Worcestershire,JPH Hayes,JJ Carson,F Singh,0,0,,,,,,,,,,,,,
1461848,2025,2025-05-09,"County Ground, Hove",1,87.4,87.4,Sussex,Worcestershire,JPH Hayes,JJ Carson,F Singh,0,0,,,,,,,,,,,,,
1461848,2025,2025-05-09,"County Ground, Hove",1,87.5,87.5,Sussex,Worcestershire,JPH Hayes,JJ Carson,F Singh,0,0,,,,,,,,,,,,,
1461848,2025,2025-05-09,"County Ground, Hove",1,87.6,87.6,Sussex,Worcestershire,JPH Hayes,JJ Carson,F Singh,0,0,,,,,,,,,,,,,
1461848,2025,2025-05-09,"County Ground, Hove",1,88.1,88.1,Sussex,Worcestershire,JJ Carson,JPH Hayes,TAI Taylor,1,0,,,,,,,,,,,,,
1461848,2025,2025-05-09,"County Ground, Hove",1,88.2,88.2,Sussex,Worcestershire,JPH Hayes,JJ Carson,TAI Taylor,0,1,,,,1,,,,,,,,,
1461848,2025,2025-05-09,"County Ground, Hove",1,88.3,88.3,Sussex,Worcestershire,JJ Carson,JPH Hayes,TAI Taylor,1,0,,,,,,,,,,,,,
1461848,2025,2025-05-09,"County Ground, Hove",1,88.4,88.4,Sussex,Worcestershire,JPH Hayes,JJ Carson,TAI Taylor,0,0,,,,,,,,,,,,,
1461848,2025,2025-05-09,"County Ground, Hove",1,88.5,88.5,Sussex,Worcestershire,JPH Hayes,JJ Carson,TAI Taylor,1,0,,,,,,,,,,,,,
1461848,2025,2025-05-09,"County Ground, Hove",1,88.6,88.6,Sussex,Worcestershire,JJ Carson,JPH Hayes,TAI Taylor,0,0,,,,,,,,,,,,,
1461848,2025,2025-05-09,"County Ground, Hove",1,89.1,89.1,Sussex,Worcestershire,JPH Hayes,JJ Carson,F Singh,0,0,,,,,,,,,,,,,
1461848,2025,2025-05-09,"County Ground, Hove",1,89.2,89.2,Sussex,Worcestershire,JPH Hayes,JJ Carson,F Singh,0,0,,,,,,,,,,,,,
1461848,2025,2025-05-09,"County Ground, Hove",1,89.3,89.3,Sussex,Worcestershire,JPH Hayes,JJ Carson,F Singh,0,0,,,,,,,,,,,,,
1461848,2025,2025-05-09,"County Ground, Hove",1,89.4,89.4,Sussex,Worcestershire,JPH Hayes,JJ Carson,F Singh,0,0,,,,,,,,,,,,,
1461848,2025,2025-05-09,"County Ground, Hove",1,89.5,89.5,Sussex,Worcestershire,JPH Hayes,JJ Carson,F Singh,0,0,,,,,,,,,,,,,
1461848,2025,2025-05-09,"County Ground, Hove",1,89.6,89.6,Sussex,Worcestershire,JPH Hayes,JJ Carson,F Singh,0,0,,,,,,,,,,,,,
1461848,2025,2025-05-09,"County Ground, Hove",1,90.1,90.1,Sussex,Worcestershire,JJ Carson,JPH Hayes,MJ Waite,0,0,,,,,,,,,,,,,
1461848,2025,2025-05-09,"County Ground, Hove",1,90.2,90.2,Sussex,Worcestershire,JJ Carson,JPH Hayes,MJ Waite,0,0,,,,,,,,,,,,,
1461848,2025,2025-05-09,"County Ground, Hove",1,90.3,90.3,Sussex,Worcestershire,JJ Carson,JPH Hayes,MJ Waite,0,0,,,,,,,bowled,JJ Carson,,,,,
1461848,2025,2025-05-09,"County Ground, Hove",2,0.1,0.1,Worcestershire,Sussex,BJ Gibbon,JD Libby,OE Robinson,0,0,,,,,,,,,,,,,
1461848,2025,2025-05-09,"County Ground, Hove",2,0.2,0.2,Worcestershire,Sussex,BJ Gibbon,JD Libby,OE Robinson,0,0,,,,,,,,,,,,,
1461848,2025,2025-05-09,"County Ground, Hove",2,0.3,0.3,Worcestershire,Sussex,BJ Gibbon,JD Libby,OE Robinson,0,0,,,,,,,,,,,,,
1461848,2025,2025-05-09,"County Ground, Hove",2,0.4,0.4,Worcestershire,Sussex,BJ Gibbon,JD Libby,OE Robinson,0,0,,,,,,,,,,,,,
1461848,2025,2025-05-09,"County Ground, Hove",2,0.5,0.5,Worcestershire,Sussex,BJ Gibbon,JD Libby,OE Robinson,0,0,,,,,,,,,,,,,
1461848,2025,2025-05-09,"County Ground, Hove",2,0.6,0.6,Worcestershire,Sussex,BJ Gibbon,JD Libby,OE Robinson,0,0,,,,,,,,,,,,,
1461848,2025,2025-05-09,"County Ground, Hove",2,1.1,1.1,Worcestershire,Sussex,JD Libby,BJ Gibbon,JPH Hayes,0,0,,,,,,,,,,,,,
1461848,2025,2025-05-09,"County Ground, Hove",2,1.2,1.2,Worcestershire,Sussex,JD Libby,BJ Gibbon,JPH Hayes,4,0,,,,,,,,,,,,,
1461848,2025,2025-05-09,"County Ground, Hove",2,1.3,1.3,Worcestershire,Sussex,JD Libby,BJ Gibbon,JPH Hayes,0,0,,,,,,,,,,,,,
1461848,2025,2025-05-09,"County Ground, Hove",2,1.4,1.4,Worcestershire,Sussex,JD Libby,BJ Gibbon,JPH Hayes,0,0,,,,,,,,,,,,,
1461848,2025,2025-05-09,"County Ground, Hove",2,1.5,1.5,Worcestershire,Sussex,JD Libby,BJ Gibbon,JPH Hayes,0,0,,,,,,,,,,,,,
1461848,2025,2025-05-09,"County Ground, Hove",2,1.6,1.6,Worcestershire,Sussex,JD Libby,BJ Gibbon,JPH Hayes,2,0,,,,,,,,,,,,,
1461848,2025,2025-05-09,"County Ground, Hove",2,2.1,2.1,Worcestershire,Sussex,BJ Gibbon,JD Libby,OE Robinson,0,0,,,,,,,,,,,,,
1461848,2025,2025-05-09,"County Ground, Hove",2,2.2,2.2,Worcestershire,Sussex,BJ Gibbon,JD Libby,OE Robinson,0,0,,,,,,,,,,,,,
1461848,2025,2025-05-09,"County Ground, Hove",2,2.3,2.3,Worcestershire,Sussex,BJ Gibbon,JD Libby,OE Robinson,0,0,,,,,,,,,,,,,
1461848,2025,2025-05-09,"County Ground, Hove",2,2.4,2.4,Worcestershire,Sussex,BJ Gibbon,JD Libby,OE Robinson,0,0,,,,,,,,,,,,,
1461848,2025,2025-05-09,"County Ground, Hove",2,2.5,2.5,Worcestershire,Sussex,BJ Gibbon,JD Libby,OE Robinson,0,0,,,,,,,,,,,,,
1461848,2025,2025-05-09,"County Ground, Hove",2,2.6,2.6,Worcestershire,Sussex,BJ Gibbon,JD Libby,OE Robinson,1,0,,,,,,,,,,,,,
1461848,2025,2025-05-09,"County Ground, Hove",2,3.1,3.1,Worcestershire,Sussex,BJ Gibbon,JD Libby,JPH Hayes,0,0,,,,,,,,,,,,,
1461848,2025,2025-05-09,"County Ground, Hove",2,3.2,3.2,Worcestershire,Sussex,BJ Gibbon,JD Libby,JPH Hayes,0,0,,,,,,,,,,,,,
1461848,2025,2025-05-09,"County Ground, Hove",2,3.3,3.3,Worcestershire,Sussex,BJ Gibbon,JD Libby,JPH Hayes,0,0,,,,,,,,,,,,,
1461848,2025,2025-05-09,"County Ground, Hove",2,3.4,3.4,Worcestershire,Sussex,BJ Gibbon,JD Libby,JPH Hayes,2,0,,,,,,,,,,,,,
1461848,2025,2025-05-09,"County Ground, Hove",2,3.5,3.5,Worcestershire,Sussex,BJ Gibbon,JD Libby,JPH Hayes,0,0,,,,,,,,,,,,,
1461848,2025,2025-05-09,"County Ground, Hove",2,3.6,3.6,Worcestershire,Sussex,BJ Gibbon,JD Libby,JPH Hayes,1,0,,,,,,,,,,,,,
1461848,2025,2025-05-09,"County Ground, Hove",2,4.1,4.1,Worcestershire,Sussex,BJ Gibbon,JD Libby,OE Robinson,0,0,,,,,,,,,,,,,
1461848,2025,2025-05-09,"County Ground, Hove",2,4.2,4.2,Worcestershire,Sussex,BJ Gibbon,JD Libby,OE Robinson,0,0,,,,,,,,,,,,,
1461848,2025,2025-05-09,"County Ground, Hove",2,4.3,4.3,Worcestershire,Sussex,BJ Gibbon,JD Libby,OE Robinson,0,0,,,,,,,,,,,,,
1461848,2025,2025-05-09,"County Ground, Hove",2,4.4,4.4,Worcestershire,Sussex,BJ Gibbon,JD Libby,OE Robinson,0,0,,,,,,,caught,BJ Gibbon,,,JA Simpson,,
1461848,2025,2025-05-09,"County Ground, Hove",2,4.5,4.5,Worcestershire,Sussex,GH Roderick,JD Libby,OE Robinson,0,0,,,,,,,,,,,,,
1461848,2025,2025-05-09,"County Ground, Hove",2,4.6,4.6,Worcestershire,Sussex,GH Roderick,JD Libby,OE Robinson,0,0,,,,,,,,,,,,,
1461848,2025,2025-05-09,"County Ground, Hove",2,5.1,5.1,Worcestershire,Sussex,JD Libby,GH Roderick,JPH Hayes,1,0,,,,,,,,,,,,,
1461848,2025,2025-05-09,"County Ground, Hove",2,5.2,5.2,Worcestershire,Sussex,GH Roderick,JD Libby,JPH Hayes,0,0,,,,,,,,,,,,,
1461848,2025,2025-05-09,"County Ground, Hove",2,5.3,5.3,Worcestershire,Sussex,GH Roderick,JD Libby,JPH Hayes,0,0,,,,,,,,,,,,,
1461848,2025,2025-05-09,"County Ground, Hove",2,5.4,5.4,Worcestershire,Sussex,GH Roderick,JD Libby,JPH Hayes,4,0,,,,,,,,,,,,,
1461848,2025,2025-05-09,"County Ground, Hove",2,5.5,5.5,Worcestershire,Sussex,GH Roderick,JD Libby,JPH Hayes,4,0,,,,,,,,,,,,,
1461848,2025,2025-05-09,"County Ground, Hove",2,5.6,5.6,Worcestershire,Sussex,GH Roderick,JD Libby,JPH Hayes,2,0,,,,,,,,,,,,,
1461848,2025,2025-05-09,"County Ground, Hove",2,6.1,6.1,Worcestershire,Sussex,JD Libby,GH Roderick,OE Robinson,0,0,,,,,,,,,,,,,
1461848,2025,2025-05-09,"County Ground, Hove",2,6.2,6.2,Worcestershire,Sussex,JD Libby,GH Roderick,OE Robinson,0,0,,,,,,,,,,,,,
1461848,2025,2025-05-09,"County Ground, Hove",2,6.3,6.3,Worcestershire,Sussex,JD Libby,GH Roderick,OE Robinson,0,0,,,,,,,,,,,,,
1461848,2025,2025-05-09,"County Ground, Hove",2,6.4,6.4,Worcestershire,Sussex,JD Libby,GH Roderick,OE Robinson,1,0,,,,,,,,,,,,,
1461848,2025,2025-05-09,"County Ground, Hove",2,6.5,6.5,Worcestershire,Sussex,GH Roderick,JD Libby,OE Robinson,2,0,,,,,,,,,,,,,
1461848,2025,2025-05-09,"County Ground, Hove",2,6.6,6.6,Worcestershire,Sussex,GH Roderick,JD Libby,OE Robinson,0,0,,,,,,,,,,,,,
1461848,2025,2025-05-09,"County Ground, Hove",2,7.1,7.1,Worcestershire,Sussex,JD Libby,GH Roderick,JPH Hayes,0,0,,,,,,,,,,,,,
1461848,2025,2025-05-09,"County Ground, Hove",2,7.2,7.2,Worcestershire,Sussex,JD Libby,GH Roderick,JPH Hayes,0,0,,,,,,,,,,,,,
1461848,2025,2025-05-09,"County Ground, Hove",2,7.3,7.3,Worcestershire,Sussex,JD Libby,GH Roderick,JPH Hayes,0,0,,,,,,,,,,,,,
1461848,2025,2025-05-09,"County Ground, Hove",2,7.4,7.4,Worcestershire,Sussex,JD Libby,GH Roderick,JPH Hayes,0,0,,,,,,,,,,,,,
1461848,2025,2025-05-09,"County Ground, Hove",2,7.5,7.5,Worcestershire,Sussex,JD Libby,GH Roderick,JPH Hayes,1,0,,,,,,,,,,,,,
1461848,2025,2025-05-09,"County Ground, Hove",2,7.6,7.6,Worcestershire,Sussex,GH Roderick,JD Libby,JPH Hayes,0,0,,,,,,,,,,,,,
1461848,2025,2025-05-09,"County Ground, Hove",2,8.1,8.1,Worcestershire,Sussex,JD Libby,GH Roderick,OE Robinson,1,0,,,,,,,,,,,,,
1461848,2025,2025-05-09,"County Ground, Hove",2,8.2,8.2,Worcestershire,Sussex,GH Roderick,JD Libby,OE Robinson,0,0,,,,,,,,,,,,,
1461848,2025,2025-05-09,"County Ground, Hove",2,8.3,8.3,Worcestershire,Sussex,GH Roderick,JD Libby,OE Robinson,0,0,,,,,,,,,,,,,
1461848,2025,2025-05-09,"County Ground, Hove",2,8.4,8.4,Worcestershire,Sussex,GH Roderick,JD Libby,OE Robinson,0,0,,,,,,,,,,,,,
1461848,2025,2025-05-09,"County Ground, Hove",2,8.5,8.5,Worcestershire,Sussex,GH Roderick,JD Libby,OE Robinson,0,0,,,,,,,,,,,,,
1461848,2025,2025-05-09,"County Ground, Hove",2,8.6,8.6,Worcestershire,Sussex,GH Roderick,JD Libby,OE Robinson,0,0,,,,,,,,,,,,,
1461848,2025,2025-05-09,"County Ground, Hove",2,9.1,9.1,Worcestershire,Sussex,JD Libby,GH Roderick,A Karvelas,0,0,,,,,,,,,,,,,
1461848,2025,2025-05-09,"County Ground, Hove",2,9.2,9.2,Worcestershire,Sussex,JD Libby,GH Roderick,A Karvelas,0,0,,,,,,,,,,,,,
1461848,2025,2025-05-09,"County Ground, Hove",2,9.3,9.3,Worcestershire,Sussex,JD Libby,GH Roderick,A Karvelas,0,0,,,,,,,,,,,,,
1461848,2025,2025-05-09,"County Ground, Hove",2,9.4,9.4,Worcestershire,Sussex,JD Libby,GH Roderick,A Karvelas,0,0,,,,,,,,,,,,,
1461848,2025,2025-05-09,"County Ground, Hove",2,9.5,9.5,Worcestershire,Sussex,JD Libby,GH Roderick,A Karvelas,0,0,,,,,,,,,,,,,
1461848,2025,2025-05-09,"County Ground, Hove",2,9.6,9.6,Worcestershire,Sussex,JD Libby,GH Roderick,A Karvelas,0,0,,,,,,,,,,,,,
1461848,2025,2025-05-09,"County Ground, Hove",2,10.1,10.1,Worcestershire,Sussex,GH Roderick,JD Libby,FJ Hudson-Prentice,4,0,,,,,,,,,,,,,
1461848,2025,2025-05-09,"County Ground, Hove",2,10.2,10.2,Worcestershire,Sussex,GH Roderick,JD Libby,FJ Hudson-Prentice,0,0,,,,,,,,,,,,,
1461848,2025,2025-05-09,"County Ground, Hove",2,10.3,10.3,Worcestershire,Sussex,GH Roderick,JD Libby,FJ Hudson-Prentice,0,0,,,,,,,,,,,,,
1461848,2025,2025-05-09,"County Ground, Hove",2,10.4,10.4,Worcestershire,Sussex,GH Roderick,JD Libby,FJ Hudson-Prentice,4,0,,,,,,,,,,,,,
1461848,2025,2025-05-09,"County Ground, Hove",2,10.5,10.5,Worcestershire,Sussex,GH Roderick,JD Libby,FJ Hudson-Prentice,0,0,,,,,,,,,,,,,
1461848,2025,2025-05-09,"County Ground, Hove",2,10.6,10.6,Worcestershire,Sussex,GH Roderick,JD Libby,FJ Hudson-Prentice,0,0,,,,,,,,,,,,,
1461848,2025,2025-05-09,"County Ground, Hove",2,11.1,11.1,Worcestershire,Sussex,JD Libby,GH Roderick,A Karvelas,0,0,,,,,,,,,,,,,
1461848,2025,2025-05-09,"County Ground, Hove",2,11.2,11.2,Worcestershire,Sussex,JD Libby,GH Roderick,A Karvelas,0,0,,,,,,,,,,,,,
1461848,2025,2025-05-09,"County Ground, Hove",2,11.3,11.3,Worcestershire,Sussex,JD Libby,GH Roderick,A Karvelas,0,0,,,,,,,,,,,,,
1461848,2025,2025-05-09,"County Ground, Hove",2,11.4,11.4,Worcestershire,Sussex,JD Libby,GH Roderick,A Karvelas,2,0,,,,,,,,,,,,,
1461848,2025,2025-05-09,"County Ground, Hove",2,11.5,11.5,Worcestershire,Sussex,JD Libby,GH Roderick,A Karvelas,0,0,,,,,,,,,,,,,
1461848,2025,2025-05-09,"County Ground, Hove",2,11.6,11.6,Worcestershire,Sussex,JD Libby,GH Roderick,A Karvelas,0,1,,,,1,,,,,,,,,
1461848,2025,2025-05-09,"County Ground, Hove",2,12.1,12.1,Worcestershire,Sussex,JD Libby,GH Roderick,FJ Hudson-Prentice,0,0,,,,,,,,,,,,,
1461848,2025,2025-05-09,"County Ground, Hove",2,12.2,12.2,Worcestershire,Sussex,JD Libby,GH Roderick,FJ Hudson-Prentice,0,0,,,,,,,,,,,,,
1461848,2025,2025-05-09,"County Ground, Hove",2,12.3,12.3,Worcestershire,Sussex,JD Libby,GH Roderick,FJ Hudson-Prentice,0,0,,,,,,,,,,,,,
1461848,2025,2025-05-09,"County Ground, Hove",2,12.4,12.4,Worcestershire,Sussex,JD Libby,GH Roderick,FJ Hudson-Prentice,0,0,,,,,,,,,,,,,
1461848,2025,2025-05-09,"County Ground, Hove",2,12.5,12.5,Worcestershire,Sussex,JD Libby,GH Roderick,FJ Hudson-Prentice,0,0,,,,,,,,,,,,,
1461848,2025,2025-05-09,"County Ground, Hove",2,12.6,12.6,Worcestershire,Sussex,JD Libby,GH Roderick,FJ Hudson-Prentice,1,0,,,,,,,,,,,,,
1461848,2025,2025-05-09,"County Ground, Hove",2,13.1,13.1,Worcestershire,Sussex,JD Libby,GH Roderick,A Karvelas,0,0,,,,,,,,,,,,,
1461848,2025,2025-05-09,"County Ground, Hove",2,13.2,13.2,Worcestershire,Sussex,JD Libby,GH Roderick,A Karvelas,0,0,,,,,,,,,,,,,
1461848,2025,2025-05-09,"County Ground, Hove",2,13.3,13.3,Worcestershire,Sussex,JD Libby,GH Roderick,A Karvelas,0,0,,,,,,,,,,,,,
1461848,2025,2025-05-09,"County Ground, Hove",2,13.4,13.4,Worcestershire,Sussex,JD Libby,GH Roderick,A Karvelas,0,0,,,,,,,,,,,,,
1461848,2025,2025-05-09,"County Ground, Hove",2,13.5,13.5,Worcestershire,Sussex,JD Libby,GH Roderick,A Karvelas,0,0,,,,,,,,,,,,,
1461848,2025,2025-05-09,"County Ground, Hove",2,13.6,13.6,Worcestershire,Sussex,JD Libby,GH Roderick,A Karvelas,0,0,,,,,,,,,,,,,
1461848,2025,2025-05-09,"County Ground, Hove",2,14.1,14.1,Worcestershire,Sussex,GH Roderick,JD Libby,FJ Hudson-Prentice,0,0,,,,,,,,,,,,,
1461848,2025,2025-05-09,"County Ground, Hove",2,14.2,14.2,Worcestershire,Sussex,GH Roderick,JD Libby,FJ Hudson-Prentice,1,0,,,,,,,,,,,,,
1461848,2025,2025-05-09,"County Ground, Hove",2,14.3,14.3,Worcestershire,Sussex,JD Libby,GH Roderick,FJ Hudson-Prentice,0,0,,,,,,,,,,,,,
1461848,2025,2025-05-09,"County Ground, Hove",2,14.4,14.4,Worcestershire,Sussex,JD Libby,GH Roderick,FJ Hudson-Prentice,0,0,,,,,,,,,,,,,
1461848,2025,2025-05-09,"County Ground, Hove",2,14.5,14.5,Worcestershire,Sussex,JD Libby,GH Roderick,FJ Hudson-Prentice,0,0,,,,,,,,,,,,,
1461848,2025,2025-05-09,"County Ground, Hove",2,14.6,14.6,Worcestershire,Sussex,JD Libby,GH Roderick,FJ Hudson-Prentice,0,0,,,,,,,lbw,JD Libby,,,,,
1461848,2025,2025-05-09,"County Ground, Hove",2,15.1,15.1,Worcestershire,Sussex,GH Roderick,HM Nicholls,A Karvelas,0,0,,,,,,,,,,,,,
1461848,2025,2025-05-09,"County Ground, Hove",2,15.2,15.2,Worcestershire,Sussex,GH Roderick,HM Nicholls,A Karvelas,0,0,,,,,,,,,,,,,
1461848,2025,2025-05-09,"County Ground, Hove",2,15.3,15.3,Worcestershire,Sussex,GH Roderick,HM Nicholls,A Karvelas,0,0,,,,,,,,,,,,,
1461848,2025,2025-05-09,"County Ground, Hove",2,15.4,15.4,Worcestershire,Sussex,GH Roderick,HM Nicholls,A Karvelas,0,0,,,,,,,,,,,,,
1461848,2025,2025-05-09,"County Ground, Hove",2,15.5,15.5,Worcestershire,Sussex,GH Roderick,HM Nicholls,A Karvelas,0,0,,,,,,,,,,,,,
1461848,2025,2025-05-09,"County Ground, Hove",2,15.6,15.6,Worcestershire,Sussex,GH Roderick,HM Nicholls,A Karvelas,0,0,,,,,,,,,,,,,
1461848,2025,2025-05-09,"County Ground, Hove",2,16.1,16.1,Worcestershire,Sussex,HM Nicholls,GH Roderick,FJ Hudson-Prentice,0,0,,,,,,,,,,,,,
1461848,2025,2025-05-09,"County Ground, Hove",2,16.2,16.2,Worcestershire,Sussex,HM Nicholls,GH Roderick,FJ Hudson-Prentice,0,0,,,,,,,,,,,,,
1461848,2025,2025-05-09,"County Ground, Hove",2,16.3,16.3,Worcestershire,Sussex,HM Nicholls,GH Roderick,FJ Hudson-Prentice,0,0,,,,,,,,,,,,,
1461848,2025,2025-05-09,"County Ground, Hove",2,16.4,16.4,Worcestershire,Sussex,HM Nicholls,GH Roderick,FJ Hudson-Prentice,0,0,,,,,,,,,,,,,
1461848,2025,2025-05-09,"County Ground, Hove",2,16.5,16.5,Worcestershire,Sussex,HM Nicholls,GH Roderick,FJ Hudson-Prentice,1,0,,,,,,,,,,,,,
1461848,2025,2025-05-09,"County Ground, Hove",2,16.6,16.6,Worcestershire,Sussex,GH Roderick,HM Nicholls,FJ Hudson-Prentice,0,0,,,,,,,,,,,,,
1461848,2025,2025-05-09,"County Ground, Hove",2,17.1,17.1,Worcestershire,Sussex,HM Nicholls,GH Roderick,A Karvelas,2,0,,,,,,,,,,,,,
1461848,2025,2025-05-09,"County Ground, Hove",2,17.2,17.2,Worcestershire,Sussex,HM Nicholls,GH Roderick,A Karvelas,0,0,,,,,,,,,,,,,
1461848,2025,2025-05-09,"County Ground, Hove",2,17.3,17.3,Worcestershire,Sussex,HM Nicholls,GH Roderick,A Karvelas,0,0,,,,,,,,,,,,,
1461848,2025,2025-05-09,"County Ground, Hove",2,17.4,17.4,Worcestershire,Sussex,HM Nicholls,GH Roderick,A Karvelas,1,0,,,,,,,,,,,,,
1461848,2025,2025-05-09,"County Ground, Hove",2,17.5,17.5,Worcestershire,Sussex,GH Roderick,HM Nicholls,A Karvelas,0,0,,,,,,,,,,,,,
1461848,2025,2025-05-09,"County Ground, Hove",2,17.6,17.6,Worcestershire,Sussex,GH Roderick,HM Nicholls,A Karvelas,0,0,,,,,,,caught,GH Roderick,,,TP Alsop,,
1461848,2025,2025-05-09,"County Ground, Hove",2,18.1,18.1,Worcestershire,Sussex,HM Nicholls,Kashif Ali,FJ Hudson-Prentice,2,0,,,,,,,,,,,,,
1461848,2025,2025-05-09,"County Ground, Hove",2,18.2,18.2,Worcestershire,Sussex,HM Nicholls,Kashif Ali,FJ Hudson-Prentice,0,0,,,,,,,,,,,,,
1461848,2025,2025-05-09,"County Ground, Hove",2,18.3,18.3,Worcestershire,Sussex,HM Nicholls,Kashif Ali,FJ Hudson-Prentice,0,0,,,,,,,,,,,,,
1461848,2025,2025-05-09,"County Ground, Hove",2,18.4,18.4,Worcestershire,Sussex,HM Nicholls,Kashif Ali,FJ Hudson-Prentice,0,0,,,,,,,,,,,,,
1461848,2025,2025-05-09,"County Ground, Hove",2,18.5,18.5,Worcestershire,Sussex,HM Nicholls,Kashif Ali,FJ Hudson-Prentice,0,0,,,,,,,,,,,,,
1461848,2025,2025-05-09,"County Ground, Hove",2,18.6,18.6,Worcestershire,Sussex,HM Nicholls,Kashif Ali,FJ Hudson-Prentice,0,0,,,,,,,,,,,,,
1461848,2025,2025-05-09,"County Ground, Hove",2,19.1,19.1,Worcestershire,Sussex,Kashif Ali,HM Nicholls,A Karvelas,0,0,,,,,,,,,,,,,
1461848,2025,2025-05-09,"County Ground, Hove",2,19.2,19.2,Worcestershire,Sussex,Kashif Ali,HM Nicholls,A Karvelas,0,0,,,,,,,,,,,,,
1461848,2025,2025-05-09,"County Ground, Hove",2,19.3,19.3,Worcestershire,Sussex,Kashif Ali,HM Nicholls,A Karvelas,0,0,,,,,,,,,,,,,
1461848,2025,2025-05-09,"County Ground, Hove",2,19.4,19.4,Worcestershire,Sussex,Kashif Ali,HM Nicholls,A Karvelas,0,0,,,,,,,,,,,,,
1461848,2025,2025-05-09,"County Ground, Hove",2,19.5,19.5,Worcestershire,Sussex,Kashif Ali,HM Nicholls,A Karvelas,0,0,,,,,,,,,,,,,
1461848,2025,2025-05-09,"County Ground, Hove",2,19.6,19.6,Worcestershire,Sussex,Kashif Ali,HM Nicholls,A Karvelas,0,0,,,,,,,,,,,,,
1461848,2025,2025-05-09,"County Ground, Hove",2,20.1,20.1,Worcestershire,Sussex,HM Nicholls,Kashif Ali,OE Robinson,4,0,,,,,,,,,,,,,
1461848,2025,2025-05-09,"County Ground, Hove",2,20.2,20.2,Worcestershire,Sussex,HM Nicholls,Kashif Ali,OE Robinson,1,0,,,,,,,,,,,,,
1461848,2025,2025-05-09,"County Ground, Hove",2,20.3,20.3,Worcestershire,Sussex,Kashif Ali,HM Nicholls,OE Robinson,0,0,,,,,,,,,,,,,
1461848,2025,2025-05-09,"County Ground, Hove",2,20.4,20.4,Worcestershire,Sussex,Kashif Ali,HM Nicholls,OE Robinson,0,0,,,,,,,,,,,,,
1461848,2025,2025-05-09,"County Ground, Hove",2,20.5,20.5,Worcestershire,Sussex,Kashif Ali,HM Nicholls,OE Robinson,0,0,,,,,,,,,,,,,
1461848,2025,2025-05-09,"County Ground, Hove",2,20.6,20.6,Worcestershire,Sussex,Kashif Ali,HM Nicholls,OE Robinson,1,0,,,,,,,,,,,,,
1461848,2025,2025-05-09,"County Ground, Hove",2,21.1,21.1,Worcestershire,Sussex,Kashif Ali,HM Nicholls,A Karvelas,0,0,,,,,,,,,,,,,
1461848,2025,2025-05-09,"County Ground, Hove",2,21.2,21.2,Worcestershire,Sussex,Kashif Ali,HM Nicholls,A Karvelas,0,0,,,,,,,,,,,,,
1461848,2025,2025-05-09,"County Ground, Hove",2,21.3,21.3,Worcestershire,Sussex,Kashif Ali,HM Nicholls,A Karvelas,0,0,,,,,,,,,,,,,
1461848,2025,2025-05-09,"County Ground, Hove",2,21.4,21.4,Worcestershire,Sussex,Kashif Ali,HM Nicholls,A Karvelas,0,0,,,,,,,,,,,,,
1461848,2025,2025-05-09,"County Ground, Hove",2,21.5,21.5,Worcestershire,Sussex,Kashif Ali,HM Nicholls,A Karvelas,0,0,,,,,,,,,,,,,
1461848,2025,2025-05-09,"County Ground, Hove",2,21.6,21.6,Worcestershire,Sussex,Kashif Ali,HM Nicholls,A Karvelas,0,0,,,,,,,,,,,,,
1461848,2025,2025-05-09,"County Ground, Hove",2,22.1,22.1,Worcestershire,Sussex,HM Nicholls,Kashif Ali,JPH Hayes,0,0,,,,,,,,,,,,,
1461848,2025,2025-05-09,"County Ground, Hove",2,22.2,22.2,Worcestershire,Sussex,HM Nicholls,Kashif Ali,JPH Hayes,0,0,,,,,,,,,,,,,
1461848,2025,2025-05-09,"County Ground, Hove",2,22.3,22.3,Worcestershire,Sussex,HM Nicholls,Kashif Ali,JPH Hayes,1,0,,,,,,,,,,,,,
1461848,2025,2025-05-09,"County Ground, Hove",2,22.4,22.4,Worcestershire,Sussex,Kashif Ali,HM Nicholls,JPH Hayes,0,0,,,,,,,,,,,,,
1461848,2025,2025-05-09,"County Ground, Hove",2,22.5,22.5,Worcestershire,Sussex,Kashif Ali,HM Nicholls,JPH Hayes,2,0,,,,,,,,,,,,,
1461848,2025,2025-05-09,"County Ground, Hove",2,22.6,22.6,Worcestershire,Sussex,Kashif Ali,HM Nicholls,JPH Hayes,0,0,,,,,,,,,,,,,
1461848,2025,2025-05-09,"County Ground, Hove",2,23.1,23.1,Worcestershire,Sussex,HM Nicholls,Kashif Ali,TGR Clark,0,0,,,,,,,,,,,,,
1461848,2025,2025-05-09,"County Ground, Hove",2,23.2,23.2,Worcestershire,Sussex,HM Nicholls,Kashif Ali,TGR Clark,0,0,,,,,,,,,,,,,
1461848,2025,2025-05-09,"County Ground, Hove",2,23.3,23.3,Worcestershire,Sussex,HM Nicholls,Kashif Ali,TGR Clark,0,0,,,,,,,,,,,,,
1461848,2025,2025-05-09,"County Ground, Hove",2,23.4,23.4,Worcestershire,Sussex,HM Nicholls,Kashif Ali,TGR Clark,0,0,,,,,,,,,,,,,
1461848,2025,2025-05-09,"County Ground, Hove",2,23.5,23.5,Worcestershire,Sussex,HM Nicholls,Kashif Ali,TGR Clark,1,0,,,,,,,,,,,,,
1461848,2025,2025-05-09,"County Ground, Hove",2,23.6,23.6,Worcestershire,Sussex,Kashif Ali,HM Nicholls,TGR Clark,0,0,,,,,,,,,,,,,
1461848,2025,2025-05-09,"County Ground, Hove",2,24.1,24.1,Worcestershire,Sussex,HM Nicholls,Kashif Ali,JPH Hayes,0,0,,,,,,,,,,,,,
1461848,2025,2025-05-09,"County Ground, Hove",2,24.2,24.2,Worcestershire,Sussex,HM Nicholls,Kashif Ali,JPH Hayes,1,0,,,,,,,,,,,,,
1461848,2025,2025-05-09,"County Ground, Hove",2,24.3,24.3,Worcestershire,Sussex,Kashif Ali,HM Nicholls,JPH Hayes,0,0,,,,,,,,,,,,,
1461848,2025,2025-05-09,"County Ground, Hove",2,24.4,24.4,Worcestershire,Sussex,Kashif Ali,HM Nicholls,JPH Hayes,0,0,,,,,,,,,,,,,
1461848,2025,2025-05-09,"County Ground, Hove",2,24.5,24.5,Worcestershire,Sussex,Kashif Ali,HM Nicholls,JPH Hayes,0,0,,,,,,,,,,,,,
1461848,2025,2025-05-09,"County Ground, Hove",2,24.6,24.6,Worcestershire,Sussex,Kashif Ali,HM Nicholls,JPH Hayes,1,0,,,,,,,,,,,,,
1461848,2025,2025-05-09,"County Ground, Hove",2,25.1,25.1,Worcestershire,Sussex,Kashif Ali,HM Nicholls,TGR Clark,0,0,,,,,,,,,,,,,
1461848,2025,2025-05-09,"County Ground, Hove",2,25.2,25.2,Worcestershire,Sussex,Kashif Ali,HM Nicholls,TGR Clark,1,0,,,,,,,,,,,,,
1461848,2025,2025-05-09,"County Ground, Hove",2,25.3,25.3,Worcestershire,Sussex,HM Nicholls,Kashif Ali,TGR Clark,0,1,,,,1,,,,,,,,,
1461848,2025,2025-05-09,"County Ground, Hove",2,25.4,25.4,Worcestershire,Sussex,Kashif Ali,HM Nicholls,TGR Clark,0,0,,,,,,,,,,,,,
1461848,2025,2025-05-09,"County Ground, Hove",2,25.5,25.5,Worcestershire,Sussex,Kashif Ali,HM Nicholls,TGR Clark,4,0,,,,,,,,,,,,,
1461848,2025,2025-05-09,"County Ground, Hove",2,25.6,25.6,Worcestershire,Sussex,Kashif Ali,HM Nicholls,TGR Clark,0,0,,,,,,,,,,,,,
1461848,2025,2025-05-09,"County Ground, Hove",2,26.1,26.1,Worcestershire,Sussex,HM Nicholls,Kashif Ali,JPH Hayes,1,0,,,,,,,,,,,,,
1461848,2025,2025-05-09,"County Ground, Hove",2,26.2,26.2,Worcestershire,Sussex,Kashif Ali,HM Nicholls,JPH Hayes,0,0,,,,,,,,,,,,,
1461848,2025,2025-05-09,"County Ground, Hove",2,26.3,26.3,Worcestershire,Sussex,Kashif Ali,HM Nicholls,JPH Hayes,0,0,,,,,,,,,,,,,
1461848,2025,2025-05-09,"County Ground, Hove",2,26.4,26.4,Worcestershire,Sussex,Kashif Ali,HM Nicholls,JPH Hayes,0,0,,,,,,,,,,,,,
1461848,2025,2025-05-09,"County Ground, Hove",2,26.5,26.5,Worcestershire,Sussex,Kashif Ali,HM Nicholls,JPH Hayes,0,0,,,,,,,,,,,,,
1461848,2025,2025-05-09,"County Ground, Hove",2,26.6,26.6,Worcestershire,Sussex,Kashif Ali,HM Nicholls,JPH Hayes,2,0,,,,,,,,,,,,,
1461848,2025,2025-05-09,"County Ground, Hove",2,27.1,27.1,Worcestershire,Sussex,HM Nicholls,Kashif Ali,TGR Clark,0,0,,,,,,,,,,,,,
1461848,2025,2025-05-09,"County Ground, Hove",2,27.2,27.2,Worcestershire,Sussex,HM Nicholls,Kashif Ali,TGR Clark,0,0,,,,,,,,,,,,,
1461848,2025,2025-05-09,"County Ground, Hove",2,27.3,27.3,Worcestershire,Sussex,HM Nicholls,Kashif Ali,TGR Clark,0,0,,,,,,,,,,,,,
1461848,2025,2025-05-09,"County Ground, Hove",2,27.4,27.4,Worcestershire,Sussex,HM Nicholls,Kashif Ali,TGR Clark,0,0,,,,,,,,,,,,,
1461848,2025,2025-05-09,"County Ground, Hove",2,27.5,27.5,Worcestershire,Sussex,HM Nicholls,Kashif Ali,TGR Clark,0,0,,,,,,,,,,,,,
1461848,2025,2025-05-09,"County Ground, Hove",2,27.6,27.6,Worcestershire,Sussex,HM Nicholls,Kashif Ali,TGR Clark,0,0,,,,,,,,,,,,,
1461848,2025,2025-05-09,"County Ground, Hove",2,28.1,28.1,Worcestershire,Sussex,Kashif Ali,HM Nicholls,FJ Hudson-Prentice,0,0,,,,,,,,,,,,,
1461848,2025,2025-05-09,"County Ground, Hove",2,28.2,28.2,Worcestershire,Sussex,Kashif Ali,HM Nicholls,FJ Hudson-Prentice,2,0,,,,,,,,,,,,,
1461848,2025,2025-05-09,"County Ground, Hove",2,28.3,28.3,Worcestershire,Sussex,Kashif Ali,HM Nicholls,FJ Hudson-Prentice,0,0,,,,,,,,,,,,,
1461848,2025,2025-05-09,"County Ground, Hove",2,28.4,28.4,Worcestershire,Sussex,Kashif Ali,HM Nicholls,FJ Hudson-Prentice,0,0,,,,,,,,,,,,,
1461848,2025,2025-05-09,"County Ground, Hove",2,28.5,28.5,Worcestershire,Sussex,Kashif Ali,HM Nicholls,FJ Hudson-Prentice,0,0,,,,,,,,,,,,,
1461848,2025,2025-05-09,"County Ground, Hove",2,28.6,28.6,Worcestershire,Sussex,Kashif Ali,HM Nicholls,FJ Hudson-Prentice,0,0,,,,,,,,,,,,,
1461848,2025,2025-05-09,"County Ground, Hove",2,29.1,29.1,Worcestershire,Sussex,HM Nicholls,Kashif Ali,TGR Clark,1,0,,,,,,,,,,,,,
1461848,2025,2025-05-09,"County Ground, Hove",2,29.2,29.2,Worcestershire,Sussex,Kashif Ali,HM Nicholls,TGR Clark,0,0,,,,,,,,,,,,,
1461848,2025,2025-05-09,"County Ground, Hove",2,29.3,29.3,Worcestershire,Sussex,Kashif Ali,HM Nicholls,TGR Clark,0,0,,,,,,,,,,,,,
1461848,2025,2025-05-09,"County Ground, Hove",2,29.4,29.4,Worcestershire,Sussex,Kashif Ali,HM Nicholls,TGR Clark,0,0,,,,,,,,,,,,,
1461848,2025,2025-05-09,"County Ground, Hove",2,29.5,29.5,Worcestershire,Sussex,Kashif Ali,HM Nicholls,TGR Clark,0,0,,,,,,,,,,,,,
1461848,2025,2025-05-09,"County Ground, Hove",2,29.6,29.6,Worcestershire,Sussex,Kashif Ali,HM Nicholls,TGR Clark,0,0,,,,,,,,,,,,,
1461848,2025,2025-05-09,"County Ground, Hove",2,30.1,30.1,Worcestershire,Sussex,HM Nicholls,Kashif Ali,FJ Hudson-Prentice,0,0,,,,,,,,,,,,,
1461848,2025,2025-05-09,"County Ground, Hove",2,30.2,30.2,Worcestershire,Sussex,HM Nicholls,Kashif Ali,FJ Hudson-Prentice,0,0,,,,,,,,,,,,,
1461848,2025,2025-05-09,"County Ground, Hove",2,30.3,30.3,Worcestershire,Sussex,HM Nicholls,Kashif Ali,FJ Hudson-Prentice,0,0,,,,,,,,,,,,,
1461848,2025,2025-05-09,"County Ground, Hove",2,30.4,30.4,Worcestershire,Sussex,HM Nicholls,Kashif Ali,FJ Hudson-Prentice,0,0,,,,,,,,,,,,,
1461848,2025,2025-05-09,"County Ground, Hove",2,30.5,30.5,Worcestershire,Sussex,HM Nicholls,Kashif Ali,FJ Hudson-Prentice,0,0,,,,,,,,,,,,,
1461848,2025,2025-05-09,"County Ground, Hove",2,30.6,30.6,Worcestershire,Sussex,HM Nicholls,Kashif Ali,FJ Hudson-Prentice,1,0,,,,,,,,,,,,,
1461848,2025,2025-05-09,"County Ground, Hove",2,31.1,31.1,Worcestershire,Sussex,HM Nicholls,Kashif Ali,TGR Clark,0,0,,,,,,,,,,,,,
1461848,2025,2025-05-09,"County Ground, Hove",2,31.2,31.2,Worcestershire,Sussex,HM Nicholls,Kashif Ali,TGR Clark,0,0,,,,,,,,,,,,,
1461848,2025,2025-05-09,"County Ground, Hove",2,31.3,31.3,Worcestershire,Sussex,HM Nicholls,Kashif Ali,TGR Clark,0,0,,,,,,,,,,,,,
1461848,2025,2025-05-09,"County Ground, Hove",2,31.4,31.4,Worcestershire,Sussex,HM Nicholls,Kashif Ali,TGR Clark,0,0,,,,,,,,,,,,,
1461848,2025,2025-05-09,"County Ground, Hove",2,31.5,31.5,Worcestershire,Sussex,HM Nicholls,Kashif Ali,TGR Clark,0,0,,,,,,,,,,,,,
1461848,2025,2025-05-09,"County Ground, Hove",2,31.6,31.6,Worcestershire,Sussex,HM Nicholls,Kashif Ali,TGR Clark,0,0,,,,,,,,,,,,,
1461848,2025,2025-05-09,"County Ground, Hove",2,32.1,32.1,Worcestershire,Sussex,Kashif Ali,HM Nicholls,OE Robinson,0,0,,,,,,,,,,,,,
1461848,2025,2025-05-09,"County Ground, Hove",2,32.2,32.2,Worcestershire,Sussex,Kashif Ali,HM Nicholls,OE Robinson,0,0,,,,,,,,,,,,,
1461848,2025,2025-05-09,"County Ground, Hove",2,32.3,32.3,Worcestershire,Sussex,Kashif Ali,HM Nicholls,OE Robinson,0,0,,,,,,,,,,,,,
1461848,2025,2025-05-09,"County Ground, Hove",2,32.4,32.4,Worcestershire,Sussex,Kashif Ali,HM Nicholls,OE Robinson,0,0,,,,,,,,,,,,,
1461848,2025,2025-05-09,"County Ground, Hove",2,32.5,32.5,Worcestershire,Sussex,Kashif Ali,HM Nicholls,OE Robinson,0,0,,,,,,,,,,,,,
1461848,2025,2025-05-09,"County Ground, Hove",2,32.6,32.6,Worcestershire,Sussex,Kashif Ali,HM Nicholls,OE Robinson,0,0,,,,,,,,,,,,,
1461848,2025,2025-05-09,"County Ground, Hove",2,33.1,33.1,Worcestershire,Sussex,HM Nicholls,Kashif Ali,A Karvelas,0,0,,,,,,,,,,,,,
1461848,2025,2025-05-09,"County Ground, Hove",2,33.2,33.2,Worcestershire,Sussex,HM Nicholls,Kashif Ali,A Karvelas,0,0,,,,,,,,,,,,,
1461848,2025,2025-05-09,"County Ground, Hove",2,33.3,33.3,Worcestershire,Sussex,HM Nicholls,Kashif Ali,A Karvelas,0,0,,,,,,,,,,,,,
1461848,2025,2025-05-09,"County Ground, Hove",2,33.4,33.4,Worcestershire,Sussex,HM Nicholls,Kashif Ali,A Karvelas,3,0,,,,,,,,,,,,,
1461848,2025,2025-05-09,"County Ground, Hove",2,33.5,33.5,Worcestershire,Sussex,Kashif Ali,HM Nicholls,A Karvelas,0,0,,,,,,,,,,,,,
1461848,2025,2025-05-09,"County Ground, Hove",2,33.6,33.6,Worcestershire,Sussex,Kashif Ali,HM Nicholls,A Karvelas,0,0,,,,,,,,,,,,,
1461848,2025,2025-05-09,"County Ground, Hove",2,34.1,34.1,Worcestershire,Sussex,HM Nicholls,Kashif Ali,OE Robinson,1,0,,,,,,,,,,,,,
1461848,2025,2025-05-09,"County Ground, Hove",2,34.2,34.2,Worcestershire,Sussex,Kashif Ali,HM Nicholls,OE Robinson,0,0,,,,,,,caught,Kashif Ali,,,JA Simpson,,
1461848,2025,2025-05-09,"County Ground, Hove",2,34.3,34.3,Worcestershire,Sussex,EA Brookes,HM Nicholls,OE Robinson,0,0,,,,,,,,,,,,,
1461848,2025,2025-05-09,"County Ground, Hove",2,34.4,34.4,Worcestershire,Sussex,EA Brookes,HM Nicholls,OE Robinson,1,0,,,,,,,,,,,,,
1461848,2025,2025-05-09,"County Ground, Hove",2,34.5,34.5,Worcestershire,Sussex,HM Nicholls,EA Brookes,OE Robinson,0,0,,,,,,,,,,,,,
1461848,2025,2025-05-09,"County Ground, Hove",2,34.6,34.6,Worcestershire,Sussex,HM Nicholls,EA Brookes,OE Robinson,0,0,,,,,,,,,,,,,
1461848,2025,2025-05-09,"County Ground, Hove",2,35.1,35.1,Worcestershire,Sussex,EA Brookes,HM Nicholls,A Karvelas,0,0,,,,,,,,,,,,,
1461848,2025,2025-05-09,"County Ground, Hove",2,35.2,35.2,Worcestershire,Sussex,EA Brookes,HM Nicholls,A Karvelas,0,0,,,,,,,,,,,,,
1461848,2025,2025-05-09,"County Ground, Hove",2,35.3,35.3,Worcestershire,Sussex,EA Brookes,HM Nicholls,A Karvelas,0,0,,,,,,,,,,,,,
1461848,2025,2025-05-09,"County Ground, Hove",2,35.4,35.4,Worcestershire,Sussex,EA Brookes,HM Nicholls,A Karvelas,0,0,,,,,,,,,,,,,
1461848,2025,2025-05-09,"County Ground, Hove",2,35.5,35.5,Worcestershire,Sussex,EA Brookes,HM Nicholls,A Karvelas,0,0,,,,,,,,,,,,,
1461848,2025,2025-05-09,"County Ground, Hove",2,35.6,35.6,Worcestershire,Sussex,EA Brookes,HM Nicholls,A Karvelas,4,0,,,,,,,,,,,,,
1461848,2025,2025-05-09,"County Ground, Hove",2,36.1,36.1,Worcestershire,Sussex,HM Nicholls,EA Brookes,OE Robinson,1,0,,,,,,,,,,,,,
1461848,2025,2025-05-09,"County Ground, Hove",2,36.2,36.2,Worcestershire,Sussex,EA Brookes,HM Nicholls,OE Robinson,0,0,,,,,,,,,,,,,
1461848,2025,2025-05-09,"County Ground, Hove",2,36.3,36.3,Worcestershire,Sussex,EA Brookes,HM Nicholls,OE Robinson,0,0,,,,,,,,,,,,,
1461848,2025,2025-05-09,"County Ground, Hove",2,36.4,36.4,Worcestershire,Sussex,EA Brookes,HM Nicholls,OE Robinson,0,0,,,,,,,,,,,,,
1461848,2025,2025-05-09,"County Ground, Hove",2,36.5,36.5,Worcestershire,Sussex,EA Brookes,HM Nicholls,OE Robinson,0,0,,,,,,,,,,,,,
1461848,2025,2025-05-09,"County Ground, Hove",2,36.6,36.6,Worcestershire,Sussex,EA Brookes,HM Nicholls,OE Robinson,0,0,,,,,,,,,,,,,
1461848,2025,2025-05-09,"County Ground, Hove",2,37.1,37.1,Worcestershire,Sussex,HM Nicholls,EA Brookes,A Karvelas,0,0,,,,,,,,,,,,,
1461848,2025,2025-05-09,"County Ground, Hove",2,37.2,37.2,Worcestershire,Sussex,HM Nicholls,EA Brookes,A Karvelas,0,0,,,,,,,,,,,,,
1461848,2025,2025-05-09,"County Ground, Hove",2,37.3,37.3,Worcestershire,Sussex,HM Nicholls,EA Brookes,A Karvelas,1,0,,,,,,,,,,,,,
1461848,2025,2025-05-09,"County Ground, Hove",2,37.4,37.4,Worcestershire,Sussex,EA Brookes,HM Nicholls,A Karvelas,0,0,,,,,,,,,,,,,
1461848,2025,2025-05-09,"County Ground, Hove",2,37.5,37.5,Worcestershire,Sussex,EA Brookes,HM Nicholls,A Karvelas,0,0,,,,,,,,,,,,,
1461848,2025,2025-05-09,"County Ground, Hove",2,37.6,37.6,Worcestershire,Sussex,EA Brookes,HM Nicholls,A Karvelas,0,0,,,,,,,,,,,,,
1461848,2025,2025-05-09,"County Ground, Hove",2,38.1,38.1,Worcestershire,Sussex,HM Nicholls,EA Brookes,OE Robinson,0,0,,,,,,,,,,,,,
1461848,2025,2025-05-09,"County Ground, Hove",2,38.2,38.2,Worcestershire,Sussex,HM Nicholls,EA Brookes,OE Robinson,0,0,,,,,,,,,,,,,
1461848,2025,2025-05-09,"County Ground, Hove",2,38.3,38.3,Worcestershire,Sussex,HM Nicholls,EA Brookes,OE Robinson,1,0,,,,,,,,,,,,,
1461848,2025,2025-05-09,"County Ground, Hove",2,38.4,38.4,Worcestershire,Sussex,EA Brookes,HM Nicholls,OE Robinson,4,0,,,,,,,,,,,,,
1461848,2025,2025-05-09,"County Ground, Hove",2,38.5,38.5,Worcestershire,Sussex,EA Brookes,HM Nicholls,OE Robinson,0,0,,,,,,,,,,,,,
1461848,2025,2025-05-09,"County Ground, Hove",2,38.6,38.6,Worcestershire,Sussex,EA Brookes,HM Nicholls,OE Robinson,0,0,,,,,,,,,,,,,
1461848,2025,2025-05-09,"County Ground, Hove",2,39.1,39.1,Worcestershire,Sussex,HM Nicholls,EA Brookes,A Karvelas,0,0,,,,,,,,,,,,,
1461848,2025,2025-05-09,"County Ground, Hove",2,39.2,39.2,Worcestershire,Sussex,HM Nicholls,EA Brookes,A Karvelas,1,0,,,,,,,,,,,,,
1461848,2025,2025-05-09,"County Ground, Hove",2,39.3,39.3,Worcestershire,Sussex,EA Brookes,HM Nicholls,A Karvelas,0,0,,,,,,,,,,,,,
1461848,2025,2025-05-09,"County Ground, Hove",2,39.4,39.4,Worcestershire,Sussex,EA Brookes,HM Nicholls,A Karvelas,0,0,,,,,,,,,,,,,
1461848,2025,2025-05-09,"County Ground, Hove",2,39.5,39.5,Worcestershire,Sussex,EA Brookes,HM Nicholls,A Karvelas,0,0,,,,,,,,,,,,,
1461848,2025,2025-05-09,"County Ground, Hove",2,39.6,39.6,Worcestershire,Sussex,EA Brookes,HM Nicholls,A Karvelas,0,0,,,,,,,,,,,,,
1461848,2025,2025-05-09,"County Ground, Hove",2,40.1,40.1,Worcestershire,Sussex,HM Nicholls,EA Brookes,OE Robinson,1,0,,,,,,,,,,,,,
1461848,2025,2025-05-09,"County Ground, Hove",2,40.2,40.2,Worcestershire,Sussex,EA Brookes,HM Nicholls,OE Robinson,0,0,,,,,,,,,,,,,
1461848,2025,2025-05-09,"County Ground, Hove",2,40.3,40.3,Worcestershire,Sussex,EA Brookes,HM Nicholls,OE Robinson,0,0,,,,,,,,,,,,,
1461848,2025,2025-05-09,"County Ground, Hove",2,40.4,40.4,Worcestershire,Sussex,EA Brookes,HM Nicholls,OE Robinson,0,0,,,,,,,,,,,,,
1461848,2025,2025-05-09,"County Ground, Hove",2,40.5,40.5,Worcestershire,Sussex,EA Brookes,HM Nicholls,OE Robinson,0,0,,,,,,,,,,,,,
1461848,2025,2025-05-09,"County Ground, Hove",2,40.6,40.6,Worcestershire,Sussex,EA Brookes,HM Nicholls,OE Robinson,0,0,,,,,,,,,,,,,
1461848,2025,2025-05-09,"County Ground, Hove",2,41.1,41.1,Worcestershire,Sussex,HM Nicholls,EA Brookes,A Karvelas,0,0,,,,,,,,,,,,,
1461848,2025,2025-05-09,"County Ground, Hove",2,41.2,41.2,Worcestershire,Sussex,HM Nicholls,EA Brookes,A Karvelas,0,0,,,,,,,,,,,,,
1461848,2025,2025-05-09,"County Ground, Hove",2,41.3,41.3,Worcestershire,Sussex,HM Nicholls,EA Brookes,A Karvelas,1,0,,,,,,,,,,,,,
1461848,2025,2025-05-09,"County Ground, Hove",2,41.4,41.4,Worcestershire,Sussex,EA Brookes,HM Nicholls,A Karvelas,0,0,,,,,,,,,,,,,
1461848,2025,2025-05-09,"County Ground, Hove",2,41.5,41.5,Worcestershire,Sussex,EA Brookes,HM Nicholls,A Karvelas,0,0,,,,,,,,,,,,,
1461848,2025,2025-05-09,"County Ground, Hove",2,41.6,41.6,Worcestershire,Sussex,EA Brookes,HM Nicholls,A Karvelas,1,0,,,,,,,,,,,,,
1461848,2025,2025-05-09,"County Ground, Hove",2,42.1,42.1,Worcestershire,Sussex,EA Brookes,HM Nicholls,OE Robinson,0,0,,,,,,,,,,,,,
1461848,2025,2025-05-09,"County Ground, Hove",2,42.2,42.2,Worcestershire,Sussex,EA Brookes,HM Nicholls,OE Robinson,0,0,,,,,,,,,,,,,
1461848,2025,2025-05-09,"County Ground, Hove",2,42.3,42.3,Worcestershire,Sussex,EA Brookes,HM Nicholls,OE Robinson,0,0,,,,,,,,,,,,,
1461848,2025,2025-05-09,"County Ground, Hove",2,42.4,42.4,Worcestershire,Sussex,EA Brookes,HM Nicholls,OE Robinson,0,0,,,,,,,,,,,,,
1461848,2025,2025-05-09,"County Ground, Hove",2,42.5,42.5,Worcestershire,Sussex,EA Brookes,HM Nicholls,OE Robinson,0,0,,,,,,,,,,,,,
1461848,2025,2025-05-09,"County Ground, Hove",2,42.6,42.6,Worcestershire,Sussex,EA Brookes,HM Nicholls,OE Robinson,0,0,,,,,,,,,,,,,
1461848,2025,2025-05-09,"County Ground, Hove",2,43.1,43.1,Worcestershire,Sussex,HM Nicholls,EA Brookes,TGR Clark,1,0,,,,,,,,,,,,,
1461848,2025,2025-05-09,"County Ground, Hove",2,43.2,43.2,Worcestershire,Sussex,EA Brookes,HM Nicholls,TGR Clark,0,0,,,,,,,,,,,,,
1461848,2025,2025-05-09,"County Ground, Hove",2,43.3,43.3,Worcestershire,Sussex,EA Brookes,HM Nicholls,TGR Clark,0,0,,,,,,,,,,,,,
1461848,2025,2025-05-09,"County Ground, Hove",2,43.4,43.4,Worcestershire,Sussex,EA Brookes,HM Nicholls,TGR Clark,1,0,,,,,,,,,,,,,
1461848,2025,2025-05-09,"County Ground, Hove",2,43.5,43.5,Worcestershire,Sussex,HM Nicholls,EA Brookes,TGR Clark,4,0,,,,,,,,,,,,,
1461848,2025,2025-05-09,"County Ground, Hove",2,43.6,43.6,Worcestershire,Sussex,HM Nicholls,EA Brookes,TGR Clark,0,0,,,,,,,,,,,,,
1461848,2025,2025-05-09,"County Ground, Hove",2,44.1,44.1,Worcestershire,Sussex,EA Brookes,HM Nicholls,FJ Hudson-Prentice,1,0,,,,,,,,,,,,,
1461848,2025,2025-05-09,"County Ground, Hove",2,44.2,44.2,Worcestershire,Sussex,HM Nicholls,EA Brookes,FJ Hudson-Prentice,0,0,,,,,,,,,,,,,
1461848,2025,2025-05-09,"County Ground, Hove",2,44.3,44.3,Worcestershire,Sussex,HM Nicholls,EA Brookes,FJ Hudson-Prentice,0,0,,,,,,,caught,HM Nicholls,,,JA Simpson,,
1461848,2025,2025-05-09,"County Ground, Hove",2,44.4,44.4,Worcestershire,Sussex,BL D'Oliveira,EA Brookes,FJ Hudson-Prentice,0,0,,,,,,,,,,,,,
1461848,2025,2025-05-09,"County Ground, Hove",2,44.5,44.5,Worcestershire,Sussex,BL D'Oliveira,EA Brookes,FJ Hudson-Prentice,0,0,,,,,,,,,,,,,
1461848,2025,2025-05-09,"County Ground, Hove",2,44.6,44.6,Worcestershire,Sussex,BL D'Oliveira,EA Brookes,FJ Hudson-Prentice,0,0,,,,,,,,,,,,,
1461848,2025,2025-05-09,"County Ground, Hove",2,45.1,45.1,Worcestershire,Sussex,EA Brookes,BL D'Oliveira,TGR Clark,0,0,,,,,,,,,,,,,
1461848,2025,2025-05-09,"County Ground, Hove",2,45.2,45.2,Worcestershire,Sussex,EA Brookes,BL D'Oliveira,TGR Clark,0,0,,,,,,,,,,,,,
1461848,2025,2025-05-09,"County Ground, Hove",2,45.3,45.3,Worcestershire,Sussex,EA Brookes,BL D'Oliveira,TGR Clark,4,0,,,,,,,,,,,,,
1461848,2025,2025-05-09,"County Ground, Hove",2,45.4,45.4,Worcestershire,Sussex,EA Brookes,BL D'Oliveira,TGR Clark,0,0,,,,,,,,,,,,,
1461848,2025,2025-05-09,"County Ground, Hove",2,45.5,45.5,Worcestershire,Sussex,EA Brookes,BL D'Oliveira,TGR Clark,0,0,,,,,,,,,,,,,
1461848,2025,2025-05-09,"County Ground, Hove",2,45.6,45.6,Worcestershire,Sussex,EA Brookes,BL D'Oliveira,TGR Clark,0,0,,,,,,,,,,,,,
1461848,2025,2025-05-09,"County Ground, Hove",2,46.1,46.1,Worcestershire,Sussex,BL D'Oliveira,EA Brookes,FJ Hudson-Prentice,0,0,,,,,,,,,,,,,
1461848,2025,2025-05-09,"County Ground, Hove",2,46.2,46.2,Worcestershire,Sussex,BL D'Oliveira,EA Brookes,FJ Hudson-Prentice,0,0,,,,,,,,,,,,,
1461848,2025,2025-05-09,"County Ground, Hove",2,46.3,46.3,Worcestershire,Sussex,BL D'Oliveira,EA Brookes,FJ Hudson-Prentice,0,0,,,,,,,,,,,,,
1461848,2025,2025-05-09,"County Ground, Hove",2,46.4,46.4,Worcestershire,Sussex,BL D'Oliveira,EA Brookes,FJ Hudson-Prentice,1,0,,,,,,,,,,,,,
1461848,2025,2025-05-09,"County Ground, Hove",2,46.5,46.5,Worcestershire,Sussex,EA Brookes,BL D'Oliveira,FJ Hudson-Prentice,4,0,,,,,,,,,,,,,
1461848,2025,2025-05-09,"County Ground, Hove",2,46.6,46.6,Worcestershire,Sussex,EA Brookes,BL D'Oliveira,FJ Hudson-Prentice,0,0,,,,,,,,,,,,,
1461848,2025,2025-05-09,"County Ground, Hove",2,47.1,47.1,Worcestershire,Sussex,BL D'Oliveira,EA Brookes,TGR Clark,0,0,,,,,,,,,,,,,
1461848,2025,2025-05-09,"County Ground, Hove",2,47.2,47.2,Worcestershire,Sussex,BL D'Oliveira,EA Brookes,TGR Clark,0,0,,,,,,,,,,,,,
1461848,2025,2025-05-09,"County Ground, Hove",2,47.3,47.3,Worcestershire,Sussex,BL D'Oliveira,EA Brookes,TGR Clark,4,0,,,,,,,,,,,,,
1461848,2025,2025-05-09,"County Ground, Hove",2,47.4,47.4,Worcestershire,Sussex,BL D'Oliveira,EA Brookes,TGR Clark,0,0,,,,,,,,,,,,,
1461848,2025,2025-05-09,"County Ground, Hove",2,47.5,47.5,Worcestershire,Sussex,BL D'Oliveira,EA Brookes,TGR Clark,0,0,,,,,,,,,,,,,
1461848,2025,2025-05-09,"County Ground, Hove",2,47.6,47.6,Worcestershire,Sussex,BL D'Oliveira,EA Brookes,TGR Clark,0,0,,,,,,,,,,,,,
1461848,2025,2025-05-09,"County Ground, Hove",2,48.1,48.1,Worcestershire,Sussex,EA Brookes,BL D'Oliveira,FJ Hudson-Prentice,0,0,,,,,,,caught,EA Brookes,,,JA Simpson,,
1461848,2025,2025-05-09,"County Ground, Hove",2,48.2,48.2,Worcestershire,Sussex,MJ Waite,BL D'Oliveira,FJ Hudson-Prentice,0,0,,,,,,,,,,,,,
1461848,2025,2025-05-09,"County Ground, Hove",2,48.3,48.3,Worcestershire,Sussex,MJ Waite,BL D'Oliveira,FJ Hudson-Prentice,0,0,,,,,,,,,,,,,
1461848,2025,2025-05-09,"County Ground, Hove",2,48.4,48.4,Worcestershire,Sussex,MJ Waite,BL D'Oliveira,FJ Hudson-Prentice,0,0,,,,,,,caught,MJ Waite,,,JA Simpson,,
1461848,2025,2025-05-09,"County Ground, Hove",2,48.5,48.5,Worcestershire,Sussex,F Singh,BL D'Oliveira,FJ Hudson-Prentice,0,0,,,,,,,,,,,,,
1461848,2025,2025-05-09,"County Ground, Hove",2,48.6,48.6,Worcestershire,Sussex,F Singh,BL D'Oliveira,FJ Hudson-Prentice,0,0,,,,,,,,,,,,,
1461848,2025,2025-05-09,"County Ground, Hove",2,49.1,49.1,Worcestershire,Sussex,BL D'Oliveira,F Singh,TGR Clark,0,0,,,,,,,,,,,,,
1461848,2025,2025-05-09,"County Ground, Hove",2,49.2,49.2,Worcestershire,Sussex,BL D'Oliveira,F Singh,TGR Clark,1,0,,,,,,,,,,,,,
1461848,2025,2025-05-09,"County Ground, Hove",2,49.3,49.3,Worcestershire,Sussex,F Singh,BL D'Oliveira,TGR Clark,0,0,,,,,,,,,,,,,
1461848,2025,2025-05-09,"County Ground, Hove",2,49.4,49.4,Worcestershire,Sussex,F Singh,BL D'Oliveira,TGR Clark,0,0,,,,,,,caught,F Singh,,,JPH Hayes,,
1461848,2025,2025-05-09,"County Ground, Hove",2,49.5,49.5,Worcestershire,Sussex,TAI Taylor,BL D'Oliveira,TGR Clark,0,0,,,,,,,,,,,,,
1461848,2025,2025-05-09,"County Ground, Hove",2,49.6,49.6,Worcestershire,Sussex,TAI Taylor,BL D'Oliveira,TGR Clark,0,0,,,,,,,,,,,,,
1461848,2025,2025-05-09,"County Ground, Hove",2,50.1,50.1,Worcestershire,Sussex,BL D'Oliveira,TAI Taylor,FJ Hudson-Prentice,0,0,,,,,,,,,,,,,
1461848,2025,2025-05-09,"County Ground, Hove",2,50.2,50.2,Worcestershire,Sussex,BL D'Oliveira,TAI Taylor,FJ Hudson-Prentice,0,0,,,,,,,,,,,,,
1461848,2025,2025-05-09,"County Ground, Hove",2,50.3,50.3,Worcestershire,Sussex,BL D'Oliveira,TAI Taylor,FJ Hudson-Prentice,0,0,,,,,,,,,,,,,
1461848,2025,2025-05-09,"County Ground, Hove",2,50.4,50.4,Worcestershire,Sussex,BL D'Oliveira,TAI Taylor,FJ Hudson-Prentice,0,0,,,,,,,,,,,,,
1461848,2025,2025-05-09,"County Ground, Hove",2,50.5,50.5,Worcestershire,Sussex,BL D'Oliveira,TAI Taylor,FJ Hudson-Prentice,0,0,,,,,,,,,,,,,
1461848,2025,2025-05-09,"County Ground, Hove",2,50.6,50.6,Worcestershire,Sussex,BL D'Oliveira,TAI Taylor,FJ Hudson-Prentice,0,0,,,,,,,,,,,,,
1461848,2025,2025-05-09,"County Ground, Hove",2,51.1,51.1,Worcestershire,Sussex,TAI Taylor,BL D'Oliveira,TGR Clark,0,0,,,,,,,,,,,,,
1461848,2025,2025-05-09,"County Ground, Hove",2,51.2,51.2,Worcestershire,Sussex,TAI Taylor,BL D'Oliveira,TGR Clark,0,0,,,,,,,,,,,,,
1461848,2025,2025-05-09,"County Ground, Hove",2,51.3,51.3,Worcestershire,Sussex,TAI Taylor,BL D'Oliveira,TGR Clark,0,0,,,,,,,,,,,,,
1461848,2025,2025-05-09,"County Ground, Hove",2,51.4,51.4,Worcestershire,Sussex,TAI Taylor,BL D'Oliveira,TGR Clark,0,0,,,,,,,,,,,,,
1461848,2025,2025-05-09,"County Ground, Hove",2,51.5,51.5,Worcestershire,Sussex,TAI Taylor,BL D'Oliveira,TGR Clark,0,0,,,,,,,,,,,,,
1461848,2025,2025-05-09,"County Ground, Hove",2,51.6,51.6,Worcestershire,Sussex,TAI Taylor,BL D'Oliveira,TGR Clark,1,0,,,,,,,,,,,,,
1461848,2025,2025-05-09,"County Ground, Hove",2,52.1,52.1,Worcestershire,Sussex,TAI Taylor,BL D'Oliveira,FJ Hudson-Prentice,0,0,,,,,,,,,,,,,
1461848,2025,2025-05-09,"County Ground, Hove",2,52.2,52.2,Worcestershire,Sussex,TAI Taylor,BL D'Oliveira,FJ Hudson-Prentice,0,0,,,,,,,,,,,,,
1461848,2025,2025-05-09,"County Ground, Hove",2,52.3,52.3,Worcestershire,Sussex,TAI Taylor,BL D'Oliveira,FJ Hudson-Prentice,0,0,,,,,,,,,,,,,
1461848,2025,2025-05-09,"County Ground, Hove",2,52.4,52.4,Worcestershire,Sussex,TAI Taylor,BL D'Oliveira,FJ Hudson-Prentice,4,0,,,,,,,,,,,,,
1461848,2025,2025-05-09,"County Ground, Hove",2,52.5,52.5,Worcestershire,Sussex,TAI Taylor,BL D'Oliveira,FJ Hudson-Prentice,0,0,,,,,,,,,,,,,
1461848,2025,2025-05-09,"County Ground, Hove",2,52.6,52.6,Worcestershire,Sussex,TAI Taylor,BL D'Oliveira,FJ Hudson-Prentice,0,0,,,,,,,,,,,,,
1461848,2025,2025-05-09,"County Ground, Hove",2,53.1,53.1,Worcestershire,Sussex,BL D'Oliveira,TAI Taylor,A Karvelas,0,0,,,,,,,,,,,,,
1461848,2025,2025-05-09,"County Ground, Hove",2,53.2,53.2,Worcestershire,Sussex,BL D'Oliveira,TAI Taylor,A Karvelas,0,0,,,,,,,,,,,,,
1461848,2025,2025-05-09,"County Ground, Hove",2,53.3,53.3,Worcestershire,Sussex,BL D'Oliveira,TAI Taylor,A Karvelas,0,0,,,,,,,,,,,,,
1461848,2025,2025-05-09,"County Ground, Hove",2,53.4,53.4,Worcestershire,Sussex,BL D'Oliveira,TAI Taylor,A Karvelas,0,0,,,,,,,,,,,,,
1461848,2025,2025-05-09,"County Ground, Hove",2,53.5,53.5,Worcestershire,Sussex,BL D'Oliveira,TAI Taylor,A Karvelas,1,0,,,,,,,,,,,,,
1461848,2025,2025-05-09,"County Ground, Hove",2,53.6,53.6,Worcestershire,Sussex,TAI Taylor,BL D'Oliveira,A Karvelas,0,0,,,,,,,,,,,,,
1461848,2025,2025-05-09,"County Ground, Hove",2,54.1,54.1,Worcestershire,Sussex,BL D'Oliveira,TAI Taylor,FJ Hudson-Prentice,4,0,,,,,,,,,,,,,
1461848,2025,2025-05-09,"County Ground, Hove",2,54.2,54.2,Worcestershire,Sussex,BL D'Oliveira,TAI Taylor,FJ Hudson-Prentice,1,0,,,,,,,,,,,,,
1461848,2025,2025-05-09,"County Ground, Hove",2,54.3,54.3,Worcestershire,Sussex,TAI Taylor,BL D'Oliveira,FJ Hudson-Prentice,0,0,,,,,,,,,,,,,
1461848,2025,2025-05-09,"County Ground, Hove",2,54.4,54.4,Worcestershire,Sussex,TAI Taylor,BL D'Oliveira,FJ Hudson-Prentice,0,0,,,,,,,,,,,,,
1461848,2025,2025-05-09,"County Ground, Hove",2,54.5,54.5,Worcestershire,Sussex,TAI Taylor,BL D'Oliveira,FJ Hudson-Prentice,0,0,,,,,,,,,,,,,
1461848,2025,2025-05-09,"County Ground, Hove",2,54.6,54.6,Worcestershire,Sussex,TAI Taylor,BL D'Oliveira,FJ Hudson-Prentice,1,0,,,,,,,,,,,,,
1461848,2025,2025-05-09,"County Ground, Hove",2,55.1,55.1,Worcestershire,Sussex,TAI Taylor,BL D'Oliveira,A Karvelas,0,0,,,,,,,,,,,,,
1461848,2025,2025-05-09,"County Ground, Hove",2,55.2,55.2,Worcestershire,Sussex,TAI Taylor,BL D'Oliveira,A Karvelas,1,0,,,,,,,,,,,,,
1461848,2025,2025-05-09,"County Ground, Hove",2,55.3,55.3,Worcestershire,Sussex,BL D'Oliveira,TAI Taylor,A Karvelas,1,0,,,,,,,,,,,,,
1461848,2025,2025-05-09,"County Ground, Hove",2,55.4,55.4,Worcestershire,Sussex,TAI Taylor,BL D'Oliveira,A Karvelas,0,0,,,,,,,,,,,,,
1461848,2025,2025-05-09,"County Ground, Hove",2,55.5,55.5,Worcestershire,Sussex,TAI Taylor,BL D'Oliveira,A Karvelas,0,0,,,,,,,,,,,,,
1461848,2025,2025-05-09,"County Ground, Hove",2,55.6,55.6,Worcestershire,Sussex,TAI Taylor,BL D'Oliveira,A Karvelas,0,0,,,,,,,,,,,,,
1461848,2025,2025-05-09,"County Ground, Hove",2,56.1,56.1,Worcestershire,Sussex,BL D'Oliveira,TAI Taylor,JPH Hayes,0,0,,,,,,,,,,,,,
1461848,2025,2025-05-09,"County Ground, Hove",2,56.2,56.2,Worcestershire,Sussex,BL D'Oliveira,TAI Taylor,JPH Hayes,0,0,,,,,,,,,,,,,
1461848,2025,2025-05-09,"County Ground, Hove",2,56.3,56.3,Worcestershire,Sussex,BL D'Oliveira,TAI Taylor,JPH Hayes,1,0,,,,,,,,,,,,,
1461848,2025,2025-05-09,"County Ground, Hove",2,56.4,56.4,Worcestershire,Sussex,TAI Taylor,BL D'Oliveira,JPH Hayes,0,0,,,,,,,,,,,,,
1461848,2025,2025-05-09,"County Ground, Hove",2,56.5,56.5,Worcestershire,Sussex,TAI Taylor,BL D'Oliveira,JPH Hayes,0,0,,,,,,,,,,,,,
1461848,2025,2025-05-09,"County Ground, Hove",2,56.6,56.6,Worcestershire,Sussex,TAI Taylor,BL D'Oliveira,JPH Hayes,4,0,,,,,,,,,,,,,
1461848,2025,2025-05-09,"County Ground, Hove",2,57.1,57.1,Worcestershire,Sussex,BL D'Oliveira,TAI Taylor,A Karvelas,0,0,,,,,,,,,,,,,
1461848,2025,2025-05-09,"County Ground, Hove",2,57.2,57.2,Worcestershire,Sussex,BL D'Oliveira,TAI Taylor,A Karvelas,0,0,,,,,,,,,,,,,
1461848,2025,2025-05-09,"County Ground, Hove",2,57.3,57.3,Worcestershire,Sussex,BL D'Oliveira,TAI Taylor,A Karvelas,0,0,,,,,,,,,,,,,
1461848,2025,2025-05-09,"County Ground, Hove",2,57.4,57.4,Worcestershire,Sussex,BL D'Oliveira,TAI Taylor,A Karvelas,0,0,,,,,,,,,,,,,
1461848,2025,2025-05-09,"County Ground, Hove",2,57.5,57.5,Worcestershire,Sussex,BL D'Oliveira,TAI Taylor,A Karvelas,4,0,,,,,,,,,,,,,
1461848,2025,2025-05-09,"County Ground, Hove",2,57.6,57.6,Worcestershire,Sussex,BL D'Oliveira,TAI Taylor,A Karvelas,0,0,,,,,,,,,,,,,
1461848,2025,2025-05-09,"County Ground, Hove",2,58.1,58.1,Worcestershire,Sussex,TAI Taylor,BL D'Oliveira,OE Robinson,0,0,,,,,,,,,,,,,
1461848,2025,2025-05-09,"County Ground, Hove",2,58.2,58.2,Worcestershire,Sussex,TAI Taylor,BL D'Oliveira,OE Robinson,0,0,,,,,,,,,,,,,
1461848,2025,2025-05-09,"County Ground, Hove",2,58.3,58.3,Worcestershire,Sussex,TAI Taylor,BL D'Oliveira,OE Robinson,0,0,,,,,,,,,,,,,
1461848,2025,2025-05-09,"County Ground, Hove",2,58.4,58.4,Worcestershire,Sussex,TAI Taylor,BL D'Oliveira,OE Robinson,0,0,,,,,,,,,,,,,
1461848,2025,2025-05-09,"County Ground, Hove",2,58.5,58.5,Worcestershire,Sussex,TAI Taylor,BL D'Oliveira,OE Robinson,0,0,,,,,,,,,,,,,
1461848,2025,2025-05-09,"County Ground, Hove",2,58.6,58.6,Worcestershire,Sussex,TAI Taylor,BL D'Oliveira,OE Robinson,0,0,,,,,,,,,,,,,
1461848,2025,2025-05-09,"County Ground, Hove",2,59.1,59.1,Worcestershire,Sussex,BL D'Oliveira,TAI Taylor,A Karvelas,1,0,,,,,,,,,,,,,
1461848,2025,2025-05-09,"County Ground, Hove",2,59.2,59.2,Worcestershire,Sussex,TAI Taylor,BL D'Oliveira,A Karvelas,0,0,,,,,,,,,,,,,
1461848,2025,2025-05-09,"County Ground, Hove",2,59.3,59.3,Worcestershire,Sussex,TAI Taylor,BL D'Oliveira,A Karvelas,0,0,,,,,,,,,,,,,
1461848,2025,2025-05-09,"County Ground, Hove",2,59.4,59.4,Worcestershire,Sussex,TAI Taylor,BL D'Oliveira,A Karvelas,0,0,,,,,,,,,,,,,
1461848,2025,2025-05-09,"County Ground, Hove",2,59.5,59.5,Worcestershire,Sussex,TAI Taylor,BL D'Oliveira,A Karvelas,0,0,,,,,,,,,,,,,
1461848,2025,2025-05-09,"County Ground, Hove",2,59.6,59.6,Worcestershire,Sussex,TAI Taylor,BL D'Oliveira,A Karvelas,1,0,,,,,,,,,,,,,
1461848,2025,2025-05-09,"County Ground, Hove",2,60.1,60.1,Worcestershire,Sussex,TAI Taylor,BL D'Oliveira,OE Robinson,0,0,,,,,,,,,,,,,
1461848,2025,2025-05-09,"County Ground, Hove",2,60.2,60.2,Worcestershire,Sussex,TAI Taylor,BL D'Oliveira,OE Robinson,1,0,,,,,,,,,,,,,
1461848,2025,2025-05-09,"County Ground, Hove",2,60.3,60.3,Worcestershire,Sussex,BL D'Oliveira,TAI Taylor,OE Robinson,4,0,,,,,,,,,,,,,
1461848,2025,2025-05-09,"County Ground, Hove",2,60.4,60.4,Worcestershire,Sussex,BL D'Oliveira,TAI Taylor,OE Robinson,0,0,,,,,,,,,,,,,
1461848,2025,2025-05-09,"County Ground, Hove",2,60.5,60.5,Worcestershire,Sussex,BL D'Oliveira,TAI Taylor,OE Robinson,0,0,,,,,,,,,,,,,
1461848,2025,2025-05-09,"County Ground, Hove",2,60.6,60.6,Worcestershire,Sussex,BL D'Oliveira,TAI Taylor,OE Robinson,4,0,,,,,,,,,,,,,
1461848,2025,2025-05-09,"County Ground, Hove",2,61.1,61.1,Worcestershire,Sussex,TAI Taylor,BL D'Oliveira,A Karvelas,2,0,,,,,,,,,,,,,
1461848,2025,2025-05-09,"County Ground, Hove",2,61.2,61.2,Worcestershire,Sussex,TAI Taylor,BL D'Oliveira,A Karvelas,0,0,,,,,,,,,,,,,
1461848,2025,2025-05-09,"County Ground, Hove",2,61.3,61.3,Worcestershire,Sussex,TAI Taylor,BL D'Oliveira,A Karvelas,0,0,,,,,,,,,,,,,
1461848,2025,2025-05-09,"County Ground, Hove",2,61.4,61.4,Worcestershire,Sussex,TAI Taylor,BL D'Oliveira,A Karvelas,4,0,,,,,,,,,,,,,
1461848,2025,2025-05-09,"County Ground, Hove",2,61.5,61.5,Worcestershire,Sussex,TAI Taylor,BL D'Oliveira,A Karvelas,0,0,,,,,,,,,,,,,
1461848,2025,2025-05-09,"County Ground, Hove",2,61.6,61.6,Worcestershire,Sussex,TAI Taylor,BL D'Oliveira,A Karvelas,0,0,,,,,,,,,,,,,
1461848,2025,2025-05-09,"County Ground, Hove",2,62.1,62.1,Worcestershire,Sussex,BL D'Oliveira,TAI Taylor,OE Robinson,0,0,,,,,,,,,,,,,
1461848,2025,2025-05-09,"County Ground, Hove",2,62.2,62.2,Worcestershire,Sussex,BL D'Oliveira,TAI Taylor,OE Robinson,1,0,,,,,,,,,,,,,
1461848,2025,2025-05-09,"County Ground, Hove",2,62.3,62.3,Worcestershire,Sussex,TAI Taylor,BL D'Oliveira,OE Robinson,0,0,,,,,,,,,,,,,
1461848,2025,2025-05-09,"County Ground, Hove",2,62.4,62.4,Worcestershire,Sussex,TAI Taylor,BL D'Oliveira,OE Robinson,1,0,,,,,,,,,,,,,
1461848,2025,2025-05-09,"County Ground, Hove",2,62.5,62.5,Worcestershire,Sussex,BL D'Oliveira,TAI Taylor,OE Robinson,0,0,,,,,,,,,,,,,
1461848,2025,2025-05-09,"County Ground, Hove",2,62.6,62.6,Worcestershire,Sussex,BL D'Oliveira,TAI Taylor,OE Robinson,0,0,,,,,,,,,,,,,
1461848,2025,2025-05-09,"County Ground, Hove",2,63.1,63.1,Worcestershire,Sussex,TAI Taylor,BL D'Oliveira,JJ Carson,1,0,,,,,,,,,,,,,
1461848,2025,2025-05-09,"County Ground, Hove",2,63.2,63.2,Worcestershire,Sussex,BL D'Oliveira,TAI Taylor,JJ Carson,1,0,,,,,,,,,,,,,
1461848,2025,2025-05-09,"County Ground, Hove",2,63.3,63.3,Worcestershire,Sussex,TAI Taylor,BL D'Oliveira,JJ Carson,1,0,,,,,,,,,,,,,
1461848,2025,2025-05-09,"County Ground, Hove",2,63.4,63.4,Worcestershire,Sussex,BL D'Oliveira,TAI Taylor,JJ Carson,0,0,,,,,,,,,,,,,
1461848,2025,2025-05-09,"County Ground, Hove",2,63.5,63.5,Worcestershire,Sussex,BL D'Oliveira,TAI Taylor,JJ Carson,1,0,,,,,,,,,,,,,
1461848,2025,2025-05-09,"County Ground, Hove",2,63.6,63.6,Worcestershire,Sussex,TAI Taylor,BL D'Oliveira,JJ Carson,1,0,,,,,,,,,,,,,
1461848,2025,2025-05-09,"County Ground, Hove",2,64.1,64.1,Worcestershire,Sussex,TAI Taylor,BL D'Oliveira,TJ Haines,0,0,,,,,,,,,,,,,
1461848,2025,2025-05-09,"County Ground, Hove",2,64.2,64.2,Worcestershire,Sussex,TAI Taylor,BL D'Oliveira,TJ Haines,0,0,,,,,,,,,,,,,
1461848,2025,2025-05-09,"County Ground, Hove",2,64.3,64.3,Worcestershire,Sussex,TAI Taylor,BL D'Oliveira,TJ Haines,0,0,,,,,,,,,,,,,
1461848,2025,2025-05-09,"County Ground, Hove",2,64.4,64.4,Worcestershire,Sussex,TAI Taylor,BL D'Oliveira,TJ Haines,4,0,,,,,,,,,,,,,
1461848,2025,2025-05-09,"County Ground, Hove",2,64.5,64.5,Worcestershire,Sussex,TAI Taylor,BL D'Oliveira,TJ Haines,0,0,,,,,,,,,,,,,
1461848,2025,2025-05-09,"County Ground, Hove",2,64.6,64.6,Worcestershire,Sussex,TAI Taylor,BL D'Oliveira,TJ Haines,0,0,,,,,,,,,,,,,
1461848,2025,2025-05-09,"County Ground, Hove",2,65.1,65.1,Worcestershire,Sussex,BL D'Oliveira,TAI Taylor,JJ Carson,0,0,,,,,,,,,,,,,
1461848,2025,2025-05-09,"County Ground, Hove",2,65.2,65.2,Worcestershire,Sussex,BL D'Oliveira,TAI Taylor,JJ Carson,0,0,,,,,,,,,,,,,
1461848,2025,2025-05-09,"County Ground, Hove",2,65.3,65.3,Worcestershire,Sussex,BL D'Oliveira,TAI Taylor,JJ Carson,0,0,,,,,,,,,,,,,
1461848,2025,2025-05-09,"County Ground, Hove",2,65.4,65.4,Worcestershire,Sussex,BL D'Oliveira,TAI Taylor,JJ Carson,0,0,,,,,,,,,,,,,
1461848,2025,2025-05-09,"County Ground, Hove",2,65.5,65.5,Worcestershire,Sussex,BL D'Oliveira,TAI Taylor,JJ Carson,0,0,,,,,,,,,,,,,
1461848,2025,2025-05-09,"County Ground, Hove",2,65.6,65.6,Worcestershire,Sussex,BL D'Oliveira,TAI Taylor,JJ Carson,0,0,,,,,,,,,,,,,
1461848,2025,2025-05-09,"County Ground, Hove",2,66.1,66.1,Worcestershire,Sussex,TAI Taylor,BL D'Oliveira,TJ Haines,0,0,,,,,,,,,,,,,
1461848,2025,2025-05-09,"County Ground, Hove",2,66.2,66.2,Worcestershire,Sussex,TAI Taylor,BL D'Oliveira,TJ Haines,0,0,,,,,,,,,,,,,
1461848,2025,2025-05-09,"County Ground, Hove",2,66.3,66.3,Worcestershire,Sussex,TAI Taylor,BL D'Oliveira,TJ Haines,0,0,,,,,,,,,,,,,
1461848,2025,2025-05-09,"County Ground, Hove",2,66.4,66.4,Worcestershire,Sussex,TAI Taylor,BL D'Oliveira,TJ Haines,0,0,,,,,,,,,,,,,
1461848,2025,2025-05-09,"County Ground, Hove",2,66.5,66.5,Worcestershire,Sussex,TAI Taylor,BL D'Oliveira,TJ Haines,0,0,,,,,,,,,,,,,
1461848,2025,2025-05-09,"County Ground, Hove",2,66.6,66.6,Worcestershire,Sussex,TAI Taylor,BL D'Oliveira,TJ Haines,0,0,,,,,,,,,,,,,
1461848,2025,2025-05-09,"County Ground, Hove",2,67.1,67.1,Worcestershire,Sussex,BL D'Oliveira,TAI Taylor,TGR Clark,0,0,,,,,,,,,,,,,
1461848,2025,2025-05-09,"County Ground, Hove",2,67.2,67.2,Worcestershire,Sussex,BL D'Oliveira,TAI Taylor,TGR Clark,0,0,,,,,,,caught,BL D'Oliveira,,,JM Coles,,
1461848,2025,2025-05-09,"County Ground, Hove",2,67.3,67.3,Worcestershire,Sussex,BMJ Allison,TAI Taylor,TGR Clark,4,0,,,,,,,,,,,,,
1461848,2025,2025-05-09,"County Ground, Hove",2,67.4,67.4,Worcestershire,Sussex,BMJ Allison,TAI Taylor,TGR Clark,0,0,,,,,,,,,,,,,
1461848,2025,2025-05-09,"County Ground, Hove",2,67.5,67.5,Worcestershire,Sussex,BMJ Allison,TAI Taylor,TGR Clark,1,0,,,,,,,,,,,,,
1461848,2025,2025-05-09,"County Ground, Hove",2,67.6,67.6,Worcestershire,Sussex,TAI Taylor,BMJ Allison,TGR Clark,0,0,,,,,,,,,,,,,
1461848,2025,2025-05-09,"County Ground, Hove",2,68.1,68.1,Worcestershire,Sussex,BMJ Allison,TAI Taylor,FJ Hudson-Prentice,4,0,,,,,,,,,,,,,
1461848,2025,2025-05-09,"County Ground, Hove",2,68.2,68.2,Worcestershire,Sussex,BMJ Allison,TAI Taylor,FJ Hudson-Prentice,0,0,,,,,,,,,,,,,
1461848,2025,2025-05-09,"County Ground, Hove",2,68.3,68.3,Worcestershire,Sussex,BMJ Allison,TAI Taylor,FJ Hudson-Prentice,0,0,,,,,,,,,,,,,
1461848,2025,2025-05-09,"County Ground, Hove",2,68.4,68.4,Worcestershire,Sussex,BMJ Allison,TAI Taylor,FJ Hudson-Prentice,0,0,,,,,,,,,,,,,
1461848,2025,2025-05-09,"County Ground, Hove",2,68.5,68.5,Worcestershire,Sussex,BMJ Allison,TAI Taylor,FJ Hudson-Prentice,0,0,,,,,,,,,,,,,
1461848,2025,2025-05-09,"County Ground, Hove",2,68.6,68.6,Worcestershire,Sussex,BMJ Allison,TAI Taylor,FJ Hudson-Prentice,0,0,,,,,,,,,,,,,
1461848,2025,2025-05-09,"County Ground, Hove",2,69.1,69.1,Worcestershire,Sussex,TAI Taylor,BMJ Allison,TGR Clark,0,0,,,,,,,,,,,,,
1461848,2025,2025-05-09,"County Ground, Hove",2,69.2,69.2,Worcestershire,Sussex,TAI Taylor,BMJ Allison,TGR Clark,0,0,,,,,,,,,,,,,
1461848,2025,2025-05-09,"County Ground, Hove",2,69.3,69.3,Worcestershire,Sussex,TAI Taylor,BMJ Allison,TGR Clark,0,0,,,,,,,,,,,,,
1461848,2025,2025-05-09,"County Ground, Hove",2,69.4,69.4,Worcestershire,Sussex,TAI Taylor,BMJ Allison,TGR Clark,0,4,,,4,,,,,,,,,,
1461848,2025,2025-05-09,"County Ground, Hove",2,69.5,69.5,Worcestershire,Sussex,TAI Taylor,BMJ Allison,TGR Clark,1,0,,,,,,,,,,,,,
1461848,2025,2025-05-09,"County Ground, Hove",2,69.6,69.6,Worcestershire,Sussex,BMJ Allison,TAI Taylor,TGR Clark,0,0,,,,,,,,,,,,,
1461848,2025,2025-05-09,"County Ground, Hove",2,70.1,70.1,Worcestershire,Sussex,TAI Taylor,BMJ Allison,FJ Hudson-Prentice,0,0,,,,,,,,,,,,,
1461848,2025,2025-05-09,"County Ground, Hove",2,70.2,70.2,Worcestershire,Sussex,TAI Taylor,BMJ Allison,FJ Hudson-Prentice,4,0,,,,,,,,,,,,,
1461848,2025,2025-05-09,"County Ground, Hove",2,70.3,70.3,Worcestershire,Sussex,TAI Taylor,BMJ Allison,FJ Hudson-Prentice,0,0,,,,,,,,,,,,,
1461848,2025,2025-05-09,"County Ground, Hove",2,70.4,70.4,Worcestershire,Sussex,TAI Taylor,BMJ Allison,FJ Hudson-Prentice,0,0,,,,,,,caught,TAI Taylor,,,JA Simpson,,
1461848,2025,2025-05-09,"County Ground, Hove",3,0.1,0.1,Sussex,Worcestershire,TJ Haines,DP Hughes,TAI Taylor,0,0,,,,,,,,,,,,,
1461848,2025,2025-05-09,"County Ground, Hove",3,0.2,0.2,Sussex,Worcestershire,TJ Haines,DP Hughes,TAI Taylor,0,0,,,,,,,,,,,,,
1461848,2025,2025-05-09,"County Ground, Hove",3,0.3,0.3,Sussex,Worcestershire,TJ Haines,DP Hughes,TAI Taylor,0,0,,,,,,,,,,,,,
1461848,2025,2025-05-09,"County Ground, Hove",3,0.4,0.4,Sussex,Worcestershire,TJ Haines,DP Hughes,TAI Taylor,0,0,,,,,,,,,,,,,
1461848,2025,2025-05-09,"County Ground, Hove",3,0.5,0.5,Sussex,Worcestershire,TJ Haines,DP Hughes,TAI Taylor,0,0,,,,,,,,,,,,,
1461848,2025,2025-05-09,"County Ground, Hove",3,0.6,0.6,Sussex,Worcestershire,TJ Haines,DP Hughes,TAI Taylor,0,0,,,,,,,,,,,,,
1461848,2025,2025-05-09,"County Ground, Hove",3,1.1,1.1,Sussex,Worcestershire,DP Hughes,TJ Haines,BMJ Allison,0,0,,,,,,,,,,,,,
1461848,2025,2025-05-09,"County Ground, Hove",3,1.2,1.2,Sussex,Worcestershire,DP Hughes,TJ Haines,BMJ Allison,0,0,,,,,,,,,,,,,
1461848,2025,2025-05-09,"County Ground, Hove",3,1.3,1.3,Sussex,Worcestershire,DP Hughes,TJ Haines,BMJ Allison,0,0,,,,,,,,,,,,,
1461848,2025,2025-05-09,"County Ground, Hove",3,1.4,1.4,Sussex,Worcestershire,DP Hughes,TJ Haines,BMJ Allison,0,0,,,,,,,,,,,,,
1461848,2025,2025-05-09,"County Ground, Hove",3,1.5,1.5,Sussex,Worcestershire,DP Hughes,TJ Haines,BMJ Allison,0,0,,,,,,,,,,,,,
1461848,2025,2025-05-09,"County Ground, Hove",3,1.6,1.6,Sussex,Worcestershire,DP Hughes,TJ Haines,BMJ Allison,0,0,,,,,,,,,,,,,
1461848,2025,2025-05-09,"County Ground, Hove",3,2.1,2.1,Sussex,Worcestershire,TJ Haines,DP Hughes,TAI Taylor,0,0,,,,,,,,,,,,,
1461848,2025,2025-05-09,"County Ground, Hove",3,2.2,2.2,Sussex,Worcestershire,TJ Haines,DP Hughes,TAI Taylor,0,0,,,,,,,,,,,,,
1461848,2025,2025-05-09,"County Ground, Hove",3,2.3,2.3,Sussex,Worcestershire,TJ Haines,DP Hughes,TAI Taylor,0,0,,,,,,,,,,,,,
1461848,2025,2025-05-09,"County Ground, Hove",3,2.4,2.4,Sussex,Worcestershire,TJ Haines,DP Hughes,TAI Taylor,0,0,,,,,,,,,,,,,
1461848,2025,2025-05-09,"County Ground, Hove",3,2.5,2.5,Sussex,Worcestershire,TJ Haines,DP Hughes,TAI Taylor,0,0,,,,,,,,,,,,,
1461848,2025,2025-05-09,"County Ground, Hove",3,2.6,2.6,Sussex,Worcestershire,TJ Haines,DP Hughes,TAI Taylor,0,0,,,,,,,bowled,TJ Haines,,,,,
1461848,2025,2025-05-09,"County Ground, Hove",3,3.1,3.1,Sussex,Worcestershire,DP Hughes,TGR Clark,BMJ Allison,0,0,,,,,,,bowled,DP Hughes,,,,,
1461848,2025,2025-05-09,"County Ground, Hove",3,3.2,3.2,Sussex,Worcestershire,TP Alsop,TGR Clark,BMJ Allison,0,0,,,,,,,,,,,,,
1461848,2025,2025-05-09,"County Ground, Hove",3,3.3,3.3,Sussex,Worcestershire,TP Alsop,TGR Clark,BMJ Allison,0,0,,,,,,,,,,,,,
1461848,2025,2025-05-09,"County Ground, Hove",3,3.4,3.4,Sussex,Worcestershire,TP Alsop,TGR Clark,BMJ Allison,0,0,,,,,,,,,,,,,
1461848,2025,2025-05-09,"County Ground, Hove",3,3.5,3.5,Sussex,Worcestershire,TP Alsop,TGR Clark,BMJ Allison,0,0,,,,,,,,,,,,,
1461848,2025,2025-05-09,"County Ground, Hove",3,3.6,3.6,Sussex,Worcestershire,TP Alsop,TGR Clark,BMJ Allison,0,0,,,,,,,,,,,,,
1461848,2025,2025-05-09,"County Ground, Hove",3,4.1,4.1,Sussex,Worcestershire,TGR Clark,TP Alsop,TAI Taylor,0,0,,,,,,,,,,,,,
1461848,2025,2025-05-09,"County Ground, Hove",3,4.2,4.2,Sussex,Worcestershire,TGR Clark,TP Alsop,TAI Taylor,0,0,,,,,,,,,,,,,
1461848,2025,2025-05-09,"County Ground, Hove",3,4.3,4.3,Sussex,Worcestershire,TGR Clark,TP Alsop,TAI Taylor,0,0,,,,,,,,,,,,,
1461848,2025,2025-05-09,"County Ground, Hove",3,4.4,4.4,Sussex,Worcestershire,TGR Clark,TP Alsop,TAI Taylor,1,0,,,,,,,,,,,,,
1461848,2025,2025-05-09,"County Ground, Hove",3,4.5,4.5,Sussex,Worcestershire,TP Alsop,TGR Clark,TAI Taylor,2,0,,,,,,,,,,,,,
1461848,2025,2025-05-09,"County Ground, Hove",3,4.6,4.6,Sussex,Worcestershire,TP Alsop,TGR Clark,TAI Taylor,0,0,,,,,,,,,,,,,
1461848,2025,2025-05-09,"County Ground, Hove",3,5.1,5.1,Sussex,Worcestershire,TGR Clark,TP Alsop,BMJ Allison,4,0,,,,,,,,,,,,,
1461848,2025,2025-05-09,"County Ground, Hove",3,5.2,5.2,Sussex,Worcestershire,TGR Clark,TP Alsop,BMJ Allison,1,0,,,,,,,,,,,,,
1461848,2025,2025-05-09,"County Ground, Hove",3,5.3,5.3,Sussex,Worcestershire,TP Alsop,TGR Clark,BMJ Allison,0,0,,,,,,,,,,,,,
1461848,2025,2025-05-09,"County Ground, Hove",3,5.4,5.4,Sussex,Worcestershire,TP Alsop,TGR Clark,BMJ Allison,0,0,,,,,,,,,,,,,
1461848,2025,2025-05-09,"County Ground, Hove",3,5.5,5.5,Sussex,Worcestershire,TP Alsop,TGR Clark,BMJ Allison,0,0,,,,,,,,,,,,,
1461848,2025,2025-05-09,"County Ground, Hove",3,5.6,5.6,Sussex,Worcestershire,TP Alsop,TGR Clark,BMJ Allison,0,0,,,,,,,,,,,,,
1461848,2025,2025-05-09,"County Ground, Hove",3,6.1,6.1,Sussex,Worcestershire,TGR Clark,TP Alsop,TAI Taylor,0,0,,,,,,,,,,,,,
1461848,2025,2025-05-09,"County Ground, Hove",3,6.2,6.2,Sussex,Worcestershire,TGR Clark,TP Alsop,TAI Taylor,0,0,,,,,,,,,,,,,
1461848,2025,2025-05-09,"County Ground, Hove",3,6.3,6.3,Sussex,Worcestershire,TGR Clark,TP Alsop,TAI Taylor,4,0,,,,,,,,,,,,,
1461848,2025,2025-05-09,"County Ground, Hove",3,6.4,6.4,Sussex,Worcestershire,TGR Clark,TP Alsop,TAI Taylor,0,0,,,,,,,,,,,,,
1461848,2025,2025-05-09,"County Ground, Hove",3,6.5,6.5,Sussex,Worcestershire,TGR Clark,TP Alsop,TAI Taylor,0,0,,,,,,,,,,,,,
1461848,2025,2025-05-09,"County Ground, Hove",3,6.6,6.6,Sussex,Worcestershire,TGR Clark,TP Alsop,TAI Taylor,0,0,,,,,,,,,,,,,
1461848,2025,2025-05-09,"County Ground, Hove",3,7.1,7.1,Sussex,Worcestershire,TP Alsop,TGR Clark,BMJ Allison,0,0,,,,,,,,,,,,,
1461848,2025,2025-05-09,"County Ground, Hove",3,7.2,7.2,Sussex,Worcestershire,TP Alsop,TGR Clark,BMJ Allison,0,0,,,,,,,,,,,,,
1461848,2025,2025-05-09,"County Ground, Hove",3,7.3,7.3,Sussex,Worcestershire,TP Alsop,TGR Clark,BMJ Allison,4,0,,,,,,,,,,,,,
1461848,2025,2025-05-09,"County Ground, Hove",3,7.4,7.4,Sussex,Worcestershire,TP Alsop,TGR Clark,BMJ Allison,0,0,,,,,,,,,,,,,
1461848,2025,2025-05-09,"County Ground, Hove",3,7.5,7.5,Sussex,Worcestershire,TP Alsop,TGR Clark,BMJ Allison,0,0,,,,,,,,,,,,,
1461848,2025,2025-05-09,"County Ground, Hove",3,7.6,7.6,Sussex,Worcestershire,TP Alsop,TGR Clark,BMJ Allison,2,0,,,,,,,,,,,,,
1461848,2025,2025-05-09,"County Ground, Hove",3,8.1,8.1,Sussex,Worcestershire,TGR Clark,TP Alsop,TAI Taylor,0,0,,,,,,,,,,,,,
1461848,2025,2025-05-09,"County Ground, Hove",3,8.2,8.2,Sussex,Worcestershire,TGR Clark,TP Alsop,TAI Taylor,0,0,,,,,,,,,,,,,
1461848,2025,2025-05-09,"County Ground, Hove",3,8.3,8.3,Sussex,Worcestershire,TGR Clark,TP Alsop,TAI Taylor,0,0,,,,,,,,,,,,,
1461848,2025,2025-05-09,"County Ground, Hove",3,8.4,8.4,Sussex,Worcestershire,TGR Clark,TP Alsop,TAI Taylor,0,0,,,,,,,,,,,,,
1461848,2025,2025-05-09,"County Ground, Hove",3,8.5,8.5,Sussex,Worcestershire,TGR Clark,TP Alsop,TAI Taylor,0,0,,,,,,,lbw,TGR Clark,,,,,
1461848,2025,2025-05-09,"County Ground, Hove",3,8.6,8.6,Sussex,Worcestershire,JM Coles,TP Alsop,TAI Taylor,0,0,,,,,,,,,,,,,
1461848,2025,2025-05-09,"County Ground, Hove",3,9.1,9.1,Sussex,Worcestershire,TP Alsop,JM Coles,BMJ Allison,1,0,,,,,,,,,,,,,
1461848,2025,2025-05-09,"County Ground, Hove",3,9.2,9.2,Sussex,Worcestershire,JM Coles,TP Alsop,BMJ Allison,0,0,,,,,,,,,,,,,
1461848,2025,2025-05-09,"County Ground, Hove",3,9.3,9.3,Sussex,Worcestershire,JM Coles,TP Alsop,BMJ Allison,0,0,,,,,,,,,,,,,
1461848,2025,2025-05-09,"County Ground, Hove",3,9.4,9.4,Sussex,Worcestershire,JM Coles,TP Alsop,BMJ Allison,0,0,,,,,,,,,,,,,
1461848,2025,2025-05-09,"County Ground, Hove",3,9.5,9.5,Sussex,Worcestershire,JM Coles,TP Alsop,BMJ Allison,4,0,,,,,,,,,,,,,
1461848,2025,2025-05-09,"County Ground, Hove",3,9.6,9.6,Sussex,Worcestershire,JM Coles,TP Alsop,BMJ Allison,4,0,,,,,,,,,,,,,
1461848,2025,2025-05-09,"County Ground, Hove",3,10.1,10.1,Sussex,Worcestershire,TP Alsop,JM Coles,TAI Taylor,0,0,,,,,,,,,,,,,
1461848,2025,2025-05-09,"County Ground, Hove",3,10.2,10.2,Sussex,Worcestershire,TP Alsop,JM Coles,TAI Taylor,0,0,,,,,,,,,,,,,
1461848,2025,2025-05-09,"County Ground, Hove",3,10.3,10.3,Sussex,Worcestershire,TP Alsop,JM Coles,TAI Taylor,0,0,,,,,,,,,,,,,
1461848,2025,2025-05-09,"County Ground, Hove",3,10.4,10.4,Sussex,Worcestershire,TP Alsop,JM Coles,TAI Taylor,0,0,,,,,,,,,,,,,
1461848,2025,2025-05-09,"County Ground, Hove",3,10.5,10.5,Sussex,Worcestershire,TP Alsop,JM Coles,TAI Taylor,0,0,,,,,,,,,,,,,
1461848,2025,2025-05-09,"County Ground, Hove",3,10.6,10.6,Sussex,Worcestershire,TP Alsop,JM Coles,TAI Taylor,0,0,,,,,,,,,,,,,
1461848,2025,2025-05-09,"County Ground, Hove",3,11.1,11.1,Sussex,Worcestershire,JM Coles,TP Alsop,BJ Gibbon,0,0,,,,,,,,,,,,,
1461848,2025,2025-05-09,"County Ground, Hove",3,11.2,11.2,Sussex,Worcestershire,JM Coles,TP Alsop,BJ Gibbon,0,0,,,,,,,,,,,,,
1461848,2025,2025-05-09,"County Ground, Hove",3,11.3,11.3,Sussex,Worcestershire,JM Coles,TP Alsop,BJ Gibbon,0,4,,,,4,,,,,,,,,
1461848,2025,2025-05-09,"County Ground, Hove",3,11.4,11.4,Sussex,Worcestershire,JM Coles,TP Alsop,BJ Gibbon,1,0,,,,,,,,,,,,,
1461848,2025,2025-05-09,"County Ground, Hove",3,11.5,11.5,Sussex,Worcestershire,TP Alsop,JM Coles,BJ Gibbon,1,0,,,,,,,,,,,,,
1461848,2025,2025-05-09,"County Ground, Hove",3,11.6,11.6,Sussex,Worcestershire,JM Coles,TP Alsop,BJ Gibbon,1,0,,,,,,,,,,,,,
1461848,2025,2025-05-09,"County Ground, Hove",3,12.1,12.1,Sussex,Worcestershire,JM Coles,TP Alsop,MJ Waite,0,0,,,,,,,,,,,,,
1461848,2025,2025-05-09,"County Ground, Hove",3,12.2,12.2,Sussex,Worcestershire,JM Coles,TP Alsop,MJ Waite,0,0,,,,,,,,,,,,,
1461848,2025,2025-05-09,"County Ground, Hove",3,12.3,12.3,Sussex,Worcestershire,JM Coles,TP Alsop,MJ Waite,0,0,,,,,,,,,,,,,
1461848,2025,2025-05-09,"County Ground, Hove",3,12.4,12.4,Sussex,Worcestershire,JM Coles,TP Alsop,MJ Waite,0,0,,,,,,,,,,,,,
1461848,2025,2025-05-09,"County Ground, Hove",3,12.5,12.5,Sussex,Worcestershire,JM Coles,TP Alsop,MJ Waite,0,0,,,,,,,,,,,,,
1461848,2025,2025-05-09,"County Ground, Hove",3,12.6,12.6,Sussex,Worcestershire,JM Coles,TP Alsop,MJ Waite,0,0,,,,,,,,,,,,,
1461848,2025,2025-05-09,"County Ground, Hove",3,13.1,13.1,Sussex,Worcestershire,TP Alsop,JM Coles,BJ Gibbon,0,0,,,,,,,,,,,,,
1461848,2025,2025-05-09,"County Ground, Hove",3,13.2,13.2,Sussex,Worcestershire,TP Alsop,JM Coles,BJ Gibbon,0,0,,,,,,,,,,,,,
1461848,2025,2025-05-09,"County Ground, Hove",3,13.3,13.3,Sussex,Worcestershire,TP Alsop,JM Coles,BJ Gibbon,0,0,,,,,,,,,,,,,
1461848,2025,2025-05-09,"County Ground, Hove",3,13.4,13.4,Sussex,Worcestershire,TP Alsop,JM Coles,BJ Gibbon,0,0,,,,,,,,,,,,,
1461848,2025,2025-05-09,"County Ground, Hove",3,13.5,13.5,Sussex,Worcestershire,TP Alsop,JM Coles,BJ Gibbon,0,0,,,,,,,,,,,,,
1461848,2025,2025-05-09,"County Ground, Hove",3,13.6,13.6,Sussex,Worcestershire,TP Alsop,JM Coles,BJ Gibbon,1,0,,,,,,,,,,,,,
1461848,2025,2025-05-09,"County Ground, Hove",3,14.1,14.1,Sussex,Worcestershire,TP Alsop,JM Coles,MJ Waite,0,0,,,,,,,,,,,,,
1461848,2025,2025-05-09,"County Ground, Hove",3,14.2,14.2,Sussex,Worcestershire,TP Alsop,JM Coles,MJ Waite,1,0,,,,,,,,,,,,,
1461848,2025,2025-05-09,"County Ground, Hove",3,14.3,14.3,Sussex,Worcestershire,JM Coles,TP Alsop,MJ Waite,0,0,,,,,,,,,,,,,
1461848,2025,2025-05-09,"County Ground, Hove",3,14.4,14.4,Sussex,Worcestershire,JM Coles,TP Alsop,MJ Waite,0,0,,,,,,,,,,,,,
1461848,2025,2025-05-09,"County Ground, Hove",3,14.5,14.5,Sussex,Worcestershire,JM Coles,TP Alsop,MJ Waite,4,0,,,,,,,,,,,,,
1461848,2025,2025-05-09,"County Ground, Hove",3,14.6,14.6,Sussex,Worcestershire,JM Coles,TP Alsop,MJ Waite,0,0,,,,,,,,,,,,,
1461848,2025,2025-05-09,"County Ground, Hove",3,15.1,15.1,Sussex,Worcestershire,TP Alsop,JM Coles,BJ Gibbon,0,0,,,,,,,,,,,,,
1461848,2025,2025-05-09,"County Ground, Hove",3,15.2,15.2,Sussex,Worcestershire,TP Alsop,JM Coles,BJ Gibbon,0,0,,,,,,,,,,,,,
1461848,2025,2025-05-09,"County Ground, Hove",3,15.3,15.3,Sussex,Worcestershire,TP Alsop,JM Coles,BJ Gibbon,0,0,,,,,,,,,,,,,
1461848,2025,2025-05-09,"County Ground, Hove",3,15.4,15.4,Sussex,Worcestershire,TP Alsop,JM Coles,BJ Gibbon,0,0,,,,,,,,,,,,,
1461848,2025,2025-05-09,"County Ground, Hove",3,15.5,15.5,Sussex,Worcestershire,TP Alsop,JM Coles,BJ Gibbon,0,1,,,,1,,,,,,,,,
1461848,2025,2025-05-09,"County Ground, Hove",3,15.6,15.6,Sussex,Worcestershire,JM Coles,TP Alsop,BJ Gibbon,1,0,,,,,,,,,,,,,
1461848,2025,2025-05-09,"County Ground, Hove",3,16.1,16.1,Sussex,Worcestershire,JM Coles,TP Alsop,MJ Waite,0,0,,,,,,,,,,,,,
1461848,2025,2025-05-09,"County Ground, Hove",3,16.2,16.2,Sussex,Worcestershire,JM Coles,TP Alsop,MJ Waite,0,0,,,,,,,,,,,,,
1461848,2025,2025-05-09,"County Ground, Hove",3,16.3,16.3,Sussex,Worcestershire,JM Coles,TP Alsop,MJ Waite,2,0,,,,,,,,,,,,,
1461848,2025,2025-05-09,"County Ground, Hove",3,16.4,16.4,Sussex,Worcestershire,JM Coles,TP Alsop,MJ Waite,0,0,,,,,,,,,,,,,
1461848,2025,2025-05-09,"County Ground, Hove",3,16.5,16.5,Sussex,Worcestershire,JM Coles,TP Alsop,MJ Waite,0,0,,,,,,,,,,,,,
1461848,2025,2025-05-09,"County Ground, Hove",3,16.6,16.6,Sussex,Worcestershire,JM Coles,TP Alsop,MJ Waite,0,0,,,,,,,,,,,,,
1461848,2025,2025-05-09,"County Ground, Hove",3,17.1,17.1,Sussex,Worcestershire,TP Alsop,JM Coles,BJ Gibbon,0,0,,,,,,,,,,,,,
1461848,2025,2025-05-09,"County Ground, Hove",3,17.2,17.2,Sussex,Worcestershire,TP Alsop,JM Coles,BJ Gibbon,0,0,,,,,,,,,,,,,
1461848,2025,2025-05-09,"County Ground, Hove",3,17.3,17.3,Sussex,Worcestershire,TP Alsop,JM Coles,BJ Gibbon,4,0,,,,,,,,,,,,,
1461848,2025,2025-05-09,"County Ground, Hove",3,17.4,17.4,Sussex,Worcestershire,TP Alsop,JM Coles,BJ Gibbon,0,0,,,,,,,,,,,,,
1461848,2025,2025-05-09,"County Ground, Hove",3,17.5,17.5,Sussex,Worcestershire,TP Alsop,JM Coles,BJ Gibbon,0,0,,,,,,,,,,,,,
1461848,2025,2025-05-09,"County Ground, Hove",3,17.6,17.6,Sussex,Worcestershire,TP Alsop,JM Coles,BJ Gibbon,0,0,,,,,,,,,,,,,
1461848,2025,2025-05-09,"County Ground, Hove",3,18.1,18.1,Sussex,Worcestershire,JM Coles,TP Alsop,MJ Waite,0,0,,,,,,,,,,,,,
1461848,2025,2025-05-09,"County Ground, Hove",3,18.2,18.2,Sussex,Worcestershire,JM Coles,TP Alsop,MJ Waite,0,0,,,,,,,,,,,,,
1461848,2025,2025-05-09,"County Ground, Hove",3,18.3,18.3,Sussex,Worcestershire,JM Coles,TP Alsop,MJ Waite,0,0,,,,,,,,,,,,,
1461848,2025,2025-05-09,"County Ground, Hove",3,18.4,18.4,Sussex,Worcestershire,JM Coles,TP Alsop,MJ Waite,2,0,,,,,,,,,,,,,
1461848,2025,2025-05-09,"County Ground, Hove",3,18.5,18.5,Sussex,Worcestershire,JM Coles,TP Alsop,MJ Waite,0,0,,,,,,,,,,,,,
1461848,2025,2025-05-09,"County Ground, Hove",3,18.6,18.6,Sussex,Worcestershire,JM Coles,TP Alsop,MJ Waite,1,0,,,,,,,,,,,,,
1461848,2025,2025-05-09,"County Ground, Hove",3,19.1,19.1,Sussex,Worcestershire,JM Coles,TP Alsop,BJ Gibbon,0,0,,,,,,,,,,,,,
1461848,2025,2025-05-09,"County Ground, Hove",3,19.2,19.2,Sussex,Worcestershire,JM Coles,TP Alsop,BJ Gibbon,0,0,,,,,,,,,,,,,
1461848,2025,2025-05-09,"County Ground, Hove",3,19.3,19.3,Sussex,Worcestershire,JM Coles,TP Alsop,BJ Gibbon,1,0,,,,,,,,,,,,,
1461848,2025,2025-05-09,"County Ground, Hove",3,19.4,19.4,Sussex,Worcestershire,TP Alsop,JM Coles,BJ Gibbon,0,0,,,,,,,,,,,,,
1461848,2025,2025-05-09,"County Ground, Hove",3,19.5,19.5,Sussex,Worcestershire,TP Alsop,JM Coles,BJ Gibbon,0,0,,,,,,,,,,,,,
1461848,2025,2025-05-09,"County Ground, Hove",3,19.6,19.6,Sussex,Worcestershire,TP Alsop,JM Coles,BJ Gibbon,0,0,,,,,,,,,,,,,
1461848,2025,2025-05-09,"County Ground, Hove",3,20.1,20.1,Sussex,Worcestershire,JM Coles,TP Alsop,TAI Taylor,0,0,,,,,,,,,,,,,
1461848,2025,2025-05-09,"County Ground, Hove",3,20.2,20.2,Sussex,Worcestershire,JM Coles,TP Alsop,TAI Taylor,0,0,,,,,,,,,,,,,
1461848,2025,2025-05-09,"County Ground, Hove",3,20.3,20.3,Sussex,Worcestershire,JM Coles,TP Alsop,TAI Taylor,0,0,,,,,,,,,,,,,
1461848,2025,2025-05-09,"County Ground, Hove",3,20.4,20.4,Sussex,Worcestershire,JM Coles,TP Alsop,TAI Taylor,0,0,,,,,,,,,,,,,
1461848,2025,2025-05-09,"County Ground, Hove",3,20.5,20.5,Sussex,Worcestershire,JM Coles,TP Alsop,TAI Taylor,0,0,,,,,,,,,,,,,
1461848,2025,2025-05-09,"County Ground, Hove",3,20.6,20.6,Sussex,Worcestershire,JM Coles,TP Alsop,TAI Taylor,0,0,,,,,,,,,,,,,
1461848,2025,2025-05-09,"County Ground, Hove",3,21.1,21.1,Sussex,Worcestershire,TP Alsop,JM Coles,BMJ Allison,1,0,,,,,,,,,,,,,
1461848,2025,2025-05-09,"County Ground, Hove",3,21.2,21.2,Sussex,Worcestershire,JM Coles,TP Alsop,BMJ Allison,1,0,,,,,,,,,,,,,
1461848,2025,2025-05-09,"County Ground, Hove",3,21.3,21.3,Sussex,Worcestershire,TP Alsop,JM Coles,BMJ Allison,2,0,,,,,,,,,,,,,
1461848,2025,2025-05-09,"County Ground, Hove",3,21.4,21.4,Sussex,Worcestershire,TP Alsop,JM Coles,BMJ Allison,0,0,,,,,,,,,,,,,
1461848,2025,2025-05-09,"County Ground, Hove",3,21.5,21.5,Sussex,Worcestershire,TP Alsop,JM Coles,BMJ Allison,0,0,,,,,,,,,,,,,
1461848,2025,2025-05-09,"County Ground, Hove",3,21.6,21.6,Sussex,Worcestershire,TP Alsop,JM Coles,BMJ Allison,0,0,,,,,,,,,,,,,
1461848,2025,2025-05-09,"County Ground, Hove",3,22.1,22.1,Sussex,Worcestershire,JM Coles,TP Alsop,TAI Taylor,0,0,,,,,,,,,,,,,
1461848,2025,2025-05-09,"County Ground, Hove",3,22.2,22.2,Sussex,Worcestershire,JM Coles,TP Alsop,TAI Taylor,0,0,,,,,,,,,,,,,
1461848,2025,2025-05-09,"County Ground, Hove",3,22.3,22.3,Sussex,Worcestershire,JM Coles,TP Alsop,TAI Taylor,4,0,,,,,,,,,,,,,
1461848,2025,2025-05-09,"County Ground, Hove",3,22.4,22.4,Sussex,Worcestershire,JM Coles,TP Alsop,TAI Taylor,0,0,,,,,,,,,,,,,
1461848,2025,2025-05-09,"County Ground, Hove",3,22.5,22.5,Sussex,Worcestershire,JM Coles,TP Alsop,TAI Taylor,0,0,,,,,,,,,,,,,
1461848,2025,2025-05-09,"County Ground, Hove",3,22.6,22.6,Sussex,Worcestershire,JM Coles,TP Alsop,TAI Taylor,0,0,,,,,,,,,,,,,
1461848,2025,2025-05-09,"County Ground, Hove",3,23.1,23.1,Sussex,Worcestershire,TP Alsop,JM Coles,BMJ Allison,1,0,,,,,,,,,,,,,
1461848,2025,2025-05-09,"County Ground, Hove",3,23.2,23.2,Sussex,Worcestershire,JM Coles,TP Alsop,BMJ Allison,0,0,,,,,,,,,,,,,
1461848,2025,2025-05-09,"County Ground, Hove",3,23.3,23.3,Sussex,Worcestershire,JM Coles,TP Alsop,BMJ Allison,0,0,,,,,,,,,,,,,
1461848,2025,2025-05-09,"County Ground, Hove",3,23.4,23.4,Sussex,Worcestershire,JM Coles,TP Alsop,BMJ Allison,0,0,,,,,,,,,,,,,
1461848,2025,2025-05-09,"County Ground, Hove",3,23.5,23.5,Sussex,Worcestershire,JM Coles,TP Alsop,BMJ Allison,0,0,,,,,,,,,,,,,
1461848,2025,2025-05-09,"County Ground, Hove",3,23.6,23.6,Sussex,Worcestershire,JM Coles,TP Alsop,BMJ Allison,0,0,,,,,,,,,,,,,
1461848,2025,2025-05-09,"County Ground, Hove",3,24.1,24.1,Sussex,Worcestershire,TP Alsop,JM Coles,TAI Taylor,0,0,,,,,,,,,,,,,
1461848,2025,2025-05-09,"County Ground, Hove",3,24.2,24.2,Sussex,Worcestershire,TP Alsop,JM Coles,TAI Taylor,0,0,,,,,,,,,,,,,
1461848,2025,2025-05-09,"County Ground, Hove",3,24.3,24.3,Sussex,Worcestershire,TP Alsop,JM Coles,TAI Taylor,4,0,,,,,,,,,,,,,
1461848,2025,2025-05-09,"County Ground, Hove",3,24.4,24.4,Sussex,Worcestershire,TP Alsop,JM Coles,TAI Taylor,0,0,,,,,,,,,,,,,
1461848,2025,2025-05-09,"County Ground, Hove",3,24.5,24.5,Sussex,Worcestershire,TP Alsop,JM Coles,TAI Taylor,0,0,,,,,,,,,,,,,
1461848,2025,2025-05-09,"County Ground, Hove",3,24.6,24.6,Sussex,Worcestershire,TP Alsop,JM Coles,TAI Taylor,0,0,,,,,,,,,,,,,
1461848,2025,2025-05-09,"County Ground, Hove",3,25.1,25.1,Sussex,Worcestershire,JM Coles,TP Alsop,F Singh,0,0,,,,,,,,,,,,,
1461848,2025,2025-05-09,"County Ground, Hove",3,25.2,25.2,Sussex,Worcestershire,JM Coles,TP Alsop,F Singh,0,0,,,,,,,,,,,,,
1461848,2025,2025-05-09,"County Ground, Hove",3,25.3,25.3,Sussex,Worcestershire,JM Coles,TP Alsop,F Singh,0,0,,,,,,,,,,,,,
1461848,2025,2025-05-09,"County Ground, Hove",3,25.4,25.4,Sussex,Worcestershire,JM Coles,TP Alsop,F Singh,0,0,,,,,,,,,,,,,
1461848,2025,2025-05-09,"County Ground, Hove",3,25.5,25.5,Sussex,Worcestershire,JM Coles,TP Alsop,F Singh,1,0,,,,,,,,,,,,,
1461848,2025,2025-05-09,"County Ground, Hove",3,25.6,25.6,Sussex,Worcestershire,TP Alsop,JM Coles,F Singh,0,0,,,,,,,,,,,,,
1461848,2025,2025-05-09,"County Ground, Hove",3,26.1,26.1,Sussex,Worcestershire,JM Coles,TP Alsop,TAI Taylor,4,0,,,,,,,,,,,,,
1461848,2025,2025-05-09,"County Ground, Hove",3,26.2,26.2,Sussex,Worcestershire,JM Coles,TP Alsop,TAI Taylor,0,0,,,,,,,,,,,,,
1461848,2025,2025-05-09,"County Ground, Hove",3,26.3,26.3,Sussex,Worcestershire,JM Coles,TP Alsop,TAI Taylor,0,0,,,,,,,,,,,,,
1461848,2025,2025-05-09,"County Ground, Hove",3,26.4,26.4,Sussex,Worcestershire,JM Coles,TP Alsop,TAI Taylor,0,0,,,,,,,,,,,,,
1461848,2025,2025-05-09,"County Ground, Hove",3,26.5,26.5,Sussex,Worcestershire,JM Coles,TP Alsop,TAI Taylor,0,0,,,,,,,,,,,,,
1461848,2025,2025-05-09,"County Ground, Hove",3,26.6,26.6,Sussex,Worcestershire,JM Coles,TP Alsop,TAI Taylor,0,0,,,,,,,,,,,,,
1461848,2025,2025-05-09,"County Ground, Hove",3,27.1,27.1,Sussex,Worcestershire,TP Alsop,JM Coles,BMJ Allison,0,0,,,,,,,,,,,,,
1461848,2025,2025-05-09,"County Ground, Hove",3,27.2,27.2,Sussex,Worcestershire,TP Alsop,JM Coles,BMJ Allison,0,0,,,,,,,,,,,,,
1461848,2025,2025-05-09,"County Ground, Hove",3,27.3,27.3,Sussex,Worcestershire,TP Alsop,JM Coles,BMJ Allison,0,0,,,,,,,,,,,,,
1461848,2025,2025-05-09,"County Ground, Hove",3,27.4,27.4,Sussex,Worcestershire,TP Alsop,JM Coles,BMJ Allison,0,0,,,,,,,,,,,,,
1461848,2025,2025-05-09,"County Ground, Hove",3,27.5,27.5,Sussex,Worcestershire,TP Alsop,JM Coles,BMJ Allison,0,0,,,,,,,,,,,,,
1461848,2025,2025-05-09,"County Ground, Hove",3,27.6,27.6,Sussex,Worcestershire,TP Alsop,JM Coles,BMJ Allison,0,0,,,,,,,,,,,,,
1461848,2025,2025-05-09,"County Ground, Hove",3,28.1,28.1,Sussex,Worcestershire,JM Coles,TP Alsop,TAI Taylor,0,0,,,,,,,,,,,,,
1461848,2025,2025-05-09,"County Ground, Hove",3,28.2,28.2,Sussex,Worcestershire,JM Coles,TP Alsop,TAI Taylor,0,0,,,,,,,,,,,,,
1461848,2025,2025-05-09,"County Ground, Hove",3,28.3,28.3,Sussex,Worcestershire,JM Coles,TP Alsop,TAI Taylor,0,0,,,,,,,,,,,,,
1461848,2025,2025-05-09,"County Ground, Hove",3,28.4,28.4,Sussex,Worcestershire,JM Coles,TP Alsop,TAI Taylor,0,0,,,,,,,,,,,,,
1461848,2025,2025-05-09,"County Ground, Hove",3,28.5,28.5,Sussex,Worcestershire,JM Coles,TP Alsop,TAI Taylor,0,0,,,,,,,,,,,,,
1461848,2025,2025-05-09,"County Ground, Hove",3,28.6,28.6,Sussex,Worcestershire,JM Coles,TP Alsop,TAI Taylor,0,0,,,,,,,,,,,,,
1461848,2025,2025-05-09,"County Ground, Hove",3,29.1,29.1,Sussex,Worcestershire,TP Alsop,JM Coles,BMJ Allison,0,0,,,,,,,,,,,,,
1461848,2025,2025-05-09,"County Ground, Hove",3,29.2,29.2,Sussex,Worcestershire,TP Alsop,JM Coles,BMJ Allison,0,0,,,,,,,,,,,,,
1461848,2025,2025-05-09,"County Ground, Hove",3,29.3,29.3,Sussex,Worcestershire,TP Alsop,JM Coles,BMJ Allison,0,0,,,,,,,,,,,,,
1461848,2025,2025-05-09,"County Ground, Hove",3,29.4,29.4,Sussex,Worcestershire,TP Alsop,JM Coles,BMJ Allison,0,0,,,,,,,,,,,,,
1461848,2025,2025-05-09,"County Ground, Hove",3,29.5,29.5,Sussex,Worcestershire,TP Alsop,JM Coles,BMJ Allison,1,0,,,,,,,,,,,,,
1461848,2025,2025-05-09,"County Ground, Hove",3,29.6,29.6,Sussex,Worcestershire,JM Coles,TP Alsop,BMJ Allison,0,0,,,,,,,,,,,,,
1461848,2025,2025-05-09,"County Ground, Hove",3,30.1,30.1,Sussex,Worcestershire,TP Alsop,JM Coles,TAI Taylor,0,0,,,,,,,,,,,,,
1461848,2025,2025-05-09,"County Ground, Hove",3,30.2,30.2,Sussex,Worcestershire,TP Alsop,JM Coles,TAI Taylor,0,0,,,,,,,,,,,,,
1461848,2025,2025-05-09,"County Ground, Hove",3,30.3,30.3,Sussex,Worcestershire,TP Alsop,JM Coles,TAI Taylor,4,0,,,,,,,,,,,,,
1461848,2025,2025-05-09,"County Ground, Hove",3,30.4,30.4,Sussex,Worcestershire,TP Alsop,JM Coles,TAI Taylor,0,0,,,,,,,,,,,,,
1461848,2025,2025-05-09,"County Ground, Hove",3,30.5,30.5,Sussex,Worcestershire,TP Alsop,JM Coles,TAI Taylor,0,0,,,,,,,,,,,,,
1461848,2025,2025-05-09,"County Ground, Hove",3,30.6,30.6,Sussex,Worcestershire,TP Alsop,JM Coles,TAI Taylor,0,0,,,,,,,,,,,,,
1461848,2025,2025-05-09,"County Ground, Hove",3,31.1,31.1,Sussex,Worcestershire,JM Coles,TP Alsop,BMJ Allison,2,0,,,,,,,,,,,,,
1461848,2025,2025-05-09,"County Ground, Hove",3,31.2,31.2,Sussex,Worcestershire,JM Coles,TP Alsop,BMJ Allison,2,0,,,,,,,,,,,,,
1461848,2025,2025-05-09,"County Ground, Hove",3,31.3,31.3,Sussex,Worcestershire,JM Coles,TP Alsop,BMJ Allison,0,0,,,,,,,,,,,,,
1461848,2025,2025-05-09,"County Ground, Hove",3,31.4,31.4,Sussex,Worcestershire,JM Coles,TP Alsop,BMJ Allison,0,0,,,,,,,,,,,,,
1461848,2025,2025-05-09,"County Ground, Hove",3,31.5,31.5,Sussex,Worcestershire,JM Coles,TP Alsop,BMJ Allison,0,0,,,,,,,,,,,,,
1461848,2025,2025-05-09,"County Ground, Hove",3,31.6,31.6,Sussex,Worcestershire,JM Coles,TP Alsop,BMJ Allison,0,0,,,,,,,,,,,,,
1461848,2025,2025-05-09,"County Ground, Hove",3,32.1,32.1,Sussex,Worcestershire,TP Alsop,JM Coles,TAI Taylor,0,0,,,,,,,,,,,,,
1461848,2025,2025-05-09,"County Ground, Hove",3,32.2,32.2,Sussex,Worcestershire,TP Alsop,JM Coles,TAI Taylor,4,0,,,,,,,,,,,,,
1461848,2025,2025-05-09,"County Ground, Hove",3,32.3,32.3,Sussex,Worcestershire,TP Alsop,JM Coles,TAI Taylor,4,0,,,,,,,,,,,,,
1461848,2025,2025-05-09,"County Ground, Hove",3,32.4,32.4,Sussex,Worcestershire,TP Alsop,JM Coles,TAI Taylor,0,0,,,,,,,,,,,,,
1461848,2025,2025-05-09,"County Ground, Hove",3,32.5,32.5,Sussex,Worcestershire,TP Alsop,JM Coles,TAI Taylor,0,0,,,,,,,,,,,,,
1461848,2025,2025-05-09,"County Ground, Hove",3,32.6,32.6,Sussex,Worcestershire,TP Alsop,JM Coles,TAI Taylor,0,0,,,,,,,,,,,,,
1461848,2025,2025-05-09,"County Ground, Hove",3,33.1,33.1,Sussex,Worcestershire,JM Coles,TP Alsop,BMJ Allison,0,0,,,,,,,,,,,,,
1461848,2025,2025-05-09,"County Ground, Hove",3,33.2,33.2,Sussex,Worcestershire,JM Coles,TP Alsop,BMJ Allison,0,0,,,,,,,,,,,,,
1461848,2025,2025-05-09,"County Ground, Hove",3,33.3,33.3,Sussex,Worcestershire,JM Coles,TP Alsop,BMJ Allison,1,0,,,,,,,,,,,,,
1461848,2025,2025-05-09,"County Ground, Hove",3,33.4,33.4,Sussex,Worcestershire,TP Alsop,JM Coles,BMJ Allison,4,0,,,,,,,,,,,,,
1461848,2025,2025-05-09,"County Ground, Hove",3,33.5,33.5,Sussex,Worcestershire,TP Alsop,JM Coles,BMJ Allison,0,0,,,,,,,,,,,,,
1461848,2025,2025-05-09,"County Ground, Hove",3,33.6,33.6,Sussex,Worcestershire,TP Alsop,JM Coles,BMJ Allison,0,0,,,,,,,,,,,,,
1461848,2025,2025-05-09,"County Ground, Hove",3,34.1,34.1,Sussex,Worcestershire,JM Coles,TP Alsop,BJ Gibbon,0,0,,,,,,,,,,,,,
1461848,2025,2025-05-09,"County Ground, Hove",3,34.2,34.2,Sussex,Worcestershire,JM Coles,TP Alsop,BJ Gibbon,1,0,,,,,,,,,,,,,
1461848,2025,2025-05-09,"County Ground, Hove",3,34.3,34.3,Sussex,Worcestershire,TP Alsop,JM Coles,BJ Gibbon,0,0,,,,,,,,,,,,,
1461848,2025,2025-05-09,"County Ground, Hove",3,34.4,34.4,Sussex,Worcestershire,TP Alsop,JM Coles,BJ Gibbon,1,0,,,,,,,,,,,,,
1461848,2025,2025-05-09,"County Ground, Hove",3,34.5,34.5,Sussex,Worcestershire,JM Coles,TP Alsop,BJ Gibbon,0,0,,,,,,,,,,,,,
1461848,2025,2025-05-09,"County Ground, Hove",3,34.6,34.6,Sussex,Worcestershire,JM Coles,TP Alsop,BJ Gibbon,0,0,,,,,,,,,,,,,
1461848,2025,2025-05-09,"County Ground, Hove",3,35.1,35.1,Sussex,Worcestershire,TP Alsop,JM Coles,BMJ Allison,0,0,,,,,,,,,,,,,
1461848,2025,2025-05-09,"County Ground, Hove",3,35.2,35.2,Sussex,Worcestershire,TP Alsop,JM Coles,BMJ Allison,0,0,,,,,,,,,,,,,
1461848,2025,2025-05-09,"County Ground, Hove",3,35.3,35.3,Sussex,Worcestershire,TP Alsop,JM Coles,BMJ Allison,0,0,,,,,,,,,,,,,
1461848,2025,2025-05-09,"County Ground, Hove",3,35.4,35.4,Sussex,Worcestershire,TP Alsop,JM Coles,BMJ Allison,0,0,,,,,,,,,,,,,
1461848,2025,2025-05-09,"County Ground, Hove",3,35.5,35.5,Sussex,Worcestershire,TP Alsop,JM Coles,BMJ Allison,0,0,,,,,,,,,,,,,
1461848,2025,2025-05-09,"County Ground, Hove",3,35.6,35.6,Sussex,Worcestershire,TP Alsop,JM Coles,BMJ Allison,0,0,,,,,,,,,,,,,
1461848,2025,2025-05-09,"County Ground, Hove",3,36.1,36.1,Sussex,Worcestershire,JM Coles,TP Alsop,BJ Gibbon,4,0,,,,,,,,,,,,,
1461848,2025,2025-05-09,"County Ground, Hove",3,36.2,36.2,Sussex,Worcestershire,JM Coles,TP Alsop,BJ Gibbon,4,0,,,,,,,,,,,,,
1461848,2025,2025-05-09,"County Ground, Hove",3,36.3,36.3,Sussex,Worcestershire,JM Coles,TP Alsop,BJ Gibbon,0,0,,,,,,,,,,,,,
1461848,2025,2025-05-09,"County Ground, Hove",3,36.4,36.4,Sussex,Worcestershire,JM Coles,TP Alsop,BJ Gibbon,1,0,,,,,,,,,,,,,
1461848,2025,2025-05-09,"County Ground, Hove",3,36.5,36.5,Sussex,Worcestershire,TP Alsop,JM Coles,BJ Gibbon,0,0,,,,,,,,,,,,,
1461848,2025,2025-05-09,"County Ground, Hove",3,36.6,36.6,Sussex,Worcestershire,TP Alsop,JM Coles,BJ Gibbon,0,0,,,,,,,,,,,,,
1461848,2025,2025-05-09,"County Ground, Hove",3,37.1,37.1,Sussex,Worcestershire,JM Coles,TP Alsop,BMJ Allison,0,0,,,,,,,,,,,,,
1461848,2025,2025-05-09,"County Ground, Hove",3,37.2,37.2,Sussex,Worcestershire,JM Coles,TP Alsop,BMJ Allison,0,0,,,,,,,,,,,,,
1461848,2025,2025-05-09,"County Ground, Hove",3,37.3,37.3,Sussex,Worcestershire,JM Coles,TP Alsop,BMJ Allison,0,0,,,,,,,,,,,,,
1461848,2025,2025-05-09,"County Ground, Hove",3,37.4,37.4,Sussex,Worcestershire,JM Coles,TP Alsop,BMJ Allison,0,0,,,,,,,,,,,,,
1461848,2025,2025-05-09,"County Ground, Hove",3,37.5,37.5,Sussex,Worcestershire,JM Coles,TP Alsop,BMJ Allison,0,0,,,,,,,,,,,,,
1461848,2025,2025-05-09,"County Ground, Hove",3,37.6,37.6,Sussex,Worcestershire,JM Coles,TP Alsop,BMJ Allison,0,0,,,,,,,,,,,,,
1461848,2025,2025-05-09,"County Ground, Hove",3,38.1,38.1,Sussex,Worcestershire,TP Alsop,JM Coles,BJ Gibbon,1,0,,,,,,,,,,,,,
1461848,2025,2025-05-09,"County Ground, Hove",3,38.2,38.2,Sussex,Worcestershire,JM Coles,TP Alsop,BJ Gibbon,0,0,,,,,,,,,,,,,
1461848,2025,2025-05-09,"County Ground, Hove",3,38.3,38.3,Sussex,Worcestershire,JM Coles,TP Alsop,BJ Gibbon,2,0,,,,,,,,,,,,,
1461848,2025,2025-05-09,"County Ground, Hove",3,38.4,38.4,Sussex,Worcestershire,JM Coles,TP Alsop,BJ Gibbon,0,0,,,,,,,,,,,,,
1461848,2025,2025-05-09,"County Ground, Hove",3,38.5,38.5,Sussex,Worcestershire,JM Coles,TP Alsop,BJ Gibbon,0,0,,,,,,,,,,,,,
1461848,2025,2025-05-09,"County Ground, Hove",3,38.6,38.6,Sussex,Worcestershire,JM Coles,TP Alsop,BJ Gibbon,4,0,,,,,,,,,,,,,
1461848,2025,2025-05-09,"County Ground, Hove",3,39.1,39.1,Sussex,Worcestershire,TP Alsop,JM Coles,MJ Waite,4,0,,,,,,,,,,,,,
1461848,2025,2025-05-09,"County Ground, Hove",3,39.2,39.2,Sussex,Worcestershire,TP Alsop,JM Coles,MJ Waite,0,0,,,,,,,,,,,,,
1461848,2025,2025-05-09,"County Ground, Hove",3,39.3,39.3,Sussex,Worcestershire,TP Alsop,JM Coles,MJ Waite,0,0,,,,,,,,,,,,,
1461848,2025,2025-05-09,"County Ground, Hove",3,39.4,39.4,Sussex,Worcestershire,TP Alsop,JM Coles,MJ Waite,0,0,,,,,,,,,,,,,
1461848,2025,2025-05-09,"County Ground, Hove",3,39.5,39.5,Sussex,Worcestershire,TP Alsop,JM Coles,MJ Waite,2,0,,,,,,,,,,,,,
1461848,2025,2025-05-09,"County Ground, Hove",3,39.6,39.6,Sussex,Worcestershire,TP Alsop,JM Coles,MJ Waite,0,0,,,,,,,,,,,,,
1461848,2025,2025-05-09,"County Ground, Hove",3,40.1,40.1,Sussex,Worcestershire,JM Coles,TP Alsop,BJ Gibbon,1,0,,,,,,,,,,,,,
1461848,2025,2025-05-09,"County Ground, Hove",3,40.2,40.2,Sussex,Worcestershire,TP Alsop,JM Coles,BJ Gibbon,0,0,,,,,,,,,,,,,
1461848,2025,2025-05-09,"County Ground, Hove",3,40.3,40.3,Sussex,Worcestershire,TP Alsop,JM Coles,BJ Gibbon,0,0,,,,,,,,,,,,,
1461848,2025,2025-05-09,"County Ground, Hove",3,40.4,40.4,Sussex,Worcestershire,TP Alsop,JM Coles,BJ Gibbon,0,0,,,,,,,,,,,,,
1461848,2025,2025-05-09,"County Ground, Hove",3,40.5,40.5,Sussex,Worcestershire,TP Alsop,JM Coles,BJ Gibbon,0,0,,,,,,,,,,,,,
1461848,2025,2025-05-09,"County Ground, Hove",3,40.6,40.6,Sussex,Worcestershire,TP Alsop,JM Coles,BJ Gibbon,4,0,,,,,,,,,,,,,
1461848,2025,2025-05-09,"County Ground, Hove",3,41.1,41.1,Sussex,Worcestershire,JM Coles,TP Alsop,MJ Waite,1,0,,,,,,,,,,,,,
1461848,2025,2025-05-09,"County Ground, Hove",3,41.2,41.2,Sussex,Worcestershire,TP Alsop,JM Coles,MJ Waite,1,0,,,,,,,,,,,,,
1461848,2025,2025-05-09,"County Ground, Hove",3,41.3,41.3,Sussex,Worcestershire,JM Coles,TP Alsop,MJ Waite,0,0,,,,,,,,,,,,,
1461848,2025,2025-05-09,"County Ground, Hove",3,41.4,41.4,Sussex,Worcestershire,JM Coles,TP Alsop,MJ Waite,0,0,,,,,,,,,,,,,
1461848,2025,2025-05-09,"County Ground, Hove",3,41.5,41.5,Sussex,Worcestershire,JM Coles,TP Alsop,MJ Waite,1,0,,,,,,,,,,,,,
1461848,2025,2025-05-09,"County Ground, Hove",3,41.6,41.6,Sussex,Worcestershire,TP Alsop,JM Coles,MJ Waite,0,0,,,,,,,,,,,,,
1461848,2025,2025-05-09,"County Ground, Hove",3,42.1,42.1,Sussex,Worcestershire,JM Coles,TP Alsop,BJ Gibbon,0,0,,,,,,,,,,,,,
1461848,2025,2025-05-09,"County Ground, Hove",3,42.2,42.2,Sussex,Worcestershire,JM Coles,TP Alsop,BJ Gibbon,0,0,,,,,,,,,,,,,
1461848,2025,2025-05-09,"County Ground, Hove",3,42.3,42.3,Sussex,Worcestershire,JM Coles,TP Alsop,BJ Gibbon,0,0,,,,,,,,,,,,,
1461848,2025,2025-05-09,"County Ground, Hove",3,42.4,42.4,Sussex,Worcestershire,JM Coles,TP Alsop,BJ Gibbon,0,0,,,,,,,,,,,,,
1461848,2025,2025-05-09,"County Ground, Hove",3,42.5,42.5,Sussex,Worcestershire,JM Coles,TP Alsop,BJ Gibbon,1,0,,,,,,,,,,,,,
1461848,2025,2025-05-09,"County Ground, Hove",3,42.6,42.6,Sussex,Worcestershire,TP Alsop,JM Coles,BJ Gibbon,0,0,,,,,,,,,,,,,
1461848,2025,2025-05-09,"County Ground, Hove",3,43.1,43.1,Sussex,Worcestershire,JM Coles,TP Alsop,MJ Waite,4,0,,,,,,,,,,,,,
1461848,2025,2025-05-09,"County Ground, Hove",3,43.2,43.2,Sussex,Worcestershire,JM Coles,TP Alsop,MJ Waite,1,0,,,,,,,,,,,,,
1461848,2025,2025-05-09,"County Ground, Hove",3,43.3,43.3,Sussex,Worcestershire,TP Alsop,JM Coles,MJ Waite,0,0,,,,,,,,,,,,,
1461848,2025,2025-05-09,"County Ground, Hove",3,43.4,43.4,Sussex,Worcestershire,TP Alsop,JM Coles,MJ Waite,1,0,,,,,,,,,,,,,
1461848,2025,2025-05-09,"County Ground, Hove",3,43.5,43.5,Sussex,Worcestershire,JM Coles,TP Alsop,MJ Waite,4,0,,,,,,,,,,,,,
1461848,2025,2025-05-09,"County Ground, Hove",3,43.6,43.6,Sussex,Worcestershire,JM Coles,TP Alsop,MJ Waite,0,0,,,,,,,,,,,,,
1461848,2025,2025-05-09,"County Ground, Hove",3,44.1,44.1,Sussex,Worcestershire,TP Alsop,JM Coles,BJ Gibbon,1,0,,,,,,,,,,,,,
1461848,2025,2025-05-09,"County Ground, Hove",3,44.2,44.2,Sussex,Worcestershire,JM Coles,TP Alsop,BJ Gibbon,2,0,,,,,,,,,,,,,
1461848,2025,2025-05-09,"County Ground, Hove",3,44.3,44.3,Sussex,Worcestershire,JM Coles,TP Alsop,BJ Gibbon,1,0,,,,,,,,,,,,,
1461848,2025,2025-05-09,"County Ground, Hove",3,44.4,44.4,Sussex,Worcestershire,TP Alsop,JM Coles,BJ Gibbon,1,0,,,,,,,,,,,,,
1461848,2025,2025-05-09,"County Ground, Hove",3,44.5,44.5,Sussex,Worcestershire,JM Coles,TP Alsop,BJ Gibbon,0,0,,,,,,,,,,,,,
1461848,2025,2025-05-09,"County Ground, Hove",3,44.6,44.6,Sussex,Worcestershire,JM Coles,TP Alsop,BJ Gibbon,0,0,,,,,,,,,,,,,
1461848,2025,2025-05-09,"County Ground, Hove",3,45.1,45.1,Sussex,Worcestershire,TP Alsop,JM Coles,MJ Waite,1,0,,,,,,,,,,,,,
1461848,2025,2025-05-09,"County Ground, Hove",3,45.2,45.2,Sussex,Worcestershire,JM Coles,TP Alsop,MJ Waite,0,0,,,,,,,,,,,,,
1461848,2025,2025-05-09,"County Ground, Hove",3,45.3,45.3,Sussex,Worcestershire,JM Coles,TP Alsop,MJ Waite,0,0,,,,,,,,,,,,,
1461848,2025,2025-05-09,"County Ground, Hove",3,45.4,45.4,Sussex,Worcestershire,JM Coles,TP Alsop,MJ Waite,0,0,,,,,,,,,,,,,
1461848,2025,2025-05-09,"County Ground, Hove",3,45.5,45.5,Sussex,Worcestershire,JM Coles,TP Alsop,MJ Waite,0,0,,,,,,,,,,,,,
1461848,2025,2025-05-09,"County Ground, Hove",3,45.6,45.6,Sussex,Worcestershire,JM Coles,TP Alsop,MJ Waite,0,0,,,,,,,,,,,,,
1461848,2025,2025-05-09,"County Ground, Hove",3,46.1,46.1,Sussex,Worcestershire,TP Alsop,JM Coles,F Singh,0,0,,,,,,,,,,,,,
1461848,2025,2025-05-09,"County Ground, Hove",3,46.2,46.2,Sussex,Worcestershire,TP Alsop,JM Coles,F Singh,0,0,,,,,,,,,,,,,
1461848,2025,2025-05-09,"County Ground, Hove",3,46.3,46.3,Sussex,Worcestershire,TP Alsop,JM Coles,F Singh,2,0,,,,,,,,,,,,,
1461848,2025,2025-05-09,"County Ground, Hove",3,46.4,46.4,Sussex,Worcestershire,TP Alsop,JM Coles,F Singh,0,0,,,,,,,,,,,,,
1461848,2025,2025-05-09,"County Ground, Hove",3,46.5,46.5,Sussex,Worcestershire,TP Alsop,JM Coles,F Singh,0,0,,,,,,,,,,,,,
1461848,2025,2025-05-09,"County Ground, Hove",3,46.6,46.6,Sussex,Worcestershire,TP Alsop,JM Coles,F Singh,0,0,,,,,,,,,,,,,
1461848,2025,2025-05-09,"County Ground, Hove",3,47.1,47.1,Sussex,Worcestershire,JM Coles,TP Alsop,MJ Waite,0,0,,,,,,,,,,,,,
1461848,2025,2025-05-09,"County Ground, Hove",3,47.2,47.2,Sussex,Worcestershire,JM Coles,TP Alsop,MJ Waite,0,0,,,,,,,,,,,,,
1461848,2025,2025-05-09,"County Ground, Hove",3,47.3,47.3,Sussex,Worcestershire,JM Coles,TP Alsop,MJ Waite,0,0,,,,,,,,,,,,,
1461848,2025,2025-05-09,"County Ground, Hove",3,47.4,47.4,Sussex,Worcestershire,JM Coles,TP Alsop,MJ Waite,0,0,,,,,,,,,,,,,
1461848,2025,2025-05-09,"County Ground, Hove",3,47.5,47.5,Sussex,Worcestershire,JM Coles,TP Alsop,MJ Waite,0,0,,,,,,,,,,,,,
1461848,2025,2025-05-09,"County Ground, Hove",3,47.6,47.6,Sussex,Worcestershire,JM Coles,TP Alsop,MJ Waite,0,0,,,,,,,lbw,JM Coles,,,,,
1461848,2025,2025-05-09,"County Ground, Hove",3,48.1,48.1,Sussex,Worcestershire,TP Alsop,JA Simpson,F Singh,4,0,,,,,,,,,,,,,
1461848,2025,2025-05-09,"County Ground, Hove",3,48.2,48.2,Sussex,Worcestershire,TP Alsop,JA Simpson,F Singh,1,0,,,,,,,,,,,,,
1461848,2025,2025-05-09,"County Ground, Hove",3,48.3,48.3,Sussex,Worcestershire,JA Simpson,TP Alsop,F Singh,0,0,,,,,,,,,,,,,
1461848,2025,2025-05-09,"County Ground, Hove",3,48.4,48.4,Sussex,Worcestershire,JA Simpson,TP Alsop,F Singh,0,1,,,,1,,,,,,,,,
1461848,2025,2025-05-09,"County Ground, Hove",3,48.5,48.5,Sussex,Worcestershire,TP Alsop,JA Simpson,F Singh,0,0,,,,,,,,,,,,,
1461848,2025,2025-05-09,"County Ground, Hove",3,48.6,48.6,Sussex,Worcestershire,TP Alsop,JA Simpson,F Singh,0,0,,,,,,,,,,,,,
1461848,2025,2025-05-09,"County Ground, Hove",3,49.1,49.1,Sussex,Worcestershire,JA Simpson,TP Alsop,MJ Waite,0,0,,,,,,,,,,,,,
1461848,2025,2025-05-09,"County Ground, Hove",3,49.2,49.2,Sussex,Worcestershire,JA Simpson,TP Alsop,MJ Waite,0,0,,,,,,,,,,,,,
1461848,2025,2025-05-09,"County Ground, Hove",3,49.3,49.3,Sussex,Worcestershire,JA Simpson,TP Alsop,MJ Waite,4,0,,,,,,,,,,,,,
1461848,2025,2025-05-09,"County Ground, Hove",3,49.4,49.4,Sussex,Worcestershire,JA Simpson,TP Alsop,MJ Waite,0,0,,,,,,,,,,,,,
1461848,2025,2025-05-09,"County Ground, Hove",3,49.5,49.5,Sussex,Worcestershire,JA Simpson,TP Alsop,MJ Waite,0,0,,,,,,,,,,,,,
1461848,2025,2025-05-09,"County Ground, Hove",3,49.6,49.6,Sussex,Worcestershire,JA Simpson,TP Alsop,MJ Waite,0,0,,,,,,,,,,,,,
1461848,2025,2025-05-09,"County Ground, Hove",3,50.1,50.1,Sussex,Worcestershire,TP Alsop,JA Simpson,TAI Taylor,0,0,,,,,,,,,,,,,
1461848,2025,2025-05-09,"County Ground, Hove",3,50.2,50.2,Sussex,Worcestershire,TP Alsop,JA Simpson,TAI Taylor,0,0,,,,,,,,,,,,,
1461848,2025,2025-05-09,"County Ground, Hove",3,50.3,50.3,Sussex,Worcestershire,TP Alsop,JA Simpson,TAI Taylor,0,0,,,,,,,,,,,,,
1461848,2025,2025-05-09,"County Ground, Hove",3,50.4,50.4,Sussex,Worcestershire,TP Alsop,JA Simpson,TAI Taylor,4,0,,,,,,,,,,,,,
1461848,2025,2025-05-09,"County Ground, Hove",3,50.5,50.5,Sussex,Worcestershire,TP Alsop,JA Simpson,TAI Taylor,1,0,,,,,,,,,,,,,
1461848,2025,2025-05-09,"County Ground, Hove",3,50.6,50.6,Sussex,Worcestershire,JA Simpson,TP Alsop,TAI Taylor,0,0,,,,,,,,,,,,,
1461848,2025,2025-05-09,"County Ground, Hove",3,51.1,51.1,Sussex,Worcestershire,TP Alsop,JA Simpson,F Singh,1,0,,,,,,,,,,,,,
1461848,2025,2025-05-09,"County Ground, Hove",3,51.2,51.2,Sussex,Worcestershire,JA Simpson,TP Alsop,F Singh,4,0,,,,,,,,,,,,,
1461848,2025,2025-05-09,"County Ground, Hove",3,51.3,51.3,Sussex,Worcestershire,JA Simpson,TP Alsop,F Singh,0,0,,,,,,,,,,,,,
1461848,2025,2025-05-09,"County Ground, Hove",3,51.4,51.4,Sussex,Worcestershire,JA Simpson,TP Alsop,F Singh,0,0,,,,,,,,,,,,,
1461848,2025,2025-05-09,"County Ground, Hove",3,51.5,51.5,Sussex,Worcestershire,JA Simpson,TP Alsop,F Singh,0,0,,,,,,,,,,,,,
1461848,2025,2025-05-09,"County Ground, Hove",3,51.6,51.6,Sussex,Worcestershire,JA Simpson,TP Alsop,F Singh,0,0,,,,,,,,,,,,,
1461848,2025,2025-05-09,"County Ground, Hove",3,52.1,52.1,Sussex,Worcestershire,TP Alsop,JA Simpson,TAI Taylor,0,0,,,,,,,,,,,,,
1461848,2025,2025-05-09,"County Ground, Hove",3,52.2,52.2,Sussex,Worcestershire,TP Alsop,JA Simpson,TAI Taylor,0,0,,,,,,,,,,,,,
1461848,2025,2025-05-09,"County Ground, Hove",3,52.3,52.3,Sussex,Worcestershire,TP Alsop,JA Simpson,TAI Taylor,1,0,,,,,,,,,,,,,
1461848,2025,2025-05-09,"County Ground, Hove",3,52.4,52.4,Sussex,Worcestershire,JA Simpson,TP Alsop,TAI Taylor,0,0,,,,,,,,,,,,,
1461848,2025,2025-05-09,"County Ground, Hove",3,52.5,52.5,Sussex,Worcestershire,JA Simpson,TP Alsop,TAI Taylor,0,0,,,,,,,,,,,,,
1461848,2025,2025-05-09,"County Ground, Hove",3,52.6,52.6,Sussex,Worcestershire,JA Simpson,TP Alsop,TAI Taylor,0,0,,,,,,,,,,,,,
1461848,2025,2025-05-09,"County Ground, Hove",3,53.1,53.1,Sussex,Worcestershire,TP Alsop,JA Simpson,F Singh,0,0,,,,,,,lbw,TP Alsop,,,,,
1461848,2025,2025-05-09,"County Ground, Hove",3,53.2,53.2,Sussex,Worcestershire,FJ Hudson-Prentice,JA Simpson,F Singh,0,0,,,,,,,,,,,,,
1461848,2025,2025-05-09,"County Ground, Hove",3,53.3,53.3,Sussex,Worcestershire,FJ Hudson-Prentice,JA Simpson,F Singh,1,0,,,,,,,,,,,,,
1461848,2025,2025-05-09,"County Ground, Hove",3,53.4,53.4,Sussex,Worcestershire,JA Simpson,FJ Hudson-Prentice,F Singh,0,0,,,,,,,,,,,,,
1461848,2025,2025-05-09,"County Ground, Hove",3,53.5,53.5,Sussex,Worcestershire,JA Simpson,FJ Hudson-Prentice,F Singh,1,0,,,,,,,,,,,,,
1461848,2025,2025-05-09,"County Ground, Hove",3,53.6,53.6,Sussex,Worcestershire,FJ Hudson-Prentice,JA Simpson,F Singh,0,0,,,,,,,,,,,,,
1461848,2025,2025-05-09,"County Ground, Hove",3,54.1,54.1,Sussex,Worcestershire,JA Simpson,FJ Hudson-Prentice,TAI Taylor,0,0,,,,,,,,,,,,,
1461848,2025,2025-05-09,"County Ground, Hove",3,54.2,54.2,Sussex,Worcestershire,JA Simpson,FJ Hudson-Prentice,TAI Taylor,0,0,,,,,,,,,,,,,
1461848,2025,2025-05-09,"County Ground, Hove",3,54.3,54.3,Sussex,Worcestershire,JA Simpson,FJ Hudson-Prentice,TAI Taylor,0,0,,,,,,,,,,,,,
1461848,2025,2025-05-09,"County Ground, Hove",3,54.4,54.4,Sussex,Worcestershire,JA Simpson,FJ Hudson-Prentice,TAI Taylor,0,0,,,,,,,,,,,,,
1461848,2025,2025-05-09,"County Ground, Hove",3,54.5,54.5,Sussex,Worcestershire,JA Simpson,FJ Hudson-Prentice,TAI Taylor,0,0,,,,,,,,,,,,,
1461848,2025,2025-05-09,"County Ground, Hove",3,54.6,54.6,Sussex,Worcestershire,JA Simpson,FJ Hudson-Prentice,TAI Taylor,0,0,,,,,,,,,,,,,
1461848,2025,2025-05-09,"County Ground, Hove",3,55.1,55.1,Sussex,Worcestershire,FJ Hudson-Prentice,JA Simpson,F Singh,4,0,,,,,,,,,,,,,
1461848,2025,2025-05-09,"County Ground, Hove",3,55.2,55.2,Sussex,Worcestershire,FJ Hudson-Prentice,JA Simpson,F Singh,0,0,,,,,,,,,,,,,
1461848,2025,2025-05-09,"County Ground, Hove",3,55.3,55.3,Sussex,Worcestershire,FJ Hudson-Prentice,JA Simpson,F Singh,1,0,,,,,,,,,,,,,
1461848,2025,2025-05-09,"County Ground, Hove",3,55.4,55.4,Sussex,Worcestershire,JA Simpson,FJ Hudson-Prentice,F Singh,1,0,,,,,,,,,,,,,
1461848,2025,2025-05-09,"County Ground, Hove",3,55.5,55.5,Sussex,Worcestershire,FJ Hudson-Prentice,JA Simpson,F Singh,0,0,,,,,,,,,,,,,
1461848,2025,2025-05-09,"County Ground, Hove",3,55.6,55.6,Sussex,Worcestershire,FJ Hudson-Prentice,JA Simpson,F Singh,0,0,,,,,,,,,,,,,
1461848,2025,2025-05-09,"County Ground, Hove",3,56.1,56.1,Sussex,Worcestershire,JA Simpson,FJ Hudson-Prentice,BMJ Allison,1,0,,,,,,,,,,,,,
1461848,2025,2025-05-09,"County Ground, Hove",3,56.2,56.2,Sussex,Worcestershire,FJ Hudson-Prentice,JA Simpson,BMJ Allison,4,0,,,,,,,,,,,,,
1461848,2025,2025-05-09,"County Ground, Hove",3,56.3,56.3,Sussex,Worcestershire,FJ Hudson-Prentice,JA Simpson,BMJ Allison,0,0,,,,,,,,,,,,,
1461848,2025,2025-05-09,"County Ground, Hove",3,56.4,56.4,Sussex,Worcestershire,FJ Hudson-Prentice,JA Simpson,BMJ Allison,0,0,,,,,,,caught,FJ Hudson-Prentice,,,GH Roderick,,
1461848,2025,2025-05-09,"County Ground, Hove",3,56.5,56.5,Sussex,Worcestershire,JJ Carson,JA Simpson,BMJ Allison,0,0,,,,,,,,,,,,,
1461848,2025,2025-05-09,"County Ground, Hove",3,56.6,56.6,Sussex,Worcestershire,JJ Carson,JA Simpson,BMJ Allison,0,0,,,,,,,,,,,,,
1461848,2025,2025-05-09,"County Ground, Hove",3,57.1,57.1,Sussex,Worcestershire,JA Simpson,JJ Carson,F Singh,0,0,,,,,,,,,,,,,
1461848,2025,2025-05-09,"County Ground, Hove",3,57.2,57.2,Sussex,Worcestershire,JA Simpson,JJ Carson,F Singh,0,0,,,,,,,,,,,,,
1461848,2025,2025-05-09,"County Ground, Hove",3,57.3,57.3,Sussex,Worcestershire,JA Simpson,JJ Carson,F Singh,1,0,,,,,,,,,,,,,
1461848,2025,2025-05-09,"County Ground, Hove",3,57.4,57.4,Sussex,Worcestershire,JJ Carson,JA Simpson,F Singh,0,0,,,,,,,,,,,,,
1461848,2025,2025-05-09,"County Ground, Hove",3,57.5,57.5,Sussex,Worcestershire,JJ Carson,JA Simpson,F Singh,0,0,,,,,,,,,,,,,
1461848,2025,2025-05-09,"County Ground, Hove",3,57.6,57.6,Sussex,Worcestershire,JJ Carson,JA Simpson,F Singh,0,0,,,,,,,,,,,,,
1461848,2025,2025-05-09,"County Ground, Hove",3,58.1,58.1,Sussex,Worcestershire,JA Simpson,JJ Carson,BMJ Allison,0,0,,,,,,,,,,,,,
1461848,2025,2025-05-09,"County Ground, Hove",3,58.2,58.2,Sussex,Worcestershire,JA Simpson,JJ Carson,BMJ Allison,0,0,,,,,,,,,,,,,
1461848,2025,2025-05-09,"County Ground, Hove",3,58.3,58.3,Sussex,Worcestershire,JA Simpson,JJ Carson,BMJ Allison,0,0,,,,,,,,,,,,,
1461848,2025,2025-05-09,"County Ground, Hove",3,58.4,58.4,Sussex,Worcestershire,JA Simpson,JJ Carson,BMJ Allison,0,0,,,,,,,,,,,,,
1461848,2025,2025-05-09,"County Ground, Hove",3,58.5,58.5,Sussex,Worcestershire,JA Simpson,JJ Carson,BMJ Allison,0,0,,,,,,,,,,,,,
1461848,2025,2025-05-09,"County Ground, Hove",3,58.6,58.6,Sussex,Worcestershire,JA Simpson,JJ Carson,BMJ Allison,0,0,,,,,,,,,,,,,
1461848,2025,2025-05-09,"County Ground, Hove",3,59.1,59.1,Sussex,Worcestershire,JJ Carson,JA Simpson,F Singh,0,0,,,,,,,,,,,,,
1461848,2025,2025-05-09,"County Ground, Hove",3,59.2,59.2,Sussex,Worcestershire,JJ Carson,JA Simpson,F Singh,4,0,,,,,,,,,,,,,
1461848,2025,2025-05-09,"County Ground, Hove",3,59.3,59.3,Sussex,Worcestershire,JJ Carson,JA Simpson,F Singh,1,0,,,,,,,,,,,,,
1461848,2025,2025-05-09,"County Ground, Hove",3,59.4,59.4,Sussex,Worcestershire,JA Simpson,JJ Carson,F Singh,0,0,,,,,,,,,,,,,
1461848,2025,2025-05-09,"County Ground, Hove",3,59.5,59.5,Sussex,Worcestershire,JA Simpson,JJ Carson,F Singh,0,0,,,,,,,,,,,,,
1461848,2025,2025-05-09,"County Ground, Hove",3,59.6,59.6,Sussex,Worcestershire,JA Simpson,JJ Carson,F Singh,0,0,,,,,,,,,,,,,
1461848,2025,2025-05-09,"County Ground, Hove",3,60.1,60.1,Sussex,Worcestershire,JJ Carson,JA Simpson,BMJ Allison,4,0,,,,,,,,,,,,,
1461848,2025,2025-05-09,"County Ground, Hove",3,60.2,60.2,Sussex,Worcestershire,JJ Carson,JA Simpson,BMJ Allison,0,0,,,,,,,,,,,,,
1461848,2025,2025-05-09,"County Ground, Hove",3,60.3,60.3,Sussex,Worcestershire,JJ Carson,JA Simpson,BMJ Allison,0,0,,,,,,,,,,,,,
1461848,2025,2025-05-09,"County Ground, Hove",3,60.4,60.4,Sussex,Worcestershire,JJ Carson,JA Simpson,BMJ Allison,0,0,,,,,,,,,,,,,
1461848,2025,2025-05-09,"County Ground, Hove",3,60.5,60.5,Sussex,Worcestershire,JJ Carson,JA Simpson,BMJ Allison,0,0,,,,,,,,,,,,,
1461848,2025,2025-05-09,"County Ground, Hove",3,60.6,60.6,Sussex,Worcestershire,JJ Carson,JA Simpson,BMJ Allison,0,0,,,,,,,,,,,,,
1461848,2025,2025-05-09,"County Ground, Hove",3,61.1,61.1,Sussex,Worcestershire,JA Simpson,JJ Carson,F Singh,0,0,,,,,,,,,,,,,
1461848,2025,2025-05-09,"County Ground, Hove",3,61.2,61.2,Sussex,Worcestershire,JA Simpson,JJ Carson,F Singh,0,0,,,,,,,,,,,,,
1461848,2025,2025-05-09,"County Ground, Hove",3,61.3,61.3,Sussex,Worcestershire,JA Simpson,JJ Carson,F Singh,0,0,,,,,,,,,,,,,
1461848,2025,2025-05-09,"County Ground, Hove",3,61.4,61.4,Sussex,Worcestershire,JA Simpson,JJ Carson,F Singh,1,0,,,,,,,,,,,,,
1461848,2025,2025-05-09,"County Ground, Hove",3,61.5,61.5,Sussex,Worcestershire,JJ Carson,JA Simpson,F Singh,0,0,,,,,,,,,,,,,
1461848,2025,2025-05-09,"County Ground, Hove",3,61.6,61.6,Sussex,Worcestershire,JJ Carson,JA Simpson,F Singh,0,0,,,,,,,,,,,,,
1461848,2025,2025-05-09,"County Ground, Hove",3,62.1,62.1,Sussex,Worcestershire,JA Simpson,JJ Carson,BMJ Allison,0,0,,,,,,,,,,,,,
1461848,2025,2025-05-09,"County Ground, Hove",3,62.2,62.2,Sussex,Worcestershire,JA Simpson,JJ Carson,BMJ Allison,0,0,,,,,,,caught,JA Simpson,,,GH Roderick,,
1461848,2025,2025-05-09,"County Ground, Hove",3,62.3,62.3,Sussex,Worcestershire,OE Robinson,JJ Carson,BMJ Allison,0,0,,,,,,,,,,,,,
1461848,2025,2025-05-09,"County Ground, Hove",3,62.4,62.4,Sussex,Worcestershire,OE Robinson,JJ Carson,BMJ Allison,4,0,,,,,,,,,,,,,
1461848,2025,2025-05-09,"County Ground, Hove",3,62.5,62.5,Sussex,Worcestershire,OE Robinson,JJ Carson,BMJ Allison,4,0,,,,,,,,,,,,,
1461848,2025,2025-05-09,"County Ground, Hove",3,62.6,62.6,Sussex,Worcestershire,OE Robinson,JJ Carson,BMJ Allison,0,0,,,,,,,,,,,,,
1461848,2025,2025-05-09,"County Ground, Hove",3,63.1,63.1,Sussex,Worcestershire,JJ Carson,OE Robinson,F Singh,0,0,,,,,,,,,,,,,
1461848,2025,2025-05-09,"County Ground, Hove",3,63.2,63.2,Sussex,Worcestershire,JJ Carson,OE Robinson,F Singh,0,0,,,,,,,,,,,,,
1461848,2025,2025-05-09,"County Ground, Hove",3,63.3,63.3,Sussex,Worcestershire,JJ Carson,OE Robinson,F Singh,0,0,,,,,,,,,,,,,
1461848,2025,2025-05-09,"County Ground, Hove",3,63.4,63.4,Sussex,Worcestershire,JJ Carson,OE Robinson,F Singh,0,0,,,,,,,,,,,,,
1461848,2025,2025-05-09,"County Ground, Hove",3,63.5,63.5,Sussex,Worcestershire,JJ Carson,OE Robinson,F Singh,0,0,,,,,,,,,,,,,
1461848,2025,2025-05-09,"County Ground, Hove",3,63.6,63.6,Sussex,Worcestershire,JJ Carson,OE Robinson,F Singh,0,0,,,,,,,,,,,,,
1461848,2025,2025-05-09,"County Ground, Hove",3,64.1,64.1,Sussex,Worcestershire,OE Robinson,JJ Carson,BMJ Allison,0,0,,,,,,,,,,,,,
1461848,2025,2025-05-09,"County Ground, Hove",3,64.2,64.2,Sussex,Worcestershire,OE Robinson,JJ Carson,BMJ Allison,0,0,,,,,,,,,,,,,
1461848,2025,2025-05-09,"County Ground, Hove",3,64.3,64.3,Sussex,Worcestershire,OE Robinson,JJ Carson,BMJ Allison,0,0,,,,,,,,,,,,,
1461848,2025,2025-05-09,"County Ground, Hove",3,64.4,64.4,Sussex,Worcestershire,OE Robinson,JJ Carson,BMJ Allison,0,0,,,,,,,,,,,,,
1461848,2025,2025-05-09,"County Ground, Hove",3,64.5,64.5,Sussex,Worcestershire,OE Robinson,JJ Carson,BMJ Allison,0,0,,,,,,,,,,,,,
1461848,2025,2025-05-09,"County Ground, Hove",3,64.6,64.6,Sussex,Worcestershire,OE Robinson,JJ Carson,BMJ Allison,0,0,,,,,,,,,,,,,
1461848,2025,2025-05-09,"County Ground, Hove",3,65.1,65.1,Sussex,Worcestershire,JJ Carson,OE Robinson,F Singh,1,0,,,,,,,,,,,,,
1461848,2025,2025-05-09,"County Ground, Hove",3,65.2,65.2,Sussex,Worcestershire,OE Robinson,JJ Carson,F Singh,4,0,,,,,,,,,,,,,
1461848,2025,2025-05-09,"County Ground, Hove",3,65.3,65.3,Sussex,Worcestershire,OE Robinson,JJ Carson,F Singh,4,0,,,,,,,,,,,,,
1461848,2025,2025-05-09,"County Ground, Hove",3,65.4,65.4,Sussex,Worcestershire,OE Robinson,JJ Carson,F Singh,0,0,,,,,,,,,,,,,
1461848,2025,2025-05-09,"County Ground, Hove",3,65.5,65.5,Sussex,Worcestershire,OE Robinson,JJ Carson,F Singh,1,0,,,,,,,,,,,,,
1461848,2025,2025-05-09,"County Ground, Hove",3,65.6,65.6,Sussex,Worcestershire,JJ Carson,OE Robinson,F Singh,0,0,,,,,,,,,,,,,
1461848,2025,2025-05-09,"County Ground, Hove",3,66.1,66.1,Sussex,Worcestershire,OE Robinson,JJ Carson,BJ Gibbon,0,0,,,,,,,,,,,,,
1461848,2025,2025-05-09,"County Ground, Hove",3,66.2,66.2,Sussex,Worcestershire,OE Robinson,JJ Carson,BJ Gibbon,2,0,,,,,,,,,,,,,
1461848,2025,2025-05-09,"County Ground, Hove",3,66.3,66.3,Sussex,Worcestershire,OE Robinson,JJ Carson,BJ Gibbon,1,0,,,,,,,,,,,,,
1461848,2025,2025-05-09,"County Ground, Hove",3,66.4,66.4,Sussex,Worcestershire,JJ Carson,OE Robinson,BJ Gibbon,0,0,,,,,,,,,,,,,
1461848,2025,2025-05-09,"County Ground, Hove",3,66.5,66.5,Sussex,Worcestershire,JJ Carson,OE Robinson,BJ Gibbon,4,0,,,,,,,,,,,,,
1461848,2025,2025-05-09,"County Ground, Hove",3,66.6,66.6,Sussex,Worcestershire,JJ Carson,OE Robinson,BJ Gibbon,1,0,,,,,,,,,,,,,
1461848,2025,2025-05-09,"County Ground, Hove",3,67.1,67.1,Sussex,Worcestershire,JJ Carson,OE Robinson,F Singh,0,0,,,,,,,,,,,,,
1461848,2025,2025-05-09,"County Ground, Hove",3,67.2,67.2,Sussex,Worcestershire,JJ Carson,OE Robinson,F Singh,0,0,,,,,,,,,,,,,
1461848,2025,2025-05-09,"County Ground, Hove",3,67.3,67.3,Sussex,Worcestershire,JJ Carson,OE Robinson,F Singh,0,0,,,,,,,,,,,,,
1461848,2025,2025-05-09,"County Ground, Hove",3,67.4,67.4,Sussex,Worcestershire,JJ Carson,OE Robinson,F Singh,0,0,,,,,,,,,,,,,
1461848,2025,2025-05-09,"County Ground, Hove",3,67.5,67.5,Sussex,Worcestershire,JJ Carson,OE Robinson,F Singh,0,0,,,,,,,,,,,,,
1461848,2025,2025-05-09,"County Ground, Hove",3,67.6,67.6,Sussex,Worcestershire,JJ Carson,OE Robinson,F Singh,0,0,,,,,,,,,,,,,
1461848,2025,2025-05-09,"County Ground, Hove",3,68.1,68.1,Sussex,Worcestershire,OE Robinson,JJ Carson,BJ Gibbon,0,0,,,,,,,,,,,,,
1461848,2025,2025-05-09,"County Ground, Hove",3,68.2,68.2,Sussex,Worcestershire,OE Robinson,JJ Carson,BJ Gibbon,0,0,,,,,,,,,,,,,
1461848,2025,2025-05-09,"County Ground, Hove",3,68.3,68.3,Sussex,Worcestershire,OE Robinson,JJ Carson,BJ Gibbon,0,0,,,,,,,,,,,,,
1461848,2025,2025-05-09,"County Ground, Hove",3,68.4,68.4,Sussex,Worcestershire,OE Robinson,JJ Carson,BJ Gibbon,4,0,,,,,,,,,,,,,
1461848,2025,2025-05-09,"County Ground, Hove",3,68.5,68.5,Sussex,Worcestershire,OE Robinson,JJ Carson,BJ Gibbon,1,0,,,,,,,,,,,,,
1461848,2025,2025-05-09,"County Ground, Hove",3,68.6,68.6,Sussex,Worcestershire,JJ Carson,OE Robinson,BJ Gibbon,0,0,,,,,,,,,,,,,
1461848,2025,2025-05-09,"County Ground, Hove",3,69.1,69.1,Sussex,Worcestershire,OE Robinson,JJ Carson,F Singh,0,0,,,,,,,,,,,,,
1461848,2025,2025-05-09,"County Ground, Hove",3,69.2,69.2,Sussex,Worcestershire,OE Robinson,JJ Carson,F Singh,0,0,,,,,,,,,,,,,
1461848,2025,2025-05-09,"County Ground, Hove",3,69.3,69.3,Sussex,Worcestershire,OE Robinson,JJ Carson,F Singh,1,0,,,,,,,,,,,,,
1461848,2025,2025-05-09,"County Ground, Hove",3,69.4,69.4,Sussex,Worcestershire,JJ Carson,OE Robinson,F Singh,0,0,,,,,,,,,,,,,
1461848,2025,2025-05-09,"County Ground, Hove",3,69.5,69.5,Sussex,Worcestershire,JJ Carson,OE Robinson,F Singh,0,0,,,,,,,,,,,,,
1461848,2025,2025-05-09,"County Ground, Hove",3,69.6,69.6,Sussex,Worcestershire,JJ Carson,OE Robinson,F Singh,0,0,,,,,,,,,,,,,
1461848,2025,2025-05-09,"County Ground, Hove",3,70.1,70.1,Sussex,Worcestershire,OE Robinson,JJ Carson,BJ Gibbon,0,0,,,,,,,,,,,,,
1461848,2025,2025-05-09,"County Ground, Hove",3,70.2,70.2,Sussex,Worcestershire,OE Robinson,JJ Carson,BJ Gibbon,1,0,,,,,,,,,,,,,
1461848,2025,2025-05-09,"County Ground, Hove",3,70.3,70.3,Sussex,Worcestershire,JJ Carson,OE Robinson,BJ Gibbon,0,0,,,,,,,,,,,,,
1461848,2025,2025-05-09,"County Ground, Hove",3,70.4,70.4,Sussex,Worcestershire,JJ Carson,OE Robinson,BJ Gibbon,0,0,,,,,,,,,,,,,
1461848,2025,2025-05-09,"County Ground, Hove",3,70.5,70.5,Sussex,Worcestershire,JJ Carson,OE Robinson,BJ Gibbon,2,0,,,,,,,,,,,,,
1461848,2025,2025-05-09,"County Ground, Hove",3,70.6,70.6,Sussex,Worcestershire,JJ Carson,OE Robinson,BJ Gibbon,0,0,,,,,,,,,,,,,
1461848,2025,2025-05-09,"County Ground, Hove",3,71.1,71.1,Sussex,Worcestershire,OE Robinson,JJ Carson,F Singh,1,0,,,,,,,,,,,,,
1461848,2025,2025-05-09,"County Ground, Hove",3,71.2,71.2,Sussex,Worcestershire,JJ Carson,OE Robinson,F Singh,1,0,,,,,,,,,,,,,
1461848,2025,2025-05-09,"County Ground, Hove",3,71.3,71.3,Sussex,Worcestershire,OE Robinson,JJ Carson,F Singh,0,0,,,,,,,,,,,,,
1461848,2025,2025-05-09,"County Ground, Hove",3,71.4,71.4,Sussex,Worcestershire,OE Robinson,JJ Carson,F Singh,1,0,,,,,,,,,,,,,
1461848,2025,2025-05-09,"County Ground, Hove",3,71.5,71.5,Sussex,Worcestershire,JJ Carson,OE Robinson,F Singh,6,0,,,,,,,,,,,,,
1461848,2025,2025-05-09,"County Ground, Hove",3,71.6,71.6,Sussex,Worcestershire,JJ Carson,OE Robinson,F Singh,0,0,,,,,,,,,,,,,
1461848,2025,2025-05-09,"County Ground, Hove",3,72.1,72.1,Sussex,Worcestershire,OE Robinson,JJ Carson,BJ Gibbon,1,0,,,,,,,,,,,,,
1461848,2025,2025-05-09,"County Ground, Hove",3,72.2,72.2,Sussex,Worcestershire,JJ Carson,OE Robinson,BJ Gibbon,2,0,,,,,,,,,,,,,
1461848,2025,2025-05-09,"County Ground, Hove",3,72.3,72.3,Sussex,Worcestershire,JJ Carson,OE Robinson,BJ Gibbon,0,0,,,,,,,,,,,,,
1461848,2025,2025-05-09,"County Ground, Hove",3,72.4,72.4,Sussex,Worcestershire,JJ Carson,OE Robinson,BJ Gibbon,0,0,,,,,,,,,,,,,
1461848,2025,2025-05-09,"County Ground, Hove",3,72.5,72.5,Sussex,Worcestershire,JJ Carson,OE Robinson,BJ Gibbon,0,0,,,,,,,,,,,,,
1461848,2025,2025-05-09,"County Ground, Hove",3,72.6,72.6,Sussex,Worcestershire,JJ Carson,OE Robinson,BJ Gibbon,1,0,,,,,,,run out,OE Robinson,,,Kashif Ali,GH Roderick,
1461848,2025,2025-05-09,"County Ground, Hove",3,73.1,73.1,Sussex,Worcestershire,A Karvelas,JJ Carson,F Singh,0,0,,,,,,,,,,,,,
1461848,2025,2025-05-09,"County Ground, Hove",3,73.2,73.2,Sussex,Worcestershire,A Karvelas,JJ Carson,F Singh,0,0,,,,,,,,,,,,,
1461848,2025,2025-05-09,"County Ground, Hove",3,73.3,73.3,Sussex,Worcestershire,A Karvelas,JJ Carson,F Singh,0,0,,,,,,,,,,,,,
1461848,2025,2025-05-09,"County Ground, Hove",3,73.4,73.4,Sussex,Worcestershire,A Karvelas,JJ Carson,F Singh,1,0,,,,,,,,,,,,,
1461848,2025,2025-05-09,"County Ground, Hove",3,73.5,73.5,Sussex,Worcestershire,JJ Carson,A Karvelas,F Singh,0,0,,,,,,,,,,,,,
1461848,2025,2025-05-09,"County Ground, Hove",3,73.6,73.6,Sussex,Worcestershire,JJ Carson,A Karvelas,F Singh,0,0,,,,,,,,,,,,,
1461848,2025,2025-05-09,"County Ground, Hove",3,74.1,74.1,Sussex,Worcestershire,A Karvelas,JJ Carson,BJ Gibbon,0,0,,,,,,,,,,,,,
1461848,2025,2025-05-09,"County Ground, Hove",3,74.2,74.2,Sussex,Worcestershire,A Karvelas,JJ Carson,BJ Gibbon,0,0,,,,,,,,,,,,,
1461848,2025,2025-05-09,"County Ground, Hove",3,74.3,74.3,Sussex,Worcestershire,A Karvelas,JJ Carson,BJ Gibbon,0,0,,,,,,,,,,,,,
1461848,2025,2025-05-09,"County Ground, Hove",3,74.4,74.4,Sussex,Worcestershire,A Karvelas,JJ Carson,BJ Gibbon,0,0,,,,,,,,,,,,,
1461848,2025,2025-05-09,"County Ground, Hove",3,74.5,74.5,Sussex,Worcestershire,A Karvelas,JJ Carson,BJ Gibbon,0,0,,,,,,,,,,,,,
1461848,2025,2025-05-09,"County Ground, Hove",3,74.6,74.6,Sussex,Worcestershire,A Karvelas,JJ Carson,BJ Gibbon,0,0,,,,,,,,,,,,,
1461848,2025,2025-05-09,"County Ground, Hove",3,75.1,75.1,Sussex,Worcestershire,JJ Carson,A Karvelas,F Singh,2,0,,,,,,,,,,,,,
1461848,2025,2025-05-09,"County Ground, Hove",3,75.2,75.2,Sussex,Worcestershire,JJ Carson,A Karvelas,F Singh,1,0,,,,,,,,,,,,,
1461848,2025,2025-05-09,"County Ground, Hove",3,75.3,75.3,Sussex,Worcestershire,A Karvelas,JJ Carson,F Singh,0,0,,,,,,,,,,,,,
1461848,2025,2025-05-09,"County Ground, Hove",3,75.4,75.4,Sussex,Worcestershire,A Karvelas,JJ Carson,F Singh,0,0,,,,,,,bowled,A Karvelas,,,,,
1461848,2025,2025-05-09,"County Ground, Hove",3,75.5,75.5,Sussex,Worcestershire,JPH Hayes,JJ Carson,F Singh,0,0,,,,,,,,,,,,,
1461848,2025,2025-05-09,"County Ground, Hove",3,75.6,75.6,Sussex,Worcestershire,JPH Hayes,JJ Carson,F Singh,0,0,,,,,,,,,,,,,
1461848,2025,2025-05-09,"County Ground, Hove",3,76.1,76.1,Sussex,Worcestershire,JJ Carson,JPH Hayes,BJ Gibbon,2,0,,,,,,,,,,,,,
1461848,2025,2025-05-09,"County Ground, Hove",3,76.2,76.2,Sussex,Worcestershire,JJ Carson,JPH Hayes,BJ Gibbon,4,0,,,,,,,,,,,,,
1461848,2025,2025-05-09,"County Ground, Hove",3,76.3,76.3,Sussex,Worcestershire,JJ Carson,JPH Hayes,BJ Gibbon,0,0,,,,,,,,,,,,,
1461848,2025,2025-05-09,"County Ground, Hove",3,76.4,76.4,Sussex,Worcestershire,JJ Carson,JPH Hayes,BJ Gibbon,0,0,,,,,,,,,,,,,
1461848,2025,2025-05-09,"County Ground, Hove",3,76.5,76.5,Sussex,Worcestershire,JJ Carson,JPH Hayes,BJ Gibbon,1,0,,,,,,,,,,,,,
1461848,2025,2025-05-09,"County Ground, Hove",3,76.6,76.6,Sussex,Worcestershire,JPH Hayes,JJ Carson,BJ Gibbon,1,0,,,,,,,,,,,,,
1461848,2025,2025-05-09,"County Ground, Hove",3,77.1,77.1,Sussex,Worcestershire,JPH Hayes,JJ Carson,F Singh,0,0,,,,,,,,,,,,,
1461848,2025,2025-05-09,"County Ground, Hove",3,77.2,77.2,Sussex,Worcestershire,JPH Hayes,JJ Carson,F Singh,0,0,,,,,,,,,,,,,
1461848,2025,2025-05-09,"County Ground, Hove",3,77.3,77.3,Sussex,Worcestershire,JPH Hayes,JJ Carson,F Singh,4,0,,,,,,,,,,,,,
1461848,2025,2025-05-09,"County Ground, Hove",3,77.4,77.4,Sussex,Worcestershire,JPH Hayes,JJ Carson,F Singh,1,0,,,,,,,,,,,,,
1461848,2025,2025-05-09,"County Ground, Hove",3,77.5,77.5,Sussex,Worcestershire,JJ Carson,JPH Hayes,F Singh,1,0,,,,,,,,,,,,,
1461848,2025,2025-05-09,"County Ground, Hove",3,77.6,77.6,Sussex,Worcestershire,JPH Hayes,JJ Carson,F Singh,0,0,,,,,,,,,,,,,
1461848,2025,2025-05-09,"County Ground, Hove",3,78.1,78.1,Sussex,Worcestershire,JJ Carson,JPH Hayes,EA Brookes,1,0,,,,,,,,,,,,,
1461848,2025,2025-05-09,"County Ground, Hove",3,78.2,78.2,Sussex,Worcestershire,JPH Hayes,JJ Carson,EA Brookes,0,0,,,,,,,,,,,,,
1461848,2025,2025-05-09,"County Ground, Hove",3,78.3,78.3,Sussex,Worcestershire,JPH Hayes,JJ Carson,EA Brookes,1,0,,,,,,,,,,,,,
1461848,2025,2025-05-09,"County Ground, Hove",3,78.4,78.4,Sussex,Worcestershire,JJ Carson,JPH Hayes,EA Brookes,0,0,,,,,,,,,,,,,
1461848,2025,2025-05-09,"County Ground, Hove",3,78.5,78.5,Sussex,Worcestershire,JJ Carson,JPH Hayes,EA Brookes,0,0,,,,,,,,,,,,,
1461848,2025,2025-05-09,"County Ground, Hove",3,78.6,78.6,Sussex,Worcestershire,JJ Carson,JPH Hayes,EA Brookes,0,0,,,,,,,,,,,,,
1461848,2025,2025-05-09,"County Ground, Hove",3,79.1,79.1,Sussex,Worcestershire,JPH Hayes,JJ Carson,F Singh,0,0,,,,,,,,,,,,,
1461848,2025,2025-05-09,"County Ground, Hove",3,79.2,79.2,Sussex,Worcestershire,JPH Hayes,JJ Carson,F Singh,0,0,,,,,,,,,,,,,
1461848,2025,2025-05-09,"County Ground, Hove",3,79.3,79.3,Sussex,Worcestershire,JPH Hayes,JJ Carson,F Singh,0,0,,,,,,,,,,,,,
1461848,2025,2025-05-09,"County Ground, Hove",3,79.4,79.4,Sussex,Worcestershire,JPH Hayes,JJ Carson,F Singh,0,0,,,,,,,caught,JPH Hayes,,,EA Brookes,,
1461848,2025,2025-05-09,"County Ground, Hove",4,0.1,0.1,Worcestershire,Sussex,GH Roderick,JD Libby,OE Robinson,0,0,,,,,,,,,,,,,
1461848,2025,2025-05-09,"County Ground, Hove",4,0.2,0.2,Worcestershire,Sussex,GH Roderick,JD Libby,OE Robinson,2,0,,,,,,,,,,,,,
1461848,2025,2025-05-09,"County Ground, Hove",4,0.3,0.3,Worcestershire,Sussex,GH Roderick,JD Libby,OE Robinson,0,0,,,,,,,,,,,,,
1461848,2025,2025-05-09,"County Ground, Hove",4,0.4,0.4,Worcestershire,Sussex,GH Roderick,JD Libby,OE Robinson,0,0,,,,,,,,,,,,,
1461848,2025,2025-05-09,"County Ground, Hove",4,0.5,0.5,Worcestershire,Sussex,GH Roderick,JD Libby,OE Robinson,0,0,,,,,,,,,,,,,
1461848,2025,2025-05-09,"County Ground, Hove",4,0.6,0.6,Worcestershire,Sussex,GH Roderick,JD Libby,OE Robinson,0,0,,,,,,,,,,,,,
1461848,2025,2025-05-09,"County Ground, Hove",4,1.1,1.1,Worcestershire,Sussex,JD Libby,GH Roderick,A Karvelas,1,0,,,,,,,,,,,,,
1461848,2025,2025-05-09,"County Ground, Hove",4,1.2,1.2,Worcestershire,Sussex,GH Roderick,JD Libby,A Karvelas,0,0,,,,,,,,,,,,,
1461848,2025,2025-05-09,"County Ground, Hove",4,1.3,1.3,Worcestershire,Sussex,GH Roderick,JD Libby,A Karvelas,0,0,,,,,,,,,,,,,
1461848,2025,2025-05-09,"County Ground, Hove",4,1.4,1.4,Worcestershire,Sussex,GH Roderick,JD Libby,A Karvelas,0,0,,,,,,,,,,,,,
1461848,2025,2025-05-09,"County Ground, Hove",4,1.5,1.5,Worcestershire,Sussex,GH Roderick,JD Libby,A Karvelas,0,0,,,,,,,,,,,,,
1461848,2025,2025-05-09,"County Ground, Hove",4,1.6,1.6,Worcestershire,Sussex,GH Roderick,JD Libby,A Karvelas,1,0,,,,,,,,,,,,,
1461848,2025,2025-05-09,"County Ground, Hove",4,2.1,2.1,Worcestershire,Sussex,GH Roderick,JD Libby,OE Robinson,0,0,,,,,,,,,,,,,
1461848,2025,2025-05-09,"County Ground, Hove",4,2.2,2.2,Worcestershire,Sussex,GH Roderick,JD Libby,OE Robinson,0,0,,,,,,,,,,,,,
1461848,2025,2025-05-09,"County Ground, Hove",4,2.3,2.3,Worcestershire,Sussex,GH Roderick,JD Libby,OE Robinson,1,0,,,,,,,,,,,,,
1461848,2025,2025-05-09,"County Ground, Hove",4,2.4,2.4,Worcestershire,Sussex,JD Libby,GH Roderick,OE Robinson,0,0,,,,,,,,,,,,,
1461848,2025,2025-05-09,"County Ground, Hove",4,2.5,2.5,Worcestershire,Sussex,JD Libby,GH Roderick,OE Robinson,0,0,,,,,,,,,,,,,
1461848,2025,2025-05-09,"County Ground, Hove",4,2.6,2.6,Worcestershire,Sussex,JD Libby,GH Roderick,OE Robinson,0,0,,,,,,,,,,,,,
1461848,2025,2025-05-09,"County Ground, Hove",4,3.1,3.1,Worcestershire,Sussex,GH Roderick,JD Libby,A Karvelas,0,0,,,,,,,,,,,,,
1461848,2025,2025-05-09,"County Ground, Hove",4,3.2,3.2,Worcestershire,Sussex,GH Roderick,JD Libby,A Karvelas,0,0,,,,,,,,,,,,,
1461848,2025,2025-05-09,"County Ground, Hove",4,3.3,3.3,Worcestershire,Sussex,GH Roderick,JD Libby,A Karvelas,0,0,,,,,,,,,,,,,
1461848,2025,2025-05-09,"County Ground, Hove",4,3.4,3.4,Worcestershire,Sussex,GH Roderick,JD Libby,A Karvelas,0,2,,2,,,,,,,,,,,
1461848,2025,2025-05-09,"County Ground, Hove",4,3.5,3.4,Worcestershire,Sussex,GH Roderick,JD Libby,A Karvelas,0,0,,,,,,,,,,,,,
1461848,2025,2025-05-09,"County Ground, Hove",4,3.6,3.5,Worcestershire,Sussex,GH Roderick,JD Libby,A Karvelas,0,0,,,,,,,,,,,,,
1461848,2025,2025-05-09,"County Ground, Hove",4,3.7,3.6,Worcestershire,Sussex,GH Roderick,JD Libby,A Karvelas,0,0,,,,,,,,,,,,,
1461848,2025,2025-05-09,"County Ground, Hove",4,4.1,4.1,Worcestershire,Sussex,JD Libby,GH Roderick,OE Robinson,0,0,,,,,,,,,,,,,
1461848,2025,2025-05-09,"County Ground, Hove",4,4.2,4.2,Worcestershire,Sussex,JD Libby,GH Roderick,OE Robinson,0,0,,,,,,,,,,,,,
1461848,2025,2025-05-09,"County Ground, Hove",4,4.3,4.3,Worcestershire,Sussex,JD Libby,GH Roderick,OE Robinson,0,0,,,,,,,,,,,,,
1461848,2025,2025-05-09,"County Ground, Hove",4,4.4,4.4,Worcestershire,Sussex,JD Libby,GH Roderick,OE Robinson,0,0,,,,,,,,,,,,,
1461848,2025,2025-05-09,"County Ground, Hove",4,4.5,4.5,Worcestershire,Sussex,JD Libby,GH Roderick,OE Robinson,0,0,,,,,,,,,,,,,
1461848,2025,2025-05-09,"County Ground, Hove",4,4.6,4.6,Worcestershire,Sussex,JD Libby,GH Roderick,OE Robinson,0,0,,,,,,,,,,,,,
1461848,2025,2025-05-09,"County Ground, Hove",4,5.1,5.1,Worcestershire,Sussex,GH Roderick,JD Libby,A Karvelas,0,0,,,,,,,,,,,,,
1461848,2025,2025-05-09,"County Ground, Hove",4,5.2,5.2,Worcestershire,Sussex,GH Roderick,JD Libby,A Karvelas,0,0,,,,,,,,,,,,,
1461848,2025,2025-05-09,"County Ground, Hove",4,5.3,5.3,Worcestershire,Sussex,GH Roderick,JD Libby,A Karvelas,0,0,,,,,,,bowled,GH Roderick,,,,,
1461848,2025,2025-05-09,"County Ground, Hove",4,5.4,5.4,Worcestershire,Sussex,HM Nicholls,JD Libby,A Karvelas,0,0,,,,,,,,,,,,,
1461848,2025,2025-05-09,"County Ground, Hove",4,5.5,5.5,Worcestershire,Sussex,HM Nicholls,JD Libby,A Karvelas,1,0,,,,,,,,,,,,,
1461848,2025,2025-05-09,"County Ground, Hove",4,5.6,5.6,Worcestershire,Sussex,JD Libby,HM Nicholls,A Karvelas,0,0,,,,,,,,,,,,,
1461848,2025,2025-05-09,"County Ground, Hove",4,6.1,6.1,Worcestershire,Sussex,HM Nicholls,JD Libby,OE Robinson,0,0,,,,,,,,,,,,,
1461848,2025,2025-05-09,"County Ground, Hove",4,6.2,6.2,Worcestershire,Sussex,HM Nicholls,JD Libby,OE Robinson,0,0,,,,,,,,,,,,,
1461848,2025,2025-05-09,"County Ground, Hove",4,6.3,6.3,Worcestershire,Sussex,HM Nicholls,JD Libby,OE Robinson,0,0,,,,,,,,,,,,,
1461848,2025,2025-05-09,"County Ground, Hove",4,6.4,6.4,Worcestershire,Sussex,HM Nicholls,JD Libby,OE Robinson,1,0,,,,,,,,,,,,,
1461848,2025,2025-05-09,"County Ground, Hove",4,6.5,6.5,Worcestershire,Sussex,JD Libby,HM Nicholls,OE Robinson,0,0,,,,,,,,,,,,,
1461848,2025,2025-05-09,"County Ground, Hove",4,6.6,6.6,Worcestershire,Sussex,JD Libby,HM Nicholls,OE Robinson,0,0,,,,,,,,,,,,,
1461848,2025,2025-05-09,"County Ground, Hove",4,7.1,7.1,Worcestershire,Sussex,HM Nicholls,JD Libby,A Karvelas,1,0,,,,,,,,,,,,,
1461848,2025,2025-05-09,"County Ground, Hove",4,7.2,7.2,Worcestershire,Sussex,JD Libby,HM Nicholls,A Karvelas,0,0,,,,,,,,,,,,,
1461848,2025,2025-05-09,"County Ground, Hove",4,7.3,7.3,Worcestershire,Sussex,JD Libby,HM Nicholls,A Karvelas,0,0,,,,,,,,,,,,,
1461848,2025,2025-05-09,"County Ground, Hove",4,7.4,7.4,Worcestershire,Sussex,JD Libby,HM Nicholls,A Karvelas,0,0,,,,,,,,,,,,,
1461848,2025,2025-05-09,"County Ground, Hove",4,7.5,7.5,Worcestershire,Sussex,JD Libby,HM Nicholls,A Karvelas,1,0,,,,,,,,,,,,,
1461848,2025,2025-05-09,"County Ground, Hove",4,7.6,7.6,Worcestershire,Sussex,HM Nicholls,JD Libby,A Karvelas,0,0,,,,,,,,,,,,,
1461848,2025,2025-05-09,"County Ground, Hove",4,8.1,8.1,Worcestershire,Sussex,JD Libby,HM Nicholls,FJ Hudson-Prentice,0,0,,,,,,,,,,,,,
1461848,2025,2025-05-09,"County Ground, Hove",4,8.2,8.2,Worcestershire,Sussex,JD Libby,HM Nicholls,FJ Hudson-Prentice,0,0,,,,,,,,,,,,,
1461848,2025,2025-05-09,"County Ground, Hove",4,8.3,8.3,Worcestershire,Sussex,JD Libby,HM Nicholls,FJ Hudson-Prentice,1,0,,,,,,,,,,,,,
1461848,2025,2025-05-09,"County Ground, Hove",4,8.4,8.4,Worcestershire,Sussex,HM Nicholls,JD Libby,FJ Hudson-Prentice,0,0,,,,,,,,,,,,,
1461848,2025,2025-05-09,"County Ground, Hove",4,8.5,8.5,Worcestershire,Sussex,HM Nicholls,JD Libby,FJ Hudson-Prentice,4,0,,,,,,,,,,,,,
1461848,2025,2025-05-09,"County Ground, Hove",4,8.6,8.6,Worcestershire,Sussex,HM Nicholls,JD Libby,FJ Hudson-Prentice,0,0,,,,,,,,,,,,,
1461848,2025,2025-05-09,"County Ground, Hove",4,9.1,9.1,Worcestershire,Sussex,JD Libby,HM Nicholls,A Karvelas,2,0,,,,,,,,,,,,,
1461848,2025,2025-05-09,"County Ground, Hove",4,9.2,9.2,Worcestershire,Sussex,JD Libby,HM Nicholls,A Karvelas,2,0,,,,,,,,,,,,,
1461848,2025,2025-05-09,"County Ground, Hove",4,9.3,9.3,Worcestershire,Sussex,JD Libby,HM Nicholls,A Karvelas,0,0,,,,,,,,,,,,,
1461848,2025,2025-05-09,"County Ground, Hove",4,9.4,9.4,Worcestershire,Sussex,JD Libby,HM Nicholls,A Karvelas,4,0,,,,,,,,,,,,,
1461848,2025,2025-05-09,"County Ground, Hove",4,9.5,9.5,Worcestershire,Sussex,JD Libby,HM Nicholls,A Karvelas,4,0,,,,,,,,,,,,,
1461848,2025,2025-05-09,"County Ground, Hove",4,9.6,9.6,Worcestershire,Sussex,JD Libby,HM Nicholls,A Karvelas,0,0,,,,,,,,,,,,,
1461848,2025,2025-05-09,"County Ground, Hove",4,10.1,10.1,Worcestershire,Sussex,HM Nicholls,JD Libby,FJ Hudson-Prentice,0,0,,,,,,,,,,,,,
1461848,2025,2025-05-09,"County Ground, Hove",4,10.2,10.2,Worcestershire,Sussex,HM Nicholls,JD Libby,FJ Hudson-Prentice,0,0,,,,,,,,,,,,,
1461848,2025,2025-05-09,"County Ground, Hove",4,10.3,10.3,Worcestershire,Sussex,HM Nicholls,JD Libby,FJ Hudson-Prentice,0,0,,,,,,,,,,,,,
1461848,2025,2025-05-09,"County Ground, Hove",4,10.4,10.4,Worcestershire,Sussex,HM Nicholls,JD Libby,FJ Hudson-Prentice,0,0,,,,,,,,,,,,,
1461848,2025,2025-05-09,"County Ground, Hove",4,10.5,10.5,Worcestershire,Sussex,HM Nicholls,JD Libby,FJ Hudson-Prentice,0,0,,,,,,,,,,,,,
1461848,2025,2025-05-09,"County Ground, Hove",4,10.6,10.6,Worcestershire,Sussex,HM Nicholls,JD Libby,FJ Hudson-Prentice,1,0,,,,,,,,,,,,,
1461848,2025,2025-05-09,"County Ground, Hove",4,11.1,11.1,Worcestershire,Sussex,HM Nicholls,JD Libby,A Karvelas,4,0,,,,,,,,,,,,,
1461848,2025,2025-05-09,"County Ground, Hove",4,11.2,11.2,Worcestershire,Sussex,HM Nicholls,JD Libby,A Karvelas,1,0,,,,,,,,,,,,,
1461848,2025,2025-05-09,"County Ground, Hove",4,11.3,11.3,Worcestershire,Sussex,JD Libby,HM Nicholls,A Karvelas,0,0,,,,,,,,,,,,,
1461848,2025,2025-05-09,"County Ground, Hove",4,11.4,11.4,Worcestershire,Sussex,JD Libby,HM Nicholls,A Karvelas,1,0,,,,,,,,,,,,,
1461848,2025,2025-05-09,"County Ground, Hove",4,11.5,11.5,Worcestershire,Sussex,HM Nicholls,JD Libby,A Karvelas,1,0,,,,,,,,,,,,,
1461848,2025,2025-05-09,"County Ground, Hove",4,11.6,11.6,Worcestershire,Sussex,JD Libby,HM Nicholls,A Karvelas,0,0,,,,,,,,,,,,,
1461848,2025,2025-05-09,"County Ground, Hove",4,12.1,12.1,Worcestershire,Sussex,HM Nicholls,JD Libby,FJ Hudson-Prentice,0,0,,,,,,,,,,,,,
1461848,2025,2025-05-09,"County Ground, Hove",4,12.2,12.2,Worcestershire,Sussex,HM Nicholls,JD Libby,FJ Hudson-Prentice,0,0,,,,,,,,,,,,,
1461848,2025,2025-05-09,"County Ground, Hove",4,12.3,12.3,Worcestershire,Sussex,HM Nicholls,JD Libby,FJ Hudson-Prentice,0,0,,,,,,,,,,,,,
1461848,2025,2025-05-09,"County Ground, Hove",4,12.4,12.4,Worcestershire,Sussex,HM Nicholls,JD Libby,FJ Hudson-Prentice,0,0,,,,,,,,,,,,,
1461848,2025,2025-05-09,"County Ground, Hove",4,12.5,12.5,Worcestershire,Sussex,HM Nicholls,JD Libby,FJ Hudson-Prentice,1,0,,,,,,,,,,,,,
1461848,2025,2025-05-09,"County Ground, Hove",4,12.6,12.6,Worcestershire,Sussex,JD Libby,HM Nicholls,FJ Hudson-Prentice,0,0,,,,,,,,,,,,,
1461848,2025,2025-05-09,"County Ground, Hove",4,13.1,13.1,Worcestershire,Sussex,HM Nicholls,JD Libby,TGR Clark,0,0,,,,,,,,,,,,,
1461848,2025,2025-05-09,"County Ground, Hove",4,13.2,13.2,Worcestershire,Sussex,HM Nicholls,JD Libby,TGR Clark,0,4,,,,4,,,,,,,,,
1461848,2025,2025-05-09,"County Ground, Hove",4,13.3,13.3,Worcestershire,Sussex,HM Nicholls,JD Libby,TGR Clark,4,0,,,,,,,,,,,,,
1461848,2025,2025-05-09,"County Ground, Hove",4,13.4,13.4,Worcestershire,Sussex,HM Nicholls,JD Libby,TGR Clark,0,2,,2,,,,,,,,,,,
1461848,2025,2025-05-09,"County Ground, Hove",4,13.5,13.4,Worcestershire,Sussex,HM Nicholls,JD Libby,TGR Clark,1,0,,,,,,,,,,,,,
1461848,2025,2025-05-09,"County Ground, Hove",4,13.6,13.5,Worcestershire,Sussex,JD Libby,HM Nicholls,TGR Clark,0,0,,,,,,,,,,,,,
1461848,2025,2025-05-09,"County Ground, Hove",4,13.7,13.6,Worcestershire,Sussex,JD Libby,HM Nicholls,TGR Clark,0,0,,,,,,,,,,,,,
1461848,2025,2025-05-09,"County Ground, Hove",4,14.1,14.1,Worcestershire,Sussex,HM Nicholls,JD Libby,FJ Hudson-Prentice,0,0,,,,,,,,,,,,,
1461848,2025,2025-05-09,"County Ground, Hove",4,14.2,14.2,Worcestershire,Sussex,HM Nicholls,JD Libby,FJ Hudson-Prentice,0,0,,,,,,,,,,,,,
1461848,2025,2025-05-09,"County Ground, Hove",4,14.3,14.3,Worcestershire,Sussex,HM Nicholls,JD Libby,FJ Hudson-Prentice,0,0,,,,,,,,,,,,,
1461848,2025,2025-05-09,"County Ground, Hove",4,14.4,14.4,Worcestershire,Sussex,HM Nicholls,JD Libby,FJ Hudson-Prentice,0,0,,,,,,,,,,,,,
1461848,2025,2025-05-09,"County Ground, Hove",4,14.5,14.5,Worcestershire,Sussex,HM Nicholls,JD Libby,FJ Hudson-Prentice,0,0,,,,,,,,,,,,,
1461848,2025,2025-05-09,"County Ground, Hove",4,14.6,14.6,Worcestershire,Sussex,HM Nicholls,JD Libby,FJ Hudson-Prentice,0,0,,,,,,,,,,,,,
1461848,2025,2025-05-09,"County Ground, Hove",4,15.1,15.1,Worcestershire,Sussex,JD Libby,HM Nicholls,TGR Clark,0,0,,,,,,,,,,,,,
1461848,2025,2025-05-09,"County Ground, Hove",4,15.2,15.2,Worcestershire,Sussex,JD Libby,HM Nicholls,TGR Clark,0,0,,,,,,,,,,,,,
1461848,2025,2025-05-09,"County Ground, Hove",4,15.3,15.3,Worcestershire,Sussex,JD Libby,HM Nicholls,TGR Clark,4,0,,,,,,,,,,,,,
1461848,2025,2025-05-09,"County Ground, Hove",4,15.4,15.4,Worcestershire,Sussex,JD Libby,HM Nicholls,TGR Clark,2,0,,,,,,,,,,,,,
1461848,2025,2025-05-09,"County Ground, Hove",4,15.5,15.5,Worcestershire,Sussex,JD Libby,HM Nicholls,TGR Clark,0,0,,,,,,,,,,,,,
1461848,2025,2025-05-09,"County Ground, Hove",4,15.6,15.6,Worcestershire,Sussex,JD Libby,HM Nicholls,TGR Clark,1,0,,,,,,,,,,,,,
1461848,2025,2025-05-09,"County Ground, Hove",4,16.1,16.1,Worcestershire,Sussex,JD Libby,HM Nicholls,OE Robinson,0,0,,,,,,,,,,,,,
1461848,2025,2025-05-09,"County Ground, Hove",4,16.2,16.2,Worcestershire,Sussex,JD Libby,HM Nicholls,OE Robinson,0,0,,,,,,,,,,,,,
1461848,2025,2025-05-09,"County Ground, Hove",4,16.3,16.3,Worcestershire,Sussex,JD Libby,HM Nicholls,OE Robinson,0,0,,,,,,,,,,,,,
1461848,2025,2025-05-09,"County Ground, Hove",4,16.4,16.4,Worcestershire,Sussex,JD Libby,HM Nicholls,OE Robinson,0,0,,,,,,,,,,,,,
1461848,2025,2025-05-09,"County Ground, Hove",4,16.5,16.5,Worcestershire,Sussex,JD Libby,HM Nicholls,OE Robinson,0,0,,,,,,,,,,,,,
1461848,2025,2025-05-09,"County Ground, Hove",4,16.6,16.6,Worcestershire,Sussex,JD Libby,HM Nicholls,OE Robinson,0,0,,,,,,,,,,,,,
1461848,2025,2025-05-09,"County Ground, Hove",4,17.1,17.1,Worcestershire,Sussex,HM Nicholls,JD Libby,TGR Clark,0,0,,,,,,,,,,,,,
1461848,2025,2025-05-09,"County Ground, Hove",4,17.2,17.2,Worcestershire,Sussex,HM Nicholls,JD Libby,TGR Clark,0,0,,,,,,,,,,,,,
1461848,2025,2025-05-09,"County Ground, Hove",4,17.3,17.3,Worcestershire,Sussex,HM Nicholls,JD Libby,TGR Clark,0,0,,,,,,,,,,,,,
1461848,2025,2025-05-09,"County Ground, Hove",4,17.4,17.4,Worcestershire,Sussex,HM Nicholls,JD Libby,TGR Clark,1,0,,,,,,,,,,,,,
1461848,2025,2025-05-09,"County Ground, Hove",4,17.5,17.5,Worcestershire,Sussex,JD Libby,HM Nicholls,TGR Clark,3,0,,,,,,,,,,,,,
1461848,2025,2025-05-09,"County Ground, Hove",4,17.6,17.6,Worcestershire,Sussex,HM Nicholls,JD Libby,TGR Clark,0,0,,,,,,,,,,,,,
1461848,2025,2025-05-09,"County Ground, Hove",4,18.1,18.1,Worcestershire,Sussex,JD Libby,HM Nicholls,OE Robinson,0,0,,,,,,,,,,,,,
1461848,2025,2025-05-09,"County Ground, Hove",4,18.2,18.2,Worcestershire,Sussex,JD Libby,HM Nicholls,OE Robinson,4,0,,,,,,,,,,,,,
1461848,2025,2025-05-09,"County Ground, Hove",4,18.3,18.3,Worcestershire,Sussex,JD Libby,HM Nicholls,OE Robinson,0,0,,,,,,,,,,,,,
1461848,2025,2025-05-09,"County Ground, Hove",4,18.4,18.4,Worcestershire,Sussex,JD Libby,HM Nicholls,OE Robinson,0,0,,,,,,,,,,,,,
1461848,2025,2025-05-09,"County Ground, Hove",4,18.5,18.5,Worcestershire,Sussex,JD Libby,HM Nicholls,OE Robinson,0,0,,,,,,,,,,,,,
1461848,2025,2025-05-09,"County Ground, Hove",4,18.6,18.6,Worcestershire,Sussex,JD Libby,HM Nicholls,OE Robinson,1,0,,,,,,,,,,,,,
1461848,2025,2025-05-09,"County Ground, Hove",4,19.1,19.1,Worcestershire,Sussex,JD Libby,HM Nicholls,JJ Carson,0,0,,,,,,,,,,,,,
1461848,2025,2025-05-09,"County Ground, Hove",4,19.2,19.2,Worcestershire,Sussex,JD Libby,HM Nicholls,JJ Carson,0,0,,,,,,,,,,,,,
1461848,2025,2025-05-09,"County Ground, Hove",4,19.3,19.3,Worcestershire,Sussex,JD Libby,HM Nicholls,JJ Carson,0,0,,,,,,,,,,,,,
1461848,2025,2025-05-09,"County Ground, Hove",4,19.4,19.4,Worcestershire,Sussex,JD Libby,HM Nicholls,JJ Carson,0,0,,,,,,,,,,,,,
1461848,2025,2025-05-09,"County Ground, Hove",4,19.5,19.5,Worcestershire,Sussex,JD Libby,HM Nicholls,JJ Carson,0,0,,,,,,,,,,,,,
1461848,2025,2025-05-09,"County Ground, Hove",4,19.6,19.6,Worcestershire,Sussex,JD Libby,HM Nicholls,JJ Carson,0,0,,,,,,,,,,,,,
1461848,2025,2025-05-09,"County Ground, Hove",4,20.1,20.1,Worcestershire,Sussex,HM Nicholls,JD Libby,OE Robinson,0,0,,,,,,,,,,,,,
1461848,2025,2025-05-09,"County Ground, Hove",4,20.2,20.2,Worcestershire,Sussex,HM Nicholls,JD Libby,OE Robinson,0,0,,,,,,,,,,,,,
1461848,2025,2025-05-09,"County Ground, Hove",4,20.3,20.3,Worcestershire,Sussex,HM Nicholls,JD Libby,OE Robinson,0,0,,,,,,,,,,,,,
1461848,2025,2025-05-09,"County Ground, Hove",4,20.4,20.4,Worcestershire,Sussex,HM Nicholls,JD Libby,OE Robinson,0,0,,,,,,,,,,,,,
1461848,2025,2025-05-09,"County Ground, Hove",4,20.5,20.5,Worcestershire,Sussex,HM Nicholls,JD Libby,OE Robinson,0,0,,,,,,,,,,,,,
1461848,2025,2025-05-09,"County Ground, Hove",4,20.6,20.6,Worcestershire,Sussex,HM Nicholls,JD Libby,OE Robinson,4,0,,,,,,,,,,,,,
1461848,2025,2025-05-09,"County Ground, Hove",4,21.1,21.1,Worcestershire,Sussex,JD Libby,HM Nicholls,JJ Carson,1,0,,,,,,,,,,,,,
1461848,2025,2025-05-09,"County Ground, Hove",4,21.2,21.2,Worcestershire,Sussex,HM Nicholls,JD Libby,JJ Carson,2,0,,,,,,,,,,,,,
1461848,2025,2025-05-09,"County Ground, Hove",4,21.3,21.3,Worcestershire,Sussex,HM Nicholls,JD Libby,JJ Carson,2,0,,,,,,,,,,,,,
1461848,2025,2025-05-09,"County Ground, Hove",4,21.4,21.4,Worcestershire,Sussex,HM Nicholls,JD Libby,JJ Carson,0,0,,,,,,,,,,,,,
1461848,2025,2025-05-09,"County Ground, Hove",4,21.5,21.5,Worcestershire,Sussex,HM Nicholls,JD Libby,JJ Carson,0,0,,,,,,,,,,,,,
1461848,2025,2025-05-09,"County Ground, Hove",4,21.6,21.6,Worcestershire,Sussex,HM Nicholls,JD Libby,JJ Carson,0,0,,,,,,,,,,,,,
1461848,2025,2025-05-09,"County Ground, Hove",4,22.1,22.1,Worcestershire,Sussex,JD Libby,HM Nicholls,OE Robinson,1,0,,,,,,,,,,,,,
1461848,2025,2025-05-09,"County Ground, Hove",4,22.2,22.2,Worcestershire,Sussex,HM Nicholls,JD Libby,OE Robinson,0,0,,,,,,,,,,,,,
1461848,2025,2025-05-09,"County Ground, Hove",4,22.3,22.3,Worcestershire,Sussex,HM Nicholls,JD Libby,OE Robinson,0,0,,,,,,,,,,,,,
1461848,2025,2025-05-09,"County Ground, Hove",4,22.4,22.4,Worcestershire,Sussex,HM Nicholls,JD Libby,OE Robinson,0,0,,,,,,,,,,,,,
1461848,2025,2025-05-09,"County Ground, Hove",4,22.5,22.5,Worcestershire,Sussex,HM Nicholls,JD Libby,OE Robinson,0,0,,,,,,,,,,,,,
1461848,2025,2025-05-09,"County Ground, Hove",4,22.6,22.6,Worcestershire,Sussex,HM Nicholls,JD Libby,OE Robinson,0,0,,,,,,,,,,,,,
1461848,2025,2025-05-09,"County Ground, Hove",4,23.1,23.1,Worcestershire,Sussex,JD Libby,HM Nicholls,JJ Carson,0,0,,,,,,,,,,,,,
1461848,2025,2025-05-09,"County Ground, Hove",4,23.2,23.2,Worcestershire,Sussex,JD Libby,HM Nicholls,JJ Carson,0,0,,,,,,,,,,,,,
1461848,2025,2025-05-09,"County Ground, Hove",4,23.3,23.3,Worcestershire,Sussex,JD Libby,HM Nicholls,JJ Carson,0,0,,,,,,,,,,,,,
1461848,2025,2025-05-09,"County Ground, Hove",4,23.4,23.4,Worcestershire,Sussex,JD Libby,HM Nicholls,JJ Carson,0,0,,,,,,,,,,,,,
1461848,2025,2025-05-09,"County Ground, Hove",4,23.5,23.5,Worcestershire,Sussex,JD Libby,HM Nicholls,JJ Carson,0,0,,,,,,,,,,,,,
1461848,2025,2025-05-09,"County Ground, Hove",4,23.6,23.6,Worcestershire,Sussex,JD Libby,HM Nicholls,JJ Carson,0,0,,,,,,,,,,,,,
1461848,2025,2025-05-09,"County Ground, Hove",4,24.1,24.1,Worcestershire,Sussex,HM Nicholls,JD Libby,OE Robinson,1,0,,,,,,,,,,,,,
1461848,2025,2025-05-09,"County Ground, Hove",4,24.2,24.2,Worcestershire,Sussex,JD Libby,HM Nicholls,OE Robinson,0,0,,,,,,,,,,,,,
1461848,2025,2025-05-09,"County Ground, Hove",4,24.3,24.3,Worcestershire,Sussex,JD Libby,HM Nicholls,OE Robinson,0,0,,,,,,,,,,,,,
1461848,2025,2025-05-09,"County Ground, Hove",4,24.4,24.4,Worcestershire,Sussex,JD Libby,HM Nicholls,OE Robinson,0,0,,,,,,,,,,,,,
1461848,2025,2025-05-09,"County Ground, Hove",4,24.5,24.5,Worcestershire,Sussex,JD Libby,HM Nicholls,OE Robinson,0,0,,,,,,,,,,,,,
1461848,2025,2025-05-09,"County Ground, Hove",4,24.6,24.6,Worcestershire,Sussex,JD Libby,HM Nicholls,OE Robinson,0,0,,,,,,,,,,,,,
1461848,2025,2025-05-09,"County Ground, Hove",4,25.1,25.1,Worcestershire,Sussex,HM Nicholls,JD Libby,JJ Carson,0,0,,,,,,,,,,,,,
1461848,2025,2025-05-09,"County Ground, Hove",4,25.2,25.2,Worcestershire,Sussex,HM Nicholls,JD Libby,JJ Carson,0,0,,,,,,,,,,,,,
1461848,2025,2025-05-09,"County Ground, Hove",4,25.3,25.3,Worcestershire,Sussex,HM Nicholls,JD Libby,JJ Carson,1,0,,,,,,,,,,,,,
1461848,2025,2025-05-09,"County Ground, Hove",4,25.4,25.4,Worcestershire,Sussex,JD Libby,HM Nicholls,JJ Carson,0,0,,,,,,,,,,,,,
1461848,2025,2025-05-09,"County Ground, Hove",4,25.5,25.5,Worcestershire,Sussex,JD Libby,HM Nicholls,JJ Carson,0,0,,,,,,,,,,,,,
1461848,2025,2025-05-09,"County Ground, Hove",4,25.6,25.6,Worcestershire,Sussex,JD Libby,HM Nicholls,JJ Carson,0,0,,,,,,,,,,,,,
1461848,2025,2025-05-09,"County Ground, Hove",4,26.1,26.1,Worcestershire,Sussex,HM Nicholls,JD Libby,JPH Hayes,0,0,,,,,,,,,,,,,
1461848,2025,2025-05-09,"County Ground, Hove",4,26.2,26.2,Worcestershire,Sussex,HM Nicholls,JD Libby,JPH Hayes,0,0,,,,,,,,,,,,,
1461848,2025,2025-05-09,"County Ground, Hove",4,26.3,26.3,Worcestershire,Sussex,HM Nicholls,JD Libby,JPH Hayes,0,0,,,,,,,,,,,,,
1461848,2025,2025-05-09,"County Ground, Hove",4,26.4,26.4,Worcestershire,Sussex,HM Nicholls,JD Libby,JPH Hayes,0,0,,,,,,,,,,,,,
1461848,2025,2025-05-09,"County Ground, Hove",4,26.5,26.5,Worcestershire,Sussex,HM Nicholls,JD Libby,JPH Hayes,2,0,,,,,,,,,,,,,
1461848,2025,2025-05-09,"County Ground, Hove",4,26.6,26.6,Worcestershire,Sussex,HM Nicholls,JD Libby,JPH Hayes,0,0,,,,,,,,,,,,,
1461848,2025,2025-05-09,"County Ground, Hove",4,27.1,27.1,Worcestershire,Sussex,JD Libby,HM Nicholls,JJ Carson,0,0,,,,,,,,,,,,,
1461848,2025,2025-05-09,"County Ground, Hove",4,27.2,27.2,Worcestershire,Sussex,JD Libby,HM Nicholls,JJ Carson,0,0,,,,,,,,,,,,,
1461848,2025,2025-05-09,"County Ground, Hove",4,27.3,27.3,Worcestershire,Sussex,JD Libby,HM Nicholls,JJ Carson,0,0,,,,,,,,,,,,,
1461848,2025,2025-05-09,"County Ground, Hove",4,27.4,27.4,Worcestershire,Sussex,JD Libby,HM Nicholls,JJ Carson,4,0,,,,,,,,,,,,,
1461848,2025,2025-05-09,"County Ground, Hove",4,27.5,27.5,Worcestershire,Sussex,JD Libby,HM Nicholls,JJ Carson,4,0,,,,,,,,,,,,,
1461848,2025,2025-05-09,"County Ground, Hove",4,27.6,27.6,Worcestershire,Sussex,JD Libby,HM Nicholls,JJ Carson,0,0,,,,,,,,,,,,,
1461848,2025,2025-05-09,"County Ground, Hove",4,28.1,28.1,Worcestershire,Sussex,HM Nicholls,JD Libby,JPH Hayes,1,0,,,,,,,,,,,,,
1461848,2025,2025-05-09,"County Ground, Hove",4,28.2,28.2,Worcestershire,Sussex,JD Libby,HM Nicholls,JPH Hayes,1,0,,,,,,,,,,,,,
1461848,2025,2025-05-09,"County Ground, Hove",4,28.3,28.3,Worcestershire,Sussex,HM Nicholls,JD Libby,JPH Hayes,0,0,,,,,,,,,,,,,
1461848,2025,2025-05-09,"County Ground, Hove",4,28.4,28.4,Worcestershire,Sussex,HM Nicholls,JD Libby,JPH Hayes,0,0,,,,,,,,,,,,,
1461848,2025,2025-05-09,"County Ground, Hove",4,28.5,28.5,Worcestershire,Sussex,HM Nicholls,JD Libby,JPH Hayes,0,0,,,,,,,,,,,,,
1461848,2025,2025-05-09,"County Ground, Hove",4,28.6,28.6,Worcestershire,Sussex,HM Nicholls,JD Libby,JPH Hayes,0,0,,,,,,,caught,HM Nicholls,,,JA Simpson,,
1461848,2025,2025-05-09,"County Ground, Hove",4,29.1,29.1,Worcestershire,Sussex,JD Libby,Kashif Ali,JJ Carson,1,0,,,,,,,,,,,,,
1461848,2025,2025-05-09,"County Ground, Hove",4,29.2,29.2,Worcestershire,Sussex,Kashif Ali,JD Libby,JJ Carson,0,0,,,,,,,,,,,,,
1461848,2025,2025-05-09,"County Ground, Hove",4,29.3,29.3,Worcestershire,Sussex,Kashif Ali,JD Libby,JJ Carson,0,0,,,,,,,,,,,,,
1461848,2025,2025-05-09,"County Ground, Hove",4,29.4,29.4,Worcestershire,Sussex,Kashif Ali,JD Libby,JJ Carson,0,0,,,,,,,,,,,,,
1461848,2025,2025-05-09,"County Ground, Hove",4,29.5,29.5,Worcestershire,Sussex,Kashif Ali,JD Libby,JJ Carson,0,0,,,,,,,,,,,,,
1461848,2025,2025-05-09,"County Ground, Hove",4,29.6,29.6,Worcestershire,Sussex,Kashif Ali,JD Libby,JJ Carson,0,0,,,,,,,,,,,,,
1461848,2025,2025-05-09,"County Ground, Hove",4,30.1,30.1,Worcestershire,Sussex,JD Libby,Kashif Ali,JPH Hayes,1,0,,,,,,,,,,,,,
1461848,2025,2025-05-09,"County Ground, Hove",4,30.2,30.2,Worcestershire,Sussex,Kashif Ali,JD Libby,JPH Hayes,1,0,,,,,,,,,,,,,
1461848,2025,2025-05-09,"County Ground, Hove",4,30.3,30.3,Worcestershire,Sussex,JD Libby,Kashif Ali,JPH Hayes,1,0,,,,,,,,,,,,,
1461848,2025,2025-05-09,"County Ground, Hove",4,30.4,30.4,Worcestershire,Sussex,Kashif Ali,JD Libby,JPH Hayes,0,0,,,,,,,,,,,,,
1461848,2025,2025-05-09,"County Ground, Hove",4,30.5,30.5,Worcestershire,Sussex,Kashif Ali,JD Libby,JPH Hayes,0,0,,,,,,,,,,,,,
1461848,2025,2025-05-09,"County Ground, Hove",4,30.6,30.6,Worcestershire,Sussex,Kashif Ali,JD Libby,JPH Hayes,0,0,,,,,,,,,,,,,
1461848,2025,2025-05-09,"County Ground, Hove",4,31.1,31.1,Worcestershire,Sussex,JD Libby,Kashif Ali,JJ Carson,0,0,,,,,,,,,,,,,
1461848,2025,2025-05-09,"County Ground, Hove",4,31.2,31.2,Worcestershire,Sussex,JD Libby,Kashif Ali,JJ Carson,0,0,,,,,,,,,,,,,
1461848,2025,2025-05-09,"County Ground, Hove",4,31.3,31.3,Worcestershire,Sussex,JD Libby,Kashif Ali,JJ Carson,1,0,,,,,,,,,,,,,
1461848,2025,2025-05-09,"County Ground, Hove",4,31.4,31.4,Worcestershire,Sussex,Kashif Ali,JD Libby,JJ Carson,0,0,,,,,,,,,,,,,
1461848,2025,2025-05-09,"County Ground, Hove",4,31.5,31.5,Worcestershire,Sussex,Kashif Ali,JD Libby,JJ Carson,0,0,,,,,,,,,,,,,
1461848,2025,2025-05-09,"County Ground, Hove",4,31.6,31.6,Worcestershire,Sussex,Kashif Ali,JD Libby,JJ Carson,0,0,,,,,,,,,,,,,
1461848,2025,2025-05-09,"County Ground, Hove",4,32.1,32.1,Worcestershire,Sussex,JD Libby,Kashif Ali,JPH Hayes,0,0,,,,,,,,,,,,,
1461848,2025,2025-05-09,"County Ground, Hove",4,32.2,32.2,Worcestershire,Sussex,JD Libby,Kashif Ali,JPH Hayes,0,0,,,,,,,,,,,,,
1461848,2025,2025-05-09,"County Ground, Hove",4,32.3,32.3,Worcestershire,Sussex,JD Libby,Kashif Ali,JPH Hayes,4,0,,,,,,,,,,,,,
1461848,2025,2025-05-09,"County Ground, Hove",4,32.4,32.4,Worcestershire,Sussex,JD Libby,Kashif Ali,JPH Hayes,4,0,,,,,,,,,,,,,
1461848,2025,2025-05-09,"County Ground, Hove",4,32.5,32.5,Worcestershire,Sussex,JD Libby,Kashif Ali,JPH Hayes,4,0,,,,,,,,,,,,,
1461848,2025,2025-05-09,"County Ground, Hove",4,32.6,32.6,Worcestershire,Sussex,JD Libby,Kashif Ali,JPH Hayes,0,0,,,,,,,,,,,,,
1461848,2025,2025-05-09,"County Ground, Hove",4,33.1,33.1,Worcestershire,Sussex,Kashif Ali,JD Libby,JJ Carson,0,0,,,,,,,,,,,,,
1461848,2025,2025-05-09,"County Ground, Hove",4,33.2,33.2,Worcestershire,Sussex,Kashif Ali,JD Libby,JJ Carson,0,0,,,,,,,,,,,,,
1461848,2025,2025-05-09,"County Ground, Hove",4,33.3,33.3,Worcestershire,Sussex,Kashif Ali,JD Libby,JJ Carson,0,0,,,,,,,,,,,,,
1461848,2025,2025-05-09,"County Ground, Hove",4,33.4,33.4,Worcestershire,Sussex,Kashif Ali,JD Libby,JJ Carson,0,0,,,,,,,,,,,,,
1461848,2025,2025-05-09,"County Ground, Hove",4,33.5,33.5,Worcestershire,Sussex,Kashif Ali,JD Libby,JJ Carson,1,0,,,,,,,,,,,,,
1461848,2025,2025-05-09,"County Ground, Hove",4,33.6,33.6,Worcestershire,Sussex,JD Libby,Kashif Ali,JJ Carson,0,0,,,,,,,,,,,,,
1461848,2025,2025-05-09,"County Ground, Hove",4,34.1,34.1,Worcestershire,Sussex,Kashif Ali,JD Libby,OE Robinson,0,0,,,,,,,,,,,,,
1461848,2025,2025-05-09,"County Ground, Hove",4,34.2,34.2,Worcestershire,Sussex,Kashif Ali,JD Libby,OE Robinson,0,0,,,,,,,,,,,,,
1461848,2025,2025-05-09,"County Ground, Hove",4,34.3,34.3,Worcestershire,Sussex,Kashif Ali,JD Libby,OE Robinson,0,0,,,,,,,,,,,,,
1461848,2025,2025-05-09,"County Ground, Hove",4,34.4,34.4,Worcestershire,Sussex,Kashif Ali,JD Libby,OE Robinson,0,0,,,,,,,,,,,,,
1461848,2025,2025-05-09,"County Ground, Hove",4,34.5,34.5,Worcestershire,Sussex,Kashif Ali,JD Libby,OE Robinson,0,0,,,,,,,,,,,,,
1461848,2025,2025-05-09,"County Ground, Hove",4,34.6,34.6,Worcestershire,Sussex,Kashif Ali,JD Libby,OE Robinson,0,0,,,,,,,,,,,,,
1461848,2025,2025-05-09,"County Ground, Hove",4,35.1,35.1,Worcestershire,Sussex,JD Libby,Kashif Ali,FJ Hudson-Prentice,4,0,,,,,,,,,,,,,
1461848,2025,2025-05-09,"County Ground, Hove",4,35.2,35.2,Worcestershire,Sussex,JD Libby,Kashif Ali,FJ Hudson-Prentice,0,0,,,,,,,,,,,,,
1461848,2025,2025-05-09,"County Ground, Hove",4,35.3,35.3,Worcestershire,Sussex,JD Libby,Kashif Ali,FJ Hudson-Prentice,0,0,,,,,,,,,,,,,
1461848,2025,2025-05-09,"County Ground, Hove",4,35.4,35.4,Worcestershire,Sussex,JD Libby,Kashif Ali,FJ Hudson-Prentice,0,0,,,,,,,,,,,,,
1461848,2025,2025-05-09,"County Ground, Hove",4,35.5,35.5,Worcestershire,Sussex,JD Libby,Kashif Ali,FJ Hudson-Prentice,0,0,,,,,,,,,,,,,
1461848,2025,2025-05-09,"County Ground, Hove",4,35.6,35.6,Worcestershire,Sussex,JD Libby,Kashif Ali,FJ Hudson-Prentice,1,0,,,,,,,,,,,,,
1461848,2025,2025-05-09,"County Ground, Hove",4,36.1,36.1,Worcestershire,Sussex,JD Libby,Kashif Ali,OE Robinson,1,0,,,,,,,,,,,,,
1461848,2025,2025-05-09,"County Ground, Hove",4,36.2,36.2,Worcestershire,Sussex,Kashif Ali,JD Libby,OE Robinson,0,0,,,,,,,,,,,,,
1461848,2025,2025-05-09,"County Ground, Hove",4,36.3,36.3,Worcestershire,Sussex,Kashif Ali,JD Libby,OE Robinson,1,0,,,,,,,,,,,,,
1461848,2025,2025-05-09,"County Ground, Hove",4,36.4,36.4,Worcestershire,Sussex,JD Libby,Kashif Ali,OE Robinson,0,0,,,,,,,,,,,,,
1461848,2025,2025-05-09,"County Ground, Hove",4,36.5,36.5,Worcestershire,Sussex,JD Libby,Kashif Ali,OE Robinson,0,0,,,,,,,,,,,,,
1461848,2025,2025-05-09,"County Ground, Hove",4,36.6,36.6,Worcestershire,Sussex,JD Libby,Kashif Ali,OE Robinson,0,0,,,,,,,,,,,,,
1461848,2025,2025-05-09,"County Ground, Hove",4,37.1,37.1,Worcestershire,Sussex,Kashif Ali,JD Libby,FJ Hudson-Prentice,0,0,,,,,,,,,,,,,
1461848,2025,2025-05-09,"County Ground, Hove",4,37.2,37.2,Worcestershire,Sussex,Kashif Ali,JD Libby,FJ Hudson-Prentice,0,0,,,,,,,,,,,,,
1461848,2025,2025-05-09,"County Ground, Hove",4,37.3,37.3,Worcestershire,Sussex,Kashif Ali,JD Libby,FJ Hudson-Prentice,0,0,,,,,,,,,,,,,
1461848,2025,2025-05-09,"County Ground, Hove",4,37.4,37.4,Worcestershire,Sussex,Kashif Ali,JD Libby,FJ Hudson-Prentice,0,0,,,,,,,,,,,,,
1461848,2025,2025-05-09,"County Ground, Hove",4,37.5,37.5,Worcestershire,Sussex,Kashif Ali,JD Libby,FJ Hudson-Prentice,1,0,,,,,,,,,,,,,
1461848,2025,2025-05-09,"County Ground, Hove",4,37.6,37.6,Worcestershire,Sussex,JD Libby,Kashif Ali,FJ Hudson-Prentice,0,0,,,,,,,,,,,,,
1461848,2025,2025-05-09,"County Ground, Hove",4,38.1,38.1,Worcestershire,Sussex,Kashif Ali,JD Libby,OE Robinson,0,0,,,,,,,,,,,,,
1461848,2025,2025-05-09,"County Ground, Hove",4,38.2,38.2,Worcestershire,Sussex,Kashif Ali,JD Libby,OE Robinson,0,0,,,,,,,,,,,,,
1461848,2025,2025-05-09,"County Ground, Hove",4,38.3,38.3,Worcestershire,Sussex,Kashif Ali,JD Libby,OE Robinson,0,0,,,,,,,,,,,,,
1461848,2025,2025-05-09,"County Ground, Hove",4,38.4,38.4,Worcestershire,Sussex,Kashif Ali,JD Libby,OE Robinson,0,0,,,,,,,caught,Kashif Ali,,,JM Coles,,
1461848,2025,2025-05-09,"County Ground, Hove",4,38.5,38.5,Worcestershire,Sussex,BMJ Allison,JD Libby,OE Robinson,1,0,,,,,,,,,,,,,
1461848,2025,2025-05-09,"County Ground, Hove",4,38.6,38.6,Worcestershire,Sussex,JD Libby,BMJ Allison,OE Robinson,0,0,,,,,,,,,,,,,
1461848,2025,2025-05-09,"County Ground, Hove",4,39.1,39.1,Worcestershire,Sussex,BMJ Allison,JD Libby,FJ Hudson-Prentice,0,0,,,,,,,,,,,,,
1461848,2025,2025-05-09,"County Ground, Hove",4,39.2,39.2,Worcestershire,Sussex,BMJ Allison,JD Libby,FJ Hudson-Prentice,0,0,,,,,,,,,,,,,
1461848,2025,2025-05-09,"County Ground, Hove",4,39.3,39.3,Worcestershire,Sussex,BMJ Allison,JD Libby,FJ Hudson-Prentice,2,0,,,,,,,,,,,,,
1461848,2025,2025-05-09,"County Ground, Hove",4,39.4,39.4,Worcestershire,Sussex,BMJ Allison,JD Libby,FJ Hudson-Prentice,0,0,,,,,,,,,,,,,
1461848,2025,2025-05-09,"County Ground, Hove",4,39.5,39.5,Worcestershire,Sussex,BMJ Allison,JD Libby,FJ Hudson-Prentice,0,0,,,,,,,,,,,,,
1461848,2025,2025-05-09,"County Ground, Hove",4,39.6,39.6,Worcestershire,Sussex,BMJ Allison,JD Libby,FJ Hudson-Prentice,0,0,,,,,,,,,,,,,
1461848,2025,2025-05-09,"County Ground, Hove",4,40.1,40.1,Worcestershire,Sussex,JD Libby,BMJ Allison,OE Robinson,0,0,,,,,,,,,,,,,
1461848,2025,2025-05-09,"County Ground, Hove",4,40.2,40.2,Worcestershire,Sussex,JD Libby,BMJ Allison,OE Robinson,1,0,,,,,,,,,,,,,
1461848,2025,2025-05-09,"County Ground, Hove",4,40.3,40.3,Worcestershire,Sussex,BMJ Allison,JD Libby,OE Robinson,0,0,,,,,,,,,,,,,
1461848,2025,2025-05-09,"County Ground, Hove",4,40.4,40.4,Worcestershire,Sussex,BMJ Allison,JD Libby,OE Robinson,0,0,,,,,,,,,,,,,
1461848,2025,2025-05-09,"County Ground, Hove",4,40.5,40.5,Worcestershire,Sussex,BMJ Allison,JD Libby,OE Robinson,0,0,,,,,,,,,,,,,
1461848,2025,2025-05-09,"County Ground, Hove",4,40.6,40.6,Worcestershire,Sussex,BMJ Allison,JD Libby,OE Robinson,0,0,,,,,,,,,,,,,
1461848,2025,2025-05-09,"County Ground, Hove",4,41.1,41.1,Worcestershire,Sussex,JD Libby,BMJ Allison,FJ Hudson-Prentice,0,0,,,,,,,,,,,,,
1461848,2025,2025-05-09,"County Ground, Hove",4,41.2,41.2,Worcestershire,Sussex,JD Libby,BMJ Allison,FJ Hudson-Prentice,0,0,,,,,,,,,,,,,
1461848,2025,2025-05-09,"County Ground, Hove",4,41.3,41.3,Worcestershire,Sussex,JD Libby,BMJ Allison,FJ Hudson-Prentice,1,0,,,,,,,,,,,,,
1461848,2025,2025-05-09,"County Ground, Hove",4,41.4,41.4,Worcestershire,Sussex,BMJ Allison,JD Libby,FJ Hudson-Prentice,0,0,,,,,,,,,,,,,
1461848,2025,2025-05-09,"County Ground, Hove",4,41.5,41.5,Worcestershire,Sussex,BMJ Allison,JD Libby,FJ Hudson-Prentice,0,0,,,,,,,caught,BMJ Allison,,,JA Simpson,,
1461848,2025,2025-05-09,"County Ground, Hove",4,41.6,41.6,Worcestershire,Sussex,EA Brookes,JD Libby,FJ Hudson-Prentice,0,0,,,,,,,,,,,,,
1461848,2025,2025-05-09,"County Ground, Hove",4,42.1,42.1,Worcestershire,Sussex,JD Libby,EA Brookes,OE Robinson,0,0,,,,,,,,,,,,,
1461848,2025,2025-05-09,"County Ground, Hove",4,42.2,42.2,Worcestershire,Sussex,JD Libby,EA Brookes,OE Robinson,0,0,,,,,,,,,,,,,
1461848,2025,2025-05-09,"County Ground, Hove",4,42.3,42.3,Worcestershire,Sussex,JD Libby,EA Brookes,OE Robinson,0,1,,,,1,,,,,,,,,
1461848,2025,2025-05-09,"County Ground, Hove",4,42.4,42.4,Worcestershire,Sussex,EA Brookes,JD Libby,OE Robinson,0,0,,,,,,,,,,,,,
1461848,2025,2025-05-09,"County Ground, Hove",4,42.5,42.5,Worcestershire,Sussex,EA Brookes,JD Libby,OE Robinson,0,0,,,,,,,,,,,,,
1461848,2025,2025-05-09,"County Ground, Hove",4,42.6,42.6,Worcestershire,Sussex,EA Brookes,JD Libby,OE Robinson,0,0,,,,,,,,,,,,,
1461848,2025,2025-05-09,"County Ground, Hove",4,43.1,43.1,Worcestershire,Sussex,JD Libby,EA Brookes,FJ Hudson-Prentice,0,0,,,,,,,,,,,,,
1461848,2025,2025-05-09,"County Ground, Hove",4,43.2,43.2,Worcestershire,Sussex,JD Libby,EA Brookes,FJ Hudson-Prentice,0,0,,,,,,,,,,,,,
1461848,2025,2025-05-09,"County Ground, Hove",4,43.3,43.3,Worcestershire,Sussex,JD Libby,EA Brookes,FJ Hudson-Prentice,0,0,,,,,,,,,,,,,
1461848,2025,2025-05-09,"County Ground, Hove",4,43.4,43.4,Worcestershire,Sussex,JD Libby,EA Brookes,FJ Hudson-Prentice,1,0,,,,,,,,,,,,,
1461848,2025,2025-05-09,"County Ground, Hove",4,43.5,43.5,Worcestershire,Sussex,EA Brookes,JD Libby,FJ Hudson-Prentice,0,0,,,,,,,,,,,,,
1461848,2025,2025-05-09,"County Ground, Hove",4,43.6,43.6,Worcestershire,Sussex,EA Brookes,JD Libby,FJ Hudson-Prentice,0,0,,,,,,,,,,,,,
1461848,2025,2025-05-09,"County Ground, Hove",4,44.1,44.1,Worcestershire,Sussex,JD Libby,EA Brookes,OE Robinson,0,0,,,,,,,,,,,,,
1461848,2025,2025-05-09,"County Ground, Hove",4,44.2,44.2,Worcestershire,Sussex,JD Libby,EA Brookes,OE Robinson,0,0,,,,,,,,,,,,,
1461848,2025,2025-05-09,"County Ground, Hove",4,44.3,44.3,Worcestershire,Sussex,JD Libby,EA Brookes,OE Robinson,0,0,,,,,,,,,,,,,
1461848,2025,2025-05-09,"County Ground, Hove",4,44.4,44.4,Worcestershire,Sussex,JD Libby,EA Brookes,OE Robinson,0,0,,,,,,,,,,,,,
1461848,2025,2025-05-09,"County Ground, Hove",4,44.5,44.5,Worcestershire,Sussex,JD Libby,EA Brookes,OE Robinson,0,0,,,,,,,,,,,,,
1461848,2025,2025-05-09,"County Ground, Hove",4,44.6,44.6,Worcestershire,Sussex,JD Libby,EA Brookes,OE Robinson,0,0,,,,,,,,,,,,,
1461848,2025,2025-05-09,"County Ground, Hove",4,45.1,45.1,Worcestershire,Sussex,EA Brookes,JD Libby,FJ Hudson-Prentice,2,0,,,,,,,,,,,,,
1461848,2025,2025-05-09,"County Ground, Hove",4,45.2,45.2,Worcestershire,Sussex,EA Brookes,JD Libby,FJ Hudson-Prentice,0,0,,,,,,,,,,,,,
1461848,2025,2025-05-09,"County Ground, Hove",4,45.3,45.3,Worcestershire,Sussex,EA Brookes,JD Libby,FJ Hudson-Prentice,1,0,,,,,,,,,,,,,
1461848,2025,2025-05-09,"County Ground, Hove",4,45.4,45.4,Worcestershire,Sussex,JD Libby,EA Brookes,FJ Hudson-Prentice,0,0,,,,,,,,,,,,,
1461848,2025,2025-05-09,"County Ground, Hove",4,45.5,45.5,Worcestershire,Sussex,JD Libby,EA Brookes,FJ Hudson-Prentice,0,0,,,,,,,,,,,,,
1461848,2025,2025-05-09,"County Ground, Hove",4,45.6,45.6,Worcestershire,Sussex,JD Libby,EA Brookes,FJ Hudson-Prentice,0,0,,,,,,,,,,,,,
1461848,2025,2025-05-09,"County Ground, Hove",4,46.1,46.1,Worcestershire,Sussex,EA Brookes,JD Libby,OE Robinson,0,0,,,,,,,,,,,,,
1461848,2025,2025-05-09,"County Ground, Hove",4,46.2,46.2,Worcestershire,Sussex,EA Brookes,JD Libby,OE Robinson,2,0,,,,,,,,,,,,,
1461848,2025,2025-05-09,"County Ground, Hove",4,46.3,46.3,Worcestershire,Sussex,EA Brookes,JD Libby,OE Robinson,0,0,,,,,,,,,,,,,
1461848,2025,2025-05-09,"County Ground, Hove",4,46.4,46.4,Worcestershire,Sussex,EA Brookes,JD Libby,OE Robinson,4,0,,,,,,,,,,,,,
1461848,2025,2025-05-09,"County Ground, Hove",4,46.5,46.5,Worcestershire,Sussex,EA Brookes,JD Libby,OE Robinson,0,0,,,,,,,,,,,,,
1461848,2025,2025-05-09,"County Ground, Hove",4,46.6,46.6,Worcestershire,Sussex,EA Brookes,JD Libby,OE Robinson,0,0,,,,,,,,,,,,,
1461848,2025,2025-05-09,"County Ground, Hove",4,47.1,47.1,Worcestershire,Sussex,JD Libby,EA Brookes,A Karvelas,0,1,,,,1,,,,,,,,,
1461848,2025,2025-05-09,"County Ground, Hove",4,47.2,47.2,Worcestershire,Sussex,EA Brookes,JD Libby,A Karvelas,0,0,,,,,,,,,,,,,
1461848,2025,2025-05-09,"County Ground, Hove",4,47.3,47.3,Worcestershire,Sussex,EA Brookes,JD Libby,A Karvelas,0,0,,,,,,,,,,,,,
1461848,2025,2025-05-09,"County Ground, Hove",4,47.4,47.4,Worcestershire,Sussex,EA Brookes,JD Libby,A Karvelas,0,0,,,,,,,,,,,,,
1461848,2025,2025-05-09,"County Ground, Hove",4,47.5,47.5,Worcestershire,Sussex,EA Brookes,JD Libby,A Karvelas,0,0,,,,,,,,,,,,,
1461848,2025,2025-05-09,"County Ground, Hove",4,47.6,47.6,Worcestershire,Sussex,EA Brookes,JD Libby,A Karvelas,0,0,,,,,,,,,,,,,
1461848,2025,2025-05-09,"County Ground, Hove",4,48.1,48.1,Worcestershire,Sussex,JD Libby,EA Brookes,OE Robinson,0,0,,,,,,,,,,,,,
1461848,2025,2025-05-09,"County Ground, Hove",4,48.2,48.2,Worcestershire,Sussex,JD Libby,EA Brookes,OE Robinson,0,0,,,,,,,,,,,,,
1461848,2025,2025-05-09,"County Ground, Hove",4,48.3,48.3,Worcestershire,Sussex,JD Libby,EA Brookes,OE Robinson,4,0,,,,,,,,,,,,,
1461848,2025,2025-05-09,"County Ground, Hove",4,48.4,48.4,Worcestershire,Sussex,JD Libby,EA Brookes,OE Robinson,0,0,,,,,,,,,,,,,
1461848,2025,2025-05-09,"County Ground, Hove",4,48.5,48.5,Worcestershire,Sussex,JD Libby,EA Brookes,OE Robinson,0,0,,,,,,,,,,,,,
1461848,2025,2025-05-09,"County Ground, Hove",4,48.6,48.6,Worcestershire,Sussex,JD Libby,EA Brookes,OE Robinson,1,0,,,,,,,,,,,,,
1461848,2025,2025-05-09,"County Ground, Hove",4,49.1,49.1,Worcestershire,Sussex,JD Libby,EA Brookes,A Karvelas,0,0,,,,,,,,,,,,,
1461848,2025,2025-05-09,"County Ground, Hove",4,49.2,49.2,Worcestershire,Sussex,JD Libby,EA Brookes,A Karvelas,0,0,,,,,,,,,,,,,
1461848,2025,2025-05-09,"County Ground, Hove",4,49.3,49.3,Worcestershire,Sussex,JD Libby,EA Brookes,A Karvelas,4,0,,,,,,,,,,,,,
1461848,2025,2025-05-09,"County Ground, Hove",4,49.4,49.4,Worcestershire,Sussex,JD Libby,EA Brookes,A Karvelas,1,0,,,,,,,,,,,,,
1461848,2025,2025-05-09,"County Ground, Hove",4,49.5,49.5,Worcestershire,Sussex,EA Brookes,JD Libby,A Karvelas,0,0,,,,,,,,,,,,,
1461848,2025,2025-05-09,"County Ground, Hove",4,49.6,49.6,Worcestershire,Sussex,EA Brookes,JD Libby,A Karvelas,0,0,,,,,,,,,,,,,
1461848,2025,2025-05-09,"County Ground, Hove",4,50.1,50.1,Worcestershire,Sussex,JD Libby,EA Brookes,OE Robinson,0,0,,,,,,,,,,,,,
1461848,2025,2025-05-09,"County Ground, Hove",4,50.2,50.2,Worcestershire,Sussex,JD Libby,EA Brookes,OE Robinson,0,0,,,,,,,,,,,,,
1461848,2025,2025-05-09,"County Ground, Hove",4,50.3,50.3,Worcestershire,Sussex,JD Libby,EA Brookes,OE Robinson,0,0,,,,,,,,,,,,,
1461848,2025,2025-05-09,"County Ground, Hove",4,50.4,50.4,Worcestershire,Sussex,JD Libby,EA Brookes,OE Robinson,4,0,,,,,,,,,,,,,
1461848,2025,2025-05-09,"County Ground, Hove",4,50.5,50.5,Worcestershire,Sussex,JD Libby,EA Brookes,OE Robinson,0,1,,,,1,,,,,,,,,
1461848,2025,2025-05-09,"County Ground, Hove",4,50.6,50.6,Worcestershire,Sussex,EA Brookes,JD Libby,OE Robinson,0,0,,,,,,,,,,,,,
1461848,2025,2025-05-09,"County Ground, Hove",4,51.1,51.1,Worcestershire,Sussex,JD Libby,EA Brookes,A Karvelas,2,0,,,,,,,,,,,,,
1461848,2025,2025-05-09,"County Ground, Hove",4,51.2,51.2,Worcestershire,Sussex,JD Libby,EA Brookes,A Karvelas,0,0,,,,,,,,,,,,,
1461848,2025,2025-05-09,"County Ground, Hove",4,51.3,51.3,Worcestershire,Sussex,JD Libby,EA Brookes,A Karvelas,0,0,,,,,,,,,,,,,
1461848,2025,2025-05-09,"County Ground, Hove",4,51.4,51.4,Worcestershire,Sussex,JD Libby,EA Brookes,A Karvelas,0,0,,,,,,,,,,,,,
1461848,2025,2025-05-09,"County Ground, Hove",4,51.5,51.5,Worcestershire,Sussex,JD Libby,EA Brookes,A Karvelas,1,0,,,,,,,,,,,,,
1461848,2025,2025-05-09,"County Ground, Hove",4,51.6,51.6,Worcestershire,Sussex,EA Brookes,JD Libby,A Karvelas,0,0,,,,,,,,,,,,,
1461848,2025,2025-05-09,"County Ground, Hove",4,52.1,52.1,Worcestershire,Sussex,JD Libby,EA Brookes,OE Robinson,2,0,,,,,,,,,,,,,
1461848,2025,2025-05-09,"County Ground, Hove",4,52.2,52.2,Worcestershire,Sussex,JD Libby,EA Brookes,OE Robinson,0,0,,,,,,,,,,,,,
1461848,2025,2025-05-09,"County Ground, Hove",4,52.3,52.3,Worcestershire,Sussex,JD Libby,EA Brookes,OE Robinson,0,0,,,,,,,,,,,,,
1461848,2025,2025-05-09,"County Ground, Hove",4,52.4,52.4,Worcestershire,Sussex,JD Libby,EA Brookes,OE Robinson,0,0,,,,,,,,,,,,,
1461848,2025,2025-05-09,"County Ground, Hove",4,52.5,52.5,Worcestershire,Sussex,JD Libby,EA Brookes,OE Robinson,1,0,,,,,,,,,,,,,
1461848,2025,2025-05-09,"County Ground, Hove",4,52.6,52.6,Worcestershire,Sussex,EA Brookes,JD Libby,OE Robinson,0,0,,,,,,,,,,,,,
1461848,2025,2025-05-09,"County Ground, Hove",4,53.1,53.1,Worcestershire,Sussex,JD Libby,EA Brookes,A Karvelas,1,0,,,,,,,,,,,,,
1461848,2025,2025-05-09,"County Ground, Hove",4,53.2,53.2,Worcestershire,Sussex,EA Brookes,JD Libby,A Karvelas,0,0,,,,,,,,,,,,,
1461848,2025,2025-05-09,"County Ground, Hove",4,53.3,53.3,Worcestershire,Sussex,EA Brookes,JD Libby,A Karvelas,0,0,,,,,,,,,,,,,
1461848,2025,2025-05-09,"County Ground, Hove",4,53.4,53.4,Worcestershire,Sussex,EA Brookes,JD Libby,A Karvelas,0,0,,,,,,,bowled,EA Brookes,,,,,
1461848,2025,2025-05-09,"County Ground, Hove",4,53.5,53.5,Worcestershire,Sussex,BL D'Oliveira,JD Libby,A Karvelas,0,0,,,,,,,,,,,,,
1461848,2025,2025-05-09,"County Ground, Hove",4,53.6,53.6,Worcestershire,Sussex,BL D'Oliveira,JD Libby,A Karvelas,0,0,,,,,,,,,,,,,
1461848,2025,2025-05-09,"County Ground, Hove",4,54.1,54.1,Worcestershire,Sussex,JD Libby,BL D'Oliveira,OE Robinson,0,0,,,,,,,,,,,,,
1461848,2025,2025-05-09,"County Ground, Hove",4,54.2,54.2,Worcestershire,Sussex,JD Libby,BL D'Oliveira,OE Robinson,0,0,,,,,,,,,,,,,
1461848,2025,2025-05-09,"County Ground, Hove",4,54.3,54.3,Worcestershire,Sussex,JD Libby,BL D'Oliveira,OE Robinson,0,1,1,,,,,,,,,,,,
1461848,2025,2025-05-09,"County Ground, Hove",4,54.4,54.3,Worcestershire,Sussex,JD Libby,BL D'Oliveira,OE Robinson,0,0,,,,,,,,,,,,,
1461848,2025,2025-05-09,"County Ground, Hove",4,54.5,54.4,Worcestershire,Sussex,JD Libby,BL D'Oliveira,OE Robinson,0,0,,,,,,,,,,,,,
1461848,2025,2025-05-09,"County Ground, Hove",4,54.6,54.5,Worcestershire,Sussex,JD Libby,BL D'Oliveira,OE Robinson,1,0,,,,,,,,,,,,,
1461848,2025,2025-05-09,"County Ground, Hove",4,54.7,54.6,Worcestershire,Sussex,BL D'Oliveira,JD Libby,OE Robinson,0,0,,,,,,,,,,,,,
1461848,2025,2025-05-09,"County Ground, Hove",4,55.1,55.1,Worcestershire,Sussex,JD Libby,BL D'Oliveira,A Karvelas,0,0,,,,,,,,,,,,,
1461848,2025,2025-05-09,"County Ground, Hove",4,55.2,55.2,Worcestershire,Sussex,JD Libby,BL D'Oliveira,A Karvelas,0,0,,,,,,,,,,,,,
1461848,2025,2025-05-09,"County Ground, Hove",4,55.3,55.3,Worcestershire,Sussex,JD Libby,BL D'Oliveira,A Karvelas,4,0,,,,,,,,,,,,,
1461848,2025,2025-05-09,"County Ground, Hove",4,55.4,55.4,Worcestershire,Sussex,JD Libby,BL D'Oliveira,A Karvelas,0,0,,,,,,,,,,,,,
1461848,2025,2025-05-09,"County Ground, Hove",4,55.5,55.5,Worcestershire,Sussex,JD Libby,BL D'Oliveira,A Karvelas,2,0,,,,,,,,,,,,,
1461848,2025,2025-05-09,"County Ground, Hove",4,55.6,55.6,Worcestershire,Sussex,JD Libby,BL D'Oliveira,A Karvelas,0,0,,,,,,,,,,,,,
1461848,2025,2025-05-09,"County Ground, Hove",4,56.1,56.1,Worcestershire,Sussex,BL D'Oliveira,JD Libby,OE Robinson,0,0,,,,,,,,,,,,,
1461848,2025,2025-05-09,"County Ground, Hove",4,56.2,56.2,Worcestershire,Sussex,BL D'Oliveira,JD Libby,OE Robinson,0,0,,,,,,,,,,,,,
1461848,2025,2025-05-09,"County Ground, Hove",4,56.3,56.3,Worcestershire,Sussex,BL D'Oliveira,JD Libby,OE Robinson,0,0,,,,,,,,,,,,,
1461848,2025,2025-05-09,"County Ground, Hove",4,56.4,56.4,Worcestershire,Sussex,BL D'Oliveira,JD Libby,OE Robinson,0,0,,,,,,,,,,,,,
1461848,2025,2025-05-09,"County Ground, Hove",4,56.5,56.5,Worcestershire,Sussex,BL D'Oliveira,JD Libby,OE Robinson,1,0,,,,,,,,,,,,,
1461848,2025,2025-05-09,"County Ground, Hove",4,56.6,56.6,Worcestershire,Sussex,JD Libby,BL D'Oliveira,OE Robinson,0,0,,,,,,,,,,,,,
1461848,2025,2025-05-09,"County Ground, Hove",4,57.1,57.1,Worcestershire,Sussex,BL D'Oliveira,JD Libby,TGR Clark,0,0,,,,,,,,,,,,,
1461848,2025,2025-05-09,"County Ground, Hove",4,57.2,57.2,Worcestershire,Sussex,BL D'Oliveira,JD Libby,TGR Clark,0,0,,,,,,,,,,,,,
1461848,2025,2025-05-09,"County Ground, Hove",4,57.3,57.3,Worcestershire,Sussex,BL D'Oliveira,JD Libby,TGR Clark,0,0,,,,,,,,,,,,,
1461848,2025,2025-05-09,"County Ground, Hove",4,57.4,57.4,Worcestershire,Sussex,BL D'Oliveira,JD Libby,TGR Clark,0,0,,,,,,,,,,,,,
1461848,2025,2025-05-09,"County Ground, Hove",4,57.5,57.5,Worcestershire,Sussex,BL D'Oliveira,JD Libby,TGR Clark,0,0,,,,,,,,,,,,,
1461848,2025,2025-05-09,"County Ground, Hove",4,57.6,57.6,Worcestershire,Sussex,BL D'Oliveira,JD Libby,TGR Clark,1,0,,,,,,,,,,,,,
1461848,2025,2025-05-09,"County Ground, Hove",4,58.1,58.1,Worcestershire,Sussex,BL D'Oliveira,JD Libby,FJ Hudson-Prentice,0,0,,,,,,,,,,,,,
1461848,2025,2025-05-09,"County Ground, Hove",4,58.2,58.2,Worcestershire,Sussex,BL D'Oliveira,JD Libby,FJ Hudson-Prentice,0,0,,,,,,,,,,,,,
1461848,2025,2025-05-09,"County Ground, Hove",4,58.3,58.3,Worcestershire,Sussex,BL D'Oliveira,JD Libby,FJ Hudson-Prentice,1,0,,,,,,,,,,,,,
1461848,2025,2025-05-09,"County Ground, Hove",4,58.4,58.4,Worcestershire,Sussex,JD Libby,BL D'Oliveira,FJ Hudson-Prentice,0,0,,,,,,,,,,,,,
1461848,2025,2025-05-09,"County Ground, Hove",4,58.5,58.5,Worcestershire,Sussex,JD Libby,BL D'Oliveira,FJ Hudson-Prentice,0,0,,,,,,,,,,,,,
1461848,2025,2025-05-09,"County Ground, Hove",4,58.6,58.6,Worcestershire,Sussex,JD Libby,BL D'Oliveira,FJ Hudson-Prentice,0,0,,,,,,,,,,,,,
1461848,2025,2025-05-09,"County Ground, Hove",4,59.1,59.1,Worcestershire,Sussex,BL D'Oliveira,JD Libby,TGR Clark,0,0,,,,,,,,,,,,,
1461848,2025,2025-05-09,"County Ground, Hove",4,59.2,59.2,Worcestershire,Sussex,BL D'Oliveira,JD Libby,TGR Clark,1,0,,,,,,,,,,,,,
1461848,2025,2025-05-09,"County Ground, Hove",4,59.3,59.3,Worcestershire,Sussex,JD Libby,BL D'Oliveira,TGR Clark,1,0,,,,,,,,,,,,,
1461848,2025,2025-05-09,"County Ground, Hove",4,59.4,59.4,Worcestershire,Sussex,BL D'Oliveira,JD Libby,TGR Clark,2,0,,,,,,,,,,,,,
1461848,2025,2025-05-09,"County Ground, Hove",4,59.5,59.5,Worcestershire,Sussex,BL D'Oliveira,JD Libby,TGR Clark,2,0,,,,,,,,,,,,,
1461848,2025,2025-05-09,"County Ground, Hove",4,59.6,59.6,Worcestershire,Sussex,BL D'Oliveira,JD Libby,TGR Clark,0,0,,,,,,,,,,,,,
1461848,2025,2025-05-09,"County Ground, Hove",4,60.1,60.1,Worcestershire,Sussex,JD Libby,BL D'Oliveira,FJ Hudson-Prentice,1,0,,,,,,,,,,,,,
1461848,2025,2025-05-09,"County Ground, Hove",4,60.2,60.2,Worcestershire,Sussex,BL D'Oliveira,JD Libby,FJ Hudson-Prentice,2,0,,,,,,,,,,,,,
1461848,2025,2025-05-09,"County Ground, Hove",4,60.3,60.3,Worcestershire,Sussex,BL D'Oliveira,JD Libby,FJ Hudson-Prentice,0,0,,,,,,,,,,,,,
1461848,2025,2025-05-09,"County Ground, Hove",4,60.4,60.4,Worcestershire,Sussex,BL D'Oliveira,JD Libby,FJ Hudson-Prentice,0,0,,,,,,,,,,,,,
1461848,2025,2025-05-09,"County Ground, Hove",4,60.5,60.5,Worcestershire,Sussex,BL D'Oliveira,JD Libby,FJ Hudson-Prentice,0,0,,,,,,,,,,,,,
1461848,2025,2025-05-09,"County Ground, Hove",4,60.6,60.6,Worcestershire,Sussex,BL D'Oliveira,JD Libby,FJ Hudson-Prentice,0,0,,,,,,,,,,,,,
1461848,2025,2025-05-09,"County Ground, Hove",4,61.1,61.1,Worcestershire,Sussex,JD Libby,BL D'Oliveira,TGR Clark,1,0,,,,,,,,,,,,,
1461848,2025,2025-05-09,"County Ground, Hove",4,61.2,61.2,Worcestershire,Sussex,BL D'Oliveira,JD Libby,TGR Clark,2,0,,,,,,,,,,,,,
1461848,2025,2025-05-09,"County Ground, Hove",4,61.3,61.3,Worcestershire,Sussex,BL D'Oliveira,JD Libby,TGR Clark,0,0,,,,,,,,,,,,,
1461848,2025,2025-05-09,"County Ground, Hove",4,61.4,61.4,Worcestershire,Sussex,BL D'Oliveira,JD Libby,TGR Clark,0,0,,,,,,,,,,,,,
1461848,2025,2025-05-09,"County Ground, Hove",4,61.5,61.5,Worcestershire,Sussex,BL D'Oliveira,JD Libby,TGR Clark,0,0,,,,,,,,,,,,,
1461848,2025,2025-05-09,"County Ground, Hove",4,61.6,61.6,Worcestershire,Sussex,BL D'Oliveira,JD Libby,TGR Clark,0,0,,,,,,,,,,,,,
1461848,2025,2025-05-09,"County Ground, Hove",4,62.1,62.1,Worcestershire,Sussex,JD Libby,BL D'Oliveira,FJ Hudson-Prentice,0,0,,,,,,,,,,,,,
1461848,2025,2025-05-09,"County Ground, Hove",4,62.2,62.2,Worcestershire,Sussex,JD Libby,BL D'Oliveira,FJ Hudson-Prentice,0,0,,,,,,,,,,,,,
1461848,2025,2025-05-09,"County Ground, Hove",4,62.3,62.3,Worcestershire,Sussex,JD Libby,BL D'Oliveira,FJ Hudson-Prentice,0,0,,,,,,,,,,,,,
1461848,2025,2025-05-09,"County Ground, Hove",4,62.4,62.4,Worcestershire,Sussex,JD Libby,BL D'Oliveira,FJ Hudson-Prentice,0,0,,,,,,,,,,,,,
1461848,2025,2025-05-09,"County Ground, Hove",4,62.5,62.5,Worcestershire,Sussex,JD Libby,BL D'Oliveira,FJ Hudson-Prentice,0,0,,,,,,,,,,,,,
1461848,2025,2025-05-09,"County Ground, Hove",4,62.6,62.6,Worcestershire,Sussex,JD Libby,BL D'Oliveira,FJ Hudson-Prentice,0,0,,,,,,,,,,,,,
1461848,2025,2025-05-09,"County Ground, Hove",4,63.1,63.1,Worcestershire,Sussex,BL D'Oliveira,JD Libby,TGR Clark,1,0,,,,,,,,,,,,,
1461848,2025,2025-05-09,"County Ground, Hove",4,63.2,63.2,Worcestershire,Sussex,JD Libby,BL D'Oliveira,TGR Clark,0,0,,,,,,,,,,,,,
1461848,2025,2025-05-09,"County Ground, Hove",4,63.3,63.3,Worcestershire,Sussex,JD Libby,BL D'Oliveira,TGR Clark,0,0,,,,,,,,,,,,,
1461848,2025,2025-05-09,"County Ground, Hove",4,63.4,63.4,Worcestershire,Sussex,JD Libby,BL D'Oliveira,TGR Clark,3,0,,,,,,,,,,,,,
1461848,2025,2025-05-09,"County Ground, Hove",4,63.5,63.5,Worcestershire,Sussex,BL D'Oliveira,JD Libby,TGR Clark,0,0,,,,,,,,,,,,,
1461848,2025,2025-05-09,"County Ground, Hove",4,63.6,63.6,Worcestershire,Sussex,BL D'Oliveira,JD Libby,TGR Clark,0,0,,,,,,,,,,,,,
1461848,2025,2025-05-09,"County Ground, Hove",4,64.1,64.1,Worcestershire,Sussex,JD Libby,BL D'Oliveira,FJ Hudson-Prentice,0,0,,,,,,,,,,,,,
1461848,2025,2025-05-09,"County Ground, Hove",4,64.2,64.2,Worcestershire,Sussex,JD Libby,BL D'Oliveira,FJ Hudson-Prentice,4,0,,,,,,,,,,,,,
1461848,2025,2025-05-09,"County Ground, Hove",4,64.3,64.3,Worcestershire,Sussex,JD Libby,BL D'Oliveira,FJ Hudson-Prentice,0,0,,,,,,,,,,,,,
1461848,2025,2025-05-09,"County Ground, Hove",4,64.4,64.4,Worcestershire,Sussex,JD Libby,BL D'Oliveira,FJ Hudson-Prentice,0,0,,,,,,,,,,,,,
1461848,2025,2025-05-09,"County Ground, Hove",4,64.5,64.5,Worcestershire,Sussex,JD Libby,BL D'Oliveira,FJ Hudson-Prentice,4,0,,,,,,,,,,,,,
1461848,2025,2025-05-09,"County Ground, Hove",4,64.6,64.6,Worcestershire,Sussex,JD Libby,BL D'Oliveira,FJ Hudson-Prentice,0,0,,,,,,,,,,,,,
1461848,2025,2025-05-09,"County Ground, Hove",4,65.1,65.1,Worcestershire,Sussex,BL D'Oliveira,JD Libby,JJ Carson,0,0,,,,,,,,,,,,,
1461848,2025,2025-05-09,"County Ground, Hove",4,65.2,65.2,Worcestershire,Sussex,BL D'Oliveira,JD Libby,JJ Carson,0,0,,,,,,,,,,,,,
1461848,2025,2025-05-09,"County Ground, Hove",4,65.3,65.3,Worcestershire,Sussex,BL D'Oliveira,JD Libby,JJ Carson,0,0,,,,,,,,,,,,,
1461848,2025,2025-05-09,"County Ground, Hove",4,65.4,65.4,Worcestershire,Sussex,BL D'Oliveira,JD Libby,JJ Carson,0,0,,,,,,,,,,,,,
1461848,2025,2025-05-09,"County Ground, Hove",4,65.5,65.5,Worcestershire,Sussex,BL D'Oliveira,JD Libby,JJ Carson,2,0,,,,,,,,,,,,,
1461848,2025,2025-05-09,"County Ground, Hove",4,65.6,65.6,Worcestershire,Sussex,BL D'Oliveira,JD Libby,JJ Carson,0,0,,,,,,,,,,,,,
1461848,2025,2025-05-09,"County Ground, Hove",4,66.1,66.1,Worcestershire,Sussex,JD Libby,BL D'Oliveira,JM Coles,2,0,,,,,,,,,,,,,
1461848,2025,2025-05-09,"County Ground, Hove",4,66.2,66.2,Worcestershire,Sussex,JD Libby,BL D'Oliveira,JM Coles,0,0,,,,,,,,,,,,,
1461848,2025,2025-05-09,"County Ground, Hove",4,66.3,66.3,Worcestershire,Sussex,JD Libby,BL D'Oliveira,JM Coles,0,0,,,,,,,,,,,,,
1461848,2025,2025-05-09,"County Ground, Hove",4,66.4,66.4,Worcestershire,Sussex,JD Libby,BL D'Oliveira,JM Coles,3,0,,,,,,,,,,,,,
1461848,2025,2025-05-09,"County Ground, Hove",4,66.5,66.5,Worcestershire,Sussex,BL D'Oliveira,JD Libby,JM Coles,0,0,,,,,,,,,,,,,
1461848,2025,2025-05-09,"County Ground, Hove",4,66.6,66.6,Worcestershire,Sussex,BL D'Oliveira,JD Libby,JM Coles,0,0,,,,,,,,,,,,,
1461848,2025,2025-05-09,"County Ground, Hove",4,67.1,67.1,Worcestershire,Sussex,JD Libby,BL D'Oliveira,JJ Carson,1,0,,,,,,,,,,,,,
1461848,2025,2025-05-09,"County Ground, Hove",4,67.2,67.2,Worcestershire,Sussex,BL D'Oliveira,JD Libby,JJ Carson,1,0,,,,,,,,,,,,,
1461848,2025,2025-05-09,"County Ground, Hove",4,67.3,67.3,Worcestershire,Sussex,JD Libby,BL D'Oliveira,JJ Carson,0,0,,,,,,,,,,,,,
1461848,2025,2025-05-09,"County Ground, Hove",4,67.4,67.4,Worcestershire,Sussex,JD Libby,BL D'Oliveira,JJ Carson,0,0,,,,,,,,,,,,,
1461848,2025,2025-05-09,"County Ground, Hove",4,67.5,67.5,Worcestershire,Sussex,JD Libby,BL D'Oliveira,JJ Carson,1,0,,,,,,,,,,,,,
1461848,2025,2025-05-09,"County Ground, Hove",4,67.6,67.6,Worcestershire,Sussex,BL D'Oliveira,JD Libby,JJ Carson,1,0,,,,,,,,,,,,,
1461848,2025,2025-05-09,"County Ground, Hove",4,68.1,68.1,Worcestershire,Sussex,BL D'Oliveira,JD Libby,JPH Hayes,0,0,,,,,,,,,,,,,
1461848,2025,2025-05-09,"County Ground, Hove",4,68.2,68.2,Worcestershire,Sussex,BL D'Oliveira,JD Libby,JPH Hayes,0,0,,,,,,,,,,,,,
1461848,2025,2025-05-09,"County Ground, Hove",4,68.3,68.3,Worcestershire,Sussex,BL D'Oliveira,JD Libby,JPH Hayes,2,0,,,,,,,,,,,,,
1461848,2025,2025-05-09,"County Ground, Hove",4,68.4,68.4,Worcestershire,Sussex,BL D'Oliveira,JD Libby,JPH Hayes,0,0,,,,,,,,,,,,,
1461848,2025,2025-05-09,"County Ground, Hove",4,68.5,68.5,Worcestershire,Sussex,BL D'Oliveira,JD Libby,JPH Hayes,2,0,,,,,,,,,,,,,
1461848,2025,2025-05-09,"County Ground, Hove",4,68.6,68.6,Worcestershire,Sussex,BL D'Oliveira,JD Libby,JPH Hayes,0,0,,,,,,,,,,,,,
1461848,2025,2025-05-09,"County Ground, Hove",4,69.1,69.1,Worcestershire,Sussex,JD Libby,BL D'Oliveira,FJ Hudson-Prentice,1,0,,,,,,,,,,,,,
1461848,2025,2025-05-09,"County Ground, Hove",4,69.2,69.2,Worcestershire,Sussex,BL D'Oliveira,JD Libby,FJ Hudson-Prentice,0,0,,,,,,,,,,,,,
1461848,2025,2025-05-09,"County Ground, Hove",4,69.3,69.3,Worcestershire,Sussex,BL D'Oliveira,JD Libby,FJ Hudson-Prentice,0,0,,,,,,,,,,,,,
1461848,2025,2025-05-09,"County Ground, Hove",4,69.4,69.4,Worcestershire,Sussex,BL D'Oliveira,JD Libby,FJ Hudson-Prentice,0,0,,,,,,,,,,,,,
1461848,2025,2025-05-09,"County Ground, Hove",4,69.5,69.5,Worcestershire,Sussex,BL D'Oliveira,JD Libby,FJ Hudson-Prentice,0,0,,,,,,,,,,,,,
1461848,2025,2025-05-09,"County Ground, Hove",4,69.6,69.6,Worcestershire,Sussex,BL D'Oliveira,JD Libby,FJ Hudson-Prentice,0,0,,,,,,,,,,,,,
1461848,2025,2025-05-09,"County Ground, Hove",4,70.1,70.1,Worcestershire,Sussex,JD Libby,BL D'Oliveira,JPH Hayes,1,0,,,,,,,,,,,,,
1461848,2025,2025-05-09,"County Ground, Hove",4,70.2,70.2,Worcestershire,Sussex,BL D'Oliveira,JD Libby,JPH Hayes,1,0,,,,,,,,,,,,,
1461848,2025,2025-05-09,"County Ground, Hove",4,70.3,70.3,Worcestershire,Sussex,JD Libby,BL D'Oliveira,JPH Hayes,4,0,,,,,,,,,,,,,
1461848,2025,2025-05-09,"County Ground, Hove",4,70.4,70.4,Worcestershire,Sussex,JD Libby,BL D'Oliveira,JPH Hayes,0,0,,,,,,,,,,,,,
1461848,2025,2025-05-09,"County Ground, Hove",4,70.5,70.5,Worcestershire,Sussex,JD Libby,BL D'Oliveira,JPH Hayes,0,0,,,,,,,,,,,,,
1461848,2025,2025-05-09,"County Ground, Hove",4,70.6,70.6,Worcestershire,Sussex,JD Libby,BL D'Oliveira,JPH Hayes,0,0,,,,,,,,,,,,,
1461848,2025,2025-05-09,"County Ground, Hove",4,71.1,71.1,Worcestershire,Sussex,BL D'Oliveira,JD Libby,FJ Hudson-Prentice,0,0,,,,,,,,,,,,,
1461848,2025,2025-05-09,"County Ground, Hove",4,71.2,71.2,Worcestershire,Sussex,BL D'Oliveira,JD Libby,FJ Hudson-Prentice,0,0,,,,,,,,,,,,,
1461848,2025,2025-05-09,"County Ground, Hove",4,71.3,71.3,Worcestershire,Sussex,BL D'Oliveira,JD Libby,FJ Hudson-Prentice,1,0,,,,,,,,,,,,,
1461848,2025,2025-05-09,"County Ground, Hove",4,71.4,71.4,Worcestershire,Sussex,JD Libby,BL D'Oliveira,FJ Hudson-Prentice,1,0,,,,,,,,,,,,,
1461848,2025,2025-05-09,"County Ground, Hove",4,71.5,71.5,Worcestershire,Sussex,BL D'Oliveira,JD Libby,FJ Hudson-Prentice,2,0,,,,,,,,,,,,,
1461848,2025,2025-05-09,"County Ground, Hove",4,71.6,71.6,Worcestershire,Sussex,BL D'Oliveira,JD Libby,FJ Hudson-Prentice,0,0,,,,,,,,,,,,,
1461848,2025,2025-05-09,"County Ground, Hove",4,72.1,72.1,Worcestershire,Sussex,JD Libby,BL D'Oliveira,JPH Hayes,1,0,,,,,,,,,,,,,
1461848,2025,2025-05-09,"County Ground, Hove",4,72.2,72.2,Worcestershire,Sussex,BL D'Oliveira,JD Libby,JPH Hayes,0,4,,,4,,,,,,,,,,
1461848,2025,2025-05-09,"County Ground, Hove",4,72.3,72.3,Worcestershire,Sussex,BL D'Oliveira,JD Libby,JPH Hayes,2,0,,,,,,,,,,,,,
1461848,2025,2025-05-09,"County Ground, Hove",4,72.4,72.4,Worcestershire,Sussex,BL D'Oliveira,JD Libby,JPH Hayes,0,0,,,,,,,,,,,,,
1461848,2025,2025-05-09,"County Ground, Hove",4,72.5,72.5,Worcestershire,Sussex,BL D'Oliveira,JD Libby,JPH Hayes,0,0,,,,,,,,,,,,,
1461848,2025,2025-05-09,"County Ground, Hove",4,72.6,72.6,Worcestershire,Sussex,BL D'Oliveira,JD Libby,JPH Hayes,1,0,,,,,,,,,,,,,
1461848,2025,2025-05-09,"County Ground, Hove",4,73.1,73.1,Worcestershire,Sussex,BL D'Oliveira,JD Libby,FJ Hudson-Prentice,0,0,,,,,,,,,,,,,
1461848,2025,2025-05-09,"County Ground, Hove",4,73.2,73.2,Worcestershire,Sussex,BL D'Oliveira,JD Libby,FJ Hudson-Prentice,0,0,,,,,,,,,,,,,
1461848,2025,2025-05-09,"County Ground, Hove",4,73.3,73.3,Worcestershire,Sussex,BL D'Oliveira,JD Libby,FJ Hudson-Prentice,0,0,,,,,,,,,,,,,
1461848,2025,2025-05-09,"County Ground, Hove",4,73.4,73.4,Worcestershire,Sussex,BL D'Oliveira,JD Libby,FJ Hudson-Prentice,0,0,,,,,,,,,,,,,
1461848,2025,2025-05-09,"County Ground, Hove",4,73.5,73.5,Worcestershire,Sussex,BL D'Oliveira,JD Libby,FJ Hudson-Prentice,0,0,,,,,,,,,,,,,
1461848,2025,2025-05-09,"County Ground, Hove",4,73.6,73.6,Worcestershire,Sussex,BL D'Oliveira,JD Libby,FJ Hudson-Prentice,0,0,,,,,,,,,,,,,
1461848,2025,2025-05-09,"County Ground, Hove",4,74.1,74.1,Worcestershire,Sussex,JD Libby,BL D'Oliveira,JPH Hayes,1,0,,,,,,,,,,,,,
1461848,2025,2025-05-09,"County Ground, Hove",4,74.2,74.2,Worcestershire,Sussex,BL D'Oliveira,JD Libby,JPH Hayes,0,0,,,,,,,,,,,,,
1461848,2025,2025-05-09,"County Ground, Hove",4,74.3,74.3,Worcestershire,Sussex,BL D'Oliveira,JD Libby,JPH Hayes,1,0,,,,,,,,,,,,,
1461848,2025,2025-05-09,"County Ground, Hove",4,74.4,74.4,Worcestershire,Sussex,JD Libby,BL D'Oliveira,JPH Hayes,0,0,,,,,,,,,,,,,
1461848,2025,2025-05-09,"County Ground, Hove",4,74.5,74.5,Worcestershire,Sussex,JD Libby,BL D'Oliveira,JPH Hayes,0,0,,,,,,,,,,,,,
1461848,2025,2025-05-09,"County Ground, Hove",4,74.6,74.6,Worcestershire,Sussex,JD Libby,BL D'Oliveira,JPH Hayes,1,0,,,,,,,,,,,,,
1461848,2025,2025-05-09,"County Ground, Hove",4,75.1,75.1,Worcestershire,Sussex,JD Libby,BL D'Oliveira,FJ Hudson-Prentice,4,0,,,,,,,,,,,,,
1461848,2025,2025-05-09,"County Ground, Hove",4,75.2,75.2,Worcestershire,Sussex,JD Libby,BL D'Oliveira,FJ Hudson-Prentice,0,0,,,,,,,,,,,,,
1461848,2025,2025-05-09,"County Ground, Hove",4,75.3,75.3,Worcestershire,Sussex,JD Libby,BL D'Oliveira,FJ Hudson-Prentice,1,0,,,,,,,,,,,,,
1461848,2025,2025-05-09,"County Ground, Hove",4,75.4,75.4,Worcestershire,Sussex,BL D'Oliveira,JD Libby,FJ Hudson-Prentice,0,0,,,,,,,,,,,,,
1461848,2025,2025-05-09,"County Ground, Hove",4,75.5,75.5,Worcestershire,Sussex,BL D'Oliveira,JD Libby,FJ Hudson-Prentice,0,0,,,,,,,,,,,,,
1461848,2025,2025-05-09,"County Ground, Hove",4,75.6,75.6,Worcestershire,Sussex,BL D'Oliveira,JD Libby,FJ Hudson-Prentice,0,0,,,,,,,,,,,,,
1461848,2025,2025-05-09,"County Ground, Hove",4,76.1,76.1,Worcestershire,Sussex,JD Libby,BL D'Oliveira,JPH Hayes,2,0,,,,,,,,,,,,,
1461848,2025,2025-05-09,"County Ground, Hove",4,76.2,76.2,Worcestershire,Sussex,JD Libby,BL D'Oliveira,JPH Hayes,2,0,,,,,,,,,,,,,
1461848,2025,2025-05-09,"County Ground, Hove",4,76.3,76.3,Worcestershire,Sussex,JD Libby,BL D'Oliveira,JPH Hayes,0,0,,,,,,,,,,,,,
1461848,2025,2025-05-09,"County Ground, Hove",4,76.4,76.4,Worcestershire,Sussex,JD Libby,BL D'Oliveira,JPH Hayes,0,0,,,,,,,,,,,,,
1461848,2025,2025-05-09,"County Ground, Hove",4,76.5,76.5,Worcestershire,Sussex,JD Libby,BL D'Oliveira,JPH Hayes,0,0,,,,,,,,,,,,,
1461848,2025,2025-05-09,"County Ground, Hove",4,76.6,76.6,Worcestershire,Sussex,JD Libby,BL D'Oliveira,JPH Hayes,0,0,,,,,,,,,,,,,
1461848,2025,2025-05-09,"County Ground, Hove",4,77.1,77.1,Worcestershire,Sussex,BL D'Oliveira,JD Libby,TGR Clark,0,0,,,,,,,,,,,,,
1461848,2025,2025-05-09,"County Ground, Hove",4,77.2,77.2,Worcestershire,Sussex,BL D'Oliveira,JD Libby,TGR Clark,0,0,,,,,,,bowled,BL D'Oliveira,,,,,
1461848,2025,2025-05-09,"County Ground, Hove",4,77.3,77.3,Worcestershire,Sussex,MJ Waite,JD Libby,TGR Clark,0,0,,,,,,,,,,,,,
1461848,2025,2025-05-09,"County Ground, Hove",4,77.4,77.4,Worcestershire,Sussex,MJ Waite,JD Libby,TGR Clark,0,0,,,,,,,,,,,,,
1461848,2025,2025-05-09,"County Ground, Hove",4,77.5,77.5,Worcestershire,Sussex,MJ Waite,JD Libby,TGR Clark,0,0,,,,,,,,,,,,,
1461848,2025,2025-05-09,"County Ground, Hove",4,77.6,77.6,Worcestershire,Sussex,MJ Waite,JD Libby,TGR Clark,0,0,,,,,,,,,,,,,
1461848,2025,2025-05-09,"County Ground, Hove",4,78.1,78.1,Worcestershire,Sussex,JD Libby,MJ Waite,JJ Carson,0,0,,,,,,,,,,,,,
1461848,2025,2025-05-09,"County Ground, Hove",4,78.2,78.2,Worcestershire,Sussex,JD Libby,MJ Waite,JJ Carson,0,0,,,,,,,,,,,,,
1461848,2025,2025-05-09,"County Ground, Hove",4,78.3,78.3,Worcestershire,Sussex,JD Libby,MJ Waite,JJ Carson,2,0,,,,,,,,,,,,,
1461848,2025,2025-05-09,"County Ground, Hove",4,78.4,78.4,Worcestershire,Sussex,JD Libby,MJ Waite,JJ Carson,0,0,,,,,,,,,,,,,
1461848,2025,2025-05-09,"County Ground, Hove",4,78.5,78.5,Worcestershire,Sussex,JD Libby,MJ Waite,JJ Carson,0,0,,,,,,,,,,,,,
1461848,2025,2025-05-09,"County Ground, Hove",4,78.6,78.6,Worcestershire,Sussex,JD Libby,MJ Waite,JJ Carson,0,0,,,,,,,,,,,,,
1461848,2025,2025-05-09,"County Ground, Hove",4,79.1,79.1,Worcestershire,Sussex,MJ Waite,JD Libby,TGR Clark,0,0,,,,,,,,,,,,,
1461848,2025,2025-05-09,"County Ground, Hove",4,79.2,79.2,Worcestershire,Sussex,MJ Waite,JD Libby,TGR Clark,1,0,,,,,,,,,,,,,
1461848,2025,2025-05-09,"County Ground, Hove",4,79.3,79.3,Worcestershire,Sussex,JD Libby,MJ Waite,TGR Clark,0,0,,,,,,,,,,,,,
1461848,2025,2025-05-09,"County Ground, Hove",4,79.4,79.4,Worcestershire,Sussex,JD Libby,MJ Waite,TGR Clark,0,0,,,,,,,,,,,,,
1461848,2025,2025-05-09,"County Ground, Hove",4,79.5,79.5,Worcestershire,Sussex,JD Libby,MJ Waite,TGR Clark,0,0,,,,,,,,,,,,,
1461848,2025,2025-05-09,"County Ground, Hove",4,79.6,79.6,Worcestershire,Sussex,JD Libby,MJ Waite,TGR Clark,0,0,,,,,,,,,,,,,
1461848,2025,2025-05-09,"County Ground, Hove",4,80.1,80.1,Worcestershire,Sussex,MJ Waite,JD Libby,OE Robinson,4,0,,,,,,,,,,,,,
1461848,2025,2025-05-09,"County Ground, Hove",4,80.2,80.2,Worcestershire,Sussex,MJ Waite,JD Libby,OE Robinson,0,0,,,,,,,,,,,,,
1461848,2025,2025-05-09,"County Ground, Hove",4,80.3,80.3,Worcestershire,Sussex,MJ Waite,JD Libby,OE Robinson,0,0,,,,,,,,,,,,,
1461848,2025,2025-05-09,"County Ground, Hove",4,80.4,80.4,Worcestershire,Sussex,MJ Waite,JD Libby,OE Robinson,0,0,,,,,,,,,,,,,
1461848,2025,2025-05-09,"County Ground, Hove",4,80.5,80.5,Worcestershire,Sussex,MJ Waite,JD Libby,OE Robinson,0,0,,,,,,,,,,,,,
1461848,2025,2025-05-09,"County Ground, Hove",4,80.6,80.6,Worcestershire,Sussex,MJ Waite,JD Libby,OE Robinson,0,0,,,,,,,,,,,,,
1461848,2025,2025-05-09,"County Ground, Hove",4,81.1,81.1,Worcestershire,Sussex,JD Libby,MJ Waite,TGR Clark,1,0,,,,,,,,,,,,,
1461848,2025,2025-05-09,"County Ground, Hove",4,81.2,81.2,Worcestershire,Sussex,MJ Waite,JD Libby,TGR Clark,0,0,,,,,,,,,,,,,
1461848,2025,2025-05-09,"County Ground, Hove",4,81.3,81.3,Worcestershire,Sussex,MJ Waite,JD Libby,TGR Clark,0,0,,,,,,,,,,,,,
1461848,2025,2025-05-09,"County Ground, Hove",4,81.4,81.4,Worcestershire,Sussex,MJ Waite,JD Libby,TGR Clark,0,0,,,,,,,,,,,,,
1461848,2025,2025-05-09,"County Ground, Hove",4,81.5,81.5,Worcestershire,Sussex,MJ Waite,JD Libby,TGR Clark,2,0,,,,,,,,,,,,,
1461848,2025,2025-05-09,"County Ground, Hove",4,81.6,81.6,Worcestershire,Sussex,MJ Waite,JD Libby,TGR Clark,0,0,,,,,,,,,,,,,
1461848,2025,2025-05-09,"County Ground, Hove",4,82.1,82.1,Worcestershire,Sussex,JD Libby,MJ Waite,OE Robinson,0,0,,,,,,,,,,,,,
1461848,2025,2025-05-09,"County Ground, Hove",4,82.2,82.2,Worcestershire,Sussex,JD Libby,MJ Waite,OE Robinson,3,0,,,,,,,,,,,,,
1461848,2025,2025-05-09,"County Ground, Hove",4,82.3,82.3,Worcestershire,Sussex,MJ Waite,JD Libby,OE Robinson,0,0,,,,,,,,,,,,,
1461848,2025,2025-05-09,"County Ground, Hove",4,82.4,82.4,Worcestershire,Sussex,MJ Waite,JD Libby,OE Robinson,0,0,,,,,,,,,,,,,
1461848,2025,2025-05-09,"County Ground, Hove",4,82.5,82.5,Worcestershire,Sussex,MJ Waite,JD Libby,OE Robinson,0,0,,,,,,,,,,,,,
1461848,2025,2025-05-09,"County Ground, Hove",4,82.6,82.6,Worcestershire,Sussex,MJ Waite,JD Libby,OE Robinson,0,0,,,,,,,,,,,,,
1461848,2025,2025-05-09,"County Ground, Hove",4,83.1,83.1,Worcestershire,Sussex,JD Libby,MJ Waite,TGR Clark,4,0,,,,,,,,,,,,,
1461848,2025,2025-05-09,"County Ground, Hove",4,83.2,83.2,Worcestershire,Sussex,JD Libby,MJ Waite,TGR Clark,1,0,,,,,,,,,,,,,
1461848,2025,2025-05-09,"County Ground, Hove",4,83.3,83.3,Worcestershire,Sussex,MJ Waite,JD Libby,TGR Clark,0,0,,,,,,,,,,,,,
1461848,2025,2025-05-09,"County Ground, Hove",4,83.4,83.4,Worcestershire,Sussex,MJ Waite,JD Libby,TGR Clark,1,0,,,,,,,,,,,,,
1461848,2025,2025-05-09,"County Ground, Hove",4,83.5,83.5,Worcestershire,Sussex,JD Libby,MJ Waite,TGR Clark,2,0,,,,,,,,,,,,,
1461848,2025,2025-05-09,"County Ground, Hove",4,83.6,83.6,Worcestershire,Sussex,JD Libby,MJ Waite,TGR Clark,1,0,,,,,,,,,,,,,
1461848,2025,2025-05-09,"County Ground, Hove",4,84.1,84.1,Worcestershire,Sussex,JD Libby,MJ Waite,OE Robinson,0,0,,,,,,,,,,,,,
1461848,2025,2025-05-09,"County Ground, Hove",4,84.2,84.2,Worcestershire,Sussex,JD Libby,MJ Waite,OE Robinson,2,0,,,,,,,,,,,,,
1461848,2025,2025-05-09,"County Ground, Hove",4,84.3,84.3,Worcestershire,Sussex,JD Libby,MJ Waite,OE Robinson,0,0,,,,,,,,,,,,,
1461848,2025,2025-05-09,"County Ground, Hove",4,84.4,84.4,Worcestershire,Sussex,JD Libby,MJ Waite,OE Robinson,4,0,,,,,,,,,,,,,
1461848,2025,2025-05-09,"County Ground, Hove",4,84.5,84.5,Worcestershire,Sussex,JD Libby,MJ Waite,OE Robinson,0,0,,,,,,,,,,,,,
1461848,2025,2025-05-09,"County Ground, Hove",4,84.6,84.6,Worcestershire,Sussex,JD Libby,MJ Waite,OE Robinson,0,0,,,,,,,,,,,,,
1461848,2025,2025-05-09,"County Ground, Hove",4,85.1,85.1,Worcestershire,Sussex,MJ Waite,JD Libby,A Karvelas,0,2,,,,2,,,,,,,,,
1461848,2025,2025-05-09,"County Ground, Hove",4,85.2,85.2,Worcestershire,Sussex,MJ Waite,JD Libby,A Karvelas,0,0,,,,,,,,,,,,,
1461848,2025,2025-05-09,"County Ground, Hove",4,85.3,85.3,Worcestershire,Sussex,MJ Waite,JD Libby,A Karvelas,0,0,,,,,,,,,,,,,
1461848,2025,2025-05-09,"County Ground, Hove",4,85.4,85.4,Worcestershire,Sussex,MJ Waite,JD Libby,A Karvelas,0,0,,,,,,,,,,,,,
1461848,2025,2025-05-09,"County Ground, Hove",4,85.5,85.5,Worcestershire,Sussex,MJ Waite,JD Libby,A Karvelas,0,0,,,,,,,,,,,,,
1461848,2025,2025-05-09,"County Ground, Hove",4,85.6,85.6,Worcestershire,Sussex,MJ Waite,JD Libby,A Karvelas,1,0,,,,,,,,,,,,,
1461848,2025,2025-05-09,"County Ground, Hove",4,86.1,86.1,Worcestershire,Sussex,MJ Waite,JD Libby,OE Robinson,0,0,,,,,,,,,,,,,
1461848,2025,2025-05-09,"County Ground, Hove",4,86.2,86.2,Worcestershire,Sussex,MJ Waite,JD Libby,OE Robinson,3,0,,,,,,,,,,,,,
1461848,2025,2025-05-09,"County Ground, Hove",4,86.3,86.3,Worcestershire,Sussex,JD Libby,MJ Waite,OE Robinson,0,0,,,,,,,,,,,,,
1461848,2025,2025-05-09,"County Ground, Hove",4,86.4,86.4,Worcestershire,Sussex,JD Libby,MJ Waite,OE Robinson,4,0,,,,,,,,,,,,,
1461848,2025,2025-05-09,"County Ground, Hove",4,86.5,86.5,Worcestershire,Sussex,JD Libby,MJ Waite,OE Robinson,1,0,,,,,,,,,,,,,
1461848,2025,2025-05-09,"County Ground, Hove",4,86.6,86.6,Worcestershire,Sussex,MJ Waite,JD Libby,OE Robinson,1,0,,,,,,,,,,,,,
1461848,2025,2025-05-09,"County Ground, Hove",4,87.1,87.1,Worcestershire,Sussex,MJ Waite,JD Libby,A Karvelas,0,0,,,,,,,,,,,,,
1461848,2025,2025-05-09,"County Ground, Hove",4,87.2,87.2,Worcestershire,Sussex,MJ Waite,JD Libby,A Karvelas,0,0,,,,,,,,,,,,,
1461848,2025,2025-05-09,"County Ground, Hove",4,87.3,87.3,Worcestershire,Sussex,MJ Waite,JD Libby,A Karvelas,0,0,,,,,,,,,,,,,
1461848,2025,2025-05-09,"County Ground, Hove",4,87.4,87.4,Worcestershire,Sussex,MJ Waite,JD Libby,A Karvelas,0,0,,,,,,,,,,,,,
1461848,2025,2025-05-09,"County Ground, Hove",4,87.5,87.5,Worcestershire,Sussex,MJ Waite,JD Libby,A Karvelas,0,0,,,,,,,,,,,,,
1461848,2025,2025-05-09,"County Ground, Hove",4,87.6,87.6,Worcestershire,Sussex,MJ Waite,JD Libby,A Karvelas,1,0,,,,,,,,,,,,,
1461848,2025,2025-05-09,"County Ground, Hove",4,88.1,88.1,Worcestershire,Sussex,MJ Waite,JD Libby,OE Robinson,0,0,,,,,,,,,,,,,
1461848,2025,2025-05-09,"County Ground, Hove",4,88.2,88.2,Worcestershire,Sussex,MJ Waite,JD Libby,OE Robinson,0,0,,,,,,,,,,,,,
1461848,2025,2025-05-09,"County Ground, Hove",4,88.3,88.3,Worcestershire,Sussex,MJ Waite,JD Libby,OE Robinson,0,4,,,4,,,,,,,,,,
1461848,2025,2025-05-09,"County Ground, Hove",4,88.4,88.4,Worcestershire,Sussex,MJ Waite,JD Libby,OE Robinson,0,0,,,,,,,,,,,,,
1461848,2025,2025-05-09,"County Ground, Hove",4,88.5,88.5,Worcestershire,Sussex,MJ Waite,JD Libby,OE Robinson,0,0,,,,,,,,,,,,,
1461848,2025,2025-05-09,"County Ground, Hove",4,88.6,88.6,Worcestershire,Sussex,MJ Waite,JD Libby,OE Robinson,0,0,,,,,,,,,,,,,
1461848,2025,2025-05-09,"County Ground, Hove",4,89.1,89.1,Worcestershire,Sussex,JD Libby,MJ Waite,A Karvelas,1,0,,,,,,,,,,,,,
1461848,2025,2025-05-09,"County Ground, Hove",4,89.2,89.2,Worcestershire,Sussex,MJ Waite,JD Libby,A Karvelas,0,0,,,,,,,,,,,,,
1461848,2025,2025-05-09,"County Ground, Hove",4,89.3,89.3,Worcestershire,Sussex,MJ Waite,JD Libby,A Karvelas,0,0,,,,,,,,,,,,,
1461848,2025,2025-05-09,"County Ground, Hove",4,89.4,89.4,Worcestershire,Sussex,MJ Waite,JD Libby,A Karvelas,0,0,,,,,,,,,,,,,
1461848,2025,2025-05-09,"County Ground, Hove",4,89.5,89.5,Worcestershire,Sussex,MJ Waite,JD Libby,A Karvelas,0,0,,,,,,,,,,,,,
1461848,2025,2025-05-09,"County Ground, Hove",4,89.6,89.6,Worcestershire,Sussex,MJ Waite,JD Libby,A Karvelas,0,0,,,,,,,,,,,,,
1461848,2025,2025-05-09,"County Ground, Hove",4,90.1,90.1,Worcestershire,Sussex,JD Libby,MJ Waite,OE Robinson,1,0,,,,,,,,,,,,,
1461848,2025,2025-05-09,"County Ground, Hove",4,90.2,90.2,Worcestershire,Sussex,MJ Waite,JD Libby,OE Robinson,0,0,,,,,,,,,,,,,
1461848,2025,2025-05-09,"County Ground, Hove",4,90.3,90.3,Worcestershire,Sussex,MJ Waite,JD Libby,OE Robinson,0,0,,,,,,,,,,,,,
1461848,2025,2025-05-09,"County Ground, Hove",4,90.4,90.4,Worcestershire,Sussex,MJ Waite,JD Libby,OE Robinson,0,0,,,,,,,,,,,,,
1461848,2025,2025-05-09,"County Ground, Hove",4,90.5,90.5,Worcestershire,Sussex,MJ Waite,JD Libby,OE Robinson,0,0,,,,,,,,,,,,,
1461848,2025,2025-05-09,"County Ground, Hove",4,90.6,90.6,Worcestershire,Sussex,MJ Waite,JD Libby,OE Robinson,0,0,,,,,,,,,,,,,
1461848,2025,2025-05-09,"County Ground, Hove",4,91.1,91.1,Worcestershire,Sussex,JD Libby,MJ Waite,A Karvelas,0,0,,,,,,,,,,,,,
1461848,2025,2025-05-09,"County Ground, Hove",4,91.2,91.2,Worcestershire,Sussex,JD Libby,MJ Waite,A Karvelas,0,0,,,,,,,,,,,,,
1461848,2025,2025-05-09,"County Ground, Hove",4,91.3,91.3,Worcestershire,Sussex,JD Libby,MJ Waite,A Karvelas,4,0,,,,,,,,,,,,,
1461848,2025,2025-05-09,"County Ground, Hove",4,91.4,91.4,Worcestershire,Sussex,JD Libby,MJ Waite,A Karvelas,1,0,,,,,,,,,,,,,
1461848,2025,2025-05-09,"County Ground, Hove",4,91.5,91.5,Worcestershire,Sussex,MJ Waite,JD Libby,A Karvelas,0,0,,,,,,,caught,MJ Waite,,,JM Coles,,
1461848,2025,2025-05-09,"County Ground, Hove",4,91.6,91.6,Worcestershire,Sussex,F Singh,JD Libby,A Karvelas,0,0,,,,,,,,,,,,,
1461848,2025,2025-05-09,"County Ground, Hove",4,92.1,92.1,Worcestershire,Sussex,JD Libby,F Singh,FJ Hudson-Prentice,0,0,,,,,,,,,,,,,
1461848,2025,2025-05-09,"County Ground, Hove",4,92.2,92.2,Worcestershire,Sussex,JD Libby,F Singh,FJ Hudson-Prentice,0,0,,,,,,,,,,,,,
1461848,2025,2025-05-09,"County Ground, Hove",4,92.3,92.3,Worcestershire,Sussex,JD Libby,F Singh,FJ Hudson-Prentice,0,0,,,,,,,,,,,,,
1461848,2025,2025-05-09,"County Ground, Hove",4,92.4,92.4,Worcestershire,Sussex,JD Libby,F Singh,FJ Hudson-Prentice,0,0,,,,,,,,,,,,,
1461848,2025,2025-05-09,"County Ground, Hove",4,92.5,92.5,Worcestershire,Sussex,JD Libby,F Singh,FJ Hudson-Prentice,0,0,,,,,,,caught,JD Libby,,,TGR Clark,,
1461848,2025,2025-05-09,"County Ground, Hove",4,92.6,92.6,Worcestershire,Sussex,TAI Taylor,F Singh,FJ Hudson-Prentice,0,0,,,,,,,,,,,,,
1461848,2025,2025-05-09,"County Ground, Hove",4,93.1,93.1,Worcestershire,Sussex,F Singh,TAI Taylor,A Karvelas,0,0,,,,,,,,,,,,,
1461848,2025,2025-05-09,"County Ground, Hove",4,93.2,93.2,Worcestershire,Sussex,F Singh,TAI Taylor,A Karvelas,0,0,,,,,,,,,,,,,
1461848,2025,2025-05-09,"County Ground, Hove",4,93.3,93.3,Worcestershire,Sussex,F Singh,TAI Taylor,A Karvelas,1,0,,,,,,,,,,,,,
1461848,2025,2025-05-09,"County Ground, Hove",4,93.4,93.4,Worcestershire,Sussex,TAI Taylor,F Singh,A Karvelas,0,0,,,,,,,,,,,,,
1461848,2025,2025-05-09,"County Ground, Hove",4,93.5,93.5,Worcestershire,Sussex,TAI Taylor,F Singh,A Karvelas,0,0,,,,,,,,,,,,,
1461848,2025,2025-05-09,"County Ground, Hove",4,93.6,93.6,Worcestershire,Sussex,TAI Taylor,F Singh,A Karvelas,0,0,,,,,,,,,,,,,
1461848,2025,2025-05-09,"County Ground, Hove",4,94.1,94.1,Worcestershire,Sussex,F Singh,TAI Taylor,FJ Hudson-Prentice,0,0,,,,,,,,,,,,,
1461848,2025,2025-05-09,"County Ground, Hove",4,94.2,94.2,Worcestershire,Sussex,F Singh,TAI Taylor,FJ Hudson-Prentice,0,0,,,,,,,,,,,,,
1461848,2025,2025-05-09,"County Ground, Hove",4,94.3,94.3,Worcestershire,Sussex,F Singh,TAI Taylor,FJ Hudson-Prentice,0,0,,,,,,,,,,,,,
1461848,2025,2025-05-09,"County Ground, Hove",4,94.4,94.4,Worcestershire,Sussex,F Singh,TAI Taylor,FJ Hudson-Prentice,0,0,,,,,,,,,,,,,
1461848,2025,2025-05-09,"County Ground, Hove",4,94.5,94.5,Worcestershire,Sussex,F Singh,TAI Taylor,FJ Hudson-Prentice,0,0,,,,,,,,,,,,,
1461848,2025,2025-05-09,"County Ground, Hove",4,94.6,94.6,Worcestershire,Sussex,F Singh,TAI Taylor,FJ Hudson-Prentice,0,0,,,,,,,,,,,,,
1461848,2025,2025-05-09,"County Ground, Hove",4,95.1,95.1,Worcestershire,Sussex,TAI Taylor,F Singh,A Karvelas,1,0,,,,,,,,,,,,,
1461848,2025,2025-05-09,"County Ground, Hove",4,95.2,95.2,Worcestershire,Sussex,F Singh,TAI Taylor,A Karvelas,1,0,,,,,,,,,,,,,
1461848,2025,2025-05-09,"County Ground, Hove",4,95.3,95.3,Worcestershire,Sussex,TAI Taylor,F Singh,A Karvelas,0,0,,,,,,,,,,,,,
1461848,2025,2025-05-09,"County Ground, Hove",4,95.4,95.4,Worcestershire,Sussex,TAI Taylor,F Singh,A Karvelas,0,0,,,,,,,,,,,,,
1461848,2025,2025-05-09,"County Ground, Hove",4,95.5,95.5,Worcestershire,Sussex,TAI Taylor,F Singh,A Karvelas,0,0,,,,,,,,,,,,,
1461848,2025,2025-05-09,"County Ground, Hove",4,95.6,95.6,Worcestershire,Sussex,TAI Taylor,F Singh,A Karvelas,0,0,,,,,,,,,,,,,
1461848,2025,2025-05-09,"County Ground, Hove",4,96.1,96.1,Worcestershire,Sussex,F Singh,TAI Taylor,FJ Hudson-Prentice,4,0,,,,,,,,,,,,,
1461848,2025,2025-05-09,"County Ground, Hove",4,96.2,96.2,Worcestershire,Sussex,F Singh,TAI Taylor,FJ Hudson-Prentice,0,0,,,,,,,,,,,,,
1461848,2025,2025-05-09,"County Ground, Hove",4,96.3,96.3,Worcestershire,Sussex,F Singh,TAI Taylor,FJ Hudson-Prentice,0,0,,,,,,,,,,,,,
1461848,2025,2025-05-09,"County Ground, Hove",4,96.4,96.4,Worcestershire,Sussex,F Singh,TAI Taylor,FJ Hudson-Prentice,1,0,,,,,,,,,,,,,
1461848,2025,2025-05-09,"County Ground, Hove",4,96.5,96.5,Worcestershire,Sussex,TAI Taylor,F Singh,FJ Hudson-Prentice,0,0,,,,,,,,,,,,,
1461848,2025,2025-05-09,"County Ground, Hove",4,96.6,96.6,Worcestershire,Sussex,TAI Taylor,F Singh,FJ Hudson-Prentice,0,0,,,,,,,,,,,,,
1461848,2025,2025-05-09,"County Ground, Hove",4,97.1,97.1,Worcestershire,Sussex,F Singh,TAI Taylor,JJ Carson,0,0,,,,,,,,,,,,,
1461848,2025,2025-05-09,"County Ground, Hove",4,97.2,97.2,Worcestershire,Sussex,F Singh,TAI Taylor,JJ Carson,0,0,,,,,,,,,,,,,
1461848,2025,2025-05-09,"County Ground, Hove",4,97.3,97.3,Worcestershire,Sussex,F Singh,TAI Taylor,JJ Carson,2,0,,,,,,,,,,,,,
1461848,2025,2025-05-09,"County Ground, Hove",4,97.4,97.4,Worcestershire,Sussex,F Singh,TAI Taylor,JJ Carson,0,0,,,,,,,,,,,,,
1461848,2025,2025-05-09,"County Ground, Hove",4,97.5,97.5,Worcestershire,Sussex,F Singh,TAI Taylor,JJ Carson,0,0,,,,,,,,,,,,,
1461848,2025,2025-05-09,"County Ground, Hove",4,97.6,97.6,Worcestershire,Sussex,F Singh,TAI Taylor,JJ Carson,0,0,,,,,,,,,,,,,
1461848,2025,2025-05-09,"County Ground, Hove",4,98.1,98.1,Worcestershire,Sussex,TAI Taylor,F Singh,FJ Hudson-Prentice,0,0,,,,,,,,,,,,,
1461848,2025,2025-05-09,"County Ground, Hove",4,98.2,98.2,Worcestershire,Sussex,TAI Taylor,F Singh,FJ Hudson-Prentice,0,0,,,,,,,,,,,,,
1461848,2025,2025-05-09,"County Ground, Hove",4,98.3,98.3,Worcestershire,Sussex,TAI Taylor,F Singh,FJ Hudson-Prentice,1,0,,,,,,,,,,,,,
1461848,2025,2025-05-09,"County Ground, Hove",4,98.4,98.4,Worcestershire,Sussex,F Singh,TAI Taylor,FJ Hudson-Prentice,0,0,,,,,,,,,,,,,
1461848,2025,2025-05-09,"County Ground, Hove",4,98.5,98.5,Worcestershire,Sussex,F Singh,TAI Taylor,FJ Hudson-Prentice,1,0,,,,,,,,,,,,,
1461848,2025,2025-05-09,"County Ground, Hove",4,98.6,98.6,Worcestershire,Sussex,TAI Taylor,F Singh,FJ Hudson-Prentice,1,0,,,,,,,,,,,,,
1461848,2025,2025-05-09,"County Ground, Hove",4,99.1,99.1,Worcestershire,Sussex,TAI Taylor,F Singh,JJ Carson,0,0,,,,,,,,,,,,,
1461848,2025,2025-05-09,"County Ground, Hove",4,99.2,99.2,Worcestershire,Sussex,TAI Taylor,F Singh,JJ Carson,1,0,,,,,,,,,,,,,
1461848,2025,2025-05-09,"County Ground, Hove",4,99.3,99.3,Worcestershire,Sussex,F Singh,TAI Taylor,JJ Carson,0,0,,,,,,,,,,,,,
1461848,2025,2025-05-09,"County Ground, Hove",4,99.4,99.4,Worcestershire,Sussex,F Singh,TAI Taylor,JJ Carson,0,0,,,,,,,,,,,,,
1461848,2025,2025-05-09,"County Ground, Hove",4,99.5,99.5,Worcestershire,Sussex,F Singh,TAI Taylor,JJ Carson,0,0,,,,,,,,,,,,,
1461848,2025,2025-05-09,"County Ground, Hove",4,99.6,99.6,Worcestershire,Sussex,F Singh,TAI Taylor,JJ Carson,0,0,,,,,,,,,,,,,
1461848,2025,2025-05-09,"County Ground, Hove",4,100.1,100.1,Worcestershire,Sussex,TAI Taylor,F Singh,FJ Hudson-Prentice,0,0,,,,,,,,,,,,,
1461848,2025,2025-05-09,"County Ground, Hove",4,100.2,100.2,Worcestershire,Sussex,TAI Taylor,F Singh,FJ Hudson-Prentice,0,0,,,,,,,,,,,,,
1461848,2025,2025-05-09,"County Ground, Hove",4,100.3,100.3,Worcestershire,Sussex,TAI Taylor,F Singh,FJ Hudson-Prentice,0,0,,,,,,,,,,,,,
1461848,2025,2025-05-09,"County Ground, Hove",4,100.4,100.4,Worcestershire,Sussex,TAI Taylor,F Singh,FJ Hudson-Prentice,0,0,,,,,,,,,,,,,
1461848,2025,2025-05-09,"County Ground, Hove",4,100.5,100.5,Worcestershire,Sussex,TAI Taylor,F Singh,FJ Hudson-Prentice,1,0,,,,,,,,,,,,,
1461848,2025,2025-05-09,"County Ground, Hove",4,100.6,100.6,Worcestershire,Sussex,F Singh,TAI Taylor,FJ Hudson-Prentice,0,0,,,,,,,,,,,,,
1461848,2025,2025-05-09,"County Ground, Hove",4,101.1,101.1,Worcestershire,Sussex,TAI Taylor,F Singh,JJ Carson,0,0,,,,,,,,,,,,,
1461848,2025,2025-05-09,"County Ground, Hove",4,101.2,101.2,Worcestershire,Sussex,TAI Taylor,F Singh,JJ Carson,0,0,,,,,,,,,,,,,
1461848,2025,2025-05-09,"County Ground, Hove",4,101.3,101.3,Worcestershire,Sussex,TAI Taylor,F Singh,JJ Carson,1,0,,,,,,,,,,,,,
1461848,2025,2025-05-09,"County Ground, Hove",4,101.4,101.4,Worcestershire,Sussex,F Singh,TAI Taylor,JJ Carson,0,0,,,,,,,,,,,,,
1461848,2025,2025-05-09,"County Ground, Hove",4,101.5,101.5,Worcestershire,Sussex,F Singh,TAI Taylor,JJ Carson,0,0,,,,,,,,,,,,,
1461848,2025,2025-05-09,"County Ground, Hove",4,101.6,101.6,Worcestershire,Sussex,F Singh,TAI Taylor,JJ Carson,0,0,,,,,,,,,,,,,
1461848,2025,2025-05-09,"County Ground, Hove",4,102.1,102.1,Worcestershire,Sussex,TAI Taylor,F Singh,OE Robinson,0,0,,,,,,,,,,,,,
1461848,2025,2025-05-09,"County Ground, Hove",4,102.2,102.2,Worcestershire,Sussex,TAI Taylor,F Singh,OE Robinson,0,0,,,,,,,,,,,,,
1461848,2025,2025-05-09,"County Ground, Hove",4,102.3,102.3,Worcestershire,Sussex,TAI Taylor,F Singh,OE Robinson,0,0,,,,,,,,,,,,,
1461848,2025,2025-05-09,"County Ground, Hove",4,102.4,102.4,Worcestershire,Sussex,TAI Taylor,F Singh,OE Robinson,0,2,,,,2,,,,,,,,,
1461848,2025,2025-05-09,"County Ground, Hove",4,102.5,102.5,Worcestershire,Sussex,TAI Taylor,F Singh,OE Robinson,2,0,,,,,,,,,,,,,
1461848,2025,2025-05-09,"County Ground, Hove",4,102.6,102.6,Worcestershire,Sussex,TAI Taylor,F Singh,OE Robinson,0,0,,,,,,,,,,,,,
1461848,2025,2025-05-09,"County Ground, Hove",4,103.1,103.1,Worcestershire,Sussex,F Singh,TAI Taylor,JJ Carson,1,0,,,,,,,,,,,,,
1461848,2025,2025-05-09,"County Ground, Hove",4,103.2,103.2,Worcestershire,Sussex,TAI Taylor,F Singh,JJ Carson,0,0,,,,,,,,,,,,,
1461848,2025,2025-05-09,"County Ground, Hove",4,103.3,103.3,Worcestershire,Sussex,TAI Taylor,F Singh,JJ Carson,0,0,,,,,,,,,,,,,
1461848,2025,2025-05-09,"County Ground, Hove",4,103.4,103.4,Worcestershire,Sussex,TAI Taylor,F Singh,JJ Carson,0,0,,,,,,,,,,,,,
1461848,2025,2025-05-09,"County Ground, Hove",4,103.5,103.5,Worcestershire,Sussex,TAI Taylor,F Singh,JJ Carson,0,0,,,,,,,,,,,,,
1461848,2025,2025-05-09,"County Ground, Hove",4,103.6,103.6,Worcestershire,Sussex,TAI Taylor,F Singh,JJ Carson,1,0,,,,,,,,,,,,,
1461848,2025,2025-05-09,"County Ground, Hove",4,104.1,104.1,Worcestershire,Sussex,TAI Taylor,F Singh,OE Robinson,0,0,,,,,,,,,,,,,
1461848,2025,2025-05-09,"County Ground, Hove",4,104.2,104.2,Worcestershire,Sussex,TAI Taylor,F Singh,OE Robinson,0,0,,,,,,,,,,,,,
1461848,2025,2025-05-09,"County Ground, Hove",4,104.3,104.3,Worcestershire,Sussex,TAI Taylor,F Singh,OE Robinson,0,0,,,,,,,,,,,,,
1461848,2025,2025-05-09,"County Ground, Hove",4,104.4,104.4,Worcestershire,Sussex,TAI Taylor,F Singh,OE Robinson,1,0,,,,,,,,,,,,,
1461848,2025,2025-05-09,"County Ground, Hove",4,104.5,104.5,Worcestershire,Sussex,F Singh,TAI Taylor,OE Robinson,0,0,,,,,,,,,,,,,
1461848,2025,2025-05-09,"County Ground, Hove",4,104.6,104.6,Worcestershire,Sussex,F Singh,TAI Taylor,OE Robinson,0,0,,,,,,,caught,F Singh,,,TJ Haines,,
1461848,2025,2025-05-09,"County Ground, Hove",4,105.1,105.1,Worcestershire,Sussex,TAI Taylor,BJ Gibbon,JJ Carson,0,0,,,,,,,,,,,,,
1461848,2025,2025-05-09,"County Ground, Hove",4,105.2,105.2,Worcestershire,Sussex,TAI Taylor,BJ Gibbon,JJ Carson,0,4,,,,4,,,,,,,,,
1461848,2025,2025-05-09,"County Ground, Hove",4,105.3,105.3,Worcestershire,Sussex,TAI Taylor,BJ Gibbon,JJ Carson,0,0,,,,,,,,,,,,,
1461848,2025,2025-05-09,"County Ground, Hove",4,105.4,105.4,Worcestershire,Sussex,TAI Taylor,BJ Gibbon,JJ Carson,0,0,,,,,,,,,,,,,
1461848,2025,2025-05-09,"County Ground, Hove",4,105.5,105.5,Worcestershire,Sussex,TAI Taylor,BJ Gibbon,JJ Carson,0,0,,,,,,,,,,,,,
1461848,2025,2025-05-09,"County Ground, Hove",4,105.6,105.6,Worcestershire,Sussex,TAI Taylor,BJ Gibbon,JJ Carson,0,0,,,,,,,,,,,,,
1461848,2025,2025-05-09,"County Ground, Hove",4,106.1,106.1,Worcestershire,Sussex,BJ Gibbon,TAI Taylor,OE Robinson,0,0,,,,,,,,,,,,,
1461848,2025,2025-05-09,"County Ground, Hove",4,106.2,106.2,Worcestershire,Sussex,BJ Gibbon,TAI Taylor,OE Robinson,0,0,,,,,,,bowled,BJ Gibbon,,,,,
