match_id,season,start_date,venue,innings,ball,actual_delivery,batting_team,bowling_team,striker,non_striker,bowler,runs_off_bat,extras,wides,noballs,byes,legbyes,penalty,non_boundary,wicket_type,player_dismissed,other_wicket_type,other_player_dismissed,fielder_1,fielder_2,fielder_3
1465847,2024/25,2025-02-07,Colombo Cricket Club Ground,1,0.1,0.1,Colombo Cricket Club,Kurunegala Youth Cricket Club,KNM Fernando,L Croospulle,PLM Jayaratne,0,0,,,,,,,,,,,,,
1465847,2024/25,2025-02-07,Colombo Cricket Club Ground,1,0.2,0.2,Colombo Cricket Club,Kurunegala Youth Cricket Club,KNM Fernando,L Croospulle,PLM Jayaratne,0,0,,,,,,,,,,,,,
1465847,2024/25,2025-02-07,Colombo Cricket Club Ground,1,0.3,0.3,Colombo Cricket Club,Kurunegala Youth Cricket Club,KNM Fernando,L Croospulle,PLM Jayaratne,0,0,,,,,,,caught,KNM Fernando,,,HGK Dilshan,,
1465847,2024/25,2025-02-07,Colombo Cricket Club Ground,1,0.4,0.4,Colombo Cricket Club,Kurunegala Youth Cricket Club,SN Gunasinghe,L Croospulle,PLM Jayaratne,0,0,,,,,,,,,,,,,
1465847,2024/25,2025-02-07,Colombo Cricket Club Ground,1,0.5,0.5,Colombo Cricket Club,Kurunegala Youth Cricket Club,SN Gunasinghe,L Croospulle,PLM Jayaratne,0,0,,,,,,,,,,,,,
1465847,2024/25,2025-02-07,Colombo Cricket Club Ground,1,0.6,0.6,Colombo Cricket Club,Kurunegala Youth Cricket Club,SN Gunasinghe,L Croospulle,PLM Jayaratne,0,0,,,,,,,,,,,,,
1465847,2024/25,2025-02-07,Colombo Cricket Club Ground,1,1.1,1.1,Colombo Cricket Club,Kurunegala Youth Cricket Club,L Croospulle,SN Gunasinghe,D Malan,0,0,,,,,,,,,,,,,
1465847,2024/25,2025-02-07,Colombo Cricket Club Ground,1,1.2,1.2,Colombo Cricket Club,Kurunegala Youth Cricket Club,L Croospulle,SN Gunasinghe,D Malan,4,0,,,,,,,,,,,,,
1465847,2024/25,2025-02-07,Colombo Cricket Club Ground,1,1.3,1.3,Colombo Cricket Club,Kurunegala Youth Cricket Club,L Croospulle,SN Gunasinghe,D Malan,0,1,,,1,,,,,,,,,,
1465847,2024/25,2025-02-07,Colombo Cricket Club Ground,1,1.4,1.4,Colombo Cricket Club,Kurunegala Youth Cricket Club,SN Gunasinghe,L Croospulle,D Malan,0,0,,,,,,,,,,,,,
1465847,2024/25,2025-02-07,Colombo Cricket Club Ground,1,1.5,1.5,Colombo Cricket Club,Kurunegala Youth Cricket Club,SN Gunasinghe,L Croospulle,D Malan,1,0,,,,,,,,,,,,,
1465847,2024/25,2025-02-07,Colombo Cricket Club Ground,1,1.6,1.6,Colombo Cricket Club,Kurunegala Youth Cricket Club,L Croospulle,SN Gunasinghe,D Malan,0,1,,,1,,,,,,,,,,
1465847,2024/25,2025-02-07,Colombo Cricket Club Ground,1,2.1,2.1,Colombo Cricket Club,Kurunegala Youth Cricket Club,L Croospulle,SN Gunasinghe,PLM Jayaratne,4,0,,,,,,,,,,,,,
1465847,2024/25,2025-02-07,Colombo Cricket Club Ground,1,2.2,2.2,Colombo Cricket Club,Kurunegala Youth Cricket Club,L Croospulle,SN Gunasinghe,PLM Jayaratne,0,0,,,,,,,,,,,,,
1465847,2024/25,2025-02-07,Colombo Cricket Club Ground,1,2.3,2.3,Colombo Cricket Club,Kurunegala Youth Cricket Club,L Croospulle,SN Gunasinghe,PLM Jayaratne,2,0,,,,,,,,,,,,,
1465847,2024/25,2025-02-07,Colombo Cricket Club Ground,1,2.4,2.4,Colombo Cricket Club,Kurunegala Youth Cricket Club,L Croospulle,SN Gunasinghe,PLM Jayaratne,0,0,,,,,,,,,,,,,
1465847,2024/25,2025-02-07,Colombo Cricket Club Ground,1,2.5,2.5,Colombo Cricket Club,Kurunegala Youth Cricket Club,L Croospulle,SN Gunasinghe,PLM Jayaratne,0,0,,,,,,,,,,,,,
1465847,2024/25,2025-02-07,Colombo Cricket Club Ground,1,2.6,2.6,Colombo Cricket Club,Kurunegala Youth Cricket Club,L Croospulle,SN Gunasinghe,PLM Jayaratne,0,0,,,,,,,,,,,,,
1465847,2024/25,2025-02-07,Colombo Cricket Club Ground,1,3.1,3.1,Colombo Cricket Club,Kurunegala Youth Cricket Club,SN Gunasinghe,L Croospulle,D Malan,4,0,,,,,,,,,,,,,
1465847,2024/25,2025-02-07,Colombo Cricket Club Ground,1,3.2,3.2,Colombo Cricket Club,Kurunegala Youth Cricket Club,SN Gunasinghe,L Croospulle,D Malan,0,0,,,,,,,,,,,,,
1465847,2024/25,2025-02-07,Colombo Cricket Club Ground,1,3.3,3.3,Colombo Cricket Club,Kurunegala Youth Cricket Club,SN Gunasinghe,L Croospulle,D Malan,0,0,,,,,,,,,,,,,
1465847,2024/25,2025-02-07,Colombo Cricket Club Ground,1,3.4,3.4,Colombo Cricket Club,Kurunegala Youth Cricket Club,SN Gunasinghe,L Croospulle,D Malan,0,0,,,,,,,,,,,,,
1465847,2024/25,2025-02-07,Colombo Cricket Club Ground,1,3.5,3.5,Colombo Cricket Club,Kurunegala Youth Cricket Club,SN Gunasinghe,L Croospulle,D Malan,0,0,,,,,,,,,,,,,
1465847,2024/25,2025-02-07,Colombo Cricket Club Ground,1,3.6,3.6,Colombo Cricket Club,Kurunegala Youth Cricket Club,SN Gunasinghe,L Croospulle,D Malan,4,0,,,,,,,,,,,,,
1465847,2024/25,2025-02-07,Colombo Cricket Club Ground,1,4.1,4.1,Colombo Cricket Club,Kurunegala Youth Cricket Club,L Croospulle,SN Gunasinghe,PLM Jayaratne,4,0,,,,,,,,,,,,,
1465847,2024/25,2025-02-07,Colombo Cricket Club Ground,1,4.2,4.2,Colombo Cricket Club,Kurunegala Youth Cricket Club,L Croospulle,SN Gunasinghe,PLM Jayaratne,0,0,,,,,,,,,,,,,
1465847,2024/25,2025-02-07,Colombo Cricket Club Ground,1,4.3,4.3,Colombo Cricket Club,Kurunegala Youth Cricket Club,L Croospulle,SN Gunasinghe,PLM Jayaratne,0,0,,,,,,,,,,,,,
1465847,2024/25,2025-02-07,Colombo Cricket Club Ground,1,4.4,4.4,Colombo Cricket Club,Kurunegala Youth Cricket Club,L Croospulle,SN Gunasinghe,PLM Jayaratne,6,0,,,,,,,,,,,,,
1465847,2024/25,2025-02-07,Colombo Cricket Club Ground,1,4.5,4.5,Colombo Cricket Club,Kurunegala Youth Cricket Club,L Croospulle,SN Gunasinghe,PLM Jayaratne,0,0,,,,,,,,,,,,,
1465847,2024/25,2025-02-07,Colombo Cricket Club Ground,1,4.6,4.6,Colombo Cricket Club,Kurunegala Youth Cricket Club,L Croospulle,SN Gunasinghe,PLM Jayaratne,0,0,,,,,,,,,,,,,
1465847,2024/25,2025-02-07,Colombo Cricket Club Ground,1,5.1,5.1,Colombo Cricket Club,Kurunegala Youth Cricket Club,SN Gunasinghe,L Croospulle,D Malan,0,0,,,,,,,,,,,,,
1465847,2024/25,2025-02-07,Colombo Cricket Club Ground,1,5.2,5.2,Colombo Cricket Club,Kurunegala Youth Cricket Club,SN Gunasinghe,L Croospulle,D Malan,2,0,,,,,,,,,,,,,
1465847,2024/25,2025-02-07,Colombo Cricket Club Ground,1,5.3,5.3,Colombo Cricket Club,Kurunegala Youth Cricket Club,SN Gunasinghe,L Croospulle,D Malan,1,0,,,,,,,,,,,,,
1465847,2024/25,2025-02-07,Colombo Cricket Club Ground,1,5.4,5.4,Colombo Cricket Club,Kurunegala Youth Cricket Club,L Croospulle,SN Gunasinghe,D Malan,0,0,,,,,,,,,,,,,
1465847,2024/25,2025-02-07,Colombo Cricket Club Ground,1,5.5,5.5,Colombo Cricket Club,Kurunegala Youth Cricket Club,L Croospulle,SN Gunasinghe,D Malan,0,0,,,,,,,,,,,,,
1465847,2024/25,2025-02-07,Colombo Cricket Club Ground,1,5.6,5.6,Colombo Cricket Club,Kurunegala Youth Cricket Club,L Croospulle,SN Gunasinghe,D Malan,4,0,,,,,,,,,,,,,
1465847,2024/25,2025-02-07,Colombo Cricket Club Ground,1,6.1,6.1,Colombo Cricket Club,Kurunegala Youth Cricket Club,SN Gunasinghe,L Croospulle,PLM Jayaratne,4,0,,,,,,,,,,,,,
1465847,2024/25,2025-02-07,Colombo Cricket Club Ground,1,6.2,6.2,Colombo Cricket Club,Kurunegala Youth Cricket Club,SN Gunasinghe,L Croospulle,PLM Jayaratne,0,0,,,,,,,,,,,,,
1465847,2024/25,2025-02-07,Colombo Cricket Club Ground,1,6.3,6.3,Colombo Cricket Club,Kurunegala Youth Cricket Club,SN Gunasinghe,L Croospulle,PLM Jayaratne,0,0,,,,,,,,,,,,,
1465847,2024/25,2025-02-07,Colombo Cricket Club Ground,1,6.4,6.4,Colombo Cricket Club,Kurunegala Youth Cricket Club,SN Gunasinghe,L Croospulle,PLM Jayaratne,1,0,,,,,,,,,,,,,
1465847,2024/25,2025-02-07,Colombo Cricket Club Ground,1,6.5,6.5,Colombo Cricket Club,Kurunegala Youth Cricket Club,L Croospulle,SN Gunasinghe,PLM Jayaratne,0,0,,,,,,,,,,,,,
1465847,2024/25,2025-02-07,Colombo Cricket Club Ground,1,6.6,6.6,Colombo Cricket Club,Kurunegala Youth Cricket Club,L Croospulle,SN Gunasinghe,PLM Jayaratne,0,0,,,,,,,,,,,,,
1465847,2024/25,2025-02-07,Colombo Cricket Club Ground,1,7.1,7.1,Colombo Cricket Club,Kurunegala Youth Cricket Club,SN Gunasinghe,L Croospulle,D Malan,0,0,,,,,,,,,,,,,
1465847,2024/25,2025-02-07,Colombo Cricket Club Ground,1,7.2,7.2,Colombo Cricket Club,Kurunegala Youth Cricket Club,SN Gunasinghe,L Croospulle,D Malan,0,0,,,,,,,,,,,,,
1465847,2024/25,2025-02-07,Colombo Cricket Club Ground,1,7.3,7.3,Colombo Cricket Club,Kurunegala Youth Cricket Club,SN Gunasinghe,L Croospulle,D Malan,0,0,,,,,,,,,,,,,
1465847,2024/25,2025-02-07,Colombo Cricket Club Ground,1,7.4,7.4,Colombo Cricket Club,Kurunegala Youth Cricket Club,SN Gunasinghe,L Croospulle,D Malan,0,0,,,,,,,,,,,,,
1465847,2024/25,2025-02-07,Colombo Cricket Club Ground,1,7.5,7.5,Colombo Cricket Club,Kurunegala Youth Cricket Club,SN Gunasinghe,L Croospulle,D Malan,0,0,,,,,,,,,,,,,
1465847,2024/25,2025-02-07,Colombo Cricket Club Ground,1,7.6,7.6,Colombo Cricket Club,Kurunegala Youth Cricket Club,SN Gunasinghe,L Croospulle,D Malan,0,0,,,,,,,,,,,,,
1465847,2024/25,2025-02-07,Colombo Cricket Club Ground,1,8.1,8.1,Colombo Cricket Club,Kurunegala Youth Cricket Club,L Croospulle,SN Gunasinghe,HGK Dilshan,0,0,,,,,,,,,,,,,
1465847,2024/25,2025-02-07,Colombo Cricket Club Ground,1,8.2,8.2,Colombo Cricket Club,Kurunegala Youth Cricket Club,L Croospulle,SN Gunasinghe,HGK Dilshan,0,0,,,,,,,,,,,,,
1465847,2024/25,2025-02-07,Colombo Cricket Club Ground,1,8.3,8.3,Colombo Cricket Club,Kurunegala Youth Cricket Club,L Croospulle,SN Gunasinghe,HGK Dilshan,0,0,,,,,,,,,,,,,
1465847,2024/25,2025-02-07,Colombo Cricket Club Ground,1,8.4,8.4,Colombo Cricket Club,Kurunegala Youth Cricket Club,L Croospulle,SN Gunasinghe,HGK Dilshan,0,0,,,,,,,caught,L Croospulle,,,LEK Edirisinghe,,
1465847,2024/25,2025-02-07,Colombo Cricket Club Ground,1,8.5,8.5,Colombo Cricket Club,Kurunegala Youth Cricket Club,M Bhanuka,SN Gunasinghe,HGK Dilshan,1,0,,,,,,,,,,,,,
1465847,2024/25,2025-02-07,Colombo Cricket Club Ground,1,8.6,8.6,Colombo Cricket Club,Kurunegala Youth Cricket Club,SN Gunasinghe,M Bhanuka,HGK Dilshan,0,0,,,,,,,,,,,,,
1465847,2024/25,2025-02-07,Colombo Cricket Club Ground,1,9.1,9.1,Colombo Cricket Club,Kurunegala Youth Cricket Club,M Bhanuka,SN Gunasinghe,A Premaratne,0,1,,1,,,,,,,,,,,
1465847,2024/25,2025-02-07,Colombo Cricket Club Ground,1,9.2,9.1,Colombo Cricket Club,Kurunegala Youth Cricket Club,M Bhanuka,SN Gunasinghe,A Premaratne,1,0,,,,,,,,,,,,,
1465847,2024/25,2025-02-07,Colombo Cricket Club Ground,1,9.3,9.2,Colombo Cricket Club,Kurunegala Youth Cricket Club,SN Gunasinghe,M Bhanuka,A Premaratne,1,0,,,,,,,,,,,,,
1465847,2024/25,2025-02-07,Colombo Cricket Club Ground,1,9.4,9.3,Colombo Cricket Club,Kurunegala Youth Cricket Club,M Bhanuka,SN Gunasinghe,A Premaratne,1,0,,,,,,,,,,,,,
1465847,2024/25,2025-02-07,Colombo Cricket Club Ground,1,9.5,9.4,Colombo Cricket Club,Kurunegala Youth Cricket Club,SN Gunasinghe,M Bhanuka,A Premaratne,0,0,,,,,,,,,,,,,
1465847,2024/25,2025-02-07,Colombo Cricket Club Ground,1,9.6,9.5,Colombo Cricket Club,Kurunegala Youth Cricket Club,SN Gunasinghe,M Bhanuka,A Premaratne,1,0,,,,,,,,,,,,,
1465847,2024/25,2025-02-07,Colombo Cricket Club Ground,1,9.7,9.6,Colombo Cricket Club,Kurunegala Youth Cricket Club,M Bhanuka,SN Gunasinghe,A Premaratne,0,0,,,,,,,,,,,,,
1465847,2024/25,2025-02-07,Colombo Cricket Club Ground,1,10.1,10.1,Colombo Cricket Club,Kurunegala Youth Cricket Club,SN Gunasinghe,M Bhanuka,HGK Dilshan,1,0,,,,,,,,,,,,,
1465847,2024/25,2025-02-07,Colombo Cricket Club Ground,1,10.2,10.2,Colombo Cricket Club,Kurunegala Youth Cricket Club,M Bhanuka,SN Gunasinghe,HGK Dilshan,1,0,,,,,,,,,,,,,
1465847,2024/25,2025-02-07,Colombo Cricket Club Ground,1,10.3,10.3,Colombo Cricket Club,Kurunegala Youth Cricket Club,SN Gunasinghe,M Bhanuka,HGK Dilshan,0,0,,,,,,,,,,,,,
1465847,2024/25,2025-02-07,Colombo Cricket Club Ground,1,10.4,10.4,Colombo Cricket Club,Kurunegala Youth Cricket Club,SN Gunasinghe,M Bhanuka,HGK Dilshan,1,0,,,,,,,,,,,,,
1465847,2024/25,2025-02-07,Colombo Cricket Club Ground,1,10.5,10.5,Colombo Cricket Club,Kurunegala Youth Cricket Club,M Bhanuka,SN Gunasinghe,HGK Dilshan,4,0,,,,,,,,,,,,,
1465847,2024/25,2025-02-07,Colombo Cricket Club Ground,1,10.6,10.6,Colombo Cricket Club,Kurunegala Youth Cricket Club,M Bhanuka,SN Gunasinghe,HGK Dilshan,1,0,,,,,,,,,,,,,
1465847,2024/25,2025-02-07,Colombo Cricket Club Ground,1,11.1,11.1,Colombo Cricket Club,Kurunegala Youth Cricket Club,M Bhanuka,SN Gunasinghe,A Premaratne,0,0,,,,,,,,,,,,,
1465847,2024/25,2025-02-07,Colombo Cricket Club Ground,1,11.2,11.2,Colombo Cricket Club,Kurunegala Youth Cricket Club,M Bhanuka,SN Gunasinghe,A Premaratne,0,0,,,,,,,,,,,,,
1465847,2024/25,2025-02-07,Colombo Cricket Club Ground,1,11.3,11.3,Colombo Cricket Club,Kurunegala Youth Cricket Club,M Bhanuka,SN Gunasinghe,A Premaratne,1,0,,,,,,,,,,,,,
1465847,2024/25,2025-02-07,Colombo Cricket Club Ground,1,11.4,11.4,Colombo Cricket Club,Kurunegala Youth Cricket Club,SN Gunasinghe,M Bhanuka,A Premaratne,4,1,,1,,,,,,,,,,,
1465847,2024/25,2025-02-07,Colombo Cricket Club Ground,1,11.5,11.4,Colombo Cricket Club,Kurunegala Youth Cricket Club,SN Gunasinghe,M Bhanuka,A Premaratne,0,0,,,,,,,,,,,,,
1465847,2024/25,2025-02-07,Colombo Cricket Club Ground,1,11.6,11.5,Colombo Cricket Club,Kurunegala Youth Cricket Club,SN Gunasinghe,M Bhanuka,A Premaratne,0,0,,,,,,,,,,,,,
1465847,2024/25,2025-02-07,Colombo Cricket Club Ground,1,11.7,11.6,Colombo Cricket Club,Kurunegala Youth Cricket Club,SN Gunasinghe,M Bhanuka,A Premaratne,0,0,,,,,,,,,,,,,
1465847,2024/25,2025-02-07,Colombo Cricket Club Ground,1,12.1,12.1,Colombo Cricket Club,Kurunegala Youth Cricket Club,M Bhanuka,SN Gunasinghe,HGK Dilshan,0,0,,,,,,,,,,,,,
1465847,2024/25,2025-02-07,Colombo Cricket Club Ground,1,12.2,12.2,Colombo Cricket Club,Kurunegala Youth Cricket Club,M Bhanuka,SN Gunasinghe,HGK Dilshan,0,0,,,,,,,,,,,,,
1465847,2024/25,2025-02-07,Colombo Cricket Club Ground,1,12.3,12.3,Colombo Cricket Club,Kurunegala Youth Cricket Club,M Bhanuka,SN Gunasinghe,HGK Dilshan,1,0,,,,,,,,,,,,,
1465847,2024/25,2025-02-07,Colombo Cricket Club Ground,1,12.4,12.4,Colombo Cricket Club,Kurunegala Youth Cricket Club,SN Gunasinghe,M Bhanuka,HGK Dilshan,0,0,,,,,,,,,,,,,
1465847,2024/25,2025-02-07,Colombo Cricket Club Ground,1,12.5,12.5,Colombo Cricket Club,Kurunegala Youth Cricket Club,SN Gunasinghe,M Bhanuka,HGK Dilshan,0,0,,,,,,,,,,,,,
1465847,2024/25,2025-02-07,Colombo Cricket Club Ground,1,12.6,12.6,Colombo Cricket Club,Kurunegala Youth Cricket Club,SN Gunasinghe,M Bhanuka,HGK Dilshan,0,0,,,,,,,,,,,,,
1465847,2024/25,2025-02-07,Colombo Cricket Club Ground,1,13.1,13.1,Colombo Cricket Club,Kurunegala Youth Cricket Club,M Bhanuka,SN Gunasinghe,A Premaratne,0,0,,,,,,,,,,,,,
1465847,2024/25,2025-02-07,Colombo Cricket Club Ground,1,13.2,13.2,Colombo Cricket Club,Kurunegala Youth Cricket Club,M Bhanuka,SN Gunasinghe,A Premaratne,0,0,,,,,,,,,,,,,
1465847,2024/25,2025-02-07,Colombo Cricket Club Ground,1,13.3,13.3,Colombo Cricket Club,Kurunegala Youth Cricket Club,M Bhanuka,SN Gunasinghe,A Premaratne,0,0,,,,,,,,,,,,,
1465847,2024/25,2025-02-07,Colombo Cricket Club Ground,1,13.4,13.4,Colombo Cricket Club,Kurunegala Youth Cricket Club,M Bhanuka,SN Gunasinghe,A Premaratne,0,0,,,,,,,,,,,,,
1465847,2024/25,2025-02-07,Colombo Cricket Club Ground,1,13.5,13.5,Colombo Cricket Club,Kurunegala Youth Cricket Club,M Bhanuka,SN Gunasinghe,A Premaratne,1,0,,,,,,,,,,,,,
1465847,2024/25,2025-02-07,Colombo Cricket Club Ground,1,13.6,13.6,Colombo Cricket Club,Kurunegala Youth Cricket Club,SN Gunasinghe,M Bhanuka,A Premaratne,0,0,,,,,,,,,,,,,
1465847,2024/25,2025-02-07,Colombo Cricket Club Ground,1,14.1,14.1,Colombo Cricket Club,Kurunegala Youth Cricket Club,M Bhanuka,SN Gunasinghe,HGK Dilshan,0,0,,,,,,,,,,,,,
1465847,2024/25,2025-02-07,Colombo Cricket Club Ground,1,14.2,14.2,Colombo Cricket Club,Kurunegala Youth Cricket Club,M Bhanuka,SN Gunasinghe,HGK Dilshan,0,0,,,,,,,,,,,,,
1465847,2024/25,2025-02-07,Colombo Cricket Club Ground,1,14.3,14.3,Colombo Cricket Club,Kurunegala Youth Cricket Club,M Bhanuka,SN Gunasinghe,HGK Dilshan,0,0,,,,,,,,,,,,,
1465847,2024/25,2025-02-07,Colombo Cricket Club Ground,1,14.4,14.4,Colombo Cricket Club,Kurunegala Youth Cricket Club,M Bhanuka,SN Gunasinghe,HGK Dilshan,1,0,,,,,,,,,,,,,
1465847,2024/25,2025-02-07,Colombo Cricket Club Ground,1,14.5,14.5,Colombo Cricket Club,Kurunegala Youth Cricket Club,SN Gunasinghe,M Bhanuka,HGK Dilshan,1,0,,,,,,,,,,,,,
1465847,2024/25,2025-02-07,Colombo Cricket Club Ground,1,14.6,14.6,Colombo Cricket Club,Kurunegala Youth Cricket Club,M Bhanuka,SN Gunasinghe,HGK Dilshan,0,0,,,,,,,,,,,,,
1465847,2024/25,2025-02-07,Colombo Cricket Club Ground,1,15.1,15.1,Colombo Cricket Club,Kurunegala Youth Cricket Club,SN Gunasinghe,M Bhanuka,A Premaratne,1,0,,,,,,,,,,,,,
1465847,2024/25,2025-02-07,Colombo Cricket Club Ground,1,15.2,15.2,Colombo Cricket Club,Kurunegala Youth Cricket Club,M Bhanuka,SN Gunasinghe,A Premaratne,0,0,,,,,,,,,,,,,
1465847,2024/25,2025-02-07,Colombo Cricket Club Ground,1,15.3,15.3,Colombo Cricket Club,Kurunegala Youth Cricket Club,M Bhanuka,SN Gunasinghe,A Premaratne,1,0,,,,,,,,,,,,,
1465847,2024/25,2025-02-07,Colombo Cricket Club Ground,1,15.4,15.4,Colombo Cricket Club,Kurunegala Youth Cricket Club,SN Gunasinghe,M Bhanuka,A Premaratne,4,0,,,,,,,,,,,,,
1465847,2024/25,2025-02-07,Colombo Cricket Club Ground,1,15.5,15.5,Colombo Cricket Club,Kurunegala Youth Cricket Club,SN Gunasinghe,M Bhanuka,A Premaratne,1,0,,,,,,,,,,,,,
1465847,2024/25,2025-02-07,Colombo Cricket Club Ground,1,15.6,15.6,Colombo Cricket Club,Kurunegala Youth Cricket Club,M Bhanuka,SN Gunasinghe,A Premaratne,1,0,,,,,,,,,,,,,
1465847,2024/25,2025-02-07,Colombo Cricket Club Ground,1,16.1,16.1,Colombo Cricket Club,Kurunegala Youth Cricket Club,M Bhanuka,SN Gunasinghe,HGK Dilshan,0,0,,,,,,,,,,,,,
1465847,2024/25,2025-02-07,Colombo Cricket Club Ground,1,16.2,16.2,Colombo Cricket Club,Kurunegala Youth Cricket Club,M Bhanuka,SN Gunasinghe,HGK Dilshan,0,0,,,,,,,,,,,,,
1465847,2024/25,2025-02-07,Colombo Cricket Club Ground,1,16.3,16.3,Colombo Cricket Club,Kurunegala Youth Cricket Club,M Bhanuka,SN Gunasinghe,HGK Dilshan,0,0,,,,,,,,,,,,,
1465847,2024/25,2025-02-07,Colombo Cricket Club Ground,1,16.4,16.4,Colombo Cricket Club,Kurunegala Youth Cricket Club,M Bhanuka,SN Gunasinghe,HGK Dilshan,2,0,,,,,,,,,,,,,
1465847,2024/25,2025-02-07,Colombo Cricket Club Ground,1,16.5,16.5,Colombo Cricket Club,Kurunegala Youth Cricket Club,M Bhanuka,SN Gunasinghe,HGK Dilshan,1,0,,,,,,,,,,,,,
1465847,2024/25,2025-02-07,Colombo Cricket Club Ground,1,16.6,16.6,Colombo Cricket Club,Kurunegala Youth Cricket Club,SN Gunasinghe,M Bhanuka,HGK Dilshan,0,0,,,,,,,,,,,,,
1465847,2024/25,2025-02-07,Colombo Cricket Club Ground,1,17.1,17.1,Colombo Cricket Club,Kurunegala Youth Cricket Club,M Bhanuka,SN Gunasinghe,A Premaratne,2,0,,,,,,,,,,,,,
1465847,2024/25,2025-02-07,Colombo Cricket Club Ground,1,17.2,17.2,Colombo Cricket Club,Kurunegala Youth Cricket Club,M Bhanuka,SN Gunasinghe,A Premaratne,0,0,,,,,,,,,,,,,
1465847,2024/25,2025-02-07,Colombo Cricket Club Ground,1,17.3,17.3,Colombo Cricket Club,Kurunegala Youth Cricket Club,M Bhanuka,SN Gunasinghe,A Premaratne,0,0,,,,,,,,,,,,,
1465847,2024/25,2025-02-07,Colombo Cricket Club Ground,1,17.4,17.4,Colombo Cricket Club,Kurunegala Youth Cricket Club,M Bhanuka,SN Gunasinghe,A Premaratne,0,0,,,,,,,,,,,,,
1465847,2024/25,2025-02-07,Colombo Cricket Club Ground,1,17.5,17.5,Colombo Cricket Club,Kurunegala Youth Cricket Club,M Bhanuka,SN Gunasinghe,A Premaratne,1,0,,,,,,,,,,,,,
1465847,2024/25,2025-02-07,Colombo Cricket Club Ground,1,17.6,17.6,Colombo Cricket Club,Kurunegala Youth Cricket Club,SN Gunasinghe,M Bhanuka,A Premaratne,1,0,,,,,,,,,,,,,
1465847,2024/25,2025-02-07,Colombo Cricket Club Ground,1,18.1,18.1,Colombo Cricket Club,Kurunegala Youth Cricket Club,SN Gunasinghe,M Bhanuka,HGK Dilshan,1,0,,,,,,,,,,,,,
1465847,2024/25,2025-02-07,Colombo Cricket Club Ground,1,18.2,18.2,Colombo Cricket Club,Kurunegala Youth Cricket Club,M Bhanuka,SN Gunasinghe,HGK Dilshan,0,0,,,,,,,,,,,,,
1465847,2024/25,2025-02-07,Colombo Cricket Club Ground,1,18.3,18.3,Colombo Cricket Club,Kurunegala Youth Cricket Club,M Bhanuka,SN Gunasinghe,HGK Dilshan,4,0,,,,,,,,,,,,,
1465847,2024/25,2025-02-07,Colombo Cricket Club Ground,1,18.4,18.4,Colombo Cricket Club,Kurunegala Youth Cricket Club,M Bhanuka,SN Gunasinghe,HGK Dilshan,0,0,,,,,,,,,,,,,
1465847,2024/25,2025-02-07,Colombo Cricket Club Ground,1,18.5,18.5,Colombo Cricket Club,Kurunegala Youth Cricket Club,M Bhanuka,SN Gunasinghe,HGK Dilshan,0,0,,,,,,,,,,,,,
1465847,2024/25,2025-02-07,Colombo Cricket Club Ground,1,18.6,18.6,Colombo Cricket Club,Kurunegala Youth Cricket Club,M Bhanuka,SN Gunasinghe,HGK Dilshan,0,0,,,,,,,,,,,,,
1465847,2024/25,2025-02-07,Colombo Cricket Club Ground,1,19.1,19.1,Colombo Cricket Club,Kurunegala Youth Cricket Club,SN Gunasinghe,M Bhanuka,A Premaratne,1,0,,,,,,,,,,,,,
1465847,2024/25,2025-02-07,Colombo Cricket Club Ground,1,19.2,19.2,Colombo Cricket Club,Kurunegala Youth Cricket Club,M Bhanuka,SN Gunasinghe,A Premaratne,0,0,,,,,,,,,,,,,
1465847,2024/25,2025-02-07,Colombo Cricket Club Ground,1,19.3,19.3,Colombo Cricket Club,Kurunegala Youth Cricket Club,M Bhanuka,SN Gunasinghe,A Premaratne,0,1,,1,,,,,,,,,,,
1465847,2024/25,2025-02-07,Colombo Cricket Club Ground,1,19.4,19.3,Colombo Cricket Club,Kurunegala Youth Cricket Club,M Bhanuka,SN Gunasinghe,A Premaratne,0,0,,,,,,,,,,,,,
1465847,2024/25,2025-02-07,Colombo Cricket Club Ground,1,19.5,19.4,Colombo Cricket Club,Kurunegala Youth Cricket Club,M Bhanuka,SN Gunasinghe,A Premaratne,4,0,,,,,,,,,,,,,
1465847,2024/25,2025-02-07,Colombo Cricket Club Ground,1,19.6,19.5,Colombo Cricket Club,Kurunegala Youth Cricket Club,M Bhanuka,SN Gunasinghe,A Premaratne,0,0,,,,,,,,,,,,,
1465847,2024/25,2025-02-07,Colombo Cricket Club Ground,1,19.7,19.6,Colombo Cricket Club,Kurunegala Youth Cricket Club,M Bhanuka,SN Gunasinghe,A Premaratne,0,0,,,,,,,,,,,,,
1465847,2024/25,2025-02-07,Colombo Cricket Club Ground,1,20.1,20.1,Colombo Cricket Club,Kurunegala Youth Cricket Club,SN Gunasinghe,M Bhanuka,HGK Dilshan,0,0,,,,,,,,,,,,,
1465847,2024/25,2025-02-07,Colombo Cricket Club Ground,1,20.2,20.2,Colombo Cricket Club,Kurunegala Youth Cricket Club,SN Gunasinghe,M Bhanuka,HGK Dilshan,0,1,,,1,,,,,,,,,,
1465847,2024/25,2025-02-07,Colombo Cricket Club Ground,1,20.3,20.3,Colombo Cricket Club,Kurunegala Youth Cricket Club,M Bhanuka,SN Gunasinghe,HGK Dilshan,0,0,,,,,,,,,,,,,
1465847,2024/25,2025-02-07,Colombo Cricket Club Ground,1,20.4,20.4,Colombo Cricket Club,Kurunegala Youth Cricket Club,M Bhanuka,SN Gunasinghe,HGK Dilshan,1,0,,,,,,,,,,,,,
1465847,2024/25,2025-02-07,Colombo Cricket Club Ground,1,20.5,20.5,Colombo Cricket Club,Kurunegala Youth Cricket Club,SN Gunasinghe,M Bhanuka,HGK Dilshan,0,0,,,,,,,,,,,,,
1465847,2024/25,2025-02-07,Colombo Cricket Club Ground,1,20.6,20.6,Colombo Cricket Club,Kurunegala Youth Cricket Club,SN Gunasinghe,M Bhanuka,HGK Dilshan,0,0,,,,,,,,,,,,,
1465847,2024/25,2025-02-07,Colombo Cricket Club Ground,1,21.1,21.1,Colombo Cricket Club,Kurunegala Youth Cricket Club,M Bhanuka,SN Gunasinghe,A Premaratne,0,0,,,,,,,,,,,,,
1465847,2024/25,2025-02-07,Colombo Cricket Club Ground,1,21.2,21.2,Colombo Cricket Club,Kurunegala Youth Cricket Club,M Bhanuka,SN Gunasinghe,A Premaratne,0,0,,,,,,,,,,,,,
1465847,2024/25,2025-02-07,Colombo Cricket Club Ground,1,21.3,21.3,Colombo Cricket Club,Kurunegala Youth Cricket Club,M Bhanuka,SN Gunasinghe,A Premaratne,1,0,,,,,,,,,,,,,
1465847,2024/25,2025-02-07,Colombo Cricket Club Ground,1,21.4,21.4,Colombo Cricket Club,Kurunegala Youth Cricket Club,SN Gunasinghe,M Bhanuka,A Premaratne,0,0,,,,,,,,,,,,,
1465847,2024/25,2025-02-07,Colombo Cricket Club Ground,1,21.5,21.5,Colombo Cricket Club,Kurunegala Youth Cricket Club,SN Gunasinghe,M Bhanuka,A Premaratne,1,0,,,,,,,,,,,,,
1465847,2024/25,2025-02-07,Colombo Cricket Club Ground,1,21.6,21.6,Colombo Cricket Club,Kurunegala Youth Cricket Club,M Bhanuka,SN Gunasinghe,A Premaratne,0,0,,,,,,,,,,,,,
1465847,2024/25,2025-02-07,Colombo Cricket Club Ground,1,22.1,22.1,Colombo Cricket Club,Kurunegala Youth Cricket Club,SN Gunasinghe,M Bhanuka,HGK Dilshan,0,0,,,,,,,,,,,,,
1465847,2024/25,2025-02-07,Colombo Cricket Club Ground,1,22.2,22.2,Colombo Cricket Club,Kurunegala Youth Cricket Club,SN Gunasinghe,M Bhanuka,HGK Dilshan,4,0,,,,,,,,,,,,,
1465847,2024/25,2025-02-07,Colombo Cricket Club Ground,1,22.3,22.3,Colombo Cricket Club,Kurunegala Youth Cricket Club,SN Gunasinghe,M Bhanuka,HGK Dilshan,0,0,,,,,,,,,,,,,
1465847,2024/25,2025-02-07,Colombo Cricket Club Ground,1,22.4,22.4,Colombo Cricket Club,Kurunegala Youth Cricket Club,SN Gunasinghe,M Bhanuka,HGK Dilshan,0,0,,,,,,,,,,,,,
1465847,2024/25,2025-02-07,Colombo Cricket Club Ground,1,22.5,22.5,Colombo Cricket Club,Kurunegala Youth Cricket Club,SN Gunasinghe,M Bhanuka,HGK Dilshan,0,0,,,,,,,,,,,,,
1465847,2024/25,2025-02-07,Colombo Cricket Club Ground,1,22.6,22.6,Colombo Cricket Club,Kurunegala Youth Cricket Club,SN Gunasinghe,M Bhanuka,HGK Dilshan,1,0,,,,,,,,,,,,,
1465847,2024/25,2025-02-07,Colombo Cricket Club Ground,1,23.1,23.1,Colombo Cricket Club,Kurunegala Youth Cricket Club,SN Gunasinghe,M Bhanuka,A Premaratne,1,0,,,,,,,,,,,,,
1465847,2024/25,2025-02-07,Colombo Cricket Club Ground,1,23.2,23.2,Colombo Cricket Club,Kurunegala Youth Cricket Club,M Bhanuka,SN Gunasinghe,A Premaratne,0,0,,,,,,,,,,,,,
1465847,2024/25,2025-02-07,Colombo Cricket Club Ground,1,23.3,23.3,Colombo Cricket Club,Kurunegala Youth Cricket Club,M Bhanuka,SN Gunasinghe,A Premaratne,0,1,,1,,,,,,,,,,,
1465847,2024/25,2025-02-07,Colombo Cricket Club Ground,1,23.4,23.3,Colombo Cricket Club,Kurunegala Youth Cricket Club,M Bhanuka,SN Gunasinghe,A Premaratne,0,0,,,,,,,,,,,,,
1465847,2024/25,2025-02-07,Colombo Cricket Club Ground,1,23.5,23.4,Colombo Cricket Club,Kurunegala Youth Cricket Club,M Bhanuka,SN Gunasinghe,A Premaratne,0,0,,,,,,,,,,,,,
1465847,2024/25,2025-02-07,Colombo Cricket Club Ground,1,23.6,23.5,Colombo Cricket Club,Kurunegala Youth Cricket Club,M Bhanuka,SN Gunasinghe,A Premaratne,1,0,,,,,,,,,,,,,
1465847,2024/25,2025-02-07,Colombo Cricket Club Ground,1,23.7,23.6,Colombo Cricket Club,Kurunegala Youth Cricket Club,SN Gunasinghe,M Bhanuka,A Premaratne,0,0,,,,,,,,,,,,,
1465847,2024/25,2025-02-07,Colombo Cricket Club Ground,1,24.1,24.1,Colombo Cricket Club,Kurunegala Youth Cricket Club,M Bhanuka,SN Gunasinghe,HGK Dilshan,0,0,,,,,,,,,,,,,
1465847,2024/25,2025-02-07,Colombo Cricket Club Ground,1,24.2,24.2,Colombo Cricket Club,Kurunegala Youth Cricket Club,M Bhanuka,SN Gunasinghe,HGK Dilshan,2,0,,,,,,,,,,,,,
1465847,2024/25,2025-02-07,Colombo Cricket Club Ground,1,24.3,24.3,Colombo Cricket Club,Kurunegala Youth Cricket Club,M Bhanuka,SN Gunasinghe,HGK Dilshan,0,0,,,,,,,,,,,,,
1465847,2024/25,2025-02-07,Colombo Cricket Club Ground,1,24.4,24.4,Colombo Cricket Club,Kurunegala Youth Cricket Club,M Bhanuka,SN Gunasinghe,HGK Dilshan,2,0,,,,,,,,,,,,,
1465847,2024/25,2025-02-07,Colombo Cricket Club Ground,1,24.5,24.5,Colombo Cricket Club,Kurunegala Youth Cricket Club,M Bhanuka,SN Gunasinghe,HGK Dilshan,0,0,,,,,,,,,,,,,
1465847,2024/25,2025-02-07,Colombo Cricket Club Ground,1,24.6,24.6,Colombo Cricket Club,Kurunegala Youth Cricket Club,M Bhanuka,SN Gunasinghe,HGK Dilshan,1,0,,,,,,,,,,,,,
1465847,2024/25,2025-02-07,Colombo Cricket Club Ground,1,25.1,25.1,Colombo Cricket Club,Kurunegala Youth Cricket Club,M Bhanuka,SN Gunasinghe,S Sadamal,1,0,,,,,,,,,,,,,
1465847,2024/25,2025-02-07,Colombo Cricket Club Ground,1,25.2,25.2,Colombo Cricket Club,Kurunegala Youth Cricket Club,SN Gunasinghe,M Bhanuka,S Sadamal,0,0,,,,,,,,,,,,,
1465847,2024/25,2025-02-07,Colombo Cricket Club Ground,1,25.3,25.3,Colombo Cricket Club,Kurunegala Youth Cricket Club,SN Gunasinghe,M Bhanuka,S Sadamal,1,0,,,,,,,,,,,,,
1465847,2024/25,2025-02-07,Colombo Cricket Club Ground,1,25.4,25.4,Colombo Cricket Club,Kurunegala Youth Cricket Club,M Bhanuka,SN Gunasinghe,S Sadamal,0,0,,,,,,,,,,,,,
1465847,2024/25,2025-02-07,Colombo Cricket Club Ground,1,25.5,25.5,Colombo Cricket Club,Kurunegala Youth Cricket Club,M Bhanuka,SN Gunasinghe,S Sadamal,0,0,,,,,,,,,,,,,
1465847,2024/25,2025-02-07,Colombo Cricket Club Ground,1,25.6,25.6,Colombo Cricket Club,Kurunegala Youth Cricket Club,M Bhanuka,SN Gunasinghe,S Sadamal,0,0,,,,,,,,,,,,,
1465847,2024/25,2025-02-07,Colombo Cricket Club Ground,1,26.1,26.1,Colombo Cricket Club,Kurunegala Youth Cricket Club,SN Gunasinghe,M Bhanuka,HGK Dilshan,4,0,,,,,,,,,,,,,
1465847,2024/25,2025-02-07,Colombo Cricket Club Ground,1,26.2,26.2,Colombo Cricket Club,Kurunegala Youth Cricket Club,SN Gunasinghe,M Bhanuka,HGK Dilshan,0,0,,,,,,,lbw,SN Gunasinghe,,,,,
1465847,2024/25,2025-02-07,Colombo Cricket Club Ground,1,26.3,26.3,Colombo Cricket Club,Kurunegala Youth Cricket Club,P Rathnayake,M Bhanuka,HGK Dilshan,0,0,,,,,,,,,,,,,
1465847,2024/25,2025-02-07,Colombo Cricket Club Ground,1,26.4,26.4,Colombo Cricket Club,Kurunegala Youth Cricket Club,P Rathnayake,M Bhanuka,HGK Dilshan,0,0,,,,,,,,,,,,,
1465847,2024/25,2025-02-07,Colombo Cricket Club Ground,1,26.5,26.5,Colombo Cricket Club,Kurunegala Youth Cricket Club,P Rathnayake,M Bhanuka,HGK Dilshan,0,0,,,,,,,,,,,,,
1465847,2024/25,2025-02-07,Colombo Cricket Club Ground,1,26.6,26.6,Colombo Cricket Club,Kurunegala Youth Cricket Club,P Rathnayake,M Bhanuka,HGK Dilshan,4,0,,,,,,,,,,,,,
1465847,2024/25,2025-02-07,Colombo Cricket Club Ground,1,27.1,27.1,Colombo Cricket Club,Kurunegala Youth Cricket Club,M Bhanuka,P Rathnayake,S Sadamal,0,0,,,,,,,,,,,,,
1465847,2024/25,2025-02-07,Colombo Cricket Club Ground,1,27.2,27.2,Colombo Cricket Club,Kurunegala Youth Cricket Club,M Bhanuka,P Rathnayake,S Sadamal,0,0,,,,,,,,,,,,,
1465847,2024/25,2025-02-07,Colombo Cricket Club Ground,1,27.3,27.3,Colombo Cricket Club,Kurunegala Youth Cricket Club,M Bhanuka,P Rathnayake,S Sadamal,0,0,,,,,,,,,,,,,
1465847,2024/25,2025-02-07,Colombo Cricket Club Ground,1,27.4,27.4,Colombo Cricket Club,Kurunegala Youth Cricket Club,M Bhanuka,P Rathnayake,S Sadamal,0,0,,,,,,,,,,,,,
1465847,2024/25,2025-02-07,Colombo Cricket Club Ground,1,27.5,27.5,Colombo Cricket Club,Kurunegala Youth Cricket Club,M Bhanuka,P Rathnayake,S Sadamal,0,0,,,,,,,,,,,,,
1465847,2024/25,2025-02-07,Colombo Cricket Club Ground,1,27.6,27.6,Colombo Cricket Club,Kurunegala Youth Cricket Club,M Bhanuka,P Rathnayake,S Sadamal,0,0,,,,,,,,,,,,,
1465847,2024/25,2025-02-07,Colombo Cricket Club Ground,1,28.1,28.1,Colombo Cricket Club,Kurunegala Youth Cricket Club,P Rathnayake,M Bhanuka,HGK Dilshan,0,0,,,,,,,,,,,,,
1465847,2024/25,2025-02-07,Colombo Cricket Club Ground,1,28.2,28.2,Colombo Cricket Club,Kurunegala Youth Cricket Club,P Rathnayake,M Bhanuka,HGK Dilshan,0,0,,,,,,,,,,,,,
1465847,2024/25,2025-02-07,Colombo Cricket Club Ground,1,28.3,28.3,Colombo Cricket Club,Kurunegala Youth Cricket Club,P Rathnayake,M Bhanuka,HGK Dilshan,1,0,,,,,,,,,,,,,
1465847,2024/25,2025-02-07,Colombo Cricket Club Ground,1,28.4,28.4,Colombo Cricket Club,Kurunegala Youth Cricket Club,M Bhanuka,P Rathnayake,HGK Dilshan,1,0,,,,,,,,,,,,,
1465847,2024/25,2025-02-07,Colombo Cricket Club Ground,1,28.5,28.5,Colombo Cricket Club,Kurunegala Youth Cricket Club,P Rathnayake,M Bhanuka,HGK Dilshan,0,0,,,,,,,,,,,,,
1465847,2024/25,2025-02-07,Colombo Cricket Club Ground,1,28.6,28.6,Colombo Cricket Club,Kurunegala Youth Cricket Club,P Rathnayake,M Bhanuka,HGK Dilshan,0,0,,,,,,,,,,,,,
1465847,2024/25,2025-02-07,Colombo Cricket Club Ground,1,29.1,29.1,Colombo Cricket Club,Kurunegala Youth Cricket Club,M Bhanuka,P Rathnayake,S Sadamal,0,0,,,,,,,,,,,,,
1465847,2024/25,2025-02-07,Colombo Cricket Club Ground,1,29.2,29.2,Colombo Cricket Club,Kurunegala Youth Cricket Club,M Bhanuka,P Rathnayake,S Sadamal,0,0,,,,,,,,,,,,,
1465847,2024/25,2025-02-07,Colombo Cricket Club Ground,1,29.3,29.3,Colombo Cricket Club,Kurunegala Youth Cricket Club,M Bhanuka,P Rathnayake,S Sadamal,0,0,,,,,,,,,,,,,
1465847,2024/25,2025-02-07,Colombo Cricket Club Ground,1,29.4,29.4,Colombo Cricket Club,Kurunegala Youth Cricket Club,M Bhanuka,P Rathnayake,S Sadamal,0,0,,,,,,,,,,,,,
1465847,2024/25,2025-02-07,Colombo Cricket Club Ground,1,29.5,29.5,Colombo Cricket Club,Kurunegala Youth Cricket Club,M Bhanuka,P Rathnayake,S Sadamal,0,0,,,,,,,,,,,,,
1465847,2024/25,2025-02-07,Colombo Cricket Club Ground,1,29.6,29.6,Colombo Cricket Club,Kurunegala Youth Cricket Club,M Bhanuka,P Rathnayake,S Sadamal,0,0,,,,,,,,,,,,,
1465847,2024/25,2025-02-07,Colombo Cricket Club Ground,1,30.1,30.1,Colombo Cricket Club,Kurunegala Youth Cricket Club,P Rathnayake,M Bhanuka,HGK Dilshan,0,0,,,,,,,,,,,,,
1465847,2024/25,2025-02-07,Colombo Cricket Club Ground,1,30.2,30.2,Colombo Cricket Club,Kurunegala Youth Cricket Club,P Rathnayake,M Bhanuka,HGK Dilshan,0,0,,,,,,,,,,,,,
1465847,2024/25,2025-02-07,Colombo Cricket Club Ground,1,30.3,30.3,Colombo Cricket Club,Kurunegala Youth Cricket Club,P Rathnayake,M Bhanuka,HGK Dilshan,0,0,,,,,,,,,,,,,
1465847,2024/25,2025-02-07,Colombo Cricket Club Ground,1,30.4,30.4,Colombo Cricket Club,Kurunegala Youth Cricket Club,P Rathnayake,M Bhanuka,HGK Dilshan,0,0,,,,,,,,,,,,,
1465847,2024/25,2025-02-07,Colombo Cricket Club Ground,1,30.5,30.5,Colombo Cricket Club,Kurunegala Youth Cricket Club,P Rathnayake,M Bhanuka,HGK Dilshan,0,0,,,,,,,caught,P Rathnayake,,,WWAG Maneeshan,,
1465847,2024/25,2025-02-07,Colombo Cricket Club Ground,1,30.6,30.6,Colombo Cricket Club,Kurunegala Youth Cricket Club,A Bandara,M Bhanuka,HGK Dilshan,0,0,,,,,,,,,,,,,
1465847,2024/25,2025-02-07,Colombo Cricket Club Ground,1,31.1,31.1,Colombo Cricket Club,Kurunegala Youth Cricket Club,M Bhanuka,A Bandara,S Sadamal,0,0,,,,,,,,,,,,,
1465847,2024/25,2025-02-07,Colombo Cricket Club Ground,1,31.2,31.2,Colombo Cricket Club,Kurunegala Youth Cricket Club,M Bhanuka,A Bandara,S Sadamal,1,0,,,,,,,,,,,,,
1465847,2024/25,2025-02-07,Colombo Cricket Club Ground,1,31.3,31.3,Colombo Cricket Club,Kurunegala Youth Cricket Club,A Bandara,M Bhanuka,S Sadamal,0,0,,,,,,,,,,,,,
1465847,2024/25,2025-02-07,Colombo Cricket Club Ground,1,31.4,31.4,Colombo Cricket Club,Kurunegala Youth Cricket Club,A Bandara,M Bhanuka,S Sadamal,0,0,,,,,,,,,,,,,
1465847,2024/25,2025-02-07,Colombo Cricket Club Ground,1,31.5,31.5,Colombo Cricket Club,Kurunegala Youth Cricket Club,A Bandara,M Bhanuka,S Sadamal,0,0,,,,,,,,,,,,,
1465847,2024/25,2025-02-07,Colombo Cricket Club Ground,1,31.6,31.6,Colombo Cricket Club,Kurunegala Youth Cricket Club,A Bandara,M Bhanuka,S Sadamal,0,0,,,,,,,,,,,,,
1465847,2024/25,2025-02-07,Colombo Cricket Club Ground,1,32.1,32.1,Colombo Cricket Club,Kurunegala Youth Cricket Club,M Bhanuka,A Bandara,HGK Dilshan,6,0,,,,,,,,,,,,,
1465847,2024/25,2025-02-07,Colombo Cricket Club Ground,1,32.2,32.2,Colombo Cricket Club,Kurunegala Youth Cricket Club,M Bhanuka,A Bandara,HGK Dilshan,1,0,,,,,,,,,,,,,
1465847,2024/25,2025-02-07,Colombo Cricket Club Ground,1,32.3,32.3,Colombo Cricket Club,Kurunegala Youth Cricket Club,A Bandara,M Bhanuka,HGK Dilshan,4,0,,,,,,,,,,,,,
1465847,2024/25,2025-02-07,Colombo Cricket Club Ground,1,32.4,32.4,Colombo Cricket Club,Kurunegala Youth Cricket Club,A Bandara,M Bhanuka,HGK Dilshan,1,0,,,,,,,,,,,,,
1465847,2024/25,2025-02-07,Colombo Cricket Club Ground,1,32.5,32.5,Colombo Cricket Club,Kurunegala Youth Cricket Club,M Bhanuka,A Bandara,HGK Dilshan,0,0,,,,,,,,,,,,,
1465847,2024/25,2025-02-07,Colombo Cricket Club Ground,1,32.6,32.6,Colombo Cricket Club,Kurunegala Youth Cricket Club,M Bhanuka,A Bandara,HGK Dilshan,0,0,,,,,,,,,,,,,
1465847,2024/25,2025-02-07,Colombo Cricket Club Ground,1,33.1,33.1,Colombo Cricket Club,Kurunegala Youth Cricket Club,A Bandara,M Bhanuka,S Sadamal,0,0,,,,,,,,,,,,,
1465847,2024/25,2025-02-07,Colombo Cricket Club Ground,1,33.2,33.2,Colombo Cricket Club,Kurunegala Youth Cricket Club,A Bandara,M Bhanuka,S Sadamal,0,0,,,,,,,,,,,,,
1465847,2024/25,2025-02-07,Colombo Cricket Club Ground,1,33.3,33.3,Colombo Cricket Club,Kurunegala Youth Cricket Club,A Bandara,M Bhanuka,S Sadamal,0,0,,,,,,,,,,,,,
1465847,2024/25,2025-02-07,Colombo Cricket Club Ground,1,33.4,33.4,Colombo Cricket Club,Kurunegala Youth Cricket Club,A Bandara,M Bhanuka,S Sadamal,0,0,,,,,,,,,,,,,
1465847,2024/25,2025-02-07,Colombo Cricket Club Ground,1,33.5,33.5,Colombo Cricket Club,Kurunegala Youth Cricket Club,A Bandara,M Bhanuka,S Sadamal,0,0,,,,,,,,,,,,,
1465847,2024/25,2025-02-07,Colombo Cricket Club Ground,1,33.6,33.6,Colombo Cricket Club,Kurunegala Youth Cricket Club,A Bandara,M Bhanuka,S Sadamal,0,0,,,,,,,,,,,,,
1465847,2024/25,2025-02-07,Colombo Cricket Club Ground,1,34.1,34.1,Colombo Cricket Club,Kurunegala Youth Cricket Club,M Bhanuka,A Bandara,A Premaratne,0,0,,,,,,,,,,,,,
1465847,2024/25,2025-02-07,Colombo Cricket Club Ground,1,34.2,34.2,Colombo Cricket Club,Kurunegala Youth Cricket Club,M Bhanuka,A Bandara,A Premaratne,1,0,,,,,,,,,,,,,
1465847,2024/25,2025-02-07,Colombo Cricket Club Ground,1,34.3,34.3,Colombo Cricket Club,Kurunegala Youth Cricket Club,A Bandara,M Bhanuka,A Premaratne,0,0,,,,,,,,,,,,,
1465847,2024/25,2025-02-07,Colombo Cricket Club Ground,1,34.4,34.4,Colombo Cricket Club,Kurunegala Youth Cricket Club,A Bandara,M Bhanuka,A Premaratne,0,0,,,,,,,,,,,,,
1465847,2024/25,2025-02-07,Colombo Cricket Club Ground,1,34.5,34.5,Colombo Cricket Club,Kurunegala Youth Cricket Club,A Bandara,M Bhanuka,A Premaratne,4,0,,,,,,,,,,,,,
1465847,2024/25,2025-02-07,Colombo Cricket Club Ground,1,34.6,34.6,Colombo Cricket Club,Kurunegala Youth Cricket Club,A Bandara,M Bhanuka,A Premaratne,4,0,,,,,,,,,,,,,
1465847,2024/25,2025-02-07,Colombo Cricket Club Ground,1,35.1,35.1,Colombo Cricket Club,Kurunegala Youth Cricket Club,M Bhanuka,A Bandara,S Sadamal,1,0,,,,,,,,,,,,,
1465847,2024/25,2025-02-07,Colombo Cricket Club Ground,1,35.2,35.2,Colombo Cricket Club,Kurunegala Youth Cricket Club,A Bandara,M Bhanuka,S Sadamal,0,0,,,,,,,,,,,,,
1465847,2024/25,2025-02-07,Colombo Cricket Club Ground,1,35.3,35.3,Colombo Cricket Club,Kurunegala Youth Cricket Club,A Bandara,M Bhanuka,S Sadamal,0,0,,,,,,,,,,,,,
1465847,2024/25,2025-02-07,Colombo Cricket Club Ground,1,35.4,35.4,Colombo Cricket Club,Kurunegala Youth Cricket Club,A Bandara,M Bhanuka,S Sadamal,0,0,,,,,,,,,,,,,
1465847,2024/25,2025-02-07,Colombo Cricket Club Ground,1,35.5,35.5,Colombo Cricket Club,Kurunegala Youth Cricket Club,A Bandara,M Bhanuka,S Sadamal,1,0,,,,,,,,,,,,,
1465847,2024/25,2025-02-07,Colombo Cricket Club Ground,1,35.6,35.6,Colombo Cricket Club,Kurunegala Youth Cricket Club,M Bhanuka,A Bandara,S Sadamal,0,0,,,,,,,,,,,,,
1465847,2024/25,2025-02-07,Colombo Cricket Club Ground,1,36.1,36.1,Colombo Cricket Club,Kurunegala Youth Cricket Club,A Bandara,M Bhanuka,A Premaratne,0,0,,,,,,,,,,,,,
1465847,2024/25,2025-02-07,Colombo Cricket Club Ground,1,36.2,36.2,Colombo Cricket Club,Kurunegala Youth Cricket Club,A Bandara,M Bhanuka,A Premaratne,1,0,,,,,,,,,,,,,
1465847,2024/25,2025-02-07,Colombo Cricket Club Ground,1,36.3,36.3,Colombo Cricket Club,Kurunegala Youth Cricket Club,M Bhanuka,A Bandara,A Premaratne,0,0,,,,,,,,,,,,,
1465847,2024/25,2025-02-07,Colombo Cricket Club Ground,1,36.4,36.4,Colombo Cricket Club,Kurunegala Youth Cricket Club,M Bhanuka,A Bandara,A Premaratne,0,0,,,,,,,,,,,,,
1465847,2024/25,2025-02-07,Colombo Cricket Club Ground,1,36.5,36.5,Colombo Cricket Club,Kurunegala Youth Cricket Club,M Bhanuka,A Bandara,A Premaratne,0,0,,,,,,,,,,,,,
1465847,2024/25,2025-02-07,Colombo Cricket Club Ground,1,36.6,36.6,Colombo Cricket Club,Kurunegala Youth Cricket Club,M Bhanuka,A Bandara,A Premaratne,0,0,,,,,,,,,,,,,
1465847,2024/25,2025-02-07,Colombo Cricket Club Ground,1,37.1,37.1,Colombo Cricket Club,Kurunegala Youth Cricket Club,A Bandara,M Bhanuka,S Sadamal,0,0,,,,,,,,,,,,,
1465847,2024/25,2025-02-07,Colombo Cricket Club Ground,1,37.2,37.2,Colombo Cricket Club,Kurunegala Youth Cricket Club,A Bandara,M Bhanuka,S Sadamal,1,0,,,,,,,,,,,,,
1465847,2024/25,2025-02-07,Colombo Cricket Club Ground,1,37.3,37.3,Colombo Cricket Club,Kurunegala Youth Cricket Club,M Bhanuka,A Bandara,S Sadamal,1,0,,,,,,,,,,,,,
1465847,2024/25,2025-02-07,Colombo Cricket Club Ground,1,37.4,37.4,Colombo Cricket Club,Kurunegala Youth Cricket Club,A Bandara,M Bhanuka,S Sadamal,4,0,,,,,,,,,,,,,
1465847,2024/25,2025-02-07,Colombo Cricket Club Ground,1,37.5,37.5,Colombo Cricket Club,Kurunegala Youth Cricket Club,A Bandara,M Bhanuka,S Sadamal,0,0,,,,,,,,,,,,,
1465847,2024/25,2025-02-07,Colombo Cricket Club Ground,1,37.6,37.6,Colombo Cricket Club,Kurunegala Youth Cricket Club,A Bandara,M Bhanuka,S Sadamal,0,0,,,,,,,,,,,,,
1465847,2024/25,2025-02-07,Colombo Cricket Club Ground,1,38.1,38.1,Colombo Cricket Club,Kurunegala Youth Cricket Club,M Bhanuka,A Bandara,HGK Dilshan,4,0,,,,,,,,,,,,,
1465847,2024/25,2025-02-07,Colombo Cricket Club Ground,1,38.2,38.2,Colombo Cricket Club,Kurunegala Youth Cricket Club,M Bhanuka,A Bandara,HGK Dilshan,0,0,,,,,,,,,,,,,
1465847,2024/25,2025-02-07,Colombo Cricket Club Ground,1,38.3,38.3,Colombo Cricket Club,Kurunegala Youth Cricket Club,M Bhanuka,A Bandara,HGK Dilshan,6,0,,,,,,,,,,,,,
1465847,2024/25,2025-02-07,Colombo Cricket Club Ground,1,38.4,38.4,Colombo Cricket Club,Kurunegala Youth Cricket Club,M Bhanuka,A Bandara,HGK Dilshan,1,0,,,,,,,,,,,,,
1465847,2024/25,2025-02-07,Colombo Cricket Club Ground,1,38.5,38.5,Colombo Cricket Club,Kurunegala Youth Cricket Club,A Bandara,M Bhanuka,HGK Dilshan,2,0,,,,,,,,,,,,,
1465847,2024/25,2025-02-07,Colombo Cricket Club Ground,1,38.6,38.6,Colombo Cricket Club,Kurunegala Youth Cricket Club,A Bandara,M Bhanuka,HGK Dilshan,1,0,,,,,,,,,,,,,
1465847,2024/25,2025-02-07,Colombo Cricket Club Ground,1,39.1,39.1,Colombo Cricket Club,Kurunegala Youth Cricket Club,A Bandara,M Bhanuka,S Sadamal,0,0,,,,,,,,,,,,,
1465847,2024/25,2025-02-07,Colombo Cricket Club Ground,1,39.2,39.2,Colombo Cricket Club,Kurunegala Youth Cricket Club,A Bandara,M Bhanuka,S Sadamal,1,0,,,,,,,,,,,,,
1465847,2024/25,2025-02-07,Colombo Cricket Club Ground,1,39.3,39.3,Colombo Cricket Club,Kurunegala Youth Cricket Club,M Bhanuka,A Bandara,S Sadamal,1,0,,,,,,,,,,,,,
1465847,2024/25,2025-02-07,Colombo Cricket Club Ground,1,39.4,39.4,Colombo Cricket Club,Kurunegala Youth Cricket Club,A Bandara,M Bhanuka,S Sadamal,0,0,,,,,,,,,,,,,
1465847,2024/25,2025-02-07,Colombo Cricket Club Ground,1,39.5,39.5,Colombo Cricket Club,Kurunegala Youth Cricket Club,A Bandara,M Bhanuka,S Sadamal,0,0,,,,,,,,,,,,,
1465847,2024/25,2025-02-07,Colombo Cricket Club Ground,1,39.6,39.6,Colombo Cricket Club,Kurunegala Youth Cricket Club,A Bandara,M Bhanuka,S Sadamal,0,0,,,,,,,,,,,,,
1465847,2024/25,2025-02-07,Colombo Cricket Club Ground,1,40.1,40.1,Colombo Cricket Club,Kurunegala Youth Cricket Club,M Bhanuka,A Bandara,HGK Dilshan,1,0,,,,,,,,,,,,,
1465847,2024/25,2025-02-07,Colombo Cricket Club Ground,1,40.2,40.2,Colombo Cricket Club,Kurunegala Youth Cricket Club,A Bandara,M Bhanuka,HGK Dilshan,2,0,,,,,,,,,,,,,
1465847,2024/25,2025-02-07,Colombo Cricket Club Ground,1,40.3,40.3,Colombo Cricket Club,Kurunegala Youth Cricket Club,A Bandara,M Bhanuka,HGK Dilshan,1,0,,,,,,,,,,,,,
1465847,2024/25,2025-02-07,Colombo Cricket Club Ground,1,40.4,40.4,Colombo Cricket Club,Kurunegala Youth Cricket Club,M Bhanuka,A Bandara,HGK Dilshan,0,0,,,,,,,,,,,,,
1465847,2024/25,2025-02-07,Colombo Cricket Club Ground,1,40.5,40.5,Colombo Cricket Club,Kurunegala Youth Cricket Club,M Bhanuka,A Bandara,HGK Dilshan,2,0,,,,,,,,,,,,,
1465847,2024/25,2025-02-07,Colombo Cricket Club Ground,1,40.6,40.6,Colombo Cricket Club,Kurunegala Youth Cricket Club,M Bhanuka,A Bandara,HGK Dilshan,0,0,,,,,,,,,,,,,
1465847,2024/25,2025-02-07,Colombo Cricket Club Ground,1,41.1,41.1,Colombo Cricket Club,Kurunegala Youth Cricket Club,A Bandara,M Bhanuka,S Sadamal,0,0,,,,,,,,,,,,,
1465847,2024/25,2025-02-07,Colombo Cricket Club Ground,1,41.2,41.2,Colombo Cricket Club,Kurunegala Youth Cricket Club,A Bandara,M Bhanuka,S Sadamal,1,0,,,,,,,,,,,,,
1465847,2024/25,2025-02-07,Colombo Cricket Club Ground,1,41.3,41.3,Colombo Cricket Club,Kurunegala Youth Cricket Club,M Bhanuka,A Bandara,S Sadamal,4,0,,,,,,,,,,,,,
1465847,2024/25,2025-02-07,Colombo Cricket Club Ground,1,41.4,41.4,Colombo Cricket Club,Kurunegala Youth Cricket Club,M Bhanuka,A Bandara,S Sadamal,0,0,,,,,,,,,,,,,
1465847,2024/25,2025-02-07,Colombo Cricket Club Ground,1,41.5,41.5,Colombo Cricket Club,Kurunegala Youth Cricket Club,M Bhanuka,A Bandara,S Sadamal,0,0,,,,,,,,,,,,,
1465847,2024/25,2025-02-07,Colombo Cricket Club Ground,1,41.6,41.6,Colombo Cricket Club,Kurunegala Youth Cricket Club,M Bhanuka,A Bandara,S Sadamal,1,0,,,,,,,,,,,,,
1465847,2024/25,2025-02-07,Colombo Cricket Club Ground,1,42.1,42.1,Colombo Cricket Club,Kurunegala Youth Cricket Club,M Bhanuka,A Bandara,PLM Jayaratne,0,0,,,,,,,,,,,,,
1465847,2024/25,2025-02-07,Colombo Cricket Club Ground,1,42.2,42.2,Colombo Cricket Club,Kurunegala Youth Cricket Club,M Bhanuka,A Bandara,PLM Jayaratne,1,0,,,,,,,,,,,,,
1465847,2024/25,2025-02-07,Colombo Cricket Club Ground,1,42.3,42.3,Colombo Cricket Club,Kurunegala Youth Cricket Club,A Bandara,M Bhanuka,PLM Jayaratne,0,0,,,,,,,,,,,,,
1465847,2024/25,2025-02-07,Colombo Cricket Club Ground,1,42.4,42.4,Colombo Cricket Club,Kurunegala Youth Cricket Club,A Bandara,M Bhanuka,PLM Jayaratne,0,0,,,,,,,,,,,,,
1465847,2024/25,2025-02-07,Colombo Cricket Club Ground,1,42.5,42.5,Colombo Cricket Club,Kurunegala Youth Cricket Club,A Bandara,M Bhanuka,PLM Jayaratne,4,0,,,,,,,,,,,,,
1465847,2024/25,2025-02-07,Colombo Cricket Club Ground,1,42.6,42.6,Colombo Cricket Club,Kurunegala Youth Cricket Club,A Bandara,M Bhanuka,PLM Jayaratne,0,0,,,,,,,,,,,,,
1465847,2024/25,2025-02-07,Colombo Cricket Club Ground,1,43.1,43.1,Colombo Cricket Club,Kurunegala Youth Cricket Club,M Bhanuka,A Bandara,A Premaratne,0,0,,,,,,,,,,,,,
1465847,2024/25,2025-02-07,Colombo Cricket Club Ground,1,43.2,43.2,Colombo Cricket Club,Kurunegala Youth Cricket Club,M Bhanuka,A Bandara,A Premaratne,1,0,,,,,,,,,,,,,
1465847,2024/25,2025-02-07,Colombo Cricket Club Ground,1,43.3,43.3,Colombo Cricket Club,Kurunegala Youth Cricket Club,A Bandara,M Bhanuka,A Premaratne,0,1,,1,,,,,,,,,,,
1465847,2024/25,2025-02-07,Colombo Cricket Club Ground,1,43.4,43.3,Colombo Cricket Club,Kurunegala Youth Cricket Club,A Bandara,M Bhanuka,A Premaratne,0,0,,,,,,,,,,,,,
1465847,2024/25,2025-02-07,Colombo Cricket Club Ground,1,43.5,43.4,Colombo Cricket Club,Kurunegala Youth Cricket Club,A Bandara,M Bhanuka,A Premaratne,0,0,,,,,,,,,,,,,
1465847,2024/25,2025-02-07,Colombo Cricket Club Ground,1,43.6,43.5,Colombo Cricket Club,Kurunegala Youth Cricket Club,A Bandara,M Bhanuka,A Premaratne,0,0,,,,,,,,,,,,,
1465847,2024/25,2025-02-07,Colombo Cricket Club Ground,1,43.7,43.6,Colombo Cricket Club,Kurunegala Youth Cricket Club,A Bandara,M Bhanuka,A Premaratne,0,0,,,,,,,,,,,,,
1465847,2024/25,2025-02-07,Colombo Cricket Club Ground,1,44.1,44.1,Colombo Cricket Club,Kurunegala Youth Cricket Club,M Bhanuka,A Bandara,PLM Jayaratne,0,0,,,,,,,,,,,,,
1465847,2024/25,2025-02-07,Colombo Cricket Club Ground,1,44.2,44.2,Colombo Cricket Club,Kurunegala Youth Cricket Club,M Bhanuka,A Bandara,PLM Jayaratne,0,0,,,,,,,,,,,,,
1465847,2024/25,2025-02-07,Colombo Cricket Club Ground,1,44.3,44.3,Colombo Cricket Club,Kurunegala Youth Cricket Club,M Bhanuka,A Bandara,PLM Jayaratne,0,0,,,,,,,,,,,,,
1465847,2024/25,2025-02-07,Colombo Cricket Club Ground,1,44.4,44.4,Colombo Cricket Club,Kurunegala Youth Cricket Club,M Bhanuka,A Bandara,PLM Jayaratne,0,0,,,,,,,,,,,,,
1465847,2024/25,2025-02-07,Colombo Cricket Club Ground,1,44.5,44.5,Colombo Cricket Club,Kurunegala Youth Cricket Club,M Bhanuka,A Bandara,PLM Jayaratne,0,0,,,,,,,,,,,,,
1465847,2024/25,2025-02-07,Colombo Cricket Club Ground,1,44.6,44.6,Colombo Cricket Club,Kurunegala Youth Cricket Club,M Bhanuka,A Bandara,PLM Jayaratne,0,0,,,,,,,,,,,,,
1465847,2024/25,2025-02-07,Colombo Cricket Club Ground,1,45.1,45.1,Colombo Cricket Club,Kurunegala Youth Cricket Club,A Bandara,M Bhanuka,MLR Karunaratne,0,0,,,,,,,,,,,,,
1465847,2024/25,2025-02-07,Colombo Cricket Club Ground,1,45.2,45.2,Colombo Cricket Club,Kurunegala Youth Cricket Club,A Bandara,M Bhanuka,MLR Karunaratne,0,0,,,,,,,,,,,,,
1465847,2024/25,2025-02-07,Colombo Cricket Club Ground,1,45.3,45.3,Colombo Cricket Club,Kurunegala Youth Cricket Club,A Bandara,M Bhanuka,MLR Karunaratne,0,0,,,,,,,caught,A Bandara,,,TD Polgampola,,
1465847,2024/25,2025-02-07,Colombo Cricket Club Ground,1,45.4,45.4,Colombo Cricket Club,Kurunegala Youth Cricket Club,C Wijesinghe,M Bhanuka,MLR Karunaratne,1,0,,,,,,,,,,,,,
1465847,2024/25,2025-02-07,Colombo Cricket Club Ground,1,45.5,45.5,Colombo Cricket Club,Kurunegala Youth Cricket Club,M Bhanuka,C Wijesinghe,MLR Karunaratne,0,0,,,,,,,,,,,,,
1465847,2024/25,2025-02-07,Colombo Cricket Club Ground,1,45.6,45.6,Colombo Cricket Club,Kurunegala Youth Cricket Club,M Bhanuka,C Wijesinghe,MLR Karunaratne,0,0,,,,,,,,,,,,,
1465847,2024/25,2025-02-07,Colombo Cricket Club Ground,1,46.1,46.1,Colombo Cricket Club,Kurunegala Youth Cricket Club,C Wijesinghe,M Bhanuka,HGK Dilshan,1,0,,,,,,,,,,,,,
1465847,2024/25,2025-02-07,Colombo Cricket Club Ground,1,46.2,46.2,Colombo Cricket Club,Kurunegala Youth Cricket Club,M Bhanuka,C Wijesinghe,HGK Dilshan,4,0,,,,,,,,,,,,,
1465847,2024/25,2025-02-07,Colombo Cricket Club Ground,1,46.3,46.3,Colombo Cricket Club,Kurunegala Youth Cricket Club,M Bhanuka,C Wijesinghe,HGK Dilshan,2,0,,,,,,,,,,,,,
1465847,2024/25,2025-02-07,Colombo Cricket Club Ground,1,46.4,46.4,Colombo Cricket Club,Kurunegala Youth Cricket Club,M Bhanuka,C Wijesinghe,HGK Dilshan,0,0,,,,,,,,,,,,,
1465847,2024/25,2025-02-07,Colombo Cricket Club Ground,1,46.5,46.5,Colombo Cricket Club,Kurunegala Youth Cricket Club,M Bhanuka,C Wijesinghe,HGK Dilshan,1,0,,,,,,,,,,,,,
1465847,2024/25,2025-02-07,Colombo Cricket Club Ground,1,46.6,46.6,Colombo Cricket Club,Kurunegala Youth Cricket Club,C Wijesinghe,M Bhanuka,HGK Dilshan,0,0,,,,,,,,,,,,,
1465847,2024/25,2025-02-07,Colombo Cricket Club Ground,1,47.1,47.1,Colombo Cricket Club,Kurunegala Youth Cricket Club,M Bhanuka,C Wijesinghe,MLR Karunaratne,0,0,,,,,,,,,,,,,
1465847,2024/25,2025-02-07,Colombo Cricket Club Ground,1,47.2,47.2,Colombo Cricket Club,Kurunegala Youth Cricket Club,M Bhanuka,C Wijesinghe,MLR Karunaratne,0,0,,,,,,,,,,,,,
1465847,2024/25,2025-02-07,Colombo Cricket Club Ground,1,47.3,47.3,Colombo Cricket Club,Kurunegala Youth Cricket Club,M Bhanuka,C Wijesinghe,MLR Karunaratne,1,0,,,,,,,,,,,,,
1465847,2024/25,2025-02-07,Colombo Cricket Club Ground,1,47.4,47.4,Colombo Cricket Club,Kurunegala Youth Cricket Club,C Wijesinghe,M Bhanuka,MLR Karunaratne,0,0,,,,,,,,,,,,,
1465847,2024/25,2025-02-07,Colombo Cricket Club Ground,1,47.5,47.5,Colombo Cricket Club,Kurunegala Youth Cricket Club,C Wijesinghe,M Bhanuka,MLR Karunaratne,0,0,,,,,,,,,,,,,
1465847,2024/25,2025-02-07,Colombo Cricket Club Ground,1,47.6,47.6,Colombo Cricket Club,Kurunegala Youth Cricket Club,C Wijesinghe,M Bhanuka,MLR Karunaratne,0,0,,,,,,,,,,,,,
1465847,2024/25,2025-02-07,Colombo Cricket Club Ground,1,48.1,48.1,Colombo Cricket Club,Kurunegala Youth Cricket Club,M Bhanuka,C Wijesinghe,HGK Dilshan,0,0,,,,,,,stumped,M Bhanuka,,,TD Polgampola,,
1465847,2024/25,2025-02-07,Colombo Cricket Club Ground,1,48.2,48.2,Colombo Cricket Club,Kurunegala Youth Cricket Club,PWH de Silva,C Wijesinghe,HGK Dilshan,0,0,,,,,,,,,,,,,
1465847,2024/25,2025-02-07,Colombo Cricket Club Ground,1,48.3,48.3,Colombo Cricket Club,Kurunegala Youth Cricket Club,PWH de Silva,C Wijesinghe,HGK Dilshan,6,0,,,,,,,,,,,,,
1465847,2024/25,2025-02-07,Colombo Cricket Club Ground,1,48.4,48.4,Colombo Cricket Club,Kurunegala Youth Cricket Club,PWH de Silva,C Wijesinghe,HGK Dilshan,0,0,,,,,,,caught,PWH de Silva,,,MLR Karunaratne,,
1465847,2024/25,2025-02-07,Colombo Cricket Club Ground,1,48.5,48.5,Colombo Cricket Club,Kurunegala Youth Cricket Club,I Karannagoda,C Wijesinghe,HGK Dilshan,4,0,,,,,,,,,,,,,
1465847,2024/25,2025-02-07,Colombo Cricket Club Ground,1,48.6,48.6,Colombo Cricket Club,Kurunegala Youth Cricket Club,I Karannagoda,C Wijesinghe,HGK Dilshan,0,0,,,,,,,,,,,,,
1465847,2024/25,2025-02-07,Colombo Cricket Club Ground,1,49.1,49.1,Colombo Cricket Club,Kurunegala Youth Cricket Club,C Wijesinghe,I Karannagoda,MLR Karunaratne,0,0,,,,,,,,,,,,,
1465847,2024/25,2025-02-07,Colombo Cricket Club Ground,1,49.2,49.2,Colombo Cricket Club,Kurunegala Youth Cricket Club,C Wijesinghe,I Karannagoda,MLR Karunaratne,0,0,,,,,,,,,,,,,
1465847,2024/25,2025-02-07,Colombo Cricket Club Ground,1,49.3,49.3,Colombo Cricket Club,Kurunegala Youth Cricket Club,C Wijesinghe,I Karannagoda,MLR Karunaratne,0,0,,,,,,,,,,,,,
1465847,2024/25,2025-02-07,Colombo Cricket Club Ground,1,49.4,49.4,Colombo Cricket Club,Kurunegala Youth Cricket Club,C Wijesinghe,I Karannagoda,MLR Karunaratne,0,0,,,,,,,,,,,,,
1465847,2024/25,2025-02-07,Colombo Cricket Club Ground,1,49.5,49.5,Colombo Cricket Club,Kurunegala Youth Cricket Club,C Wijesinghe,I Karannagoda,MLR Karunaratne,1,0,,,,,,,,,,,,,
1465847,2024/25,2025-02-07,Colombo Cricket Club Ground,1,49.6,49.6,Colombo Cricket Club,Kurunegala Youth Cricket Club,I Karannagoda,C Wijesinghe,MLR Karunaratne,1,0,,,,,,,,,,,,,
1465847,2024/25,2025-02-07,Colombo Cricket Club Ground,1,50.1,50.1,Colombo Cricket Club,Kurunegala Youth Cricket Club,I Karannagoda,C Wijesinghe,HGK Dilshan,0,0,,,,,,,,,,,,,
1465847,2024/25,2025-02-07,Colombo Cricket Club Ground,1,50.2,50.2,Colombo Cricket Club,Kurunegala Youth Cricket Club,I Karannagoda,C Wijesinghe,HGK Dilshan,1,0,,,,,,,,,,,,,
1465847,2024/25,2025-02-07,Colombo Cricket Club Ground,1,50.3,50.3,Colombo Cricket Club,Kurunegala Youth Cricket Club,C Wijesinghe,I Karannagoda,HGK Dilshan,6,0,,,,,,,,,,,,,
1465847,2024/25,2025-02-07,Colombo Cricket Club Ground,1,50.4,50.4,Colombo Cricket Club,Kurunegala Youth Cricket Club,C Wijesinghe,I Karannagoda,HGK Dilshan,4,0,,,,,,,,,,,,,
1465847,2024/25,2025-02-07,Colombo Cricket Club Ground,1,50.5,50.5,Colombo Cricket Club,Kurunegala Youth Cricket Club,C Wijesinghe,I Karannagoda,HGK Dilshan,0,0,,,,,,,,,,,,,
1465847,2024/25,2025-02-07,Colombo Cricket Club Ground,1,50.6,50.6,Colombo Cricket Club,Kurunegala Youth Cricket Club,C Wijesinghe,I Karannagoda,HGK Dilshan,0,0,,,,,,,,,,,,,
1465847,2024/25,2025-02-07,Colombo Cricket Club Ground,1,51.1,51.1,Colombo Cricket Club,Kurunegala Youth Cricket Club,I Karannagoda,C Wijesinghe,MLR Karunaratne,0,0,,,,,,,,,,,,,
1465847,2024/25,2025-02-07,Colombo Cricket Club Ground,1,51.2,51.2,Colombo Cricket Club,Kurunegala Youth Cricket Club,I Karannagoda,C Wijesinghe,MLR Karunaratne,0,0,,,,,,,,,,,,,
1465847,2024/25,2025-02-07,Colombo Cricket Club Ground,1,51.3,51.3,Colombo Cricket Club,Kurunegala Youth Cricket Club,I Karannagoda,C Wijesinghe,MLR Karunaratne,4,0,,,,,,,,,,,,,
1465847,2024/25,2025-02-07,Colombo Cricket Club Ground,1,51.4,51.4,Colombo Cricket Club,Kurunegala Youth Cricket Club,I Karannagoda,C Wijesinghe,MLR Karunaratne,0,0,,,,,,,,,,,,,
1465847,2024/25,2025-02-07,Colombo Cricket Club Ground,1,51.5,51.5,Colombo Cricket Club,Kurunegala Youth Cricket Club,I Karannagoda,C Wijesinghe,MLR Karunaratne,0,0,,,,,,,,,,,,,
1465847,2024/25,2025-02-07,Colombo Cricket Club Ground,1,51.6,51.6,Colombo Cricket Club,Kurunegala Youth Cricket Club,I Karannagoda,C Wijesinghe,MLR Karunaratne,0,0,,,,,,,,,,,,,
1465847,2024/25,2025-02-07,Colombo Cricket Club Ground,1,52.1,52.1,Colombo Cricket Club,Kurunegala Youth Cricket Club,C Wijesinghe,I Karannagoda,PLM Jayaratne,2,0,,,,,,,,,,,,,
1465847,2024/25,2025-02-07,Colombo Cricket Club Ground,1,52.2,52.2,Colombo Cricket Club,Kurunegala Youth Cricket Club,C Wijesinghe,I Karannagoda,PLM Jayaratne,0,0,,,,,,,,,,,,,
1465847,2024/25,2025-02-07,Colombo Cricket Club Ground,1,52.3,52.3,Colombo Cricket Club,Kurunegala Youth Cricket Club,C Wijesinghe,I Karannagoda,PLM Jayaratne,0,0,,,,,,,,,,,,,
1465847,2024/25,2025-02-07,Colombo Cricket Club Ground,1,52.4,52.4,Colombo Cricket Club,Kurunegala Youth Cricket Club,C Wijesinghe,I Karannagoda,PLM Jayaratne,0,0,,,,,,,,,,,,,
1465847,2024/25,2025-02-07,Colombo Cricket Club Ground,1,52.5,52.5,Colombo Cricket Club,Kurunegala Youth Cricket Club,C Wijesinghe,I Karannagoda,PLM Jayaratne,0,0,,,,,,,,,,,,,
1465847,2024/25,2025-02-07,Colombo Cricket Club Ground,1,52.6,52.6,Colombo Cricket Club,Kurunegala Youth Cricket Club,C Wijesinghe,I Karannagoda,PLM Jayaratne,0,0,,,,,,,,,,,,,
1465847,2024/25,2025-02-07,Colombo Cricket Club Ground,1,53.1,53.1,Colombo Cricket Club,Kurunegala Youth Cricket Club,I Karannagoda,C Wijesinghe,A Premaratne,0,0,,,,,,,,,,,,,
1465847,2024/25,2025-02-07,Colombo Cricket Club Ground,1,53.2,53.2,Colombo Cricket Club,Kurunegala Youth Cricket Club,I Karannagoda,C Wijesinghe,A Premaratne,0,1,,1,,,,,,,,,,,
1465847,2024/25,2025-02-07,Colombo Cricket Club Ground,1,53.3,53.2,Colombo Cricket Club,Kurunegala Youth Cricket Club,I Karannagoda,C Wijesinghe,A Premaratne,0,0,,,,,,,,,,,,,
1465847,2024/25,2025-02-07,Colombo Cricket Club Ground,1,53.4,53.3,Colombo Cricket Club,Kurunegala Youth Cricket Club,I Karannagoda,C Wijesinghe,A Premaratne,0,0,,,,,,,,,,,,,
1465847,2024/25,2025-02-07,Colombo Cricket Club Ground,1,53.5,53.4,Colombo Cricket Club,Kurunegala Youth Cricket Club,I Karannagoda,C Wijesinghe,A Premaratne,0,0,,,,,,,,,,,,,
1465847,2024/25,2025-02-07,Colombo Cricket Club Ground,1,53.6,53.5,Colombo Cricket Club,Kurunegala Youth Cricket Club,I Karannagoda,C Wijesinghe,A Premaratne,0,0,,,,,,,,,,,,,
1465847,2024/25,2025-02-07,Colombo Cricket Club Ground,1,53.7,53.6,Colombo Cricket Club,Kurunegala Youth Cricket Club,I Karannagoda,C Wijesinghe,A Premaratne,0,0,,,,,,,,,,,,,
1465847,2024/25,2025-02-07,Colombo Cricket Club Ground,1,54.1,54.1,Colombo Cricket Club,Kurunegala Youth Cricket Club,C Wijesinghe,I Karannagoda,PLM Jayaratne,0,0,,,,,,,,,,,,,
1465847,2024/25,2025-02-07,Colombo Cricket Club Ground,1,54.2,54.2,Colombo Cricket Club,Kurunegala Youth Cricket Club,C Wijesinghe,I Karannagoda,PLM Jayaratne,0,0,,,,,,,,,,,,,
1465847,2024/25,2025-02-07,Colombo Cricket Club Ground,1,54.3,54.3,Colombo Cricket Club,Kurunegala Youth Cricket Club,C Wijesinghe,I Karannagoda,PLM Jayaratne,0,0,,,,,,,bowled,C Wijesinghe,,,,,
1465847,2024/25,2025-02-07,Colombo Cricket Club Ground,1,54.4,54.4,Colombo Cricket Club,Kurunegala Youth Cricket Club,PADLR Sandakan,I Karannagoda,PLM Jayaratne,0,0,,,,,,,,,,,,,
1465847,2024/25,2025-02-07,Colombo Cricket Club Ground,1,54.5,54.5,Colombo Cricket Club,Kurunegala Youth Cricket Club,PADLR Sandakan,I Karannagoda,PLM Jayaratne,1,0,,,,,,,,,,,,,
1465847,2024/25,2025-02-07,Colombo Cricket Club Ground,1,54.6,54.6,Colombo Cricket Club,Kurunegala Youth Cricket Club,I Karannagoda,PADLR Sandakan,PLM Jayaratne,0,0,,,,,,,,,,,,,
1465847,2024/25,2025-02-07,Colombo Cricket Club Ground,1,55.1,55.1,Colombo Cricket Club,Kurunegala Youth Cricket Club,PADLR Sandakan,I Karannagoda,HGK Dilshan,0,0,,,,,,,,,,,,,
1465847,2024/25,2025-02-07,Colombo Cricket Club Ground,1,55.2,55.2,Colombo Cricket Club,Kurunegala Youth Cricket Club,PADLR Sandakan,I Karannagoda,HGK Dilshan,1,0,,,,,,,,,,,,,
1465847,2024/25,2025-02-07,Colombo Cricket Club Ground,1,55.3,55.3,Colombo Cricket Club,Kurunegala Youth Cricket Club,I Karannagoda,PADLR Sandakan,HGK Dilshan,0,0,,,,,,,,,,,,,
1465847,2024/25,2025-02-07,Colombo Cricket Club Ground,1,55.4,55.4,Colombo Cricket Club,Kurunegala Youth Cricket Club,I Karannagoda,PADLR Sandakan,HGK Dilshan,0,0,,,,,,,,,,,,,
1465847,2024/25,2025-02-07,Colombo Cricket Club Ground,1,55.5,55.5,Colombo Cricket Club,Kurunegala Youth Cricket Club,I Karannagoda,PADLR Sandakan,HGK Dilshan,1,0,,,,,,,,,,,,,
1465847,2024/25,2025-02-07,Colombo Cricket Club Ground,1,55.6,55.6,Colombo Cricket Club,Kurunegala Youth Cricket Club,PADLR Sandakan,I Karannagoda,HGK Dilshan,0,0,,,,,,,,,,,,,
1465847,2024/25,2025-02-07,Colombo Cricket Club Ground,1,56.1,56.1,Colombo Cricket Club,Kurunegala Youth Cricket Club,I Karannagoda,PADLR Sandakan,PLM Jayaratne,0,0,,,,,,,,,,,,,
1465847,2024/25,2025-02-07,Colombo Cricket Club Ground,1,56.2,56.2,Colombo Cricket Club,Kurunegala Youth Cricket Club,I Karannagoda,PADLR Sandakan,PLM Jayaratne,0,0,,,,,,,,,,,,,
1465847,2024/25,2025-02-07,Colombo Cricket Club Ground,1,56.3,56.3,Colombo Cricket Club,Kurunegala Youth Cricket Club,I Karannagoda,PADLR Sandakan,PLM Jayaratne,0,0,,,,,,,,,,,,,
1465847,2024/25,2025-02-07,Colombo Cricket Club Ground,1,56.4,56.4,Colombo Cricket Club,Kurunegala Youth Cricket Club,I Karannagoda,PADLR Sandakan,PLM Jayaratne,0,0,,,,,,,,,,,,,
1465847,2024/25,2025-02-07,Colombo Cricket Club Ground,1,56.5,56.5,Colombo Cricket Club,Kurunegala Youth Cricket Club,I Karannagoda,PADLR Sandakan,PLM Jayaratne,0,0,,,,,,,,,,,,,
1465847,2024/25,2025-02-07,Colombo Cricket Club Ground,1,56.6,56.6,Colombo Cricket Club,Kurunegala Youth Cricket Club,I Karannagoda,PADLR Sandakan,PLM Jayaratne,0,0,,,,,,,,,,,,,
1465847,2024/25,2025-02-07,Colombo Cricket Club Ground,1,57.1,57.1,Colombo Cricket Club,Kurunegala Youth Cricket Club,PADLR Sandakan,I Karannagoda,HGK Dilshan,0,0,,,,,,,,,,,,,
1465847,2024/25,2025-02-07,Colombo Cricket Club Ground,1,57.2,57.2,Colombo Cricket Club,Kurunegala Youth Cricket Club,PADLR Sandakan,I Karannagoda,HGK Dilshan,0,0,,,,,,,,,,,,,
1465847,2024/25,2025-02-07,Colombo Cricket Club Ground,1,57.3,57.3,Colombo Cricket Club,Kurunegala Youth Cricket Club,PADLR Sandakan,I Karannagoda,HGK Dilshan,0,0,,,,,,,,,,,,,
1465847,2024/25,2025-02-07,Colombo Cricket Club Ground,1,57.4,57.4,Colombo Cricket Club,Kurunegala Youth Cricket Club,PADLR Sandakan,I Karannagoda,HGK Dilshan,0,0,,,,,,,,,,,,,
1465847,2024/25,2025-02-07,Colombo Cricket Club Ground,1,57.5,57.5,Colombo Cricket Club,Kurunegala Youth Cricket Club,PADLR Sandakan,I Karannagoda,HGK Dilshan,0,0,,,,,,,,,,,,,
1465847,2024/25,2025-02-07,Colombo Cricket Club Ground,1,57.6,57.6,Colombo Cricket Club,Kurunegala Youth Cricket Club,PADLR Sandakan,I Karannagoda,HGK Dilshan,0,0,,,,,,,,,,,,,
1465847,2024/25,2025-02-07,Colombo Cricket Club Ground,1,58.1,58.1,Colombo Cricket Club,Kurunegala Youth Cricket Club,I Karannagoda,PADLR Sandakan,PLM Jayaratne,0,0,,,,,,,,,,,,,
1465847,2024/25,2025-02-07,Colombo Cricket Club Ground,1,58.2,58.2,Colombo Cricket Club,Kurunegala Youth Cricket Club,I Karannagoda,PADLR Sandakan,PLM Jayaratne,0,0,,,,,,,,,,,,,
1465847,2024/25,2025-02-07,Colombo Cricket Club Ground,1,58.3,58.3,Colombo Cricket Club,Kurunegala Youth Cricket Club,I Karannagoda,PADLR Sandakan,PLM Jayaratne,0,0,,,,,,,,,,,,,
1465847,2024/25,2025-02-07,Colombo Cricket Club Ground,1,58.4,58.4,Colombo Cricket Club,Kurunegala Youth Cricket Club,I Karannagoda,PADLR Sandakan,PLM Jayaratne,0,0,,,,,,,,,,,,,
1465847,2024/25,2025-02-07,Colombo Cricket Club Ground,1,58.5,58.5,Colombo Cricket Club,Kurunegala Youth Cricket Club,I Karannagoda,PADLR Sandakan,PLM Jayaratne,0,0,,,,,,,,,,,,,
1465847,2024/25,2025-02-07,Colombo Cricket Club Ground,1,58.6,58.6,Colombo Cricket Club,Kurunegala Youth Cricket Club,I Karannagoda,PADLR Sandakan,PLM Jayaratne,1,0,,,,,,,,,,,,,
1465847,2024/25,2025-02-07,Colombo Cricket Club Ground,1,59.1,59.1,Colombo Cricket Club,Kurunegala Youth Cricket Club,I Karannagoda,PADLR Sandakan,HGK Dilshan,6,0,,,,,,,,,,,,,
1465847,2024/25,2025-02-07,Colombo Cricket Club Ground,1,59.2,59.2,Colombo Cricket Club,Kurunegala Youth Cricket Club,I Karannagoda,PADLR Sandakan,HGK Dilshan,4,0,,,,,,,,,,,,,
1465847,2024/25,2025-02-07,Colombo Cricket Club Ground,1,59.3,59.3,Colombo Cricket Club,Kurunegala Youth Cricket Club,I Karannagoda,PADLR Sandakan,HGK Dilshan,0,0,,,,,,,,,,,,,
1465847,2024/25,2025-02-07,Colombo Cricket Club Ground,1,59.4,59.4,Colombo Cricket Club,Kurunegala Youth Cricket Club,I Karannagoda,PADLR Sandakan,HGK Dilshan,1,0,,,,,,,,,,,,,
1465847,2024/25,2025-02-07,Colombo Cricket Club Ground,1,59.5,59.5,Colombo Cricket Club,Kurunegala Youth Cricket Club,PADLR Sandakan,I Karannagoda,HGK Dilshan,0,0,,,,,,,,,,,,,
1465847,2024/25,2025-02-07,Colombo Cricket Club Ground,1,59.6,59.6,Colombo Cricket Club,Kurunegala Youth Cricket Club,PADLR Sandakan,I Karannagoda,HGK Dilshan,0,0,,,,,,,,,,,,,
1465847,2024/25,2025-02-07,Colombo Cricket Club Ground,1,60.1,60.1,Colombo Cricket Club,Kurunegala Youth Cricket Club,I Karannagoda,PADLR Sandakan,PLM Jayaratne,0,0,,,,,,,,,,,,,
1465847,2024/25,2025-02-07,Colombo Cricket Club Ground,1,60.2,60.2,Colombo Cricket Club,Kurunegala Youth Cricket Club,I Karannagoda,PADLR Sandakan,PLM Jayaratne,0,0,,,,,,,caught,I Karannagoda,,,TD Polgampola,,
1465847,2024/25,2025-02-07,Colombo Cricket Club Ground,1,60.3,60.3,Colombo Cricket Club,Kurunegala Youth Cricket Club,MVT Fernando,PADLR Sandakan,PLM Jayaratne,2,0,,,,,,,,,,,,,
1465847,2024/25,2025-02-07,Colombo Cricket Club Ground,1,60.4,60.4,Colombo Cricket Club,Kurunegala Youth Cricket Club,MVT Fernando,PADLR Sandakan,PLM Jayaratne,0,0,,,,,,,,,,,,,
1465847,2024/25,2025-02-07,Colombo Cricket Club Ground,1,60.5,60.5,Colombo Cricket Club,Kurunegala Youth Cricket Club,MVT Fernando,PADLR Sandakan,PLM Jayaratne,0,0,,,,,,,,,,,,,
1465847,2024/25,2025-02-07,Colombo Cricket Club Ground,1,60.6,60.6,Colombo Cricket Club,Kurunegala Youth Cricket Club,MVT Fernando,PADLR Sandakan,PLM Jayaratne,0,0,,,,,,,,,,,,,
1465847,2024/25,2025-02-07,Colombo Cricket Club Ground,1,61.1,61.1,Colombo Cricket Club,Kurunegala Youth Cricket Club,PADLR Sandakan,MVT Fernando,HGK Dilshan,4,0,,,,,,,,,,,,,
1465847,2024/25,2025-02-07,Colombo Cricket Club Ground,1,61.2,61.2,Colombo Cricket Club,Kurunegala Youth Cricket Club,PADLR Sandakan,MVT Fernando,HGK Dilshan,0,0,,,,,,,,,,,,,
1465847,2024/25,2025-02-07,Colombo Cricket Club Ground,1,61.3,61.3,Colombo Cricket Club,Kurunegala Youth Cricket Club,PADLR Sandakan,MVT Fernando,HGK Dilshan,1,0,,,,,,,,,,,,,
1465847,2024/25,2025-02-07,Colombo Cricket Club Ground,1,61.4,61.4,Colombo Cricket Club,Kurunegala Youth Cricket Club,MVT Fernando,PADLR Sandakan,HGK Dilshan,0,0,,,,,,,,,,,,,
1465847,2024/25,2025-02-07,Colombo Cricket Club Ground,1,61.5,61.5,Colombo Cricket Club,Kurunegala Youth Cricket Club,MVT Fernando,PADLR Sandakan,HGK Dilshan,0,0,,,,,,,,,,,,,
1465847,2024/25,2025-02-07,Colombo Cricket Club Ground,1,61.6,61.6,Colombo Cricket Club,Kurunegala Youth Cricket Club,MVT Fernando,PADLR Sandakan,HGK Dilshan,0,0,,,,,,,,,,,,,
1465847,2024/25,2025-02-07,Colombo Cricket Club Ground,1,62.1,62.1,Colombo Cricket Club,Kurunegala Youth Cricket Club,PADLR Sandakan,MVT Fernando,PLM Jayaratne,0,0,,,,,,,,,,,,,
1465847,2024/25,2025-02-07,Colombo Cricket Club Ground,1,62.2,62.2,Colombo Cricket Club,Kurunegala Youth Cricket Club,PADLR Sandakan,MVT Fernando,PLM Jayaratne,1,0,,,,,,,,,,,,,
1465847,2024/25,2025-02-07,Colombo Cricket Club Ground,1,62.3,62.3,Colombo Cricket Club,Kurunegala Youth Cricket Club,MVT Fernando,PADLR Sandakan,PLM Jayaratne,1,0,,,,,,,,,,,,,
1465847,2024/25,2025-02-07,Colombo Cricket Club Ground,1,62.4,62.4,Colombo Cricket Club,Kurunegala Youth Cricket Club,PADLR Sandakan,MVT Fernando,PLM Jayaratne,4,0,,,,,,,,,,,,,
1465847,2024/25,2025-02-07,Colombo Cricket Club Ground,1,62.5,62.5,Colombo Cricket Club,Kurunegala Youth Cricket Club,PADLR Sandakan,MVT Fernando,PLM Jayaratne,0,0,,,,,,,,,,,,,
1465847,2024/25,2025-02-07,Colombo Cricket Club Ground,1,62.6,62.6,Colombo Cricket Club,Kurunegala Youth Cricket Club,PADLR Sandakan,MVT Fernando,PLM Jayaratne,0,0,,,,,,,,,,,,,
1465847,2024/25,2025-02-07,Colombo Cricket Club Ground,1,63.1,63.1,Colombo Cricket Club,Kurunegala Youth Cricket Club,MVT Fernando,PADLR Sandakan,HGK Dilshan,0,0,,,,,,,,,,,,,
1465847,2024/25,2025-02-07,Colombo Cricket Club Ground,1,63.2,63.2,Colombo Cricket Club,Kurunegala Youth Cricket Club,MVT Fernando,PADLR Sandakan,HGK Dilshan,0,0,,,,,,,,,,,,,
1465847,2024/25,2025-02-07,Colombo Cricket Club Ground,1,63.3,63.3,Colombo Cricket Club,Kurunegala Youth Cricket Club,MVT Fernando,PADLR Sandakan,HGK Dilshan,0,0,,,,,,,,,,,,,
1465847,2024/25,2025-02-07,Colombo Cricket Club Ground,1,63.4,63.4,Colombo Cricket Club,Kurunegala Youth Cricket Club,MVT Fernando,PADLR Sandakan,HGK Dilshan,0,0,,,,,,,,,,,,,
1465847,2024/25,2025-02-07,Colombo Cricket Club Ground,1,63.5,63.5,Colombo Cricket Club,Kurunegala Youth Cricket Club,MVT Fernando,PADLR Sandakan,HGK Dilshan,0,0,,,,,,,,,,,,,
1465847,2024/25,2025-02-07,Colombo Cricket Club Ground,1,63.6,63.6,Colombo Cricket Club,Kurunegala Youth Cricket Club,MVT Fernando,PADLR Sandakan,HGK Dilshan,0,0,,,,,,,,,,,,,
1465847,2024/25,2025-02-07,Colombo Cricket Club Ground,1,64.1,64.1,Colombo Cricket Club,Kurunegala Youth Cricket Club,PADLR Sandakan,MVT Fernando,D Malan,0,0,,,,,,,,,,,,,
1465847,2024/25,2025-02-07,Colombo Cricket Club Ground,1,64.2,64.2,Colombo Cricket Club,Kurunegala Youth Cricket Club,PADLR Sandakan,MVT Fernando,D Malan,1,0,,,,,,,,,,,,,
1465847,2024/25,2025-02-07,Colombo Cricket Club Ground,1,64.3,64.3,Colombo Cricket Club,Kurunegala Youth Cricket Club,MVT Fernando,PADLR Sandakan,D Malan,0,0,,,,,,,,,,,,,
1465847,2024/25,2025-02-07,Colombo Cricket Club Ground,1,64.4,64.4,Colombo Cricket Club,Kurunegala Youth Cricket Club,MVT Fernando,PADLR Sandakan,D Malan,0,0,,,,,,,,,,,,,
1465847,2024/25,2025-02-07,Colombo Cricket Club Ground,1,64.5,64.5,Colombo Cricket Club,Kurunegala Youth Cricket Club,MVT Fernando,PADLR Sandakan,D Malan,4,0,,,,,,,,,,,,,
1465847,2024/25,2025-02-07,Colombo Cricket Club Ground,1,64.6,64.6,Colombo Cricket Club,Kurunegala Youth Cricket Club,MVT Fernando,PADLR Sandakan,D Malan,0,0,,,,,,,,,,,,,
1465847,2024/25,2025-02-07,Colombo Cricket Club Ground,1,65.1,65.1,Colombo Cricket Club,Kurunegala Youth Cricket Club,PADLR Sandakan,MVT Fernando,HGK Dilshan,0,0,,,,,,,,,,,,,
1465847,2024/25,2025-02-07,Colombo Cricket Club Ground,1,65.2,65.2,Colombo Cricket Club,Kurunegala Youth Cricket Club,PADLR Sandakan,MVT Fernando,HGK Dilshan,1,0,,,,,,,,,,,,,
1465847,2024/25,2025-02-07,Colombo Cricket Club Ground,1,65.3,65.3,Colombo Cricket Club,Kurunegala Youth Cricket Club,MVT Fernando,PADLR Sandakan,HGK Dilshan,0,0,,,,,,,caught,MVT Fernando,,,PLM Jayaratne,,
1465847,2024/25,2025-02-07,Colombo Cricket Club Ground,2,0.1,0.1,Kurunegala Youth Cricket Club,Colombo Cricket Club,WWAG Maneeshan,TD Polgampola,MVT Fernando,2,0,,,,,,,,,,,,,
1465847,2024/25,2025-02-07,Colombo Cricket Club Ground,2,0.2,0.2,Kurunegala Youth Cricket Club,Colombo Cricket Club,WWAG Maneeshan,TD Polgampola,MVT Fernando,0,0,,,,,,,,,,,,,
1465847,2024/25,2025-02-07,Colombo Cricket Club Ground,2,0.3,0.3,Kurunegala Youth Cricket Club,Colombo Cricket Club,WWAG Maneeshan,TD Polgampola,MVT Fernando,4,0,,,,,,,,,,,,,
1465847,2024/25,2025-02-07,Colombo Cricket Club Ground,2,0.4,0.4,Kurunegala Youth Cricket Club,Colombo Cricket Club,WWAG Maneeshan,TD Polgampola,MVT Fernando,2,0,,,,,,,,,,,,,
1465847,2024/25,2025-02-07,Colombo Cricket Club Ground,2,0.5,0.5,Kurunegala Youth Cricket Club,Colombo Cricket Club,WWAG Maneeshan,TD Polgampola,MVT Fernando,4,0,,,,,,,,,,,,,
1465847,2024/25,2025-02-07,Colombo Cricket Club Ground,2,0.6,0.6,Kurunegala Youth Cricket Club,Colombo Cricket Club,WWAG Maneeshan,TD Polgampola,MVT Fernando,4,0,,,,,,,,,,,,,
1465847,2024/25,2025-02-07,Colombo Cricket Club Ground,2,1.1,1.1,Kurunegala Youth Cricket Club,Colombo Cricket Club,TD Polgampola,WWAG Maneeshan,PWH de Silva,1,0,,,,,,,,,,,,,
1465847,2024/25,2025-02-07,Colombo Cricket Club Ground,2,1.2,1.2,Kurunegala Youth Cricket Club,Colombo Cricket Club,WWAG Maneeshan,TD Polgampola,PWH de Silva,0,0,,,,,,,,,,,,,
1465847,2024/25,2025-02-07,Colombo Cricket Club Ground,2,1.3,1.3,Kurunegala Youth Cricket Club,Colombo Cricket Club,WWAG Maneeshan,TD Polgampola,PWH de Silva,0,0,,,,,,,,,,,,,
1465847,2024/25,2025-02-07,Colombo Cricket Club Ground,2,1.4,1.4,Kurunegala Youth Cricket Club,Colombo Cricket Club,WWAG Maneeshan,TD Polgampola,PWH de Silva,0,0,,,,,,,,,,,,,
1465847,2024/25,2025-02-07,Colombo Cricket Club Ground,2,1.5,1.5,Kurunegala Youth Cricket Club,Colombo Cricket Club,WWAG Maneeshan,TD Polgampola,PWH de Silva,0,0,,,,,,,,,,,,,
1465847,2024/25,2025-02-07,Colombo Cricket Club Ground,2,1.6,1.6,Kurunegala Youth Cricket Club,Colombo Cricket Club,WWAG Maneeshan,TD Polgampola,PWH de Silva,1,0,,,,,,,,,,,,,
1465847,2024/25,2025-02-07,Colombo Cricket Club Ground,2,2.1,2.1,Kurunegala Youth Cricket Club,Colombo Cricket Club,WWAG Maneeshan,TD Polgampola,C Wijesinghe,0,0,,,,,,,,,,,,,
1465847,2024/25,2025-02-07,Colombo Cricket Club Ground,2,2.2,2.2,Kurunegala Youth Cricket Club,Colombo Cricket Club,WWAG Maneeshan,TD Polgampola,C Wijesinghe,1,0,,,,,,,,,,,,,
1465847,2024/25,2025-02-07,Colombo Cricket Club Ground,2,2.3,2.3,Kurunegala Youth Cricket Club,Colombo Cricket Club,TD Polgampola,WWAG Maneeshan,C Wijesinghe,0,0,,,,,,,,,,,,,
1465847,2024/25,2025-02-07,Colombo Cricket Club Ground,2,2.4,2.4,Kurunegala Youth Cricket Club,Colombo Cricket Club,TD Polgampola,WWAG Maneeshan,C Wijesinghe,0,0,,,,,,,,,,,,,
1465847,2024/25,2025-02-07,Colombo Cricket Club Ground,2,2.5,2.5,Kurunegala Youth Cricket Club,Colombo Cricket Club,TD Polgampola,WWAG Maneeshan,C Wijesinghe,1,0,,,,,,,,,,,,,
1465847,2024/25,2025-02-07,Colombo Cricket Club Ground,2,2.6,2.6,Kurunegala Youth Cricket Club,Colombo Cricket Club,WWAG Maneeshan,TD Polgampola,C Wijesinghe,1,0,,,,,,,,,,,,,
1465847,2024/25,2025-02-07,Colombo Cricket Club Ground,2,3.1,3.1,Kurunegala Youth Cricket Club,Colombo Cricket Club,WWAG Maneeshan,TD Polgampola,MVT Fernando,4,0,,,,,,,,,,,,,
1465847,2024/25,2025-02-07,Colombo Cricket Club Ground,2,3.2,3.2,Kurunegala Youth Cricket Club,Colombo Cricket Club,WWAG Maneeshan,TD Polgampola,MVT Fernando,4,0,,,,,,,,,,,,,
1465847,2024/25,2025-02-07,Colombo Cricket Club Ground,2,3.3,3.3,Kurunegala Youth Cricket Club,Colombo Cricket Club,WWAG Maneeshan,TD Polgampola,MVT Fernando,0,0,,,,,,,,,,,,,
1465847,2024/25,2025-02-07,Colombo Cricket Club Ground,2,3.4,3.4,Kurunegala Youth Cricket Club,Colombo Cricket Club,WWAG Maneeshan,TD Polgampola,MVT Fernando,1,0,,,,,,,,,,,,,
1465847,2024/25,2025-02-07,Colombo Cricket Club Ground,2,3.5,3.5,Kurunegala Youth Cricket Club,Colombo Cricket Club,TD Polgampola,WWAG Maneeshan,MVT Fernando,0,0,,,,,,,,,,,,,
1465847,2024/25,2025-02-07,Colombo Cricket Club Ground,2,3.6,3.6,Kurunegala Youth Cricket Club,Colombo Cricket Club,TD Polgampola,WWAG Maneeshan,MVT Fernando,1,0,,,,,,,,,,,,,
1465847,2024/25,2025-02-07,Colombo Cricket Club Ground,2,4.1,4.1,Kurunegala Youth Cricket Club,Colombo Cricket Club,TD Polgampola,WWAG Maneeshan,C Wijesinghe,0,0,,,,,,,caught,TD Polgampola,,,KNM Fernando,,
1465847,2024/25,2025-02-07,Colombo Cricket Club Ground,2,4.2,4.2,Kurunegala Youth Cricket Club,Colombo Cricket Club,G Weerasinghe,WWAG Maneeshan,C Wijesinghe,0,0,,,,,,,,,,,,,
1465847,2024/25,2025-02-07,Colombo Cricket Club Ground,2,4.3,4.3,Kurunegala Youth Cricket Club,Colombo Cricket Club,G Weerasinghe,WWAG Maneeshan,C Wijesinghe,0,0,,,,,,,,,,,,,
1465847,2024/25,2025-02-07,Colombo Cricket Club Ground,2,4.4,4.4,Kurunegala Youth Cricket Club,Colombo Cricket Club,G Weerasinghe,WWAG Maneeshan,C Wijesinghe,0,0,,,,,,,,,,,,,
1465847,2024/25,2025-02-07,Colombo Cricket Club Ground,2,4.5,4.5,Kurunegala Youth Cricket Club,Colombo Cricket Club,G Weerasinghe,WWAG Maneeshan,C Wijesinghe,0,0,,,,,,,,,,,,,
1465847,2024/25,2025-02-07,Colombo Cricket Club Ground,2,4.6,4.6,Kurunegala Youth Cricket Club,Colombo Cricket Club,G Weerasinghe,WWAG Maneeshan,C Wijesinghe,2,0,,,,,,,,,,,,,
1465847,2024/25,2025-02-07,Colombo Cricket Club Ground,2,5.1,5.1,Kurunegala Youth Cricket Club,Colombo Cricket Club,WWAG Maneeshan,G Weerasinghe,MVT Fernando,0,0,,,,,,,,,,,,,
1465847,2024/25,2025-02-07,Colombo Cricket Club Ground,2,5.2,5.2,Kurunegala Youth Cricket Club,Colombo Cricket Club,WWAG Maneeshan,G Weerasinghe,MVT Fernando,4,0,,,,,,,,,,,,,
1465847,2024/25,2025-02-07,Colombo Cricket Club Ground,2,5.3,5.3,Kurunegala Youth Cricket Club,Colombo Cricket Club,WWAG Maneeshan,G Weerasinghe,MVT Fernando,0,0,,,,,,,,,,,,,
1465847,2024/25,2025-02-07,Colombo Cricket Club Ground,2,5.4,5.4,Kurunegala Youth Cricket Club,Colombo Cricket Club,WWAG Maneeshan,G Weerasinghe,MVT Fernando,1,0,,,,,,,,,,,,,
1465847,2024/25,2025-02-07,Colombo Cricket Club Ground,2,5.5,5.5,Kurunegala Youth Cricket Club,Colombo Cricket Club,G Weerasinghe,WWAG Maneeshan,MVT Fernando,0,0,,,,,,,,,,,,,
1465847,2024/25,2025-02-07,Colombo Cricket Club Ground,2,5.6,5.6,Kurunegala Youth Cricket Club,Colombo Cricket Club,G Weerasinghe,WWAG Maneeshan,MVT Fernando,0,0,,,,,,,,,,,,,
1465847,2024/25,2025-02-07,Colombo Cricket Club Ground,2,6.1,6.1,Kurunegala Youth Cricket Club,Colombo Cricket Club,WWAG Maneeshan,G Weerasinghe,C Wijesinghe,0,0,,,,,,,,,,,,,
1465847,2024/25,2025-02-07,Colombo Cricket Club Ground,2,6.2,6.2,Kurunegala Youth Cricket Club,Colombo Cricket Club,WWAG Maneeshan,G Weerasinghe,C Wijesinghe,3,0,,,,,,,,,,,,,
1465847,2024/25,2025-02-07,Colombo Cricket Club Ground,2,6.3,6.3,Kurunegala Youth Cricket Club,Colombo Cricket Club,G Weerasinghe,WWAG Maneeshan,C Wijesinghe,0,0,,,,,,,,,,,,,
1465847,2024/25,2025-02-07,Colombo Cricket Club Ground,2,6.4,6.4,Kurunegala Youth Cricket Club,Colombo Cricket Club,G Weerasinghe,WWAG Maneeshan,C Wijesinghe,0,0,,,,,,,,,,,,,
1465847,2024/25,2025-02-07,Colombo Cricket Club Ground,2,6.5,6.5,Kurunegala Youth Cricket Club,Colombo Cricket Club,G Weerasinghe,WWAG Maneeshan,C Wijesinghe,0,0,,,,,,,,,,,,,
1465847,2024/25,2025-02-07,Colombo Cricket Club Ground,2,6.6,6.6,Kurunegala Youth Cricket Club,Colombo Cricket Club,G Weerasinghe,WWAG Maneeshan,C Wijesinghe,0,0,,,,,,,,,,,,,
1465847,2024/25,2025-02-07,Colombo Cricket Club Ground,2,7.1,7.1,Kurunegala Youth Cricket Club,Colombo Cricket Club,WWAG Maneeshan,G Weerasinghe,PWH de Silva,0,0,,,,,,,,,,,,,
1465847,2024/25,2025-02-07,Colombo Cricket Club Ground,2,7.2,7.2,Kurunegala Youth Cricket Club,Colombo Cricket Club,WWAG Maneeshan,G Weerasinghe,PWH de Silva,4,0,,,,,,,,,,,,,
1465847,2024/25,2025-02-07,Colombo Cricket Club Ground,2,7.3,7.3,Kurunegala Youth Cricket Club,Colombo Cricket Club,WWAG Maneeshan,G Weerasinghe,PWH de Silva,1,0,,,,,,,,,,,,,
1465847,2024/25,2025-02-07,Colombo Cricket Club Ground,2,7.4,7.4,Kurunegala Youth Cricket Club,Colombo Cricket Club,G Weerasinghe,WWAG Maneeshan,PWH de Silva,1,0,,,,,,,,,,,,,
1465847,2024/25,2025-02-07,Colombo Cricket Club Ground,2,7.5,7.5,Kurunegala Youth Cricket Club,Colombo Cricket Club,WWAG Maneeshan,G Weerasinghe,PWH de Silva,1,0,,,,,,,,,,,,,
1465847,2024/25,2025-02-07,Colombo Cricket Club Ground,2,7.6,7.6,Kurunegala Youth Cricket Club,Colombo Cricket Club,G Weerasinghe,WWAG Maneeshan,PWH de Silva,0,0,,,,,,,,,,,,,
1465847,2024/25,2025-02-07,Colombo Cricket Club Ground,2,8.1,8.1,Kurunegala Youth Cricket Club,Colombo Cricket Club,WWAG Maneeshan,G Weerasinghe,SN Gunasinghe,0,1,,1,,,,,,,,,,,
1465847,2024/25,2025-02-07,Colombo Cricket Club Ground,2,8.2,8.1,Kurunegala Youth Cricket Club,Colombo Cricket Club,WWAG Maneeshan,G Weerasinghe,SN Gunasinghe,1,0,,,,,,,,,,,,,
1465847,2024/25,2025-02-07,Colombo Cricket Club Ground,2,8.3,8.2,Kurunegala Youth Cricket Club,Colombo Cricket Club,G Weerasinghe,WWAG Maneeshan,SN Gunasinghe,0,0,,,,,,,,,,,,,
1465847,2024/25,2025-02-07,Colombo Cricket Club Ground,2,8.4,8.3,Kurunegala Youth Cricket Club,Colombo Cricket Club,G Weerasinghe,WWAG Maneeshan,SN Gunasinghe,1,0,,,,,,,,,,,,,
1465847,2024/25,2025-02-07,Colombo Cricket Club Ground,2,8.5,8.4,Kurunegala Youth Cricket Club,Colombo Cricket Club,WWAG Maneeshan,G Weerasinghe,SN Gunasinghe,1,0,,,,,,,,,,,,,
1465847,2024/25,2025-02-07,Colombo Cricket Club Ground,2,8.6,8.5,Kurunegala Youth Cricket Club,Colombo Cricket Club,G Weerasinghe,WWAG Maneeshan,SN Gunasinghe,1,0,,,,,,,,,,,,,
1465847,2024/25,2025-02-07,Colombo Cricket Club Ground,2,8.7,8.6,Kurunegala Youth Cricket Club,Colombo Cricket Club,WWAG Maneeshan,G Weerasinghe,SN Gunasinghe,1,0,,,,,,,,,,,,,
1465847,2024/25,2025-02-07,Colombo Cricket Club Ground,2,9.1,9.1,Kurunegala Youth Cricket Club,Colombo Cricket Club,WWAG Maneeshan,G Weerasinghe,PWH de Silva,1,0,,,,,,,,,,,,,
1465847,2024/25,2025-02-07,Colombo Cricket Club Ground,2,9.2,9.2,Kurunegala Youth Cricket Club,Colombo Cricket Club,G Weerasinghe,WWAG Maneeshan,PWH de Silva,0,0,,,,,,,,,,,,,
1465847,2024/25,2025-02-07,Colombo Cricket Club Ground,2,9.3,9.3,Kurunegala Youth Cricket Club,Colombo Cricket Club,G Weerasinghe,WWAG Maneeshan,PWH de Silva,2,0,,,,,,,,,,,,,
1465847,2024/25,2025-02-07,Colombo Cricket Club Ground,2,9.4,9.4,Kurunegala Youth Cricket Club,Colombo Cricket Club,G Weerasinghe,WWAG Maneeshan,PWH de Silva,0,0,,,,,,,,,,,,,
1465847,2024/25,2025-02-07,Colombo Cricket Club Ground,2,9.5,9.5,Kurunegala Youth Cricket Club,Colombo Cricket Club,G Weerasinghe,WWAG Maneeshan,PWH de Silva,0,0,,,,,,,,,,,,,
1465847,2024/25,2025-02-07,Colombo Cricket Club Ground,2,9.6,9.6,Kurunegala Youth Cricket Club,Colombo Cricket Club,G Weerasinghe,WWAG Maneeshan,PWH de Silva,0,0,,,,,,,,,,,,,
1465847,2024/25,2025-02-07,Colombo Cricket Club Ground,2,10.1,10.1,Kurunegala Youth Cricket Club,Colombo Cricket Club,WWAG Maneeshan,G Weerasinghe,SN Gunasinghe,0,0,,,,,,,,,,,,,
1465847,2024/25,2025-02-07,Colombo Cricket Club Ground,2,10.2,10.2,Kurunegala Youth Cricket Club,Colombo Cricket Club,WWAG Maneeshan,G Weerasinghe,SN Gunasinghe,0,0,,,,,,,,,,,,,
1465847,2024/25,2025-02-07,Colombo Cricket Club Ground,2,10.3,10.3,Kurunegala Youth Cricket Club,Colombo Cricket Club,WWAG Maneeshan,G Weerasinghe,SN Gunasinghe,1,0,,,,,,,,,,,,,
1465847,2024/25,2025-02-07,Colombo Cricket Club Ground,2,10.4,10.4,Kurunegala Youth Cricket Club,Colombo Cricket Club,G Weerasinghe,WWAG Maneeshan,SN Gunasinghe,1,0,,,,,,,,,,,,,
1465847,2024/25,2025-02-07,Colombo Cricket Club Ground,2,10.5,10.5,Kurunegala Youth Cricket Club,Colombo Cricket Club,WWAG Maneeshan,G Weerasinghe,SN Gunasinghe,1,0,,,,,,,,,,,,,
1465847,2024/25,2025-02-07,Colombo Cricket Club Ground,2,10.6,10.6,Kurunegala Youth Cricket Club,Colombo Cricket Club,G Weerasinghe,WWAG Maneeshan,SN Gunasinghe,0,0,,,,,,,,,,,,,
1465847,2024/25,2025-02-07,Colombo Cricket Club Ground,2,11.1,11.1,Kurunegala Youth Cricket Club,Colombo Cricket Club,WWAG Maneeshan,G Weerasinghe,PWH de Silva,2,0,,,,,,,,,,,,,
1465847,2024/25,2025-02-07,Colombo Cricket Club Ground,2,11.2,11.2,Kurunegala Youth Cricket Club,Colombo Cricket Club,WWAG Maneeshan,G Weerasinghe,PWH de Silva,1,0,,,,,,,,,,,,,
1465847,2024/25,2025-02-07,Colombo Cricket Club Ground,2,11.3,11.3,Kurunegala Youth Cricket Club,Colombo Cricket Club,G Weerasinghe,WWAG Maneeshan,PWH de Silva,4,0,,,,,,,,,,,,,
1465847,2024/25,2025-02-07,Colombo Cricket Club Ground,2,11.4,11.4,Kurunegala Youth Cricket Club,Colombo Cricket Club,G Weerasinghe,WWAG Maneeshan,PWH de Silva,1,0,,,,,,,,,,,,,
1465847,2024/25,2025-02-07,Colombo Cricket Club Ground,2,11.5,11.5,Kurunegala Youth Cricket Club,Colombo Cricket Club,WWAG Maneeshan,G Weerasinghe,PWH de Silva,1,0,,,,,,,,,,,,,
1465847,2024/25,2025-02-07,Colombo Cricket Club Ground,2,11.6,11.6,Kurunegala Youth Cricket Club,Colombo Cricket Club,G Weerasinghe,WWAG Maneeshan,PWH de Silva,0,0,,,,,,,,,,,,,
1465847,2024/25,2025-02-07,Colombo Cricket Club Ground,2,12.1,12.1,Kurunegala Youth Cricket Club,Colombo Cricket Club,WWAG Maneeshan,G Weerasinghe,L Croospulle,0,0,,,,,,,,,,,,,
1465847,2024/25,2025-02-07,Colombo Cricket Club Ground,2,12.2,12.2,Kurunegala Youth Cricket Club,Colombo Cricket Club,WWAG Maneeshan,G Weerasinghe,L Croospulle,0,0,,,,,,,,,,,,,
1465847,2024/25,2025-02-07,Colombo Cricket Club Ground,2,12.3,12.3,Kurunegala Youth Cricket Club,Colombo Cricket Club,WWAG Maneeshan,G Weerasinghe,L Croospulle,0,1,,,,1,,,,,,,,,
1465847,2024/25,2025-02-07,Colombo Cricket Club Ground,2,12.4,12.4,Kurunegala Youth Cricket Club,Colombo Cricket Club,G Weerasinghe,WWAG Maneeshan,L Croospulle,0,0,,,,,,,,,,,,,
1465847,2024/25,2025-02-07,Colombo Cricket Club Ground,2,12.5,12.5,Kurunegala Youth Cricket Club,Colombo Cricket Club,G Weerasinghe,WWAG Maneeshan,L Croospulle,1,0,,,,,,,,,,,,,
1465847,2024/25,2025-02-07,Colombo Cricket Club Ground,2,12.6,12.6,Kurunegala Youth Cricket Club,Colombo Cricket Club,WWAG Maneeshan,G Weerasinghe,L Croospulle,0,0,,,,,,,,,,,,,
1465847,2024/25,2025-02-07,Colombo Cricket Club Ground,2,13.1,13.1,Kurunegala Youth Cricket Club,Colombo Cricket Club,G Weerasinghe,WWAG Maneeshan,PWH de Silva,0,0,,,,,,,,,,,,,
1465847,2024/25,2025-02-07,Colombo Cricket Club Ground,2,13.2,13.2,Kurunegala Youth Cricket Club,Colombo Cricket Club,G Weerasinghe,WWAG Maneeshan,PWH de Silva,0,0,,,,,,,,,,,,,
1465847,2024/25,2025-02-07,Colombo Cricket Club Ground,2,13.3,13.3,Kurunegala Youth Cricket Club,Colombo Cricket Club,G Weerasinghe,WWAG Maneeshan,PWH de Silva,0,0,,,,,,,,,,,,,
1465847,2024/25,2025-02-07,Colombo Cricket Club Ground,2,13.4,13.4,Kurunegala Youth Cricket Club,Colombo Cricket Club,G Weerasinghe,WWAG Maneeshan,PWH de Silva,0,0,,,,,,,,,,,,,
1465847,2024/25,2025-02-07,Colombo Cricket Club Ground,2,13.5,13.5,Kurunegala Youth Cricket Club,Colombo Cricket Club,G Weerasinghe,WWAG Maneeshan,PWH de Silva,0,0,,,,,,,,,,,,,
1465847,2024/25,2025-02-07,Colombo Cricket Club Ground,2,13.6,13.6,Kurunegala Youth Cricket Club,Colombo Cricket Club,G Weerasinghe,WWAG Maneeshan,PWH de Silva,4,0,,,,,,,,,,,,,
1465847,2024/25,2025-02-07,Colombo Cricket Club Ground,2,14.1,14.1,Kurunegala Youth Cricket Club,Colombo Cricket Club,WWAG Maneeshan,G Weerasinghe,L Croospulle,0,0,,,,,,,,,,,,,
1465847,2024/25,2025-02-07,Colombo Cricket Club Ground,2,14.2,14.2,Kurunegala Youth Cricket Club,Colombo Cricket Club,WWAG Maneeshan,G Weerasinghe,L Croospulle,0,0,,,,,,,,,,,,,
1465847,2024/25,2025-02-07,Colombo Cricket Club Ground,2,14.3,14.3,Kurunegala Youth Cricket Club,Colombo Cricket Club,WWAG Maneeshan,G Weerasinghe,L Croospulle,1,0,,,,,,,,,,,,,
1465847,2024/25,2025-02-07,Colombo Cricket Club Ground,2,14.4,14.4,Kurunegala Youth Cricket Club,Colombo Cricket Club,G Weerasinghe,WWAG Maneeshan,L Croospulle,0,0,,,,,,,,,,,,,
1465847,2024/25,2025-02-07,Colombo Cricket Club Ground,2,14.5,14.5,Kurunegala Youth Cricket Club,Colombo Cricket Club,G Weerasinghe,WWAG Maneeshan,L Croospulle,0,0,,,,,,,,,,,,,
1465847,2024/25,2025-02-07,Colombo Cricket Club Ground,2,14.6,14.6,Kurunegala Youth Cricket Club,Colombo Cricket Club,G Weerasinghe,WWAG Maneeshan,L Croospulle,1,0,,,,,,,,,,,,,
1465847,2024/25,2025-02-07,Colombo Cricket Club Ground,2,15.1,15.1,Kurunegala Youth Cricket Club,Colombo Cricket Club,G Weerasinghe,WWAG Maneeshan,PWH de Silva,0,0,,,,,,,,,,,,,
1465847,2024/25,2025-02-07,Colombo Cricket Club Ground,2,15.2,15.2,Kurunegala Youth Cricket Club,Colombo Cricket Club,G Weerasinghe,WWAG Maneeshan,PWH de Silva,1,0,,,,,,,,,,,,,
1465847,2024/25,2025-02-07,Colombo Cricket Club Ground,2,15.3,15.3,Kurunegala Youth Cricket Club,Colombo Cricket Club,WWAG Maneeshan,G Weerasinghe,PWH de Silva,0,0,,,,,,,,,,,,,
1465847,2024/25,2025-02-07,Colombo Cricket Club Ground,2,15.4,15.4,Kurunegala Youth Cricket Club,Colombo Cricket Club,WWAG Maneeshan,G Weerasinghe,PWH de Silva,1,0,,,,,,,,,,,,,
1465847,2024/25,2025-02-07,Colombo Cricket Club Ground,2,15.5,15.5,Kurunegala Youth Cricket Club,Colombo Cricket Club,G Weerasinghe,WWAG Maneeshan,PWH de Silva,3,0,,,,,,,,,,,,,
1465847,2024/25,2025-02-07,Colombo Cricket Club Ground,2,15.6,15.6,Kurunegala Youth Cricket Club,Colombo Cricket Club,WWAG Maneeshan,G Weerasinghe,PWH de Silva,1,0,,,,,,,,,,,,,
1465847,2024/25,2025-02-07,Colombo Cricket Club Ground,2,16.1,16.1,Kurunegala Youth Cricket Club,Colombo Cricket Club,WWAG Maneeshan,G Weerasinghe,I Karannagoda,0,0,,,,,,,,,,,,,
1465847,2024/25,2025-02-07,Colombo Cricket Club Ground,2,16.2,16.2,Kurunegala Youth Cricket Club,Colombo Cricket Club,WWAG Maneeshan,G Weerasinghe,I Karannagoda,1,0,,,,,,,,,,,,,
1465847,2024/25,2025-02-07,Colombo Cricket Club Ground,2,16.3,16.3,Kurunegala Youth Cricket Club,Colombo Cricket Club,G Weerasinghe,WWAG Maneeshan,I Karannagoda,0,0,,,,,,,,,,,,,
1465847,2024/25,2025-02-07,Colombo Cricket Club Ground,2,16.4,16.4,Kurunegala Youth Cricket Club,Colombo Cricket Club,G Weerasinghe,WWAG Maneeshan,I Karannagoda,0,0,,,,,,,,,,,,,
1465847,2024/25,2025-02-07,Colombo Cricket Club Ground,2,16.5,16.5,Kurunegala Youth Cricket Club,Colombo Cricket Club,G Weerasinghe,WWAG Maneeshan,I Karannagoda,0,0,,,,,,,,,,,,,
1465847,2024/25,2025-02-07,Colombo Cricket Club Ground,2,16.6,16.6,Kurunegala Youth Cricket Club,Colombo Cricket Club,G Weerasinghe,WWAG Maneeshan,I Karannagoda,0,0,,,,,,,,,,,,,
1465847,2024/25,2025-02-07,Colombo Cricket Club Ground,2,17.1,17.1,Kurunegala Youth Cricket Club,Colombo Cricket Club,WWAG Maneeshan,G Weerasinghe,PWH de Silva,1,0,,,,,,,,,,,,,
1465847,2024/25,2025-02-07,Colombo Cricket Club Ground,2,17.2,17.2,Kurunegala Youth Cricket Club,Colombo Cricket Club,G Weerasinghe,WWAG Maneeshan,PWH de Silva,0,0,,,,,,,,,,,,,
1465847,2024/25,2025-02-07,Colombo Cricket Club Ground,2,17.3,17.3,Kurunegala Youth Cricket Club,Colombo Cricket Club,G Weerasinghe,WWAG Maneeshan,PWH de Silva,4,0,,,,,,,,,,,,,
1465847,2024/25,2025-02-07,Colombo Cricket Club Ground,2,17.4,17.4,Kurunegala Youth Cricket Club,Colombo Cricket Club,G Weerasinghe,WWAG Maneeshan,PWH de Silva,0,0,,,,,,,,,,,,,
1465847,2024/25,2025-02-07,Colombo Cricket Club Ground,2,17.5,17.5,Kurunegala Youth Cricket Club,Colombo Cricket Club,G Weerasinghe,WWAG Maneeshan,PWH de Silva,1,0,,,,,,,,,,,,,
1465847,2024/25,2025-02-07,Colombo Cricket Club Ground,2,17.6,17.6,Kurunegala Youth Cricket Club,Colombo Cricket Club,WWAG Maneeshan,G Weerasinghe,PWH de Silva,1,0,,,,,,,,,,,,,
1465847,2024/25,2025-02-07,Colombo Cricket Club Ground,2,18.1,18.1,Kurunegala Youth Cricket Club,Colombo Cricket Club,WWAG Maneeshan,G Weerasinghe,I Karannagoda,1,0,,,,,,,,,,,,,
1465847,2024/25,2025-02-07,Colombo Cricket Club Ground,2,18.2,18.2,Kurunegala Youth Cricket Club,Colombo Cricket Club,G Weerasinghe,WWAG Maneeshan,I Karannagoda,0,0,,,,,,,,,,,,,
1465847,2024/25,2025-02-07,Colombo Cricket Club Ground,2,18.3,18.3,Kurunegala Youth Cricket Club,Colombo Cricket Club,G Weerasinghe,WWAG Maneeshan,I Karannagoda,0,0,,,,,,,,,,,,,
1465847,2024/25,2025-02-07,Colombo Cricket Club Ground,2,18.4,18.4,Kurunegala Youth Cricket Club,Colombo Cricket Club,G Weerasinghe,WWAG Maneeshan,I Karannagoda,4,0,,,,,,,,,,,,,
1465847,2024/25,2025-02-07,Colombo Cricket Club Ground,2,18.5,18.5,Kurunegala Youth Cricket Club,Colombo Cricket Club,G Weerasinghe,WWAG Maneeshan,I Karannagoda,1,0,,,,,,,,,,,,,
1465847,2024/25,2025-02-07,Colombo Cricket Club Ground,2,18.6,18.6,Kurunegala Youth Cricket Club,Colombo Cricket Club,WWAG Maneeshan,G Weerasinghe,I Karannagoda,1,0,,,,,,,,,,,,,
1465847,2024/25,2025-02-07,Colombo Cricket Club Ground,2,19.1,19.1,Kurunegala Youth Cricket Club,Colombo Cricket Club,WWAG Maneeshan,G Weerasinghe,PADLR Sandakan,0,0,,,,,,,,,,,,,
1465847,2024/25,2025-02-07,Colombo Cricket Club Ground,2,19.2,19.2,Kurunegala Youth Cricket Club,Colombo Cricket Club,WWAG Maneeshan,G Weerasinghe,PADLR Sandakan,0,4,,,4,,,,,,,,,,
1465847,2024/25,2025-02-07,Colombo Cricket Club Ground,2,19.3,19.3,Kurunegala Youth Cricket Club,Colombo Cricket Club,WWAG Maneeshan,G Weerasinghe,PADLR Sandakan,0,0,,,,,,,,,,,,,
1465847,2024/25,2025-02-07,Colombo Cricket Club Ground,2,19.4,19.4,Kurunegala Youth Cricket Club,Colombo Cricket Club,WWAG Maneeshan,G Weerasinghe,PADLR Sandakan,1,0,,,,,,,,,,,,,
1465847,2024/25,2025-02-07,Colombo Cricket Club Ground,2,19.5,19.5,Kurunegala Youth Cricket Club,Colombo Cricket Club,G Weerasinghe,WWAG Maneeshan,PADLR Sandakan,0,0,,,,,,,,,,,,,
1465847,2024/25,2025-02-07,Colombo Cricket Club Ground,2,19.6,19.6,Kurunegala Youth Cricket Club,Colombo Cricket Club,G Weerasinghe,WWAG Maneeshan,PADLR Sandakan,0,0,,,,,,,,,,,,,
1465847,2024/25,2025-02-07,Colombo Cricket Club Ground,2,20.1,20.1,Kurunegala Youth Cricket Club,Colombo Cricket Club,WWAG Maneeshan,G Weerasinghe,I Karannagoda,6,0,,,,,,,,,,,,,
1465847,2024/25,2025-02-07,Colombo Cricket Club Ground,2,20.2,20.2,Kurunegala Youth Cricket Club,Colombo Cricket Club,WWAG Maneeshan,G Weerasinghe,I Karannagoda,0,0,,,,,,,,,,,,,
1465847,2024/25,2025-02-07,Colombo Cricket Club Ground,2,20.3,20.3,Kurunegala Youth Cricket Club,Colombo Cricket Club,WWAG Maneeshan,G Weerasinghe,I Karannagoda,0,0,,,,,,,,,,,,,
1465847,2024/25,2025-02-07,Colombo Cricket Club Ground,2,20.4,20.4,Kurunegala Youth Cricket Club,Colombo Cricket Club,WWAG Maneeshan,G Weerasinghe,I Karannagoda,0,1,,,,1,,,,,,,,,
1465847,2024/25,2025-02-07,Colombo Cricket Club Ground,2,20.5,20.5,Kurunegala Youth Cricket Club,Colombo Cricket Club,G Weerasinghe,WWAG Maneeshan,I Karannagoda,0,0,,,,,,,,,,,,,
1465847,2024/25,2025-02-07,Colombo Cricket Club Ground,2,20.6,20.6,Kurunegala Youth Cricket Club,Colombo Cricket Club,G Weerasinghe,WWAG Maneeshan,I Karannagoda,0,0,,,,,,,,,,,,,
1465847,2024/25,2025-02-07,Colombo Cricket Club Ground,2,21.1,21.1,Kurunegala Youth Cricket Club,Colombo Cricket Club,WWAG Maneeshan,G Weerasinghe,PADLR Sandakan,0,0,,,,,,,,,,,,,
1465847,2024/25,2025-02-07,Colombo Cricket Club Ground,2,21.2,21.2,Kurunegala Youth Cricket Club,Colombo Cricket Club,WWAG Maneeshan,G Weerasinghe,PADLR Sandakan,0,0,,,,,,,,,,,,,
1465847,2024/25,2025-02-07,Colombo Cricket Club Ground,2,21.3,21.3,Kurunegala Youth Cricket Club,Colombo Cricket Club,WWAG Maneeshan,G Weerasinghe,PADLR Sandakan,0,0,,,,,,,,,,,,,
1465847,2024/25,2025-02-07,Colombo Cricket Club Ground,2,21.4,21.4,Kurunegala Youth Cricket Club,Colombo Cricket Club,WWAG Maneeshan,G Weerasinghe,PADLR Sandakan,0,0,,,,,,,,,,,,,
1465847,2024/25,2025-02-07,Colombo Cricket Club Ground,2,21.5,21.5,Kurunegala Youth Cricket Club,Colombo Cricket Club,WWAG Maneeshan,G Weerasinghe,PADLR Sandakan,1,0,,,,,,,,,,,,,
1465847,2024/25,2025-02-07,Colombo Cricket Club Ground,2,21.6,21.6,Kurunegala Youth Cricket Club,Colombo Cricket Club,G Weerasinghe,WWAG Maneeshan,PADLR Sandakan,0,0,,,,,,,,,,,,,
1465847,2024/25,2025-02-07,Colombo Cricket Club Ground,2,22.1,22.1,Kurunegala Youth Cricket Club,Colombo Cricket Club,WWAG Maneeshan,G Weerasinghe,C Wijesinghe,0,0,,,,,,,,,,,,,
1465847,2024/25,2025-02-07,Colombo Cricket Club Ground,2,22.2,22.2,Kurunegala Youth Cricket Club,Colombo Cricket Club,WWAG Maneeshan,G Weerasinghe,C Wijesinghe,1,0,,,,,,,,,,,,,
1465847,2024/25,2025-02-07,Colombo Cricket Club Ground,2,22.3,22.3,Kurunegala Youth Cricket Club,Colombo Cricket Club,G Weerasinghe,WWAG Maneeshan,C Wijesinghe,0,0,,,,,,,,,,,,,
1465847,2024/25,2025-02-07,Colombo Cricket Club Ground,2,22.4,22.4,Kurunegala Youth Cricket Club,Colombo Cricket Club,G Weerasinghe,WWAG Maneeshan,C Wijesinghe,0,0,,,,,,,,,,,,,
1465847,2024/25,2025-02-07,Colombo Cricket Club Ground,2,22.5,22.5,Kurunegala Youth Cricket Club,Colombo Cricket Club,G Weerasinghe,WWAG Maneeshan,C Wijesinghe,5,0,,,,,,,,,,,,,
1465847,2024/25,2025-02-07,Colombo Cricket Club Ground,2,22.6,22.6,Kurunegala Youth Cricket Club,Colombo Cricket Club,WWAG Maneeshan,G Weerasinghe,C Wijesinghe,0,0,,,,,,,,,,,,,
1465847,2024/25,2025-02-07,Colombo Cricket Club Ground,2,23.1,23.1,Kurunegala Youth Cricket Club,Colombo Cricket Club,G Weerasinghe,WWAG Maneeshan,I Karannagoda,2,0,,,,,,,,,,,,,
1465847,2024/25,2025-02-07,Colombo Cricket Club Ground,2,23.2,23.2,Kurunegala Youth Cricket Club,Colombo Cricket Club,G Weerasinghe,WWAG Maneeshan,I Karannagoda,4,0,,,,,,,,,,,,,
1465847,2024/25,2025-02-07,Colombo Cricket Club Ground,2,23.3,23.3,Kurunegala Youth Cricket Club,Colombo Cricket Club,G Weerasinghe,WWAG Maneeshan,I Karannagoda,0,0,,,,,,,,,,,,,
1465847,2024/25,2025-02-07,Colombo Cricket Club Ground,2,23.4,23.4,Kurunegala Youth Cricket Club,Colombo Cricket Club,G Weerasinghe,WWAG Maneeshan,I Karannagoda,0,0,,,,,,,,,,,,,
1465847,2024/25,2025-02-07,Colombo Cricket Club Ground,2,23.5,23.5,Kurunegala Youth Cricket Club,Colombo Cricket Club,G Weerasinghe,WWAG Maneeshan,I Karannagoda,0,0,,,,,,,,,,,,,
1465847,2024/25,2025-02-07,Colombo Cricket Club Ground,2,23.6,23.6,Kurunegala Youth Cricket Club,Colombo Cricket Club,G Weerasinghe,WWAG Maneeshan,I Karannagoda,0,0,,,,,,,,,,,,,
1465847,2024/25,2025-02-07,Colombo Cricket Club Ground,2,24.1,24.1,Kurunegala Youth Cricket Club,Colombo Cricket Club,WWAG Maneeshan,G Weerasinghe,C Wijesinghe,0,0,,,,,,,,,,,,,
1465847,2024/25,2025-02-07,Colombo Cricket Club Ground,2,24.2,24.2,Kurunegala Youth Cricket Club,Colombo Cricket Club,WWAG Maneeshan,G Weerasinghe,C Wijesinghe,1,0,,,,,,,,,,,,,
1465847,2024/25,2025-02-07,Colombo Cricket Club Ground,2,24.3,24.3,Kurunegala Youth Cricket Club,Colombo Cricket Club,G Weerasinghe,WWAG Maneeshan,C Wijesinghe,0,0,,,,,,,,,,,,,
1465847,2024/25,2025-02-07,Colombo Cricket Club Ground,2,24.4,24.4,Kurunegala Youth Cricket Club,Colombo Cricket Club,G Weerasinghe,WWAG Maneeshan,C Wijesinghe,0,0,,,,,,,,,,,,,
1465847,2024/25,2025-02-07,Colombo Cricket Club Ground,2,24.5,24.5,Kurunegala Youth Cricket Club,Colombo Cricket Club,G Weerasinghe,WWAG Maneeshan,C Wijesinghe,0,1,1,,,,,,,,,,,,
1465847,2024/25,2025-02-07,Colombo Cricket Club Ground,2,24.6,24.5,Kurunegala Youth Cricket Club,Colombo Cricket Club,G Weerasinghe,WWAG Maneeshan,C Wijesinghe,0,0,,,,,,,,,,,,,
1465847,2024/25,2025-02-07,Colombo Cricket Club Ground,2,24.7,24.6,Kurunegala Youth Cricket Club,Colombo Cricket Club,G Weerasinghe,WWAG Maneeshan,C Wijesinghe,0,0,,,,,,,,,,,,,
1465847,2024/25,2025-02-07,Colombo Cricket Club Ground,2,25.1,25.1,Kurunegala Youth Cricket Club,Colombo Cricket Club,WWAG Maneeshan,G Weerasinghe,I Karannagoda,1,0,,,,,,,,,,,,,
1465847,2024/25,2025-02-07,Colombo Cricket Club Ground,2,25.2,25.2,Kurunegala Youth Cricket Club,Colombo Cricket Club,G Weerasinghe,WWAG Maneeshan,I Karannagoda,0,0,,,,,,,,,,,,,
1465847,2024/25,2025-02-07,Colombo Cricket Club Ground,2,25.3,25.3,Kurunegala Youth Cricket Club,Colombo Cricket Club,G Weerasinghe,WWAG Maneeshan,I Karannagoda,0,0,,,,,,,,,,,,,
1465847,2024/25,2025-02-07,Colombo Cricket Club Ground,2,25.4,25.4,Kurunegala Youth Cricket Club,Colombo Cricket Club,G Weerasinghe,WWAG Maneeshan,I Karannagoda,1,0,,,,,,,,,,,,,
1465847,2024/25,2025-02-07,Colombo Cricket Club Ground,2,25.5,25.5,Kurunegala Youth Cricket Club,Colombo Cricket Club,WWAG Maneeshan,G Weerasinghe,I Karannagoda,1,0,,,,,,,,,,,,,
1465847,2024/25,2025-02-07,Colombo Cricket Club Ground,2,25.6,25.6,Kurunegala Youth Cricket Club,Colombo Cricket Club,G Weerasinghe,WWAG Maneeshan,I Karannagoda,1,0,,,,,,,,,,,,,
1465847,2024/25,2025-02-07,Colombo Cricket Club Ground,2,26.1,26.1,Kurunegala Youth Cricket Club,Colombo Cricket Club,G Weerasinghe,WWAG Maneeshan,C Wijesinghe,0,0,,,,,,,,,,,,,
1465847,2024/25,2025-02-07,Colombo Cricket Club Ground,2,26.2,26.2,Kurunegala Youth Cricket Club,Colombo Cricket Club,G Weerasinghe,WWAG Maneeshan,C Wijesinghe,0,0,,,,,,,,,,,,,
1465847,2024/25,2025-02-07,Colombo Cricket Club Ground,2,26.3,26.3,Kurunegala Youth Cricket Club,Colombo Cricket Club,G Weerasinghe,WWAG Maneeshan,C Wijesinghe,0,0,,,,,,,,,,,,,
1465847,2024/25,2025-02-07,Colombo Cricket Club Ground,2,26.4,26.4,Kurunegala Youth Cricket Club,Colombo Cricket Club,G Weerasinghe,WWAG Maneeshan,C Wijesinghe,0,0,,,,,,,,,,,,,
1465847,2024/25,2025-02-07,Colombo Cricket Club Ground,2,26.5,26.5,Kurunegala Youth Cricket Club,Colombo Cricket Club,G Weerasinghe,WWAG Maneeshan,C Wijesinghe,0,0,,,,,,,,,,,,,
1465847,2024/25,2025-02-07,Colombo Cricket Club Ground,2,26.6,26.6,Kurunegala Youth Cricket Club,Colombo Cricket Club,G Weerasinghe,WWAG Maneeshan,C Wijesinghe,1,0,,,,,,,,,,,,,
1465847,2024/25,2025-02-07,Colombo Cricket Club Ground,2,27.1,27.1,Kurunegala Youth Cricket Club,Colombo Cricket Club,G Weerasinghe,WWAG Maneeshan,I Karannagoda,0,0,,,,,,,,,,,,,
1465847,2024/25,2025-02-07,Colombo Cricket Club Ground,2,27.2,27.2,Kurunegala Youth Cricket Club,Colombo Cricket Club,G Weerasinghe,WWAG Maneeshan,I Karannagoda,0,0,,,,,,,,,,,,,
1465847,2024/25,2025-02-07,Colombo Cricket Club Ground,2,27.3,27.3,Kurunegala Youth Cricket Club,Colombo Cricket Club,G Weerasinghe,WWAG Maneeshan,I Karannagoda,0,0,,,,,,,,,,,,,
1465847,2024/25,2025-02-07,Colombo Cricket Club Ground,2,27.4,27.4,Kurunegala Youth Cricket Club,Colombo Cricket Club,G Weerasinghe,WWAG Maneeshan,I Karannagoda,0,0,,,,,,,,,,,,,
1465847,2024/25,2025-02-07,Colombo Cricket Club Ground,2,27.5,27.5,Kurunegala Youth Cricket Club,Colombo Cricket Club,G Weerasinghe,WWAG Maneeshan,I Karannagoda,0,0,,,,,,,,,,,,,
1465847,2024/25,2025-02-07,Colombo Cricket Club Ground,2,27.6,27.6,Kurunegala Youth Cricket Club,Colombo Cricket Club,G Weerasinghe,WWAG Maneeshan,I Karannagoda,0,0,,,,,,,,,,,,,
1465847,2024/25,2025-02-07,Colombo Cricket Club Ground,2,28.1,28.1,Kurunegala Youth Cricket Club,Colombo Cricket Club,WWAG Maneeshan,G Weerasinghe,C Wijesinghe,1,0,,,,,,,,,,,,,
1465847,2024/25,2025-02-07,Colombo Cricket Club Ground,2,28.2,28.2,Kurunegala Youth Cricket Club,Colombo Cricket Club,G Weerasinghe,WWAG Maneeshan,C Wijesinghe,1,0,,,,,,,,,,,,,
1465847,2024/25,2025-02-07,Colombo Cricket Club Ground,2,28.3,28.3,Kurunegala Youth Cricket Club,Colombo Cricket Club,WWAG Maneeshan,G Weerasinghe,C Wijesinghe,0,0,,,,,,,,,,,,,
1465847,2024/25,2025-02-07,Colombo Cricket Club Ground,2,28.4,28.4,Kurunegala Youth Cricket Club,Colombo Cricket Club,WWAG Maneeshan,G Weerasinghe,C Wijesinghe,0,0,,,,,,,,,,,,,
1465847,2024/25,2025-02-07,Colombo Cricket Club Ground,2,28.5,28.5,Kurunegala Youth Cricket Club,Colombo Cricket Club,WWAG Maneeshan,G Weerasinghe,C Wijesinghe,0,0,,,,,,,,,,,,,
1465847,2024/25,2025-02-07,Colombo Cricket Club Ground,2,28.6,28.6,Kurunegala Youth Cricket Club,Colombo Cricket Club,WWAG Maneeshan,G Weerasinghe,C Wijesinghe,1,0,,,,,,,,,,,,,
1465847,2024/25,2025-02-07,Colombo Cricket Club Ground,2,29.1,29.1,Kurunegala Youth Cricket Club,Colombo Cricket Club,WWAG Maneeshan,G Weerasinghe,I Karannagoda,0,0,,,,,,,,,,,,,
1465847,2024/25,2025-02-07,Colombo Cricket Club Ground,2,29.2,29.2,Kurunegala Youth Cricket Club,Colombo Cricket Club,WWAG Maneeshan,G Weerasinghe,I Karannagoda,1,0,,,,,,,,,,,,,
1465847,2024/25,2025-02-07,Colombo Cricket Club Ground,2,29.3,29.3,Kurunegala Youth Cricket Club,Colombo Cricket Club,G Weerasinghe,WWAG Maneeshan,I Karannagoda,0,0,,,,,,,,,,,,,
1465847,2024/25,2025-02-07,Colombo Cricket Club Ground,2,29.4,29.4,Kurunegala Youth Cricket Club,Colombo Cricket Club,G Weerasinghe,WWAG Maneeshan,I Karannagoda,2,0,,,,,,,,,,,,,
1465847,2024/25,2025-02-07,Colombo Cricket Club Ground,2,29.5,29.5,Kurunegala Youth Cricket Club,Colombo Cricket Club,G Weerasinghe,WWAG Maneeshan,I Karannagoda,0,0,,,,,,,,,,,,,
1465847,2024/25,2025-02-07,Colombo Cricket Club Ground,2,29.6,29.6,Kurunegala Youth Cricket Club,Colombo Cricket Club,G Weerasinghe,WWAG Maneeshan,I Karannagoda,0,0,,,,,,,caught,G Weerasinghe,,,M Bhanuka,,
1465847,2024/25,2025-02-07,Colombo Cricket Club Ground,2,30.1,30.1,Kurunegala Youth Cricket Club,Colombo Cricket Club,WWAG Maneeshan,LEK Edirisinghe,C Wijesinghe,0,0,,,,,,,,,,,,,
1465847,2024/25,2025-02-07,Colombo Cricket Club Ground,2,30.2,30.2,Kurunegala Youth Cricket Club,Colombo Cricket Club,WWAG Maneeshan,LEK Edirisinghe,C Wijesinghe,1,0,,,,,,,,,,,,,
1465847,2024/25,2025-02-07,Colombo Cricket Club Ground,2,30.3,30.3,Kurunegala Youth Cricket Club,Colombo Cricket Club,LEK Edirisinghe,WWAG Maneeshan,C Wijesinghe,1,0,,,,,,,,,,,,,
1465847,2024/25,2025-02-07,Colombo Cricket Club Ground,2,30.4,30.4,Kurunegala Youth Cricket Club,Colombo Cricket Club,WWAG Maneeshan,LEK Edirisinghe,C Wijesinghe,0,0,,,,,,,,,,,,,
1465847,2024/25,2025-02-07,Colombo Cricket Club Ground,2,30.5,30.5,Kurunegala Youth Cricket Club,Colombo Cricket Club,WWAG Maneeshan,LEK Edirisinghe,C Wijesinghe,0,0,,,,,,,,,,,,,
1465847,2024/25,2025-02-07,Colombo Cricket Club Ground,2,30.6,30.6,Kurunegala Youth Cricket Club,Colombo Cricket Club,WWAG Maneeshan,LEK Edirisinghe,C Wijesinghe,0,0,,,,,,,,,,,,,
1465847,2024/25,2025-02-07,Colombo Cricket Club Ground,2,31.1,31.1,Kurunegala Youth Cricket Club,Colombo Cricket Club,LEK Edirisinghe,WWAG Maneeshan,I Karannagoda,0,0,,,,,,,,,,,,,
1465847,2024/25,2025-02-07,Colombo Cricket Club Ground,2,31.2,31.2,Kurunegala Youth Cricket Club,Colombo Cricket Club,LEK Edirisinghe,WWAG Maneeshan,I Karannagoda,0,0,,,,,,,,,,,,,
1465847,2024/25,2025-02-07,Colombo Cricket Club Ground,2,31.3,31.3,Kurunegala Youth Cricket Club,Colombo Cricket Club,LEK Edirisinghe,WWAG Maneeshan,I Karannagoda,1,0,,,,,,,,,,,,,
1465847,2024/25,2025-02-07,Colombo Cricket Club Ground,2,31.4,31.4,Kurunegala Youth Cricket Club,Colombo Cricket Club,WWAG Maneeshan,LEK Edirisinghe,I Karannagoda,0,0,,,,,,,,,,,,,
1465847,2024/25,2025-02-07,Colombo Cricket Club Ground,2,31.5,31.5,Kurunegala Youth Cricket Club,Colombo Cricket Club,WWAG Maneeshan,LEK Edirisinghe,I Karannagoda,0,0,,,,,,,,,,,,,
1465847,2024/25,2025-02-07,Colombo Cricket Club Ground,2,31.6,31.6,Kurunegala Youth Cricket Club,Colombo Cricket Club,WWAG Maneeshan,LEK Edirisinghe,I Karannagoda,0,0,,,,,,,stumped,WWAG Maneeshan,,,M Bhanuka,,
1465847,2024/25,2025-02-07,Colombo Cricket Club Ground,2,32.1,32.1,Kurunegala Youth Cricket Club,Colombo Cricket Club,LEK Edirisinghe,R Madushanka,C Wijesinghe,0,0,,,,,,,,,,,,,
1465847,2024/25,2025-02-07,Colombo Cricket Club Ground,2,32.2,32.2,Kurunegala Youth Cricket Club,Colombo Cricket Club,LEK Edirisinghe,R Madushanka,C Wijesinghe,0,0,,,,,,,bowled,LEK Edirisinghe,,,,,
1465847,2024/25,2025-02-07,Colombo Cricket Club Ground,2,32.3,32.3,Kurunegala Youth Cricket Club,Colombo Cricket Club,S Sadamal,R Madushanka,C Wijesinghe,1,0,,,,,,,,,,,,,
1465847,2024/25,2025-02-07,Colombo Cricket Club Ground,2,32.4,32.4,Kurunegala Youth Cricket Club,Colombo Cricket Club,R Madushanka,S Sadamal,C Wijesinghe,0,0,,,,,,,,,,,,,
1465847,2024/25,2025-02-07,Colombo Cricket Club Ground,2,32.5,32.5,Kurunegala Youth Cricket Club,Colombo Cricket Club,R Madushanka,S Sadamal,C Wijesinghe,0,0,,,,,,,,,,,,,
1465847,2024/25,2025-02-07,Colombo Cricket Club Ground,2,32.6,32.6,Kurunegala Youth Cricket Club,Colombo Cricket Club,R Madushanka,S Sadamal,C Wijesinghe,1,0,,,,,,,,,,,,,
1465847,2024/25,2025-02-07,Colombo Cricket Club Ground,2,33.1,33.1,Kurunegala Youth Cricket Club,Colombo Cricket Club,R Madushanka,S Sadamal,I Karannagoda,0,0,,,,,,,,,,,,,
1465847,2024/25,2025-02-07,Colombo Cricket Club Ground,2,33.2,33.2,Kurunegala Youth Cricket Club,Colombo Cricket Club,R Madushanka,S Sadamal,I Karannagoda,0,0,,,,,,,,,,,,,
1465847,2024/25,2025-02-07,Colombo Cricket Club Ground,2,33.3,33.3,Kurunegala Youth Cricket Club,Colombo Cricket Club,R Madushanka,S Sadamal,I Karannagoda,0,0,,,,,,,,,,,,,
1465847,2024/25,2025-02-07,Colombo Cricket Club Ground,2,33.4,33.4,Kurunegala Youth Cricket Club,Colombo Cricket Club,R Madushanka,S Sadamal,I Karannagoda,0,0,,,,,,,,,,,,,
1465847,2024/25,2025-02-07,Colombo Cricket Club Ground,2,33.5,33.5,Kurunegala Youth Cricket Club,Colombo Cricket Club,R Madushanka,S Sadamal,I Karannagoda,0,0,,,,,,,,,,,,,
1465847,2024/25,2025-02-07,Colombo Cricket Club Ground,2,33.6,33.6,Kurunegala Youth Cricket Club,Colombo Cricket Club,R Madushanka,S Sadamal,I Karannagoda,1,0,,,,,,,,,,,,,
1465847,2024/25,2025-02-07,Colombo Cricket Club Ground,2,34.1,34.1,Kurunegala Youth Cricket Club,Colombo Cricket Club,R Madushanka,S Sadamal,C Wijesinghe,1,0,,,,,,,,,,,,,
1465847,2024/25,2025-02-07,Colombo Cricket Club Ground,2,34.2,34.2,Kurunegala Youth Cricket Club,Colombo Cricket Club,S Sadamal,R Madushanka,C Wijesinghe,0,0,,,,,,,,,,,,,
1465847,2024/25,2025-02-07,Colombo Cricket Club Ground,2,34.3,34.3,Kurunegala Youth Cricket Club,Colombo Cricket Club,S Sadamal,R Madushanka,C Wijesinghe,1,0,,,,,,,,,,,,,
1465847,2024/25,2025-02-07,Colombo Cricket Club Ground,2,34.4,34.4,Kurunegala Youth Cricket Club,Colombo Cricket Club,R Madushanka,S Sadamal,C Wijesinghe,0,0,,,,,,,,,,,,,
1465847,2024/25,2025-02-07,Colombo Cricket Club Ground,2,34.5,34.5,Kurunegala Youth Cricket Club,Colombo Cricket Club,R Madushanka,S Sadamal,C Wijesinghe,0,0,,,,,,,,,,,,,
1465847,2024/25,2025-02-07,Colombo Cricket Club Ground,2,34.6,34.6,Kurunegala Youth Cricket Club,Colombo Cricket Club,R Madushanka,S Sadamal,C Wijesinghe,0,0,,,,,,,,,,,,,
1465847,2024/25,2025-02-07,Colombo Cricket Club Ground,2,35.1,35.1,Kurunegala Youth Cricket Club,Colombo Cricket Club,S Sadamal,R Madushanka,I Karannagoda,1,0,,,,,,,,,,,,,
1465847,2024/25,2025-02-07,Colombo Cricket Club Ground,2,35.2,35.2,Kurunegala Youth Cricket Club,Colombo Cricket Club,R Madushanka,S Sadamal,I Karannagoda,1,0,,,,,,,,,,,,,
1465847,2024/25,2025-02-07,Colombo Cricket Club Ground,2,35.3,35.3,Kurunegala Youth Cricket Club,Colombo Cricket Club,S Sadamal,R Madushanka,I Karannagoda,0,0,,,,,,,,,,,,,
1465847,2024/25,2025-02-07,Colombo Cricket Club Ground,2,35.4,35.4,Kurunegala Youth Cricket Club,Colombo Cricket Club,S Sadamal,R Madushanka,I Karannagoda,0,0,,,,,,,,,,,,,
1465847,2024/25,2025-02-07,Colombo Cricket Club Ground,2,35.5,35.5,Kurunegala Youth Cricket Club,Colombo Cricket Club,S Sadamal,R Madushanka,I Karannagoda,1,0,,,,,,,,,,,,,
1465847,2024/25,2025-02-07,Colombo Cricket Club Ground,2,35.6,35.6,Kurunegala Youth Cricket Club,Colombo Cricket Club,R Madushanka,S Sadamal,I Karannagoda,1,0,,,,,,,,,,,,,
1465847,2024/25,2025-02-07,Colombo Cricket Club Ground,2,36.1,36.1,Kurunegala Youth Cricket Club,Colombo Cricket Club,R Madushanka,S Sadamal,MVT Fernando,0,0,,,,,,,,,,,,,
1465847,2024/25,2025-02-07,Colombo Cricket Club Ground,2,36.2,36.2,Kurunegala Youth Cricket Club,Colombo Cricket Club,R Madushanka,S Sadamal,MVT Fernando,0,0,,,,,,,,,,,,,
1465847,2024/25,2025-02-07,Colombo Cricket Club Ground,2,36.3,36.3,Kurunegala Youth Cricket Club,Colombo Cricket Club,R Madushanka,S Sadamal,MVT Fernando,1,0,,,,,,,,,,,,,
1465847,2024/25,2025-02-07,Colombo Cricket Club Ground,2,36.4,36.4,Kurunegala Youth Cricket Club,Colombo Cricket Club,S Sadamal,R Madushanka,MVT Fernando,0,0,,,,,,,,,,,,,
1465847,2024/25,2025-02-07,Colombo Cricket Club Ground,2,36.5,36.5,Kurunegala Youth Cricket Club,Colombo Cricket Club,S Sadamal,R Madushanka,MVT Fernando,0,0,,,,,,,,,,,,,
1465847,2024/25,2025-02-07,Colombo Cricket Club Ground,2,36.6,36.6,Kurunegala Youth Cricket Club,Colombo Cricket Club,S Sadamal,R Madushanka,MVT Fernando,0,0,,,,,,,,,,,,,
1465847,2024/25,2025-02-07,Colombo Cricket Club Ground,2,37.1,37.1,Kurunegala Youth Cricket Club,Colombo Cricket Club,R Madushanka,S Sadamal,I Karannagoda,1,0,,,,,,,,,,,,,
1465847,2024/25,2025-02-07,Colombo Cricket Club Ground,2,37.2,37.2,Kurunegala Youth Cricket Club,Colombo Cricket Club,S Sadamal,R Madushanka,I Karannagoda,1,0,,,,,,,,,,,,,
1465847,2024/25,2025-02-07,Colombo Cricket Club Ground,2,37.3,37.3,Kurunegala Youth Cricket Club,Colombo Cricket Club,R Madushanka,S Sadamal,I Karannagoda,1,0,,,,,,,,,,,,,
1465847,2024/25,2025-02-07,Colombo Cricket Club Ground,2,37.4,37.4,Kurunegala Youth Cricket Club,Colombo Cricket Club,S Sadamal,R Madushanka,I Karannagoda,0,0,,,,,,,caught,S Sadamal,,,M Bhanuka,,
1465847,2024/25,2025-02-07,Colombo Cricket Club Ground,2,37.5,37.5,Kurunegala Youth Cricket Club,Colombo Cricket Club,MLR Karunaratne,R Madushanka,I Karannagoda,0,0,,,,,,,,,,,,,
1465847,2024/25,2025-02-07,Colombo Cricket Club Ground,2,37.6,37.6,Kurunegala Youth Cricket Club,Colombo Cricket Club,MLR Karunaratne,R Madushanka,I Karannagoda,0,0,,,,,,,,,,,,,
1465847,2024/25,2025-02-07,Colombo Cricket Club Ground,2,38.1,38.1,Kurunegala Youth Cricket Club,Colombo Cricket Club,R Madushanka,MLR Karunaratne,MVT Fernando,1,0,,,,,,,,,,,,,
1465847,2024/25,2025-02-07,Colombo Cricket Club Ground,2,38.2,38.2,Kurunegala Youth Cricket Club,Colombo Cricket Club,MLR Karunaratne,R Madushanka,MVT Fernando,0,0,,,,,,,,,,,,,
1465847,2024/25,2025-02-07,Colombo Cricket Club Ground,2,38.3,38.3,Kurunegala Youth Cricket Club,Colombo Cricket Club,MLR Karunaratne,R Madushanka,MVT Fernando,0,0,,,,,,,,,,,,,
1465847,2024/25,2025-02-07,Colombo Cricket Club Ground,2,38.4,38.4,Kurunegala Youth Cricket Club,Colombo Cricket Club,MLR Karunaratne,R Madushanka,MVT Fernando,0,1,,,,1,,,,,,,,,
1465847,2024/25,2025-02-07,Colombo Cricket Club Ground,2,38.5,38.5,Kurunegala Youth Cricket Club,Colombo Cricket Club,R Madushanka,MLR Karunaratne,MVT Fernando,0,0,,,,,,,,,,,,,
1465847,2024/25,2025-02-07,Colombo Cricket Club Ground,2,38.6,38.6,Kurunegala Youth Cricket Club,Colombo Cricket Club,R Madushanka,MLR Karunaratne,MVT Fernando,0,0,,,,,,,,,,,,,
1465847,2024/25,2025-02-07,Colombo Cricket Club Ground,2,39.1,39.1,Kurunegala Youth Cricket Club,Colombo Cricket Club,MLR Karunaratne,R Madushanka,I Karannagoda,0,0,,,,,,,,,,,,,
1465847,2024/25,2025-02-07,Colombo Cricket Club Ground,2,39.2,39.2,Kurunegala Youth Cricket Club,Colombo Cricket Club,MLR Karunaratne,R Madushanka,I Karannagoda,0,0,,,,,,,,,,,,,
1465847,2024/25,2025-02-07,Colombo Cricket Club Ground,2,39.3,39.3,Kurunegala Youth Cricket Club,Colombo Cricket Club,MLR Karunaratne,R Madushanka,I Karannagoda,0,0,,,,,,,,,,,,,
1465847,2024/25,2025-02-07,Colombo Cricket Club Ground,2,39.4,39.4,Kurunegala Youth Cricket Club,Colombo Cricket Club,MLR Karunaratne,R Madushanka,I Karannagoda,0,0,,,,,,,,,,,,,
1465847,2024/25,2025-02-07,Colombo Cricket Club Ground,2,39.5,39.5,Kurunegala Youth Cricket Club,Colombo Cricket Club,MLR Karunaratne,R Madushanka,I Karannagoda,4,0,,,,,,,,,,,,,
1465847,2024/25,2025-02-07,Colombo Cricket Club Ground,2,39.6,39.6,Kurunegala Youth Cricket Club,Colombo Cricket Club,MLR Karunaratne,R Madushanka,I Karannagoda,0,0,,,,,,,,,,,,,
1465847,2024/25,2025-02-07,Colombo Cricket Club Ground,2,40.1,40.1,Kurunegala Youth Cricket Club,Colombo Cricket Club,R Madushanka,MLR Karunaratne,PWH de Silva,0,0,,,,,,,,,,,,,
1465847,2024/25,2025-02-07,Colombo Cricket Club Ground,2,40.2,40.2,Kurunegala Youth Cricket Club,Colombo Cricket Club,R Madushanka,MLR Karunaratne,PWH de Silva,0,0,,,,,,,,,,,,,
1465847,2024/25,2025-02-07,Colombo Cricket Club Ground,2,40.3,40.3,Kurunegala Youth Cricket Club,Colombo Cricket Club,R Madushanka,MLR Karunaratne,PWH de Silva,0,0,,,,,,,,,,,,,
1465847,2024/25,2025-02-07,Colombo Cricket Club Ground,2,40.4,40.4,Kurunegala Youth Cricket Club,Colombo Cricket Club,R Madushanka,MLR Karunaratne,PWH de Silva,1,0,,,,,,,,,,,,,
1465847,2024/25,2025-02-07,Colombo Cricket Club Ground,2,40.5,40.5,Kurunegala Youth Cricket Club,Colombo Cricket Club,MLR Karunaratne,R Madushanka,PWH de Silva,1,0,,,,,,,,,,,,,
1465847,2024/25,2025-02-07,Colombo Cricket Club Ground,2,40.6,40.6,Kurunegala Youth Cricket Club,Colombo Cricket Club,R Madushanka,MLR Karunaratne,PWH de Silva,0,0,,,,,,,,,,,,,
1465847,2024/25,2025-02-07,Colombo Cricket Club Ground,2,41.1,41.1,Kurunegala Youth Cricket Club,Colombo Cricket Club,MLR Karunaratne,R Madushanka,I Karannagoda,0,0,,,,,,,,,,,,,
1465847,2024/25,2025-02-07,Colombo Cricket Club Ground,2,41.2,41.2,Kurunegala Youth Cricket Club,Colombo Cricket Club,MLR Karunaratne,R Madushanka,I Karannagoda,0,0,,,,,,,bowled,MLR Karunaratne,,,,,
1465847,2024/25,2025-02-07,Colombo Cricket Club Ground,2,41.3,41.3,Kurunegala Youth Cricket Club,Colombo Cricket Club,D Malan,R Madushanka,I Karannagoda,2,0,,,,,,,,,,,,,
1465847,2024/25,2025-02-07,Colombo Cricket Club Ground,2,41.4,41.4,Kurunegala Youth Cricket Club,Colombo Cricket Club,D Malan,R Madushanka,I Karannagoda,4,0,,,,,,,,,,,,,
1465847,2024/25,2025-02-07,Colombo Cricket Club Ground,2,41.5,41.5,Kurunegala Youth Cricket Club,Colombo Cricket Club,D Malan,R Madushanka,I Karannagoda,0,0,,,,,,,caught,D Malan,,,P Rathnayake,,
1465847,2024/25,2025-02-07,Colombo Cricket Club Ground,2,41.6,41.6,Kurunegala Youth Cricket Club,Colombo Cricket Club,PLM Jayaratne,R Madushanka,I Karannagoda,0,0,,,,,,,caught,PLM Jayaratne,,,A Bandara,,
1465847,2024/25,2025-02-07,Colombo Cricket Club Ground,2,42.1,42.1,Kurunegala Youth Cricket Club,Colombo Cricket Club,R Madushanka,A Premaratne,PWH de Silva,0,0,,,,,,,,,,,,,
1465847,2024/25,2025-02-07,Colombo Cricket Club Ground,2,42.2,42.2,Kurunegala Youth Cricket Club,Colombo Cricket Club,R Madushanka,A Premaratne,PWH de Silva,0,0,,,,,,,,,,,,,
1465847,2024/25,2025-02-07,Colombo Cricket Club Ground,2,42.3,42.3,Kurunegala Youth Cricket Club,Colombo Cricket Club,R Madushanka,A Premaratne,PWH de Silva,0,0,,,,,,,,,,,,,
1465847,2024/25,2025-02-07,Colombo Cricket Club Ground,2,42.4,42.4,Kurunegala Youth Cricket Club,Colombo Cricket Club,R Madushanka,A Premaratne,PWH de Silva,0,0,,,,,,,,,,,,,
1465847,2024/25,2025-02-07,Colombo Cricket Club Ground,2,42.5,42.5,Kurunegala Youth Cricket Club,Colombo Cricket Club,R Madushanka,A Premaratne,PWH de Silva,0,0,,,,,,,,,,,,,
1465847,2024/25,2025-02-07,Colombo Cricket Club Ground,2,42.6,42.6,Kurunegala Youth Cricket Club,Colombo Cricket Club,R Madushanka,A Premaratne,PWH de Silva,1,0,,,,,,,,,,,,,
1465847,2024/25,2025-02-07,Colombo Cricket Club Ground,2,43.1,43.1,Kurunegala Youth Cricket Club,Colombo Cricket Club,R Madushanka,A Premaratne,I Karannagoda,0,0,,,,,,,,,,,,,
1465847,2024/25,2025-02-07,Colombo Cricket Club Ground,2,43.2,43.2,Kurunegala Youth Cricket Club,Colombo Cricket Club,R Madushanka,A Premaratne,I Karannagoda,0,0,,,,,,,,,,,,,
1465847,2024/25,2025-02-07,Colombo Cricket Club Ground,2,43.3,43.3,Kurunegala Youth Cricket Club,Colombo Cricket Club,R Madushanka,A Premaratne,I Karannagoda,0,0,,,,,,,,,,,,,
1465847,2024/25,2025-02-07,Colombo Cricket Club Ground,2,43.4,43.4,Kurunegala Youth Cricket Club,Colombo Cricket Club,R Madushanka,A Premaratne,I Karannagoda,0,0,,,,,,,,,,,,,
1465847,2024/25,2025-02-07,Colombo Cricket Club Ground,2,43.5,43.5,Kurunegala Youth Cricket Club,Colombo Cricket Club,R Madushanka,A Premaratne,I Karannagoda,0,0,,,,,,,,,,,,,
1465847,2024/25,2025-02-07,Colombo Cricket Club Ground,2,43.6,43.6,Kurunegala Youth Cricket Club,Colombo Cricket Club,R Madushanka,A Premaratne,I Karannagoda,0,0,,,,,,,,,,,,,
1465847,2024/25,2025-02-07,Colombo Cricket Club Ground,2,44.1,44.1,Kurunegala Youth Cricket Club,Colombo Cricket Club,A Premaratne,R Madushanka,PWH de Silva,0,0,,,,,,,,,,,,,
1465847,2024/25,2025-02-07,Colombo Cricket Club Ground,2,44.2,44.2,Kurunegala Youth Cricket Club,Colombo Cricket Club,A Premaratne,R Madushanka,PWH de Silva,0,0,,,,,,,,,,,,,
1465847,2024/25,2025-02-07,Colombo Cricket Club Ground,2,44.3,44.3,Kurunegala Youth Cricket Club,Colombo Cricket Club,A Premaratne,R Madushanka,PWH de Silva,0,0,,,,,,,,,,,,,
1465847,2024/25,2025-02-07,Colombo Cricket Club Ground,2,44.4,44.4,Kurunegala Youth Cricket Club,Colombo Cricket Club,A Premaratne,R Madushanka,PWH de Silva,0,0,,,,,,,lbw,A Premaratne,,,,,
1465847,2024/25,2025-02-07,Colombo Cricket Club Ground,2,44.5,44.5,Kurunegala Youth Cricket Club,Colombo Cricket Club,HGK Dilshan,R Madushanka,PWH de Silva,0,0,,,,,,,,,,,,,
1465847,2024/25,2025-02-07,Colombo Cricket Club Ground,2,44.6,44.6,Kurunegala Youth Cricket Club,Colombo Cricket Club,HGK Dilshan,R Madushanka,PWH de Silva,0,0,,,,,,,,,,,,,
1465847,2024/25,2025-02-07,Colombo Cricket Club Ground,2,45.1,45.1,Kurunegala Youth Cricket Club,Colombo Cricket Club,R Madushanka,HGK Dilshan,I Karannagoda,1,0,,,,,,,,,,,,,
1465847,2024/25,2025-02-07,Colombo Cricket Club Ground,2,45.2,45.2,Kurunegala Youth Cricket Club,Colombo Cricket Club,HGK Dilshan,R Madushanka,I Karannagoda,1,0,,,,,,,,,,,,,
1465847,2024/25,2025-02-07,Colombo Cricket Club Ground,2,45.3,45.3,Kurunegala Youth Cricket Club,Colombo Cricket Club,R Madushanka,HGK Dilshan,I Karannagoda,6,0,,,,,,,,,,,,,
1465847,2024/25,2025-02-07,Colombo Cricket Club Ground,2,45.4,45.4,Kurunegala Youth Cricket Club,Colombo Cricket Club,R Madushanka,HGK Dilshan,I Karannagoda,0,0,,,,,,,,,,,,,
1465847,2024/25,2025-02-07,Colombo Cricket Club Ground,2,45.5,45.5,Kurunegala Youth Cricket Club,Colombo Cricket Club,R Madushanka,HGK Dilshan,I Karannagoda,6,0,,,,,,,,,,,,,
1465847,2024/25,2025-02-07,Colombo Cricket Club Ground,2,45.6,45.6,Kurunegala Youth Cricket Club,Colombo Cricket Club,R Madushanka,HGK Dilshan,I Karannagoda,1,0,,,,,,,,,,,,,
1465847,2024/25,2025-02-07,Colombo Cricket Club Ground,2,46.1,46.1,Kurunegala Youth Cricket Club,Colombo Cricket Club,R Madushanka,HGK Dilshan,PWH de Silva,1,0,,,,,,,,,,,,,
1465847,2024/25,2025-02-07,Colombo Cricket Club Ground,2,46.2,46.2,Kurunegala Youth Cricket Club,Colombo Cricket Club,HGK Dilshan,R Madushanka,PWH de Silva,0,0,,,,,,,,,,,,,
1465847,2024/25,2025-02-07,Colombo Cricket Club Ground,2,46.3,46.3,Kurunegala Youth Cricket Club,Colombo Cricket Club,HGK Dilshan,R Madushanka,PWH de Silva,2,0,,,,,,,,,,,,,
1465847,2024/25,2025-02-07,Colombo Cricket Club Ground,2,46.4,46.4,Kurunegala Youth Cricket Club,Colombo Cricket Club,HGK Dilshan,R Madushanka,PWH de Silva,0,0,,,,,,,,,,,,,
1465847,2024/25,2025-02-07,Colombo Cricket Club Ground,2,46.5,46.5,Kurunegala Youth Cricket Club,Colombo Cricket Club,HGK Dilshan,R Madushanka,PWH de Silva,0,0,,,,,,,,,,,,,
1465847,2024/25,2025-02-07,Colombo Cricket Club Ground,2,46.6,46.6,Kurunegala Youth Cricket Club,Colombo Cricket Club,HGK Dilshan,R Madushanka,PWH de Silva,1,0,,,,,,,,,,,,,
1465847,2024/25,2025-02-07,Colombo Cricket Club Ground,2,47.1,47.1,Kurunegala Youth Cricket Club,Colombo Cricket Club,HGK Dilshan,R Madushanka,I Karannagoda,1,0,,,,,,,,,,,,,
1465847,2024/25,2025-02-07,Colombo Cricket Club Ground,2,47.2,47.2,Kurunegala Youth Cricket Club,Colombo Cricket Club,R Madushanka,HGK Dilshan,I Karannagoda,0,0,,,,,,,,,,,,,
1465847,2024/25,2025-02-07,Colombo Cricket Club Ground,2,47.3,47.3,Kurunegala Youth Cricket Club,Colombo Cricket Club,R Madushanka,HGK Dilshan,I Karannagoda,1,0,,,,,,,,,,,,,
1465847,2024/25,2025-02-07,Colombo Cricket Club Ground,2,47.4,47.4,Kurunegala Youth Cricket Club,Colombo Cricket Club,HGK Dilshan,R Madushanka,I Karannagoda,0,0,,,,,,,,,,,,,
1465847,2024/25,2025-02-07,Colombo Cricket Club Ground,2,47.5,47.5,Kurunegala Youth Cricket Club,Colombo Cricket Club,HGK Dilshan,R Madushanka,I Karannagoda,4,0,,,,,,,,,,,,,
1465847,2024/25,2025-02-07,Colombo Cricket Club Ground,2,47.6,47.6,Kurunegala Youth Cricket Club,Colombo Cricket Club,HGK Dilshan,R Madushanka,I Karannagoda,1,0,,,,,,,,,,,,,
1465847,2024/25,2025-02-07,Colombo Cricket Club Ground,2,48.1,48.1,Kurunegala Youth Cricket Club,Colombo Cricket Club,HGK Dilshan,R Madushanka,PWH de Silva,0,0,,,,,,,caught,HGK Dilshan,,,KNM Fernando,,
1465847,2024/25,2025-02-07,Colombo Cricket Club Ground,3,0.1,0.1,Colombo Cricket Club,Kurunegala Youth Cricket Club,L Croospulle,KNM Fernando,HGK Dilshan,0,0,,,,,,,,,,,,,
1465847,2024/25,2025-02-07,Colombo Cricket Club Ground,3,0.2,0.2,Colombo Cricket Club,Kurunegala Youth Cricket Club,L Croospulle,KNM Fernando,HGK Dilshan,0,0,,,,,,,,,,,,,
1465847,2024/25,2025-02-07,Colombo Cricket Club Ground,3,0.3,0.3,Colombo Cricket Club,Kurunegala Youth Cricket Club,L Croospulle,KNM Fernando,HGK Dilshan,0,0,,,,,,,caught,L Croospulle,,,TD Polgampola,,
1465847,2024/25,2025-02-07,Colombo Cricket Club Ground,3,0.4,0.4,Colombo Cricket Club,Kurunegala Youth Cricket Club,SN Gunasinghe,KNM Fernando,HGK Dilshan,4,0,,,,,,,,,,,,,
1465847,2024/25,2025-02-07,Colombo Cricket Club Ground,3,0.5,0.5,Colombo Cricket Club,Kurunegala Youth Cricket Club,SN Gunasinghe,KNM Fernando,HGK Dilshan,1,0,,,,,,,,,,,,,
1465847,2024/25,2025-02-07,Colombo Cricket Club Ground,3,0.6,0.6,Colombo Cricket Club,Kurunegala Youth Cricket Club,KNM Fernando,SN Gunasinghe,HGK Dilshan,0,0,,,,,,,,,,,,,
1465847,2024/25,2025-02-07,Colombo Cricket Club Ground,3,1.1,1.1,Colombo Cricket Club,Kurunegala Youth Cricket Club,SN Gunasinghe,KNM Fernando,PLM Jayaratne,4,0,,,,,,,,,,,,,
1465847,2024/25,2025-02-07,Colombo Cricket Club Ground,3,1.2,1.2,Colombo Cricket Club,Kurunegala Youth Cricket Club,SN Gunasinghe,KNM Fernando,PLM Jayaratne,0,0,,,,,,,,,,,,,
1465847,2024/25,2025-02-07,Colombo Cricket Club Ground,3,1.3,1.3,Colombo Cricket Club,Kurunegala Youth Cricket Club,SN Gunasinghe,KNM Fernando,PLM Jayaratne,0,0,,,,,,,,,,,,,
1465847,2024/25,2025-02-07,Colombo Cricket Club Ground,3,1.4,1.4,Colombo Cricket Club,Kurunegala Youth Cricket Club,SN Gunasinghe,KNM Fernando,PLM Jayaratne,0,0,,,,,,,,,,,,,
1465847,2024/25,2025-02-07,Colombo Cricket Club Ground,3,1.5,1.5,Colombo Cricket Club,Kurunegala Youth Cricket Club,SN Gunasinghe,KNM Fernando,PLM Jayaratne,0,0,,,,,,,,,,,,,
1465847,2024/25,2025-02-07,Colombo Cricket Club Ground,3,1.6,1.6,Colombo Cricket Club,Kurunegala Youth Cricket Club,SN Gunasinghe,KNM Fernando,PLM Jayaratne,0,0,,,,,,,,,,,,,
1465847,2024/25,2025-02-07,Colombo Cricket Club Ground,3,2.1,2.1,Colombo Cricket Club,Kurunegala Youth Cricket Club,KNM Fernando,SN Gunasinghe,HGK Dilshan,0,0,,,,,,,,,,,,,
1465847,2024/25,2025-02-07,Colombo Cricket Club Ground,3,2.2,2.2,Colombo Cricket Club,Kurunegala Youth Cricket Club,KNM Fernando,SN Gunasinghe,HGK Dilshan,1,0,,,,,,,,,,,,,
1465847,2024/25,2025-02-07,Colombo Cricket Club Ground,3,2.3,2.3,Colombo Cricket Club,Kurunegala Youth Cricket Club,SN Gunasinghe,KNM Fernando,HGK Dilshan,0,0,,,,,,,,,,,,,
1465847,2024/25,2025-02-07,Colombo Cricket Club Ground,3,2.4,2.4,Colombo Cricket Club,Kurunegala Youth Cricket Club,SN Gunasinghe,KNM Fernando,HGK Dilshan,0,0,,,,,,,,,,,,,
1465847,2024/25,2025-02-07,Colombo Cricket Club Ground,3,2.5,2.5,Colombo Cricket Club,Kurunegala Youth Cricket Club,SN Gunasinghe,KNM Fernando,HGK Dilshan,0,0,,,,,,,,,,,,,
1465847,2024/25,2025-02-07,Colombo Cricket Club Ground,3,2.6,2.6,Colombo Cricket Club,Kurunegala Youth Cricket Club,SN Gunasinghe,KNM Fernando,HGK Dilshan,1,0,,,,,,,,,,,,,
1465847,2024/25,2025-02-07,Colombo Cricket Club Ground,3,3.1,3.1,Colombo Cricket Club,Kurunegala Youth Cricket Club,SN Gunasinghe,KNM Fernando,PLM Jayaratne,4,0,,,,,,,,,,,,,
1465847,2024/25,2025-02-07,Colombo Cricket Club Ground,3,3.2,3.2,Colombo Cricket Club,Kurunegala Youth Cricket Club,SN Gunasinghe,KNM Fernando,PLM Jayaratne,0,0,,,,,,,,,,,,,
1465847,2024/25,2025-02-07,Colombo Cricket Club Ground,3,3.3,3.3,Colombo Cricket Club,Kurunegala Youth Cricket Club,SN Gunasinghe,KNM Fernando,PLM Jayaratne,0,0,,,,,,,,,,,,,
1465847,2024/25,2025-02-07,Colombo Cricket Club Ground,3,3.4,3.4,Colombo Cricket Club,Kurunegala Youth Cricket Club,SN Gunasinghe,KNM Fernando,PLM Jayaratne,0,0,,,,,,,,,,,,,
1465847,2024/25,2025-02-07,Colombo Cricket Club Ground,3,3.5,3.5,Colombo Cricket Club,Kurunegala Youth Cricket Club,SN Gunasinghe,KNM Fernando,PLM Jayaratne,0,0,,,,,,,,,,,,,
1465847,2024/25,2025-02-07,Colombo Cricket Club Ground,3,3.6,3.6,Colombo Cricket Club,Kurunegala Youth Cricket Club,SN Gunasinghe,KNM Fernando,PLM Jayaratne,0,0,,,,,,,,,,,,,
1465847,2024/25,2025-02-07,Colombo Cricket Club Ground,3,4.1,4.1,Colombo Cricket Club,Kurunegala Youth Cricket Club,KNM Fernando,SN Gunasinghe,HGK Dilshan,0,0,,,,,,,,,,,,,
1465847,2024/25,2025-02-07,Colombo Cricket Club Ground,3,4.2,4.2,Colombo Cricket Club,Kurunegala Youth Cricket Club,KNM Fernando,SN Gunasinghe,HGK Dilshan,0,0,,,,,,,,,,,,,
1465847,2024/25,2025-02-07,Colombo Cricket Club Ground,3,4.3,4.3,Colombo Cricket Club,Kurunegala Youth Cricket Club,KNM Fernando,SN Gunasinghe,HGK Dilshan,0,0,,,,,,,,,,,,,
1465847,2024/25,2025-02-07,Colombo Cricket Club Ground,3,4.4,4.4,Colombo Cricket Club,Kurunegala Youth Cricket Club,KNM Fernando,SN Gunasinghe,HGK Dilshan,4,0,,,,,,,,,,,,,
1465847,2024/25,2025-02-07,Colombo Cricket Club Ground,3,4.5,4.5,Colombo Cricket Club,Kurunegala Youth Cricket Club,KNM Fernando,SN Gunasinghe,HGK Dilshan,0,0,,,,,,,,,,,,,
1465847,2024/25,2025-02-07,Colombo Cricket Club Ground,3,4.6,4.6,Colombo Cricket Club,Kurunegala Youth Cricket Club,KNM Fernando,SN Gunasinghe,HGK Dilshan,0,0,,,,,,,,,,,,,
1465847,2024/25,2025-02-07,Colombo Cricket Club Ground,3,5.1,5.1,Colombo Cricket Club,Kurunegala Youth Cricket Club,SN Gunasinghe,KNM Fernando,A Premaratne,0,0,,,,,,,,,,,,,
1465847,2024/25,2025-02-07,Colombo Cricket Club Ground,3,5.2,5.2,Colombo Cricket Club,Kurunegala Youth Cricket Club,SN Gunasinghe,KNM Fernando,A Premaratne,0,0,,,,,,,,,,,,,
1465847,2024/25,2025-02-07,Colombo Cricket Club Ground,3,5.3,5.3,Colombo Cricket Club,Kurunegala Youth Cricket Club,SN Gunasinghe,KNM Fernando,A Premaratne,0,0,,,,,,,caught,SN Gunasinghe,,,D Malan,,
1465847,2024/25,2025-02-07,Colombo Cricket Club Ground,3,5.4,5.4,Colombo Cricket Club,Kurunegala Youth Cricket Club,M Bhanuka,KNM Fernando,A Premaratne,0,0,,,,,,,,,,,,,
1465847,2024/25,2025-02-07,Colombo Cricket Club Ground,3,5.5,5.5,Colombo Cricket Club,Kurunegala Youth Cricket Club,M Bhanuka,KNM Fernando,A Premaratne,0,0,,,,,,,,,,,,,
1465847,2024/25,2025-02-07,Colombo Cricket Club Ground,3,5.6,5.6,Colombo Cricket Club,Kurunegala Youth Cricket Club,M Bhanuka,KNM Fernando,A Premaratne,0,0,,,,,,,,,,,,,
1465847,2024/25,2025-02-07,Colombo Cricket Club Ground,3,6.1,6.1,Colombo Cricket Club,Kurunegala Youth Cricket Club,KNM Fernando,M Bhanuka,HGK Dilshan,0,0,,,,,,,,,,,,,
1465847,2024/25,2025-02-07,Colombo Cricket Club Ground,3,6.2,6.2,Colombo Cricket Club,Kurunegala Youth Cricket Club,KNM Fernando,M Bhanuka,HGK Dilshan,0,0,,,,,,,,,,,,,
1465847,2024/25,2025-02-07,Colombo Cricket Club Ground,3,6.3,6.3,Colombo Cricket Club,Kurunegala Youth Cricket Club,KNM Fernando,M Bhanuka,HGK Dilshan,0,0,,,,,,,,,,,,,
1465847,2024/25,2025-02-07,Colombo Cricket Club Ground,3,6.4,6.4,Colombo Cricket Club,Kurunegala Youth Cricket Club,KNM Fernando,M Bhanuka,HGK Dilshan,0,0,,,,,,,,,,,,,
1465847,2024/25,2025-02-07,Colombo Cricket Club Ground,3,6.5,6.5,Colombo Cricket Club,Kurunegala Youth Cricket Club,KNM Fernando,M Bhanuka,HGK Dilshan,1,0,,,,,,,,,,,,,
1465847,2024/25,2025-02-07,Colombo Cricket Club Ground,3,6.6,6.6,Colombo Cricket Club,Kurunegala Youth Cricket Club,M Bhanuka,KNM Fernando,HGK Dilshan,1,0,,,,,,,,,,,,,
1465847,2024/25,2025-02-07,Colombo Cricket Club Ground,3,7.1,7.1,Colombo Cricket Club,Kurunegala Youth Cricket Club,M Bhanuka,KNM Fernando,A Premaratne,1,0,,,,,,,,,,,,,
1465847,2024/25,2025-02-07,Colombo Cricket Club Ground,3,7.2,7.2,Colombo Cricket Club,Kurunegala Youth Cricket Club,KNM Fernando,M Bhanuka,A Premaratne,1,0,,,,,,,,,,,,,
1465847,2024/25,2025-02-07,Colombo Cricket Club Ground,3,7.3,7.3,Colombo Cricket Club,Kurunegala Youth Cricket Club,M Bhanuka,KNM Fernando,A Premaratne,1,0,,,,,,,,,,,,,
1465847,2024/25,2025-02-07,Colombo Cricket Club Ground,3,7.4,7.4,Colombo Cricket Club,Kurunegala Youth Cricket Club,KNM Fernando,M Bhanuka,A Premaratne,0,0,,,,,,,,,,,,,
1465847,2024/25,2025-02-07,Colombo Cricket Club Ground,3,7.5,7.5,Colombo Cricket Club,Kurunegala Youth Cricket Club,KNM Fernando,M Bhanuka,A Premaratne,1,0,,,,,,,,,,,,,
1465847,2024/25,2025-02-07,Colombo Cricket Club Ground,3,7.6,7.6,Colombo Cricket Club,Kurunegala Youth Cricket Club,M Bhanuka,KNM Fernando,A Premaratne,1,0,,,,,,,,,,,,,
1465847,2024/25,2025-02-07,Colombo Cricket Club Ground,3,8.1,8.1,Colombo Cricket Club,Kurunegala Youth Cricket Club,M Bhanuka,KNM Fernando,HGK Dilshan,0,0,,,,,,,,,,,,,
1465847,2024/25,2025-02-07,Colombo Cricket Club Ground,3,8.2,8.2,Colombo Cricket Club,Kurunegala Youth Cricket Club,M Bhanuka,KNM Fernando,HGK Dilshan,0,0,,,,,,,,,,,,,
1465847,2024/25,2025-02-07,Colombo Cricket Club Ground,3,8.3,8.3,Colombo Cricket Club,Kurunegala Youth Cricket Club,M Bhanuka,KNM Fernando,HGK Dilshan,0,0,,,,,,,,,,,,,
1465847,2024/25,2025-02-07,Colombo Cricket Club Ground,3,8.4,8.4,Colombo Cricket Club,Kurunegala Youth Cricket Club,M Bhanuka,KNM Fernando,HGK Dilshan,0,0,,,,,,,,,,,,,
1465847,2024/25,2025-02-07,Colombo Cricket Club Ground,3,8.5,8.5,Colombo Cricket Club,Kurunegala Youth Cricket Club,M Bhanuka,KNM Fernando,HGK Dilshan,0,0,,,,,,,,,,,,,
1465847,2024/25,2025-02-07,Colombo Cricket Club Ground,3,8.6,8.6,Colombo Cricket Club,Kurunegala Youth Cricket Club,M Bhanuka,KNM Fernando,HGK Dilshan,1,0,,,,,,,,,,,,,
1465847,2024/25,2025-02-07,Colombo Cricket Club Ground,3,9.1,9.1,Colombo Cricket Club,Kurunegala Youth Cricket Club,M Bhanuka,KNM Fernando,A Premaratne,0,0,,,,,,,,,,,,,
1465847,2024/25,2025-02-07,Colombo Cricket Club Ground,3,9.2,9.2,Colombo Cricket Club,Kurunegala Youth Cricket Club,M Bhanuka,KNM Fernando,A Premaratne,1,0,,,,,,,,,,,,,
1465847,2024/25,2025-02-07,Colombo Cricket Club Ground,3,9.3,9.3,Colombo Cricket Club,Kurunegala Youth Cricket Club,KNM Fernando,M Bhanuka,A Premaratne,0,0,,,,,,,,,,,,,
1465847,2024/25,2025-02-07,Colombo Cricket Club Ground,3,9.4,9.4,Colombo Cricket Club,Kurunegala Youth Cricket Club,KNM Fernando,M Bhanuka,A Premaratne,1,0,,,,,,,,,,,,,
1465847,2024/25,2025-02-07,Colombo Cricket Club Ground,3,9.5,9.5,Colombo Cricket Club,Kurunegala Youth Cricket Club,M Bhanuka,KNM Fernando,A Premaratne,0,0,,,,,,,,,,,,,
1465847,2024/25,2025-02-07,Colombo Cricket Club Ground,3,9.6,9.6,Colombo Cricket Club,Kurunegala Youth Cricket Club,M Bhanuka,KNM Fernando,A Premaratne,0,0,,,,,,,,,,,,,
1465847,2024/25,2025-02-07,Colombo Cricket Club Ground,3,10.1,10.1,Colombo Cricket Club,Kurunegala Youth Cricket Club,KNM Fernando,M Bhanuka,HGK Dilshan,1,0,,,,,,,,,,,,,
1465847,2024/25,2025-02-07,Colombo Cricket Club Ground,3,10.2,10.2,Colombo Cricket Club,Kurunegala Youth Cricket Club,M Bhanuka,KNM Fernando,HGK Dilshan,0,0,,,,,,,,,,,,,
1465847,2024/25,2025-02-07,Colombo Cricket Club Ground,3,10.3,10.3,Colombo Cricket Club,Kurunegala Youth Cricket Club,M Bhanuka,KNM Fernando,HGK Dilshan,1,0,,,,,,,,,,,,,
1465847,2024/25,2025-02-07,Colombo Cricket Club Ground,3,10.4,10.4,Colombo Cricket Club,Kurunegala Youth Cricket Club,KNM Fernando,M Bhanuka,HGK Dilshan,0,0,,,,,,,,,,,,,
1465847,2024/25,2025-02-07,Colombo Cricket Club Ground,3,10.5,10.5,Colombo Cricket Club,Kurunegala Youth Cricket Club,KNM Fernando,M Bhanuka,HGK Dilshan,0,0,,,,,,,,,,,,,
1465847,2024/25,2025-02-07,Colombo Cricket Club Ground,3,10.6,10.6,Colombo Cricket Club,Kurunegala Youth Cricket Club,KNM Fernando,M Bhanuka,HGK Dilshan,0,0,,,,,,,,,,,,,
1465847,2024/25,2025-02-07,Colombo Cricket Club Ground,3,11.1,11.1,Colombo Cricket Club,Kurunegala Youth Cricket Club,M Bhanuka,KNM Fernando,A Premaratne,0,0,,,,,,,,,,,,,
1465847,2024/25,2025-02-07,Colombo Cricket Club Ground,3,11.2,11.2,Colombo Cricket Club,Kurunegala Youth Cricket Club,M Bhanuka,KNM Fernando,A Premaratne,0,0,,,,,,,,,,,,,
1465847,2024/25,2025-02-07,Colombo Cricket Club Ground,3,11.3,11.3,Colombo Cricket Club,Kurunegala Youth Cricket Club,M Bhanuka,KNM Fernando,A Premaratne,0,0,,,,,,,,,,,,,
1465847,2024/25,2025-02-07,Colombo Cricket Club Ground,3,11.4,11.4,Colombo Cricket Club,Kurunegala Youth Cricket Club,M Bhanuka,KNM Fernando,A Premaratne,1,0,,,,,,,,,,,,,
1465847,2024/25,2025-02-07,Colombo Cricket Club Ground,3,11.5,11.5,Colombo Cricket Club,Kurunegala Youth Cricket Club,KNM Fernando,M Bhanuka,A Premaratne,0,0,,,,,,,,,,,,,
1465847,2024/25,2025-02-07,Colombo Cricket Club Ground,3,11.6,11.6,Colombo Cricket Club,Kurunegala Youth Cricket Club,KNM Fernando,M Bhanuka,A Premaratne,0,0,,,,,,,,,,,,,
1465847,2024/25,2025-02-07,Colombo Cricket Club Ground,3,12.1,12.1,Colombo Cricket Club,Kurunegala Youth Cricket Club,M Bhanuka,KNM Fernando,HGK Dilshan,4,0,,,,,,,,,,,,,
1465847,2024/25,2025-02-07,Colombo Cricket Club Ground,3,12.2,12.2,Colombo Cricket Club,Kurunegala Youth Cricket Club,M Bhanuka,KNM Fernando,HGK Dilshan,6,0,,,,,,,,,,,,,
1465847,2024/25,2025-02-07,Colombo Cricket Club Ground,3,12.3,12.3,Colombo Cricket Club,Kurunegala Youth Cricket Club,M Bhanuka,KNM Fernando,HGK Dilshan,0,0,,,,,,,,,,,,,
1465847,2024/25,2025-02-07,Colombo Cricket Club Ground,3,12.4,12.4,Colombo Cricket Club,Kurunegala Youth Cricket Club,M Bhanuka,KNM Fernando,HGK Dilshan,1,0,,,,,,,,,,,,,
1465847,2024/25,2025-02-07,Colombo Cricket Club Ground,3,12.5,12.5,Colombo Cricket Club,Kurunegala Youth Cricket Club,KNM Fernando,M Bhanuka,HGK Dilshan,0,0,,,,,,,,,,,,,
1465847,2024/25,2025-02-07,Colombo Cricket Club Ground,3,12.6,12.6,Colombo Cricket Club,Kurunegala Youth Cricket Club,KNM Fernando,M Bhanuka,HGK Dilshan,0,0,,,,,,,,,,,,,
1465847,2024/25,2025-02-07,Colombo Cricket Club Ground,3,13.1,13.1,Colombo Cricket Club,Kurunegala Youth Cricket Club,M Bhanuka,KNM Fernando,MLR Karunaratne,1,0,,,,,,,,,,,,,
1465847,2024/25,2025-02-07,Colombo Cricket Club Ground,3,13.2,13.2,Colombo Cricket Club,Kurunegala Youth Cricket Club,KNM Fernando,M Bhanuka,MLR Karunaratne,0,0,,,,,,,,,,,,,
1465847,2024/25,2025-02-07,Colombo Cricket Club Ground,3,13.3,13.3,Colombo Cricket Club,Kurunegala Youth Cricket Club,KNM Fernando,M Bhanuka,MLR Karunaratne,1,0,,,,,,,,,,,,,
1465847,2024/25,2025-02-07,Colombo Cricket Club Ground,3,13.4,13.4,Colombo Cricket Club,Kurunegala Youth Cricket Club,M Bhanuka,KNM Fernando,MLR Karunaratne,0,0,,,,,,,,,,,,,
1465847,2024/25,2025-02-07,Colombo Cricket Club Ground,3,13.5,13.5,Colombo Cricket Club,Kurunegala Youth Cricket Club,M Bhanuka,KNM Fernando,MLR Karunaratne,0,0,,,,,,,,,,,,,
1465847,2024/25,2025-02-07,Colombo Cricket Club Ground,3,13.6,13.6,Colombo Cricket Club,Kurunegala Youth Cricket Club,M Bhanuka,KNM Fernando,MLR Karunaratne,1,0,,,,,,,,,,,,,
1465847,2024/25,2025-02-07,Colombo Cricket Club Ground,3,14.1,14.1,Colombo Cricket Club,Kurunegala Youth Cricket Club,M Bhanuka,KNM Fernando,HGK Dilshan,0,0,,,,,,,,,,,,,
1465847,2024/25,2025-02-07,Colombo Cricket Club Ground,3,14.2,14.2,Colombo Cricket Club,Kurunegala Youth Cricket Club,M Bhanuka,KNM Fernando,HGK Dilshan,1,0,,,,,,,,,,,,,
1465847,2024/25,2025-02-07,Colombo Cricket Club Ground,3,14.3,14.3,Colombo Cricket Club,Kurunegala Youth Cricket Club,KNM Fernando,M Bhanuka,HGK Dilshan,0,0,,,,,,,,,,,,,
1465847,2024/25,2025-02-07,Colombo Cricket Club Ground,3,14.4,14.4,Colombo Cricket Club,Kurunegala Youth Cricket Club,KNM Fernando,M Bhanuka,HGK Dilshan,0,0,,,,,,,,,,,,,
1465847,2024/25,2025-02-07,Colombo Cricket Club Ground,3,14.5,14.5,Colombo Cricket Club,Kurunegala Youth Cricket Club,KNM Fernando,M Bhanuka,HGK Dilshan,0,0,,,,,,,,,,,,,
1465847,2024/25,2025-02-07,Colombo Cricket Club Ground,3,14.6,14.6,Colombo Cricket Club,Kurunegala Youth Cricket Club,KNM Fernando,M Bhanuka,HGK Dilshan,1,0,,,,,,,,,,,,,
1465847,2024/25,2025-02-07,Colombo Cricket Club Ground,3,15.1,15.1,Colombo Cricket Club,Kurunegala Youth Cricket Club,KNM Fernando,M Bhanuka,MLR Karunaratne,1,0,,,,,,,,,,,,,
1465847,2024/25,2025-02-07,Colombo Cricket Club Ground,3,15.2,15.2,Colombo Cricket Club,Kurunegala Youth Cricket Club,M Bhanuka,KNM Fernando,MLR Karunaratne,0,0,,,,,,,,,,,,,
1465847,2024/25,2025-02-07,Colombo Cricket Club Ground,3,15.3,15.3,Colombo Cricket Club,Kurunegala Youth Cricket Club,M Bhanuka,KNM Fernando,MLR Karunaratne,1,0,,,,,,,,,,,,,
1465847,2024/25,2025-02-07,Colombo Cricket Club Ground,3,15.4,15.4,Colombo Cricket Club,Kurunegala Youth Cricket Club,KNM Fernando,M Bhanuka,MLR Karunaratne,4,0,,,,,,,,,,,,,
1465847,2024/25,2025-02-07,Colombo Cricket Club Ground,3,15.5,15.5,Colombo Cricket Club,Kurunegala Youth Cricket Club,KNM Fernando,M Bhanuka,MLR Karunaratne,0,0,,,,,,,,,,,,,
1465847,2024/25,2025-02-07,Colombo Cricket Club Ground,3,15.6,15.6,Colombo Cricket Club,Kurunegala Youth Cricket Club,KNM Fernando,M Bhanuka,MLR Karunaratne,0,0,,,,,,,,,,,,,
1465847,2024/25,2025-02-07,Colombo Cricket Club Ground,3,16.1,16.1,Colombo Cricket Club,Kurunegala Youth Cricket Club,M Bhanuka,KNM Fernando,D Malan,1,0,,,,,,,,,,,,,
1465847,2024/25,2025-02-07,Colombo Cricket Club Ground,3,16.2,16.2,Colombo Cricket Club,Kurunegala Youth Cricket Club,KNM Fernando,M Bhanuka,D Malan,1,0,,,,,,,,,,,,,
1465847,2024/25,2025-02-07,Colombo Cricket Club Ground,3,16.3,16.3,Colombo Cricket Club,Kurunegala Youth Cricket Club,M Bhanuka,KNM Fernando,D Malan,0,0,,,,,,,,,,,,,
1465847,2024/25,2025-02-07,Colombo Cricket Club Ground,3,16.4,16.4,Colombo Cricket Club,Kurunegala Youth Cricket Club,M Bhanuka,KNM Fernando,D Malan,0,0,,,,,,,,,,,,,
1465847,2024/25,2025-02-07,Colombo Cricket Club Ground,3,16.5,16.5,Colombo Cricket Club,Kurunegala Youth Cricket Club,M Bhanuka,KNM Fernando,D Malan,0,0,,,,,,,,,,,,,
1465847,2024/25,2025-02-07,Colombo Cricket Club Ground,3,16.6,16.6,Colombo Cricket Club,Kurunegala Youth Cricket Club,M Bhanuka,KNM Fernando,D Malan,0,0,,,,,,,,,,,,,
1465847,2024/25,2025-02-07,Colombo Cricket Club Ground,3,17.1,17.1,Colombo Cricket Club,Kurunegala Youth Cricket Club,KNM Fernando,M Bhanuka,HGK Dilshan,0,0,,,,,,,,,,,,,
1465847,2024/25,2025-02-07,Colombo Cricket Club Ground,3,17.2,17.2,Colombo Cricket Club,Kurunegala Youth Cricket Club,KNM Fernando,M Bhanuka,HGK Dilshan,0,0,,,,,,,,,,,,,
1465847,2024/25,2025-02-07,Colombo Cricket Club Ground,3,17.3,17.3,Colombo Cricket Club,Kurunegala Youth Cricket Club,KNM Fernando,M Bhanuka,HGK Dilshan,0,0,,,,,,,,,,,,,
1465847,2024/25,2025-02-07,Colombo Cricket Club Ground,3,17.4,17.4,Colombo Cricket Club,Kurunegala Youth Cricket Club,KNM Fernando,M Bhanuka,HGK Dilshan,1,0,,,,,,,,,,,,,
1465847,2024/25,2025-02-07,Colombo Cricket Club Ground,3,17.5,17.5,Colombo Cricket Club,Kurunegala Youth Cricket Club,M Bhanuka,KNM Fernando,HGK Dilshan,0,0,,,,,,,,,,,,,
1465847,2024/25,2025-02-07,Colombo Cricket Club Ground,3,17.6,17.6,Colombo Cricket Club,Kurunegala Youth Cricket Club,M Bhanuka,KNM Fernando,HGK Dilshan,0,0,,,,,,,,,,,,,
1465847,2024/25,2025-02-07,Colombo Cricket Club Ground,3,18.1,18.1,Colombo Cricket Club,Kurunegala Youth Cricket Club,KNM Fernando,M Bhanuka,D Malan,1,0,,,,,,,,,,,,,
1465847,2024/25,2025-02-07,Colombo Cricket Club Ground,3,18.2,18.2,Colombo Cricket Club,Kurunegala Youth Cricket Club,M Bhanuka,KNM Fernando,D Malan,0,0,,,,,,,,,,,,,
1465847,2024/25,2025-02-07,Colombo Cricket Club Ground,3,18.3,18.3,Colombo Cricket Club,Kurunegala Youth Cricket Club,M Bhanuka,KNM Fernando,D Malan,0,0,,,,,,,,,,,,,
1465847,2024/25,2025-02-07,Colombo Cricket Club Ground,3,18.4,18.4,Colombo Cricket Club,Kurunegala Youth Cricket Club,M Bhanuka,KNM Fernando,D Malan,0,0,,,,,,,,,,,,,
1465847,2024/25,2025-02-07,Colombo Cricket Club Ground,3,18.5,18.5,Colombo Cricket Club,Kurunegala Youth Cricket Club,M Bhanuka,KNM Fernando,D Malan,0,0,,,,,,,,,,,,,
1465847,2024/25,2025-02-07,Colombo Cricket Club Ground,3,18.6,18.6,Colombo Cricket Club,Kurunegala Youth Cricket Club,M Bhanuka,KNM Fernando,D Malan,0,0,,,,,,,,,,,,,
1465847,2024/25,2025-02-07,Colombo Cricket Club Ground,3,19.1,19.1,Colombo Cricket Club,Kurunegala Youth Cricket Club,KNM Fernando,M Bhanuka,HGK Dilshan,0,0,,,,,,,,,,,,,
1465847,2024/25,2025-02-07,Colombo Cricket Club Ground,3,19.2,19.2,Colombo Cricket Club,Kurunegala Youth Cricket Club,KNM Fernando,M Bhanuka,HGK Dilshan,0,0,,,,,,,,,,,,,
1465847,2024/25,2025-02-07,Colombo Cricket Club Ground,3,19.3,19.3,Colombo Cricket Club,Kurunegala Youth Cricket Club,KNM Fernando,M Bhanuka,HGK Dilshan,0,0,,,,,,,,,,,,,
1465847,2024/25,2025-02-07,Colombo Cricket Club Ground,3,19.4,19.4,Colombo Cricket Club,Kurunegala Youth Cricket Club,KNM Fernando,M Bhanuka,HGK Dilshan,2,0,,,,,,,,,,,,,
1465847,2024/25,2025-02-07,Colombo Cricket Club Ground,3,19.5,19.5,Colombo Cricket Club,Kurunegala Youth Cricket Club,KNM Fernando,M Bhanuka,HGK Dilshan,0,0,,,,,,,,,,,,,
1465847,2024/25,2025-02-07,Colombo Cricket Club Ground,3,19.6,19.6,Colombo Cricket Club,Kurunegala Youth Cricket Club,KNM Fernando,M Bhanuka,HGK Dilshan,0,0,,,,,,,,,,,,,
1465847,2024/25,2025-02-07,Colombo Cricket Club Ground,3,20.1,20.1,Colombo Cricket Club,Kurunegala Youth Cricket Club,M Bhanuka,KNM Fernando,D Malan,0,0,,,,,,,,,,,,,
1465847,2024/25,2025-02-07,Colombo Cricket Club Ground,3,20.2,20.2,Colombo Cricket Club,Kurunegala Youth Cricket Club,M Bhanuka,KNM Fernando,D Malan,0,0,,,,,,,,,,,,,
1465847,2024/25,2025-02-07,Colombo Cricket Club Ground,3,20.3,20.3,Colombo Cricket Club,Kurunegala Youth Cricket Club,M Bhanuka,KNM Fernando,D Malan,4,0,,,,,,,,,,,,,
1465847,2024/25,2025-02-07,Colombo Cricket Club Ground,3,20.4,20.4,Colombo Cricket Club,Kurunegala Youth Cricket Club,M Bhanuka,KNM Fernando,D Malan,4,0,,,,,,,,,,,,,
1465847,2024/25,2025-02-07,Colombo Cricket Club Ground,3,20.5,20.5,Colombo Cricket Club,Kurunegala Youth Cricket Club,M Bhanuka,KNM Fernando,D Malan,0,0,,,,,,,,,,,,,
1465847,2024/25,2025-02-07,Colombo Cricket Club Ground,3,20.6,20.6,Colombo Cricket Club,Kurunegala Youth Cricket Club,M Bhanuka,KNM Fernando,D Malan,0,0,,,,,,,,,,,,,
1465847,2024/25,2025-02-07,Colombo Cricket Club Ground,3,21.1,21.1,Colombo Cricket Club,Kurunegala Youth Cricket Club,KNM Fernando,M Bhanuka,HGK Dilshan,0,0,,,,,,,,,,,,,
1465847,2024/25,2025-02-07,Colombo Cricket Club Ground,3,21.2,21.2,Colombo Cricket Club,Kurunegala Youth Cricket Club,KNM Fernando,M Bhanuka,HGK Dilshan,0,0,,,,,,,,,,,,,
1465847,2024/25,2025-02-07,Colombo Cricket Club Ground,3,21.3,21.3,Colombo Cricket Club,Kurunegala Youth Cricket Club,KNM Fernando,M Bhanuka,HGK Dilshan,1,0,,,,,,,,,,,,,
1465847,2024/25,2025-02-07,Colombo Cricket Club Ground,3,21.4,21.4,Colombo Cricket Club,Kurunegala Youth Cricket Club,M Bhanuka,KNM Fernando,HGK Dilshan,4,0,,,,,,,,,,,,,
1465847,2024/25,2025-02-07,Colombo Cricket Club Ground,3,21.5,21.5,Colombo Cricket Club,Kurunegala Youth Cricket Club,M Bhanuka,KNM Fernando,HGK Dilshan,6,0,,,,,,,,,,,,,
1465847,2024/25,2025-02-07,Colombo Cricket Club Ground,3,21.6,21.6,Colombo Cricket Club,Kurunegala Youth Cricket Club,M Bhanuka,KNM Fernando,HGK Dilshan,4,0,,,,,,,,,,,,,
1465847,2024/25,2025-02-07,Colombo Cricket Club Ground,3,22.1,22.1,Colombo Cricket Club,Kurunegala Youth Cricket Club,KNM Fernando,M Bhanuka,D Malan,0,0,,,,,,,,,,,,,
1465847,2024/25,2025-02-07,Colombo Cricket Club Ground,3,22.2,22.2,Colombo Cricket Club,Kurunegala Youth Cricket Club,KNM Fernando,M Bhanuka,D Malan,1,0,,,,,,,,,,,,,
1465847,2024/25,2025-02-07,Colombo Cricket Club Ground,3,22.3,22.3,Colombo Cricket Club,Kurunegala Youth Cricket Club,M Bhanuka,KNM Fernando,D Malan,0,0,,,,,,,,,,,,,
1465847,2024/25,2025-02-07,Colombo Cricket Club Ground,3,22.4,22.4,Colombo Cricket Club,Kurunegala Youth Cricket Club,M Bhanuka,KNM Fernando,D Malan,0,0,,,,,,,,,,,,,
1465847,2024/25,2025-02-07,Colombo Cricket Club Ground,3,22.5,22.5,Colombo Cricket Club,Kurunegala Youth Cricket Club,M Bhanuka,KNM Fernando,D Malan,3,0,,,,,,,,,,,,,
1465847,2024/25,2025-02-07,Colombo Cricket Club Ground,3,22.6,22.6,Colombo Cricket Club,Kurunegala Youth Cricket Club,KNM Fernando,M Bhanuka,D Malan,0,0,,,,,,,,,,,,,
1465847,2024/25,2025-02-07,Colombo Cricket Club Ground,3,23.1,23.1,Colombo Cricket Club,Kurunegala Youth Cricket Club,M Bhanuka,KNM Fernando,WWAG Maneeshan,1,0,,,,,,,,,,,,,
1465847,2024/25,2025-02-07,Colombo Cricket Club Ground,3,23.2,23.2,Colombo Cricket Club,Kurunegala Youth Cricket Club,KNM Fernando,M Bhanuka,WWAG Maneeshan,0,0,,,,,,,,,,,,,
1465847,2024/25,2025-02-07,Colombo Cricket Club Ground,3,23.3,23.3,Colombo Cricket Club,Kurunegala Youth Cricket Club,KNM Fernando,M Bhanuka,WWAG Maneeshan,1,0,,,,,,,,,,,,,
1465847,2024/25,2025-02-07,Colombo Cricket Club Ground,3,23.4,23.4,Colombo Cricket Club,Kurunegala Youth Cricket Club,M Bhanuka,KNM Fernando,WWAG Maneeshan,0,0,,,,,,,,,,,,,
1465847,2024/25,2025-02-07,Colombo Cricket Club Ground,3,23.5,23.5,Colombo Cricket Club,Kurunegala Youth Cricket Club,M Bhanuka,KNM Fernando,WWAG Maneeshan,1,0,,,,,,,,,,,,,
1465847,2024/25,2025-02-07,Colombo Cricket Club Ground,3,23.6,23.6,Colombo Cricket Club,Kurunegala Youth Cricket Club,KNM Fernando,M Bhanuka,WWAG Maneeshan,4,0,,,,,,,,,,,,,
1465847,2024/25,2025-02-07,Colombo Cricket Club Ground,3,24.1,24.1,Colombo Cricket Club,Kurunegala Youth Cricket Club,M Bhanuka,KNM Fernando,D Malan,0,0,,,,,,,,,,,,,
1465847,2024/25,2025-02-07,Colombo Cricket Club Ground,3,24.2,24.2,Colombo Cricket Club,Kurunegala Youth Cricket Club,M Bhanuka,KNM Fernando,D Malan,0,0,,,,,,,,,,,,,
1465847,2024/25,2025-02-07,Colombo Cricket Club Ground,3,24.3,24.3,Colombo Cricket Club,Kurunegala Youth Cricket Club,M Bhanuka,KNM Fernando,D Malan,4,0,,,,,,,,,,,,,
1465847,2024/25,2025-02-07,Colombo Cricket Club Ground,3,24.4,24.4,Colombo Cricket Club,Kurunegala Youth Cricket Club,M Bhanuka,KNM Fernando,D Malan,0,0,,,,,,,,,,,,,
1465847,2024/25,2025-02-07,Colombo Cricket Club Ground,3,24.5,24.5,Colombo Cricket Club,Kurunegala Youth Cricket Club,M Bhanuka,KNM Fernando,D Malan,0,0,,,,,,,,,,,,,
1465847,2024/25,2025-02-07,Colombo Cricket Club Ground,3,24.6,24.6,Colombo Cricket Club,Kurunegala Youth Cricket Club,M Bhanuka,KNM Fernando,D Malan,0,0,,,,,,,,,,,,,
1465847,2024/25,2025-02-07,Colombo Cricket Club Ground,3,25.1,25.1,Colombo Cricket Club,Kurunegala Youth Cricket Club,KNM Fernando,M Bhanuka,WWAG Maneeshan,4,0,,,,,,,,,,,,,
1465847,2024/25,2025-02-07,Colombo Cricket Club Ground,3,25.2,25.2,Colombo Cricket Club,Kurunegala Youth Cricket Club,KNM Fernando,M Bhanuka,WWAG Maneeshan,0,0,,,,,,,,,,,,,
1465847,2024/25,2025-02-07,Colombo Cricket Club Ground,3,25.3,25.3,Colombo Cricket Club,Kurunegala Youth Cricket Club,KNM Fernando,M Bhanuka,WWAG Maneeshan,1,0,,,,,,,,,,,,,
1465847,2024/25,2025-02-07,Colombo Cricket Club Ground,3,25.4,25.4,Colombo Cricket Club,Kurunegala Youth Cricket Club,M Bhanuka,KNM Fernando,WWAG Maneeshan,1,0,,,,,,,,,,,,,
1465847,2024/25,2025-02-07,Colombo Cricket Club Ground,3,25.5,25.5,Colombo Cricket Club,Kurunegala Youth Cricket Club,KNM Fernando,M Bhanuka,WWAG Maneeshan,4,0,,,,,,,,,,,,,
1465847,2024/25,2025-02-07,Colombo Cricket Club Ground,3,25.6,25.6,Colombo Cricket Club,Kurunegala Youth Cricket Club,KNM Fernando,M Bhanuka,WWAG Maneeshan,1,0,,,,,,,,,,,,,
1465847,2024/25,2025-02-07,Colombo Cricket Club Ground,3,26.1,26.1,Colombo Cricket Club,Kurunegala Youth Cricket Club,KNM Fernando,M Bhanuka,HGK Dilshan,1,0,,,,,,,,,,,,,
1465847,2024/25,2025-02-07,Colombo Cricket Club Ground,3,26.2,26.2,Colombo Cricket Club,Kurunegala Youth Cricket Club,M Bhanuka,KNM Fernando,HGK Dilshan,0,0,,,,,,,,,,,,,
1465847,2024/25,2025-02-07,Colombo Cricket Club Ground,3,26.3,26.3,Colombo Cricket Club,Kurunegala Youth Cricket Club,M Bhanuka,KNM Fernando,HGK Dilshan,1,0,,,,,,,,,,,,,
1465847,2024/25,2025-02-07,Colombo Cricket Club Ground,3,26.4,26.4,Colombo Cricket Club,Kurunegala Youth Cricket Club,KNM Fernando,M Bhanuka,HGK Dilshan,0,0,,,,,,,,,,,,,
1465847,2024/25,2025-02-07,Colombo Cricket Club Ground,3,26.5,26.5,Colombo Cricket Club,Kurunegala Youth Cricket Club,KNM Fernando,M Bhanuka,HGK Dilshan,0,0,,,,,,,,,,,,,
1465847,2024/25,2025-02-07,Colombo Cricket Club Ground,3,26.6,26.6,Colombo Cricket Club,Kurunegala Youth Cricket Club,KNM Fernando,M Bhanuka,HGK Dilshan,0,0,,,,,,,,,,,,,
1465847,2024/25,2025-02-07,Colombo Cricket Club Ground,3,27.1,27.1,Colombo Cricket Club,Kurunegala Youth Cricket Club,M Bhanuka,KNM Fernando,A Premaratne,1,0,,,,,,,,,,,,,
1465847,2024/25,2025-02-07,Colombo Cricket Club Ground,3,27.2,27.2,Colombo Cricket Club,Kurunegala Youth Cricket Club,KNM Fernando,M Bhanuka,A Premaratne,1,0,,,,,,,,,,,,,
1465847,2024/25,2025-02-07,Colombo Cricket Club Ground,3,27.3,27.3,Colombo Cricket Club,Kurunegala Youth Cricket Club,M Bhanuka,KNM Fernando,A Premaratne,0,0,,,,,,,,,,,,,
1465847,2024/25,2025-02-07,Colombo Cricket Club Ground,3,27.4,27.4,Colombo Cricket Club,Kurunegala Youth Cricket Club,M Bhanuka,KNM Fernando,A Premaratne,0,0,,,,,,,,,,,,,
1465847,2024/25,2025-02-07,Colombo Cricket Club Ground,3,27.5,27.5,Colombo Cricket Club,Kurunegala Youth Cricket Club,M Bhanuka,KNM Fernando,A Premaratne,1,0,,,,,,,,,,,,,
1465847,2024/25,2025-02-07,Colombo Cricket Club Ground,3,27.6,27.6,Colombo Cricket Club,Kurunegala Youth Cricket Club,KNM Fernando,M Bhanuka,A Premaratne,0,0,,,,,,,,,,,,,
1465847,2024/25,2025-02-07,Colombo Cricket Club Ground,3,28.1,28.1,Colombo Cricket Club,Kurunegala Youth Cricket Club,M Bhanuka,KNM Fernando,HGK Dilshan,4,0,,,,,,,,,,,,,
1465847,2024/25,2025-02-07,Colombo Cricket Club Ground,3,28.2,28.2,Colombo Cricket Club,Kurunegala Youth Cricket Club,M Bhanuka,KNM Fernando,HGK Dilshan,0,0,,,,,,,,,,,,,
1465847,2024/25,2025-02-07,Colombo Cricket Club Ground,3,28.3,28.3,Colombo Cricket Club,Kurunegala Youth Cricket Club,M Bhanuka,KNM Fernando,HGK Dilshan,0,0,,,,,,,,,,,,,
1465847,2024/25,2025-02-07,Colombo Cricket Club Ground,3,28.4,28.4,Colombo Cricket Club,Kurunegala Youth Cricket Club,M Bhanuka,KNM Fernando,HGK Dilshan,1,0,,,,,,,,,,,,,
1465847,2024/25,2025-02-07,Colombo Cricket Club Ground,3,28.5,28.5,Colombo Cricket Club,Kurunegala Youth Cricket Club,KNM Fernando,M Bhanuka,HGK Dilshan,0,0,,,,,,,,,,,,,
1465847,2024/25,2025-02-07,Colombo Cricket Club Ground,3,28.6,28.6,Colombo Cricket Club,Kurunegala Youth Cricket Club,KNM Fernando,M Bhanuka,HGK Dilshan,4,0,,,,,,,,,,,,,
1465847,2024/25,2025-02-07,Colombo Cricket Club Ground,3,29.1,29.1,Colombo Cricket Club,Kurunegala Youth Cricket Club,M Bhanuka,KNM Fernando,A Premaratne,0,0,,,,,,,,,,,,,
1465847,2024/25,2025-02-07,Colombo Cricket Club Ground,3,29.2,29.2,Colombo Cricket Club,Kurunegala Youth Cricket Club,M Bhanuka,KNM Fernando,A Premaratne,0,0,,,,,,,,,,,,,
1465847,2024/25,2025-02-07,Colombo Cricket Club Ground,3,29.3,29.3,Colombo Cricket Club,Kurunegala Youth Cricket Club,M Bhanuka,KNM Fernando,A Premaratne,1,0,,,,,,,,,,,,,
1465847,2024/25,2025-02-07,Colombo Cricket Club Ground,3,29.4,29.4,Colombo Cricket Club,Kurunegala Youth Cricket Club,KNM Fernando,M Bhanuka,A Premaratne,0,0,,,,,,,,,,,,,
1465847,2024/25,2025-02-07,Colombo Cricket Club Ground,3,29.5,29.5,Colombo Cricket Club,Kurunegala Youth Cricket Club,KNM Fernando,M Bhanuka,A Premaratne,0,0,,,,,,,,,,,,,
1465847,2024/25,2025-02-07,Colombo Cricket Club Ground,3,29.6,29.6,Colombo Cricket Club,Kurunegala Youth Cricket Club,KNM Fernando,M Bhanuka,A Premaratne,0,0,,,,,,,,,,,,,
1465847,2024/25,2025-02-07,Colombo Cricket Club Ground,3,30.1,30.1,Colombo Cricket Club,Kurunegala Youth Cricket Club,M Bhanuka,KNM Fernando,HGK Dilshan,1,0,,,,,,,,,,,,,
1465847,2024/25,2025-02-07,Colombo Cricket Club Ground,3,30.2,30.2,Colombo Cricket Club,Kurunegala Youth Cricket Club,KNM Fernando,M Bhanuka,HGK Dilshan,0,0,,,,,,,,,,,,,
1465847,2024/25,2025-02-07,Colombo Cricket Club Ground,3,30.3,30.3,Colombo Cricket Club,Kurunegala Youth Cricket Club,KNM Fernando,M Bhanuka,HGK Dilshan,1,0,,,,,,,,,,,,,
1465847,2024/25,2025-02-07,Colombo Cricket Club Ground,3,30.4,30.4,Colombo Cricket Club,Kurunegala Youth Cricket Club,M Bhanuka,KNM Fernando,HGK Dilshan,1,0,,,,,,,,,,,,,
1465847,2024/25,2025-02-07,Colombo Cricket Club Ground,3,30.5,30.5,Colombo Cricket Club,Kurunegala Youth Cricket Club,KNM Fernando,M Bhanuka,HGK Dilshan,1,0,,,,,,,,,,,,,
1465847,2024/25,2025-02-07,Colombo Cricket Club Ground,3,30.6,30.6,Colombo Cricket Club,Kurunegala Youth Cricket Club,M Bhanuka,KNM Fernando,HGK Dilshan,4,0,,,,,,,,,,,,,
1465847,2024/25,2025-02-07,Colombo Cricket Club Ground,3,31.1,31.1,Colombo Cricket Club,Kurunegala Youth Cricket Club,KNM Fernando,M Bhanuka,A Premaratne,0,0,,,,,,,,,,,,,
1465847,2024/25,2025-02-07,Colombo Cricket Club Ground,3,31.2,31.2,Colombo Cricket Club,Kurunegala Youth Cricket Club,KNM Fernando,M Bhanuka,A Premaratne,1,0,,,,,,,,,,,,,
1465847,2024/25,2025-02-07,Colombo Cricket Club Ground,3,31.3,31.3,Colombo Cricket Club,Kurunegala Youth Cricket Club,M Bhanuka,KNM Fernando,A Premaratne,0,0,,,,,,,,,,,,,
1465847,2024/25,2025-02-07,Colombo Cricket Club Ground,3,31.4,31.4,Colombo Cricket Club,Kurunegala Youth Cricket Club,M Bhanuka,KNM Fernando,A Premaratne,1,0,,,,,,,,,,,,,
1465847,2024/25,2025-02-07,Colombo Cricket Club Ground,3,31.5,31.5,Colombo Cricket Club,Kurunegala Youth Cricket Club,KNM Fernando,M Bhanuka,A Premaratne,1,0,,,,,,,,,,,,,
1465847,2024/25,2025-02-07,Colombo Cricket Club Ground,3,31.6,31.6,Colombo Cricket Club,Kurunegala Youth Cricket Club,M Bhanuka,KNM Fernando,A Premaratne,1,0,,,,,,,,,,,,,
1465847,2024/25,2025-02-07,Colombo Cricket Club Ground,3,32.1,32.1,Colombo Cricket Club,Kurunegala Youth Cricket Club,M Bhanuka,KNM Fernando,S Sadamal,0,0,,,,,,,,,,,,,
1465847,2024/25,2025-02-07,Colombo Cricket Club Ground,3,32.2,32.2,Colombo Cricket Club,Kurunegala Youth Cricket Club,M Bhanuka,KNM Fernando,S Sadamal,1,0,,,,,,,,,,,,,
1465847,2024/25,2025-02-07,Colombo Cricket Club Ground,3,32.3,32.3,Colombo Cricket Club,Kurunegala Youth Cricket Club,KNM Fernando,M Bhanuka,S Sadamal,0,0,,,,,,,,,,,,,
1465847,2024/25,2025-02-07,Colombo Cricket Club Ground,3,32.4,32.4,Colombo Cricket Club,Kurunegala Youth Cricket Club,KNM Fernando,M Bhanuka,S Sadamal,1,0,,,,,,,,,,,,,
1465847,2024/25,2025-02-07,Colombo Cricket Club Ground,3,32.5,32.5,Colombo Cricket Club,Kurunegala Youth Cricket Club,M Bhanuka,KNM Fernando,S Sadamal,0,0,,,,,,,,,,,,,
1465847,2024/25,2025-02-07,Colombo Cricket Club Ground,3,32.6,32.6,Colombo Cricket Club,Kurunegala Youth Cricket Club,M Bhanuka,KNM Fernando,S Sadamal,4,0,,,,,,,,,,,,,
1465847,2024/25,2025-02-07,Colombo Cricket Club Ground,3,33.1,33.1,Colombo Cricket Club,Kurunegala Youth Cricket Club,KNM Fernando,M Bhanuka,A Premaratne,0,0,,,,,,,,,,,,,
1465847,2024/25,2025-02-07,Colombo Cricket Club Ground,3,33.2,33.2,Colombo Cricket Club,Kurunegala Youth Cricket Club,KNM Fernando,M Bhanuka,A Premaratne,1,0,,,,,,,,,,,,,
1465847,2024/25,2025-02-07,Colombo Cricket Club Ground,3,33.3,33.3,Colombo Cricket Club,Kurunegala Youth Cricket Club,M Bhanuka,KNM Fernando,A Premaratne,0,0,,,,,,,,,,,,,
1465847,2024/25,2025-02-07,Colombo Cricket Club Ground,3,33.4,33.4,Colombo Cricket Club,Kurunegala Youth Cricket Club,M Bhanuka,KNM Fernando,A Premaratne,1,0,,,,,,,,,,,,,
1465847,2024/25,2025-02-07,Colombo Cricket Club Ground,3,33.5,33.5,Colombo Cricket Club,Kurunegala Youth Cricket Club,KNM Fernando,M Bhanuka,A Premaratne,0,0,,,,,,,,,,,,,
1465847,2024/25,2025-02-07,Colombo Cricket Club Ground,3,33.6,33.6,Colombo Cricket Club,Kurunegala Youth Cricket Club,KNM Fernando,M Bhanuka,A Premaratne,0,0,,,,,,,,,,,,,
1465847,2024/25,2025-02-07,Colombo Cricket Club Ground,3,34.1,34.1,Colombo Cricket Club,Kurunegala Youth Cricket Club,M Bhanuka,KNM Fernando,S Sadamal,1,0,,,,,,,,,,,,,
1465847,2024/25,2025-02-07,Colombo Cricket Club Ground,3,34.2,34.2,Colombo Cricket Club,Kurunegala Youth Cricket Club,KNM Fernando,M Bhanuka,S Sadamal,0,0,,,,,,,,,,,,,
1465847,2024/25,2025-02-07,Colombo Cricket Club Ground,3,34.3,34.3,Colombo Cricket Club,Kurunegala Youth Cricket Club,KNM Fernando,M Bhanuka,S Sadamal,1,0,,,,,,,,,,,,,
1465847,2024/25,2025-02-07,Colombo Cricket Club Ground,3,34.4,34.4,Colombo Cricket Club,Kurunegala Youth Cricket Club,M Bhanuka,KNM Fernando,S Sadamal,0,0,,,,,,,,,,,,,
1465847,2024/25,2025-02-07,Colombo Cricket Club Ground,3,34.5,34.5,Colombo Cricket Club,Kurunegala Youth Cricket Club,M Bhanuka,KNM Fernando,S Sadamal,0,0,,,,,,,,,,,,,
1465847,2024/25,2025-02-07,Colombo Cricket Club Ground,3,34.6,34.6,Colombo Cricket Club,Kurunegala Youth Cricket Club,M Bhanuka,KNM Fernando,S Sadamal,1,0,,,,,,,,,,,,,
1465847,2024/25,2025-02-07,Colombo Cricket Club Ground,3,35.1,35.1,Colombo Cricket Club,Kurunegala Youth Cricket Club,M Bhanuka,KNM Fernando,A Premaratne,1,0,,,,,,,,,,,,,
1465847,2024/25,2025-02-07,Colombo Cricket Club Ground,3,35.2,35.2,Colombo Cricket Club,Kurunegala Youth Cricket Club,KNM Fernando,M Bhanuka,A Premaratne,4,0,,,,,,,,,,,,,
1465847,2024/25,2025-02-07,Colombo Cricket Club Ground,3,35.3,35.3,Colombo Cricket Club,Kurunegala Youth Cricket Club,KNM Fernando,M Bhanuka,A Premaratne,1,0,,,,,,,,,,,,,
1465847,2024/25,2025-02-07,Colombo Cricket Club Ground,3,35.4,35.4,Colombo Cricket Club,Kurunegala Youth Cricket Club,M Bhanuka,KNM Fernando,A Premaratne,0,0,,,,,,,,,,,,,
1465847,2024/25,2025-02-07,Colombo Cricket Club Ground,3,35.5,35.5,Colombo Cricket Club,Kurunegala Youth Cricket Club,M Bhanuka,KNM Fernando,A Premaratne,0,0,,,,,,,,,,,,,
1465847,2024/25,2025-02-07,Colombo Cricket Club Ground,3,35.6,35.6,Colombo Cricket Club,Kurunegala Youth Cricket Club,M Bhanuka,KNM Fernando,A Premaratne,0,0,,,,,,,,,,,,,
1465847,2024/25,2025-02-07,Colombo Cricket Club Ground,3,36.1,36.1,Colombo Cricket Club,Kurunegala Youth Cricket Club,KNM Fernando,M Bhanuka,S Sadamal,0,0,,,,,,,,,,,,,
1465847,2024/25,2025-02-07,Colombo Cricket Club Ground,3,36.2,36.2,Colombo Cricket Club,Kurunegala Youth Cricket Club,KNM Fernando,M Bhanuka,S Sadamal,0,0,,,,,,,,,,,,,
1465847,2024/25,2025-02-07,Colombo Cricket Club Ground,3,36.3,36.3,Colombo Cricket Club,Kurunegala Youth Cricket Club,KNM Fernando,M Bhanuka,S Sadamal,0,0,,,,,,,,,,,,,
1465847,2024/25,2025-02-07,Colombo Cricket Club Ground,3,36.4,36.4,Colombo Cricket Club,Kurunegala Youth Cricket Club,KNM Fernando,M Bhanuka,S Sadamal,1,0,,,,,,,,,,,,,
1465847,2024/25,2025-02-07,Colombo Cricket Club Ground,3,36.5,36.5,Colombo Cricket Club,Kurunegala Youth Cricket Club,M Bhanuka,KNM Fernando,S Sadamal,0,0,,,,,,,,,,,,,
1465847,2024/25,2025-02-07,Colombo Cricket Club Ground,3,36.6,36.6,Colombo Cricket Club,Kurunegala Youth Cricket Club,M Bhanuka,KNM Fernando,S Sadamal,0,0,,,,,,,,,,,,,
1465847,2024/25,2025-02-07,Colombo Cricket Club Ground,3,37.1,37.1,Colombo Cricket Club,Kurunegala Youth Cricket Club,KNM Fernando,M Bhanuka,A Premaratne,4,0,,,,,,,,,,,,,
1465847,2024/25,2025-02-07,Colombo Cricket Club Ground,3,37.2,37.2,Colombo Cricket Club,Kurunegala Youth Cricket Club,KNM Fernando,M Bhanuka,A Premaratne,0,0,,,,,,,,,,,,,
1465847,2024/25,2025-02-07,Colombo Cricket Club Ground,3,37.3,37.3,Colombo Cricket Club,Kurunegala Youth Cricket Club,KNM Fernando,M Bhanuka,A Premaratne,1,0,,,,,,,,,,,,,
1465847,2024/25,2025-02-07,Colombo Cricket Club Ground,3,37.4,37.4,Colombo Cricket Club,Kurunegala Youth Cricket Club,M Bhanuka,KNM Fernando,A Premaratne,0,0,,,,,,,,,,,,,
1465847,2024/25,2025-02-07,Colombo Cricket Club Ground,3,37.5,37.5,Colombo Cricket Club,Kurunegala Youth Cricket Club,M Bhanuka,KNM Fernando,A Premaratne,1,0,,,,,,,,,,,,,
1465847,2024/25,2025-02-07,Colombo Cricket Club Ground,3,37.6,37.6,Colombo Cricket Club,Kurunegala Youth Cricket Club,KNM Fernando,M Bhanuka,A Premaratne,4,0,,,,,,,,,,,,,
1465847,2024/25,2025-02-07,Colombo Cricket Club Ground,3,38.1,38.1,Colombo Cricket Club,Kurunegala Youth Cricket Club,M Bhanuka,KNM Fernando,HGK Dilshan,4,0,,,,,,,,,,,,,
1465847,2024/25,2025-02-07,Colombo Cricket Club Ground,3,38.2,38.2,Colombo Cricket Club,Kurunegala Youth Cricket Club,M Bhanuka,KNM Fernando,HGK Dilshan,2,0,,,,,,,,,,,,,
1465847,2024/25,2025-02-07,Colombo Cricket Club Ground,3,38.3,38.3,Colombo Cricket Club,Kurunegala Youth Cricket Club,M Bhanuka,KNM Fernando,HGK Dilshan,0,0,,,,,,,,,,,,,
1465847,2024/25,2025-02-07,Colombo Cricket Club Ground,3,38.4,38.4,Colombo Cricket Club,Kurunegala Youth Cricket Club,M Bhanuka,KNM Fernando,HGK Dilshan,0,0,,,,,,,,,,,,,
1465847,2024/25,2025-02-07,Colombo Cricket Club Ground,3,38.5,38.5,Colombo Cricket Club,Kurunegala Youth Cricket Club,M Bhanuka,KNM Fernando,HGK Dilshan,0,0,,,,,,,,,,,,,
1465847,2024/25,2025-02-07,Colombo Cricket Club Ground,3,38.6,38.6,Colombo Cricket Club,Kurunegala Youth Cricket Club,M Bhanuka,KNM Fernando,HGK Dilshan,0,0,,,,,,,,,,,,,
1465847,2024/25,2025-02-07,Colombo Cricket Club Ground,3,39.1,39.1,Colombo Cricket Club,Kurunegala Youth Cricket Club,KNM Fernando,M Bhanuka,S Sadamal,1,0,,,,,,,,,,,,,
1465847,2024/25,2025-02-07,Colombo Cricket Club Ground,3,39.2,39.2,Colombo Cricket Club,Kurunegala Youth Cricket Club,M Bhanuka,KNM Fernando,S Sadamal,0,0,,,,,,,,,,,,,
1465847,2024/25,2025-02-07,Colombo Cricket Club Ground,3,39.3,39.3,Colombo Cricket Club,Kurunegala Youth Cricket Club,M Bhanuka,KNM Fernando,S Sadamal,0,0,,,,,,,caught and bowled,M Bhanuka,,,,,
1465847,2024/25,2025-02-07,Colombo Cricket Club Ground,3,39.4,39.4,Colombo Cricket Club,Kurunegala Youth Cricket Club,P Rathnayake,KNM Fernando,S Sadamal,0,0,,,,,,,,,,,,,
1465847,2024/25,2025-02-07,Colombo Cricket Club Ground,3,39.5,39.5,Colombo Cricket Club,Kurunegala Youth Cricket Club,P Rathnayake,KNM Fernando,S Sadamal,4,0,,,,,,,,,,,,,
1465847,2024/25,2025-02-07,Colombo Cricket Club Ground,3,39.6,39.6,Colombo Cricket Club,Kurunegala Youth Cricket Club,P Rathnayake,KNM Fernando,S Sadamal,0,0,,,,,,,,,,,,,
1465847,2024/25,2025-02-07,Colombo Cricket Club Ground,3,40.1,40.1,Colombo Cricket Club,Kurunegala Youth Cricket Club,KNM Fernando,P Rathnayake,HGK Dilshan,1,0,,,,,,,,,,,,,
1465847,2024/25,2025-02-07,Colombo Cricket Club Ground,3,40.2,40.2,Colombo Cricket Club,Kurunegala Youth Cricket Club,P Rathnayake,KNM Fernando,HGK Dilshan,0,0,,,,,,,,,,,,,
1465847,2024/25,2025-02-07,Colombo Cricket Club Ground,3,40.3,40.3,Colombo Cricket Club,Kurunegala Youth Cricket Club,P Rathnayake,KNM Fernando,HGK Dilshan,0,0,,,,,,,,,,,,,
1465847,2024/25,2025-02-07,Colombo Cricket Club Ground,3,40.4,40.4,Colombo Cricket Club,Kurunegala Youth Cricket Club,P Rathnayake,KNM Fernando,HGK Dilshan,1,0,,,,,,,,,,,,,
1465847,2024/25,2025-02-07,Colombo Cricket Club Ground,3,40.5,40.5,Colombo Cricket Club,Kurunegala Youth Cricket Club,KNM Fernando,P Rathnayake,HGK Dilshan,1,0,,,,,,,,,,,,,
1465847,2024/25,2025-02-07,Colombo Cricket Club Ground,3,40.6,40.6,Colombo Cricket Club,Kurunegala Youth Cricket Club,P Rathnayake,KNM Fernando,HGK Dilshan,0,0,,,,,,,,,,,,,
1465847,2024/25,2025-02-07,Colombo Cricket Club Ground,3,41.1,41.1,Colombo Cricket Club,Kurunegala Youth Cricket Club,KNM Fernando,P Rathnayake,S Sadamal,0,0,,,,,,,,,,,,,
1465847,2024/25,2025-02-07,Colombo Cricket Club Ground,3,41.2,41.2,Colombo Cricket Club,Kurunegala Youth Cricket Club,KNM Fernando,P Rathnayake,S Sadamal,0,0,,,,,,,,,,,,,
1465847,2024/25,2025-02-07,Colombo Cricket Club Ground,3,41.3,41.3,Colombo Cricket Club,Kurunegala Youth Cricket Club,KNM Fernando,P Rathnayake,S Sadamal,1,0,,,,,,,,,,,,,
1465847,2024/25,2025-02-07,Colombo Cricket Club Ground,3,41.4,41.4,Colombo Cricket Club,Kurunegala Youth Cricket Club,P Rathnayake,KNM Fernando,S Sadamal,0,0,,,,,,,,,,,,,
1465847,2024/25,2025-02-07,Colombo Cricket Club Ground,3,41.5,41.5,Colombo Cricket Club,Kurunegala Youth Cricket Club,P Rathnayake,KNM Fernando,S Sadamal,1,0,,,,,,,,,,,,,
1465847,2024/25,2025-02-07,Colombo Cricket Club Ground,3,41.6,41.6,Colombo Cricket Club,Kurunegala Youth Cricket Club,KNM Fernando,P Rathnayake,S Sadamal,0,0,,,,,,,,,,,,,
1465847,2024/25,2025-02-07,Colombo Cricket Club Ground,3,42.1,42.1,Colombo Cricket Club,Kurunegala Youth Cricket Club,P Rathnayake,KNM Fernando,HGK Dilshan,4,0,,,,,,,,,,,,,
1465847,2024/25,2025-02-07,Colombo Cricket Club Ground,3,42.2,42.2,Colombo Cricket Club,Kurunegala Youth Cricket Club,P Rathnayake,KNM Fernando,HGK Dilshan,6,0,,,,,,,,,,,,,
1465847,2024/25,2025-02-07,Colombo Cricket Club Ground,3,42.3,42.3,Colombo Cricket Club,Kurunegala Youth Cricket Club,P Rathnayake,KNM Fernando,HGK Dilshan,0,0,,,,,,,,,,,,,
1465847,2024/25,2025-02-07,Colombo Cricket Club Ground,3,42.4,42.4,Colombo Cricket Club,Kurunegala Youth Cricket Club,P Rathnayake,KNM Fernando,HGK Dilshan,0,0,,,,,,,,,,,,,
1465847,2024/25,2025-02-07,Colombo Cricket Club Ground,3,42.5,42.5,Colombo Cricket Club,Kurunegala Youth Cricket Club,P Rathnayake,KNM Fernando,HGK Dilshan,1,0,,,,,,,,,,,,,
1465847,2024/25,2025-02-07,Colombo Cricket Club Ground,3,42.6,42.6,Colombo Cricket Club,Kurunegala Youth Cricket Club,KNM Fernando,P Rathnayake,HGK Dilshan,0,0,,,,,,,,,,,,,
1465847,2024/25,2025-02-07,Colombo Cricket Club Ground,3,43.1,43.1,Colombo Cricket Club,Kurunegala Youth Cricket Club,P Rathnayake,KNM Fernando,S Sadamal,3,0,,,,,,,,,,,,,
1465847,2024/25,2025-02-07,Colombo Cricket Club Ground,3,43.2,43.2,Colombo Cricket Club,Kurunegala Youth Cricket Club,KNM Fernando,P Rathnayake,S Sadamal,1,0,,,,,,,,,,,,,
1465847,2024/25,2025-02-07,Colombo Cricket Club Ground,3,43.3,43.3,Colombo Cricket Club,Kurunegala Youth Cricket Club,P Rathnayake,KNM Fernando,S Sadamal,4,0,,,,,,,,,,,,,
1465847,2024/25,2025-02-07,Colombo Cricket Club Ground,3,43.4,43.4,Colombo Cricket Club,Kurunegala Youth Cricket Club,P Rathnayake,KNM Fernando,S Sadamal,0,0,,,,,,,,,,,,,
1465847,2024/25,2025-02-07,Colombo Cricket Club Ground,3,43.5,43.5,Colombo Cricket Club,Kurunegala Youth Cricket Club,P Rathnayake,KNM Fernando,S Sadamal,0,0,,,,,,,,,,,,,
1465847,2024/25,2025-02-07,Colombo Cricket Club Ground,3,43.6,43.6,Colombo Cricket Club,Kurunegala Youth Cricket Club,P Rathnayake,KNM Fernando,S Sadamal,0,0,,,,,,,,,,,,,
1465847,2024/25,2025-02-07,Colombo Cricket Club Ground,3,44.1,44.1,Colombo Cricket Club,Kurunegala Youth Cricket Club,KNM Fernando,P Rathnayake,HGK Dilshan,0,0,,,,,,,,,,,,,
1465847,2024/25,2025-02-07,Colombo Cricket Club Ground,3,44.2,44.2,Colombo Cricket Club,Kurunegala Youth Cricket Club,KNM Fernando,P Rathnayake,HGK Dilshan,0,0,,,,,,,,,,,,,
1465847,2024/25,2025-02-07,Colombo Cricket Club Ground,3,44.3,44.3,Colombo Cricket Club,Kurunegala Youth Cricket Club,KNM Fernando,P Rathnayake,HGK Dilshan,0,0,,,,,,,,,,,,,
1465847,2024/25,2025-02-07,Colombo Cricket Club Ground,3,44.4,44.4,Colombo Cricket Club,Kurunegala Youth Cricket Club,KNM Fernando,P Rathnayake,HGK Dilshan,0,0,,,,,,,,,,,,,
1465847,2024/25,2025-02-07,Colombo Cricket Club Ground,3,44.5,44.5,Colombo Cricket Club,Kurunegala Youth Cricket Club,KNM Fernando,P Rathnayake,HGK Dilshan,0,0,,,,,,,,,,,,,
1465847,2024/25,2025-02-07,Colombo Cricket Club Ground,3,44.6,44.6,Colombo Cricket Club,Kurunegala Youth Cricket Club,KNM Fernando,P Rathnayake,HGK Dilshan,0,0,,,,,,,,,,,,,
1465847,2024/25,2025-02-07,Colombo Cricket Club Ground,3,45.1,45.1,Colombo Cricket Club,Kurunegala Youth Cricket Club,P Rathnayake,KNM Fernando,S Sadamal,0,0,,,,,,,,,,,,,
1465847,2024/25,2025-02-07,Colombo Cricket Club Ground,3,45.2,45.2,Colombo Cricket Club,Kurunegala Youth Cricket Club,P Rathnayake,KNM Fernando,S Sadamal,1,0,,,,,,,,,,,,,
1465847,2024/25,2025-02-07,Colombo Cricket Club Ground,3,45.3,45.3,Colombo Cricket Club,Kurunegala Youth Cricket Club,KNM Fernando,P Rathnayake,S Sadamal,0,0,,,,,,,,,,,,,
1465847,2024/25,2025-02-07,Colombo Cricket Club Ground,3,45.4,45.4,Colombo Cricket Club,Kurunegala Youth Cricket Club,KNM Fernando,P Rathnayake,S Sadamal,0,0,,,,,,,,,,,,,
1465847,2024/25,2025-02-07,Colombo Cricket Club Ground,3,45.5,45.5,Colombo Cricket Club,Kurunegala Youth Cricket Club,KNM Fernando,P Rathnayake,S Sadamal,4,0,,,,,,,,,,,,,
1465847,2024/25,2025-02-07,Colombo Cricket Club Ground,3,45.6,45.6,Colombo Cricket Club,Kurunegala Youth Cricket Club,KNM Fernando,P Rathnayake,S Sadamal,1,0,,,,,,,,,,,,,
1465847,2024/25,2025-02-07,Colombo Cricket Club Ground,3,46.1,46.1,Colombo Cricket Club,Kurunegala Youth Cricket Club,KNM Fernando,P Rathnayake,PLM Jayaratne,0,0,,,,,,,,,,,,,
1465847,2024/25,2025-02-07,Colombo Cricket Club Ground,3,46.2,46.2,Colombo Cricket Club,Kurunegala Youth Cricket Club,KNM Fernando,P Rathnayake,PLM Jayaratne,1,0,,,,,,,,,,,,,
1465847,2024/25,2025-02-07,Colombo Cricket Club Ground,3,46.3,46.3,Colombo Cricket Club,Kurunegala Youth Cricket Club,P Rathnayake,KNM Fernando,PLM Jayaratne,1,0,,,,,,,,,,,,,
1465847,2024/25,2025-02-07,Colombo Cricket Club Ground,3,46.4,46.4,Colombo Cricket Club,Kurunegala Youth Cricket Club,KNM Fernando,P Rathnayake,PLM Jayaratne,0,0,,,,,,,,,,,,,
1465847,2024/25,2025-02-07,Colombo Cricket Club Ground,3,46.5,46.5,Colombo Cricket Club,Kurunegala Youth Cricket Club,KNM Fernando,P Rathnayake,PLM Jayaratne,0,0,,,,,,,,,,,,,
1465847,2024/25,2025-02-07,Colombo Cricket Club Ground,3,46.6,46.6,Colombo Cricket Club,Kurunegala Youth Cricket Club,KNM Fernando,P Rathnayake,PLM Jayaratne,1,0,,,,,,,,,,,,,
1465847,2024/25,2025-02-07,Colombo Cricket Club Ground,3,47.1,47.1,Colombo Cricket Club,Kurunegala Youth Cricket Club,KNM Fernando,P Rathnayake,S Sadamal,2,0,,,,,,,,,,,,,
1465847,2024/25,2025-02-07,Colombo Cricket Club Ground,3,47.2,47.2,Colombo Cricket Club,Kurunegala Youth Cricket Club,KNM Fernando,P Rathnayake,S Sadamal,0,0,,,,,,,,,,,,,
1465847,2024/25,2025-02-07,Colombo Cricket Club Ground,3,47.3,47.3,Colombo Cricket Club,Kurunegala Youth Cricket Club,KNM Fernando,P Rathnayake,S Sadamal,1,0,,,,,,,,,,,,,
1465847,2024/25,2025-02-07,Colombo Cricket Club Ground,3,47.4,47.4,Colombo Cricket Club,Kurunegala Youth Cricket Club,P Rathnayake,KNM Fernando,S Sadamal,0,0,,,,,,,,,,,,,
1465847,2024/25,2025-02-07,Colombo Cricket Club Ground,3,47.5,47.5,Colombo Cricket Club,Kurunegala Youth Cricket Club,P Rathnayake,KNM Fernando,S Sadamal,0,0,,,,,,,,,,,,,
1465847,2024/25,2025-02-07,Colombo Cricket Club Ground,3,47.6,47.6,Colombo Cricket Club,Kurunegala Youth Cricket Club,P Rathnayake,KNM Fernando,S Sadamal,1,0,,,,,,,,,,,,,
1465847,2024/25,2025-02-07,Colombo Cricket Club Ground,3,48.1,48.1,Colombo Cricket Club,Kurunegala Youth Cricket Club,P Rathnayake,KNM Fernando,PLM Jayaratne,0,0,,,,,,,,,,,,,
1465847,2024/25,2025-02-07,Colombo Cricket Club Ground,3,48.2,48.2,Colombo Cricket Club,Kurunegala Youth Cricket Club,P Rathnayake,KNM Fernando,PLM Jayaratne,0,0,,,,,,,,,,,,,
1465847,2024/25,2025-02-07,Colombo Cricket Club Ground,3,48.3,48.3,Colombo Cricket Club,Kurunegala Youth Cricket Club,P Rathnayake,KNM Fernando,PLM Jayaratne,1,0,,,,,,,,,,,,,
1465847,2024/25,2025-02-07,Colombo Cricket Club Ground,3,48.4,48.4,Colombo Cricket Club,Kurunegala Youth Cricket Club,KNM Fernando,P Rathnayake,PLM Jayaratne,0,0,,,,,,,,,,,,,
1465847,2024/25,2025-02-07,Colombo Cricket Club Ground,3,48.5,48.5,Colombo Cricket Club,Kurunegala Youth Cricket Club,KNM Fernando,P Rathnayake,PLM Jayaratne,0,0,,,,,,,,,,,,,
1465847,2024/25,2025-02-07,Colombo Cricket Club Ground,3,48.6,48.6,Colombo Cricket Club,Kurunegala Youth Cricket Club,KNM Fernando,P Rathnayake,PLM Jayaratne,0,0,,,,,,,,,,,,,
1465847,2024/25,2025-02-07,Colombo Cricket Club Ground,3,49.1,49.1,Colombo Cricket Club,Kurunegala Youth Cricket Club,P Rathnayake,KNM Fernando,S Sadamal,1,0,,,,,,,,,,,,,
1465847,2024/25,2025-02-07,Colombo Cricket Club Ground,3,49.2,49.2,Colombo Cricket Club,Kurunegala Youth Cricket Club,KNM Fernando,P Rathnayake,S Sadamal,1,0,,,,,,,,,,,,,
1465847,2024/25,2025-02-07,Colombo Cricket Club Ground,3,49.3,49.3,Colombo Cricket Club,Kurunegala Youth Cricket Club,P Rathnayake,KNM Fernando,S Sadamal,0,0,,,,,,,,,,,,,
1465847,2024/25,2025-02-07,Colombo Cricket Club Ground,3,49.4,49.4,Colombo Cricket Club,Kurunegala Youth Cricket Club,P Rathnayake,KNM Fernando,S Sadamal,0,0,,,,,,,,,,,,,
1465847,2024/25,2025-02-07,Colombo Cricket Club Ground,3,49.5,49.5,Colombo Cricket Club,Kurunegala Youth Cricket Club,P Rathnayake,KNM Fernando,S Sadamal,1,0,,,,,,,,,,,,,
1465847,2024/25,2025-02-07,Colombo Cricket Club Ground,3,49.6,49.6,Colombo Cricket Club,Kurunegala Youth Cricket Club,KNM Fernando,P Rathnayake,S Sadamal,0,0,,,,,,,,,,,,,
1465847,2024/25,2025-02-07,Colombo Cricket Club Ground,3,50.1,50.1,Colombo Cricket Club,Kurunegala Youth Cricket Club,P Rathnayake,KNM Fernando,PLM Jayaratne,4,0,,,,,,,,,,,,,
1465847,2024/25,2025-02-07,Colombo Cricket Club Ground,3,50.2,50.2,Colombo Cricket Club,Kurunegala Youth Cricket Club,P Rathnayake,KNM Fernando,PLM Jayaratne,0,0,,,,,,,,,,,,,
1465847,2024/25,2025-02-07,Colombo Cricket Club Ground,3,50.3,50.3,Colombo Cricket Club,Kurunegala Youth Cricket Club,P Rathnayake,KNM Fernando,PLM Jayaratne,0,0,,,,,,,,,,,,,
1465847,2024/25,2025-02-07,Colombo Cricket Club Ground,3,50.4,50.4,Colombo Cricket Club,Kurunegala Youth Cricket Club,P Rathnayake,KNM Fernando,PLM Jayaratne,0,0,,,,,,,,,,,,,
1465847,2024/25,2025-02-07,Colombo Cricket Club Ground,3,50.5,50.5,Colombo Cricket Club,Kurunegala Youth Cricket Club,P Rathnayake,KNM Fernando,PLM Jayaratne,0,0,,,,,,,,,,,,,
1465847,2024/25,2025-02-07,Colombo Cricket Club Ground,3,50.6,50.6,Colombo Cricket Club,Kurunegala Youth Cricket Club,P Rathnayake,KNM Fernando,PLM Jayaratne,1,0,,,,,,,,,,,,,
1465847,2024/25,2025-02-07,Colombo Cricket Club Ground,3,51.1,51.1,Colombo Cricket Club,Kurunegala Youth Cricket Club,P Rathnayake,KNM Fernando,S Sadamal,0,0,,,,,,,,,,,,,
1465847,2024/25,2025-02-07,Colombo Cricket Club Ground,3,51.2,51.2,Colombo Cricket Club,Kurunegala Youth Cricket Club,P Rathnayake,KNM Fernando,S Sadamal,0,0,,,,,,,,,,,,,
1465847,2024/25,2025-02-07,Colombo Cricket Club Ground,3,51.3,51.3,Colombo Cricket Club,Kurunegala Youth Cricket Club,P Rathnayake,KNM Fernando,S Sadamal,0,0,,,,,,,,,,,,,
1465847,2024/25,2025-02-07,Colombo Cricket Club Ground,3,51.4,51.4,Colombo Cricket Club,Kurunegala Youth Cricket Club,P Rathnayake,KNM Fernando,S Sadamal,0,0,,,,,,,caught,P Rathnayake,,,LEK Edirisinghe,,
1465847,2024/25,2025-02-07,Colombo Cricket Club Ground,3,51.5,51.5,Colombo Cricket Club,Kurunegala Youth Cricket Club,A Bandara,KNM Fernando,S Sadamal,0,0,,,,,,,,,,,,,
1465847,2024/25,2025-02-07,Colombo Cricket Club Ground,3,51.6,51.6,Colombo Cricket Club,Kurunegala Youth Cricket Club,A Bandara,KNM Fernando,S Sadamal,0,0,,,,,,,,,,,,,
1465847,2024/25,2025-02-07,Colombo Cricket Club Ground,3,52.1,52.1,Colombo Cricket Club,Kurunegala Youth Cricket Club,KNM Fernando,A Bandara,PLM Jayaratne,0,0,,,,,,,,,,,,,
1465847,2024/25,2025-02-07,Colombo Cricket Club Ground,3,52.2,52.2,Colombo Cricket Club,Kurunegala Youth Cricket Club,KNM Fernando,A Bandara,PLM Jayaratne,0,0,,,,,,,,,,,,,
1465847,2024/25,2025-02-07,Colombo Cricket Club Ground,3,52.3,52.3,Colombo Cricket Club,Kurunegala Youth Cricket Club,KNM Fernando,A Bandara,PLM Jayaratne,1,0,,,,,,,,,,,,,
1465847,2024/25,2025-02-07,Colombo Cricket Club Ground,3,52.4,52.4,Colombo Cricket Club,Kurunegala Youth Cricket Club,A Bandara,KNM Fernando,PLM Jayaratne,0,0,,,,,,,,,,,,,
1465847,2024/25,2025-02-07,Colombo Cricket Club Ground,3,52.5,52.5,Colombo Cricket Club,Kurunegala Youth Cricket Club,A Bandara,KNM Fernando,PLM Jayaratne,2,0,,,,,,,,,,,,,
1465847,2024/25,2025-02-07,Colombo Cricket Club Ground,3,52.6,52.6,Colombo Cricket Club,Kurunegala Youth Cricket Club,A Bandara,KNM Fernando,PLM Jayaratne,0,0,,,,,,,,,,,,,
1465847,2024/25,2025-02-07,Colombo Cricket Club Ground,3,53.1,53.1,Colombo Cricket Club,Kurunegala Youth Cricket Club,KNM Fernando,A Bandara,S Sadamal,0,0,,,,,,,,,,,,,
1465847,2024/25,2025-02-07,Colombo Cricket Club Ground,3,53.2,53.2,Colombo Cricket Club,Kurunegala Youth Cricket Club,KNM Fernando,A Bandara,S Sadamal,1,0,,,,,,,,,,,,,
1465847,2024/25,2025-02-07,Colombo Cricket Club Ground,3,53.3,53.3,Colombo Cricket Club,Kurunegala Youth Cricket Club,A Bandara,KNM Fernando,S Sadamal,1,0,,,,,,,,,,,,,
1465847,2024/25,2025-02-07,Colombo Cricket Club Ground,3,53.4,53.4,Colombo Cricket Club,Kurunegala Youth Cricket Club,KNM Fernando,A Bandara,S Sadamal,0,0,,,,,,,,,,,,,
1465847,2024/25,2025-02-07,Colombo Cricket Club Ground,3,53.5,53.5,Colombo Cricket Club,Kurunegala Youth Cricket Club,KNM Fernando,A Bandara,S Sadamal,2,0,,,,,,,,,,,,,
1465847,2024/25,2025-02-07,Colombo Cricket Club Ground,3,53.6,53.6,Colombo Cricket Club,Kurunegala Youth Cricket Club,KNM Fernando,A Bandara,S Sadamal,1,0,,,,,,,,,,,,,
1465847,2024/25,2025-02-07,Colombo Cricket Club Ground,3,54.1,54.1,Colombo Cricket Club,Kurunegala Youth Cricket Club,KNM Fernando,A Bandara,PLM Jayaratne,4,0,,,,,,,,,,,,,
1465847,2024/25,2025-02-07,Colombo Cricket Club Ground,3,54.2,54.2,Colombo Cricket Club,Kurunegala Youth Cricket Club,KNM Fernando,A Bandara,PLM Jayaratne,0,0,,,,,,,,,,,,,
1465847,2024/25,2025-02-07,Colombo Cricket Club Ground,3,54.3,54.3,Colombo Cricket Club,Kurunegala Youth Cricket Club,KNM Fernando,A Bandara,PLM Jayaratne,4,0,,,,,,,,,,,,,
1465847,2024/25,2025-02-07,Colombo Cricket Club Ground,3,54.4,54.4,Colombo Cricket Club,Kurunegala Youth Cricket Club,KNM Fernando,A Bandara,PLM Jayaratne,1,0,,,,,,,,,,,,,
1465847,2024/25,2025-02-07,Colombo Cricket Club Ground,3,54.5,54.5,Colombo Cricket Club,Kurunegala Youth Cricket Club,A Bandara,KNM Fernando,PLM Jayaratne,4,0,,,,,,,,,,,,,
1465847,2024/25,2025-02-07,Colombo Cricket Club Ground,3,54.6,54.6,Colombo Cricket Club,Kurunegala Youth Cricket Club,A Bandara,KNM Fernando,PLM Jayaratne,0,0,,,,,,,,,,,,,
1465847,2024/25,2025-02-07,Colombo Cricket Club Ground,3,55.1,55.1,Colombo Cricket Club,Kurunegala Youth Cricket Club,KNM Fernando,A Bandara,S Sadamal,0,0,,,,,,,,,,,,,
1465847,2024/25,2025-02-07,Colombo Cricket Club Ground,3,55.2,55.2,Colombo Cricket Club,Kurunegala Youth Cricket Club,KNM Fernando,A Bandara,S Sadamal,0,0,,,,,,,,,,,,,
1465847,2024/25,2025-02-07,Colombo Cricket Club Ground,3,55.3,55.3,Colombo Cricket Club,Kurunegala Youth Cricket Club,KNM Fernando,A Bandara,S Sadamal,0,0,,,,,,,,,,,,,
1465847,2024/25,2025-02-07,Colombo Cricket Club Ground,3,55.4,55.4,Colombo Cricket Club,Kurunegala Youth Cricket Club,KNM Fernando,A Bandara,S Sadamal,0,0,,,,,,,,,,,,,
1465847,2024/25,2025-02-07,Colombo Cricket Club Ground,3,55.5,55.5,Colombo Cricket Club,Kurunegala Youth Cricket Club,KNM Fernando,A Bandara,S Sadamal,4,0,,,,,,,,,,,,,
1465847,2024/25,2025-02-07,Colombo Cricket Club Ground,3,55.6,55.6,Colombo Cricket Club,Kurunegala Youth Cricket Club,KNM Fernando,A Bandara,S Sadamal,0,0,,,,,,,,,,,,,
1465847,2024/25,2025-02-07,Colombo Cricket Club Ground,3,56.1,56.1,Colombo Cricket Club,Kurunegala Youth Cricket Club,A Bandara,KNM Fernando,HGK Dilshan,2,0,,,,,,,,,,,,,
1465847,2024/25,2025-02-07,Colombo Cricket Club Ground,3,56.2,56.2,Colombo Cricket Club,Kurunegala Youth Cricket Club,A Bandara,KNM Fernando,HGK Dilshan,4,0,,,,,,,,,,,,,
1465847,2024/25,2025-02-07,Colombo Cricket Club Ground,3,56.3,56.3,Colombo Cricket Club,Kurunegala Youth Cricket Club,A Bandara,KNM Fernando,HGK Dilshan,1,0,,,,,,,,,,,,,
1465847,2024/25,2025-02-07,Colombo Cricket Club Ground,3,56.4,56.4,Colombo Cricket Club,Kurunegala Youth Cricket Club,KNM Fernando,A Bandara,HGK Dilshan,1,0,,,,,,,,,,,,,
1465847,2024/25,2025-02-07,Colombo Cricket Club Ground,3,56.5,56.5,Colombo Cricket Club,Kurunegala Youth Cricket Club,A Bandara,KNM Fernando,HGK Dilshan,1,0,,,,,,,,,,,,,
1465847,2024/25,2025-02-07,Colombo Cricket Club Ground,3,56.6,56.6,Colombo Cricket Club,Kurunegala Youth Cricket Club,KNM Fernando,A Bandara,HGK Dilshan,0,0,,,,,,,,,,,,,
1465847,2024/25,2025-02-07,Colombo Cricket Club Ground,3,57.1,57.1,Colombo Cricket Club,Kurunegala Youth Cricket Club,A Bandara,KNM Fernando,S Sadamal,0,0,,,,,,,,,,,,,
1465847,2024/25,2025-02-07,Colombo Cricket Club Ground,3,57.2,57.2,Colombo Cricket Club,Kurunegala Youth Cricket Club,A Bandara,KNM Fernando,S Sadamal,0,0,,,,,,,,,,,,,
1465847,2024/25,2025-02-07,Colombo Cricket Club Ground,3,57.3,57.3,Colombo Cricket Club,Kurunegala Youth Cricket Club,A Bandara,KNM Fernando,S Sadamal,0,0,,,,,,,,,,,,,
1465847,2024/25,2025-02-07,Colombo Cricket Club Ground,3,57.4,57.4,Colombo Cricket Club,Kurunegala Youth Cricket Club,A Bandara,KNM Fernando,S Sadamal,0,0,,,,,,,,,,,,,
1465847,2024/25,2025-02-07,Colombo Cricket Club Ground,3,57.5,57.5,Colombo Cricket Club,Kurunegala Youth Cricket Club,A Bandara,KNM Fernando,S Sadamal,1,0,,,,,,,,,,,,,
1465847,2024/25,2025-02-07,Colombo Cricket Club Ground,3,57.6,57.6,Colombo Cricket Club,Kurunegala Youth Cricket Club,KNM Fernando,A Bandara,S Sadamal,4,0,,,,,,,,,,,,,
1465847,2024/25,2025-02-07,Colombo Cricket Club Ground,3,58.1,58.1,Colombo Cricket Club,Kurunegala Youth Cricket Club,A Bandara,KNM Fernando,HGK Dilshan,1,0,,,,,,,,,,,,,
1465847,2024/25,2025-02-07,Colombo Cricket Club Ground,3,58.2,58.2,Colombo Cricket Club,Kurunegala Youth Cricket Club,KNM Fernando,A Bandara,HGK Dilshan,1,0,,,,,,,,,,,,,
1465847,2024/25,2025-02-07,Colombo Cricket Club Ground,3,58.3,58.3,Colombo Cricket Club,Kurunegala Youth Cricket Club,A Bandara,KNM Fernando,HGK Dilshan,1,0,,,,,,,,,,,,,
1465847,2024/25,2025-02-07,Colombo Cricket Club Ground,3,58.4,58.4,Colombo Cricket Club,Kurunegala Youth Cricket Club,KNM Fernando,A Bandara,HGK Dilshan,0,0,,,,,,,,,,,,,
1465847,2024/25,2025-02-07,Colombo Cricket Club Ground,3,58.5,58.5,Colombo Cricket Club,Kurunegala Youth Cricket Club,KNM Fernando,A Bandara,HGK Dilshan,1,0,,,,,,,,,,,,,
1465847,2024/25,2025-02-07,Colombo Cricket Club Ground,3,58.6,58.6,Colombo Cricket Club,Kurunegala Youth Cricket Club,A Bandara,KNM Fernando,HGK Dilshan,1,0,,,,,,,,,,,,,
1465847,2024/25,2025-02-07,Colombo Cricket Club Ground,3,59.1,59.1,Colombo Cricket Club,Kurunegala Youth Cricket Club,A Bandara,KNM Fernando,S Sadamal,0,0,,,,,,,,,,,,,
1465847,2024/25,2025-02-07,Colombo Cricket Club Ground,3,59.2,59.2,Colombo Cricket Club,Kurunegala Youth Cricket Club,A Bandara,KNM Fernando,S Sadamal,0,0,,,,,,,,,,,,,
1465847,2024/25,2025-02-07,Colombo Cricket Club Ground,3,59.3,59.3,Colombo Cricket Club,Kurunegala Youth Cricket Club,A Bandara,KNM Fernando,S Sadamal,0,0,,,,,,,,,,,,,
1465847,2024/25,2025-02-07,Colombo Cricket Club Ground,3,59.4,59.4,Colombo Cricket Club,Kurunegala Youth Cricket Club,A Bandara,KNM Fernando,S Sadamal,1,0,,,,,,,,,,,,,
1465847,2024/25,2025-02-07,Colombo Cricket Club Ground,3,59.5,59.5,Colombo Cricket Club,Kurunegala Youth Cricket Club,KNM Fernando,A Bandara,S Sadamal,4,0,,,,,,,,,,,,,
1465847,2024/25,2025-02-07,Colombo Cricket Club Ground,3,59.6,59.6,Colombo Cricket Club,Kurunegala Youth Cricket Club,KNM Fernando,A Bandara,S Sadamal,0,0,,,,,,,,,,,,,
1465847,2024/25,2025-02-07,Colombo Cricket Club Ground,3,60.1,60.1,Colombo Cricket Club,Kurunegala Youth Cricket Club,A Bandara,KNM Fernando,HGK Dilshan,1,0,,,,,,,,,,,,,
1465847,2024/25,2025-02-07,Colombo Cricket Club Ground,3,60.2,60.2,Colombo Cricket Club,Kurunegala Youth Cricket Club,KNM Fernando,A Bandara,HGK Dilshan,0,0,,,,,,,,,,,,,
1465847,2024/25,2025-02-07,Colombo Cricket Club Ground,3,60.3,60.3,Colombo Cricket Club,Kurunegala Youth Cricket Club,KNM Fernando,A Bandara,HGK Dilshan,0,0,,,,,,,lbw,KNM Fernando,,,,,
1465847,2024/25,2025-02-07,Colombo Cricket Club Ground,3,60.4,60.4,Colombo Cricket Club,Kurunegala Youth Cricket Club,PADLR Sandakan,A Bandara,HGK Dilshan,0,0,,,,,,,,,,,,,
1465847,2024/25,2025-02-07,Colombo Cricket Club Ground,3,60.5,60.5,Colombo Cricket Club,Kurunegala Youth Cricket Club,PADLR Sandakan,A Bandara,HGK Dilshan,0,0,,,,,,,,,,,,,
1465847,2024/25,2025-02-07,Colombo Cricket Club Ground,3,60.6,60.6,Colombo Cricket Club,Kurunegala Youth Cricket Club,PADLR Sandakan,A Bandara,HGK Dilshan,0,0,,,,,,,,,,,,,
1465847,2024/25,2025-02-07,Colombo Cricket Club Ground,3,61.1,61.1,Colombo Cricket Club,Kurunegala Youth Cricket Club,A Bandara,PADLR Sandakan,LEK Edirisinghe,0,0,,,,,,,,,,,,,
1465847,2024/25,2025-02-07,Colombo Cricket Club Ground,3,61.2,61.2,Colombo Cricket Club,Kurunegala Youth Cricket Club,A Bandara,PADLR Sandakan,LEK Edirisinghe,0,0,,,,,,,caught,A Bandara,,,WWAG Maneeshan,,
1465847,2024/25,2025-02-07,Colombo Cricket Club Ground,3,61.3,61.3,Colombo Cricket Club,Kurunegala Youth Cricket Club,C Wijesinghe,PADLR Sandakan,LEK Edirisinghe,0,0,,,,,,,,,,,,,
1465847,2024/25,2025-02-07,Colombo Cricket Club Ground,3,61.4,61.4,Colombo Cricket Club,Kurunegala Youth Cricket Club,C Wijesinghe,PADLR Sandakan,LEK Edirisinghe,1,0,,,,,,,,,,,,,
1465847,2024/25,2025-02-07,Colombo Cricket Club Ground,3,61.5,61.5,Colombo Cricket Club,Kurunegala Youth Cricket Club,PADLR Sandakan,C Wijesinghe,LEK Edirisinghe,1,0,,,,,,,,,,,,,
1465847,2024/25,2025-02-07,Colombo Cricket Club Ground,3,61.6,61.6,Colombo Cricket Club,Kurunegala Youth Cricket Club,C Wijesinghe,PADLR Sandakan,LEK Edirisinghe,0,0,,,,,,,,,,,,,
1465847,2024/25,2025-02-07,Colombo Cricket Club Ground,3,62.1,62.1,Colombo Cricket Club,Kurunegala Youth Cricket Club,PADLR Sandakan,C Wijesinghe,HGK Dilshan,0,0,,,,,,,,,,,,,
1465847,2024/25,2025-02-07,Colombo Cricket Club Ground,3,62.2,62.2,Colombo Cricket Club,Kurunegala Youth Cricket Club,PADLR Sandakan,C Wijesinghe,HGK Dilshan,0,0,,,,,,,,,,,,,
1465847,2024/25,2025-02-07,Colombo Cricket Club Ground,3,62.3,62.3,Colombo Cricket Club,Kurunegala Youth Cricket Club,PADLR Sandakan,C Wijesinghe,HGK Dilshan,0,0,,,,,,,,,,,,,
1465847,2024/25,2025-02-07,Colombo Cricket Club Ground,3,62.4,62.4,Colombo Cricket Club,Kurunegala Youth Cricket Club,PADLR Sandakan,C Wijesinghe,HGK Dilshan,0,0,,,,,,,,,,,,,
1465847,2024/25,2025-02-07,Colombo Cricket Club Ground,3,62.5,62.5,Colombo Cricket Club,Kurunegala Youth Cricket Club,PADLR Sandakan,C Wijesinghe,HGK Dilshan,0,0,,,,,,,,,,,,,
1465847,2024/25,2025-02-07,Colombo Cricket Club Ground,3,62.6,62.6,Colombo Cricket Club,Kurunegala Youth Cricket Club,PADLR Sandakan,C Wijesinghe,HGK Dilshan,0,0,,,,,,,,,,,,,
1465847,2024/25,2025-02-07,Colombo Cricket Club Ground,3,63.1,63.1,Colombo Cricket Club,Kurunegala Youth Cricket Club,C Wijesinghe,PADLR Sandakan,D Malan,0,0,,,,,,,,,,,,,
1465847,2024/25,2025-02-07,Colombo Cricket Club Ground,3,63.2,63.2,Colombo Cricket Club,Kurunegala Youth Cricket Club,C Wijesinghe,PADLR Sandakan,D Malan,0,0,,,,,,,,,,,,,
1465847,2024/25,2025-02-07,Colombo Cricket Club Ground,3,63.3,63.3,Colombo Cricket Club,Kurunegala Youth Cricket Club,C Wijesinghe,PADLR Sandakan,D Malan,0,0,,,,,,,,,,,,,
1465847,2024/25,2025-02-07,Colombo Cricket Club Ground,3,63.4,63.4,Colombo Cricket Club,Kurunegala Youth Cricket Club,C Wijesinghe,PADLR Sandakan,D Malan,0,0,,,,,,,,,,,,,
1465847,2024/25,2025-02-07,Colombo Cricket Club Ground,3,63.5,63.5,Colombo Cricket Club,Kurunegala Youth Cricket Club,C Wijesinghe,PADLR Sandakan,D Malan,0,0,,,,,,,,,,,,,
1465847,2024/25,2025-02-07,Colombo Cricket Club Ground,3,63.6,63.6,Colombo Cricket Club,Kurunegala Youth Cricket Club,C Wijesinghe,PADLR Sandakan,D Malan,0,0,,,,,,,,,,,,,
1465847,2024/25,2025-02-07,Colombo Cricket Club Ground,3,64.1,64.1,Colombo Cricket Club,Kurunegala Youth Cricket Club,PADLR Sandakan,C Wijesinghe,HGK Dilshan,1,0,,,,,,,,,,,,,
1465847,2024/25,2025-02-07,Colombo Cricket Club Ground,3,64.2,64.2,Colombo Cricket Club,Kurunegala Youth Cricket Club,C Wijesinghe,PADLR Sandakan,HGK Dilshan,0,0,,,,,,,,,,,,,
1465847,2024/25,2025-02-07,Colombo Cricket Club Ground,3,64.3,64.3,Colombo Cricket Club,Kurunegala Youth Cricket Club,C Wijesinghe,PADLR Sandakan,HGK Dilshan,0,0,,,,,,,,,,,,,
1465847,2024/25,2025-02-07,Colombo Cricket Club Ground,3,64.4,64.4,Colombo Cricket Club,Kurunegala Youth Cricket Club,C Wijesinghe,PADLR Sandakan,HGK Dilshan,0,0,,,,,,,bowled,C Wijesinghe,,,,,
1465847,2024/25,2025-02-07,Colombo Cricket Club Ground,3,64.5,64.5,Colombo Cricket Club,Kurunegala Youth Cricket Club,PWH de Silva,PADLR Sandakan,HGK Dilshan,0,0,,,,,,,,,,,,,
1465847,2024/25,2025-02-07,Colombo Cricket Club Ground,3,64.6,64.6,Colombo Cricket Club,Kurunegala Youth Cricket Club,PWH de Silva,PADLR Sandakan,HGK Dilshan,0,0,,,,,,,,,,,,,
1465847,2024/25,2025-02-07,Colombo Cricket Club Ground,3,65.1,65.1,Colombo Cricket Club,Kurunegala Youth Cricket Club,PADLR Sandakan,PWH de Silva,D Malan,4,0,,,,,,,,,,,,,
1465847,2024/25,2025-02-07,Colombo Cricket Club Ground,3,65.2,65.2,Colombo Cricket Club,Kurunegala Youth Cricket Club,PADLR Sandakan,PWH de Silva,D Malan,1,0,,,,,,,,,,,,,
1465847,2024/25,2025-02-07,Colombo Cricket Club Ground,3,65.3,65.3,Colombo Cricket Club,Kurunegala Youth Cricket Club,PWH de Silva,PADLR Sandakan,D Malan,0,0,,,,,,,,,,,,,
1465847,2024/25,2025-02-07,Colombo Cricket Club Ground,3,65.4,65.4,Colombo Cricket Club,Kurunegala Youth Cricket Club,PWH de Silva,PADLR Sandakan,D Malan,0,0,,,,,,,run out,PADLR Sandakan,,,TD Polgampola,R Madushanka,
1465847,2024/25,2025-02-07,Colombo Cricket Club Ground,3,65.5,65.5,Colombo Cricket Club,Kurunegala Youth Cricket Club,I Karannagoda,PWH de Silva,D Malan,0,0,,,,,,,,,,,,,
1465847,2024/25,2025-02-07,Colombo Cricket Club Ground,3,65.6,65.6,Colombo Cricket Club,Kurunegala Youth Cricket Club,I Karannagoda,PWH de Silva,D Malan,0,0,,,,,,,,,,,,,
1465847,2024/25,2025-02-07,Colombo Cricket Club Ground,3,66.1,66.1,Colombo Cricket Club,Kurunegala Youth Cricket Club,PWH de Silva,I Karannagoda,HGK Dilshan,1,0,,,,,,,,,,,,,
1465847,2024/25,2025-02-07,Colombo Cricket Club Ground,3,66.2,66.2,Colombo Cricket Club,Kurunegala Youth Cricket Club,I Karannagoda,PWH de Silva,HGK Dilshan,1,0,,,,,,,,,,,,,
1465847,2024/25,2025-02-07,Colombo Cricket Club Ground,3,66.3,66.3,Colombo Cricket Club,Kurunegala Youth Cricket Club,PWH de Silva,I Karannagoda,HGK Dilshan,0,0,,,,,,,,,,,,,
1465847,2024/25,2025-02-07,Colombo Cricket Club Ground,3,66.4,66.4,Colombo Cricket Club,Kurunegala Youth Cricket Club,PWH de Silva,I Karannagoda,HGK Dilshan,4,0,,,,,,,,,,,,,
1465847,2024/25,2025-02-07,Colombo Cricket Club Ground,3,66.5,66.5,Colombo Cricket Club,Kurunegala Youth Cricket Club,PWH de Silva,I Karannagoda,HGK Dilshan,0,0,,,,,,,,,,,,,
1465847,2024/25,2025-02-07,Colombo Cricket Club Ground,3,66.6,66.6,Colombo Cricket Club,Kurunegala Youth Cricket Club,PWH de Silva,I Karannagoda,HGK Dilshan,1,0,,,,,,,,,,,,,
1465847,2024/25,2025-02-07,Colombo Cricket Club Ground,3,67.1,67.1,Colombo Cricket Club,Kurunegala Youth Cricket Club,PWH de Silva,I Karannagoda,D Malan,0,0,,,,,,,,,,,,,
1465847,2024/25,2025-02-07,Colombo Cricket Club Ground,3,67.2,67.2,Colombo Cricket Club,Kurunegala Youth Cricket Club,PWH de Silva,I Karannagoda,D Malan,1,0,,,,,,,,,,,,,
1465847,2024/25,2025-02-07,Colombo Cricket Club Ground,3,67.3,67.3,Colombo Cricket Club,Kurunegala Youth Cricket Club,I Karannagoda,PWH de Silva,D Malan,0,0,,,,,,,,,,,,,
1465847,2024/25,2025-02-07,Colombo Cricket Club Ground,3,67.4,67.4,Colombo Cricket Club,Kurunegala Youth Cricket Club,I Karannagoda,PWH de Silva,D Malan,0,0,,,,,,,caught,I Karannagoda,,,S Sadamal,,
1465847,2024/25,2025-02-07,Colombo Cricket Club Ground,3,67.5,67.5,Colombo Cricket Club,Kurunegala Youth Cricket Club,MVT Fernando,PWH de Silva,D Malan,1,0,,,,,,,,,,,,,
1465847,2024/25,2025-02-07,Colombo Cricket Club Ground,3,67.6,67.6,Colombo Cricket Club,Kurunegala Youth Cricket Club,PWH de Silva,MVT Fernando,D Malan,0,0,,,,,,,,,,,,,
1465847,2024/25,2025-02-07,Colombo Cricket Club Ground,3,68.1,68.1,Colombo Cricket Club,Kurunegala Youth Cricket Club,MVT Fernando,PWH de Silva,HGK Dilshan,0,0,,,,,,,,,,,,,
1465847,2024/25,2025-02-07,Colombo Cricket Club Ground,3,68.2,68.2,Colombo Cricket Club,Kurunegala Youth Cricket Club,MVT Fernando,PWH de Silva,HGK Dilshan,0,0,,,,,,,,,,,,,
1465847,2024/25,2025-02-07,Colombo Cricket Club Ground,3,68.3,68.3,Colombo Cricket Club,Kurunegala Youth Cricket Club,MVT Fernando,PWH de Silva,HGK Dilshan,0,0,,,,,,,,,,,,,
1465847,2024/25,2025-02-07,Colombo Cricket Club Ground,3,68.4,68.4,Colombo Cricket Club,Kurunegala Youth Cricket Club,MVT Fernando,PWH de Silva,HGK Dilshan,1,0,,,,,,,,,,,,,
1465847,2024/25,2025-02-07,Colombo Cricket Club Ground,3,68.5,68.5,Colombo Cricket Club,Kurunegala Youth Cricket Club,PWH de Silva,MVT Fernando,HGK Dilshan,0,0,,,,,,,,,,,,,
1465847,2024/25,2025-02-07,Colombo Cricket Club Ground,3,68.6,68.6,Colombo Cricket Club,Kurunegala Youth Cricket Club,PWH de Silva,MVT Fernando,HGK Dilshan,0,0,,,,,,,bowled,PWH de Silva,,,,,
1465847,2024/25,2025-02-07,Colombo Cricket Club Ground,4,0.1,0.1,Kurunegala Youth Cricket Club,Colombo Cricket Club,WWAG Maneeshan,TD Polgampola,MVT Fernando,0,1,,,,1,,,,,,,,,
1465847,2024/25,2025-02-07,Colombo Cricket Club Ground,4,0.2,0.2,Kurunegala Youth Cricket Club,Colombo Cricket Club,TD Polgampola,WWAG Maneeshan,MVT Fernando,0,0,,,,,,,,,,,,,
1465847,2024/25,2025-02-07,Colombo Cricket Club Ground,4,0.3,0.3,Kurunegala Youth Cricket Club,Colombo Cricket Club,TD Polgampola,WWAG Maneeshan,MVT Fernando,0,0,,,,,,,,,,,,,
1465847,2024/25,2025-02-07,Colombo Cricket Club Ground,4,0.4,0.4,Kurunegala Youth Cricket Club,Colombo Cricket Club,TD Polgampola,WWAG Maneeshan,MVT Fernando,0,0,,,,,,,,,,,,,
1465847,2024/25,2025-02-07,Colombo Cricket Club Ground,4,0.5,0.5,Kurunegala Youth Cricket Club,Colombo Cricket Club,TD Polgampola,WWAG Maneeshan,MVT Fernando,0,0,,,,,,,,,,,,,
1465847,2024/25,2025-02-07,Colombo Cricket Club Ground,4,0.6,0.6,Kurunegala Youth Cricket Club,Colombo Cricket Club,TD Polgampola,WWAG Maneeshan,MVT Fernando,0,0,,,,,,,,,,,,,
1465847,2024/25,2025-02-07,Colombo Cricket Club Ground,4,1.1,1.1,Kurunegala Youth Cricket Club,Colombo Cricket Club,WWAG Maneeshan,TD Polgampola,L Croospulle,1,0,,,,,,,,,,,,,
1465847,2024/25,2025-02-07,Colombo Cricket Club Ground,4,1.2,1.2,Kurunegala Youth Cricket Club,Colombo Cricket Club,TD Polgampola,WWAG Maneeshan,L Croospulle,0,1,,,,1,,,,,,,,,
1465847,2024/25,2025-02-07,Colombo Cricket Club Ground,4,1.3,1.3,Kurunegala Youth Cricket Club,Colombo Cricket Club,WWAG Maneeshan,TD Polgampola,L Croospulle,4,0,,,,,,,,,,,,,
1465847,2024/25,2025-02-07,Colombo Cricket Club Ground,4,1.4,1.4,Kurunegala Youth Cricket Club,Colombo Cricket Club,WWAG Maneeshan,TD Polgampola,L Croospulle,0,0,,,,,,,,,,,,,
1465847,2024/25,2025-02-07,Colombo Cricket Club Ground,4,1.5,1.5,Kurunegala Youth Cricket Club,Colombo Cricket Club,WWAG Maneeshan,TD Polgampola,L Croospulle,0,0,,,,,,,,,,,,,
1465847,2024/25,2025-02-07,Colombo Cricket Club Ground,4,1.6,1.6,Kurunegala Youth Cricket Club,Colombo Cricket Club,WWAG Maneeshan,TD Polgampola,L Croospulle,0,0,,,,,,,,,,,,,
1465847,2024/25,2025-02-07,Colombo Cricket Club Ground,4,2.1,2.1,Kurunegala Youth Cricket Club,Colombo Cricket Club,TD Polgampola,WWAG Maneeshan,MVT Fernando,1,0,,,,,,,,,,,,,
1465847,2024/25,2025-02-07,Colombo Cricket Club Ground,4,2.2,2.2,Kurunegala Youth Cricket Club,Colombo Cricket Club,WWAG Maneeshan,TD Polgampola,MVT Fernando,4,0,,,,,,,,,,,,,
1465847,2024/25,2025-02-07,Colombo Cricket Club Ground,4,2.3,2.3,Kurunegala Youth Cricket Club,Colombo Cricket Club,WWAG Maneeshan,TD Polgampola,MVT Fernando,0,0,,,,,,,,,,,,,
1465847,2024/25,2025-02-07,Colombo Cricket Club Ground,4,2.4,2.4,Kurunegala Youth Cricket Club,Colombo Cricket Club,WWAG Maneeshan,TD Polgampola,MVT Fernando,0,0,,,,,,,,,,,,,
1465847,2024/25,2025-02-07,Colombo Cricket Club Ground,4,2.5,2.5,Kurunegala Youth Cricket Club,Colombo Cricket Club,WWAG Maneeshan,TD Polgampola,MVT Fernando,1,0,,,,,,,,,,,,,
1465847,2024/25,2025-02-07,Colombo Cricket Club Ground,4,2.6,2.6,Kurunegala Youth Cricket Club,Colombo Cricket Club,TD Polgampola,WWAG Maneeshan,MVT Fernando,0,0,,,,,,,,,,,,,
1465847,2024/25,2025-02-07,Colombo Cricket Club Ground,4,3.1,3.1,Kurunegala Youth Cricket Club,Colombo Cricket Club,WWAG Maneeshan,TD Polgampola,L Croospulle,0,0,,,,,,,,,,,,,
1465847,2024/25,2025-02-07,Colombo Cricket Club Ground,4,3.2,3.2,Kurunegala Youth Cricket Club,Colombo Cricket Club,WWAG Maneeshan,TD Polgampola,L Croospulle,0,0,,,,,,,,,,,,,
1465847,2024/25,2025-02-07,Colombo Cricket Club Ground,4,3.3,3.3,Kurunegala Youth Cricket Club,Colombo Cricket Club,WWAG Maneeshan,TD Polgampola,L Croospulle,0,0,,,,,,,,,,,,,
1465847,2024/25,2025-02-07,Colombo Cricket Club Ground,4,3.4,3.4,Kurunegala Youth Cricket Club,Colombo Cricket Club,WWAG Maneeshan,TD Polgampola,L Croospulle,0,0,,,,,,,,,,,,,
1465847,2024/25,2025-02-07,Colombo Cricket Club Ground,4,3.5,3.5,Kurunegala Youth Cricket Club,Colombo Cricket Club,WWAG Maneeshan,TD Polgampola,L Croospulle,0,0,,,,,,,,,,,,,
1465847,2024/25,2025-02-07,Colombo Cricket Club Ground,4,3.6,3.6,Kurunegala Youth Cricket Club,Colombo Cricket Club,WWAG Maneeshan,TD Polgampola,L Croospulle,0,0,,,,,,,,,,,,,
1465847,2024/25,2025-02-07,Colombo Cricket Club Ground,4,4.1,4.1,Kurunegala Youth Cricket Club,Colombo Cricket Club,TD Polgampola,WWAG Maneeshan,MVT Fernando,0,0,,,,,,,,,,,,,
1465847,2024/25,2025-02-07,Colombo Cricket Club Ground,4,4.2,4.2,Kurunegala Youth Cricket Club,Colombo Cricket Club,TD Polgampola,WWAG Maneeshan,MVT Fernando,0,0,,,,,,,,,,,,,
1465847,2024/25,2025-02-07,Colombo Cricket Club Ground,4,4.3,4.3,Kurunegala Youth Cricket Club,Colombo Cricket Club,TD Polgampola,WWAG Maneeshan,MVT Fernando,0,0,,,,,,,,,,,,,
1465847,2024/25,2025-02-07,Colombo Cricket Club Ground,4,4.4,4.4,Kurunegala Youth Cricket Club,Colombo Cricket Club,TD Polgampola,WWAG Maneeshan,MVT Fernando,0,0,,,,,,,,,,,,,
1465847,2024/25,2025-02-07,Colombo Cricket Club Ground,4,4.5,4.5,Kurunegala Youth Cricket Club,Colombo Cricket Club,TD Polgampola,WWAG Maneeshan,MVT Fernando,1,0,,,,,,,,,,,,,
1465847,2024/25,2025-02-07,Colombo Cricket Club Ground,4,4.6,4.6,Kurunegala Youth Cricket Club,Colombo Cricket Club,WWAG Maneeshan,TD Polgampola,MVT Fernando,4,0,,,,,,,,,,,,,
1465847,2024/25,2025-02-07,Colombo Cricket Club Ground,4,5.1,5.1,Kurunegala Youth Cricket Club,Colombo Cricket Club,TD Polgampola,WWAG Maneeshan,L Croospulle,0,0,,,,,,,,,,,,,
1465847,2024/25,2025-02-07,Colombo Cricket Club Ground,4,5.2,5.2,Kurunegala Youth Cricket Club,Colombo Cricket Club,TD Polgampola,WWAG Maneeshan,L Croospulle,0,0,,,,,,,,,,,,,
1465847,2024/25,2025-02-07,Colombo Cricket Club Ground,4,5.3,5.3,Kurunegala Youth Cricket Club,Colombo Cricket Club,TD Polgampola,WWAG Maneeshan,L Croospulle,0,0,,,,,,,,,,,,,
1465847,2024/25,2025-02-07,Colombo Cricket Club Ground,4,5.4,5.4,Kurunegala Youth Cricket Club,Colombo Cricket Club,TD Polgampola,WWAG Maneeshan,L Croospulle,0,0,,,,,,,,,,,,,
1465847,2024/25,2025-02-07,Colombo Cricket Club Ground,4,5.5,5.5,Kurunegala Youth Cricket Club,Colombo Cricket Club,TD Polgampola,WWAG Maneeshan,L Croospulle,0,0,,,,,,,,,,,,,
1465847,2024/25,2025-02-07,Colombo Cricket Club Ground,4,5.6,5.6,Kurunegala Youth Cricket Club,Colombo Cricket Club,TD Polgampola,WWAG Maneeshan,L Croospulle,0,0,,,,,,,,,,,,,
1465847,2024/25,2025-02-07,Colombo Cricket Club Ground,4,6.1,6.1,Kurunegala Youth Cricket Club,Colombo Cricket Club,WWAG Maneeshan,TD Polgampola,PWH de Silva,1,0,,,,,,,,,,,,,
1465847,2024/25,2025-02-07,Colombo Cricket Club Ground,4,6.2,6.2,Kurunegala Youth Cricket Club,Colombo Cricket Club,TD Polgampola,WWAG Maneeshan,PWH de Silva,0,0,,,,,,,,,,,,,
1465847,2024/25,2025-02-07,Colombo Cricket Club Ground,4,6.3,6.3,Kurunegala Youth Cricket Club,Colombo Cricket Club,TD Polgampola,WWAG Maneeshan,PWH de Silva,0,0,,,,,,,,,,,,,
1465847,2024/25,2025-02-07,Colombo Cricket Club Ground,4,6.4,6.4,Kurunegala Youth Cricket Club,Colombo Cricket Club,TD Polgampola,WWAG Maneeshan,PWH de Silva,1,0,,,,,,,,,,,,,
1465847,2024/25,2025-02-07,Colombo Cricket Club Ground,4,6.5,6.5,Kurunegala Youth Cricket Club,Colombo Cricket Club,WWAG Maneeshan,TD Polgampola,PWH de Silva,0,0,,,,,,,,,,,,,
1465847,2024/25,2025-02-07,Colombo Cricket Club Ground,4,6.6,6.6,Kurunegala Youth Cricket Club,Colombo Cricket Club,WWAG Maneeshan,TD Polgampola,PWH de Silva,0,0,,,,,,,,,,,,,
1465847,2024/25,2025-02-07,Colombo Cricket Club Ground,4,7.1,7.1,Kurunegala Youth Cricket Club,Colombo Cricket Club,TD Polgampola,WWAG Maneeshan,L Croospulle,0,0,,,,,,,,,,,,,
1465847,2024/25,2025-02-07,Colombo Cricket Club Ground,4,7.2,7.2,Kurunegala Youth Cricket Club,Colombo Cricket Club,TD Polgampola,WWAG Maneeshan,L Croospulle,0,0,,,,,,,,,,,,,
1465847,2024/25,2025-02-07,Colombo Cricket Club Ground,4,7.3,7.3,Kurunegala Youth Cricket Club,Colombo Cricket Club,TD Polgampola,WWAG Maneeshan,L Croospulle,0,0,,,,,,,,,,,,,
1465847,2024/25,2025-02-07,Colombo Cricket Club Ground,4,7.4,7.4,Kurunegala Youth Cricket Club,Colombo Cricket Club,TD Polgampola,WWAG Maneeshan,L Croospulle,0,0,,,,,,,,,,,,,
1465847,2024/25,2025-02-07,Colombo Cricket Club Ground,4,7.5,7.5,Kurunegala Youth Cricket Club,Colombo Cricket Club,TD Polgampola,WWAG Maneeshan,L Croospulle,1,0,,,,,,,,,,,,,
1465847,2024/25,2025-02-07,Colombo Cricket Club Ground,4,7.6,7.6,Kurunegala Youth Cricket Club,Colombo Cricket Club,WWAG Maneeshan,TD Polgampola,L Croospulle,0,0,,,,,,,,,,,,,
1465847,2024/25,2025-02-07,Colombo Cricket Club Ground,4,8.1,8.1,Kurunegala Youth Cricket Club,Colombo Cricket Club,TD Polgampola,WWAG Maneeshan,PWH de Silva,1,0,,,,,,,,,,,,,
1465847,2024/25,2025-02-07,Colombo Cricket Club Ground,4,8.2,8.2,Kurunegala Youth Cricket Club,Colombo Cricket Club,WWAG Maneeshan,TD Polgampola,PWH de Silva,0,0,,,,,,,,,,,,,
1465847,2024/25,2025-02-07,Colombo Cricket Club Ground,4,8.3,8.3,Kurunegala Youth Cricket Club,Colombo Cricket Club,WWAG Maneeshan,TD Polgampola,PWH de Silva,1,0,,,,,,,,,,,,,
1465847,2024/25,2025-02-07,Colombo Cricket Club Ground,4,8.4,8.4,Kurunegala Youth Cricket Club,Colombo Cricket Club,TD Polgampola,WWAG Maneeshan,PWH de Silva,1,0,,,,,,,,,,,,,
1465847,2024/25,2025-02-07,Colombo Cricket Club Ground,4,8.5,8.5,Kurunegala Youth Cricket Club,Colombo Cricket Club,WWAG Maneeshan,TD Polgampola,PWH de Silva,1,0,,,,,,,,,,,,,
1465847,2024/25,2025-02-07,Colombo Cricket Club Ground,4,8.6,8.6,Kurunegala Youth Cricket Club,Colombo Cricket Club,TD Polgampola,WWAG Maneeshan,PWH de Silva,0,0,,,,,,,,,,,,,
1465847,2024/25,2025-02-07,Colombo Cricket Club Ground,4,9.1,9.1,Kurunegala Youth Cricket Club,Colombo Cricket Club,WWAG Maneeshan,TD Polgampola,L Croospulle,2,0,,,,,,,,,,,,,
1465847,2024/25,2025-02-07,Colombo Cricket Club Ground,4,9.2,9.2,Kurunegala Youth Cricket Club,Colombo Cricket Club,WWAG Maneeshan,TD Polgampola,L Croospulle,1,0,,,,,,,,,,,,,
1465847,2024/25,2025-02-07,Colombo Cricket Club Ground,4,9.3,9.3,Kurunegala Youth Cricket Club,Colombo Cricket Club,TD Polgampola,WWAG Maneeshan,L Croospulle,0,0,,,,,,,,,,,,,
1465847,2024/25,2025-02-07,Colombo Cricket Club Ground,4,9.4,9.4,Kurunegala Youth Cricket Club,Colombo Cricket Club,TD Polgampola,WWAG Maneeshan,L Croospulle,0,0,,,,,,,,,,,,,
1465847,2024/25,2025-02-07,Colombo Cricket Club Ground,4,9.5,9.5,Kurunegala Youth Cricket Club,Colombo Cricket Club,TD Polgampola,WWAG Maneeshan,L Croospulle,0,0,,,,,,,,,,,,,
1465847,2024/25,2025-02-07,Colombo Cricket Club Ground,4,9.6,9.6,Kurunegala Youth Cricket Club,Colombo Cricket Club,TD Polgampola,WWAG Maneeshan,L Croospulle,0,0,,,,,,,,,,,,,
1465847,2024/25,2025-02-07,Colombo Cricket Club Ground,4,10.1,10.1,Kurunegala Youth Cricket Club,Colombo Cricket Club,WWAG Maneeshan,TD Polgampola,PADLR Sandakan,0,0,,,,,,,,,,,,,
1465847,2024/25,2025-02-07,Colombo Cricket Club Ground,4,10.2,10.2,Kurunegala Youth Cricket Club,Colombo Cricket Club,WWAG Maneeshan,TD Polgampola,PADLR Sandakan,1,0,,,,,,,,,,,,,
1465847,2024/25,2025-02-07,Colombo Cricket Club Ground,4,10.3,10.3,Kurunegala Youth Cricket Club,Colombo Cricket Club,TD Polgampola,WWAG Maneeshan,PADLR Sandakan,1,0,,,,,,,,,,,,,
1465847,2024/25,2025-02-07,Colombo Cricket Club Ground,4,10.4,10.4,Kurunegala Youth Cricket Club,Colombo Cricket Club,WWAG Maneeshan,TD Polgampola,PADLR Sandakan,1,0,,,,,,,,,,,,,
1465847,2024/25,2025-02-07,Colombo Cricket Club Ground,4,10.5,10.5,Kurunegala Youth Cricket Club,Colombo Cricket Club,TD Polgampola,WWAG Maneeshan,PADLR Sandakan,0,0,,,,,,,lbw,TD Polgampola,,,,,
1465847,2024/25,2025-02-07,Colombo Cricket Club Ground,4,10.6,10.6,Kurunegala Youth Cricket Club,Colombo Cricket Club,G Weerasinghe,WWAG Maneeshan,PADLR Sandakan,0,0,,,,,,,,,,,,,
1465847,2024/25,2025-02-07,Colombo Cricket Club Ground,4,11.1,11.1,Kurunegala Youth Cricket Club,Colombo Cricket Club,WWAG Maneeshan,G Weerasinghe,L Croospulle,0,0,,,,,,,,,,,,,
1465847,2024/25,2025-02-07,Colombo Cricket Club Ground,4,11.2,11.2,Kurunegala Youth Cricket Club,Colombo Cricket Club,WWAG Maneeshan,G Weerasinghe,L Croospulle,0,0,,,,,,,,,,,,,
1465847,2024/25,2025-02-07,Colombo Cricket Club Ground,4,11.3,11.3,Kurunegala Youth Cricket Club,Colombo Cricket Club,WWAG Maneeshan,G Weerasinghe,L Croospulle,0,0,,,,,,,,,,,,,
1465847,2024/25,2025-02-07,Colombo Cricket Club Ground,4,11.4,11.4,Kurunegala Youth Cricket Club,Colombo Cricket Club,WWAG Maneeshan,G Weerasinghe,L Croospulle,0,0,,,,,,,,,,,,,
1465847,2024/25,2025-02-07,Colombo Cricket Club Ground,4,11.5,11.5,Kurunegala Youth Cricket Club,Colombo Cricket Club,WWAG Maneeshan,G Weerasinghe,L Croospulle,0,0,,,,,,,,,,,,,
1465847,2024/25,2025-02-07,Colombo Cricket Club Ground,4,11.6,11.6,Kurunegala Youth Cricket Club,Colombo Cricket Club,WWAG Maneeshan,G Weerasinghe,L Croospulle,0,0,,,,,,,,,,,,,
1465847,2024/25,2025-02-07,Colombo Cricket Club Ground,4,12.1,12.1,Kurunegala Youth Cricket Club,Colombo Cricket Club,G Weerasinghe,WWAG Maneeshan,PADLR Sandakan,1,0,,,,,,,,,,,,,
1465847,2024/25,2025-02-07,Colombo Cricket Club Ground,4,12.2,12.2,Kurunegala Youth Cricket Club,Colombo Cricket Club,WWAG Maneeshan,G Weerasinghe,PADLR Sandakan,1,0,,,,,,,,,,,,,
1465847,2024/25,2025-02-07,Colombo Cricket Club Ground,4,12.3,12.3,Kurunegala Youth Cricket Club,Colombo Cricket Club,G Weerasinghe,WWAG Maneeshan,PADLR Sandakan,0,0,,,,,,,,,,,,,
1465847,2024/25,2025-02-07,Colombo Cricket Club Ground,4,12.4,12.4,Kurunegala Youth Cricket Club,Colombo Cricket Club,G Weerasinghe,WWAG Maneeshan,PADLR Sandakan,0,0,,,,,,,,,,,,,
1465847,2024/25,2025-02-07,Colombo Cricket Club Ground,4,12.5,12.5,Kurunegala Youth Cricket Club,Colombo Cricket Club,G Weerasinghe,WWAG Maneeshan,PADLR Sandakan,4,0,,,,,,,,,,,,,
1465847,2024/25,2025-02-07,Colombo Cricket Club Ground,4,12.6,12.6,Kurunegala Youth Cricket Club,Colombo Cricket Club,G Weerasinghe,WWAG Maneeshan,PADLR Sandakan,0,0,,,,,,,,,,,,,
1465847,2024/25,2025-02-07,Colombo Cricket Club Ground,4,13.1,13.1,Kurunegala Youth Cricket Club,Colombo Cricket Club,WWAG Maneeshan,G Weerasinghe,PWH de Silva,1,0,,,,,,,,,,,,,
1465847,2024/25,2025-02-07,Colombo Cricket Club Ground,4,13.2,13.2,Kurunegala Youth Cricket Club,Colombo Cricket Club,G Weerasinghe,WWAG Maneeshan,PWH de Silva,0,0,,,,,,,,,,,,,
1465847,2024/25,2025-02-07,Colombo Cricket Club Ground,4,13.3,13.3,Kurunegala Youth Cricket Club,Colombo Cricket Club,G Weerasinghe,WWAG Maneeshan,PWH de Silva,0,0,,,,,,,,,,,,,
1465847,2024/25,2025-02-07,Colombo Cricket Club Ground,4,13.4,13.4,Kurunegala Youth Cricket Club,Colombo Cricket Club,G Weerasinghe,WWAG Maneeshan,PWH de Silva,1,0,,,,,,,,,,,,,
1465847,2024/25,2025-02-07,Colombo Cricket Club Ground,4,13.5,13.5,Kurunegala Youth Cricket Club,Colombo Cricket Club,WWAG Maneeshan,G Weerasinghe,PWH de Silva,0,0,,,,,,,,,,,,,
1465847,2024/25,2025-02-07,Colombo Cricket Club Ground,4,13.6,13.6,Kurunegala Youth Cricket Club,Colombo Cricket Club,WWAG Maneeshan,G Weerasinghe,PWH de Silva,0,0,,,,,,,,,,,,,
1465847,2024/25,2025-02-07,Colombo Cricket Club Ground,4,14.1,14.1,Kurunegala Youth Cricket Club,Colombo Cricket Club,G Weerasinghe,WWAG Maneeshan,PADLR Sandakan,0,0,,,,,,,,,,,,,
1465847,2024/25,2025-02-07,Colombo Cricket Club Ground,4,14.2,14.2,Kurunegala Youth Cricket Club,Colombo Cricket Club,G Weerasinghe,WWAG Maneeshan,PADLR Sandakan,0,0,,,,,,,,,,,,,
1465847,2024/25,2025-02-07,Colombo Cricket Club Ground,4,14.3,14.3,Kurunegala Youth Cricket Club,Colombo Cricket Club,G Weerasinghe,WWAG Maneeshan,PADLR Sandakan,0,0,,,,,,,bowled,G Weerasinghe,,,,,
1465847,2024/25,2025-02-07,Colombo Cricket Club Ground,4,14.4,14.4,Kurunegala Youth Cricket Club,Colombo Cricket Club,LEK Edirisinghe,WWAG Maneeshan,PADLR Sandakan,0,0,,,,,,,,,,,,,
1465847,2024/25,2025-02-07,Colombo Cricket Club Ground,4,14.5,14.5,Kurunegala Youth Cricket Club,Colombo Cricket Club,LEK Edirisinghe,WWAG Maneeshan,PADLR Sandakan,0,0,,,,,,,,,,,,,
1465847,2024/25,2025-02-07,Colombo Cricket Club Ground,4,14.6,14.6,Kurunegala Youth Cricket Club,Colombo Cricket Club,LEK Edirisinghe,WWAG Maneeshan,PADLR Sandakan,0,0,,,,,,,,,,,,,
1465847,2024/25,2025-02-07,Colombo Cricket Club Ground,4,15.1,15.1,Kurunegala Youth Cricket Club,Colombo Cricket Club,WWAG Maneeshan,LEK Edirisinghe,PWH de Silva,0,0,,,,,,,,,,,,,
1465847,2024/25,2025-02-07,Colombo Cricket Club Ground,4,15.2,15.2,Kurunegala Youth Cricket Club,Colombo Cricket Club,WWAG Maneeshan,LEK Edirisinghe,PWH de Silva,1,0,,,,,,,,,,,,,
1465847,2024/25,2025-02-07,Colombo Cricket Club Ground,4,15.3,15.3,Kurunegala Youth Cricket Club,Colombo Cricket Club,LEK Edirisinghe,WWAG Maneeshan,PWH de Silva,0,0,,,,,,,,,,,,,
1465847,2024/25,2025-02-07,Colombo Cricket Club Ground,4,15.4,15.4,Kurunegala Youth Cricket Club,Colombo Cricket Club,LEK Edirisinghe,WWAG Maneeshan,PWH de Silva,1,0,,,,,,,,,,,,,
1465847,2024/25,2025-02-07,Colombo Cricket Club Ground,4,15.5,15.5,Kurunegala Youth Cricket Club,Colombo Cricket Club,WWAG Maneeshan,LEK Edirisinghe,PWH de Silva,1,0,,,,,,,,,,,,,
1465847,2024/25,2025-02-07,Colombo Cricket Club Ground,4,15.6,15.6,Kurunegala Youth Cricket Club,Colombo Cricket Club,LEK Edirisinghe,WWAG Maneeshan,PWH de Silva,0,0,,,,,,,,,,,,,
1465847,2024/25,2025-02-07,Colombo Cricket Club Ground,4,16.1,16.1,Kurunegala Youth Cricket Club,Colombo Cricket Club,WWAG Maneeshan,LEK Edirisinghe,PADLR Sandakan,0,0,,,,,,,,,,,,,
1465847,2024/25,2025-02-07,Colombo Cricket Club Ground,4,16.2,16.2,Kurunegala Youth Cricket Club,Colombo Cricket Club,WWAG Maneeshan,LEK Edirisinghe,PADLR Sandakan,0,0,,,,,,,,,,,,,
1465847,2024/25,2025-02-07,Colombo Cricket Club Ground,4,16.3,16.3,Kurunegala Youth Cricket Club,Colombo Cricket Club,WWAG Maneeshan,LEK Edirisinghe,PADLR Sandakan,0,0,,,,,,,,,,,,,
1465847,2024/25,2025-02-07,Colombo Cricket Club Ground,4,16.4,16.4,Kurunegala Youth Cricket Club,Colombo Cricket Club,WWAG Maneeshan,LEK Edirisinghe,PADLR Sandakan,0,0,,,,,,,,,,,,,
1465847,2024/25,2025-02-07,Colombo Cricket Club Ground,4,16.5,16.5,Kurunegala Youth Cricket Club,Colombo Cricket Club,WWAG Maneeshan,LEK Edirisinghe,PADLR Sandakan,0,0,,,,,,,,,,,,,
1465847,2024/25,2025-02-07,Colombo Cricket Club Ground,4,16.6,16.6,Kurunegala Youth Cricket Club,Colombo Cricket Club,WWAG Maneeshan,LEK Edirisinghe,PADLR Sandakan,1,0,,,,,,,,,,,,,
1465847,2024/25,2025-02-07,Colombo Cricket Club Ground,4,17.1,17.1,Kurunegala Youth Cricket Club,Colombo Cricket Club,WWAG Maneeshan,LEK Edirisinghe,PWH de Silva,1,0,,,,,,,,,,,,,
1465847,2024/25,2025-02-07,Colombo Cricket Club Ground,4,17.2,17.2,Kurunegala Youth Cricket Club,Colombo Cricket Club,LEK Edirisinghe,WWAG Maneeshan,PWH de Silva,0,0,,,,,,,,,,,,,
1465847,2024/25,2025-02-07,Colombo Cricket Club Ground,4,17.3,17.3,Kurunegala Youth Cricket Club,Colombo Cricket Club,LEK Edirisinghe,WWAG Maneeshan,PWH de Silva,0,0,,,,,,,,,,,,,
1465847,2024/25,2025-02-07,Colombo Cricket Club Ground,4,17.4,17.4,Kurunegala Youth Cricket Club,Colombo Cricket Club,LEK Edirisinghe,WWAG Maneeshan,PWH de Silva,1,0,,,,,,,,,,,,,
1465847,2024/25,2025-02-07,Colombo Cricket Club Ground,4,17.5,17.5,Kurunegala Youth Cricket Club,Colombo Cricket Club,WWAG Maneeshan,LEK Edirisinghe,PWH de Silva,0,0,,,,,,,,,,,,,
1465847,2024/25,2025-02-07,Colombo Cricket Club Ground,4,17.6,17.6,Kurunegala Youth Cricket Club,Colombo Cricket Club,WWAG Maneeshan,LEK Edirisinghe,PWH de Silva,4,0,,,,,,,,,,,,,
1465847,2024/25,2025-02-07,Colombo Cricket Club Ground,4,18.1,18.1,Kurunegala Youth Cricket Club,Colombo Cricket Club,LEK Edirisinghe,WWAG Maneeshan,PADLR Sandakan,0,0,,,,,,,,,,,,,
1465847,2024/25,2025-02-07,Colombo Cricket Club Ground,4,18.2,18.2,Kurunegala Youth Cricket Club,Colombo Cricket Club,LEK Edirisinghe,WWAG Maneeshan,PADLR Sandakan,0,0,,,,,,,,,,,,,
1465847,2024/25,2025-02-07,Colombo Cricket Club Ground,4,18.3,18.3,Kurunegala Youth Cricket Club,Colombo Cricket Club,LEK Edirisinghe,WWAG Maneeshan,PADLR Sandakan,0,0,,,,,,,,,,,,,
1465847,2024/25,2025-02-07,Colombo Cricket Club Ground,4,18.4,18.4,Kurunegala Youth Cricket Club,Colombo Cricket Club,LEK Edirisinghe,WWAG Maneeshan,PADLR Sandakan,0,0,,,,,,,,,,,,,
1465847,2024/25,2025-02-07,Colombo Cricket Club Ground,4,18.5,18.5,Kurunegala Youth Cricket Club,Colombo Cricket Club,LEK Edirisinghe,WWAG Maneeshan,PADLR Sandakan,0,0,,,,,,,,,,,,,
1465847,2024/25,2025-02-07,Colombo Cricket Club Ground,4,18.6,18.6,Kurunegala Youth Cricket Club,Colombo Cricket Club,LEK Edirisinghe,WWAG Maneeshan,PADLR Sandakan,0,0,,,,,,,,,,,,,
1465847,2024/25,2025-02-07,Colombo Cricket Club Ground,4,19.1,19.1,Kurunegala Youth Cricket Club,Colombo Cricket Club,WWAG Maneeshan,LEK Edirisinghe,PWH de Silva,0,0,,,,,,,,,,,,,
1465847,2024/25,2025-02-07,Colombo Cricket Club Ground,4,19.2,19.2,Kurunegala Youth Cricket Club,Colombo Cricket Club,WWAG Maneeshan,LEK Edirisinghe,PWH de Silva,1,0,,,,,,,,,,,,,
1465847,2024/25,2025-02-07,Colombo Cricket Club Ground,4,19.3,19.3,Kurunegala Youth Cricket Club,Colombo Cricket Club,LEK Edirisinghe,WWAG Maneeshan,PWH de Silva,0,0,,,,,,,,,,,,,
1465847,2024/25,2025-02-07,Colombo Cricket Club Ground,4,19.4,19.4,Kurunegala Youth Cricket Club,Colombo Cricket Club,LEK Edirisinghe,WWAG Maneeshan,PWH de Silva,0,0,,,,,,,,,,,,,
1465847,2024/25,2025-02-07,Colombo Cricket Club Ground,4,19.5,19.5,Kurunegala Youth Cricket Club,Colombo Cricket Club,LEK Edirisinghe,WWAG Maneeshan,PWH de Silva,1,0,,,,,,,,,,,,,
1465847,2024/25,2025-02-07,Colombo Cricket Club Ground,4,19.6,19.6,Kurunegala Youth Cricket Club,Colombo Cricket Club,WWAG Maneeshan,LEK Edirisinghe,PWH de Silva,0,0,,,,,,,,,,,,,
1465847,2024/25,2025-02-07,Colombo Cricket Club Ground,4,20.1,20.1,Kurunegala Youth Cricket Club,Colombo Cricket Club,LEK Edirisinghe,WWAG Maneeshan,PADLR Sandakan,0,0,,,,,,,,,,,,,
1465847,2024/25,2025-02-07,Colombo Cricket Club Ground,4,20.2,20.2,Kurunegala Youth Cricket Club,Colombo Cricket Club,LEK Edirisinghe,WWAG Maneeshan,PADLR Sandakan,0,0,,,,,,,,,,,,,
1465847,2024/25,2025-02-07,Colombo Cricket Club Ground,4,20.3,20.3,Kurunegala Youth Cricket Club,Colombo Cricket Club,LEK Edirisinghe,WWAG Maneeshan,PADLR Sandakan,0,0,,,,,,,,,,,,,
1465847,2024/25,2025-02-07,Colombo Cricket Club Ground,4,20.4,20.4,Kurunegala Youth Cricket Club,Colombo Cricket Club,LEK Edirisinghe,WWAG Maneeshan,PADLR Sandakan,0,0,,,,,,,,,,,,,
1465847,2024/25,2025-02-07,Colombo Cricket Club Ground,4,20.5,20.5,Kurunegala Youth Cricket Club,Colombo Cricket Club,LEK Edirisinghe,WWAG Maneeshan,PADLR Sandakan,4,0,,,,,,,,,,,,,
1465847,2024/25,2025-02-07,Colombo Cricket Club Ground,4,20.6,20.6,Kurunegala Youth Cricket Club,Colombo Cricket Club,LEK Edirisinghe,WWAG Maneeshan,PADLR Sandakan,0,0,,,,,,,,,,,,,
1465847,2024/25,2025-02-07,Colombo Cricket Club Ground,4,21.1,21.1,Kurunegala Youth Cricket Club,Colombo Cricket Club,WWAG Maneeshan,LEK Edirisinghe,L Croospulle,1,0,,,,,,,,,,,,,
1465847,2024/25,2025-02-07,Colombo Cricket Club Ground,4,21.2,21.2,Kurunegala Youth Cricket Club,Colombo Cricket Club,LEK Edirisinghe,WWAG Maneeshan,L Croospulle,0,0,,,,,,,,,,,,,
1465847,2024/25,2025-02-07,Colombo Cricket Club Ground,4,21.3,21.3,Kurunegala Youth Cricket Club,Colombo Cricket Club,LEK Edirisinghe,WWAG Maneeshan,L Croospulle,4,0,,,,,,,,,,,,,
1465847,2024/25,2025-02-07,Colombo Cricket Club Ground,4,21.4,21.4,Kurunegala Youth Cricket Club,Colombo Cricket Club,LEK Edirisinghe,WWAG Maneeshan,L Croospulle,0,0,,,,,,,,,,,,,
1465847,2024/25,2025-02-07,Colombo Cricket Club Ground,4,21.5,21.5,Kurunegala Youth Cricket Club,Colombo Cricket Club,LEK Edirisinghe,WWAG Maneeshan,L Croospulle,4,0,,,,,,,,,,,,,
1465847,2024/25,2025-02-07,Colombo Cricket Club Ground,4,21.6,21.6,Kurunegala Youth Cricket Club,Colombo Cricket Club,LEK Edirisinghe,WWAG Maneeshan,L Croospulle,0,0,,,,,,,,,,,,,
1465847,2024/25,2025-02-07,Colombo Cricket Club Ground,4,22.1,22.1,Kurunegala Youth Cricket Club,Colombo Cricket Club,WWAG Maneeshan,LEK Edirisinghe,PADLR Sandakan,0,0,,,,,,,,,,,,,
1465847,2024/25,2025-02-07,Colombo Cricket Club Ground,4,22.2,22.2,Kurunegala Youth Cricket Club,Colombo Cricket Club,WWAG Maneeshan,LEK Edirisinghe,PADLR Sandakan,1,0,,,,,,,,,,,,,
1465847,2024/25,2025-02-07,Colombo Cricket Club Ground,4,22.3,22.3,Kurunegala Youth Cricket Club,Colombo Cricket Club,LEK Edirisinghe,WWAG Maneeshan,PADLR Sandakan,1,0,,,,,,,,,,,,,
1465847,2024/25,2025-02-07,Colombo Cricket Club Ground,4,22.4,22.4,Kurunegala Youth Cricket Club,Colombo Cricket Club,WWAG Maneeshan,LEK Edirisinghe,PADLR Sandakan,0,0,,,,,,,,,,,,,
1465847,2024/25,2025-02-07,Colombo Cricket Club Ground,4,22.5,22.5,Kurunegala Youth Cricket Club,Colombo Cricket Club,WWAG Maneeshan,LEK Edirisinghe,PADLR Sandakan,0,0,,,,,,,,,,,,,
1465847,2024/25,2025-02-07,Colombo Cricket Club Ground,4,22.6,22.6,Kurunegala Youth Cricket Club,Colombo Cricket Club,WWAG Maneeshan,LEK Edirisinghe,PADLR Sandakan,0,0,,,,,,,,,,,,,
1465847,2024/25,2025-02-07,Colombo Cricket Club Ground,4,23.1,23.1,Kurunegala Youth Cricket Club,Colombo Cricket Club,LEK Edirisinghe,WWAG Maneeshan,L Croospulle,0,0,,,,,,,,,,,,,
1465847,2024/25,2025-02-07,Colombo Cricket Club Ground,4,23.2,23.2,Kurunegala Youth Cricket Club,Colombo Cricket Club,LEK Edirisinghe,WWAG Maneeshan,L Croospulle,4,0,,,,,,,,,,,,,
1465847,2024/25,2025-02-07,Colombo Cricket Club Ground,4,23.3,23.3,Kurunegala Youth Cricket Club,Colombo Cricket Club,LEK Edirisinghe,WWAG Maneeshan,L Croospulle,1,0,,,,,,,,,,,,,
1465847,2024/25,2025-02-07,Colombo Cricket Club Ground,4,23.4,23.4,Kurunegala Youth Cricket Club,Colombo Cricket Club,WWAG Maneeshan,LEK Edirisinghe,L Croospulle,0,0,,,,,,,,,,,,,
1465847,2024/25,2025-02-07,Colombo Cricket Club Ground,4,23.5,23.5,Kurunegala Youth Cricket Club,Colombo Cricket Club,WWAG Maneeshan,LEK Edirisinghe,L Croospulle,1,0,,,,,,,,,,,,,
1465847,2024/25,2025-02-07,Colombo Cricket Club Ground,4,23.6,23.6,Kurunegala Youth Cricket Club,Colombo Cricket Club,LEK Edirisinghe,WWAG Maneeshan,L Croospulle,0,0,,,,,,,,,,,,,
1465847,2024/25,2025-02-07,Colombo Cricket Club Ground,4,24.1,24.1,Kurunegala Youth Cricket Club,Colombo Cricket Club,WWAG Maneeshan,LEK Edirisinghe,PADLR Sandakan,1,0,,,,,,,,,,,,,
1465847,2024/25,2025-02-07,Colombo Cricket Club Ground,4,24.2,24.2,Kurunegala Youth Cricket Club,Colombo Cricket Club,LEK Edirisinghe,WWAG Maneeshan,PADLR Sandakan,0,0,,,,,,,,,,,,,
1465847,2024/25,2025-02-07,Colombo Cricket Club Ground,4,24.3,24.3,Kurunegala Youth Cricket Club,Colombo Cricket Club,LEK Edirisinghe,WWAG Maneeshan,PADLR Sandakan,0,0,,,,,,,,,,,,,
1465847,2024/25,2025-02-07,Colombo Cricket Club Ground,4,24.4,24.4,Kurunegala Youth Cricket Club,Colombo Cricket Club,LEK Edirisinghe,WWAG Maneeshan,PADLR Sandakan,4,0,,,,,,,,,,,,,
1465847,2024/25,2025-02-07,Colombo Cricket Club Ground,4,24.5,24.5,Kurunegala Youth Cricket Club,Colombo Cricket Club,LEK Edirisinghe,WWAG Maneeshan,PADLR Sandakan,0,0,,,,,,,,,,,,,
1465847,2024/25,2025-02-07,Colombo Cricket Club Ground,4,24.6,24.6,Kurunegala Youth Cricket Club,Colombo Cricket Club,LEK Edirisinghe,WWAG Maneeshan,PADLR Sandakan,0,0,,,,,,,,,,,,,
1465847,2024/25,2025-02-07,Colombo Cricket Club Ground,4,25.1,25.1,Kurunegala Youth Cricket Club,Colombo Cricket Club,WWAG Maneeshan,LEK Edirisinghe,I Karannagoda,1,0,,,,,,,,,,,,,
1465847,2024/25,2025-02-07,Colombo Cricket Club Ground,4,25.2,25.2,Kurunegala Youth Cricket Club,Colombo Cricket Club,LEK Edirisinghe,WWAG Maneeshan,I Karannagoda,0,0,,,,,,,caught,LEK Edirisinghe,,,L Croospulle,,
1465847,2024/25,2025-02-07,Colombo Cricket Club Ground,4,25.3,25.3,Kurunegala Youth Cricket Club,Colombo Cricket Club,R Madushanka,WWAG Maneeshan,I Karannagoda,1,0,,,,,,,,,,,,,
1465847,2024/25,2025-02-07,Colombo Cricket Club Ground,4,25.4,25.4,Kurunegala Youth Cricket Club,Colombo Cricket Club,WWAG Maneeshan,R Madushanka,I Karannagoda,2,0,,,,,,,,,,,,,
1465847,2024/25,2025-02-07,Colombo Cricket Club Ground,4,25.5,25.5,Kurunegala Youth Cricket Club,Colombo Cricket Club,WWAG Maneeshan,R Madushanka,I Karannagoda,4,0,,,,,,,,,,,,,
1465847,2024/25,2025-02-07,Colombo Cricket Club Ground,4,25.6,25.6,Kurunegala Youth Cricket Club,Colombo Cricket Club,WWAG Maneeshan,R Madushanka,I Karannagoda,0,0,,,,,,,,,,,,,
1465847,2024/25,2025-02-07,Colombo Cricket Club Ground,4,26.1,26.1,Kurunegala Youth Cricket Club,Colombo Cricket Club,R Madushanka,WWAG Maneeshan,PADLR Sandakan,2,0,,,,,,,,,,,,,
1465847,2024/25,2025-02-07,Colombo Cricket Club Ground,4,26.2,26.2,Kurunegala Youth Cricket Club,Colombo Cricket Club,R Madushanka,WWAG Maneeshan,PADLR Sandakan,0,0,,,,,,,,,,,,,
1465847,2024/25,2025-02-07,Colombo Cricket Club Ground,4,26.3,26.3,Kurunegala Youth Cricket Club,Colombo Cricket Club,R Madushanka,WWAG Maneeshan,PADLR Sandakan,0,0,,,,,,,,,,,,,
1465847,2024/25,2025-02-07,Colombo Cricket Club Ground,4,26.4,26.4,Kurunegala Youth Cricket Club,Colombo Cricket Club,R Madushanka,WWAG Maneeshan,PADLR Sandakan,1,0,,,,,,,,,,,,,
1465847,2024/25,2025-02-07,Colombo Cricket Club Ground,4,26.5,26.5,Kurunegala Youth Cricket Club,Colombo Cricket Club,WWAG Maneeshan,R Madushanka,PADLR Sandakan,1,0,,,,,,,,,,,,,
1465847,2024/25,2025-02-07,Colombo Cricket Club Ground,4,26.6,26.6,Kurunegala Youth Cricket Club,Colombo Cricket Club,R Madushanka,WWAG Maneeshan,PADLR Sandakan,1,0,,,,,,,,,,,,,
1465847,2024/25,2025-02-07,Colombo Cricket Club Ground,4,27.1,27.1,Kurunegala Youth Cricket Club,Colombo Cricket Club,R Madushanka,WWAG Maneeshan,I Karannagoda,0,0,,,,,,,,,,,,,
1465847,2024/25,2025-02-07,Colombo Cricket Club Ground,4,27.2,27.2,Kurunegala Youth Cricket Club,Colombo Cricket Club,R Madushanka,WWAG Maneeshan,I Karannagoda,0,0,,,,,,,,,,,,,
1465847,2024/25,2025-02-07,Colombo Cricket Club Ground,4,27.3,27.3,Kurunegala Youth Cricket Club,Colombo Cricket Club,R Madushanka,WWAG Maneeshan,I Karannagoda,0,0,,,,,,,,,,,,,
1465847,2024/25,2025-02-07,Colombo Cricket Club Ground,4,27.4,27.4,Kurunegala Youth Cricket Club,Colombo Cricket Club,R Madushanka,WWAG Maneeshan,I Karannagoda,0,0,,,,,,,,,,,,,
1465847,2024/25,2025-02-07,Colombo Cricket Club Ground,4,27.5,27.5,Kurunegala Youth Cricket Club,Colombo Cricket Club,R Madushanka,WWAG Maneeshan,I Karannagoda,1,0,,,,,,,,,,,,,
1465847,2024/25,2025-02-07,Colombo Cricket Club Ground,4,27.6,27.6,Kurunegala Youth Cricket Club,Colombo Cricket Club,WWAG Maneeshan,R Madushanka,I Karannagoda,0,0,,,,,,,,,,,,,
1465847,2024/25,2025-02-07,Colombo Cricket Club Ground,4,28.1,28.1,Kurunegala Youth Cricket Club,Colombo Cricket Club,R Madushanka,WWAG Maneeshan,PADLR Sandakan,1,0,,,,,,,,,,,,,
1465847,2024/25,2025-02-07,Colombo Cricket Club Ground,4,28.2,28.2,Kurunegala Youth Cricket Club,Colombo Cricket Club,WWAG Maneeshan,R Madushanka,PADLR Sandakan,4,0,,,,,,,,,,,,,
1465847,2024/25,2025-02-07,Colombo Cricket Club Ground,4,28.3,28.3,Kurunegala Youth Cricket Club,Colombo Cricket Club,WWAG Maneeshan,R Madushanka,PADLR Sandakan,1,0,,,,,,,,,,,,,
1465847,2024/25,2025-02-07,Colombo Cricket Club Ground,4,28.4,28.4,Kurunegala Youth Cricket Club,Colombo Cricket Club,R Madushanka,WWAG Maneeshan,PADLR Sandakan,1,0,,,,,,,,,,,,,
1465847,2024/25,2025-02-07,Colombo Cricket Club Ground,4,28.5,28.5,Kurunegala Youth Cricket Club,Colombo Cricket Club,WWAG Maneeshan,R Madushanka,PADLR Sandakan,1,0,,,,,,,,,,,,,
1465847,2024/25,2025-02-07,Colombo Cricket Club Ground,4,28.6,28.6,Kurunegala Youth Cricket Club,Colombo Cricket Club,R Madushanka,WWAG Maneeshan,PADLR Sandakan,1,0,,,,,,,,,,,,,
1465847,2024/25,2025-02-07,Colombo Cricket Club Ground,4,29.1,29.1,Kurunegala Youth Cricket Club,Colombo Cricket Club,R Madushanka,WWAG Maneeshan,I Karannagoda,0,0,,,,,,,,,,,,,
1465847,2024/25,2025-02-07,Colombo Cricket Club Ground,4,29.2,29.2,Kurunegala Youth Cricket Club,Colombo Cricket Club,R Madushanka,WWAG Maneeshan,I Karannagoda,1,0,,,,,,,,,,,,,
1465847,2024/25,2025-02-07,Colombo Cricket Club Ground,4,29.3,29.3,Kurunegala Youth Cricket Club,Colombo Cricket Club,WWAG Maneeshan,R Madushanka,I Karannagoda,1,0,,,,,,,,,,,,,
1465847,2024/25,2025-02-07,Colombo Cricket Club Ground,4,29.4,29.4,Kurunegala Youth Cricket Club,Colombo Cricket Club,R Madushanka,WWAG Maneeshan,I Karannagoda,0,0,,,,,,,,,,,,,
1465847,2024/25,2025-02-07,Colombo Cricket Club Ground,4,29.5,29.5,Kurunegala Youth Cricket Club,Colombo Cricket Club,R Madushanka,WWAG Maneeshan,I Karannagoda,0,0,,,,,,,,,,,,,
1465847,2024/25,2025-02-07,Colombo Cricket Club Ground,4,29.6,29.6,Kurunegala Youth Cricket Club,Colombo Cricket Club,R Madushanka,WWAG Maneeshan,I Karannagoda,1,0,,,,,,,,,,,,,
1465847,2024/25,2025-02-07,Colombo Cricket Club Ground,4,30.1,30.1,Kurunegala Youth Cricket Club,Colombo Cricket Club,R Madushanka,WWAG Maneeshan,PWH de Silva,1,0,,,,,,,,,,,,,
1465847,2024/25,2025-02-07,Colombo Cricket Club Ground,4,30.2,30.2,Kurunegala Youth Cricket Club,Colombo Cricket Club,WWAG Maneeshan,R Madushanka,PWH de Silva,0,0,,,,,,,,,,,,,
1465847,2024/25,2025-02-07,Colombo Cricket Club Ground,4,30.3,30.3,Kurunegala Youth Cricket Club,Colombo Cricket Club,WWAG Maneeshan,R Madushanka,PWH de Silva,0,0,,,,,,,,,,,,,
1465847,2024/25,2025-02-07,Colombo Cricket Club Ground,4,30.4,30.4,Kurunegala Youth Cricket Club,Colombo Cricket Club,WWAG Maneeshan,R Madushanka,PWH de Silva,0,0,,,,,,,,,,,,,
1465847,2024/25,2025-02-07,Colombo Cricket Club Ground,4,30.5,30.5,Kurunegala Youth Cricket Club,Colombo Cricket Club,WWAG Maneeshan,R Madushanka,PWH de Silva,0,0,,,,,,,,,,,,,
1465847,2024/25,2025-02-07,Colombo Cricket Club Ground,4,30.6,30.6,Kurunegala Youth Cricket Club,Colombo Cricket Club,WWAG Maneeshan,R Madushanka,PWH de Silva,0,0,,,,,,,,,,,,,
1465847,2024/25,2025-02-07,Colombo Cricket Club Ground,4,31.1,31.1,Kurunegala Youth Cricket Club,Colombo Cricket Club,R Madushanka,WWAG Maneeshan,I Karannagoda,1,0,,,,,,,,,,,,,
1465847,2024/25,2025-02-07,Colombo Cricket Club Ground,4,31.2,31.2,Kurunegala Youth Cricket Club,Colombo Cricket Club,WWAG Maneeshan,R Madushanka,I Karannagoda,0,0,,,,,,,bowled,WWAG Maneeshan,,,,,
1465847,2024/25,2025-02-07,Colombo Cricket Club Ground,4,31.3,31.3,Kurunegala Youth Cricket Club,Colombo Cricket Club,S Sadamal,R Madushanka,I Karannagoda,0,0,,,,,,,,,,,,,
1465847,2024/25,2025-02-07,Colombo Cricket Club Ground,4,31.4,31.4,Kurunegala Youth Cricket Club,Colombo Cricket Club,S Sadamal,R Madushanka,I Karannagoda,0,0,,,,,,,,,,,,,
1465847,2024/25,2025-02-07,Colombo Cricket Club Ground,4,31.5,31.5,Kurunegala Youth Cricket Club,Colombo Cricket Club,S Sadamal,R Madushanka,I Karannagoda,0,0,,,,,,,,,,,,,
1465847,2024/25,2025-02-07,Colombo Cricket Club Ground,4,31.6,31.6,Kurunegala Youth Cricket Club,Colombo Cricket Club,S Sadamal,R Madushanka,I Karannagoda,0,0,,,,,,,,,,,,,
1465847,2024/25,2025-02-07,Colombo Cricket Club Ground,4,32.1,32.1,Kurunegala Youth Cricket Club,Colombo Cricket Club,R Madushanka,S Sadamal,PWH de Silva,2,0,,,,,,,,,,,,,
1465847,2024/25,2025-02-07,Colombo Cricket Club Ground,4,32.2,32.2,Kurunegala Youth Cricket Club,Colombo Cricket Club,R Madushanka,S Sadamal,PWH de Silva,1,0,,,,,,,,,,,,,
1465847,2024/25,2025-02-07,Colombo Cricket Club Ground,4,32.3,32.3,Kurunegala Youth Cricket Club,Colombo Cricket Club,S Sadamal,R Madushanka,PWH de Silva,0,0,,,,,,,,,,,,,
1465847,2024/25,2025-02-07,Colombo Cricket Club Ground,4,32.4,32.4,Kurunegala Youth Cricket Club,Colombo Cricket Club,S Sadamal,R Madushanka,PWH de Silva,4,0,,,,,,,,,,,,,
1465847,2024/25,2025-02-07,Colombo Cricket Club Ground,4,32.5,32.5,Kurunegala Youth Cricket Club,Colombo Cricket Club,S Sadamal,R Madushanka,PWH de Silva,0,0,,,,,,,,,,,,,
1465847,2024/25,2025-02-07,Colombo Cricket Club Ground,4,32.6,32.6,Kurunegala Youth Cricket Club,Colombo Cricket Club,S Sadamal,R Madushanka,PWH de Silva,0,0,,,,,,,,,,,,,
1465847,2024/25,2025-02-07,Colombo Cricket Club Ground,4,33.1,33.1,Kurunegala Youth Cricket Club,Colombo Cricket Club,R Madushanka,S Sadamal,I Karannagoda,1,0,,,,,,,,,,,,,
1465847,2024/25,2025-02-07,Colombo Cricket Club Ground,4,33.2,33.2,Kurunegala Youth Cricket Club,Colombo Cricket Club,S Sadamal,R Madushanka,I Karannagoda,0,0,,,,,,,caught,S Sadamal,,,P Rathnayake,,
1465847,2024/25,2025-02-07,Colombo Cricket Club Ground,4,33.3,33.3,Kurunegala Youth Cricket Club,Colombo Cricket Club,MLR Karunaratne,R Madushanka,I Karannagoda,0,4,,,4,,,,,,,,,,
1465847,2024/25,2025-02-07,Colombo Cricket Club Ground,4,33.4,33.4,Kurunegala Youth Cricket Club,Colombo Cricket Club,MLR Karunaratne,R Madushanka,I Karannagoda,0,0,,,,,,,lbw,MLR Karunaratne,,,,,
1465847,2024/25,2025-02-07,Colombo Cricket Club Ground,4,33.5,33.5,Kurunegala Youth Cricket Club,Colombo Cricket Club,D Malan,R Madushanka,I Karannagoda,0,0,,,,,,,,,,,,,
1465847,2024/25,2025-02-07,Colombo Cricket Club Ground,4,33.6,33.6,Kurunegala Youth Cricket Club,Colombo Cricket Club,D Malan,R Madushanka,I Karannagoda,0,0,,,,,,,,,,,,,
1465847,2024/25,2025-02-07,Colombo Cricket Club Ground,4,34.1,34.1,Kurunegala Youth Cricket Club,Colombo Cricket Club,R Madushanka,D Malan,PWH de Silva,0,0,,,,,,,,,,,,,
1465847,2024/25,2025-02-07,Colombo Cricket Club Ground,4,34.2,34.2,Kurunegala Youth Cricket Club,Colombo Cricket Club,R Madushanka,D Malan,PWH de Silva,1,0,,,,,,,,,,,,,
1465847,2024/25,2025-02-07,Colombo Cricket Club Ground,4,34.3,34.3,Kurunegala Youth Cricket Club,Colombo Cricket Club,D Malan,R Madushanka,PWH de Silva,0,0,,,,,,,,,,,,,
1465847,2024/25,2025-02-07,Colombo Cricket Club Ground,4,34.4,34.4,Kurunegala Youth Cricket Club,Colombo Cricket Club,D Malan,R Madushanka,PWH de Silva,0,0,,,,,,,,,,,,,
1465847,2024/25,2025-02-07,Colombo Cricket Club Ground,4,34.5,34.5,Kurunegala Youth Cricket Club,Colombo Cricket Club,D Malan,R Madushanka,PWH de Silva,1,0,,,,,,,,,,,,,
1465847,2024/25,2025-02-07,Colombo Cricket Club Ground,4,34.6,34.6,Kurunegala Youth Cricket Club,Colombo Cricket Club,R Madushanka,D Malan,PWH de Silva,0,0,,,,,,,,,,,,,
1465847,2024/25,2025-02-07,Colombo Cricket Club Ground,4,35.1,35.1,Kurunegala Youth Cricket Club,Colombo Cricket Club,D Malan,R Madushanka,I Karannagoda,0,0,,,,,,,,,,,,,
1465847,2024/25,2025-02-07,Colombo Cricket Club Ground,4,35.2,35.2,Kurunegala Youth Cricket Club,Colombo Cricket Club,D Malan,R Madushanka,I Karannagoda,0,0,,,,,,,,,,,,,
1465847,2024/25,2025-02-07,Colombo Cricket Club Ground,4,35.3,35.3,Kurunegala Youth Cricket Club,Colombo Cricket Club,D Malan,R Madushanka,I Karannagoda,0,0,,,,,,,,,,,,,
1465847,2024/25,2025-02-07,Colombo Cricket Club Ground,4,35.4,35.4,Kurunegala Youth Cricket Club,Colombo Cricket Club,D Malan,R Madushanka,I Karannagoda,0,0,,,,,,,,,,,,,
1465847,2024/25,2025-02-07,Colombo Cricket Club Ground,4,35.5,35.5,Kurunegala Youth Cricket Club,Colombo Cricket Club,D Malan,R Madushanka,I Karannagoda,1,0,,,,,,,,,,,,,
1465847,2024/25,2025-02-07,Colombo Cricket Club Ground,4,35.6,35.6,Kurunegala Youth Cricket Club,Colombo Cricket Club,R Madushanka,D Malan,I Karannagoda,0,0,,,,,,,,,,,,,
1465847,2024/25,2025-02-07,Colombo Cricket Club Ground,4,36.1,36.1,Kurunegala Youth Cricket Club,Colombo Cricket Club,D Malan,R Madushanka,PWH de Silva,0,0,,,,,,,,,,,,,
1465847,2024/25,2025-02-07,Colombo Cricket Club Ground,4,36.2,36.2,Kurunegala Youth Cricket Club,Colombo Cricket Club,D Malan,R Madushanka,PWH de Silva,0,0,,,,,,,,,,,,,
1465847,2024/25,2025-02-07,Colombo Cricket Club Ground,4,36.3,36.3,Kurunegala Youth Cricket Club,Colombo Cricket Club,D Malan,R Madushanka,PWH de Silva,1,0,,,,,,,,,,,,,
1465847,2024/25,2025-02-07,Colombo Cricket Club Ground,4,36.4,36.4,Kurunegala Youth Cricket Club,Colombo Cricket Club,R Madushanka,D Malan,PWH de Silva,6,0,,,,,,,,,,,,,
1465847,2024/25,2025-02-07,Colombo Cricket Club Ground,4,36.5,36.5,Kurunegala Youth Cricket Club,Colombo Cricket Club,R Madushanka,D Malan,PWH de Silva,4,0,,,,,,,,,,,,,
1465847,2024/25,2025-02-07,Colombo Cricket Club Ground,4,36.6,36.6,Kurunegala Youth Cricket Club,Colombo Cricket Club,R Madushanka,D Malan,PWH de Silva,0,0,,,,,,,,,,,,,
1465847,2024/25,2025-02-07,Colombo Cricket Club Ground,4,37.1,37.1,Kurunegala Youth Cricket Club,Colombo Cricket Club,D Malan,R Madushanka,I Karannagoda,1,0,,,,,,,,,,,,,
1465847,2024/25,2025-02-07,Colombo Cricket Club Ground,4,37.2,37.2,Kurunegala Youth Cricket Club,Colombo Cricket Club,R Madushanka,D Malan,I Karannagoda,1,0,,,,,,,,,,,,,
1465847,2024/25,2025-02-07,Colombo Cricket Club Ground,4,37.3,37.3,Kurunegala Youth Cricket Club,Colombo Cricket Club,D Malan,R Madushanka,I Karannagoda,1,0,,,,,,,,,,,,,
1465847,2024/25,2025-02-07,Colombo Cricket Club Ground,4,37.4,37.4,Kurunegala Youth Cricket Club,Colombo Cricket Club,R Madushanka,D Malan,I Karannagoda,0,0,,,,,,,,,,,,,
1465847,2024/25,2025-02-07,Colombo Cricket Club Ground,4,37.5,37.5,Kurunegala Youth Cricket Club,Colombo Cricket Club,R Madushanka,D Malan,I Karannagoda,0,0,,,,,,,,,,,,,
1465847,2024/25,2025-02-07,Colombo Cricket Club Ground,4,37.6,37.6,Kurunegala Youth Cricket Club,Colombo Cricket Club,R Madushanka,D Malan,I Karannagoda,0,0,,,,,,,,,,,,,
1465847,2024/25,2025-02-07,Colombo Cricket Club Ground,4,38.1,38.1,Kurunegala Youth Cricket Club,Colombo Cricket Club,D Malan,R Madushanka,PWH de Silva,2,0,,,,,,,,,,,,,
1465847,2024/25,2025-02-07,Colombo Cricket Club Ground,4,38.2,38.2,Kurunegala Youth Cricket Club,Colombo Cricket Club,D Malan,R Madushanka,PWH de Silva,0,0,,,,,,,,,,,,,
1465847,2024/25,2025-02-07,Colombo Cricket Club Ground,4,38.3,38.3,Kurunegala Youth Cricket Club,Colombo Cricket Club,D Malan,R Madushanka,PWH de Silva,0,0,,,,,,,,,,,,,
1465847,2024/25,2025-02-07,Colombo Cricket Club Ground,4,38.4,38.4,Kurunegala Youth Cricket Club,Colombo Cricket Club,D Malan,R Madushanka,PWH de Silva,4,0,,,,,,,,,,,,,
1465847,2024/25,2025-02-07,Colombo Cricket Club Ground,4,38.5,38.5,Kurunegala Youth Cricket Club,Colombo Cricket Club,D Malan,R Madushanka,PWH de Silva,0,0,,,,,,,,,,,,,
1465847,2024/25,2025-02-07,Colombo Cricket Club Ground,4,38.6,38.6,Kurunegala Youth Cricket Club,Colombo Cricket Club,D Malan,R Madushanka,PWH de Silva,0,0,,,,,,,,,,,,,
1465847,2024/25,2025-02-07,Colombo Cricket Club Ground,4,39.1,39.1,Kurunegala Youth Cricket Club,Colombo Cricket Club,R Madushanka,D Malan,I Karannagoda,0,0,,,,,,,,,,,,,
1465847,2024/25,2025-02-07,Colombo Cricket Club Ground,4,39.2,39.2,Kurunegala Youth Cricket Club,Colombo Cricket Club,R Madushanka,D Malan,I Karannagoda,0,0,,,,,,,,,,,,,
1465847,2024/25,2025-02-07,Colombo Cricket Club Ground,4,39.3,39.3,Kurunegala Youth Cricket Club,Colombo Cricket Club,R Madushanka,D Malan,I Karannagoda,0,0,,,,,,,,,,,,,
1465847,2024/25,2025-02-07,Colombo Cricket Club Ground,4,39.4,39.4,Kurunegala Youth Cricket Club,Colombo Cricket Club,R Madushanka,D Malan,I Karannagoda,0,0,,,,,,,,,,,,,
1465847,2024/25,2025-02-07,Colombo Cricket Club Ground,4,39.5,39.5,Kurunegala Youth Cricket Club,Colombo Cricket Club,R Madushanka,D Malan,I Karannagoda,1,0,,,,,,,,,,,,,
1465847,2024/25,2025-02-07,Colombo Cricket Club Ground,4,39.6,39.6,Kurunegala Youth Cricket Club,Colombo Cricket Club,D Malan,R Madushanka,I Karannagoda,0,0,,,,,,,,,,,,,
1465847,2024/25,2025-02-07,Colombo Cricket Club Ground,4,40.1,40.1,Kurunegala Youth Cricket Club,Colombo Cricket Club,R Madushanka,D Malan,PWH de Silva,0,0,,,,,,,caught,R Madushanka,,,SN Gunasinghe,,
1465847,2024/25,2025-02-07,Colombo Cricket Club Ground,4,40.2,40.2,Kurunegala Youth Cricket Club,Colombo Cricket Club,PLM Jayaratne,D Malan,PWH de Silva,0,0,,,,,,,,,,,,,
1465847,2024/25,2025-02-07,Colombo Cricket Club Ground,4,40.3,40.3,Kurunegala Youth Cricket Club,Colombo Cricket Club,PLM Jayaratne,D Malan,PWH de Silva,0,0,,,,,,,,,,,,,
1465847,2024/25,2025-02-07,Colombo Cricket Club Ground,4,40.4,40.4,Kurunegala Youth Cricket Club,Colombo Cricket Club,PLM Jayaratne,D Malan,PWH de Silva,0,0,,,,,,,,,,,,,
1465847,2024/25,2025-02-07,Colombo Cricket Club Ground,4,40.5,40.5,Kurunegala Youth Cricket Club,Colombo Cricket Club,PLM Jayaratne,D Malan,PWH de Silva,0,0,,,,,,,,,,,,,
1465847,2024/25,2025-02-07,Colombo Cricket Club Ground,4,40.6,40.6,Kurunegala Youth Cricket Club,Colombo Cricket Club,PLM Jayaratne,D Malan,PWH de Silva,0,0,,,,,,,bowled,PLM Jayaratne,,,,,
1465847,2024/25,2025-02-07,Colombo Cricket Club Ground,4,41.1,41.1,Kurunegala Youth Cricket Club,Colombo Cricket Club,D Malan,A Premaratne,I Karannagoda,0,0,,,,,,,,,,,,,
1465847,2024/25,2025-02-07,Colombo Cricket Club Ground,4,41.2,41.2,Kurunegala Youth Cricket Club,Colombo Cricket Club,D Malan,A Premaratne,I Karannagoda,0,0,,,,,,,,,,,,,
1465847,2024/25,2025-02-07,Colombo Cricket Club Ground,4,41.3,41.3,Kurunegala Youth Cricket Club,Colombo Cricket Club,D Malan,A Premaratne,I Karannagoda,0,0,,,,,,,,,,,,,
1465847,2024/25,2025-02-07,Colombo Cricket Club Ground,4,41.4,41.4,Kurunegala Youth Cricket Club,Colombo Cricket Club,D Malan,A Premaratne,I Karannagoda,1,0,,,,,,,,,,,,,
1465847,2024/25,2025-02-07,Colombo Cricket Club Ground,4,41.5,41.5,Kurunegala Youth Cricket Club,Colombo Cricket Club,A Premaratne,D Malan,I Karannagoda,0,0,,,,,,,,,,,,,
1465847,2024/25,2025-02-07,Colombo Cricket Club Ground,4,41.6,41.6,Kurunegala Youth Cricket Club,Colombo Cricket Club,A Premaratne,D Malan,I Karannagoda,0,0,,,,,,,,,,,,,
1465847,2024/25,2025-02-07,Colombo Cricket Club Ground,4,42.1,42.1,Kurunegala Youth Cricket Club,Colombo Cricket Club,D Malan,A Premaratne,PWH de Silva,1,0,,,,,,,,,,,,,
1465847,2024/25,2025-02-07,Colombo Cricket Club Ground,4,42.2,42.2,Kurunegala Youth Cricket Club,Colombo Cricket Club,A Premaratne,D Malan,PWH de Silva,0,0,,,,,,,,,,,,,
1465847,2024/25,2025-02-07,Colombo Cricket Club Ground,4,42.3,42.3,Kurunegala Youth Cricket Club,Colombo Cricket Club,A Premaratne,D Malan,PWH de Silva,0,0,,,,,,,,,,,,,
1465847,2024/25,2025-02-07,Colombo Cricket Club Ground,4,42.4,42.4,Kurunegala Youth Cricket Club,Colombo Cricket Club,A Premaratne,D Malan,PWH de Silva,0,0,,,,,,,,,,,,,
1465847,2024/25,2025-02-07,Colombo Cricket Club Ground,4,42.5,42.5,Kurunegala Youth Cricket Club,Colombo Cricket Club,A Premaratne,D Malan,PWH de Silva,0,0,,,,,,,,,,,,,
1465847,2024/25,2025-02-07,Colombo Cricket Club Ground,4,42.6,42.6,Kurunegala Youth Cricket Club,Colombo Cricket Club,A Premaratne,D Malan,PWH de Silva,0,0,,,,,,,,,,,,,
1465847,2024/25,2025-02-07,Colombo Cricket Club Ground,4,43.1,43.1,Kurunegala Youth Cricket Club,Colombo Cricket Club,D Malan,A Premaratne,I Karannagoda,4,0,,,,,,,,,,,,,
1465847,2024/25,2025-02-07,Colombo Cricket Club Ground,4,43.2,43.2,Kurunegala Youth Cricket Club,Colombo Cricket Club,D Malan,A Premaratne,I Karannagoda,0,0,,,,,,,,,,,,,
1465847,2024/25,2025-02-07,Colombo Cricket Club Ground,4,43.3,43.3,Kurunegala Youth Cricket Club,Colombo Cricket Club,D Malan,A Premaratne,I Karannagoda,0,0,,,,,,,,,,,,,
1465847,2024/25,2025-02-07,Colombo Cricket Club Ground,4,43.4,43.4,Kurunegala Youth Cricket Club,Colombo Cricket Club,D Malan,A Premaratne,I Karannagoda,1,0,,,,,,,,,,,,,
1465847,2024/25,2025-02-07,Colombo Cricket Club Ground,4,43.5,43.5,Kurunegala Youth Cricket Club,Colombo Cricket Club,A Premaratne,D Malan,I Karannagoda,1,0,,,,,,,,,,,,,
1465847,2024/25,2025-02-07,Colombo Cricket Club Ground,4,43.6,43.6,Kurunegala Youth Cricket Club,Colombo Cricket Club,D Malan,A Premaratne,I Karannagoda,0,0,,,,,,,,,,,,,
1465847,2024/25,2025-02-07,Colombo Cricket Club Ground,4,44.1,44.1,Kurunegala Youth Cricket Club,Colombo Cricket Club,A Premaratne,D Malan,PWH de Silva,0,0,,,,,,,,,,,,,
1465847,2024/25,2025-02-07,Colombo Cricket Club Ground,4,44.2,44.2,Kurunegala Youth Cricket Club,Colombo Cricket Club,A Premaratne,D Malan,PWH de Silva,0,0,,,,,,,,,,,,,
1465847,2024/25,2025-02-07,Colombo Cricket Club Ground,4,44.3,44.3,Kurunegala Youth Cricket Club,Colombo Cricket Club,A Premaratne,D Malan,PWH de Silva,0,0,,,,,,,caught,A Premaratne,,,M Bhanuka,,
1465847,2024/25,2025-02-07,Colombo Cricket Club Ground,4,44.4,44.4,Kurunegala Youth Cricket Club,Colombo Cricket Club,HGK Dilshan,D Malan,PWH de Silva,0,0,,,,,,,,,,,,,
1465847,2024/25,2025-02-07,Colombo Cricket Club Ground,4,44.5,44.5,Kurunegala Youth Cricket Club,Colombo Cricket Club,HGK Dilshan,D Malan,PWH de Silva,1,0,,,,,,,,,,,,,
1465847,2024/25,2025-02-07,Colombo Cricket Club Ground,4,44.6,44.6,Kurunegala Youth Cricket Club,Colombo Cricket Club,D Malan,HGK Dilshan,PWH de Silva,4,0,,,,,,,,,,,,,
1465847,2024/25,2025-02-07,Colombo Cricket Club Ground,4,45.1,45.1,Kurunegala Youth Cricket Club,Colombo Cricket Club,HGK Dilshan,D Malan,I Karannagoda,4,0,,,,,,,,,,,,,
1465847,2024/25,2025-02-07,Colombo Cricket Club Ground,4,45.2,45.2,Kurunegala Youth Cricket Club,Colombo Cricket Club,HGK Dilshan,D Malan,I Karannagoda,0,0,,,,,,,,,,,,,
1465847,2024/25,2025-02-07,Colombo Cricket Club Ground,4,45.3,45.3,Kurunegala Youth Cricket Club,Colombo Cricket Club,HGK Dilshan,D Malan,I Karannagoda,0,0,,,,,,,,,,,,,
1465847,2024/25,2025-02-07,Colombo Cricket Club Ground,4,45.4,45.4,Kurunegala Youth Cricket Club,Colombo Cricket Club,HGK Dilshan,D Malan,I Karannagoda,0,0,,,,,,,,,,,,,
1465847,2024/25,2025-02-07,Colombo Cricket Club Ground,4,45.5,45.5,Kurunegala Youth Cricket Club,Colombo Cricket Club,HGK Dilshan,D Malan,I Karannagoda,0,0,,,,,,,,,,,,,
1465847,2024/25,2025-02-07,Colombo Cricket Club Ground,4,45.6,45.6,Kurunegala Youth Cricket Club,Colombo Cricket Club,HGK Dilshan,D Malan,I Karannagoda,0,0,,,,,,,caught,HGK Dilshan,,,SN Gunasinghe,,
