match_id,season,start_date,venue,innings,ball,actual_delivery,batting_team,bowling_team,striker,non_striker,bowler,runs_off_bat,extras,wides,noballs,byes,legbyes,penalty,non_boundary,wicket_type,player_dismissed,other_wicket_type,other_player_dismissed,fielder_1,fielder_2,fielder_3
1495281,2025/26,2025-10-04,"Western Australia Cricket Association Ground, Perth",1,0.1,0.1,New South Wales,Western Australia,B Nikitaras,S Konstas,JS Paris,0,0,,,,,,,,,,,,,
1495281,2025/26,2025-10-04,"Western Australia Cricket Association Ground, Perth",1,0.2,0.2,New South Wales,Western Australia,B Nikitaras,S Konstas,JS Paris,0,0,,,,,,,,,,,,,
1495281,2025/26,2025-10-04,"Western Australia Cricket Association Ground, Perth",1,0.3,0.3,New South Wales,Western Australia,B Nikitaras,S Konstas,JS Paris,0,0,,,,,,,,,,,,,
1495281,2025/26,2025-10-04,"Western Australia Cricket Association Ground, Perth",1,0.4,0.4,New South Wales,Western Australia,B Nikitaras,S Konstas,JS Paris,0,0,,,,,,,,,,,,,
1495281,2025/26,2025-10-04,"Western Australia Cricket Association Ground, Perth",1,0.5,0.5,New South Wales,Western Australia,B Nikitaras,S Konstas,JS Paris,0,0,,,,,,,,,,,,,
1495281,2025/26,2025-10-04,"Western Australia Cricket Association Ground, Perth",1,0.6,0.6,New South Wales,Western Australia,B Nikitaras,S Konstas,JS Paris,0,0,,,,,,,,,,,,,
1495281,2025/26,2025-10-04,"Western Australia Cricket Association Ground, Perth",1,1.1,1.1,New South Wales,Western Australia,S Konstas,B Nikitaras,M Kelly,0,0,,,,,,,,,,,,,
1495281,2025/26,2025-10-04,"Western Australia Cricket Association Ground, Perth",1,1.2,1.2,New South Wales,Western Australia,S Konstas,B Nikitaras,M Kelly,0,0,,,,,,,,,,,,,
1495281,2025/26,2025-10-04,"Western Australia Cricket Association Ground, Perth",1,1.3,1.3,New South Wales,Western Australia,S Konstas,B Nikitaras,M Kelly,0,0,,,,,,,,,,,,,
1495281,2025/26,2025-10-04,"Western Australia Cricket Association Ground, Perth",1,1.4,1.4,New South Wales,Western Australia,S Konstas,B Nikitaras,M Kelly,0,0,,,,,,,,,,,,,
1495281,2025/26,2025-10-04,"Western Australia Cricket Association Ground, Perth",1,1.5,1.5,New South Wales,Western Australia,S Konstas,B Nikitaras,M Kelly,0,0,,,,,,,,,,,,,
1495281,2025/26,2025-10-04,"Western Australia Cricket Association Ground, Perth",1,1.6,1.6,New South Wales,Western Australia,S Konstas,B Nikitaras,M Kelly,1,0,,,,,,,,,,,,,
1495281,2025/26,2025-10-04,"Western Australia Cricket Association Ground, Perth",1,2.1,2.1,New South Wales,Western Australia,S Konstas,B Nikitaras,JS Paris,0,0,,,,,,,,,,,,,
1495281,2025/26,2025-10-04,"Western Australia Cricket Association Ground, Perth",1,2.2,2.2,New South Wales,Western Australia,S Konstas,B Nikitaras,JS Paris,0,0,,,,,,,,,,,,,
1495281,2025/26,2025-10-04,"Western Australia Cricket Association Ground, Perth",1,2.3,2.3,New South Wales,Western Australia,S Konstas,B Nikitaras,JS Paris,0,0,,,,,,,,,,,,,
1495281,2025/26,2025-10-04,"Western Australia Cricket Association Ground, Perth",1,2.4,2.4,New South Wales,Western Australia,S Konstas,B Nikitaras,JS Paris,0,0,,,,,,,,,,,,,
1495281,2025/26,2025-10-04,"Western Australia Cricket Association Ground, Perth",1,2.5,2.5,New South Wales,Western Australia,S Konstas,B Nikitaras,JS Paris,0,0,,,,,,,,,,,,,
1495281,2025/26,2025-10-04,"Western Australia Cricket Association Ground, Perth",1,2.6,2.6,New South Wales,Western Australia,S Konstas,B Nikitaras,JS Paris,0,0,,,,,,,,,,,,,
1495281,2025/26,2025-10-04,"Western Australia Cricket Association Ground, Perth",1,3.1,3.1,New South Wales,Western Australia,B Nikitaras,S Konstas,M Kelly,0,0,,,,,,,,,,,,,
1495281,2025/26,2025-10-04,"Western Australia Cricket Association Ground, Perth",1,3.2,3.2,New South Wales,Western Australia,B Nikitaras,S Konstas,M Kelly,0,0,,,,,,,,,,,,,
1495281,2025/26,2025-10-04,"Western Australia Cricket Association Ground, Perth",1,3.3,3.3,New South Wales,Western Australia,B Nikitaras,S Konstas,M Kelly,3,0,,,,,,,,,,,,,
1495281,2025/26,2025-10-04,"Western Australia Cricket Association Ground, Perth",1,3.4,3.4,New South Wales,Western Australia,S Konstas,B Nikitaras,M Kelly,3,0,,,,,,,,,,,,,
1495281,2025/26,2025-10-04,"Western Australia Cricket Association Ground, Perth",1,3.5,3.5,New South Wales,Western Australia,B Nikitaras,S Konstas,M Kelly,0,0,,,,,,,,,,,,,
1495281,2025/26,2025-10-04,"Western Australia Cricket Association Ground, Perth",1,3.6,3.6,New South Wales,Western Australia,B Nikitaras,S Konstas,M Kelly,0,0,,,,,,,,,,,,,
1495281,2025/26,2025-10-04,"Western Australia Cricket Association Ground, Perth",1,4.1,4.1,New South Wales,Western Australia,S Konstas,B Nikitaras,JS Paris,0,0,,,,,,,,,,,,,
1495281,2025/26,2025-10-04,"Western Australia Cricket Association Ground, Perth",1,4.2,4.2,New South Wales,Western Australia,S Konstas,B Nikitaras,JS Paris,0,0,,,,,,,,,,,,,
1495281,2025/26,2025-10-04,"Western Australia Cricket Association Ground, Perth",1,4.3,4.3,New South Wales,Western Australia,S Konstas,B Nikitaras,JS Paris,0,0,,,,,,,,,,,,,
1495281,2025/26,2025-10-04,"Western Australia Cricket Association Ground, Perth",1,4.4,4.4,New South Wales,Western Australia,S Konstas,B Nikitaras,JS Paris,0,0,,,,,,,,,,,,,
1495281,2025/26,2025-10-04,"Western Australia Cricket Association Ground, Perth",1,4.5,4.5,New South Wales,Western Australia,S Konstas,B Nikitaras,JS Paris,0,0,,,,,,,,,,,,,
1495281,2025/26,2025-10-04,"Western Australia Cricket Association Ground, Perth",1,4.6,4.6,New South Wales,Western Australia,S Konstas,B Nikitaras,JS Paris,0,0,,,,,,,,,,,,,
1495281,2025/26,2025-10-04,"Western Australia Cricket Association Ground, Perth",1,5.1,5.1,New South Wales,Western Australia,B Nikitaras,S Konstas,M Kelly,1,0,,,,,,,,,,,,,
1495281,2025/26,2025-10-04,"Western Australia Cricket Association Ground, Perth",1,5.2,5.2,New South Wales,Western Australia,S Konstas,B Nikitaras,M Kelly,0,0,,,,,,,,,,,,,
1495281,2025/26,2025-10-04,"Western Australia Cricket Association Ground, Perth",1,5.3,5.3,New South Wales,Western Australia,S Konstas,B Nikitaras,M Kelly,0,0,,,,,,,,,,,,,
1495281,2025/26,2025-10-04,"Western Australia Cricket Association Ground, Perth",1,5.4,5.4,New South Wales,Western Australia,S Konstas,B Nikitaras,M Kelly,0,0,,,,,,,,,,,,,
1495281,2025/26,2025-10-04,"Western Australia Cricket Association Ground, Perth",1,5.5,5.5,New South Wales,Western Australia,S Konstas,B Nikitaras,M Kelly,0,0,,,,,,,,,,,,,
1495281,2025/26,2025-10-04,"Western Australia Cricket Association Ground, Perth",1,5.6,5.6,New South Wales,Western Australia,S Konstas,B Nikitaras,M Kelly,0,0,,,,,,,,,,,,,
1495281,2025/26,2025-10-04,"Western Australia Cricket Association Ground, Perth",1,6.1,6.1,New South Wales,Western Australia,B Nikitaras,S Konstas,JS Paris,0,0,,,,,,,,,,,,,
1495281,2025/26,2025-10-04,"Western Australia Cricket Association Ground, Perth",1,6.2,6.2,New South Wales,Western Australia,B Nikitaras,S Konstas,JS Paris,0,0,,,,,,,,,,,,,
1495281,2025/26,2025-10-04,"Western Australia Cricket Association Ground, Perth",1,6.3,6.3,New South Wales,Western Australia,B Nikitaras,S Konstas,JS Paris,0,0,,,,,,,,,,,,,
1495281,2025/26,2025-10-04,"Western Australia Cricket Association Ground, Perth",1,6.4,6.4,New South Wales,Western Australia,B Nikitaras,S Konstas,JS Paris,1,0,,,,,,,,,,,,,
1495281,2025/26,2025-10-04,"Western Australia Cricket Association Ground, Perth",1,6.5,6.5,New South Wales,Western Australia,S Konstas,B Nikitaras,JS Paris,0,0,,,,,,,lbw,S Konstas,,,,,
1495281,2025/26,2025-10-04,"Western Australia Cricket Association Ground, Perth",1,6.6,6.6,New South Wales,Western Australia,KR Patterson,B Nikitaras,JS Paris,0,0,,,,,,,,,,,,,
1495281,2025/26,2025-10-04,"Western Australia Cricket Association Ground, Perth",1,7.1,7.1,New South Wales,Western Australia,B Nikitaras,KR Patterson,M Kelly,0,0,,,,,,,,,,,,,
1495281,2025/26,2025-10-04,"Western Australia Cricket Association Ground, Perth",1,7.2,7.2,New South Wales,Western Australia,B Nikitaras,KR Patterson,M Kelly,0,0,,,,,,,,,,,,,
1495281,2025/26,2025-10-04,"Western Australia Cricket Association Ground, Perth",1,7.3,7.3,New South Wales,Western Australia,B Nikitaras,KR Patterson,M Kelly,0,0,,,,,,,,,,,,,
1495281,2025/26,2025-10-04,"Western Australia Cricket Association Ground, Perth",1,7.4,7.4,New South Wales,Western Australia,B Nikitaras,KR Patterson,M Kelly,0,0,,,,,,,,,,,,,
1495281,2025/26,2025-10-04,"Western Australia Cricket Association Ground, Perth",1,7.5,7.5,New South Wales,Western Australia,B Nikitaras,KR Patterson,M Kelly,1,0,,,,,,,,,,,,,
1495281,2025/26,2025-10-04,"Western Australia Cricket Association Ground, Perth",1,7.6,7.6,New South Wales,Western Australia,KR Patterson,B Nikitaras,M Kelly,0,1,,1,,,,,,,,,,,
1495281,2025/26,2025-10-04,"Western Australia Cricket Association Ground, Perth",1,7.7,7.6,New South Wales,Western Australia,KR Patterson,B Nikitaras,M Kelly,1,0,,,,,,,,,,,,,
1495281,2025/26,2025-10-04,"Western Australia Cricket Association Ground, Perth",1,8.1,8.1,New South Wales,Western Australia,KR Patterson,B Nikitaras,JS Paris,0,0,,,,,,,,,,,,,
1495281,2025/26,2025-10-04,"Western Australia Cricket Association Ground, Perth",1,8.2,8.2,New South Wales,Western Australia,KR Patterson,B Nikitaras,JS Paris,0,0,,,,,,,,,,,,,
1495281,2025/26,2025-10-04,"Western Australia Cricket Association Ground, Perth",1,8.3,8.3,New South Wales,Western Australia,KR Patterson,B Nikitaras,JS Paris,0,0,,,,,,,,,,,,,
1495281,2025/26,2025-10-04,"Western Australia Cricket Association Ground, Perth",1,8.4,8.4,New South Wales,Western Australia,KR Patterson,B Nikitaras,JS Paris,0,0,,,,,,,,,,,,,
1495281,2025/26,2025-10-04,"Western Australia Cricket Association Ground, Perth",1,8.5,8.5,New South Wales,Western Australia,KR Patterson,B Nikitaras,JS Paris,0,0,,,,,,,,,,,,,
1495281,2025/26,2025-10-04,"Western Australia Cricket Association Ground, Perth",1,8.6,8.6,New South Wales,Western Australia,KR Patterson,B Nikitaras,JS Paris,0,0,,,,,,,,,,,,,
1495281,2025/26,2025-10-04,"Western Australia Cricket Association Ground, Perth",1,9.1,9.1,New South Wales,Western Australia,B Nikitaras,KR Patterson,CJ Rocchiccioli,0,0,,,,,,,,,,,,,
1495281,2025/26,2025-10-04,"Western Australia Cricket Association Ground, Perth",1,9.2,9.2,New South Wales,Western Australia,B Nikitaras,KR Patterson,CJ Rocchiccioli,0,0,,,,,,,,,,,,,
1495281,2025/26,2025-10-04,"Western Australia Cricket Association Ground, Perth",1,9.3,9.3,New South Wales,Western Australia,B Nikitaras,KR Patterson,CJ Rocchiccioli,0,0,,,,,,,,,,,,,
1495281,2025/26,2025-10-04,"Western Australia Cricket Association Ground, Perth",1,9.4,9.4,New South Wales,Western Australia,B Nikitaras,KR Patterson,CJ Rocchiccioli,0,0,,,,,,,,,,,,,
1495281,2025/26,2025-10-04,"Western Australia Cricket Association Ground, Perth",1,9.5,9.5,New South Wales,Western Australia,B Nikitaras,KR Patterson,CJ Rocchiccioli,1,0,,,,,,,,,,,,,
1495281,2025/26,2025-10-04,"Western Australia Cricket Association Ground, Perth",1,9.6,9.6,New South Wales,Western Australia,KR Patterson,B Nikitaras,CJ Rocchiccioli,0,0,,,,,,,,,,,,,
1495281,2025/26,2025-10-04,"Western Australia Cricket Association Ground, Perth",1,10.1,10.1,New South Wales,Western Australia,B Nikitaras,KR Patterson,JS Paris,0,0,,,,,,,,,,,,,
1495281,2025/26,2025-10-04,"Western Australia Cricket Association Ground, Perth",1,10.2,10.2,New South Wales,Western Australia,B Nikitaras,KR Patterson,JS Paris,0,0,,,,,,,,,,,,,
1495281,2025/26,2025-10-04,"Western Australia Cricket Association Ground, Perth",1,10.3,10.3,New South Wales,Western Australia,B Nikitaras,KR Patterson,JS Paris,0,0,,,,,,,,,,,,,
1495281,2025/26,2025-10-04,"Western Australia Cricket Association Ground, Perth",1,10.4,10.4,New South Wales,Western Australia,B Nikitaras,KR Patterson,JS Paris,0,0,,,,,,,,,,,,,
1495281,2025/26,2025-10-04,"Western Australia Cricket Association Ground, Perth",1,10.5,10.5,New South Wales,Western Australia,B Nikitaras,KR Patterson,JS Paris,0,0,,,,,,,,,,,,,
1495281,2025/26,2025-10-04,"Western Australia Cricket Association Ground, Perth",1,10.6,10.6,New South Wales,Western Australia,B Nikitaras,KR Patterson,JS Paris,0,0,,,,,,,,,,,,,
1495281,2025/26,2025-10-04,"Western Australia Cricket Association Ground, Perth",1,11.1,11.1,New South Wales,Western Australia,KR Patterson,B Nikitaras,CJ Rocchiccioli,0,0,,,,,,,,,,,,,
1495281,2025/26,2025-10-04,"Western Australia Cricket Association Ground, Perth",1,11.2,11.2,New South Wales,Western Australia,KR Patterson,B Nikitaras,CJ Rocchiccioli,0,0,,,,,,,,,,,,,
1495281,2025/26,2025-10-04,"Western Australia Cricket Association Ground, Perth",1,11.3,11.3,New South Wales,Western Australia,KR Patterson,B Nikitaras,CJ Rocchiccioli,1,0,,,,,,,,,,,,,
1495281,2025/26,2025-10-04,"Western Australia Cricket Association Ground, Perth",1,11.4,11.4,New South Wales,Western Australia,B Nikitaras,KR Patterson,CJ Rocchiccioli,0,0,,,,,,,,,,,,,
1495281,2025/26,2025-10-04,"Western Australia Cricket Association Ground, Perth",1,11.5,11.5,New South Wales,Western Australia,B Nikitaras,KR Patterson,CJ Rocchiccioli,0,0,,,,,,,,,,,,,
1495281,2025/26,2025-10-04,"Western Australia Cricket Association Ground, Perth",1,11.6,11.6,New South Wales,Western Australia,B Nikitaras,KR Patterson,CJ Rocchiccioli,0,0,,,,,,,,,,,,,
1495281,2025/26,2025-10-04,"Western Australia Cricket Association Ground, Perth",1,12.1,12.1,New South Wales,Western Australia,KR Patterson,B Nikitaras,CJ Gannon,0,0,,,,,,,,,,,,,
1495281,2025/26,2025-10-04,"Western Australia Cricket Association Ground, Perth",1,12.2,12.2,New South Wales,Western Australia,KR Patterson,B Nikitaras,CJ Gannon,0,0,,,,,,,,,,,,,
1495281,2025/26,2025-10-04,"Western Australia Cricket Association Ground, Perth",1,12.3,12.3,New South Wales,Western Australia,KR Patterson,B Nikitaras,CJ Gannon,0,0,,,,,,,,,,,,,
1495281,2025/26,2025-10-04,"Western Australia Cricket Association Ground, Perth",1,12.4,12.4,New South Wales,Western Australia,KR Patterson,B Nikitaras,CJ Gannon,0,0,,,,,,,,,,,,,
1495281,2025/26,2025-10-04,"Western Australia Cricket Association Ground, Perth",1,12.5,12.5,New South Wales,Western Australia,KR Patterson,B Nikitaras,CJ Gannon,0,0,,,,,,,,,,,,,
1495281,2025/26,2025-10-04,"Western Australia Cricket Association Ground, Perth",1,12.6,12.6,New South Wales,Western Australia,KR Patterson,B Nikitaras,CJ Gannon,0,0,,,,,,,,,,,,,
1495281,2025/26,2025-10-04,"Western Australia Cricket Association Ground, Perth",1,13.1,13.1,New South Wales,Western Australia,B Nikitaras,KR Patterson,CJ Rocchiccioli,0,0,,,,,,,,,,,,,
1495281,2025/26,2025-10-04,"Western Australia Cricket Association Ground, Perth",1,13.2,13.2,New South Wales,Western Australia,B Nikitaras,KR Patterson,CJ Rocchiccioli,0,0,,,,,,,,,,,,,
1495281,2025/26,2025-10-04,"Western Australia Cricket Association Ground, Perth",1,13.3,13.3,New South Wales,Western Australia,B Nikitaras,KR Patterson,CJ Rocchiccioli,0,0,,,,,,,,,,,,,
1495281,2025/26,2025-10-04,"Western Australia Cricket Association Ground, Perth",1,13.4,13.4,New South Wales,Western Australia,B Nikitaras,KR Patterson,CJ Rocchiccioli,0,0,,,,,,,,,,,,,
1495281,2025/26,2025-10-04,"Western Australia Cricket Association Ground, Perth",1,13.5,13.5,New South Wales,Western Australia,B Nikitaras,KR Patterson,CJ Rocchiccioli,0,0,,,,,,,,,,,,,
1495281,2025/26,2025-10-04,"Western Australia Cricket Association Ground, Perth",1,13.6,13.6,New South Wales,Western Australia,B Nikitaras,KR Patterson,CJ Rocchiccioli,0,0,,,,,,,,,,,,,
1495281,2025/26,2025-10-04,"Western Australia Cricket Association Ground, Perth",1,14.1,14.1,New South Wales,Western Australia,KR Patterson,B Nikitaras,CJ Gannon,0,0,,,,,,,,,,,,,
1495281,2025/26,2025-10-04,"Western Australia Cricket Association Ground, Perth",1,14.2,14.2,New South Wales,Western Australia,KR Patterson,B Nikitaras,CJ Gannon,0,0,,,,,,,,,,,,,
1495281,2025/26,2025-10-04,"Western Australia Cricket Association Ground, Perth",1,14.3,14.3,New South Wales,Western Australia,KR Patterson,B Nikitaras,CJ Gannon,0,0,,,,,,,,,,,,,
1495281,2025/26,2025-10-04,"Western Australia Cricket Association Ground, Perth",1,14.4,14.4,New South Wales,Western Australia,KR Patterson,B Nikitaras,CJ Gannon,3,0,,,,,,,,,,,,,
1495281,2025/26,2025-10-04,"Western Australia Cricket Association Ground, Perth",1,14.5,14.5,New South Wales,Western Australia,B Nikitaras,KR Patterson,CJ Gannon,0,0,,,,,,,,,,,,,
1495281,2025/26,2025-10-04,"Western Australia Cricket Association Ground, Perth",1,14.6,14.6,New South Wales,Western Australia,B Nikitaras,KR Patterson,CJ Gannon,0,1,,1,,,,,,,,,,,
1495281,2025/26,2025-10-04,"Western Australia Cricket Association Ground, Perth",1,14.7,14.6,New South Wales,Western Australia,B Nikitaras,KR Patterson,CJ Gannon,0,0,,,,,,,,,,,,,
1495281,2025/26,2025-10-04,"Western Australia Cricket Association Ground, Perth",1,15.1,15.1,New South Wales,Western Australia,KR Patterson,B Nikitaras,CJ Rocchiccioli,0,0,,,,,,,,,,,,,
1495281,2025/26,2025-10-04,"Western Australia Cricket Association Ground, Perth",1,15.2,15.2,New South Wales,Western Australia,KR Patterson,B Nikitaras,CJ Rocchiccioli,0,0,,,,,,,,,,,,,
1495281,2025/26,2025-10-04,"Western Australia Cricket Association Ground, Perth",1,15.3,15.3,New South Wales,Western Australia,KR Patterson,B Nikitaras,CJ Rocchiccioli,0,0,,,,,,,,,,,,,
1495281,2025/26,2025-10-04,"Western Australia Cricket Association Ground, Perth",1,15.4,15.4,New South Wales,Western Australia,KR Patterson,B Nikitaras,CJ Rocchiccioli,0,0,,,,,,,,,,,,,
1495281,2025/26,2025-10-04,"Western Australia Cricket Association Ground, Perth",1,15.5,15.5,New South Wales,Western Australia,KR Patterson,B Nikitaras,CJ Rocchiccioli,2,0,,,,,,,,,,,,,
1495281,2025/26,2025-10-04,"Western Australia Cricket Association Ground, Perth",1,15.6,15.6,New South Wales,Western Australia,KR Patterson,B Nikitaras,CJ Rocchiccioli,0,0,,,,,,,,,,,,,
1495281,2025/26,2025-10-04,"Western Australia Cricket Association Ground, Perth",1,16.1,16.1,New South Wales,Western Australia,B Nikitaras,KR Patterson,CJ Gannon,0,0,,,,,,,,,,,,,
1495281,2025/26,2025-10-04,"Western Australia Cricket Association Ground, Perth",1,16.2,16.2,New South Wales,Western Australia,B Nikitaras,KR Patterson,CJ Gannon,1,0,,,,,,,,,,,,,
1495281,2025/26,2025-10-04,"Western Australia Cricket Association Ground, Perth",1,16.3,16.3,New South Wales,Western Australia,KR Patterson,B Nikitaras,CJ Gannon,1,0,,,,,,,,,,,,,
1495281,2025/26,2025-10-04,"Western Australia Cricket Association Ground, Perth",1,16.4,16.4,New South Wales,Western Australia,B Nikitaras,KR Patterson,CJ Gannon,0,0,,,,,,,,,,,,,
1495281,2025/26,2025-10-04,"Western Australia Cricket Association Ground, Perth",1,16.5,16.5,New South Wales,Western Australia,B Nikitaras,KR Patterson,CJ Gannon,1,0,,,,,,,,,,,,,
1495281,2025/26,2025-10-04,"Western Australia Cricket Association Ground, Perth",1,16.6,16.6,New South Wales,Western Australia,KR Patterson,B Nikitaras,CJ Gannon,0,0,,,,,,,,,,,,,
1495281,2025/26,2025-10-04,"Western Australia Cricket Association Ground, Perth",1,17.1,17.1,New South Wales,Western Australia,B Nikitaras,KR Patterson,CJ Rocchiccioli,0,0,,,,,,,,,,,,,
1495281,2025/26,2025-10-04,"Western Australia Cricket Association Ground, Perth",1,17.2,17.2,New South Wales,Western Australia,B Nikitaras,KR Patterson,CJ Rocchiccioli,0,0,,,,,,,,,,,,,
1495281,2025/26,2025-10-04,"Western Australia Cricket Association Ground, Perth",1,17.3,17.3,New South Wales,Western Australia,B Nikitaras,KR Patterson,CJ Rocchiccioli,0,0,,,,,,,,,,,,,
1495281,2025/26,2025-10-04,"Western Australia Cricket Association Ground, Perth",1,17.4,17.4,New South Wales,Western Australia,B Nikitaras,KR Patterson,CJ Rocchiccioli,0,0,,,,,,,,,,,,,
1495281,2025/26,2025-10-04,"Western Australia Cricket Association Ground, Perth",1,17.5,17.5,New South Wales,Western Australia,B Nikitaras,KR Patterson,CJ Rocchiccioli,0,0,,,,,,,,,,,,,
1495281,2025/26,2025-10-04,"Western Australia Cricket Association Ground, Perth",1,17.6,17.6,New South Wales,Western Australia,B Nikitaras,KR Patterson,CJ Rocchiccioli,0,0,,,,,,,,,,,,,
1495281,2025/26,2025-10-04,"Western Australia Cricket Association Ground, Perth",1,18.1,18.1,New South Wales,Western Australia,KR Patterson,B Nikitaras,CJ Gannon,0,0,,,,,,,,,,,,,
1495281,2025/26,2025-10-04,"Western Australia Cricket Association Ground, Perth",1,18.2,18.2,New South Wales,Western Australia,KR Patterson,B Nikitaras,CJ Gannon,0,0,,,,,,,,,,,,,
1495281,2025/26,2025-10-04,"Western Australia Cricket Association Ground, Perth",1,18.3,18.3,New South Wales,Western Australia,KR Patterson,B Nikitaras,CJ Gannon,0,0,,,,,,,,,,,,,
1495281,2025/26,2025-10-04,"Western Australia Cricket Association Ground, Perth",1,18.4,18.4,New South Wales,Western Australia,KR Patterson,B Nikitaras,CJ Gannon,0,0,,,,,,,,,,,,,
1495281,2025/26,2025-10-04,"Western Australia Cricket Association Ground, Perth",1,18.5,18.5,New South Wales,Western Australia,KR Patterson,B Nikitaras,CJ Gannon,0,0,,,,,,,caught,KR Patterson,,,JL Curtis,,
1495281,2025/26,2025-10-04,"Western Australia Cricket Association Ground, Perth",1,18.6,18.6,New South Wales,Western Australia,M Gilkes,B Nikitaras,CJ Gannon,0,0,,,,,,,,,,,,,
1495281,2025/26,2025-10-04,"Western Australia Cricket Association Ground, Perth",1,19.1,19.1,New South Wales,Western Australia,B Nikitaras,M Gilkes,CJ Rocchiccioli,0,0,,,,,,,,,,,,,
1495281,2025/26,2025-10-04,"Western Australia Cricket Association Ground, Perth",1,19.2,19.2,New South Wales,Western Australia,B Nikitaras,M Gilkes,CJ Rocchiccioli,0,0,,,,,,,,,,,,,
1495281,2025/26,2025-10-04,"Western Australia Cricket Association Ground, Perth",1,19.3,19.3,New South Wales,Western Australia,B Nikitaras,M Gilkes,CJ Rocchiccioli,0,0,,,,,,,caught,B Nikitaras,,,C Green,,
1495281,2025/26,2025-10-04,"Western Australia Cricket Association Ground, Perth",1,19.4,19.4,New South Wales,Western Australia,O Davies,M Gilkes,CJ Rocchiccioli,0,0,,,,,,,,,,,,,
1495281,2025/26,2025-10-04,"Western Australia Cricket Association Ground, Perth",1,19.5,19.5,New South Wales,Western Australia,O Davies,M Gilkes,CJ Rocchiccioli,0,0,,,,,,,,,,,,,
1495281,2025/26,2025-10-04,"Western Australia Cricket Association Ground, Perth",1,19.6,19.6,New South Wales,Western Australia,O Davies,M Gilkes,CJ Rocchiccioli,0,0,,,,,,,,,,,,,
1495281,2025/26,2025-10-04,"Western Australia Cricket Association Ground, Perth",1,20.1,20.1,New South Wales,Western Australia,M Gilkes,O Davies,CJ Gannon,0,0,,,,,,,,,,,,,
1495281,2025/26,2025-10-04,"Western Australia Cricket Association Ground, Perth",1,20.2,20.2,New South Wales,Western Australia,M Gilkes,O Davies,CJ Gannon,0,0,,,,,,,,,,,,,
1495281,2025/26,2025-10-04,"Western Australia Cricket Association Ground, Perth",1,20.3,20.3,New South Wales,Western Australia,M Gilkes,O Davies,CJ Gannon,0,0,,,,,,,,,,,,,
1495281,2025/26,2025-10-04,"Western Australia Cricket Association Ground, Perth",1,20.4,20.4,New South Wales,Western Australia,M Gilkes,O Davies,CJ Gannon,1,0,,,,,,,,,,,,,
1495281,2025/26,2025-10-04,"Western Australia Cricket Association Ground, Perth",1,20.5,20.5,New South Wales,Western Australia,O Davies,M Gilkes,CJ Gannon,0,0,,,,,,,,,,,,,
1495281,2025/26,2025-10-04,"Western Australia Cricket Association Ground, Perth",1,20.6,20.6,New South Wales,Western Australia,O Davies,M Gilkes,CJ Gannon,0,0,,,,,,,,,,,,,
1495281,2025/26,2025-10-04,"Western Australia Cricket Association Ground, Perth",1,21.1,21.1,New South Wales,Western Australia,M Gilkes,O Davies,M Kelly,0,0,,,,,,,,,,,,,
1495281,2025/26,2025-10-04,"Western Australia Cricket Association Ground, Perth",1,21.2,21.2,New South Wales,Western Australia,M Gilkes,O Davies,M Kelly,0,0,,,,,,,,,,,,,
1495281,2025/26,2025-10-04,"Western Australia Cricket Association Ground, Perth",1,21.3,21.3,New South Wales,Western Australia,M Gilkes,O Davies,M Kelly,0,0,,,,,,,,,,,,,
1495281,2025/26,2025-10-04,"Western Australia Cricket Association Ground, Perth",1,21.4,21.4,New South Wales,Western Australia,M Gilkes,O Davies,M Kelly,0,0,,,,,,,,,,,,,
1495281,2025/26,2025-10-04,"Western Australia Cricket Association Ground, Perth",1,21.5,21.5,New South Wales,Western Australia,M Gilkes,O Davies,M Kelly,0,0,,,,,,,,,,,,,
1495281,2025/26,2025-10-04,"Western Australia Cricket Association Ground, Perth",1,21.6,21.6,New South Wales,Western Australia,M Gilkes,O Davies,M Kelly,0,0,,,,,,,,,,,,,
1495281,2025/26,2025-10-04,"Western Australia Cricket Association Ground, Perth",1,22.1,22.1,New South Wales,Western Australia,O Davies,M Gilkes,JS Paris,0,0,,,,,,,,,,,,,
1495281,2025/26,2025-10-04,"Western Australia Cricket Association Ground, Perth",1,22.2,22.2,New South Wales,Western Australia,O Davies,M Gilkes,JS Paris,0,0,,,,,,,,,,,,,
1495281,2025/26,2025-10-04,"Western Australia Cricket Association Ground, Perth",1,22.3,22.3,New South Wales,Western Australia,O Davies,M Gilkes,JS Paris,0,0,,,,,,,,,,,,,
1495281,2025/26,2025-10-04,"Western Australia Cricket Association Ground, Perth",1,22.4,22.4,New South Wales,Western Australia,O Davies,M Gilkes,JS Paris,0,0,,,,,,,,,,,,,
1495281,2025/26,2025-10-04,"Western Australia Cricket Association Ground, Perth",1,22.5,22.5,New South Wales,Western Australia,O Davies,M Gilkes,JS Paris,0,0,,,,,,,,,,,,,
1495281,2025/26,2025-10-04,"Western Australia Cricket Association Ground, Perth",1,22.6,22.6,New South Wales,Western Australia,O Davies,M Gilkes,JS Paris,0,0,,,,,,,,,,,,,
1495281,2025/26,2025-10-04,"Western Australia Cricket Association Ground, Perth",1,23.1,23.1,New South Wales,Western Australia,M Gilkes,O Davies,M Kelly,0,0,,,,,,,,,,,,,
1495281,2025/26,2025-10-04,"Western Australia Cricket Association Ground, Perth",1,23.2,23.2,New South Wales,Western Australia,M Gilkes,O Davies,M Kelly,0,0,,,,,,,,,,,,,
1495281,2025/26,2025-10-04,"Western Australia Cricket Association Ground, Perth",1,23.3,23.3,New South Wales,Western Australia,M Gilkes,O Davies,M Kelly,4,0,,,,,,,,,,,,,
1495281,2025/26,2025-10-04,"Western Australia Cricket Association Ground, Perth",1,23.4,23.4,New South Wales,Western Australia,M Gilkes,O Davies,M Kelly,4,0,,,,,,,,,,,,,
1495281,2025/26,2025-10-04,"Western Australia Cricket Association Ground, Perth",1,23.5,23.5,New South Wales,Western Australia,M Gilkes,O Davies,M Kelly,0,0,,,,,,,,,,,,,
1495281,2025/26,2025-10-04,"Western Australia Cricket Association Ground, Perth",1,23.6,23.6,New South Wales,Western Australia,M Gilkes,O Davies,M Kelly,3,0,,,,,,,,,,,,,
1495281,2025/26,2025-10-04,"Western Australia Cricket Association Ground, Perth",1,24.1,24.1,New South Wales,Western Australia,M Gilkes,O Davies,JS Paris,0,0,,,,,,,,,,,,,
1495281,2025/26,2025-10-04,"Western Australia Cricket Association Ground, Perth",1,24.2,24.2,New South Wales,Western Australia,M Gilkes,O Davies,JS Paris,0,0,,,,,,,,,,,,,
1495281,2025/26,2025-10-04,"Western Australia Cricket Association Ground, Perth",1,24.3,24.3,New South Wales,Western Australia,M Gilkes,O Davies,JS Paris,0,0,,,,,,,,,,,,,
1495281,2025/26,2025-10-04,"Western Australia Cricket Association Ground, Perth",1,24.4,24.4,New South Wales,Western Australia,M Gilkes,O Davies,JS Paris,0,0,,,,,,,,,,,,,
1495281,2025/26,2025-10-04,"Western Australia Cricket Association Ground, Perth",1,24.5,24.5,New South Wales,Western Australia,M Gilkes,O Davies,JS Paris,0,0,,,,,,,,,,,,,
1495281,2025/26,2025-10-04,"Western Australia Cricket Association Ground, Perth",1,24.6,24.6,New South Wales,Western Australia,M Gilkes,O Davies,JS Paris,0,0,,,,,,,,,,,,,
1495281,2025/26,2025-10-04,"Western Australia Cricket Association Ground, Perth",1,25.1,25.1,New South Wales,Western Australia,O Davies,M Gilkes,M Kelly,0,0,,,,,,,,,,,,,
1495281,2025/26,2025-10-04,"Western Australia Cricket Association Ground, Perth",1,25.2,25.2,New South Wales,Western Australia,O Davies,M Gilkes,M Kelly,0,0,,,,,,,,,,,,,
1495281,2025/26,2025-10-04,"Western Australia Cricket Association Ground, Perth",1,25.3,25.3,New South Wales,Western Australia,O Davies,M Gilkes,M Kelly,1,0,,,,,,,,,,,,,
1495281,2025/26,2025-10-04,"Western Australia Cricket Association Ground, Perth",1,25.4,25.4,New South Wales,Western Australia,M Gilkes,O Davies,M Kelly,0,0,,,,,,,,,,,,,
1495281,2025/26,2025-10-04,"Western Australia Cricket Association Ground, Perth",1,25.5,25.5,New South Wales,Western Australia,M Gilkes,O Davies,M Kelly,0,0,,,,,,,,,,,,,
1495281,2025/26,2025-10-04,"Western Australia Cricket Association Ground, Perth",1,25.6,25.6,New South Wales,Western Australia,M Gilkes,O Davies,M Kelly,2,0,,,,,,,,,,,,,
1495281,2025/26,2025-10-04,"Western Australia Cricket Association Ground, Perth",1,26.1,26.1,New South Wales,Western Australia,O Davies,M Gilkes,AC Agar,0,0,,,,,,,,,,,,,
1495281,2025/26,2025-10-04,"Western Australia Cricket Association Ground, Perth",1,26.2,26.2,New South Wales,Western Australia,O Davies,M Gilkes,AC Agar,0,0,,,,,,,,,,,,,
1495281,2025/26,2025-10-04,"Western Australia Cricket Association Ground, Perth",1,26.3,26.3,New South Wales,Western Australia,O Davies,M Gilkes,AC Agar,1,0,,,,,,,,,,,,,
1495281,2025/26,2025-10-04,"Western Australia Cricket Association Ground, Perth",1,26.4,26.4,New South Wales,Western Australia,M Gilkes,O Davies,AC Agar,0,0,,,,,,,,,,,,,
1495281,2025/26,2025-10-04,"Western Australia Cricket Association Ground, Perth",1,26.5,26.5,New South Wales,Western Australia,M Gilkes,O Davies,AC Agar,0,0,,,,,,,,,,,,,
1495281,2025/26,2025-10-04,"Western Australia Cricket Association Ground, Perth",1,26.6,26.6,New South Wales,Western Australia,M Gilkes,O Davies,AC Agar,0,0,,,,,,,,,,,,,
1495281,2025/26,2025-10-04,"Western Australia Cricket Association Ground, Perth",1,27.1,27.1,New South Wales,Western Australia,O Davies,M Gilkes,JS Paris,0,0,,,,,,,,,,,,,
1495281,2025/26,2025-10-04,"Western Australia Cricket Association Ground, Perth",1,27.2,27.2,New South Wales,Western Australia,O Davies,M Gilkes,JS Paris,6,0,,,,,,,,,,,,,
1495281,2025/26,2025-10-04,"Western Australia Cricket Association Ground, Perth",1,27.3,27.3,New South Wales,Western Australia,O Davies,M Gilkes,JS Paris,4,0,,,,,,,,,,,,,
1495281,2025/26,2025-10-04,"Western Australia Cricket Association Ground, Perth",1,27.4,27.4,New South Wales,Western Australia,O Davies,M Gilkes,JS Paris,0,0,,,,,,,,,,,,,
1495281,2025/26,2025-10-04,"Western Australia Cricket Association Ground, Perth",1,27.5,27.5,New South Wales,Western Australia,O Davies,M Gilkes,JS Paris,0,0,,,,,,,,,,,,,
1495281,2025/26,2025-10-04,"Western Australia Cricket Association Ground, Perth",1,27.6,27.6,New South Wales,Western Australia,O Davies,M Gilkes,JS Paris,0,0,,,,,,,,,,,,,
1495281,2025/26,2025-10-04,"Western Australia Cricket Association Ground, Perth",1,28.1,28.1,New South Wales,Western Australia,M Gilkes,O Davies,M Kelly,0,0,,,,,,,,,,,,,
1495281,2025/26,2025-10-04,"Western Australia Cricket Association Ground, Perth",1,28.2,28.2,New South Wales,Western Australia,M Gilkes,O Davies,M Kelly,4,0,,,,,,,,,,,,,
1495281,2025/26,2025-10-04,"Western Australia Cricket Association Ground, Perth",1,28.3,28.3,New South Wales,Western Australia,M Gilkes,O Davies,M Kelly,0,0,,,,,,,,,,,,,
1495281,2025/26,2025-10-04,"Western Australia Cricket Association Ground, Perth",1,28.4,28.4,New South Wales,Western Australia,M Gilkes,O Davies,M Kelly,4,0,,,,,,,,,,,,,
1495281,2025/26,2025-10-04,"Western Australia Cricket Association Ground, Perth",1,28.5,28.5,New South Wales,Western Australia,M Gilkes,O Davies,M Kelly,0,0,,,,,,,,,,,,,
1495281,2025/26,2025-10-04,"Western Australia Cricket Association Ground, Perth",1,28.6,28.6,New South Wales,Western Australia,M Gilkes,O Davies,M Kelly,0,0,,,,,,,,,,,,,
1495281,2025/26,2025-10-04,"Western Australia Cricket Association Ground, Perth",1,29.1,29.1,New South Wales,Western Australia,O Davies,M Gilkes,JS Paris,0,0,,,,,,,,,,,,,
1495281,2025/26,2025-10-04,"Western Australia Cricket Association Ground, Perth",1,29.2,29.2,New South Wales,Western Australia,O Davies,M Gilkes,JS Paris,0,0,,,,,,,,,,,,,
1495281,2025/26,2025-10-04,"Western Australia Cricket Association Ground, Perth",1,29.3,29.3,New South Wales,Western Australia,O Davies,M Gilkes,JS Paris,0,0,,,,,,,,,,,,,
1495281,2025/26,2025-10-04,"Western Australia Cricket Association Ground, Perth",1,29.4,29.4,New South Wales,Western Australia,O Davies,M Gilkes,JS Paris,1,0,,,,,,,,,,,,,
1495281,2025/26,2025-10-04,"Western Australia Cricket Association Ground, Perth",1,29.5,29.5,New South Wales,Western Australia,M Gilkes,O Davies,JS Paris,0,0,,,,,,,,,,,,,
1495281,2025/26,2025-10-04,"Western Australia Cricket Association Ground, Perth",1,29.6,29.6,New South Wales,Western Australia,M Gilkes,O Davies,JS Paris,0,0,,,,,,,,,,,,,
1495281,2025/26,2025-10-04,"Western Australia Cricket Association Ground, Perth",1,30.1,30.1,New South Wales,Western Australia,O Davies,M Gilkes,M Kelly,0,0,,,,,,,,,,,,,
1495281,2025/26,2025-10-04,"Western Australia Cricket Association Ground, Perth",1,30.2,30.2,New South Wales,Western Australia,O Davies,M Gilkes,M Kelly,4,0,,,,,,,,,,,,,
1495281,2025/26,2025-10-04,"Western Australia Cricket Association Ground, Perth",1,30.3,30.3,New South Wales,Western Australia,O Davies,M Gilkes,M Kelly,0,0,,,,,,,,,,,,,
1495281,2025/26,2025-10-04,"Western Australia Cricket Association Ground, Perth",1,30.4,30.4,New South Wales,Western Australia,O Davies,M Gilkes,M Kelly,0,0,,,,,,,,,,,,,
1495281,2025/26,2025-10-04,"Western Australia Cricket Association Ground, Perth",1,30.5,30.5,New South Wales,Western Australia,O Davies,M Gilkes,M Kelly,0,0,,,,,,,,,,,,,
1495281,2025/26,2025-10-04,"Western Australia Cricket Association Ground, Perth",1,30.6,30.6,New South Wales,Western Australia,O Davies,M Gilkes,M Kelly,0,0,,,,,,,,,,,,,
1495281,2025/26,2025-10-04,"Western Australia Cricket Association Ground, Perth",1,31.1,31.1,New South Wales,Western Australia,M Gilkes,O Davies,JS Paris,0,0,,,,,,,,,,,,,
1495281,2025/26,2025-10-04,"Western Australia Cricket Association Ground, Perth",1,31.2,31.2,New South Wales,Western Australia,M Gilkes,O Davies,JS Paris,0,0,,,,,,,,,,,,,
1495281,2025/26,2025-10-04,"Western Australia Cricket Association Ground, Perth",1,31.3,31.3,New South Wales,Western Australia,M Gilkes,O Davies,JS Paris,4,0,,,,,,,,,,,,,
1495281,2025/26,2025-10-04,"Western Australia Cricket Association Ground, Perth",1,31.4,31.4,New South Wales,Western Australia,M Gilkes,O Davies,JS Paris,0,0,,,,,,,,,,,,,
1495281,2025/26,2025-10-04,"Western Australia Cricket Association Ground, Perth",1,31.5,31.5,New South Wales,Western Australia,M Gilkes,O Davies,JS Paris,0,0,,,,,,,,,,,,,
1495281,2025/26,2025-10-04,"Western Australia Cricket Association Ground, Perth",1,31.6,31.6,New South Wales,Western Australia,M Gilkes,O Davies,JS Paris,0,0,,,,,,,,,,,,,
1495281,2025/26,2025-10-04,"Western Australia Cricket Association Ground, Perth",1,32.1,32.1,New South Wales,Western Australia,O Davies,M Gilkes,M Kelly,0,1,1,,,,,,,,,,,,
1495281,2025/26,2025-10-04,"Western Australia Cricket Association Ground, Perth",1,32.2,32.1,New South Wales,Western Australia,O Davies,M Gilkes,M Kelly,0,0,,,,,,,,,,,,,
1495281,2025/26,2025-10-04,"Western Australia Cricket Association Ground, Perth",1,32.3,32.2,New South Wales,Western Australia,O Davies,M Gilkes,M Kelly,4,0,,,,,,,,,,,,,
1495281,2025/26,2025-10-04,"Western Australia Cricket Association Ground, Perth",1,32.4,32.3,New South Wales,Western Australia,O Davies,M Gilkes,M Kelly,0,0,,,,,,,,,,,,,
1495281,2025/26,2025-10-04,"Western Australia Cricket Association Ground, Perth",1,32.5,32.4,New South Wales,Western Australia,O Davies,M Gilkes,M Kelly,0,0,,,,,,,caught,O Davies,,,CJ Gannon,,
1495281,2025/26,2025-10-04,"Western Australia Cricket Association Ground, Perth",1,32.6,32.5,New South Wales,Western Australia,CJ Green,M Gilkes,M Kelly,0,0,,,,,,,,,,,,,
1495281,2025/26,2025-10-04,"Western Australia Cricket Association Ground, Perth",1,32.7,32.6,New South Wales,Western Australia,CJ Green,M Gilkes,M Kelly,0,0,,,,,,,,,,,,,
1495281,2025/26,2025-10-04,"Western Australia Cricket Association Ground, Perth",1,33.1,33.1,New South Wales,Western Australia,M Gilkes,CJ Green,CJ Rocchiccioli,0,0,,,,,,,,,,,,,
1495281,2025/26,2025-10-04,"Western Australia Cricket Association Ground, Perth",1,33.2,33.2,New South Wales,Western Australia,M Gilkes,CJ Green,CJ Rocchiccioli,0,0,,,,,,,,,,,,,
1495281,2025/26,2025-10-04,"Western Australia Cricket Association Ground, Perth",1,33.3,33.3,New South Wales,Western Australia,M Gilkes,CJ Green,CJ Rocchiccioli,0,0,,,,,,,,,,,,,
1495281,2025/26,2025-10-04,"Western Australia Cricket Association Ground, Perth",1,33.4,33.4,New South Wales,Western Australia,M Gilkes,CJ Green,CJ Rocchiccioli,0,0,,,,,,,,,,,,,
1495281,2025/26,2025-10-04,"Western Australia Cricket Association Ground, Perth",1,33.5,33.5,New South Wales,Western Australia,M Gilkes,CJ Green,CJ Rocchiccioli,0,0,,,,,,,,,,,,,
1495281,2025/26,2025-10-04,"Western Australia Cricket Association Ground, Perth",1,33.6,33.6,New South Wales,Western Australia,M Gilkes,CJ Green,CJ Rocchiccioli,0,0,,,,,,,,,,,,,
1495281,2025/26,2025-10-04,"Western Australia Cricket Association Ground, Perth",1,34.1,34.1,New South Wales,Western Australia,CJ Green,M Gilkes,M Kelly,0,0,,,,,,,,,,,,,
1495281,2025/26,2025-10-04,"Western Australia Cricket Association Ground, Perth",1,34.2,34.2,New South Wales,Western Australia,CJ Green,M Gilkes,M Kelly,0,0,,,,,,,,,,,,,
1495281,2025/26,2025-10-04,"Western Australia Cricket Association Ground, Perth",1,34.3,34.3,New South Wales,Western Australia,CJ Green,M Gilkes,M Kelly,0,0,,,,,,,,,,,,,
1495281,2025/26,2025-10-04,"Western Australia Cricket Association Ground, Perth",1,34.4,34.4,New South Wales,Western Australia,CJ Green,M Gilkes,M Kelly,1,0,,,,,,,,,,,,,
1495281,2025/26,2025-10-04,"Western Australia Cricket Association Ground, Perth",1,34.5,34.5,New South Wales,Western Australia,M Gilkes,CJ Green,M Kelly,0,0,,,,,,,,,,,,,
1495281,2025/26,2025-10-04,"Western Australia Cricket Association Ground, Perth",1,34.6,34.6,New South Wales,Western Australia,M Gilkes,CJ Green,M Kelly,0,0,,,,,,,,,,,,,
1495281,2025/26,2025-10-04,"Western Australia Cricket Association Ground, Perth",1,35.1,35.1,New South Wales,Western Australia,CJ Green,M Gilkes,CJ Rocchiccioli,0,0,,,,,,,,,,,,,
1495281,2025/26,2025-10-04,"Western Australia Cricket Association Ground, Perth",1,35.2,35.2,New South Wales,Western Australia,CJ Green,M Gilkes,CJ Rocchiccioli,6,0,,,,,,,,,,,,,
1495281,2025/26,2025-10-04,"Western Australia Cricket Association Ground, Perth",1,35.3,35.3,New South Wales,Western Australia,CJ Green,M Gilkes,CJ Rocchiccioli,1,0,,,,,,,,,,,,,
1495281,2025/26,2025-10-04,"Western Australia Cricket Association Ground, Perth",1,35.4,35.4,New South Wales,Western Australia,M Gilkes,CJ Green,CJ Rocchiccioli,0,0,,,,,,,,,,,,,
1495281,2025/26,2025-10-04,"Western Australia Cricket Association Ground, Perth",1,35.5,35.5,New South Wales,Western Australia,M Gilkes,CJ Green,CJ Rocchiccioli,6,0,,,,,,,,,,,,,
1495281,2025/26,2025-10-04,"Western Australia Cricket Association Ground, Perth",1,35.6,35.6,New South Wales,Western Australia,M Gilkes,CJ Green,CJ Rocchiccioli,1,0,,,,,,,,,,,,,
1495281,2025/26,2025-10-04,"Western Australia Cricket Association Ground, Perth",1,36.1,36.1,New South Wales,Western Australia,M Gilkes,CJ Green,M Kelly,0,0,,,,,,,,,,,,,
1495281,2025/26,2025-10-04,"Western Australia Cricket Association Ground, Perth",1,36.2,36.2,New South Wales,Western Australia,M Gilkes,CJ Green,M Kelly,3,0,,,,,,,,,,,,,
1495281,2025/26,2025-10-04,"Western Australia Cricket Association Ground, Perth",1,36.3,36.3,New South Wales,Western Australia,CJ Green,M Gilkes,M Kelly,1,0,,,,,,,,,,,,,
1495281,2025/26,2025-10-04,"Western Australia Cricket Association Ground, Perth",1,36.4,36.4,New South Wales,Western Australia,M Gilkes,CJ Green,M Kelly,0,0,,,,,,,caught,M Gilkes,,,JL Curtis,,
1495281,2025/26,2025-10-04,"Western Australia Cricket Association Ground, Perth",1,36.5,36.5,New South Wales,Western Australia,W Salzmann,CJ Green,M Kelly,0,0,,,,,,,,,,,,,
1495281,2025/26,2025-10-04,"Western Australia Cricket Association Ground, Perth",1,36.6,36.6,New South Wales,Western Australia,W Salzmann,CJ Green,M Kelly,0,0,,,,,,,,,,,,,
1495281,2025/26,2025-10-04,"Western Australia Cricket Association Ground, Perth",1,37.1,37.1,New South Wales,Western Australia,CJ Green,W Salzmann,CJ Rocchiccioli,0,0,,,,,,,,,,,,,
1495281,2025/26,2025-10-04,"Western Australia Cricket Association Ground, Perth",1,37.2,37.2,New South Wales,Western Australia,CJ Green,W Salzmann,CJ Rocchiccioli,0,0,,,,,,,,,,,,,
1495281,2025/26,2025-10-04,"Western Australia Cricket Association Ground, Perth",1,37.3,37.3,New South Wales,Western Australia,CJ Green,W Salzmann,CJ Rocchiccioli,0,0,,,,,,,,,,,,,
1495281,2025/26,2025-10-04,"Western Australia Cricket Association Ground, Perth",1,37.4,37.4,New South Wales,Western Australia,CJ Green,W Salzmann,CJ Rocchiccioli,0,0,,,,,,,,,,,,,
1495281,2025/26,2025-10-04,"Western Australia Cricket Association Ground, Perth",1,37.5,37.5,New South Wales,Western Australia,CJ Green,W Salzmann,CJ Rocchiccioli,0,0,,,,,,,,,,,,,
1495281,2025/26,2025-10-04,"Western Australia Cricket Association Ground, Perth",1,37.6,37.6,New South Wales,Western Australia,CJ Green,W Salzmann,CJ Rocchiccioli,0,0,,,,,,,,,,,,,
1495281,2025/26,2025-10-04,"Western Australia Cricket Association Ground, Perth",1,38.1,38.1,New South Wales,Western Australia,W Salzmann,CJ Green,M Kelly,0,0,,,,,,,,,,,,,
1495281,2025/26,2025-10-04,"Western Australia Cricket Association Ground, Perth",1,38.2,38.2,New South Wales,Western Australia,W Salzmann,CJ Green,M Kelly,0,0,,,,,,,,,,,,,
1495281,2025/26,2025-10-04,"Western Australia Cricket Association Ground, Perth",1,38.3,38.3,New South Wales,Western Australia,W Salzmann,CJ Green,M Kelly,4,0,,,,,,,,,,,,,
1495281,2025/26,2025-10-04,"Western Australia Cricket Association Ground, Perth",1,38.4,38.4,New South Wales,Western Australia,W Salzmann,CJ Green,M Kelly,0,0,,,,,,,,,,,,,
1495281,2025/26,2025-10-04,"Western Australia Cricket Association Ground, Perth",1,38.5,38.5,New South Wales,Western Australia,W Salzmann,CJ Green,M Kelly,4,0,,,,,,,,,,,,,
1495281,2025/26,2025-10-04,"Western Australia Cricket Association Ground, Perth",1,38.6,38.6,New South Wales,Western Australia,W Salzmann,CJ Green,M Kelly,0,0,,,,,,,,,,,,,
1495281,2025/26,2025-10-04,"Western Australia Cricket Association Ground, Perth",1,39.1,39.1,New South Wales,Western Australia,CJ Green,W Salzmann,CJ Rocchiccioli,4,0,,,,,,,,,,,,,
1495281,2025/26,2025-10-04,"Western Australia Cricket Association Ground, Perth",1,39.2,39.2,New South Wales,Western Australia,CJ Green,W Salzmann,CJ Rocchiccioli,0,0,,,,,,,,,,,,,
1495281,2025/26,2025-10-04,"Western Australia Cricket Association Ground, Perth",1,39.3,39.3,New South Wales,Western Australia,CJ Green,W Salzmann,CJ Rocchiccioli,0,0,,,,,,,,,,,,,
1495281,2025/26,2025-10-04,"Western Australia Cricket Association Ground, Perth",1,39.4,39.4,New South Wales,Western Australia,CJ Green,W Salzmann,CJ Rocchiccioli,0,0,,,,,,,,,,,,,
1495281,2025/26,2025-10-04,"Western Australia Cricket Association Ground, Perth",1,39.5,39.5,New South Wales,Western Australia,CJ Green,W Salzmann,CJ Rocchiccioli,1,0,,,,,,,,,,,,,
1495281,2025/26,2025-10-04,"Western Australia Cricket Association Ground, Perth",1,39.6,39.6,New South Wales,Western Australia,W Salzmann,CJ Green,CJ Rocchiccioli,0,0,,,,,,,,,,,,,
1495281,2025/26,2025-10-04,"Western Australia Cricket Association Ground, Perth",1,40.1,40.1,New South Wales,Western Australia,CJ Green,W Salzmann,CJ Gannon,0,0,,,,,,,,,,,,,
1495281,2025/26,2025-10-04,"Western Australia Cricket Association Ground, Perth",1,40.2,40.2,New South Wales,Western Australia,CJ Green,W Salzmann,CJ Gannon,0,0,,,,,,,,,,,,,
1495281,2025/26,2025-10-04,"Western Australia Cricket Association Ground, Perth",1,40.3,40.3,New South Wales,Western Australia,CJ Green,W Salzmann,CJ Gannon,2,0,,,,,,,,,,,,,
1495281,2025/26,2025-10-04,"Western Australia Cricket Association Ground, Perth",1,40.4,40.4,New South Wales,Western Australia,CJ Green,W Salzmann,CJ Gannon,0,0,,,,,,,,,,,,,
1495281,2025/26,2025-10-04,"Western Australia Cricket Association Ground, Perth",1,40.5,40.5,New South Wales,Western Australia,CJ Green,W Salzmann,CJ Gannon,0,0,,,,,,,,,,,,,
1495281,2025/26,2025-10-04,"Western Australia Cricket Association Ground, Perth",1,40.6,40.6,New South Wales,Western Australia,CJ Green,W Salzmann,CJ Gannon,0,0,,,,,,,,,,,,,
1495281,2025/26,2025-10-04,"Western Australia Cricket Association Ground, Perth",1,41.1,41.1,New South Wales,Western Australia,W Salzmann,CJ Green,CJ Rocchiccioli,0,0,,,,,,,,,,,,,
1495281,2025/26,2025-10-04,"Western Australia Cricket Association Ground, Perth",1,41.2,41.2,New South Wales,Western Australia,W Salzmann,CJ Green,CJ Rocchiccioli,0,0,,,,,,,,,,,,,
1495281,2025/26,2025-10-04,"Western Australia Cricket Association Ground, Perth",1,41.3,41.3,New South Wales,Western Australia,W Salzmann,CJ Green,CJ Rocchiccioli,1,0,,,,,,,,,,,,,
1495281,2025/26,2025-10-04,"Western Australia Cricket Association Ground, Perth",1,41.4,41.4,New South Wales,Western Australia,CJ Green,W Salzmann,CJ Rocchiccioli,0,0,,,,,,,,,,,,,
1495281,2025/26,2025-10-04,"Western Australia Cricket Association Ground, Perth",1,41.5,41.5,New South Wales,Western Australia,CJ Green,W Salzmann,CJ Rocchiccioli,0,0,,,,,,,,,,,,,
1495281,2025/26,2025-10-04,"Western Australia Cricket Association Ground, Perth",1,41.6,41.6,New South Wales,Western Australia,CJ Green,W Salzmann,CJ Rocchiccioli,1,0,,,,,,,,,,,,,
1495281,2025/26,2025-10-04,"Western Australia Cricket Association Ground, Perth",1,42.1,42.1,New South Wales,Western Australia,CJ Green,W Salzmann,CJ Gannon,0,0,,,,,,,,,,,,,
1495281,2025/26,2025-10-04,"Western Australia Cricket Association Ground, Perth",1,42.2,42.2,New South Wales,Western Australia,CJ Green,W Salzmann,CJ Gannon,0,1,,1,,,,,,,,,,,
1495281,2025/26,2025-10-04,"Western Australia Cricket Association Ground, Perth",1,42.3,42.2,New South Wales,Western Australia,CJ Green,W Salzmann,CJ Gannon,0,0,,,,,,,,,,,,,
1495281,2025/26,2025-10-04,"Western Australia Cricket Association Ground, Perth",1,42.4,42.3,New South Wales,Western Australia,CJ Green,W Salzmann,CJ Gannon,0,0,,,,,,,,,,,,,
1495281,2025/26,2025-10-04,"Western Australia Cricket Association Ground, Perth",1,42.5,42.4,New South Wales,Western Australia,CJ Green,W Salzmann,CJ Gannon,0,0,,,,,,,caught,CJ Green,,,CT Bancroft,,
1495281,2025/26,2025-10-04,"Western Australia Cricket Association Ground, Perth",1,42.6,42.5,New South Wales,Western Australia,CH Stobo,W Salzmann,CJ Gannon,0,0,,,,,,,,,,,,,
1495281,2025/26,2025-10-04,"Western Australia Cricket Association Ground, Perth",1,42.7,42.6,New South Wales,Western Australia,CH Stobo,W Salzmann,CJ Gannon,4,0,,,,,,,,,,,,,
1495281,2025/26,2025-10-04,"Western Australia Cricket Association Ground, Perth",1,43.1,43.1,New South Wales,Western Australia,W Salzmann,CH Stobo,CJ Rocchiccioli,1,0,,,,,,,,,,,,,
1495281,2025/26,2025-10-04,"Western Australia Cricket Association Ground, Perth",1,43.2,43.2,New South Wales,Western Australia,CH Stobo,W Salzmann,CJ Rocchiccioli,1,0,,,,,,,,,,,,,
1495281,2025/26,2025-10-04,"Western Australia Cricket Association Ground, Perth",1,43.3,43.3,New South Wales,Western Australia,W Salzmann,CH Stobo,CJ Rocchiccioli,1,0,,,,,,,,,,,,,
1495281,2025/26,2025-10-04,"Western Australia Cricket Association Ground, Perth",1,43.4,43.4,New South Wales,Western Australia,CH Stobo,W Salzmann,CJ Rocchiccioli,0,0,,,,,,,,,,,,,
1495281,2025/26,2025-10-04,"Western Australia Cricket Association Ground, Perth",1,43.5,43.5,New South Wales,Western Australia,CH Stobo,W Salzmann,CJ Rocchiccioli,0,0,,,,,,,,,,,,,
1495281,2025/26,2025-10-04,"Western Australia Cricket Association Ground, Perth",1,43.6,43.6,New South Wales,Western Australia,CH Stobo,W Salzmann,CJ Rocchiccioli,0,0,,,,,,,,,,,,,
1495281,2025/26,2025-10-04,"Western Australia Cricket Association Ground, Perth",1,44.1,44.1,New South Wales,Western Australia,W Salzmann,CH Stobo,CJ Gannon,0,0,,,,,,,,,,,,,
1495281,2025/26,2025-10-04,"Western Australia Cricket Association Ground, Perth",1,44.2,44.2,New South Wales,Western Australia,W Salzmann,CH Stobo,CJ Gannon,0,0,,,,,,,,,,,,,
1495281,2025/26,2025-10-04,"Western Australia Cricket Association Ground, Perth",1,44.3,44.3,New South Wales,Western Australia,W Salzmann,CH Stobo,CJ Gannon,1,0,,,,,,,,,,,,,
1495281,2025/26,2025-10-04,"Western Australia Cricket Association Ground, Perth",1,44.4,44.4,New South Wales,Western Australia,CH Stobo,W Salzmann,CJ Gannon,0,0,,,,,,,,,,,,,
1495281,2025/26,2025-10-04,"Western Australia Cricket Association Ground, Perth",1,44.5,44.5,New South Wales,Western Australia,CH Stobo,W Salzmann,CJ Gannon,4,0,,,,,,,,,,,,,
1495281,2025/26,2025-10-04,"Western Australia Cricket Association Ground, Perth",1,44.6,44.6,New South Wales,Western Australia,CH Stobo,W Salzmann,CJ Gannon,0,0,,,,,,,,,,,,,
1495281,2025/26,2025-10-04,"Western Australia Cricket Association Ground, Perth",1,45.1,45.1,New South Wales,Western Australia,W Salzmann,CH Stobo,CJ Rocchiccioli,4,0,,,,,,,,,,,,,
1495281,2025/26,2025-10-04,"Western Australia Cricket Association Ground, Perth",1,45.2,45.2,New South Wales,Western Australia,W Salzmann,CH Stobo,CJ Rocchiccioli,0,0,,,,,,,,,,,,,
1495281,2025/26,2025-10-04,"Western Australia Cricket Association Ground, Perth",1,45.3,45.3,New South Wales,Western Australia,W Salzmann,CH Stobo,CJ Rocchiccioli,0,0,,,,,,,,,,,,,
1495281,2025/26,2025-10-04,"Western Australia Cricket Association Ground, Perth",1,45.4,45.4,New South Wales,Western Australia,W Salzmann,CH Stobo,CJ Rocchiccioli,0,0,,,,,,,,,,,,,
1495281,2025/26,2025-10-04,"Western Australia Cricket Association Ground, Perth",1,45.5,45.5,New South Wales,Western Australia,W Salzmann,CH Stobo,CJ Rocchiccioli,0,0,,,,,,,,,,,,,
1495281,2025/26,2025-10-04,"Western Australia Cricket Association Ground, Perth",1,45.6,45.6,New South Wales,Western Australia,W Salzmann,CH Stobo,CJ Rocchiccioli,1,0,,,,,,,,,,,,,
1495281,2025/26,2025-10-04,"Western Australia Cricket Association Ground, Perth",1,46.1,46.1,New South Wales,Western Australia,W Salzmann,CH Stobo,CJ Gannon,0,0,,,,,,,,,,,,,
1495281,2025/26,2025-10-04,"Western Australia Cricket Association Ground, Perth",1,46.2,46.2,New South Wales,Western Australia,W Salzmann,CH Stobo,CJ Gannon,0,0,,,,,,,,,,,,,
1495281,2025/26,2025-10-04,"Western Australia Cricket Association Ground, Perth",1,46.3,46.3,New South Wales,Western Australia,W Salzmann,CH Stobo,CJ Gannon,0,0,,,,,,,,,,,,,
1495281,2025/26,2025-10-04,"Western Australia Cricket Association Ground, Perth",1,46.4,46.4,New South Wales,Western Australia,W Salzmann,CH Stobo,CJ Gannon,1,0,,,,,,,,,,,,,
1495281,2025/26,2025-10-04,"Western Australia Cricket Association Ground, Perth",1,46.5,46.5,New South Wales,Western Australia,CH Stobo,W Salzmann,CJ Gannon,3,0,,,,,,,,,,,,,
1495281,2025/26,2025-10-04,"Western Australia Cricket Association Ground, Perth",1,46.6,46.6,New South Wales,Western Australia,W Salzmann,CH Stobo,CJ Gannon,0,0,,,,,,,,,,,,,
1495281,2025/26,2025-10-04,"Western Australia Cricket Association Ground, Perth",1,47.1,47.1,New South Wales,Western Australia,CH Stobo,W Salzmann,C Green,0,0,,,,,,,,,,,,,
1495281,2025/26,2025-10-04,"Western Australia Cricket Association Ground, Perth",1,47.2,47.2,New South Wales,Western Australia,CH Stobo,W Salzmann,C Green,0,0,,,,,,,caught,CH Stobo,,,CJ Gannon,,
1495281,2025/26,2025-10-04,"Western Australia Cricket Association Ground, Perth",1,47.3,47.3,New South Wales,Western Australia,NM Lyon,W Salzmann,C Green,0,0,,,,,,,,,,,,,
1495281,2025/26,2025-10-04,"Western Australia Cricket Association Ground, Perth",1,47.4,47.4,New South Wales,Western Australia,NM Lyon,W Salzmann,C Green,0,0,,,,,,,,,,,,,
1495281,2025/26,2025-10-04,"Western Australia Cricket Association Ground, Perth",1,47.5,47.5,New South Wales,Western Australia,NM Lyon,W Salzmann,C Green,0,0,,,,,,,,,,,,,
1495281,2025/26,2025-10-04,"Western Australia Cricket Association Ground, Perth",1,47.6,47.6,New South Wales,Western Australia,NM Lyon,W Salzmann,C Green,0,0,,,,,,,,,,,,,
1495281,2025/26,2025-10-04,"Western Australia Cricket Association Ground, Perth",1,48.1,48.1,New South Wales,Western Australia,W Salzmann,NM Lyon,JS Paris,0,0,,,,,,,,,,,,,
1495281,2025/26,2025-10-04,"Western Australia Cricket Association Ground, Perth",1,48.2,48.2,New South Wales,Western Australia,W Salzmann,NM Lyon,JS Paris,4,0,,,,,,,,,,,,,
1495281,2025/26,2025-10-04,"Western Australia Cricket Association Ground, Perth",1,48.3,48.3,New South Wales,Western Australia,W Salzmann,NM Lyon,JS Paris,0,0,,,,,,,,,,,,,
1495281,2025/26,2025-10-04,"Western Australia Cricket Association Ground, Perth",1,48.4,48.4,New South Wales,Western Australia,W Salzmann,NM Lyon,JS Paris,2,0,,,,,,,,,,,,,
1495281,2025/26,2025-10-04,"Western Australia Cricket Association Ground, Perth",1,48.5,48.5,New South Wales,Western Australia,W Salzmann,NM Lyon,JS Paris,0,0,,,,,,,,,,,,,
1495281,2025/26,2025-10-04,"Western Australia Cricket Association Ground, Perth",1,48.6,48.6,New South Wales,Western Australia,W Salzmann,NM Lyon,JS Paris,0,0,,,,,,,,,,,,,
1495281,2025/26,2025-10-04,"Western Australia Cricket Association Ground, Perth",1,49.1,49.1,New South Wales,Western Australia,NM Lyon,W Salzmann,C Green,0,0,,,,,,,,,,,,,
1495281,2025/26,2025-10-04,"Western Australia Cricket Association Ground, Perth",1,49.2,49.2,New South Wales,Western Australia,NM Lyon,W Salzmann,C Green,1,0,,,,,,,,,,,,,
1495281,2025/26,2025-10-04,"Western Australia Cricket Association Ground, Perth",1,49.3,49.3,New South Wales,Western Australia,W Salzmann,NM Lyon,C Green,0,0,,,,,,,,,,,,,
1495281,2025/26,2025-10-04,"Western Australia Cricket Association Ground, Perth",1,49.4,49.4,New South Wales,Western Australia,W Salzmann,NM Lyon,C Green,4,0,,,,,,,,,,,,,
1495281,2025/26,2025-10-04,"Western Australia Cricket Association Ground, Perth",1,49.5,49.5,New South Wales,Western Australia,W Salzmann,NM Lyon,C Green,0,0,,,,,,,,,,,,,
1495281,2025/26,2025-10-04,"Western Australia Cricket Association Ground, Perth",1,49.6,49.6,New South Wales,Western Australia,W Salzmann,NM Lyon,C Green,4,0,,,,,,,,,,,,,
1495281,2025/26,2025-10-04,"Western Australia Cricket Association Ground, Perth",1,50.1,50.1,New South Wales,Western Australia,NM Lyon,W Salzmann,JS Paris,1,0,,,,,,,,,,,,,
1495281,2025/26,2025-10-04,"Western Australia Cricket Association Ground, Perth",1,50.2,50.2,New South Wales,Western Australia,W Salzmann,NM Lyon,JS Paris,0,0,,,,,,,,,,,,,
1495281,2025/26,2025-10-04,"Western Australia Cricket Association Ground, Perth",1,50.3,50.3,New South Wales,Western Australia,W Salzmann,NM Lyon,JS Paris,3,0,,,,,,,,,,,,,
1495281,2025/26,2025-10-04,"Western Australia Cricket Association Ground, Perth",1,50.4,50.4,New South Wales,Western Australia,NM Lyon,W Salzmann,JS Paris,0,0,,,,,,,,,,,,,
1495281,2025/26,2025-10-04,"Western Australia Cricket Association Ground, Perth",1,50.5,50.5,New South Wales,Western Australia,NM Lyon,W Salzmann,JS Paris,0,0,,,,,,,,,,,,,
1495281,2025/26,2025-10-04,"Western Australia Cricket Association Ground, Perth",1,50.6,50.6,New South Wales,Western Australia,NM Lyon,W Salzmann,JS Paris,0,0,,,,,,,,,,,,,
1495281,2025/26,2025-10-04,"Western Australia Cricket Association Ground, Perth",1,51.1,51.1,New South Wales,Western Australia,W Salzmann,NM Lyon,C Green,0,0,,,,,,,,,,,,,
1495281,2025/26,2025-10-04,"Western Australia Cricket Association Ground, Perth",1,51.2,51.2,New South Wales,Western Australia,W Salzmann,NM Lyon,C Green,0,0,,,,,,,,,,,,,
1495281,2025/26,2025-10-04,"Western Australia Cricket Association Ground, Perth",1,51.3,51.3,New South Wales,Western Australia,W Salzmann,NM Lyon,C Green,0,0,,,,,,,,,,,,,
1495281,2025/26,2025-10-04,"Western Australia Cricket Association Ground, Perth",1,51.4,51.4,New South Wales,Western Australia,W Salzmann,NM Lyon,C Green,0,0,,,,,,,,,,,,,
1495281,2025/26,2025-10-04,"Western Australia Cricket Association Ground, Perth",1,51.5,51.5,New South Wales,Western Australia,W Salzmann,NM Lyon,C Green,0,0,,,,,,,,,,,,,
1495281,2025/26,2025-10-04,"Western Australia Cricket Association Ground, Perth",1,51.6,51.6,New South Wales,Western Australia,W Salzmann,NM Lyon,C Green,0,0,,,,,,,,,,,,,
1495281,2025/26,2025-10-04,"Western Australia Cricket Association Ground, Perth",1,52.1,52.1,New South Wales,Western Australia,NM Lyon,W Salzmann,JS Paris,1,0,,,,,,,,,,,,,
1495281,2025/26,2025-10-04,"Western Australia Cricket Association Ground, Perth",1,52.2,52.2,New South Wales,Western Australia,W Salzmann,NM Lyon,JS Paris,0,0,,,,,,,,,,,,,
1495281,2025/26,2025-10-04,"Western Australia Cricket Association Ground, Perth",1,52.3,52.3,New South Wales,Western Australia,W Salzmann,NM Lyon,JS Paris,0,0,,,,,,,,,,,,,
1495281,2025/26,2025-10-04,"Western Australia Cricket Association Ground, Perth",1,52.4,52.4,New South Wales,Western Australia,W Salzmann,NM Lyon,JS Paris,1,0,,,,,,,,,,,,,
1495281,2025/26,2025-10-04,"Western Australia Cricket Association Ground, Perth",1,52.5,52.5,New South Wales,Western Australia,NM Lyon,W Salzmann,JS Paris,0,0,,,,,,,,,,,,,
1495281,2025/26,2025-10-04,"Western Australia Cricket Association Ground, Perth",1,52.6,52.6,New South Wales,Western Australia,NM Lyon,W Salzmann,JS Paris,0,0,,,,,,,,,,,,,
1495281,2025/26,2025-10-04,"Western Australia Cricket Association Ground, Perth",1,53.1,53.1,New South Wales,Western Australia,W Salzmann,NM Lyon,C Green,4,0,,,,,,,,,,,,,
1495281,2025/26,2025-10-04,"Western Australia Cricket Association Ground, Perth",1,53.2,53.2,New South Wales,Western Australia,W Salzmann,NM Lyon,C Green,0,0,,,,,,,,,,,,,
1495281,2025/26,2025-10-04,"Western Australia Cricket Association Ground, Perth",1,53.3,53.3,New South Wales,Western Australia,W Salzmann,NM Lyon,C Green,0,0,,,,,,,,,,,,,
1495281,2025/26,2025-10-04,"Western Australia Cricket Association Ground, Perth",1,53.4,53.4,New South Wales,Western Australia,W Salzmann,NM Lyon,C Green,0,0,,,,,,,,,,,,,
1495281,2025/26,2025-10-04,"Western Australia Cricket Association Ground, Perth",1,53.5,53.5,New South Wales,Western Australia,W Salzmann,NM Lyon,C Green,0,0,,,,,,,,,,,,,
1495281,2025/26,2025-10-04,"Western Australia Cricket Association Ground, Perth",1,53.6,53.6,New South Wales,Western Australia,W Salzmann,NM Lyon,C Green,0,0,,,,,,,,,,,,,
1495281,2025/26,2025-10-04,"Western Australia Cricket Association Ground, Perth",1,54.1,54.1,New South Wales,Western Australia,NM Lyon,W Salzmann,AC Agar,0,0,,,,,,,,,,,,,
1495281,2025/26,2025-10-04,"Western Australia Cricket Association Ground, Perth",1,54.2,54.2,New South Wales,Western Australia,NM Lyon,W Salzmann,AC Agar,0,0,,,,,,,,,,,,,
1495281,2025/26,2025-10-04,"Western Australia Cricket Association Ground, Perth",1,54.3,54.3,New South Wales,Western Australia,NM Lyon,W Salzmann,AC Agar,0,0,,,,,,,,,,,,,
1495281,2025/26,2025-10-04,"Western Australia Cricket Association Ground, Perth",1,54.4,54.4,New South Wales,Western Australia,NM Lyon,W Salzmann,AC Agar,0,0,,,,,,,,,,,,,
1495281,2025/26,2025-10-04,"Western Australia Cricket Association Ground, Perth",1,54.5,54.5,New South Wales,Western Australia,NM Lyon,W Salzmann,AC Agar,0,0,,,,,,,,,,,,,
1495281,2025/26,2025-10-04,"Western Australia Cricket Association Ground, Perth",1,54.6,54.6,New South Wales,Western Australia,NM Lyon,W Salzmann,AC Agar,0,0,,,,,,,,,,,,,
1495281,2025/26,2025-10-04,"Western Australia Cricket Association Ground, Perth",1,55.1,55.1,New South Wales,Western Australia,W Salzmann,NM Lyon,CJ Rocchiccioli,0,0,,,,,,,,,,,,,
1495281,2025/26,2025-10-04,"Western Australia Cricket Association Ground, Perth",1,55.2,55.2,New South Wales,Western Australia,W Salzmann,NM Lyon,CJ Rocchiccioli,0,0,,,,,,,,,,,,,
1495281,2025/26,2025-10-04,"Western Australia Cricket Association Ground, Perth",1,55.3,55.3,New South Wales,Western Australia,W Salzmann,NM Lyon,CJ Rocchiccioli,0,0,,,,,,,,,,,,,
1495281,2025/26,2025-10-04,"Western Australia Cricket Association Ground, Perth",1,55.4,55.4,New South Wales,Western Australia,W Salzmann,NM Lyon,CJ Rocchiccioli,0,0,,,,,,,,,,,,,
1495281,2025/26,2025-10-04,"Western Australia Cricket Association Ground, Perth",1,55.5,55.5,New South Wales,Western Australia,W Salzmann,NM Lyon,CJ Rocchiccioli,0,0,,,,,,,,,,,,,
1495281,2025/26,2025-10-04,"Western Australia Cricket Association Ground, Perth",1,55.6,55.6,New South Wales,Western Australia,W Salzmann,NM Lyon,CJ Rocchiccioli,1,0,,,,,,,,,,,,,
1495281,2025/26,2025-10-04,"Western Australia Cricket Association Ground, Perth",1,56.1,56.1,New South Wales,Western Australia,W Salzmann,NM Lyon,AC Agar,0,0,,,,,,,,,,,,,
1495281,2025/26,2025-10-04,"Western Australia Cricket Association Ground, Perth",1,56.2,56.2,New South Wales,Western Australia,W Salzmann,NM Lyon,AC Agar,0,0,,,,,,,,,,,,,
1495281,2025/26,2025-10-04,"Western Australia Cricket Association Ground, Perth",1,56.3,56.3,New South Wales,Western Australia,W Salzmann,NM Lyon,AC Agar,0,0,,,,,,,,,,,,,
1495281,2025/26,2025-10-04,"Western Australia Cricket Association Ground, Perth",1,56.4,56.4,New South Wales,Western Australia,W Salzmann,NM Lyon,AC Agar,0,0,,,,,,,,,,,,,
1495281,2025/26,2025-10-04,"Western Australia Cricket Association Ground, Perth",1,56.5,56.5,New South Wales,Western Australia,W Salzmann,NM Lyon,AC Agar,0,0,,,,,,,,,,,,,
1495281,2025/26,2025-10-04,"Western Australia Cricket Association Ground, Perth",1,56.6,56.6,New South Wales,Western Australia,W Salzmann,NM Lyon,AC Agar,0,0,,,,,,,,,,,,,
1495281,2025/26,2025-10-04,"Western Australia Cricket Association Ground, Perth",1,57.1,57.1,New South Wales,Western Australia,NM Lyon,W Salzmann,CJ Rocchiccioli,0,0,,,,,,,,,,,,,
1495281,2025/26,2025-10-04,"Western Australia Cricket Association Ground, Perth",1,57.2,57.2,New South Wales,Western Australia,NM Lyon,W Salzmann,CJ Rocchiccioli,0,0,,,,,,,,,,,,,
1495281,2025/26,2025-10-04,"Western Australia Cricket Association Ground, Perth",1,57.3,57.3,New South Wales,Western Australia,NM Lyon,W Salzmann,CJ Rocchiccioli,4,0,,,,,,,,,,,,,
1495281,2025/26,2025-10-04,"Western Australia Cricket Association Ground, Perth",1,57.4,57.4,New South Wales,Western Australia,NM Lyon,W Salzmann,CJ Rocchiccioli,0,0,,,,,,,,,,,,,
1495281,2025/26,2025-10-04,"Western Australia Cricket Association Ground, Perth",1,57.5,57.5,New South Wales,Western Australia,NM Lyon,W Salzmann,CJ Rocchiccioli,0,0,,,,,,,,,,,,,
1495281,2025/26,2025-10-04,"Western Australia Cricket Association Ground, Perth",1,57.6,57.6,New South Wales,Western Australia,NM Lyon,W Salzmann,CJ Rocchiccioli,2,0,,,,,,,,,,,,,
1495281,2025/26,2025-10-04,"Western Australia Cricket Association Ground, Perth",1,58.1,58.1,New South Wales,Western Australia,W Salzmann,NM Lyon,AC Agar,1,0,,,,,,,,,,,,,
1495281,2025/26,2025-10-04,"Western Australia Cricket Association Ground, Perth",1,58.2,58.2,New South Wales,Western Australia,NM Lyon,W Salzmann,AC Agar,0,0,,,,,,,,,,,,,
1495281,2025/26,2025-10-04,"Western Australia Cricket Association Ground, Perth",1,58.3,58.3,New South Wales,Western Australia,NM Lyon,W Salzmann,AC Agar,0,0,,,,,,,,,,,,,
1495281,2025/26,2025-10-04,"Western Australia Cricket Association Ground, Perth",1,58.4,58.4,New South Wales,Western Australia,NM Lyon,W Salzmann,AC Agar,0,0,,,,,,,,,,,,,
1495281,2025/26,2025-10-04,"Western Australia Cricket Association Ground, Perth",1,58.5,58.5,New South Wales,Western Australia,NM Lyon,W Salzmann,AC Agar,0,0,,,,,,,bowled,NM Lyon,,,,,
1495281,2025/26,2025-10-04,"Western Australia Cricket Association Ground, Perth",1,58.6,58.6,New South Wales,Western Australia,LC Hatcher,W Salzmann,AC Agar,0,0,,,,,,,,,,,,,
1495281,2025/26,2025-10-04,"Western Australia Cricket Association Ground, Perth",1,59.1,59.1,New South Wales,Western Australia,W Salzmann,LC Hatcher,CJ Gannon,0,0,,,,,,,,,,,,,
1495281,2025/26,2025-10-04,"Western Australia Cricket Association Ground, Perth",1,59.2,59.2,New South Wales,Western Australia,W Salzmann,LC Hatcher,CJ Gannon,0,0,,,,,,,,,,,,,
1495281,2025/26,2025-10-04,"Western Australia Cricket Association Ground, Perth",1,59.3,59.3,New South Wales,Western Australia,W Salzmann,LC Hatcher,CJ Gannon,1,0,,,,,,,,,,,,,
1495281,2025/26,2025-10-04,"Western Australia Cricket Association Ground, Perth",1,59.4,59.4,New South Wales,Western Australia,LC Hatcher,W Salzmann,CJ Gannon,0,0,,,,,,,,,,,,,
1495281,2025/26,2025-10-04,"Western Australia Cricket Association Ground, Perth",1,59.5,59.5,New South Wales,Western Australia,LC Hatcher,W Salzmann,CJ Gannon,0,0,,,,,,,,,,,,,
1495281,2025/26,2025-10-04,"Western Australia Cricket Association Ground, Perth",1,59.6,59.6,New South Wales,Western Australia,LC Hatcher,W Salzmann,CJ Gannon,2,0,,,,,,,,,,,,,
1495281,2025/26,2025-10-04,"Western Australia Cricket Association Ground, Perth",1,60.1,60.1,New South Wales,Western Australia,W Salzmann,LC Hatcher,AC Agar,0,0,,,,,,,caught,W Salzmann,,,J Goodwin,,
1495281,2025/26,2025-10-04,"Western Australia Cricket Association Ground, Perth",1,60.2,60.2,New South Wales,Western Australia,R Hadley,LC Hatcher,AC Agar,0,0,,,,,,,,,,,,,
1495281,2025/26,2025-10-04,"Western Australia Cricket Association Ground, Perth",1,60.3,60.3,New South Wales,Western Australia,R Hadley,LC Hatcher,AC Agar,0,0,,,,,,,,,,,,,
1495281,2025/26,2025-10-04,"Western Australia Cricket Association Ground, Perth",1,60.4,60.4,New South Wales,Western Australia,R Hadley,LC Hatcher,AC Agar,1,0,,,,,,,,,,,,,
1495281,2025/26,2025-10-04,"Western Australia Cricket Association Ground, Perth",1,60.5,60.5,New South Wales,Western Australia,LC Hatcher,R Hadley,AC Agar,0,0,,,,,,,,,,,,,
1495281,2025/26,2025-10-04,"Western Australia Cricket Association Ground, Perth",1,60.6,60.6,New South Wales,Western Australia,LC Hatcher,R Hadley,AC Agar,0,0,,,,,,,,,,,,,
1495281,2025/26,2025-10-04,"Western Australia Cricket Association Ground, Perth",1,61.1,61.1,New South Wales,Western Australia,R Hadley,LC Hatcher,CJ Gannon,0,0,,,,,,,,,,,,,
1495281,2025/26,2025-10-04,"Western Australia Cricket Association Ground, Perth",1,61.2,61.2,New South Wales,Western Australia,R Hadley,LC Hatcher,CJ Gannon,0,0,,,,,,,,,,,,,
1495281,2025/26,2025-10-04,"Western Australia Cricket Association Ground, Perth",1,61.3,61.3,New South Wales,Western Australia,R Hadley,LC Hatcher,CJ Gannon,1,0,,,,,,,,,,,,,
1495281,2025/26,2025-10-04,"Western Australia Cricket Association Ground, Perth",1,61.4,61.4,New South Wales,Western Australia,LC Hatcher,R Hadley,CJ Gannon,1,0,,,,,,,,,,,,,
1495281,2025/26,2025-10-04,"Western Australia Cricket Association Ground, Perth",1,61.5,61.5,New South Wales,Western Australia,R Hadley,LC Hatcher,CJ Gannon,0,0,,,,,,,,,,,,,
1495281,2025/26,2025-10-04,"Western Australia Cricket Association Ground, Perth",1,61.6,61.6,New South Wales,Western Australia,R Hadley,LC Hatcher,CJ Gannon,0,0,,,,,,,,,,,,,
1495281,2025/26,2025-10-04,"Western Australia Cricket Association Ground, Perth",1,62.1,62.1,New South Wales,Western Australia,LC Hatcher,R Hadley,AC Agar,1,0,,,,,,,,,,,,,
1495281,2025/26,2025-10-04,"Western Australia Cricket Association Ground, Perth",1,62.2,62.2,New South Wales,Western Australia,R Hadley,LC Hatcher,AC Agar,1,0,,,,,,,,,,,,,
1495281,2025/26,2025-10-04,"Western Australia Cricket Association Ground, Perth",1,62.3,62.3,New South Wales,Western Australia,LC Hatcher,R Hadley,AC Agar,0,0,,,,,,,,,,,,,
1495281,2025/26,2025-10-04,"Western Australia Cricket Association Ground, Perth",1,62.4,62.4,New South Wales,Western Australia,LC Hatcher,R Hadley,AC Agar,0,0,,,,,,,,,,,,,
1495281,2025/26,2025-10-04,"Western Australia Cricket Association Ground, Perth",1,62.5,62.5,New South Wales,Western Australia,LC Hatcher,R Hadley,AC Agar,0,0,,,,,,,stumped,LC Hatcher,,,JL Curtis,,
1495281,2025/26,2025-10-04,"Western Australia Cricket Association Ground, Perth",2,0.1,0.1,Western Australia,New South Wales,CT Bancroft,SM Whiteman,CH Stobo,0,0,,,,,,,,,,,,,
1495281,2025/26,2025-10-04,"Western Australia Cricket Association Ground, Perth",2,0.2,0.2,Western Australia,New South Wales,CT Bancroft,SM Whiteman,CH Stobo,0,0,,,,,,,,,,,,,
1495281,2025/26,2025-10-04,"Western Australia Cricket Association Ground, Perth",2,0.3,0.3,Western Australia,New South Wales,CT Bancroft,SM Whiteman,CH Stobo,0,0,,,,,,,,,,,,,
1495281,2025/26,2025-10-04,"Western Australia Cricket Association Ground, Perth",2,0.4,0.4,Western Australia,New South Wales,CT Bancroft,SM Whiteman,CH Stobo,0,0,,,,,,,,,,,,,
1495281,2025/26,2025-10-04,"Western Australia Cricket Association Ground, Perth",2,0.5,0.5,Western Australia,New South Wales,CT Bancroft,SM Whiteman,CH Stobo,0,0,,,,,,,,,,,,,
1495281,2025/26,2025-10-04,"Western Australia Cricket Association Ground, Perth",2,0.6,0.6,Western Australia,New South Wales,CT Bancroft,SM Whiteman,CH Stobo,0,0,,,,,,,,,,,,,
1495281,2025/26,2025-10-04,"Western Australia Cricket Association Ground, Perth",2,1.1,1.1,Western Australia,New South Wales,SM Whiteman,CT Bancroft,R Hadley,0,0,,,,,,,,,,,,,
1495281,2025/26,2025-10-04,"Western Australia Cricket Association Ground, Perth",2,1.2,1.2,Western Australia,New South Wales,SM Whiteman,CT Bancroft,R Hadley,1,0,,,,,,,,,,,,,
1495281,2025/26,2025-10-04,"Western Australia Cricket Association Ground, Perth",2,1.3,1.3,Western Australia,New South Wales,CT Bancroft,SM Whiteman,R Hadley,0,1,,,,1,,,,,,,,,
1495281,2025/26,2025-10-04,"Western Australia Cricket Association Ground, Perth",2,1.4,1.4,Western Australia,New South Wales,SM Whiteman,CT Bancroft,R Hadley,0,0,,,,,,,,,,,,,
1495281,2025/26,2025-10-04,"Western Australia Cricket Association Ground, Perth",2,1.5,1.5,Western Australia,New South Wales,SM Whiteman,CT Bancroft,R Hadley,0,0,,,,,,,,,,,,,
1495281,2025/26,2025-10-04,"Western Australia Cricket Association Ground, Perth",2,1.6,1.6,Western Australia,New South Wales,SM Whiteman,CT Bancroft,R Hadley,0,0,,,,,,,,,,,,,
1495281,2025/26,2025-10-04,"Western Australia Cricket Association Ground, Perth",2,2.1,2.1,Western Australia,New South Wales,CT Bancroft,SM Whiteman,CH Stobo,0,0,,,,,,,,,,,,,
1495281,2025/26,2025-10-04,"Western Australia Cricket Association Ground, Perth",2,2.2,2.2,Western Australia,New South Wales,CT Bancroft,SM Whiteman,CH Stobo,0,0,,,,,,,,,,,,,
1495281,2025/26,2025-10-04,"Western Australia Cricket Association Ground, Perth",2,2.3,2.3,Western Australia,New South Wales,CT Bancroft,SM Whiteman,CH Stobo,0,0,,,,,,,,,,,,,
1495281,2025/26,2025-10-04,"Western Australia Cricket Association Ground, Perth",2,2.4,2.4,Western Australia,New South Wales,CT Bancroft,SM Whiteman,CH Stobo,0,0,,,,,,,,,,,,,
1495281,2025/26,2025-10-04,"Western Australia Cricket Association Ground, Perth",2,2.5,2.5,Western Australia,New South Wales,CT Bancroft,SM Whiteman,CH Stobo,2,0,,,,,,,,,,,,,
1495281,2025/26,2025-10-04,"Western Australia Cricket Association Ground, Perth",2,2.6,2.6,Western Australia,New South Wales,CT Bancroft,SM Whiteman,CH Stobo,2,0,,,,,,,,,,,,,
1495281,2025/26,2025-10-04,"Western Australia Cricket Association Ground, Perth",2,3.1,3.1,Western Australia,New South Wales,SM Whiteman,CT Bancroft,R Hadley,0,0,,,,,,,,,,,,,
1495281,2025/26,2025-10-04,"Western Australia Cricket Association Ground, Perth",2,3.2,3.2,Western Australia,New South Wales,SM Whiteman,CT Bancroft,R Hadley,0,0,,,,,,,,,,,,,
1495281,2025/26,2025-10-04,"Western Australia Cricket Association Ground, Perth",2,3.3,3.3,Western Australia,New South Wales,SM Whiteman,CT Bancroft,R Hadley,0,0,,,,,,,,,,,,,
1495281,2025/26,2025-10-04,"Western Australia Cricket Association Ground, Perth",2,3.4,3.4,Western Australia,New South Wales,SM Whiteman,CT Bancroft,R Hadley,0,0,,,,,,,caught,SM Whiteman,,,M Gilkes,,
1495281,2025/26,2025-10-04,"Western Australia Cricket Association Ground, Perth",2,3.5,3.5,Western Australia,New South Wales,J Goodwin,CT Bancroft,R Hadley,0,0,,,,,,,,,,,,,
1495281,2025/26,2025-10-04,"Western Australia Cricket Association Ground, Perth",2,3.6,3.6,Western Australia,New South Wales,J Goodwin,CT Bancroft,R Hadley,0,0,,,,,,,,,,,,,
1495281,2025/26,2025-10-04,"Western Australia Cricket Association Ground, Perth",2,4.1,4.1,Western Australia,New South Wales,CT Bancroft,J Goodwin,CH Stobo,0,0,,,,,,,,,,,,,
1495281,2025/26,2025-10-04,"Western Australia Cricket Association Ground, Perth",2,4.2,4.2,Western Australia,New South Wales,CT Bancroft,J Goodwin,CH Stobo,0,0,,,,,,,,,,,,,
1495281,2025/26,2025-10-04,"Western Australia Cricket Association Ground, Perth",2,4.3,4.3,Western Australia,New South Wales,CT Bancroft,J Goodwin,CH Stobo,1,0,,,,,,,,,,,,,
1495281,2025/26,2025-10-04,"Western Australia Cricket Association Ground, Perth",2,4.4,4.4,Western Australia,New South Wales,J Goodwin,CT Bancroft,CH Stobo,0,0,,,,,,,,,,,,,
1495281,2025/26,2025-10-04,"Western Australia Cricket Association Ground, Perth",2,4.5,4.5,Western Australia,New South Wales,J Goodwin,CT Bancroft,CH Stobo,0,0,,,,,,,,,,,,,
1495281,2025/26,2025-10-04,"Western Australia Cricket Association Ground, Perth",2,4.6,4.6,Western Australia,New South Wales,J Goodwin,CT Bancroft,CH Stobo,0,0,,,,,,,,,,,,,
1495281,2025/26,2025-10-04,"Western Australia Cricket Association Ground, Perth",2,5.1,5.1,Western Australia,New South Wales,CT Bancroft,J Goodwin,R Hadley,0,0,,,,,,,,,,,,,
1495281,2025/26,2025-10-04,"Western Australia Cricket Association Ground, Perth",2,5.2,5.2,Western Australia,New South Wales,CT Bancroft,J Goodwin,R Hadley,0,0,,,,,,,,,,,,,
1495281,2025/26,2025-10-04,"Western Australia Cricket Association Ground, Perth",2,5.3,5.3,Western Australia,New South Wales,CT Bancroft,J Goodwin,R Hadley,0,0,,,,,,,,,,,,,
1495281,2025/26,2025-10-04,"Western Australia Cricket Association Ground, Perth",2,5.4,5.4,Western Australia,New South Wales,CT Bancroft,J Goodwin,R Hadley,0,0,,,,,,,,,,,,,
1495281,2025/26,2025-10-04,"Western Australia Cricket Association Ground, Perth",2,5.5,5.5,Western Australia,New South Wales,CT Bancroft,J Goodwin,R Hadley,0,0,,,,,,,,,,,,,
1495281,2025/26,2025-10-04,"Western Australia Cricket Association Ground, Perth",2,5.6,5.6,Western Australia,New South Wales,CT Bancroft,J Goodwin,R Hadley,2,0,,,,,,,,,,,,,
1495281,2025/26,2025-10-04,"Western Australia Cricket Association Ground, Perth",2,6.1,6.1,Western Australia,New South Wales,J Goodwin,CT Bancroft,CH Stobo,0,0,,,,,,,,,,,,,
1495281,2025/26,2025-10-04,"Western Australia Cricket Association Ground, Perth",2,6.2,6.2,Western Australia,New South Wales,J Goodwin,CT Bancroft,CH Stobo,0,0,,,,,,,,,,,,,
1495281,2025/26,2025-10-04,"Western Australia Cricket Association Ground, Perth",2,6.3,6.3,Western Australia,New South Wales,J Goodwin,CT Bancroft,CH Stobo,0,0,,,,,,,,,,,,,
1495281,2025/26,2025-10-04,"Western Australia Cricket Association Ground, Perth",2,6.4,6.4,Western Australia,New South Wales,J Goodwin,CT Bancroft,CH Stobo,1,0,,,,,,,,,,,,,
1495281,2025/26,2025-10-04,"Western Australia Cricket Association Ground, Perth",2,6.5,6.5,Western Australia,New South Wales,CT Bancroft,J Goodwin,CH Stobo,0,0,,,,,,,,,,,,,
1495281,2025/26,2025-10-04,"Western Australia Cricket Association Ground, Perth",2,6.6,6.6,Western Australia,New South Wales,CT Bancroft,J Goodwin,CH Stobo,3,0,,,,,,,,,,,,,
1495281,2025/26,2025-10-04,"Western Australia Cricket Association Ground, Perth",2,7.1,7.1,Western Australia,New South Wales,CT Bancroft,J Goodwin,R Hadley,0,0,,,,,,,,,,,,,
1495281,2025/26,2025-10-04,"Western Australia Cricket Association Ground, Perth",2,7.2,7.2,Western Australia,New South Wales,CT Bancroft,J Goodwin,R Hadley,0,0,,,,,,,,,,,,,
1495281,2025/26,2025-10-04,"Western Australia Cricket Association Ground, Perth",2,7.3,7.3,Western Australia,New South Wales,CT Bancroft,J Goodwin,R Hadley,0,0,,,,,,,,,,,,,
1495281,2025/26,2025-10-04,"Western Australia Cricket Association Ground, Perth",2,7.4,7.4,Western Australia,New South Wales,CT Bancroft,J Goodwin,R Hadley,0,0,,,,,,,,,,,,,
1495281,2025/26,2025-10-04,"Western Australia Cricket Association Ground, Perth",2,7.5,7.5,Western Australia,New South Wales,CT Bancroft,J Goodwin,R Hadley,0,0,,,,,,,caught,CT Bancroft,,,M Gilkes,,
1495281,2025/26,2025-10-04,"Western Australia Cricket Association Ground, Perth",2,7.6,7.6,Western Australia,New South Wales,C Green,J Goodwin,R Hadley,0,0,,,,,,,,,,,,,
1495281,2025/26,2025-10-04,"Western Australia Cricket Association Ground, Perth",2,8.1,8.1,Western Australia,New South Wales,J Goodwin,C Green,CH Stobo,0,0,,,,,,,,,,,,,
1495281,2025/26,2025-10-04,"Western Australia Cricket Association Ground, Perth",2,8.2,8.2,Western Australia,New South Wales,J Goodwin,C Green,CH Stobo,0,0,,,,,,,,,,,,,
1495281,2025/26,2025-10-04,"Western Australia Cricket Association Ground, Perth",2,8.3,8.3,Western Australia,New South Wales,J Goodwin,C Green,CH Stobo,0,0,,,,,,,,,,,,,
1495281,2025/26,2025-10-04,"Western Australia Cricket Association Ground, Perth",2,8.4,8.4,Western Australia,New South Wales,J Goodwin,C Green,CH Stobo,0,0,,,,,,,,,,,,,
1495281,2025/26,2025-10-04,"Western Australia Cricket Association Ground, Perth",2,8.5,8.5,Western Australia,New South Wales,J Goodwin,C Green,CH Stobo,0,0,,,,,,,,,,,,,
1495281,2025/26,2025-10-04,"Western Australia Cricket Association Ground, Perth",2,8.6,8.6,Western Australia,New South Wales,J Goodwin,C Green,CH Stobo,0,0,,,,,,,,,,,,,
1495281,2025/26,2025-10-04,"Western Australia Cricket Association Ground, Perth",2,9.1,9.1,Western Australia,New South Wales,C Green,J Goodwin,R Hadley,1,0,,,,,,,,,,,,,
1495281,2025/26,2025-10-04,"Western Australia Cricket Association Ground, Perth",2,9.2,9.2,Western Australia,New South Wales,J Goodwin,C Green,R Hadley,0,0,,,,,,,,,,,,,
1495281,2025/26,2025-10-04,"Western Australia Cricket Association Ground, Perth",2,9.3,9.3,Western Australia,New South Wales,J Goodwin,C Green,R Hadley,0,0,,,,,,,,,,,,,
1495281,2025/26,2025-10-04,"Western Australia Cricket Association Ground, Perth",2,9.4,9.4,Western Australia,New South Wales,J Goodwin,C Green,R Hadley,0,0,,,,,,,,,,,,,
1495281,2025/26,2025-10-04,"Western Australia Cricket Association Ground, Perth",2,9.5,9.5,Western Australia,New South Wales,J Goodwin,C Green,R Hadley,0,0,,,,,,,,,,,,,
1495281,2025/26,2025-10-04,"Western Australia Cricket Association Ground, Perth",2,9.6,9.6,Western Australia,New South Wales,J Goodwin,C Green,R Hadley,0,0,,,,,,,,,,,,,
1495281,2025/26,2025-10-04,"Western Australia Cricket Association Ground, Perth",2,10.1,10.1,Western Australia,New South Wales,C Green,J Goodwin,CH Stobo,4,0,,,,,,,,,,,,,
1495281,2025/26,2025-10-04,"Western Australia Cricket Association Ground, Perth",2,10.2,10.2,Western Australia,New South Wales,C Green,J Goodwin,CH Stobo,0,0,,,,,,,,,,,,,
1495281,2025/26,2025-10-04,"Western Australia Cricket Association Ground, Perth",2,10.3,10.3,Western Australia,New South Wales,C Green,J Goodwin,CH Stobo,0,0,,,,,,,,,,,,,
1495281,2025/26,2025-10-04,"Western Australia Cricket Association Ground, Perth",2,10.4,10.4,Western Australia,New South Wales,C Green,J Goodwin,CH Stobo,0,0,,,,,,,,,,,,,
1495281,2025/26,2025-10-04,"Western Australia Cricket Association Ground, Perth",2,10.5,10.5,Western Australia,New South Wales,C Green,J Goodwin,CH Stobo,2,0,,,,,,,,,,,,,
1495281,2025/26,2025-10-04,"Western Australia Cricket Association Ground, Perth",2,10.6,10.6,Western Australia,New South Wales,C Green,J Goodwin,CH Stobo,0,0,,,,,,,,,,,,,
1495281,2025/26,2025-10-04,"Western Australia Cricket Association Ground, Perth",2,11.1,11.1,Western Australia,New South Wales,J Goodwin,C Green,LC Hatcher,0,0,,,,,,,,,,,,,
1495281,2025/26,2025-10-04,"Western Australia Cricket Association Ground, Perth",2,11.2,11.2,Western Australia,New South Wales,J Goodwin,C Green,LC Hatcher,0,0,,,,,,,,,,,,,
1495281,2025/26,2025-10-04,"Western Australia Cricket Association Ground, Perth",2,11.3,11.3,Western Australia,New South Wales,J Goodwin,C Green,LC Hatcher,0,0,,,,,,,,,,,,,
1495281,2025/26,2025-10-04,"Western Australia Cricket Association Ground, Perth",2,11.4,11.4,Western Australia,New South Wales,J Goodwin,C Green,LC Hatcher,0,0,,,,,,,,,,,,,
1495281,2025/26,2025-10-04,"Western Australia Cricket Association Ground, Perth",2,11.5,11.5,Western Australia,New South Wales,J Goodwin,C Green,LC Hatcher,0,0,,,,,,,,,,,,,
1495281,2025/26,2025-10-04,"Western Australia Cricket Association Ground, Perth",2,11.6,11.6,Western Australia,New South Wales,J Goodwin,C Green,LC Hatcher,0,0,,,,,,,caught,J Goodwin,,,R Hadley,,
1495281,2025/26,2025-10-04,"Western Australia Cricket Association Ground, Perth",2,12.1,12.1,Western Australia,New South Wales,C Green,HWR Cartwright,NM Lyon,0,0,,,,,,,,,,,,,
1495281,2025/26,2025-10-04,"Western Australia Cricket Association Ground, Perth",2,12.2,12.2,Western Australia,New South Wales,C Green,HWR Cartwright,NM Lyon,0,0,,,,,,,,,,,,,
1495281,2025/26,2025-10-04,"Western Australia Cricket Association Ground, Perth",2,12.3,12.3,Western Australia,New South Wales,C Green,HWR Cartwright,NM Lyon,0,0,,,,,,,,,,,,,
1495281,2025/26,2025-10-04,"Western Australia Cricket Association Ground, Perth",2,12.4,12.4,Western Australia,New South Wales,C Green,HWR Cartwright,NM Lyon,3,0,,,,,,,,,,,,,
1495281,2025/26,2025-10-04,"Western Australia Cricket Association Ground, Perth",2,12.5,12.5,Western Australia,New South Wales,HWR Cartwright,C Green,NM Lyon,4,0,,,,,,,,,,,,,
1495281,2025/26,2025-10-04,"Western Australia Cricket Association Ground, Perth",2,12.6,12.6,Western Australia,New South Wales,HWR Cartwright,C Green,NM Lyon,0,0,,,,,,,,,,,,,
1495281,2025/26,2025-10-04,"Western Australia Cricket Association Ground, Perth",2,13.1,13.1,Western Australia,New South Wales,C Green,HWR Cartwright,LC Hatcher,0,0,,,,,,,,,,,,,
1495281,2025/26,2025-10-04,"Western Australia Cricket Association Ground, Perth",2,13.2,13.2,Western Australia,New South Wales,C Green,HWR Cartwright,LC Hatcher,0,0,,,,,,,,,,,,,
1495281,2025/26,2025-10-04,"Western Australia Cricket Association Ground, Perth",2,13.3,13.3,Western Australia,New South Wales,C Green,HWR Cartwright,LC Hatcher,0,0,,,,,,,,,,,,,
1495281,2025/26,2025-10-04,"Western Australia Cricket Association Ground, Perth",2,13.4,13.4,Western Australia,New South Wales,C Green,HWR Cartwright,LC Hatcher,0,0,,,,,,,,,,,,,
1495281,2025/26,2025-10-04,"Western Australia Cricket Association Ground, Perth",2,13.5,13.5,Western Australia,New South Wales,C Green,HWR Cartwright,LC Hatcher,0,0,,,,,,,,,,,,,
1495281,2025/26,2025-10-04,"Western Australia Cricket Association Ground, Perth",2,13.6,13.6,Western Australia,New South Wales,C Green,HWR Cartwright,LC Hatcher,0,0,,,,,,,,,,,,,
1495281,2025/26,2025-10-04,"Western Australia Cricket Association Ground, Perth",2,14.1,14.1,Western Australia,New South Wales,HWR Cartwright,C Green,NM Lyon,0,0,,,,,,,,,,,,,
1495281,2025/26,2025-10-04,"Western Australia Cricket Association Ground, Perth",2,14.2,14.2,Western Australia,New South Wales,HWR Cartwright,C Green,NM Lyon,4,0,,,,,,,,,,,,,
1495281,2025/26,2025-10-04,"Western Australia Cricket Association Ground, Perth",2,14.3,14.3,Western Australia,New South Wales,HWR Cartwright,C Green,NM Lyon,2,0,,,,,,,,,,,,,
1495281,2025/26,2025-10-04,"Western Australia Cricket Association Ground, Perth",2,14.4,14.4,Western Australia,New South Wales,HWR Cartwright,C Green,NM Lyon,0,0,,,,,,,,,,,,,
1495281,2025/26,2025-10-04,"Western Australia Cricket Association Ground, Perth",2,14.5,14.5,Western Australia,New South Wales,HWR Cartwright,C Green,NM Lyon,0,0,,,,,,,,,,,,,
1495281,2025/26,2025-10-04,"Western Australia Cricket Association Ground, Perth",2,14.6,14.6,Western Australia,New South Wales,HWR Cartwright,C Green,NM Lyon,0,0,,,,,,,,,,,,,
1495281,2025/26,2025-10-04,"Western Australia Cricket Association Ground, Perth",2,15.1,15.1,Western Australia,New South Wales,C Green,HWR Cartwright,LC Hatcher,0,0,,,,,,,,,,,,,
1495281,2025/26,2025-10-04,"Western Australia Cricket Association Ground, Perth",2,15.2,15.2,Western Australia,New South Wales,C Green,HWR Cartwright,LC Hatcher,0,0,,,,,,,,,,,,,
1495281,2025/26,2025-10-04,"Western Australia Cricket Association Ground, Perth",2,15.3,15.3,Western Australia,New South Wales,C Green,HWR Cartwright,LC Hatcher,0,0,,,,,,,,,,,,,
1495281,2025/26,2025-10-04,"Western Australia Cricket Association Ground, Perth",2,15.4,15.4,Western Australia,New South Wales,C Green,HWR Cartwright,LC Hatcher,0,0,,,,,,,,,,,,,
1495281,2025/26,2025-10-04,"Western Australia Cricket Association Ground, Perth",2,15.5,15.5,Western Australia,New South Wales,C Green,HWR Cartwright,LC Hatcher,0,0,,,,,,,,,,,,,
1495281,2025/26,2025-10-04,"Western Australia Cricket Association Ground, Perth",2,15.6,15.6,Western Australia,New South Wales,C Green,HWR Cartwright,LC Hatcher,0,0,,,,,,,,,,,,,
1495281,2025/26,2025-10-04,"Western Australia Cricket Association Ground, Perth",2,16.1,16.1,Western Australia,New South Wales,HWR Cartwright,C Green,NM Lyon,0,0,,,,,,,,,,,,,
1495281,2025/26,2025-10-04,"Western Australia Cricket Association Ground, Perth",2,16.2,16.2,Western Australia,New South Wales,HWR Cartwright,C Green,NM Lyon,4,0,,,,,,,,,,,,,
1495281,2025/26,2025-10-04,"Western Australia Cricket Association Ground, Perth",2,16.3,16.3,Western Australia,New South Wales,HWR Cartwright,C Green,NM Lyon,0,0,,,,,,,,,,,,,
1495281,2025/26,2025-10-04,"Western Australia Cricket Association Ground, Perth",2,16.4,16.4,Western Australia,New South Wales,HWR Cartwright,C Green,NM Lyon,3,0,,,,,,,,,,,,,
1495281,2025/26,2025-10-04,"Western Australia Cricket Association Ground, Perth",2,16.5,16.5,Western Australia,New South Wales,C Green,HWR Cartwright,NM Lyon,0,0,,,,,,,,,,,,,
1495281,2025/26,2025-10-04,"Western Australia Cricket Association Ground, Perth",2,16.6,16.6,Western Australia,New South Wales,C Green,HWR Cartwright,NM Lyon,1,0,,,,,,,,,,,,,
1495281,2025/26,2025-10-04,"Western Australia Cricket Association Ground, Perth",2,17.1,17.1,Western Australia,New South Wales,C Green,HWR Cartwright,LC Hatcher,0,0,,,,,,,,,,,,,
1495281,2025/26,2025-10-04,"Western Australia Cricket Association Ground, Perth",2,17.2,17.2,Western Australia,New South Wales,C Green,HWR Cartwright,LC Hatcher,0,0,,,,,,,,,,,,,
1495281,2025/26,2025-10-04,"Western Australia Cricket Association Ground, Perth",2,17.3,17.3,Western Australia,New South Wales,C Green,HWR Cartwright,LC Hatcher,0,0,,,,,,,,,,,,,
1495281,2025/26,2025-10-04,"Western Australia Cricket Association Ground, Perth",2,17.4,17.4,Western Australia,New South Wales,C Green,HWR Cartwright,LC Hatcher,0,0,,,,,,,,,,,,,
1495281,2025/26,2025-10-04,"Western Australia Cricket Association Ground, Perth",2,17.5,17.5,Western Australia,New South Wales,C Green,HWR Cartwright,LC Hatcher,0,0,,,,,,,,,,,,,
1495281,2025/26,2025-10-04,"Western Australia Cricket Association Ground, Perth",2,17.6,17.6,Western Australia,New South Wales,C Green,HWR Cartwright,LC Hatcher,0,0,,,,,,,,,,,,,
1495281,2025/26,2025-10-04,"Western Australia Cricket Association Ground, Perth",2,18.1,18.1,Western Australia,New South Wales,HWR Cartwright,C Green,CJ Green,0,0,,,,,,,,,,,,,
1495281,2025/26,2025-10-04,"Western Australia Cricket Association Ground, Perth",2,18.2,18.2,Western Australia,New South Wales,HWR Cartwright,C Green,CJ Green,0,0,,,,,,,,,,,,,
1495281,2025/26,2025-10-04,"Western Australia Cricket Association Ground, Perth",2,18.3,18.3,Western Australia,New South Wales,HWR Cartwright,C Green,CJ Green,1,0,,,,,,,,,,,,,
1495281,2025/26,2025-10-04,"Western Australia Cricket Association Ground, Perth",2,18.4,18.4,Western Australia,New South Wales,C Green,HWR Cartwright,CJ Green,1,0,,,,,,,,,,,,,
1495281,2025/26,2025-10-04,"Western Australia Cricket Association Ground, Perth",2,18.5,18.5,Western Australia,New South Wales,HWR Cartwright,C Green,CJ Green,0,0,,,,,,,,,,,,,
1495281,2025/26,2025-10-04,"Western Australia Cricket Association Ground, Perth",2,18.6,18.6,Western Australia,New South Wales,HWR Cartwright,C Green,CJ Green,1,0,,,,,,,,,,,,,
1495281,2025/26,2025-10-04,"Western Australia Cricket Association Ground, Perth",2,19.1,19.1,Western Australia,New South Wales,HWR Cartwright,C Green,LC Hatcher,0,0,,,,,,,,,,,,,
1495281,2025/26,2025-10-04,"Western Australia Cricket Association Ground, Perth",2,19.2,19.2,Western Australia,New South Wales,HWR Cartwright,C Green,LC Hatcher,1,0,,,,,,,,,,,,,
1495281,2025/26,2025-10-04,"Western Australia Cricket Association Ground, Perth",2,19.3,19.3,Western Australia,New South Wales,C Green,HWR Cartwright,LC Hatcher,0,0,,,,,,,,,,,,,
1495281,2025/26,2025-10-04,"Western Australia Cricket Association Ground, Perth",2,19.4,19.4,Western Australia,New South Wales,C Green,HWR Cartwright,LC Hatcher,4,0,,,,,,,,,,,,,
1495281,2025/26,2025-10-04,"Western Australia Cricket Association Ground, Perth",2,19.5,19.5,Western Australia,New South Wales,C Green,HWR Cartwright,LC Hatcher,0,0,,,,,,,,,,,,,
1495281,2025/26,2025-10-04,"Western Australia Cricket Association Ground, Perth",2,19.6,19.6,Western Australia,New South Wales,C Green,HWR Cartwright,LC Hatcher,0,0,,,,,,,,,,,,,
1495281,2025/26,2025-10-04,"Western Australia Cricket Association Ground, Perth",2,20.1,20.1,Western Australia,New South Wales,HWR Cartwright,C Green,CJ Green,0,0,,,,,,,,,,,,,
1495281,2025/26,2025-10-04,"Western Australia Cricket Association Ground, Perth",2,20.2,20.2,Western Australia,New South Wales,HWR Cartwright,C Green,CJ Green,0,0,,,,,,,,,,,,,
1495281,2025/26,2025-10-04,"Western Australia Cricket Association Ground, Perth",2,20.3,20.3,Western Australia,New South Wales,HWR Cartwright,C Green,CJ Green,0,0,,,,,,,,,,,,,
1495281,2025/26,2025-10-04,"Western Australia Cricket Association Ground, Perth",2,20.4,20.4,Western Australia,New South Wales,HWR Cartwright,C Green,CJ Green,0,0,,,,,,,,,,,,,
1495281,2025/26,2025-10-04,"Western Australia Cricket Association Ground, Perth",2,20.5,20.5,Western Australia,New South Wales,HWR Cartwright,C Green,CJ Green,0,0,,,,,,,,,,,,,
1495281,2025/26,2025-10-04,"Western Australia Cricket Association Ground, Perth",2,20.6,20.6,Western Australia,New South Wales,HWR Cartwright,C Green,CJ Green,0,0,,,,,,,,,,,,,
1495281,2025/26,2025-10-04,"Western Australia Cricket Association Ground, Perth",2,21.1,21.1,Western Australia,New South Wales,C Green,HWR Cartwright,CH Stobo,0,0,,,,,,,,,,,,,
1495281,2025/26,2025-10-04,"Western Australia Cricket Association Ground, Perth",2,21.2,21.2,Western Australia,New South Wales,C Green,HWR Cartwright,CH Stobo,0,0,,,,,,,,,,,,,
1495281,2025/26,2025-10-04,"Western Australia Cricket Association Ground, Perth",2,21.3,21.3,Western Australia,New South Wales,C Green,HWR Cartwright,CH Stobo,1,0,,,,,,,,,,,,,
1495281,2025/26,2025-10-04,"Western Australia Cricket Association Ground, Perth",2,21.4,21.4,Western Australia,New South Wales,HWR Cartwright,C Green,CH Stobo,0,0,,,,,,,,,,,,,
1495281,2025/26,2025-10-04,"Western Australia Cricket Association Ground, Perth",2,21.5,21.5,Western Australia,New South Wales,HWR Cartwright,C Green,CH Stobo,0,0,,,,,,,,,,,,,
1495281,2025/26,2025-10-04,"Western Australia Cricket Association Ground, Perth",2,21.6,21.6,Western Australia,New South Wales,HWR Cartwright,C Green,CH Stobo,0,0,,,,,,,,,,,,,
1495281,2025/26,2025-10-04,"Western Australia Cricket Association Ground, Perth",2,22.1,22.1,Western Australia,New South Wales,C Green,HWR Cartwright,R Hadley,2,0,,,,,,,,,,,,,
1495281,2025/26,2025-10-04,"Western Australia Cricket Association Ground, Perth",2,22.2,22.2,Western Australia,New South Wales,C Green,HWR Cartwright,R Hadley,0,0,,,,,,,,,,,,,
1495281,2025/26,2025-10-04,"Western Australia Cricket Association Ground, Perth",2,22.3,22.3,Western Australia,New South Wales,C Green,HWR Cartwright,R Hadley,0,0,,,,,,,caught,C Green,,,M Gilkes,,
1495281,2025/26,2025-10-04,"Western Australia Cricket Association Ground, Perth",2,22.4,22.4,Western Australia,New South Wales,JL Curtis,HWR Cartwright,R Hadley,0,0,,,,,,,,,,,,,
1495281,2025/26,2025-10-04,"Western Australia Cricket Association Ground, Perth",2,22.5,22.5,Western Australia,New South Wales,JL Curtis,HWR Cartwright,R Hadley,0,0,,,,,,,,,,,,,
1495281,2025/26,2025-10-04,"Western Australia Cricket Association Ground, Perth",2,22.6,22.6,Western Australia,New South Wales,JL Curtis,HWR Cartwright,R Hadley,0,0,,,,,,,,,,,,,
1495281,2025/26,2025-10-04,"Western Australia Cricket Association Ground, Perth",2,23.1,23.1,Western Australia,New South Wales,HWR Cartwright,JL Curtis,CH Stobo,0,0,,,,,,,,,,,,,
1495281,2025/26,2025-10-04,"Western Australia Cricket Association Ground, Perth",2,23.2,23.2,Western Australia,New South Wales,HWR Cartwright,JL Curtis,CH Stobo,0,0,,,,,,,,,,,,,
1495281,2025/26,2025-10-04,"Western Australia Cricket Association Ground, Perth",2,23.3,23.3,Western Australia,New South Wales,HWR Cartwright,JL Curtis,CH Stobo,0,0,,,,,,,,,,,,,
1495281,2025/26,2025-10-04,"Western Australia Cricket Association Ground, Perth",2,23.4,23.4,Western Australia,New South Wales,HWR Cartwright,JL Curtis,CH Stobo,0,0,,,,,,,,,,,,,
1495281,2025/26,2025-10-04,"Western Australia Cricket Association Ground, Perth",2,23.5,23.5,Western Australia,New South Wales,HWR Cartwright,JL Curtis,CH Stobo,6,0,,,,,,,,,,,,,
1495281,2025/26,2025-10-04,"Western Australia Cricket Association Ground, Perth",2,23.6,23.6,Western Australia,New South Wales,HWR Cartwright,JL Curtis,CH Stobo,0,0,,,,,,,,,,,,,
1495281,2025/26,2025-10-04,"Western Australia Cricket Association Ground, Perth",2,24.1,24.1,Western Australia,New South Wales,JL Curtis,HWR Cartwright,R Hadley,0,0,,,,,,,,,,,,,
1495281,2025/26,2025-10-04,"Western Australia Cricket Association Ground, Perth",2,24.2,24.2,Western Australia,New South Wales,JL Curtis,HWR Cartwright,R Hadley,4,0,,,,,,,,,,,,,
1495281,2025/26,2025-10-04,"Western Australia Cricket Association Ground, Perth",2,24.3,24.3,Western Australia,New South Wales,JL Curtis,HWR Cartwright,R Hadley,1,0,,,,,,,,,,,,,
1495281,2025/26,2025-10-04,"Western Australia Cricket Association Ground, Perth",2,24.4,24.4,Western Australia,New South Wales,HWR Cartwright,JL Curtis,R Hadley,0,1,,,,1,,,,,,,,,
1495281,2025/26,2025-10-04,"Western Australia Cricket Association Ground, Perth",2,24.5,24.5,Western Australia,New South Wales,JL Curtis,HWR Cartwright,R Hadley,3,0,,,,,,,,,,,,,
1495281,2025/26,2025-10-04,"Western Australia Cricket Association Ground, Perth",2,24.6,24.6,Western Australia,New South Wales,HWR Cartwright,JL Curtis,R Hadley,0,0,,,,,,,,,,,,,
1495281,2025/26,2025-10-04,"Western Australia Cricket Association Ground, Perth",2,25.1,25.1,Western Australia,New South Wales,JL Curtis,HWR Cartwright,CH Stobo,0,0,,,,,,,,,,,,,
1495281,2025/26,2025-10-04,"Western Australia Cricket Association Ground, Perth",2,25.2,25.2,Western Australia,New South Wales,JL Curtis,HWR Cartwright,CH Stobo,0,0,,,,,,,,,,,,,
1495281,2025/26,2025-10-04,"Western Australia Cricket Association Ground, Perth",2,25.3,25.3,Western Australia,New South Wales,JL Curtis,HWR Cartwright,CH Stobo,0,0,,,,,,,caught,JL Curtis,,,NM Lyon,,
1495281,2025/26,2025-10-04,"Western Australia Cricket Association Ground, Perth",2,25.4,25.4,Western Australia,New South Wales,AC Agar,HWR Cartwright,CH Stobo,4,0,,,,,,,,,,,,,
1495281,2025/26,2025-10-04,"Western Australia Cricket Association Ground, Perth",2,25.5,25.5,Western Australia,New South Wales,AC Agar,HWR Cartwright,CH Stobo,0,0,,,,,,,,,,,,,
1495281,2025/26,2025-10-04,"Western Australia Cricket Association Ground, Perth",2,25.6,25.6,Western Australia,New South Wales,AC Agar,HWR Cartwright,CH Stobo,0,0,,,,,,,,,,,,,
1495281,2025/26,2025-10-04,"Western Australia Cricket Association Ground, Perth",2,26.1,26.1,Western Australia,New South Wales,HWR Cartwright,AC Agar,R Hadley,0,0,,,,,,,,,,,,,
1495281,2025/26,2025-10-04,"Western Australia Cricket Association Ground, Perth",2,26.2,26.2,Western Australia,New South Wales,HWR Cartwright,AC Agar,R Hadley,0,0,,,,,,,,,,,,,
1495281,2025/26,2025-10-04,"Western Australia Cricket Association Ground, Perth",2,26.3,26.3,Western Australia,New South Wales,HWR Cartwright,AC Agar,R Hadley,4,0,,,,,,,,,,,,,
1495281,2025/26,2025-10-04,"Western Australia Cricket Association Ground, Perth",2,26.4,26.4,Western Australia,New South Wales,HWR Cartwright,AC Agar,R Hadley,0,0,,,,,,,,,,,,,
1495281,2025/26,2025-10-04,"Western Australia Cricket Association Ground, Perth",2,26.5,26.5,Western Australia,New South Wales,HWR Cartwright,AC Agar,R Hadley,0,0,,,,,,,,,,,,,
1495281,2025/26,2025-10-04,"Western Australia Cricket Association Ground, Perth",2,26.6,26.6,Western Australia,New South Wales,HWR Cartwright,AC Agar,R Hadley,0,0,,,,,,,,,,,,,
1495281,2025/26,2025-10-04,"Western Australia Cricket Association Ground, Perth",2,27.1,27.1,Western Australia,New South Wales,AC Agar,HWR Cartwright,CH Stobo,0,0,,,,,,,,,,,,,
1495281,2025/26,2025-10-04,"Western Australia Cricket Association Ground, Perth",2,27.2,27.2,Western Australia,New South Wales,AC Agar,HWR Cartwright,CH Stobo,1,0,,,,,,,,,,,,,
1495281,2025/26,2025-10-04,"Western Australia Cricket Association Ground, Perth",2,27.3,27.3,Western Australia,New South Wales,HWR Cartwright,AC Agar,CH Stobo,0,0,,,,,,,,,,,,,
1495281,2025/26,2025-10-04,"Western Australia Cricket Association Ground, Perth",2,27.4,27.4,Western Australia,New South Wales,HWR Cartwright,AC Agar,CH Stobo,0,0,,,,,,,,,,,,,
1495281,2025/26,2025-10-04,"Western Australia Cricket Association Ground, Perth",2,27.5,27.5,Western Australia,New South Wales,HWR Cartwright,AC Agar,CH Stobo,0,0,,,,,,,,,,,,,
1495281,2025/26,2025-10-04,"Western Australia Cricket Association Ground, Perth",2,27.6,27.6,Western Australia,New South Wales,HWR Cartwright,AC Agar,CH Stobo,3,0,,,,,,,,,,,,,
1495281,2025/26,2025-10-04,"Western Australia Cricket Association Ground, Perth",2,28.1,28.1,Western Australia,New South Wales,HWR Cartwright,AC Agar,LC Hatcher,0,0,,,,,,,,,,,,,
1495281,2025/26,2025-10-04,"Western Australia Cricket Association Ground, Perth",2,28.2,28.2,Western Australia,New South Wales,HWR Cartwright,AC Agar,LC Hatcher,0,0,,,,,,,,,,,,,
1495281,2025/26,2025-10-04,"Western Australia Cricket Association Ground, Perth",2,28.3,28.3,Western Australia,New South Wales,HWR Cartwright,AC Agar,LC Hatcher,0,0,,,,,,,,,,,,,
1495281,2025/26,2025-10-04,"Western Australia Cricket Association Ground, Perth",2,28.4,28.4,Western Australia,New South Wales,HWR Cartwright,AC Agar,LC Hatcher,0,0,,,,,,,,,,,,,
1495281,2025/26,2025-10-04,"Western Australia Cricket Association Ground, Perth",2,28.5,28.5,Western Australia,New South Wales,HWR Cartwright,AC Agar,LC Hatcher,0,0,,,,,,,,,,,,,
1495281,2025/26,2025-10-04,"Western Australia Cricket Association Ground, Perth",2,28.6,28.6,Western Australia,New South Wales,HWR Cartwright,AC Agar,LC Hatcher,1,0,,,,,,,,,,,,,
1495281,2025/26,2025-10-04,"Western Australia Cricket Association Ground, Perth",2,29.1,29.1,Western Australia,New South Wales,HWR Cartwright,AC Agar,CH Stobo,0,0,,,,,,,,,,,,,
1495281,2025/26,2025-10-04,"Western Australia Cricket Association Ground, Perth",2,29.2,29.2,Western Australia,New South Wales,HWR Cartwright,AC Agar,CH Stobo,0,0,,,,,,,caught,HWR Cartwright,,,KR Patterson,,
1495281,2025/26,2025-10-04,"Western Australia Cricket Association Ground, Perth",2,29.3,29.3,Western Australia,New South Wales,JS Paris,AC Agar,CH Stobo,1,0,,,,,,,,,,,,,
1495281,2025/26,2025-10-04,"Western Australia Cricket Association Ground, Perth",2,29.4,29.4,Western Australia,New South Wales,AC Agar,JS Paris,CH Stobo,0,0,,,,,,,,,,,,,
1495281,2025/26,2025-10-04,"Western Australia Cricket Association Ground, Perth",2,29.5,29.5,Western Australia,New South Wales,AC Agar,JS Paris,CH Stobo,0,0,,,,,,,,,,,,,
1495281,2025/26,2025-10-04,"Western Australia Cricket Association Ground, Perth",2,29.6,29.6,Western Australia,New South Wales,AC Agar,JS Paris,CH Stobo,0,0,,,,,,,,,,,,,
1495281,2025/26,2025-10-04,"Western Australia Cricket Association Ground, Perth",2,30.1,30.1,Western Australia,New South Wales,JS Paris,AC Agar,LC Hatcher,0,0,,,,,,,caught,JS Paris,,,W Salzmann,,
1495281,2025/26,2025-10-04,"Western Australia Cricket Association Ground, Perth",2,30.2,30.2,Western Australia,New South Wales,M Kelly,AC Agar,LC Hatcher,0,0,,,,,,,,,,,,,
1495281,2025/26,2025-10-04,"Western Australia Cricket Association Ground, Perth",2,30.3,30.3,Western Australia,New South Wales,M Kelly,AC Agar,LC Hatcher,0,0,,,,,,,,,,,,,
1495281,2025/26,2025-10-04,"Western Australia Cricket Association Ground, Perth",2,30.4,30.4,Western Australia,New South Wales,M Kelly,AC Agar,LC Hatcher,0,0,,,,,,,,,,,,,
1495281,2025/26,2025-10-04,"Western Australia Cricket Association Ground, Perth",2,30.5,30.5,Western Australia,New South Wales,M Kelly,AC Agar,LC Hatcher,4,0,,,,,,,,,,,,,
1495281,2025/26,2025-10-04,"Western Australia Cricket Association Ground, Perth",2,30.6,30.6,Western Australia,New South Wales,M Kelly,AC Agar,LC Hatcher,0,0,,,,,,,,,,,,,
1495281,2025/26,2025-10-04,"Western Australia Cricket Association Ground, Perth",2,31.1,31.1,Western Australia,New South Wales,AC Agar,M Kelly,CH Stobo,0,0,,,,,,,,,,,,,
1495281,2025/26,2025-10-04,"Western Australia Cricket Association Ground, Perth",2,31.2,31.2,Western Australia,New South Wales,AC Agar,M Kelly,CH Stobo,0,0,,,,,,,,,,,,,
1495281,2025/26,2025-10-04,"Western Australia Cricket Association Ground, Perth",2,31.3,31.3,Western Australia,New South Wales,AC Agar,M Kelly,CH Stobo,4,0,,,,,,,,,,,,,
1495281,2025/26,2025-10-04,"Western Australia Cricket Association Ground, Perth",2,31.4,31.4,Western Australia,New South Wales,AC Agar,M Kelly,CH Stobo,0,0,,,,,,,,,,,,,
1495281,2025/26,2025-10-04,"Western Australia Cricket Association Ground, Perth",2,31.5,31.5,Western Australia,New South Wales,AC Agar,M Kelly,CH Stobo,0,0,,,,,,,,,,,,,
1495281,2025/26,2025-10-04,"Western Australia Cricket Association Ground, Perth",2,31.6,31.6,Western Australia,New South Wales,AC Agar,M Kelly,CH Stobo,0,0,,,,,,,,,,,,,
1495281,2025/26,2025-10-04,"Western Australia Cricket Association Ground, Perth",2,32.1,32.1,Western Australia,New South Wales,M Kelly,AC Agar,LC Hatcher,3,0,,,,,,,,,,,,,
1495281,2025/26,2025-10-04,"Western Australia Cricket Association Ground, Perth",2,32.2,32.2,Western Australia,New South Wales,AC Agar,M Kelly,LC Hatcher,0,0,,,,,,,,,,,,,
1495281,2025/26,2025-10-04,"Western Australia Cricket Association Ground, Perth",2,32.3,32.3,Western Australia,New South Wales,AC Agar,M Kelly,LC Hatcher,0,1,,,,1,,,,,,,,,
1495281,2025/26,2025-10-04,"Western Australia Cricket Association Ground, Perth",2,32.4,32.4,Western Australia,New South Wales,M Kelly,AC Agar,LC Hatcher,0,0,,,,,,,,,,,,,
1495281,2025/26,2025-10-04,"Western Australia Cricket Association Ground, Perth",2,32.5,32.5,Western Australia,New South Wales,M Kelly,AC Agar,LC Hatcher,0,0,,,,,,,,,,,,,
1495281,2025/26,2025-10-04,"Western Australia Cricket Association Ground, Perth",2,32.6,32.6,Western Australia,New South Wales,M Kelly,AC Agar,LC Hatcher,0,0,,,,,,,,,,,,,
1495281,2025/26,2025-10-04,"Western Australia Cricket Association Ground, Perth",2,33.1,33.1,Western Australia,New South Wales,AC Agar,M Kelly,NM Lyon,0,0,,,,,,,,,,,,,
1495281,2025/26,2025-10-04,"Western Australia Cricket Association Ground, Perth",2,33.2,33.2,Western Australia,New South Wales,AC Agar,M Kelly,NM Lyon,0,0,,,,,,,,,,,,,
1495281,2025/26,2025-10-04,"Western Australia Cricket Association Ground, Perth",2,33.3,33.3,Western Australia,New South Wales,AC Agar,M Kelly,NM Lyon,0,0,,,,,,,,,,,,,
1495281,2025/26,2025-10-04,"Western Australia Cricket Association Ground, Perth",2,33.4,33.4,Western Australia,New South Wales,AC Agar,M Kelly,NM Lyon,0,0,,,,,,,,,,,,,
1495281,2025/26,2025-10-04,"Western Australia Cricket Association Ground, Perth",2,33.5,33.5,Western Australia,New South Wales,AC Agar,M Kelly,NM Lyon,0,0,,,,,,,,,,,,,
1495281,2025/26,2025-10-04,"Western Australia Cricket Association Ground, Perth",2,33.6,33.6,Western Australia,New South Wales,AC Agar,M Kelly,NM Lyon,0,0,,,,,,,,,,,,,
1495281,2025/26,2025-10-04,"Western Australia Cricket Association Ground, Perth",2,34.1,34.1,Western Australia,New South Wales,M Kelly,AC Agar,LC Hatcher,1,0,,,,,,,,,,,,,
1495281,2025/26,2025-10-04,"Western Australia Cricket Association Ground, Perth",2,34.2,34.2,Western Australia,New South Wales,AC Agar,M Kelly,LC Hatcher,0,0,,,,,,,,,,,,,
1495281,2025/26,2025-10-04,"Western Australia Cricket Association Ground, Perth",2,34.3,34.3,Western Australia,New South Wales,AC Agar,M Kelly,LC Hatcher,0,0,,,,,,,,,,,,,
1495281,2025/26,2025-10-04,"Western Australia Cricket Association Ground, Perth",2,34.4,34.4,Western Australia,New South Wales,AC Agar,M Kelly,LC Hatcher,0,0,,,,,,,,,,,,,
1495281,2025/26,2025-10-04,"Western Australia Cricket Association Ground, Perth",2,34.5,34.5,Western Australia,New South Wales,AC Agar,M Kelly,LC Hatcher,0,0,,,,,,,,,,,,,
1495281,2025/26,2025-10-04,"Western Australia Cricket Association Ground, Perth",2,34.6,34.6,Western Australia,New South Wales,AC Agar,M Kelly,LC Hatcher,0,0,,,,,,,,,,,,,
1495281,2025/26,2025-10-04,"Western Australia Cricket Association Ground, Perth",2,35.1,35.1,Western Australia,New South Wales,M Kelly,AC Agar,NM Lyon,0,0,,,,,,,,,,,,,
1495281,2025/26,2025-10-04,"Western Australia Cricket Association Ground, Perth",2,35.2,35.2,Western Australia,New South Wales,M Kelly,AC Agar,NM Lyon,0,0,,,,,,,,,,,,,
1495281,2025/26,2025-10-04,"Western Australia Cricket Association Ground, Perth",2,35.3,35.3,Western Australia,New South Wales,M Kelly,AC Agar,NM Lyon,0,0,,,,,,,,,,,,,
1495281,2025/26,2025-10-04,"Western Australia Cricket Association Ground, Perth",2,35.4,35.4,Western Australia,New South Wales,M Kelly,AC Agar,NM Lyon,0,0,,,,,,,,,,,,,
1495281,2025/26,2025-10-04,"Western Australia Cricket Association Ground, Perth",2,35.5,35.5,Western Australia,New South Wales,M Kelly,AC Agar,NM Lyon,1,0,,,,,,,,,,,,,
1495281,2025/26,2025-10-04,"Western Australia Cricket Association Ground, Perth",2,35.6,35.6,Western Australia,New South Wales,AC Agar,M Kelly,NM Lyon,3,0,,,,,,,,,,,,,
1495281,2025/26,2025-10-04,"Western Australia Cricket Association Ground, Perth",2,36.1,36.1,Western Australia,New South Wales,AC Agar,M Kelly,W Salzmann,0,0,,,,,,,,,,,,,
1495281,2025/26,2025-10-04,"Western Australia Cricket Association Ground, Perth",2,36.2,36.2,Western Australia,New South Wales,AC Agar,M Kelly,W Salzmann,0,0,,,,,,,,,,,,,
1495281,2025/26,2025-10-04,"Western Australia Cricket Association Ground, Perth",2,36.3,36.3,Western Australia,New South Wales,AC Agar,M Kelly,W Salzmann,0,0,,,,,,,,,,,,,
1495281,2025/26,2025-10-04,"Western Australia Cricket Association Ground, Perth",2,36.4,36.4,Western Australia,New South Wales,AC Agar,M Kelly,W Salzmann,1,0,,,,,,,,,,,,,
1495281,2025/26,2025-10-04,"Western Australia Cricket Association Ground, Perth",2,36.5,36.5,Western Australia,New South Wales,M Kelly,AC Agar,W Salzmann,0,0,,,,,,,,,,,,,
1495281,2025/26,2025-10-04,"Western Australia Cricket Association Ground, Perth",2,36.6,36.6,Western Australia,New South Wales,M Kelly,AC Agar,W Salzmann,0,0,,,,,,,,,,,,,
1495281,2025/26,2025-10-04,"Western Australia Cricket Association Ground, Perth",2,37.1,37.1,Western Australia,New South Wales,AC Agar,M Kelly,NM Lyon,0,0,,,,,,,,,,,,,
1495281,2025/26,2025-10-04,"Western Australia Cricket Association Ground, Perth",2,37.2,37.2,Western Australia,New South Wales,AC Agar,M Kelly,NM Lyon,0,0,,,,,,,,,,,,,
1495281,2025/26,2025-10-04,"Western Australia Cricket Association Ground, Perth",2,37.3,37.3,Western Australia,New South Wales,AC Agar,M Kelly,NM Lyon,1,0,,,,,,,,,,,,,
1495281,2025/26,2025-10-04,"Western Australia Cricket Association Ground, Perth",2,37.4,37.4,Western Australia,New South Wales,M Kelly,AC Agar,NM Lyon,1,0,,,,,,,,,,,,,
1495281,2025/26,2025-10-04,"Western Australia Cricket Association Ground, Perth",2,37.5,37.5,Western Australia,New South Wales,AC Agar,M Kelly,NM Lyon,0,0,,,,,,,,,,,,,
1495281,2025/26,2025-10-04,"Western Australia Cricket Association Ground, Perth",2,37.6,37.6,Western Australia,New South Wales,AC Agar,M Kelly,NM Lyon,0,0,,,,,,,,,,,,,
1495281,2025/26,2025-10-04,"Western Australia Cricket Association Ground, Perth",2,38.1,38.1,Western Australia,New South Wales,M Kelly,AC Agar,R Hadley,2,0,,,,,,,,,,,,,
1495281,2025/26,2025-10-04,"Western Australia Cricket Association Ground, Perth",2,38.2,38.2,Western Australia,New South Wales,M Kelly,AC Agar,R Hadley,0,0,,,,,,,,,,,,,
1495281,2025/26,2025-10-04,"Western Australia Cricket Association Ground, Perth",2,38.3,38.3,Western Australia,New South Wales,M Kelly,AC Agar,R Hadley,0,0,,,,,,,,,,,,,
1495281,2025/26,2025-10-04,"Western Australia Cricket Association Ground, Perth",2,38.4,38.4,Western Australia,New South Wales,M Kelly,AC Agar,R Hadley,1,0,,,,,,,,,,,,,
1495281,2025/26,2025-10-04,"Western Australia Cricket Association Ground, Perth",2,38.5,38.5,Western Australia,New South Wales,AC Agar,M Kelly,R Hadley,0,0,,,,,,,,,,,,,
1495281,2025/26,2025-10-04,"Western Australia Cricket Association Ground, Perth",2,38.6,38.6,Western Australia,New South Wales,AC Agar,M Kelly,R Hadley,0,0,,,,,,,,,,,,,
1495281,2025/26,2025-10-04,"Western Australia Cricket Association Ground, Perth",2,39.1,39.1,Western Australia,New South Wales,M Kelly,AC Agar,NM Lyon,0,0,,,,,,,,,,,,,
1495281,2025/26,2025-10-04,"Western Australia Cricket Association Ground, Perth",2,39.2,39.2,Western Australia,New South Wales,M Kelly,AC Agar,NM Lyon,0,0,,,,,,,,,,,,,
1495281,2025/26,2025-10-04,"Western Australia Cricket Association Ground, Perth",2,39.3,39.3,Western Australia,New South Wales,M Kelly,AC Agar,NM Lyon,1,0,,,,,,,,,,,,,
1495281,2025/26,2025-10-04,"Western Australia Cricket Association Ground, Perth",2,39.4,39.4,Western Australia,New South Wales,AC Agar,M Kelly,NM Lyon,0,0,,,,,,,,,,,,,
1495281,2025/26,2025-10-04,"Western Australia Cricket Association Ground, Perth",2,39.5,39.5,Western Australia,New South Wales,AC Agar,M Kelly,NM Lyon,0,0,,,,,,,,,,,,,
1495281,2025/26,2025-10-04,"Western Australia Cricket Association Ground, Perth",2,39.6,39.6,Western Australia,New South Wales,AC Agar,M Kelly,NM Lyon,0,0,,,,,,,,,,,,,
1495281,2025/26,2025-10-04,"Western Australia Cricket Association Ground, Perth",2,40.1,40.1,Western Australia,New South Wales,M Kelly,AC Agar,R Hadley,0,0,,,,,,,,,,,,,
1495281,2025/26,2025-10-04,"Western Australia Cricket Association Ground, Perth",2,40.2,40.2,Western Australia,New South Wales,M Kelly,AC Agar,R Hadley,4,0,,,,,,,,,,,,,
1495281,2025/26,2025-10-04,"Western Australia Cricket Association Ground, Perth",2,40.3,40.3,Western Australia,New South Wales,M Kelly,AC Agar,R Hadley,0,0,,,,,,,,,,,,,
1495281,2025/26,2025-10-04,"Western Australia Cricket Association Ground, Perth",2,40.4,40.4,Western Australia,New South Wales,M Kelly,AC Agar,R Hadley,0,0,,,,,,,,,,,,,
1495281,2025/26,2025-10-04,"Western Australia Cricket Association Ground, Perth",2,40.5,40.5,Western Australia,New South Wales,M Kelly,AC Agar,R Hadley,0,1,1,,,,,,,,,,,,
1495281,2025/26,2025-10-04,"Western Australia Cricket Association Ground, Perth",2,40.6,40.5,Western Australia,New South Wales,M Kelly,AC Agar,R Hadley,0,0,,,,,,,,,,,,,
1495281,2025/26,2025-10-04,"Western Australia Cricket Association Ground, Perth",2,40.7,40.6,Western Australia,New South Wales,M Kelly,AC Agar,R Hadley,0,0,,,,,,,,,,,,,
1495281,2025/26,2025-10-04,"Western Australia Cricket Association Ground, Perth",2,41.1,41.1,Western Australia,New South Wales,AC Agar,M Kelly,NM Lyon,0,0,,,,,,,,,,,,,
1495281,2025/26,2025-10-04,"Western Australia Cricket Association Ground, Perth",2,41.2,41.2,Western Australia,New South Wales,AC Agar,M Kelly,NM Lyon,0,0,,,,,,,,,,,,,
1495281,2025/26,2025-10-04,"Western Australia Cricket Association Ground, Perth",2,41.3,41.3,Western Australia,New South Wales,AC Agar,M Kelly,NM Lyon,0,0,,,,,,,,,,,,,
1495281,2025/26,2025-10-04,"Western Australia Cricket Association Ground, Perth",2,41.4,41.4,Western Australia,New South Wales,AC Agar,M Kelly,NM Lyon,1,0,,,,,,,,,,,,,
1495281,2025/26,2025-10-04,"Western Australia Cricket Association Ground, Perth",2,41.5,41.5,Western Australia,New South Wales,M Kelly,AC Agar,NM Lyon,0,0,,,,,,,,,,,,,
1495281,2025/26,2025-10-04,"Western Australia Cricket Association Ground, Perth",2,41.6,41.6,Western Australia,New South Wales,M Kelly,AC Agar,NM Lyon,0,0,,,,,,,,,,,,,
1495281,2025/26,2025-10-04,"Western Australia Cricket Association Ground, Perth",2,42.1,42.1,Western Australia,New South Wales,AC Agar,M Kelly,R Hadley,0,0,,,,,,,,,,,,,
1495281,2025/26,2025-10-04,"Western Australia Cricket Association Ground, Perth",2,42.2,42.2,Western Australia,New South Wales,AC Agar,M Kelly,R Hadley,0,0,,,,,,,,,,,,,
1495281,2025/26,2025-10-04,"Western Australia Cricket Association Ground, Perth",2,42.3,42.3,Western Australia,New South Wales,AC Agar,M Kelly,R Hadley,1,0,,,,,,,,,,,,,
1495281,2025/26,2025-10-04,"Western Australia Cricket Association Ground, Perth",2,42.4,42.4,Western Australia,New South Wales,M Kelly,AC Agar,R Hadley,0,0,,,,,,,,,,,,,
1495281,2025/26,2025-10-04,"Western Australia Cricket Association Ground, Perth",2,42.5,42.5,Western Australia,New South Wales,M Kelly,AC Agar,R Hadley,1,0,,,,,,,,,,,,,
1495281,2025/26,2025-10-04,"Western Australia Cricket Association Ground, Perth",2,42.6,42.6,Western Australia,New South Wales,AC Agar,M Kelly,R Hadley,0,0,,,,,,,,,,,,,
1495281,2025/26,2025-10-04,"Western Australia Cricket Association Ground, Perth",2,43.1,43.1,Western Australia,New South Wales,M Kelly,AC Agar,NM Lyon,0,0,,,,,,,,,,,,,
1495281,2025/26,2025-10-04,"Western Australia Cricket Association Ground, Perth",2,43.2,43.2,Western Australia,New South Wales,M Kelly,AC Agar,NM Lyon,1,0,,,,,,,,,,,,,
1495281,2025/26,2025-10-04,"Western Australia Cricket Association Ground, Perth",2,43.3,43.3,Western Australia,New South Wales,AC Agar,M Kelly,NM Lyon,1,0,,,,,,,,,,,,,
1495281,2025/26,2025-10-04,"Western Australia Cricket Association Ground, Perth",2,43.4,43.4,Western Australia,New South Wales,M Kelly,AC Agar,NM Lyon,0,0,,,,,,,,,,,,,
1495281,2025/26,2025-10-04,"Western Australia Cricket Association Ground, Perth",2,43.5,43.5,Western Australia,New South Wales,M Kelly,AC Agar,NM Lyon,0,0,,,,,,,,,,,,,
1495281,2025/26,2025-10-04,"Western Australia Cricket Association Ground, Perth",2,43.6,43.6,Western Australia,New South Wales,M Kelly,AC Agar,NM Lyon,0,0,,,,,,,,,,,,,
1495281,2025/26,2025-10-04,"Western Australia Cricket Association Ground, Perth",2,44.1,44.1,Western Australia,New South Wales,AC Agar,M Kelly,R Hadley,0,0,,,,,,,,,,,,,
1495281,2025/26,2025-10-04,"Western Australia Cricket Association Ground, Perth",2,44.2,44.2,Western Australia,New South Wales,AC Agar,M Kelly,R Hadley,0,0,,,,,,,,,,,,,
1495281,2025/26,2025-10-04,"Western Australia Cricket Association Ground, Perth",2,44.3,44.3,Western Australia,New South Wales,AC Agar,M Kelly,R Hadley,0,0,,,,,,,,,,,,,
1495281,2025/26,2025-10-04,"Western Australia Cricket Association Ground, Perth",2,44.4,44.4,Western Australia,New South Wales,AC Agar,M Kelly,R Hadley,1,0,,,,,,,,,,,,,
1495281,2025/26,2025-10-04,"Western Australia Cricket Association Ground, Perth",2,44.5,44.5,Western Australia,New South Wales,M Kelly,AC Agar,R Hadley,0,0,,,,,,,,,,,,,
1495281,2025/26,2025-10-04,"Western Australia Cricket Association Ground, Perth",2,44.6,44.6,Western Australia,New South Wales,M Kelly,AC Agar,R Hadley,0,0,,,,,,,,,,,,,
1495281,2025/26,2025-10-04,"Western Australia Cricket Association Ground, Perth",2,45.1,45.1,Western Australia,New South Wales,AC Agar,M Kelly,NM Lyon,0,0,,,,,,,,,,,,,
1495281,2025/26,2025-10-04,"Western Australia Cricket Association Ground, Perth",2,45.2,45.2,Western Australia,New South Wales,AC Agar,M Kelly,NM Lyon,0,0,,,,,,,,,,,,,
1495281,2025/26,2025-10-04,"Western Australia Cricket Association Ground, Perth",2,45.3,45.3,Western Australia,New South Wales,AC Agar,M Kelly,NM Lyon,0,0,,,,,,,,,,,,,
1495281,2025/26,2025-10-04,"Western Australia Cricket Association Ground, Perth",2,45.4,45.4,Western Australia,New South Wales,AC Agar,M Kelly,NM Lyon,0,0,,,,,,,,,,,,,
1495281,2025/26,2025-10-04,"Western Australia Cricket Association Ground, Perth",2,45.5,45.5,Western Australia,New South Wales,AC Agar,M Kelly,NM Lyon,0,0,,,,,,,,,,,,,
1495281,2025/26,2025-10-04,"Western Australia Cricket Association Ground, Perth",2,45.6,45.6,Western Australia,New South Wales,AC Agar,M Kelly,NM Lyon,0,0,,,,,,,,,,,,,
1495281,2025/26,2025-10-04,"Western Australia Cricket Association Ground, Perth",2,46.1,46.1,Western Australia,New South Wales,M Kelly,AC Agar,R Hadley,0,0,,,,,,,bowled,M Kelly,,,,,
1495281,2025/26,2025-10-04,"Western Australia Cricket Association Ground, Perth",2,46.2,46.2,Western Australia,New South Wales,CJ Gannon,AC Agar,R Hadley,0,0,,,,,,,,,,,,,
1495281,2025/26,2025-10-04,"Western Australia Cricket Association Ground, Perth",2,46.3,46.3,Western Australia,New South Wales,CJ Gannon,AC Agar,R Hadley,0,0,,,,,,,,,,,,,
1495281,2025/26,2025-10-04,"Western Australia Cricket Association Ground, Perth",2,46.4,46.4,Western Australia,New South Wales,CJ Gannon,AC Agar,R Hadley,0,0,,,,,,,,,,,,,
1495281,2025/26,2025-10-04,"Western Australia Cricket Association Ground, Perth",2,46.5,46.5,Western Australia,New South Wales,CJ Gannon,AC Agar,R Hadley,0,0,,,,,,,,,,,,,
1495281,2025/26,2025-10-04,"Western Australia Cricket Association Ground, Perth",2,46.6,46.6,Western Australia,New South Wales,CJ Gannon,AC Agar,R Hadley,2,0,,,,,,,,,,,,,
1495281,2025/26,2025-10-04,"Western Australia Cricket Association Ground, Perth",2,47.1,47.1,Western Australia,New South Wales,AC Agar,CJ Gannon,CH Stobo,1,0,,,,,,,,,,,,,
1495281,2025/26,2025-10-04,"Western Australia Cricket Association Ground, Perth",2,47.2,47.2,Western Australia,New South Wales,CJ Gannon,AC Agar,CH Stobo,0,0,,,,,,,,,,,,,
1495281,2025/26,2025-10-04,"Western Australia Cricket Association Ground, Perth",2,47.3,47.3,Western Australia,New South Wales,CJ Gannon,AC Agar,CH Stobo,0,0,,,,,,,,,,,,,
1495281,2025/26,2025-10-04,"Western Australia Cricket Association Ground, Perth",2,47.4,47.4,Western Australia,New South Wales,CJ Gannon,AC Agar,CH Stobo,1,0,,,,,,,,,,,,,
1495281,2025/26,2025-10-04,"Western Australia Cricket Association Ground, Perth",2,47.5,47.5,Western Australia,New South Wales,AC Agar,CJ Gannon,CH Stobo,0,0,,,,,,,,,,,,,
1495281,2025/26,2025-10-04,"Western Australia Cricket Association Ground, Perth",2,47.6,47.6,Western Australia,New South Wales,AC Agar,CJ Gannon,CH Stobo,0,0,,,,,,,,,,,,,
1495281,2025/26,2025-10-04,"Western Australia Cricket Association Ground, Perth",2,48.1,48.1,Western Australia,New South Wales,CJ Gannon,AC Agar,R Hadley,0,0,,,,,,,,,,,,,
1495281,2025/26,2025-10-04,"Western Australia Cricket Association Ground, Perth",2,48.2,48.2,Western Australia,New South Wales,CJ Gannon,AC Agar,R Hadley,0,0,,,,,,,,,,,,,
1495281,2025/26,2025-10-04,"Western Australia Cricket Association Ground, Perth",2,48.3,48.3,Western Australia,New South Wales,CJ Gannon,AC Agar,R Hadley,0,0,,,,,,,,,,,,,
1495281,2025/26,2025-10-04,"Western Australia Cricket Association Ground, Perth",2,48.4,48.4,Western Australia,New South Wales,CJ Gannon,AC Agar,R Hadley,0,0,,,,,,,,,,,,,
1495281,2025/26,2025-10-04,"Western Australia Cricket Association Ground, Perth",2,48.5,48.5,Western Australia,New South Wales,CJ Gannon,AC Agar,R Hadley,0,0,,,,,,,,,,,,,
1495281,2025/26,2025-10-04,"Western Australia Cricket Association Ground, Perth",2,48.6,48.6,Western Australia,New South Wales,CJ Gannon,AC Agar,R Hadley,0,0,,,,,,,,,,,,,
1495281,2025/26,2025-10-04,"Western Australia Cricket Association Ground, Perth",2,49.1,49.1,Western Australia,New South Wales,AC Agar,CJ Gannon,CH Stobo,0,0,,,,,,,,,,,,,
1495281,2025/26,2025-10-04,"Western Australia Cricket Association Ground, Perth",2,49.2,49.2,Western Australia,New South Wales,AC Agar,CJ Gannon,CH Stobo,0,0,,,,,,,,,,,,,
1495281,2025/26,2025-10-04,"Western Australia Cricket Association Ground, Perth",2,49.3,49.3,Western Australia,New South Wales,AC Agar,CJ Gannon,CH Stobo,0,0,,,,,,,,,,,,,
1495281,2025/26,2025-10-04,"Western Australia Cricket Association Ground, Perth",2,49.4,49.4,Western Australia,New South Wales,AC Agar,CJ Gannon,CH Stobo,0,0,,,,,,,,,,,,,
1495281,2025/26,2025-10-04,"Western Australia Cricket Association Ground, Perth",2,49.5,49.5,Western Australia,New South Wales,AC Agar,CJ Gannon,CH Stobo,0,0,,,,,,,,,,,,,
1495281,2025/26,2025-10-04,"Western Australia Cricket Association Ground, Perth",2,49.6,49.6,Western Australia,New South Wales,AC Agar,CJ Gannon,CH Stobo,0,0,,,,,,,,,,,,,
1495281,2025/26,2025-10-04,"Western Australia Cricket Association Ground, Perth",2,50.1,50.1,Western Australia,New South Wales,CJ Gannon,AC Agar,R Hadley,0,0,,,,,,,,,,,,,
1495281,2025/26,2025-10-04,"Western Australia Cricket Association Ground, Perth",2,50.2,50.2,Western Australia,New South Wales,CJ Gannon,AC Agar,R Hadley,0,0,,,,,,,,,,,,,
1495281,2025/26,2025-10-04,"Western Australia Cricket Association Ground, Perth",2,50.3,50.3,Western Australia,New South Wales,CJ Gannon,AC Agar,R Hadley,0,0,,,,,,,,,,,,,
1495281,2025/26,2025-10-04,"Western Australia Cricket Association Ground, Perth",2,50.4,50.4,Western Australia,New South Wales,CJ Gannon,AC Agar,R Hadley,0,0,,,,,,,,,,,,,
1495281,2025/26,2025-10-04,"Western Australia Cricket Association Ground, Perth",2,50.5,50.5,Western Australia,New South Wales,CJ Gannon,AC Agar,R Hadley,4,0,,,,,,,,,,,,,
1495281,2025/26,2025-10-04,"Western Australia Cricket Association Ground, Perth",2,50.6,50.6,Western Australia,New South Wales,CJ Gannon,AC Agar,R Hadley,0,0,,,,,,,,,,,,,
1495281,2025/26,2025-10-04,"Western Australia Cricket Association Ground, Perth",2,51.1,51.1,Western Australia,New South Wales,AC Agar,CJ Gannon,CH Stobo,0,0,,,,,,,,,,,,,
1495281,2025/26,2025-10-04,"Western Australia Cricket Association Ground, Perth",2,51.2,51.2,Western Australia,New South Wales,AC Agar,CJ Gannon,CH Stobo,0,0,,,,,,,,,,,,,
1495281,2025/26,2025-10-04,"Western Australia Cricket Association Ground, Perth",2,51.3,51.3,Western Australia,New South Wales,AC Agar,CJ Gannon,CH Stobo,0,0,,,,,,,,,,,,,
1495281,2025/26,2025-10-04,"Western Australia Cricket Association Ground, Perth",2,51.4,51.4,Western Australia,New South Wales,AC Agar,CJ Gannon,CH Stobo,3,0,,,,,,,,,,,,,
1495281,2025/26,2025-10-04,"Western Australia Cricket Association Ground, Perth",2,51.5,51.5,Western Australia,New South Wales,CJ Gannon,AC Agar,CH Stobo,0,0,,,,,,,,,,,,,
1495281,2025/26,2025-10-04,"Western Australia Cricket Association Ground, Perth",2,51.6,51.6,Western Australia,New South Wales,CJ Gannon,AC Agar,CH Stobo,1,0,,,,,,,,,,,,,
1495281,2025/26,2025-10-04,"Western Australia Cricket Association Ground, Perth",2,52.1,52.1,Western Australia,New South Wales,CJ Gannon,AC Agar,R Hadley,0,0,,,,,,,,,,,,,
1495281,2025/26,2025-10-04,"Western Australia Cricket Association Ground, Perth",2,52.2,52.2,Western Australia,New South Wales,CJ Gannon,AC Agar,R Hadley,0,0,,,,,,,,,,,,,
1495281,2025/26,2025-10-04,"Western Australia Cricket Association Ground, Perth",2,52.3,52.3,Western Australia,New South Wales,CJ Gannon,AC Agar,R Hadley,0,0,,,,,,,,,,,,,
1495281,2025/26,2025-10-04,"Western Australia Cricket Association Ground, Perth",2,52.4,52.4,Western Australia,New South Wales,CJ Gannon,AC Agar,R Hadley,0,0,,,,,,,,,,,,,
1495281,2025/26,2025-10-04,"Western Australia Cricket Association Ground, Perth",2,52.5,52.5,Western Australia,New South Wales,CJ Gannon,AC Agar,R Hadley,2,0,,,,,,,,,,,,,
1495281,2025/26,2025-10-04,"Western Australia Cricket Association Ground, Perth",2,52.6,52.6,Western Australia,New South Wales,CJ Gannon,AC Agar,R Hadley,0,0,,,,,,,,,,,,,
1495281,2025/26,2025-10-04,"Western Australia Cricket Association Ground, Perth",2,53.1,53.1,Western Australia,New South Wales,AC Agar,CJ Gannon,CH Stobo,0,0,,,,,,,,,,,,,
1495281,2025/26,2025-10-04,"Western Australia Cricket Association Ground, Perth",2,53.2,53.2,Western Australia,New South Wales,AC Agar,CJ Gannon,CH Stobo,0,0,,,,,,,,,,,,,
1495281,2025/26,2025-10-04,"Western Australia Cricket Association Ground, Perth",2,53.3,53.3,Western Australia,New South Wales,AC Agar,CJ Gannon,CH Stobo,0,0,,,,,,,,,,,,,
1495281,2025/26,2025-10-04,"Western Australia Cricket Association Ground, Perth",2,53.4,53.4,Western Australia,New South Wales,AC Agar,CJ Gannon,CH Stobo,1,0,,,,,,,,,,,,,
1495281,2025/26,2025-10-04,"Western Australia Cricket Association Ground, Perth",2,53.5,53.5,Western Australia,New South Wales,CJ Gannon,AC Agar,CH Stobo,0,0,,,,,,,,,,,,,
1495281,2025/26,2025-10-04,"Western Australia Cricket Association Ground, Perth",2,53.6,53.6,Western Australia,New South Wales,CJ Gannon,AC Agar,CH Stobo,0,0,,,,,,,,,,,,,
1495281,2025/26,2025-10-04,"Western Australia Cricket Association Ground, Perth",2,54.1,54.1,Western Australia,New South Wales,AC Agar,CJ Gannon,R Hadley,0,0,,,,,,,,,,,,,
1495281,2025/26,2025-10-04,"Western Australia Cricket Association Ground, Perth",2,54.2,54.2,Western Australia,New South Wales,AC Agar,CJ Gannon,R Hadley,0,0,,,,,,,,,,,,,
1495281,2025/26,2025-10-04,"Western Australia Cricket Association Ground, Perth",2,54.3,54.3,Western Australia,New South Wales,AC Agar,CJ Gannon,R Hadley,0,0,,,,,,,,,,,,,
1495281,2025/26,2025-10-04,"Western Australia Cricket Association Ground, Perth",2,54.4,54.4,Western Australia,New South Wales,AC Agar,CJ Gannon,R Hadley,0,1,,1,,,,,,,,,,,
1495281,2025/26,2025-10-04,"Western Australia Cricket Association Ground, Perth",2,54.5,54.4,Western Australia,New South Wales,AC Agar,CJ Gannon,R Hadley,0,4,,,4,,,,,,,,,,
1495281,2025/26,2025-10-04,"Western Australia Cricket Association Ground, Perth",2,54.6,54.5,Western Australia,New South Wales,AC Agar,CJ Gannon,R Hadley,0,0,,,,,,,,,,,,,
1495281,2025/26,2025-10-04,"Western Australia Cricket Association Ground, Perth",2,54.7,54.6,Western Australia,New South Wales,AC Agar,CJ Gannon,R Hadley,0,0,,,,,,,caught,AC Agar,,,KR Patterson,,
1495281,2025/26,2025-10-04,"Western Australia Cricket Association Ground, Perth",2,55.1,55.1,Western Australia,New South Wales,CJ Gannon,CJ Rocchiccioli,NM Lyon,0,0,,,,,,,,,,,,,
1495281,2025/26,2025-10-04,"Western Australia Cricket Association Ground, Perth",2,55.2,55.2,Western Australia,New South Wales,CJ Gannon,CJ Rocchiccioli,NM Lyon,0,0,,,,,,,,,,,,,
1495281,2025/26,2025-10-04,"Western Australia Cricket Association Ground, Perth",2,55.3,55.3,Western Australia,New South Wales,CJ Gannon,CJ Rocchiccioli,NM Lyon,0,0,,,,,,,,,,,,,
1495281,2025/26,2025-10-04,"Western Australia Cricket Association Ground, Perth",2,55.4,55.4,Western Australia,New South Wales,CJ Gannon,CJ Rocchiccioli,NM Lyon,0,0,,,,,,,,,,,,,
1495281,2025/26,2025-10-04,"Western Australia Cricket Association Ground, Perth",2,55.5,55.5,Western Australia,New South Wales,CJ Gannon,CJ Rocchiccioli,NM Lyon,0,0,,,,,,,,,,,,,
1495281,2025/26,2025-10-04,"Western Australia Cricket Association Ground, Perth",2,55.6,55.6,Western Australia,New South Wales,CJ Gannon,CJ Rocchiccioli,NM Lyon,0,0,,,,,,,,,,,,,
1495281,2025/26,2025-10-04,"Western Australia Cricket Association Ground, Perth",2,56.1,56.1,Western Australia,New South Wales,CJ Rocchiccioli,CJ Gannon,LC Hatcher,0,0,,,,,,,,,,,,,
1495281,2025/26,2025-10-04,"Western Australia Cricket Association Ground, Perth",2,56.2,56.2,Western Australia,New South Wales,CJ Rocchiccioli,CJ Gannon,LC Hatcher,0,0,,,,,,,,,,,,,
1495281,2025/26,2025-10-04,"Western Australia Cricket Association Ground, Perth",2,56.3,56.3,Western Australia,New South Wales,CJ Rocchiccioli,CJ Gannon,LC Hatcher,0,0,,,,,,,,,,,,,
1495281,2025/26,2025-10-04,"Western Australia Cricket Association Ground, Perth",2,56.4,56.4,Western Australia,New South Wales,CJ Rocchiccioli,CJ Gannon,LC Hatcher,0,0,,,,,,,,,,,,,
1495281,2025/26,2025-10-04,"Western Australia Cricket Association Ground, Perth",2,56.5,56.5,Western Australia,New South Wales,CJ Rocchiccioli,CJ Gannon,LC Hatcher,0,0,,,,,,,,,,,,,
1495281,2025/26,2025-10-04,"Western Australia Cricket Association Ground, Perth",2,56.6,56.6,Western Australia,New South Wales,CJ Rocchiccioli,CJ Gannon,LC Hatcher,0,0,,,,,,,,,,,,,
1495281,2025/26,2025-10-04,"Western Australia Cricket Association Ground, Perth",2,57.1,57.1,Western Australia,New South Wales,CJ Gannon,CJ Rocchiccioli,NM Lyon,1,0,,,,,,,,,,,,,
1495281,2025/26,2025-10-04,"Western Australia Cricket Association Ground, Perth",2,57.2,57.2,Western Australia,New South Wales,CJ Rocchiccioli,CJ Gannon,NM Lyon,0,0,,,,,,,,,,,,,
1495281,2025/26,2025-10-04,"Western Australia Cricket Association Ground, Perth",2,57.3,57.3,Western Australia,New South Wales,CJ Rocchiccioli,CJ Gannon,NM Lyon,1,0,,,,,,,,,,,,,
1495281,2025/26,2025-10-04,"Western Australia Cricket Association Ground, Perth",2,57.4,57.4,Western Australia,New South Wales,CJ Gannon,CJ Rocchiccioli,NM Lyon,0,0,,,,,,,,,,,,,
1495281,2025/26,2025-10-04,"Western Australia Cricket Association Ground, Perth",2,57.5,57.5,Western Australia,New South Wales,CJ Gannon,CJ Rocchiccioli,NM Lyon,0,0,,,,,,,,,,,,,
1495281,2025/26,2025-10-04,"Western Australia Cricket Association Ground, Perth",2,57.6,57.6,Western Australia,New South Wales,CJ Gannon,CJ Rocchiccioli,NM Lyon,0,0,,,,,,,,,,,,,
1495281,2025/26,2025-10-04,"Western Australia Cricket Association Ground, Perth",2,58.1,58.1,Western Australia,New South Wales,CJ Rocchiccioli,CJ Gannon,LC Hatcher,0,0,,,,,,,,,,,,,
1495281,2025/26,2025-10-04,"Western Australia Cricket Association Ground, Perth",2,58.2,58.2,Western Australia,New South Wales,CJ Rocchiccioli,CJ Gannon,LC Hatcher,0,0,,,,,,,,,,,,,
1495281,2025/26,2025-10-04,"Western Australia Cricket Association Ground, Perth",2,58.3,58.3,Western Australia,New South Wales,CJ Rocchiccioli,CJ Gannon,LC Hatcher,0,0,,,,,,,,,,,,,
1495281,2025/26,2025-10-04,"Western Australia Cricket Association Ground, Perth",2,58.4,58.4,Western Australia,New South Wales,CJ Rocchiccioli,CJ Gannon,LC Hatcher,0,0,,,,,,,,,,,,,
1495281,2025/26,2025-10-04,"Western Australia Cricket Association Ground, Perth",2,58.5,58.5,Western Australia,New South Wales,CJ Rocchiccioli,CJ Gannon,LC Hatcher,0,0,,,,,,,,,,,,,
1495281,2025/26,2025-10-04,"Western Australia Cricket Association Ground, Perth",2,58.6,58.6,Western Australia,New South Wales,CJ Rocchiccioli,CJ Gannon,LC Hatcher,1,0,,,,,,,,,,,,,
1495281,2025/26,2025-10-04,"Western Australia Cricket Association Ground, Perth",2,59.1,59.1,Western Australia,New South Wales,CJ Rocchiccioli,CJ Gannon,NM Lyon,0,0,,,,,,,,,,,,,
1495281,2025/26,2025-10-04,"Western Australia Cricket Association Ground, Perth",2,59.2,59.2,Western Australia,New South Wales,CJ Rocchiccioli,CJ Gannon,NM Lyon,0,0,,,,,,,,,,,,,
1495281,2025/26,2025-10-04,"Western Australia Cricket Association Ground, Perth",2,59.3,59.3,Western Australia,New South Wales,CJ Rocchiccioli,CJ Gannon,NM Lyon,0,0,,,,,,,,,,,,,
1495281,2025/26,2025-10-04,"Western Australia Cricket Association Ground, Perth",2,59.4,59.4,Western Australia,New South Wales,CJ Rocchiccioli,CJ Gannon,NM Lyon,4,0,,,,,,,,,,,,,
1495281,2025/26,2025-10-04,"Western Australia Cricket Association Ground, Perth",2,59.5,59.5,Western Australia,New South Wales,CJ Rocchiccioli,CJ Gannon,NM Lyon,1,0,,,,,,,,,,,,,
1495281,2025/26,2025-10-04,"Western Australia Cricket Association Ground, Perth",2,59.6,59.6,Western Australia,New South Wales,CJ Gannon,CJ Rocchiccioli,NM Lyon,0,0,,,,,,,,,,,,,
1495281,2025/26,2025-10-04,"Western Australia Cricket Association Ground, Perth",2,60.1,60.1,Western Australia,New South Wales,CJ Rocchiccioli,CJ Gannon,LC Hatcher,0,0,,,,,,,,,,,,,
1495281,2025/26,2025-10-04,"Western Australia Cricket Association Ground, Perth",2,60.2,60.2,Western Australia,New South Wales,CJ Rocchiccioli,CJ Gannon,LC Hatcher,1,0,,,,,,,,,,,,,
1495281,2025/26,2025-10-04,"Western Australia Cricket Association Ground, Perth",2,60.3,60.3,Western Australia,New South Wales,CJ Gannon,CJ Rocchiccioli,LC Hatcher,0,0,,,,,,,,,,,,,
1495281,2025/26,2025-10-04,"Western Australia Cricket Association Ground, Perth",2,60.4,60.4,Western Australia,New South Wales,CJ Gannon,CJ Rocchiccioli,LC Hatcher,1,0,,,,,,,,,,,,,
1495281,2025/26,2025-10-04,"Western Australia Cricket Association Ground, Perth",2,60.5,60.5,Western Australia,New South Wales,CJ Rocchiccioli,CJ Gannon,LC Hatcher,2,0,,,,,,,,,,,,,
1495281,2025/26,2025-10-04,"Western Australia Cricket Association Ground, Perth",2,60.6,60.6,Western Australia,New South Wales,CJ Rocchiccioli,CJ Gannon,LC Hatcher,1,0,,,,,,,,,,,,,
1495281,2025/26,2025-10-04,"Western Australia Cricket Association Ground, Perth",2,61.1,61.1,Western Australia,New South Wales,CJ Rocchiccioli,CJ Gannon,NM Lyon,0,0,,,,,,,,,,,,,
1495281,2025/26,2025-10-04,"Western Australia Cricket Association Ground, Perth",2,61.2,61.2,Western Australia,New South Wales,CJ Rocchiccioli,CJ Gannon,NM Lyon,6,0,,,,,,,,,,,,,
1495281,2025/26,2025-10-04,"Western Australia Cricket Association Ground, Perth",2,61.3,61.3,Western Australia,New South Wales,CJ Rocchiccioli,CJ Gannon,NM Lyon,0,0,,,,,,,,,,,,,
1495281,2025/26,2025-10-04,"Western Australia Cricket Association Ground, Perth",2,61.4,61.4,Western Australia,New South Wales,CJ Rocchiccioli,CJ Gannon,NM Lyon,6,0,,,,,,,,,,,,,
1495281,2025/26,2025-10-04,"Western Australia Cricket Association Ground, Perth",2,61.5,61.5,Western Australia,New South Wales,CJ Rocchiccioli,CJ Gannon,NM Lyon,0,0,,,,,,,bowled,CJ Rocchiccioli,,,,,
1495281,2025/26,2025-10-04,"Western Australia Cricket Association Ground, Perth",3,0.1,0.1,New South Wales,Western Australia,S Konstas,B Nikitaras,JS Paris,1,0,,,,,,,,,,,,,
1495281,2025/26,2025-10-04,"Western Australia Cricket Association Ground, Perth",3,0.2,0.2,New South Wales,Western Australia,B Nikitaras,S Konstas,JS Paris,0,0,,,,,,,,,,,,,
1495281,2025/26,2025-10-04,"Western Australia Cricket Association Ground, Perth",3,0.3,0.3,New South Wales,Western Australia,B Nikitaras,S Konstas,JS Paris,0,0,,,,,,,,,,,,,
1495281,2025/26,2025-10-04,"Western Australia Cricket Association Ground, Perth",3,0.4,0.4,New South Wales,Western Australia,B Nikitaras,S Konstas,JS Paris,0,0,,,,,,,,,,,,,
1495281,2025/26,2025-10-04,"Western Australia Cricket Association Ground, Perth",3,0.5,0.5,New South Wales,Western Australia,B Nikitaras,S Konstas,JS Paris,0,0,,,,,,,,,,,,,
1495281,2025/26,2025-10-04,"Western Australia Cricket Association Ground, Perth",3,0.6,0.6,New South Wales,Western Australia,B Nikitaras,S Konstas,JS Paris,0,0,,,,,,,,,,,,,
1495281,2025/26,2025-10-04,"Western Australia Cricket Association Ground, Perth",3,1.1,1.1,New South Wales,Western Australia,S Konstas,B Nikitaras,M Kelly,0,0,,,,,,,,,,,,,
1495281,2025/26,2025-10-04,"Western Australia Cricket Association Ground, Perth",3,1.2,1.2,New South Wales,Western Australia,S Konstas,B Nikitaras,M Kelly,0,0,,,,,,,,,,,,,
1495281,2025/26,2025-10-04,"Western Australia Cricket Association Ground, Perth",3,1.3,1.3,New South Wales,Western Australia,S Konstas,B Nikitaras,M Kelly,0,0,,,,,,,,,,,,,
1495281,2025/26,2025-10-04,"Western Australia Cricket Association Ground, Perth",3,1.4,1.4,New South Wales,Western Australia,S Konstas,B Nikitaras,M Kelly,2,0,,,,,,,,,,,,,
1495281,2025/26,2025-10-04,"Western Australia Cricket Association Ground, Perth",3,1.5,1.5,New South Wales,Western Australia,S Konstas,B Nikitaras,M Kelly,3,0,,,,,,,,,,,,,
1495281,2025/26,2025-10-04,"Western Australia Cricket Association Ground, Perth",3,1.6,1.6,New South Wales,Western Australia,B Nikitaras,S Konstas,M Kelly,0,0,,,,,,,,,,,,,
1495281,2025/26,2025-10-04,"Western Australia Cricket Association Ground, Perth",3,2.1,2.1,New South Wales,Western Australia,S Konstas,B Nikitaras,CJ Gannon,0,0,,,,,,,,,,,,,
1495281,2025/26,2025-10-04,"Western Australia Cricket Association Ground, Perth",3,2.2,2.2,New South Wales,Western Australia,S Konstas,B Nikitaras,CJ Gannon,4,0,,,,,,,,,,,,,
1495281,2025/26,2025-10-04,"Western Australia Cricket Association Ground, Perth",3,2.3,2.3,New South Wales,Western Australia,S Konstas,B Nikitaras,CJ Gannon,0,0,,,,,,,,,,,,,
1495281,2025/26,2025-10-04,"Western Australia Cricket Association Ground, Perth",3,2.4,2.4,New South Wales,Western Australia,S Konstas,B Nikitaras,CJ Gannon,0,0,,,,,,,,,,,,,
1495281,2025/26,2025-10-04,"Western Australia Cricket Association Ground, Perth",3,2.5,2.5,New South Wales,Western Australia,S Konstas,B Nikitaras,CJ Gannon,4,0,,,,,,,,,,,,,
1495281,2025/26,2025-10-04,"Western Australia Cricket Association Ground, Perth",3,2.6,2.6,New South Wales,Western Australia,S Konstas,B Nikitaras,CJ Gannon,0,0,,,,,,,,,,,,,
1495281,2025/26,2025-10-04,"Western Australia Cricket Association Ground, Perth",3,3.1,3.1,New South Wales,Western Australia,B Nikitaras,S Konstas,M Kelly,0,0,,,,,,,,,,,,,
1495281,2025/26,2025-10-04,"Western Australia Cricket Association Ground, Perth",3,3.2,3.2,New South Wales,Western Australia,B Nikitaras,S Konstas,M Kelly,0,0,,,,,,,,,,,,,
1495281,2025/26,2025-10-04,"Western Australia Cricket Association Ground, Perth",3,3.3,3.3,New South Wales,Western Australia,B Nikitaras,S Konstas,M Kelly,3,0,,,,,,,,,,,,,
1495281,2025/26,2025-10-04,"Western Australia Cricket Association Ground, Perth",3,3.4,3.4,New South Wales,Western Australia,S Konstas,B Nikitaras,M Kelly,0,0,,,,,,,,,,,,,
1495281,2025/26,2025-10-04,"Western Australia Cricket Association Ground, Perth",3,3.5,3.5,New South Wales,Western Australia,S Konstas,B Nikitaras,M Kelly,0,0,,,,,,,,,,,,,
1495281,2025/26,2025-10-04,"Western Australia Cricket Association Ground, Perth",3,3.6,3.6,New South Wales,Western Australia,S Konstas,B Nikitaras,M Kelly,0,0,,,,,,,caught,S Konstas,,,AC Agar,,
1495281,2025/26,2025-10-04,"Western Australia Cricket Association Ground, Perth",3,4.1,4.1,New South Wales,Western Australia,B Nikitaras,KR Patterson,CJ Gannon,0,0,,,,,,,,,,,,,
1495281,2025/26,2025-10-04,"Western Australia Cricket Association Ground, Perth",3,4.2,4.2,New South Wales,Western Australia,B Nikitaras,KR Patterson,CJ Gannon,0,0,,,,,,,,,,,,,
1495281,2025/26,2025-10-04,"Western Australia Cricket Association Ground, Perth",3,4.3,4.3,New South Wales,Western Australia,B Nikitaras,KR Patterson,CJ Gannon,0,0,,,,,,,caught,B Nikitaras,,,L Haskett,,
1495281,2025/26,2025-10-04,"Western Australia Cricket Association Ground, Perth",3,4.4,4.4,New South Wales,Western Australia,M Gilkes,KR Patterson,CJ Gannon,0,0,,,,,,,,,,,,,
1495281,2025/26,2025-10-04,"Western Australia Cricket Association Ground, Perth",3,4.5,4.5,New South Wales,Western Australia,M Gilkes,KR Patterson,CJ Gannon,0,0,,,,,,,,,,,,,
1495281,2025/26,2025-10-04,"Western Australia Cricket Association Ground, Perth",3,4.6,4.6,New South Wales,Western Australia,M Gilkes,KR Patterson,CJ Gannon,0,0,,,,,,,,,,,,,
1495281,2025/26,2025-10-04,"Western Australia Cricket Association Ground, Perth",3,5.1,5.1,New South Wales,Western Australia,KR Patterson,M Gilkes,M Kelly,0,0,,,,,,,,,,,,,
1495281,2025/26,2025-10-04,"Western Australia Cricket Association Ground, Perth",3,5.2,5.2,New South Wales,Western Australia,KR Patterson,M Gilkes,M Kelly,0,0,,,,,,,,,,,,,
1495281,2025/26,2025-10-04,"Western Australia Cricket Association Ground, Perth",3,5.3,5.3,New South Wales,Western Australia,KR Patterson,M Gilkes,M Kelly,0,0,,,,,,,,,,,,,
1495281,2025/26,2025-10-04,"Western Australia Cricket Association Ground, Perth",3,5.4,5.4,New South Wales,Western Australia,KR Patterson,M Gilkes,M Kelly,1,0,,,,,,,,,,,,,
1495281,2025/26,2025-10-04,"Western Australia Cricket Association Ground, Perth",3,5.5,5.5,New South Wales,Western Australia,M Gilkes,KR Patterson,M Kelly,0,0,,,,,,,,,,,,,
1495281,2025/26,2025-10-04,"Western Australia Cricket Association Ground, Perth",3,5.6,5.6,New South Wales,Western Australia,M Gilkes,KR Patterson,M Kelly,0,0,,,,,,,,,,,,,
1495281,2025/26,2025-10-04,"Western Australia Cricket Association Ground, Perth",3,6.1,6.1,New South Wales,Western Australia,KR Patterson,M Gilkes,CJ Gannon,3,0,,,,,,,,,,,,,
1495281,2025/26,2025-10-04,"Western Australia Cricket Association Ground, Perth",3,6.2,6.2,New South Wales,Western Australia,M Gilkes,KR Patterson,CJ Gannon,0,0,,,,,,,,,,,,,
1495281,2025/26,2025-10-04,"Western Australia Cricket Association Ground, Perth",3,6.3,6.3,New South Wales,Western Australia,M Gilkes,KR Patterson,CJ Gannon,0,0,,,,,,,,,,,,,
1495281,2025/26,2025-10-04,"Western Australia Cricket Association Ground, Perth",3,6.4,6.4,New South Wales,Western Australia,M Gilkes,KR Patterson,CJ Gannon,0,0,,,,,,,,,,,,,
1495281,2025/26,2025-10-04,"Western Australia Cricket Association Ground, Perth",3,6.5,6.5,New South Wales,Western Australia,M Gilkes,KR Patterson,CJ Gannon,0,0,,,,,,,,,,,,,
1495281,2025/26,2025-10-04,"Western Australia Cricket Association Ground, Perth",3,6.6,6.6,New South Wales,Western Australia,M Gilkes,KR Patterson,CJ Gannon,0,0,,,,,,,,,,,,,
1495281,2025/26,2025-10-04,"Western Australia Cricket Association Ground, Perth",3,7.1,7.1,New South Wales,Western Australia,KR Patterson,M Gilkes,M Kelly,0,0,,,,,,,caught,KR Patterson,,,C Green,,
1495281,2025/26,2025-10-04,"Western Australia Cricket Association Ground, Perth",3,7.2,7.2,New South Wales,Western Australia,O Davies,M Gilkes,M Kelly,0,0,,,,,,,,,,,,,
1495281,2025/26,2025-10-04,"Western Australia Cricket Association Ground, Perth",3,7.3,7.3,New South Wales,Western Australia,O Davies,M Gilkes,M Kelly,0,0,,,,,,,,,,,,,
1495281,2025/26,2025-10-04,"Western Australia Cricket Association Ground, Perth",3,7.4,7.4,New South Wales,Western Australia,O Davies,M Gilkes,M Kelly,0,0,,,,,,,,,,,,,
1495281,2025/26,2025-10-04,"Western Australia Cricket Association Ground, Perth",3,7.5,7.5,New South Wales,Western Australia,O Davies,M Gilkes,M Kelly,0,0,,,,,,,,,,,,,
1495281,2025/26,2025-10-04,"Western Australia Cricket Association Ground, Perth",3,7.6,7.6,New South Wales,Western Australia,O Davies,M Gilkes,M Kelly,0,0,,,,,,,,,,,,,
1495281,2025/26,2025-10-04,"Western Australia Cricket Association Ground, Perth",3,8.1,8.1,New South Wales,Western Australia,M Gilkes,O Davies,CJ Rocchiccioli,0,0,,,,,,,,,,,,,
1495281,2025/26,2025-10-04,"Western Australia Cricket Association Ground, Perth",3,8.2,8.2,New South Wales,Western Australia,M Gilkes,O Davies,CJ Rocchiccioli,1,0,,,,,,,,,,,,,
1495281,2025/26,2025-10-04,"Western Australia Cricket Association Ground, Perth",3,8.3,8.3,New South Wales,Western Australia,O Davies,M Gilkes,CJ Rocchiccioli,0,0,,,,,,,,,,,,,
1495281,2025/26,2025-10-04,"Western Australia Cricket Association Ground, Perth",3,8.4,8.4,New South Wales,Western Australia,O Davies,M Gilkes,CJ Rocchiccioli,0,0,,,,,,,,,,,,,
1495281,2025/26,2025-10-04,"Western Australia Cricket Association Ground, Perth",3,8.5,8.5,New South Wales,Western Australia,O Davies,M Gilkes,CJ Rocchiccioli,1,0,,,,,,,,,,,,,
1495281,2025/26,2025-10-04,"Western Australia Cricket Association Ground, Perth",3,8.6,8.6,New South Wales,Western Australia,M Gilkes,O Davies,CJ Rocchiccioli,0,0,,,,,,,,,,,,,
1495281,2025/26,2025-10-04,"Western Australia Cricket Association Ground, Perth",3,9.1,9.1,New South Wales,Western Australia,O Davies,M Gilkes,M Kelly,0,0,,,,,,,,,,,,,
1495281,2025/26,2025-10-04,"Western Australia Cricket Association Ground, Perth",3,9.2,9.2,New South Wales,Western Australia,O Davies,M Gilkes,M Kelly,4,0,,,,,,,,,,,,,
1495281,2025/26,2025-10-04,"Western Australia Cricket Association Ground, Perth",3,9.3,9.3,New South Wales,Western Australia,O Davies,M Gilkes,M Kelly,0,0,,,,,,,,,,,,,
1495281,2025/26,2025-10-04,"Western Australia Cricket Association Ground, Perth",3,9.4,9.4,New South Wales,Western Australia,O Davies,M Gilkes,M Kelly,0,0,,,,,,,,,,,,,
1495281,2025/26,2025-10-04,"Western Australia Cricket Association Ground, Perth",3,9.5,9.5,New South Wales,Western Australia,O Davies,M Gilkes,M Kelly,0,0,,,,,,,,,,,,,
1495281,2025/26,2025-10-04,"Western Australia Cricket Association Ground, Perth",3,9.6,9.6,New South Wales,Western Australia,O Davies,M Gilkes,M Kelly,0,0,,,,,,,,,,,,,
1495281,2025/26,2025-10-04,"Western Australia Cricket Association Ground, Perth",3,10.1,10.1,New South Wales,Western Australia,M Gilkes,O Davies,CJ Rocchiccioli,0,0,,,,,,,,,,,,,
1495281,2025/26,2025-10-04,"Western Australia Cricket Association Ground, Perth",3,10.2,10.2,New South Wales,Western Australia,M Gilkes,O Davies,CJ Rocchiccioli,0,0,,,,,,,,,,,,,
1495281,2025/26,2025-10-04,"Western Australia Cricket Association Ground, Perth",3,10.3,10.3,New South Wales,Western Australia,M Gilkes,O Davies,CJ Rocchiccioli,0,0,,,,,,,,,,,,,
1495281,2025/26,2025-10-04,"Western Australia Cricket Association Ground, Perth",3,10.4,10.4,New South Wales,Western Australia,M Gilkes,O Davies,CJ Rocchiccioli,1,0,,,,,,,,,,,,,
1495281,2025/26,2025-10-04,"Western Australia Cricket Association Ground, Perth",3,10.5,10.5,New South Wales,Western Australia,O Davies,M Gilkes,CJ Rocchiccioli,1,0,,,,,,,,,,,,,
1495281,2025/26,2025-10-04,"Western Australia Cricket Association Ground, Perth",3,10.6,10.6,New South Wales,Western Australia,M Gilkes,O Davies,CJ Rocchiccioli,0,0,,,,,,,,,,,,,
1495281,2025/26,2025-10-04,"Western Australia Cricket Association Ground, Perth",3,11.1,11.1,New South Wales,Western Australia,O Davies,M Gilkes,CJ Gannon,4,0,,,,,,,,,,,,,
1495281,2025/26,2025-10-04,"Western Australia Cricket Association Ground, Perth",3,11.2,11.2,New South Wales,Western Australia,O Davies,M Gilkes,CJ Gannon,0,0,,,,,,,,,,,,,
1495281,2025/26,2025-10-04,"Western Australia Cricket Association Ground, Perth",3,11.3,11.3,New South Wales,Western Australia,O Davies,M Gilkes,CJ Gannon,0,0,,,,,,,,,,,,,
1495281,2025/26,2025-10-04,"Western Australia Cricket Association Ground, Perth",3,11.4,11.4,New South Wales,Western Australia,O Davies,M Gilkes,CJ Gannon,0,0,,,,,,,,,,,,,
1495281,2025/26,2025-10-04,"Western Australia Cricket Association Ground, Perth",3,11.5,11.5,New South Wales,Western Australia,O Davies,M Gilkes,CJ Gannon,0,0,,,,,,,,,,,,,
1495281,2025/26,2025-10-04,"Western Australia Cricket Association Ground, Perth",3,11.6,11.6,New South Wales,Western Australia,O Davies,M Gilkes,CJ Gannon,0,0,,,,,,,caught,O Davies,,,CT Bancroft,,
1495281,2025/26,2025-10-04,"Western Australia Cricket Association Ground, Perth",3,12.1,12.1,New South Wales,Western Australia,M Gilkes,CJ Green,CJ Rocchiccioli,0,0,,,,,,,,,,,,,
1495281,2025/26,2025-10-04,"Western Australia Cricket Association Ground, Perth",3,12.2,12.2,New South Wales,Western Australia,M Gilkes,CJ Green,CJ Rocchiccioli,0,0,,,,,,,,,,,,,
1495281,2025/26,2025-10-04,"Western Australia Cricket Association Ground, Perth",3,12.3,12.3,New South Wales,Western Australia,M Gilkes,CJ Green,CJ Rocchiccioli,1,0,,,,,,,,,,,,,
1495281,2025/26,2025-10-04,"Western Australia Cricket Association Ground, Perth",3,12.4,12.4,New South Wales,Western Australia,CJ Green,M Gilkes,CJ Rocchiccioli,0,0,,,,,,,,,,,,,
1495281,2025/26,2025-10-04,"Western Australia Cricket Association Ground, Perth",3,12.5,12.5,New South Wales,Western Australia,CJ Green,M Gilkes,CJ Rocchiccioli,0,0,,,,,,,,,,,,,
1495281,2025/26,2025-10-04,"Western Australia Cricket Association Ground, Perth",3,12.6,12.6,New South Wales,Western Australia,CJ Green,M Gilkes,CJ Rocchiccioli,1,0,,,,,,,,,,,,,
1495281,2025/26,2025-10-04,"Western Australia Cricket Association Ground, Perth",3,13.1,13.1,New South Wales,Western Australia,CJ Green,M Gilkes,CJ Gannon,0,0,,,,,,,,,,,,,
1495281,2025/26,2025-10-04,"Western Australia Cricket Association Ground, Perth",3,13.2,13.2,New South Wales,Western Australia,CJ Green,M Gilkes,CJ Gannon,0,0,,,,,,,,,,,,,
1495281,2025/26,2025-10-04,"Western Australia Cricket Association Ground, Perth",3,13.3,13.3,New South Wales,Western Australia,CJ Green,M Gilkes,CJ Gannon,0,0,,,,,,,,,,,,,
1495281,2025/26,2025-10-04,"Western Australia Cricket Association Ground, Perth",3,13.4,13.4,New South Wales,Western Australia,CJ Green,M Gilkes,CJ Gannon,0,0,,,,,,,,,,,,,
1495281,2025/26,2025-10-04,"Western Australia Cricket Association Ground, Perth",3,13.5,13.5,New South Wales,Western Australia,CJ Green,M Gilkes,CJ Gannon,1,0,,,,,,,,,,,,,
1495281,2025/26,2025-10-04,"Western Australia Cricket Association Ground, Perth",3,13.6,13.6,New South Wales,Western Australia,M Gilkes,CJ Green,CJ Gannon,4,0,,,,,,,,,,,,,
1495281,2025/26,2025-10-04,"Western Australia Cricket Association Ground, Perth",3,14.1,14.1,New South Wales,Western Australia,CJ Green,M Gilkes,CJ Rocchiccioli,1,0,,,,,,,,,,,,,
1495281,2025/26,2025-10-04,"Western Australia Cricket Association Ground, Perth",3,14.2,14.2,New South Wales,Western Australia,M Gilkes,CJ Green,CJ Rocchiccioli,0,0,,,,,,,,,,,,,
1495281,2025/26,2025-10-04,"Western Australia Cricket Association Ground, Perth",3,14.3,14.3,New South Wales,Western Australia,M Gilkes,CJ Green,CJ Rocchiccioli,1,0,,,,,,,,,,,,,
1495281,2025/26,2025-10-04,"Western Australia Cricket Association Ground, Perth",3,14.4,14.4,New South Wales,Western Australia,CJ Green,M Gilkes,CJ Rocchiccioli,0,0,,,,,,,,,,,,,
1495281,2025/26,2025-10-04,"Western Australia Cricket Association Ground, Perth",3,14.5,14.5,New South Wales,Western Australia,CJ Green,M Gilkes,CJ Rocchiccioli,4,0,,,,,,,,,,,,,
1495281,2025/26,2025-10-04,"Western Australia Cricket Association Ground, Perth",3,14.6,14.6,New South Wales,Western Australia,CJ Green,M Gilkes,CJ Rocchiccioli,0,0,,,,,,,,,,,,,
1495281,2025/26,2025-10-04,"Western Australia Cricket Association Ground, Perth",3,15.1,15.1,New South Wales,Western Australia,M Gilkes,CJ Green,CJ Gannon,0,0,,,,,,,,,,,,,
1495281,2025/26,2025-10-04,"Western Australia Cricket Association Ground, Perth",3,15.2,15.2,New South Wales,Western Australia,M Gilkes,CJ Green,CJ Gannon,0,0,,,,,,,,,,,,,
1495281,2025/26,2025-10-04,"Western Australia Cricket Association Ground, Perth",3,15.3,15.3,New South Wales,Western Australia,M Gilkes,CJ Green,CJ Gannon,0,0,,,,,,,,,,,,,
1495281,2025/26,2025-10-04,"Western Australia Cricket Association Ground, Perth",3,15.4,15.4,New South Wales,Western Australia,M Gilkes,CJ Green,CJ Gannon,0,0,,,,,,,,,,,,,
1495281,2025/26,2025-10-04,"Western Australia Cricket Association Ground, Perth",3,15.5,15.5,New South Wales,Western Australia,M Gilkes,CJ Green,CJ Gannon,4,0,,,,,,,,,,,,,
1495281,2025/26,2025-10-04,"Western Australia Cricket Association Ground, Perth",3,15.6,15.6,New South Wales,Western Australia,M Gilkes,CJ Green,CJ Gannon,0,0,,,,,,,,,,,,,
1495281,2025/26,2025-10-04,"Western Australia Cricket Association Ground, Perth",3,16.1,16.1,New South Wales,Western Australia,CJ Green,M Gilkes,AC Agar,4,0,,,,,,,,,,,,,
1495281,2025/26,2025-10-04,"Western Australia Cricket Association Ground, Perth",3,16.2,16.2,New South Wales,Western Australia,CJ Green,M Gilkes,AC Agar,0,0,,,,,,,,,,,,,
1495281,2025/26,2025-10-04,"Western Australia Cricket Association Ground, Perth",3,16.3,16.3,New South Wales,Western Australia,CJ Green,M Gilkes,AC Agar,0,0,,,,,,,,,,,,,
1495281,2025/26,2025-10-04,"Western Australia Cricket Association Ground, Perth",3,16.4,16.4,New South Wales,Western Australia,CJ Green,M Gilkes,AC Agar,1,0,,,,,,,,,,,,,
1495281,2025/26,2025-10-04,"Western Australia Cricket Association Ground, Perth",3,16.5,16.5,New South Wales,Western Australia,M Gilkes,CJ Green,AC Agar,0,0,,,,,,,,,,,,,
1495281,2025/26,2025-10-04,"Western Australia Cricket Association Ground, Perth",3,16.6,16.6,New South Wales,Western Australia,M Gilkes,CJ Green,AC Agar,0,0,,,,,,,,,,,,,
1495281,2025/26,2025-10-04,"Western Australia Cricket Association Ground, Perth",3,17.1,17.1,New South Wales,Western Australia,CJ Green,M Gilkes,M Kelly,1,0,,,,,,,,,,,,,
1495281,2025/26,2025-10-04,"Western Australia Cricket Association Ground, Perth",3,17.2,17.2,New South Wales,Western Australia,M Gilkes,CJ Green,M Kelly,0,0,,,,,,,,,,,,,
1495281,2025/26,2025-10-04,"Western Australia Cricket Association Ground, Perth",3,17.3,17.3,New South Wales,Western Australia,M Gilkes,CJ Green,M Kelly,0,0,,,,,,,,,,,,,
1495281,2025/26,2025-10-04,"Western Australia Cricket Association Ground, Perth",3,17.4,17.4,New South Wales,Western Australia,M Gilkes,CJ Green,M Kelly,4,0,,,,,,,,,,,,,
1495281,2025/26,2025-10-04,"Western Australia Cricket Association Ground, Perth",3,17.5,17.5,New South Wales,Western Australia,M Gilkes,CJ Green,M Kelly,0,0,,,,,,,,,,,,,
1495281,2025/26,2025-10-04,"Western Australia Cricket Association Ground, Perth",3,17.6,17.6,New South Wales,Western Australia,M Gilkes,CJ Green,M Kelly,0,0,,,,,,,,,,,,,
1495281,2025/26,2025-10-04,"Western Australia Cricket Association Ground, Perth",3,18.1,18.1,New South Wales,Western Australia,CJ Green,M Gilkes,CJ Gannon,0,0,,,,,,,,,,,,,
1495281,2025/26,2025-10-04,"Western Australia Cricket Association Ground, Perth",3,18.2,18.2,New South Wales,Western Australia,CJ Green,M Gilkes,CJ Gannon,0,0,,,,,,,,,,,,,
1495281,2025/26,2025-10-04,"Western Australia Cricket Association Ground, Perth",3,18.3,18.3,New South Wales,Western Australia,CJ Green,M Gilkes,CJ Gannon,0,0,,,,,,,,,,,,,
1495281,2025/26,2025-10-04,"Western Australia Cricket Association Ground, Perth",3,18.4,18.4,New South Wales,Western Australia,CJ Green,M Gilkes,CJ Gannon,0,0,,,,,,,,,,,,,
1495281,2025/26,2025-10-04,"Western Australia Cricket Association Ground, Perth",3,18.5,18.5,New South Wales,Western Australia,CJ Green,M Gilkes,CJ Gannon,3,0,,,,,,,,,,,,,
1495281,2025/26,2025-10-04,"Western Australia Cricket Association Ground, Perth",3,18.6,18.6,New South Wales,Western Australia,M Gilkes,CJ Green,CJ Gannon,0,0,,,,,,,,,,,,,
1495281,2025/26,2025-10-04,"Western Australia Cricket Association Ground, Perth",3,19.1,19.1,New South Wales,Western Australia,CJ Green,M Gilkes,M Kelly,0,0,,,,,,,,,,,,,
1495281,2025/26,2025-10-04,"Western Australia Cricket Association Ground, Perth",3,19.2,19.2,New South Wales,Western Australia,CJ Green,M Gilkes,M Kelly,1,0,,,,,,,,,,,,,
1495281,2025/26,2025-10-04,"Western Australia Cricket Association Ground, Perth",3,19.3,19.3,New South Wales,Western Australia,M Gilkes,CJ Green,M Kelly,0,0,,,,,,,,,,,,,
1495281,2025/26,2025-10-04,"Western Australia Cricket Association Ground, Perth",3,19.4,19.4,New South Wales,Western Australia,M Gilkes,CJ Green,M Kelly,0,0,,,,,,,caught,M Gilkes,,,JL Curtis,,
1495281,2025/26,2025-10-04,"Western Australia Cricket Association Ground, Perth",3,19.5,19.5,New South Wales,Western Australia,W Salzmann,CJ Green,M Kelly,0,0,,,,,,,,,,,,,
1495281,2025/26,2025-10-04,"Western Australia Cricket Association Ground, Perth",3,19.6,19.6,New South Wales,Western Australia,W Salzmann,CJ Green,M Kelly,0,0,,,,,,,,,,,,,
1495281,2025/26,2025-10-04,"Western Australia Cricket Association Ground, Perth",3,20.1,20.1,New South Wales,Western Australia,CJ Green,W Salzmann,CJ Gannon,0,0,,,,,,,,,,,,,
1495281,2025/26,2025-10-04,"Western Australia Cricket Association Ground, Perth",3,20.2,20.2,New South Wales,Western Australia,CJ Green,W Salzmann,CJ Gannon,0,0,,,,,,,,,,,,,
1495281,2025/26,2025-10-04,"Western Australia Cricket Association Ground, Perth",3,20.3,20.3,New South Wales,Western Australia,CJ Green,W Salzmann,CJ Gannon,0,0,,,,,,,,,,,,,
1495281,2025/26,2025-10-04,"Western Australia Cricket Association Ground, Perth",3,20.4,20.4,New South Wales,Western Australia,CJ Green,W Salzmann,CJ Gannon,1,0,,,,,,,,,,,,,
1495281,2025/26,2025-10-04,"Western Australia Cricket Association Ground, Perth",3,20.5,20.5,New South Wales,Western Australia,W Salzmann,CJ Green,CJ Gannon,0,0,,,,,,,,,,,,,
1495281,2025/26,2025-10-04,"Western Australia Cricket Association Ground, Perth",3,20.6,20.6,New South Wales,Western Australia,W Salzmann,CJ Green,CJ Gannon,0,0,,,,,,,,,,,,,
1495281,2025/26,2025-10-04,"Western Australia Cricket Association Ground, Perth",3,21.1,21.1,New South Wales,Western Australia,CJ Green,W Salzmann,M Kelly,0,0,,,,,,,,,,,,,
1495281,2025/26,2025-10-04,"Western Australia Cricket Association Ground, Perth",3,21.2,21.2,New South Wales,Western Australia,CJ Green,W Salzmann,M Kelly,0,0,,,,,,,,,,,,,
1495281,2025/26,2025-10-04,"Western Australia Cricket Association Ground, Perth",3,21.3,21.3,New South Wales,Western Australia,CJ Green,W Salzmann,M Kelly,0,0,,,,,,,,,,,,,
1495281,2025/26,2025-10-04,"Western Australia Cricket Association Ground, Perth",3,21.4,21.4,New South Wales,Western Australia,CJ Green,W Salzmann,M Kelly,0,0,,,,,,,,,,,,,
1495281,2025/26,2025-10-04,"Western Australia Cricket Association Ground, Perth",3,21.5,21.5,New South Wales,Western Australia,CJ Green,W Salzmann,M Kelly,2,0,,,,,,,,,,,,,
1495281,2025/26,2025-10-04,"Western Australia Cricket Association Ground, Perth",3,21.6,21.6,New South Wales,Western Australia,CJ Green,W Salzmann,M Kelly,0,0,,,,,,,,,,,,,
1495281,2025/26,2025-10-04,"Western Australia Cricket Association Ground, Perth",3,22.1,22.1,New South Wales,Western Australia,W Salzmann,CJ Green,CJ Gannon,0,0,,,,,,,,,,,,,
1495281,2025/26,2025-10-04,"Western Australia Cricket Association Ground, Perth",3,22.2,22.2,New South Wales,Western Australia,W Salzmann,CJ Green,CJ Gannon,0,0,,,,,,,,,,,,,
1495281,2025/26,2025-10-04,"Western Australia Cricket Association Ground, Perth",3,22.3,22.3,New South Wales,Western Australia,W Salzmann,CJ Green,CJ Gannon,0,0,,,,,,,,,,,,,
1495281,2025/26,2025-10-04,"Western Australia Cricket Association Ground, Perth",3,22.4,22.4,New South Wales,Western Australia,W Salzmann,CJ Green,CJ Gannon,0,0,,,,,,,,,,,,,
1495281,2025/26,2025-10-04,"Western Australia Cricket Association Ground, Perth",3,22.5,22.5,New South Wales,Western Australia,W Salzmann,CJ Green,CJ Gannon,0,0,,,,,,,,,,,,,
1495281,2025/26,2025-10-04,"Western Australia Cricket Association Ground, Perth",3,22.6,22.6,New South Wales,Western Australia,W Salzmann,CJ Green,CJ Gannon,0,0,,,,,,,,,,,,,
1495281,2025/26,2025-10-04,"Western Australia Cricket Association Ground, Perth",3,23.1,23.1,New South Wales,Western Australia,CJ Green,W Salzmann,M Kelly,0,0,,,,,,,,,,,,,
1495281,2025/26,2025-10-04,"Western Australia Cricket Association Ground, Perth",3,23.2,23.2,New South Wales,Western Australia,CJ Green,W Salzmann,M Kelly,0,0,,,,,,,,,,,,,
1495281,2025/26,2025-10-04,"Western Australia Cricket Association Ground, Perth",3,23.3,23.3,New South Wales,Western Australia,CJ Green,W Salzmann,M Kelly,1,0,,,,,,,,,,,,,
1495281,2025/26,2025-10-04,"Western Australia Cricket Association Ground, Perth",3,23.4,23.4,New South Wales,Western Australia,W Salzmann,CJ Green,M Kelly,0,0,,,,,,,,,,,,,
1495281,2025/26,2025-10-04,"Western Australia Cricket Association Ground, Perth",3,23.5,23.5,New South Wales,Western Australia,W Salzmann,CJ Green,M Kelly,0,0,,,,,,,,,,,,,
1495281,2025/26,2025-10-04,"Western Australia Cricket Association Ground, Perth",3,23.6,23.6,New South Wales,Western Australia,W Salzmann,CJ Green,M Kelly,4,0,,,,,,,,,,,,,
1495281,2025/26,2025-10-04,"Western Australia Cricket Association Ground, Perth",3,24.1,24.1,New South Wales,Western Australia,CJ Green,W Salzmann,CJ Rocchiccioli,0,0,,,,,,,,,,,,,
1495281,2025/26,2025-10-04,"Western Australia Cricket Association Ground, Perth",3,24.2,24.2,New South Wales,Western Australia,CJ Green,W Salzmann,CJ Rocchiccioli,0,0,,,,,,,,,,,,,
1495281,2025/26,2025-10-04,"Western Australia Cricket Association Ground, Perth",3,24.3,24.3,New South Wales,Western Australia,CJ Green,W Salzmann,CJ Rocchiccioli,6,0,,,,,,,,,,,,,
1495281,2025/26,2025-10-04,"Western Australia Cricket Association Ground, Perth",3,24.4,24.4,New South Wales,Western Australia,CJ Green,W Salzmann,CJ Rocchiccioli,1,0,,,,,,,,,,,,,
1495281,2025/26,2025-10-04,"Western Australia Cricket Association Ground, Perth",3,24.5,24.5,New South Wales,Western Australia,W Salzmann,CJ Green,CJ Rocchiccioli,0,0,,,,,,,,,,,,,
1495281,2025/26,2025-10-04,"Western Australia Cricket Association Ground, Perth",3,24.6,24.6,New South Wales,Western Australia,W Salzmann,CJ Green,CJ Rocchiccioli,0,0,,,,,,,,,,,,,
1495281,2025/26,2025-10-04,"Western Australia Cricket Association Ground, Perth",3,25.1,25.1,New South Wales,Western Australia,CJ Green,W Salzmann,M Kelly,0,0,,,,,,,,,,,,,
1495281,2025/26,2025-10-04,"Western Australia Cricket Association Ground, Perth",3,25.2,25.2,New South Wales,Western Australia,CJ Green,W Salzmann,M Kelly,0,0,,,,,,,,,,,,,
1495281,2025/26,2025-10-04,"Western Australia Cricket Association Ground, Perth",3,25.3,25.3,New South Wales,Western Australia,CJ Green,W Salzmann,M Kelly,0,0,,,,,,,,,,,,,
1495281,2025/26,2025-10-04,"Western Australia Cricket Association Ground, Perth",3,25.4,25.4,New South Wales,Western Australia,CJ Green,W Salzmann,M Kelly,0,0,,,,,,,caught,CJ Green,,,CT Bancroft,,
1495281,2025/26,2025-10-04,"Western Australia Cricket Association Ground, Perth",3,25.5,25.5,New South Wales,Western Australia,CH Stobo,W Salzmann,M Kelly,0,0,,,,,,,,,,,,,
1495281,2025/26,2025-10-04,"Western Australia Cricket Association Ground, Perth",3,25.6,25.6,New South Wales,Western Australia,CH Stobo,W Salzmann,M Kelly,0,0,,,,,,,,,,,,,
1495281,2025/26,2025-10-04,"Western Australia Cricket Association Ground, Perth",3,26.1,26.1,New South Wales,Western Australia,W Salzmann,CH Stobo,CJ Rocchiccioli,1,0,,,,,,,,,,,,,
1495281,2025/26,2025-10-04,"Western Australia Cricket Association Ground, Perth",3,26.2,26.2,New South Wales,Western Australia,CH Stobo,W Salzmann,CJ Rocchiccioli,0,0,,,,,,,,,,,,,
1495281,2025/26,2025-10-04,"Western Australia Cricket Association Ground, Perth",3,26.3,26.3,New South Wales,Western Australia,CH Stobo,W Salzmann,CJ Rocchiccioli,0,0,,,,,,,,,,,,,
1495281,2025/26,2025-10-04,"Western Australia Cricket Association Ground, Perth",3,26.4,26.4,New South Wales,Western Australia,CH Stobo,W Salzmann,CJ Rocchiccioli,0,0,,,,,,,,,,,,,
1495281,2025/26,2025-10-04,"Western Australia Cricket Association Ground, Perth",3,26.5,26.5,New South Wales,Western Australia,CH Stobo,W Salzmann,CJ Rocchiccioli,1,0,,,,,,,,,,,,,
1495281,2025/26,2025-10-04,"Western Australia Cricket Association Ground, Perth",3,26.6,26.6,New South Wales,Western Australia,W Salzmann,CH Stobo,CJ Rocchiccioli,0,0,,,,,,,,,,,,,
1495281,2025/26,2025-10-04,"Western Australia Cricket Association Ground, Perth",3,27.1,27.1,New South Wales,Western Australia,CH Stobo,W Salzmann,M Kelly,0,0,,,,,,,,,,,,,
1495281,2025/26,2025-10-04,"Western Australia Cricket Association Ground, Perth",3,27.2,27.2,New South Wales,Western Australia,CH Stobo,W Salzmann,M Kelly,0,0,,,,,,,,,,,,,
1495281,2025/26,2025-10-04,"Western Australia Cricket Association Ground, Perth",3,27.3,27.3,New South Wales,Western Australia,CH Stobo,W Salzmann,M Kelly,0,0,,,,,,,,,,,,,
1495281,2025/26,2025-10-04,"Western Australia Cricket Association Ground, Perth",3,27.4,27.4,New South Wales,Western Australia,CH Stobo,W Salzmann,M Kelly,0,0,,,,,,,,,,,,,
1495281,2025/26,2025-10-04,"Western Australia Cricket Association Ground, Perth",3,27.5,27.5,New South Wales,Western Australia,CH Stobo,W Salzmann,M Kelly,1,0,,,,,,,,,,,,,
1495281,2025/26,2025-10-04,"Western Australia Cricket Association Ground, Perth",3,27.6,27.6,New South Wales,Western Australia,W Salzmann,CH Stobo,M Kelly,1,0,,,,,,,,,,,,,
1495281,2025/26,2025-10-04,"Western Australia Cricket Association Ground, Perth",3,28.1,28.1,New South Wales,Western Australia,W Salzmann,CH Stobo,CJ Rocchiccioli,0,0,,,,,,,,,,,,,
1495281,2025/26,2025-10-04,"Western Australia Cricket Association Ground, Perth",3,28.2,28.2,New South Wales,Western Australia,W Salzmann,CH Stobo,CJ Rocchiccioli,0,0,,,,,,,,,,,,,
1495281,2025/26,2025-10-04,"Western Australia Cricket Association Ground, Perth",3,28.3,28.3,New South Wales,Western Australia,W Salzmann,CH Stobo,CJ Rocchiccioli,0,0,,,,,,,,,,,,,
1495281,2025/26,2025-10-04,"Western Australia Cricket Association Ground, Perth",3,28.4,28.4,New South Wales,Western Australia,W Salzmann,CH Stobo,CJ Rocchiccioli,0,0,,,,,,,,,,,,,
1495281,2025/26,2025-10-04,"Western Australia Cricket Association Ground, Perth",3,28.5,28.5,New South Wales,Western Australia,W Salzmann,CH Stobo,CJ Rocchiccioli,0,0,,,,,,,,,,,,,
1495281,2025/26,2025-10-04,"Western Australia Cricket Association Ground, Perth",3,28.6,28.6,New South Wales,Western Australia,W Salzmann,CH Stobo,CJ Rocchiccioli,0,0,,,,,,,,,,,,,
1495281,2025/26,2025-10-04,"Western Australia Cricket Association Ground, Perth",3,29.1,29.1,New South Wales,Western Australia,CH Stobo,W Salzmann,CJ Gannon,0,0,,,,,,,,,,,,,
1495281,2025/26,2025-10-04,"Western Australia Cricket Association Ground, Perth",3,29.2,29.2,New South Wales,Western Australia,CH Stobo,W Salzmann,CJ Gannon,3,0,,,,,,,,,,,,,
1495281,2025/26,2025-10-04,"Western Australia Cricket Association Ground, Perth",3,29.3,29.3,New South Wales,Western Australia,W Salzmann,CH Stobo,CJ Gannon,0,0,,,,,,,,,,,,,
1495281,2025/26,2025-10-04,"Western Australia Cricket Association Ground, Perth",3,29.4,29.4,New South Wales,Western Australia,W Salzmann,CH Stobo,CJ Gannon,0,0,,,,,,,,,,,,,
1495281,2025/26,2025-10-04,"Western Australia Cricket Association Ground, Perth",3,29.5,29.5,New South Wales,Western Australia,W Salzmann,CH Stobo,CJ Gannon,0,0,,,,,,,,,,,,,
1495281,2025/26,2025-10-04,"Western Australia Cricket Association Ground, Perth",3,29.6,29.6,New South Wales,Western Australia,W Salzmann,CH Stobo,CJ Gannon,0,0,,,,,,,,,,,,,
1495281,2025/26,2025-10-04,"Western Australia Cricket Association Ground, Perth",3,30.1,30.1,New South Wales,Western Australia,CH Stobo,W Salzmann,CJ Rocchiccioli,0,0,,,,,,,,,,,,,
1495281,2025/26,2025-10-04,"Western Australia Cricket Association Ground, Perth",3,30.2,30.2,New South Wales,Western Australia,CH Stobo,W Salzmann,CJ Rocchiccioli,0,0,,,,,,,,,,,,,
1495281,2025/26,2025-10-04,"Western Australia Cricket Association Ground, Perth",3,30.3,30.3,New South Wales,Western Australia,CH Stobo,W Salzmann,CJ Rocchiccioli,0,0,,,,,,,,,,,,,
1495281,2025/26,2025-10-04,"Western Australia Cricket Association Ground, Perth",3,30.4,30.4,New South Wales,Western Australia,CH Stobo,W Salzmann,CJ Rocchiccioli,0,0,,,,,,,,,,,,,
1495281,2025/26,2025-10-04,"Western Australia Cricket Association Ground, Perth",3,30.5,30.5,New South Wales,Western Australia,CH Stobo,W Salzmann,CJ Rocchiccioli,0,0,,,,,,,,,,,,,
1495281,2025/26,2025-10-04,"Western Australia Cricket Association Ground, Perth",3,30.6,30.6,New South Wales,Western Australia,CH Stobo,W Salzmann,CJ Rocchiccioli,0,0,,,,,,,,,,,,,
1495281,2025/26,2025-10-04,"Western Australia Cricket Association Ground, Perth",3,31.1,31.1,New South Wales,Western Australia,W Salzmann,CH Stobo,CJ Gannon,0,0,,,,,,,,,,,,,
1495281,2025/26,2025-10-04,"Western Australia Cricket Association Ground, Perth",3,31.2,31.2,New South Wales,Western Australia,W Salzmann,CH Stobo,CJ Gannon,2,0,,,,,,,,,,,,,
1495281,2025/26,2025-10-04,"Western Australia Cricket Association Ground, Perth",3,31.3,31.3,New South Wales,Western Australia,W Salzmann,CH Stobo,CJ Gannon,2,0,,,,,,,,,,,,,
1495281,2025/26,2025-10-04,"Western Australia Cricket Association Ground, Perth",3,31.4,31.4,New South Wales,Western Australia,W Salzmann,CH Stobo,CJ Gannon,0,0,,,,,,,,,,,,,
1495281,2025/26,2025-10-04,"Western Australia Cricket Association Ground, Perth",3,31.5,31.5,New South Wales,Western Australia,W Salzmann,CH Stobo,CJ Gannon,4,0,,,,,,,,,,,,,
1495281,2025/26,2025-10-04,"Western Australia Cricket Association Ground, Perth",3,31.6,31.6,New South Wales,Western Australia,W Salzmann,CH Stobo,CJ Gannon,0,0,,,,,,,,,,,,,
1495281,2025/26,2025-10-04,"Western Australia Cricket Association Ground, Perth",3,32.1,32.1,New South Wales,Western Australia,CH Stobo,W Salzmann,CJ Rocchiccioli,0,0,,,,,,,,,,,,,
1495281,2025/26,2025-10-04,"Western Australia Cricket Association Ground, Perth",3,32.2,32.2,New South Wales,Western Australia,CH Stobo,W Salzmann,CJ Rocchiccioli,0,0,,,,,,,,,,,,,
1495281,2025/26,2025-10-04,"Western Australia Cricket Association Ground, Perth",3,32.3,32.3,New South Wales,Western Australia,CH Stobo,W Salzmann,CJ Rocchiccioli,0,0,,,,,,,,,,,,,
1495281,2025/26,2025-10-04,"Western Australia Cricket Association Ground, Perth",3,32.4,32.4,New South Wales,Western Australia,CH Stobo,W Salzmann,CJ Rocchiccioli,0,0,,,,,,,,,,,,,
1495281,2025/26,2025-10-04,"Western Australia Cricket Association Ground, Perth",3,32.5,32.5,New South Wales,Western Australia,CH Stobo,W Salzmann,CJ Rocchiccioli,1,0,,,,,,,,,,,,,
1495281,2025/26,2025-10-04,"Western Australia Cricket Association Ground, Perth",3,32.6,32.6,New South Wales,Western Australia,W Salzmann,CH Stobo,CJ Rocchiccioli,0,0,,,,,,,,,,,,,
1495281,2025/26,2025-10-04,"Western Australia Cricket Association Ground, Perth",3,33.1,33.1,New South Wales,Western Australia,CH Stobo,W Salzmann,CJ Gannon,0,0,,,,,,,,,,,,,
1495281,2025/26,2025-10-04,"Western Australia Cricket Association Ground, Perth",3,33.2,33.2,New South Wales,Western Australia,CH Stobo,W Salzmann,CJ Gannon,1,0,,,,,,,,,,,,,
1495281,2025/26,2025-10-04,"Western Australia Cricket Association Ground, Perth",3,33.3,33.3,New South Wales,Western Australia,W Salzmann,CH Stobo,CJ Gannon,1,0,,,,,,,,,,,,,
1495281,2025/26,2025-10-04,"Western Australia Cricket Association Ground, Perth",3,33.4,33.4,New South Wales,Western Australia,CH Stobo,W Salzmann,CJ Gannon,0,0,,,,,,,,,,,,,
1495281,2025/26,2025-10-04,"Western Australia Cricket Association Ground, Perth",3,33.5,33.5,New South Wales,Western Australia,CH Stobo,W Salzmann,CJ Gannon,0,0,,,,,,,,,,,,,
1495281,2025/26,2025-10-04,"Western Australia Cricket Association Ground, Perth",3,33.6,33.6,New South Wales,Western Australia,CH Stobo,W Salzmann,CJ Gannon,1,0,,,,,,,,,,,,,
1495281,2025/26,2025-10-04,"Western Australia Cricket Association Ground, Perth",3,34.1,34.1,New South Wales,Western Australia,CH Stobo,W Salzmann,CJ Rocchiccioli,0,0,,,,,,,,,,,,,
1495281,2025/26,2025-10-04,"Western Australia Cricket Association Ground, Perth",3,34.2,34.2,New South Wales,Western Australia,CH Stobo,W Salzmann,CJ Rocchiccioli,0,0,,,,,,,,,,,,,
1495281,2025/26,2025-10-04,"Western Australia Cricket Association Ground, Perth",3,34.3,34.3,New South Wales,Western Australia,CH Stobo,W Salzmann,CJ Rocchiccioli,1,0,,,,,,,,,,,,,
1495281,2025/26,2025-10-04,"Western Australia Cricket Association Ground, Perth",3,34.4,34.4,New South Wales,Western Australia,W Salzmann,CH Stobo,CJ Rocchiccioli,0,0,,,,,,,,,,,,,
1495281,2025/26,2025-10-04,"Western Australia Cricket Association Ground, Perth",3,34.5,34.5,New South Wales,Western Australia,W Salzmann,CH Stobo,CJ Rocchiccioli,0,0,,,,,,,,,,,,,
1495281,2025/26,2025-10-04,"Western Australia Cricket Association Ground, Perth",3,34.6,34.6,New South Wales,Western Australia,W Salzmann,CH Stobo,CJ Rocchiccioli,0,0,,,,,,,,,,,,,
1495281,2025/26,2025-10-04,"Western Australia Cricket Association Ground, Perth",3,35.1,35.1,New South Wales,Western Australia,CH Stobo,W Salzmann,AC Agar,1,0,,,,,,,,,,,,,
1495281,2025/26,2025-10-04,"Western Australia Cricket Association Ground, Perth",3,35.2,35.2,New South Wales,Western Australia,W Salzmann,CH Stobo,AC Agar,0,0,,,,,,,,,,,,,
1495281,2025/26,2025-10-04,"Western Australia Cricket Association Ground, Perth",3,35.3,35.3,New South Wales,Western Australia,W Salzmann,CH Stobo,AC Agar,0,0,,,,,,,,,,,,,
1495281,2025/26,2025-10-04,"Western Australia Cricket Association Ground, Perth",3,35.4,35.4,New South Wales,Western Australia,W Salzmann,CH Stobo,AC Agar,0,0,,,,,,,,,,,,,
1495281,2025/26,2025-10-04,"Western Australia Cricket Association Ground, Perth",3,35.5,35.5,New South Wales,Western Australia,W Salzmann,CH Stobo,AC Agar,1,0,,,,,,,,,,,,,
1495281,2025/26,2025-10-04,"Western Australia Cricket Association Ground, Perth",3,35.6,35.6,New South Wales,Western Australia,CH Stobo,W Salzmann,AC Agar,0,0,,,,,,,,,,,,,
1495281,2025/26,2025-10-04,"Western Australia Cricket Association Ground, Perth",3,36.1,36.1,New South Wales,Western Australia,W Salzmann,CH Stobo,CJ Rocchiccioli,1,0,,,,,,,,,,,,,
1495281,2025/26,2025-10-04,"Western Australia Cricket Association Ground, Perth",3,36.2,36.2,New South Wales,Western Australia,CH Stobo,W Salzmann,CJ Rocchiccioli,0,0,,,,,,,,,,,,,
1495281,2025/26,2025-10-04,"Western Australia Cricket Association Ground, Perth",3,36.3,36.3,New South Wales,Western Australia,CH Stobo,W Salzmann,CJ Rocchiccioli,0,0,,,,,,,,,,,,,
1495281,2025/26,2025-10-04,"Western Australia Cricket Association Ground, Perth",3,36.4,36.4,New South Wales,Western Australia,CH Stobo,W Salzmann,CJ Rocchiccioli,4,0,,,,,,,,,,,,,
1495281,2025/26,2025-10-04,"Western Australia Cricket Association Ground, Perth",3,36.5,36.5,New South Wales,Western Australia,CH Stobo,W Salzmann,CJ Rocchiccioli,0,0,,,,,,,,,,,,,
1495281,2025/26,2025-10-04,"Western Australia Cricket Association Ground, Perth",3,36.6,36.6,New South Wales,Western Australia,CH Stobo,W Salzmann,CJ Rocchiccioli,0,0,,,,,,,,,,,,,
1495281,2025/26,2025-10-04,"Western Australia Cricket Association Ground, Perth",3,37.1,37.1,New South Wales,Western Australia,W Salzmann,CH Stobo,AC Agar,0,0,,,,,,,,,,,,,
1495281,2025/26,2025-10-04,"Western Australia Cricket Association Ground, Perth",3,37.2,37.2,New South Wales,Western Australia,W Salzmann,CH Stobo,AC Agar,4,0,,,,,,,,,,,,,
1495281,2025/26,2025-10-04,"Western Australia Cricket Association Ground, Perth",3,37.3,37.3,New South Wales,Western Australia,W Salzmann,CH Stobo,AC Agar,0,0,,,,,,,,,,,,,
1495281,2025/26,2025-10-04,"Western Australia Cricket Association Ground, Perth",3,37.4,37.4,New South Wales,Western Australia,W Salzmann,CH Stobo,AC Agar,0,0,,,,,,,,,,,,,
1495281,2025/26,2025-10-04,"Western Australia Cricket Association Ground, Perth",3,37.5,37.5,New South Wales,Western Australia,W Salzmann,CH Stobo,AC Agar,0,0,,,,,,,,,,,,,
1495281,2025/26,2025-10-04,"Western Australia Cricket Association Ground, Perth",3,37.6,37.6,New South Wales,Western Australia,W Salzmann,CH Stobo,AC Agar,0,0,,,,,,,,,,,,,
1495281,2025/26,2025-10-04,"Western Australia Cricket Association Ground, Perth",3,38.1,38.1,New South Wales,Western Australia,CH Stobo,W Salzmann,CJ Rocchiccioli,0,0,,,,,,,,,,,,,
1495281,2025/26,2025-10-04,"Western Australia Cricket Association Ground, Perth",3,38.2,38.2,New South Wales,Western Australia,CH Stobo,W Salzmann,CJ Rocchiccioli,0,0,,,,,,,,,,,,,
1495281,2025/26,2025-10-04,"Western Australia Cricket Association Ground, Perth",3,38.3,38.3,New South Wales,Western Australia,CH Stobo,W Salzmann,CJ Rocchiccioli,0,0,,,,,,,,,,,,,
1495281,2025/26,2025-10-04,"Western Australia Cricket Association Ground, Perth",3,38.4,38.4,New South Wales,Western Australia,CH Stobo,W Salzmann,CJ Rocchiccioli,0,0,,,,,,,,,,,,,
1495281,2025/26,2025-10-04,"Western Australia Cricket Association Ground, Perth",3,38.5,38.5,New South Wales,Western Australia,CH Stobo,W Salzmann,CJ Rocchiccioli,0,0,,,,,,,,,,,,,
1495281,2025/26,2025-10-04,"Western Australia Cricket Association Ground, Perth",3,38.6,38.6,New South Wales,Western Australia,CH Stobo,W Salzmann,CJ Rocchiccioli,0,0,,,,,,,,,,,,,
1495281,2025/26,2025-10-04,"Western Australia Cricket Association Ground, Perth",3,39.1,39.1,New South Wales,Western Australia,W Salzmann,CH Stobo,AC Agar,4,0,,,,,,,,,,,,,
1495281,2025/26,2025-10-04,"Western Australia Cricket Association Ground, Perth",3,39.2,39.2,New South Wales,Western Australia,W Salzmann,CH Stobo,AC Agar,0,0,,,,,,,,,,,,,
1495281,2025/26,2025-10-04,"Western Australia Cricket Association Ground, Perth",3,39.3,39.3,New South Wales,Western Australia,W Salzmann,CH Stobo,AC Agar,0,0,,,,,,,,,,,,,
1495281,2025/26,2025-10-04,"Western Australia Cricket Association Ground, Perth",3,39.4,39.4,New South Wales,Western Australia,W Salzmann,CH Stobo,AC Agar,0,0,,,,,,,,,,,,,
1495281,2025/26,2025-10-04,"Western Australia Cricket Association Ground, Perth",3,39.5,39.5,New South Wales,Western Australia,W Salzmann,CH Stobo,AC Agar,0,0,,,,,,,,,,,,,
1495281,2025/26,2025-10-04,"Western Australia Cricket Association Ground, Perth",3,39.6,39.6,New South Wales,Western Australia,W Salzmann,CH Stobo,AC Agar,1,0,,,,,,,,,,,,,
1495281,2025/26,2025-10-04,"Western Australia Cricket Association Ground, Perth",3,40.1,40.1,New South Wales,Western Australia,W Salzmann,CH Stobo,M Kelly,0,0,,,,,,,,,,,,,
1495281,2025/26,2025-10-04,"Western Australia Cricket Association Ground, Perth",3,40.2,40.2,New South Wales,Western Australia,W Salzmann,CH Stobo,M Kelly,0,0,,,,,,,,,,,,,
1495281,2025/26,2025-10-04,"Western Australia Cricket Association Ground, Perth",3,40.3,40.3,New South Wales,Western Australia,W Salzmann,CH Stobo,M Kelly,1,0,,,,,,,,,,,,,
1495281,2025/26,2025-10-04,"Western Australia Cricket Association Ground, Perth",3,40.4,40.4,New South Wales,Western Australia,CH Stobo,W Salzmann,M Kelly,0,0,,,,,,,,,,,,,
1495281,2025/26,2025-10-04,"Western Australia Cricket Association Ground, Perth",3,40.5,40.5,New South Wales,Western Australia,CH Stobo,W Salzmann,M Kelly,0,0,,,,,,,,,,,,,
1495281,2025/26,2025-10-04,"Western Australia Cricket Association Ground, Perth",3,40.6,40.6,New South Wales,Western Australia,CH Stobo,W Salzmann,M Kelly,0,0,,,,,,,,,,,,,
1495281,2025/26,2025-10-04,"Western Australia Cricket Association Ground, Perth",3,41.1,41.1,New South Wales,Western Australia,W Salzmann,CH Stobo,AC Agar,2,0,,,,,,,,,,,,,
1495281,2025/26,2025-10-04,"Western Australia Cricket Association Ground, Perth",3,41.2,41.2,New South Wales,Western Australia,W Salzmann,CH Stobo,AC Agar,0,0,,,,,,,,,,,,,
1495281,2025/26,2025-10-04,"Western Australia Cricket Association Ground, Perth",3,41.3,41.3,New South Wales,Western Australia,W Salzmann,CH Stobo,AC Agar,0,0,,,,,,,,,,,,,
1495281,2025/26,2025-10-04,"Western Australia Cricket Association Ground, Perth",3,41.4,41.4,New South Wales,Western Australia,W Salzmann,CH Stobo,AC Agar,0,0,,,,,,,,,,,,,
1495281,2025/26,2025-10-04,"Western Australia Cricket Association Ground, Perth",3,41.5,41.5,New South Wales,Western Australia,W Salzmann,CH Stobo,AC Agar,0,0,,,,,,,,,,,,,
1495281,2025/26,2025-10-04,"Western Australia Cricket Association Ground, Perth",3,41.6,41.6,New South Wales,Western Australia,W Salzmann,CH Stobo,AC Agar,4,0,,,,,,,,,,,,,
1495281,2025/26,2025-10-04,"Western Australia Cricket Association Ground, Perth",3,42.1,42.1,New South Wales,Western Australia,CH Stobo,W Salzmann,M Kelly,0,0,,,,,,,,,,,,,
1495281,2025/26,2025-10-04,"Western Australia Cricket Association Ground, Perth",3,42.2,42.2,New South Wales,Western Australia,CH Stobo,W Salzmann,M Kelly,0,0,,,,,,,,,,,,,
1495281,2025/26,2025-10-04,"Western Australia Cricket Association Ground, Perth",3,42.3,42.3,New South Wales,Western Australia,CH Stobo,W Salzmann,M Kelly,0,0,,,,,,,,,,,,,
1495281,2025/26,2025-10-04,"Western Australia Cricket Association Ground, Perth",3,42.4,42.4,New South Wales,Western Australia,CH Stobo,W Salzmann,M Kelly,0,0,,,,,,,,,,,,,
1495281,2025/26,2025-10-04,"Western Australia Cricket Association Ground, Perth",3,42.5,42.5,New South Wales,Western Australia,CH Stobo,W Salzmann,M Kelly,0,0,,,,,,,,,,,,,
1495281,2025/26,2025-10-04,"Western Australia Cricket Association Ground, Perth",3,42.6,42.6,New South Wales,Western Australia,CH Stobo,W Salzmann,M Kelly,0,0,,,,,,,,,,,,,
1495281,2025/26,2025-10-04,"Western Australia Cricket Association Ground, Perth",3,43.1,43.1,New South Wales,Western Australia,W Salzmann,CH Stobo,AC Agar,1,0,,,,,,,,,,,,,
1495281,2025/26,2025-10-04,"Western Australia Cricket Association Ground, Perth",3,43.2,43.2,New South Wales,Western Australia,CH Stobo,W Salzmann,AC Agar,0,0,,,,,,,,,,,,,
1495281,2025/26,2025-10-04,"Western Australia Cricket Association Ground, Perth",3,43.3,43.3,New South Wales,Western Australia,CH Stobo,W Salzmann,AC Agar,1,0,,,,,,,,,,,,,
1495281,2025/26,2025-10-04,"Western Australia Cricket Association Ground, Perth",3,43.4,43.4,New South Wales,Western Australia,W Salzmann,CH Stobo,AC Agar,0,0,,,,,,,,,,,,,
1495281,2025/26,2025-10-04,"Western Australia Cricket Association Ground, Perth",3,43.5,43.5,New South Wales,Western Australia,W Salzmann,CH Stobo,AC Agar,1,0,,,,,,,,,,,,,
1495281,2025/26,2025-10-04,"Western Australia Cricket Association Ground, Perth",3,43.6,43.6,New South Wales,Western Australia,CH Stobo,W Salzmann,AC Agar,0,0,,,,,,,,,,,,,
1495281,2025/26,2025-10-04,"Western Australia Cricket Association Ground, Perth",3,44.1,44.1,New South Wales,Western Australia,W Salzmann,CH Stobo,M Kelly,1,0,,,,,,,,,,,,,
1495281,2025/26,2025-10-04,"Western Australia Cricket Association Ground, Perth",3,44.2,44.2,New South Wales,Western Australia,CH Stobo,W Salzmann,M Kelly,0,0,,,,,,,,,,,,,
1495281,2025/26,2025-10-04,"Western Australia Cricket Association Ground, Perth",3,44.3,44.3,New South Wales,Western Australia,CH Stobo,W Salzmann,M Kelly,0,0,,,,,,,,,,,,,
1495281,2025/26,2025-10-04,"Western Australia Cricket Association Ground, Perth",3,44.4,44.4,New South Wales,Western Australia,CH Stobo,W Salzmann,M Kelly,0,0,,,,,,,,,,,,,
1495281,2025/26,2025-10-04,"Western Australia Cricket Association Ground, Perth",3,44.5,44.5,New South Wales,Western Australia,CH Stobo,W Salzmann,M Kelly,0,0,,,,,,,,,,,,,
1495281,2025/26,2025-10-04,"Western Australia Cricket Association Ground, Perth",3,44.6,44.6,New South Wales,Western Australia,CH Stobo,W Salzmann,M Kelly,0,0,,,,,,,,,,,,,
1495281,2025/26,2025-10-04,"Western Australia Cricket Association Ground, Perth",3,45.1,45.1,New South Wales,Western Australia,W Salzmann,CH Stobo,AC Agar,0,0,,,,,,,,,,,,,
1495281,2025/26,2025-10-04,"Western Australia Cricket Association Ground, Perth",3,45.2,45.2,New South Wales,Western Australia,W Salzmann,CH Stobo,AC Agar,0,0,,,,,,,,,,,,,
1495281,2025/26,2025-10-04,"Western Australia Cricket Association Ground, Perth",3,45.3,45.3,New South Wales,Western Australia,W Salzmann,CH Stobo,AC Agar,0,0,,,,,,,,,,,,,
1495281,2025/26,2025-10-04,"Western Australia Cricket Association Ground, Perth",3,45.4,45.4,New South Wales,Western Australia,W Salzmann,CH Stobo,AC Agar,0,0,,,,,,,,,,,,,
1495281,2025/26,2025-10-04,"Western Australia Cricket Association Ground, Perth",3,45.5,45.5,New South Wales,Western Australia,W Salzmann,CH Stobo,AC Agar,0,0,,,,,,,,,,,,,
1495281,2025/26,2025-10-04,"Western Australia Cricket Association Ground, Perth",3,45.6,45.6,New South Wales,Western Australia,W Salzmann,CH Stobo,AC Agar,0,0,,,,,,,,,,,,,
1495281,2025/26,2025-10-04,"Western Australia Cricket Association Ground, Perth",3,46.1,46.1,New South Wales,Western Australia,CH Stobo,W Salzmann,CJ Gannon,0,0,,,,,,,,,,,,,
1495281,2025/26,2025-10-04,"Western Australia Cricket Association Ground, Perth",3,46.2,46.2,New South Wales,Western Australia,CH Stobo,W Salzmann,CJ Gannon,2,0,,,,,,,,,,,,,
1495281,2025/26,2025-10-04,"Western Australia Cricket Association Ground, Perth",3,46.3,46.3,New South Wales,Western Australia,CH Stobo,W Salzmann,CJ Gannon,0,0,,,,,,,,,,,,,
1495281,2025/26,2025-10-04,"Western Australia Cricket Association Ground, Perth",3,46.4,46.4,New South Wales,Western Australia,CH Stobo,W Salzmann,CJ Gannon,0,0,,,,,,,,,,,,,
1495281,2025/26,2025-10-04,"Western Australia Cricket Association Ground, Perth",3,46.5,46.5,New South Wales,Western Australia,CH Stobo,W Salzmann,CJ Gannon,0,0,,,,,,,,,,,,,
1495281,2025/26,2025-10-04,"Western Australia Cricket Association Ground, Perth",3,46.6,46.6,New South Wales,Western Australia,CH Stobo,W Salzmann,CJ Gannon,0,0,,,,,,,,,,,,,
1495281,2025/26,2025-10-04,"Western Australia Cricket Association Ground, Perth",3,47.1,47.1,New South Wales,Western Australia,W Salzmann,CH Stobo,M Kelly,0,0,,,,,,,,,,,,,
1495281,2025/26,2025-10-04,"Western Australia Cricket Association Ground, Perth",3,47.2,47.2,New South Wales,Western Australia,W Salzmann,CH Stobo,M Kelly,0,0,,,,,,,,,,,,,
1495281,2025/26,2025-10-04,"Western Australia Cricket Association Ground, Perth",3,47.3,47.3,New South Wales,Western Australia,W Salzmann,CH Stobo,M Kelly,0,1,1,,,,,,,,,,,,
1495281,2025/26,2025-10-04,"Western Australia Cricket Association Ground, Perth",3,47.4,47.3,New South Wales,Western Australia,W Salzmann,CH Stobo,M Kelly,0,0,,,,,,,,,,,,,
1495281,2025/26,2025-10-04,"Western Australia Cricket Association Ground, Perth",3,47.5,47.4,New South Wales,Western Australia,W Salzmann,CH Stobo,M Kelly,0,0,,,,,,,,,,,,,
1495281,2025/26,2025-10-04,"Western Australia Cricket Association Ground, Perth",3,47.6,47.5,New South Wales,Western Australia,W Salzmann,CH Stobo,M Kelly,0,0,,,,,,,,,,,,,
1495281,2025/26,2025-10-04,"Western Australia Cricket Association Ground, Perth",3,47.7,47.6,New South Wales,Western Australia,W Salzmann,CH Stobo,M Kelly,0,0,,,,,,,,,,,,,
1495281,2025/26,2025-10-04,"Western Australia Cricket Association Ground, Perth",3,48.1,48.1,New South Wales,Western Australia,CH Stobo,W Salzmann,CJ Gannon,1,0,,,,,,,,,,,,,
1495281,2025/26,2025-10-04,"Western Australia Cricket Association Ground, Perth",3,48.2,48.2,New South Wales,Western Australia,W Salzmann,CH Stobo,CJ Gannon,0,0,,,,,,,,,,,,,
1495281,2025/26,2025-10-04,"Western Australia Cricket Association Ground, Perth",3,48.3,48.3,New South Wales,Western Australia,W Salzmann,CH Stobo,CJ Gannon,0,0,,,,,,,,,,,,,
1495281,2025/26,2025-10-04,"Western Australia Cricket Association Ground, Perth",3,48.4,48.4,New South Wales,Western Australia,W Salzmann,CH Stobo,CJ Gannon,4,0,,,,,,,,,,,,,
1495281,2025/26,2025-10-04,"Western Australia Cricket Association Ground, Perth",3,48.5,48.5,New South Wales,Western Australia,W Salzmann,CH Stobo,CJ Gannon,0,0,,,,,,,,,,,,,
1495281,2025/26,2025-10-04,"Western Australia Cricket Association Ground, Perth",3,48.6,48.6,New South Wales,Western Australia,W Salzmann,CH Stobo,CJ Gannon,0,0,,,,,,,,,,,,,
1495281,2025/26,2025-10-04,"Western Australia Cricket Association Ground, Perth",3,49.1,49.1,New South Wales,Western Australia,CH Stobo,W Salzmann,M Kelly,0,0,,,,,,,,,,,,,
1495281,2025/26,2025-10-04,"Western Australia Cricket Association Ground, Perth",3,49.2,49.2,New South Wales,Western Australia,CH Stobo,W Salzmann,M Kelly,0,1,,,,1,,,,,,,,,
1495281,2025/26,2025-10-04,"Western Australia Cricket Association Ground, Perth",3,49.3,49.3,New South Wales,Western Australia,W Salzmann,CH Stobo,M Kelly,0,0,,,,,,,,,,,,,
1495281,2025/26,2025-10-04,"Western Australia Cricket Association Ground, Perth",3,49.4,49.4,New South Wales,Western Australia,W Salzmann,CH Stobo,M Kelly,0,0,,,,,,,,,,,,,
1495281,2025/26,2025-10-04,"Western Australia Cricket Association Ground, Perth",3,49.5,49.5,New South Wales,Western Australia,W Salzmann,CH Stobo,M Kelly,0,0,,,,,,,,,,,,,
1495281,2025/26,2025-10-04,"Western Australia Cricket Association Ground, Perth",3,49.6,49.6,New South Wales,Western Australia,W Salzmann,CH Stobo,M Kelly,0,0,,,,,,,,,,,,,
1495281,2025/26,2025-10-04,"Western Australia Cricket Association Ground, Perth",3,50.1,50.1,New South Wales,Western Australia,CH Stobo,W Salzmann,CJ Gannon,0,0,,,,,,,,,,,,,
1495281,2025/26,2025-10-04,"Western Australia Cricket Association Ground, Perth",3,50.2,50.2,New South Wales,Western Australia,CH Stobo,W Salzmann,CJ Gannon,0,0,,,,,,,,,,,,,
1495281,2025/26,2025-10-04,"Western Australia Cricket Association Ground, Perth",3,50.3,50.3,New South Wales,Western Australia,CH Stobo,W Salzmann,CJ Gannon,0,0,,,,,,,,,,,,,
1495281,2025/26,2025-10-04,"Western Australia Cricket Association Ground, Perth",3,50.4,50.4,New South Wales,Western Australia,CH Stobo,W Salzmann,CJ Gannon,0,0,,,,,,,,,,,,,
1495281,2025/26,2025-10-04,"Western Australia Cricket Association Ground, Perth",3,50.5,50.5,New South Wales,Western Australia,CH Stobo,W Salzmann,CJ Gannon,4,0,,,,,,,,,,,,,
1495281,2025/26,2025-10-04,"Western Australia Cricket Association Ground, Perth",3,50.6,50.6,New South Wales,Western Australia,CH Stobo,W Salzmann,CJ Gannon,0,0,,,,,,,,,,,,,
1495281,2025/26,2025-10-04,"Western Australia Cricket Association Ground, Perth",3,51.1,51.1,New South Wales,Western Australia,W Salzmann,CH Stobo,M Kelly,0,0,,,,,,,,,,,,,
1495281,2025/26,2025-10-04,"Western Australia Cricket Association Ground, Perth",3,51.2,51.2,New South Wales,Western Australia,W Salzmann,CH Stobo,M Kelly,0,0,,,,,,,,,,,,,
1495281,2025/26,2025-10-04,"Western Australia Cricket Association Ground, Perth",3,51.3,51.3,New South Wales,Western Australia,W Salzmann,CH Stobo,M Kelly,0,0,,,,,,,,,,,,,
1495281,2025/26,2025-10-04,"Western Australia Cricket Association Ground, Perth",3,51.4,51.4,New South Wales,Western Australia,W Salzmann,CH Stobo,M Kelly,0,0,,,,,,,,,,,,,
1495281,2025/26,2025-10-04,"Western Australia Cricket Association Ground, Perth",3,51.5,51.5,New South Wales,Western Australia,W Salzmann,CH Stobo,M Kelly,0,0,,,,,,,,,,,,,
1495281,2025/26,2025-10-04,"Western Australia Cricket Association Ground, Perth",3,51.6,51.6,New South Wales,Western Australia,W Salzmann,CH Stobo,M Kelly,3,0,,,,,,,,,,,,,
1495281,2025/26,2025-10-04,"Western Australia Cricket Association Ground, Perth",3,52.1,52.1,New South Wales,Western Australia,W Salzmann,CH Stobo,CJ Rocchiccioli,4,0,,,,,,,,,,,,,
1495281,2025/26,2025-10-04,"Western Australia Cricket Association Ground, Perth",3,52.2,52.2,New South Wales,Western Australia,W Salzmann,CH Stobo,CJ Rocchiccioli,4,0,,,,,,,,,,,,,
1495281,2025/26,2025-10-04,"Western Australia Cricket Association Ground, Perth",3,52.3,52.3,New South Wales,Western Australia,W Salzmann,CH Stobo,CJ Rocchiccioli,0,0,,,,,,,,,,,,,
1495281,2025/26,2025-10-04,"Western Australia Cricket Association Ground, Perth",3,52.4,52.4,New South Wales,Western Australia,W Salzmann,CH Stobo,CJ Rocchiccioli,0,0,,,,,,,,,,,,,
1495281,2025/26,2025-10-04,"Western Australia Cricket Association Ground, Perth",3,52.5,52.5,New South Wales,Western Australia,W Salzmann,CH Stobo,CJ Rocchiccioli,1,0,,,,,,,,,,,,,
1495281,2025/26,2025-10-04,"Western Australia Cricket Association Ground, Perth",3,52.6,52.6,New South Wales,Western Australia,CH Stobo,W Salzmann,CJ Rocchiccioli,0,0,,,,,,,,,,,,,
1495281,2025/26,2025-10-04,"Western Australia Cricket Association Ground, Perth",3,53.1,53.1,New South Wales,Western Australia,W Salzmann,CH Stobo,M Kelly,0,0,,,,,,,,,,,,,
1495281,2025/26,2025-10-04,"Western Australia Cricket Association Ground, Perth",3,53.2,53.2,New South Wales,Western Australia,W Salzmann,CH Stobo,M Kelly,0,0,,,,,,,,,,,,,
1495281,2025/26,2025-10-04,"Western Australia Cricket Association Ground, Perth",3,53.3,53.3,New South Wales,Western Australia,W Salzmann,CH Stobo,M Kelly,0,0,,,,,,,,,,,,,
1495281,2025/26,2025-10-04,"Western Australia Cricket Association Ground, Perth",3,53.4,53.4,New South Wales,Western Australia,W Salzmann,CH Stobo,M Kelly,0,0,,,,,,,,,,,,,
1495281,2025/26,2025-10-04,"Western Australia Cricket Association Ground, Perth",3,53.5,53.5,New South Wales,Western Australia,W Salzmann,CH Stobo,M Kelly,0,0,,,,,,,,,,,,,
1495281,2025/26,2025-10-04,"Western Australia Cricket Association Ground, Perth",3,53.6,53.6,New South Wales,Western Australia,W Salzmann,CH Stobo,M Kelly,1,0,,,,,,,,,,,,,
1495281,2025/26,2025-10-04,"Western Australia Cricket Association Ground, Perth",3,54.1,54.1,New South Wales,Western Australia,W Salzmann,CH Stobo,CJ Rocchiccioli,0,0,,,,,,,,,,,,,
1495281,2025/26,2025-10-04,"Western Australia Cricket Association Ground, Perth",3,54.2,54.2,New South Wales,Western Australia,W Salzmann,CH Stobo,CJ Rocchiccioli,0,0,,,,,,,,,,,,,
1495281,2025/26,2025-10-04,"Western Australia Cricket Association Ground, Perth",3,54.3,54.3,New South Wales,Western Australia,W Salzmann,CH Stobo,CJ Rocchiccioli,0,0,,,,,,,,,,,,,
1495281,2025/26,2025-10-04,"Western Australia Cricket Association Ground, Perth",3,54.4,54.4,New South Wales,Western Australia,W Salzmann,CH Stobo,CJ Rocchiccioli,0,0,,,,,,,,,,,,,
1495281,2025/26,2025-10-04,"Western Australia Cricket Association Ground, Perth",3,54.5,54.5,New South Wales,Western Australia,W Salzmann,CH Stobo,CJ Rocchiccioli,2,0,,,,,,,,,,,,,
1495281,2025/26,2025-10-04,"Western Australia Cricket Association Ground, Perth",3,54.6,54.6,New South Wales,Western Australia,W Salzmann,CH Stobo,CJ Rocchiccioli,0,0,,,,,,,,,,,,,
1495281,2025/26,2025-10-04,"Western Australia Cricket Association Ground, Perth",3,55.1,55.1,New South Wales,Western Australia,CH Stobo,W Salzmann,CJ Gannon,0,0,,,,,,,,,,,,,
1495281,2025/26,2025-10-04,"Western Australia Cricket Association Ground, Perth",3,55.2,55.2,New South Wales,Western Australia,CH Stobo,W Salzmann,CJ Gannon,0,0,,,,,,,,,,,,,
1495281,2025/26,2025-10-04,"Western Australia Cricket Association Ground, Perth",3,55.3,55.3,New South Wales,Western Australia,CH Stobo,W Salzmann,CJ Gannon,0,0,,,,,,,,,,,,,
1495281,2025/26,2025-10-04,"Western Australia Cricket Association Ground, Perth",3,55.4,55.4,New South Wales,Western Australia,CH Stobo,W Salzmann,CJ Gannon,0,0,,,,,,,,,,,,,
1495281,2025/26,2025-10-04,"Western Australia Cricket Association Ground, Perth",3,55.5,55.5,New South Wales,Western Australia,CH Stobo,W Salzmann,CJ Gannon,0,0,,,,,,,,,,,,,
1495281,2025/26,2025-10-04,"Western Australia Cricket Association Ground, Perth",3,55.6,55.6,New South Wales,Western Australia,CH Stobo,W Salzmann,CJ Gannon,0,0,,,,,,,,,,,,,
1495281,2025/26,2025-10-04,"Western Australia Cricket Association Ground, Perth",3,56.1,56.1,New South Wales,Western Australia,W Salzmann,CH Stobo,CJ Rocchiccioli,0,0,,,,,,,,,,,,,
1495281,2025/26,2025-10-04,"Western Australia Cricket Association Ground, Perth",3,56.2,56.2,New South Wales,Western Australia,W Salzmann,CH Stobo,CJ Rocchiccioli,1,0,,,,,,,,,,,,,
1495281,2025/26,2025-10-04,"Western Australia Cricket Association Ground, Perth",3,56.3,56.3,New South Wales,Western Australia,CH Stobo,W Salzmann,CJ Rocchiccioli,0,0,,,,,,,,,,,,,
1495281,2025/26,2025-10-04,"Western Australia Cricket Association Ground, Perth",3,56.4,56.4,New South Wales,Western Australia,CH Stobo,W Salzmann,CJ Rocchiccioli,0,0,,,,,,,,,,,,,
1495281,2025/26,2025-10-04,"Western Australia Cricket Association Ground, Perth",3,56.5,56.5,New South Wales,Western Australia,CH Stobo,W Salzmann,CJ Rocchiccioli,0,0,,,,,,,,,,,,,
1495281,2025/26,2025-10-04,"Western Australia Cricket Association Ground, Perth",3,56.6,56.6,New South Wales,Western Australia,CH Stobo,W Salzmann,CJ Rocchiccioli,0,0,,,,,,,caught,CH Stobo,,,C Green,,
1495281,2025/26,2025-10-04,"Western Australia Cricket Association Ground, Perth",3,57.1,57.1,New South Wales,Western Australia,W Salzmann,NM Lyon,CJ Gannon,0,0,,,,,,,,,,,,,
1495281,2025/26,2025-10-04,"Western Australia Cricket Association Ground, Perth",3,57.2,57.2,New South Wales,Western Australia,W Salzmann,NM Lyon,CJ Gannon,0,0,,,,,,,,,,,,,
1495281,2025/26,2025-10-04,"Western Australia Cricket Association Ground, Perth",3,57.3,57.3,New South Wales,Western Australia,W Salzmann,NM Lyon,CJ Gannon,0,0,,,,,,,,,,,,,
1495281,2025/26,2025-10-04,"Western Australia Cricket Association Ground, Perth",3,57.4,57.4,New South Wales,Western Australia,W Salzmann,NM Lyon,CJ Gannon,4,0,,,,,,,,,,,,,
1495281,2025/26,2025-10-04,"Western Australia Cricket Association Ground, Perth",3,57.5,57.5,New South Wales,Western Australia,W Salzmann,NM Lyon,CJ Gannon,0,0,,,,,,,,,,,,,
1495281,2025/26,2025-10-04,"Western Australia Cricket Association Ground, Perth",3,57.6,57.6,New South Wales,Western Australia,W Salzmann,NM Lyon,CJ Gannon,0,0,,,,,,,,,,,,,
1495281,2025/26,2025-10-04,"Western Australia Cricket Association Ground, Perth",3,58.1,58.1,New South Wales,Western Australia,NM Lyon,W Salzmann,CJ Rocchiccioli,0,0,,,,,,,,,,,,,
1495281,2025/26,2025-10-04,"Western Australia Cricket Association Ground, Perth",3,58.2,58.2,New South Wales,Western Australia,NM Lyon,W Salzmann,CJ Rocchiccioli,0,0,,,,,,,,,,,,,
1495281,2025/26,2025-10-04,"Western Australia Cricket Association Ground, Perth",3,58.3,58.3,New South Wales,Western Australia,NM Lyon,W Salzmann,CJ Rocchiccioli,0,0,,,,,,,,,,,,,
1495281,2025/26,2025-10-04,"Western Australia Cricket Association Ground, Perth",3,58.4,58.4,New South Wales,Western Australia,NM Lyon,W Salzmann,CJ Rocchiccioli,0,0,,,,,,,,,,,,,
1495281,2025/26,2025-10-04,"Western Australia Cricket Association Ground, Perth",3,58.5,58.5,New South Wales,Western Australia,NM Lyon,W Salzmann,CJ Rocchiccioli,1,0,,,,,,,,,,,,,
1495281,2025/26,2025-10-04,"Western Australia Cricket Association Ground, Perth",3,58.6,58.6,New South Wales,Western Australia,W Salzmann,NM Lyon,CJ Rocchiccioli,4,0,,,,,,,,,,,,,
1495281,2025/26,2025-10-04,"Western Australia Cricket Association Ground, Perth",3,59.1,59.1,New South Wales,Western Australia,NM Lyon,W Salzmann,CJ Gannon,0,4,,,,4,,,,,,,,,
1495281,2025/26,2025-10-04,"Western Australia Cricket Association Ground, Perth",3,59.2,59.2,New South Wales,Western Australia,NM Lyon,W Salzmann,CJ Gannon,0,0,,,,,,,,,,,,,
1495281,2025/26,2025-10-04,"Western Australia Cricket Association Ground, Perth",3,59.3,59.3,New South Wales,Western Australia,NM Lyon,W Salzmann,CJ Gannon,0,0,,,,,,,,,,,,,
1495281,2025/26,2025-10-04,"Western Australia Cricket Association Ground, Perth",3,59.4,59.4,New South Wales,Western Australia,NM Lyon,W Salzmann,CJ Gannon,0,0,,,,,,,,,,,,,
1495281,2025/26,2025-10-04,"Western Australia Cricket Association Ground, Perth",3,59.5,59.5,New South Wales,Western Australia,NM Lyon,W Salzmann,CJ Gannon,0,0,,,,,,,,,,,,,
1495281,2025/26,2025-10-04,"Western Australia Cricket Association Ground, Perth",3,59.6,59.6,New South Wales,Western Australia,NM Lyon,W Salzmann,CJ Gannon,0,0,,,,,,,,,,,,,
1495281,2025/26,2025-10-04,"Western Australia Cricket Association Ground, Perth",3,60.1,60.1,New South Wales,Western Australia,W Salzmann,NM Lyon,CJ Rocchiccioli,6,0,,,,,,,,,,,,,
1495281,2025/26,2025-10-04,"Western Australia Cricket Association Ground, Perth",3,60.2,60.2,New South Wales,Western Australia,W Salzmann,NM Lyon,CJ Rocchiccioli,0,0,,,,,,,,,,,,,
1495281,2025/26,2025-10-04,"Western Australia Cricket Association Ground, Perth",3,60.3,60.3,New South Wales,Western Australia,W Salzmann,NM Lyon,CJ Rocchiccioli,0,0,,,,,,,,,,,,,
1495281,2025/26,2025-10-04,"Western Australia Cricket Association Ground, Perth",3,60.4,60.4,New South Wales,Western Australia,W Salzmann,NM Lyon,CJ Rocchiccioli,0,0,,,,,,,,,,,,,
1495281,2025/26,2025-10-04,"Western Australia Cricket Association Ground, Perth",3,60.5,60.5,New South Wales,Western Australia,W Salzmann,NM Lyon,CJ Rocchiccioli,2,0,,,,,,,,,,,,,
1495281,2025/26,2025-10-04,"Western Australia Cricket Association Ground, Perth",3,60.6,60.6,New South Wales,Western Australia,W Salzmann,NM Lyon,CJ Rocchiccioli,0,0,,,,,,,,,,,,,
1495281,2025/26,2025-10-04,"Western Australia Cricket Association Ground, Perth",3,61.1,61.1,New South Wales,Western Australia,NM Lyon,W Salzmann,M Kelly,0,0,,,,,,,,,,,,,
1495281,2025/26,2025-10-04,"Western Australia Cricket Association Ground, Perth",3,61.2,61.2,New South Wales,Western Australia,NM Lyon,W Salzmann,M Kelly,0,0,,,,,,,,,,,,,
1495281,2025/26,2025-10-04,"Western Australia Cricket Association Ground, Perth",3,61.3,61.3,New South Wales,Western Australia,NM Lyon,W Salzmann,M Kelly,0,0,,,,,,,,,,,,,
1495281,2025/26,2025-10-04,"Western Australia Cricket Association Ground, Perth",3,61.4,61.4,New South Wales,Western Australia,NM Lyon,W Salzmann,M Kelly,0,0,,,,,,,,,,,,,
1495281,2025/26,2025-10-04,"Western Australia Cricket Association Ground, Perth",3,61.5,61.5,New South Wales,Western Australia,NM Lyon,W Salzmann,M Kelly,0,0,,,,,,,,,,,,,
1495281,2025/26,2025-10-04,"Western Australia Cricket Association Ground, Perth",3,61.6,61.6,New South Wales,Western Australia,NM Lyon,W Salzmann,M Kelly,0,0,,,,,,,,,,,,,
1495281,2025/26,2025-10-04,"Western Australia Cricket Association Ground, Perth",3,62.1,62.1,New South Wales,Western Australia,W Salzmann,NM Lyon,AC Agar,0,0,,,,,,,,,,,,,
1495281,2025/26,2025-10-04,"Western Australia Cricket Association Ground, Perth",3,62.2,62.2,New South Wales,Western Australia,W Salzmann,NM Lyon,AC Agar,0,0,,,,,,,stumped,W Salzmann,,,JL Curtis,,
1495281,2025/26,2025-10-04,"Western Australia Cricket Association Ground, Perth",3,62.3,62.3,New South Wales,Western Australia,LC Hatcher,NM Lyon,AC Agar,0,0,,,,,,,,,,,,,
1495281,2025/26,2025-10-04,"Western Australia Cricket Association Ground, Perth",3,62.4,62.4,New South Wales,Western Australia,LC Hatcher,NM Lyon,AC Agar,0,0,,,,,,,,,,,,,
1495281,2025/26,2025-10-04,"Western Australia Cricket Association Ground, Perth",3,62.5,62.5,New South Wales,Western Australia,LC Hatcher,NM Lyon,AC Agar,0,0,,,,,,,,,,,,,
1495281,2025/26,2025-10-04,"Western Australia Cricket Association Ground, Perth",3,62.6,62.6,New South Wales,Western Australia,LC Hatcher,NM Lyon,AC Agar,0,0,,,,,,,,,,,,,
1495281,2025/26,2025-10-04,"Western Australia Cricket Association Ground, Perth",3,63.1,63.1,New South Wales,Western Australia,NM Lyon,LC Hatcher,M Kelly,0,0,,,,,,,,,,,,,
1495281,2025/26,2025-10-04,"Western Australia Cricket Association Ground, Perth",3,63.2,63.2,New South Wales,Western Australia,NM Lyon,LC Hatcher,M Kelly,0,0,,,,,,,,,,,,,
1495281,2025/26,2025-10-04,"Western Australia Cricket Association Ground, Perth",3,63.3,63.3,New South Wales,Western Australia,NM Lyon,LC Hatcher,M Kelly,4,0,,,,,,,,,,,,,
1495281,2025/26,2025-10-04,"Western Australia Cricket Association Ground, Perth",3,63.4,63.4,New South Wales,Western Australia,NM Lyon,LC Hatcher,M Kelly,0,0,,,,,,,,,,,,,
1495281,2025/26,2025-10-04,"Western Australia Cricket Association Ground, Perth",3,63.5,63.5,New South Wales,Western Australia,NM Lyon,LC Hatcher,M Kelly,0,0,,,,,,,,,,,,,
1495281,2025/26,2025-10-04,"Western Australia Cricket Association Ground, Perth",3,63.6,63.6,New South Wales,Western Australia,NM Lyon,LC Hatcher,M Kelly,0,0,,,,,,,,,,,,,
1495281,2025/26,2025-10-04,"Western Australia Cricket Association Ground, Perth",3,64.1,64.1,New South Wales,Western Australia,LC Hatcher,NM Lyon,AC Agar,0,0,,,,,,,,,,,,,
1495281,2025/26,2025-10-04,"Western Australia Cricket Association Ground, Perth",3,64.2,64.2,New South Wales,Western Australia,LC Hatcher,NM Lyon,AC Agar,0,0,,,,,,,,,,,,,
1495281,2025/26,2025-10-04,"Western Australia Cricket Association Ground, Perth",3,64.3,64.3,New South Wales,Western Australia,LC Hatcher,NM Lyon,AC Agar,0,0,,,,,,,,,,,,,
1495281,2025/26,2025-10-04,"Western Australia Cricket Association Ground, Perth",3,64.4,64.4,New South Wales,Western Australia,LC Hatcher,NM Lyon,AC Agar,0,0,,,,,,,,,,,,,
1495281,2025/26,2025-10-04,"Western Australia Cricket Association Ground, Perth",3,64.5,64.5,New South Wales,Western Australia,LC Hatcher,NM Lyon,AC Agar,0,0,,,,,,,,,,,,,
1495281,2025/26,2025-10-04,"Western Australia Cricket Association Ground, Perth",3,64.6,64.6,New South Wales,Western Australia,LC Hatcher,NM Lyon,AC Agar,0,0,,,,,,,,,,,,,
1495281,2025/26,2025-10-04,"Western Australia Cricket Association Ground, Perth",3,65.1,65.1,New South Wales,Western Australia,NM Lyon,LC Hatcher,M Kelly,0,0,,,,,,,,,,,,,
1495281,2025/26,2025-10-04,"Western Australia Cricket Association Ground, Perth",3,65.2,65.2,New South Wales,Western Australia,NM Lyon,LC Hatcher,M Kelly,0,4,,,4,,,,,,,,,,
1495281,2025/26,2025-10-04,"Western Australia Cricket Association Ground, Perth",3,65.3,65.3,New South Wales,Western Australia,NM Lyon,LC Hatcher,M Kelly,0,0,,,,,,,,,,,,,
1495281,2025/26,2025-10-04,"Western Australia Cricket Association Ground, Perth",3,65.4,65.4,New South Wales,Western Australia,NM Lyon,LC Hatcher,M Kelly,1,0,,,,,,,,,,,,,
1495281,2025/26,2025-10-04,"Western Australia Cricket Association Ground, Perth",3,65.5,65.5,New South Wales,Western Australia,LC Hatcher,NM Lyon,M Kelly,0,0,,,,,,,,,,,,,
1495281,2025/26,2025-10-04,"Western Australia Cricket Association Ground, Perth",3,65.6,65.6,New South Wales,Western Australia,LC Hatcher,NM Lyon,M Kelly,0,0,,,,,,,,,,,,,
1495281,2025/26,2025-10-04,"Western Australia Cricket Association Ground, Perth",3,66.1,66.1,New South Wales,Western Australia,NM Lyon,LC Hatcher,AC Agar,0,0,,,,,,,,,,,,,
1495281,2025/26,2025-10-04,"Western Australia Cricket Association Ground, Perth",3,66.2,66.2,New South Wales,Western Australia,NM Lyon,LC Hatcher,AC Agar,0,0,,,,,,,,,,,,,
1495281,2025/26,2025-10-04,"Western Australia Cricket Association Ground, Perth",3,66.3,66.3,New South Wales,Western Australia,NM Lyon,LC Hatcher,AC Agar,0,0,,,,,,,,,,,,,
1495281,2025/26,2025-10-04,"Western Australia Cricket Association Ground, Perth",3,66.4,66.4,New South Wales,Western Australia,NM Lyon,LC Hatcher,AC Agar,0,0,,,,,,,,,,,,,
1495281,2025/26,2025-10-04,"Western Australia Cricket Association Ground, Perth",3,66.5,66.5,New South Wales,Western Australia,NM Lyon,LC Hatcher,AC Agar,4,0,,,,,,,,,,,,,
1495281,2025/26,2025-10-04,"Western Australia Cricket Association Ground, Perth",3,66.6,66.6,New South Wales,Western Australia,NM Lyon,LC Hatcher,AC Agar,0,0,,,,,,,,,,,,,
1495281,2025/26,2025-10-04,"Western Australia Cricket Association Ground, Perth",3,67.1,67.1,New South Wales,Western Australia,LC Hatcher,NM Lyon,M Kelly,0,0,,,,,,,bowled,LC Hatcher,,,,,
1495281,2025/26,2025-10-04,"Western Australia Cricket Association Ground, Perth",3,67.2,67.2,New South Wales,Western Australia,R Hadley,NM Lyon,M Kelly,0,0,,,,,,,,,,,,,
1495281,2025/26,2025-10-04,"Western Australia Cricket Association Ground, Perth",3,67.3,67.3,New South Wales,Western Australia,R Hadley,NM Lyon,M Kelly,0,0,,,,,,,,,,,,,
1495281,2025/26,2025-10-04,"Western Australia Cricket Association Ground, Perth",3,67.4,67.4,New South Wales,Western Australia,R Hadley,NM Lyon,M Kelly,0,0,,,,,,,,,,,,,
1495281,2025/26,2025-10-04,"Western Australia Cricket Association Ground, Perth",3,67.5,67.5,New South Wales,Western Australia,R Hadley,NM Lyon,M Kelly,0,0,,,,,,,,,,,,,
1495281,2025/26,2025-10-04,"Western Australia Cricket Association Ground, Perth",3,67.6,67.6,New South Wales,Western Australia,R Hadley,NM Lyon,M Kelly,0,0,,,,,,,,,,,,,
1495281,2025/26,2025-10-04,"Western Australia Cricket Association Ground, Perth",3,68.1,68.1,New South Wales,Western Australia,NM Lyon,R Hadley,AC Agar,0,1,,,,1,,,,,,,,,
1495281,2025/26,2025-10-04,"Western Australia Cricket Association Ground, Perth",3,68.2,68.2,New South Wales,Western Australia,R Hadley,NM Lyon,AC Agar,0,0,,,,,,,,,,,,,
1495281,2025/26,2025-10-04,"Western Australia Cricket Association Ground, Perth",3,68.3,68.3,New South Wales,Western Australia,R Hadley,NM Lyon,AC Agar,0,0,,,,,,,,,,,,,
1495281,2025/26,2025-10-04,"Western Australia Cricket Association Ground, Perth",3,68.4,68.4,New South Wales,Western Australia,R Hadley,NM Lyon,AC Agar,0,0,,,,,,,,,,,,,
1495281,2025/26,2025-10-04,"Western Australia Cricket Association Ground, Perth",3,68.5,68.5,New South Wales,Western Australia,R Hadley,NM Lyon,AC Agar,0,0,,,,,,,,,,,,,
1495281,2025/26,2025-10-04,"Western Australia Cricket Association Ground, Perth",3,68.6,68.6,New South Wales,Western Australia,R Hadley,NM Lyon,AC Agar,0,0,,,,,,,,,,,,,
1495281,2025/26,2025-10-04,"Western Australia Cricket Association Ground, Perth",3,69.1,69.1,New South Wales,Western Australia,NM Lyon,R Hadley,M Kelly,0,0,,,,,,,,,,,,,
1495281,2025/26,2025-10-04,"Western Australia Cricket Association Ground, Perth",3,69.2,69.2,New South Wales,Western Australia,NM Lyon,R Hadley,M Kelly,0,0,,,,,,,,,,,,,
1495281,2025/26,2025-10-04,"Western Australia Cricket Association Ground, Perth",3,69.3,69.3,New South Wales,Western Australia,NM Lyon,R Hadley,M Kelly,0,0,,,,,,,,,,,,,
1495281,2025/26,2025-10-04,"Western Australia Cricket Association Ground, Perth",3,69.4,69.4,New South Wales,Western Australia,NM Lyon,R Hadley,M Kelly,0,0,,,,,,,,,,,,,
1495281,2025/26,2025-10-04,"Western Australia Cricket Association Ground, Perth",3,69.5,69.5,New South Wales,Western Australia,NM Lyon,R Hadley,M Kelly,3,0,,,,,,,,,,,,,
1495281,2025/26,2025-10-04,"Western Australia Cricket Association Ground, Perth",3,69.6,69.6,New South Wales,Western Australia,R Hadley,NM Lyon,M Kelly,0,0,,,,,,,,,,,,,
1495281,2025/26,2025-10-04,"Western Australia Cricket Association Ground, Perth",3,70.1,70.1,New South Wales,Western Australia,NM Lyon,R Hadley,AC Agar,0,0,,,,,,,,,,,,,
1495281,2025/26,2025-10-04,"Western Australia Cricket Association Ground, Perth",3,70.2,70.2,New South Wales,Western Australia,NM Lyon,R Hadley,AC Agar,0,0,,,,,,,,,,,,,
1495281,2025/26,2025-10-04,"Western Australia Cricket Association Ground, Perth",3,70.3,70.3,New South Wales,Western Australia,NM Lyon,R Hadley,AC Agar,1,0,,,,,,,,,,,,,
1495281,2025/26,2025-10-04,"Western Australia Cricket Association Ground, Perth",3,70.4,70.4,New South Wales,Western Australia,R Hadley,NM Lyon,AC Agar,0,0,,,,,,,,,,,,,
1495281,2025/26,2025-10-04,"Western Australia Cricket Association Ground, Perth",3,70.5,70.5,New South Wales,Western Australia,R Hadley,NM Lyon,AC Agar,0,0,,,,,,,,,,,,,
1495281,2025/26,2025-10-04,"Western Australia Cricket Association Ground, Perth",3,70.6,70.6,New South Wales,Western Australia,R Hadley,NM Lyon,AC Agar,0,0,,,,,,,,,,,,,
1495281,2025/26,2025-10-04,"Western Australia Cricket Association Ground, Perth",3,71.1,71.1,New South Wales,Western Australia,NM Lyon,R Hadley,CJ Gannon,4,0,,,,,,,,,,,,,
1495281,2025/26,2025-10-04,"Western Australia Cricket Association Ground, Perth",3,71.2,71.2,New South Wales,Western Australia,NM Lyon,R Hadley,CJ Gannon,4,0,,,,,,,,,,,,,
1495281,2025/26,2025-10-04,"Western Australia Cricket Association Ground, Perth",3,71.3,71.3,New South Wales,Western Australia,NM Lyon,R Hadley,CJ Gannon,1,0,,,,,,,,,,,,,
1495281,2025/26,2025-10-04,"Western Australia Cricket Association Ground, Perth",3,71.4,71.4,New South Wales,Western Australia,R Hadley,NM Lyon,CJ Gannon,0,0,,,,,,,,,,,,,
1495281,2025/26,2025-10-04,"Western Australia Cricket Association Ground, Perth",3,71.5,71.5,New South Wales,Western Australia,R Hadley,NM Lyon,CJ Gannon,0,0,,,,,,,,,,,,,
1495281,2025/26,2025-10-04,"Western Australia Cricket Association Ground, Perth",3,71.6,71.6,New South Wales,Western Australia,R Hadley,NM Lyon,CJ Gannon,0,0,,,,,,,,,,,,,
1495281,2025/26,2025-10-04,"Western Australia Cricket Association Ground, Perth",3,72.1,72.1,New South Wales,Western Australia,NM Lyon,R Hadley,AC Agar,0,0,,,,,,,,,,,,,
1495281,2025/26,2025-10-04,"Western Australia Cricket Association Ground, Perth",3,72.2,72.2,New South Wales,Western Australia,NM Lyon,R Hadley,AC Agar,2,0,,,,,,,,,,,,,
1495281,2025/26,2025-10-04,"Western Australia Cricket Association Ground, Perth",3,72.3,72.3,New South Wales,Western Australia,NM Lyon,R Hadley,AC Agar,0,0,,,,,,,,,,,,,
1495281,2025/26,2025-10-04,"Western Australia Cricket Association Ground, Perth",3,72.4,72.4,New South Wales,Western Australia,NM Lyon,R Hadley,AC Agar,1,0,,,,,,,,,,,,,
1495281,2025/26,2025-10-04,"Western Australia Cricket Association Ground, Perth",3,72.5,72.5,New South Wales,Western Australia,R Hadley,NM Lyon,AC Agar,0,0,,,,,,,,,,,,,
1495281,2025/26,2025-10-04,"Western Australia Cricket Association Ground, Perth",3,72.6,72.6,New South Wales,Western Australia,R Hadley,NM Lyon,AC Agar,0,0,,,,,,,,,,,,,
1495281,2025/26,2025-10-04,"Western Australia Cricket Association Ground, Perth",3,73.1,73.1,New South Wales,Western Australia,NM Lyon,R Hadley,CJ Gannon,4,0,,,,,,,,,,,,,
1495281,2025/26,2025-10-04,"Western Australia Cricket Association Ground, Perth",3,73.2,73.2,New South Wales,Western Australia,NM Lyon,R Hadley,CJ Gannon,4,0,,,,,,,,,,,,,
1495281,2025/26,2025-10-04,"Western Australia Cricket Association Ground, Perth",3,73.3,73.3,New South Wales,Western Australia,NM Lyon,R Hadley,CJ Gannon,0,0,,,,,,,,,,,,,
1495281,2025/26,2025-10-04,"Western Australia Cricket Association Ground, Perth",3,73.4,73.4,New South Wales,Western Australia,NM Lyon,R Hadley,CJ Gannon,0,0,,,,,,,,,,,,,
1495281,2025/26,2025-10-04,"Western Australia Cricket Association Ground, Perth",3,73.5,73.5,New South Wales,Western Australia,NM Lyon,R Hadley,CJ Gannon,6,0,,,,,,,,,,,,,
1495281,2025/26,2025-10-04,"Western Australia Cricket Association Ground, Perth",3,73.6,73.6,New South Wales,Western Australia,NM Lyon,R Hadley,CJ Gannon,0,0,,,,,,,,,,,,,
1495281,2025/26,2025-10-04,"Western Australia Cricket Association Ground, Perth",3,74.1,74.1,New South Wales,Western Australia,R Hadley,NM Lyon,CJ Rocchiccioli,1,0,,,,,,,,,,,,,
1495281,2025/26,2025-10-04,"Western Australia Cricket Association Ground, Perth",3,74.2,74.2,New South Wales,Western Australia,NM Lyon,R Hadley,CJ Rocchiccioli,0,0,,,,,,,,,,,,,
1495281,2025/26,2025-10-04,"Western Australia Cricket Association Ground, Perth",3,74.3,74.3,New South Wales,Western Australia,NM Lyon,R Hadley,CJ Rocchiccioli,0,0,,,,,,,bowled,NM Lyon,,,,,
1495281,2025/26,2025-10-04,"Western Australia Cricket Association Ground, Perth",4,0.1,0.1,Western Australia,New South Wales,CT Bancroft,SM Whiteman,CH Stobo,0,0,,,,,,,,,,,,,
1495281,2025/26,2025-10-04,"Western Australia Cricket Association Ground, Perth",4,0.2,0.2,Western Australia,New South Wales,CT Bancroft,SM Whiteman,CH Stobo,0,0,,,,,,,,,,,,,
1495281,2025/26,2025-10-04,"Western Australia Cricket Association Ground, Perth",4,0.3,0.3,Western Australia,New South Wales,CT Bancroft,SM Whiteman,CH Stobo,0,0,,,,,,,,,,,,,
1495281,2025/26,2025-10-04,"Western Australia Cricket Association Ground, Perth",4,0.4,0.4,Western Australia,New South Wales,CT Bancroft,SM Whiteman,CH Stobo,2,0,,,,,,,,,,,,,
1495281,2025/26,2025-10-04,"Western Australia Cricket Association Ground, Perth",4,0.5,0.5,Western Australia,New South Wales,CT Bancroft,SM Whiteman,CH Stobo,0,0,,,,,,,,,,,,,
1495281,2025/26,2025-10-04,"Western Australia Cricket Association Ground, Perth",4,0.6,0.6,Western Australia,New South Wales,CT Bancroft,SM Whiteman,CH Stobo,0,0,,,,,,,,,,,,,
1495281,2025/26,2025-10-04,"Western Australia Cricket Association Ground, Perth",4,1.1,1.1,Western Australia,New South Wales,SM Whiteman,CT Bancroft,R Hadley,0,0,,,,,,,,,,,,,
1495281,2025/26,2025-10-04,"Western Australia Cricket Association Ground, Perth",4,1.2,1.2,Western Australia,New South Wales,SM Whiteman,CT Bancroft,R Hadley,0,0,,,,,,,,,,,,,
1495281,2025/26,2025-10-04,"Western Australia Cricket Association Ground, Perth",4,1.3,1.3,Western Australia,New South Wales,SM Whiteman,CT Bancroft,R Hadley,0,0,,,,,,,,,,,,,
1495281,2025/26,2025-10-04,"Western Australia Cricket Association Ground, Perth",4,1.4,1.4,Western Australia,New South Wales,SM Whiteman,CT Bancroft,R Hadley,0,0,,,,,,,,,,,,,
1495281,2025/26,2025-10-04,"Western Australia Cricket Association Ground, Perth",4,1.5,1.5,Western Australia,New South Wales,SM Whiteman,CT Bancroft,R Hadley,0,0,,,,,,,,,,,,,
1495281,2025/26,2025-10-04,"Western Australia Cricket Association Ground, Perth",4,1.6,1.6,Western Australia,New South Wales,SM Whiteman,CT Bancroft,R Hadley,4,0,,,,,,,,,,,,,
1495281,2025/26,2025-10-04,"Western Australia Cricket Association Ground, Perth",4,2.1,2.1,Western Australia,New South Wales,CT Bancroft,SM Whiteman,CH Stobo,0,0,,,,,,,,,,,,,
1495281,2025/26,2025-10-04,"Western Australia Cricket Association Ground, Perth",4,2.2,2.2,Western Australia,New South Wales,CT Bancroft,SM Whiteman,CH Stobo,0,2,,,,2,,,,,,,,,
1495281,2025/26,2025-10-04,"Western Australia Cricket Association Ground, Perth",4,2.3,2.3,Western Australia,New South Wales,CT Bancroft,SM Whiteman,CH Stobo,0,0,,,,,,,,,,,,,
1495281,2025/26,2025-10-04,"Western Australia Cricket Association Ground, Perth",4,2.4,2.4,Western Australia,New South Wales,CT Bancroft,SM Whiteman,CH Stobo,0,0,,,,,,,,,,,,,
1495281,2025/26,2025-10-04,"Western Australia Cricket Association Ground, Perth",4,2.5,2.5,Western Australia,New South Wales,CT Bancroft,SM Whiteman,CH Stobo,0,0,,,,,,,,,,,,,
1495281,2025/26,2025-10-04,"Western Australia Cricket Association Ground, Perth",4,2.6,2.6,Western Australia,New South Wales,CT Bancroft,SM Whiteman,CH Stobo,0,0,,,,,,,,,,,,,
1495281,2025/26,2025-10-04,"Western Australia Cricket Association Ground, Perth",4,3.1,3.1,Western Australia,New South Wales,SM Whiteman,CT Bancroft,R Hadley,0,0,,,,,,,,,,,,,
1495281,2025/26,2025-10-04,"Western Australia Cricket Association Ground, Perth",4,3.2,3.2,Western Australia,New South Wales,SM Whiteman,CT Bancroft,R Hadley,0,0,,,,,,,,,,,,,
1495281,2025/26,2025-10-04,"Western Australia Cricket Association Ground, Perth",4,3.3,3.3,Western Australia,New South Wales,SM Whiteman,CT Bancroft,R Hadley,1,0,,,,,,,,,,,,,
1495281,2025/26,2025-10-04,"Western Australia Cricket Association Ground, Perth",4,3.4,3.4,Western Australia,New South Wales,CT Bancroft,SM Whiteman,R Hadley,0,0,,,,,,,,,,,,,
1495281,2025/26,2025-10-04,"Western Australia Cricket Association Ground, Perth",4,3.5,3.5,Western Australia,New South Wales,CT Bancroft,SM Whiteman,R Hadley,0,0,,,,,,,,,,,,,
1495281,2025/26,2025-10-04,"Western Australia Cricket Association Ground, Perth",4,3.6,3.6,Western Australia,New South Wales,CT Bancroft,SM Whiteman,R Hadley,0,0,,,,,,,,,,,,,
1495281,2025/26,2025-10-04,"Western Australia Cricket Association Ground, Perth",4,4.1,4.1,Western Australia,New South Wales,SM Whiteman,CT Bancroft,CH Stobo,0,0,,,,,,,,,,,,,
1495281,2025/26,2025-10-04,"Western Australia Cricket Association Ground, Perth",4,4.2,4.2,Western Australia,New South Wales,SM Whiteman,CT Bancroft,CH Stobo,0,0,,,,,,,,,,,,,
1495281,2025/26,2025-10-04,"Western Australia Cricket Association Ground, Perth",4,4.3,4.3,Western Australia,New South Wales,SM Whiteman,CT Bancroft,CH Stobo,0,0,,,,,,,,,,,,,
1495281,2025/26,2025-10-04,"Western Australia Cricket Association Ground, Perth",4,4.4,4.4,Western Australia,New South Wales,SM Whiteman,CT Bancroft,CH Stobo,0,0,,,,,,,,,,,,,
1495281,2025/26,2025-10-04,"Western Australia Cricket Association Ground, Perth",4,4.5,4.5,Western Australia,New South Wales,SM Whiteman,CT Bancroft,CH Stobo,0,0,,,,,,,,,,,,,
1495281,2025/26,2025-10-04,"Western Australia Cricket Association Ground, Perth",4,4.6,4.6,Western Australia,New South Wales,SM Whiteman,CT Bancroft,CH Stobo,0,0,,,,,,,,,,,,,
1495281,2025/26,2025-10-04,"Western Australia Cricket Association Ground, Perth",4,5.1,5.1,Western Australia,New South Wales,CT Bancroft,SM Whiteman,R Hadley,1,0,,,,,,,,,,,,,
1495281,2025/26,2025-10-04,"Western Australia Cricket Association Ground, Perth",4,5.2,5.2,Western Australia,New South Wales,SM Whiteman,CT Bancroft,R Hadley,3,0,,,,,,,,,,,,,
1495281,2025/26,2025-10-04,"Western Australia Cricket Association Ground, Perth",4,5.3,5.3,Western Australia,New South Wales,CT Bancroft,SM Whiteman,R Hadley,0,0,,,,,,,,,,,,,
1495281,2025/26,2025-10-04,"Western Australia Cricket Association Ground, Perth",4,5.4,5.4,Western Australia,New South Wales,CT Bancroft,SM Whiteman,R Hadley,0,0,,,,,,,caught,CT Bancroft,,,M Gilkes,,
1495281,2025/26,2025-10-04,"Western Australia Cricket Association Ground, Perth",4,5.5,5.5,Western Australia,New South Wales,J Goodwin,SM Whiteman,R Hadley,0,0,,,,,,,,,,,,,
1495281,2025/26,2025-10-04,"Western Australia Cricket Association Ground, Perth",4,5.6,5.6,Western Australia,New South Wales,J Goodwin,SM Whiteman,R Hadley,0,0,,,,,,,,,,,,,
1495281,2025/26,2025-10-04,"Western Australia Cricket Association Ground, Perth",4,6.1,6.1,Western Australia,New South Wales,SM Whiteman,J Goodwin,CH Stobo,0,0,,,,,,,,,,,,,
1495281,2025/26,2025-10-04,"Western Australia Cricket Association Ground, Perth",4,6.2,6.2,Western Australia,New South Wales,SM Whiteman,J Goodwin,CH Stobo,0,0,,,,,,,,,,,,,
1495281,2025/26,2025-10-04,"Western Australia Cricket Association Ground, Perth",4,6.3,6.3,Western Australia,New South Wales,SM Whiteman,J Goodwin,CH Stobo,0,0,,,,,,,,,,,,,
1495281,2025/26,2025-10-04,"Western Australia Cricket Association Ground, Perth",4,6.4,6.4,Western Australia,New South Wales,SM Whiteman,J Goodwin,CH Stobo,0,0,,,,,,,,,,,,,
1495281,2025/26,2025-10-04,"Western Australia Cricket Association Ground, Perth",4,6.5,6.5,Western Australia,New South Wales,SM Whiteman,J Goodwin,CH Stobo,0,0,,,,,,,,,,,,,
1495281,2025/26,2025-10-04,"Western Australia Cricket Association Ground, Perth",4,6.6,6.6,Western Australia,New South Wales,SM Whiteman,J Goodwin,CH Stobo,0,0,,,,,,,,,,,,,
1495281,2025/26,2025-10-04,"Western Australia Cricket Association Ground, Perth",4,7.1,7.1,Western Australia,New South Wales,J Goodwin,SM Whiteman,R Hadley,0,0,,,,,,,,,,,,,
1495281,2025/26,2025-10-04,"Western Australia Cricket Association Ground, Perth",4,7.2,7.2,Western Australia,New South Wales,J Goodwin,SM Whiteman,R Hadley,0,0,,,,,,,,,,,,,
1495281,2025/26,2025-10-04,"Western Australia Cricket Association Ground, Perth",4,7.3,7.3,Western Australia,New South Wales,J Goodwin,SM Whiteman,R Hadley,0,0,,,,,,,,,,,,,
1495281,2025/26,2025-10-04,"Western Australia Cricket Association Ground, Perth",4,7.4,7.4,Western Australia,New South Wales,J Goodwin,SM Whiteman,R Hadley,0,0,,,,,,,,,,,,,
1495281,2025/26,2025-10-04,"Western Australia Cricket Association Ground, Perth",4,7.5,7.5,Western Australia,New South Wales,J Goodwin,SM Whiteman,R Hadley,0,0,,,,,,,,,,,,,
1495281,2025/26,2025-10-04,"Western Australia Cricket Association Ground, Perth",4,7.6,7.6,Western Australia,New South Wales,J Goodwin,SM Whiteman,R Hadley,0,0,,,,,,,,,,,,,
1495281,2025/26,2025-10-04,"Western Australia Cricket Association Ground, Perth",4,8.1,8.1,Western Australia,New South Wales,SM Whiteman,J Goodwin,CH Stobo,1,0,,,,,,,,,,,,,
1495281,2025/26,2025-10-04,"Western Australia Cricket Association Ground, Perth",4,8.2,8.2,Western Australia,New South Wales,J Goodwin,SM Whiteman,CH Stobo,0,0,,,,,,,,,,,,,
1495281,2025/26,2025-10-04,"Western Australia Cricket Association Ground, Perth",4,8.3,8.3,Western Australia,New South Wales,J Goodwin,SM Whiteman,CH Stobo,0,0,,,,,,,,,,,,,
1495281,2025/26,2025-10-04,"Western Australia Cricket Association Ground, Perth",4,8.4,8.4,Western Australia,New South Wales,J Goodwin,SM Whiteman,CH Stobo,0,0,,,,,,,,,,,,,
1495281,2025/26,2025-10-04,"Western Australia Cricket Association Ground, Perth",4,8.5,8.5,Western Australia,New South Wales,J Goodwin,SM Whiteman,CH Stobo,0,0,,,,,,,,,,,,,
1495281,2025/26,2025-10-04,"Western Australia Cricket Association Ground, Perth",4,8.6,8.6,Western Australia,New South Wales,J Goodwin,SM Whiteman,CH Stobo,0,2,,,,2,,,,,,,,,
1495281,2025/26,2025-10-04,"Western Australia Cricket Association Ground, Perth",4,9.1,9.1,Western Australia,New South Wales,SM Whiteman,J Goodwin,R Hadley,0,0,,,,,,,,,,,,,
1495281,2025/26,2025-10-04,"Western Australia Cricket Association Ground, Perth",4,9.2,9.2,Western Australia,New South Wales,SM Whiteman,J Goodwin,R Hadley,0,0,,,,,,,,,,,,,
1495281,2025/26,2025-10-04,"Western Australia Cricket Association Ground, Perth",4,9.3,9.3,Western Australia,New South Wales,SM Whiteman,J Goodwin,R Hadley,0,0,,,,,,,,,,,,,
1495281,2025/26,2025-10-04,"Western Australia Cricket Association Ground, Perth",4,9.4,9.4,Western Australia,New South Wales,SM Whiteman,J Goodwin,R Hadley,0,0,,,,,,,,,,,,,
1495281,2025/26,2025-10-04,"Western Australia Cricket Association Ground, Perth",4,9.5,9.5,Western Australia,New South Wales,SM Whiteman,J Goodwin,R Hadley,0,0,,,,,,,,,,,,,
1495281,2025/26,2025-10-04,"Western Australia Cricket Association Ground, Perth",4,9.6,9.6,Western Australia,New South Wales,SM Whiteman,J Goodwin,R Hadley,2,0,,,,,,,,,,,,,
1495281,2025/26,2025-10-04,"Western Australia Cricket Association Ground, Perth",4,10.1,10.1,Western Australia,New South Wales,J Goodwin,SM Whiteman,CH Stobo,3,0,,,,,,,,,,,,,
1495281,2025/26,2025-10-04,"Western Australia Cricket Association Ground, Perth",4,10.2,10.2,Western Australia,New South Wales,SM Whiteman,J Goodwin,CH Stobo,0,0,,,,,,,,,,,,,
1495281,2025/26,2025-10-04,"Western Australia Cricket Association Ground, Perth",4,10.3,10.3,Western Australia,New South Wales,SM Whiteman,J Goodwin,CH Stobo,0,0,,,,,,,,,,,,,
1495281,2025/26,2025-10-04,"Western Australia Cricket Association Ground, Perth",4,10.4,10.4,Western Australia,New South Wales,SM Whiteman,J Goodwin,CH Stobo,0,0,,,,,,,,,,,,,
1495281,2025/26,2025-10-04,"Western Australia Cricket Association Ground, Perth",4,10.5,10.5,Western Australia,New South Wales,SM Whiteman,J Goodwin,CH Stobo,0,0,,,,,,,,,,,,,
1495281,2025/26,2025-10-04,"Western Australia Cricket Association Ground, Perth",4,10.6,10.6,Western Australia,New South Wales,SM Whiteman,J Goodwin,CH Stobo,0,0,,,,,,,,,,,,,
1495281,2025/26,2025-10-04,"Western Australia Cricket Association Ground, Perth",4,11.1,11.1,Western Australia,New South Wales,J Goodwin,SM Whiteman,R Hadley,0,0,,,,,,,,,,,,,
1495281,2025/26,2025-10-04,"Western Australia Cricket Association Ground, Perth",4,11.2,11.2,Western Australia,New South Wales,J Goodwin,SM Whiteman,R Hadley,0,0,,,,,,,,,,,,,
1495281,2025/26,2025-10-04,"Western Australia Cricket Association Ground, Perth",4,11.3,11.3,Western Australia,New South Wales,J Goodwin,SM Whiteman,R Hadley,0,0,,,,,,,,,,,,,
1495281,2025/26,2025-10-04,"Western Australia Cricket Association Ground, Perth",4,11.4,11.4,Western Australia,New South Wales,J Goodwin,SM Whiteman,R Hadley,0,0,,,,,,,,,,,,,
1495281,2025/26,2025-10-04,"Western Australia Cricket Association Ground, Perth",4,11.5,11.5,Western Australia,New South Wales,J Goodwin,SM Whiteman,R Hadley,2,0,,,,,,,,,,,,,
1495281,2025/26,2025-10-04,"Western Australia Cricket Association Ground, Perth",4,11.6,11.6,Western Australia,New South Wales,J Goodwin,SM Whiteman,R Hadley,4,0,,,,,,,,,,,,,
1495281,2025/26,2025-10-04,"Western Australia Cricket Association Ground, Perth",4,12.1,12.1,Western Australia,New South Wales,SM Whiteman,J Goodwin,NM Lyon,0,0,,,,,,,,,,,,,
1495281,2025/26,2025-10-04,"Western Australia Cricket Association Ground, Perth",4,12.2,12.2,Western Australia,New South Wales,SM Whiteman,J Goodwin,NM Lyon,0,0,,,,,,,,,,,,,
1495281,2025/26,2025-10-04,"Western Australia Cricket Association Ground, Perth",4,12.3,12.3,Western Australia,New South Wales,SM Whiteman,J Goodwin,NM Lyon,0,0,,,,,,,,,,,,,
1495281,2025/26,2025-10-04,"Western Australia Cricket Association Ground, Perth",4,12.4,12.4,Western Australia,New South Wales,SM Whiteman,J Goodwin,NM Lyon,0,0,,,,,,,,,,,,,
1495281,2025/26,2025-10-04,"Western Australia Cricket Association Ground, Perth",4,12.5,12.5,Western Australia,New South Wales,SM Whiteman,J Goodwin,NM Lyon,0,0,,,,,,,,,,,,,
1495281,2025/26,2025-10-04,"Western Australia Cricket Association Ground, Perth",4,12.6,12.6,Western Australia,New South Wales,SM Whiteman,J Goodwin,NM Lyon,0,0,,,,,,,,,,,,,
1495281,2025/26,2025-10-04,"Western Australia Cricket Association Ground, Perth",4,13.1,13.1,Western Australia,New South Wales,J Goodwin,SM Whiteman,LC Hatcher,0,0,,,,,,,,,,,,,
1495281,2025/26,2025-10-04,"Western Australia Cricket Association Ground, Perth",4,13.2,13.2,Western Australia,New South Wales,J Goodwin,SM Whiteman,LC Hatcher,0,0,,,,,,,,,,,,,
1495281,2025/26,2025-10-04,"Western Australia Cricket Association Ground, Perth",4,13.3,13.3,Western Australia,New South Wales,J Goodwin,SM Whiteman,LC Hatcher,0,0,,,,,,,,,,,,,
1495281,2025/26,2025-10-04,"Western Australia Cricket Association Ground, Perth",4,13.4,13.4,Western Australia,New South Wales,J Goodwin,SM Whiteman,LC Hatcher,0,0,,,,,,,,,,,,,
1495281,2025/26,2025-10-04,"Western Australia Cricket Association Ground, Perth",4,13.5,13.5,Western Australia,New South Wales,J Goodwin,SM Whiteman,LC Hatcher,0,0,,,,,,,,,,,,,
1495281,2025/26,2025-10-04,"Western Australia Cricket Association Ground, Perth",4,13.6,13.6,Western Australia,New South Wales,J Goodwin,SM Whiteman,LC Hatcher,0,0,,,,,,,,,,,,,
1495281,2025/26,2025-10-04,"Western Australia Cricket Association Ground, Perth",4,14.1,14.1,Western Australia,New South Wales,SM Whiteman,J Goodwin,NM Lyon,4,0,,,,,,,,,,,,,
1495281,2025/26,2025-10-04,"Western Australia Cricket Association Ground, Perth",4,14.2,14.2,Western Australia,New South Wales,SM Whiteman,J Goodwin,NM Lyon,0,0,,,,,,,,,,,,,
1495281,2025/26,2025-10-04,"Western Australia Cricket Association Ground, Perth",4,14.3,14.3,Western Australia,New South Wales,SM Whiteman,J Goodwin,NM Lyon,0,0,,,,,,,,,,,,,
1495281,2025/26,2025-10-04,"Western Australia Cricket Association Ground, Perth",4,14.4,14.4,Western Australia,New South Wales,SM Whiteman,J Goodwin,NM Lyon,0,0,,,,,,,,,,,,,
1495281,2025/26,2025-10-04,"Western Australia Cricket Association Ground, Perth",4,14.5,14.5,Western Australia,New South Wales,SM Whiteman,J Goodwin,NM Lyon,4,0,,,,,,,,,,,,,
1495281,2025/26,2025-10-04,"Western Australia Cricket Association Ground, Perth",4,14.6,14.6,Western Australia,New South Wales,SM Whiteman,J Goodwin,NM Lyon,0,0,,,,,,,,,,,,,
1495281,2025/26,2025-10-04,"Western Australia Cricket Association Ground, Perth",4,15.1,15.1,Western Australia,New South Wales,J Goodwin,SM Whiteman,LC Hatcher,0,0,,,,,,,,,,,,,
1495281,2025/26,2025-10-04,"Western Australia Cricket Association Ground, Perth",4,15.2,15.2,Western Australia,New South Wales,J Goodwin,SM Whiteman,LC Hatcher,4,0,,,,,,,,,,,,,
1495281,2025/26,2025-10-04,"Western Australia Cricket Association Ground, Perth",4,15.3,15.3,Western Australia,New South Wales,J Goodwin,SM Whiteman,LC Hatcher,0,0,,,,,,,,,,,,,
1495281,2025/26,2025-10-04,"Western Australia Cricket Association Ground, Perth",4,15.4,15.4,Western Australia,New South Wales,J Goodwin,SM Whiteman,LC Hatcher,0,0,,,,,,,,,,,,,
1495281,2025/26,2025-10-04,"Western Australia Cricket Association Ground, Perth",4,15.5,15.5,Western Australia,New South Wales,J Goodwin,SM Whiteman,LC Hatcher,0,0,,,,,,,,,,,,,
1495281,2025/26,2025-10-04,"Western Australia Cricket Association Ground, Perth",4,15.6,15.6,Western Australia,New South Wales,J Goodwin,SM Whiteman,LC Hatcher,0,0,,,,,,,,,,,,,
1495281,2025/26,2025-10-04,"Western Australia Cricket Association Ground, Perth",4,16.1,16.1,Western Australia,New South Wales,SM Whiteman,J Goodwin,NM Lyon,0,0,,,,,,,,,,,,,
1495281,2025/26,2025-10-04,"Western Australia Cricket Association Ground, Perth",4,16.2,16.2,Western Australia,New South Wales,SM Whiteman,J Goodwin,NM Lyon,0,0,,,,,,,,,,,,,
1495281,2025/26,2025-10-04,"Western Australia Cricket Association Ground, Perth",4,16.3,16.3,Western Australia,New South Wales,SM Whiteman,J Goodwin,NM Lyon,0,0,,,,,,,,,,,,,
1495281,2025/26,2025-10-04,"Western Australia Cricket Association Ground, Perth",4,16.4,16.4,Western Australia,New South Wales,SM Whiteman,J Goodwin,NM Lyon,0,0,,,,,,,,,,,,,
1495281,2025/26,2025-10-04,"Western Australia Cricket Association Ground, Perth",4,16.5,16.5,Western Australia,New South Wales,SM Whiteman,J Goodwin,NM Lyon,0,0,,,,,,,,,,,,,
1495281,2025/26,2025-10-04,"Western Australia Cricket Association Ground, Perth",4,16.6,16.6,Western Australia,New South Wales,SM Whiteman,J Goodwin,NM Lyon,0,0,,,,,,,,,,,,,
1495281,2025/26,2025-10-04,"Western Australia Cricket Association Ground, Perth",4,17.1,17.1,Western Australia,New South Wales,J Goodwin,SM Whiteman,LC Hatcher,0,0,,,,,,,,,,,,,
1495281,2025/26,2025-10-04,"Western Australia Cricket Association Ground, Perth",4,17.2,17.2,Western Australia,New South Wales,J Goodwin,SM Whiteman,LC Hatcher,0,0,,,,,,,,,,,,,
1495281,2025/26,2025-10-04,"Western Australia Cricket Association Ground, Perth",4,17.3,17.3,Western Australia,New South Wales,J Goodwin,SM Whiteman,LC Hatcher,0,0,,,,,,,,,,,,,
1495281,2025/26,2025-10-04,"Western Australia Cricket Association Ground, Perth",4,17.4,17.4,Western Australia,New South Wales,J Goodwin,SM Whiteman,LC Hatcher,0,0,,,,,,,,,,,,,
1495281,2025/26,2025-10-04,"Western Australia Cricket Association Ground, Perth",4,17.5,17.5,Western Australia,New South Wales,J Goodwin,SM Whiteman,LC Hatcher,0,0,,,,,,,bowled,J Goodwin,,,,,
1495281,2025/26,2025-10-04,"Western Australia Cricket Association Ground, Perth",4,17.6,17.6,Western Australia,New South Wales,C Green,SM Whiteman,LC Hatcher,0,0,,,,,,,,,,,,,
1495281,2025/26,2025-10-04,"Western Australia Cricket Association Ground, Perth",4,18.1,18.1,Western Australia,New South Wales,SM Whiteman,C Green,NM Lyon,1,0,,,,,,,,,,,,,
1495281,2025/26,2025-10-04,"Western Australia Cricket Association Ground, Perth",4,18.2,18.2,Western Australia,New South Wales,C Green,SM Whiteman,NM Lyon,0,0,,,,,,,,,,,,,
1495281,2025/26,2025-10-04,"Western Australia Cricket Association Ground, Perth",4,18.3,18.3,Western Australia,New South Wales,C Green,SM Whiteman,NM Lyon,0,0,,,,,,,,,,,,,
1495281,2025/26,2025-10-04,"Western Australia Cricket Association Ground, Perth",4,18.4,18.4,Western Australia,New South Wales,C Green,SM Whiteman,NM Lyon,2,0,,,,,,,,,,,,,
1495281,2025/26,2025-10-04,"Western Australia Cricket Association Ground, Perth",4,18.5,18.5,Western Australia,New South Wales,C Green,SM Whiteman,NM Lyon,0,0,,,,,,,,,,,,,
1495281,2025/26,2025-10-04,"Western Australia Cricket Association Ground, Perth",4,18.6,18.6,Western Australia,New South Wales,C Green,SM Whiteman,NM Lyon,0,0,,,,,,,,,,,,,
1495281,2025/26,2025-10-04,"Western Australia Cricket Association Ground, Perth",4,19.1,19.1,Western Australia,New South Wales,SM Whiteman,C Green,LC Hatcher,0,0,,,,,,,,,,,,,
1495281,2025/26,2025-10-04,"Western Australia Cricket Association Ground, Perth",4,19.2,19.2,Western Australia,New South Wales,SM Whiteman,C Green,LC Hatcher,0,0,,,,,,,,,,,,,
1495281,2025/26,2025-10-04,"Western Australia Cricket Association Ground, Perth",4,19.3,19.3,Western Australia,New South Wales,SM Whiteman,C Green,LC Hatcher,4,0,,,,,,,,,,,,,
1495281,2025/26,2025-10-04,"Western Australia Cricket Association Ground, Perth",4,19.4,19.4,Western Australia,New South Wales,SM Whiteman,C Green,LC Hatcher,0,0,,,,,,,,,,,,,
1495281,2025/26,2025-10-04,"Western Australia Cricket Association Ground, Perth",4,19.5,19.5,Western Australia,New South Wales,SM Whiteman,C Green,LC Hatcher,0,0,,,,,,,,,,,,,
1495281,2025/26,2025-10-04,"Western Australia Cricket Association Ground, Perth",4,19.6,19.6,Western Australia,New South Wales,SM Whiteman,C Green,LC Hatcher,0,0,,,,,,,,,,,,,
1495281,2025/26,2025-10-04,"Western Australia Cricket Association Ground, Perth",4,20.1,20.1,Western Australia,New South Wales,C Green,SM Whiteman,NM Lyon,0,0,,,,,,,,,,,,,
1495281,2025/26,2025-10-04,"Western Australia Cricket Association Ground, Perth",4,20.2,20.2,Western Australia,New South Wales,C Green,SM Whiteman,NM Lyon,1,0,,,,,,,,,,,,,
1495281,2025/26,2025-10-04,"Western Australia Cricket Association Ground, Perth",4,20.3,20.3,Western Australia,New South Wales,SM Whiteman,C Green,NM Lyon,0,0,,,,,,,,,,,,,
1495281,2025/26,2025-10-04,"Western Australia Cricket Association Ground, Perth",4,20.4,20.4,Western Australia,New South Wales,SM Whiteman,C Green,NM Lyon,0,0,,,,,,,,,,,,,
1495281,2025/26,2025-10-04,"Western Australia Cricket Association Ground, Perth",4,20.5,20.5,Western Australia,New South Wales,SM Whiteman,C Green,NM Lyon,0,0,,,,,,,,,,,,,
1495281,2025/26,2025-10-04,"Western Australia Cricket Association Ground, Perth",4,20.6,20.6,Western Australia,New South Wales,SM Whiteman,C Green,NM Lyon,2,0,,,,,,,,,,,,,
1495281,2025/26,2025-10-04,"Western Australia Cricket Association Ground, Perth",4,21.1,21.1,Western Australia,New South Wales,C Green,SM Whiteman,LC Hatcher,0,0,,,,,,,,,,,,,
1495281,2025/26,2025-10-04,"Western Australia Cricket Association Ground, Perth",4,21.2,21.2,Western Australia,New South Wales,C Green,SM Whiteman,LC Hatcher,0,0,,,,,,,,,,,,,
1495281,2025/26,2025-10-04,"Western Australia Cricket Association Ground, Perth",4,21.3,21.3,Western Australia,New South Wales,C Green,SM Whiteman,LC Hatcher,4,0,,,,,,,,,,,,,
1495281,2025/26,2025-10-04,"Western Australia Cricket Association Ground, Perth",4,21.4,21.4,Western Australia,New South Wales,C Green,SM Whiteman,LC Hatcher,1,0,,,,,,,,,,,,,
1495281,2025/26,2025-10-04,"Western Australia Cricket Association Ground, Perth",4,21.5,21.5,Western Australia,New South Wales,SM Whiteman,C Green,LC Hatcher,0,0,,,,,,,,,,,,,
1495281,2025/26,2025-10-04,"Western Australia Cricket Association Ground, Perth",4,21.6,21.6,Western Australia,New South Wales,SM Whiteman,C Green,LC Hatcher,0,0,,,,,,,,,,,,,
1495281,2025/26,2025-10-04,"Western Australia Cricket Association Ground, Perth",4,22.1,22.1,Western Australia,New South Wales,C Green,SM Whiteman,NM Lyon,1,0,,,,,,,,,,,,,
1495281,2025/26,2025-10-04,"Western Australia Cricket Association Ground, Perth",4,22.2,22.2,Western Australia,New South Wales,SM Whiteman,C Green,NM Lyon,0,0,,,,,,,,,,,,,
1495281,2025/26,2025-10-04,"Western Australia Cricket Association Ground, Perth",4,22.3,22.3,Western Australia,New South Wales,SM Whiteman,C Green,NM Lyon,1,0,,,,,,,,,,,,,
1495281,2025/26,2025-10-04,"Western Australia Cricket Association Ground, Perth",4,22.4,22.4,Western Australia,New South Wales,C Green,SM Whiteman,NM Lyon,2,0,,,,,,,,,,,,,
1495281,2025/26,2025-10-04,"Western Australia Cricket Association Ground, Perth",4,22.5,22.5,Western Australia,New South Wales,C Green,SM Whiteman,NM Lyon,0,0,,,,,,,,,,,,,
1495281,2025/26,2025-10-04,"Western Australia Cricket Association Ground, Perth",4,22.6,22.6,Western Australia,New South Wales,C Green,SM Whiteman,NM Lyon,0,0,,,,,,,,,,,,,
1495281,2025/26,2025-10-04,"Western Australia Cricket Association Ground, Perth",4,23.1,23.1,Western Australia,New South Wales,SM Whiteman,C Green,LC Hatcher,0,0,,,,,,,,,,,,,
1495281,2025/26,2025-10-04,"Western Australia Cricket Association Ground, Perth",4,23.2,23.2,Western Australia,New South Wales,SM Whiteman,C Green,LC Hatcher,0,0,,,,,,,,,,,,,
1495281,2025/26,2025-10-04,"Western Australia Cricket Association Ground, Perth",4,23.3,23.3,Western Australia,New South Wales,SM Whiteman,C Green,LC Hatcher,0,0,,,,,,,,,,,,,
1495281,2025/26,2025-10-04,"Western Australia Cricket Association Ground, Perth",4,23.4,23.4,Western Australia,New South Wales,SM Whiteman,C Green,LC Hatcher,0,0,,,,,,,,,,,,,
1495281,2025/26,2025-10-04,"Western Australia Cricket Association Ground, Perth",4,23.5,23.5,Western Australia,New South Wales,SM Whiteman,C Green,LC Hatcher,0,0,,,,,,,,,,,,,
1495281,2025/26,2025-10-04,"Western Australia Cricket Association Ground, Perth",4,23.6,23.6,Western Australia,New South Wales,SM Whiteman,C Green,LC Hatcher,0,0,,,,,,,,,,,,,
1495281,2025/26,2025-10-04,"Western Australia Cricket Association Ground, Perth",4,24.1,24.1,Western Australia,New South Wales,C Green,SM Whiteman,NM Lyon,1,0,,,,,,,,,,,,,
1495281,2025/26,2025-10-04,"Western Australia Cricket Association Ground, Perth",4,24.2,24.2,Western Australia,New South Wales,SM Whiteman,C Green,NM Lyon,0,0,,,,,,,,,,,,,
1495281,2025/26,2025-10-04,"Western Australia Cricket Association Ground, Perth",4,24.3,24.3,Western Australia,New South Wales,SM Whiteman,C Green,NM Lyon,0,0,,,,,,,,,,,,,
1495281,2025/26,2025-10-04,"Western Australia Cricket Association Ground, Perth",4,24.4,24.4,Western Australia,New South Wales,SM Whiteman,C Green,NM Lyon,0,0,,,,,,,,,,,,,
1495281,2025/26,2025-10-04,"Western Australia Cricket Association Ground, Perth",4,24.5,24.5,Western Australia,New South Wales,SM Whiteman,C Green,NM Lyon,1,0,,,,,,,,,,,,,
1495281,2025/26,2025-10-04,"Western Australia Cricket Association Ground, Perth",4,24.6,24.6,Western Australia,New South Wales,C Green,SM Whiteman,NM Lyon,0,0,,,,,,,,,,,,,
1495281,2025/26,2025-10-04,"Western Australia Cricket Association Ground, Perth",4,25.1,25.1,Western Australia,New South Wales,SM Whiteman,C Green,R Hadley,0,0,,,,,,,,,,,,,
1495281,2025/26,2025-10-04,"Western Australia Cricket Association Ground, Perth",4,25.2,25.2,Western Australia,New South Wales,SM Whiteman,C Green,R Hadley,0,0,,,,,,,,,,,,,
1495281,2025/26,2025-10-04,"Western Australia Cricket Association Ground, Perth",4,25.3,25.3,Western Australia,New South Wales,SM Whiteman,C Green,R Hadley,0,0,,,,,,,bowled,SM Whiteman,,,,,
1495281,2025/26,2025-10-04,"Western Australia Cricket Association Ground, Perth",4,25.4,25.4,Western Australia,New South Wales,HWR Cartwright,C Green,R Hadley,0,0,,,,,,,,,,,,,
1495281,2025/26,2025-10-04,"Western Australia Cricket Association Ground, Perth",4,25.5,25.5,Western Australia,New South Wales,HWR Cartwright,C Green,R Hadley,4,0,,,,,,,,,,,,,
1495281,2025/26,2025-10-04,"Western Australia Cricket Association Ground, Perth",4,25.6,25.6,Western Australia,New South Wales,HWR Cartwright,C Green,R Hadley,0,1,,,1,,,,,,,,,,
1495281,2025/26,2025-10-04,"Western Australia Cricket Association Ground, Perth",4,26.1,26.1,Western Australia,New South Wales,HWR Cartwright,C Green,CH Stobo,0,0,,,,,,,,,,,,,
1495281,2025/26,2025-10-04,"Western Australia Cricket Association Ground, Perth",4,26.2,26.2,Western Australia,New South Wales,HWR Cartwright,C Green,CH Stobo,0,0,,,,,,,,,,,,,
1495281,2025/26,2025-10-04,"Western Australia Cricket Association Ground, Perth",4,26.3,26.3,Western Australia,New South Wales,HWR Cartwright,C Green,CH Stobo,0,0,,,,,,,,,,,,,
1495281,2025/26,2025-10-04,"Western Australia Cricket Association Ground, Perth",4,26.4,26.4,Western Australia,New South Wales,HWR Cartwright,C Green,CH Stobo,0,0,,,,,,,,,,,,,
1495281,2025/26,2025-10-04,"Western Australia Cricket Association Ground, Perth",4,26.5,26.5,Western Australia,New South Wales,HWR Cartwright,C Green,CH Stobo,0,0,,,,,,,,,,,,,
1495281,2025/26,2025-10-04,"Western Australia Cricket Association Ground, Perth",4,26.6,26.6,Western Australia,New South Wales,HWR Cartwright,C Green,CH Stobo,0,0,,,,,,,,,,,,,
1495281,2025/26,2025-10-04,"Western Australia Cricket Association Ground, Perth",4,27.1,27.1,Western Australia,New South Wales,C Green,HWR Cartwright,R Hadley,0,0,,,,,,,,,,,,,
1495281,2025/26,2025-10-04,"Western Australia Cricket Association Ground, Perth",4,27.2,27.2,Western Australia,New South Wales,C Green,HWR Cartwright,R Hadley,0,0,,,,,,,,,,,,,
1495281,2025/26,2025-10-04,"Western Australia Cricket Association Ground, Perth",4,27.3,27.3,Western Australia,New South Wales,C Green,HWR Cartwright,R Hadley,1,0,,,,,,,,,,,,,
1495281,2025/26,2025-10-04,"Western Australia Cricket Association Ground, Perth",4,27.4,27.4,Western Australia,New South Wales,HWR Cartwright,C Green,R Hadley,0,0,,,,,,,,,,,,,
1495281,2025/26,2025-10-04,"Western Australia Cricket Association Ground, Perth",4,27.5,27.5,Western Australia,New South Wales,HWR Cartwright,C Green,R Hadley,0,0,,,,,,,,,,,,,
1495281,2025/26,2025-10-04,"Western Australia Cricket Association Ground, Perth",4,27.6,27.6,Western Australia,New South Wales,HWR Cartwright,C Green,R Hadley,0,0,,,,,,,,,,,,,
1495281,2025/26,2025-10-04,"Western Australia Cricket Association Ground, Perth",4,28.1,28.1,Western Australia,New South Wales,C Green,HWR Cartwright,CH Stobo,0,0,,,,,,,,,,,,,
1495281,2025/26,2025-10-04,"Western Australia Cricket Association Ground, Perth",4,28.2,28.2,Western Australia,New South Wales,C Green,HWR Cartwright,CH Stobo,0,0,,,,,,,,,,,,,
1495281,2025/26,2025-10-04,"Western Australia Cricket Association Ground, Perth",4,28.3,28.3,Western Australia,New South Wales,C Green,HWR Cartwright,CH Stobo,0,0,,,,,,,,,,,,,
1495281,2025/26,2025-10-04,"Western Australia Cricket Association Ground, Perth",4,28.4,28.4,Western Australia,New South Wales,C Green,HWR Cartwright,CH Stobo,6,0,,,,,,,,,,,,,
1495281,2025/26,2025-10-04,"Western Australia Cricket Association Ground, Perth",4,28.5,28.5,Western Australia,New South Wales,C Green,HWR Cartwright,CH Stobo,0,0,,,,,,,,,,,,,
1495281,2025/26,2025-10-04,"Western Australia Cricket Association Ground, Perth",4,28.6,28.6,Western Australia,New South Wales,C Green,HWR Cartwright,CH Stobo,0,0,,,,,,,,,,,,,
1495281,2025/26,2025-10-04,"Western Australia Cricket Association Ground, Perth",4,29.1,29.1,Western Australia,New South Wales,HWR Cartwright,C Green,R Hadley,0,0,,,,,,,,,,,,,
1495281,2025/26,2025-10-04,"Western Australia Cricket Association Ground, Perth",4,29.2,29.2,Western Australia,New South Wales,HWR Cartwright,C Green,R Hadley,0,0,,,,,,,,,,,,,
1495281,2025/26,2025-10-04,"Western Australia Cricket Association Ground, Perth",4,29.3,29.3,Western Australia,New South Wales,HWR Cartwright,C Green,R Hadley,0,0,,,,,,,,,,,,,
1495281,2025/26,2025-10-04,"Western Australia Cricket Association Ground, Perth",4,29.4,29.4,Western Australia,New South Wales,HWR Cartwright,C Green,R Hadley,0,0,,,,,,,,,,,,,
1495281,2025/26,2025-10-04,"Western Australia Cricket Association Ground, Perth",4,29.5,29.5,Western Australia,New South Wales,HWR Cartwright,C Green,R Hadley,3,0,,,,,,,,,,,,,
1495281,2025/26,2025-10-04,"Western Australia Cricket Association Ground, Perth",4,29.6,29.6,Western Australia,New South Wales,C Green,HWR Cartwright,R Hadley,0,0,,,,,,,,,,,,,
1495281,2025/26,2025-10-04,"Western Australia Cricket Association Ground, Perth",4,30.1,30.1,Western Australia,New South Wales,HWR Cartwright,C Green,CH Stobo,0,0,,,,,,,,,,,,,
1495281,2025/26,2025-10-04,"Western Australia Cricket Association Ground, Perth",4,30.2,30.2,Western Australia,New South Wales,HWR Cartwright,C Green,CH Stobo,0,0,,,,,,,,,,,,,
1495281,2025/26,2025-10-04,"Western Australia Cricket Association Ground, Perth",4,30.3,30.3,Western Australia,New South Wales,HWR Cartwright,C Green,CH Stobo,0,0,,,,,,,,,,,,,
1495281,2025/26,2025-10-04,"Western Australia Cricket Association Ground, Perth",4,30.4,30.4,Western Australia,New South Wales,HWR Cartwright,C Green,CH Stobo,0,0,,,,,,,,,,,,,
1495281,2025/26,2025-10-04,"Western Australia Cricket Association Ground, Perth",4,30.5,30.5,Western Australia,New South Wales,HWR Cartwright,C Green,CH Stobo,0,0,,,,,,,,,,,,,
1495281,2025/26,2025-10-04,"Western Australia Cricket Association Ground, Perth",4,30.6,30.6,Western Australia,New South Wales,HWR Cartwright,C Green,CH Stobo,0,0,,,,,,,,,,,,,
1495281,2025/26,2025-10-04,"Western Australia Cricket Association Ground, Perth",4,31.1,31.1,Western Australia,New South Wales,C Green,HWR Cartwright,R Hadley,0,0,,,,,,,,,,,,,
1495281,2025/26,2025-10-04,"Western Australia Cricket Association Ground, Perth",4,31.2,31.2,Western Australia,New South Wales,C Green,HWR Cartwright,R Hadley,0,0,,,,,,,,,,,,,
1495281,2025/26,2025-10-04,"Western Australia Cricket Association Ground, Perth",4,31.3,31.3,Western Australia,New South Wales,C Green,HWR Cartwright,R Hadley,0,0,,,,,,,,,,,,,
1495281,2025/26,2025-10-04,"Western Australia Cricket Association Ground, Perth",4,31.4,31.4,Western Australia,New South Wales,C Green,HWR Cartwright,R Hadley,0,0,,,,,,,,,,,,,
1495281,2025/26,2025-10-04,"Western Australia Cricket Association Ground, Perth",4,31.5,31.5,Western Australia,New South Wales,C Green,HWR Cartwright,R Hadley,0,0,,,,,,,,,,,,,
1495281,2025/26,2025-10-04,"Western Australia Cricket Association Ground, Perth",4,31.6,31.6,Western Australia,New South Wales,C Green,HWR Cartwright,R Hadley,1,0,,,,,,,,,,,,,
1495281,2025/26,2025-10-04,"Western Australia Cricket Association Ground, Perth",4,32.1,32.1,Western Australia,New South Wales,C Green,HWR Cartwright,NM Lyon,1,0,,,,,,,,,,,,,
1495281,2025/26,2025-10-04,"Western Australia Cricket Association Ground, Perth",4,32.2,32.2,Western Australia,New South Wales,HWR Cartwright,C Green,NM Lyon,1,0,,,,,,,,,,,,,
1495281,2025/26,2025-10-04,"Western Australia Cricket Association Ground, Perth",4,32.3,32.3,Western Australia,New South Wales,C Green,HWR Cartwright,NM Lyon,2,0,,,,,,,,,,,,,
1495281,2025/26,2025-10-04,"Western Australia Cricket Association Ground, Perth",4,32.4,32.4,Western Australia,New South Wales,C Green,HWR Cartwright,NM Lyon,1,0,,,,,,,,,,,,,
1495281,2025/26,2025-10-04,"Western Australia Cricket Association Ground, Perth",4,32.5,32.5,Western Australia,New South Wales,HWR Cartwright,C Green,NM Lyon,0,0,,,,,,,,,,,,,
1495281,2025/26,2025-10-04,"Western Australia Cricket Association Ground, Perth",4,32.6,32.6,Western Australia,New South Wales,HWR Cartwright,C Green,NM Lyon,0,0,,,,,,,,,,,,,
1495281,2025/26,2025-10-04,"Western Australia Cricket Association Ground, Perth",4,33.1,33.1,Western Australia,New South Wales,C Green,HWR Cartwright,CH Stobo,0,0,,,,,,,caught and bowled,C Green,,,,,
1495281,2025/26,2025-10-04,"Western Australia Cricket Association Ground, Perth",4,33.2,33.2,Western Australia,New South Wales,JL Curtis,HWR Cartwright,CH Stobo,0,0,,,,,,,caught,JL Curtis,,,R Hadley,,
1495281,2025/26,2025-10-04,"Western Australia Cricket Association Ground, Perth",4,33.3,33.3,Western Australia,New South Wales,AC Agar,HWR Cartwright,CH Stobo,0,0,,,,,,,,,,,,,
1495281,2025/26,2025-10-04,"Western Australia Cricket Association Ground, Perth",4,33.4,33.4,Western Australia,New South Wales,AC Agar,HWR Cartwright,CH Stobo,0,0,,,,,,,,,,,,,
1495281,2025/26,2025-10-04,"Western Australia Cricket Association Ground, Perth",4,33.5,33.5,Western Australia,New South Wales,AC Agar,HWR Cartwright,CH Stobo,1,0,,,,,,,,,,,,,
1495281,2025/26,2025-10-04,"Western Australia Cricket Association Ground, Perth",4,33.6,33.6,Western Australia,New South Wales,HWR Cartwright,AC Agar,CH Stobo,0,0,,,,,,,,,,,,,
1495281,2025/26,2025-10-04,"Western Australia Cricket Association Ground, Perth",4,34.1,34.1,Western Australia,New South Wales,AC Agar,HWR Cartwright,NM Lyon,0,0,,,,,,,,,,,,,
1495281,2025/26,2025-10-04,"Western Australia Cricket Association Ground, Perth",4,34.2,34.2,Western Australia,New South Wales,AC Agar,HWR Cartwright,NM Lyon,0,0,,,,,,,,,,,,,
1495281,2025/26,2025-10-04,"Western Australia Cricket Association Ground, Perth",4,34.3,34.3,Western Australia,New South Wales,AC Agar,HWR Cartwright,NM Lyon,1,0,,,,,,,,,,,,,
1495281,2025/26,2025-10-04,"Western Australia Cricket Association Ground, Perth",4,34.4,34.4,Western Australia,New South Wales,HWR Cartwright,AC Agar,NM Lyon,0,0,,,,,,,,,,,,,
1495281,2025/26,2025-10-04,"Western Australia Cricket Association Ground, Perth",4,34.5,34.5,Western Australia,New South Wales,HWR Cartwright,AC Agar,NM Lyon,0,0,,,,,,,,,,,,,
1495281,2025/26,2025-10-04,"Western Australia Cricket Association Ground, Perth",4,34.6,34.6,Western Australia,New South Wales,HWR Cartwright,AC Agar,NM Lyon,0,0,,,,,,,,,,,,,
1495281,2025/26,2025-10-04,"Western Australia Cricket Association Ground, Perth",4,35.1,35.1,Western Australia,New South Wales,AC Agar,HWR Cartwright,CH Stobo,3,0,,,,,,,,,,,,,
1495281,2025/26,2025-10-04,"Western Australia Cricket Association Ground, Perth",4,35.2,35.2,Western Australia,New South Wales,HWR Cartwright,AC Agar,CH Stobo,0,0,,,,,,,,,,,,,
1495281,2025/26,2025-10-04,"Western Australia Cricket Association Ground, Perth",4,35.3,35.3,Western Australia,New South Wales,HWR Cartwright,AC Agar,CH Stobo,0,0,,,,,,,,,,,,,
1495281,2025/26,2025-10-04,"Western Australia Cricket Association Ground, Perth",4,35.4,35.4,Western Australia,New South Wales,HWR Cartwright,AC Agar,CH Stobo,0,0,,,,,,,,,,,,,
1495281,2025/26,2025-10-04,"Western Australia Cricket Association Ground, Perth",4,35.5,35.5,Western Australia,New South Wales,HWR Cartwright,AC Agar,CH Stobo,0,0,,,,,,,,,,,,,
1495281,2025/26,2025-10-04,"Western Australia Cricket Association Ground, Perth",4,35.6,35.6,Western Australia,New South Wales,HWR Cartwright,AC Agar,CH Stobo,0,0,,,,,,,,,,,,,
1495281,2025/26,2025-10-04,"Western Australia Cricket Association Ground, Perth",4,36.1,36.1,Western Australia,New South Wales,AC Agar,HWR Cartwright,NM Lyon,0,0,,,,,,,,,,,,,
1495281,2025/26,2025-10-04,"Western Australia Cricket Association Ground, Perth",4,36.2,36.2,Western Australia,New South Wales,AC Agar,HWR Cartwright,NM Lyon,0,0,,,,,,,,,,,,,
1495281,2025/26,2025-10-04,"Western Australia Cricket Association Ground, Perth",4,36.3,36.3,Western Australia,New South Wales,AC Agar,HWR Cartwright,NM Lyon,0,0,,,,,,,,,,,,,
1495281,2025/26,2025-10-04,"Western Australia Cricket Association Ground, Perth",4,36.4,36.4,Western Australia,New South Wales,AC Agar,HWR Cartwright,NM Lyon,0,0,,,,,,,,,,,,,
1495281,2025/26,2025-10-04,"Western Australia Cricket Association Ground, Perth",4,36.5,36.5,Western Australia,New South Wales,AC Agar,HWR Cartwright,NM Lyon,0,0,,,,,,,,,,,,,
1495281,2025/26,2025-10-04,"Western Australia Cricket Association Ground, Perth",4,36.6,36.6,Western Australia,New South Wales,AC Agar,HWR Cartwright,NM Lyon,0,0,,,,,,,,,,,,,
1495281,2025/26,2025-10-04,"Western Australia Cricket Association Ground, Perth",4,37.1,37.1,Western Australia,New South Wales,HWR Cartwright,AC Agar,CH Stobo,0,0,,,,,,,,,,,,,
1495281,2025/26,2025-10-04,"Western Australia Cricket Association Ground, Perth",4,37.2,37.2,Western Australia,New South Wales,HWR Cartwright,AC Agar,CH Stobo,1,0,,,,,,,,,,,,,
1495281,2025/26,2025-10-04,"Western Australia Cricket Association Ground, Perth",4,37.3,37.3,Western Australia,New South Wales,AC Agar,HWR Cartwright,CH Stobo,0,0,,,,,,,,,,,,,
1495281,2025/26,2025-10-04,"Western Australia Cricket Association Ground, Perth",4,37.4,37.4,Western Australia,New South Wales,AC Agar,HWR Cartwright,CH Stobo,0,0,,,,,,,,,,,,,
1495281,2025/26,2025-10-04,"Western Australia Cricket Association Ground, Perth",4,37.5,37.5,Western Australia,New South Wales,AC Agar,HWR Cartwright,CH Stobo,0,0,,,,,,,,,,,,,
1495281,2025/26,2025-10-04,"Western Australia Cricket Association Ground, Perth",4,37.6,37.6,Western Australia,New South Wales,AC Agar,HWR Cartwright,CH Stobo,0,0,,,,,,,,,,,,,
1495281,2025/26,2025-10-04,"Western Australia Cricket Association Ground, Perth",4,38.1,38.1,Western Australia,New South Wales,HWR Cartwright,AC Agar,NM Lyon,0,0,,,,,,,,,,,,,
1495281,2025/26,2025-10-04,"Western Australia Cricket Association Ground, Perth",4,38.2,38.2,Western Australia,New South Wales,HWR Cartwright,AC Agar,NM Lyon,0,0,,,,,,,,,,,,,
1495281,2025/26,2025-10-04,"Western Australia Cricket Association Ground, Perth",4,38.3,38.3,Western Australia,New South Wales,HWR Cartwright,AC Agar,NM Lyon,1,0,,,,,,,,,,,,,
1495281,2025/26,2025-10-04,"Western Australia Cricket Association Ground, Perth",4,38.4,38.4,Western Australia,New South Wales,AC Agar,HWR Cartwright,NM Lyon,0,0,,,,,,,,,,,,,
1495281,2025/26,2025-10-04,"Western Australia Cricket Association Ground, Perth",4,38.5,38.5,Western Australia,New South Wales,AC Agar,HWR Cartwright,NM Lyon,1,0,,,,,,,,,,,,,
1495281,2025/26,2025-10-04,"Western Australia Cricket Association Ground, Perth",4,38.6,38.6,Western Australia,New South Wales,HWR Cartwright,AC Agar,NM Lyon,0,0,,,,,,,,,,,,,
1495281,2025/26,2025-10-04,"Western Australia Cricket Association Ground, Perth",4,39.1,39.1,Western Australia,New South Wales,AC Agar,HWR Cartwright,CJ Green,0,0,,,,,,,,,,,,,
1495281,2025/26,2025-10-04,"Western Australia Cricket Association Ground, Perth",4,39.2,39.2,Western Australia,New South Wales,AC Agar,HWR Cartwright,CJ Green,0,0,,,,,,,,,,,,,
1495281,2025/26,2025-10-04,"Western Australia Cricket Association Ground, Perth",4,39.3,39.3,Western Australia,New South Wales,AC Agar,HWR Cartwright,CJ Green,0,0,,,,,,,,,,,,,
1495281,2025/26,2025-10-04,"Western Australia Cricket Association Ground, Perth",4,39.4,39.4,Western Australia,New South Wales,AC Agar,HWR Cartwright,CJ Green,0,0,,,,,,,,,,,,,
1495281,2025/26,2025-10-04,"Western Australia Cricket Association Ground, Perth",4,39.5,39.5,Western Australia,New South Wales,AC Agar,HWR Cartwright,CJ Green,0,0,,,,,,,,,,,,,
1495281,2025/26,2025-10-04,"Western Australia Cricket Association Ground, Perth",4,39.6,39.6,Western Australia,New South Wales,AC Agar,HWR Cartwright,CJ Green,0,0,,,,,,,,,,,,,
1495281,2025/26,2025-10-04,"Western Australia Cricket Association Ground, Perth",4,40.1,40.1,Western Australia,New South Wales,HWR Cartwright,AC Agar,NM Lyon,0,0,,,,,,,,,,,,,
1495281,2025/26,2025-10-04,"Western Australia Cricket Association Ground, Perth",4,40.2,40.2,Western Australia,New South Wales,HWR Cartwright,AC Agar,NM Lyon,1,0,,,,,,,,,,,,,
1495281,2025/26,2025-10-04,"Western Australia Cricket Association Ground, Perth",4,40.3,40.3,Western Australia,New South Wales,AC Agar,HWR Cartwright,NM Lyon,0,0,,,,,,,,,,,,,
1495281,2025/26,2025-10-04,"Western Australia Cricket Association Ground, Perth",4,40.4,40.4,Western Australia,New South Wales,AC Agar,HWR Cartwright,NM Lyon,0,0,,,,,,,,,,,,,
1495281,2025/26,2025-10-04,"Western Australia Cricket Association Ground, Perth",4,40.5,40.5,Western Australia,New South Wales,AC Agar,HWR Cartwright,NM Lyon,1,0,,,,,,,,,,,,,
1495281,2025/26,2025-10-04,"Western Australia Cricket Association Ground, Perth",4,40.6,40.6,Western Australia,New South Wales,HWR Cartwright,AC Agar,NM Lyon,0,0,,,,,,,,,,,,,
1495281,2025/26,2025-10-04,"Western Australia Cricket Association Ground, Perth",4,41.1,41.1,Western Australia,New South Wales,AC Agar,HWR Cartwright,LC Hatcher,0,0,,,,,,,,,,,,,
1495281,2025/26,2025-10-04,"Western Australia Cricket Association Ground, Perth",4,41.2,41.2,Western Australia,New South Wales,AC Agar,HWR Cartwright,LC Hatcher,2,0,,,,,,,,,,,,,
1495281,2025/26,2025-10-04,"Western Australia Cricket Association Ground, Perth",4,41.3,41.3,Western Australia,New South Wales,AC Agar,HWR Cartwright,LC Hatcher,0,0,,,,,,,,,,,,,
1495281,2025/26,2025-10-04,"Western Australia Cricket Association Ground, Perth",4,41.4,41.4,Western Australia,New South Wales,AC Agar,HWR Cartwright,LC Hatcher,0,0,,,,,,,,,,,,,
1495281,2025/26,2025-10-04,"Western Australia Cricket Association Ground, Perth",4,41.5,41.5,Western Australia,New South Wales,AC Agar,HWR Cartwright,LC Hatcher,0,0,,,,,,,,,,,,,
1495281,2025/26,2025-10-04,"Western Australia Cricket Association Ground, Perth",4,41.6,41.6,Western Australia,New South Wales,AC Agar,HWR Cartwright,LC Hatcher,0,0,,,,,,,,,,,,,
1495281,2025/26,2025-10-04,"Western Australia Cricket Association Ground, Perth",4,42.1,42.1,Western Australia,New South Wales,HWR Cartwright,AC Agar,NM Lyon,0,0,,,,,,,,,,,,,
1495281,2025/26,2025-10-04,"Western Australia Cricket Association Ground, Perth",4,42.2,42.2,Western Australia,New South Wales,HWR Cartwright,AC Agar,NM Lyon,0,0,,,,,,,,,,,,,
1495281,2025/26,2025-10-04,"Western Australia Cricket Association Ground, Perth",4,42.3,42.3,Western Australia,New South Wales,HWR Cartwright,AC Agar,NM Lyon,0,0,,,,,,,caught,HWR Cartwright,,,S Konstas,,
1495281,2025/26,2025-10-04,"Western Australia Cricket Association Ground, Perth",4,42.4,42.4,Western Australia,New South Wales,M Kelly,AC Agar,NM Lyon,0,0,,,,,,,,,,,,,
1495281,2025/26,2025-10-04,"Western Australia Cricket Association Ground, Perth",4,42.5,42.5,Western Australia,New South Wales,M Kelly,AC Agar,NM Lyon,0,0,,,,,,,,,,,,,
1495281,2025/26,2025-10-04,"Western Australia Cricket Association Ground, Perth",4,42.6,42.6,Western Australia,New South Wales,M Kelly,AC Agar,NM Lyon,0,0,,,,,,,,,,,,,
1495281,2025/26,2025-10-04,"Western Australia Cricket Association Ground, Perth",4,43.1,43.1,Western Australia,New South Wales,AC Agar,M Kelly,LC Hatcher,1,0,,,,,,,,,,,,,
1495281,2025/26,2025-10-04,"Western Australia Cricket Association Ground, Perth",4,43.2,43.2,Western Australia,New South Wales,M Kelly,AC Agar,LC Hatcher,0,0,,,,,,,,,,,,,
1495281,2025/26,2025-10-04,"Western Australia Cricket Association Ground, Perth",4,43.3,43.3,Western Australia,New South Wales,M Kelly,AC Agar,LC Hatcher,0,0,,,,,,,,,,,,,
1495281,2025/26,2025-10-04,"Western Australia Cricket Association Ground, Perth",4,43.4,43.4,Western Australia,New South Wales,M Kelly,AC Agar,LC Hatcher,0,0,,,,,,,,,,,,,
1495281,2025/26,2025-10-04,"Western Australia Cricket Association Ground, Perth",4,43.5,43.5,Western Australia,New South Wales,M Kelly,AC Agar,LC Hatcher,0,0,,,,,,,caught,M Kelly,,,R Hadley,,
1495281,2025/26,2025-10-04,"Western Australia Cricket Association Ground, Perth",4,43.6,43.6,Western Australia,New South Wales,CJ Gannon,AC Agar,LC Hatcher,0,0,,,,,,,,,,,,,
1495281,2025/26,2025-10-04,"Western Australia Cricket Association Ground, Perth",4,44.1,44.1,Western Australia,New South Wales,AC Agar,CJ Gannon,NM Lyon,0,0,,,,,,,,,,,,,
1495281,2025/26,2025-10-04,"Western Australia Cricket Association Ground, Perth",4,44.2,44.2,Western Australia,New South Wales,AC Agar,CJ Gannon,NM Lyon,0,0,,,,,,,,,,,,,
1495281,2025/26,2025-10-04,"Western Australia Cricket Association Ground, Perth",4,44.3,44.3,Western Australia,New South Wales,AC Agar,CJ Gannon,NM Lyon,4,0,,,,,,,,,,,,,
1495281,2025/26,2025-10-04,"Western Australia Cricket Association Ground, Perth",4,44.4,44.4,Western Australia,New South Wales,AC Agar,CJ Gannon,NM Lyon,0,0,,,,,,,,,,,,,
1495281,2025/26,2025-10-04,"Western Australia Cricket Association Ground, Perth",4,44.5,44.5,Western Australia,New South Wales,AC Agar,CJ Gannon,NM Lyon,0,0,,,,,,,,,,,,,
1495281,2025/26,2025-10-04,"Western Australia Cricket Association Ground, Perth",4,44.6,44.6,Western Australia,New South Wales,AC Agar,CJ Gannon,NM Lyon,0,0,,,,,,,,,,,,,
1495281,2025/26,2025-10-04,"Western Australia Cricket Association Ground, Perth",4,45.1,45.1,Western Australia,New South Wales,CJ Gannon,AC Agar,LC Hatcher,0,0,,,,,,,,,,,,,
1495281,2025/26,2025-10-04,"Western Australia Cricket Association Ground, Perth",4,45.2,45.2,Western Australia,New South Wales,CJ Gannon,AC Agar,LC Hatcher,0,0,,,,,,,,,,,,,
1495281,2025/26,2025-10-04,"Western Australia Cricket Association Ground, Perth",4,45.3,45.3,Western Australia,New South Wales,CJ Gannon,AC Agar,LC Hatcher,0,0,,,,,,,,,,,,,
1495281,2025/26,2025-10-04,"Western Australia Cricket Association Ground, Perth",4,45.4,45.4,Western Australia,New South Wales,CJ Gannon,AC Agar,LC Hatcher,0,0,,,,,,,,,,,,,
1495281,2025/26,2025-10-04,"Western Australia Cricket Association Ground, Perth",4,45.5,45.5,Western Australia,New South Wales,CJ Gannon,AC Agar,LC Hatcher,0,0,,,,,,,bowled,CJ Gannon,,,,,
1495281,2025/26,2025-10-04,"Western Australia Cricket Association Ground, Perth",4,45.6,45.6,Western Australia,New South Wales,CJ Rocchiccioli,AC Agar,LC Hatcher,0,0,,,,,,,,,,,,,
1495281,2025/26,2025-10-04,"Western Australia Cricket Association Ground, Perth",4,46.1,46.1,Western Australia,New South Wales,AC Agar,CJ Rocchiccioli,NM Lyon,1,0,,,,,,,,,,,,,
1495281,2025/26,2025-10-04,"Western Australia Cricket Association Ground, Perth",4,46.2,46.2,Western Australia,New South Wales,CJ Rocchiccioli,AC Agar,NM Lyon,0,0,,,,,,,,,,,,,
1495281,2025/26,2025-10-04,"Western Australia Cricket Association Ground, Perth",4,46.3,46.3,Western Australia,New South Wales,CJ Rocchiccioli,AC Agar,NM Lyon,0,0,,,,,,,,,,,,,
1495281,2025/26,2025-10-04,"Western Australia Cricket Association Ground, Perth",4,46.4,46.4,Western Australia,New South Wales,CJ Rocchiccioli,AC Agar,NM Lyon,0,0,,,,,,,,,,,,,
1495281,2025/26,2025-10-04,"Western Australia Cricket Association Ground, Perth",4,46.5,46.5,Western Australia,New South Wales,CJ Rocchiccioli,AC Agar,NM Lyon,0,0,,,,,,,,,,,,,
1495281,2025/26,2025-10-04,"Western Australia Cricket Association Ground, Perth",4,46.6,46.6,Western Australia,New South Wales,CJ Rocchiccioli,AC Agar,NM Lyon,0,0,,,,,,,,,,,,,
1495281,2025/26,2025-10-04,"Western Australia Cricket Association Ground, Perth",4,47.1,47.1,Western Australia,New South Wales,AC Agar,CJ Rocchiccioli,LC Hatcher,1,0,,,,,,,,,,,,,
1495281,2025/26,2025-10-04,"Western Australia Cricket Association Ground, Perth",4,47.2,47.2,Western Australia,New South Wales,CJ Rocchiccioli,AC Agar,LC Hatcher,0,0,,,,,,,,,,,,,
1495281,2025/26,2025-10-04,"Western Australia Cricket Association Ground, Perth",4,47.3,47.3,Western Australia,New South Wales,CJ Rocchiccioli,AC Agar,LC Hatcher,2,1,,1,,,,,,,,,,,
1495281,2025/26,2025-10-04,"Western Australia Cricket Association Ground, Perth",4,47.4,47.3,Western Australia,New South Wales,CJ Rocchiccioli,AC Agar,LC Hatcher,0,0,,,,,,,caught,CJ Rocchiccioli,,,S Konstas,,
1495281,2025/26,2025-10-04,"Western Australia Cricket Association Ground, Perth",4,47.5,47.4,Western Australia,New South Wales,JS Paris,AC Agar,LC Hatcher,0,4,,,4,,,,,,,,,,
1495281,2025/26,2025-10-04,"Western Australia Cricket Association Ground, Perth",4,47.6,47.5,Western Australia,New South Wales,JS Paris,AC Agar,LC Hatcher,4,0,,,,,,,,,,,,,
1495281,2025/26,2025-10-04,"Western Australia Cricket Association Ground, Perth",4,47.7,47.6,Western Australia,New South Wales,JS Paris,AC Agar,LC Hatcher,4,0,,,,,,,,,,,,,
1495281,2025/26,2025-10-04,"Western Australia Cricket Association Ground, Perth",4,48.1,48.1,Western Australia,New South Wales,AC Agar,JS Paris,NM Lyon,1,0,,,,,,,,,,,,,
1495281,2025/26,2025-10-04,"Western Australia Cricket Association Ground, Perth",4,48.2,48.2,Western Australia,New South Wales,JS Paris,AC Agar,NM Lyon,0,0,,,,,,,,,,,,,
1495281,2025/26,2025-10-04,"Western Australia Cricket Association Ground, Perth",4,48.3,48.3,Western Australia,New South Wales,JS Paris,AC Agar,NM Lyon,0,0,,,,,,,,,,,,,
1495281,2025/26,2025-10-04,"Western Australia Cricket Association Ground, Perth",4,48.4,48.4,Western Australia,New South Wales,JS Paris,AC Agar,NM Lyon,1,0,,,,,,,,,,,,,
1495281,2025/26,2025-10-04,"Western Australia Cricket Association Ground, Perth",4,48.5,48.5,Western Australia,New South Wales,AC Agar,JS Paris,NM Lyon,2,0,,,,,,,,,,,,,
1495281,2025/26,2025-10-04,"Western Australia Cricket Association Ground, Perth",4,48.6,48.6,Western Australia,New South Wales,AC Agar,JS Paris,NM Lyon,6,0,,,,,,,,,,,,,
1495281,2025/26,2025-10-04,"Western Australia Cricket Association Ground, Perth",4,49.1,49.1,Western Australia,New South Wales,JS Paris,AC Agar,LC Hatcher,1,0,,,,,,,,,,,,,
1495281,2025/26,2025-10-04,"Western Australia Cricket Association Ground, Perth",4,49.2,49.2,Western Australia,New South Wales,AC Agar,JS Paris,LC Hatcher,0,0,,,,,,,,,,,,,
1495281,2025/26,2025-10-04,"Western Australia Cricket Association Ground, Perth",4,49.3,49.3,Western Australia,New South Wales,AC Agar,JS Paris,LC Hatcher,1,0,,,,,,,,,,,,,
1495281,2025/26,2025-10-04,"Western Australia Cricket Association Ground, Perth",4,49.4,49.4,Western Australia,New South Wales,JS Paris,AC Agar,LC Hatcher,2,0,,,,,,,,,,,,,
1495281,2025/26,2025-10-04,"Western Australia Cricket Association Ground, Perth",4,49.5,49.5,Western Australia,New South Wales,JS Paris,AC Agar,LC Hatcher,0,0,,,,,,,,,,,,,
1495281,2025/26,2025-10-04,"Western Australia Cricket Association Ground, Perth",4,49.6,49.6,Western Australia,New South Wales,JS Paris,AC Agar,LC Hatcher,1,0,,,,,,,,,,,,,
1495281,2025/26,2025-10-04,"Western Australia Cricket Association Ground, Perth",4,50.1,50.1,Western Australia,New South Wales,JS Paris,AC Agar,NM Lyon,0,0,,,,,,,,,,,,,
1495281,2025/26,2025-10-04,"Western Australia Cricket Association Ground, Perth",4,50.2,50.2,Western Australia,New South Wales,JS Paris,AC Agar,NM Lyon,0,0,,,,,,,,,,,,,
1495281,2025/26,2025-10-04,"Western Australia Cricket Association Ground, Perth",4,50.3,50.3,Western Australia,New South Wales,JS Paris,AC Agar,NM Lyon,0,0,,,,,,,,,,,,,
1495281,2025/26,2025-10-04,"Western Australia Cricket Association Ground, Perth",4,50.4,50.4,Western Australia,New South Wales,JS Paris,AC Agar,NM Lyon,0,0,,,,,,,,,,,,,
1495281,2025/26,2025-10-04,"Western Australia Cricket Association Ground, Perth",4,50.5,50.5,Western Australia,New South Wales,JS Paris,AC Agar,NM Lyon,0,0,,,,,,,,,,,,,
1495281,2025/26,2025-10-04,"Western Australia Cricket Association Ground, Perth",4,50.6,50.6,Western Australia,New South Wales,JS Paris,AC Agar,NM Lyon,0,0,,,,,,,,,,,,,
1495281,2025/26,2025-10-04,"Western Australia Cricket Association Ground, Perth",4,51.1,51.1,Western Australia,New South Wales,AC Agar,JS Paris,LC Hatcher,4,0,,,,,,,,,,,,,
1495281,2025/26,2025-10-04,"Western Australia Cricket Association Ground, Perth",4,51.2,51.2,Western Australia,New South Wales,AC Agar,JS Paris,LC Hatcher,3,0,,,,,,,,,,,,,
1495281,2025/26,2025-10-04,"Western Australia Cricket Association Ground, Perth",4,51.3,51.3,Western Australia,New South Wales,JS Paris,AC Agar,LC Hatcher,4,0,,,,,,,,,,,,,
1495281,2025/26,2025-10-04,"Western Australia Cricket Association Ground, Perth",4,51.4,51.4,Western Australia,New South Wales,JS Paris,AC Agar,LC Hatcher,1,0,,,,,,,,,,,,,
1495281,2025/26,2025-10-04,"Western Australia Cricket Association Ground, Perth",4,51.5,51.5,Western Australia,New South Wales,AC Agar,JS Paris,LC Hatcher,4,0,,,,,,,,,,,,,
1495281,2025/26,2025-10-04,"Western Australia Cricket Association Ground, Perth",4,51.6,51.6,Western Australia,New South Wales,AC Agar,JS Paris,LC Hatcher,0,0,,,,,,,,,,,,,
1495281,2025/26,2025-10-04,"Western Australia Cricket Association Ground, Perth",4,52.1,52.1,Western Australia,New South Wales,JS Paris,AC Agar,NM Lyon,0,0,,,,,,,,,,,,,
1495281,2025/26,2025-10-04,"Western Australia Cricket Association Ground, Perth",4,52.2,52.2,Western Australia,New South Wales,JS Paris,AC Agar,NM Lyon,0,0,,,,,,,,,,,,,
1495281,2025/26,2025-10-04,"Western Australia Cricket Association Ground, Perth",4,52.3,52.3,Western Australia,New South Wales,JS Paris,AC Agar,NM Lyon,4,0,,,,,,,,,,,,,
1495281,2025/26,2025-10-04,"Western Australia Cricket Association Ground, Perth",4,52.4,52.4,Western Australia,New South Wales,JS Paris,AC Agar,NM Lyon,0,0,,,,,,,,,,,,,
1495281,2025/26,2025-10-04,"Western Australia Cricket Association Ground, Perth",4,52.5,52.5,Western Australia,New South Wales,JS Paris,AC Agar,NM Lyon,0,0,,,,,,,,,,,,,
1495281,2025/26,2025-10-04,"Western Australia Cricket Association Ground, Perth",4,52.6,52.6,Western Australia,New South Wales,JS Paris,AC Agar,NM Lyon,0,0,,,,,,,,,,,,,
1495281,2025/26,2025-10-04,"Western Australia Cricket Association Ground, Perth",4,53.1,53.1,Western Australia,New South Wales,AC Agar,JS Paris,R Hadley,0,0,,,,,,,,,,,,,
1495281,2025/26,2025-10-04,"Western Australia Cricket Association Ground, Perth",4,53.2,53.2,Western Australia,New South Wales,AC Agar,JS Paris,R Hadley,4,0,,,,,,,,,,,,,
1495281,2025/26,2025-10-04,"Western Australia Cricket Association Ground, Perth",4,53.3,53.3,Western Australia,New South Wales,AC Agar,JS Paris,R Hadley,0,0,,,,,,,,,,,,,
1495281,2025/26,2025-10-04,"Western Australia Cricket Association Ground, Perth",4,53.4,53.4,Western Australia,New South Wales,AC Agar,JS Paris,R Hadley,0,1,,,,1,,,,,,,,,
1495281,2025/26,2025-10-04,"Western Australia Cricket Association Ground, Perth",4,53.5,53.5,Western Australia,New South Wales,JS Paris,AC Agar,R Hadley,0,0,,,,,,,,,,,,,
1495281,2025/26,2025-10-04,"Western Australia Cricket Association Ground, Perth",4,53.6,53.6,Western Australia,New South Wales,JS Paris,AC Agar,R Hadley,0,0,,,,,,,,,,,,,
1495281,2025/26,2025-10-04,"Western Australia Cricket Association Ground, Perth",4,54.1,54.1,Western Australia,New South Wales,AC Agar,JS Paris,CJ Green,0,0,,,,,,,,,,,,,
1495281,2025/26,2025-10-04,"Western Australia Cricket Association Ground, Perth",4,54.2,54.2,Western Australia,New South Wales,AC Agar,JS Paris,CJ Green,1,0,,,,,,,,,,,,,
1495281,2025/26,2025-10-04,"Western Australia Cricket Association Ground, Perth",4,54.3,54.3,Western Australia,New South Wales,JS Paris,AC Agar,CJ Green,0,0,,,,,,,,,,,,,
1495281,2025/26,2025-10-04,"Western Australia Cricket Association Ground, Perth",4,54.4,54.4,Western Australia,New South Wales,JS Paris,AC Agar,CJ Green,0,0,,,,,,,,,,,,,
1495281,2025/26,2025-10-04,"Western Australia Cricket Association Ground, Perth",4,54.5,54.5,Western Australia,New South Wales,JS Paris,AC Agar,CJ Green,0,0,,,,,,,,,,,,,
1495281,2025/26,2025-10-04,"Western Australia Cricket Association Ground, Perth",4,54.6,54.6,Western Australia,New South Wales,JS Paris,AC Agar,CJ Green,0,0,,,,,,,,,,,,,
1495281,2025/26,2025-10-04,"Western Australia Cricket Association Ground, Perth",4,55.1,55.1,Western Australia,New South Wales,AC Agar,JS Paris,R Hadley,0,0,,,,,,,bowled,AC Agar,,,,,
