match_id,season,start_date,venue,innings,ball,actual_delivery,batting_team,bowling_team,striker,non_striker,bowler,runs_off_bat,extras,wides,noballs,byes,legbyes,penalty,non_boundary,wicket_type,player_dismissed,other_wicket_type,other_player_dismissed,fielder_1,fielder_2,fielder_3
1513344,2026,2026-05-01,"The Cooper Associates County Ground, Taunton",1,0.1,0.1,Yorkshire,Somerset,A Lyth,FJ Bean,L Gregory,0,0,,,,,,,,,,,,,
1513344,2026,2026-05-01,"The Cooper Associates County Ground, Taunton",1,0.2,0.2,Yorkshire,Somerset,A Lyth,FJ Bean,L Gregory,0,0,,,,,,,,,,,,,
1513344,2026,2026-05-01,"The Cooper Associates County Ground, Taunton",1,0.3,0.3,Yorkshire,Somerset,A Lyth,FJ Bean,L Gregory,0,0,,,,,,,,,,,,,
1513344,2026,2026-05-01,"The Cooper Associates County Ground, Taunton",1,0.4,0.4,Yorkshire,Somerset,A Lyth,FJ Bean,L Gregory,4,0,,,,,,,,,,,,,
1513344,2026,2026-05-01,"The Cooper Associates County Ground, Taunton",1,0.5,0.5,Yorkshire,Somerset,A Lyth,FJ Bean,L Gregory,0,0,,,,,,,,,,,,,
1513344,2026,2026-05-01,"The Cooper Associates County Ground, Taunton",1,0.6,0.6,Yorkshire,Somerset,A Lyth,FJ Bean,L Gregory,0,0,,,,,,,,,,,,,
1513344,2026,2026-05-01,"The Cooper Associates County Ground, Taunton",1,1.1,1.1,Yorkshire,Somerset,FJ Bean,A Lyth,ARJ Ogborne,0,0,,,,,,,,,,,,,
1513344,2026,2026-05-01,"The Cooper Associates County Ground, Taunton",1,1.2,1.2,Yorkshire,Somerset,FJ Bean,A Lyth,ARJ Ogborne,0,2,,2,,,,,,,,,,,
1513344,2026,2026-05-01,"The Cooper Associates County Ground, Taunton",1,1.3,1.2,Yorkshire,Somerset,FJ Bean,A Lyth,ARJ Ogborne,4,0,,,,,,,,,,,,,
1513344,2026,2026-05-01,"The Cooper Associates County Ground, Taunton",1,1.4,1.3,Yorkshire,Somerset,FJ Bean,A Lyth,ARJ Ogborne,0,0,,,,,,,,,,,,,
1513344,2026,2026-05-01,"The Cooper Associates County Ground, Taunton",1,1.5,1.4,Yorkshire,Somerset,FJ Bean,A Lyth,ARJ Ogborne,0,0,,,,,,,,,,,,,
1513344,2026,2026-05-01,"The Cooper Associates County Ground, Taunton",1,1.6,1.5,Yorkshire,Somerset,FJ Bean,A Lyth,ARJ Ogborne,2,0,,,,,,,,,,,,,
1513344,2026,2026-05-01,"The Cooper Associates County Ground, Taunton",1,1.7,1.6,Yorkshire,Somerset,FJ Bean,A Lyth,ARJ Ogborne,1,0,,,,,,,,,,,,,
1513344,2026,2026-05-01,"The Cooper Associates County Ground, Taunton",1,2.1,2.1,Yorkshire,Somerset,FJ Bean,A Lyth,L Gregory,0,0,,,,,,,,,,,,,
1513344,2026,2026-05-01,"The Cooper Associates County Ground, Taunton",1,2.2,2.2,Yorkshire,Somerset,FJ Bean,A Lyth,L Gregory,0,0,,,,,,,,,,,,,
1513344,2026,2026-05-01,"The Cooper Associates County Ground, Taunton",1,2.3,2.3,Yorkshire,Somerset,FJ Bean,A Lyth,L Gregory,0,0,,,,,,,,,,,,,
1513344,2026,2026-05-01,"The Cooper Associates County Ground, Taunton",1,2.4,2.4,Yorkshire,Somerset,FJ Bean,A Lyth,L Gregory,0,0,,,,,,,,,,,,,
1513344,2026,2026-05-01,"The Cooper Associates County Ground, Taunton",1,2.5,2.5,Yorkshire,Somerset,FJ Bean,A Lyth,L Gregory,0,0,,,,,,,,,,,,,
1513344,2026,2026-05-01,"The Cooper Associates County Ground, Taunton",1,2.6,2.6,Yorkshire,Somerset,FJ Bean,A Lyth,L Gregory,0,0,,,,,,,,,,,,,
1513344,2026,2026-05-01,"The Cooper Associates County Ground, Taunton",1,3.1,3.1,Yorkshire,Somerset,A Lyth,FJ Bean,ARJ Ogborne,4,0,,,,,,,,,,,,,
1513344,2026,2026-05-01,"The Cooper Associates County Ground, Taunton",1,3.2,3.2,Yorkshire,Somerset,A Lyth,FJ Bean,ARJ Ogborne,0,0,,,,,,,,,,,,,
1513344,2026,2026-05-01,"The Cooper Associates County Ground, Taunton",1,3.3,3.3,Yorkshire,Somerset,A Lyth,FJ Bean,ARJ Ogborne,0,0,,,,,,,,,,,,,
1513344,2026,2026-05-01,"The Cooper Associates County Ground, Taunton",1,3.4,3.4,Yorkshire,Somerset,A Lyth,FJ Bean,ARJ Ogborne,0,0,,,,,,,lbw,A Lyth,,,,,
1513344,2026,2026-05-01,"The Cooper Associates County Ground, Taunton",1,3.5,3.5,Yorkshire,Somerset,JH Wharton,FJ Bean,ARJ Ogborne,0,0,,,,,,,,,,,,,
1513344,2026,2026-05-01,"The Cooper Associates County Ground, Taunton",1,3.6,3.6,Yorkshire,Somerset,JH Wharton,FJ Bean,ARJ Ogborne,0,0,,,,,,,,,,,,,
1513344,2026,2026-05-01,"The Cooper Associates County Ground, Taunton",1,4.1,4.1,Yorkshire,Somerset,FJ Bean,JH Wharton,L Gregory,0,0,,,,,,,,,,,,,
1513344,2026,2026-05-01,"The Cooper Associates County Ground, Taunton",1,4.2,4.2,Yorkshire,Somerset,FJ Bean,JH Wharton,L Gregory,2,2,,2,,,,,,,,,,,
1513344,2026,2026-05-01,"The Cooper Associates County Ground, Taunton",1,4.3,4.2,Yorkshire,Somerset,FJ Bean,JH Wharton,L Gregory,0,0,,,,,,,,,,,,,
1513344,2026,2026-05-01,"The Cooper Associates County Ground, Taunton",1,4.4,4.3,Yorkshire,Somerset,FJ Bean,JH Wharton,L Gregory,0,0,,,,,,,,,,,,,
1513344,2026,2026-05-01,"The Cooper Associates County Ground, Taunton",1,4.5,4.4,Yorkshire,Somerset,FJ Bean,JH Wharton,L Gregory,0,0,,,,,,,,,,,,,
1513344,2026,2026-05-01,"The Cooper Associates County Ground, Taunton",1,4.6,4.5,Yorkshire,Somerset,FJ Bean,JH Wharton,L Gregory,0,0,,,,,,,,,,,,,
1513344,2026,2026-05-01,"The Cooper Associates County Ground, Taunton",1,4.7,4.6,Yorkshire,Somerset,FJ Bean,JH Wharton,L Gregory,1,0,,,,,,,,,,,,,
1513344,2026,2026-05-01,"The Cooper Associates County Ground, Taunton",1,5.1,5.1,Yorkshire,Somerset,FJ Bean,JH Wharton,ARJ Ogborne,0,0,,,,,,,,,,,,,
1513344,2026,2026-05-01,"The Cooper Associates County Ground, Taunton",1,5.2,5.2,Yorkshire,Somerset,FJ Bean,JH Wharton,ARJ Ogborne,0,0,,,,,,,,,,,,,
1513344,2026,2026-05-01,"The Cooper Associates County Ground, Taunton",1,5.3,5.3,Yorkshire,Somerset,FJ Bean,JH Wharton,ARJ Ogborne,0,0,,,,,,,,,,,,,
1513344,2026,2026-05-01,"The Cooper Associates County Ground, Taunton",1,5.4,5.4,Yorkshire,Somerset,FJ Bean,JH Wharton,ARJ Ogborne,0,0,,,,,,,,,,,,,
1513344,2026,2026-05-01,"The Cooper Associates County Ground, Taunton",1,5.5,5.5,Yorkshire,Somerset,FJ Bean,JH Wharton,ARJ Ogborne,4,0,,,,,,,,,,,,,
1513344,2026,2026-05-01,"The Cooper Associates County Ground, Taunton",1,5.6,5.6,Yorkshire,Somerset,FJ Bean,JH Wharton,ARJ Ogborne,0,0,,,,,,,,,,,,,
1513344,2026,2026-05-01,"The Cooper Associates County Ground, Taunton",1,6.1,6.1,Yorkshire,Somerset,JH Wharton,FJ Bean,L Gregory,0,0,,,,,,,,,,,,,
1513344,2026,2026-05-01,"The Cooper Associates County Ground, Taunton",1,6.2,6.2,Yorkshire,Somerset,JH Wharton,FJ Bean,L Gregory,0,0,,,,,,,,,,,,,
1513344,2026,2026-05-01,"The Cooper Associates County Ground, Taunton",1,6.3,6.3,Yorkshire,Somerset,JH Wharton,FJ Bean,L Gregory,0,0,,,,,,,,,,,,,
1513344,2026,2026-05-01,"The Cooper Associates County Ground, Taunton",1,6.4,6.4,Yorkshire,Somerset,JH Wharton,FJ Bean,L Gregory,0,0,,,,,,,,,,,,,
1513344,2026,2026-05-01,"The Cooper Associates County Ground, Taunton",1,6.5,6.5,Yorkshire,Somerset,JH Wharton,FJ Bean,L Gregory,0,0,,,,,,,,,,,,,
1513344,2026,2026-05-01,"The Cooper Associates County Ground, Taunton",1,6.6,6.6,Yorkshire,Somerset,JH Wharton,FJ Bean,L Gregory,0,0,,,,,,,,,,,,,
1513344,2026,2026-05-01,"The Cooper Associates County Ground, Taunton",1,7.1,7.1,Yorkshire,Somerset,FJ Bean,JH Wharton,C Overton,0,0,,,,,,,,,,,,,
1513344,2026,2026-05-01,"The Cooper Associates County Ground, Taunton",1,7.2,7.2,Yorkshire,Somerset,FJ Bean,JH Wharton,C Overton,0,0,,,,,,,,,,,,,
1513344,2026,2026-05-01,"The Cooper Associates County Ground, Taunton",1,7.3,7.3,Yorkshire,Somerset,FJ Bean,JH Wharton,C Overton,0,0,,,,,,,,,,,,,
1513344,2026,2026-05-01,"The Cooper Associates County Ground, Taunton",1,7.4,7.4,Yorkshire,Somerset,FJ Bean,JH Wharton,C Overton,0,0,,,,,,,,,,,,,
1513344,2026,2026-05-01,"The Cooper Associates County Ground, Taunton",1,7.5,7.5,Yorkshire,Somerset,FJ Bean,JH Wharton,C Overton,0,0,,,,,,,,,,,,,
1513344,2026,2026-05-01,"The Cooper Associates County Ground, Taunton",1,7.6,7.6,Yorkshire,Somerset,FJ Bean,JH Wharton,C Overton,2,0,,,,,,,,,,,,,
1513344,2026,2026-05-01,"The Cooper Associates County Ground, Taunton",1,8.1,8.1,Yorkshire,Somerset,JH Wharton,FJ Bean,L Gregory,0,0,,,,,,,,,,,,,
1513344,2026,2026-05-01,"The Cooper Associates County Ground, Taunton",1,8.2,8.2,Yorkshire,Somerset,JH Wharton,FJ Bean,L Gregory,0,0,,,,,,,,,,,,,
1513344,2026,2026-05-01,"The Cooper Associates County Ground, Taunton",1,8.3,8.3,Yorkshire,Somerset,JH Wharton,FJ Bean,L Gregory,0,4,,,4,,,,,,,,,,
1513344,2026,2026-05-01,"The Cooper Associates County Ground, Taunton",1,8.4,8.4,Yorkshire,Somerset,JH Wharton,FJ Bean,L Gregory,0,0,,,,,,,,,,,,,
1513344,2026,2026-05-01,"The Cooper Associates County Ground, Taunton",1,8.5,8.5,Yorkshire,Somerset,JH Wharton,FJ Bean,L Gregory,0,0,,,,,,,,,,,,,
1513344,2026,2026-05-01,"The Cooper Associates County Ground, Taunton",1,8.6,8.6,Yorkshire,Somerset,JH Wharton,FJ Bean,L Gregory,0,0,,,,,,,,,,,,,
1513344,2026,2026-05-01,"The Cooper Associates County Ground, Taunton",1,9.1,9.1,Yorkshire,Somerset,FJ Bean,JH Wharton,C Overton,0,0,,,,,,,,,,,,,
1513344,2026,2026-05-01,"The Cooper Associates County Ground, Taunton",1,9.2,9.2,Yorkshire,Somerset,FJ Bean,JH Wharton,C Overton,1,0,,,,,,,,,,,,,
1513344,2026,2026-05-01,"The Cooper Associates County Ground, Taunton",1,9.3,9.3,Yorkshire,Somerset,JH Wharton,FJ Bean,C Overton,0,0,,,,,,,,,,,,,
1513344,2026,2026-05-01,"The Cooper Associates County Ground, Taunton",1,9.4,9.4,Yorkshire,Somerset,JH Wharton,FJ Bean,C Overton,0,0,,,,,,,,,,,,,
1513344,2026,2026-05-01,"The Cooper Associates County Ground, Taunton",1,9.5,9.5,Yorkshire,Somerset,JH Wharton,FJ Bean,C Overton,0,0,,,,,,,,,,,,,
1513344,2026,2026-05-01,"The Cooper Associates County Ground, Taunton",1,9.6,9.6,Yorkshire,Somerset,JH Wharton,FJ Bean,C Overton,0,0,,,,,,,,,,,,,
1513344,2026,2026-05-01,"The Cooper Associates County Ground, Taunton",1,10.1,10.1,Yorkshire,Somerset,FJ Bean,JH Wharton,L Gregory,4,0,,,,,,,,,,,,,
1513344,2026,2026-05-01,"The Cooper Associates County Ground, Taunton",1,10.2,10.2,Yorkshire,Somerset,FJ Bean,JH Wharton,L Gregory,0,6,,2,4,,,,,,,,,,
1513344,2026,2026-05-01,"The Cooper Associates County Ground, Taunton",1,10.3,10.2,Yorkshire,Somerset,FJ Bean,JH Wharton,L Gregory,4,0,,,,,,,,,,,,,
1513344,2026,2026-05-01,"The Cooper Associates County Ground, Taunton",1,10.4,10.3,Yorkshire,Somerset,FJ Bean,JH Wharton,L Gregory,0,1,,,1,,,,,,,,,,
1513344,2026,2026-05-01,"The Cooper Associates County Ground, Taunton",1,10.5,10.4,Yorkshire,Somerset,JH Wharton,FJ Bean,L Gregory,0,0,,,,,,,,,,,,,
1513344,2026,2026-05-01,"The Cooper Associates County Ground, Taunton",1,10.6,10.5,Yorkshire,Somerset,JH Wharton,FJ Bean,L Gregory,0,0,,,,,,,caught,JH Wharton,,,JEK Rew,,
1513344,2026,2026-05-01,"The Cooper Associates County Ground, Taunton",1,10.7,10.6,Yorkshire,Somerset,JE Root,FJ Bean,L Gregory,0,0,,,,,,,,,,,,,
1513344,2026,2026-05-01,"The Cooper Associates County Ground, Taunton",1,11.1,11.1,Yorkshire,Somerset,FJ Bean,JE Root,C Overton,0,0,,,,,,,,,,,,,
1513344,2026,2026-05-01,"The Cooper Associates County Ground, Taunton",1,11.2,11.2,Yorkshire,Somerset,FJ Bean,JE Root,C Overton,0,0,,,,,,,,,,,,,
1513344,2026,2026-05-01,"The Cooper Associates County Ground, Taunton",1,11.3,11.3,Yorkshire,Somerset,FJ Bean,JE Root,C Overton,0,0,,,,,,,,,,,,,
1513344,2026,2026-05-01,"The Cooper Associates County Ground, Taunton",1,11.4,11.4,Yorkshire,Somerset,FJ Bean,JE Root,C Overton,0,0,,,,,,,,,,,,,
1513344,2026,2026-05-01,"The Cooper Associates County Ground, Taunton",1,11.5,11.5,Yorkshire,Somerset,FJ Bean,JE Root,C Overton,0,0,,,,,,,,,,,,,
1513344,2026,2026-05-01,"The Cooper Associates County Ground, Taunton",1,11.6,11.6,Yorkshire,Somerset,FJ Bean,JE Root,C Overton,0,0,,,,,,,,,,,,,
1513344,2026,2026-05-01,"The Cooper Associates County Ground, Taunton",1,12.1,12.1,Yorkshire,Somerset,JE Root,FJ Bean,L Gregory,0,1,,,,1,,,,,,,,,
1513344,2026,2026-05-01,"The Cooper Associates County Ground, Taunton",1,12.2,12.2,Yorkshire,Somerset,FJ Bean,JE Root,L Gregory,2,0,,,,,,,,,,,,,
1513344,2026,2026-05-01,"The Cooper Associates County Ground, Taunton",1,12.3,12.3,Yorkshire,Somerset,FJ Bean,JE Root,L Gregory,0,0,,,,,,,,,,,,,
1513344,2026,2026-05-01,"The Cooper Associates County Ground, Taunton",1,12.4,12.4,Yorkshire,Somerset,FJ Bean,JE Root,L Gregory,1,0,,,,,,,,,,,,,
1513344,2026,2026-05-01,"The Cooper Associates County Ground, Taunton",1,12.5,12.5,Yorkshire,Somerset,JE Root,FJ Bean,L Gregory,0,0,,,,,,,,,,,,,
1513344,2026,2026-05-01,"The Cooper Associates County Ground, Taunton",1,12.6,12.6,Yorkshire,Somerset,JE Root,FJ Bean,L Gregory,1,0,,,,,,,,,,,,,
1513344,2026,2026-05-01,"The Cooper Associates County Ground, Taunton",1,13.1,13.1,Yorkshire,Somerset,JE Root,FJ Bean,C Overton,0,0,,,,,,,,,,,,,
1513344,2026,2026-05-01,"The Cooper Associates County Ground, Taunton",1,13.2,13.2,Yorkshire,Somerset,JE Root,FJ Bean,C Overton,0,0,,,,,,,,,,,,,
1513344,2026,2026-05-01,"The Cooper Associates County Ground, Taunton",1,13.3,13.3,Yorkshire,Somerset,JE Root,FJ Bean,C Overton,1,0,,,,,,,,,,,,,
1513344,2026,2026-05-01,"The Cooper Associates County Ground, Taunton",1,13.4,13.4,Yorkshire,Somerset,FJ Bean,JE Root,C Overton,1,0,,,,,,,,,,,,,
1513344,2026,2026-05-01,"The Cooper Associates County Ground, Taunton",1,13.5,13.5,Yorkshire,Somerset,JE Root,FJ Bean,C Overton,2,0,,,,,,,,,,,,,
1513344,2026,2026-05-01,"The Cooper Associates County Ground, Taunton",1,13.6,13.6,Yorkshire,Somerset,JE Root,FJ Bean,C Overton,0,0,,,,,,,,,,,,,
1513344,2026,2026-05-01,"The Cooper Associates County Ground, Taunton",1,14.1,14.1,Yorkshire,Somerset,FJ Bean,JE Root,L Gregory,0,0,,,,,,,,,,,,,
1513344,2026,2026-05-01,"The Cooper Associates County Ground, Taunton",1,14.2,14.2,Yorkshire,Somerset,FJ Bean,JE Root,L Gregory,0,0,,,,,,,,,,,,,
1513344,2026,2026-05-01,"The Cooper Associates County Ground, Taunton",1,14.3,14.3,Yorkshire,Somerset,FJ Bean,JE Root,L Gregory,1,0,,,,,,,,,,,,,
1513344,2026,2026-05-01,"The Cooper Associates County Ground, Taunton",1,14.4,14.4,Yorkshire,Somerset,JE Root,FJ Bean,L Gregory,0,0,,,,,,,,,,,,,
1513344,2026,2026-05-01,"The Cooper Associates County Ground, Taunton",1,14.5,14.5,Yorkshire,Somerset,JE Root,FJ Bean,L Gregory,0,0,,,,,,,,,,,,,
1513344,2026,2026-05-01,"The Cooper Associates County Ground, Taunton",1,14.6,14.6,Yorkshire,Somerset,JE Root,FJ Bean,L Gregory,0,0,,,,,,,,,,,,,
1513344,2026,2026-05-01,"The Cooper Associates County Ground, Taunton",1,15.1,15.1,Yorkshire,Somerset,FJ Bean,JE Root,C Overton,0,0,,,,,,,,,,,,,
1513344,2026,2026-05-01,"The Cooper Associates County Ground, Taunton",1,15.2,15.2,Yorkshire,Somerset,FJ Bean,JE Root,C Overton,0,0,,,,,,,,,,,,,
1513344,2026,2026-05-01,"The Cooper Associates County Ground, Taunton",1,15.3,15.3,Yorkshire,Somerset,FJ Bean,JE Root,C Overton,0,0,,,,,,,,,,,,,
1513344,2026,2026-05-01,"The Cooper Associates County Ground, Taunton",1,15.4,15.4,Yorkshire,Somerset,FJ Bean,JE Root,C Overton,0,0,,,,,,,,,,,,,
1513344,2026,2026-05-01,"The Cooper Associates County Ground, Taunton",1,15.5,15.5,Yorkshire,Somerset,FJ Bean,JE Root,C Overton,0,0,,,,,,,,,,,,,
1513344,2026,2026-05-01,"The Cooper Associates County Ground, Taunton",1,15.6,15.6,Yorkshire,Somerset,FJ Bean,JE Root,C Overton,1,0,,,,,,,,,,,,,
1513344,2026,2026-05-01,"The Cooper Associates County Ground, Taunton",1,16.1,16.1,Yorkshire,Somerset,FJ Bean,JE Root,ARJ Ogborne,0,0,,,,,,,,,,,,,
1513344,2026,2026-05-01,"The Cooper Associates County Ground, Taunton",1,16.2,16.2,Yorkshire,Somerset,FJ Bean,JE Root,ARJ Ogborne,0,0,,,,,,,,,,,,,
1513344,2026,2026-05-01,"The Cooper Associates County Ground, Taunton",1,16.3,16.3,Yorkshire,Somerset,FJ Bean,JE Root,ARJ Ogborne,0,0,,,,,,,,,,,,,
1513344,2026,2026-05-01,"The Cooper Associates County Ground, Taunton",1,16.4,16.4,Yorkshire,Somerset,FJ Bean,JE Root,ARJ Ogborne,4,0,,,,,,,,,,,,,
1513344,2026,2026-05-01,"The Cooper Associates County Ground, Taunton",1,16.5,16.5,Yorkshire,Somerset,FJ Bean,JE Root,ARJ Ogborne,0,0,,,,,,,,,,,,,
1513344,2026,2026-05-01,"The Cooper Associates County Ground, Taunton",1,16.6,16.6,Yorkshire,Somerset,FJ Bean,JE Root,ARJ Ogborne,0,0,,,,,,,,,,,,,
1513344,2026,2026-05-01,"The Cooper Associates County Ground, Taunton",1,17.1,17.1,Yorkshire,Somerset,JE Root,FJ Bean,M Pretorius,0,0,,,,,,,,,,,,,
1513344,2026,2026-05-01,"The Cooper Associates County Ground, Taunton",1,17.2,17.2,Yorkshire,Somerset,JE Root,FJ Bean,M Pretorius,0,0,,,,,,,,,,,,,
1513344,2026,2026-05-01,"The Cooper Associates County Ground, Taunton",1,17.3,17.3,Yorkshire,Somerset,JE Root,FJ Bean,M Pretorius,0,0,,,,,,,,,,,,,
1513344,2026,2026-05-01,"The Cooper Associates County Ground, Taunton",1,17.4,17.4,Yorkshire,Somerset,JE Root,FJ Bean,M Pretorius,0,0,,,,,,,,,,,,,
1513344,2026,2026-05-01,"The Cooper Associates County Ground, Taunton",1,17.5,17.5,Yorkshire,Somerset,JE Root,FJ Bean,M Pretorius,0,0,,,,,,,,,,,,,
1513344,2026,2026-05-01,"The Cooper Associates County Ground, Taunton",1,17.6,17.6,Yorkshire,Somerset,JE Root,FJ Bean,M Pretorius,0,0,,,,,,,,,,,,,
1513344,2026,2026-05-01,"The Cooper Associates County Ground, Taunton",1,18.1,18.1,Yorkshire,Somerset,FJ Bean,JE Root,ARJ Ogborne,0,0,,,,,,,,,,,,,
1513344,2026,2026-05-01,"The Cooper Associates County Ground, Taunton",1,18.2,18.2,Yorkshire,Somerset,FJ Bean,JE Root,ARJ Ogborne,0,0,,,,,,,,,,,,,
1513344,2026,2026-05-01,"The Cooper Associates County Ground, Taunton",1,18.3,18.3,Yorkshire,Somerset,FJ Bean,JE Root,ARJ Ogborne,0,0,,,,,,,,,,,,,
1513344,2026,2026-05-01,"The Cooper Associates County Ground, Taunton",1,18.4,18.4,Yorkshire,Somerset,FJ Bean,JE Root,ARJ Ogborne,0,0,,,,,,,,,,,,,
1513344,2026,2026-05-01,"The Cooper Associates County Ground, Taunton",1,18.5,18.5,Yorkshire,Somerset,FJ Bean,JE Root,ARJ Ogborne,0,0,,,,,,,,,,,,,
1513344,2026,2026-05-01,"The Cooper Associates County Ground, Taunton",1,18.6,18.6,Yorkshire,Somerset,FJ Bean,JE Root,ARJ Ogborne,0,0,,,,,,,,,,,,,
1513344,2026,2026-05-01,"The Cooper Associates County Ground, Taunton",1,19.1,19.1,Yorkshire,Somerset,JE Root,FJ Bean,M Pretorius,0,0,,,,,,,,,,,,,
1513344,2026,2026-05-01,"The Cooper Associates County Ground, Taunton",1,19.2,19.2,Yorkshire,Somerset,JE Root,FJ Bean,M Pretorius,0,0,,,,,,,,,,,,,
1513344,2026,2026-05-01,"The Cooper Associates County Ground, Taunton",1,19.3,19.3,Yorkshire,Somerset,JE Root,FJ Bean,M Pretorius,0,0,,,,,,,,,,,,,
1513344,2026,2026-05-01,"The Cooper Associates County Ground, Taunton",1,19.4,19.4,Yorkshire,Somerset,JE Root,FJ Bean,M Pretorius,1,0,,,,,,,,,,,,,
1513344,2026,2026-05-01,"The Cooper Associates County Ground, Taunton",1,19.5,19.5,Yorkshire,Somerset,FJ Bean,JE Root,M Pretorius,0,0,,,,,,,caught,FJ Bean,,,JEK Rew,,
1513344,2026,2026-05-01,"The Cooper Associates County Ground, Taunton",1,19.6,19.6,Yorkshire,Somerset,JM Bairstow,JE Root,M Pretorius,0,0,,,,,,,,,,,,,
1513344,2026,2026-05-01,"The Cooper Associates County Ground, Taunton",1,20.1,20.1,Yorkshire,Somerset,JE Root,JM Bairstow,ARJ Ogborne,1,0,,,,,,,,,,,,,
1513344,2026,2026-05-01,"The Cooper Associates County Ground, Taunton",1,20.2,20.2,Yorkshire,Somerset,JM Bairstow,JE Root,ARJ Ogborne,0,0,,,,,,,,,,,,,
1513344,2026,2026-05-01,"The Cooper Associates County Ground, Taunton",1,20.3,20.3,Yorkshire,Somerset,JM Bairstow,JE Root,ARJ Ogborne,4,0,,,,,,,,,,,,,
1513344,2026,2026-05-01,"The Cooper Associates County Ground, Taunton",1,20.4,20.4,Yorkshire,Somerset,JM Bairstow,JE Root,ARJ Ogborne,0,0,,,,,,,,,,,,,
1513344,2026,2026-05-01,"The Cooper Associates County Ground, Taunton",1,20.5,20.5,Yorkshire,Somerset,JM Bairstow,JE Root,ARJ Ogborne,0,0,,,,,,,,,,,,,
1513344,2026,2026-05-01,"The Cooper Associates County Ground, Taunton",1,20.6,20.6,Yorkshire,Somerset,JM Bairstow,JE Root,ARJ Ogborne,0,0,,,,,,,,,,,,,
1513344,2026,2026-05-01,"The Cooper Associates County Ground, Taunton",1,21.1,21.1,Yorkshire,Somerset,JE Root,JM Bairstow,M Pretorius,0,0,,,,,,,,,,,,,
1513344,2026,2026-05-01,"The Cooper Associates County Ground, Taunton",1,21.2,21.2,Yorkshire,Somerset,JE Root,JM Bairstow,M Pretorius,1,0,,,,,,,,,,,,,
1513344,2026,2026-05-01,"The Cooper Associates County Ground, Taunton",1,21.3,21.3,Yorkshire,Somerset,JM Bairstow,JE Root,M Pretorius,0,0,,,,,,,,,,,,,
1513344,2026,2026-05-01,"The Cooper Associates County Ground, Taunton",1,21.4,21.4,Yorkshire,Somerset,JM Bairstow,JE Root,M Pretorius,0,0,,,,,,,,,,,,,
1513344,2026,2026-05-01,"The Cooper Associates County Ground, Taunton",1,21.5,21.5,Yorkshire,Somerset,JM Bairstow,JE Root,M Pretorius,0,0,,,,,,,,,,,,,
1513344,2026,2026-05-01,"The Cooper Associates County Ground, Taunton",1,21.6,21.6,Yorkshire,Somerset,JM Bairstow,JE Root,M Pretorius,0,0,,,,,,,,,,,,,
1513344,2026,2026-05-01,"The Cooper Associates County Ground, Taunton",1,22.1,22.1,Yorkshire,Somerset,JE Root,JM Bairstow,ARJ Ogborne,0,0,,,,,,,,,,,,,
1513344,2026,2026-05-01,"The Cooper Associates County Ground, Taunton",1,22.2,22.2,Yorkshire,Somerset,JE Root,JM Bairstow,ARJ Ogborne,4,0,,,,,,,,,,,,,
1513344,2026,2026-05-01,"The Cooper Associates County Ground, Taunton",1,22.3,22.3,Yorkshire,Somerset,JE Root,JM Bairstow,ARJ Ogborne,4,0,,,,,,,,,,,,,
1513344,2026,2026-05-01,"The Cooper Associates County Ground, Taunton",1,22.4,22.4,Yorkshire,Somerset,JE Root,JM Bairstow,ARJ Ogborne,0,2,,,,2,,,,,,,,,
1513344,2026,2026-05-01,"The Cooper Associates County Ground, Taunton",1,22.5,22.5,Yorkshire,Somerset,JE Root,JM Bairstow,ARJ Ogborne,0,0,,,,,,,,,,,,,
1513344,2026,2026-05-01,"The Cooper Associates County Ground, Taunton",1,22.6,22.6,Yorkshire,Somerset,JE Root,JM Bairstow,ARJ Ogborne,4,0,,,,,,,,,,,,,
1513344,2026,2026-05-01,"The Cooper Associates County Ground, Taunton",1,23.1,23.1,Yorkshire,Somerset,JM Bairstow,JE Root,M Pretorius,4,0,,,,,,,,,,,,,
1513344,2026,2026-05-01,"The Cooper Associates County Ground, Taunton",1,23.2,23.2,Yorkshire,Somerset,JM Bairstow,JE Root,M Pretorius,0,0,,,,,,,,,,,,,
1513344,2026,2026-05-01,"The Cooper Associates County Ground, Taunton",1,23.3,23.3,Yorkshire,Somerset,JM Bairstow,JE Root,M Pretorius,0,0,,,,,,,,,,,,,
1513344,2026,2026-05-01,"The Cooper Associates County Ground, Taunton",1,23.4,23.4,Yorkshire,Somerset,JM Bairstow,JE Root,M Pretorius,0,0,,,,,,,,,,,,,
1513344,2026,2026-05-01,"The Cooper Associates County Ground, Taunton",1,23.5,23.5,Yorkshire,Somerset,JM Bairstow,JE Root,M Pretorius,4,0,,,,,,,,,,,,,
1513344,2026,2026-05-01,"The Cooper Associates County Ground, Taunton",1,23.6,23.6,Yorkshire,Somerset,JM Bairstow,JE Root,M Pretorius,2,0,,,,,,,,,,,,,
1513344,2026,2026-05-01,"The Cooper Associates County Ground, Taunton",1,24.1,24.1,Yorkshire,Somerset,JE Root,JM Bairstow,C Overton,0,0,,,,,,,,,,,,,
1513344,2026,2026-05-01,"The Cooper Associates County Ground, Taunton",1,24.2,24.2,Yorkshire,Somerset,JE Root,JM Bairstow,C Overton,0,0,,,,,,,,,,,,,
1513344,2026,2026-05-01,"The Cooper Associates County Ground, Taunton",1,24.3,24.3,Yorkshire,Somerset,JE Root,JM Bairstow,C Overton,4,0,,,,,,,,,,,,,
1513344,2026,2026-05-01,"The Cooper Associates County Ground, Taunton",1,24.4,24.4,Yorkshire,Somerset,JE Root,JM Bairstow,C Overton,0,0,,,,,,,,,,,,,
1513344,2026,2026-05-01,"The Cooper Associates County Ground, Taunton",1,24.5,24.5,Yorkshire,Somerset,JE Root,JM Bairstow,C Overton,4,0,,,,,,,,,,,,,
1513344,2026,2026-05-01,"The Cooper Associates County Ground, Taunton",1,24.6,24.6,Yorkshire,Somerset,JE Root,JM Bairstow,C Overton,0,0,,,,,,,,,,,,,
1513344,2026,2026-05-01,"The Cooper Associates County Ground, Taunton",1,25.1,25.1,Yorkshire,Somerset,JM Bairstow,JE Root,M Pretorius,4,0,,,,,,,,,,,,,
1513344,2026,2026-05-01,"The Cooper Associates County Ground, Taunton",1,25.2,25.2,Yorkshire,Somerset,JM Bairstow,JE Root,M Pretorius,4,0,,,,,,,,,,,,,
1513344,2026,2026-05-01,"The Cooper Associates County Ground, Taunton",1,25.3,25.3,Yorkshire,Somerset,JM Bairstow,JE Root,M Pretorius,0,0,,,,,,,,,,,,,
1513344,2026,2026-05-01,"The Cooper Associates County Ground, Taunton",1,25.4,25.4,Yorkshire,Somerset,JM Bairstow,JE Root,M Pretorius,0,0,,,,,,,,,,,,,
1513344,2026,2026-05-01,"The Cooper Associates County Ground, Taunton",1,25.5,25.5,Yorkshire,Somerset,JM Bairstow,JE Root,M Pretorius,0,0,,,,,,,,,,,,,
1513344,2026,2026-05-01,"The Cooper Associates County Ground, Taunton",1,25.6,25.6,Yorkshire,Somerset,JM Bairstow,JE Root,M Pretorius,0,0,,,,,,,,,,,,,
1513344,2026,2026-05-01,"The Cooper Associates County Ground, Taunton",1,26.1,26.1,Yorkshire,Somerset,JE Root,JM Bairstow,C Overton,0,0,,,,,,,,,,,,,
1513344,2026,2026-05-01,"The Cooper Associates County Ground, Taunton",1,26.2,26.2,Yorkshire,Somerset,JE Root,JM Bairstow,C Overton,0,0,,,,,,,,,,,,,
1513344,2026,2026-05-01,"The Cooper Associates County Ground, Taunton",1,26.3,26.3,Yorkshire,Somerset,JE Root,JM Bairstow,C Overton,0,0,,,,,,,,,,,,,
1513344,2026,2026-05-01,"The Cooper Associates County Ground, Taunton",1,26.4,26.4,Yorkshire,Somerset,JE Root,JM Bairstow,C Overton,0,0,,,,,,,,,,,,,
1513344,2026,2026-05-01,"The Cooper Associates County Ground, Taunton",1,26.5,26.5,Yorkshire,Somerset,JE Root,JM Bairstow,C Overton,0,4,,,4,,,,,,,,,,
1513344,2026,2026-05-01,"The Cooper Associates County Ground, Taunton",1,26.6,26.6,Yorkshire,Somerset,JE Root,JM Bairstow,C Overton,0,0,,,,,,,,,,,,,
1513344,2026,2026-05-01,"The Cooper Associates County Ground, Taunton",1,27.1,27.1,Yorkshire,Somerset,JM Bairstow,JE Root,M Pretorius,0,0,,,,,,,,,,,,,
1513344,2026,2026-05-01,"The Cooper Associates County Ground, Taunton",1,27.2,27.2,Yorkshire,Somerset,JM Bairstow,JE Root,M Pretorius,0,0,,,,,,,,,,,,,
1513344,2026,2026-05-01,"The Cooper Associates County Ground, Taunton",1,27.3,27.3,Yorkshire,Somerset,JM Bairstow,JE Root,M Pretorius,0,0,,,,,,,,,,,,,
1513344,2026,2026-05-01,"The Cooper Associates County Ground, Taunton",1,27.4,27.4,Yorkshire,Somerset,JM Bairstow,JE Root,M Pretorius,1,0,,,,,,,,,,,,,
1513344,2026,2026-05-01,"The Cooper Associates County Ground, Taunton",1,27.5,27.5,Yorkshire,Somerset,JE Root,JM Bairstow,M Pretorius,0,0,,,,,,,,,,,,,
1513344,2026,2026-05-01,"The Cooper Associates County Ground, Taunton",1,27.6,27.6,Yorkshire,Somerset,JE Root,JM Bairstow,M Pretorius,0,0,,,,,,,,,,,,,
1513344,2026,2026-05-01,"The Cooper Associates County Ground, Taunton",1,28.1,28.1,Yorkshire,Somerset,JM Bairstow,JE Root,L Gregory,0,0,,,,,,,,,,,,,
1513344,2026,2026-05-01,"The Cooper Associates County Ground, Taunton",1,28.2,28.2,Yorkshire,Somerset,JM Bairstow,JE Root,L Gregory,1,0,,,,,,,,,,,,,
1513344,2026,2026-05-01,"The Cooper Associates County Ground, Taunton",1,28.3,28.3,Yorkshire,Somerset,JE Root,JM Bairstow,L Gregory,4,0,,,,,,,,,,,,,
1513344,2026,2026-05-01,"The Cooper Associates County Ground, Taunton",1,28.4,28.4,Yorkshire,Somerset,JE Root,JM Bairstow,L Gregory,0,0,,,,,,,,,,,,,
1513344,2026,2026-05-01,"The Cooper Associates County Ground, Taunton",1,28.5,28.5,Yorkshire,Somerset,JE Root,JM Bairstow,L Gregory,0,0,,,,,,,,,,,,,
1513344,2026,2026-05-01,"The Cooper Associates County Ground, Taunton",1,28.6,28.6,Yorkshire,Somerset,JE Root,JM Bairstow,L Gregory,0,0,,,,,,,,,,,,,
1513344,2026,2026-05-01,"The Cooper Associates County Ground, Taunton",1,29.1,29.1,Yorkshire,Somerset,JM Bairstow,JE Root,C Overton,1,0,,,,,,,,,,,,,
1513344,2026,2026-05-01,"The Cooper Associates County Ground, Taunton",1,29.2,29.2,Yorkshire,Somerset,JE Root,JM Bairstow,C Overton,0,0,,,,,,,,,,,,,
1513344,2026,2026-05-01,"The Cooper Associates County Ground, Taunton",1,29.3,29.3,Yorkshire,Somerset,JE Root,JM Bairstow,C Overton,0,0,,,,,,,,,,,,,
1513344,2026,2026-05-01,"The Cooper Associates County Ground, Taunton",1,29.4,29.4,Yorkshire,Somerset,JE Root,JM Bairstow,C Overton,0,0,,,,,,,,,,,,,
1513344,2026,2026-05-01,"The Cooper Associates County Ground, Taunton",1,29.5,29.5,Yorkshire,Somerset,JE Root,JM Bairstow,C Overton,0,0,,,,,,,,,,,,,
1513344,2026,2026-05-01,"The Cooper Associates County Ground, Taunton",1,29.6,29.6,Yorkshire,Somerset,JE Root,JM Bairstow,C Overton,2,0,,,,,,,,,,,,,
1513344,2026,2026-05-01,"The Cooper Associates County Ground, Taunton",1,30.1,30.1,Yorkshire,Somerset,JM Bairstow,JE Root,L Gregory,1,0,,,,,,,,,,,,,
1513344,2026,2026-05-01,"The Cooper Associates County Ground, Taunton",1,30.2,30.2,Yorkshire,Somerset,JE Root,JM Bairstow,L Gregory,0,0,,,,,,,,,,,,,
1513344,2026,2026-05-01,"The Cooper Associates County Ground, Taunton",1,30.3,30.3,Yorkshire,Somerset,JE Root,JM Bairstow,L Gregory,0,0,,,,,,,,,,,,,
1513344,2026,2026-05-01,"The Cooper Associates County Ground, Taunton",1,30.4,30.4,Yorkshire,Somerset,JE Root,JM Bairstow,L Gregory,0,0,,,,,,,bowled,JE Root,,,,,
1513344,2026,2026-05-01,"The Cooper Associates County Ground, Taunton",1,30.5,30.5,Yorkshire,Somerset,ML Revis,JM Bairstow,L Gregory,0,0,,,,,,,,,,,,,
1513344,2026,2026-05-01,"The Cooper Associates County Ground, Taunton",1,30.6,30.6,Yorkshire,Somerset,ML Revis,JM Bairstow,L Gregory,0,0,,,,,,,,,,,,,
1513344,2026,2026-05-01,"The Cooper Associates County Ground, Taunton",1,31.1,31.1,Yorkshire,Somerset,JM Bairstow,ML Revis,C Overton,1,0,,,,,,,,,,,,,
1513344,2026,2026-05-01,"The Cooper Associates County Ground, Taunton",1,31.2,31.2,Yorkshire,Somerset,ML Revis,JM Bairstow,C Overton,0,0,,,,,,,,,,,,,
1513344,2026,2026-05-01,"The Cooper Associates County Ground, Taunton",1,31.3,31.3,Yorkshire,Somerset,ML Revis,JM Bairstow,C Overton,0,0,,,,,,,,,,,,,
1513344,2026,2026-05-01,"The Cooper Associates County Ground, Taunton",1,31.4,31.4,Yorkshire,Somerset,ML Revis,JM Bairstow,C Overton,0,0,,,,,,,,,,,,,
1513344,2026,2026-05-01,"The Cooper Associates County Ground, Taunton",1,31.5,31.5,Yorkshire,Somerset,ML Revis,JM Bairstow,C Overton,4,0,,,,,,,,,,,,,
1513344,2026,2026-05-01,"The Cooper Associates County Ground, Taunton",1,31.6,31.6,Yorkshire,Somerset,ML Revis,JM Bairstow,C Overton,0,0,,,,,,,,,,,,,
1513344,2026,2026-05-01,"The Cooper Associates County Ground, Taunton",1,32.1,32.1,Yorkshire,Somerset,JM Bairstow,ML Revis,L Gregory,1,0,,,,,,,,,,,,,
1513344,2026,2026-05-01,"The Cooper Associates County Ground, Taunton",1,32.2,32.2,Yorkshire,Somerset,ML Revis,JM Bairstow,L Gregory,0,0,,,,,,,,,,,,,
1513344,2026,2026-05-01,"The Cooper Associates County Ground, Taunton",1,32.3,32.3,Yorkshire,Somerset,ML Revis,JM Bairstow,L Gregory,2,0,,,,,,,,,,,,,
1513344,2026,2026-05-01,"The Cooper Associates County Ground, Taunton",1,32.4,32.4,Yorkshire,Somerset,ML Revis,JM Bairstow,L Gregory,0,0,,,,,,,,,,,,,
1513344,2026,2026-05-01,"The Cooper Associates County Ground, Taunton",1,32.5,32.5,Yorkshire,Somerset,ML Revis,JM Bairstow,L Gregory,0,0,,,,,,,,,,,,,
1513344,2026,2026-05-01,"The Cooper Associates County Ground, Taunton",1,32.6,32.6,Yorkshire,Somerset,ML Revis,JM Bairstow,L Gregory,0,0,,,,,,,,,,,,,
1513344,2026,2026-05-01,"The Cooper Associates County Ground, Taunton",1,33.1,33.1,Yorkshire,Somerset,JM Bairstow,ML Revis,C Overton,1,0,,,,,,,,,,,,,
1513344,2026,2026-05-01,"The Cooper Associates County Ground, Taunton",1,33.2,33.2,Yorkshire,Somerset,ML Revis,JM Bairstow,C Overton,0,0,,,,,,,,,,,,,
1513344,2026,2026-05-01,"The Cooper Associates County Ground, Taunton",1,33.3,33.3,Yorkshire,Somerset,ML Revis,JM Bairstow,C Overton,1,0,,,,,,,,,,,,,
1513344,2026,2026-05-01,"The Cooper Associates County Ground, Taunton",1,33.4,33.4,Yorkshire,Somerset,JM Bairstow,ML Revis,C Overton,0,0,,,,,,,,,,,,,
1513344,2026,2026-05-01,"The Cooper Associates County Ground, Taunton",1,33.5,33.5,Yorkshire,Somerset,JM Bairstow,ML Revis,C Overton,0,0,,,,,,,,,,,,,
1513344,2026,2026-05-01,"The Cooper Associates County Ground, Taunton",1,33.6,33.6,Yorkshire,Somerset,JM Bairstow,ML Revis,C Overton,0,0,,,,,,,,,,,,,
1513344,2026,2026-05-01,"The Cooper Associates County Ground, Taunton",1,34.1,34.1,Yorkshire,Somerset,ML Revis,JM Bairstow,L Gregory,0,0,,,,,,,,,,,,,
1513344,2026,2026-05-01,"The Cooper Associates County Ground, Taunton",1,34.2,34.2,Yorkshire,Somerset,ML Revis,JM Bairstow,L Gregory,0,0,,,,,,,,,,,,,
1513344,2026,2026-05-01,"The Cooper Associates County Ground, Taunton",1,34.3,34.3,Yorkshire,Somerset,ML Revis,JM Bairstow,L Gregory,0,0,,,,,,,,,,,,,
1513344,2026,2026-05-01,"The Cooper Associates County Ground, Taunton",1,34.4,34.4,Yorkshire,Somerset,ML Revis,JM Bairstow,L Gregory,0,0,,,,,,,,,,,,,
1513344,2026,2026-05-01,"The Cooper Associates County Ground, Taunton",1,34.5,34.5,Yorkshire,Somerset,ML Revis,JM Bairstow,L Gregory,1,0,,,,,,,,,,,,,
1513344,2026,2026-05-01,"The Cooper Associates County Ground, Taunton",1,34.6,34.6,Yorkshire,Somerset,JM Bairstow,ML Revis,L Gregory,1,0,,,,,,,,,,,,,
1513344,2026,2026-05-01,"The Cooper Associates County Ground, Taunton",1,35.1,35.1,Yorkshire,Somerset,JM Bairstow,ML Revis,C Overton,4,0,,,,,,,,,,,,,
1513344,2026,2026-05-01,"The Cooper Associates County Ground, Taunton",1,35.2,35.2,Yorkshire,Somerset,JM Bairstow,ML Revis,C Overton,0,0,,,,,,,,,,,,,
1513344,2026,2026-05-01,"The Cooper Associates County Ground, Taunton",1,35.3,35.3,Yorkshire,Somerset,JM Bairstow,ML Revis,C Overton,0,0,,,,,,,caught,JM Bairstow,,,JEK Rew,,
1513344,2026,2026-05-01,"The Cooper Associates County Ground, Taunton",1,35.4,35.4,Yorkshire,Somerset,GCH Hill,ML Revis,C Overton,0,0,,,,,,,,,,,,,
1513344,2026,2026-05-01,"The Cooper Associates County Ground, Taunton",1,35.5,35.5,Yorkshire,Somerset,GCH Hill,ML Revis,C Overton,0,0,,,,,,,,,,,,,
1513344,2026,2026-05-01,"The Cooper Associates County Ground, Taunton",1,35.6,35.6,Yorkshire,Somerset,GCH Hill,ML Revis,C Overton,0,0,,,,,,,,,,,,,
1513344,2026,2026-05-01,"The Cooper Associates County Ground, Taunton",1,36.1,36.1,Yorkshire,Somerset,ML Revis,GCH Hill,L Gregory,0,0,,,,,,,bowled,ML Revis,,,,,
1513344,2026,2026-05-01,"The Cooper Associates County Ground, Taunton",1,36.2,36.2,Yorkshire,Somerset,DM Bess,GCH Hill,L Gregory,0,0,,,,,,,,,,,,,
1513344,2026,2026-05-01,"The Cooper Associates County Ground, Taunton",1,36.3,36.3,Yorkshire,Somerset,DM Bess,GCH Hill,L Gregory,0,0,,,,,,,,,,,,,
1513344,2026,2026-05-01,"The Cooper Associates County Ground, Taunton",1,36.4,36.4,Yorkshire,Somerset,DM Bess,GCH Hill,L Gregory,0,0,,,,,,,lbw,DM Bess,,,,,
1513344,2026,2026-05-01,"The Cooper Associates County Ground, Taunton",1,36.5,36.5,Yorkshire,Somerset,LV van Beek,GCH Hill,L Gregory,0,2,,,,2,,,,,,,,,
1513344,2026,2026-05-01,"The Cooper Associates County Ground, Taunton",1,36.6,36.6,Yorkshire,Somerset,LV van Beek,GCH Hill,L Gregory,0,0,,,,,,,caught,LV van Beek,,,AM Vaughan,,
1513344,2026,2026-05-01,"The Cooper Associates County Ground, Taunton",1,37.1,37.1,Yorkshire,Somerset,GCH Hill,JA Richardson,C Overton,0,0,,,,,,,,,,,,,
1513344,2026,2026-05-01,"The Cooper Associates County Ground, Taunton",1,37.2,37.2,Yorkshire,Somerset,GCH Hill,JA Richardson,C Overton,0,0,,,,,,,,,,,,,
1513344,2026,2026-05-01,"The Cooper Associates County Ground, Taunton",1,37.3,37.3,Yorkshire,Somerset,GCH Hill,JA Richardson,C Overton,0,0,,,,,,,,,,,,,
1513344,2026,2026-05-01,"The Cooper Associates County Ground, Taunton",1,37.4,37.4,Yorkshire,Somerset,GCH Hill,JA Richardson,C Overton,0,0,,,,,,,,,,,,,
1513344,2026,2026-05-01,"The Cooper Associates County Ground, Taunton",1,37.5,37.5,Yorkshire,Somerset,GCH Hill,JA Richardson,C Overton,1,0,,,,,,,,,,,,,
1513344,2026,2026-05-01,"The Cooper Associates County Ground, Taunton",1,37.6,37.6,Yorkshire,Somerset,JA Richardson,GCH Hill,C Overton,0,0,,,,,,,,,,,,,
1513344,2026,2026-05-01,"The Cooper Associates County Ground, Taunton",1,38.1,38.1,Yorkshire,Somerset,GCH Hill,JA Richardson,L Gregory,0,0,,,,,,,,,,,,,
1513344,2026,2026-05-01,"The Cooper Associates County Ground, Taunton",1,38.2,38.2,Yorkshire,Somerset,GCH Hill,JA Richardson,L Gregory,0,0,,,,,,,,,,,,,
1513344,2026,2026-05-01,"The Cooper Associates County Ground, Taunton",1,38.3,38.3,Yorkshire,Somerset,GCH Hill,JA Richardson,L Gregory,0,0,,,,,,,,,,,,,
1513344,2026,2026-05-01,"The Cooper Associates County Ground, Taunton",1,38.4,38.4,Yorkshire,Somerset,GCH Hill,JA Richardson,L Gregory,1,0,,,,,,,,,,,,,
1513344,2026,2026-05-01,"The Cooper Associates County Ground, Taunton",1,38.5,38.5,Yorkshire,Somerset,JA Richardson,GCH Hill,L Gregory,0,0,,,,,,,,,,,,,
1513344,2026,2026-05-01,"The Cooper Associates County Ground, Taunton",1,38.6,38.6,Yorkshire,Somerset,JA Richardson,GCH Hill,L Gregory,0,0,,,,,,,,,,,,,
1513344,2026,2026-05-01,"The Cooper Associates County Ground, Taunton",1,39.1,39.1,Yorkshire,Somerset,GCH Hill,JA Richardson,C Overton,0,0,,,,,,,,,,,,,
1513344,2026,2026-05-01,"The Cooper Associates County Ground, Taunton",1,39.2,39.2,Yorkshire,Somerset,GCH Hill,JA Richardson,C Overton,1,0,,,,,,,,,,,,,
1513344,2026,2026-05-01,"The Cooper Associates County Ground, Taunton",1,39.3,39.3,Yorkshire,Somerset,JA Richardson,GCH Hill,C Overton,0,0,,,,,,,,,,,,,
1513344,2026,2026-05-01,"The Cooper Associates County Ground, Taunton",1,39.4,39.4,Yorkshire,Somerset,JA Richardson,GCH Hill,C Overton,0,0,,,,,,,,,,,,,
1513344,2026,2026-05-01,"The Cooper Associates County Ground, Taunton",1,39.5,39.5,Yorkshire,Somerset,JA Richardson,GCH Hill,C Overton,0,0,,,,,,,,,,,,,
1513344,2026,2026-05-01,"The Cooper Associates County Ground, Taunton",1,39.6,39.6,Yorkshire,Somerset,JA Richardson,GCH Hill,C Overton,1,0,,,,,,,,,,,,,
1513344,2026,2026-05-01,"The Cooper Associates County Ground, Taunton",1,40.1,40.1,Yorkshire,Somerset,JA Richardson,GCH Hill,L Gregory,0,0,,,,,,,,,,,,,
1513344,2026,2026-05-01,"The Cooper Associates County Ground, Taunton",1,40.2,40.2,Yorkshire,Somerset,JA Richardson,GCH Hill,L Gregory,0,0,,,,,,,bowled,JA Richardson,,,,,
1513344,2026,2026-05-01,"The Cooper Associates County Ground, Taunton",1,40.3,40.3,Yorkshire,Somerset,CJ White,GCH Hill,L Gregory,0,0,,,,,,,,,,,,,
1513344,2026,2026-05-01,"The Cooper Associates County Ground, Taunton",1,40.4,40.4,Yorkshire,Somerset,CJ White,GCH Hill,L Gregory,1,0,,,,,,,,,,,,,
1513344,2026,2026-05-01,"The Cooper Associates County Ground, Taunton",1,40.5,40.5,Yorkshire,Somerset,GCH Hill,CJ White,L Gregory,4,0,,,,,,,,,,,,,
1513344,2026,2026-05-01,"The Cooper Associates County Ground, Taunton",1,40.6,40.6,Yorkshire,Somerset,GCH Hill,CJ White,L Gregory,1,0,,,,,,,,,,,,,
1513344,2026,2026-05-01,"The Cooper Associates County Ground, Taunton",1,41.1,41.1,Yorkshire,Somerset,GCH Hill,CJ White,C Overton,0,0,,,,,,,,,,,,,
1513344,2026,2026-05-01,"The Cooper Associates County Ground, Taunton",1,41.2,41.2,Yorkshire,Somerset,GCH Hill,CJ White,C Overton,0,0,,,,,,,,,,,,,
1513344,2026,2026-05-01,"The Cooper Associates County Ground, Taunton",1,41.3,41.3,Yorkshire,Somerset,GCH Hill,CJ White,C Overton,6,0,,,,,,,,,,,,,
1513344,2026,2026-05-01,"The Cooper Associates County Ground, Taunton",1,41.4,41.4,Yorkshire,Somerset,GCH Hill,CJ White,C Overton,0,0,,,,,,,,,,,,,
1513344,2026,2026-05-01,"The Cooper Associates County Ground, Taunton",1,41.5,41.5,Yorkshire,Somerset,GCH Hill,CJ White,C Overton,1,0,,,,,,,,,,,,,
1513344,2026,2026-05-01,"The Cooper Associates County Ground, Taunton",1,41.6,41.6,Yorkshire,Somerset,CJ White,GCH Hill,C Overton,0,0,,,,,,,,,,,,,
1513344,2026,2026-05-01,"The Cooper Associates County Ground, Taunton",1,42.1,42.1,Yorkshire,Somerset,GCH Hill,CJ White,L Gregory,0,0,,,,,,,,,,,,,
1513344,2026,2026-05-01,"The Cooper Associates County Ground, Taunton",1,42.2,42.2,Yorkshire,Somerset,GCH Hill,CJ White,L Gregory,0,0,,,,,,,,,,,,,
1513344,2026,2026-05-01,"The Cooper Associates County Ground, Taunton",1,42.3,42.3,Yorkshire,Somerset,GCH Hill,CJ White,L Gregory,0,0,,,,,,,,,,,,,
1513344,2026,2026-05-01,"The Cooper Associates County Ground, Taunton",1,42.4,42.4,Yorkshire,Somerset,GCH Hill,CJ White,L Gregory,1,0,,,,,,,,,,,,,
1513344,2026,2026-05-01,"The Cooper Associates County Ground, Taunton",1,42.5,42.5,Yorkshire,Somerset,CJ White,GCH Hill,L Gregory,0,0,,,,,,,,,,,,,
1513344,2026,2026-05-01,"The Cooper Associates County Ground, Taunton",1,42.6,42.6,Yorkshire,Somerset,CJ White,GCH Hill,L Gregory,0,0,,,,,,,,,,,,,
1513344,2026,2026-05-01,"The Cooper Associates County Ground, Taunton",1,43.1,43.1,Yorkshire,Somerset,GCH Hill,CJ White,C Overton,2,0,,,,,,,,,,,,,
1513344,2026,2026-05-01,"The Cooper Associates County Ground, Taunton",1,43.2,43.2,Yorkshire,Somerset,GCH Hill,CJ White,C Overton,0,0,,,,,,,caught,GCH Hill,,,TA Lammonby,,
1513344,2026,2026-05-01,"The Cooper Associates County Ground, Taunton",2,0.1,0.1,Somerset,Yorkshire,AM Vaughan,JF Thomas,JA Richardson,0,0,,,,,,,,,,,,,
1513344,2026,2026-05-01,"The Cooper Associates County Ground, Taunton",2,0.2,0.2,Somerset,Yorkshire,AM Vaughan,JF Thomas,JA Richardson,0,0,,,,,,,,,,,,,
1513344,2026,2026-05-01,"The Cooper Associates County Ground, Taunton",2,0.3,0.3,Somerset,Yorkshire,AM Vaughan,JF Thomas,JA Richardson,0,0,,,,,,,,,,,,,
1513344,2026,2026-05-01,"The Cooper Associates County Ground, Taunton",2,0.4,0.4,Somerset,Yorkshire,AM Vaughan,JF Thomas,JA Richardson,0,0,,,,,,,,,,,,,
1513344,2026,2026-05-01,"The Cooper Associates County Ground, Taunton",2,0.5,0.5,Somerset,Yorkshire,AM Vaughan,JF Thomas,JA Richardson,1,0,,,,,,,,,,,,,
1513344,2026,2026-05-01,"The Cooper Associates County Ground, Taunton",2,0.6,0.6,Somerset,Yorkshire,JF Thomas,AM Vaughan,JA Richardson,0,0,,,,,,,,,,,,,
1513344,2026,2026-05-01,"The Cooper Associates County Ground, Taunton",2,1.1,1.1,Somerset,Yorkshire,AM Vaughan,JF Thomas,CJ White,0,0,,,,,,,,,,,,,
1513344,2026,2026-05-01,"The Cooper Associates County Ground, Taunton",2,1.2,1.2,Somerset,Yorkshire,AM Vaughan,JF Thomas,CJ White,0,0,,,,,,,,,,,,,
1513344,2026,2026-05-01,"The Cooper Associates County Ground, Taunton",2,1.3,1.3,Somerset,Yorkshire,AM Vaughan,JF Thomas,CJ White,0,0,,,,,,,,,,,,,
1513344,2026,2026-05-01,"The Cooper Associates County Ground, Taunton",2,1.4,1.4,Somerset,Yorkshire,AM Vaughan,JF Thomas,CJ White,0,0,,,,,,,,,,,,,
1513344,2026,2026-05-01,"The Cooper Associates County Ground, Taunton",2,1.5,1.5,Somerset,Yorkshire,AM Vaughan,JF Thomas,CJ White,0,0,,,,,,,,,,,,,
1513344,2026,2026-05-01,"The Cooper Associates County Ground, Taunton",2,1.6,1.6,Somerset,Yorkshire,AM Vaughan,JF Thomas,CJ White,0,0,,,,,,,,,,,,,
1513344,2026,2026-05-01,"The Cooper Associates County Ground, Taunton",2,2.1,2.1,Somerset,Yorkshire,JF Thomas,AM Vaughan,JA Richardson,0,0,,,,,,,,,,,,,
1513344,2026,2026-05-01,"The Cooper Associates County Ground, Taunton",2,2.2,2.2,Somerset,Yorkshire,JF Thomas,AM Vaughan,JA Richardson,0,0,,,,,,,,,,,,,
1513344,2026,2026-05-01,"The Cooper Associates County Ground, Taunton",2,2.3,2.3,Somerset,Yorkshire,JF Thomas,AM Vaughan,JA Richardson,1,0,,,,,,,,,,,,,
1513344,2026,2026-05-01,"The Cooper Associates County Ground, Taunton",2,2.4,2.4,Somerset,Yorkshire,AM Vaughan,JF Thomas,JA Richardson,4,0,,,,,,,,,,,,,
1513344,2026,2026-05-01,"The Cooper Associates County Ground, Taunton",2,2.5,2.5,Somerset,Yorkshire,AM Vaughan,JF Thomas,JA Richardson,0,0,,,,,,,,,,,,,
1513344,2026,2026-05-01,"The Cooper Associates County Ground, Taunton",2,2.6,2.6,Somerset,Yorkshire,AM Vaughan,JF Thomas,JA Richardson,0,0,,,,,,,,,,,,,
1513344,2026,2026-05-01,"The Cooper Associates County Ground, Taunton",2,3.1,3.1,Somerset,Yorkshire,JF Thomas,AM Vaughan,CJ White,0,0,,,,,,,,,,,,,
1513344,2026,2026-05-01,"The Cooper Associates County Ground, Taunton",2,3.2,3.2,Somerset,Yorkshire,JF Thomas,AM Vaughan,CJ White,0,0,,,,,,,,,,,,,
1513344,2026,2026-05-01,"The Cooper Associates County Ground, Taunton",2,3.3,3.3,Somerset,Yorkshire,JF Thomas,AM Vaughan,CJ White,1,0,,,,,,,,,,,,,
1513344,2026,2026-05-01,"The Cooper Associates County Ground, Taunton",2,3.4,3.4,Somerset,Yorkshire,AM Vaughan,JF Thomas,CJ White,1,0,,,,,,,,,,,,,
1513344,2026,2026-05-01,"The Cooper Associates County Ground, Taunton",2,3.5,3.5,Somerset,Yorkshire,JF Thomas,AM Vaughan,CJ White,0,0,,,,,,,,,,,,,
1513344,2026,2026-05-01,"The Cooper Associates County Ground, Taunton",2,3.6,3.6,Somerset,Yorkshire,JF Thomas,AM Vaughan,CJ White,4,0,,,,,,,,,,,,,
1513344,2026,2026-05-01,"The Cooper Associates County Ground, Taunton",2,4.1,4.1,Somerset,Yorkshire,AM Vaughan,JF Thomas,JA Richardson,1,0,,,,,,,,,,,,,
1513344,2026,2026-05-01,"The Cooper Associates County Ground, Taunton",2,4.2,4.2,Somerset,Yorkshire,JF Thomas,AM Vaughan,JA Richardson,4,0,,,,,,,,,,,,,
1513344,2026,2026-05-01,"The Cooper Associates County Ground, Taunton",2,4.3,4.3,Somerset,Yorkshire,JF Thomas,AM Vaughan,JA Richardson,0,0,,,,,,,,,,,,,
1513344,2026,2026-05-01,"The Cooper Associates County Ground, Taunton",2,4.4,4.4,Somerset,Yorkshire,JF Thomas,AM Vaughan,JA Richardson,0,0,,,,,,,,,,,,,
1513344,2026,2026-05-01,"The Cooper Associates County Ground, Taunton",2,4.5,4.5,Somerset,Yorkshire,JF Thomas,AM Vaughan,JA Richardson,0,0,,,,,,,,,,,,,
1513344,2026,2026-05-01,"The Cooper Associates County Ground, Taunton",2,4.6,4.6,Somerset,Yorkshire,JF Thomas,AM Vaughan,JA Richardson,0,0,,,,,,,,,,,,,
1513344,2026,2026-05-01,"The Cooper Associates County Ground, Taunton",2,5.1,5.1,Somerset,Yorkshire,AM Vaughan,JF Thomas,CJ White,0,0,,,,,,,,,,,,,
1513344,2026,2026-05-01,"The Cooper Associates County Ground, Taunton",2,5.2,5.2,Somerset,Yorkshire,AM Vaughan,JF Thomas,CJ White,0,0,,,,,,,,,,,,,
1513344,2026,2026-05-01,"The Cooper Associates County Ground, Taunton",2,5.3,5.3,Somerset,Yorkshire,AM Vaughan,JF Thomas,CJ White,0,0,,,,,,,caught,AM Vaughan,,,JM Bairstow,,
1513344,2026,2026-05-01,"The Cooper Associates County Ground, Taunton",2,5.4,5.4,Somerset,Yorkshire,TA Lammonby,JF Thomas,CJ White,0,0,,,,,,,,,,,,,
1513344,2026,2026-05-01,"The Cooper Associates County Ground, Taunton",2,5.5,5.5,Somerset,Yorkshire,TA Lammonby,JF Thomas,CJ White,0,0,,,,,,,,,,,,,
1513344,2026,2026-05-01,"The Cooper Associates County Ground, Taunton",2,5.6,5.6,Somerset,Yorkshire,TA Lammonby,JF Thomas,CJ White,3,0,,,,,,,,,,,,,
1513344,2026,2026-05-01,"The Cooper Associates County Ground, Taunton",2,6.1,6.1,Somerset,Yorkshire,TA Lammonby,JF Thomas,JA Richardson,1,0,,,,,,,,,,,,,
1513344,2026,2026-05-01,"The Cooper Associates County Ground, Taunton",2,6.2,6.2,Somerset,Yorkshire,JF Thomas,TA Lammonby,JA Richardson,0,0,,,,,,,,,,,,,
1513344,2026,2026-05-01,"The Cooper Associates County Ground, Taunton",2,6.3,6.3,Somerset,Yorkshire,JF Thomas,TA Lammonby,JA Richardson,0,0,,,,,,,,,,,,,
1513344,2026,2026-05-01,"The Cooper Associates County Ground, Taunton",2,6.4,6.4,Somerset,Yorkshire,JF Thomas,TA Lammonby,JA Richardson,0,0,,,,,,,,,,,,,
1513344,2026,2026-05-01,"The Cooper Associates County Ground, Taunton",2,6.5,6.5,Somerset,Yorkshire,JF Thomas,TA Lammonby,JA Richardson,4,0,,,,,,,,,,,,,
1513344,2026,2026-05-01,"The Cooper Associates County Ground, Taunton",2,6.6,6.6,Somerset,Yorkshire,JF Thomas,TA Lammonby,JA Richardson,0,0,,,,,,,,,,,,,
1513344,2026,2026-05-01,"The Cooper Associates County Ground, Taunton",2,7.1,7.1,Somerset,Yorkshire,TA Lammonby,JF Thomas,CJ White,0,0,,,,,,,,,,,,,
1513344,2026,2026-05-01,"The Cooper Associates County Ground, Taunton",2,7.2,7.2,Somerset,Yorkshire,TA Lammonby,JF Thomas,CJ White,0,0,,,,,,,,,,,,,
1513344,2026,2026-05-01,"The Cooper Associates County Ground, Taunton",2,7.3,7.3,Somerset,Yorkshire,TA Lammonby,JF Thomas,CJ White,0,0,,,,,,,,,,,,,
1513344,2026,2026-05-01,"The Cooper Associates County Ground, Taunton",2,7.4,7.4,Somerset,Yorkshire,TA Lammonby,JF Thomas,CJ White,0,0,,,,,,,,,,,,,
1513344,2026,2026-05-01,"The Cooper Associates County Ground, Taunton",2,7.5,7.5,Somerset,Yorkshire,TA Lammonby,JF Thomas,CJ White,0,0,,,,,,,,,,,,,
1513344,2026,2026-05-01,"The Cooper Associates County Ground, Taunton",2,7.6,7.6,Somerset,Yorkshire,TA Lammonby,JF Thomas,CJ White,1,0,,,,,,,,,,,,,
1513344,2026,2026-05-01,"The Cooper Associates County Ground, Taunton",2,8.1,8.1,Somerset,Yorkshire,TA Lammonby,JF Thomas,JA Richardson,0,0,,,,,,,,,,,,,
1513344,2026,2026-05-01,"The Cooper Associates County Ground, Taunton",2,8.2,8.2,Somerset,Yorkshire,TA Lammonby,JF Thomas,JA Richardson,0,0,,,,,,,,,,,,,
1513344,2026,2026-05-01,"The Cooper Associates County Ground, Taunton",2,8.3,8.3,Somerset,Yorkshire,TA Lammonby,JF Thomas,JA Richardson,0,0,,,,,,,,,,,,,
1513344,2026,2026-05-01,"The Cooper Associates County Ground, Taunton",2,8.4,8.4,Somerset,Yorkshire,TA Lammonby,JF Thomas,JA Richardson,0,0,,,,,,,lbw,TA Lammonby,,,,,
1513344,2026,2026-05-01,"The Cooper Associates County Ground, Taunton",2,8.5,8.5,Somerset,Yorkshire,JEK Rew,JF Thomas,JA Richardson,0,0,,,,,,,,,,,,,
1513344,2026,2026-05-01,"The Cooper Associates County Ground, Taunton",2,8.6,8.6,Somerset,Yorkshire,JEK Rew,JF Thomas,JA Richardson,0,0,,,,,,,,,,,,,
1513344,2026,2026-05-01,"The Cooper Associates County Ground, Taunton",2,9.1,9.1,Somerset,Yorkshire,JF Thomas,JEK Rew,CJ White,0,0,,,,,,,,,,,,,
1513344,2026,2026-05-01,"The Cooper Associates County Ground, Taunton",2,9.2,9.2,Somerset,Yorkshire,JF Thomas,JEK Rew,CJ White,0,0,,,,,,,,,,,,,
1513344,2026,2026-05-01,"The Cooper Associates County Ground, Taunton",2,9.3,9.3,Somerset,Yorkshire,JF Thomas,JEK Rew,CJ White,0,0,,,,,,,,,,,,,
1513344,2026,2026-05-01,"The Cooper Associates County Ground, Taunton",2,9.4,9.4,Somerset,Yorkshire,JF Thomas,JEK Rew,CJ White,0,0,,,,,,,,,,,,,
1513344,2026,2026-05-01,"The Cooper Associates County Ground, Taunton",2,9.5,9.5,Somerset,Yorkshire,JF Thomas,JEK Rew,CJ White,0,0,,,,,,,,,,,,,
1513344,2026,2026-05-01,"The Cooper Associates County Ground, Taunton",2,9.6,9.6,Somerset,Yorkshire,JF Thomas,JEK Rew,CJ White,0,0,,,,,,,,,,,,,
1513344,2026,2026-05-01,"The Cooper Associates County Ground, Taunton",2,10.1,10.1,Somerset,Yorkshire,JEK Rew,JF Thomas,JA Richardson,1,0,,,,,,,,,,,,,
1513344,2026,2026-05-01,"The Cooper Associates County Ground, Taunton",2,10.2,10.2,Somerset,Yorkshire,JF Thomas,JEK Rew,JA Richardson,1,0,,,,,,,,,,,,,
1513344,2026,2026-05-01,"The Cooper Associates County Ground, Taunton",2,10.3,10.3,Somerset,Yorkshire,JEK Rew,JF Thomas,JA Richardson,4,0,,,,,,,,,,,,,
1513344,2026,2026-05-01,"The Cooper Associates County Ground, Taunton",2,10.4,10.4,Somerset,Yorkshire,JEK Rew,JF Thomas,JA Richardson,1,0,,,,,,,,,,,,,
1513344,2026,2026-05-01,"The Cooper Associates County Ground, Taunton",2,10.5,10.5,Somerset,Yorkshire,JF Thomas,JEK Rew,JA Richardson,1,0,,,,,,,,,,,,,
1513344,2026,2026-05-01,"The Cooper Associates County Ground, Taunton",2,10.6,10.6,Somerset,Yorkshire,JEK Rew,JF Thomas,JA Richardson,1,0,,,,,,,,,,,,,
1513344,2026,2026-05-01,"The Cooper Associates County Ground, Taunton",2,11.1,11.1,Somerset,Yorkshire,JEK Rew,JF Thomas,CJ White,0,0,,,,,,,,,,,,,
1513344,2026,2026-05-01,"The Cooper Associates County Ground, Taunton",2,11.2,11.2,Somerset,Yorkshire,JEK Rew,JF Thomas,CJ White,0,0,,,,,,,caught,JEK Rew,,,FJ Bean,,
1513344,2026,2026-05-01,"The Cooper Associates County Ground, Taunton",2,11.3,11.3,Somerset,Yorkshire,TB Abell,JF Thomas,CJ White,0,0,,,,,,,,,,,,,
1513344,2026,2026-05-01,"The Cooper Associates County Ground, Taunton",2,11.4,11.4,Somerset,Yorkshire,TB Abell,JF Thomas,CJ White,3,0,,,,,,,,,,,,,
1513344,2026,2026-05-01,"The Cooper Associates County Ground, Taunton",2,11.5,11.5,Somerset,Yorkshire,JF Thomas,TB Abell,CJ White,0,0,,,,,,,,,,,,,
1513344,2026,2026-05-01,"The Cooper Associates County Ground, Taunton",2,11.6,11.6,Somerset,Yorkshire,JF Thomas,TB Abell,CJ White,0,0,,,,,,,,,,,,,
1513344,2026,2026-05-01,"The Cooper Associates County Ground, Taunton",2,12.1,12.1,Somerset,Yorkshire,TB Abell,JF Thomas,GCH Hill,0,0,,,,,,,,,,,,,
1513344,2026,2026-05-01,"The Cooper Associates County Ground, Taunton",2,12.2,12.2,Somerset,Yorkshire,TB Abell,JF Thomas,GCH Hill,0,0,,,,,,,,,,,,,
1513344,2026,2026-05-01,"The Cooper Associates County Ground, Taunton",2,12.3,12.3,Somerset,Yorkshire,TB Abell,JF Thomas,GCH Hill,0,0,,,,,,,,,,,,,
1513344,2026,2026-05-01,"The Cooper Associates County Ground, Taunton",2,12.4,12.4,Somerset,Yorkshire,TB Abell,JF Thomas,GCH Hill,0,0,,,,,,,,,,,,,
1513344,2026,2026-05-01,"The Cooper Associates County Ground, Taunton",2,12.5,12.5,Somerset,Yorkshire,TB Abell,JF Thomas,GCH Hill,0,0,,,,,,,,,,,,,
1513344,2026,2026-05-01,"The Cooper Associates County Ground, Taunton",2,12.6,12.6,Somerset,Yorkshire,TB Abell,JF Thomas,GCH Hill,0,0,,,,,,,,,,,,,
1513344,2026,2026-05-01,"The Cooper Associates County Ground, Taunton",2,13.1,13.1,Somerset,Yorkshire,JF Thomas,TB Abell,CJ White,2,0,,,,,,,,,,,,,
1513344,2026,2026-05-01,"The Cooper Associates County Ground, Taunton",2,13.2,13.2,Somerset,Yorkshire,JF Thomas,TB Abell,CJ White,2,0,,,,,,,,,,,,,
1513344,2026,2026-05-01,"The Cooper Associates County Ground, Taunton",2,13.3,13.3,Somerset,Yorkshire,JF Thomas,TB Abell,CJ White,0,0,,,,,,,,,,,,,
1513344,2026,2026-05-01,"The Cooper Associates County Ground, Taunton",2,13.4,13.4,Somerset,Yorkshire,JF Thomas,TB Abell,CJ White,2,0,,,,,,,,,,,,,
1513344,2026,2026-05-01,"The Cooper Associates County Ground, Taunton",2,13.5,13.5,Somerset,Yorkshire,JF Thomas,TB Abell,CJ White,0,0,,,,,,,,,,,,,
1513344,2026,2026-05-01,"The Cooper Associates County Ground, Taunton",2,13.6,13.6,Somerset,Yorkshire,JF Thomas,TB Abell,CJ White,4,0,,,,,,,,,,,,,
1513344,2026,2026-05-01,"The Cooper Associates County Ground, Taunton",2,14.1,14.1,Somerset,Yorkshire,TB Abell,JF Thomas,GCH Hill,0,0,,,,,,,,,,,,,
1513344,2026,2026-05-01,"The Cooper Associates County Ground, Taunton",2,14.2,14.2,Somerset,Yorkshire,TB Abell,JF Thomas,GCH Hill,0,0,,,,,,,,,,,,,
1513344,2026,2026-05-01,"The Cooper Associates County Ground, Taunton",2,14.3,14.3,Somerset,Yorkshire,TB Abell,JF Thomas,GCH Hill,0,0,,,,,,,,,,,,,
1513344,2026,2026-05-01,"The Cooper Associates County Ground, Taunton",2,14.4,14.4,Somerset,Yorkshire,TB Abell,JF Thomas,GCH Hill,2,0,,,,,,,,,,,,,
1513344,2026,2026-05-01,"The Cooper Associates County Ground, Taunton",2,14.5,14.5,Somerset,Yorkshire,TB Abell,JF Thomas,GCH Hill,0,0,,,,,,,,,,,,,
1513344,2026,2026-05-01,"The Cooper Associates County Ground, Taunton",2,14.6,14.6,Somerset,Yorkshire,TB Abell,JF Thomas,GCH Hill,0,0,,,,,,,,,,,,,
1513344,2026,2026-05-01,"The Cooper Associates County Ground, Taunton",2,15.1,15.1,Somerset,Yorkshire,JF Thomas,TB Abell,LV van Beek,4,2,,2,,,,,,,,,,,
1513344,2026,2026-05-01,"The Cooper Associates County Ground, Taunton",2,15.2,15.1,Somerset,Yorkshire,JF Thomas,TB Abell,LV van Beek,0,0,,,,,,,,,,,,,
1513344,2026,2026-05-01,"The Cooper Associates County Ground, Taunton",2,15.3,15.2,Somerset,Yorkshire,JF Thomas,TB Abell,LV van Beek,2,0,,,,,,,,,,,,,
1513344,2026,2026-05-01,"The Cooper Associates County Ground, Taunton",2,15.4,15.3,Somerset,Yorkshire,JF Thomas,TB Abell,LV van Beek,1,0,,,,,,,,,,,,,
1513344,2026,2026-05-01,"The Cooper Associates County Ground, Taunton",2,15.5,15.4,Somerset,Yorkshire,TB Abell,JF Thomas,LV van Beek,0,0,,,,,,,,,,,,,
1513344,2026,2026-05-01,"The Cooper Associates County Ground, Taunton",2,15.6,15.5,Somerset,Yorkshire,TB Abell,JF Thomas,LV van Beek,0,0,,,,,,,,,,,,,
1513344,2026,2026-05-01,"The Cooper Associates County Ground, Taunton",2,15.7,15.6,Somerset,Yorkshire,TB Abell,JF Thomas,LV van Beek,0,0,,,,,,,,,,,,,
1513344,2026,2026-05-01,"The Cooper Associates County Ground, Taunton",2,16.1,16.1,Somerset,Yorkshire,JF Thomas,TB Abell,GCH Hill,0,0,,,,,,,,,,,,,
1513344,2026,2026-05-01,"The Cooper Associates County Ground, Taunton",2,16.2,16.2,Somerset,Yorkshire,JF Thomas,TB Abell,GCH Hill,0,0,,,,,,,,,,,,,
1513344,2026,2026-05-01,"The Cooper Associates County Ground, Taunton",2,16.3,16.3,Somerset,Yorkshire,JF Thomas,TB Abell,GCH Hill,0,0,,,,,,,,,,,,,
1513344,2026,2026-05-01,"The Cooper Associates County Ground, Taunton",2,16.4,16.4,Somerset,Yorkshire,JF Thomas,TB Abell,GCH Hill,0,0,,,,,,,,,,,,,
1513344,2026,2026-05-01,"The Cooper Associates County Ground, Taunton",2,16.5,16.5,Somerset,Yorkshire,JF Thomas,TB Abell,GCH Hill,0,0,,,,,,,,,,,,,
1513344,2026,2026-05-01,"The Cooper Associates County Ground, Taunton",2,16.6,16.6,Somerset,Yorkshire,JF Thomas,TB Abell,GCH Hill,0,0,,,,,,,,,,,,,
1513344,2026,2026-05-01,"The Cooper Associates County Ground, Taunton",2,17.1,17.1,Somerset,Yorkshire,TB Abell,JF Thomas,LV van Beek,0,0,,,,,,,,,,,,,
1513344,2026,2026-05-01,"The Cooper Associates County Ground, Taunton",2,17.2,17.2,Somerset,Yorkshire,TB Abell,JF Thomas,LV van Beek,0,0,,,,,,,,,,,,,
1513344,2026,2026-05-01,"The Cooper Associates County Ground, Taunton",2,17.3,17.3,Somerset,Yorkshire,TB Abell,JF Thomas,LV van Beek,0,0,,,,,,,,,,,,,
1513344,2026,2026-05-01,"The Cooper Associates County Ground, Taunton",2,17.4,17.4,Somerset,Yorkshire,TB Abell,JF Thomas,LV van Beek,0,1,,,,1,,,,,,,,,
1513344,2026,2026-05-01,"The Cooper Associates County Ground, Taunton",2,17.5,17.5,Somerset,Yorkshire,JF Thomas,TB Abell,LV van Beek,3,0,,,,,,,,,,,,,
1513344,2026,2026-05-01,"The Cooper Associates County Ground, Taunton",2,17.6,17.6,Somerset,Yorkshire,TB Abell,JF Thomas,LV van Beek,0,0,,,,,,,,,,,,,
1513344,2026,2026-05-01,"The Cooper Associates County Ground, Taunton",2,18.1,18.1,Somerset,Yorkshire,JF Thomas,TB Abell,GCH Hill,0,0,,,,,,,,,,,,,
1513344,2026,2026-05-01,"The Cooper Associates County Ground, Taunton",2,18.2,18.2,Somerset,Yorkshire,JF Thomas,TB Abell,GCH Hill,4,0,,,,,,,,,,,,,
1513344,2026,2026-05-01,"The Cooper Associates County Ground, Taunton",2,18.3,18.3,Somerset,Yorkshire,JF Thomas,TB Abell,GCH Hill,4,0,,,,,,,,,,,,,
1513344,2026,2026-05-01,"The Cooper Associates County Ground, Taunton",2,18.4,18.4,Somerset,Yorkshire,JF Thomas,TB Abell,GCH Hill,0,0,,,,,,,,,,,,,
1513344,2026,2026-05-01,"The Cooper Associates County Ground, Taunton",2,18.5,18.5,Somerset,Yorkshire,JF Thomas,TB Abell,GCH Hill,1,0,,,,,,,,,,,,,
1513344,2026,2026-05-01,"The Cooper Associates County Ground, Taunton",2,18.6,18.6,Somerset,Yorkshire,TB Abell,JF Thomas,GCH Hill,0,0,,,,,,,,,,,,,
1513344,2026,2026-05-01,"The Cooper Associates County Ground, Taunton",2,19.1,19.1,Somerset,Yorkshire,JF Thomas,TB Abell,LV van Beek,4,0,,,,,,,,,,,,,
1513344,2026,2026-05-01,"The Cooper Associates County Ground, Taunton",2,19.2,19.2,Somerset,Yorkshire,JF Thomas,TB Abell,LV van Beek,0,0,,,,,,,,,,,,,
1513344,2026,2026-05-01,"The Cooper Associates County Ground, Taunton",2,19.3,19.3,Somerset,Yorkshire,JF Thomas,TB Abell,LV van Beek,4,0,,,,,,,,,,,,,
1513344,2026,2026-05-01,"The Cooper Associates County Ground, Taunton",2,19.4,19.4,Somerset,Yorkshire,JF Thomas,TB Abell,LV van Beek,0,0,,,,,,,,,,,,,
1513344,2026,2026-05-01,"The Cooper Associates County Ground, Taunton",2,19.5,19.5,Somerset,Yorkshire,JF Thomas,TB Abell,LV van Beek,1,0,,,,,,,,,,,,,
1513344,2026,2026-05-01,"The Cooper Associates County Ground, Taunton",2,19.6,19.6,Somerset,Yorkshire,TB Abell,JF Thomas,LV van Beek,0,0,,,,,,,,,,,,,
1513344,2026,2026-05-01,"The Cooper Associates County Ground, Taunton",2,20.1,20.1,Somerset,Yorkshire,JF Thomas,TB Abell,GCH Hill,0,0,,,,,,,,,,,,,
1513344,2026,2026-05-01,"The Cooper Associates County Ground, Taunton",2,20.2,20.2,Somerset,Yorkshire,JF Thomas,TB Abell,GCH Hill,1,0,,,,,,,,,,,,,
1513344,2026,2026-05-01,"The Cooper Associates County Ground, Taunton",2,20.3,20.3,Somerset,Yorkshire,TB Abell,JF Thomas,GCH Hill,0,0,,,,,,,,,,,,,
1513344,2026,2026-05-01,"The Cooper Associates County Ground, Taunton",2,20.4,20.4,Somerset,Yorkshire,TB Abell,JF Thomas,GCH Hill,0,0,,,,,,,,,,,,,
1513344,2026,2026-05-01,"The Cooper Associates County Ground, Taunton",2,20.5,20.5,Somerset,Yorkshire,TB Abell,JF Thomas,GCH Hill,0,0,,,,,,,,,,,,,
1513344,2026,2026-05-01,"The Cooper Associates County Ground, Taunton",2,20.6,20.6,Somerset,Yorkshire,TB Abell,JF Thomas,GCH Hill,0,0,,,,,,,,,,,,,
1513344,2026,2026-05-01,"The Cooper Associates County Ground, Taunton",2,21.1,21.1,Somerset,Yorkshire,JF Thomas,TB Abell,LV van Beek,0,0,,,,,,,,,,,,,
1513344,2026,2026-05-01,"The Cooper Associates County Ground, Taunton",2,21.2,21.2,Somerset,Yorkshire,JF Thomas,TB Abell,LV van Beek,1,0,,,,,,,,,,,,,
1513344,2026,2026-05-01,"The Cooper Associates County Ground, Taunton",2,21.3,21.3,Somerset,Yorkshire,TB Abell,JF Thomas,LV van Beek,0,0,,,,,,,,,,,,,
1513344,2026,2026-05-01,"The Cooper Associates County Ground, Taunton",2,21.4,21.4,Somerset,Yorkshire,TB Abell,JF Thomas,LV van Beek,0,0,,,,,,,,,,,,,
1513344,2026,2026-05-01,"The Cooper Associates County Ground, Taunton",2,21.5,21.5,Somerset,Yorkshire,TB Abell,JF Thomas,LV van Beek,0,0,,,,,,,,,,,,,
1513344,2026,2026-05-01,"The Cooper Associates County Ground, Taunton",2,21.6,21.6,Somerset,Yorkshire,TB Abell,JF Thomas,LV van Beek,0,0,,,,,,,,,,,,,
1513344,2026,2026-05-01,"The Cooper Associates County Ground, Taunton",2,22.1,22.1,Somerset,Yorkshire,JF Thomas,TB Abell,GCH Hill,0,0,,,,,,,,,,,,,
1513344,2026,2026-05-01,"The Cooper Associates County Ground, Taunton",2,22.2,22.2,Somerset,Yorkshire,JF Thomas,TB Abell,GCH Hill,0,2,,2,,,,,,,,,,,
1513344,2026,2026-05-01,"The Cooper Associates County Ground, Taunton",2,22.3,22.2,Somerset,Yorkshire,JF Thomas,TB Abell,GCH Hill,0,0,,,,,,,,,,,,,
1513344,2026,2026-05-01,"The Cooper Associates County Ground, Taunton",2,22.4,22.3,Somerset,Yorkshire,JF Thomas,TB Abell,GCH Hill,0,0,,,,,,,,,,,,,
1513344,2026,2026-05-01,"The Cooper Associates County Ground, Taunton",2,22.5,22.4,Somerset,Yorkshire,JF Thomas,TB Abell,GCH Hill,0,0,,,,,,,,,,,,,
1513344,2026,2026-05-01,"The Cooper Associates County Ground, Taunton",2,22.6,22.5,Somerset,Yorkshire,JF Thomas,TB Abell,GCH Hill,0,0,,,,,,,,,,,,,
1513344,2026,2026-05-01,"The Cooper Associates County Ground, Taunton",2,22.7,22.6,Somerset,Yorkshire,JF Thomas,TB Abell,GCH Hill,4,0,,,,,,,,,,,,,
1513344,2026,2026-05-01,"The Cooper Associates County Ground, Taunton",2,23.1,23.1,Somerset,Yorkshire,TB Abell,JF Thomas,LV van Beek,1,0,,,,,,,,,,,,,
1513344,2026,2026-05-01,"The Cooper Associates County Ground, Taunton",2,23.2,23.2,Somerset,Yorkshire,JF Thomas,TB Abell,LV van Beek,0,0,,,,,,,,,,,,,
1513344,2026,2026-05-01,"The Cooper Associates County Ground, Taunton",2,23.3,23.3,Somerset,Yorkshire,JF Thomas,TB Abell,LV van Beek,1,0,,,,,,,,,,,,,
1513344,2026,2026-05-01,"The Cooper Associates County Ground, Taunton",2,23.4,23.4,Somerset,Yorkshire,TB Abell,JF Thomas,LV van Beek,0,0,,,,,,,,,,,,,
1513344,2026,2026-05-01,"The Cooper Associates County Ground, Taunton",2,23.5,23.5,Somerset,Yorkshire,TB Abell,JF Thomas,LV van Beek,1,0,,,,,,,,,,,,,
1513344,2026,2026-05-01,"The Cooper Associates County Ground, Taunton",2,23.6,23.6,Somerset,Yorkshire,JF Thomas,TB Abell,LV van Beek,0,0,,,,,,,,,,,,,
1513344,2026,2026-05-01,"The Cooper Associates County Ground, Taunton",2,24.1,24.1,Somerset,Yorkshire,TB Abell,JF Thomas,GCH Hill,0,0,,,,,,,,,,,,,
1513344,2026,2026-05-01,"The Cooper Associates County Ground, Taunton",2,24.2,24.2,Somerset,Yorkshire,TB Abell,JF Thomas,GCH Hill,3,0,,,,,,,,,,,,,
1513344,2026,2026-05-01,"The Cooper Associates County Ground, Taunton",2,24.3,24.3,Somerset,Yorkshire,JF Thomas,TB Abell,GCH Hill,0,0,,,,,,,,,,,,,
1513344,2026,2026-05-01,"The Cooper Associates County Ground, Taunton",2,24.4,24.4,Somerset,Yorkshire,JF Thomas,TB Abell,GCH Hill,0,0,,,,,,,,,,,,,
1513344,2026,2026-05-01,"The Cooper Associates County Ground, Taunton",2,24.5,24.5,Somerset,Yorkshire,JF Thomas,TB Abell,GCH Hill,0,0,,,,,,,,,,,,,
1513344,2026,2026-05-01,"The Cooper Associates County Ground, Taunton",2,24.6,24.6,Somerset,Yorkshire,JF Thomas,TB Abell,GCH Hill,0,0,,,,,,,,,,,,,
1513344,2026,2026-05-01,"The Cooper Associates County Ground, Taunton",2,25.1,25.1,Somerset,Yorkshire,TB Abell,JF Thomas,LV van Beek,0,0,,,,,,,,,,,,,
1513344,2026,2026-05-01,"The Cooper Associates County Ground, Taunton",2,25.2,25.2,Somerset,Yorkshire,TB Abell,JF Thomas,LV van Beek,0,0,,,,,,,,,,,,,
1513344,2026,2026-05-01,"The Cooper Associates County Ground, Taunton",2,25.3,25.3,Somerset,Yorkshire,TB Abell,JF Thomas,LV van Beek,1,0,,,,,,,,,,,,,
1513344,2026,2026-05-01,"The Cooper Associates County Ground, Taunton",2,25.4,25.4,Somerset,Yorkshire,JF Thomas,TB Abell,LV van Beek,1,0,,,,,,,,,,,,,
1513344,2026,2026-05-01,"The Cooper Associates County Ground, Taunton",2,25.5,25.5,Somerset,Yorkshire,TB Abell,JF Thomas,LV van Beek,2,0,,,,,,,,,,,,,
1513344,2026,2026-05-01,"The Cooper Associates County Ground, Taunton",2,25.6,25.6,Somerset,Yorkshire,TB Abell,JF Thomas,LV van Beek,0,0,,,,,,,,,,,,,
1513344,2026,2026-05-01,"The Cooper Associates County Ground, Taunton",2,26.1,26.1,Somerset,Yorkshire,JF Thomas,TB Abell,GCH Hill,0,0,,,,,,,,,,,,,
1513344,2026,2026-05-01,"The Cooper Associates County Ground, Taunton",2,26.2,26.2,Somerset,Yorkshire,JF Thomas,TB Abell,GCH Hill,0,0,,,,,,,,,,,,,
1513344,2026,2026-05-01,"The Cooper Associates County Ground, Taunton",2,26.3,26.3,Somerset,Yorkshire,JF Thomas,TB Abell,GCH Hill,0,0,,,,,,,,,,,,,
1513344,2026,2026-05-01,"The Cooper Associates County Ground, Taunton",2,26.4,26.4,Somerset,Yorkshire,JF Thomas,TB Abell,GCH Hill,0,0,,,,,,,,,,,,,
1513344,2026,2026-05-01,"The Cooper Associates County Ground, Taunton",2,26.5,26.5,Somerset,Yorkshire,JF Thomas,TB Abell,GCH Hill,0,0,,,,,,,,,,,,,
1513344,2026,2026-05-01,"The Cooper Associates County Ground, Taunton",2,26.6,26.6,Somerset,Yorkshire,JF Thomas,TB Abell,GCH Hill,1,0,,,,,,,,,,,,,
1513344,2026,2026-05-01,"The Cooper Associates County Ground, Taunton",2,27.1,27.1,Somerset,Yorkshire,JF Thomas,TB Abell,JA Richardson,1,0,,,,,,,,,,,,,
1513344,2026,2026-05-01,"The Cooper Associates County Ground, Taunton",2,27.2,27.2,Somerset,Yorkshire,TB Abell,JF Thomas,JA Richardson,0,0,,,,,,,,,,,,,
1513344,2026,2026-05-01,"The Cooper Associates County Ground, Taunton",2,27.3,27.3,Somerset,Yorkshire,TB Abell,JF Thomas,JA Richardson,0,0,,,,,,,,,,,,,
1513344,2026,2026-05-01,"The Cooper Associates County Ground, Taunton",2,27.4,27.4,Somerset,Yorkshire,TB Abell,JF Thomas,JA Richardson,0,0,,,,,,,,,,,,,
1513344,2026,2026-05-01,"The Cooper Associates County Ground, Taunton",2,27.5,27.5,Somerset,Yorkshire,TB Abell,JF Thomas,JA Richardson,0,0,,,,,,,,,,,,,
1513344,2026,2026-05-01,"The Cooper Associates County Ground, Taunton",2,27.6,27.6,Somerset,Yorkshire,TB Abell,JF Thomas,JA Richardson,0,0,,,,,,,,,,,,,
1513344,2026,2026-05-01,"The Cooper Associates County Ground, Taunton",2,28.1,28.1,Somerset,Yorkshire,JF Thomas,TB Abell,GCH Hill,1,0,,,,,,,,,,,,,
1513344,2026,2026-05-01,"The Cooper Associates County Ground, Taunton",2,28.2,28.2,Somerset,Yorkshire,TB Abell,JF Thomas,GCH Hill,0,0,,,,,,,,,,,,,
1513344,2026,2026-05-01,"The Cooper Associates County Ground, Taunton",2,28.3,28.3,Somerset,Yorkshire,TB Abell,JF Thomas,GCH Hill,0,0,,,,,,,,,,,,,
1513344,2026,2026-05-01,"The Cooper Associates County Ground, Taunton",2,28.4,28.4,Somerset,Yorkshire,TB Abell,JF Thomas,GCH Hill,0,0,,,,,,,,,,,,,
1513344,2026,2026-05-01,"The Cooper Associates County Ground, Taunton",2,28.5,28.5,Somerset,Yorkshire,TB Abell,JF Thomas,GCH Hill,0,0,,,,,,,,,,,,,
1513344,2026,2026-05-01,"The Cooper Associates County Ground, Taunton",2,28.6,28.6,Somerset,Yorkshire,TB Abell,JF Thomas,GCH Hill,0,0,,,,,,,,,,,,,
1513344,2026,2026-05-01,"The Cooper Associates County Ground, Taunton",2,29.1,29.1,Somerset,Yorkshire,JF Thomas,TB Abell,JA Richardson,1,0,,,,,,,,,,,,,
1513344,2026,2026-05-01,"The Cooper Associates County Ground, Taunton",2,29.2,29.2,Somerset,Yorkshire,TB Abell,JF Thomas,JA Richardson,3,0,,,,,,,,,,,,,
1513344,2026,2026-05-01,"The Cooper Associates County Ground, Taunton",2,29.3,29.3,Somerset,Yorkshire,JF Thomas,TB Abell,JA Richardson,4,0,,,,,,,,,,,,,
1513344,2026,2026-05-01,"The Cooper Associates County Ground, Taunton",2,29.4,29.4,Somerset,Yorkshire,JF Thomas,TB Abell,JA Richardson,2,0,,,,,,,,,,,,,
1513344,2026,2026-05-01,"The Cooper Associates County Ground, Taunton",2,29.5,29.5,Somerset,Yorkshire,JF Thomas,TB Abell,JA Richardson,0,0,,,,,,,,,,,,,
1513344,2026,2026-05-01,"The Cooper Associates County Ground, Taunton",2,29.6,29.6,Somerset,Yorkshire,JF Thomas,TB Abell,JA Richardson,0,0,,,,,,,,,,,,,
1513344,2026,2026-05-01,"The Cooper Associates County Ground, Taunton",2,30.1,30.1,Somerset,Yorkshire,TB Abell,JF Thomas,CJ White,0,0,,,,,,,,,,,,,
1513344,2026,2026-05-01,"The Cooper Associates County Ground, Taunton",2,30.2,30.2,Somerset,Yorkshire,TB Abell,JF Thomas,CJ White,0,0,,,,,,,,,,,,,
1513344,2026,2026-05-01,"The Cooper Associates County Ground, Taunton",2,30.3,30.3,Somerset,Yorkshire,TB Abell,JF Thomas,CJ White,0,0,,,,,,,,,,,,,
1513344,2026,2026-05-01,"The Cooper Associates County Ground, Taunton",2,30.4,30.4,Somerset,Yorkshire,TB Abell,JF Thomas,CJ White,0,0,,,,,,,,,,,,,
1513344,2026,2026-05-01,"The Cooper Associates County Ground, Taunton",2,30.5,30.5,Somerset,Yorkshire,TB Abell,JF Thomas,CJ White,1,0,,,,,,,,,,,,,
1513344,2026,2026-05-01,"The Cooper Associates County Ground, Taunton",2,30.6,30.6,Somerset,Yorkshire,JF Thomas,TB Abell,CJ White,1,0,,,,,,,,,,,,,
1513344,2026,2026-05-01,"The Cooper Associates County Ground, Taunton",2,31.1,31.1,Somerset,Yorkshire,JF Thomas,TB Abell,JA Richardson,4,0,,,,,,,,,,,,,
1513344,2026,2026-05-01,"The Cooper Associates County Ground, Taunton",2,31.2,31.2,Somerset,Yorkshire,JF Thomas,TB Abell,JA Richardson,2,0,,,,,,,,,,,,,
1513344,2026,2026-05-01,"The Cooper Associates County Ground, Taunton",2,31.3,31.3,Somerset,Yorkshire,JF Thomas,TB Abell,JA Richardson,0,0,,,,,,,,,,,,,
1513344,2026,2026-05-01,"The Cooper Associates County Ground, Taunton",2,31.4,31.4,Somerset,Yorkshire,JF Thomas,TB Abell,JA Richardson,0,0,,,,,,,,,,,,,
1513344,2026,2026-05-01,"The Cooper Associates County Ground, Taunton",2,31.5,31.5,Somerset,Yorkshire,JF Thomas,TB Abell,JA Richardson,1,0,,,,,,,,,,,,,
1513344,2026,2026-05-01,"The Cooper Associates County Ground, Taunton",2,31.6,31.6,Somerset,Yorkshire,TB Abell,JF Thomas,JA Richardson,0,0,,,,,,,,,,,,,
1513344,2026,2026-05-01,"The Cooper Associates County Ground, Taunton",2,32.1,32.1,Somerset,Yorkshire,JF Thomas,TB Abell,CJ White,1,0,,,,,,,,,,,,,
1513344,2026,2026-05-01,"The Cooper Associates County Ground, Taunton",2,32.2,32.2,Somerset,Yorkshire,TB Abell,JF Thomas,CJ White,0,0,,,,,,,,,,,,,
1513344,2026,2026-05-01,"The Cooper Associates County Ground, Taunton",2,32.3,32.3,Somerset,Yorkshire,TB Abell,JF Thomas,CJ White,0,0,,,,,,,,,,,,,
1513344,2026,2026-05-01,"The Cooper Associates County Ground, Taunton",2,32.4,32.4,Somerset,Yorkshire,TB Abell,JF Thomas,CJ White,0,0,,,,,,,,,,,,,
1513344,2026,2026-05-01,"The Cooper Associates County Ground, Taunton",2,32.5,32.5,Somerset,Yorkshire,TB Abell,JF Thomas,CJ White,0,0,,,,,,,,,,,,,
1513344,2026,2026-05-01,"The Cooper Associates County Ground, Taunton",2,32.6,32.6,Somerset,Yorkshire,TB Abell,JF Thomas,CJ White,4,0,,,,,,,,,,,,,
1513344,2026,2026-05-01,"The Cooper Associates County Ground, Taunton",2,33.1,33.1,Somerset,Yorkshire,JF Thomas,TB Abell,ML Revis,0,0,,,,,,,,,,,,,
1513344,2026,2026-05-01,"The Cooper Associates County Ground, Taunton",2,33.2,33.2,Somerset,Yorkshire,JF Thomas,TB Abell,ML Revis,0,0,,,,,,,,,,,,,
1513344,2026,2026-05-01,"The Cooper Associates County Ground, Taunton",2,33.3,33.3,Somerset,Yorkshire,JF Thomas,TB Abell,ML Revis,0,0,,,,,,,,,,,,,
1513344,2026,2026-05-01,"The Cooper Associates County Ground, Taunton",2,33.4,33.4,Somerset,Yorkshire,JF Thomas,TB Abell,ML Revis,0,0,,,,,,,,,,,,,
1513344,2026,2026-05-01,"The Cooper Associates County Ground, Taunton",2,33.5,33.5,Somerset,Yorkshire,JF Thomas,TB Abell,ML Revis,1,0,,,,,,,,,,,,,
1513344,2026,2026-05-01,"The Cooper Associates County Ground, Taunton",2,33.6,33.6,Somerset,Yorkshire,TB Abell,JF Thomas,ML Revis,0,0,,,,,,,,,,,,,
1513344,2026,2026-05-01,"The Cooper Associates County Ground, Taunton",2,34.1,34.1,Somerset,Yorkshire,JF Thomas,TB Abell,CJ White,0,0,,,,,,,,,,,,,
1513344,2026,2026-05-01,"The Cooper Associates County Ground, Taunton",2,34.2,34.2,Somerset,Yorkshire,JF Thomas,TB Abell,CJ White,1,0,,,,,,,,,,,,,
1513344,2026,2026-05-01,"The Cooper Associates County Ground, Taunton",2,34.3,34.3,Somerset,Yorkshire,TB Abell,JF Thomas,CJ White,0,0,,,,,,,,,,,,,
1513344,2026,2026-05-01,"The Cooper Associates County Ground, Taunton",2,34.4,34.4,Somerset,Yorkshire,TB Abell,JF Thomas,CJ White,0,0,,,,,,,,,,,,,
1513344,2026,2026-05-01,"The Cooper Associates County Ground, Taunton",2,34.5,34.5,Somerset,Yorkshire,TB Abell,JF Thomas,CJ White,0,0,,,,,,,,,,,,,
1513344,2026,2026-05-01,"The Cooper Associates County Ground, Taunton",2,34.6,34.6,Somerset,Yorkshire,TB Abell,JF Thomas,CJ White,0,0,,,,,,,,,,,,,
1513344,2026,2026-05-01,"The Cooper Associates County Ground, Taunton",2,35.1,35.1,Somerset,Yorkshire,JF Thomas,TB Abell,ML Revis,0,0,,,,,,,,,,,,,
1513344,2026,2026-05-01,"The Cooper Associates County Ground, Taunton",2,35.2,35.2,Somerset,Yorkshire,JF Thomas,TB Abell,ML Revis,1,0,,,,,,,,,,,,,
1513344,2026,2026-05-01,"The Cooper Associates County Ground, Taunton",2,35.3,35.3,Somerset,Yorkshire,TB Abell,JF Thomas,ML Revis,0,0,,,,,,,,,,,,,
1513344,2026,2026-05-01,"The Cooper Associates County Ground, Taunton",2,35.4,35.4,Somerset,Yorkshire,TB Abell,JF Thomas,ML Revis,1,0,,,,,,,,,,,,,
1513344,2026,2026-05-01,"The Cooper Associates County Ground, Taunton",2,35.5,35.5,Somerset,Yorkshire,JF Thomas,TB Abell,ML Revis,6,0,,,,,,,,,,,,,
1513344,2026,2026-05-01,"The Cooper Associates County Ground, Taunton",2,35.6,35.6,Somerset,Yorkshire,JF Thomas,TB Abell,ML Revis,1,0,,,,,,,,,,,,,
1513344,2026,2026-05-01,"The Cooper Associates County Ground, Taunton",2,36.1,36.1,Somerset,Yorkshire,JF Thomas,TB Abell,CJ White,4,0,,,,,,,,,,,,,
1513344,2026,2026-05-01,"The Cooper Associates County Ground, Taunton",2,36.2,36.2,Somerset,Yorkshire,JF Thomas,TB Abell,CJ White,1,0,,,,,,,,,,,,,
1513344,2026,2026-05-01,"The Cooper Associates County Ground, Taunton",2,36.3,36.3,Somerset,Yorkshire,TB Abell,JF Thomas,CJ White,0,0,,,,,,,,,,,,,
1513344,2026,2026-05-01,"The Cooper Associates County Ground, Taunton",2,36.4,36.4,Somerset,Yorkshire,TB Abell,JF Thomas,CJ White,0,0,,,,,,,,,,,,,
1513344,2026,2026-05-01,"The Cooper Associates County Ground, Taunton",2,36.5,36.5,Somerset,Yorkshire,TB Abell,JF Thomas,CJ White,0,0,,,,,,,,,,,,,
1513344,2026,2026-05-01,"The Cooper Associates County Ground, Taunton",2,36.6,36.6,Somerset,Yorkshire,TB Abell,JF Thomas,CJ White,0,0,,,,,,,,,,,,,
1513344,2026,2026-05-01,"The Cooper Associates County Ground, Taunton",2,37.1,37.1,Somerset,Yorkshire,JF Thomas,TB Abell,ML Revis,4,0,,,,,,,,,,,,,
1513344,2026,2026-05-01,"The Cooper Associates County Ground, Taunton",2,37.2,37.2,Somerset,Yorkshire,JF Thomas,TB Abell,ML Revis,0,0,,,,,,,,,,,,,
1513344,2026,2026-05-01,"The Cooper Associates County Ground, Taunton",2,37.3,37.3,Somerset,Yorkshire,JF Thomas,TB Abell,ML Revis,4,0,,,,,,,,,,,,,
1513344,2026,2026-05-01,"The Cooper Associates County Ground, Taunton",2,37.4,37.4,Somerset,Yorkshire,JF Thomas,TB Abell,ML Revis,3,0,,,,,,,,,,,,,
1513344,2026,2026-05-01,"The Cooper Associates County Ground, Taunton",2,37.5,37.5,Somerset,Yorkshire,TB Abell,JF Thomas,ML Revis,4,0,,,,,,,,,,,,,
1513344,2026,2026-05-01,"The Cooper Associates County Ground, Taunton",2,37.6,37.6,Somerset,Yorkshire,TB Abell,JF Thomas,ML Revis,0,0,,,,,,,,,,,,,
1513344,2026,2026-05-01,"The Cooper Associates County Ground, Taunton",2,38.1,38.1,Somerset,Yorkshire,JF Thomas,TB Abell,LV van Beek,0,0,,,,,,,,,,,,,
1513344,2026,2026-05-01,"The Cooper Associates County Ground, Taunton",2,38.2,38.2,Somerset,Yorkshire,JF Thomas,TB Abell,LV van Beek,1,0,,,,,,,,,,,,,
1513344,2026,2026-05-01,"The Cooper Associates County Ground, Taunton",2,38.3,38.3,Somerset,Yorkshire,TB Abell,JF Thomas,LV van Beek,0,0,,,,,,,,,,,,,
1513344,2026,2026-05-01,"The Cooper Associates County Ground, Taunton",2,38.4,38.4,Somerset,Yorkshire,TB Abell,JF Thomas,LV van Beek,1,0,,,,,,,,,,,,,
1513344,2026,2026-05-01,"The Cooper Associates County Ground, Taunton",2,38.5,38.5,Somerset,Yorkshire,JF Thomas,TB Abell,LV van Beek,1,0,,,,,,,,,,,,,
1513344,2026,2026-05-01,"The Cooper Associates County Ground, Taunton",2,38.6,38.6,Somerset,Yorkshire,TB Abell,JF Thomas,LV van Beek,0,0,,,,,,,,,,,,,
1513344,2026,2026-05-01,"The Cooper Associates County Ground, Taunton",2,39.1,39.1,Somerset,Yorkshire,JF Thomas,TB Abell,DM Bess,0,0,,,,,,,,,,,,,
1513344,2026,2026-05-01,"The Cooper Associates County Ground, Taunton",2,39.2,39.2,Somerset,Yorkshire,JF Thomas,TB Abell,DM Bess,0,0,,,,,,,,,,,,,
1513344,2026,2026-05-01,"The Cooper Associates County Ground, Taunton",2,39.3,39.3,Somerset,Yorkshire,JF Thomas,TB Abell,DM Bess,1,0,,,,,,,,,,,,,
1513344,2026,2026-05-01,"The Cooper Associates County Ground, Taunton",2,39.4,39.4,Somerset,Yorkshire,TB Abell,JF Thomas,DM Bess,6,0,,,,,,,,,,,,,
1513344,2026,2026-05-01,"The Cooper Associates County Ground, Taunton",2,39.5,39.5,Somerset,Yorkshire,TB Abell,JF Thomas,DM Bess,0,0,,,,,,,,,,,,,
1513344,2026,2026-05-01,"The Cooper Associates County Ground, Taunton",2,39.6,39.6,Somerset,Yorkshire,TB Abell,JF Thomas,DM Bess,0,0,,,,,,,,,,,,,
1513344,2026,2026-05-01,"The Cooper Associates County Ground, Taunton",2,40.1,40.1,Somerset,Yorkshire,JF Thomas,TB Abell,LV van Beek,0,0,,,,,,,,,,,,,
1513344,2026,2026-05-01,"The Cooper Associates County Ground, Taunton",2,40.2,40.2,Somerset,Yorkshire,JF Thomas,TB Abell,LV van Beek,0,0,,,,,,,,,,,,,
1513344,2026,2026-05-01,"The Cooper Associates County Ground, Taunton",2,40.3,40.3,Somerset,Yorkshire,JF Thomas,TB Abell,LV van Beek,2,0,,,,,,,,,,,,,
1513344,2026,2026-05-01,"The Cooper Associates County Ground, Taunton",2,40.4,40.4,Somerset,Yorkshire,JF Thomas,TB Abell,LV van Beek,0,0,,,,,,,,,,,,,
1513344,2026,2026-05-01,"The Cooper Associates County Ground, Taunton",2,40.5,40.5,Somerset,Yorkshire,JF Thomas,TB Abell,LV van Beek,4,0,,,,,,,,,,,,,
1513344,2026,2026-05-01,"The Cooper Associates County Ground, Taunton",2,40.6,40.6,Somerset,Yorkshire,JF Thomas,TB Abell,LV van Beek,1,0,,,,,,,,,,,,,
1513344,2026,2026-05-01,"The Cooper Associates County Ground, Taunton",2,41.1,41.1,Somerset,Yorkshire,JF Thomas,TB Abell,DM Bess,0,0,,,,,,,,,,,,,
1513344,2026,2026-05-01,"The Cooper Associates County Ground, Taunton",2,41.2,41.2,Somerset,Yorkshire,JF Thomas,TB Abell,DM Bess,0,0,,,,,,,,,,,,,
1513344,2026,2026-05-01,"The Cooper Associates County Ground, Taunton",2,41.3,41.3,Somerset,Yorkshire,JF Thomas,TB Abell,DM Bess,0,0,,,,,,,,,,,,,
1513344,2026,2026-05-01,"The Cooper Associates County Ground, Taunton",2,41.4,41.4,Somerset,Yorkshire,JF Thomas,TB Abell,DM Bess,1,0,,,,,,,,,,,,,
1513344,2026,2026-05-01,"The Cooper Associates County Ground, Taunton",2,41.5,41.5,Somerset,Yorkshire,TB Abell,JF Thomas,DM Bess,0,0,,,,,,,,,,,,,
1513344,2026,2026-05-01,"The Cooper Associates County Ground, Taunton",2,41.6,41.6,Somerset,Yorkshire,TB Abell,JF Thomas,DM Bess,0,0,,,,,,,,,,,,,
1513344,2026,2026-05-01,"The Cooper Associates County Ground, Taunton",2,42.1,42.1,Somerset,Yorkshire,JF Thomas,TB Abell,LV van Beek,4,0,,,,,,,,,,,,,
1513344,2026,2026-05-01,"The Cooper Associates County Ground, Taunton",2,42.2,42.2,Somerset,Yorkshire,JF Thomas,TB Abell,LV van Beek,1,0,,,,,,,,,,,,,
1513344,2026,2026-05-01,"The Cooper Associates County Ground, Taunton",2,42.3,42.3,Somerset,Yorkshire,TB Abell,JF Thomas,LV van Beek,0,0,,,,,,,,,,,,,
1513344,2026,2026-05-01,"The Cooper Associates County Ground, Taunton",2,42.4,42.4,Somerset,Yorkshire,TB Abell,JF Thomas,LV van Beek,0,0,,,,,,,,,,,,,
1513344,2026,2026-05-01,"The Cooper Associates County Ground, Taunton",2,42.5,42.5,Somerset,Yorkshire,TB Abell,JF Thomas,LV van Beek,0,0,,,,,,,,,,,,,
1513344,2026,2026-05-01,"The Cooper Associates County Ground, Taunton",2,42.6,42.6,Somerset,Yorkshire,TB Abell,JF Thomas,LV van Beek,1,0,,,,,,,,,,,,,
1513344,2026,2026-05-01,"The Cooper Associates County Ground, Taunton",2,43.1,43.1,Somerset,Yorkshire,TB Abell,JF Thomas,DM Bess,0,0,,,,,,,,,,,,,
1513344,2026,2026-05-01,"The Cooper Associates County Ground, Taunton",2,43.2,43.2,Somerset,Yorkshire,TB Abell,JF Thomas,DM Bess,4,0,,,,,,,,,,,,,
1513344,2026,2026-05-01,"The Cooper Associates County Ground, Taunton",2,43.3,43.3,Somerset,Yorkshire,TB Abell,JF Thomas,DM Bess,0,0,,,,,,,,,,,,,
1513344,2026,2026-05-01,"The Cooper Associates County Ground, Taunton",2,43.4,43.4,Somerset,Yorkshire,TB Abell,JF Thomas,DM Bess,0,0,,,,,,,,,,,,,
1513344,2026,2026-05-01,"The Cooper Associates County Ground, Taunton",2,43.5,43.5,Somerset,Yorkshire,TB Abell,JF Thomas,DM Bess,1,0,,,,,,,,,,,,,
1513344,2026,2026-05-01,"The Cooper Associates County Ground, Taunton",2,43.6,43.6,Somerset,Yorkshire,JF Thomas,TB Abell,DM Bess,1,0,,,,,,,,,,,,,
1513344,2026,2026-05-01,"The Cooper Associates County Ground, Taunton",2,44.1,44.1,Somerset,Yorkshire,JF Thomas,TB Abell,JA Richardson,0,0,,,,,,,,,,,,,
1513344,2026,2026-05-01,"The Cooper Associates County Ground, Taunton",2,44.2,44.2,Somerset,Yorkshire,JF Thomas,TB Abell,JA Richardson,0,0,,,,,,,,,,,,,
1513344,2026,2026-05-01,"The Cooper Associates County Ground, Taunton",2,44.3,44.3,Somerset,Yorkshire,JF Thomas,TB Abell,JA Richardson,1,0,,,,,,,,,,,,,
1513344,2026,2026-05-01,"The Cooper Associates County Ground, Taunton",2,44.4,44.4,Somerset,Yorkshire,TB Abell,JF Thomas,JA Richardson,0,0,,,,,,,,,,,,,
1513344,2026,2026-05-01,"The Cooper Associates County Ground, Taunton",2,44.5,44.5,Somerset,Yorkshire,TB Abell,JF Thomas,JA Richardson,1,0,,,,,,,,,,,,,
1513344,2026,2026-05-01,"The Cooper Associates County Ground, Taunton",2,44.6,44.6,Somerset,Yorkshire,JF Thomas,TB Abell,JA Richardson,3,0,,,,,,,,,,,,,
1513344,2026,2026-05-01,"The Cooper Associates County Ground, Taunton",2,45.1,45.1,Somerset,Yorkshire,JF Thomas,TB Abell,DM Bess,0,0,,,,,,,,,,,,,
1513344,2026,2026-05-01,"The Cooper Associates County Ground, Taunton",2,45.2,45.2,Somerset,Yorkshire,JF Thomas,TB Abell,DM Bess,0,0,,,,,,,,,,,,,
1513344,2026,2026-05-01,"The Cooper Associates County Ground, Taunton",2,45.3,45.3,Somerset,Yorkshire,JF Thomas,TB Abell,DM Bess,0,0,,,,,,,,,,,,,
1513344,2026,2026-05-01,"The Cooper Associates County Ground, Taunton",2,45.4,45.4,Somerset,Yorkshire,JF Thomas,TB Abell,DM Bess,0,0,,,,,,,,,,,,,
1513344,2026,2026-05-01,"The Cooper Associates County Ground, Taunton",2,45.5,45.5,Somerset,Yorkshire,JF Thomas,TB Abell,DM Bess,1,0,,,,,,,,,,,,,
1513344,2026,2026-05-01,"The Cooper Associates County Ground, Taunton",2,45.6,45.6,Somerset,Yorkshire,TB Abell,JF Thomas,DM Bess,0,0,,,,,,,,,,,,,
1513344,2026,2026-05-01,"The Cooper Associates County Ground, Taunton",2,46.1,46.1,Somerset,Yorkshire,JF Thomas,TB Abell,JA Richardson,0,0,,,,,,,,,,,,,
1513344,2026,2026-05-01,"The Cooper Associates County Ground, Taunton",2,46.2,46.2,Somerset,Yorkshire,JF Thomas,TB Abell,JA Richardson,0,0,,,,,,,,,,,,,
1513344,2026,2026-05-01,"The Cooper Associates County Ground, Taunton",2,46.3,46.3,Somerset,Yorkshire,JF Thomas,TB Abell,JA Richardson,0,0,,,,,,,,,,,,,
1513344,2026,2026-05-01,"The Cooper Associates County Ground, Taunton",2,46.4,46.4,Somerset,Yorkshire,JF Thomas,TB Abell,JA Richardson,2,0,,,,,,,,,,,,,
1513344,2026,2026-05-01,"The Cooper Associates County Ground, Taunton",2,46.5,46.5,Somerset,Yorkshire,JF Thomas,TB Abell,JA Richardson,4,0,,,,,,,,,,,,,
1513344,2026,2026-05-01,"The Cooper Associates County Ground, Taunton",2,46.6,46.6,Somerset,Yorkshire,JF Thomas,TB Abell,JA Richardson,0,0,,,,,,,,,,,,,
1513344,2026,2026-05-01,"The Cooper Associates County Ground, Taunton",2,47.1,47.1,Somerset,Yorkshire,TB Abell,JF Thomas,DM Bess,0,0,,,,,,,,,,,,,
1513344,2026,2026-05-01,"The Cooper Associates County Ground, Taunton",2,47.2,47.2,Somerset,Yorkshire,TB Abell,JF Thomas,DM Bess,0,0,,,,,,,,,,,,,
1513344,2026,2026-05-01,"The Cooper Associates County Ground, Taunton",2,47.3,47.3,Somerset,Yorkshire,TB Abell,JF Thomas,DM Bess,1,0,,,,,,,,,,,,,
1513344,2026,2026-05-01,"The Cooper Associates County Ground, Taunton",2,47.4,47.4,Somerset,Yorkshire,JF Thomas,TB Abell,DM Bess,0,0,,,,,,,,,,,,,
1513344,2026,2026-05-01,"The Cooper Associates County Ground, Taunton",2,47.5,47.5,Somerset,Yorkshire,JF Thomas,TB Abell,DM Bess,0,0,,,,,,,,,,,,,
1513344,2026,2026-05-01,"The Cooper Associates County Ground, Taunton",2,47.6,47.6,Somerset,Yorkshire,JF Thomas,TB Abell,DM Bess,0,0,,,,,,,,,,,,,
1513344,2026,2026-05-01,"The Cooper Associates County Ground, Taunton",2,48.1,48.1,Somerset,Yorkshire,TB Abell,JF Thomas,JA Richardson,0,0,,,,,,,,,,,,,
1513344,2026,2026-05-01,"The Cooper Associates County Ground, Taunton",2,48.2,48.2,Somerset,Yorkshire,TB Abell,JF Thomas,JA Richardson,0,0,,,,,,,,,,,,,
1513344,2026,2026-05-01,"The Cooper Associates County Ground, Taunton",2,48.3,48.3,Somerset,Yorkshire,TB Abell,JF Thomas,JA Richardson,0,0,,,,,,,,,,,,,
1513344,2026,2026-05-01,"The Cooper Associates County Ground, Taunton",2,48.4,48.4,Somerset,Yorkshire,TB Abell,JF Thomas,JA Richardson,0,0,,,,,,,,,,,,,
1513344,2026,2026-05-01,"The Cooper Associates County Ground, Taunton",2,48.5,48.5,Somerset,Yorkshire,TB Abell,JF Thomas,JA Richardson,0,0,,,,,,,,,,,,,
1513344,2026,2026-05-01,"The Cooper Associates County Ground, Taunton",2,48.6,48.6,Somerset,Yorkshire,TB Abell,JF Thomas,JA Richardson,0,0,,,,,,,,,,,,,
1513344,2026,2026-05-01,"The Cooper Associates County Ground, Taunton",2,49.1,49.1,Somerset,Yorkshire,JF Thomas,TB Abell,DM Bess,1,0,,,,,,,,,,,,,
1513344,2026,2026-05-01,"The Cooper Associates County Ground, Taunton",2,49.2,49.2,Somerset,Yorkshire,TB Abell,JF Thomas,DM Bess,0,0,,,,,,,,,,,,,
1513344,2026,2026-05-01,"The Cooper Associates County Ground, Taunton",2,49.3,49.3,Somerset,Yorkshire,TB Abell,JF Thomas,DM Bess,0,0,,,,,,,,,,,,,
1513344,2026,2026-05-01,"The Cooper Associates County Ground, Taunton",2,49.4,49.4,Somerset,Yorkshire,TB Abell,JF Thomas,DM Bess,0,0,,,,,,,,,,,,,
1513344,2026,2026-05-01,"The Cooper Associates County Ground, Taunton",2,49.5,49.5,Somerset,Yorkshire,TB Abell,JF Thomas,DM Bess,0,0,,,,,,,,,,,,,
1513344,2026,2026-05-01,"The Cooper Associates County Ground, Taunton",2,49.6,49.6,Somerset,Yorkshire,TB Abell,JF Thomas,DM Bess,0,0,,,,,,,,,,,,,
1513344,2026,2026-05-01,"The Cooper Associates County Ground, Taunton",2,50.1,50.1,Somerset,Yorkshire,JF Thomas,TB Abell,CJ White,0,0,,,,,,,,,,,,,
1513344,2026,2026-05-01,"The Cooper Associates County Ground, Taunton",2,50.2,50.2,Somerset,Yorkshire,JF Thomas,TB Abell,CJ White,0,0,,,,,,,,,,,,,
1513344,2026,2026-05-01,"The Cooper Associates County Ground, Taunton",2,50.3,50.3,Somerset,Yorkshire,JF Thomas,TB Abell,CJ White,0,0,,,,,,,,,,,,,
1513344,2026,2026-05-01,"The Cooper Associates County Ground, Taunton",2,50.4,50.4,Somerset,Yorkshire,JF Thomas,TB Abell,CJ White,0,0,,,,,,,,,,,,,
1513344,2026,2026-05-01,"The Cooper Associates County Ground, Taunton",2,50.5,50.5,Somerset,Yorkshire,JF Thomas,TB Abell,CJ White,0,0,,,,,,,caught,JF Thomas,,,JM Bairstow,,
1513344,2026,2026-05-01,"The Cooper Associates County Ground, Taunton",2,50.6,50.6,Somerset,Yorkshire,THS Rew,TB Abell,CJ White,0,0,,,,,,,,,,,,,
1513344,2026,2026-05-01,"The Cooper Associates County Ground, Taunton",2,51.1,51.1,Somerset,Yorkshire,TB Abell,THS Rew,GCH Hill,0,0,,,,,,,,,,,,,
1513344,2026,2026-05-01,"The Cooper Associates County Ground, Taunton",2,51.2,51.2,Somerset,Yorkshire,TB Abell,THS Rew,GCH Hill,0,0,,,,,,,,,,,,,
1513344,2026,2026-05-01,"The Cooper Associates County Ground, Taunton",2,51.3,51.3,Somerset,Yorkshire,TB Abell,THS Rew,GCH Hill,0,0,,,,,,,,,,,,,
1513344,2026,2026-05-01,"The Cooper Associates County Ground, Taunton",2,51.4,51.4,Somerset,Yorkshire,TB Abell,THS Rew,GCH Hill,0,0,,,,,,,,,,,,,
1513344,2026,2026-05-01,"The Cooper Associates County Ground, Taunton",2,51.5,51.5,Somerset,Yorkshire,TB Abell,THS Rew,GCH Hill,0,0,,,,,,,,,,,,,
1513344,2026,2026-05-01,"The Cooper Associates County Ground, Taunton",2,51.6,51.6,Somerset,Yorkshire,TB Abell,THS Rew,GCH Hill,0,0,,,,,,,,,,,,,
1513344,2026,2026-05-01,"The Cooper Associates County Ground, Taunton",2,52.1,52.1,Somerset,Yorkshire,THS Rew,TB Abell,CJ White,0,0,,,,,,,caught,THS Rew,,,FJ Bean,,
1513344,2026,2026-05-01,"The Cooper Associates County Ground, Taunton",2,52.2,52.2,Somerset,Yorkshire,WCF Smeed,TB Abell,CJ White,0,0,,,,,,,,,,,,,
1513344,2026,2026-05-01,"The Cooper Associates County Ground, Taunton",2,52.3,52.3,Somerset,Yorkshire,WCF Smeed,TB Abell,CJ White,0,0,,,,,,,,,,,,,
1513344,2026,2026-05-01,"The Cooper Associates County Ground, Taunton",2,52.4,52.4,Somerset,Yorkshire,WCF Smeed,TB Abell,CJ White,0,1,,,,1,,,,,,,,,
1513344,2026,2026-05-01,"The Cooper Associates County Ground, Taunton",2,52.5,52.5,Somerset,Yorkshire,TB Abell,WCF Smeed,CJ White,0,0,,,,,,,,,,,,,
1513344,2026,2026-05-01,"The Cooper Associates County Ground, Taunton",2,52.6,52.6,Somerset,Yorkshire,TB Abell,WCF Smeed,CJ White,0,0,,,,,,,,,,,,,
1513344,2026,2026-05-01,"The Cooper Associates County Ground, Taunton",2,53.1,53.1,Somerset,Yorkshire,WCF Smeed,TB Abell,GCH Hill,0,0,,,,,,,,,,,,,
1513344,2026,2026-05-01,"The Cooper Associates County Ground, Taunton",2,53.2,53.2,Somerset,Yorkshire,WCF Smeed,TB Abell,GCH Hill,0,0,,,,,,,,,,,,,
1513344,2026,2026-05-01,"The Cooper Associates County Ground, Taunton",2,53.3,53.3,Somerset,Yorkshire,WCF Smeed,TB Abell,GCH Hill,0,0,,,,,,,,,,,,,
1513344,2026,2026-05-01,"The Cooper Associates County Ground, Taunton",2,53.4,53.4,Somerset,Yorkshire,WCF Smeed,TB Abell,GCH Hill,0,0,,,,,,,,,,,,,
1513344,2026,2026-05-01,"The Cooper Associates County Ground, Taunton",2,53.5,53.5,Somerset,Yorkshire,WCF Smeed,TB Abell,GCH Hill,0,0,,,,,,,,,,,,,
1513344,2026,2026-05-01,"The Cooper Associates County Ground, Taunton",2,53.6,53.6,Somerset,Yorkshire,WCF Smeed,TB Abell,GCH Hill,0,0,,,,,,,,,,,,,
1513344,2026,2026-05-01,"The Cooper Associates County Ground, Taunton",2,54.1,54.1,Somerset,Yorkshire,TB Abell,WCF Smeed,CJ White,0,0,,,,,,,,,,,,,
1513344,2026,2026-05-01,"The Cooper Associates County Ground, Taunton",2,54.2,54.2,Somerset,Yorkshire,TB Abell,WCF Smeed,CJ White,0,0,,,,,,,,,,,,,
1513344,2026,2026-05-01,"The Cooper Associates County Ground, Taunton",2,54.3,54.3,Somerset,Yorkshire,TB Abell,WCF Smeed,CJ White,0,0,,,,,,,,,,,,,
1513344,2026,2026-05-01,"The Cooper Associates County Ground, Taunton",2,54.4,54.4,Somerset,Yorkshire,TB Abell,WCF Smeed,CJ White,1,0,,,,,,,,,,,,,
1513344,2026,2026-05-01,"The Cooper Associates County Ground, Taunton",2,54.5,54.5,Somerset,Yorkshire,WCF Smeed,TB Abell,CJ White,0,0,,,,,,,,,,,,,
1513344,2026,2026-05-01,"The Cooper Associates County Ground, Taunton",2,54.6,54.6,Somerset,Yorkshire,WCF Smeed,TB Abell,CJ White,0,0,,,,,,,,,,,,,
1513344,2026,2026-05-01,"The Cooper Associates County Ground, Taunton",2,55.1,55.1,Somerset,Yorkshire,TB Abell,WCF Smeed,GCH Hill,0,0,,,,,,,,,,,,,
1513344,2026,2026-05-01,"The Cooper Associates County Ground, Taunton",2,55.2,55.2,Somerset,Yorkshire,TB Abell,WCF Smeed,GCH Hill,0,0,,,,,,,,,,,,,
1513344,2026,2026-05-01,"The Cooper Associates County Ground, Taunton",2,55.3,55.3,Somerset,Yorkshire,TB Abell,WCF Smeed,GCH Hill,0,0,,,,,,,,,,,,,
1513344,2026,2026-05-01,"The Cooper Associates County Ground, Taunton",2,55.4,55.4,Somerset,Yorkshire,TB Abell,WCF Smeed,GCH Hill,0,0,,,,,,,,,,,,,
1513344,2026,2026-05-01,"The Cooper Associates County Ground, Taunton",2,55.5,55.5,Somerset,Yorkshire,TB Abell,WCF Smeed,GCH Hill,4,0,,,,,,,,,,,,,
1513344,2026,2026-05-01,"The Cooper Associates County Ground, Taunton",2,55.6,55.6,Somerset,Yorkshire,TB Abell,WCF Smeed,GCH Hill,0,0,,,,,,,,,,,,,
1513344,2026,2026-05-01,"The Cooper Associates County Ground, Taunton",2,56.1,56.1,Somerset,Yorkshire,WCF Smeed,TB Abell,CJ White,0,0,,,,,,,,,,,,,
1513344,2026,2026-05-01,"The Cooper Associates County Ground, Taunton",2,56.2,56.2,Somerset,Yorkshire,WCF Smeed,TB Abell,CJ White,0,0,,,,,,,,,,,,,
1513344,2026,2026-05-01,"The Cooper Associates County Ground, Taunton",2,56.3,56.3,Somerset,Yorkshire,WCF Smeed,TB Abell,CJ White,0,0,,,,,,,,,,,,,
1513344,2026,2026-05-01,"The Cooper Associates County Ground, Taunton",2,56.4,56.4,Somerset,Yorkshire,WCF Smeed,TB Abell,CJ White,0,0,,,,,,,,,,,,,
1513344,2026,2026-05-01,"The Cooper Associates County Ground, Taunton",2,56.5,56.5,Somerset,Yorkshire,WCF Smeed,TB Abell,CJ White,0,0,,,,,,,,,,,,,
1513344,2026,2026-05-01,"The Cooper Associates County Ground, Taunton",2,56.6,56.6,Somerset,Yorkshire,WCF Smeed,TB Abell,CJ White,0,0,,,,,,,,,,,,,
1513344,2026,2026-05-01,"The Cooper Associates County Ground, Taunton",2,57.1,57.1,Somerset,Yorkshire,TB Abell,WCF Smeed,GCH Hill,0,0,,,,,,,,,,,,,
1513344,2026,2026-05-01,"The Cooper Associates County Ground, Taunton",2,57.2,57.2,Somerset,Yorkshire,TB Abell,WCF Smeed,GCH Hill,0,0,,,,,,,,,,,,,
1513344,2026,2026-05-01,"The Cooper Associates County Ground, Taunton",2,57.3,57.3,Somerset,Yorkshire,TB Abell,WCF Smeed,GCH Hill,0,0,,,,,,,,,,,,,
1513344,2026,2026-05-01,"The Cooper Associates County Ground, Taunton",2,57.4,57.4,Somerset,Yorkshire,TB Abell,WCF Smeed,GCH Hill,0,0,,,,,,,,,,,,,
1513344,2026,2026-05-01,"The Cooper Associates County Ground, Taunton",2,57.5,57.5,Somerset,Yorkshire,TB Abell,WCF Smeed,GCH Hill,0,0,,,,,,,,,,,,,
1513344,2026,2026-05-01,"The Cooper Associates County Ground, Taunton",2,57.6,57.6,Somerset,Yorkshire,TB Abell,WCF Smeed,GCH Hill,0,0,,,,,,,,,,,,,
1513344,2026,2026-05-01,"The Cooper Associates County Ground, Taunton",2,58.1,58.1,Somerset,Yorkshire,WCF Smeed,TB Abell,CJ White,0,1,,,,1,,,,,,,,,
1513344,2026,2026-05-01,"The Cooper Associates County Ground, Taunton",2,58.2,58.2,Somerset,Yorkshire,TB Abell,WCF Smeed,CJ White,0,0,,,,,,,,,,,,,
1513344,2026,2026-05-01,"The Cooper Associates County Ground, Taunton",2,58.3,58.3,Somerset,Yorkshire,TB Abell,WCF Smeed,CJ White,0,0,,,,,,,,,,,,,
1513344,2026,2026-05-01,"The Cooper Associates County Ground, Taunton",2,58.4,58.4,Somerset,Yorkshire,TB Abell,WCF Smeed,CJ White,2,0,,,,,,,,,,,,,
1513344,2026,2026-05-01,"The Cooper Associates County Ground, Taunton",2,58.5,58.5,Somerset,Yorkshire,TB Abell,WCF Smeed,CJ White,0,0,,,,,,,,,,,,,
1513344,2026,2026-05-01,"The Cooper Associates County Ground, Taunton",2,58.6,58.6,Somerset,Yorkshire,TB Abell,WCF Smeed,CJ White,2,0,,,,,,,,,,,,,
1513344,2026,2026-05-01,"The Cooper Associates County Ground, Taunton",2,59.1,59.1,Somerset,Yorkshire,WCF Smeed,TB Abell,GCH Hill,0,0,,,,,,,,,,,,,
1513344,2026,2026-05-01,"The Cooper Associates County Ground, Taunton",2,59.2,59.2,Somerset,Yorkshire,WCF Smeed,TB Abell,GCH Hill,4,0,,,,,,,,,,,,,
1513344,2026,2026-05-01,"The Cooper Associates County Ground, Taunton",2,59.3,59.3,Somerset,Yorkshire,WCF Smeed,TB Abell,GCH Hill,0,2,,2,,,,,,,,,,,
1513344,2026,2026-05-01,"The Cooper Associates County Ground, Taunton",2,59.4,59.3,Somerset,Yorkshire,WCF Smeed,TB Abell,GCH Hill,0,0,,,,,,,,,,,,,
1513344,2026,2026-05-01,"The Cooper Associates County Ground, Taunton",2,59.5,59.4,Somerset,Yorkshire,WCF Smeed,TB Abell,GCH Hill,0,0,,,,,,,,,,,,,
1513344,2026,2026-05-01,"The Cooper Associates County Ground, Taunton",2,59.6,59.5,Somerset,Yorkshire,WCF Smeed,TB Abell,GCH Hill,4,0,,,,,,,,,,,,,
1513344,2026,2026-05-01,"The Cooper Associates County Ground, Taunton",2,59.7,59.6,Somerset,Yorkshire,WCF Smeed,TB Abell,GCH Hill,0,0,,,,,,,,,,,,,
1513344,2026,2026-05-01,"The Cooper Associates County Ground, Taunton",2,60.1,60.1,Somerset,Yorkshire,TB Abell,WCF Smeed,JA Richardson,0,0,,,,,,,,,,,,,
1513344,2026,2026-05-01,"The Cooper Associates County Ground, Taunton",2,60.2,60.2,Somerset,Yorkshire,TB Abell,WCF Smeed,JA Richardson,0,0,,,,,,,,,,,,,
1513344,2026,2026-05-01,"The Cooper Associates County Ground, Taunton",2,60.3,60.3,Somerset,Yorkshire,TB Abell,WCF Smeed,JA Richardson,0,0,,,,,,,,,,,,,
1513344,2026,2026-05-01,"The Cooper Associates County Ground, Taunton",2,60.4,60.4,Somerset,Yorkshire,TB Abell,WCF Smeed,JA Richardson,0,0,,,,,,,,,,,,,
1513344,2026,2026-05-01,"The Cooper Associates County Ground, Taunton",2,60.5,60.5,Somerset,Yorkshire,TB Abell,WCF Smeed,JA Richardson,0,0,,,,,,,,,,,,,
1513344,2026,2026-05-01,"The Cooper Associates County Ground, Taunton",2,60.6,60.6,Somerset,Yorkshire,TB Abell,WCF Smeed,JA Richardson,0,0,,,,,,,,,,,,,
1513344,2026,2026-05-01,"The Cooper Associates County Ground, Taunton",2,61.1,61.1,Somerset,Yorkshire,WCF Smeed,TB Abell,GCH Hill,0,0,,,,,,,,,,,,,
1513344,2026,2026-05-01,"The Cooper Associates County Ground, Taunton",2,61.2,61.2,Somerset,Yorkshire,WCF Smeed,TB Abell,GCH Hill,1,0,,,,,,,,,,,,,
1513344,2026,2026-05-01,"The Cooper Associates County Ground, Taunton",2,61.3,61.3,Somerset,Yorkshire,TB Abell,WCF Smeed,GCH Hill,0,0,,,,,,,caught,TB Abell,,,JE Root,,
1513344,2026,2026-05-01,"The Cooper Associates County Ground, Taunton",2,61.4,61.4,Somerset,Yorkshire,C Overton,WCF Smeed,GCH Hill,0,0,,,,,,,,,,,,,
1513344,2026,2026-05-01,"The Cooper Associates County Ground, Taunton",2,61.5,61.5,Somerset,Yorkshire,C Overton,WCF Smeed,GCH Hill,0,0,,,,,,,,,,,,,
1513344,2026,2026-05-01,"The Cooper Associates County Ground, Taunton",2,61.6,61.6,Somerset,Yorkshire,C Overton,WCF Smeed,GCH Hill,0,0,,,,,,,,,,,,,
1513344,2026,2026-05-01,"The Cooper Associates County Ground, Taunton",2,62.1,62.1,Somerset,Yorkshire,WCF Smeed,C Overton,JA Richardson,0,0,,,,,,,,,,,,,
1513344,2026,2026-05-01,"The Cooper Associates County Ground, Taunton",2,62.2,62.2,Somerset,Yorkshire,WCF Smeed,C Overton,JA Richardson,0,0,,,,,,,,,,,,,
1513344,2026,2026-05-01,"The Cooper Associates County Ground, Taunton",2,62.3,62.3,Somerset,Yorkshire,WCF Smeed,C Overton,JA Richardson,0,0,,,,,,,,,,,,,
1513344,2026,2026-05-01,"The Cooper Associates County Ground, Taunton",2,62.4,62.4,Somerset,Yorkshire,WCF Smeed,C Overton,JA Richardson,0,0,,,,,,,,,,,,,
1513344,2026,2026-05-01,"The Cooper Associates County Ground, Taunton",2,62.5,62.5,Somerset,Yorkshire,WCF Smeed,C Overton,JA Richardson,0,0,,,,,,,,,,,,,
1513344,2026,2026-05-01,"The Cooper Associates County Ground, Taunton",2,62.6,62.6,Somerset,Yorkshire,WCF Smeed,C Overton,JA Richardson,0,0,,,,,,,,,,,,,
1513344,2026,2026-05-01,"The Cooper Associates County Ground, Taunton",2,63.1,63.1,Somerset,Yorkshire,C Overton,WCF Smeed,GCH Hill,0,0,,,,,,,,,,,,,
1513344,2026,2026-05-01,"The Cooper Associates County Ground, Taunton",2,63.2,63.2,Somerset,Yorkshire,C Overton,WCF Smeed,GCH Hill,0,0,,,,,,,,,,,,,
1513344,2026,2026-05-01,"The Cooper Associates County Ground, Taunton",2,63.3,63.3,Somerset,Yorkshire,C Overton,WCF Smeed,GCH Hill,0,0,,,,,,,,,,,,,
1513344,2026,2026-05-01,"The Cooper Associates County Ground, Taunton",2,63.4,63.4,Somerset,Yorkshire,C Overton,WCF Smeed,GCH Hill,0,0,,,,,,,,,,,,,
1513344,2026,2026-05-01,"The Cooper Associates County Ground, Taunton",2,63.5,63.5,Somerset,Yorkshire,C Overton,WCF Smeed,GCH Hill,1,0,,,,,,,,,,,,,
1513344,2026,2026-05-01,"The Cooper Associates County Ground, Taunton",2,63.6,63.6,Somerset,Yorkshire,WCF Smeed,C Overton,GCH Hill,1,0,,,,,,,,,,,,,
1513344,2026,2026-05-01,"The Cooper Associates County Ground, Taunton",2,64.1,64.1,Somerset,Yorkshire,WCF Smeed,C Overton,JA Richardson,4,0,,,,,,,,,,,,,
1513344,2026,2026-05-01,"The Cooper Associates County Ground, Taunton",2,64.2,64.2,Somerset,Yorkshire,WCF Smeed,C Overton,JA Richardson,0,0,,,,,,,,,,,,,
1513344,2026,2026-05-01,"The Cooper Associates County Ground, Taunton",2,64.3,64.3,Somerset,Yorkshire,WCF Smeed,C Overton,JA Richardson,0,0,,,,,,,,,,,,,
1513344,2026,2026-05-01,"The Cooper Associates County Ground, Taunton",2,64.4,64.4,Somerset,Yorkshire,WCF Smeed,C Overton,JA Richardson,0,0,,,,,,,,,,,,,
1513344,2026,2026-05-01,"The Cooper Associates County Ground, Taunton",2,64.5,64.5,Somerset,Yorkshire,WCF Smeed,C Overton,JA Richardson,0,0,,,,,,,,,,,,,
1513344,2026,2026-05-01,"The Cooper Associates County Ground, Taunton",2,64.6,64.6,Somerset,Yorkshire,WCF Smeed,C Overton,JA Richardson,0,0,,,,,,,,,,,,,
1513344,2026,2026-05-01,"The Cooper Associates County Ground, Taunton",2,65.1,65.1,Somerset,Yorkshire,C Overton,WCF Smeed,LV van Beek,0,0,,,,,,,,,,,,,
1513344,2026,2026-05-01,"The Cooper Associates County Ground, Taunton",2,65.2,65.2,Somerset,Yorkshire,C Overton,WCF Smeed,LV van Beek,0,0,,,,,,,bowled,C Overton,,,,,
1513344,2026,2026-05-01,"The Cooper Associates County Ground, Taunton",2,65.3,65.3,Somerset,Yorkshire,L Gregory,WCF Smeed,LV van Beek,0,0,,,,,,,,,,,,,
1513344,2026,2026-05-01,"The Cooper Associates County Ground, Taunton",2,65.4,65.4,Somerset,Yorkshire,L Gregory,WCF Smeed,LV van Beek,0,0,,,,,,,,,,,,,
1513344,2026,2026-05-01,"The Cooper Associates County Ground, Taunton",2,65.5,65.5,Somerset,Yorkshire,L Gregory,WCF Smeed,LV van Beek,0,0,,,,,,,,,,,,,
1513344,2026,2026-05-01,"The Cooper Associates County Ground, Taunton",2,65.6,65.6,Somerset,Yorkshire,L Gregory,WCF Smeed,LV van Beek,0,0,,,,,,,,,,,,,
1513344,2026,2026-05-01,"The Cooper Associates County Ground, Taunton",2,66.1,66.1,Somerset,Yorkshire,WCF Smeed,L Gregory,JA Richardson,0,0,,,,,,,,,,,,,
1513344,2026,2026-05-01,"The Cooper Associates County Ground, Taunton",2,66.2,66.2,Somerset,Yorkshire,WCF Smeed,L Gregory,JA Richardson,0,0,,,,,,,,,,,,,
1513344,2026,2026-05-01,"The Cooper Associates County Ground, Taunton",2,66.3,66.3,Somerset,Yorkshire,WCF Smeed,L Gregory,JA Richardson,0,0,,,,,,,,,,,,,
1513344,2026,2026-05-01,"The Cooper Associates County Ground, Taunton",2,66.4,66.4,Somerset,Yorkshire,WCF Smeed,L Gregory,JA Richardson,0,0,,,,,,,,,,,,,
1513344,2026,2026-05-01,"The Cooper Associates County Ground, Taunton",2,66.5,66.5,Somerset,Yorkshire,WCF Smeed,L Gregory,JA Richardson,4,0,,,,,,,,,,,,,
1513344,2026,2026-05-01,"The Cooper Associates County Ground, Taunton",2,66.6,66.6,Somerset,Yorkshire,WCF Smeed,L Gregory,JA Richardson,0,0,,,,,,,,,,,,,
1513344,2026,2026-05-01,"The Cooper Associates County Ground, Taunton",2,67.1,67.1,Somerset,Yorkshire,L Gregory,WCF Smeed,LV van Beek,0,0,,,,,,,,,,,,,
1513344,2026,2026-05-01,"The Cooper Associates County Ground, Taunton",2,67.2,67.2,Somerset,Yorkshire,L Gregory,WCF Smeed,LV van Beek,0,0,,,,,,,,,,,,,
1513344,2026,2026-05-01,"The Cooper Associates County Ground, Taunton",2,67.3,67.3,Somerset,Yorkshire,L Gregory,WCF Smeed,LV van Beek,4,0,,,,,,,,,,,,,
1513344,2026,2026-05-01,"The Cooper Associates County Ground, Taunton",2,67.4,67.4,Somerset,Yorkshire,L Gregory,WCF Smeed,LV van Beek,0,1,,,,1,,,,,,,,,
1513344,2026,2026-05-01,"The Cooper Associates County Ground, Taunton",2,67.5,67.5,Somerset,Yorkshire,WCF Smeed,L Gregory,LV van Beek,4,0,,,,,,,,,,,,,
1513344,2026,2026-05-01,"The Cooper Associates County Ground, Taunton",2,67.6,67.6,Somerset,Yorkshire,WCF Smeed,L Gregory,LV van Beek,0,0,,,,,,,,,,,,,
1513344,2026,2026-05-01,"The Cooper Associates County Ground, Taunton",2,68.1,68.1,Somerset,Yorkshire,L Gregory,WCF Smeed,JA Richardson,0,0,,,,,,,,,,,,,
1513344,2026,2026-05-01,"The Cooper Associates County Ground, Taunton",2,68.2,68.2,Somerset,Yorkshire,L Gregory,WCF Smeed,JA Richardson,0,0,,,,,,,,,,,,,
1513344,2026,2026-05-01,"The Cooper Associates County Ground, Taunton",2,68.3,68.3,Somerset,Yorkshire,L Gregory,WCF Smeed,JA Richardson,0,0,,,,,,,,,,,,,
1513344,2026,2026-05-01,"The Cooper Associates County Ground, Taunton",2,68.4,68.4,Somerset,Yorkshire,L Gregory,WCF Smeed,JA Richardson,0,0,,,,,,,,,,,,,
1513344,2026,2026-05-01,"The Cooper Associates County Ground, Taunton",2,68.5,68.5,Somerset,Yorkshire,L Gregory,WCF Smeed,JA Richardson,0,0,,,,,,,,,,,,,
1513344,2026,2026-05-01,"The Cooper Associates County Ground, Taunton",2,68.6,68.6,Somerset,Yorkshire,L Gregory,WCF Smeed,JA Richardson,1,0,,,,,,,,,,,,,
1513344,2026,2026-05-01,"The Cooper Associates County Ground, Taunton",2,69.1,69.1,Somerset,Yorkshire,L Gregory,WCF Smeed,LV van Beek,1,0,,,,,,,,,,,,,
1513344,2026,2026-05-01,"The Cooper Associates County Ground, Taunton",2,69.2,69.2,Somerset,Yorkshire,WCF Smeed,L Gregory,LV van Beek,0,0,,,,,,,,,,,,,
1513344,2026,2026-05-01,"The Cooper Associates County Ground, Taunton",2,69.3,69.3,Somerset,Yorkshire,WCF Smeed,L Gregory,LV van Beek,0,0,,,,,,,,,,,,,
1513344,2026,2026-05-01,"The Cooper Associates County Ground, Taunton",2,69.4,69.4,Somerset,Yorkshire,WCF Smeed,L Gregory,LV van Beek,4,0,,,,,,,,,,,,,
1513344,2026,2026-05-01,"The Cooper Associates County Ground, Taunton",2,69.5,69.5,Somerset,Yorkshire,WCF Smeed,L Gregory,LV van Beek,0,4,,,,4,,,,,,,,,
1513344,2026,2026-05-01,"The Cooper Associates County Ground, Taunton",2,69.6,69.6,Somerset,Yorkshire,WCF Smeed,L Gregory,LV van Beek,0,0,,,,,,,,,,,,,
1513344,2026,2026-05-01,"The Cooper Associates County Ground, Taunton",2,70.1,70.1,Somerset,Yorkshire,L Gregory,WCF Smeed,ML Revis,4,0,,,,,,,,,,,,,
1513344,2026,2026-05-01,"The Cooper Associates County Ground, Taunton",2,70.2,70.2,Somerset,Yorkshire,L Gregory,WCF Smeed,ML Revis,0,0,,,,,,,,,,,,,
1513344,2026,2026-05-01,"The Cooper Associates County Ground, Taunton",2,70.3,70.3,Somerset,Yorkshire,L Gregory,WCF Smeed,ML Revis,0,0,,,,,,,,,,,,,
1513344,2026,2026-05-01,"The Cooper Associates County Ground, Taunton",2,70.4,70.4,Somerset,Yorkshire,L Gregory,WCF Smeed,ML Revis,0,0,,,,,,,,,,,,,
1513344,2026,2026-05-01,"The Cooper Associates County Ground, Taunton",2,70.5,70.5,Somerset,Yorkshire,L Gregory,WCF Smeed,ML Revis,2,0,,,,,,,,,,,,,
1513344,2026,2026-05-01,"The Cooper Associates County Ground, Taunton",2,70.6,70.6,Somerset,Yorkshire,L Gregory,WCF Smeed,ML Revis,0,0,,,,,,,,,,,,,
1513344,2026,2026-05-01,"The Cooper Associates County Ground, Taunton",2,71.1,71.1,Somerset,Yorkshire,WCF Smeed,L Gregory,LV van Beek,1,0,,,,,,,,,,,,,
1513344,2026,2026-05-01,"The Cooper Associates County Ground, Taunton",2,71.2,71.2,Somerset,Yorkshire,L Gregory,WCF Smeed,LV van Beek,1,0,,,,,,,,,,,,,
1513344,2026,2026-05-01,"The Cooper Associates County Ground, Taunton",2,71.3,71.3,Somerset,Yorkshire,WCF Smeed,L Gregory,LV van Beek,0,0,,,,,,,,,,,,,
1513344,2026,2026-05-01,"The Cooper Associates County Ground, Taunton",2,71.4,71.4,Somerset,Yorkshire,WCF Smeed,L Gregory,LV van Beek,0,0,,,,,,,,,,,,,
1513344,2026,2026-05-01,"The Cooper Associates County Ground, Taunton",2,71.5,71.5,Somerset,Yorkshire,WCF Smeed,L Gregory,LV van Beek,0,0,,,,,,,,,,,,,
1513344,2026,2026-05-01,"The Cooper Associates County Ground, Taunton",2,71.6,71.6,Somerset,Yorkshire,WCF Smeed,L Gregory,LV van Beek,1,0,,,,,,,,,,,,,
1513344,2026,2026-05-01,"The Cooper Associates County Ground, Taunton",2,72.1,72.1,Somerset,Yorkshire,WCF Smeed,L Gregory,ML Revis,0,0,,,,,,,,,,,,,
1513344,2026,2026-05-01,"The Cooper Associates County Ground, Taunton",2,72.2,72.2,Somerset,Yorkshire,WCF Smeed,L Gregory,ML Revis,0,0,,,,,,,,,,,,,
1513344,2026,2026-05-01,"The Cooper Associates County Ground, Taunton",2,72.3,72.3,Somerset,Yorkshire,WCF Smeed,L Gregory,ML Revis,1,0,,,,,,,,,,,,,
1513344,2026,2026-05-01,"The Cooper Associates County Ground, Taunton",2,72.4,72.4,Somerset,Yorkshire,L Gregory,WCF Smeed,ML Revis,0,0,,,,,,,,,,,,,
1513344,2026,2026-05-01,"The Cooper Associates County Ground, Taunton",2,72.5,72.5,Somerset,Yorkshire,L Gregory,WCF Smeed,ML Revis,0,0,,,,,,,,,,,,,
1513344,2026,2026-05-01,"The Cooper Associates County Ground, Taunton",2,72.6,72.6,Somerset,Yorkshire,L Gregory,WCF Smeed,ML Revis,0,0,,,,,,,,,,,,,
1513344,2026,2026-05-01,"The Cooper Associates County Ground, Taunton",2,73.1,73.1,Somerset,Yorkshire,WCF Smeed,L Gregory,LV van Beek,0,0,,,,,,,,,,,,,
1513344,2026,2026-05-01,"The Cooper Associates County Ground, Taunton",2,73.2,73.2,Somerset,Yorkshire,WCF Smeed,L Gregory,LV van Beek,0,0,,,,,,,,,,,,,
1513344,2026,2026-05-01,"The Cooper Associates County Ground, Taunton",2,73.3,73.3,Somerset,Yorkshire,WCF Smeed,L Gregory,LV van Beek,0,0,,,,,,,,,,,,,
1513344,2026,2026-05-01,"The Cooper Associates County Ground, Taunton",2,73.4,73.4,Somerset,Yorkshire,WCF Smeed,L Gregory,LV van Beek,0,0,,,,,,,,,,,,,
1513344,2026,2026-05-01,"The Cooper Associates County Ground, Taunton",2,73.5,73.5,Somerset,Yorkshire,WCF Smeed,L Gregory,LV van Beek,4,0,,,,,,,,,,,,,
1513344,2026,2026-05-01,"The Cooper Associates County Ground, Taunton",2,73.6,73.6,Somerset,Yorkshire,WCF Smeed,L Gregory,LV van Beek,0,0,,,,,,,,,,,,,
1513344,2026,2026-05-01,"The Cooper Associates County Ground, Taunton",2,74.1,74.1,Somerset,Yorkshire,L Gregory,WCF Smeed,ML Revis,0,0,,,,,,,,,,,,,
1513344,2026,2026-05-01,"The Cooper Associates County Ground, Taunton",2,74.2,74.2,Somerset,Yorkshire,L Gregory,WCF Smeed,ML Revis,1,0,,,,,,,,,,,,,
1513344,2026,2026-05-01,"The Cooper Associates County Ground, Taunton",2,74.3,74.3,Somerset,Yorkshire,WCF Smeed,L Gregory,ML Revis,0,0,,,,,,,,,,,,,
1513344,2026,2026-05-01,"The Cooper Associates County Ground, Taunton",2,74.4,74.4,Somerset,Yorkshire,WCF Smeed,L Gregory,ML Revis,0,0,,,,,,,,,,,,,
1513344,2026,2026-05-01,"The Cooper Associates County Ground, Taunton",2,74.5,74.5,Somerset,Yorkshire,WCF Smeed,L Gregory,ML Revis,1,0,,,,,,,,,,,,,
1513344,2026,2026-05-01,"The Cooper Associates County Ground, Taunton",2,74.6,74.6,Somerset,Yorkshire,L Gregory,WCF Smeed,ML Revis,0,0,,,,,,,,,,,,,
1513344,2026,2026-05-01,"The Cooper Associates County Ground, Taunton",2,75.1,75.1,Somerset,Yorkshire,WCF Smeed,L Gregory,DM Bess,0,0,,,,,,,,,,,,,
1513344,2026,2026-05-01,"The Cooper Associates County Ground, Taunton",2,75.2,75.2,Somerset,Yorkshire,WCF Smeed,L Gregory,DM Bess,0,0,,,,,,,,,,,,,
1513344,2026,2026-05-01,"The Cooper Associates County Ground, Taunton",2,75.3,75.3,Somerset,Yorkshire,WCF Smeed,L Gregory,DM Bess,0,0,,,,,,,,,,,,,
1513344,2026,2026-05-01,"The Cooper Associates County Ground, Taunton",2,75.4,75.4,Somerset,Yorkshire,WCF Smeed,L Gregory,DM Bess,0,0,,,,,,,,,,,,,
1513344,2026,2026-05-01,"The Cooper Associates County Ground, Taunton",2,75.5,75.5,Somerset,Yorkshire,WCF Smeed,L Gregory,DM Bess,0,0,,,,,,,,,,,,,
1513344,2026,2026-05-01,"The Cooper Associates County Ground, Taunton",2,75.6,75.6,Somerset,Yorkshire,WCF Smeed,L Gregory,DM Bess,1,0,,,,,,,,,,,,,
1513344,2026,2026-05-01,"The Cooper Associates County Ground, Taunton",2,76.1,76.1,Somerset,Yorkshire,WCF Smeed,L Gregory,ML Revis,1,0,,,,,,,,,,,,,
1513344,2026,2026-05-01,"The Cooper Associates County Ground, Taunton",2,76.2,76.2,Somerset,Yorkshire,L Gregory,WCF Smeed,ML Revis,1,0,,,,,,,,,,,,,
1513344,2026,2026-05-01,"The Cooper Associates County Ground, Taunton",2,76.3,76.3,Somerset,Yorkshire,WCF Smeed,L Gregory,ML Revis,0,0,,,,,,,,,,,,,
1513344,2026,2026-05-01,"The Cooper Associates County Ground, Taunton",2,76.4,76.4,Somerset,Yorkshire,WCF Smeed,L Gregory,ML Revis,0,0,,,,,,,,,,,,,
1513344,2026,2026-05-01,"The Cooper Associates County Ground, Taunton",2,76.5,76.5,Somerset,Yorkshire,WCF Smeed,L Gregory,ML Revis,0,0,,,,,,,,,,,,,
1513344,2026,2026-05-01,"The Cooper Associates County Ground, Taunton",2,76.6,76.6,Somerset,Yorkshire,WCF Smeed,L Gregory,ML Revis,0,0,,,,,,,,,,,,,
1513344,2026,2026-05-01,"The Cooper Associates County Ground, Taunton",2,77.1,77.1,Somerset,Yorkshire,L Gregory,WCF Smeed,DM Bess,0,0,,,,,,,caught,L Gregory,,,JE Root,,
1513344,2026,2026-05-01,"The Cooper Associates County Ground, Taunton",2,77.2,77.2,Somerset,Yorkshire,M Pretorius,WCF Smeed,DM Bess,0,0,,,,,,,,,,,,,
1513344,2026,2026-05-01,"The Cooper Associates County Ground, Taunton",2,77.3,77.3,Somerset,Yorkshire,M Pretorius,WCF Smeed,DM Bess,0,0,,,,,,,,,,,,,
1513344,2026,2026-05-01,"The Cooper Associates County Ground, Taunton",2,77.4,77.4,Somerset,Yorkshire,M Pretorius,WCF Smeed,DM Bess,0,0,,,,,,,,,,,,,
1513344,2026,2026-05-01,"The Cooper Associates County Ground, Taunton",2,77.5,77.5,Somerset,Yorkshire,M Pretorius,WCF Smeed,DM Bess,3,0,,,,,,,,,,,,,
1513344,2026,2026-05-01,"The Cooper Associates County Ground, Taunton",2,77.6,77.6,Somerset,Yorkshire,WCF Smeed,M Pretorius,DM Bess,0,0,,,,,,,,,,,,,
1513344,2026,2026-05-01,"The Cooper Associates County Ground, Taunton",2,78.1,78.1,Somerset,Yorkshire,M Pretorius,WCF Smeed,ML Revis,0,0,,,,,,,,,,,,,
1513344,2026,2026-05-01,"The Cooper Associates County Ground, Taunton",2,78.2,78.2,Somerset,Yorkshire,M Pretorius,WCF Smeed,ML Revis,0,0,,,,,,,,,,,,,
1513344,2026,2026-05-01,"The Cooper Associates County Ground, Taunton",2,78.3,78.3,Somerset,Yorkshire,M Pretorius,WCF Smeed,ML Revis,0,0,,,,,,,caught,M Pretorius,,,JE Root,,
1513344,2026,2026-05-01,"The Cooper Associates County Ground, Taunton",2,78.4,78.4,Somerset,Yorkshire,ARJ Ogborne,WCF Smeed,ML Revis,0,0,,,,,,,caught,ARJ Ogborne,,,DM Bess,,
1513344,2026,2026-05-01,"The Cooper Associates County Ground, Taunton",3,0.1,0.1,Yorkshire,Somerset,A Lyth,FJ Bean,L Gregory,1,0,,,,,,,,,,,,,
1513344,2026,2026-05-01,"The Cooper Associates County Ground, Taunton",3,0.2,0.2,Yorkshire,Somerset,FJ Bean,A Lyth,L Gregory,1,0,,,,,,,,,,,,,
1513344,2026,2026-05-01,"The Cooper Associates County Ground, Taunton",3,0.3,0.3,Yorkshire,Somerset,A Lyth,FJ Bean,L Gregory,0,2,,2,,,,,,,,,,,
1513344,2026,2026-05-01,"The Cooper Associates County Ground, Taunton",3,0.4,0.3,Yorkshire,Somerset,A Lyth,FJ Bean,L Gregory,0,0,,,,,,,,,,,,,
1513344,2026,2026-05-01,"The Cooper Associates County Ground, Taunton",3,0.5,0.4,Yorkshire,Somerset,A Lyth,FJ Bean,L Gregory,0,0,,,,,,,,,,,,,
1513344,2026,2026-05-01,"The Cooper Associates County Ground, Taunton",3,0.6,0.5,Yorkshire,Somerset,A Lyth,FJ Bean,L Gregory,0,0,,,,,,,,,,,,,
1513344,2026,2026-05-01,"The Cooper Associates County Ground, Taunton",3,0.7,0.6,Yorkshire,Somerset,A Lyth,FJ Bean,L Gregory,0,0,,,,,,,,,,,,,
1513344,2026,2026-05-01,"The Cooper Associates County Ground, Taunton",3,1.1,1.1,Yorkshire,Somerset,FJ Bean,A Lyth,ARJ Ogborne,0,0,,,,,,,,,,,,,
1513344,2026,2026-05-01,"The Cooper Associates County Ground, Taunton",3,1.2,1.2,Yorkshire,Somerset,FJ Bean,A Lyth,ARJ Ogborne,0,0,,,,,,,,,,,,,
1513344,2026,2026-05-01,"The Cooper Associates County Ground, Taunton",3,1.3,1.3,Yorkshire,Somerset,FJ Bean,A Lyth,ARJ Ogborne,0,0,,,,,,,,,,,,,
1513344,2026,2026-05-01,"The Cooper Associates County Ground, Taunton",3,1.4,1.4,Yorkshire,Somerset,FJ Bean,A Lyth,ARJ Ogborne,0,0,,,,,,,,,,,,,
1513344,2026,2026-05-01,"The Cooper Associates County Ground, Taunton",3,1.5,1.5,Yorkshire,Somerset,FJ Bean,A Lyth,ARJ Ogborne,0,0,,,,,,,,,,,,,
1513344,2026,2026-05-01,"The Cooper Associates County Ground, Taunton",3,1.6,1.6,Yorkshire,Somerset,FJ Bean,A Lyth,ARJ Ogborne,1,0,,,,,,,,,,,,,
1513344,2026,2026-05-01,"The Cooper Associates County Ground, Taunton",3,2.1,2.1,Yorkshire,Somerset,FJ Bean,A Lyth,L Gregory,0,0,,,,,,,,,,,,,
1513344,2026,2026-05-01,"The Cooper Associates County Ground, Taunton",3,2.2,2.2,Yorkshire,Somerset,FJ Bean,A Lyth,L Gregory,0,0,,,,,,,,,,,,,
1513344,2026,2026-05-01,"The Cooper Associates County Ground, Taunton",3,2.3,2.3,Yorkshire,Somerset,FJ Bean,A Lyth,L Gregory,0,0,,,,,,,,,,,,,
1513344,2026,2026-05-01,"The Cooper Associates County Ground, Taunton",3,2.4,2.4,Yorkshire,Somerset,FJ Bean,A Lyth,L Gregory,0,0,,,,,,,,,,,,,
1513344,2026,2026-05-01,"The Cooper Associates County Ground, Taunton",3,2.5,2.5,Yorkshire,Somerset,FJ Bean,A Lyth,L Gregory,0,0,,,,,,,,,,,,,
1513344,2026,2026-05-01,"The Cooper Associates County Ground, Taunton",3,2.6,2.6,Yorkshire,Somerset,FJ Bean,A Lyth,L Gregory,2,0,,,,,,,,,,,,,
1513344,2026,2026-05-01,"The Cooper Associates County Ground, Taunton",3,3.1,3.1,Yorkshire,Somerset,A Lyth,FJ Bean,ARJ Ogborne,0,0,,,,,,,,,,,,,
1513344,2026,2026-05-01,"The Cooper Associates County Ground, Taunton",3,3.2,3.2,Yorkshire,Somerset,A Lyth,FJ Bean,ARJ Ogborne,0,0,,,,,,,,,,,,,
1513344,2026,2026-05-01,"The Cooper Associates County Ground, Taunton",3,3.3,3.3,Yorkshire,Somerset,A Lyth,FJ Bean,ARJ Ogborne,0,0,,,,,,,,,,,,,
1513344,2026,2026-05-01,"The Cooper Associates County Ground, Taunton",3,3.4,3.4,Yorkshire,Somerset,A Lyth,FJ Bean,ARJ Ogborne,1,0,,,,,,,,,,,,,
1513344,2026,2026-05-01,"The Cooper Associates County Ground, Taunton",3,3.5,3.5,Yorkshire,Somerset,FJ Bean,A Lyth,ARJ Ogborne,0,0,,,,,,,,,,,,,
1513344,2026,2026-05-01,"The Cooper Associates County Ground, Taunton",3,3.6,3.6,Yorkshire,Somerset,FJ Bean,A Lyth,ARJ Ogborne,0,0,,,,,,,,,,,,,
1513344,2026,2026-05-01,"The Cooper Associates County Ground, Taunton",3,4.1,4.1,Yorkshire,Somerset,A Lyth,FJ Bean,L Gregory,0,1,,,1,,,,,,,,,,
1513344,2026,2026-05-01,"The Cooper Associates County Ground, Taunton",3,4.2,4.2,Yorkshire,Somerset,FJ Bean,A Lyth,L Gregory,4,0,,,,,,,,,,,,,
1513344,2026,2026-05-01,"The Cooper Associates County Ground, Taunton",3,4.3,4.3,Yorkshire,Somerset,FJ Bean,A Lyth,L Gregory,0,0,,,,,,,,,,,,,
1513344,2026,2026-05-01,"The Cooper Associates County Ground, Taunton",3,4.4,4.4,Yorkshire,Somerset,FJ Bean,A Lyth,L Gregory,0,0,,,,,,,,,,,,,
1513344,2026,2026-05-01,"The Cooper Associates County Ground, Taunton",3,4.5,4.5,Yorkshire,Somerset,FJ Bean,A Lyth,L Gregory,0,0,,,,,,,,,,,,,
1513344,2026,2026-05-01,"The Cooper Associates County Ground, Taunton",3,4.6,4.6,Yorkshire,Somerset,FJ Bean,A Lyth,L Gregory,0,0,,,,,,,,,,,,,
1513344,2026,2026-05-01,"The Cooper Associates County Ground, Taunton",3,5.1,5.1,Yorkshire,Somerset,A Lyth,FJ Bean,C Overton,4,0,,,,,,,,,,,,,
1513344,2026,2026-05-01,"The Cooper Associates County Ground, Taunton",3,5.2,5.2,Yorkshire,Somerset,A Lyth,FJ Bean,C Overton,1,0,,,,,,,,,,,,,
1513344,2026,2026-05-01,"The Cooper Associates County Ground, Taunton",3,5.3,5.3,Yorkshire,Somerset,FJ Bean,A Lyth,C Overton,0,0,,,,,,,,,,,,,
1513344,2026,2026-05-01,"The Cooper Associates County Ground, Taunton",3,5.4,5.4,Yorkshire,Somerset,FJ Bean,A Lyth,C Overton,0,0,,,,,,,,,,,,,
1513344,2026,2026-05-01,"The Cooper Associates County Ground, Taunton",3,5.5,5.5,Yorkshire,Somerset,FJ Bean,A Lyth,C Overton,4,0,,,,,,,,,,,,,
1513344,2026,2026-05-01,"The Cooper Associates County Ground, Taunton",3,5.6,5.6,Yorkshire,Somerset,FJ Bean,A Lyth,C Overton,0,0,,,,,,,,,,,,,
1513344,2026,2026-05-01,"The Cooper Associates County Ground, Taunton",3,6.1,6.1,Yorkshire,Somerset,A Lyth,FJ Bean,L Gregory,0,0,,,,,,,,,,,,,
1513344,2026,2026-05-01,"The Cooper Associates County Ground, Taunton",3,6.2,6.2,Yorkshire,Somerset,A Lyth,FJ Bean,L Gregory,0,2,,2,,,,,,,,,,,
1513344,2026,2026-05-01,"The Cooper Associates County Ground, Taunton",3,6.3,6.2,Yorkshire,Somerset,A Lyth,FJ Bean,L Gregory,0,0,,,,,,,,,,,,,
1513344,2026,2026-05-01,"The Cooper Associates County Ground, Taunton",3,6.4,6.3,Yorkshire,Somerset,A Lyth,FJ Bean,L Gregory,0,0,,,,,,,,,,,,,
1513344,2026,2026-05-01,"The Cooper Associates County Ground, Taunton",3,6.5,6.4,Yorkshire,Somerset,A Lyth,FJ Bean,L Gregory,0,0,,,,,,,,,,,,,
1513344,2026,2026-05-01,"The Cooper Associates County Ground, Taunton",3,6.6,6.5,Yorkshire,Somerset,A Lyth,FJ Bean,L Gregory,0,0,,,,,,,,,,,,,
1513344,2026,2026-05-01,"The Cooper Associates County Ground, Taunton",3,6.7,6.6,Yorkshire,Somerset,A Lyth,FJ Bean,L Gregory,0,0,,,,,,,,,,,,,
1513344,2026,2026-05-01,"The Cooper Associates County Ground, Taunton",3,7.1,7.1,Yorkshire,Somerset,FJ Bean,A Lyth,C Overton,0,0,,,,,,,bowled,FJ Bean,,,,,
1513344,2026,2026-05-01,"The Cooper Associates County Ground, Taunton",3,7.2,7.2,Yorkshire,Somerset,JH Wharton,A Lyth,C Overton,0,0,,,,,,,,,,,,,
1513344,2026,2026-05-01,"The Cooper Associates County Ground, Taunton",3,7.3,7.3,Yorkshire,Somerset,JH Wharton,A Lyth,C Overton,1,0,,,,,,,,,,,,,
1513344,2026,2026-05-01,"The Cooper Associates County Ground, Taunton",3,7.4,7.4,Yorkshire,Somerset,A Lyth,JH Wharton,C Overton,0,0,,,,,,,,,,,,,
1513344,2026,2026-05-01,"The Cooper Associates County Ground, Taunton",3,7.5,7.5,Yorkshire,Somerset,A Lyth,JH Wharton,C Overton,0,0,,,,,,,,,,,,,
1513344,2026,2026-05-01,"The Cooper Associates County Ground, Taunton",3,7.6,7.6,Yorkshire,Somerset,A Lyth,JH Wharton,C Overton,1,0,,,,,,,,,,,,,
1513344,2026,2026-05-01,"The Cooper Associates County Ground, Taunton",3,8.1,8.1,Yorkshire,Somerset,A Lyth,JH Wharton,L Gregory,0,0,,,,,,,,,,,,,
1513344,2026,2026-05-01,"The Cooper Associates County Ground, Taunton",3,8.2,8.2,Yorkshire,Somerset,A Lyth,JH Wharton,L Gregory,1,0,,,,,,,,,,,,,
1513344,2026,2026-05-01,"The Cooper Associates County Ground, Taunton",3,8.3,8.3,Yorkshire,Somerset,JH Wharton,A Lyth,L Gregory,2,0,,,,,,,,,,,,,
1513344,2026,2026-05-01,"The Cooper Associates County Ground, Taunton",3,8.4,8.4,Yorkshire,Somerset,JH Wharton,A Lyth,L Gregory,0,0,,,,,,,,,,,,,
1513344,2026,2026-05-01,"The Cooper Associates County Ground, Taunton",3,8.5,8.5,Yorkshire,Somerset,JH Wharton,A Lyth,L Gregory,0,0,,,,,,,,,,,,,
1513344,2026,2026-05-01,"The Cooper Associates County Ground, Taunton",3,8.6,8.6,Yorkshire,Somerset,JH Wharton,A Lyth,L Gregory,0,0,,,,,,,,,,,,,
1513344,2026,2026-05-01,"The Cooper Associates County Ground, Taunton",3,9.1,9.1,Yorkshire,Somerset,A Lyth,JH Wharton,C Overton,0,0,,,,,,,,,,,,,
1513344,2026,2026-05-01,"The Cooper Associates County Ground, Taunton",3,9.2,9.2,Yorkshire,Somerset,A Lyth,JH Wharton,C Overton,0,0,,,,,,,,,,,,,
1513344,2026,2026-05-01,"The Cooper Associates County Ground, Taunton",3,9.3,9.3,Yorkshire,Somerset,A Lyth,JH Wharton,C Overton,0,0,,,,,,,,,,,,,
1513344,2026,2026-05-01,"The Cooper Associates County Ground, Taunton",3,9.4,9.4,Yorkshire,Somerset,A Lyth,JH Wharton,C Overton,0,0,,,,,,,,,,,,,
1513344,2026,2026-05-01,"The Cooper Associates County Ground, Taunton",3,9.5,9.5,Yorkshire,Somerset,A Lyth,JH Wharton,C Overton,0,0,,,,,,,,,,,,,
1513344,2026,2026-05-01,"The Cooper Associates County Ground, Taunton",3,9.6,9.6,Yorkshire,Somerset,A Lyth,JH Wharton,C Overton,4,0,,,,,,,,,,,,,
1513344,2026,2026-05-01,"The Cooper Associates County Ground, Taunton",3,10.1,10.1,Yorkshire,Somerset,JH Wharton,A Lyth,L Gregory,0,0,,,,,,,,,,,,,
1513344,2026,2026-05-01,"The Cooper Associates County Ground, Taunton",3,10.2,10.2,Yorkshire,Somerset,JH Wharton,A Lyth,L Gregory,0,0,,,,,,,,,,,,,
1513344,2026,2026-05-01,"The Cooper Associates County Ground, Taunton",3,10.3,10.3,Yorkshire,Somerset,JH Wharton,A Lyth,L Gregory,3,0,,,,,,,,,,,,,
1513344,2026,2026-05-01,"The Cooper Associates County Ground, Taunton",3,10.4,10.4,Yorkshire,Somerset,A Lyth,JH Wharton,L Gregory,0,0,,,,,,,,,,,,,
1513344,2026,2026-05-01,"The Cooper Associates County Ground, Taunton",3,10.5,10.5,Yorkshire,Somerset,A Lyth,JH Wharton,L Gregory,0,4,,,4,,,,,,,,,,
1513344,2026,2026-05-01,"The Cooper Associates County Ground, Taunton",3,10.6,10.6,Yorkshire,Somerset,A Lyth,JH Wharton,L Gregory,1,0,,,,,,,,,,,,,
1513344,2026,2026-05-01,"The Cooper Associates County Ground, Taunton",3,11.1,11.1,Yorkshire,Somerset,A Lyth,JH Wharton,C Overton,0,0,,,,,,,,,,,,,
1513344,2026,2026-05-01,"The Cooper Associates County Ground, Taunton",3,11.2,11.2,Yorkshire,Somerset,A Lyth,JH Wharton,C Overton,0,0,,,,,,,,,,,,,
1513344,2026,2026-05-01,"The Cooper Associates County Ground, Taunton",3,11.3,11.3,Yorkshire,Somerset,A Lyth,JH Wharton,C Overton,2,0,,,,,,,,,,,,,
1513344,2026,2026-05-01,"The Cooper Associates County Ground, Taunton",3,11.4,11.4,Yorkshire,Somerset,A Lyth,JH Wharton,C Overton,0,0,,,,,,,,,,,,,
1513344,2026,2026-05-01,"The Cooper Associates County Ground, Taunton",3,11.5,11.5,Yorkshire,Somerset,A Lyth,JH Wharton,C Overton,0,0,,,,,,,caught,A Lyth,,,JEK Rew,,
1513344,2026,2026-05-01,"The Cooper Associates County Ground, Taunton",3,11.6,11.6,Yorkshire,Somerset,JE Root,JH Wharton,C Overton,1,0,,,,,,,,,,,,,
1513344,2026,2026-05-01,"The Cooper Associates County Ground, Taunton",3,12.1,12.1,Yorkshire,Somerset,JE Root,JH Wharton,L Gregory,1,0,,,,,,,,,,,,,
1513344,2026,2026-05-01,"The Cooper Associates County Ground, Taunton",3,12.2,12.2,Yorkshire,Somerset,JH Wharton,JE Root,L Gregory,1,0,,,,,,,,,,,,,
1513344,2026,2026-05-01,"The Cooper Associates County Ground, Taunton",3,12.3,12.3,Yorkshire,Somerset,JE Root,JH Wharton,L Gregory,0,0,,,,,,,,,,,,,
1513344,2026,2026-05-01,"The Cooper Associates County Ground, Taunton",3,12.4,12.4,Yorkshire,Somerset,JE Root,JH Wharton,L Gregory,1,0,,,,,,,,,,,,,
1513344,2026,2026-05-01,"The Cooper Associates County Ground, Taunton",3,12.5,12.5,Yorkshire,Somerset,JH Wharton,JE Root,L Gregory,0,0,,,,,,,,,,,,,
1513344,2026,2026-05-01,"The Cooper Associates County Ground, Taunton",3,12.6,12.6,Yorkshire,Somerset,JH Wharton,JE Root,L Gregory,0,0,,,,,,,,,,,,,
1513344,2026,2026-05-01,"The Cooper Associates County Ground, Taunton",3,13.1,13.1,Yorkshire,Somerset,JE Root,JH Wharton,C Overton,1,0,,,,,,,,,,,,,
1513344,2026,2026-05-01,"The Cooper Associates County Ground, Taunton",3,13.2,13.2,Yorkshire,Somerset,JH Wharton,JE Root,C Overton,0,0,,,,,,,,,,,,,
1513344,2026,2026-05-01,"The Cooper Associates County Ground, Taunton",3,13.3,13.3,Yorkshire,Somerset,JH Wharton,JE Root,C Overton,0,0,,,,,,,,,,,,,
1513344,2026,2026-05-01,"The Cooper Associates County Ground, Taunton",3,13.4,13.4,Yorkshire,Somerset,JH Wharton,JE Root,C Overton,1,0,,,,,,,,,,,,,
1513344,2026,2026-05-01,"The Cooper Associates County Ground, Taunton",3,13.5,13.5,Yorkshire,Somerset,JE Root,JH Wharton,C Overton,0,0,,,,,,,,,,,,,
1513344,2026,2026-05-01,"The Cooper Associates County Ground, Taunton",3,13.6,13.6,Yorkshire,Somerset,JE Root,JH Wharton,C Overton,1,0,,,,,,,,,,,,,
1513344,2026,2026-05-01,"The Cooper Associates County Ground, Taunton",3,14.1,14.1,Yorkshire,Somerset,JE Root,JH Wharton,L Gregory,4,0,,,,,,,,,,,,,
1513344,2026,2026-05-01,"The Cooper Associates County Ground, Taunton",3,14.2,14.2,Yorkshire,Somerset,JE Root,JH Wharton,L Gregory,0,2,,2,,,,,,,,,,,
1513344,2026,2026-05-01,"The Cooper Associates County Ground, Taunton",3,14.3,14.2,Yorkshire,Somerset,JE Root,JH Wharton,L Gregory,0,0,,,,,,,,,,,,,
1513344,2026,2026-05-01,"The Cooper Associates County Ground, Taunton",3,14.4,14.3,Yorkshire,Somerset,JE Root,JH Wharton,L Gregory,1,0,,,,,,,,,,,,,
1513344,2026,2026-05-01,"The Cooper Associates County Ground, Taunton",3,14.5,14.4,Yorkshire,Somerset,JH Wharton,JE Root,L Gregory,4,0,,,,,,,,,,,,,
1513344,2026,2026-05-01,"The Cooper Associates County Ground, Taunton",3,14.6,14.5,Yorkshire,Somerset,JH Wharton,JE Root,L Gregory,1,0,,,,,,,,,,,,,
1513344,2026,2026-05-01,"The Cooper Associates County Ground, Taunton",3,14.7,14.6,Yorkshire,Somerset,JE Root,JH Wharton,L Gregory,0,0,,,,,,,,,,,,,
1513344,2026,2026-05-01,"The Cooper Associates County Ground, Taunton",3,15.1,15.1,Yorkshire,Somerset,JH Wharton,JE Root,C Overton,4,0,,,,,,,,,,,,,
1513344,2026,2026-05-01,"The Cooper Associates County Ground, Taunton",3,15.2,15.2,Yorkshire,Somerset,JH Wharton,JE Root,C Overton,0,0,,,,,,,,,,,,,
1513344,2026,2026-05-01,"The Cooper Associates County Ground, Taunton",3,15.3,15.3,Yorkshire,Somerset,JH Wharton,JE Root,C Overton,0,0,,,,,,,,,,,,,
1513344,2026,2026-05-01,"The Cooper Associates County Ground, Taunton",3,15.4,15.4,Yorkshire,Somerset,JH Wharton,JE Root,C Overton,0,0,,,,,,,,,,,,,
1513344,2026,2026-05-01,"The Cooper Associates County Ground, Taunton",3,15.5,15.5,Yorkshire,Somerset,JH Wharton,JE Root,C Overton,0,0,,,,,,,,,,,,,
1513344,2026,2026-05-01,"The Cooper Associates County Ground, Taunton",3,15.6,15.6,Yorkshire,Somerset,JH Wharton,JE Root,C Overton,0,0,,,,,,,,,,,,,
1513344,2026,2026-05-01,"The Cooper Associates County Ground, Taunton",3,16.1,16.1,Yorkshire,Somerset,JE Root,JH Wharton,M Pretorius,2,0,,,,,,,,,,,,,
1513344,2026,2026-05-01,"The Cooper Associates County Ground, Taunton",3,16.2,16.2,Yorkshire,Somerset,JE Root,JH Wharton,M Pretorius,0,0,,,,,,,,,,,,,
1513344,2026,2026-05-01,"The Cooper Associates County Ground, Taunton",3,16.3,16.3,Yorkshire,Somerset,JE Root,JH Wharton,M Pretorius,0,0,,,,,,,,,,,,,
1513344,2026,2026-05-01,"The Cooper Associates County Ground, Taunton",3,16.4,16.4,Yorkshire,Somerset,JE Root,JH Wharton,M Pretorius,0,0,,,,,,,,,,,,,
1513344,2026,2026-05-01,"The Cooper Associates County Ground, Taunton",3,16.5,16.5,Yorkshire,Somerset,JE Root,JH Wharton,M Pretorius,0,0,,,,,,,,,,,,,
1513344,2026,2026-05-01,"The Cooper Associates County Ground, Taunton",3,16.6,16.6,Yorkshire,Somerset,JE Root,JH Wharton,M Pretorius,0,0,,,,,,,,,,,,,
1513344,2026,2026-05-01,"The Cooper Associates County Ground, Taunton",3,17.1,17.1,Yorkshire,Somerset,JH Wharton,JE Root,ARJ Ogborne,0,4,,,,4,,,,,,,,,
1513344,2026,2026-05-01,"The Cooper Associates County Ground, Taunton",3,17.2,17.2,Yorkshire,Somerset,JH Wharton,JE Root,ARJ Ogborne,0,0,,,,,,,,,,,,,
1513344,2026,2026-05-01,"The Cooper Associates County Ground, Taunton",3,17.3,17.3,Yorkshire,Somerset,JH Wharton,JE Root,ARJ Ogborne,0,0,,,,,,,,,,,,,
1513344,2026,2026-05-01,"The Cooper Associates County Ground, Taunton",3,17.4,17.4,Yorkshire,Somerset,JH Wharton,JE Root,ARJ Ogborne,0,0,,,,,,,,,,,,,
1513344,2026,2026-05-01,"The Cooper Associates County Ground, Taunton",3,17.5,17.5,Yorkshire,Somerset,JH Wharton,JE Root,ARJ Ogborne,4,0,,,,,,,,,,,,,
1513344,2026,2026-05-01,"The Cooper Associates County Ground, Taunton",3,17.6,17.6,Yorkshire,Somerset,JH Wharton,JE Root,ARJ Ogborne,0,0,,,,,,,,,,,,,
1513344,2026,2026-05-01,"The Cooper Associates County Ground, Taunton",3,18.1,18.1,Yorkshire,Somerset,JE Root,JH Wharton,M Pretorius,0,0,,,,,,,,,,,,,
1513344,2026,2026-05-01,"The Cooper Associates County Ground, Taunton",3,18.2,18.2,Yorkshire,Somerset,JE Root,JH Wharton,M Pretorius,0,0,,,,,,,,,,,,,
1513344,2026,2026-05-01,"The Cooper Associates County Ground, Taunton",3,18.3,18.3,Yorkshire,Somerset,JE Root,JH Wharton,M Pretorius,0,0,,,,,,,,,,,,,
1513344,2026,2026-05-01,"The Cooper Associates County Ground, Taunton",3,18.4,18.4,Yorkshire,Somerset,JE Root,JH Wharton,M Pretorius,1,0,,,,,,,,,,,,,
1513344,2026,2026-05-01,"The Cooper Associates County Ground, Taunton",3,18.5,18.5,Yorkshire,Somerset,JH Wharton,JE Root,M Pretorius,0,1,,,,1,,,,,,,,,
1513344,2026,2026-05-01,"The Cooper Associates County Ground, Taunton",3,18.6,18.6,Yorkshire,Somerset,JE Root,JH Wharton,M Pretorius,0,0,,,,,,,,,,,,,
1513344,2026,2026-05-01,"The Cooper Associates County Ground, Taunton",3,19.1,19.1,Yorkshire,Somerset,JH Wharton,JE Root,ARJ Ogborne,2,0,,,,,,,,,,,,,
1513344,2026,2026-05-01,"The Cooper Associates County Ground, Taunton",3,19.2,19.2,Yorkshire,Somerset,JH Wharton,JE Root,ARJ Ogborne,0,0,,,,,,,,,,,,,
1513344,2026,2026-05-01,"The Cooper Associates County Ground, Taunton",3,19.3,19.3,Yorkshire,Somerset,JH Wharton,JE Root,ARJ Ogborne,0,0,,,,,,,,,,,,,
1513344,2026,2026-05-01,"The Cooper Associates County Ground, Taunton",3,19.4,19.4,Yorkshire,Somerset,JH Wharton,JE Root,ARJ Ogborne,1,0,,,,,,,,,,,,,
1513344,2026,2026-05-01,"The Cooper Associates County Ground, Taunton",3,19.5,19.5,Yorkshire,Somerset,JE Root,JH Wharton,ARJ Ogborne,0,0,,,,,,,,,,,,,
1513344,2026,2026-05-01,"The Cooper Associates County Ground, Taunton",3,19.6,19.6,Yorkshire,Somerset,JE Root,JH Wharton,ARJ Ogborne,1,0,,,,,,,,,,,,,
1513344,2026,2026-05-01,"The Cooper Associates County Ground, Taunton",3,20.1,20.1,Yorkshire,Somerset,JE Root,JH Wharton,M Pretorius,0,0,,,,,,,,,,,,,
1513344,2026,2026-05-01,"The Cooper Associates County Ground, Taunton",3,20.2,20.2,Yorkshire,Somerset,JE Root,JH Wharton,M Pretorius,0,0,,,,,,,,,,,,,
1513344,2026,2026-05-01,"The Cooper Associates County Ground, Taunton",3,20.3,20.3,Yorkshire,Somerset,JE Root,JH Wharton,M Pretorius,0,0,,,,,,,,,,,,,
1513344,2026,2026-05-01,"The Cooper Associates County Ground, Taunton",3,20.4,20.4,Yorkshire,Somerset,JE Root,JH Wharton,M Pretorius,0,0,,,,,,,,,,,,,
1513344,2026,2026-05-01,"The Cooper Associates County Ground, Taunton",3,20.5,20.5,Yorkshire,Somerset,JE Root,JH Wharton,M Pretorius,0,0,,,,,,,,,,,,,
1513344,2026,2026-05-01,"The Cooper Associates County Ground, Taunton",3,20.6,20.6,Yorkshire,Somerset,JE Root,JH Wharton,M Pretorius,0,0,,,,,,,,,,,,,
1513344,2026,2026-05-01,"The Cooper Associates County Ground, Taunton",3,21.1,21.1,Yorkshire,Somerset,JH Wharton,JE Root,ARJ Ogborne,0,0,,,,,,,,,,,,,
1513344,2026,2026-05-01,"The Cooper Associates County Ground, Taunton",3,21.2,21.2,Yorkshire,Somerset,JH Wharton,JE Root,ARJ Ogborne,0,0,,,,,,,,,,,,,
1513344,2026,2026-05-01,"The Cooper Associates County Ground, Taunton",3,21.3,21.3,Yorkshire,Somerset,JH Wharton,JE Root,ARJ Ogborne,1,0,,,,,,,,,,,,,
1513344,2026,2026-05-01,"The Cooper Associates County Ground, Taunton",3,21.4,21.4,Yorkshire,Somerset,JE Root,JH Wharton,ARJ Ogborne,0,0,,,,,,,,,,,,,
1513344,2026,2026-05-01,"The Cooper Associates County Ground, Taunton",3,21.5,21.5,Yorkshire,Somerset,JE Root,JH Wharton,ARJ Ogborne,0,0,,,,,,,,,,,,,
1513344,2026,2026-05-01,"The Cooper Associates County Ground, Taunton",3,21.6,21.6,Yorkshire,Somerset,JE Root,JH Wharton,ARJ Ogborne,0,0,,,,,,,,,,,,,
1513344,2026,2026-05-01,"The Cooper Associates County Ground, Taunton",3,22.1,22.1,Yorkshire,Somerset,JH Wharton,JE Root,M Pretorius,0,0,,,,,,,,,,,,,
1513344,2026,2026-05-01,"The Cooper Associates County Ground, Taunton",3,22.2,22.2,Yorkshire,Somerset,JH Wharton,JE Root,M Pretorius,0,0,,,,,,,,,,,,,
1513344,2026,2026-05-01,"The Cooper Associates County Ground, Taunton",3,22.3,22.3,Yorkshire,Somerset,JH Wharton,JE Root,M Pretorius,0,0,,,,,,,,,,,,,
1513344,2026,2026-05-01,"The Cooper Associates County Ground, Taunton",3,22.4,22.4,Yorkshire,Somerset,JH Wharton,JE Root,M Pretorius,0,0,,,,,,,,,,,,,
1513344,2026,2026-05-01,"The Cooper Associates County Ground, Taunton",3,22.5,22.5,Yorkshire,Somerset,JH Wharton,JE Root,M Pretorius,1,0,,,,,,,,,,,,,
1513344,2026,2026-05-01,"The Cooper Associates County Ground, Taunton",3,22.6,22.6,Yorkshire,Somerset,JE Root,JH Wharton,M Pretorius,0,0,,,,,,,,,,,,,
1513344,2026,2026-05-01,"The Cooper Associates County Ground, Taunton",3,23.1,23.1,Yorkshire,Somerset,JH Wharton,JE Root,ARJ Ogborne,0,0,,,,,,,,,,,,,
1513344,2026,2026-05-01,"The Cooper Associates County Ground, Taunton",3,23.2,23.2,Yorkshire,Somerset,JH Wharton,JE Root,ARJ Ogborne,1,0,,,,,,,,,,,,,
1513344,2026,2026-05-01,"The Cooper Associates County Ground, Taunton",3,23.3,23.3,Yorkshire,Somerset,JE Root,JH Wharton,ARJ Ogborne,1,0,,,,,,,,,,,,,
1513344,2026,2026-05-01,"The Cooper Associates County Ground, Taunton",3,23.4,23.4,Yorkshire,Somerset,JH Wharton,JE Root,ARJ Ogborne,0,1,1,,,,,,,,,,,,
1513344,2026,2026-05-01,"The Cooper Associates County Ground, Taunton",3,23.5,23.4,Yorkshire,Somerset,JH Wharton,JE Root,ARJ Ogborne,2,0,,,,,,,,,,,,,
1513344,2026,2026-05-01,"The Cooper Associates County Ground, Taunton",3,23.6,23.5,Yorkshire,Somerset,JH Wharton,JE Root,ARJ Ogborne,1,0,,,,,,,,,,,,,
1513344,2026,2026-05-01,"The Cooper Associates County Ground, Taunton",3,23.7,23.6,Yorkshire,Somerset,JE Root,JH Wharton,ARJ Ogborne,1,0,,,,,,,,,,,,,
1513344,2026,2026-05-01,"The Cooper Associates County Ground, Taunton",3,24.1,24.1,Yorkshire,Somerset,JE Root,JH Wharton,M Pretorius,0,0,,,,,,,,,,,,,
1513344,2026,2026-05-01,"The Cooper Associates County Ground, Taunton",3,24.2,24.2,Yorkshire,Somerset,JE Root,JH Wharton,M Pretorius,0,0,,,,,,,,,,,,,
1513344,2026,2026-05-01,"The Cooper Associates County Ground, Taunton",3,24.3,24.3,Yorkshire,Somerset,JE Root,JH Wharton,M Pretorius,0,0,,,,,,,,,,,,,
1513344,2026,2026-05-01,"The Cooper Associates County Ground, Taunton",3,24.4,24.4,Yorkshire,Somerset,JE Root,JH Wharton,M Pretorius,0,0,,,,,,,,,,,,,
1513344,2026,2026-05-01,"The Cooper Associates County Ground, Taunton",3,24.5,24.5,Yorkshire,Somerset,JE Root,JH Wharton,M Pretorius,1,0,,,,,,,,,,,,,
1513344,2026,2026-05-01,"The Cooper Associates County Ground, Taunton",3,24.6,24.6,Yorkshire,Somerset,JH Wharton,JE Root,M Pretorius,0,0,,,,,,,,,,,,,
1513344,2026,2026-05-01,"The Cooper Associates County Ground, Taunton",3,25.1,25.1,Yorkshire,Somerset,JE Root,JH Wharton,AM Vaughan,4,0,,,,,,,,,,,,,
1513344,2026,2026-05-01,"The Cooper Associates County Ground, Taunton",3,25.2,25.2,Yorkshire,Somerset,JE Root,JH Wharton,AM Vaughan,1,0,,,,,,,,,,,,,
1513344,2026,2026-05-01,"The Cooper Associates County Ground, Taunton",3,25.3,25.3,Yorkshire,Somerset,JH Wharton,JE Root,AM Vaughan,1,0,,,,,,,,,,,,,
1513344,2026,2026-05-01,"The Cooper Associates County Ground, Taunton",3,25.4,25.4,Yorkshire,Somerset,JE Root,JH Wharton,AM Vaughan,1,0,,,,,,,,,,,,,
1513344,2026,2026-05-01,"The Cooper Associates County Ground, Taunton",3,25.5,25.5,Yorkshire,Somerset,JH Wharton,JE Root,AM Vaughan,1,0,,,,,,,,,,,,,
1513344,2026,2026-05-01,"The Cooper Associates County Ground, Taunton",3,25.6,25.6,Yorkshire,Somerset,JE Root,JH Wharton,AM Vaughan,1,0,,,,,,,,,,,,,
1513344,2026,2026-05-01,"The Cooper Associates County Ground, Taunton",3,26.1,26.1,Yorkshire,Somerset,JE Root,JH Wharton,M Pretorius,1,0,,,,,,,,,,,,,
1513344,2026,2026-05-01,"The Cooper Associates County Ground, Taunton",3,26.2,26.2,Yorkshire,Somerset,JH Wharton,JE Root,M Pretorius,1,0,,,,,,,,,,,,,
1513344,2026,2026-05-01,"The Cooper Associates County Ground, Taunton",3,26.3,26.3,Yorkshire,Somerset,JE Root,JH Wharton,M Pretorius,1,0,,,,,,,,,,,,,
1513344,2026,2026-05-01,"The Cooper Associates County Ground, Taunton",3,26.4,26.4,Yorkshire,Somerset,JH Wharton,JE Root,M Pretorius,0,0,,,,,,,,,,,,,
1513344,2026,2026-05-01,"The Cooper Associates County Ground, Taunton",3,26.5,26.5,Yorkshire,Somerset,JH Wharton,JE Root,M Pretorius,1,0,,,,,,,,,,,,,
1513344,2026,2026-05-01,"The Cooper Associates County Ground, Taunton",3,26.6,26.6,Yorkshire,Somerset,JE Root,JH Wharton,M Pretorius,1,0,,,,,,,,,,,,,
1513344,2026,2026-05-01,"The Cooper Associates County Ground, Taunton",3,27.1,27.1,Yorkshire,Somerset,JE Root,JH Wharton,AM Vaughan,2,0,,,,,,,,,,,,,
1513344,2026,2026-05-01,"The Cooper Associates County Ground, Taunton",3,27.2,27.2,Yorkshire,Somerset,JE Root,JH Wharton,AM Vaughan,0,0,,,,,,,,,,,,,
1513344,2026,2026-05-01,"The Cooper Associates County Ground, Taunton",3,27.3,27.3,Yorkshire,Somerset,JE Root,JH Wharton,AM Vaughan,1,0,,,,,,,,,,,,,
1513344,2026,2026-05-01,"The Cooper Associates County Ground, Taunton",3,27.4,27.4,Yorkshire,Somerset,JH Wharton,JE Root,AM Vaughan,1,0,,,,,,,,,,,,,
1513344,2026,2026-05-01,"The Cooper Associates County Ground, Taunton",3,27.5,27.5,Yorkshire,Somerset,JE Root,JH Wharton,AM Vaughan,4,0,,,,,,,,,,,,,
1513344,2026,2026-05-01,"The Cooper Associates County Ground, Taunton",3,27.6,27.6,Yorkshire,Somerset,JE Root,JH Wharton,AM Vaughan,1,0,,,,,,,,,,,,,
1513344,2026,2026-05-01,"The Cooper Associates County Ground, Taunton",3,28.1,28.1,Yorkshire,Somerset,JE Root,JH Wharton,ARJ Ogborne,0,0,,,,,,,,,,,,,
1513344,2026,2026-05-01,"The Cooper Associates County Ground, Taunton",3,28.2,28.2,Yorkshire,Somerset,JE Root,JH Wharton,ARJ Ogborne,1,0,,,,,,,,,,,,,
1513344,2026,2026-05-01,"The Cooper Associates County Ground, Taunton",3,28.3,28.3,Yorkshire,Somerset,JH Wharton,JE Root,ARJ Ogborne,0,0,,,,,,,,,,,,,
1513344,2026,2026-05-01,"The Cooper Associates County Ground, Taunton",3,28.4,28.4,Yorkshire,Somerset,JH Wharton,JE Root,ARJ Ogborne,0,0,,,,,,,,,,,,,
1513344,2026,2026-05-01,"The Cooper Associates County Ground, Taunton",3,28.5,28.5,Yorkshire,Somerset,JH Wharton,JE Root,ARJ Ogborne,0,0,,,,,,,,,,,,,
1513344,2026,2026-05-01,"The Cooper Associates County Ground, Taunton",3,28.6,28.6,Yorkshire,Somerset,JH Wharton,JE Root,ARJ Ogborne,0,0,,,,,,,,,,,,,
1513344,2026,2026-05-01,"The Cooper Associates County Ground, Taunton",3,29.1,29.1,Yorkshire,Somerset,JE Root,JH Wharton,AM Vaughan,1,0,,,,,,,,,,,,,
1513344,2026,2026-05-01,"The Cooper Associates County Ground, Taunton",3,29.2,29.2,Yorkshire,Somerset,JH Wharton,JE Root,AM Vaughan,0,0,,,,,,,,,,,,,
1513344,2026,2026-05-01,"The Cooper Associates County Ground, Taunton",3,29.3,29.3,Yorkshire,Somerset,JH Wharton,JE Root,AM Vaughan,4,0,,,,,,,,,,,,,
1513344,2026,2026-05-01,"The Cooper Associates County Ground, Taunton",3,29.4,29.4,Yorkshire,Somerset,JH Wharton,JE Root,AM Vaughan,4,0,,,,,,,,,,,,,
1513344,2026,2026-05-01,"The Cooper Associates County Ground, Taunton",3,29.5,29.5,Yorkshire,Somerset,JH Wharton,JE Root,AM Vaughan,0,0,,,,,,,,,,,,,
1513344,2026,2026-05-01,"The Cooper Associates County Ground, Taunton",3,29.6,29.6,Yorkshire,Somerset,JH Wharton,JE Root,AM Vaughan,1,0,,,,,,,,,,,,,
1513344,2026,2026-05-01,"The Cooper Associates County Ground, Taunton",3,30.1,30.1,Yorkshire,Somerset,JH Wharton,JE Root,ARJ Ogborne,0,0,,,,,,,,,,,,,
1513344,2026,2026-05-01,"The Cooper Associates County Ground, Taunton",3,30.2,30.2,Yorkshire,Somerset,JH Wharton,JE Root,ARJ Ogborne,1,0,,,,,,,,,,,,,
1513344,2026,2026-05-01,"The Cooper Associates County Ground, Taunton",3,30.3,30.3,Yorkshire,Somerset,JE Root,JH Wharton,ARJ Ogborne,2,0,,,,,,,,,,,,,
1513344,2026,2026-05-01,"The Cooper Associates County Ground, Taunton",3,30.4,30.4,Yorkshire,Somerset,JE Root,JH Wharton,ARJ Ogborne,0,0,,,,,,,,,,,,,
1513344,2026,2026-05-01,"The Cooper Associates County Ground, Taunton",3,30.5,30.5,Yorkshire,Somerset,JE Root,JH Wharton,ARJ Ogborne,4,0,,,,,,,,,,,,,
1513344,2026,2026-05-01,"The Cooper Associates County Ground, Taunton",3,30.6,30.6,Yorkshire,Somerset,JE Root,JH Wharton,ARJ Ogborne,0,0,,,,,,,,,,,,,
1513344,2026,2026-05-01,"The Cooper Associates County Ground, Taunton",3,31.1,31.1,Yorkshire,Somerset,JH Wharton,JE Root,C Overton,0,0,,,,,,,,,,,,,
1513344,2026,2026-05-01,"The Cooper Associates County Ground, Taunton",3,31.2,31.2,Yorkshire,Somerset,JH Wharton,JE Root,C Overton,0,0,,,,,,,,,,,,,
1513344,2026,2026-05-01,"The Cooper Associates County Ground, Taunton",3,31.3,31.3,Yorkshire,Somerset,JH Wharton,JE Root,C Overton,0,0,,,,,,,,,,,,,
1513344,2026,2026-05-01,"The Cooper Associates County Ground, Taunton",3,31.4,31.4,Yorkshire,Somerset,JH Wharton,JE Root,C Overton,0,0,,,,,,,,,,,,,
1513344,2026,2026-05-01,"The Cooper Associates County Ground, Taunton",3,31.5,31.5,Yorkshire,Somerset,JH Wharton,JE Root,C Overton,0,0,,,,,,,,,,,,,
1513344,2026,2026-05-01,"The Cooper Associates County Ground, Taunton",3,31.6,31.6,Yorkshire,Somerset,JH Wharton,JE Root,C Overton,0,0,,,,,,,,,,,,,
1513344,2026,2026-05-01,"The Cooper Associates County Ground, Taunton",3,32.1,32.1,Yorkshire,Somerset,JE Root,JH Wharton,ARJ Ogborne,0,0,,,,,,,,,,,,,
1513344,2026,2026-05-01,"The Cooper Associates County Ground, Taunton",3,32.2,32.2,Yorkshire,Somerset,JE Root,JH Wharton,ARJ Ogborne,1,0,,,,,,,,,,,,,
1513344,2026,2026-05-01,"The Cooper Associates County Ground, Taunton",3,32.3,32.3,Yorkshire,Somerset,JH Wharton,JE Root,ARJ Ogborne,0,0,,,,,,,,,,,,,
1513344,2026,2026-05-01,"The Cooper Associates County Ground, Taunton",3,32.4,32.4,Yorkshire,Somerset,JH Wharton,JE Root,ARJ Ogborne,0,0,,,,,,,,,,,,,
1513344,2026,2026-05-01,"The Cooper Associates County Ground, Taunton",3,32.5,32.5,Yorkshire,Somerset,JH Wharton,JE Root,ARJ Ogborne,0,0,,,,,,,,,,,,,
1513344,2026,2026-05-01,"The Cooper Associates County Ground, Taunton",3,32.6,32.6,Yorkshire,Somerset,JH Wharton,JE Root,ARJ Ogborne,0,0,,,,,,,,,,,,,
1513344,2026,2026-05-01,"The Cooper Associates County Ground, Taunton",3,33.1,33.1,Yorkshire,Somerset,JE Root,JH Wharton,C Overton,0,0,,,,,,,,,,,,,
1513344,2026,2026-05-01,"The Cooper Associates County Ground, Taunton",3,33.2,33.2,Yorkshire,Somerset,JE Root,JH Wharton,C Overton,0,0,,,,,,,,,,,,,
1513344,2026,2026-05-01,"The Cooper Associates County Ground, Taunton",3,33.3,33.3,Yorkshire,Somerset,JE Root,JH Wharton,C Overton,0,0,,,,,,,,,,,,,
1513344,2026,2026-05-01,"The Cooper Associates County Ground, Taunton",3,33.4,33.4,Yorkshire,Somerset,JE Root,JH Wharton,C Overton,0,0,,,,,,,,,,,,,
1513344,2026,2026-05-01,"The Cooper Associates County Ground, Taunton",3,33.5,33.5,Yorkshire,Somerset,JE Root,JH Wharton,C Overton,0,0,,,,,,,,,,,,,
1513344,2026,2026-05-01,"The Cooper Associates County Ground, Taunton",3,33.6,33.6,Yorkshire,Somerset,JE Root,JH Wharton,C Overton,4,0,,,,,,,,,,,,,
1513344,2026,2026-05-01,"The Cooper Associates County Ground, Taunton",3,34.1,34.1,Yorkshire,Somerset,JH Wharton,JE Root,ARJ Ogborne,1,0,,,,,,,,,,,,,
1513344,2026,2026-05-01,"The Cooper Associates County Ground, Taunton",3,34.2,34.2,Yorkshire,Somerset,JE Root,JH Wharton,ARJ Ogborne,0,0,,,,,,,,,,,,,
1513344,2026,2026-05-01,"The Cooper Associates County Ground, Taunton",3,34.3,34.3,Yorkshire,Somerset,JE Root,JH Wharton,ARJ Ogborne,0,0,,,,,,,,,,,,,
1513344,2026,2026-05-01,"The Cooper Associates County Ground, Taunton",3,34.4,34.4,Yorkshire,Somerset,JE Root,JH Wharton,ARJ Ogborne,0,0,,,,,,,,,,,,,
1513344,2026,2026-05-01,"The Cooper Associates County Ground, Taunton",3,34.5,34.5,Yorkshire,Somerset,JE Root,JH Wharton,ARJ Ogborne,0,0,,,,,,,,,,,,,
1513344,2026,2026-05-01,"The Cooper Associates County Ground, Taunton",3,34.6,34.6,Yorkshire,Somerset,JE Root,JH Wharton,ARJ Ogborne,0,0,,,,,,,,,,,,,
1513344,2026,2026-05-01,"The Cooper Associates County Ground, Taunton",3,35.1,35.1,Yorkshire,Somerset,JH Wharton,JE Root,C Overton,0,0,,,,,,,,,,,,,
1513344,2026,2026-05-01,"The Cooper Associates County Ground, Taunton",3,35.2,35.2,Yorkshire,Somerset,JH Wharton,JE Root,C Overton,0,0,,,,,,,,,,,,,
1513344,2026,2026-05-01,"The Cooper Associates County Ground, Taunton",3,35.3,35.3,Yorkshire,Somerset,JH Wharton,JE Root,C Overton,0,0,,,,,,,,,,,,,
1513344,2026,2026-05-01,"The Cooper Associates County Ground, Taunton",3,35.4,35.4,Yorkshire,Somerset,JH Wharton,JE Root,C Overton,0,0,,,,,,,,,,,,,
1513344,2026,2026-05-01,"The Cooper Associates County Ground, Taunton",3,35.5,35.5,Yorkshire,Somerset,JH Wharton,JE Root,C Overton,0,0,,,,,,,,,,,,,
1513344,2026,2026-05-01,"The Cooper Associates County Ground, Taunton",3,35.6,35.6,Yorkshire,Somerset,JH Wharton,JE Root,C Overton,0,0,,,,,,,,,,,,,
1513344,2026,2026-05-01,"The Cooper Associates County Ground, Taunton",3,36.1,36.1,Yorkshire,Somerset,JE Root,JH Wharton,JF Thomas,1,0,,,,,,,,,,,,,
1513344,2026,2026-05-01,"The Cooper Associates County Ground, Taunton",3,36.2,36.2,Yorkshire,Somerset,JH Wharton,JE Root,JF Thomas,0,0,,,,,,,,,,,,,
1513344,2026,2026-05-01,"The Cooper Associates County Ground, Taunton",3,36.3,36.3,Yorkshire,Somerset,JH Wharton,JE Root,JF Thomas,0,0,,,,,,,,,,,,,
1513344,2026,2026-05-01,"The Cooper Associates County Ground, Taunton",3,36.4,36.4,Yorkshire,Somerset,JH Wharton,JE Root,JF Thomas,0,0,,,,,,,,,,,,,
1513344,2026,2026-05-01,"The Cooper Associates County Ground, Taunton",3,36.5,36.5,Yorkshire,Somerset,JH Wharton,JE Root,JF Thomas,0,0,,,,,,,,,,,,,
1513344,2026,2026-05-01,"The Cooper Associates County Ground, Taunton",3,36.6,36.6,Yorkshire,Somerset,JH Wharton,JE Root,JF Thomas,0,0,,,,,,,,,,,,,
1513344,2026,2026-05-01,"The Cooper Associates County Ground, Taunton",3,37.1,37.1,Yorkshire,Somerset,JE Root,JH Wharton,C Overton,0,0,,,,,,,,,,,,,
1513344,2026,2026-05-01,"The Cooper Associates County Ground, Taunton",3,37.2,37.2,Yorkshire,Somerset,JE Root,JH Wharton,C Overton,0,0,,,,,,,,,,,,,
1513344,2026,2026-05-01,"The Cooper Associates County Ground, Taunton",3,37.3,37.3,Yorkshire,Somerset,JE Root,JH Wharton,C Overton,0,0,,,,,,,,,,,,,
1513344,2026,2026-05-01,"The Cooper Associates County Ground, Taunton",3,37.4,37.4,Yorkshire,Somerset,JE Root,JH Wharton,C Overton,1,0,,,,,,,,,,,,,
1513344,2026,2026-05-01,"The Cooper Associates County Ground, Taunton",3,37.5,37.5,Yorkshire,Somerset,JH Wharton,JE Root,C Overton,0,0,,,,,,,,,,,,,
1513344,2026,2026-05-01,"The Cooper Associates County Ground, Taunton",3,37.6,37.6,Yorkshire,Somerset,JH Wharton,JE Root,C Overton,2,0,,,,,,,,,,,,,
1513344,2026,2026-05-01,"The Cooper Associates County Ground, Taunton",3,38.1,38.1,Yorkshire,Somerset,JE Root,JH Wharton,L Gregory,0,0,,,,,,,,,,,,,
1513344,2026,2026-05-01,"The Cooper Associates County Ground, Taunton",3,38.2,38.2,Yorkshire,Somerset,JE Root,JH Wharton,L Gregory,0,0,,,,,,,,,,,,,
1513344,2026,2026-05-01,"The Cooper Associates County Ground, Taunton",3,38.3,38.3,Yorkshire,Somerset,JE Root,JH Wharton,L Gregory,1,0,,,,,,,,,,,,,
1513344,2026,2026-05-01,"The Cooper Associates County Ground, Taunton",3,38.4,38.4,Yorkshire,Somerset,JH Wharton,JE Root,L Gregory,0,0,,,,,,,,,,,,,
1513344,2026,2026-05-01,"The Cooper Associates County Ground, Taunton",3,38.5,38.5,Yorkshire,Somerset,JH Wharton,JE Root,L Gregory,0,2,,2,,,,,,,,,,,
1513344,2026,2026-05-01,"The Cooper Associates County Ground, Taunton",3,38.6,38.5,Yorkshire,Somerset,JH Wharton,JE Root,L Gregory,0,0,,,,,,,,,,,,,
1513344,2026,2026-05-01,"The Cooper Associates County Ground, Taunton",3,38.7,38.6,Yorkshire,Somerset,JH Wharton,JE Root,L Gregory,0,0,,,,,,,,,,,,,
1513344,2026,2026-05-01,"The Cooper Associates County Ground, Taunton",3,39.1,39.1,Yorkshire,Somerset,JE Root,JH Wharton,C Overton,4,0,,,,,,,,,,,,,
1513344,2026,2026-05-01,"The Cooper Associates County Ground, Taunton",3,39.2,39.2,Yorkshire,Somerset,JE Root,JH Wharton,C Overton,1,0,,,,,,,,,,,,,
1513344,2026,2026-05-01,"The Cooper Associates County Ground, Taunton",3,39.3,39.3,Yorkshire,Somerset,JH Wharton,JE Root,C Overton,0,0,,,,,,,,,,,,,
1513344,2026,2026-05-01,"The Cooper Associates County Ground, Taunton",3,39.4,39.4,Yorkshire,Somerset,JH Wharton,JE Root,C Overton,0,0,,,,,,,,,,,,,
1513344,2026,2026-05-01,"The Cooper Associates County Ground, Taunton",3,39.5,39.5,Yorkshire,Somerset,JH Wharton,JE Root,C Overton,0,0,,,,,,,,,,,,,
1513344,2026,2026-05-01,"The Cooper Associates County Ground, Taunton",3,39.6,39.6,Yorkshire,Somerset,JH Wharton,JE Root,C Overton,0,0,,,,,,,,,,,,,
1513344,2026,2026-05-01,"The Cooper Associates County Ground, Taunton",3,40.1,40.1,Yorkshire,Somerset,JE Root,JH Wharton,L Gregory,0,0,,,,,,,,,,,,,
1513344,2026,2026-05-01,"The Cooper Associates County Ground, Taunton",3,40.2,40.2,Yorkshire,Somerset,JE Root,JH Wharton,L Gregory,0,0,,,,,,,,,,,,,
1513344,2026,2026-05-01,"The Cooper Associates County Ground, Taunton",3,40.3,40.3,Yorkshire,Somerset,JE Root,JH Wharton,L Gregory,0,1,,,1,,,,,,,,,,
1513344,2026,2026-05-01,"The Cooper Associates County Ground, Taunton",3,40.4,40.4,Yorkshire,Somerset,JH Wharton,JE Root,L Gregory,0,0,,,,,,,,,,,,,
1513344,2026,2026-05-01,"The Cooper Associates County Ground, Taunton",3,40.5,40.5,Yorkshire,Somerset,JH Wharton,JE Root,L Gregory,0,0,,,,,,,,,,,,,
1513344,2026,2026-05-01,"The Cooper Associates County Ground, Taunton",3,40.6,40.6,Yorkshire,Somerset,JH Wharton,JE Root,L Gregory,4,0,,,,,,,,,,,,,
1513344,2026,2026-05-01,"The Cooper Associates County Ground, Taunton",3,41.1,41.1,Yorkshire,Somerset,JE Root,JH Wharton,C Overton,0,0,,,,,,,,,,,,,
1513344,2026,2026-05-01,"The Cooper Associates County Ground, Taunton",3,41.2,41.2,Yorkshire,Somerset,JE Root,JH Wharton,C Overton,4,0,,,,,,,,,,,,,
1513344,2026,2026-05-01,"The Cooper Associates County Ground, Taunton",3,41.3,41.3,Yorkshire,Somerset,JE Root,JH Wharton,C Overton,0,0,,,,,,,,,,,,,
1513344,2026,2026-05-01,"The Cooper Associates County Ground, Taunton",3,41.4,41.4,Yorkshire,Somerset,JE Root,JH Wharton,C Overton,0,0,,,,,,,,,,,,,
1513344,2026,2026-05-01,"The Cooper Associates County Ground, Taunton",3,41.5,41.5,Yorkshire,Somerset,JE Root,JH Wharton,C Overton,2,0,,,,,,,,,,,,,
1513344,2026,2026-05-01,"The Cooper Associates County Ground, Taunton",3,41.6,41.6,Yorkshire,Somerset,JE Root,JH Wharton,C Overton,1,0,,,,,,,,,,,,,
1513344,2026,2026-05-01,"The Cooper Associates County Ground, Taunton",3,42.1,42.1,Yorkshire,Somerset,JE Root,JH Wharton,L Gregory,0,0,,,,,,,,,,,,,
1513344,2026,2026-05-01,"The Cooper Associates County Ground, Taunton",3,42.2,42.2,Yorkshire,Somerset,JE Root,JH Wharton,L Gregory,0,0,,,,,,,,,,,,,
1513344,2026,2026-05-01,"The Cooper Associates County Ground, Taunton",3,42.3,42.3,Yorkshire,Somerset,JE Root,JH Wharton,L Gregory,0,2,,2,,,,,,,,,,,
1513344,2026,2026-05-01,"The Cooper Associates County Ground, Taunton",3,42.4,42.3,Yorkshire,Somerset,JE Root,JH Wharton,L Gregory,0,0,,,,,,,,,,,,,
1513344,2026,2026-05-01,"The Cooper Associates County Ground, Taunton",3,42.5,42.4,Yorkshire,Somerset,JE Root,JH Wharton,L Gregory,0,0,,,,,,,,,,,,,
1513344,2026,2026-05-01,"The Cooper Associates County Ground, Taunton",3,42.6,42.5,Yorkshire,Somerset,JE Root,JH Wharton,L Gregory,1,0,,,,,,,,,,,,,
1513344,2026,2026-05-01,"The Cooper Associates County Ground, Taunton",3,42.7,42.6,Yorkshire,Somerset,JH Wharton,JE Root,L Gregory,0,0,,,,,,,,,,,,,
1513344,2026,2026-05-01,"The Cooper Associates County Ground, Taunton",3,43.1,43.1,Yorkshire,Somerset,JE Root,JH Wharton,C Overton,0,0,,,,,,,,,,,,,
1513344,2026,2026-05-01,"The Cooper Associates County Ground, Taunton",3,43.2,43.2,Yorkshire,Somerset,JE Root,JH Wharton,C Overton,0,0,,,,,,,bowled,JE Root,,,,,
1513344,2026,2026-05-01,"The Cooper Associates County Ground, Taunton",3,43.3,43.3,Yorkshire,Somerset,JM Bairstow,JH Wharton,C Overton,0,0,,,,,,,,,,,,,
1513344,2026,2026-05-01,"The Cooper Associates County Ground, Taunton",3,43.4,43.4,Yorkshire,Somerset,JM Bairstow,JH Wharton,C Overton,2,0,,,,,,,,,,,,,
1513344,2026,2026-05-01,"The Cooper Associates County Ground, Taunton",3,43.5,43.5,Yorkshire,Somerset,JM Bairstow,JH Wharton,C Overton,0,0,,,,,,,,,,,,,
1513344,2026,2026-05-01,"The Cooper Associates County Ground, Taunton",3,43.6,43.6,Yorkshire,Somerset,JM Bairstow,JH Wharton,C Overton,0,0,,,,,,,,,,,,,
1513344,2026,2026-05-01,"The Cooper Associates County Ground, Taunton",3,44.1,44.1,Yorkshire,Somerset,JH Wharton,JM Bairstow,L Gregory,0,0,,,,,,,,,,,,,
1513344,2026,2026-05-01,"The Cooper Associates County Ground, Taunton",3,44.2,44.2,Yorkshire,Somerset,JH Wharton,JM Bairstow,L Gregory,0,0,,,,,,,,,,,,,
1513344,2026,2026-05-01,"The Cooper Associates County Ground, Taunton",3,44.3,44.3,Yorkshire,Somerset,JH Wharton,JM Bairstow,L Gregory,0,0,,,,,,,,,,,,,
1513344,2026,2026-05-01,"The Cooper Associates County Ground, Taunton",3,44.4,44.4,Yorkshire,Somerset,JH Wharton,JM Bairstow,L Gregory,0,0,,,,,,,,,,,,,
1513344,2026,2026-05-01,"The Cooper Associates County Ground, Taunton",3,44.5,44.5,Yorkshire,Somerset,JH Wharton,JM Bairstow,L Gregory,1,0,,,,,,,,,,,,,
1513344,2026,2026-05-01,"The Cooper Associates County Ground, Taunton",3,44.6,44.6,Yorkshire,Somerset,JM Bairstow,JH Wharton,L Gregory,0,0,,,,,,,,,,,,,
1513344,2026,2026-05-01,"The Cooper Associates County Ground, Taunton",3,45.1,45.1,Yorkshire,Somerset,JH Wharton,JM Bairstow,C Overton,4,0,,,,,,,,,,,,,
1513344,2026,2026-05-01,"The Cooper Associates County Ground, Taunton",3,45.2,45.2,Yorkshire,Somerset,JH Wharton,JM Bairstow,C Overton,4,0,,,,,,,,,,,,,
1513344,2026,2026-05-01,"The Cooper Associates County Ground, Taunton",3,45.3,45.3,Yorkshire,Somerset,JH Wharton,JM Bairstow,C Overton,4,0,,,,,,,,,,,,,
1513344,2026,2026-05-01,"The Cooper Associates County Ground, Taunton",3,45.4,45.4,Yorkshire,Somerset,JH Wharton,JM Bairstow,C Overton,1,0,,,,,,,,,,,,,
1513344,2026,2026-05-01,"The Cooper Associates County Ground, Taunton",3,45.5,45.5,Yorkshire,Somerset,JM Bairstow,JH Wharton,C Overton,4,0,,,,,,,,,,,,,
1513344,2026,2026-05-01,"The Cooper Associates County Ground, Taunton",3,45.6,45.6,Yorkshire,Somerset,JM Bairstow,JH Wharton,C Overton,4,0,,,,,,,,,,,,,
1513344,2026,2026-05-01,"The Cooper Associates County Ground, Taunton",3,46.1,46.1,Yorkshire,Somerset,JH Wharton,JM Bairstow,L Gregory,0,0,,,,,,,,,,,,,
1513344,2026,2026-05-01,"The Cooper Associates County Ground, Taunton",3,46.2,46.2,Yorkshire,Somerset,JH Wharton,JM Bairstow,L Gregory,1,0,,,,,,,,,,,,,
1513344,2026,2026-05-01,"The Cooper Associates County Ground, Taunton",3,46.3,46.3,Yorkshire,Somerset,JM Bairstow,JH Wharton,L Gregory,0,0,,,,,,,,,,,,,
1513344,2026,2026-05-01,"The Cooper Associates County Ground, Taunton",3,46.4,46.4,Yorkshire,Somerset,JM Bairstow,JH Wharton,L Gregory,1,0,,,,,,,,,,,,,
1513344,2026,2026-05-01,"The Cooper Associates County Ground, Taunton",3,46.5,46.5,Yorkshire,Somerset,JH Wharton,JM Bairstow,L Gregory,0,0,,,,,,,,,,,,,
1513344,2026,2026-05-01,"The Cooper Associates County Ground, Taunton",3,46.6,46.6,Yorkshire,Somerset,JH Wharton,JM Bairstow,L Gregory,0,0,,,,,,,,,,,,,
1513344,2026,2026-05-01,"The Cooper Associates County Ground, Taunton",3,47.1,47.1,Yorkshire,Somerset,JM Bairstow,JH Wharton,M Pretorius,1,0,,,,,,,,,,,,,
1513344,2026,2026-05-01,"The Cooper Associates County Ground, Taunton",3,47.2,47.2,Yorkshire,Somerset,JH Wharton,JM Bairstow,M Pretorius,1,0,,,,,,,,,,,,,
1513344,2026,2026-05-01,"The Cooper Associates County Ground, Taunton",3,47.3,47.3,Yorkshire,Somerset,JM Bairstow,JH Wharton,M Pretorius,1,0,,,,,,,,,,,,,
1513344,2026,2026-05-01,"The Cooper Associates County Ground, Taunton",3,47.4,47.4,Yorkshire,Somerset,JH Wharton,JM Bairstow,M Pretorius,0,0,,,,,,,,,,,,,
1513344,2026,2026-05-01,"The Cooper Associates County Ground, Taunton",3,47.5,47.5,Yorkshire,Somerset,JH Wharton,JM Bairstow,M Pretorius,1,0,,,,,,,,,,,,,
1513344,2026,2026-05-01,"The Cooper Associates County Ground, Taunton",3,47.6,47.6,Yorkshire,Somerset,JM Bairstow,JH Wharton,M Pretorius,2,0,,,,,,,,,,,,,
1513344,2026,2026-05-01,"The Cooper Associates County Ground, Taunton",3,48.1,48.1,Yorkshire,Somerset,JH Wharton,JM Bairstow,L Gregory,1,0,,,,,,,,,,,,,
1513344,2026,2026-05-01,"The Cooper Associates County Ground, Taunton",3,48.2,48.2,Yorkshire,Somerset,JM Bairstow,JH Wharton,L Gregory,1,0,,,,,,,,,,,,,
1513344,2026,2026-05-01,"The Cooper Associates County Ground, Taunton",3,48.3,48.3,Yorkshire,Somerset,JH Wharton,JM Bairstow,L Gregory,4,0,,,,,,,,,,,,,
1513344,2026,2026-05-01,"The Cooper Associates County Ground, Taunton",3,48.4,48.4,Yorkshire,Somerset,JH Wharton,JM Bairstow,L Gregory,0,0,,,,,,,,,,,,,
1513344,2026,2026-05-01,"The Cooper Associates County Ground, Taunton",3,48.5,48.5,Yorkshire,Somerset,JH Wharton,JM Bairstow,L Gregory,0,0,,,,,,,,,,,,,
1513344,2026,2026-05-01,"The Cooper Associates County Ground, Taunton",3,48.6,48.6,Yorkshire,Somerset,JH Wharton,JM Bairstow,L Gregory,0,0,,,,,,,,,,,,,
1513344,2026,2026-05-01,"The Cooper Associates County Ground, Taunton",3,49.1,49.1,Yorkshire,Somerset,JM Bairstow,JH Wharton,M Pretorius,1,0,,,,,,,,,,,,,
1513344,2026,2026-05-01,"The Cooper Associates County Ground, Taunton",3,49.2,49.2,Yorkshire,Somerset,JH Wharton,JM Bairstow,M Pretorius,0,0,,,,,,,,,,,,,
1513344,2026,2026-05-01,"The Cooper Associates County Ground, Taunton",3,49.3,49.3,Yorkshire,Somerset,JH Wharton,JM Bairstow,M Pretorius,0,0,,,,,,,,,,,,,
1513344,2026,2026-05-01,"The Cooper Associates County Ground, Taunton",3,49.4,49.4,Yorkshire,Somerset,JH Wharton,JM Bairstow,M Pretorius,0,0,,,,,,,,,,,,,
1513344,2026,2026-05-01,"The Cooper Associates County Ground, Taunton",3,49.5,49.5,Yorkshire,Somerset,JH Wharton,JM Bairstow,M Pretorius,0,0,,,,,,,,,,,,,
1513344,2026,2026-05-01,"The Cooper Associates County Ground, Taunton",3,49.6,49.6,Yorkshire,Somerset,JH Wharton,JM Bairstow,M Pretorius,4,0,,,,,,,,,,,,,
1513344,2026,2026-05-01,"The Cooper Associates County Ground, Taunton",3,50.1,50.1,Yorkshire,Somerset,JM Bairstow,JH Wharton,ARJ Ogborne,0,0,,,,,,,,,,,,,
1513344,2026,2026-05-01,"The Cooper Associates County Ground, Taunton",3,50.2,50.2,Yorkshire,Somerset,JM Bairstow,JH Wharton,ARJ Ogborne,0,0,,,,,,,,,,,,,
1513344,2026,2026-05-01,"The Cooper Associates County Ground, Taunton",3,50.3,50.3,Yorkshire,Somerset,JM Bairstow,JH Wharton,ARJ Ogborne,0,0,,,,,,,,,,,,,
1513344,2026,2026-05-01,"The Cooper Associates County Ground, Taunton",3,50.4,50.4,Yorkshire,Somerset,JM Bairstow,JH Wharton,ARJ Ogborne,0,0,,,,,,,,,,,,,
1513344,2026,2026-05-01,"The Cooper Associates County Ground, Taunton",3,50.5,50.5,Yorkshire,Somerset,JM Bairstow,JH Wharton,ARJ Ogborne,0,0,,,,,,,,,,,,,
1513344,2026,2026-05-01,"The Cooper Associates County Ground, Taunton",3,50.6,50.6,Yorkshire,Somerset,JM Bairstow,JH Wharton,ARJ Ogborne,0,0,,,,,,,,,,,,,
1513344,2026,2026-05-01,"The Cooper Associates County Ground, Taunton",3,51.1,51.1,Yorkshire,Somerset,JH Wharton,JM Bairstow,M Pretorius,1,0,,,,,,,,,,,,,
1513344,2026,2026-05-01,"The Cooper Associates County Ground, Taunton",3,51.2,51.2,Yorkshire,Somerset,JM Bairstow,JH Wharton,M Pretorius,1,0,,,,,,,,,,,,,
1513344,2026,2026-05-01,"The Cooper Associates County Ground, Taunton",3,51.3,51.3,Yorkshire,Somerset,JH Wharton,JM Bairstow,M Pretorius,1,0,,,,,,,,,,,,,
1513344,2026,2026-05-01,"The Cooper Associates County Ground, Taunton",3,51.4,51.4,Yorkshire,Somerset,JM Bairstow,JH Wharton,M Pretorius,0,0,,,,,,,caught,JM Bairstow,,,JF Thomas,,
1513344,2026,2026-05-01,"The Cooper Associates County Ground, Taunton",3,51.5,51.5,Yorkshire,Somerset,ML Revis,JH Wharton,M Pretorius,0,0,,,,,,,,,,,,,
1513344,2026,2026-05-01,"The Cooper Associates County Ground, Taunton",3,51.6,51.6,Yorkshire,Somerset,ML Revis,JH Wharton,M Pretorius,1,0,,,,,,,,,,,,,
1513344,2026,2026-05-01,"The Cooper Associates County Ground, Taunton",3,52.1,52.1,Yorkshire,Somerset,ML Revis,JH Wharton,ARJ Ogborne,0,0,,,,,,,,,,,,,
1513344,2026,2026-05-01,"The Cooper Associates County Ground, Taunton",3,52.2,52.2,Yorkshire,Somerset,ML Revis,JH Wharton,ARJ Ogborne,0,0,,,,,,,,,,,,,
1513344,2026,2026-05-01,"The Cooper Associates County Ground, Taunton",3,52.3,52.3,Yorkshire,Somerset,ML Revis,JH Wharton,ARJ Ogborne,0,0,,,,,,,,,,,,,
1513344,2026,2026-05-01,"The Cooper Associates County Ground, Taunton",3,52.4,52.4,Yorkshire,Somerset,ML Revis,JH Wharton,ARJ Ogborne,0,0,,,,,,,,,,,,,
1513344,2026,2026-05-01,"The Cooper Associates County Ground, Taunton",3,52.5,52.5,Yorkshire,Somerset,ML Revis,JH Wharton,ARJ Ogborne,0,0,,,,,,,,,,,,,
1513344,2026,2026-05-01,"The Cooper Associates County Ground, Taunton",3,52.6,52.6,Yorkshire,Somerset,ML Revis,JH Wharton,ARJ Ogborne,0,0,,,,,,,,,,,,,
1513344,2026,2026-05-01,"The Cooper Associates County Ground, Taunton",3,53.1,53.1,Yorkshire,Somerset,JH Wharton,ML Revis,M Pretorius,0,0,,,,,,,,,,,,,
1513344,2026,2026-05-01,"The Cooper Associates County Ground, Taunton",3,53.2,53.2,Yorkshire,Somerset,JH Wharton,ML Revis,M Pretorius,0,0,,,,,,,,,,,,,
1513344,2026,2026-05-01,"The Cooper Associates County Ground, Taunton",3,53.3,53.3,Yorkshire,Somerset,JH Wharton,ML Revis,M Pretorius,0,0,,,,,,,,,,,,,
1513344,2026,2026-05-01,"The Cooper Associates County Ground, Taunton",3,53.4,53.4,Yorkshire,Somerset,JH Wharton,ML Revis,M Pretorius,0,0,,,,,,,,,,,,,
1513344,2026,2026-05-01,"The Cooper Associates County Ground, Taunton",3,53.5,53.5,Yorkshire,Somerset,JH Wharton,ML Revis,M Pretorius,1,0,,,,,,,,,,,,,
1513344,2026,2026-05-01,"The Cooper Associates County Ground, Taunton",3,53.6,53.6,Yorkshire,Somerset,ML Revis,JH Wharton,M Pretorius,0,0,,,,,,,caught,ML Revis,,,JEK Rew,,
1513344,2026,2026-05-01,"The Cooper Associates County Ground, Taunton",3,54.1,54.1,Yorkshire,Somerset,JH Wharton,GCH Hill,ARJ Ogborne,0,0,,,,,,,,,,,,,
1513344,2026,2026-05-01,"The Cooper Associates County Ground, Taunton",3,54.2,54.2,Yorkshire,Somerset,JH Wharton,GCH Hill,ARJ Ogborne,0,0,,,,,,,,,,,,,
1513344,2026,2026-05-01,"The Cooper Associates County Ground, Taunton",3,54.3,54.3,Yorkshire,Somerset,JH Wharton,GCH Hill,ARJ Ogborne,0,0,,,,,,,,,,,,,
1513344,2026,2026-05-01,"The Cooper Associates County Ground, Taunton",3,54.4,54.4,Yorkshire,Somerset,JH Wharton,GCH Hill,ARJ Ogborne,0,0,,,,,,,,,,,,,
1513344,2026,2026-05-01,"The Cooper Associates County Ground, Taunton",3,54.5,54.5,Yorkshire,Somerset,JH Wharton,GCH Hill,ARJ Ogborne,0,0,,,,,,,,,,,,,
1513344,2026,2026-05-01,"The Cooper Associates County Ground, Taunton",3,54.6,54.6,Yorkshire,Somerset,JH Wharton,GCH Hill,ARJ Ogborne,1,0,,,,,,,,,,,,,
1513344,2026,2026-05-01,"The Cooper Associates County Ground, Taunton",3,55.1,55.1,Yorkshire,Somerset,JH Wharton,GCH Hill,M Pretorius,4,0,,,,,,,,,,,,,
1513344,2026,2026-05-01,"The Cooper Associates County Ground, Taunton",3,55.2,55.2,Yorkshire,Somerset,JH Wharton,GCH Hill,M Pretorius,0,0,,,,,,,,,,,,,
1513344,2026,2026-05-01,"The Cooper Associates County Ground, Taunton",3,55.3,55.3,Yorkshire,Somerset,JH Wharton,GCH Hill,M Pretorius,0,0,,,,,,,,,,,,,
1513344,2026,2026-05-01,"The Cooper Associates County Ground, Taunton",3,55.4,55.4,Yorkshire,Somerset,JH Wharton,GCH Hill,M Pretorius,0,0,,,,,,,,,,,,,
1513344,2026,2026-05-01,"The Cooper Associates County Ground, Taunton",3,55.5,55.5,Yorkshire,Somerset,JH Wharton,GCH Hill,M Pretorius,1,0,,,,,,,,,,,,,
1513344,2026,2026-05-01,"The Cooper Associates County Ground, Taunton",3,55.6,55.6,Yorkshire,Somerset,GCH Hill,JH Wharton,M Pretorius,0,0,,,,,,,,,,,,,
1513344,2026,2026-05-01,"The Cooper Associates County Ground, Taunton",3,56.1,56.1,Yorkshire,Somerset,JH Wharton,GCH Hill,ARJ Ogborne,1,0,,,,,,,,,,,,,
1513344,2026,2026-05-01,"The Cooper Associates County Ground, Taunton",3,56.2,56.2,Yorkshire,Somerset,GCH Hill,JH Wharton,ARJ Ogborne,1,0,,,,,,,,,,,,,
1513344,2026,2026-05-01,"The Cooper Associates County Ground, Taunton",3,56.3,56.3,Yorkshire,Somerset,JH Wharton,GCH Hill,ARJ Ogborne,0,0,,,,,,,,,,,,,
1513344,2026,2026-05-01,"The Cooper Associates County Ground, Taunton",3,56.4,56.4,Yorkshire,Somerset,JH Wharton,GCH Hill,ARJ Ogborne,3,0,,,,,,,,,,,,,
1513344,2026,2026-05-01,"The Cooper Associates County Ground, Taunton",3,56.5,56.5,Yorkshire,Somerset,GCH Hill,JH Wharton,ARJ Ogborne,0,0,,,,,,,,,,,,,
1513344,2026,2026-05-01,"The Cooper Associates County Ground, Taunton",3,56.6,56.6,Yorkshire,Somerset,GCH Hill,JH Wharton,ARJ Ogborne,0,0,,,,,,,,,,,,,
1513344,2026,2026-05-01,"The Cooper Associates County Ground, Taunton",3,57.1,57.1,Yorkshire,Somerset,JH Wharton,GCH Hill,M Pretorius,1,0,,,,,,,,,,,,,
1513344,2026,2026-05-01,"The Cooper Associates County Ground, Taunton",3,57.2,57.2,Yorkshire,Somerset,GCH Hill,JH Wharton,M Pretorius,0,0,,,,,,,,,,,,,
1513344,2026,2026-05-01,"The Cooper Associates County Ground, Taunton",3,57.3,57.3,Yorkshire,Somerset,GCH Hill,JH Wharton,M Pretorius,0,0,,,,,,,,,,,,,
1513344,2026,2026-05-01,"The Cooper Associates County Ground, Taunton",3,57.4,57.4,Yorkshire,Somerset,GCH Hill,JH Wharton,M Pretorius,0,0,,,,,,,,,,,,,
1513344,2026,2026-05-01,"The Cooper Associates County Ground, Taunton",3,57.5,57.5,Yorkshire,Somerset,GCH Hill,JH Wharton,M Pretorius,0,0,,,,,,,,,,,,,
1513344,2026,2026-05-01,"The Cooper Associates County Ground, Taunton",3,57.6,57.6,Yorkshire,Somerset,GCH Hill,JH Wharton,M Pretorius,0,0,,,,,,,,,,,,,
1513344,2026,2026-05-01,"The Cooper Associates County Ground, Taunton",3,58.1,58.1,Yorkshire,Somerset,JH Wharton,GCH Hill,ARJ Ogborne,0,0,,,,,,,,,,,,,
1513344,2026,2026-05-01,"The Cooper Associates County Ground, Taunton",3,58.2,58.2,Yorkshire,Somerset,JH Wharton,GCH Hill,ARJ Ogborne,0,0,,,,,,,,,,,,,
1513344,2026,2026-05-01,"The Cooper Associates County Ground, Taunton",3,58.3,58.3,Yorkshire,Somerset,JH Wharton,GCH Hill,ARJ Ogborne,0,0,,,,,,,,,,,,,
1513344,2026,2026-05-01,"The Cooper Associates County Ground, Taunton",3,58.4,58.4,Yorkshire,Somerset,JH Wharton,GCH Hill,ARJ Ogborne,0,0,,,,,,,,,,,,,
1513344,2026,2026-05-01,"The Cooper Associates County Ground, Taunton",3,58.5,58.5,Yorkshire,Somerset,JH Wharton,GCH Hill,ARJ Ogborne,0,0,,,,,,,caught,JH Wharton,,,L Gregory,,
1513344,2026,2026-05-01,"The Cooper Associates County Ground, Taunton",3,58.6,58.6,Yorkshire,Somerset,DM Bess,GCH Hill,ARJ Ogborne,0,4,,,,4,,,,,,,,,
1513344,2026,2026-05-01,"The Cooper Associates County Ground, Taunton",3,59.1,59.1,Yorkshire,Somerset,GCH Hill,DM Bess,M Pretorius,0,0,,,,,,,,,,,,,
1513344,2026,2026-05-01,"The Cooper Associates County Ground, Taunton",3,59.2,59.2,Yorkshire,Somerset,GCH Hill,DM Bess,M Pretorius,2,0,,,,,,,,,,,,,
1513344,2026,2026-05-01,"The Cooper Associates County Ground, Taunton",3,59.3,59.3,Yorkshire,Somerset,GCH Hill,DM Bess,M Pretorius,0,0,,,,,,,,,,,,,
1513344,2026,2026-05-01,"The Cooper Associates County Ground, Taunton",3,59.4,59.4,Yorkshire,Somerset,GCH Hill,DM Bess,M Pretorius,2,0,,,,,,,,,,,,,
1513344,2026,2026-05-01,"The Cooper Associates County Ground, Taunton",3,59.5,59.5,Yorkshire,Somerset,GCH Hill,DM Bess,M Pretorius,0,0,,,,,,,,,,,,,
1513344,2026,2026-05-01,"The Cooper Associates County Ground, Taunton",3,59.6,59.6,Yorkshire,Somerset,GCH Hill,DM Bess,M Pretorius,0,0,,,,,,,,,,,,,
1513344,2026,2026-05-01,"The Cooper Associates County Ground, Taunton",3,60.1,60.1,Yorkshire,Somerset,DM Bess,GCH Hill,ARJ Ogborne,4,0,,,,,,,,,,,,,
1513344,2026,2026-05-01,"The Cooper Associates County Ground, Taunton",3,60.2,60.2,Yorkshire,Somerset,DM Bess,GCH Hill,ARJ Ogborne,0,0,,,,,,,,,,,,,
1513344,2026,2026-05-01,"The Cooper Associates County Ground, Taunton",3,60.3,60.3,Yorkshire,Somerset,DM Bess,GCH Hill,ARJ Ogborne,0,0,,,,,,,,,,,,,
1513344,2026,2026-05-01,"The Cooper Associates County Ground, Taunton",3,60.4,60.4,Yorkshire,Somerset,DM Bess,GCH Hill,ARJ Ogborne,0,0,,,,,,,,,,,,,
1513344,2026,2026-05-01,"The Cooper Associates County Ground, Taunton",3,60.5,60.5,Yorkshire,Somerset,DM Bess,GCH Hill,ARJ Ogborne,0,0,,,,,,,,,,,,,
1513344,2026,2026-05-01,"The Cooper Associates County Ground, Taunton",3,60.6,60.6,Yorkshire,Somerset,DM Bess,GCH Hill,ARJ Ogborne,0,0,,,,,,,,,,,,,
1513344,2026,2026-05-01,"The Cooper Associates County Ground, Taunton",3,61.1,61.1,Yorkshire,Somerset,GCH Hill,DM Bess,C Overton,0,0,,,,,,,,,,,,,
1513344,2026,2026-05-01,"The Cooper Associates County Ground, Taunton",3,61.2,61.2,Yorkshire,Somerset,GCH Hill,DM Bess,C Overton,0,0,,,,,,,,,,,,,
1513344,2026,2026-05-01,"The Cooper Associates County Ground, Taunton",3,61.3,61.3,Yorkshire,Somerset,GCH Hill,DM Bess,C Overton,0,0,,,,,,,,,,,,,
1513344,2026,2026-05-01,"The Cooper Associates County Ground, Taunton",3,61.4,61.4,Yorkshire,Somerset,GCH Hill,DM Bess,C Overton,0,0,,,,,,,,,,,,,
1513344,2026,2026-05-01,"The Cooper Associates County Ground, Taunton",3,61.5,61.5,Yorkshire,Somerset,GCH Hill,DM Bess,C Overton,4,0,,,,,,,,,,,,,
1513344,2026,2026-05-01,"The Cooper Associates County Ground, Taunton",3,61.6,61.6,Yorkshire,Somerset,GCH Hill,DM Bess,C Overton,0,0,,,,,,,,,,,,,
1513344,2026,2026-05-01,"The Cooper Associates County Ground, Taunton",3,62.1,62.1,Yorkshire,Somerset,DM Bess,GCH Hill,ARJ Ogborne,0,0,,,,,,,,,,,,,
1513344,2026,2026-05-01,"The Cooper Associates County Ground, Taunton",3,62.2,62.2,Yorkshire,Somerset,DM Bess,GCH Hill,ARJ Ogborne,0,0,,,,,,,,,,,,,
1513344,2026,2026-05-01,"The Cooper Associates County Ground, Taunton",3,62.3,62.3,Yorkshire,Somerset,DM Bess,GCH Hill,ARJ Ogborne,0,1,,,,1,,,,,,,,,
1513344,2026,2026-05-01,"The Cooper Associates County Ground, Taunton",3,62.4,62.4,Yorkshire,Somerset,GCH Hill,DM Bess,ARJ Ogborne,0,0,,,,,,,,,,,,,
1513344,2026,2026-05-01,"The Cooper Associates County Ground, Taunton",3,62.5,62.5,Yorkshire,Somerset,GCH Hill,DM Bess,ARJ Ogborne,0,0,,,,,,,,,,,,,
1513344,2026,2026-05-01,"The Cooper Associates County Ground, Taunton",3,62.6,62.6,Yorkshire,Somerset,GCH Hill,DM Bess,ARJ Ogborne,4,0,,,,,,,,,,,,,
1513344,2026,2026-05-01,"The Cooper Associates County Ground, Taunton",3,63.1,63.1,Yorkshire,Somerset,DM Bess,GCH Hill,C Overton,0,0,,,,,,,,,,,,,
1513344,2026,2026-05-01,"The Cooper Associates County Ground, Taunton",3,63.2,63.2,Yorkshire,Somerset,DM Bess,GCH Hill,C Overton,0,0,,,,,,,,,,,,,
1513344,2026,2026-05-01,"The Cooper Associates County Ground, Taunton",3,63.3,63.3,Yorkshire,Somerset,DM Bess,GCH Hill,C Overton,0,1,,,,1,,,,,,,,,
1513344,2026,2026-05-01,"The Cooper Associates County Ground, Taunton",3,63.4,63.4,Yorkshire,Somerset,GCH Hill,DM Bess,C Overton,1,0,,,,,,,,,,,,,
1513344,2026,2026-05-01,"The Cooper Associates County Ground, Taunton",3,63.5,63.5,Yorkshire,Somerset,DM Bess,GCH Hill,C Overton,0,0,,,,,,,,,,,,,
1513344,2026,2026-05-01,"The Cooper Associates County Ground, Taunton",3,63.6,63.6,Yorkshire,Somerset,DM Bess,GCH Hill,C Overton,0,0,,,,,,,,,,,,,
1513344,2026,2026-05-01,"The Cooper Associates County Ground, Taunton",3,64.1,64.1,Yorkshire,Somerset,GCH Hill,DM Bess,JF Thomas,0,0,,,,,,,,,,,,,
1513344,2026,2026-05-01,"The Cooper Associates County Ground, Taunton",3,64.2,64.2,Yorkshire,Somerset,GCH Hill,DM Bess,JF Thomas,0,0,,,,,,,,,,,,,
1513344,2026,2026-05-01,"The Cooper Associates County Ground, Taunton",3,64.3,64.3,Yorkshire,Somerset,GCH Hill,DM Bess,JF Thomas,0,0,,,,,,,,,,,,,
1513344,2026,2026-05-01,"The Cooper Associates County Ground, Taunton",3,64.4,64.4,Yorkshire,Somerset,GCH Hill,DM Bess,JF Thomas,0,0,,,,,,,,,,,,,
1513344,2026,2026-05-01,"The Cooper Associates County Ground, Taunton",3,64.5,64.5,Yorkshire,Somerset,GCH Hill,DM Bess,JF Thomas,0,0,,,,,,,,,,,,,
1513344,2026,2026-05-01,"The Cooper Associates County Ground, Taunton",3,64.6,64.6,Yorkshire,Somerset,GCH Hill,DM Bess,JF Thomas,1,0,,,,,,,,,,,,,
1513344,2026,2026-05-01,"The Cooper Associates County Ground, Taunton",3,65.1,65.1,Yorkshire,Somerset,GCH Hill,DM Bess,AM Vaughan,1,0,,,,,,,,,,,,,
1513344,2026,2026-05-01,"The Cooper Associates County Ground, Taunton",3,65.2,65.2,Yorkshire,Somerset,DM Bess,GCH Hill,AM Vaughan,0,0,,,,,,,,,,,,,
1513344,2026,2026-05-01,"The Cooper Associates County Ground, Taunton",3,65.3,65.3,Yorkshire,Somerset,DM Bess,GCH Hill,AM Vaughan,0,0,,,,,,,,,,,,,
1513344,2026,2026-05-01,"The Cooper Associates County Ground, Taunton",3,65.4,65.4,Yorkshire,Somerset,DM Bess,GCH Hill,AM Vaughan,0,0,,,,,,,,,,,,,
1513344,2026,2026-05-01,"The Cooper Associates County Ground, Taunton",3,65.5,65.5,Yorkshire,Somerset,DM Bess,GCH Hill,AM Vaughan,0,0,,,,,,,,,,,,,
1513344,2026,2026-05-01,"The Cooper Associates County Ground, Taunton",3,65.6,65.6,Yorkshire,Somerset,DM Bess,GCH Hill,AM Vaughan,1,0,,,,,,,,,,,,,
1513344,2026,2026-05-01,"The Cooper Associates County Ground, Taunton",3,66.1,66.1,Yorkshire,Somerset,DM Bess,GCH Hill,JF Thomas,0,0,,,,,,,,,,,,,
1513344,2026,2026-05-01,"The Cooper Associates County Ground, Taunton",3,66.2,66.2,Yorkshire,Somerset,DM Bess,GCH Hill,JF Thomas,1,0,,,,,,,,,,,,,
1513344,2026,2026-05-01,"The Cooper Associates County Ground, Taunton",3,66.3,66.3,Yorkshire,Somerset,GCH Hill,DM Bess,JF Thomas,0,0,,,,,,,,,,,,,
1513344,2026,2026-05-01,"The Cooper Associates County Ground, Taunton",3,66.4,66.4,Yorkshire,Somerset,GCH Hill,DM Bess,JF Thomas,1,0,,,,,,,,,,,,,
1513344,2026,2026-05-01,"The Cooper Associates County Ground, Taunton",3,66.5,66.5,Yorkshire,Somerset,DM Bess,GCH Hill,JF Thomas,0,0,,,,,,,,,,,,,
1513344,2026,2026-05-01,"The Cooper Associates County Ground, Taunton",3,66.6,66.6,Yorkshire,Somerset,DM Bess,GCH Hill,JF Thomas,2,0,,,,,,,,,,,,,
1513344,2026,2026-05-01,"The Cooper Associates County Ground, Taunton",3,67.1,67.1,Yorkshire,Somerset,GCH Hill,DM Bess,AM Vaughan,1,0,,,,,,,,,,,,,
1513344,2026,2026-05-01,"The Cooper Associates County Ground, Taunton",3,67.2,67.2,Yorkshire,Somerset,DM Bess,GCH Hill,AM Vaughan,0,0,,,,,,,,,,,,,
1513344,2026,2026-05-01,"The Cooper Associates County Ground, Taunton",3,67.3,67.3,Yorkshire,Somerset,DM Bess,GCH Hill,AM Vaughan,0,0,,,,,,,,,,,,,
1513344,2026,2026-05-01,"The Cooper Associates County Ground, Taunton",3,67.4,67.4,Yorkshire,Somerset,DM Bess,GCH Hill,AM Vaughan,0,0,,,,,,,,,,,,,
1513344,2026,2026-05-01,"The Cooper Associates County Ground, Taunton",3,67.5,67.5,Yorkshire,Somerset,DM Bess,GCH Hill,AM Vaughan,0,0,,,,,,,,,,,,,
1513344,2026,2026-05-01,"The Cooper Associates County Ground, Taunton",3,67.6,67.6,Yorkshire,Somerset,DM Bess,GCH Hill,AM Vaughan,0,0,,,,,,,,,,,,,
1513344,2026,2026-05-01,"The Cooper Associates County Ground, Taunton",3,68.1,68.1,Yorkshire,Somerset,GCH Hill,DM Bess,L Gregory,1,0,,,,,,,,,,,,,
1513344,2026,2026-05-01,"The Cooper Associates County Ground, Taunton",3,68.2,68.2,Yorkshire,Somerset,DM Bess,GCH Hill,L Gregory,1,0,,,,,,,,,,,,,
1513344,2026,2026-05-01,"The Cooper Associates County Ground, Taunton",3,68.3,68.3,Yorkshire,Somerset,GCH Hill,DM Bess,L Gregory,0,0,,,,,,,,,,,,,
1513344,2026,2026-05-01,"The Cooper Associates County Ground, Taunton",3,68.4,68.4,Yorkshire,Somerset,GCH Hill,DM Bess,L Gregory,0,0,,,,,,,,,,,,,
1513344,2026,2026-05-01,"The Cooper Associates County Ground, Taunton",3,68.5,68.5,Yorkshire,Somerset,GCH Hill,DM Bess,L Gregory,1,0,,,,,,,,,,,,,
1513344,2026,2026-05-01,"The Cooper Associates County Ground, Taunton",3,68.6,68.6,Yorkshire,Somerset,DM Bess,GCH Hill,L Gregory,0,0,,,,,,,,,,,,,
1513344,2026,2026-05-01,"The Cooper Associates County Ground, Taunton",3,69.1,69.1,Yorkshire,Somerset,GCH Hill,DM Bess,AM Vaughan,2,0,,,,,,,,,,,,,
1513344,2026,2026-05-01,"The Cooper Associates County Ground, Taunton",3,69.2,69.2,Yorkshire,Somerset,GCH Hill,DM Bess,AM Vaughan,0,0,,,,,,,,,,,,,
1513344,2026,2026-05-01,"The Cooper Associates County Ground, Taunton",3,69.3,69.3,Yorkshire,Somerset,GCH Hill,DM Bess,AM Vaughan,0,0,,,,,,,,,,,,,
1513344,2026,2026-05-01,"The Cooper Associates County Ground, Taunton",3,69.4,69.4,Yorkshire,Somerset,GCH Hill,DM Bess,AM Vaughan,0,0,,,,,,,,,,,,,
1513344,2026,2026-05-01,"The Cooper Associates County Ground, Taunton",3,69.5,69.5,Yorkshire,Somerset,GCH Hill,DM Bess,AM Vaughan,0,0,,,,,,,,,,,,,
1513344,2026,2026-05-01,"The Cooper Associates County Ground, Taunton",3,69.6,69.6,Yorkshire,Somerset,GCH Hill,DM Bess,AM Vaughan,0,0,,,,,,,,,,,,,
1513344,2026,2026-05-01,"The Cooper Associates County Ground, Taunton",3,70.1,70.1,Yorkshire,Somerset,DM Bess,GCH Hill,L Gregory,0,0,,,,,,,,,,,,,
1513344,2026,2026-05-01,"The Cooper Associates County Ground, Taunton",3,70.2,70.2,Yorkshire,Somerset,DM Bess,GCH Hill,L Gregory,0,0,,,,,,,,,,,,,
1513344,2026,2026-05-01,"The Cooper Associates County Ground, Taunton",3,70.3,70.3,Yorkshire,Somerset,DM Bess,GCH Hill,L Gregory,0,0,,,,,,,,,,,,,
1513344,2026,2026-05-01,"The Cooper Associates County Ground, Taunton",3,70.4,70.4,Yorkshire,Somerset,DM Bess,GCH Hill,L Gregory,0,0,,,,,,,,,,,,,
1513344,2026,2026-05-01,"The Cooper Associates County Ground, Taunton",3,70.5,70.5,Yorkshire,Somerset,DM Bess,GCH Hill,L Gregory,0,0,,,,,,,,,,,,,
1513344,2026,2026-05-01,"The Cooper Associates County Ground, Taunton",3,70.6,70.6,Yorkshire,Somerset,DM Bess,GCH Hill,L Gregory,0,0,,,,,,,,,,,,,
1513344,2026,2026-05-01,"The Cooper Associates County Ground, Taunton",3,71.1,71.1,Yorkshire,Somerset,GCH Hill,DM Bess,AM Vaughan,2,0,,,,,,,,,,,,,
1513344,2026,2026-05-01,"The Cooper Associates County Ground, Taunton",3,71.2,71.2,Yorkshire,Somerset,GCH Hill,DM Bess,AM Vaughan,2,0,,,,,,,,,,,,,
1513344,2026,2026-05-01,"The Cooper Associates County Ground, Taunton",3,71.3,71.3,Yorkshire,Somerset,GCH Hill,DM Bess,AM Vaughan,0,0,,,,,,,,,,,,,
1513344,2026,2026-05-01,"The Cooper Associates County Ground, Taunton",3,71.4,71.4,Yorkshire,Somerset,GCH Hill,DM Bess,AM Vaughan,0,0,,,,,,,,,,,,,
1513344,2026,2026-05-01,"The Cooper Associates County Ground, Taunton",3,71.5,71.5,Yorkshire,Somerset,GCH Hill,DM Bess,AM Vaughan,1,0,,,,,,,,,,,,,
1513344,2026,2026-05-01,"The Cooper Associates County Ground, Taunton",3,71.6,71.6,Yorkshire,Somerset,DM Bess,GCH Hill,AM Vaughan,1,0,,,,,,,,,,,,,
1513344,2026,2026-05-01,"The Cooper Associates County Ground, Taunton",3,72.1,72.1,Yorkshire,Somerset,DM Bess,GCH Hill,L Gregory,0,0,,,,,,,,,,,,,
1513344,2026,2026-05-01,"The Cooper Associates County Ground, Taunton",3,72.2,72.2,Yorkshire,Somerset,DM Bess,GCH Hill,L Gregory,0,0,,,,,,,,,,,,,
1513344,2026,2026-05-01,"The Cooper Associates County Ground, Taunton",3,72.3,72.3,Yorkshire,Somerset,DM Bess,GCH Hill,L Gregory,1,0,,,,,,,,,,,,,
1513344,2026,2026-05-01,"The Cooper Associates County Ground, Taunton",3,72.4,72.4,Yorkshire,Somerset,GCH Hill,DM Bess,L Gregory,4,0,,,,,,,,,,,,,
1513344,2026,2026-05-01,"The Cooper Associates County Ground, Taunton",3,72.5,72.5,Yorkshire,Somerset,GCH Hill,DM Bess,L Gregory,0,0,,,,,,,,,,,,,
1513344,2026,2026-05-01,"The Cooper Associates County Ground, Taunton",3,72.6,72.6,Yorkshire,Somerset,GCH Hill,DM Bess,L Gregory,0,0,,,,,,,caught,GCH Hill,,,C Overton,,
1513344,2026,2026-05-01,"The Cooper Associates County Ground, Taunton",3,73.1,73.1,Yorkshire,Somerset,DM Bess,LV van Beek,AM Vaughan,0,0,,,,,,,,,,,,,
1513344,2026,2026-05-01,"The Cooper Associates County Ground, Taunton",3,73.2,73.2,Yorkshire,Somerset,DM Bess,LV van Beek,AM Vaughan,2,0,,,,,,,,,,,,,
1513344,2026,2026-05-01,"The Cooper Associates County Ground, Taunton",3,73.3,73.3,Yorkshire,Somerset,DM Bess,LV van Beek,AM Vaughan,0,0,,,,,,,,,,,,,
1513344,2026,2026-05-01,"The Cooper Associates County Ground, Taunton",3,73.4,73.4,Yorkshire,Somerset,DM Bess,LV van Beek,AM Vaughan,4,0,,,,,,,,,,,,,
1513344,2026,2026-05-01,"The Cooper Associates County Ground, Taunton",3,73.5,73.5,Yorkshire,Somerset,DM Bess,LV van Beek,AM Vaughan,0,0,,,,,,,,,,,,,
1513344,2026,2026-05-01,"The Cooper Associates County Ground, Taunton",3,73.6,73.6,Yorkshire,Somerset,DM Bess,LV van Beek,AM Vaughan,0,0,,,,,,,,,,,,,
1513344,2026,2026-05-01,"The Cooper Associates County Ground, Taunton",3,74.1,74.1,Yorkshire,Somerset,LV van Beek,DM Bess,L Gregory,0,0,,,,,,,,,,,,,
1513344,2026,2026-05-01,"The Cooper Associates County Ground, Taunton",3,74.2,74.2,Yorkshire,Somerset,LV van Beek,DM Bess,L Gregory,0,0,,,,,,,,,,,,,
1513344,2026,2026-05-01,"The Cooper Associates County Ground, Taunton",3,74.3,74.3,Yorkshire,Somerset,LV van Beek,DM Bess,L Gregory,1,0,,,,,,,,,,,,,
1513344,2026,2026-05-01,"The Cooper Associates County Ground, Taunton",3,74.4,74.4,Yorkshire,Somerset,DM Bess,LV van Beek,L Gregory,0,0,,,,,,,,,,,,,
1513344,2026,2026-05-01,"The Cooper Associates County Ground, Taunton",3,74.5,74.5,Yorkshire,Somerset,DM Bess,LV van Beek,L Gregory,0,0,,,,,,,,,,,,,
1513344,2026,2026-05-01,"The Cooper Associates County Ground, Taunton",3,74.6,74.6,Yorkshire,Somerset,DM Bess,LV van Beek,L Gregory,0,0,,,,,,,,,,,,,
1513344,2026,2026-05-01,"The Cooper Associates County Ground, Taunton",3,75.1,75.1,Yorkshire,Somerset,LV van Beek,DM Bess,AM Vaughan,0,0,,,,,,,,,,,,,
1513344,2026,2026-05-01,"The Cooper Associates County Ground, Taunton",3,75.2,75.2,Yorkshire,Somerset,LV van Beek,DM Bess,AM Vaughan,0,0,,,,,,,,,,,,,
1513344,2026,2026-05-01,"The Cooper Associates County Ground, Taunton",3,75.3,75.3,Yorkshire,Somerset,LV van Beek,DM Bess,AM Vaughan,0,0,,,,,,,,,,,,,
1513344,2026,2026-05-01,"The Cooper Associates County Ground, Taunton",3,75.4,75.4,Yorkshire,Somerset,LV van Beek,DM Bess,AM Vaughan,0,0,,,,,,,,,,,,,
1513344,2026,2026-05-01,"The Cooper Associates County Ground, Taunton",3,75.5,75.5,Yorkshire,Somerset,LV van Beek,DM Bess,AM Vaughan,1,0,,,,,,,,,,,,,
1513344,2026,2026-05-01,"The Cooper Associates County Ground, Taunton",3,75.6,75.6,Yorkshire,Somerset,DM Bess,LV van Beek,AM Vaughan,1,0,,,,,,,,,,,,,
1513344,2026,2026-05-01,"The Cooper Associates County Ground, Taunton",3,76.1,76.1,Yorkshire,Somerset,DM Bess,LV van Beek,M Pretorius,1,0,,,,,,,,,,,,,
1513344,2026,2026-05-01,"The Cooper Associates County Ground, Taunton",3,76.2,76.2,Yorkshire,Somerset,LV van Beek,DM Bess,M Pretorius,0,0,,,,,,,,,,,,,
1513344,2026,2026-05-01,"The Cooper Associates County Ground, Taunton",3,76.3,76.3,Yorkshire,Somerset,LV van Beek,DM Bess,M Pretorius,0,0,,,,,,,,,,,,,
1513344,2026,2026-05-01,"The Cooper Associates County Ground, Taunton",3,76.4,76.4,Yorkshire,Somerset,LV van Beek,DM Bess,M Pretorius,1,0,,,,,,,,,,,,,
1513344,2026,2026-05-01,"The Cooper Associates County Ground, Taunton",3,76.5,76.5,Yorkshire,Somerset,DM Bess,LV van Beek,M Pretorius,0,0,,,,,,,,,,,,,
1513344,2026,2026-05-01,"The Cooper Associates County Ground, Taunton",3,76.6,76.6,Yorkshire,Somerset,DM Bess,LV van Beek,M Pretorius,0,0,,,,,,,,,,,,,
1513344,2026,2026-05-01,"The Cooper Associates County Ground, Taunton",3,77.1,77.1,Yorkshire,Somerset,LV van Beek,DM Bess,AM Vaughan,2,0,,,,,,,,,,,,,
1513344,2026,2026-05-01,"The Cooper Associates County Ground, Taunton",3,77.2,77.2,Yorkshire,Somerset,LV van Beek,DM Bess,AM Vaughan,0,0,,,,,,,,,,,,,
1513344,2026,2026-05-01,"The Cooper Associates County Ground, Taunton",3,77.3,77.3,Yorkshire,Somerset,LV van Beek,DM Bess,AM Vaughan,0,0,,,,,,,bowled,LV van Beek,,,,,
1513344,2026,2026-05-01,"The Cooper Associates County Ground, Taunton",3,77.4,77.4,Yorkshire,Somerset,JA Richardson,DM Bess,AM Vaughan,0,0,,,,,,,,,,,,,
1513344,2026,2026-05-01,"The Cooper Associates County Ground, Taunton",3,77.5,77.5,Yorkshire,Somerset,JA Richardson,DM Bess,AM Vaughan,0,0,,,,,,,,,,,,,
1513344,2026,2026-05-01,"The Cooper Associates County Ground, Taunton",3,77.6,77.6,Yorkshire,Somerset,JA Richardson,DM Bess,AM Vaughan,1,0,,,,,,,,,,,,,
1513344,2026,2026-05-01,"The Cooper Associates County Ground, Taunton",3,78.1,78.1,Yorkshire,Somerset,JA Richardson,DM Bess,M Pretorius,0,0,,,,,,,,,,,,,
1513344,2026,2026-05-01,"The Cooper Associates County Ground, Taunton",3,78.2,78.2,Yorkshire,Somerset,JA Richardson,DM Bess,M Pretorius,0,0,,,,,,,,,,,,,
1513344,2026,2026-05-01,"The Cooper Associates County Ground, Taunton",3,78.3,78.3,Yorkshire,Somerset,JA Richardson,DM Bess,M Pretorius,0,0,,,,,,,,,,,,,
1513344,2026,2026-05-01,"The Cooper Associates County Ground, Taunton",3,78.4,78.4,Yorkshire,Somerset,JA Richardson,DM Bess,M Pretorius,4,0,,,,,,,,,,,,,
1513344,2026,2026-05-01,"The Cooper Associates County Ground, Taunton",3,78.5,78.5,Yorkshire,Somerset,JA Richardson,DM Bess,M Pretorius,0,0,,,,,,,,,,,,,
1513344,2026,2026-05-01,"The Cooper Associates County Ground, Taunton",3,78.6,78.6,Yorkshire,Somerset,JA Richardson,DM Bess,M Pretorius,0,0,,,,,,,,,,,,,
1513344,2026,2026-05-01,"The Cooper Associates County Ground, Taunton",3,79.1,79.1,Yorkshire,Somerset,DM Bess,JA Richardson,AM Vaughan,2,0,,,,,,,,,,,,,
1513344,2026,2026-05-01,"The Cooper Associates County Ground, Taunton",3,79.2,79.2,Yorkshire,Somerset,DM Bess,JA Richardson,AM Vaughan,1,0,,,,,,,,,,,,,
1513344,2026,2026-05-01,"The Cooper Associates County Ground, Taunton",3,79.3,79.3,Yorkshire,Somerset,JA Richardson,DM Bess,AM Vaughan,0,0,,,,,,,,,,,,,
1513344,2026,2026-05-01,"The Cooper Associates County Ground, Taunton",3,79.4,79.4,Yorkshire,Somerset,JA Richardson,DM Bess,AM Vaughan,0,0,,,,,,,,,,,,,
1513344,2026,2026-05-01,"The Cooper Associates County Ground, Taunton",3,79.5,79.5,Yorkshire,Somerset,JA Richardson,DM Bess,AM Vaughan,0,0,,,,,,,,,,,,,
1513344,2026,2026-05-01,"The Cooper Associates County Ground, Taunton",3,79.6,79.6,Yorkshire,Somerset,JA Richardson,DM Bess,AM Vaughan,0,0,,,,,,,,,,,,,
1513344,2026,2026-05-01,"The Cooper Associates County Ground, Taunton",3,80.1,80.1,Yorkshire,Somerset,DM Bess,JA Richardson,M Pretorius,0,0,,,,,,,,,,,,,
1513344,2026,2026-05-01,"The Cooper Associates County Ground, Taunton",3,80.2,80.2,Yorkshire,Somerset,DM Bess,JA Richardson,M Pretorius,0,0,,,,,,,,,,,,,
1513344,2026,2026-05-01,"The Cooper Associates County Ground, Taunton",3,80.3,80.3,Yorkshire,Somerset,DM Bess,JA Richardson,M Pretorius,0,0,,,,,,,,,,,,,
1513344,2026,2026-05-01,"The Cooper Associates County Ground, Taunton",3,80.4,80.4,Yorkshire,Somerset,DM Bess,JA Richardson,M Pretorius,0,0,,,,,,,,,,,,,
1513344,2026,2026-05-01,"The Cooper Associates County Ground, Taunton",3,80.5,80.5,Yorkshire,Somerset,DM Bess,JA Richardson,M Pretorius,0,0,,,,,,,,,,,,,
1513344,2026,2026-05-01,"The Cooper Associates County Ground, Taunton",3,80.6,80.6,Yorkshire,Somerset,DM Bess,JA Richardson,M Pretorius,0,0,,,,,,,,,,,,,
1513344,2026,2026-05-01,"The Cooper Associates County Ground, Taunton",3,81.1,81.1,Yorkshire,Somerset,JA Richardson,DM Bess,C Overton,4,0,,,,,,,,,,,,,
1513344,2026,2026-05-01,"The Cooper Associates County Ground, Taunton",3,81.2,81.2,Yorkshire,Somerset,JA Richardson,DM Bess,C Overton,0,0,,,,,,,,,,,,,
1513344,2026,2026-05-01,"The Cooper Associates County Ground, Taunton",3,81.3,81.3,Yorkshire,Somerset,JA Richardson,DM Bess,C Overton,0,0,,,,,,,,,,,,,
1513344,2026,2026-05-01,"The Cooper Associates County Ground, Taunton",3,81.4,81.4,Yorkshire,Somerset,JA Richardson,DM Bess,C Overton,0,0,,,,,,,,,,,,,
1513344,2026,2026-05-01,"The Cooper Associates County Ground, Taunton",3,81.5,81.5,Yorkshire,Somerset,JA Richardson,DM Bess,C Overton,0,1,,,,1,,,,,,,,,
1513344,2026,2026-05-01,"The Cooper Associates County Ground, Taunton",3,81.6,81.6,Yorkshire,Somerset,DM Bess,JA Richardson,C Overton,0,0,,,,,,,,,,,,,
1513344,2026,2026-05-01,"The Cooper Associates County Ground, Taunton",3,82.1,82.1,Yorkshire,Somerset,JA Richardson,DM Bess,L Gregory,4,0,,,,,,,,,,,,,
1513344,2026,2026-05-01,"The Cooper Associates County Ground, Taunton",3,82.2,82.2,Yorkshire,Somerset,JA Richardson,DM Bess,L Gregory,0,0,,,,,,,,,,,,,
1513344,2026,2026-05-01,"The Cooper Associates County Ground, Taunton",3,82.3,82.3,Yorkshire,Somerset,JA Richardson,DM Bess,L Gregory,0,0,,,,,,,,,,,,,
1513344,2026,2026-05-01,"The Cooper Associates County Ground, Taunton",3,82.4,82.4,Yorkshire,Somerset,JA Richardson,DM Bess,L Gregory,0,0,,,,,,,,,,,,,
1513344,2026,2026-05-01,"The Cooper Associates County Ground, Taunton",3,82.5,82.5,Yorkshire,Somerset,JA Richardson,DM Bess,L Gregory,0,0,,,,,,,,,,,,,
1513344,2026,2026-05-01,"The Cooper Associates County Ground, Taunton",3,82.6,82.6,Yorkshire,Somerset,JA Richardson,DM Bess,L Gregory,0,0,,,,,,,,,,,,,
1513344,2026,2026-05-01,"The Cooper Associates County Ground, Taunton",3,83.1,83.1,Yorkshire,Somerset,DM Bess,JA Richardson,C Overton,2,0,,,,,,,,,,,,,
1513344,2026,2026-05-01,"The Cooper Associates County Ground, Taunton",3,83.2,83.2,Yorkshire,Somerset,DM Bess,JA Richardson,C Overton,1,0,,,,,,,,,,,,,
1513344,2026,2026-05-01,"The Cooper Associates County Ground, Taunton",3,83.3,83.3,Yorkshire,Somerset,JA Richardson,DM Bess,C Overton,0,0,,,,,,,,,,,,,
1513344,2026,2026-05-01,"The Cooper Associates County Ground, Taunton",3,83.4,83.4,Yorkshire,Somerset,JA Richardson,DM Bess,C Overton,0,0,,,,,,,,,,,,,
1513344,2026,2026-05-01,"The Cooper Associates County Ground, Taunton",3,83.5,83.5,Yorkshire,Somerset,JA Richardson,DM Bess,C Overton,0,0,,,,,,,,,,,,,
1513344,2026,2026-05-01,"The Cooper Associates County Ground, Taunton",3,83.6,83.6,Yorkshire,Somerset,JA Richardson,DM Bess,C Overton,0,0,,,,,,,,,,,,,
1513344,2026,2026-05-01,"The Cooper Associates County Ground, Taunton",3,84.1,84.1,Yorkshire,Somerset,DM Bess,JA Richardson,L Gregory,0,0,,,,,,,,,,,,,
1513344,2026,2026-05-01,"The Cooper Associates County Ground, Taunton",3,84.2,84.2,Yorkshire,Somerset,DM Bess,JA Richardson,L Gregory,0,0,,,,,,,,,,,,,
1513344,2026,2026-05-01,"The Cooper Associates County Ground, Taunton",3,84.3,84.3,Yorkshire,Somerset,DM Bess,JA Richardson,L Gregory,1,0,,,,,,,,,,,,,
1513344,2026,2026-05-01,"The Cooper Associates County Ground, Taunton",3,84.4,84.4,Yorkshire,Somerset,JA Richardson,DM Bess,L Gregory,0,0,,,,,,,,,,,,,
1513344,2026,2026-05-01,"The Cooper Associates County Ground, Taunton",3,84.5,84.5,Yorkshire,Somerset,JA Richardson,DM Bess,L Gregory,0,0,,,,,,,,,,,,,
1513344,2026,2026-05-01,"The Cooper Associates County Ground, Taunton",3,84.6,84.6,Yorkshire,Somerset,JA Richardson,DM Bess,L Gregory,0,0,,,,,,,,,,,,,
1513344,2026,2026-05-01,"The Cooper Associates County Ground, Taunton",3,85.1,85.1,Yorkshire,Somerset,DM Bess,JA Richardson,C Overton,1,0,,,,,,,,,,,,,
1513344,2026,2026-05-01,"The Cooper Associates County Ground, Taunton",3,85.2,85.2,Yorkshire,Somerset,JA Richardson,DM Bess,C Overton,0,0,,,,,,,,,,,,,
1513344,2026,2026-05-01,"The Cooper Associates County Ground, Taunton",3,85.3,85.3,Yorkshire,Somerset,JA Richardson,DM Bess,C Overton,0,0,,,,,,,,,,,,,
1513344,2026,2026-05-01,"The Cooper Associates County Ground, Taunton",3,85.4,85.4,Yorkshire,Somerset,JA Richardson,DM Bess,C Overton,0,0,,,,,,,,,,,,,
1513344,2026,2026-05-01,"The Cooper Associates County Ground, Taunton",3,85.5,85.5,Yorkshire,Somerset,JA Richardson,DM Bess,C Overton,1,0,,,,,,,,,,,,,
1513344,2026,2026-05-01,"The Cooper Associates County Ground, Taunton",3,85.6,85.6,Yorkshire,Somerset,DM Bess,JA Richardson,C Overton,0,0,,,,,,,,,,,,,
1513344,2026,2026-05-01,"The Cooper Associates County Ground, Taunton",3,86.1,86.1,Yorkshire,Somerset,JA Richardson,DM Bess,L Gregory,0,0,,,,,,,,,,,,,
1513344,2026,2026-05-01,"The Cooper Associates County Ground, Taunton",3,86.2,86.2,Yorkshire,Somerset,JA Richardson,DM Bess,L Gregory,0,0,,,,,,,,,,,,,
1513344,2026,2026-05-01,"The Cooper Associates County Ground, Taunton",3,86.3,86.3,Yorkshire,Somerset,JA Richardson,DM Bess,L Gregory,1,0,,,,,,,,,,,,,
1513344,2026,2026-05-01,"The Cooper Associates County Ground, Taunton",3,86.4,86.4,Yorkshire,Somerset,DM Bess,JA Richardson,L Gregory,1,0,,,,,,,,,,,,,
1513344,2026,2026-05-01,"The Cooper Associates County Ground, Taunton",3,86.5,86.5,Yorkshire,Somerset,JA Richardson,DM Bess,L Gregory,1,0,,,,,,,,,,,,,
1513344,2026,2026-05-01,"The Cooper Associates County Ground, Taunton",3,86.6,86.6,Yorkshire,Somerset,DM Bess,JA Richardson,L Gregory,4,0,,,,,,,,,,,,,
1513344,2026,2026-05-01,"The Cooper Associates County Ground, Taunton",3,87.1,87.1,Yorkshire,Somerset,JA Richardson,DM Bess,C Overton,0,0,,,,,,,,,,,,,
1513344,2026,2026-05-01,"The Cooper Associates County Ground, Taunton",3,87.2,87.2,Yorkshire,Somerset,JA Richardson,DM Bess,C Overton,1,0,,,,,,,,,,,,,
1513344,2026,2026-05-01,"The Cooper Associates County Ground, Taunton",3,87.3,87.3,Yorkshire,Somerset,DM Bess,JA Richardson,C Overton,4,0,,,,,,,,,,,,,
1513344,2026,2026-05-01,"The Cooper Associates County Ground, Taunton",3,87.4,87.4,Yorkshire,Somerset,DM Bess,JA Richardson,C Overton,0,0,,,,,,,,,,,,,
1513344,2026,2026-05-01,"The Cooper Associates County Ground, Taunton",3,87.5,87.5,Yorkshire,Somerset,DM Bess,JA Richardson,C Overton,0,0,,,,,,,,,,,,,
1513344,2026,2026-05-01,"The Cooper Associates County Ground, Taunton",3,87.6,87.6,Yorkshire,Somerset,DM Bess,JA Richardson,C Overton,0,0,,,,,,,,,,,,,
1513344,2026,2026-05-01,"The Cooper Associates County Ground, Taunton",3,88.1,88.1,Yorkshire,Somerset,JA Richardson,DM Bess,ARJ Ogborne,0,0,,,,,,,,,,,,,
1513344,2026,2026-05-01,"The Cooper Associates County Ground, Taunton",3,88.2,88.2,Yorkshire,Somerset,JA Richardson,DM Bess,ARJ Ogborne,4,0,,,,,,,,,,,,,
1513344,2026,2026-05-01,"The Cooper Associates County Ground, Taunton",3,88.3,88.3,Yorkshire,Somerset,JA Richardson,DM Bess,ARJ Ogborne,0,0,,,,,,,,,,,,,
1513344,2026,2026-05-01,"The Cooper Associates County Ground, Taunton",3,88.4,88.4,Yorkshire,Somerset,JA Richardson,DM Bess,ARJ Ogborne,4,0,,,,,,,,,,,,,
1513344,2026,2026-05-01,"The Cooper Associates County Ground, Taunton",3,88.5,88.5,Yorkshire,Somerset,JA Richardson,DM Bess,ARJ Ogborne,0,0,,,,,,,,,,,,,
1513344,2026,2026-05-01,"The Cooper Associates County Ground, Taunton",3,88.6,88.6,Yorkshire,Somerset,JA Richardson,DM Bess,ARJ Ogborne,0,0,,,,,,,,,,,,,
1513344,2026,2026-05-01,"The Cooper Associates County Ground, Taunton",3,89.1,89.1,Yorkshire,Somerset,DM Bess,JA Richardson,AM Vaughan,1,0,,,,,,,,,,,,,
1513344,2026,2026-05-01,"The Cooper Associates County Ground, Taunton",3,89.2,89.2,Yorkshire,Somerset,JA Richardson,DM Bess,AM Vaughan,0,0,,,,,,,,,,,,,
1513344,2026,2026-05-01,"The Cooper Associates County Ground, Taunton",3,89.3,89.3,Yorkshire,Somerset,JA Richardson,DM Bess,AM Vaughan,0,0,,,,,,,,,,,,,
1513344,2026,2026-05-01,"The Cooper Associates County Ground, Taunton",3,89.4,89.4,Yorkshire,Somerset,JA Richardson,DM Bess,AM Vaughan,0,0,,,,,,,,,,,,,
1513344,2026,2026-05-01,"The Cooper Associates County Ground, Taunton",3,89.5,89.5,Yorkshire,Somerset,JA Richardson,DM Bess,AM Vaughan,0,0,,,,,,,,,,,,,
1513344,2026,2026-05-01,"The Cooper Associates County Ground, Taunton",3,89.6,89.6,Yorkshire,Somerset,JA Richardson,DM Bess,AM Vaughan,0,0,,,,,,,,,,,,,
1513344,2026,2026-05-01,"The Cooper Associates County Ground, Taunton",3,90.1,90.1,Yorkshire,Somerset,DM Bess,JA Richardson,ARJ Ogborne,0,1,,,,1,,,,,,,,,
1513344,2026,2026-05-01,"The Cooper Associates County Ground, Taunton",3,90.2,90.2,Yorkshire,Somerset,JA Richardson,DM Bess,ARJ Ogborne,1,0,,,,,,,,,,,,,
1513344,2026,2026-05-01,"The Cooper Associates County Ground, Taunton",3,90.3,90.3,Yorkshire,Somerset,DM Bess,JA Richardson,ARJ Ogborne,0,0,,,,,,,,,,,,,
1513344,2026,2026-05-01,"The Cooper Associates County Ground, Taunton",3,90.4,90.4,Yorkshire,Somerset,DM Bess,JA Richardson,ARJ Ogborne,0,0,,,,,,,,,,,,,
1513344,2026,2026-05-01,"The Cooper Associates County Ground, Taunton",3,90.5,90.5,Yorkshire,Somerset,DM Bess,JA Richardson,ARJ Ogborne,0,0,,,,,,,,,,,,,
1513344,2026,2026-05-01,"The Cooper Associates County Ground, Taunton",3,90.6,90.6,Yorkshire,Somerset,DM Bess,JA Richardson,ARJ Ogborne,0,0,,,,,,,,,,,,,
1513344,2026,2026-05-01,"The Cooper Associates County Ground, Taunton",3,91.1,91.1,Yorkshire,Somerset,JA Richardson,DM Bess,AM Vaughan,0,0,,,,,,,,,,,,,
1513344,2026,2026-05-01,"The Cooper Associates County Ground, Taunton",3,91.2,91.2,Yorkshire,Somerset,JA Richardson,DM Bess,AM Vaughan,0,0,,,,,,,,,,,,,
1513344,2026,2026-05-01,"The Cooper Associates County Ground, Taunton",3,91.3,91.3,Yorkshire,Somerset,JA Richardson,DM Bess,AM Vaughan,0,0,,,,,,,,,,,,,
1513344,2026,2026-05-01,"The Cooper Associates County Ground, Taunton",3,91.4,91.4,Yorkshire,Somerset,JA Richardson,DM Bess,AM Vaughan,0,0,,,,,,,,,,,,,
1513344,2026,2026-05-01,"The Cooper Associates County Ground, Taunton",3,91.5,91.5,Yorkshire,Somerset,JA Richardson,DM Bess,AM Vaughan,0,0,,,,,,,,,,,,,
1513344,2026,2026-05-01,"The Cooper Associates County Ground, Taunton",3,91.6,91.6,Yorkshire,Somerset,JA Richardson,DM Bess,AM Vaughan,0,0,,,,,,,,,,,,,
1513344,2026,2026-05-01,"The Cooper Associates County Ground, Taunton",3,92.1,92.1,Yorkshire,Somerset,DM Bess,JA Richardson,ARJ Ogborne,0,0,,,,,,,,,,,,,
1513344,2026,2026-05-01,"The Cooper Associates County Ground, Taunton",3,92.2,92.2,Yorkshire,Somerset,DM Bess,JA Richardson,ARJ Ogborne,1,0,,,,,,,,,,,,,
1513344,2026,2026-05-01,"The Cooper Associates County Ground, Taunton",3,92.3,92.3,Yorkshire,Somerset,JA Richardson,DM Bess,ARJ Ogborne,1,0,,,,,,,,,,,,,
1513344,2026,2026-05-01,"The Cooper Associates County Ground, Taunton",3,92.4,92.4,Yorkshire,Somerset,DM Bess,JA Richardson,ARJ Ogborne,1,0,,,,,,,,,,,,,
1513344,2026,2026-05-01,"The Cooper Associates County Ground, Taunton",3,92.5,92.5,Yorkshire,Somerset,JA Richardson,DM Bess,ARJ Ogborne,0,0,,,,,,,,,,,,,
1513344,2026,2026-05-01,"The Cooper Associates County Ground, Taunton",3,92.6,92.6,Yorkshire,Somerset,JA Richardson,DM Bess,ARJ Ogborne,0,0,,,,,,,,,,,,,
1513344,2026,2026-05-01,"The Cooper Associates County Ground, Taunton",3,93.1,93.1,Yorkshire,Somerset,DM Bess,JA Richardson,AM Vaughan,1,0,,,,,,,,,,,,,
1513344,2026,2026-05-01,"The Cooper Associates County Ground, Taunton",3,93.2,93.2,Yorkshire,Somerset,JA Richardson,DM Bess,AM Vaughan,0,1,,,1,,,,,,,,,,
1513344,2026,2026-05-01,"The Cooper Associates County Ground, Taunton",3,93.3,93.3,Yorkshire,Somerset,DM Bess,JA Richardson,AM Vaughan,0,0,,,,,,,,,,,,,
1513344,2026,2026-05-01,"The Cooper Associates County Ground, Taunton",3,93.4,93.4,Yorkshire,Somerset,DM Bess,JA Richardson,AM Vaughan,0,0,,,,,,,,,,,,,
1513344,2026,2026-05-01,"The Cooper Associates County Ground, Taunton",3,93.5,93.5,Yorkshire,Somerset,DM Bess,JA Richardson,AM Vaughan,0,0,,,,,,,caught,DM Bess,,,,,
1513344,2026,2026-05-01,"The Cooper Associates County Ground, Taunton",3,93.6,93.6,Yorkshire,Somerset,CJ White,JA Richardson,AM Vaughan,0,0,,,,,,,,,,,,,
1513344,2026,2026-05-01,"The Cooper Associates County Ground, Taunton",3,94.1,94.1,Yorkshire,Somerset,JA Richardson,CJ White,ARJ Ogborne,1,0,,,,,,,,,,,,,
1513344,2026,2026-05-01,"The Cooper Associates County Ground, Taunton",3,94.2,94.2,Yorkshire,Somerset,CJ White,JA Richardson,ARJ Ogborne,0,0,,,,,,,,,,,,,
1513344,2026,2026-05-01,"The Cooper Associates County Ground, Taunton",3,94.3,94.3,Yorkshire,Somerset,CJ White,JA Richardson,ARJ Ogborne,0,0,,,,,,,,,,,,,
1513344,2026,2026-05-01,"The Cooper Associates County Ground, Taunton",3,94.4,94.4,Yorkshire,Somerset,CJ White,JA Richardson,ARJ Ogborne,0,0,,,,,,,,,,,,,
1513344,2026,2026-05-01,"The Cooper Associates County Ground, Taunton",3,94.5,94.5,Yorkshire,Somerset,CJ White,JA Richardson,ARJ Ogborne,0,0,,,,,,,,,,,,,
1513344,2026,2026-05-01,"The Cooper Associates County Ground, Taunton",3,94.6,94.6,Yorkshire,Somerset,CJ White,JA Richardson,ARJ Ogborne,0,0,,,,,,,,,,,,,
1513344,2026,2026-05-01,"The Cooper Associates County Ground, Taunton",3,95.1,95.1,Yorkshire,Somerset,JA Richardson,CJ White,AM Vaughan,0,0,,,,,,,,,,,,,
1513344,2026,2026-05-01,"The Cooper Associates County Ground, Taunton",3,95.2,95.2,Yorkshire,Somerset,JA Richardson,CJ White,AM Vaughan,0,0,,,,,,,,,,,,,
1513344,2026,2026-05-01,"The Cooper Associates County Ground, Taunton",3,95.3,95.3,Yorkshire,Somerset,JA Richardson,CJ White,AM Vaughan,0,0,,,,,,,,,,,,,
1513344,2026,2026-05-01,"The Cooper Associates County Ground, Taunton",3,95.4,95.4,Yorkshire,Somerset,JA Richardson,CJ White,AM Vaughan,1,0,,,,,,,,,,,,,
1513344,2026,2026-05-01,"The Cooper Associates County Ground, Taunton",3,95.5,95.5,Yorkshire,Somerset,CJ White,JA Richardson,AM Vaughan,0,0,,,,,,,,,,,,,
1513344,2026,2026-05-01,"The Cooper Associates County Ground, Taunton",3,95.6,95.6,Yorkshire,Somerset,CJ White,JA Richardson,AM Vaughan,0,0,,,,,,,,,,,,,
1513344,2026,2026-05-01,"The Cooper Associates County Ground, Taunton",3,96.1,96.1,Yorkshire,Somerset,JA Richardson,CJ White,ARJ Ogborne,0,0,,,,,,,,,,,,,
1513344,2026,2026-05-01,"The Cooper Associates County Ground, Taunton",3,96.2,96.2,Yorkshire,Somerset,JA Richardson,CJ White,ARJ Ogborne,0,0,,,,,,,,,,,,,
1513344,2026,2026-05-01,"The Cooper Associates County Ground, Taunton",3,96.3,96.3,Yorkshire,Somerset,JA Richardson,CJ White,ARJ Ogborne,0,0,,,,,,,,,,,,,
1513344,2026,2026-05-01,"The Cooper Associates County Ground, Taunton",3,96.4,96.4,Yorkshire,Somerset,JA Richardson,CJ White,ARJ Ogborne,1,0,,,,,,,,,,,,,
1513344,2026,2026-05-01,"The Cooper Associates County Ground, Taunton",3,96.5,96.5,Yorkshire,Somerset,CJ White,JA Richardson,ARJ Ogborne,0,0,,,,,,,,,,,,,
1513344,2026,2026-05-01,"The Cooper Associates County Ground, Taunton",3,96.6,96.6,Yorkshire,Somerset,CJ White,JA Richardson,ARJ Ogborne,0,0,,,,,,,,,,,,,
1513344,2026,2026-05-01,"The Cooper Associates County Ground, Taunton",3,97.1,97.1,Yorkshire,Somerset,JA Richardson,CJ White,AM Vaughan,0,0,,,,,,,,,,,,,
1513344,2026,2026-05-01,"The Cooper Associates County Ground, Taunton",3,97.2,97.2,Yorkshire,Somerset,JA Richardson,CJ White,AM Vaughan,0,0,,,,,,,,,,,,,
1513344,2026,2026-05-01,"The Cooper Associates County Ground, Taunton",3,97.3,97.3,Yorkshire,Somerset,JA Richardson,CJ White,AM Vaughan,2,0,,,,,,,,,,,,,
1513344,2026,2026-05-01,"The Cooper Associates County Ground, Taunton",3,97.4,97.4,Yorkshire,Somerset,JA Richardson,CJ White,AM Vaughan,1,0,,,,,,,,,,,,,
1513344,2026,2026-05-01,"The Cooper Associates County Ground, Taunton",3,97.5,97.5,Yorkshire,Somerset,CJ White,JA Richardson,AM Vaughan,0,0,,,,,,,,,,,,,
1513344,2026,2026-05-01,"The Cooper Associates County Ground, Taunton",3,97.6,97.6,Yorkshire,Somerset,CJ White,JA Richardson,AM Vaughan,0,0,,,,,,,,,,,,,
1513344,2026,2026-05-01,"The Cooper Associates County Ground, Taunton",3,98.1,98.1,Yorkshire,Somerset,JA Richardson,CJ White,M Pretorius,0,0,,,,,,,,,,,,,
1513344,2026,2026-05-01,"The Cooper Associates County Ground, Taunton",3,98.2,98.2,Yorkshire,Somerset,JA Richardson,CJ White,M Pretorius,0,0,,,,,,,,,,,,,
1513344,2026,2026-05-01,"The Cooper Associates County Ground, Taunton",3,98.3,98.3,Yorkshire,Somerset,JA Richardson,CJ White,M Pretorius,0,0,,,,,,,,,,,,,
1513344,2026,2026-05-01,"The Cooper Associates County Ground, Taunton",3,98.4,98.4,Yorkshire,Somerset,JA Richardson,CJ White,M Pretorius,4,0,,,,,,,,,,,,,
1513344,2026,2026-05-01,"The Cooper Associates County Ground, Taunton",3,98.5,98.5,Yorkshire,Somerset,JA Richardson,CJ White,M Pretorius,0,0,,,,,,,,,,,,,
1513344,2026,2026-05-01,"The Cooper Associates County Ground, Taunton",3,98.6,98.6,Yorkshire,Somerset,JA Richardson,CJ White,M Pretorius,1,2,,2,,,,,,,,,,,
1513344,2026,2026-05-01,"The Cooper Associates County Ground, Taunton",3,98.7,98.6,Yorkshire,Somerset,CJ White,JA Richardson,M Pretorius,0,0,,,,,,,,,,,,,
1513344,2026,2026-05-01,"The Cooper Associates County Ground, Taunton",3,99.1,99.1,Yorkshire,Somerset,JA Richardson,CJ White,AM Vaughan,0,0,,,,,,,,,,,,,
1513344,2026,2026-05-01,"The Cooper Associates County Ground, Taunton",3,99.2,99.2,Yorkshire,Somerset,JA Richardson,CJ White,AM Vaughan,0,0,,,,,,,,,,,,,
1513344,2026,2026-05-01,"The Cooper Associates County Ground, Taunton",3,99.3,99.3,Yorkshire,Somerset,JA Richardson,CJ White,AM Vaughan,0,0,,,,,,,,,,,,,
1513344,2026,2026-05-01,"The Cooper Associates County Ground, Taunton",3,99.4,99.4,Yorkshire,Somerset,JA Richardson,CJ White,AM Vaughan,1,0,,,,,,,,,,,,,
1513344,2026,2026-05-01,"The Cooper Associates County Ground, Taunton",3,99.5,99.5,Yorkshire,Somerset,CJ White,JA Richardson,AM Vaughan,0,0,,,,,,,,,,,,,
1513344,2026,2026-05-01,"The Cooper Associates County Ground, Taunton",3,99.6,99.6,Yorkshire,Somerset,CJ White,JA Richardson,AM Vaughan,0,0,,,,,,,,,,,,,
1513344,2026,2026-05-01,"The Cooper Associates County Ground, Taunton",3,100.1,100.1,Yorkshire,Somerset,JA Richardson,CJ White,M Pretorius,0,0,,,,,,,,,,,,,
1513344,2026,2026-05-01,"The Cooper Associates County Ground, Taunton",3,100.2,100.2,Yorkshire,Somerset,JA Richardson,CJ White,M Pretorius,0,0,,,,,,,,,,,,,
1513344,2026,2026-05-01,"The Cooper Associates County Ground, Taunton",3,100.3,100.3,Yorkshire,Somerset,JA Richardson,CJ White,M Pretorius,0,0,,,,,,,,,,,,,
1513344,2026,2026-05-01,"The Cooper Associates County Ground, Taunton",3,100.4,100.4,Yorkshire,Somerset,JA Richardson,CJ White,M Pretorius,0,0,,,,,,,,,,,,,
1513344,2026,2026-05-01,"The Cooper Associates County Ground, Taunton",3,100.5,100.5,Yorkshire,Somerset,JA Richardson,CJ White,M Pretorius,1,0,,,,,,,,,,,,,
1513344,2026,2026-05-01,"The Cooper Associates County Ground, Taunton",3,100.6,100.6,Yorkshire,Somerset,CJ White,JA Richardson,M Pretorius,0,0,,,,,,,,,,,,,
1513344,2026,2026-05-01,"The Cooper Associates County Ground, Taunton",3,101.1,101.1,Yorkshire,Somerset,JA Richardson,CJ White,JF Thomas,0,0,,,,,,,,,,,,,
1513344,2026,2026-05-01,"The Cooper Associates County Ground, Taunton",3,101.2,101.2,Yorkshire,Somerset,JA Richardson,CJ White,JF Thomas,0,0,,,,,,,,,,,,,
1513344,2026,2026-05-01,"The Cooper Associates County Ground, Taunton",3,101.3,101.3,Yorkshire,Somerset,JA Richardson,CJ White,JF Thomas,1,0,,,,,,,,,,,,,
1513344,2026,2026-05-01,"The Cooper Associates County Ground, Taunton",3,101.4,101.4,Yorkshire,Somerset,CJ White,JA Richardson,JF Thomas,0,0,,,,,,,,,,,,,
1513344,2026,2026-05-01,"The Cooper Associates County Ground, Taunton",3,101.5,101.5,Yorkshire,Somerset,CJ White,JA Richardson,JF Thomas,0,0,,,,,,,,,,,,,
1513344,2026,2026-05-01,"The Cooper Associates County Ground, Taunton",3,101.6,101.6,Yorkshire,Somerset,CJ White,JA Richardson,JF Thomas,0,0,,,,,,,,,,,,,
1513344,2026,2026-05-01,"The Cooper Associates County Ground, Taunton",3,102.1,102.1,Yorkshire,Somerset,JA Richardson,CJ White,M Pretorius,0,0,,,,,,,,,,,,,
1513344,2026,2026-05-01,"The Cooper Associates County Ground, Taunton",3,102.2,102.2,Yorkshire,Somerset,JA Richardson,CJ White,M Pretorius,0,0,,,,,,,,,,,,,
1513344,2026,2026-05-01,"The Cooper Associates County Ground, Taunton",3,102.3,102.3,Yorkshire,Somerset,JA Richardson,CJ White,M Pretorius,0,0,,,,,,,,,,,,,
1513344,2026,2026-05-01,"The Cooper Associates County Ground, Taunton",3,102.4,102.4,Yorkshire,Somerset,JA Richardson,CJ White,M Pretorius,1,0,,,,,,,,,,,,,
1513344,2026,2026-05-01,"The Cooper Associates County Ground, Taunton",3,102.5,102.5,Yorkshire,Somerset,CJ White,JA Richardson,M Pretorius,0,0,,,,,,,,,,,,,
1513344,2026,2026-05-01,"The Cooper Associates County Ground, Taunton",3,102.6,102.6,Yorkshire,Somerset,CJ White,JA Richardson,M Pretorius,0,0,,,,,,,,,,,,,
1513344,2026,2026-05-01,"The Cooper Associates County Ground, Taunton",3,103.1,103.1,Yorkshire,Somerset,JA Richardson,CJ White,JF Thomas,0,0,,,,,,,,,,,,,
1513344,2026,2026-05-01,"The Cooper Associates County Ground, Taunton",3,103.2,103.2,Yorkshire,Somerset,JA Richardson,CJ White,JF Thomas,0,0,,,,,,,,,,,,,
1513344,2026,2026-05-01,"The Cooper Associates County Ground, Taunton",3,103.3,103.3,Yorkshire,Somerset,JA Richardson,CJ White,JF Thomas,0,0,,,,,,,,,,,,,
1513344,2026,2026-05-01,"The Cooper Associates County Ground, Taunton",3,103.4,103.4,Yorkshire,Somerset,JA Richardson,CJ White,JF Thomas,0,0,,,,,,,,,,,,,
1513344,2026,2026-05-01,"The Cooper Associates County Ground, Taunton",3,103.5,103.5,Yorkshire,Somerset,JA Richardson,CJ White,JF Thomas,4,0,,,,,,,,,,,,,
1513344,2026,2026-05-01,"The Cooper Associates County Ground, Taunton",3,103.6,103.6,Yorkshire,Somerset,JA Richardson,CJ White,JF Thomas,0,0,,,,,,,,,,,,,
1513344,2026,2026-05-01,"The Cooper Associates County Ground, Taunton",3,104.1,104.1,Yorkshire,Somerset,CJ White,JA Richardson,C Overton,4,0,,,,,,,,,,,,,
1513344,2026,2026-05-01,"The Cooper Associates County Ground, Taunton",3,104.2,104.2,Yorkshire,Somerset,CJ White,JA Richardson,C Overton,0,0,,,,,,,,,,,,,
1513344,2026,2026-05-01,"The Cooper Associates County Ground, Taunton",3,104.3,104.3,Yorkshire,Somerset,CJ White,JA Richardson,C Overton,0,0,,,,,,,,,,,,,
1513344,2026,2026-05-01,"The Cooper Associates County Ground, Taunton",3,104.4,104.4,Yorkshire,Somerset,CJ White,JA Richardson,C Overton,1,0,,,,,,,,,,,,,
1513344,2026,2026-05-01,"The Cooper Associates County Ground, Taunton",3,104.5,104.5,Yorkshire,Somerset,JA Richardson,CJ White,C Overton,0,0,,,,,,,,,,,,,
1513344,2026,2026-05-01,"The Cooper Associates County Ground, Taunton",3,104.6,104.6,Yorkshire,Somerset,JA Richardson,CJ White,C Overton,0,0,,,,,,,,,,,,,
1513344,2026,2026-05-01,"The Cooper Associates County Ground, Taunton",3,105.1,105.1,Yorkshire,Somerset,CJ White,JA Richardson,L Gregory,0,0,,,,,,,,,,,,,
1513344,2026,2026-05-01,"The Cooper Associates County Ground, Taunton",3,105.2,105.2,Yorkshire,Somerset,CJ White,JA Richardson,L Gregory,0,0,,,,,,,,,,,,,
1513344,2026,2026-05-01,"The Cooper Associates County Ground, Taunton",3,105.3,105.3,Yorkshire,Somerset,CJ White,JA Richardson,L Gregory,0,0,,,,,,,,,,,,,
1513344,2026,2026-05-01,"The Cooper Associates County Ground, Taunton",3,105.4,105.4,Yorkshire,Somerset,CJ White,JA Richardson,L Gregory,0,0,,,,,,,,,,,,,
1513344,2026,2026-05-01,"The Cooper Associates County Ground, Taunton",3,105.5,105.5,Yorkshire,Somerset,CJ White,JA Richardson,L Gregory,0,0,,,,,,,,,,,,,
1513344,2026,2026-05-01,"The Cooper Associates County Ground, Taunton",3,105.6,105.6,Yorkshire,Somerset,CJ White,JA Richardson,L Gregory,0,0,,,,,,,,,,,,,
1513344,2026,2026-05-01,"The Cooper Associates County Ground, Taunton",3,106.1,106.1,Yorkshire,Somerset,JA Richardson,CJ White,C Overton,0,0,,,,,,,,,,,,,
1513344,2026,2026-05-01,"The Cooper Associates County Ground, Taunton",3,106.2,106.2,Yorkshire,Somerset,JA Richardson,CJ White,C Overton,0,0,,,,,,,,,,,,,
1513344,2026,2026-05-01,"The Cooper Associates County Ground, Taunton",3,106.3,106.3,Yorkshire,Somerset,JA Richardson,CJ White,C Overton,0,0,,,,,,,,,,,,,
1513344,2026,2026-05-01,"The Cooper Associates County Ground, Taunton",3,106.4,106.4,Yorkshire,Somerset,JA Richardson,CJ White,C Overton,0,0,,,,,,,,,,,,,
1513344,2026,2026-05-01,"The Cooper Associates County Ground, Taunton",3,106.5,106.5,Yorkshire,Somerset,JA Richardson,CJ White,C Overton,0,0,,,,,,,,,,,,,
1513344,2026,2026-05-01,"The Cooper Associates County Ground, Taunton",3,106.6,106.6,Yorkshire,Somerset,JA Richardson,CJ White,C Overton,0,0,,,,,,,,,,,,,
1513344,2026,2026-05-01,"The Cooper Associates County Ground, Taunton",3,107.1,107.1,Yorkshire,Somerset,CJ White,JA Richardson,AM Vaughan,0,0,,,,,,,,,,,,,
1513344,2026,2026-05-01,"The Cooper Associates County Ground, Taunton",3,107.2,107.2,Yorkshire,Somerset,CJ White,JA Richardson,AM Vaughan,0,0,,,,,,,,,,,,,
1513344,2026,2026-05-01,"The Cooper Associates County Ground, Taunton",3,107.3,107.3,Yorkshire,Somerset,CJ White,JA Richardson,AM Vaughan,0,0,,,,,,,,,,,,,
1513344,2026,2026-05-01,"The Cooper Associates County Ground, Taunton",3,107.4,107.4,Yorkshire,Somerset,CJ White,JA Richardson,AM Vaughan,0,0,,,,,,,,,,,,,
1513344,2026,2026-05-01,"The Cooper Associates County Ground, Taunton",3,107.5,107.5,Yorkshire,Somerset,CJ White,JA Richardson,AM Vaughan,0,0,,,,,,,,,,,,,
1513344,2026,2026-05-01,"The Cooper Associates County Ground, Taunton",3,107.6,107.6,Yorkshire,Somerset,CJ White,JA Richardson,AM Vaughan,0,0,,,,,,,,,,,,,
1513344,2026,2026-05-01,"The Cooper Associates County Ground, Taunton",3,108.1,108.1,Yorkshire,Somerset,JA Richardson,CJ White,C Overton,0,0,,,,,,,,,,,,,
1513344,2026,2026-05-01,"The Cooper Associates County Ground, Taunton",3,108.2,108.2,Yorkshire,Somerset,JA Richardson,CJ White,C Overton,0,0,,,,,,,,,,,,,
1513344,2026,2026-05-01,"The Cooper Associates County Ground, Taunton",3,108.3,108.3,Yorkshire,Somerset,JA Richardson,CJ White,C Overton,2,0,,,,,,,,,,,,,
1513344,2026,2026-05-01,"The Cooper Associates County Ground, Taunton",3,108.4,108.4,Yorkshire,Somerset,JA Richardson,CJ White,C Overton,0,0,,,,,,,,,,,,,
1513344,2026,2026-05-01,"The Cooper Associates County Ground, Taunton",3,108.5,108.5,Yorkshire,Somerset,JA Richardson,CJ White,C Overton,0,0,,,,,,,,,,,,,
1513344,2026,2026-05-01,"The Cooper Associates County Ground, Taunton",3,108.6,108.6,Yorkshire,Somerset,JA Richardson,CJ White,C Overton,1,0,,,,,,,,,,,,,
1513344,2026,2026-05-01,"The Cooper Associates County Ground, Taunton",3,109.1,109.1,Yorkshire,Somerset,JA Richardson,CJ White,L Gregory,0,0,,,,,,,,,,,,,
1513344,2026,2026-05-01,"The Cooper Associates County Ground, Taunton",3,109.2,109.2,Yorkshire,Somerset,JA Richardson,CJ White,L Gregory,0,0,,,,,,,,,,,,,
1513344,2026,2026-05-01,"The Cooper Associates County Ground, Taunton",3,109.3,109.3,Yorkshire,Somerset,JA Richardson,CJ White,L Gregory,0,0,,,,,,,,,,,,,
1513344,2026,2026-05-01,"The Cooper Associates County Ground, Taunton",3,109.4,109.4,Yorkshire,Somerset,JA Richardson,CJ White,L Gregory,1,0,,,,,,,,,,,,,
1513344,2026,2026-05-01,"The Cooper Associates County Ground, Taunton",3,109.5,109.5,Yorkshire,Somerset,CJ White,JA Richardson,L Gregory,4,0,,,,,,,,,,,,,
1513344,2026,2026-05-01,"The Cooper Associates County Ground, Taunton",3,109.6,109.6,Yorkshire,Somerset,CJ White,JA Richardson,L Gregory,0,0,,,,,,,,,,,,,
1513344,2026,2026-05-01,"The Cooper Associates County Ground, Taunton",3,110.1,110.1,Yorkshire,Somerset,JA Richardson,CJ White,C Overton,0,0,,,,,,,,,,,,,
1513344,2026,2026-05-01,"The Cooper Associates County Ground, Taunton",3,110.2,110.2,Yorkshire,Somerset,JA Richardson,CJ White,C Overton,0,0,,,,,,,,,,,,,
1513344,2026,2026-05-01,"The Cooper Associates County Ground, Taunton",3,110.3,110.3,Yorkshire,Somerset,JA Richardson,CJ White,C Overton,0,0,,,,,,,,,,,,,
1513344,2026,2026-05-01,"The Cooper Associates County Ground, Taunton",3,110.4,110.4,Yorkshire,Somerset,JA Richardson,CJ White,C Overton,0,0,,,,,,,,,,,,,
1513344,2026,2026-05-01,"The Cooper Associates County Ground, Taunton",3,110.5,110.5,Yorkshire,Somerset,JA Richardson,CJ White,C Overton,0,0,,,,,,,caught,JA Richardson,,,JEK Rew,,
1513344,2026,2026-05-01,"The Cooper Associates County Ground, Taunton",4,0.1,0.1,Somerset,Yorkshire,AM Vaughan,JF Thomas,CJ White,0,0,,,,,,,,,,,,,
1513344,2026,2026-05-01,"The Cooper Associates County Ground, Taunton",4,0.2,0.2,Somerset,Yorkshire,AM Vaughan,JF Thomas,CJ White,0,0,,,,,,,,,,,,,
1513344,2026,2026-05-01,"The Cooper Associates County Ground, Taunton",4,0.3,0.3,Somerset,Yorkshire,AM Vaughan,JF Thomas,CJ White,0,0,,,,,,,,,,,,,
1513344,2026,2026-05-01,"The Cooper Associates County Ground, Taunton",4,0.4,0.4,Somerset,Yorkshire,AM Vaughan,JF Thomas,CJ White,0,0,,,,,,,,,,,,,
1513344,2026,2026-05-01,"The Cooper Associates County Ground, Taunton",4,0.5,0.5,Somerset,Yorkshire,AM Vaughan,JF Thomas,CJ White,1,0,,,,,,,,,,,,,
1513344,2026,2026-05-01,"The Cooper Associates County Ground, Taunton",4,0.6,0.6,Somerset,Yorkshire,JF Thomas,AM Vaughan,CJ White,0,0,,,,,,,,,,,,,
1513344,2026,2026-05-01,"The Cooper Associates County Ground, Taunton",4,1.1,1.1,Somerset,Yorkshire,AM Vaughan,JF Thomas,GCH Hill,2,0,,,,,,,,,,,,,
1513344,2026,2026-05-01,"The Cooper Associates County Ground, Taunton",4,1.2,1.2,Somerset,Yorkshire,AM Vaughan,JF Thomas,GCH Hill,0,0,,,,,,,,,,,,,
1513344,2026,2026-05-01,"The Cooper Associates County Ground, Taunton",4,1.3,1.3,Somerset,Yorkshire,AM Vaughan,JF Thomas,GCH Hill,0,0,,,,,,,,,,,,,
1513344,2026,2026-05-01,"The Cooper Associates County Ground, Taunton",4,1.4,1.4,Somerset,Yorkshire,AM Vaughan,JF Thomas,GCH Hill,0,0,,,,,,,,,,,,,
1513344,2026,2026-05-01,"The Cooper Associates County Ground, Taunton",4,1.5,1.5,Somerset,Yorkshire,AM Vaughan,JF Thomas,GCH Hill,0,0,,,,,,,,,,,,,
1513344,2026,2026-05-01,"The Cooper Associates County Ground, Taunton",4,1.6,1.6,Somerset,Yorkshire,AM Vaughan,JF Thomas,GCH Hill,0,0,,,,,,,,,,,,,
1513344,2026,2026-05-01,"The Cooper Associates County Ground, Taunton",4,2.1,2.1,Somerset,Yorkshire,JF Thomas,AM Vaughan,CJ White,0,0,,,,,,,,,,,,,
1513344,2026,2026-05-01,"The Cooper Associates County Ground, Taunton",4,2.2,2.2,Somerset,Yorkshire,JF Thomas,AM Vaughan,CJ White,4,0,,,,,,,,,,,,,
1513344,2026,2026-05-01,"The Cooper Associates County Ground, Taunton",4,2.3,2.3,Somerset,Yorkshire,JF Thomas,AM Vaughan,CJ White,1,0,,,,,,,,,,,,,
1513344,2026,2026-05-01,"The Cooper Associates County Ground, Taunton",4,2.4,2.4,Somerset,Yorkshire,AM Vaughan,JF Thomas,CJ White,1,0,,,,,,,,,,,,,
1513344,2026,2026-05-01,"The Cooper Associates County Ground, Taunton",4,2.5,2.5,Somerset,Yorkshire,JF Thomas,AM Vaughan,CJ White,0,0,,,,,,,,,,,,,
1513344,2026,2026-05-01,"The Cooper Associates County Ground, Taunton",4,2.6,2.6,Somerset,Yorkshire,JF Thomas,AM Vaughan,CJ White,0,0,,,,,,,,,,,,,
1513344,2026,2026-05-01,"The Cooper Associates County Ground, Taunton",4,3.1,3.1,Somerset,Yorkshire,AM Vaughan,JF Thomas,GCH Hill,0,0,,,,,,,bowled,AM Vaughan,,,,,
1513344,2026,2026-05-01,"The Cooper Associates County Ground, Taunton",4,3.2,3.2,Somerset,Yorkshire,TA Lammonby,JF Thomas,GCH Hill,1,0,,,,,,,,,,,,,
1513344,2026,2026-05-01,"The Cooper Associates County Ground, Taunton",4,3.3,3.3,Somerset,Yorkshire,JF Thomas,TA Lammonby,GCH Hill,0,0,,,,,,,,,,,,,
1513344,2026,2026-05-01,"The Cooper Associates County Ground, Taunton",4,3.4,3.4,Somerset,Yorkshire,JF Thomas,TA Lammonby,GCH Hill,0,0,,,,,,,,,,,,,
1513344,2026,2026-05-01,"The Cooper Associates County Ground, Taunton",4,3.5,3.5,Somerset,Yorkshire,JF Thomas,TA Lammonby,GCH Hill,0,0,,,,,,,,,,,,,
1513344,2026,2026-05-01,"The Cooper Associates County Ground, Taunton",4,3.6,3.6,Somerset,Yorkshire,JF Thomas,TA Lammonby,GCH Hill,0,0,,,,,,,,,,,,,
1513344,2026,2026-05-01,"The Cooper Associates County Ground, Taunton",4,4.1,4.1,Somerset,Yorkshire,TA Lammonby,JF Thomas,CJ White,0,0,,,,,,,,,,,,,
1513344,2026,2026-05-01,"The Cooper Associates County Ground, Taunton",4,4.2,4.2,Somerset,Yorkshire,TA Lammonby,JF Thomas,CJ White,0,0,,,,,,,,,,,,,
1513344,2026,2026-05-01,"The Cooper Associates County Ground, Taunton",4,4.3,4.3,Somerset,Yorkshire,TA Lammonby,JF Thomas,CJ White,0,0,,,,,,,,,,,,,
1513344,2026,2026-05-01,"The Cooper Associates County Ground, Taunton",4,4.4,4.4,Somerset,Yorkshire,TA Lammonby,JF Thomas,CJ White,0,0,,,,,,,,,,,,,
1513344,2026,2026-05-01,"The Cooper Associates County Ground, Taunton",4,4.5,4.5,Somerset,Yorkshire,TA Lammonby,JF Thomas,CJ White,0,0,,,,,,,,,,,,,
1513344,2026,2026-05-01,"The Cooper Associates County Ground, Taunton",4,4.6,4.6,Somerset,Yorkshire,TA Lammonby,JF Thomas,CJ White,0,0,,,,,,,,,,,,,
1513344,2026,2026-05-01,"The Cooper Associates County Ground, Taunton",4,5.1,5.1,Somerset,Yorkshire,JF Thomas,TA Lammonby,GCH Hill,0,0,,,,,,,,,,,,,
1513344,2026,2026-05-01,"The Cooper Associates County Ground, Taunton",4,5.2,5.2,Somerset,Yorkshire,JF Thomas,TA Lammonby,GCH Hill,0,0,,,,,,,,,,,,,
1513344,2026,2026-05-01,"The Cooper Associates County Ground, Taunton",4,5.3,5.3,Somerset,Yorkshire,JF Thomas,TA Lammonby,GCH Hill,0,0,,,,,,,,,,,,,
1513344,2026,2026-05-01,"The Cooper Associates County Ground, Taunton",4,5.4,5.4,Somerset,Yorkshire,JF Thomas,TA Lammonby,GCH Hill,0,0,,,,,,,,,,,,,
1513344,2026,2026-05-01,"The Cooper Associates County Ground, Taunton",4,5.5,5.5,Somerset,Yorkshire,JF Thomas,TA Lammonby,GCH Hill,0,0,,,,,,,,,,,,,
1513344,2026,2026-05-01,"The Cooper Associates County Ground, Taunton",4,5.6,5.6,Somerset,Yorkshire,JF Thomas,TA Lammonby,GCH Hill,0,0,,,,,,,,,,,,,
1513344,2026,2026-05-01,"The Cooper Associates County Ground, Taunton",4,6.1,6.1,Somerset,Yorkshire,TA Lammonby,JF Thomas,CJ White,1,0,,,,,,,,,,,,,
1513344,2026,2026-05-01,"The Cooper Associates County Ground, Taunton",4,6.2,6.2,Somerset,Yorkshire,JF Thomas,TA Lammonby,CJ White,0,0,,,,,,,,,,,,,
1513344,2026,2026-05-01,"The Cooper Associates County Ground, Taunton",4,6.3,6.3,Somerset,Yorkshire,JF Thomas,TA Lammonby,CJ White,0,0,,,,,,,,,,,,,
1513344,2026,2026-05-01,"The Cooper Associates County Ground, Taunton",4,6.4,6.4,Somerset,Yorkshire,JF Thomas,TA Lammonby,CJ White,0,0,,,,,,,,,,,,,
1513344,2026,2026-05-01,"The Cooper Associates County Ground, Taunton",4,6.5,6.5,Somerset,Yorkshire,JF Thomas,TA Lammonby,CJ White,0,0,,,,,,,,,,,,,
1513344,2026,2026-05-01,"The Cooper Associates County Ground, Taunton",4,6.6,6.6,Somerset,Yorkshire,JF Thomas,TA Lammonby,CJ White,0,0,,,,,,,,,,,,,
1513344,2026,2026-05-01,"The Cooper Associates County Ground, Taunton",4,7.1,7.1,Somerset,Yorkshire,TA Lammonby,JF Thomas,GCH Hill,0,0,,,,,,,,,,,,,
1513344,2026,2026-05-01,"The Cooper Associates County Ground, Taunton",4,7.2,7.2,Somerset,Yorkshire,TA Lammonby,JF Thomas,GCH Hill,0,0,,,,,,,,,,,,,
1513344,2026,2026-05-01,"The Cooper Associates County Ground, Taunton",4,7.3,7.3,Somerset,Yorkshire,TA Lammonby,JF Thomas,GCH Hill,0,0,,,,,,,,,,,,,
1513344,2026,2026-05-01,"The Cooper Associates County Ground, Taunton",4,7.4,7.4,Somerset,Yorkshire,TA Lammonby,JF Thomas,GCH Hill,0,0,,,,,,,,,,,,,
1513344,2026,2026-05-01,"The Cooper Associates County Ground, Taunton",4,7.5,7.5,Somerset,Yorkshire,TA Lammonby,JF Thomas,GCH Hill,2,0,,,,,,,,,,,,,
1513344,2026,2026-05-01,"The Cooper Associates County Ground, Taunton",4,7.6,7.6,Somerset,Yorkshire,TA Lammonby,JF Thomas,GCH Hill,0,0,,,,,,,,,,,,,
1513344,2026,2026-05-01,"The Cooper Associates County Ground, Taunton",4,8.1,8.1,Somerset,Yorkshire,JF Thomas,TA Lammonby,CJ White,0,0,,,,,,,,,,,,,
1513344,2026,2026-05-01,"The Cooper Associates County Ground, Taunton",4,8.2,8.2,Somerset,Yorkshire,JF Thomas,TA Lammonby,CJ White,0,0,,,,,,,,,,,,,
1513344,2026,2026-05-01,"The Cooper Associates County Ground, Taunton",4,8.3,8.3,Somerset,Yorkshire,JF Thomas,TA Lammonby,CJ White,0,0,,,,,,,,,,,,,
1513344,2026,2026-05-01,"The Cooper Associates County Ground, Taunton",4,8.4,8.4,Somerset,Yorkshire,JF Thomas,TA Lammonby,CJ White,0,0,,,,,,,,,,,,,
1513344,2026,2026-05-01,"The Cooper Associates County Ground, Taunton",4,8.5,8.5,Somerset,Yorkshire,JF Thomas,TA Lammonby,CJ White,0,0,,,,,,,,,,,,,
1513344,2026,2026-05-01,"The Cooper Associates County Ground, Taunton",4,8.6,8.6,Somerset,Yorkshire,JF Thomas,TA Lammonby,CJ White,0,0,,,,,,,,,,,,,
1513344,2026,2026-05-01,"The Cooper Associates County Ground, Taunton",4,9.1,9.1,Somerset,Yorkshire,TA Lammonby,JF Thomas,DM Bess,0,0,,,,,,,,,,,,,
1513344,2026,2026-05-01,"The Cooper Associates County Ground, Taunton",4,9.2,9.2,Somerset,Yorkshire,TA Lammonby,JF Thomas,DM Bess,0,0,,,,,,,,,,,,,
1513344,2026,2026-05-01,"The Cooper Associates County Ground, Taunton",4,9.3,9.3,Somerset,Yorkshire,TA Lammonby,JF Thomas,DM Bess,0,0,,,,,,,,,,,,,
1513344,2026,2026-05-01,"The Cooper Associates County Ground, Taunton",4,9.4,9.4,Somerset,Yorkshire,TA Lammonby,JF Thomas,DM Bess,0,0,,,,,,,,,,,,,
1513344,2026,2026-05-01,"The Cooper Associates County Ground, Taunton",4,9.5,9.5,Somerset,Yorkshire,TA Lammonby,JF Thomas,DM Bess,0,0,,,,,,,,,,,,,
1513344,2026,2026-05-01,"The Cooper Associates County Ground, Taunton",4,9.6,9.6,Somerset,Yorkshire,TA Lammonby,JF Thomas,DM Bess,0,0,,,,,,,,,,,,,
1513344,2026,2026-05-01,"The Cooper Associates County Ground, Taunton",4,10.1,10.1,Somerset,Yorkshire,JF Thomas,TA Lammonby,CJ White,0,0,,,,,,,,,,,,,
1513344,2026,2026-05-01,"The Cooper Associates County Ground, Taunton",4,10.2,10.2,Somerset,Yorkshire,JF Thomas,TA Lammonby,CJ White,2,0,,,,,,,,,,,,,
1513344,2026,2026-05-01,"The Cooper Associates County Ground, Taunton",4,10.3,10.3,Somerset,Yorkshire,JF Thomas,TA Lammonby,CJ White,1,0,,,,,,,,,,,,,
1513344,2026,2026-05-01,"The Cooper Associates County Ground, Taunton",4,10.4,10.4,Somerset,Yorkshire,TA Lammonby,JF Thomas,CJ White,0,0,,,,,,,,,,,,,
1513344,2026,2026-05-01,"The Cooper Associates County Ground, Taunton",4,10.5,10.5,Somerset,Yorkshire,TA Lammonby,JF Thomas,CJ White,0,0,,,,,,,,,,,,,
1513344,2026,2026-05-01,"The Cooper Associates County Ground, Taunton",4,10.6,10.6,Somerset,Yorkshire,TA Lammonby,JF Thomas,CJ White,0,0,,,,,,,,,,,,,
1513344,2026,2026-05-01,"The Cooper Associates County Ground, Taunton",4,11.1,11.1,Somerset,Yorkshire,JF Thomas,TA Lammonby,DM Bess,0,0,,,,,,,,,,,,,
1513344,2026,2026-05-01,"The Cooper Associates County Ground, Taunton",4,11.2,11.2,Somerset,Yorkshire,JF Thomas,TA Lammonby,DM Bess,0,0,,,,,,,,,,,,,
1513344,2026,2026-05-01,"The Cooper Associates County Ground, Taunton",4,11.3,11.3,Somerset,Yorkshire,JF Thomas,TA Lammonby,DM Bess,0,0,,,,,,,,,,,,,
1513344,2026,2026-05-01,"The Cooper Associates County Ground, Taunton",4,11.4,11.4,Somerset,Yorkshire,JF Thomas,TA Lammonby,DM Bess,0,0,,,,,,,,,,,,,
1513344,2026,2026-05-01,"The Cooper Associates County Ground, Taunton",4,11.5,11.5,Somerset,Yorkshire,JF Thomas,TA Lammonby,DM Bess,0,0,,,,,,,,,,,,,
1513344,2026,2026-05-01,"The Cooper Associates County Ground, Taunton",4,11.6,11.6,Somerset,Yorkshire,JF Thomas,TA Lammonby,DM Bess,0,0,,,,,,,,,,,,,
1513344,2026,2026-05-01,"The Cooper Associates County Ground, Taunton",4,12.1,12.1,Somerset,Yorkshire,TA Lammonby,JF Thomas,GCH Hill,0,0,,,,,,,,,,,,,
1513344,2026,2026-05-01,"The Cooper Associates County Ground, Taunton",4,12.2,12.2,Somerset,Yorkshire,TA Lammonby,JF Thomas,GCH Hill,0,0,,,,,,,bowled,TA Lammonby,,,,,
1513344,2026,2026-05-01,"The Cooper Associates County Ground, Taunton",4,12.3,12.3,Somerset,Yorkshire,JEK Rew,JF Thomas,GCH Hill,1,0,,,,,,,,,,,,,
1513344,2026,2026-05-01,"The Cooper Associates County Ground, Taunton",4,12.4,12.4,Somerset,Yorkshire,JF Thomas,JEK Rew,GCH Hill,1,0,,,,,,,,,,,,,
1513344,2026,2026-05-01,"The Cooper Associates County Ground, Taunton",4,12.5,12.5,Somerset,Yorkshire,JEK Rew,JF Thomas,GCH Hill,0,0,,,,,,,,,,,,,
1513344,2026,2026-05-01,"The Cooper Associates County Ground, Taunton",4,12.6,12.6,Somerset,Yorkshire,JEK Rew,JF Thomas,GCH Hill,0,0,,,,,,,,,,,,,
1513344,2026,2026-05-01,"The Cooper Associates County Ground, Taunton",4,13.1,13.1,Somerset,Yorkshire,JF Thomas,JEK Rew,DM Bess,0,0,,,,,,,,,,,,,
1513344,2026,2026-05-01,"The Cooper Associates County Ground, Taunton",4,13.2,13.2,Somerset,Yorkshire,JF Thomas,JEK Rew,DM Bess,1,0,,,,,,,,,,,,,
1513344,2026,2026-05-01,"The Cooper Associates County Ground, Taunton",4,13.3,13.3,Somerset,Yorkshire,JEK Rew,JF Thomas,DM Bess,0,0,,,,,,,,,,,,,
1513344,2026,2026-05-01,"The Cooper Associates County Ground, Taunton",4,13.4,13.4,Somerset,Yorkshire,JEK Rew,JF Thomas,DM Bess,1,0,,,,,,,,,,,,,
1513344,2026,2026-05-01,"The Cooper Associates County Ground, Taunton",4,13.5,13.5,Somerset,Yorkshire,JF Thomas,JEK Rew,DM Bess,0,0,,,,,,,,,,,,,
1513344,2026,2026-05-01,"The Cooper Associates County Ground, Taunton",4,13.6,13.6,Somerset,Yorkshire,JF Thomas,JEK Rew,DM Bess,1,0,,,,,,,,,,,,,
1513344,2026,2026-05-01,"The Cooper Associates County Ground, Taunton",4,14.1,14.1,Somerset,Yorkshire,JF Thomas,JEK Rew,GCH Hill,0,0,,,,,,,,,,,,,
1513344,2026,2026-05-01,"The Cooper Associates County Ground, Taunton",4,14.2,14.2,Somerset,Yorkshire,JF Thomas,JEK Rew,GCH Hill,0,0,,,,,,,,,,,,,
1513344,2026,2026-05-01,"The Cooper Associates County Ground, Taunton",4,14.3,14.3,Somerset,Yorkshire,JF Thomas,JEK Rew,GCH Hill,0,0,,,,,,,,,,,,,
1513344,2026,2026-05-01,"The Cooper Associates County Ground, Taunton",4,14.4,14.4,Somerset,Yorkshire,JF Thomas,JEK Rew,GCH Hill,0,0,,,,,,,,,,,,,
1513344,2026,2026-05-01,"The Cooper Associates County Ground, Taunton",4,14.5,14.5,Somerset,Yorkshire,JF Thomas,JEK Rew,GCH Hill,0,0,,,,,,,,,,,,,
1513344,2026,2026-05-01,"The Cooper Associates County Ground, Taunton",4,14.6,14.6,Somerset,Yorkshire,JF Thomas,JEK Rew,GCH Hill,0,0,,,,,,,,,,,,,
1513344,2026,2026-05-01,"The Cooper Associates County Ground, Taunton",4,15.1,15.1,Somerset,Yorkshire,JEK Rew,JF Thomas,DM Bess,0,0,,,,,,,caught,JEK Rew,,,JM Bairstow,,
1513344,2026,2026-05-01,"The Cooper Associates County Ground, Taunton",4,15.2,15.2,Somerset,Yorkshire,TB Abell,JF Thomas,DM Bess,0,0,,,,,,,,,,,,,
1513344,2026,2026-05-01,"The Cooper Associates County Ground, Taunton",4,15.3,15.3,Somerset,Yorkshire,TB Abell,JF Thomas,DM Bess,0,0,,,,,,,,,,,,,
1513344,2026,2026-05-01,"The Cooper Associates County Ground, Taunton",4,15.4,15.4,Somerset,Yorkshire,TB Abell,JF Thomas,DM Bess,0,0,,,,,,,,,,,,,
1513344,2026,2026-05-01,"The Cooper Associates County Ground, Taunton",4,15.5,15.5,Somerset,Yorkshire,TB Abell,JF Thomas,DM Bess,0,0,,,,,,,,,,,,,
1513344,2026,2026-05-01,"The Cooper Associates County Ground, Taunton",4,15.6,15.6,Somerset,Yorkshire,TB Abell,JF Thomas,DM Bess,0,0,,,,,,,,,,,,,
1513344,2026,2026-05-01,"The Cooper Associates County Ground, Taunton",4,16.1,16.1,Somerset,Yorkshire,JF Thomas,TB Abell,GCH Hill,0,0,,,,,,,,,,,,,
1513344,2026,2026-05-01,"The Cooper Associates County Ground, Taunton",4,16.2,16.2,Somerset,Yorkshire,JF Thomas,TB Abell,GCH Hill,0,0,,,,,,,,,,,,,
1513344,2026,2026-05-01,"The Cooper Associates County Ground, Taunton",4,16.3,16.3,Somerset,Yorkshire,JF Thomas,TB Abell,GCH Hill,0,0,,,,,,,,,,,,,
1513344,2026,2026-05-01,"The Cooper Associates County Ground, Taunton",4,16.4,16.4,Somerset,Yorkshire,JF Thomas,TB Abell,GCH Hill,0,0,,,,,,,,,,,,,
1513344,2026,2026-05-01,"The Cooper Associates County Ground, Taunton",4,16.5,16.5,Somerset,Yorkshire,JF Thomas,TB Abell,GCH Hill,0,0,,,,,,,,,,,,,
1513344,2026,2026-05-01,"The Cooper Associates County Ground, Taunton",4,16.6,16.6,Somerset,Yorkshire,JF Thomas,TB Abell,GCH Hill,0,0,,,,,,,,,,,,,
1513344,2026,2026-05-01,"The Cooper Associates County Ground, Taunton",4,17.1,17.1,Somerset,Yorkshire,TB Abell,JF Thomas,DM Bess,0,0,,,,,,,,,,,,,
1513344,2026,2026-05-01,"The Cooper Associates County Ground, Taunton",4,17.2,17.2,Somerset,Yorkshire,TB Abell,JF Thomas,DM Bess,0,0,,,,,,,,,,,,,
1513344,2026,2026-05-01,"The Cooper Associates County Ground, Taunton",4,17.3,17.3,Somerset,Yorkshire,TB Abell,JF Thomas,DM Bess,0,0,,,,,,,,,,,,,
1513344,2026,2026-05-01,"The Cooper Associates County Ground, Taunton",4,17.4,17.4,Somerset,Yorkshire,TB Abell,JF Thomas,DM Bess,4,0,,,,,,,,,,,,,
1513344,2026,2026-05-01,"The Cooper Associates County Ground, Taunton",4,17.5,17.5,Somerset,Yorkshire,TB Abell,JF Thomas,DM Bess,1,0,,,,,,,,,,,,,
1513344,2026,2026-05-01,"The Cooper Associates County Ground, Taunton",4,17.6,17.6,Somerset,Yorkshire,JF Thomas,TB Abell,DM Bess,0,0,,,,,,,,,,,,,
1513344,2026,2026-05-01,"The Cooper Associates County Ground, Taunton",4,18.1,18.1,Somerset,Yorkshire,TB Abell,JF Thomas,GCH Hill,0,0,,,,,,,,,,,,,
1513344,2026,2026-05-01,"The Cooper Associates County Ground, Taunton",4,18.2,18.2,Somerset,Yorkshire,TB Abell,JF Thomas,GCH Hill,4,0,,,,,,,,,,,,,
1513344,2026,2026-05-01,"The Cooper Associates County Ground, Taunton",4,18.3,18.3,Somerset,Yorkshire,TB Abell,JF Thomas,GCH Hill,0,0,,,,,,,,,,,,,
1513344,2026,2026-05-01,"The Cooper Associates County Ground, Taunton",4,18.4,18.4,Somerset,Yorkshire,TB Abell,JF Thomas,GCH Hill,0,0,,,,,,,,,,,,,
1513344,2026,2026-05-01,"The Cooper Associates County Ground, Taunton",4,18.5,18.5,Somerset,Yorkshire,TB Abell,JF Thomas,GCH Hill,4,0,,,,,,,,,,,,,
1513344,2026,2026-05-01,"The Cooper Associates County Ground, Taunton",4,18.6,18.6,Somerset,Yorkshire,TB Abell,JF Thomas,GCH Hill,0,0,,,,,,,,,,,,,
1513344,2026,2026-05-01,"The Cooper Associates County Ground, Taunton",4,19.1,19.1,Somerset,Yorkshire,JF Thomas,TB Abell,DM Bess,0,0,,,,,,,,,,,,,
1513344,2026,2026-05-01,"The Cooper Associates County Ground, Taunton",4,19.2,19.2,Somerset,Yorkshire,JF Thomas,TB Abell,DM Bess,0,0,,,,,,,,,,,,,
1513344,2026,2026-05-01,"The Cooper Associates County Ground, Taunton",4,19.3,19.3,Somerset,Yorkshire,JF Thomas,TB Abell,DM Bess,0,0,,,,,,,,,,,,,
1513344,2026,2026-05-01,"The Cooper Associates County Ground, Taunton",4,19.4,19.4,Somerset,Yorkshire,JF Thomas,TB Abell,DM Bess,0,0,,,,,,,,,,,,,
1513344,2026,2026-05-01,"The Cooper Associates County Ground, Taunton",4,19.5,19.5,Somerset,Yorkshire,JF Thomas,TB Abell,DM Bess,1,0,,,,,,,,,,,,,
1513344,2026,2026-05-01,"The Cooper Associates County Ground, Taunton",4,19.6,19.6,Somerset,Yorkshire,TB Abell,JF Thomas,DM Bess,0,0,,,,,,,,,,,,,
1513344,2026,2026-05-01,"The Cooper Associates County Ground, Taunton",4,20.1,20.1,Somerset,Yorkshire,JF Thomas,TB Abell,JA Richardson,0,0,,,,,,,,,,,,,
1513344,2026,2026-05-01,"The Cooper Associates County Ground, Taunton",4,20.2,20.2,Somerset,Yorkshire,JF Thomas,TB Abell,JA Richardson,0,0,,,,,,,,,,,,,
1513344,2026,2026-05-01,"The Cooper Associates County Ground, Taunton",4,20.3,20.3,Somerset,Yorkshire,JF Thomas,TB Abell,JA Richardson,1,0,,,,,,,,,,,,,
1513344,2026,2026-05-01,"The Cooper Associates County Ground, Taunton",4,20.4,20.4,Somerset,Yorkshire,TB Abell,JF Thomas,JA Richardson,0,0,,,,,,,,,,,,,
1513344,2026,2026-05-01,"The Cooper Associates County Ground, Taunton",4,20.5,20.5,Somerset,Yorkshire,TB Abell,JF Thomas,JA Richardson,2,0,,,,,,,,,,,,,
1513344,2026,2026-05-01,"The Cooper Associates County Ground, Taunton",4,20.6,20.6,Somerset,Yorkshire,TB Abell,JF Thomas,JA Richardson,0,0,,,,,,,,,,,,,
1513344,2026,2026-05-01,"The Cooper Associates County Ground, Taunton",4,21.1,21.1,Somerset,Yorkshire,JF Thomas,TB Abell,DM Bess,2,0,,,,,,,,,,,,,
1513344,2026,2026-05-01,"The Cooper Associates County Ground, Taunton",4,21.2,21.2,Somerset,Yorkshire,JF Thomas,TB Abell,DM Bess,1,0,,,,,,,,,,,,,
1513344,2026,2026-05-01,"The Cooper Associates County Ground, Taunton",4,21.3,21.3,Somerset,Yorkshire,TB Abell,JF Thomas,DM Bess,1,0,,,,,,,,,,,,,
1513344,2026,2026-05-01,"The Cooper Associates County Ground, Taunton",4,21.4,21.4,Somerset,Yorkshire,JF Thomas,TB Abell,DM Bess,0,0,,,,,,,,,,,,,
1513344,2026,2026-05-01,"The Cooper Associates County Ground, Taunton",4,21.5,21.5,Somerset,Yorkshire,JF Thomas,TB Abell,DM Bess,1,0,,,,,,,,,,,,,
1513344,2026,2026-05-01,"The Cooper Associates County Ground, Taunton",4,21.6,21.6,Somerset,Yorkshire,TB Abell,JF Thomas,DM Bess,0,0,,,,,,,,,,,,,
1513344,2026,2026-05-01,"The Cooper Associates County Ground, Taunton",4,22.1,22.1,Somerset,Yorkshire,JF Thomas,TB Abell,JA Richardson,0,0,,,,,,,,,,,,,
1513344,2026,2026-05-01,"The Cooper Associates County Ground, Taunton",4,22.2,22.2,Somerset,Yorkshire,JF Thomas,TB Abell,JA Richardson,0,0,,,,,,,,,,,,,
1513344,2026,2026-05-01,"The Cooper Associates County Ground, Taunton",4,22.3,22.3,Somerset,Yorkshire,JF Thomas,TB Abell,JA Richardson,0,0,,,,,,,,,,,,,
1513344,2026,2026-05-01,"The Cooper Associates County Ground, Taunton",4,22.4,22.4,Somerset,Yorkshire,JF Thomas,TB Abell,JA Richardson,0,0,,,,,,,,,,,,,
1513344,2026,2026-05-01,"The Cooper Associates County Ground, Taunton",4,22.5,22.5,Somerset,Yorkshire,JF Thomas,TB Abell,JA Richardson,0,0,,,,,,,,,,,,,
1513344,2026,2026-05-01,"The Cooper Associates County Ground, Taunton",4,22.6,22.6,Somerset,Yorkshire,JF Thomas,TB Abell,JA Richardson,1,0,,,,,,,,,,,,,
1513344,2026,2026-05-01,"The Cooper Associates County Ground, Taunton",4,23.1,23.1,Somerset,Yorkshire,JF Thomas,TB Abell,JE Root,1,0,,,,,,,,,,,,,
1513344,2026,2026-05-01,"The Cooper Associates County Ground, Taunton",4,23.2,23.2,Somerset,Yorkshire,TB Abell,JF Thomas,JE Root,0,0,,,,,,,,,,,,,
1513344,2026,2026-05-01,"The Cooper Associates County Ground, Taunton",4,23.3,23.3,Somerset,Yorkshire,TB Abell,JF Thomas,JE Root,1,0,,,,,,,,,,,,,
1513344,2026,2026-05-01,"The Cooper Associates County Ground, Taunton",4,23.4,23.4,Somerset,Yorkshire,JF Thomas,TB Abell,JE Root,0,0,,,,,,,,,,,,,
1513344,2026,2026-05-01,"The Cooper Associates County Ground, Taunton",4,23.5,23.5,Somerset,Yorkshire,JF Thomas,TB Abell,JE Root,1,0,,,,,,,,,,,,,
1513344,2026,2026-05-01,"The Cooper Associates County Ground, Taunton",4,23.6,23.6,Somerset,Yorkshire,TB Abell,JF Thomas,JE Root,1,0,,,,,,,,,,,,,
1513344,2026,2026-05-01,"The Cooper Associates County Ground, Taunton",4,24.1,24.1,Somerset,Yorkshire,TB Abell,JF Thomas,JA Richardson,0,0,,,,,,,,,,,,,
1513344,2026,2026-05-01,"The Cooper Associates County Ground, Taunton",4,24.2,24.2,Somerset,Yorkshire,TB Abell,JF Thomas,JA Richardson,1,0,,,,,,,,,,,,,
1513344,2026,2026-05-01,"The Cooper Associates County Ground, Taunton",4,24.3,24.3,Somerset,Yorkshire,JF Thomas,TB Abell,JA Richardson,0,0,,,,,,,,,,,,,
1513344,2026,2026-05-01,"The Cooper Associates County Ground, Taunton",4,24.4,24.4,Somerset,Yorkshire,JF Thomas,TB Abell,JA Richardson,0,0,,,,,,,,,,,,,
1513344,2026,2026-05-01,"The Cooper Associates County Ground, Taunton",4,24.5,24.5,Somerset,Yorkshire,JF Thomas,TB Abell,JA Richardson,0,0,,,,,,,,,,,,,
1513344,2026,2026-05-01,"The Cooper Associates County Ground, Taunton",4,24.6,24.6,Somerset,Yorkshire,JF Thomas,TB Abell,JA Richardson,0,0,,,,,,,,,,,,,
1513344,2026,2026-05-01,"The Cooper Associates County Ground, Taunton",4,25.1,25.1,Somerset,Yorkshire,TB Abell,JF Thomas,JE Root,0,0,,,,,,,,,,,,,
1513344,2026,2026-05-01,"The Cooper Associates County Ground, Taunton",4,25.2,25.2,Somerset,Yorkshire,TB Abell,JF Thomas,JE Root,1,0,,,,,,,,,,,,,
1513344,2026,2026-05-01,"The Cooper Associates County Ground, Taunton",4,25.3,25.3,Somerset,Yorkshire,JF Thomas,TB Abell,JE Root,0,0,,,,,,,,,,,,,
1513344,2026,2026-05-01,"The Cooper Associates County Ground, Taunton",4,25.4,25.4,Somerset,Yorkshire,JF Thomas,TB Abell,JE Root,1,0,,,,,,,,,,,,,
1513344,2026,2026-05-01,"The Cooper Associates County Ground, Taunton",4,25.5,25.5,Somerset,Yorkshire,TB Abell,JF Thomas,JE Root,1,0,,,,,,,,,,,,,
1513344,2026,2026-05-01,"The Cooper Associates County Ground, Taunton",4,25.6,25.6,Somerset,Yorkshire,JF Thomas,TB Abell,JE Root,0,0,,,,,,,,,,,,,
1513344,2026,2026-05-01,"The Cooper Associates County Ground, Taunton",4,26.1,26.1,Somerset,Yorkshire,TB Abell,JF Thomas,DM Bess,1,0,,,,,,,,,,,,,
1513344,2026,2026-05-01,"The Cooper Associates County Ground, Taunton",4,26.2,26.2,Somerset,Yorkshire,JF Thomas,TB Abell,DM Bess,0,0,,,,,,,,,,,,,
1513344,2026,2026-05-01,"The Cooper Associates County Ground, Taunton",4,26.3,26.3,Somerset,Yorkshire,JF Thomas,TB Abell,DM Bess,0,0,,,,,,,,,,,,,
1513344,2026,2026-05-01,"The Cooper Associates County Ground, Taunton",4,26.4,26.4,Somerset,Yorkshire,JF Thomas,TB Abell,DM Bess,0,0,,,,,,,,,,,,,
1513344,2026,2026-05-01,"The Cooper Associates County Ground, Taunton",4,26.5,26.5,Somerset,Yorkshire,JF Thomas,TB Abell,DM Bess,0,0,,,,,,,,,,,,,
1513344,2026,2026-05-01,"The Cooper Associates County Ground, Taunton",4,26.6,26.6,Somerset,Yorkshire,JF Thomas,TB Abell,DM Bess,0,0,,,,,,,,,,,,,
1513344,2026,2026-05-01,"The Cooper Associates County Ground, Taunton",4,27.1,27.1,Somerset,Yorkshire,TB Abell,JF Thomas,JE Root,1,0,,,,,,,,,,,,,
1513344,2026,2026-05-01,"The Cooper Associates County Ground, Taunton",4,27.2,27.2,Somerset,Yorkshire,JF Thomas,TB Abell,JE Root,0,0,,,,,,,,,,,,,
1513344,2026,2026-05-01,"The Cooper Associates County Ground, Taunton",4,27.3,27.3,Somerset,Yorkshire,JF Thomas,TB Abell,JE Root,0,0,,,,,,,,,,,,,
1513344,2026,2026-05-01,"The Cooper Associates County Ground, Taunton",4,27.4,27.4,Somerset,Yorkshire,JF Thomas,TB Abell,JE Root,0,0,,,,,,,,,,,,,
1513344,2026,2026-05-01,"The Cooper Associates County Ground, Taunton",4,27.5,27.5,Somerset,Yorkshire,JF Thomas,TB Abell,JE Root,1,0,,,,,,,,,,,,,
1513344,2026,2026-05-01,"The Cooper Associates County Ground, Taunton",4,27.6,27.6,Somerset,Yorkshire,TB Abell,JF Thomas,JE Root,0,0,,,,,,,,,,,,,
1513344,2026,2026-05-01,"The Cooper Associates County Ground, Taunton",4,28.1,28.1,Somerset,Yorkshire,JF Thomas,TB Abell,DM Bess,1,0,,,,,,,,,,,,,
1513344,2026,2026-05-01,"The Cooper Associates County Ground, Taunton",4,28.2,28.2,Somerset,Yorkshire,TB Abell,JF Thomas,DM Bess,1,0,,,,,,,,,,,,,
1513344,2026,2026-05-01,"The Cooper Associates County Ground, Taunton",4,28.3,28.3,Somerset,Yorkshire,JF Thomas,TB Abell,DM Bess,0,0,,,,,,,,,,,,,
1513344,2026,2026-05-01,"The Cooper Associates County Ground, Taunton",4,28.4,28.4,Somerset,Yorkshire,JF Thomas,TB Abell,DM Bess,0,0,,,,,,,,,,,,,
1513344,2026,2026-05-01,"The Cooper Associates County Ground, Taunton",4,28.5,28.5,Somerset,Yorkshire,JF Thomas,TB Abell,DM Bess,0,0,,,,,,,,,,,,,
1513344,2026,2026-05-01,"The Cooper Associates County Ground, Taunton",4,28.6,28.6,Somerset,Yorkshire,JF Thomas,TB Abell,DM Bess,0,0,,,,,,,,,,,,,
1513344,2026,2026-05-01,"The Cooper Associates County Ground, Taunton",4,29.1,29.1,Somerset,Yorkshire,TB Abell,JF Thomas,GCH Hill,0,0,,,,,,,,,,,,,
1513344,2026,2026-05-01,"The Cooper Associates County Ground, Taunton",4,29.2,29.2,Somerset,Yorkshire,TB Abell,JF Thomas,GCH Hill,0,0,,,,,,,,,,,,,
1513344,2026,2026-05-01,"The Cooper Associates County Ground, Taunton",4,29.3,29.3,Somerset,Yorkshire,TB Abell,JF Thomas,GCH Hill,0,0,,,,,,,,,,,,,
1513344,2026,2026-05-01,"The Cooper Associates County Ground, Taunton",4,29.4,29.4,Somerset,Yorkshire,TB Abell,JF Thomas,GCH Hill,0,0,,,,,,,,,,,,,
1513344,2026,2026-05-01,"The Cooper Associates County Ground, Taunton",4,29.5,29.5,Somerset,Yorkshire,TB Abell,JF Thomas,GCH Hill,0,0,,,,,,,,,,,,,
1513344,2026,2026-05-01,"The Cooper Associates County Ground, Taunton",4,29.6,29.6,Somerset,Yorkshire,TB Abell,JF Thomas,GCH Hill,0,0,,,,,,,,,,,,,
1513344,2026,2026-05-01,"The Cooper Associates County Ground, Taunton",4,30.1,30.1,Somerset,Yorkshire,JF Thomas,TB Abell,CJ White,1,0,,,,,,,,,,,,,
1513344,2026,2026-05-01,"The Cooper Associates County Ground, Taunton",4,30.2,30.2,Somerset,Yorkshire,TB Abell,JF Thomas,CJ White,0,0,,,,,,,,,,,,,
1513344,2026,2026-05-01,"The Cooper Associates County Ground, Taunton",4,30.3,30.3,Somerset,Yorkshire,TB Abell,JF Thomas,CJ White,0,0,,,,,,,,,,,,,
1513344,2026,2026-05-01,"The Cooper Associates County Ground, Taunton",4,30.4,30.4,Somerset,Yorkshire,TB Abell,JF Thomas,CJ White,0,0,,,,,,,,,,,,,
1513344,2026,2026-05-01,"The Cooper Associates County Ground, Taunton",4,30.5,30.5,Somerset,Yorkshire,TB Abell,JF Thomas,CJ White,0,0,,,,,,,,,,,,,
1513344,2026,2026-05-01,"The Cooper Associates County Ground, Taunton",4,30.6,30.6,Somerset,Yorkshire,TB Abell,JF Thomas,CJ White,0,0,,,,,,,,,,,,,
1513344,2026,2026-05-01,"The Cooper Associates County Ground, Taunton",4,31.1,31.1,Somerset,Yorkshire,JF Thomas,TB Abell,GCH Hill,1,0,,,,,,,,,,,,,
1513344,2026,2026-05-01,"The Cooper Associates County Ground, Taunton",4,31.2,31.2,Somerset,Yorkshire,TB Abell,JF Thomas,GCH Hill,0,0,,,,,,,,,,,,,
1513344,2026,2026-05-01,"The Cooper Associates County Ground, Taunton",4,31.3,31.3,Somerset,Yorkshire,TB Abell,JF Thomas,GCH Hill,2,0,,,,,,,,,,,,,
1513344,2026,2026-05-01,"The Cooper Associates County Ground, Taunton",4,31.4,31.4,Somerset,Yorkshire,TB Abell,JF Thomas,GCH Hill,0,0,,,,,,,,,,,,,
1513344,2026,2026-05-01,"The Cooper Associates County Ground, Taunton",4,31.5,31.5,Somerset,Yorkshire,TB Abell,JF Thomas,GCH Hill,0,0,,,,,,,,,,,,,
1513344,2026,2026-05-01,"The Cooper Associates County Ground, Taunton",4,31.6,31.6,Somerset,Yorkshire,TB Abell,JF Thomas,GCH Hill,0,0,,,,,,,,,,,,,
1513344,2026,2026-05-01,"The Cooper Associates County Ground, Taunton",4,32.1,32.1,Somerset,Yorkshire,JF Thomas,TB Abell,CJ White,0,0,,,,,,,,,,,,,
1513344,2026,2026-05-01,"The Cooper Associates County Ground, Taunton",4,32.2,32.2,Somerset,Yorkshire,JF Thomas,TB Abell,CJ White,2,0,,,,,,,,,,,,,
1513344,2026,2026-05-01,"The Cooper Associates County Ground, Taunton",4,32.3,32.3,Somerset,Yorkshire,JF Thomas,TB Abell,CJ White,0,0,,,,,,,,,,,,,
1513344,2026,2026-05-01,"The Cooper Associates County Ground, Taunton",4,32.4,32.4,Somerset,Yorkshire,JF Thomas,TB Abell,CJ White,0,0,,,,,,,,,,,,,
1513344,2026,2026-05-01,"The Cooper Associates County Ground, Taunton",4,32.5,32.5,Somerset,Yorkshire,JF Thomas,TB Abell,CJ White,0,0,,,,,,,,,,,,,
1513344,2026,2026-05-01,"The Cooper Associates County Ground, Taunton",4,32.6,32.6,Somerset,Yorkshire,JF Thomas,TB Abell,CJ White,1,0,,,,,,,,,,,,,
1513344,2026,2026-05-01,"The Cooper Associates County Ground, Taunton",4,33.1,33.1,Somerset,Yorkshire,JF Thomas,TB Abell,GCH Hill,0,0,,,,,,,,,,,,,
1513344,2026,2026-05-01,"The Cooper Associates County Ground, Taunton",4,33.2,33.2,Somerset,Yorkshire,JF Thomas,TB Abell,GCH Hill,0,0,,,,,,,,,,,,,
1513344,2026,2026-05-01,"The Cooper Associates County Ground, Taunton",4,33.3,33.3,Somerset,Yorkshire,JF Thomas,TB Abell,GCH Hill,0,0,,,,,,,,,,,,,
1513344,2026,2026-05-01,"The Cooper Associates County Ground, Taunton",4,33.4,33.4,Somerset,Yorkshire,JF Thomas,TB Abell,GCH Hill,0,0,,,,,,,,,,,,,
1513344,2026,2026-05-01,"The Cooper Associates County Ground, Taunton",4,33.5,33.5,Somerset,Yorkshire,JF Thomas,TB Abell,GCH Hill,0,0,,,,,,,,,,,,,
1513344,2026,2026-05-01,"The Cooper Associates County Ground, Taunton",4,33.6,33.6,Somerset,Yorkshire,JF Thomas,TB Abell,GCH Hill,0,0,,,,,,,,,,,,,
1513344,2026,2026-05-01,"The Cooper Associates County Ground, Taunton",4,34.1,34.1,Somerset,Yorkshire,TB Abell,JF Thomas,CJ White,4,0,,,,,,,,,,,,,
1513344,2026,2026-05-01,"The Cooper Associates County Ground, Taunton",4,34.2,34.2,Somerset,Yorkshire,TB Abell,JF Thomas,CJ White,0,0,,,,,,,,,,,,,
1513344,2026,2026-05-01,"The Cooper Associates County Ground, Taunton",4,34.3,34.3,Somerset,Yorkshire,TB Abell,JF Thomas,CJ White,0,0,,,,,,,,,,,,,
1513344,2026,2026-05-01,"The Cooper Associates County Ground, Taunton",4,34.4,34.4,Somerset,Yorkshire,TB Abell,JF Thomas,CJ White,0,0,,,,,,,,,,,,,
1513344,2026,2026-05-01,"The Cooper Associates County Ground, Taunton",4,34.5,34.5,Somerset,Yorkshire,TB Abell,JF Thomas,CJ White,1,0,,,,,,,,,,,,,
1513344,2026,2026-05-01,"The Cooper Associates County Ground, Taunton",4,34.6,34.6,Somerset,Yorkshire,JF Thomas,TB Abell,CJ White,1,0,,,,,,,,,,,,,
1513344,2026,2026-05-01,"The Cooper Associates County Ground, Taunton",4,35.1,35.1,Somerset,Yorkshire,JF Thomas,TB Abell,GCH Hill,4,0,,,,,,,,,,,,,
1513344,2026,2026-05-01,"The Cooper Associates County Ground, Taunton",4,35.2,35.2,Somerset,Yorkshire,JF Thomas,TB Abell,GCH Hill,0,0,,,,,,,,,,,,,
1513344,2026,2026-05-01,"The Cooper Associates County Ground, Taunton",4,35.3,35.3,Somerset,Yorkshire,JF Thomas,TB Abell,GCH Hill,0,0,,,,,,,,,,,,,
1513344,2026,2026-05-01,"The Cooper Associates County Ground, Taunton",4,35.4,35.4,Somerset,Yorkshire,JF Thomas,TB Abell,GCH Hill,0,0,,,,,,,,,,,,,
1513344,2026,2026-05-01,"The Cooper Associates County Ground, Taunton",4,35.5,35.5,Somerset,Yorkshire,JF Thomas,TB Abell,GCH Hill,0,0,,,,,,,,,,,,,
1513344,2026,2026-05-01,"The Cooper Associates County Ground, Taunton",4,35.6,35.6,Somerset,Yorkshire,JF Thomas,TB Abell,GCH Hill,0,0,,,,,,,,,,,,,
1513344,2026,2026-05-01,"The Cooper Associates County Ground, Taunton",4,36.1,36.1,Somerset,Yorkshire,TB Abell,JF Thomas,LV van Beek,1,0,,,,,,,,,,,,,
1513344,2026,2026-05-01,"The Cooper Associates County Ground, Taunton",4,36.2,36.2,Somerset,Yorkshire,JF Thomas,TB Abell,LV van Beek,1,0,,,,,,,,,,,,,
1513344,2026,2026-05-01,"The Cooper Associates County Ground, Taunton",4,36.3,36.3,Somerset,Yorkshire,TB Abell,JF Thomas,LV van Beek,0,0,,,,,,,,,,,,,
1513344,2026,2026-05-01,"The Cooper Associates County Ground, Taunton",4,36.4,36.4,Somerset,Yorkshire,TB Abell,JF Thomas,LV van Beek,0,0,,,,,,,,,,,,,
1513344,2026,2026-05-01,"The Cooper Associates County Ground, Taunton",4,36.5,36.5,Somerset,Yorkshire,TB Abell,JF Thomas,LV van Beek,4,0,,,,,,,,,,,,,
1513344,2026,2026-05-01,"The Cooper Associates County Ground, Taunton",4,36.6,36.6,Somerset,Yorkshire,TB Abell,JF Thomas,LV van Beek,1,0,,,,,,,,,,,,,
1513344,2026,2026-05-01,"The Cooper Associates County Ground, Taunton",4,37.1,37.1,Somerset,Yorkshire,TB Abell,JF Thomas,DM Bess,4,0,,,,,,,,,,,,,
1513344,2026,2026-05-01,"The Cooper Associates County Ground, Taunton",4,37.2,37.2,Somerset,Yorkshire,TB Abell,JF Thomas,DM Bess,0,0,,,,,,,,,,,,,
1513344,2026,2026-05-01,"The Cooper Associates County Ground, Taunton",4,37.3,37.3,Somerset,Yorkshire,TB Abell,JF Thomas,DM Bess,0,0,,,,,,,caught,TB Abell,,,GCH Hill,,
1513344,2026,2026-05-01,"The Cooper Associates County Ground, Taunton",4,37.4,37.4,Somerset,Yorkshire,THS Rew,JF Thomas,DM Bess,0,0,,,,,,,,,,,,,
1513344,2026,2026-05-01,"The Cooper Associates County Ground, Taunton",4,37.5,37.5,Somerset,Yorkshire,THS Rew,JF Thomas,DM Bess,4,0,,,,,,,,,,,,,
1513344,2026,2026-05-01,"The Cooper Associates County Ground, Taunton",4,37.6,37.6,Somerset,Yorkshire,THS Rew,JF Thomas,DM Bess,0,0,,,,,,,,,,,,,
1513344,2026,2026-05-01,"The Cooper Associates County Ground, Taunton",4,38.1,38.1,Somerset,Yorkshire,JF Thomas,THS Rew,LV van Beek,4,0,,,,,,,,,,,,,
1513344,2026,2026-05-01,"The Cooper Associates County Ground, Taunton",4,38.2,38.2,Somerset,Yorkshire,JF Thomas,THS Rew,LV van Beek,2,0,,,,,,,,,,,,,
1513344,2026,2026-05-01,"The Cooper Associates County Ground, Taunton",4,38.3,38.3,Somerset,Yorkshire,JF Thomas,THS Rew,LV van Beek,1,0,,,,,,,,,,,,,
1513344,2026,2026-05-01,"The Cooper Associates County Ground, Taunton",4,38.4,38.4,Somerset,Yorkshire,THS Rew,JF Thomas,LV van Beek,0,0,,,,,,,,,,,,,
1513344,2026,2026-05-01,"The Cooper Associates County Ground, Taunton",4,38.5,38.5,Somerset,Yorkshire,THS Rew,JF Thomas,LV van Beek,1,0,,,,,,,,,,,,,
1513344,2026,2026-05-01,"The Cooper Associates County Ground, Taunton",4,38.6,38.6,Somerset,Yorkshire,JF Thomas,THS Rew,LV van Beek,1,0,,,,,,,,,,,,,
1513344,2026,2026-05-01,"The Cooper Associates County Ground, Taunton",4,39.1,39.1,Somerset,Yorkshire,JF Thomas,THS Rew,DM Bess,0,0,,,,,,,,,,,,,
1513344,2026,2026-05-01,"The Cooper Associates County Ground, Taunton",4,39.2,39.2,Somerset,Yorkshire,JF Thomas,THS Rew,DM Bess,0,0,,,,,,,,,,,,,
1513344,2026,2026-05-01,"The Cooper Associates County Ground, Taunton",4,39.3,39.3,Somerset,Yorkshire,JF Thomas,THS Rew,DM Bess,1,0,,,,,,,,,,,,,
1513344,2026,2026-05-01,"The Cooper Associates County Ground, Taunton",4,39.4,39.4,Somerset,Yorkshire,THS Rew,JF Thomas,DM Bess,0,0,,,,,,,,,,,,,
1513344,2026,2026-05-01,"The Cooper Associates County Ground, Taunton",4,39.5,39.5,Somerset,Yorkshire,THS Rew,JF Thomas,DM Bess,1,0,,,,,,,,,,,,,
1513344,2026,2026-05-01,"The Cooper Associates County Ground, Taunton",4,39.6,39.6,Somerset,Yorkshire,JF Thomas,THS Rew,DM Bess,0,0,,,,,,,,,,,,,
1513344,2026,2026-05-01,"The Cooper Associates County Ground, Taunton",4,40.1,40.1,Somerset,Yorkshire,THS Rew,JF Thomas,LV van Beek,0,0,,,,,,,,,,,,,
1513344,2026,2026-05-01,"The Cooper Associates County Ground, Taunton",4,40.2,40.2,Somerset,Yorkshire,THS Rew,JF Thomas,LV van Beek,0,0,,,,,,,,,,,,,
1513344,2026,2026-05-01,"The Cooper Associates County Ground, Taunton",4,40.3,40.3,Somerset,Yorkshire,THS Rew,JF Thomas,LV van Beek,0,0,,,,,,,,,,,,,
1513344,2026,2026-05-01,"The Cooper Associates County Ground, Taunton",4,40.4,40.4,Somerset,Yorkshire,THS Rew,JF Thomas,LV van Beek,0,0,,,,,,,,,,,,,
1513344,2026,2026-05-01,"The Cooper Associates County Ground, Taunton",4,40.5,40.5,Somerset,Yorkshire,THS Rew,JF Thomas,LV van Beek,0,0,,,,,,,,,,,,,
1513344,2026,2026-05-01,"The Cooper Associates County Ground, Taunton",4,40.6,40.6,Somerset,Yorkshire,THS Rew,JF Thomas,LV van Beek,4,0,,,,,,,,,,,,,
1513344,2026,2026-05-01,"The Cooper Associates County Ground, Taunton",4,41.1,41.1,Somerset,Yorkshire,JF Thomas,THS Rew,DM Bess,2,0,,,,,,,,,,,,,
1513344,2026,2026-05-01,"The Cooper Associates County Ground, Taunton",4,41.2,41.2,Somerset,Yorkshire,JF Thomas,THS Rew,DM Bess,0,0,,,,,,,,,,,,,
1513344,2026,2026-05-01,"The Cooper Associates County Ground, Taunton",4,41.3,41.3,Somerset,Yorkshire,JF Thomas,THS Rew,DM Bess,2,0,,,,,,,,,,,,,
1513344,2026,2026-05-01,"The Cooper Associates County Ground, Taunton",4,41.4,41.4,Somerset,Yorkshire,JF Thomas,THS Rew,DM Bess,0,0,,,,,,,,,,,,,
1513344,2026,2026-05-01,"The Cooper Associates County Ground, Taunton",4,41.5,41.5,Somerset,Yorkshire,JF Thomas,THS Rew,DM Bess,1,0,,,,,,,,,,,,,
1513344,2026,2026-05-01,"The Cooper Associates County Ground, Taunton",4,41.6,41.6,Somerset,Yorkshire,THS Rew,JF Thomas,DM Bess,0,0,,,,,,,,,,,,,
1513344,2026,2026-05-01,"The Cooper Associates County Ground, Taunton",4,42.1,42.1,Somerset,Yorkshire,JF Thomas,THS Rew,LV van Beek,0,0,,,,,,,,,,,,,
1513344,2026,2026-05-01,"The Cooper Associates County Ground, Taunton",4,42.2,42.2,Somerset,Yorkshire,JF Thomas,THS Rew,LV van Beek,1,0,,,,,,,,,,,,,
1513344,2026,2026-05-01,"The Cooper Associates County Ground, Taunton",4,42.3,42.3,Somerset,Yorkshire,THS Rew,JF Thomas,LV van Beek,0,0,,,,,,,,,,,,,
1513344,2026,2026-05-01,"The Cooper Associates County Ground, Taunton",4,42.4,42.4,Somerset,Yorkshire,THS Rew,JF Thomas,LV van Beek,1,0,,,,,,,,,,,,,
1513344,2026,2026-05-01,"The Cooper Associates County Ground, Taunton",4,42.5,42.5,Somerset,Yorkshire,JF Thomas,THS Rew,LV van Beek,0,0,,,,,,,,,,,,,
1513344,2026,2026-05-01,"The Cooper Associates County Ground, Taunton",4,42.6,42.6,Somerset,Yorkshire,JF Thomas,THS Rew,LV van Beek,0,0,,,,,,,,,,,,,
1513344,2026,2026-05-01,"The Cooper Associates County Ground, Taunton",4,43.1,43.1,Somerset,Yorkshire,THS Rew,JF Thomas,DM Bess,0,0,,,,,,,,,,,,,
1513344,2026,2026-05-01,"The Cooper Associates County Ground, Taunton",4,43.2,43.2,Somerset,Yorkshire,THS Rew,JF Thomas,DM Bess,0,0,,,,,,,,,,,,,
1513344,2026,2026-05-01,"The Cooper Associates County Ground, Taunton",4,43.3,43.3,Somerset,Yorkshire,THS Rew,JF Thomas,DM Bess,1,0,,,,,,,,,,,,,
1513344,2026,2026-05-01,"The Cooper Associates County Ground, Taunton",4,43.4,43.4,Somerset,Yorkshire,JF Thomas,THS Rew,DM Bess,0,0,,,,,,,,,,,,,
1513344,2026,2026-05-01,"The Cooper Associates County Ground, Taunton",4,43.5,43.5,Somerset,Yorkshire,JF Thomas,THS Rew,DM Bess,0,0,,,,,,,,,,,,,
1513344,2026,2026-05-01,"The Cooper Associates County Ground, Taunton",4,43.6,43.6,Somerset,Yorkshire,JF Thomas,THS Rew,DM Bess,0,0,,,,,,,,,,,,,
1513344,2026,2026-05-01,"The Cooper Associates County Ground, Taunton",4,44.1,44.1,Somerset,Yorkshire,THS Rew,JF Thomas,JE Root,0,0,,,,,,,,,,,,,
1513344,2026,2026-05-01,"The Cooper Associates County Ground, Taunton",4,44.2,44.2,Somerset,Yorkshire,THS Rew,JF Thomas,JE Root,0,0,,,,,,,,,,,,,
1513344,2026,2026-05-01,"The Cooper Associates County Ground, Taunton",4,44.3,44.3,Somerset,Yorkshire,THS Rew,JF Thomas,JE Root,0,0,,,,,,,,,,,,,
1513344,2026,2026-05-01,"The Cooper Associates County Ground, Taunton",4,44.4,44.4,Somerset,Yorkshire,THS Rew,JF Thomas,JE Root,0,0,,,,,,,,,,,,,
1513344,2026,2026-05-01,"The Cooper Associates County Ground, Taunton",4,44.5,44.5,Somerset,Yorkshire,THS Rew,JF Thomas,JE Root,0,0,,,,,,,,,,,,,
1513344,2026,2026-05-01,"The Cooper Associates County Ground, Taunton",4,44.6,44.6,Somerset,Yorkshire,THS Rew,JF Thomas,JE Root,0,0,,,,,,,,,,,,,
1513344,2026,2026-05-01,"The Cooper Associates County Ground, Taunton",4,45.1,45.1,Somerset,Yorkshire,JF Thomas,THS Rew,DM Bess,0,0,,,,,,,,,,,,,
1513344,2026,2026-05-01,"The Cooper Associates County Ground, Taunton",4,45.2,45.2,Somerset,Yorkshire,JF Thomas,THS Rew,DM Bess,1,0,,,,,,,,,,,,,
1513344,2026,2026-05-01,"The Cooper Associates County Ground, Taunton",4,45.3,45.3,Somerset,Yorkshire,THS Rew,JF Thomas,DM Bess,0,0,,,,,,,,,,,,,
1513344,2026,2026-05-01,"The Cooper Associates County Ground, Taunton",4,45.4,45.4,Somerset,Yorkshire,THS Rew,JF Thomas,DM Bess,0,0,,,,,,,,,,,,,
1513344,2026,2026-05-01,"The Cooper Associates County Ground, Taunton",4,45.5,45.5,Somerset,Yorkshire,THS Rew,JF Thomas,DM Bess,0,0,,,,,,,,,,,,,
1513344,2026,2026-05-01,"The Cooper Associates County Ground, Taunton",4,45.6,45.6,Somerset,Yorkshire,THS Rew,JF Thomas,DM Bess,0,0,,,,,,,,,,,,,
1513344,2026,2026-05-01,"The Cooper Associates County Ground, Taunton",4,46.1,46.1,Somerset,Yorkshire,JF Thomas,THS Rew,JE Root,0,0,,,,,,,,,,,,,
1513344,2026,2026-05-01,"The Cooper Associates County Ground, Taunton",4,46.2,46.2,Somerset,Yorkshire,JF Thomas,THS Rew,JE Root,0,0,,,,,,,,,,,,,
1513344,2026,2026-05-01,"The Cooper Associates County Ground, Taunton",4,46.3,46.3,Somerset,Yorkshire,JF Thomas,THS Rew,JE Root,0,0,,,,,,,,,,,,,
1513344,2026,2026-05-01,"The Cooper Associates County Ground, Taunton",4,46.4,46.4,Somerset,Yorkshire,JF Thomas,THS Rew,JE Root,1,0,,,,,,,,,,,,,
1513344,2026,2026-05-01,"The Cooper Associates County Ground, Taunton",4,46.5,46.5,Somerset,Yorkshire,THS Rew,JF Thomas,JE Root,4,0,,,,,,,,,,,,,
1513344,2026,2026-05-01,"The Cooper Associates County Ground, Taunton",4,46.6,46.6,Somerset,Yorkshire,THS Rew,JF Thomas,JE Root,1,0,,,,,,,,,,,,,
1513344,2026,2026-05-01,"The Cooper Associates County Ground, Taunton",4,47.1,47.1,Somerset,Yorkshire,THS Rew,JF Thomas,DM Bess,0,0,,,,,,,,,,,,,
1513344,2026,2026-05-01,"The Cooper Associates County Ground, Taunton",4,47.2,47.2,Somerset,Yorkshire,THS Rew,JF Thomas,DM Bess,1,0,,,,,,,,,,,,,
1513344,2026,2026-05-01,"The Cooper Associates County Ground, Taunton",4,47.3,47.3,Somerset,Yorkshire,JF Thomas,THS Rew,DM Bess,0,0,,,,,,,,,,,,,
1513344,2026,2026-05-01,"The Cooper Associates County Ground, Taunton",4,47.4,47.4,Somerset,Yorkshire,JF Thomas,THS Rew,DM Bess,0,0,,,,,,,,,,,,,
1513344,2026,2026-05-01,"The Cooper Associates County Ground, Taunton",4,47.5,47.5,Somerset,Yorkshire,JF Thomas,THS Rew,DM Bess,0,0,,,,,,,,,,,,,
1513344,2026,2026-05-01,"The Cooper Associates County Ground, Taunton",4,47.6,47.6,Somerset,Yorkshire,JF Thomas,THS Rew,DM Bess,0,0,,,,,,,,,,,,,
1513344,2026,2026-05-01,"The Cooper Associates County Ground, Taunton",4,48.1,48.1,Somerset,Yorkshire,THS Rew,JF Thomas,JE Root,0,0,,,,,,,,,,,,,
1513344,2026,2026-05-01,"The Cooper Associates County Ground, Taunton",4,48.2,48.2,Somerset,Yorkshire,THS Rew,JF Thomas,JE Root,0,0,,,,,,,,,,,,,
1513344,2026,2026-05-01,"The Cooper Associates County Ground, Taunton",4,48.3,48.3,Somerset,Yorkshire,THS Rew,JF Thomas,JE Root,0,0,,,,,,,,,,,,,
1513344,2026,2026-05-01,"The Cooper Associates County Ground, Taunton",4,48.4,48.4,Somerset,Yorkshire,THS Rew,JF Thomas,JE Root,3,0,,,,,,,,,,,,,
1513344,2026,2026-05-01,"The Cooper Associates County Ground, Taunton",4,48.5,48.5,Somerset,Yorkshire,JF Thomas,THS Rew,JE Root,0,0,,,,,,,,,,,,,
1513344,2026,2026-05-01,"The Cooper Associates County Ground, Taunton",4,48.6,48.6,Somerset,Yorkshire,JF Thomas,THS Rew,JE Root,1,0,,,,,,,,,,,,,
1513344,2026,2026-05-01,"The Cooper Associates County Ground, Taunton",4,49.1,49.1,Somerset,Yorkshire,JF Thomas,THS Rew,DM Bess,3,0,,,,,,,,,,,,,
1513344,2026,2026-05-01,"The Cooper Associates County Ground, Taunton",4,49.2,49.2,Somerset,Yorkshire,THS Rew,JF Thomas,DM Bess,1,0,,,,,,,,,,,,,
1513344,2026,2026-05-01,"The Cooper Associates County Ground, Taunton",4,49.3,49.3,Somerset,Yorkshire,JF Thomas,THS Rew,DM Bess,0,0,,,,,,,,,,,,,
1513344,2026,2026-05-01,"The Cooper Associates County Ground, Taunton",4,49.4,49.4,Somerset,Yorkshire,JF Thomas,THS Rew,DM Bess,0,0,,,,,,,,,,,,,
1513344,2026,2026-05-01,"The Cooper Associates County Ground, Taunton",4,49.5,49.5,Somerset,Yorkshire,JF Thomas,THS Rew,DM Bess,0,0,,,,,,,,,,,,,
1513344,2026,2026-05-01,"The Cooper Associates County Ground, Taunton",4,49.6,49.6,Somerset,Yorkshire,JF Thomas,THS Rew,DM Bess,0,0,,,,,,,,,,,,,
1513344,2026,2026-05-01,"The Cooper Associates County Ground, Taunton",4,50.1,50.1,Somerset,Yorkshire,THS Rew,JF Thomas,JE Root,4,0,,,,,,,,,,,,,
1513344,2026,2026-05-01,"The Cooper Associates County Ground, Taunton",4,50.2,50.2,Somerset,Yorkshire,THS Rew,JF Thomas,JE Root,0,0,,,,,,,,,,,,,
1513344,2026,2026-05-01,"The Cooper Associates County Ground, Taunton",4,50.3,50.3,Somerset,Yorkshire,THS Rew,JF Thomas,JE Root,0,0,,,,,,,,,,,,,
1513344,2026,2026-05-01,"The Cooper Associates County Ground, Taunton",4,50.4,50.4,Somerset,Yorkshire,THS Rew,JF Thomas,JE Root,0,0,,,,,,,,,,,,,
1513344,2026,2026-05-01,"The Cooper Associates County Ground, Taunton",4,50.5,50.5,Somerset,Yorkshire,THS Rew,JF Thomas,JE Root,0,0,,,,,,,,,,,,,
1513344,2026,2026-05-01,"The Cooper Associates County Ground, Taunton",4,50.6,50.6,Somerset,Yorkshire,THS Rew,JF Thomas,JE Root,0,0,,,,,,,,,,,,,
1513344,2026,2026-05-01,"The Cooper Associates County Ground, Taunton",4,51.1,51.1,Somerset,Yorkshire,JF Thomas,THS Rew,DM Bess,0,0,,,,,,,,,,,,,
1513344,2026,2026-05-01,"The Cooper Associates County Ground, Taunton",4,51.2,51.2,Somerset,Yorkshire,JF Thomas,THS Rew,DM Bess,1,0,,,,,,,,,,,,,
1513344,2026,2026-05-01,"The Cooper Associates County Ground, Taunton",4,51.3,51.3,Somerset,Yorkshire,THS Rew,JF Thomas,DM Bess,0,0,,,,,,,,,,,,,
1513344,2026,2026-05-01,"The Cooper Associates County Ground, Taunton",4,51.4,51.4,Somerset,Yorkshire,THS Rew,JF Thomas,DM Bess,1,0,,,,,,,,,,,,,
1513344,2026,2026-05-01,"The Cooper Associates County Ground, Taunton",4,51.5,51.5,Somerset,Yorkshire,JF Thomas,THS Rew,DM Bess,0,0,,,,,,,,,,,,,
1513344,2026,2026-05-01,"The Cooper Associates County Ground, Taunton",4,51.6,51.6,Somerset,Yorkshire,JF Thomas,THS Rew,DM Bess,0,0,,,,,,,,,,,,,
1513344,2026,2026-05-01,"The Cooper Associates County Ground, Taunton",4,52.1,52.1,Somerset,Yorkshire,THS Rew,JF Thomas,JE Root,0,0,,,,,,,,,,,,,
1513344,2026,2026-05-01,"The Cooper Associates County Ground, Taunton",4,52.2,52.2,Somerset,Yorkshire,THS Rew,JF Thomas,JE Root,1,0,,,,,,,,,,,,,
1513344,2026,2026-05-01,"The Cooper Associates County Ground, Taunton",4,52.3,52.3,Somerset,Yorkshire,JF Thomas,THS Rew,JE Root,1,0,,,,,,,,,,,,,
1513344,2026,2026-05-01,"The Cooper Associates County Ground, Taunton",4,52.4,52.4,Somerset,Yorkshire,THS Rew,JF Thomas,JE Root,0,0,,,,,,,,,,,,,
1513344,2026,2026-05-01,"The Cooper Associates County Ground, Taunton",4,52.5,52.5,Somerset,Yorkshire,THS Rew,JF Thomas,JE Root,0,0,,,,,,,,,,,,,
1513344,2026,2026-05-01,"The Cooper Associates County Ground, Taunton",4,52.6,52.6,Somerset,Yorkshire,THS Rew,JF Thomas,JE Root,0,0,,,,,,,,,,,,,
1513344,2026,2026-05-01,"The Cooper Associates County Ground, Taunton",4,53.1,53.1,Somerset,Yorkshire,JF Thomas,THS Rew,DM Bess,0,0,,,,,,,,,,,,,
1513344,2026,2026-05-01,"The Cooper Associates County Ground, Taunton",4,53.2,53.2,Somerset,Yorkshire,JF Thomas,THS Rew,DM Bess,0,0,,,,,,,,,,,,,
1513344,2026,2026-05-01,"The Cooper Associates County Ground, Taunton",4,53.3,53.3,Somerset,Yorkshire,JF Thomas,THS Rew,DM Bess,0,0,,,,,,,,,,,,,
1513344,2026,2026-05-01,"The Cooper Associates County Ground, Taunton",4,53.4,53.4,Somerset,Yorkshire,JF Thomas,THS Rew,DM Bess,0,0,,,,,,,,,,,,,
1513344,2026,2026-05-01,"The Cooper Associates County Ground, Taunton",4,53.5,53.5,Somerset,Yorkshire,JF Thomas,THS Rew,DM Bess,0,0,,,,,,,caught,JF Thomas,,,GCH Hill,,
1513344,2026,2026-05-01,"The Cooper Associates County Ground, Taunton",4,53.6,53.6,Somerset,Yorkshire,WCF Smeed,THS Rew,DM Bess,0,0,,,,,,,,,,,,,
1513344,2026,2026-05-01,"The Cooper Associates County Ground, Taunton",4,54.1,54.1,Somerset,Yorkshire,THS Rew,WCF Smeed,JE Root,0,0,,,,,,,,,,,,,
1513344,2026,2026-05-01,"The Cooper Associates County Ground, Taunton",4,54.2,54.2,Somerset,Yorkshire,THS Rew,WCF Smeed,JE Root,0,0,,,,,,,,,,,,,
1513344,2026,2026-05-01,"The Cooper Associates County Ground, Taunton",4,54.3,54.3,Somerset,Yorkshire,THS Rew,WCF Smeed,JE Root,0,0,,,,,,,,,,,,,
1513344,2026,2026-05-01,"The Cooper Associates County Ground, Taunton",4,54.4,54.4,Somerset,Yorkshire,THS Rew,WCF Smeed,JE Root,0,0,,,,,,,,,,,,,
1513344,2026,2026-05-01,"The Cooper Associates County Ground, Taunton",4,54.5,54.5,Somerset,Yorkshire,THS Rew,WCF Smeed,JE Root,0,0,,,,,,,,,,,,,
1513344,2026,2026-05-01,"The Cooper Associates County Ground, Taunton",4,54.6,54.6,Somerset,Yorkshire,THS Rew,WCF Smeed,JE Root,1,0,,,,,,,,,,,,,
1513344,2026,2026-05-01,"The Cooper Associates County Ground, Taunton",4,55.1,55.1,Somerset,Yorkshire,THS Rew,WCF Smeed,DM Bess,1,0,,,,,,,,,,,,,
1513344,2026,2026-05-01,"The Cooper Associates County Ground, Taunton",4,55.2,55.2,Somerset,Yorkshire,WCF Smeed,THS Rew,DM Bess,0,0,,,,,,,,,,,,,
1513344,2026,2026-05-01,"The Cooper Associates County Ground, Taunton",4,55.3,55.3,Somerset,Yorkshire,WCF Smeed,THS Rew,DM Bess,4,0,,,,,,,,,,,,,
1513344,2026,2026-05-01,"The Cooper Associates County Ground, Taunton",4,55.4,55.4,Somerset,Yorkshire,WCF Smeed,THS Rew,DM Bess,0,0,,,,,,,,,,,,,
1513344,2026,2026-05-01,"The Cooper Associates County Ground, Taunton",4,55.5,55.5,Somerset,Yorkshire,WCF Smeed,THS Rew,DM Bess,0,0,,,,,,,,,,,,,
1513344,2026,2026-05-01,"The Cooper Associates County Ground, Taunton",4,55.6,55.6,Somerset,Yorkshire,WCF Smeed,THS Rew,DM Bess,0,0,,,,,,,,,,,,,
1513344,2026,2026-05-01,"The Cooper Associates County Ground, Taunton",4,56.1,56.1,Somerset,Yorkshire,THS Rew,WCF Smeed,JE Root,0,0,,,,,,,,,,,,,
1513344,2026,2026-05-01,"The Cooper Associates County Ground, Taunton",4,56.2,56.2,Somerset,Yorkshire,THS Rew,WCF Smeed,JE Root,0,0,,,,,,,,,,,,,
1513344,2026,2026-05-01,"The Cooper Associates County Ground, Taunton",4,56.3,56.3,Somerset,Yorkshire,THS Rew,WCF Smeed,JE Root,0,0,,,,,,,caught,THS Rew,,,JM Bairstow,,
1513344,2026,2026-05-01,"The Cooper Associates County Ground, Taunton",4,56.4,56.4,Somerset,Yorkshire,C Overton,WCF Smeed,JE Root,0,0,,,,,,,,,,,,,
1513344,2026,2026-05-01,"The Cooper Associates County Ground, Taunton",4,56.5,56.5,Somerset,Yorkshire,C Overton,WCF Smeed,JE Root,0,0,,,,,,,,,,,,,
1513344,2026,2026-05-01,"The Cooper Associates County Ground, Taunton",4,56.6,56.6,Somerset,Yorkshire,C Overton,WCF Smeed,JE Root,0,0,,,,,,,,,,,,,
1513344,2026,2026-05-01,"The Cooper Associates County Ground, Taunton",4,57.1,57.1,Somerset,Yorkshire,WCF Smeed,C Overton,DM Bess,0,0,,,,,,,,,,,,,
1513344,2026,2026-05-01,"The Cooper Associates County Ground, Taunton",4,57.2,57.2,Somerset,Yorkshire,WCF Smeed,C Overton,DM Bess,4,0,,,,,,,,,,,,,
1513344,2026,2026-05-01,"The Cooper Associates County Ground, Taunton",4,57.3,57.3,Somerset,Yorkshire,WCF Smeed,C Overton,DM Bess,0,0,,,,,,,,,,,,,
1513344,2026,2026-05-01,"The Cooper Associates County Ground, Taunton",4,57.4,57.4,Somerset,Yorkshire,WCF Smeed,C Overton,DM Bess,1,0,,,,,,,,,,,,,
1513344,2026,2026-05-01,"The Cooper Associates County Ground, Taunton",4,57.5,57.5,Somerset,Yorkshire,C Overton,WCF Smeed,DM Bess,0,0,,,,,,,,,,,,,
1513344,2026,2026-05-01,"The Cooper Associates County Ground, Taunton",4,57.6,57.6,Somerset,Yorkshire,C Overton,WCF Smeed,DM Bess,0,0,,,,,,,,,,,,,
1513344,2026,2026-05-01,"The Cooper Associates County Ground, Taunton",4,58.1,58.1,Somerset,Yorkshire,WCF Smeed,C Overton,JE Root,1,0,,,,,,,,,,,,,
1513344,2026,2026-05-01,"The Cooper Associates County Ground, Taunton",4,58.2,58.2,Somerset,Yorkshire,C Overton,WCF Smeed,JE Root,0,0,,,,,,,,,,,,,
1513344,2026,2026-05-01,"The Cooper Associates County Ground, Taunton",4,58.3,58.3,Somerset,Yorkshire,C Overton,WCF Smeed,JE Root,0,0,,,,,,,,,,,,,
1513344,2026,2026-05-01,"The Cooper Associates County Ground, Taunton",4,58.4,58.4,Somerset,Yorkshire,C Overton,WCF Smeed,JE Root,0,0,,,,,,,,,,,,,
1513344,2026,2026-05-01,"The Cooper Associates County Ground, Taunton",4,58.5,58.5,Somerset,Yorkshire,C Overton,WCF Smeed,JE Root,0,0,,,,,,,,,,,,,
1513344,2026,2026-05-01,"The Cooper Associates County Ground, Taunton",4,58.6,58.6,Somerset,Yorkshire,C Overton,WCF Smeed,JE Root,0,0,,,,,,,,,,,,,
1513344,2026,2026-05-01,"The Cooper Associates County Ground, Taunton",4,59.1,59.1,Somerset,Yorkshire,WCF Smeed,C Overton,DM Bess,1,0,,,,,,,,,,,,,
1513344,2026,2026-05-01,"The Cooper Associates County Ground, Taunton",4,59.2,59.2,Somerset,Yorkshire,C Overton,WCF Smeed,DM Bess,0,0,,,,,,,,,,,,,
1513344,2026,2026-05-01,"The Cooper Associates County Ground, Taunton",4,59.3,59.3,Somerset,Yorkshire,C Overton,WCF Smeed,DM Bess,0,0,,,,,,,,,,,,,
1513344,2026,2026-05-01,"The Cooper Associates County Ground, Taunton",4,59.4,59.4,Somerset,Yorkshire,C Overton,WCF Smeed,DM Bess,0,0,,,,,,,,,,,,,
1513344,2026,2026-05-01,"The Cooper Associates County Ground, Taunton",4,59.5,59.5,Somerset,Yorkshire,C Overton,WCF Smeed,DM Bess,0,0,,,,,,,,,,,,,
1513344,2026,2026-05-01,"The Cooper Associates County Ground, Taunton",4,59.6,59.6,Somerset,Yorkshire,C Overton,WCF Smeed,DM Bess,0,0,,,,,,,,,,,,,
1513344,2026,2026-05-01,"The Cooper Associates County Ground, Taunton",4,60.1,60.1,Somerset,Yorkshire,WCF Smeed,C Overton,JE Root,1,0,,,,,,,,,,,,,
1513344,2026,2026-05-01,"The Cooper Associates County Ground, Taunton",4,60.2,60.2,Somerset,Yorkshire,C Overton,WCF Smeed,JE Root,0,0,,,,,,,,,,,,,
1513344,2026,2026-05-01,"The Cooper Associates County Ground, Taunton",4,60.3,60.3,Somerset,Yorkshire,C Overton,WCF Smeed,JE Root,2,0,,,,,,,,,,,,,
1513344,2026,2026-05-01,"The Cooper Associates County Ground, Taunton",4,60.4,60.4,Somerset,Yorkshire,C Overton,WCF Smeed,JE Root,0,0,,,,,,,caught,C Overton,,,A Lyth,,
1513344,2026,2026-05-01,"The Cooper Associates County Ground, Taunton",4,60.5,60.5,Somerset,Yorkshire,L Gregory,WCF Smeed,JE Root,0,0,,,,,,,,,,,,,
1513344,2026,2026-05-01,"The Cooper Associates County Ground, Taunton",4,60.6,60.6,Somerset,Yorkshire,L Gregory,WCF Smeed,JE Root,4,0,,,,,,,,,,,,,
1513344,2026,2026-05-01,"The Cooper Associates County Ground, Taunton",4,61.1,61.1,Somerset,Yorkshire,WCF Smeed,L Gregory,DM Bess,1,0,,,,,,,,,,,,,
1513344,2026,2026-05-01,"The Cooper Associates County Ground, Taunton",4,61.2,61.2,Somerset,Yorkshire,L Gregory,WCF Smeed,DM Bess,0,0,,,,,,,,,,,,,
1513344,2026,2026-05-01,"The Cooper Associates County Ground, Taunton",4,61.3,61.3,Somerset,Yorkshire,L Gregory,WCF Smeed,DM Bess,2,0,,,,,,,,,,,,,
1513344,2026,2026-05-01,"The Cooper Associates County Ground, Taunton",4,61.4,61.4,Somerset,Yorkshire,L Gregory,WCF Smeed,DM Bess,0,0,,,,,,,,,,,,,
1513344,2026,2026-05-01,"The Cooper Associates County Ground, Taunton",4,61.5,61.5,Somerset,Yorkshire,L Gregory,WCF Smeed,DM Bess,1,0,,,,,,,,,,,,,
1513344,2026,2026-05-01,"The Cooper Associates County Ground, Taunton",4,61.6,61.6,Somerset,Yorkshire,WCF Smeed,L Gregory,DM Bess,0,0,,,,,,,,,,,,,
1513344,2026,2026-05-01,"The Cooper Associates County Ground, Taunton",4,62.1,62.1,Somerset,Yorkshire,L Gregory,WCF Smeed,JE Root,0,0,,,,,,,,,,,,,
1513344,2026,2026-05-01,"The Cooper Associates County Ground, Taunton",4,62.2,62.2,Somerset,Yorkshire,L Gregory,WCF Smeed,JE Root,0,0,,,,,,,,,,,,,
1513344,2026,2026-05-01,"The Cooper Associates County Ground, Taunton",4,62.3,62.3,Somerset,Yorkshire,L Gregory,WCF Smeed,JE Root,2,0,,,,,,,,,,,,,
1513344,2026,2026-05-01,"The Cooper Associates County Ground, Taunton",4,62.4,62.4,Somerset,Yorkshire,L Gregory,WCF Smeed,JE Root,1,0,,,,,,,,,,,,,
1513344,2026,2026-05-01,"The Cooper Associates County Ground, Taunton",4,62.5,62.5,Somerset,Yorkshire,WCF Smeed,L Gregory,JE Root,0,0,,,,,,,,,,,,,
1513344,2026,2026-05-01,"The Cooper Associates County Ground, Taunton",4,62.6,62.6,Somerset,Yorkshire,WCF Smeed,L Gregory,JE Root,4,0,,,,,,,,,,,,,
1513344,2026,2026-05-01,"The Cooper Associates County Ground, Taunton",4,63.1,63.1,Somerset,Yorkshire,L Gregory,WCF Smeed,GCH Hill,1,0,,,,,,,,,,,,,
1513344,2026,2026-05-01,"The Cooper Associates County Ground, Taunton",4,63.2,63.2,Somerset,Yorkshire,WCF Smeed,L Gregory,GCH Hill,0,0,,,,,,,,,,,,,
1513344,2026,2026-05-01,"The Cooper Associates County Ground, Taunton",4,63.3,63.3,Somerset,Yorkshire,WCF Smeed,L Gregory,GCH Hill,0,0,,,,,,,,,,,,,
1513344,2026,2026-05-01,"The Cooper Associates County Ground, Taunton",4,63.4,63.4,Somerset,Yorkshire,WCF Smeed,L Gregory,GCH Hill,0,0,,,,,,,,,,,,,
1513344,2026,2026-05-01,"The Cooper Associates County Ground, Taunton",4,63.5,63.5,Somerset,Yorkshire,WCF Smeed,L Gregory,GCH Hill,0,0,,,,,,,,,,,,,
1513344,2026,2026-05-01,"The Cooper Associates County Ground, Taunton",4,63.6,63.6,Somerset,Yorkshire,WCF Smeed,L Gregory,GCH Hill,4,0,,,,,,,,,,,,,
1513344,2026,2026-05-01,"The Cooper Associates County Ground, Taunton",4,64.1,64.1,Somerset,Yorkshire,L Gregory,WCF Smeed,JE Root,1,0,,,,,,,,,,,,,
1513344,2026,2026-05-01,"The Cooper Associates County Ground, Taunton",4,64.2,64.2,Somerset,Yorkshire,WCF Smeed,L Gregory,JE Root,0,0,,,,,,,,,,,,,
1513344,2026,2026-05-01,"The Cooper Associates County Ground, Taunton",4,64.3,64.3,Somerset,Yorkshire,WCF Smeed,L Gregory,JE Root,0,0,,,,,,,caught,WCF Smeed,,,GCH Hill,,
1513344,2026,2026-05-01,"The Cooper Associates County Ground, Taunton",4,64.4,64.4,Somerset,Yorkshire,M Pretorius,L Gregory,JE Root,0,0,,,,,,,caught and bowled,M Pretorius,,,,,
1513344,2026,2026-05-01,"The Cooper Associates County Ground, Taunton",4,64.5,64.5,Somerset,Yorkshire,ARJ Ogborne,L Gregory,JE Root,0,0,,,,,,,,,,,,,
1513344,2026,2026-05-01,"The Cooper Associates County Ground, Taunton",4,64.6,64.6,Somerset,Yorkshire,ARJ Ogborne,L Gregory,JE Root,0,0,,,,,,,,,,,,,
1513344,2026,2026-05-01,"The Cooper Associates County Ground, Taunton",4,65.1,65.1,Somerset,Yorkshire,L Gregory,ARJ Ogborne,DM Bess,0,0,,,,,,,,,,,,,
1513344,2026,2026-05-01,"The Cooper Associates County Ground, Taunton",4,65.2,65.2,Somerset,Yorkshire,L Gregory,ARJ Ogborne,DM Bess,1,0,,,,,,,,,,,,,
1513344,2026,2026-05-01,"The Cooper Associates County Ground, Taunton",4,65.3,65.3,Somerset,Yorkshire,ARJ Ogborne,L Gregory,DM Bess,0,0,,,,,,,,,,,,,
1513344,2026,2026-05-01,"The Cooper Associates County Ground, Taunton",4,65.4,65.4,Somerset,Yorkshire,ARJ Ogborne,L Gregory,DM Bess,0,0,,,,,,,,,,,,,
1513344,2026,2026-05-01,"The Cooper Associates County Ground, Taunton",4,65.5,65.5,Somerset,Yorkshire,ARJ Ogborne,L Gregory,DM Bess,0,0,,,,,,,,,,,,,
1513344,2026,2026-05-01,"The Cooper Associates County Ground, Taunton",4,65.6,65.6,Somerset,Yorkshire,ARJ Ogborne,L Gregory,DM Bess,0,0,,,,,,,,,,,,,
1513344,2026,2026-05-01,"The Cooper Associates County Ground, Taunton",4,66.1,66.1,Somerset,Yorkshire,L Gregory,ARJ Ogborne,JE Root,0,0,,,,,,,,,,,,,
1513344,2026,2026-05-01,"The Cooper Associates County Ground, Taunton",4,66.2,66.2,Somerset,Yorkshire,L Gregory,ARJ Ogborne,JE Root,0,0,,,,,,,,,,,,,
1513344,2026,2026-05-01,"The Cooper Associates County Ground, Taunton",4,66.3,66.3,Somerset,Yorkshire,L Gregory,ARJ Ogborne,JE Root,4,0,,,,,,,,,,,,,
1513344,2026,2026-05-01,"The Cooper Associates County Ground, Taunton",4,66.4,66.4,Somerset,Yorkshire,L Gregory,ARJ Ogborne,JE Root,0,0,,,,,,,,,,,,,
1513344,2026,2026-05-01,"The Cooper Associates County Ground, Taunton",4,66.5,66.5,Somerset,Yorkshire,L Gregory,ARJ Ogborne,JE Root,0,0,,,,,,,,,,,,,
1513344,2026,2026-05-01,"The Cooper Associates County Ground, Taunton",4,66.6,66.6,Somerset,Yorkshire,L Gregory,ARJ Ogborne,JE Root,0,0,,,,,,,,,,,,,
1513344,2026,2026-05-01,"The Cooper Associates County Ground, Taunton",4,67.1,67.1,Somerset,Yorkshire,ARJ Ogborne,L Gregory,DM Bess,0,0,,,,,,,,,,,,,
1513344,2026,2026-05-01,"The Cooper Associates County Ground, Taunton",4,67.2,67.2,Somerset,Yorkshire,ARJ Ogborne,L Gregory,DM Bess,1,0,,,,,,,,,,,,,
1513344,2026,2026-05-01,"The Cooper Associates County Ground, Taunton",4,67.3,67.3,Somerset,Yorkshire,L Gregory,ARJ Ogborne,DM Bess,0,0,,,,,,,,,,,,,
1513344,2026,2026-05-01,"The Cooper Associates County Ground, Taunton",4,67.4,67.4,Somerset,Yorkshire,L Gregory,ARJ Ogborne,DM Bess,1,0,,,,,,,,,,,,,
1513344,2026,2026-05-01,"The Cooper Associates County Ground, Taunton",4,67.5,67.5,Somerset,Yorkshire,ARJ Ogborne,L Gregory,DM Bess,0,0,,,,,,,,,,,,,
1513344,2026,2026-05-01,"The Cooper Associates County Ground, Taunton",4,67.6,67.6,Somerset,Yorkshire,ARJ Ogborne,L Gregory,DM Bess,0,0,,,,,,,,,,,,,
1513344,2026,2026-05-01,"The Cooper Associates County Ground, Taunton",4,68.1,68.1,Somerset,Yorkshire,L Gregory,ARJ Ogborne,JE Root,2,0,,,,,,,,,,,,,
1513344,2026,2026-05-01,"The Cooper Associates County Ground, Taunton",4,68.2,68.2,Somerset,Yorkshire,L Gregory,ARJ Ogborne,JE Root,0,0,,,,,,,,,,,,,
1513344,2026,2026-05-01,"The Cooper Associates County Ground, Taunton",4,68.3,68.3,Somerset,Yorkshire,L Gregory,ARJ Ogborne,JE Root,0,0,,,,,,,,,,,,,
1513344,2026,2026-05-01,"The Cooper Associates County Ground, Taunton",4,68.4,68.4,Somerset,Yorkshire,L Gregory,ARJ Ogborne,JE Root,0,0,,,,,,,,,,,,,
1513344,2026,2026-05-01,"The Cooper Associates County Ground, Taunton",4,68.5,68.5,Somerset,Yorkshire,L Gregory,ARJ Ogborne,JE Root,0,0,,,,,,,,,,,,,
1513344,2026,2026-05-01,"The Cooper Associates County Ground, Taunton",4,68.6,68.6,Somerset,Yorkshire,L Gregory,ARJ Ogborne,JE Root,1,0,,,,,,,,,,,,,
1513344,2026,2026-05-01,"The Cooper Associates County Ground, Taunton",4,69.1,69.1,Somerset,Yorkshire,L Gregory,ARJ Ogborne,DM Bess,1,0,,,,,,,,,,,,,
1513344,2026,2026-05-01,"The Cooper Associates County Ground, Taunton",4,69.2,69.2,Somerset,Yorkshire,ARJ Ogborne,L Gregory,DM Bess,0,0,,,,,,,bowled,ARJ Ogborne,,,,,
