match_id,season,start_date,venue,innings,ball,actual_delivery,batting_team,bowling_team,striker,non_striker,bowler,runs_off_bat,extras,wides,noballs,byes,legbyes,penalty,non_boundary,wicket_type,player_dismissed,other_wicket_type,other_player_dismissed,fielder_1,fielder_2,fielder_3
692937,2014,2014-06-15,"County Ground, Derby",1,0.1,0.1,Derbyshire,Surrey,SC Moore,PM Borrington,CT Tremlett,0,0,,,,,,,,,,,,,
692937,2014,2014-06-15,"County Ground, Derby",1,0.2,0.2,Derbyshire,Surrey,SC Moore,PM Borrington,CT Tremlett,0,0,,,,,,,,,,,,,
692937,2014,2014-06-15,"County Ground, Derby",1,0.3,0.3,Derbyshire,Surrey,SC Moore,PM Borrington,CT Tremlett,0,0,,,,,,,,,,,,,
692937,2014,2014-06-15,"County Ground, Derby",1,0.4,0.4,Derbyshire,Surrey,SC Moore,PM Borrington,CT Tremlett,0,0,,,,,,,,,,,,,
692937,2014,2014-06-15,"County Ground, Derby",1,0.5,0.5,Derbyshire,Surrey,SC Moore,PM Borrington,CT Tremlett,0,0,,,,,,,,,,,,,
692937,2014,2014-06-15,"County Ground, Derby",1,0.6,0.6,Derbyshire,Surrey,SC Moore,PM Borrington,CT Tremlett,0,0,,,,,,,,,,,,,
692937,2014,2014-06-15,"County Ground, Derby",1,1.1,1.1,Derbyshire,Surrey,PM Borrington,SC Moore,JW Dernbach,0,0,,,,,,,,,,,,,
692937,2014,2014-06-15,"County Ground, Derby",1,1.2,1.2,Derbyshire,Surrey,PM Borrington,SC Moore,JW Dernbach,0,0,,,,,,,,,,,,,
692937,2014,2014-06-15,"County Ground, Derby",1,1.3,1.3,Derbyshire,Surrey,PM Borrington,SC Moore,JW Dernbach,0,0,,,,,,,,,,,,,
692937,2014,2014-06-15,"County Ground, Derby",1,1.4,1.4,Derbyshire,Surrey,PM Borrington,SC Moore,JW Dernbach,0,0,,,,,,,,,,,,,
692937,2014,2014-06-15,"County Ground, Derby",1,1.5,1.5,Derbyshire,Surrey,PM Borrington,SC Moore,JW Dernbach,0,0,,,,,,,,,,,,,
692937,2014,2014-06-15,"County Ground, Derby",1,1.6,1.6,Derbyshire,Surrey,PM Borrington,SC Moore,JW Dernbach,0,0,,,,,,,,,,,,,
692937,2014,2014-06-15,"County Ground, Derby",1,2.1,2.1,Derbyshire,Surrey,SC Moore,PM Borrington,CT Tremlett,0,0,,,,,,,,,,,,,
692937,2014,2014-06-15,"County Ground, Derby",1,2.2,2.2,Derbyshire,Surrey,SC Moore,PM Borrington,CT Tremlett,0,0,,,,,,,,,,,,,
692937,2014,2014-06-15,"County Ground, Derby",1,2.3,2.3,Derbyshire,Surrey,SC Moore,PM Borrington,CT Tremlett,0,0,,,,,,,,,,,,,
692937,2014,2014-06-15,"County Ground, Derby",1,2.4,2.4,Derbyshire,Surrey,SC Moore,PM Borrington,CT Tremlett,0,0,,,,,,,,,,,,,
692937,2014,2014-06-15,"County Ground, Derby",1,2.5,2.5,Derbyshire,Surrey,SC Moore,PM Borrington,CT Tremlett,0,0,,,,,,,,,,,,,
692937,2014,2014-06-15,"County Ground, Derby",1,2.6,2.6,Derbyshire,Surrey,SC Moore,PM Borrington,CT Tremlett,0,0,,,,,,,,,,,,,
692937,2014,2014-06-15,"County Ground, Derby",1,3.1,3.1,Derbyshire,Surrey,PM Borrington,SC Moore,JW Dernbach,0,0,,,,,,,,,,,,,
692937,2014,2014-06-15,"County Ground, Derby",1,3.2,3.2,Derbyshire,Surrey,PM Borrington,SC Moore,JW Dernbach,0,0,,,,,,,,,,,,,
692937,2014,2014-06-15,"County Ground, Derby",1,3.3,3.3,Derbyshire,Surrey,PM Borrington,SC Moore,JW Dernbach,0,0,,,,,,,,,,,,,
692937,2014,2014-06-15,"County Ground, Derby",1,3.4,3.4,Derbyshire,Surrey,PM Borrington,SC Moore,JW Dernbach,0,0,,,,,,,,,,,,,
692937,2014,2014-06-15,"County Ground, Derby",1,3.5,3.5,Derbyshire,Surrey,PM Borrington,SC Moore,JW Dernbach,0,2,,2,,,,,,,,,,,
692937,2014,2014-06-15,"County Ground, Derby",1,3.6,3.5,Derbyshire,Surrey,PM Borrington,SC Moore,JW Dernbach,0,0,,,,,,,,,,,,,
692937,2014,2014-06-15,"County Ground, Derby",1,3.7,3.6,Derbyshire,Surrey,PM Borrington,SC Moore,JW Dernbach,0,0,,,,,,,,,,,,,
692937,2014,2014-06-15,"County Ground, Derby",1,4.1,4.1,Derbyshire,Surrey,SC Moore,PM Borrington,CT Tremlett,0,0,,,,,,,,,,,,,
692937,2014,2014-06-15,"County Ground, Derby",1,4.2,4.2,Derbyshire,Surrey,SC Moore,PM Borrington,CT Tremlett,0,0,,,,,,,,,,,,,
692937,2014,2014-06-15,"County Ground, Derby",1,4.3,4.3,Derbyshire,Surrey,SC Moore,PM Borrington,CT Tremlett,0,0,,,,,,,,,,,,,
692937,2014,2014-06-15,"County Ground, Derby",1,4.4,4.4,Derbyshire,Surrey,SC Moore,PM Borrington,CT Tremlett,0,0,,,,,,,,,,,,,
692937,2014,2014-06-15,"County Ground, Derby",1,4.5,4.5,Derbyshire,Surrey,SC Moore,PM Borrington,CT Tremlett,0,0,,,,,,,,,,,,,
692937,2014,2014-06-15,"County Ground, Derby",1,4.6,4.6,Derbyshire,Surrey,SC Moore,PM Borrington,CT Tremlett,0,0,,,,,,,,,,,,,
692937,2014,2014-06-15,"County Ground, Derby",1,5.1,5.1,Derbyshire,Surrey,PM Borrington,SC Moore,JW Dernbach,0,0,,,,,,,,,,,,,
692937,2014,2014-06-15,"County Ground, Derby",1,5.2,5.2,Derbyshire,Surrey,PM Borrington,SC Moore,JW Dernbach,1,0,,,,,,,,,,,,,
692937,2014,2014-06-15,"County Ground, Derby",1,5.3,5.3,Derbyshire,Surrey,SC Moore,PM Borrington,JW Dernbach,2,0,,,,,,,,,,,,,
692937,2014,2014-06-15,"County Ground, Derby",1,5.4,5.4,Derbyshire,Surrey,SC Moore,PM Borrington,JW Dernbach,0,0,,,,,,,,,,,,,
692937,2014,2014-06-15,"County Ground, Derby",1,5.5,5.5,Derbyshire,Surrey,SC Moore,PM Borrington,JW Dernbach,0,0,,,,,,,,,,,,,
692937,2014,2014-06-15,"County Ground, Derby",1,5.6,5.6,Derbyshire,Surrey,SC Moore,PM Borrington,JW Dernbach,0,0,,,,,,,,,,,,,
692937,2014,2014-06-15,"County Ground, Derby",1,6.1,6.1,Derbyshire,Surrey,PM Borrington,SC Moore,CT Tremlett,0,0,,,,,,,,,,,,,
692937,2014,2014-06-15,"County Ground, Derby",1,6.2,6.2,Derbyshire,Surrey,PM Borrington,SC Moore,CT Tremlett,0,0,,,,,,,,,,,,,
692937,2014,2014-06-15,"County Ground, Derby",1,6.3,6.3,Derbyshire,Surrey,PM Borrington,SC Moore,CT Tremlett,0,0,,,,,,,,,,,,,
692937,2014,2014-06-15,"County Ground, Derby",1,6.4,6.4,Derbyshire,Surrey,PM Borrington,SC Moore,CT Tremlett,0,0,,,,,,,,,,,,,
692937,2014,2014-06-15,"County Ground, Derby",1,6.5,6.5,Derbyshire,Surrey,PM Borrington,SC Moore,CT Tremlett,2,0,,,,,,,,,,,,,
692937,2014,2014-06-15,"County Ground, Derby",1,6.6,6.6,Derbyshire,Surrey,PM Borrington,SC Moore,CT Tremlett,0,0,,,,,,,,,,,,,
692937,2014,2014-06-15,"County Ground, Derby",1,7.1,7.1,Derbyshire,Surrey,SC Moore,PM Borrington,JW Dernbach,0,0,,,,,,,,,,,,,
692937,2014,2014-06-15,"County Ground, Derby",1,7.2,7.2,Derbyshire,Surrey,SC Moore,PM Borrington,JW Dernbach,0,0,,,,,,,,,,,,,
692937,2014,2014-06-15,"County Ground, Derby",1,7.3,7.3,Derbyshire,Surrey,SC Moore,PM Borrington,JW Dernbach,1,0,,,,,,,,,,,,,
692937,2014,2014-06-15,"County Ground, Derby",1,7.4,7.4,Derbyshire,Surrey,PM Borrington,SC Moore,JW Dernbach,0,0,,,,,,,,,,,,,
692937,2014,2014-06-15,"County Ground, Derby",1,7.5,7.5,Derbyshire,Surrey,PM Borrington,SC Moore,JW Dernbach,0,0,,,,,,,,,,,,,
692937,2014,2014-06-15,"County Ground, Derby",1,7.6,7.6,Derbyshire,Surrey,PM Borrington,SC Moore,JW Dernbach,0,0,,,,,,,,,,,,,
692937,2014,2014-06-15,"County Ground, Derby",1,8.1,8.1,Derbyshire,Surrey,SC Moore,PM Borrington,CT Tremlett,0,0,,,,,,,,,,,,,
692937,2014,2014-06-15,"County Ground, Derby",1,8.2,8.2,Derbyshire,Surrey,SC Moore,PM Borrington,CT Tremlett,0,0,,,,,,,,,,,,,
692937,2014,2014-06-15,"County Ground, Derby",1,8.3,8.3,Derbyshire,Surrey,SC Moore,PM Borrington,CT Tremlett,0,0,,,,,,,,,,,,,
692937,2014,2014-06-15,"County Ground, Derby",1,8.4,8.4,Derbyshire,Surrey,SC Moore,PM Borrington,CT Tremlett,0,0,,,,,,,,,,,,,
692937,2014,2014-06-15,"County Ground, Derby",1,8.5,8.5,Derbyshire,Surrey,SC Moore,PM Borrington,CT Tremlett,0,0,,,,,,,,,,,,,
692937,2014,2014-06-15,"County Ground, Derby",1,8.6,8.6,Derbyshire,Surrey,SC Moore,PM Borrington,CT Tremlett,0,2,,2,,,,,,,,,,,
692937,2014,2014-06-15,"County Ground, Derby",1,8.7,8.6,Derbyshire,Surrey,SC Moore,PM Borrington,CT Tremlett,3,0,,,,,,,,,,,,,
692937,2014,2014-06-15,"County Ground, Derby",1,9.1,9.1,Derbyshire,Surrey,SC Moore,PM Borrington,JW Dernbach,4,0,,,,,,,,,,,,,
692937,2014,2014-06-15,"County Ground, Derby",1,9.2,9.2,Derbyshire,Surrey,SC Moore,PM Borrington,JW Dernbach,0,0,,,,,,,,,,,,,
692937,2014,2014-06-15,"County Ground, Derby",1,9.3,9.3,Derbyshire,Surrey,SC Moore,PM Borrington,JW Dernbach,0,0,,,,,,,,,,,,,
692937,2014,2014-06-15,"County Ground, Derby",1,9.4,9.4,Derbyshire,Surrey,SC Moore,PM Borrington,JW Dernbach,0,0,,,,,,,,,,,,,
692937,2014,2014-06-15,"County Ground, Derby",1,9.5,9.5,Derbyshire,Surrey,SC Moore,PM Borrington,JW Dernbach,0,0,,,,,,,,,,,,,
692937,2014,2014-06-15,"County Ground, Derby",1,9.6,9.6,Derbyshire,Surrey,SC Moore,PM Borrington,JW Dernbach,0,0,,,,,,,,,,,,,
692937,2014,2014-06-15,"County Ground, Derby",1,10.1,10.1,Derbyshire,Surrey,PM Borrington,SC Moore,CT Tremlett,0,0,,,,,,,,,,,,,
692937,2014,2014-06-15,"County Ground, Derby",1,10.2,10.2,Derbyshire,Surrey,PM Borrington,SC Moore,CT Tremlett,0,0,,,,,,,,,,,,,
692937,2014,2014-06-15,"County Ground, Derby",1,10.3,10.3,Derbyshire,Surrey,PM Borrington,SC Moore,CT Tremlett,0,0,,,,,,,,,,,,,
692937,2014,2014-06-15,"County Ground, Derby",1,10.4,10.4,Derbyshire,Surrey,PM Borrington,SC Moore,CT Tremlett,0,0,,,,,,,,,,,,,
692937,2014,2014-06-15,"County Ground, Derby",1,10.5,10.5,Derbyshire,Surrey,PM Borrington,SC Moore,CT Tremlett,0,0,,,,,,,,,,,,,
692937,2014,2014-06-15,"County Ground, Derby",1,10.6,10.6,Derbyshire,Surrey,PM Borrington,SC Moore,CT Tremlett,2,0,,,,,,,,,,,,,
692937,2014,2014-06-15,"County Ground, Derby",1,11.1,11.1,Derbyshire,Surrey,SC Moore,PM Borrington,JW Dernbach,0,4,,,,4,,,,,,,,,
692937,2014,2014-06-15,"County Ground, Derby",1,11.2,11.2,Derbyshire,Surrey,SC Moore,PM Borrington,JW Dernbach,1,0,,,,,,,,,,,,,
692937,2014,2014-06-15,"County Ground, Derby",1,11.3,11.3,Derbyshire,Surrey,PM Borrington,SC Moore,JW Dernbach,1,0,,,,,,,,,,,,,
692937,2014,2014-06-15,"County Ground, Derby",1,11.4,11.4,Derbyshire,Surrey,SC Moore,PM Borrington,JW Dernbach,0,0,,,,,,,,,,,,,
692937,2014,2014-06-15,"County Ground, Derby",1,11.5,11.5,Derbyshire,Surrey,SC Moore,PM Borrington,JW Dernbach,0,0,,,,,,,,,,,,,
692937,2014,2014-06-15,"County Ground, Derby",1,11.6,11.6,Derbyshire,Surrey,SC Moore,PM Borrington,JW Dernbach,0,0,,,,,,,,,,,,,
692937,2014,2014-06-15,"County Ground, Derby",1,12.1,12.1,Derbyshire,Surrey,PM Borrington,SC Moore,TK Curran,0,0,,,,,,,,,,,,,
692937,2014,2014-06-15,"County Ground, Derby",1,12.2,12.2,Derbyshire,Surrey,PM Borrington,SC Moore,TK Curran,0,0,,,,,,,,,,,,,
692937,2014,2014-06-15,"County Ground, Derby",1,12.3,12.3,Derbyshire,Surrey,PM Borrington,SC Moore,TK Curran,0,0,,,,,,,,,,,,,
692937,2014,2014-06-15,"County Ground, Derby",1,12.4,12.4,Derbyshire,Surrey,PM Borrington,SC Moore,TK Curran,0,0,,,,,,,,,,,,,
692937,2014,2014-06-15,"County Ground, Derby",1,12.5,12.5,Derbyshire,Surrey,PM Borrington,SC Moore,TK Curran,0,0,,,,,,,,,,,,,
692937,2014,2014-06-15,"County Ground, Derby",1,12.6,12.6,Derbyshire,Surrey,PM Borrington,SC Moore,TK Curran,0,0,,,,,,,,,,,,,
692937,2014,2014-06-15,"County Ground, Derby",1,13.1,13.1,Derbyshire,Surrey,SC Moore,PM Borrington,JW Dernbach,0,0,,,,,,,,,,,,,
692937,2014,2014-06-15,"County Ground, Derby",1,13.2,13.2,Derbyshire,Surrey,SC Moore,PM Borrington,JW Dernbach,0,0,,,,,,,,,,,,,
692937,2014,2014-06-15,"County Ground, Derby",1,13.3,13.3,Derbyshire,Surrey,SC Moore,PM Borrington,JW Dernbach,0,0,,,,,,,,,,,,,
692937,2014,2014-06-15,"County Ground, Derby",1,13.4,13.4,Derbyshire,Surrey,SC Moore,PM Borrington,JW Dernbach,0,0,,,,,,,,,,,,,
692937,2014,2014-06-15,"County Ground, Derby",1,13.5,13.5,Derbyshire,Surrey,SC Moore,PM Borrington,JW Dernbach,0,1,,,,1,,,,,,,,,
692937,2014,2014-06-15,"County Ground, Derby",1,13.6,13.6,Derbyshire,Surrey,PM Borrington,SC Moore,JW Dernbach,0,0,,,,,,,,,,,,,
692937,2014,2014-06-15,"County Ground, Derby",1,14.1,14.1,Derbyshire,Surrey,SC Moore,PM Borrington,TK Curran,0,0,,,,,,,,,,,,,
692937,2014,2014-06-15,"County Ground, Derby",1,14.2,14.2,Derbyshire,Surrey,SC Moore,PM Borrington,TK Curran,0,0,,,,,,,,,,,,,
692937,2014,2014-06-15,"County Ground, Derby",1,14.3,14.3,Derbyshire,Surrey,SC Moore,PM Borrington,TK Curran,0,0,,,,,,,lbw,SC Moore,,,,,
692937,2014,2014-06-15,"County Ground, Derby",1,14.4,14.4,Derbyshire,Surrey,WL Madsen,PM Borrington,TK Curran,0,0,,,,,,,,,,,,,
692937,2014,2014-06-15,"County Ground, Derby",1,14.5,14.5,Derbyshire,Surrey,WL Madsen,PM Borrington,TK Curran,0,0,,,,,,,,,,,,,
692937,2014,2014-06-15,"County Ground, Derby",1,14.6,14.6,Derbyshire,Surrey,WL Madsen,PM Borrington,TK Curran,0,0,,,,,,,,,,,,,
692937,2014,2014-06-15,"County Ground, Derby",1,15.1,15.1,Derbyshire,Surrey,PM Borrington,WL Madsen,JJ Roy,1,0,,,,,,,,,,,,,
692937,2014,2014-06-15,"County Ground, Derby",1,15.2,15.2,Derbyshire,Surrey,WL Madsen,PM Borrington,JJ Roy,0,0,,,,,,,,,,,,,
692937,2014,2014-06-15,"County Ground, Derby",1,15.3,15.3,Derbyshire,Surrey,WL Madsen,PM Borrington,JJ Roy,1,0,,,,,,,,,,,,,
692937,2014,2014-06-15,"County Ground, Derby",1,15.4,15.4,Derbyshire,Surrey,PM Borrington,WL Madsen,JJ Roy,0,0,,,,,,,,,,,,,
692937,2014,2014-06-15,"County Ground, Derby",1,15.5,15.5,Derbyshire,Surrey,PM Borrington,WL Madsen,JJ Roy,0,0,,,,,,,,,,,,,
692937,2014,2014-06-15,"County Ground, Derby",1,15.6,15.6,Derbyshire,Surrey,PM Borrington,WL Madsen,JJ Roy,0,0,,,,,,,,,,,,,
692937,2014,2014-06-15,"County Ground, Derby",1,16.1,16.1,Derbyshire,Surrey,WL Madsen,PM Borrington,TK Curran,0,0,,,,,,,caught,WL Madsen,,,GC Wilson,,
692937,2014,2014-06-15,"County Ground, Derby",1,16.2,16.2,Derbyshire,Surrey,MJ North,PM Borrington,TK Curran,0,0,,,,,,,,,,,,,
692937,2014,2014-06-15,"County Ground, Derby",1,16.3,16.3,Derbyshire,Surrey,MJ North,PM Borrington,TK Curran,0,0,,,,,,,,,,,,,
692937,2014,2014-06-15,"County Ground, Derby",1,16.4,16.4,Derbyshire,Surrey,MJ North,PM Borrington,TK Curran,0,0,,,,,,,,,,,,,
692937,2014,2014-06-15,"County Ground, Derby",1,16.5,16.5,Derbyshire,Surrey,MJ North,PM Borrington,TK Curran,0,0,,,,,,,,,,,,,
692937,2014,2014-06-15,"County Ground, Derby",1,16.6,16.6,Derbyshire,Surrey,MJ North,PM Borrington,TK Curran,0,0,,,,,,,,,,,,,
692937,2014,2014-06-15,"County Ground, Derby",1,17.1,17.1,Derbyshire,Surrey,PM Borrington,MJ North,JJ Roy,2,0,,,,,,,,,,,,,
692937,2014,2014-06-15,"County Ground, Derby",1,17.2,17.2,Derbyshire,Surrey,PM Borrington,MJ North,JJ Roy,2,0,,,,,,,,,,,,,
692937,2014,2014-06-15,"County Ground, Derby",1,17.3,17.3,Derbyshire,Surrey,PM Borrington,MJ North,JJ Roy,0,0,,,,,,,,,,,,,
692937,2014,2014-06-15,"County Ground, Derby",1,17.4,17.4,Derbyshire,Surrey,PM Borrington,MJ North,JJ Roy,0,0,,,,,,,,,,,,,
692937,2014,2014-06-15,"County Ground, Derby",1,17.5,17.5,Derbyshire,Surrey,PM Borrington,MJ North,JJ Roy,0,0,,,,,,,,,,,,,
692937,2014,2014-06-15,"County Ground, Derby",1,17.6,17.6,Derbyshire,Surrey,PM Borrington,MJ North,JJ Roy,0,0,,,,,,,,,,,,,
692937,2014,2014-06-15,"County Ground, Derby",1,18.1,18.1,Derbyshire,Surrey,MJ North,PM Borrington,TK Curran,4,0,,,,,,,,,,,,,
692937,2014,2014-06-15,"County Ground, Derby",1,18.2,18.2,Derbyshire,Surrey,MJ North,PM Borrington,TK Curran,0,0,,,,,,,,,,,,,
692937,2014,2014-06-15,"County Ground, Derby",1,18.3,18.3,Derbyshire,Surrey,MJ North,PM Borrington,TK Curran,0,0,,,,,,,,,,,,,
692937,2014,2014-06-15,"County Ground, Derby",1,18.4,18.4,Derbyshire,Surrey,MJ North,PM Borrington,TK Curran,0,0,,,,,,,,,,,,,
692937,2014,2014-06-15,"County Ground, Derby",1,18.5,18.5,Derbyshire,Surrey,MJ North,PM Borrington,TK Curran,0,0,,,,,,,,,,,,,
692937,2014,2014-06-15,"County Ground, Derby",1,18.6,18.6,Derbyshire,Surrey,MJ North,PM Borrington,TK Curran,0,0,,,,,,,,,,,,,
692937,2014,2014-06-15,"County Ground, Derby",1,19.1,19.1,Derbyshire,Surrey,PM Borrington,MJ North,CT Tremlett,0,0,,,,,,,,,,,,,
692937,2014,2014-06-15,"County Ground, Derby",1,19.2,19.2,Derbyshire,Surrey,PM Borrington,MJ North,CT Tremlett,1,0,,,,,,,,,,,,,
692937,2014,2014-06-15,"County Ground, Derby",1,19.3,19.3,Derbyshire,Surrey,MJ North,PM Borrington,CT Tremlett,0,0,,,,,,,,,,,,,
692937,2014,2014-06-15,"County Ground, Derby",1,19.4,19.4,Derbyshire,Surrey,MJ North,PM Borrington,CT Tremlett,0,0,,,,,,,,,,,,,
692937,2014,2014-06-15,"County Ground, Derby",1,19.5,19.5,Derbyshire,Surrey,MJ North,PM Borrington,CT Tremlett,0,0,,,,,,,,,,,,,
692937,2014,2014-06-15,"County Ground, Derby",1,19.6,19.6,Derbyshire,Surrey,MJ North,PM Borrington,CT Tremlett,0,0,,,,,,,,,,,,,
692937,2014,2014-06-15,"County Ground, Derby",1,20.1,20.1,Derbyshire,Surrey,PM Borrington,MJ North,TK Curran,4,0,,,,,,,,,,,,,
692937,2014,2014-06-15,"County Ground, Derby",1,20.2,20.2,Derbyshire,Surrey,PM Borrington,MJ North,TK Curran,0,4,,,,4,,,,,,,,,
692937,2014,2014-06-15,"County Ground, Derby",1,20.3,20.3,Derbyshire,Surrey,PM Borrington,MJ North,TK Curran,0,0,,,,,,,,,,,,,
692937,2014,2014-06-15,"County Ground, Derby",1,20.4,20.4,Derbyshire,Surrey,PM Borrington,MJ North,TK Curran,0,0,,,,,,,,,,,,,
692937,2014,2014-06-15,"County Ground, Derby",1,20.5,20.5,Derbyshire,Surrey,PM Borrington,MJ North,TK Curran,0,0,,,,,,,,,,,,,
692937,2014,2014-06-15,"County Ground, Derby",1,20.6,20.6,Derbyshire,Surrey,PM Borrington,MJ North,TK Curran,0,0,,,,,,,,,,,,,
692937,2014,2014-06-15,"County Ground, Derby",1,21.1,21.1,Derbyshire,Surrey,MJ North,PM Borrington,CT Tremlett,0,0,,,,,,,,,,,,,
692937,2014,2014-06-15,"County Ground, Derby",1,21.2,21.2,Derbyshire,Surrey,MJ North,PM Borrington,CT Tremlett,0,0,,,,,,,,,,,,,
692937,2014,2014-06-15,"County Ground, Derby",1,21.3,21.3,Derbyshire,Surrey,MJ North,PM Borrington,CT Tremlett,0,0,,,,,,,,,,,,,
692937,2014,2014-06-15,"County Ground, Derby",1,21.4,21.4,Derbyshire,Surrey,MJ North,PM Borrington,CT Tremlett,0,0,,,,,,,,,,,,,
692937,2014,2014-06-15,"County Ground, Derby",1,21.5,21.5,Derbyshire,Surrey,MJ North,PM Borrington,CT Tremlett,0,0,,,,,,,,,,,,,
692937,2014,2014-06-15,"County Ground, Derby",1,21.6,21.6,Derbyshire,Surrey,MJ North,PM Borrington,CT Tremlett,1,0,,,,,,,,,,,,,
692937,2014,2014-06-15,"County Ground, Derby",1,22.1,22.1,Derbyshire,Surrey,MJ North,PM Borrington,TK Curran,2,0,,,,,,,,,,,,,
692937,2014,2014-06-15,"County Ground, Derby",1,22.2,22.2,Derbyshire,Surrey,MJ North,PM Borrington,TK Curran,0,0,,,,,,,,,,,,,
692937,2014,2014-06-15,"County Ground, Derby",1,22.3,22.3,Derbyshire,Surrey,MJ North,PM Borrington,TK Curran,0,0,,,,,,,,,,,,,
692937,2014,2014-06-15,"County Ground, Derby",1,22.4,22.4,Derbyshire,Surrey,MJ North,PM Borrington,TK Curran,4,0,,,,,,,,,,,,,
692937,2014,2014-06-15,"County Ground, Derby",1,22.5,22.5,Derbyshire,Surrey,MJ North,PM Borrington,TK Curran,3,0,,,,,,,,,,,,,
692937,2014,2014-06-15,"County Ground, Derby",1,22.6,22.6,Derbyshire,Surrey,PM Borrington,MJ North,TK Curran,0,0,,,,,,,,,,,,,
692937,2014,2014-06-15,"County Ground, Derby",1,23.1,23.1,Derbyshire,Surrey,MJ North,PM Borrington,CT Tremlett,4,0,,,,,,,,,,,,,
692937,2014,2014-06-15,"County Ground, Derby",1,23.2,23.2,Derbyshire,Surrey,MJ North,PM Borrington,CT Tremlett,0,0,,,,,,,,,,,,,
692937,2014,2014-06-15,"County Ground, Derby",1,23.3,23.3,Derbyshire,Surrey,MJ North,PM Borrington,CT Tremlett,0,0,,,,,,,,,,,,,
692937,2014,2014-06-15,"County Ground, Derby",1,23.4,23.4,Derbyshire,Surrey,MJ North,PM Borrington,CT Tremlett,0,0,,,,,,,,,,,,,
692937,2014,2014-06-15,"County Ground, Derby",1,23.5,23.5,Derbyshire,Surrey,MJ North,PM Borrington,CT Tremlett,4,0,,,,,,,,,,,,,
692937,2014,2014-06-15,"County Ground, Derby",1,23.6,23.6,Derbyshire,Surrey,MJ North,PM Borrington,CT Tremlett,0,0,,,,,,,,,,,,,
692937,2014,2014-06-15,"County Ground, Derby",1,24.1,24.1,Derbyshire,Surrey,PM Borrington,MJ North,GJ Batty,0,1,,,1,,,,,,,,,,
692937,2014,2014-06-15,"County Ground, Derby",1,24.2,24.2,Derbyshire,Surrey,MJ North,PM Borrington,GJ Batty,0,0,,,,,,,,,,,,,
692937,2014,2014-06-15,"County Ground, Derby",1,24.3,24.3,Derbyshire,Surrey,MJ North,PM Borrington,GJ Batty,0,0,,,,,,,,,,,,,
692937,2014,2014-06-15,"County Ground, Derby",1,24.4,24.4,Derbyshire,Surrey,MJ North,PM Borrington,GJ Batty,0,0,,,,,,,,,,,,,
692937,2014,2014-06-15,"County Ground, Derby",1,24.5,24.5,Derbyshire,Surrey,MJ North,PM Borrington,GJ Batty,0,0,,,,,,,,,,,,,
692937,2014,2014-06-15,"County Ground, Derby",1,24.6,24.6,Derbyshire,Surrey,MJ North,PM Borrington,GJ Batty,0,0,,,,,,,,,,,,,
692937,2014,2014-06-15,"County Ground, Derby",1,25.1,25.1,Derbyshire,Surrey,PM Borrington,MJ North,ZS Ansari,0,0,,,,,,,,,,,,,
692937,2014,2014-06-15,"County Ground, Derby",1,25.2,25.2,Derbyshire,Surrey,PM Borrington,MJ North,ZS Ansari,0,0,,,,,,,,,,,,,
692937,2014,2014-06-15,"County Ground, Derby",1,25.3,25.3,Derbyshire,Surrey,PM Borrington,MJ North,ZS Ansari,1,0,,,,,,,,,,,,,
692937,2014,2014-06-15,"County Ground, Derby",1,25.4,25.4,Derbyshire,Surrey,MJ North,PM Borrington,ZS Ansari,1,0,,,,,,,,,,,,,
692937,2014,2014-06-15,"County Ground, Derby",1,25.5,25.5,Derbyshire,Surrey,PM Borrington,MJ North,ZS Ansari,0,0,,,,,,,caught,PM Borrington,,,HM Amla,,
692937,2014,2014-06-15,"County Ground, Derby",1,25.6,25.6,Derbyshire,Surrey,SL Elstone,MJ North,ZS Ansari,1,0,,,,,,,,,,,,,
692937,2014,2014-06-15,"County Ground, Derby",1,26.1,26.1,Derbyshire,Surrey,SL Elstone,MJ North,TK Curran,0,0,,,,,,,,,,,,,
692937,2014,2014-06-15,"County Ground, Derby",1,26.2,26.2,Derbyshire,Surrey,SL Elstone,MJ North,TK Curran,4,0,,,,,,,,,,,,,
692937,2014,2014-06-15,"County Ground, Derby",1,26.3,26.3,Derbyshire,Surrey,SL Elstone,MJ North,TK Curran,0,0,,,,,,,,,,,,,
692937,2014,2014-06-15,"County Ground, Derby",1,26.4,26.4,Derbyshire,Surrey,SL Elstone,MJ North,TK Curran,0,0,,,,,,,,,,,,,
692937,2014,2014-06-15,"County Ground, Derby",1,26.5,26.5,Derbyshire,Surrey,SL Elstone,MJ North,TK Curran,0,0,,,,,,,,,,,,,
692937,2014,2014-06-15,"County Ground, Derby",1,26.6,26.6,Derbyshire,Surrey,SL Elstone,MJ North,TK Curran,4,0,,,,,,,,,,,,,
692937,2014,2014-06-15,"County Ground, Derby",1,27.1,27.1,Derbyshire,Surrey,MJ North,SL Elstone,ZS Ansari,0,0,,,,,,,,,,,,,
692937,2014,2014-06-15,"County Ground, Derby",1,27.2,27.2,Derbyshire,Surrey,MJ North,SL Elstone,ZS Ansari,1,0,,,,,,,,,,,,,
692937,2014,2014-06-15,"County Ground, Derby",1,27.3,27.3,Derbyshire,Surrey,SL Elstone,MJ North,ZS Ansari,0,0,,,,,,,,,,,,,
692937,2014,2014-06-15,"County Ground, Derby",1,27.4,27.4,Derbyshire,Surrey,SL Elstone,MJ North,ZS Ansari,0,0,,,,,,,,,,,,,
692937,2014,2014-06-15,"County Ground, Derby",1,27.5,27.5,Derbyshire,Surrey,SL Elstone,MJ North,ZS Ansari,0,0,,,,,,,,,,,,,
692937,2014,2014-06-15,"County Ground, Derby",1,27.6,27.6,Derbyshire,Surrey,SL Elstone,MJ North,ZS Ansari,0,0,,,,,,,,,,,,,
692937,2014,2014-06-15,"County Ground, Derby",1,28.1,28.1,Derbyshire,Surrey,MJ North,SL Elstone,TK Curran,0,0,,,,,,,,,,,,,
692937,2014,2014-06-15,"County Ground, Derby",1,28.2,28.2,Derbyshire,Surrey,MJ North,SL Elstone,TK Curran,0,0,,,,,,,,,,,,,
692937,2014,2014-06-15,"County Ground, Derby",1,28.3,28.3,Derbyshire,Surrey,MJ North,SL Elstone,TK Curran,0,0,,,,,,,,,,,,,
692937,2014,2014-06-15,"County Ground, Derby",1,28.4,28.4,Derbyshire,Surrey,MJ North,SL Elstone,TK Curran,1,0,,,,,,,,,,,,,
692937,2014,2014-06-15,"County Ground, Derby",1,28.5,28.5,Derbyshire,Surrey,SL Elstone,MJ North,TK Curran,0,0,,,,,,,,,,,,,
692937,2014,2014-06-15,"County Ground, Derby",1,28.6,28.6,Derbyshire,Surrey,SL Elstone,MJ North,TK Curran,0,0,,,,,,,,,,,,,
692937,2014,2014-06-15,"County Ground, Derby",1,29.1,29.1,Derbyshire,Surrey,MJ North,SL Elstone,ZS Ansari,3,0,,,,,,,,,,,,,
692937,2014,2014-06-15,"County Ground, Derby",1,29.2,29.2,Derbyshire,Surrey,SL Elstone,MJ North,ZS Ansari,0,0,,,,,,,,,,,,,
692937,2014,2014-06-15,"County Ground, Derby",1,29.3,29.3,Derbyshire,Surrey,SL Elstone,MJ North,ZS Ansari,0,0,,,,,,,,,,,,,
692937,2014,2014-06-15,"County Ground, Derby",1,29.4,29.4,Derbyshire,Surrey,SL Elstone,MJ North,ZS Ansari,0,0,,,,,,,,,,,,,
692937,2014,2014-06-15,"County Ground, Derby",1,29.5,29.5,Derbyshire,Surrey,SL Elstone,MJ North,ZS Ansari,0,0,,,,,,,,,,,,,
692937,2014,2014-06-15,"County Ground, Derby",1,29.6,29.6,Derbyshire,Surrey,SL Elstone,MJ North,ZS Ansari,0,0,,,,,,,,,,,,,
692937,2014,2014-06-15,"County Ground, Derby",1,30.1,30.1,Derbyshire,Surrey,MJ North,SL Elstone,JW Dernbach,0,0,,,,,,,,,,,,,
692937,2014,2014-06-15,"County Ground, Derby",1,30.2,30.2,Derbyshire,Surrey,MJ North,SL Elstone,JW Dernbach,0,0,,,,,,,,,,,,,
692937,2014,2014-06-15,"County Ground, Derby",1,30.3,30.3,Derbyshire,Surrey,MJ North,SL Elstone,JW Dernbach,0,0,,,,,,,,,,,,,
692937,2014,2014-06-15,"County Ground, Derby",1,30.4,30.4,Derbyshire,Surrey,MJ North,SL Elstone,JW Dernbach,0,0,,,,,,,,,,,,,
692937,2014,2014-06-15,"County Ground, Derby",1,30.5,30.5,Derbyshire,Surrey,MJ North,SL Elstone,JW Dernbach,0,0,,,,,,,,,,,,,
692937,2014,2014-06-15,"County Ground, Derby",1,30.6,30.6,Derbyshire,Surrey,MJ North,SL Elstone,JW Dernbach,0,0,,,,,,,,,,,,,
692937,2014,2014-06-15,"County Ground, Derby",1,31.1,31.1,Derbyshire,Surrey,SL Elstone,MJ North,TK Curran,0,0,,,,,,,,,,,,,
692937,2014,2014-06-15,"County Ground, Derby",1,31.2,31.2,Derbyshire,Surrey,SL Elstone,MJ North,TK Curran,0,0,,,,,,,,,,,,,
692937,2014,2014-06-15,"County Ground, Derby",1,31.3,31.3,Derbyshire,Surrey,SL Elstone,MJ North,TK Curran,0,0,,,,,,,,,,,,,
692937,2014,2014-06-15,"County Ground, Derby",1,31.4,31.4,Derbyshire,Surrey,SL Elstone,MJ North,TK Curran,0,0,,,,,,,,,,,,,
692937,2014,2014-06-15,"County Ground, Derby",1,31.5,31.5,Derbyshire,Surrey,SL Elstone,MJ North,TK Curran,0,0,,,,,,,,,,,,,
692937,2014,2014-06-15,"County Ground, Derby",1,31.6,31.6,Derbyshire,Surrey,SL Elstone,MJ North,TK Curran,0,0,,,,,,,,,,,,,
692937,2014,2014-06-15,"County Ground, Derby",1,32.1,32.1,Derbyshire,Surrey,MJ North,SL Elstone,JW Dernbach,0,0,,,,,,,,,,,,,
692937,2014,2014-06-15,"County Ground, Derby",1,32.2,32.2,Derbyshire,Surrey,MJ North,SL Elstone,JW Dernbach,0,0,,,,,,,,,,,,,
692937,2014,2014-06-15,"County Ground, Derby",1,32.3,32.3,Derbyshire,Surrey,MJ North,SL Elstone,JW Dernbach,0,0,,,,,,,,,,,,,
692937,2014,2014-06-15,"County Ground, Derby",1,32.4,32.4,Derbyshire,Surrey,MJ North,SL Elstone,JW Dernbach,0,0,,,,,,,,,,,,,
692937,2014,2014-06-15,"County Ground, Derby",1,32.5,32.5,Derbyshire,Surrey,MJ North,SL Elstone,JW Dernbach,4,0,,,,,,,,,,,,,
692937,2014,2014-06-15,"County Ground, Derby",1,32.6,32.6,Derbyshire,Surrey,MJ North,SL Elstone,JW Dernbach,0,0,,,,,,,,,,,,,
692937,2014,2014-06-15,"County Ground, Derby",1,33.1,33.1,Derbyshire,Surrey,SL Elstone,MJ North,TK Curran,0,0,,,,,,,,,,,,,
692937,2014,2014-06-15,"County Ground, Derby",1,33.2,33.2,Derbyshire,Surrey,SL Elstone,MJ North,TK Curran,0,0,,,,,,,,,,,,,
692937,2014,2014-06-15,"County Ground, Derby",1,33.3,33.3,Derbyshire,Surrey,SL Elstone,MJ North,TK Curran,0,0,,,,,,,,,,,,,
692937,2014,2014-06-15,"County Ground, Derby",1,33.4,33.4,Derbyshire,Surrey,SL Elstone,MJ North,TK Curran,0,0,,,,,,,,,,,,,
692937,2014,2014-06-15,"County Ground, Derby",1,33.5,33.5,Derbyshire,Surrey,SL Elstone,MJ North,TK Curran,0,0,,,,,,,,,,,,,
692937,2014,2014-06-15,"County Ground, Derby",1,33.6,33.6,Derbyshire,Surrey,SL Elstone,MJ North,TK Curran,0,0,,,,,,,,,,,,,
692937,2014,2014-06-15,"County Ground, Derby",1,34.1,34.1,Derbyshire,Surrey,MJ North,SL Elstone,JW Dernbach,0,0,,,,,,,,,,,,,
692937,2014,2014-06-15,"County Ground, Derby",1,34.2,34.2,Derbyshire,Surrey,MJ North,SL Elstone,JW Dernbach,0,0,,,,,,,,,,,,,
692937,2014,2014-06-15,"County Ground, Derby",1,34.3,34.3,Derbyshire,Surrey,MJ North,SL Elstone,JW Dernbach,4,0,,,,,,,,,,,,,
692937,2014,2014-06-15,"County Ground, Derby",1,34.4,34.4,Derbyshire,Surrey,MJ North,SL Elstone,JW Dernbach,0,0,,,,,,,,,,,,,
692937,2014,2014-06-15,"County Ground, Derby",1,34.5,34.5,Derbyshire,Surrey,MJ North,SL Elstone,JW Dernbach,0,0,,,,,,,,,,,,,
692937,2014,2014-06-15,"County Ground, Derby",1,34.6,34.6,Derbyshire,Surrey,MJ North,SL Elstone,JW Dernbach,0,0,,,,,,,,,,,,,
692937,2014,2014-06-15,"County Ground, Derby",1,35.1,35.1,Derbyshire,Surrey,SL Elstone,MJ North,TK Curran,0,0,,,,,,,,,,,,,
692937,2014,2014-06-15,"County Ground, Derby",1,35.2,35.2,Derbyshire,Surrey,SL Elstone,MJ North,TK Curran,0,0,,,,,,,,,,,,,
692937,2014,2014-06-15,"County Ground, Derby",1,35.3,35.3,Derbyshire,Surrey,SL Elstone,MJ North,TK Curran,0,0,,,,,,,,,,,,,
692937,2014,2014-06-15,"County Ground, Derby",1,35.4,35.4,Derbyshire,Surrey,SL Elstone,MJ North,TK Curran,0,0,,,,,,,,,,,,,
692937,2014,2014-06-15,"County Ground, Derby",1,35.5,35.5,Derbyshire,Surrey,SL Elstone,MJ North,TK Curran,0,0,,,,,,,,,,,,,
692937,2014,2014-06-15,"County Ground, Derby",1,35.6,35.6,Derbyshire,Surrey,SL Elstone,MJ North,TK Curran,4,0,,,,,,,,,,,,,
692937,2014,2014-06-15,"County Ground, Derby",1,36.1,36.1,Derbyshire,Surrey,MJ North,SL Elstone,JW Dernbach,0,0,,,,,,,,,,,,,
692937,2014,2014-06-15,"County Ground, Derby",1,36.2,36.2,Derbyshire,Surrey,MJ North,SL Elstone,JW Dernbach,4,0,,,,,,,,,,,,,
692937,2014,2014-06-15,"County Ground, Derby",1,36.3,36.3,Derbyshire,Surrey,MJ North,SL Elstone,JW Dernbach,4,0,,,,,,,,,,,,,
692937,2014,2014-06-15,"County Ground, Derby",1,36.4,36.4,Derbyshire,Surrey,MJ North,SL Elstone,JW Dernbach,0,0,,,,,,,caught,MJ North,,,GC Wilson,,
692937,2014,2014-06-15,"County Ground, Derby",1,36.5,36.5,Derbyshire,Surrey,AL Hughes,SL Elstone,JW Dernbach,0,0,,,,,,,,,,,,,
692937,2014,2014-06-15,"County Ground, Derby",1,36.6,36.6,Derbyshire,Surrey,AL Hughes,SL Elstone,JW Dernbach,0,0,,,,,,,caught,AL Hughes,,,ZS Ansari,,
692937,2014,2014-06-15,"County Ground, Derby",1,37.1,37.1,Derbyshire,Surrey,SL Elstone,GD Cross,TK Curran,0,0,,,,,,,,,,,,,
692937,2014,2014-06-15,"County Ground, Derby",1,37.2,37.2,Derbyshire,Surrey,SL Elstone,GD Cross,TK Curran,0,0,,,,,,,,,,,,,
692937,2014,2014-06-15,"County Ground, Derby",1,37.3,37.3,Derbyshire,Surrey,SL Elstone,GD Cross,TK Curran,0,0,,,,,,,,,,,,,
692937,2014,2014-06-15,"County Ground, Derby",1,37.4,37.4,Derbyshire,Surrey,SL Elstone,GD Cross,TK Curran,0,0,,,,,,,,,,,,,
692937,2014,2014-06-15,"County Ground, Derby",1,37.5,37.5,Derbyshire,Surrey,SL Elstone,GD Cross,TK Curran,0,0,,,,,,,,,,,,,
692937,2014,2014-06-15,"County Ground, Derby",1,37.6,37.6,Derbyshire,Surrey,SL Elstone,GD Cross,TK Curran,0,0,,,,,,,,,,,,,
692937,2014,2014-06-15,"County Ground, Derby",1,38.1,38.1,Derbyshire,Surrey,GD Cross,SL Elstone,JW Dernbach,0,0,,,,,,,,,,,,,
692937,2014,2014-06-15,"County Ground, Derby",1,38.2,38.2,Derbyshire,Surrey,GD Cross,SL Elstone,JW Dernbach,1,0,,,,,,,,,,,,,
692937,2014,2014-06-15,"County Ground, Derby",1,38.3,38.3,Derbyshire,Surrey,SL Elstone,GD Cross,JW Dernbach,0,0,,,,,,,,,,,,,
692937,2014,2014-06-15,"County Ground, Derby",1,38.4,38.4,Derbyshire,Surrey,SL Elstone,GD Cross,JW Dernbach,2,0,,,,,,,,,,,,,
692937,2014,2014-06-15,"County Ground, Derby",1,38.5,38.5,Derbyshire,Surrey,SL Elstone,GD Cross,JW Dernbach,0,0,,,,,,,caught,SL Elstone,,,HM Amla,,
692937,2014,2014-06-15,"County Ground, Derby",1,38.6,38.6,Derbyshire,Surrey,DJ Wainwright,GD Cross,JW Dernbach,0,0,,,,,,,,,,,,,
692937,2014,2014-06-15,"County Ground, Derby",1,39.1,39.1,Derbyshire,Surrey,GD Cross,DJ Wainwright,TK Curran,0,0,,,,,,,,,,,,,
692937,2014,2014-06-15,"County Ground, Derby",1,39.2,39.2,Derbyshire,Surrey,GD Cross,DJ Wainwright,TK Curran,0,0,,,,,,,,,,,,,
692937,2014,2014-06-15,"County Ground, Derby",1,39.3,39.3,Derbyshire,Surrey,GD Cross,DJ Wainwright,TK Curran,0,0,,,,,,,,,,,,,
692937,2014,2014-06-15,"County Ground, Derby",1,39.4,39.4,Derbyshire,Surrey,GD Cross,DJ Wainwright,TK Curran,1,0,,,,,,,,,,,,,
692937,2014,2014-06-15,"County Ground, Derby",1,39.5,39.5,Derbyshire,Surrey,DJ Wainwright,GD Cross,TK Curran,0,0,,,,,,,,,,,,,
692937,2014,2014-06-15,"County Ground, Derby",1,39.6,39.6,Derbyshire,Surrey,DJ Wainwright,GD Cross,TK Curran,0,0,,,,,,,,,,,,,
692937,2014,2014-06-15,"County Ground, Derby",1,40.1,40.1,Derbyshire,Surrey,GD Cross,DJ Wainwright,JW Dernbach,0,4,,,4,,,,,,,,,,
692937,2014,2014-06-15,"County Ground, Derby",1,40.2,40.2,Derbyshire,Surrey,GD Cross,DJ Wainwright,JW Dernbach,0,0,,,,,,,,,,,,,
692937,2014,2014-06-15,"County Ground, Derby",1,40.3,40.3,Derbyshire,Surrey,GD Cross,DJ Wainwright,JW Dernbach,0,0,,,,,,,,,,,,,
692937,2014,2014-06-15,"County Ground, Derby",1,40.4,40.4,Derbyshire,Surrey,GD Cross,DJ Wainwright,JW Dernbach,2,0,,,,,,,,,,,,,
692937,2014,2014-06-15,"County Ground, Derby",1,40.5,40.5,Derbyshire,Surrey,GD Cross,DJ Wainwright,JW Dernbach,0,0,,,,,,,,,,,,,
692937,2014,2014-06-15,"County Ground, Derby",1,40.6,40.6,Derbyshire,Surrey,GD Cross,DJ Wainwright,JW Dernbach,0,0,,,,,,,,,,,,,
692937,2014,2014-06-15,"County Ground, Derby",1,41.1,41.1,Derbyshire,Surrey,DJ Wainwright,GD Cross,TK Curran,0,0,,,,,,,,,,,,,
692937,2014,2014-06-15,"County Ground, Derby",1,41.2,41.2,Derbyshire,Surrey,DJ Wainwright,GD Cross,TK Curran,0,0,,,,,,,,,,,,,
692937,2014,2014-06-15,"County Ground, Derby",1,41.3,41.3,Derbyshire,Surrey,DJ Wainwright,GD Cross,TK Curran,0,0,,,,,,,,,,,,,
692937,2014,2014-06-15,"County Ground, Derby",1,41.4,41.4,Derbyshire,Surrey,DJ Wainwright,GD Cross,TK Curran,0,0,,,,,,,,,,,,,
692937,2014,2014-06-15,"County Ground, Derby",1,41.5,41.5,Derbyshire,Surrey,DJ Wainwright,GD Cross,TK Curran,0,0,,,,,,,caught,DJ Wainwright,,,ZS Ansari,,
692937,2014,2014-06-15,"County Ground, Derby",1,41.6,41.6,Derbyshire,Surrey,AP Palladino,GD Cross,TK Curran,0,0,,,,,,,,,,,,,
692937,2014,2014-06-15,"County Ground, Derby",1,42.1,42.1,Derbyshire,Surrey,GD Cross,AP Palladino,JW Dernbach,0,0,,,,,,,,,,,,,
692937,2014,2014-06-15,"County Ground, Derby",1,42.2,42.2,Derbyshire,Surrey,GD Cross,AP Palladino,JW Dernbach,0,0,,,,,,,,,,,,,
692937,2014,2014-06-15,"County Ground, Derby",1,42.3,42.3,Derbyshire,Surrey,GD Cross,AP Palladino,JW Dernbach,0,0,,,,,,,,,,,,,
692937,2014,2014-06-15,"County Ground, Derby",1,42.4,42.4,Derbyshire,Surrey,GD Cross,AP Palladino,JW Dernbach,3,0,,,,,,,,,,,,,
692937,2014,2014-06-15,"County Ground, Derby",1,42.5,42.5,Derbyshire,Surrey,AP Palladino,GD Cross,JW Dernbach,0,0,,,,,,,,,,,,,
692937,2014,2014-06-15,"County Ground, Derby",1,42.6,42.6,Derbyshire,Surrey,AP Palladino,GD Cross,JW Dernbach,0,0,,,,,,,,,,,,,
692937,2014,2014-06-15,"County Ground, Derby",1,43.1,43.1,Derbyshire,Surrey,GD Cross,AP Palladino,TK Curran,4,0,,,,,,,,,,,,,
692937,2014,2014-06-15,"County Ground, Derby",1,43.2,43.2,Derbyshire,Surrey,GD Cross,AP Palladino,TK Curran,4,0,,,,,,,,,,,,,
692937,2014,2014-06-15,"County Ground, Derby",1,43.3,43.3,Derbyshire,Surrey,GD Cross,AP Palladino,TK Curran,0,0,,,,,,,,,,,,,
692937,2014,2014-06-15,"County Ground, Derby",1,43.4,43.4,Derbyshire,Surrey,GD Cross,AP Palladino,TK Curran,0,0,,,,,,,,,,,,,
692937,2014,2014-06-15,"County Ground, Derby",1,43.5,43.5,Derbyshire,Surrey,GD Cross,AP Palladino,TK Curran,0,0,,,,,,,,,,,,,
692937,2014,2014-06-15,"County Ground, Derby",1,43.6,43.6,Derbyshire,Surrey,GD Cross,AP Palladino,TK Curran,0,0,,,,,,,,,,,,,
692937,2014,2014-06-15,"County Ground, Derby",1,44.1,44.1,Derbyshire,Surrey,AP Palladino,GD Cross,JW Dernbach,0,0,,,,,,,,,,,,,
692937,2014,2014-06-15,"County Ground, Derby",1,44.2,44.2,Derbyshire,Surrey,AP Palladino,GD Cross,JW Dernbach,1,0,,,,,,,,,,,,,
692937,2014,2014-06-15,"County Ground, Derby",1,44.3,44.3,Derbyshire,Surrey,GD Cross,AP Palladino,JW Dernbach,0,0,,,,,,,,,,,,,
692937,2014,2014-06-15,"County Ground, Derby",1,44.4,44.4,Derbyshire,Surrey,GD Cross,AP Palladino,JW Dernbach,0,0,,,,,,,,,,,,,
692937,2014,2014-06-15,"County Ground, Derby",1,44.5,44.5,Derbyshire,Surrey,GD Cross,AP Palladino,JW Dernbach,4,0,,,,,,,,,,,,,
692937,2014,2014-06-15,"County Ground, Derby",1,44.6,44.6,Derbyshire,Surrey,GD Cross,AP Palladino,JW Dernbach,0,0,,,,,,,,,,,,,
692937,2014,2014-06-15,"County Ground, Derby",1,45.1,45.1,Derbyshire,Surrey,AP Palladino,GD Cross,TK Curran,0,0,,,,,,,,,,,,,
692937,2014,2014-06-15,"County Ground, Derby",1,45.2,45.2,Derbyshire,Surrey,AP Palladino,GD Cross,TK Curran,0,0,,,,,,,,,,,,,
692937,2014,2014-06-15,"County Ground, Derby",1,45.3,45.3,Derbyshire,Surrey,AP Palladino,GD Cross,TK Curran,0,0,,,,,,,,,,,,,
692937,2014,2014-06-15,"County Ground, Derby",1,45.4,45.4,Derbyshire,Surrey,AP Palladino,GD Cross,TK Curran,4,0,,,,,,,,,,,,,
692937,2014,2014-06-15,"County Ground, Derby",1,45.5,45.5,Derbyshire,Surrey,AP Palladino,GD Cross,TK Curran,0,0,,,,,,,caught,AP Palladino,,,GC Wilson,,
692937,2014,2014-06-15,"County Ground, Derby",1,45.6,45.6,Derbyshire,Surrey,TAI Taylor,GD Cross,TK Curran,0,0,,,,,,,,,,,,,
692937,2014,2014-06-15,"County Ground, Derby",1,46.1,46.1,Derbyshire,Surrey,GD Cross,TAI Taylor,CT Tremlett,1,0,,,,,,,,,,,,,
692937,2014,2014-06-15,"County Ground, Derby",1,46.2,46.2,Derbyshire,Surrey,TAI Taylor,GD Cross,CT Tremlett,0,0,,,,,,,,,,,,,
692937,2014,2014-06-15,"County Ground, Derby",1,46.3,46.3,Derbyshire,Surrey,TAI Taylor,GD Cross,CT Tremlett,0,0,,,,,,,,,,,,,
692937,2014,2014-06-15,"County Ground, Derby",1,46.4,46.4,Derbyshire,Surrey,TAI Taylor,GD Cross,CT Tremlett,0,0,,,,,,,,,,,,,
692937,2014,2014-06-15,"County Ground, Derby",1,46.5,46.5,Derbyshire,Surrey,TAI Taylor,GD Cross,CT Tremlett,0,0,,,,,,,,,,,,,
692937,2014,2014-06-15,"County Ground, Derby",1,46.6,46.6,Derbyshire,Surrey,TAI Taylor,GD Cross,CT Tremlett,4,0,,,,,,,,,,,,,
692937,2014,2014-06-15,"County Ground, Derby",1,47.1,47.1,Derbyshire,Surrey,GD Cross,TAI Taylor,TK Curran,0,0,,,,,,,,,,,,,
692937,2014,2014-06-15,"County Ground, Derby",1,47.2,47.2,Derbyshire,Surrey,GD Cross,TAI Taylor,TK Curran,1,0,,,,,,,,,,,,,
692937,2014,2014-06-15,"County Ground, Derby",1,47.3,47.3,Derbyshire,Surrey,TAI Taylor,GD Cross,TK Curran,0,0,,,,,,,,,,,,,
692937,2014,2014-06-15,"County Ground, Derby",1,47.4,47.4,Derbyshire,Surrey,TAI Taylor,GD Cross,TK Curran,4,0,,,,,,,,,,,,,
692937,2014,2014-06-15,"County Ground, Derby",1,47.5,47.5,Derbyshire,Surrey,TAI Taylor,GD Cross,TK Curran,0,0,,,,,,,,,,,,,
692937,2014,2014-06-15,"County Ground, Derby",1,47.6,47.6,Derbyshire,Surrey,TAI Taylor,GD Cross,TK Curran,0,0,,,,,,,,,,,,,
692937,2014,2014-06-15,"County Ground, Derby",1,48.1,48.1,Derbyshire,Surrey,GD Cross,TAI Taylor,CT Tremlett,0,0,,,,,,,,,,,,,
692937,2014,2014-06-15,"County Ground, Derby",1,48.2,48.2,Derbyshire,Surrey,GD Cross,TAI Taylor,CT Tremlett,2,0,,,,,,,,,,,,,
692937,2014,2014-06-15,"County Ground, Derby",1,48.3,48.3,Derbyshire,Surrey,GD Cross,TAI Taylor,CT Tremlett,4,0,,,,,,,,,,,,,
692937,2014,2014-06-15,"County Ground, Derby",1,48.4,48.4,Derbyshire,Surrey,GD Cross,TAI Taylor,CT Tremlett,0,0,,,,,,,caught,GD Cross,,,JW Dernbach,,
692937,2014,2014-06-15,"County Ground, Derby",1,48.5,48.5,Derbyshire,Surrey,TAI Taylor,MHA Footitt,CT Tremlett,4,0,,,,,,,,,,,,,
692937,2014,2014-06-15,"County Ground, Derby",1,48.6,48.6,Derbyshire,Surrey,TAI Taylor,MHA Footitt,CT Tremlett,0,0,,,,,,,,,,,,,
692937,2014,2014-06-15,"County Ground, Derby",1,49.1,49.1,Derbyshire,Surrey,MHA Footitt,TAI Taylor,TK Curran,0,0,,,,,,,,,,,,,
692937,2014,2014-06-15,"County Ground, Derby",1,49.2,49.2,Derbyshire,Surrey,MHA Footitt,TAI Taylor,TK Curran,3,0,,,,,,,,,,,,,
692937,2014,2014-06-15,"County Ground, Derby",1,49.3,49.3,Derbyshire,Surrey,TAI Taylor,MHA Footitt,TK Curran,0,0,,,,,,,,,,,,,
692937,2014,2014-06-15,"County Ground, Derby",1,49.4,49.4,Derbyshire,Surrey,TAI Taylor,MHA Footitt,TK Curran,0,0,,,,,,,caught,TAI Taylor,,,SM Davies,,
692937,2014,2014-06-15,"County Ground, Derby",2,0.1,0.1,Surrey,Derbyshire,RJ Burns,ZS Ansari,MHA Footitt,0,0,,,,,,,,,,,,,
692937,2014,2014-06-15,"County Ground, Derby",2,0.2,0.2,Surrey,Derbyshire,RJ Burns,ZS Ansari,MHA Footitt,0,0,,,,,,,lbw,RJ Burns,,,,,
692937,2014,2014-06-15,"County Ground, Derby",2,0.3,0.3,Surrey,Derbyshire,HM Amla,ZS Ansari,MHA Footitt,0,0,,,,,,,,,,,,,
692937,2014,2014-06-15,"County Ground, Derby",2,0.4,0.4,Surrey,Derbyshire,HM Amla,ZS Ansari,MHA Footitt,1,0,,,,,,,,,,,,,
692937,2014,2014-06-15,"County Ground, Derby",2,0.5,0.5,Surrey,Derbyshire,ZS Ansari,HM Amla,MHA Footitt,0,0,,,,,,,,,,,,,
692937,2014,2014-06-15,"County Ground, Derby",2,0.6,0.6,Surrey,Derbyshire,ZS Ansari,HM Amla,MHA Footitt,0,0,,,,,,,,,,,,,
692937,2014,2014-06-15,"County Ground, Derby",2,1.1,1.1,Surrey,Derbyshire,HM Amla,ZS Ansari,AP Palladino,0,0,,,,,,,,,,,,,
692937,2014,2014-06-15,"County Ground, Derby",2,1.2,1.2,Surrey,Derbyshire,HM Amla,ZS Ansari,AP Palladino,0,0,,,,,,,,,,,,,
692937,2014,2014-06-15,"County Ground, Derby",2,1.3,1.3,Surrey,Derbyshire,HM Amla,ZS Ansari,AP Palladino,0,0,,,,,,,,,,,,,
692937,2014,2014-06-15,"County Ground, Derby",2,1.4,1.4,Surrey,Derbyshire,HM Amla,ZS Ansari,AP Palladino,0,0,,,,,,,,,,,,,
692937,2014,2014-06-15,"County Ground, Derby",2,1.5,1.5,Surrey,Derbyshire,HM Amla,ZS Ansari,AP Palladino,0,0,,,,,,,,,,,,,
692937,2014,2014-06-15,"County Ground, Derby",2,1.6,1.6,Surrey,Derbyshire,HM Amla,ZS Ansari,AP Palladino,0,0,,,,,,,,,,,,,
692937,2014,2014-06-15,"County Ground, Derby",2,2.1,2.1,Surrey,Derbyshire,ZS Ansari,HM Amla,MHA Footitt,0,0,,,,,,,,,,,,,
692937,2014,2014-06-15,"County Ground, Derby",2,2.2,2.2,Surrey,Derbyshire,ZS Ansari,HM Amla,MHA Footitt,3,0,,,,,,,,,,,,,
692937,2014,2014-06-15,"County Ground, Derby",2,2.3,2.3,Surrey,Derbyshire,HM Amla,ZS Ansari,MHA Footitt,0,0,,,,,,,,,,,,,
692937,2014,2014-06-15,"County Ground, Derby",2,2.4,2.4,Surrey,Derbyshire,HM Amla,ZS Ansari,MHA Footitt,0,0,,,,,,,,,,,,,
692937,2014,2014-06-15,"County Ground, Derby",2,2.5,2.5,Surrey,Derbyshire,HM Amla,ZS Ansari,MHA Footitt,3,0,,,,,,,,,,,,,
692937,2014,2014-06-15,"County Ground, Derby",2,2.6,2.6,Surrey,Derbyshire,ZS Ansari,HM Amla,MHA Footitt,0,0,,,,,,,,,,,,,
692937,2014,2014-06-15,"County Ground, Derby",2,3.1,3.1,Surrey,Derbyshire,HM Amla,ZS Ansari,AP Palladino,0,0,,,,,,,,,,,,,
692937,2014,2014-06-15,"County Ground, Derby",2,3.2,3.2,Surrey,Derbyshire,HM Amla,ZS Ansari,AP Palladino,4,0,,,,,,,,,,,,,
692937,2014,2014-06-15,"County Ground, Derby",2,3.3,3.3,Surrey,Derbyshire,HM Amla,ZS Ansari,AP Palladino,1,0,,,,,,,,,,,,,
692937,2014,2014-06-15,"County Ground, Derby",2,3.4,3.4,Surrey,Derbyshire,ZS Ansari,HM Amla,AP Palladino,0,0,,,,,,,,,,,,,
692937,2014,2014-06-15,"County Ground, Derby",2,3.5,3.5,Surrey,Derbyshire,ZS Ansari,HM Amla,AP Palladino,0,0,,,,,,,,,,,,,
692937,2014,2014-06-15,"County Ground, Derby",2,3.6,3.6,Surrey,Derbyshire,ZS Ansari,HM Amla,AP Palladino,0,0,,,,,,,,,,,,,
692937,2014,2014-06-15,"County Ground, Derby",2,4.1,4.1,Surrey,Derbyshire,HM Amla,ZS Ansari,MHA Footitt,0,0,,,,,,,,,,,,,
692937,2014,2014-06-15,"County Ground, Derby",2,4.2,4.2,Surrey,Derbyshire,HM Amla,ZS Ansari,MHA Footitt,0,0,,,,,,,,,,,,,
692937,2014,2014-06-15,"County Ground, Derby",2,4.3,4.3,Surrey,Derbyshire,HM Amla,ZS Ansari,MHA Footitt,0,0,,,,,,,,,,,,,
692937,2014,2014-06-15,"County Ground, Derby",2,4.4,4.4,Surrey,Derbyshire,HM Amla,ZS Ansari,MHA Footitt,0,0,,,,,,,,,,,,,
692937,2014,2014-06-15,"County Ground, Derby",2,4.5,4.5,Surrey,Derbyshire,HM Amla,ZS Ansari,MHA Footitt,0,0,,,,,,,,,,,,,
692937,2014,2014-06-15,"County Ground, Derby",2,4.6,4.6,Surrey,Derbyshire,HM Amla,ZS Ansari,MHA Footitt,0,0,,,,,,,,,,,,,
692937,2014,2014-06-15,"County Ground, Derby",2,5.1,5.1,Surrey,Derbyshire,ZS Ansari,HM Amla,AP Palladino,0,0,,,,,,,,,,,,,
692937,2014,2014-06-15,"County Ground, Derby",2,5.2,5.2,Surrey,Derbyshire,ZS Ansari,HM Amla,AP Palladino,0,0,,,,,,,,,,,,,
692937,2014,2014-06-15,"County Ground, Derby",2,5.3,5.3,Surrey,Derbyshire,ZS Ansari,HM Amla,AP Palladino,0,0,,,,,,,,,,,,,
692937,2014,2014-06-15,"County Ground, Derby",2,5.4,5.4,Surrey,Derbyshire,ZS Ansari,HM Amla,AP Palladino,0,0,,,,,,,,,,,,,
692937,2014,2014-06-15,"County Ground, Derby",2,5.5,5.5,Surrey,Derbyshire,ZS Ansari,HM Amla,AP Palladino,4,0,,,,,,,,,,,,,
692937,2014,2014-06-15,"County Ground, Derby",2,5.6,5.6,Surrey,Derbyshire,ZS Ansari,HM Amla,AP Palladino,0,4,,,,4,,,,,,,,,
692937,2014,2014-06-15,"County Ground, Derby",2,6.1,6.1,Surrey,Derbyshire,HM Amla,ZS Ansari,MHA Footitt,0,0,,,,,,,,,,,,,
692937,2014,2014-06-15,"County Ground, Derby",2,6.2,6.2,Surrey,Derbyshire,HM Amla,ZS Ansari,MHA Footitt,0,0,,,,,,,,,,,,,
692937,2014,2014-06-15,"County Ground, Derby",2,6.3,6.3,Surrey,Derbyshire,HM Amla,ZS Ansari,MHA Footitt,4,0,,,,,,,,,,,,,
692937,2014,2014-06-15,"County Ground, Derby",2,6.4,6.4,Surrey,Derbyshire,HM Amla,ZS Ansari,MHA Footitt,1,0,,,,,,,,,,,,,
692937,2014,2014-06-15,"County Ground, Derby",2,6.5,6.5,Surrey,Derbyshire,ZS Ansari,HM Amla,MHA Footitt,0,0,,,,,,,,,,,,,
692937,2014,2014-06-15,"County Ground, Derby",2,6.6,6.6,Surrey,Derbyshire,ZS Ansari,HM Amla,MHA Footitt,0,0,,,,,,,,,,,,,
692937,2014,2014-06-15,"County Ground, Derby",2,7.1,7.1,Surrey,Derbyshire,HM Amla,ZS Ansari,AP Palladino,1,0,,,,,,,,,,,,,
692937,2014,2014-06-15,"County Ground, Derby",2,7.2,7.2,Surrey,Derbyshire,ZS Ansari,HM Amla,AP Palladino,0,0,,,,,,,,,,,,,
692937,2014,2014-06-15,"County Ground, Derby",2,7.3,7.3,Surrey,Derbyshire,ZS Ansari,HM Amla,AP Palladino,0,0,,,,,,,,,,,,,
692937,2014,2014-06-15,"County Ground, Derby",2,7.4,7.4,Surrey,Derbyshire,ZS Ansari,HM Amla,AP Palladino,0,0,,,,,,,,,,,,,
692937,2014,2014-06-15,"County Ground, Derby",2,7.5,7.5,Surrey,Derbyshire,ZS Ansari,HM Amla,AP Palladino,1,0,,,,,,,,,,,,,
692937,2014,2014-06-15,"County Ground, Derby",2,7.6,7.6,Surrey,Derbyshire,HM Amla,ZS Ansari,AP Palladino,0,0,,,,,,,,,,,,,
692937,2014,2014-06-15,"County Ground, Derby",2,8.1,8.1,Surrey,Derbyshire,ZS Ansari,HM Amla,TAI Taylor,0,0,,,,,,,,,,,,,
692937,2014,2014-06-15,"County Ground, Derby",2,8.2,8.2,Surrey,Derbyshire,ZS Ansari,HM Amla,TAI Taylor,0,0,,,,,,,,,,,,,
692937,2014,2014-06-15,"County Ground, Derby",2,8.3,8.3,Surrey,Derbyshire,ZS Ansari,HM Amla,TAI Taylor,1,0,,,,,,,,,,,,,
692937,2014,2014-06-15,"County Ground, Derby",2,8.4,8.4,Surrey,Derbyshire,HM Amla,ZS Ansari,TAI Taylor,0,0,,,,,,,,,,,,,
692937,2014,2014-06-15,"County Ground, Derby",2,8.5,8.5,Surrey,Derbyshire,HM Amla,ZS Ansari,TAI Taylor,4,0,,,,,,,,,,,,,
692937,2014,2014-06-15,"County Ground, Derby",2,8.6,8.6,Surrey,Derbyshire,HM Amla,ZS Ansari,TAI Taylor,0,0,,,,,,,,,,,,,
692937,2014,2014-06-15,"County Ground, Derby",2,9.1,9.1,Surrey,Derbyshire,ZS Ansari,HM Amla,AP Palladino,4,0,,,,,,,,,,,,,
692937,2014,2014-06-15,"County Ground, Derby",2,9.2,9.2,Surrey,Derbyshire,ZS Ansari,HM Amla,AP Palladino,0,0,,,,,,,,,,,,,
692937,2014,2014-06-15,"County Ground, Derby",2,9.3,9.3,Surrey,Derbyshire,ZS Ansari,HM Amla,AP Palladino,0,0,,,,,,,,,,,,,
692937,2014,2014-06-15,"County Ground, Derby",2,9.4,9.4,Surrey,Derbyshire,ZS Ansari,HM Amla,AP Palladino,0,0,,,,,,,,,,,,,
692937,2014,2014-06-15,"County Ground, Derby",2,9.5,9.5,Surrey,Derbyshire,ZS Ansari,HM Amla,AP Palladino,0,0,,,,,,,,,,,,,
692937,2014,2014-06-15,"County Ground, Derby",2,9.6,9.6,Surrey,Derbyshire,ZS Ansari,HM Amla,AP Palladino,0,0,,,,,,,,,,,,,
692937,2014,2014-06-15,"County Ground, Derby",2,10.1,10.1,Surrey,Derbyshire,HM Amla,ZS Ansari,TAI Taylor,0,0,,,,,,,,,,,,,
692937,2014,2014-06-15,"County Ground, Derby",2,10.2,10.2,Surrey,Derbyshire,HM Amla,ZS Ansari,TAI Taylor,0,0,,,,,,,,,,,,,
692937,2014,2014-06-15,"County Ground, Derby",2,10.3,10.3,Surrey,Derbyshire,HM Amla,ZS Ansari,TAI Taylor,0,0,,,,,,,,,,,,,
692937,2014,2014-06-15,"County Ground, Derby",2,10.4,10.4,Surrey,Derbyshire,HM Amla,ZS Ansari,TAI Taylor,2,0,,,,,,,,,,,,,
692937,2014,2014-06-15,"County Ground, Derby",2,10.5,10.5,Surrey,Derbyshire,HM Amla,ZS Ansari,TAI Taylor,0,0,,,,,,,,,,,,,
692937,2014,2014-06-15,"County Ground, Derby",2,10.6,10.6,Surrey,Derbyshire,HM Amla,ZS Ansari,TAI Taylor,4,0,,,,,,,,,,,,,
692937,2014,2014-06-15,"County Ground, Derby",2,11.1,11.1,Surrey,Derbyshire,ZS Ansari,HM Amla,AP Palladino,0,0,,,,,,,,,,,,,
692937,2014,2014-06-15,"County Ground, Derby",2,11.2,11.2,Surrey,Derbyshire,ZS Ansari,HM Amla,AP Palladino,0,0,,,,,,,,,,,,,
692937,2014,2014-06-15,"County Ground, Derby",2,11.3,11.3,Surrey,Derbyshire,ZS Ansari,HM Amla,AP Palladino,2,0,,,,,,,,,,,,,
692937,2014,2014-06-15,"County Ground, Derby",2,11.4,11.4,Surrey,Derbyshire,ZS Ansari,HM Amla,AP Palladino,0,0,,,,,,,,,,,,,
692937,2014,2014-06-15,"County Ground, Derby",2,11.5,11.5,Surrey,Derbyshire,ZS Ansari,HM Amla,AP Palladino,0,0,,,,,,,,,,,,,
692937,2014,2014-06-15,"County Ground, Derby",2,11.6,11.6,Surrey,Derbyshire,ZS Ansari,HM Amla,AP Palladino,0,0,,,,,,,,,,,,,
692937,2014,2014-06-15,"County Ground, Derby",2,12.1,12.1,Surrey,Derbyshire,HM Amla,ZS Ansari,TAI Taylor,0,0,,,,,,,,,,,,,
692937,2014,2014-06-15,"County Ground, Derby",2,12.2,12.2,Surrey,Derbyshire,HM Amla,ZS Ansari,TAI Taylor,0,0,,,,,,,,,,,,,
692937,2014,2014-06-15,"County Ground, Derby",2,12.3,12.3,Surrey,Derbyshire,HM Amla,ZS Ansari,TAI Taylor,0,0,,,,,,,,,,,,,
692937,2014,2014-06-15,"County Ground, Derby",2,12.4,12.4,Surrey,Derbyshire,HM Amla,ZS Ansari,TAI Taylor,0,0,,,,,,,,,,,,,
692937,2014,2014-06-15,"County Ground, Derby",2,12.5,12.5,Surrey,Derbyshire,HM Amla,ZS Ansari,TAI Taylor,0,0,,,,,,,,,,,,,
692937,2014,2014-06-15,"County Ground, Derby",2,12.6,12.6,Surrey,Derbyshire,HM Amla,ZS Ansari,TAI Taylor,0,0,,,,,,,,,,,,,
692937,2014,2014-06-15,"County Ground, Derby",2,13.1,13.1,Surrey,Derbyshire,ZS Ansari,HM Amla,MHA Footitt,0,0,,,,,,,,,,,,,
692937,2014,2014-06-15,"County Ground, Derby",2,13.2,13.2,Surrey,Derbyshire,ZS Ansari,HM Amla,MHA Footitt,4,0,,,,,,,,,,,,,
692937,2014,2014-06-15,"County Ground, Derby",2,13.3,13.3,Surrey,Derbyshire,ZS Ansari,HM Amla,MHA Footitt,0,0,,,,,,,,,,,,,
692937,2014,2014-06-15,"County Ground, Derby",2,13.4,13.4,Surrey,Derbyshire,ZS Ansari,HM Amla,MHA Footitt,0,0,,,,,,,,,,,,,
692937,2014,2014-06-15,"County Ground, Derby",2,13.5,13.5,Surrey,Derbyshire,ZS Ansari,HM Amla,MHA Footitt,0,0,,,,,,,,,,,,,
692937,2014,2014-06-15,"County Ground, Derby",2,13.6,13.6,Surrey,Derbyshire,ZS Ansari,HM Amla,MHA Footitt,0,0,,,,,,,,,,,,,
692937,2014,2014-06-15,"County Ground, Derby",2,14.1,14.1,Surrey,Derbyshire,HM Amla,ZS Ansari,TAI Taylor,0,0,,,,,,,,,,,,,
692937,2014,2014-06-15,"County Ground, Derby",2,14.2,14.2,Surrey,Derbyshire,HM Amla,ZS Ansari,TAI Taylor,2,0,,,,,,,,,,,,,
692937,2014,2014-06-15,"County Ground, Derby",2,14.3,14.3,Surrey,Derbyshire,HM Amla,ZS Ansari,TAI Taylor,0,0,,,,,,,,,,,,,
692937,2014,2014-06-15,"County Ground, Derby",2,14.4,14.4,Surrey,Derbyshire,HM Amla,ZS Ansari,TAI Taylor,0,0,,,,,,,,,,,,,
692937,2014,2014-06-15,"County Ground, Derby",2,14.5,14.5,Surrey,Derbyshire,HM Amla,ZS Ansari,TAI Taylor,0,0,,,,,,,,,,,,,
692937,2014,2014-06-15,"County Ground, Derby",2,14.6,14.6,Surrey,Derbyshire,HM Amla,ZS Ansari,TAI Taylor,0,0,,,,,,,,,,,,,
692937,2014,2014-06-15,"County Ground, Derby",2,15.1,15.1,Surrey,Derbyshire,ZS Ansari,HM Amla,MHA Footitt,0,0,,,,,,,,,,,,,
692937,2014,2014-06-15,"County Ground, Derby",2,15.2,15.2,Surrey,Derbyshire,ZS Ansari,HM Amla,MHA Footitt,2,0,,,,,,,,,,,,,
692937,2014,2014-06-15,"County Ground, Derby",2,15.3,15.3,Surrey,Derbyshire,ZS Ansari,HM Amla,MHA Footitt,0,0,,,,,,,,,,,,,
692937,2014,2014-06-15,"County Ground, Derby",2,15.4,15.4,Surrey,Derbyshire,ZS Ansari,HM Amla,MHA Footitt,0,0,,,,,,,,,,,,,
692937,2014,2014-06-15,"County Ground, Derby",2,15.5,15.5,Surrey,Derbyshire,ZS Ansari,HM Amla,MHA Footitt,0,0,,,,,,,,,,,,,
692937,2014,2014-06-15,"County Ground, Derby",2,15.6,15.6,Surrey,Derbyshire,ZS Ansari,HM Amla,MHA Footitt,0,0,,,,,,,,,,,,,
692937,2014,2014-06-15,"County Ground, Derby",2,16.1,16.1,Surrey,Derbyshire,HM Amla,ZS Ansari,TAI Taylor,0,0,,,,,,,lbw,HM Amla,,,,,
692937,2014,2014-06-15,"County Ground, Derby",2,16.2,16.2,Surrey,Derbyshire,VS Solanki,ZS Ansari,TAI Taylor,3,0,,,,,,,,,,,,,
692937,2014,2014-06-15,"County Ground, Derby",2,16.3,16.3,Surrey,Derbyshire,ZS Ansari,VS Solanki,TAI Taylor,0,0,,,,,,,,,,,,,
692937,2014,2014-06-15,"County Ground, Derby",2,16.4,16.4,Surrey,Derbyshire,ZS Ansari,VS Solanki,TAI Taylor,0,0,,,,,,,,,,,,,
692937,2014,2014-06-15,"County Ground, Derby",2,16.5,16.5,Surrey,Derbyshire,ZS Ansari,VS Solanki,TAI Taylor,0,0,,,,,,,,,,,,,
692937,2014,2014-06-15,"County Ground, Derby",2,16.6,16.6,Surrey,Derbyshire,ZS Ansari,VS Solanki,TAI Taylor,0,0,,,,,,,,,,,,,
692937,2014,2014-06-15,"County Ground, Derby",2,17.1,17.1,Surrey,Derbyshire,VS Solanki,ZS Ansari,MHA Footitt,0,0,,,,,,,,,,,,,
692937,2014,2014-06-15,"County Ground, Derby",2,17.2,17.2,Surrey,Derbyshire,VS Solanki,ZS Ansari,MHA Footitt,0,0,,,,,,,,,,,,,
692937,2014,2014-06-15,"County Ground, Derby",2,17.3,17.3,Surrey,Derbyshire,VS Solanki,ZS Ansari,MHA Footitt,0,0,,,,,,,,,,,,,
692937,2014,2014-06-15,"County Ground, Derby",2,17.4,17.4,Surrey,Derbyshire,VS Solanki,ZS Ansari,MHA Footitt,0,0,,,,,,,,,,,,,
692937,2014,2014-06-15,"County Ground, Derby",2,17.5,17.5,Surrey,Derbyshire,VS Solanki,ZS Ansari,MHA Footitt,0,0,,,,,,,,,,,,,
692937,2014,2014-06-15,"County Ground, Derby",2,17.6,17.6,Surrey,Derbyshire,VS Solanki,ZS Ansari,MHA Footitt,0,0,,,,,,,,,,,,,
692937,2014,2014-06-15,"County Ground, Derby",2,18.1,18.1,Surrey,Derbyshire,ZS Ansari,VS Solanki,TAI Taylor,0,0,,,,,,,,,,,,,
692937,2014,2014-06-15,"County Ground, Derby",2,18.2,18.2,Surrey,Derbyshire,ZS Ansari,VS Solanki,TAI Taylor,0,0,,,,,,,,,,,,,
692937,2014,2014-06-15,"County Ground, Derby",2,18.3,18.3,Surrey,Derbyshire,ZS Ansari,VS Solanki,TAI Taylor,0,0,,,,,,,,,,,,,
692937,2014,2014-06-15,"County Ground, Derby",2,18.4,18.4,Surrey,Derbyshire,ZS Ansari,VS Solanki,TAI Taylor,0,0,,,,,,,,,,,,,
692937,2014,2014-06-15,"County Ground, Derby",2,18.5,18.5,Surrey,Derbyshire,ZS Ansari,VS Solanki,TAI Taylor,1,0,,,,,,,,,,,,,
692937,2014,2014-06-15,"County Ground, Derby",2,18.6,18.6,Surrey,Derbyshire,VS Solanki,ZS Ansari,TAI Taylor,0,0,,,,,,,,,,,,,
692937,2014,2014-06-15,"County Ground, Derby",2,19.1,19.1,Surrey,Derbyshire,ZS Ansari,VS Solanki,MHA Footitt,0,0,,,,,,,,,,,,,
692937,2014,2014-06-15,"County Ground, Derby",2,19.2,19.2,Surrey,Derbyshire,ZS Ansari,VS Solanki,MHA Footitt,0,0,,,,,,,,,,,,,
692937,2014,2014-06-15,"County Ground, Derby",2,19.3,19.3,Surrey,Derbyshire,ZS Ansari,VS Solanki,MHA Footitt,0,0,,,,,,,,,,,,,
692937,2014,2014-06-15,"County Ground, Derby",2,19.4,19.4,Surrey,Derbyshire,ZS Ansari,VS Solanki,MHA Footitt,0,0,,,,,,,,,,,,,
692937,2014,2014-06-15,"County Ground, Derby",2,19.5,19.5,Surrey,Derbyshire,ZS Ansari,VS Solanki,MHA Footitt,0,0,,,,,,,,,,,,,
692937,2014,2014-06-15,"County Ground, Derby",2,19.6,19.6,Surrey,Derbyshire,ZS Ansari,VS Solanki,MHA Footitt,0,0,,,,,,,,,,,,,
692937,2014,2014-06-15,"County Ground, Derby",2,20.1,20.1,Surrey,Derbyshire,VS Solanki,ZS Ansari,TAI Taylor,0,0,,,,,,,,,,,,,
692937,2014,2014-06-15,"County Ground, Derby",2,20.2,20.2,Surrey,Derbyshire,VS Solanki,ZS Ansari,TAI Taylor,0,0,,,,,,,,,,,,,
692937,2014,2014-06-15,"County Ground, Derby",2,20.3,20.3,Surrey,Derbyshire,VS Solanki,ZS Ansari,TAI Taylor,0,0,,,,,,,,,,,,,
692937,2014,2014-06-15,"County Ground, Derby",2,20.4,20.4,Surrey,Derbyshire,VS Solanki,ZS Ansari,TAI Taylor,0,0,,,,,,,,,,,,,
692937,2014,2014-06-15,"County Ground, Derby",2,20.5,20.5,Surrey,Derbyshire,VS Solanki,ZS Ansari,TAI Taylor,0,0,,,,,,,,,,,,,
692937,2014,2014-06-15,"County Ground, Derby",2,20.6,20.6,Surrey,Derbyshire,VS Solanki,ZS Ansari,TAI Taylor,0,0,,,,,,,,,,,,,
692937,2014,2014-06-15,"County Ground, Derby",2,21.1,21.1,Surrey,Derbyshire,ZS Ansari,VS Solanki,MHA Footitt,4,0,,,,,,,,,,,,,
692937,2014,2014-06-15,"County Ground, Derby",2,21.2,21.2,Surrey,Derbyshire,ZS Ansari,VS Solanki,MHA Footitt,0,0,,,,,,,,,,,,,
692937,2014,2014-06-15,"County Ground, Derby",2,21.3,21.3,Surrey,Derbyshire,ZS Ansari,VS Solanki,MHA Footitt,0,0,,,,,,,,,,,,,
692937,2014,2014-06-15,"County Ground, Derby",2,21.4,21.4,Surrey,Derbyshire,ZS Ansari,VS Solanki,MHA Footitt,0,0,,,,,,,,,,,,,
692937,2014,2014-06-15,"County Ground, Derby",2,21.5,21.5,Surrey,Derbyshire,ZS Ansari,VS Solanki,MHA Footitt,0,2,,2,,,,,,,,,,,
692937,2014,2014-06-15,"County Ground, Derby",2,21.6,21.5,Surrey,Derbyshire,ZS Ansari,VS Solanki,MHA Footitt,1,0,,,,,,,,,,,,,
692937,2014,2014-06-15,"County Ground, Derby",2,21.7,21.6,Surrey,Derbyshire,VS Solanki,ZS Ansari,MHA Footitt,0,0,,,,,,,,,,,,,
692937,2014,2014-06-15,"County Ground, Derby",2,22.1,22.1,Surrey,Derbyshire,ZS Ansari,VS Solanki,TAI Taylor,0,0,,,,,,,,,,,,,
692937,2014,2014-06-15,"County Ground, Derby",2,22.2,22.2,Surrey,Derbyshire,ZS Ansari,VS Solanki,TAI Taylor,0,0,,,,,,,,,,,,,
692937,2014,2014-06-15,"County Ground, Derby",2,22.3,22.3,Surrey,Derbyshire,ZS Ansari,VS Solanki,TAI Taylor,0,0,,,,,,,,,,,,,
692937,2014,2014-06-15,"County Ground, Derby",2,22.4,22.4,Surrey,Derbyshire,ZS Ansari,VS Solanki,TAI Taylor,0,0,,,,,,,,,,,,,
692937,2014,2014-06-15,"County Ground, Derby",2,22.5,22.5,Surrey,Derbyshire,ZS Ansari,VS Solanki,TAI Taylor,0,0,,,,,,,,,,,,,
692937,2014,2014-06-15,"County Ground, Derby",2,22.6,22.6,Surrey,Derbyshire,ZS Ansari,VS Solanki,TAI Taylor,4,0,,,,,,,,,,,,,
692937,2014,2014-06-15,"County Ground, Derby",2,23.1,23.1,Surrey,Derbyshire,VS Solanki,ZS Ansari,MHA Footitt,0,0,,,,,,,,,,,,,
692937,2014,2014-06-15,"County Ground, Derby",2,23.2,23.2,Surrey,Derbyshire,VS Solanki,ZS Ansari,MHA Footitt,4,0,,,,,,,,,,,,,
692937,2014,2014-06-15,"County Ground, Derby",2,23.3,23.3,Surrey,Derbyshire,VS Solanki,ZS Ansari,MHA Footitt,0,0,,,,,,,,,,,,,
692937,2014,2014-06-15,"County Ground, Derby",2,23.4,23.4,Surrey,Derbyshire,VS Solanki,ZS Ansari,MHA Footitt,0,0,,,,,,,,,,,,,
692937,2014,2014-06-15,"County Ground, Derby",2,23.5,23.5,Surrey,Derbyshire,VS Solanki,ZS Ansari,MHA Footitt,3,0,,,,,,,,,,,,,
692937,2014,2014-06-15,"County Ground, Derby",2,23.6,23.6,Surrey,Derbyshire,ZS Ansari,VS Solanki,MHA Footitt,0,0,,,,,,,,,,,,,
692937,2014,2014-06-15,"County Ground, Derby",2,24.1,24.1,Surrey,Derbyshire,VS Solanki,ZS Ansari,TAI Taylor,1,0,,,,,,,,,,,,,
692937,2014,2014-06-15,"County Ground, Derby",2,24.2,24.2,Surrey,Derbyshire,ZS Ansari,VS Solanki,TAI Taylor,0,0,,,,,,,,,,,,,
692937,2014,2014-06-15,"County Ground, Derby",2,24.3,24.3,Surrey,Derbyshire,ZS Ansari,VS Solanki,TAI Taylor,0,0,,,,,,,,,,,,,
692937,2014,2014-06-15,"County Ground, Derby",2,24.4,24.4,Surrey,Derbyshire,ZS Ansari,VS Solanki,TAI Taylor,0,0,,,,,,,,,,,,,
692937,2014,2014-06-15,"County Ground, Derby",2,24.5,24.5,Surrey,Derbyshire,ZS Ansari,VS Solanki,TAI Taylor,2,0,,,,,,,,,,,,,
692937,2014,2014-06-15,"County Ground, Derby",2,24.6,24.6,Surrey,Derbyshire,ZS Ansari,VS Solanki,TAI Taylor,0,0,,,,,,,,,,,,,
692937,2014,2014-06-15,"County Ground, Derby",2,25.1,25.1,Surrey,Derbyshire,VS Solanki,ZS Ansari,AP Palladino,0,0,,,,,,,,,,,,,
692937,2014,2014-06-15,"County Ground, Derby",2,25.2,25.2,Surrey,Derbyshire,VS Solanki,ZS Ansari,AP Palladino,0,0,,,,,,,,,,,,,
692937,2014,2014-06-15,"County Ground, Derby",2,25.3,25.3,Surrey,Derbyshire,VS Solanki,ZS Ansari,AP Palladino,0,0,,,,,,,,,,,,,
692937,2014,2014-06-15,"County Ground, Derby",2,25.4,25.4,Surrey,Derbyshire,VS Solanki,ZS Ansari,AP Palladino,1,0,,,,,,,,,,,,,
692937,2014,2014-06-15,"County Ground, Derby",2,25.5,25.5,Surrey,Derbyshire,ZS Ansari,VS Solanki,AP Palladino,4,0,,,,,,,,,,,,,
692937,2014,2014-06-15,"County Ground, Derby",2,25.6,25.6,Surrey,Derbyshire,ZS Ansari,VS Solanki,AP Palladino,0,0,,,,,,,,,,,,,
692937,2014,2014-06-15,"County Ground, Derby",2,26.1,26.1,Surrey,Derbyshire,VS Solanki,ZS Ansari,TAI Taylor,0,0,,,,,,,,,,,,,
692937,2014,2014-06-15,"County Ground, Derby",2,26.2,26.2,Surrey,Derbyshire,VS Solanki,ZS Ansari,TAI Taylor,4,0,,,,,,,,,,,,,
692937,2014,2014-06-15,"County Ground, Derby",2,26.3,26.3,Surrey,Derbyshire,VS Solanki,ZS Ansari,TAI Taylor,4,0,,,,,,,,,,,,,
692937,2014,2014-06-15,"County Ground, Derby",2,26.4,26.4,Surrey,Derbyshire,VS Solanki,ZS Ansari,TAI Taylor,6,0,,,,,,,,,,,,,
692937,2014,2014-06-15,"County Ground, Derby",2,26.5,26.5,Surrey,Derbyshire,VS Solanki,ZS Ansari,TAI Taylor,1,0,,,,,,,,,,,,,
692937,2014,2014-06-15,"County Ground, Derby",2,26.6,26.6,Surrey,Derbyshire,ZS Ansari,VS Solanki,TAI Taylor,0,0,,,,,,,,,,,,,
692937,2014,2014-06-15,"County Ground, Derby",2,27.1,27.1,Surrey,Derbyshire,VS Solanki,ZS Ansari,AP Palladino,0,0,,,,,,,,,,,,,
692937,2014,2014-06-15,"County Ground, Derby",2,27.2,27.2,Surrey,Derbyshire,VS Solanki,ZS Ansari,AP Palladino,0,0,,,,,,,,,,,,,
692937,2014,2014-06-15,"County Ground, Derby",2,27.3,27.3,Surrey,Derbyshire,VS Solanki,ZS Ansari,AP Palladino,0,0,,,,,,,,,,,,,
692937,2014,2014-06-15,"County Ground, Derby",2,27.4,27.4,Surrey,Derbyshire,VS Solanki,ZS Ansari,AP Palladino,0,0,,,,,,,,,,,,,
692937,2014,2014-06-15,"County Ground, Derby",2,27.5,27.5,Surrey,Derbyshire,VS Solanki,ZS Ansari,AP Palladino,0,0,,,,,,,,,,,,,
692937,2014,2014-06-15,"County Ground, Derby",2,27.6,27.6,Surrey,Derbyshire,VS Solanki,ZS Ansari,AP Palladino,2,0,,,,,,,,,,,,,
692937,2014,2014-06-15,"County Ground, Derby",2,28.1,28.1,Surrey,Derbyshire,ZS Ansari,VS Solanki,DJ Wainwright,0,0,,,,,,,,,,,,,
692937,2014,2014-06-15,"County Ground, Derby",2,28.2,28.2,Surrey,Derbyshire,ZS Ansari,VS Solanki,DJ Wainwright,0,0,,,,,,,,,,,,,
692937,2014,2014-06-15,"County Ground, Derby",2,28.3,28.3,Surrey,Derbyshire,ZS Ansari,VS Solanki,DJ Wainwright,0,0,,,,,,,,,,,,,
692937,2014,2014-06-15,"County Ground, Derby",2,28.4,28.4,Surrey,Derbyshire,ZS Ansari,VS Solanki,DJ Wainwright,0,0,,,,,,,,,,,,,
692937,2014,2014-06-15,"County Ground, Derby",2,28.5,28.5,Surrey,Derbyshire,ZS Ansari,VS Solanki,DJ Wainwright,4,0,,,,,,,,,,,,,
692937,2014,2014-06-15,"County Ground, Derby",2,28.6,28.6,Surrey,Derbyshire,ZS Ansari,VS Solanki,DJ Wainwright,1,0,,,,,,,,,,,,,
692937,2014,2014-06-15,"County Ground, Derby",2,29.1,29.1,Surrey,Derbyshire,ZS Ansari,VS Solanki,AP Palladino,0,0,,,,,,,,,,,,,
692937,2014,2014-06-15,"County Ground, Derby",2,29.2,29.2,Surrey,Derbyshire,ZS Ansari,VS Solanki,AP Palladino,0,0,,,,,,,,,,,,,
692937,2014,2014-06-15,"County Ground, Derby",2,29.3,29.3,Surrey,Derbyshire,ZS Ansari,VS Solanki,AP Palladino,0,0,,,,,,,,,,,,,
692937,2014,2014-06-15,"County Ground, Derby",2,29.4,29.4,Surrey,Derbyshire,ZS Ansari,VS Solanki,AP Palladino,0,0,,,,,,,,,,,,,
692937,2014,2014-06-15,"County Ground, Derby",2,29.5,29.5,Surrey,Derbyshire,ZS Ansari,VS Solanki,AP Palladino,0,0,,,,,,,,,,,,,
692937,2014,2014-06-15,"County Ground, Derby",2,29.6,29.6,Surrey,Derbyshire,ZS Ansari,VS Solanki,AP Palladino,0,0,,,,,,,,,,,,,
692937,2014,2014-06-15,"County Ground, Derby",2,30.1,30.1,Surrey,Derbyshire,VS Solanki,ZS Ansari,DJ Wainwright,1,0,,,,,,,,,,,,,
692937,2014,2014-06-15,"County Ground, Derby",2,30.2,30.2,Surrey,Derbyshire,ZS Ansari,VS Solanki,DJ Wainwright,0,0,,,,,,,,,,,,,
692937,2014,2014-06-15,"County Ground, Derby",2,30.3,30.3,Surrey,Derbyshire,ZS Ansari,VS Solanki,DJ Wainwright,0,0,,,,,,,,,,,,,
692937,2014,2014-06-15,"County Ground, Derby",2,30.4,30.4,Surrey,Derbyshire,ZS Ansari,VS Solanki,DJ Wainwright,0,0,,,,,,,,,,,,,
692937,2014,2014-06-15,"County Ground, Derby",2,30.5,30.5,Surrey,Derbyshire,ZS Ansari,VS Solanki,DJ Wainwright,0,0,,,,,,,,,,,,,
692937,2014,2014-06-15,"County Ground, Derby",2,30.6,30.6,Surrey,Derbyshire,ZS Ansari,VS Solanki,DJ Wainwright,0,0,,,,,,,,,,,,,
692937,2014,2014-06-15,"County Ground, Derby",2,31.1,31.1,Surrey,Derbyshire,VS Solanki,ZS Ansari,AP Palladino,1,0,,,,,,,,,,,,,
692937,2014,2014-06-15,"County Ground, Derby",2,31.2,31.2,Surrey,Derbyshire,ZS Ansari,VS Solanki,AP Palladino,0,0,,,,,,,,,,,,,
692937,2014,2014-06-15,"County Ground, Derby",2,31.3,31.3,Surrey,Derbyshire,ZS Ansari,VS Solanki,AP Palladino,0,0,,,,,,,,,,,,,
692937,2014,2014-06-15,"County Ground, Derby",2,31.4,31.4,Surrey,Derbyshire,ZS Ansari,VS Solanki,AP Palladino,0,0,,,,,,,,,,,,,
692937,2014,2014-06-15,"County Ground, Derby",2,31.5,31.5,Surrey,Derbyshire,ZS Ansari,VS Solanki,AP Palladino,0,0,,,,,,,,,,,,,
692937,2014,2014-06-15,"County Ground, Derby",2,31.6,31.6,Surrey,Derbyshire,ZS Ansari,VS Solanki,AP Palladino,0,0,,,,,,,,,,,,,
692937,2014,2014-06-15,"County Ground, Derby",2,32.1,32.1,Surrey,Derbyshire,VS Solanki,ZS Ansari,DJ Wainwright,4,0,,,,,,,,,,,,,
692937,2014,2014-06-15,"County Ground, Derby",2,32.2,32.2,Surrey,Derbyshire,VS Solanki,ZS Ansari,DJ Wainwright,0,0,,,,,,,,,,,,,
692937,2014,2014-06-15,"County Ground, Derby",2,32.3,32.3,Surrey,Derbyshire,VS Solanki,ZS Ansari,DJ Wainwright,0,0,,,,,,,,,,,,,
692937,2014,2014-06-15,"County Ground, Derby",2,32.4,32.4,Surrey,Derbyshire,VS Solanki,ZS Ansari,DJ Wainwright,1,0,,,,,,,,,,,,,
692937,2014,2014-06-15,"County Ground, Derby",2,32.5,32.5,Surrey,Derbyshire,ZS Ansari,VS Solanki,DJ Wainwright,0,0,,,,,,,,,,,,,
692937,2014,2014-06-15,"County Ground, Derby",2,32.6,32.6,Surrey,Derbyshire,ZS Ansari,VS Solanki,DJ Wainwright,1,0,,,,,,,,,,,,,
692937,2014,2014-06-15,"County Ground, Derby",2,33.1,33.1,Surrey,Derbyshire,ZS Ansari,VS Solanki,AP Palladino,0,0,,,,,,,,,,,,,
692937,2014,2014-06-15,"County Ground, Derby",2,33.2,33.2,Surrey,Derbyshire,ZS Ansari,VS Solanki,AP Palladino,0,0,,,,,,,,,,,,,
692937,2014,2014-06-15,"County Ground, Derby",2,33.3,33.3,Surrey,Derbyshire,ZS Ansari,VS Solanki,AP Palladino,0,0,,,,,,,,,,,,,
692937,2014,2014-06-15,"County Ground, Derby",2,33.4,33.4,Surrey,Derbyshire,ZS Ansari,VS Solanki,AP Palladino,0,0,,,,,,,,,,,,,
692937,2014,2014-06-15,"County Ground, Derby",2,33.5,33.5,Surrey,Derbyshire,ZS Ansari,VS Solanki,AP Palladino,0,0,,,,,,,,,,,,,
692937,2014,2014-06-15,"County Ground, Derby",2,33.6,33.6,Surrey,Derbyshire,ZS Ansari,VS Solanki,AP Palladino,0,0,,,,,,,,,,,,,
692937,2014,2014-06-15,"County Ground, Derby",2,34.1,34.1,Surrey,Derbyshire,VS Solanki,ZS Ansari,AL Hughes,2,0,,,,,,,,,,,,,
692937,2014,2014-06-15,"County Ground, Derby",2,34.2,34.2,Surrey,Derbyshire,VS Solanki,ZS Ansari,AL Hughes,0,0,,,,,,,,,,,,,
692937,2014,2014-06-15,"County Ground, Derby",2,34.3,34.3,Surrey,Derbyshire,VS Solanki,ZS Ansari,AL Hughes,0,0,,,,,,,,,,,,,
692937,2014,2014-06-15,"County Ground, Derby",2,34.4,34.4,Surrey,Derbyshire,VS Solanki,ZS Ansari,AL Hughes,0,0,,,,,,,,,,,,,
692937,2014,2014-06-15,"County Ground, Derby",2,34.5,34.5,Surrey,Derbyshire,VS Solanki,ZS Ansari,AL Hughes,2,0,,,,,,,,,,,,,
692937,2014,2014-06-15,"County Ground, Derby",2,34.6,34.6,Surrey,Derbyshire,VS Solanki,ZS Ansari,AL Hughes,1,0,,,,,,,,,,,,,
692937,2014,2014-06-15,"County Ground, Derby",2,35.1,35.1,Surrey,Derbyshire,VS Solanki,ZS Ansari,AP Palladino,1,0,,,,,,,,,,,,,
692937,2014,2014-06-15,"County Ground, Derby",2,35.2,35.2,Surrey,Derbyshire,ZS Ansari,VS Solanki,AP Palladino,0,0,,,,,,,,,,,,,
692937,2014,2014-06-15,"County Ground, Derby",2,35.3,35.3,Surrey,Derbyshire,ZS Ansari,VS Solanki,AP Palladino,0,0,,,,,,,,,,,,,
692937,2014,2014-06-15,"County Ground, Derby",2,35.4,35.4,Surrey,Derbyshire,ZS Ansari,VS Solanki,AP Palladino,0,2,,2,,,,,,,,,,,
692937,2014,2014-06-15,"County Ground, Derby",2,35.5,35.4,Surrey,Derbyshire,ZS Ansari,VS Solanki,AP Palladino,0,0,,,,,,,,,,,,,
692937,2014,2014-06-15,"County Ground, Derby",2,35.6,35.5,Surrey,Derbyshire,ZS Ansari,VS Solanki,AP Palladino,0,0,,,,,,,,,,,,,
692937,2014,2014-06-15,"County Ground, Derby",2,35.7,35.6,Surrey,Derbyshire,ZS Ansari,VS Solanki,AP Palladino,0,0,,,,,,,,,,,,,
692937,2014,2014-06-15,"County Ground, Derby",2,36.1,36.1,Surrey,Derbyshire,VS Solanki,ZS Ansari,AL Hughes,1,0,,,,,,,,,,,,,
692937,2014,2014-06-15,"County Ground, Derby",2,36.2,36.2,Surrey,Derbyshire,ZS Ansari,VS Solanki,AL Hughes,1,0,,,,,,,,,,,,,
692937,2014,2014-06-15,"County Ground, Derby",2,36.3,36.3,Surrey,Derbyshire,VS Solanki,ZS Ansari,AL Hughes,0,0,,,,,,,,,,,,,
692937,2014,2014-06-15,"County Ground, Derby",2,36.4,36.4,Surrey,Derbyshire,VS Solanki,ZS Ansari,AL Hughes,4,0,,,,,,,,,,,,,
692937,2014,2014-06-15,"County Ground, Derby",2,36.5,36.5,Surrey,Derbyshire,VS Solanki,ZS Ansari,AL Hughes,0,0,,,,,,,,,,,,,
692937,2014,2014-06-15,"County Ground, Derby",2,36.6,36.6,Surrey,Derbyshire,VS Solanki,ZS Ansari,AL Hughes,1,0,,,,,,,,,,,,,
692937,2014,2014-06-15,"County Ground, Derby",2,37.1,37.1,Surrey,Derbyshire,VS Solanki,ZS Ansari,AP Palladino,0,0,,,,,,,,,,,,,
692937,2014,2014-06-15,"County Ground, Derby",2,37.2,37.2,Surrey,Derbyshire,VS Solanki,ZS Ansari,AP Palladino,0,0,,,,,,,,,,,,,
692937,2014,2014-06-15,"County Ground, Derby",2,37.3,37.3,Surrey,Derbyshire,VS Solanki,ZS Ansari,AP Palladino,0,0,,,,,,,,,,,,,
692937,2014,2014-06-15,"County Ground, Derby",2,37.4,37.4,Surrey,Derbyshire,VS Solanki,ZS Ansari,AP Palladino,0,0,,,,,,,,,,,,,
692937,2014,2014-06-15,"County Ground, Derby",2,37.5,37.5,Surrey,Derbyshire,VS Solanki,ZS Ansari,AP Palladino,4,0,,,,,,,,,,,,,
692937,2014,2014-06-15,"County Ground, Derby",2,37.6,37.6,Surrey,Derbyshire,VS Solanki,ZS Ansari,AP Palladino,0,0,,,,,,,,,,,,,
692937,2014,2014-06-15,"County Ground, Derby",2,38.1,38.1,Surrey,Derbyshire,ZS Ansari,VS Solanki,SL Elstone,1,0,,,,,,,,,,,,,
692937,2014,2014-06-15,"County Ground, Derby",2,38.2,38.2,Surrey,Derbyshire,VS Solanki,ZS Ansari,SL Elstone,0,0,,,,,,,,,,,,,
692937,2014,2014-06-15,"County Ground, Derby",2,38.3,38.3,Surrey,Derbyshire,VS Solanki,ZS Ansari,SL Elstone,0,0,,,,,,,,,,,,,
692937,2014,2014-06-15,"County Ground, Derby",2,38.4,38.4,Surrey,Derbyshire,VS Solanki,ZS Ansari,SL Elstone,0,0,,,,,,,,,,,,,
692937,2014,2014-06-15,"County Ground, Derby",2,38.5,38.5,Surrey,Derbyshire,VS Solanki,ZS Ansari,SL Elstone,0,0,,,,,,,,,,,,,
692937,2014,2014-06-15,"County Ground, Derby",2,38.6,38.6,Surrey,Derbyshire,VS Solanki,ZS Ansari,SL Elstone,0,0,,,,,,,caught,VS Solanki,,,AP Palladino,,
692937,2014,2014-06-15,"County Ground, Derby",2,39.1,39.1,Surrey,Derbyshire,ZS Ansari,SM Davies,AP Palladino,1,0,,,,,,,,,,,,,
692937,2014,2014-06-15,"County Ground, Derby",2,39.2,39.2,Surrey,Derbyshire,SM Davies,ZS Ansari,AP Palladino,0,0,,,,,,,,,,,,,
692937,2014,2014-06-15,"County Ground, Derby",2,39.3,39.3,Surrey,Derbyshire,SM Davies,ZS Ansari,AP Palladino,0,0,,,,,,,,,,,,,
692937,2014,2014-06-15,"County Ground, Derby",2,39.4,39.4,Surrey,Derbyshire,SM Davies,ZS Ansari,AP Palladino,0,0,,,,,,,,,,,,,
692937,2014,2014-06-15,"County Ground, Derby",2,39.5,39.5,Surrey,Derbyshire,SM Davies,ZS Ansari,AP Palladino,0,0,,,,,,,,,,,,,
692937,2014,2014-06-15,"County Ground, Derby",2,39.6,39.6,Surrey,Derbyshire,SM Davies,ZS Ansari,AP Palladino,0,0,,,,,,,,,,,,,
692937,2014,2014-06-15,"County Ground, Derby",2,40.1,40.1,Surrey,Derbyshire,ZS Ansari,SM Davies,SL Elstone,0,0,,,,,,,,,,,,,
692937,2014,2014-06-15,"County Ground, Derby",2,40.2,40.2,Surrey,Derbyshire,ZS Ansari,SM Davies,SL Elstone,0,0,,,,,,,,,,,,,
692937,2014,2014-06-15,"County Ground, Derby",2,40.3,40.3,Surrey,Derbyshire,ZS Ansari,SM Davies,SL Elstone,0,0,,,,,,,,,,,,,
692937,2014,2014-06-15,"County Ground, Derby",2,40.4,40.4,Surrey,Derbyshire,ZS Ansari,SM Davies,SL Elstone,0,0,,,,,,,,,,,,,
692937,2014,2014-06-15,"County Ground, Derby",2,40.5,40.5,Surrey,Derbyshire,ZS Ansari,SM Davies,SL Elstone,0,0,,,,,,,,,,,,,
692937,2014,2014-06-15,"County Ground, Derby",2,40.6,40.6,Surrey,Derbyshire,ZS Ansari,SM Davies,SL Elstone,0,0,,,,,,,,,,,,,
692937,2014,2014-06-15,"County Ground, Derby",2,41.1,41.1,Surrey,Derbyshire,SM Davies,ZS Ansari,MHA Footitt,0,0,,,,,,,,,,,,,
692937,2014,2014-06-15,"County Ground, Derby",2,41.2,41.2,Surrey,Derbyshire,SM Davies,ZS Ansari,MHA Footitt,0,0,,,,,,,,,,,,,
692937,2014,2014-06-15,"County Ground, Derby",2,41.3,41.3,Surrey,Derbyshire,SM Davies,ZS Ansari,MHA Footitt,0,0,,,,,,,,,,,,,
692937,2014,2014-06-15,"County Ground, Derby",2,41.4,41.4,Surrey,Derbyshire,SM Davies,ZS Ansari,MHA Footitt,0,0,,,,,,,,,,,,,
692937,2014,2014-06-15,"County Ground, Derby",2,41.5,41.5,Surrey,Derbyshire,SM Davies,ZS Ansari,MHA Footitt,0,0,,,,,,,,,,,,,
692937,2014,2014-06-15,"County Ground, Derby",2,41.6,41.6,Surrey,Derbyshire,SM Davies,ZS Ansari,MHA Footitt,0,0,,,,,,,,,,,,,
692937,2014,2014-06-15,"County Ground, Derby",2,42.1,42.1,Surrey,Derbyshire,ZS Ansari,SM Davies,TAI Taylor,0,0,,,,,,,,,,,,,
692937,2014,2014-06-15,"County Ground, Derby",2,42.2,42.2,Surrey,Derbyshire,ZS Ansari,SM Davies,TAI Taylor,0,0,,,,,,,,,,,,,
692937,2014,2014-06-15,"County Ground, Derby",2,42.3,42.3,Surrey,Derbyshire,ZS Ansari,SM Davies,TAI Taylor,3,0,,,,,,,,,,,,,
692937,2014,2014-06-15,"County Ground, Derby",2,42.4,42.4,Surrey,Derbyshire,SM Davies,ZS Ansari,TAI Taylor,0,0,,,,,,,,,,,,,
692937,2014,2014-06-15,"County Ground, Derby",2,42.5,42.5,Surrey,Derbyshire,SM Davies,ZS Ansari,TAI Taylor,0,0,,,,,,,,,,,,,
692937,2014,2014-06-15,"County Ground, Derby",2,42.6,42.6,Surrey,Derbyshire,SM Davies,ZS Ansari,TAI Taylor,0,0,,,,,,,,,,,,,
692937,2014,2014-06-15,"County Ground, Derby",2,43.1,43.1,Surrey,Derbyshire,ZS Ansari,SM Davies,MHA Footitt,2,0,,,,,,,,,,,,,
692937,2014,2014-06-15,"County Ground, Derby",2,43.2,43.2,Surrey,Derbyshire,ZS Ansari,SM Davies,MHA Footitt,0,0,,,,,,,,,,,,,
692937,2014,2014-06-15,"County Ground, Derby",2,43.3,43.3,Surrey,Derbyshire,ZS Ansari,SM Davies,MHA Footitt,0,0,,,,,,,,,,,,,
692937,2014,2014-06-15,"County Ground, Derby",2,43.4,43.4,Surrey,Derbyshire,ZS Ansari,SM Davies,MHA Footitt,0,0,,,,,,,,,,,,,
692937,2014,2014-06-15,"County Ground, Derby",2,43.5,43.5,Surrey,Derbyshire,ZS Ansari,SM Davies,MHA Footitt,0,0,,,,,,,,,,,,,
692937,2014,2014-06-15,"County Ground, Derby",2,43.6,43.6,Surrey,Derbyshire,ZS Ansari,SM Davies,MHA Footitt,0,0,,,,,,,,,,,,,
692937,2014,2014-06-15,"County Ground, Derby",2,44.1,44.1,Surrey,Derbyshire,SM Davies,ZS Ansari,TAI Taylor,4,0,,,,,,,,,,,,,
692937,2014,2014-06-15,"County Ground, Derby",2,44.2,44.2,Surrey,Derbyshire,SM Davies,ZS Ansari,TAI Taylor,0,0,,,,,,,,,,,,,
692937,2014,2014-06-15,"County Ground, Derby",2,44.3,44.3,Surrey,Derbyshire,SM Davies,ZS Ansari,TAI Taylor,0,0,,,,,,,,,,,,,
692937,2014,2014-06-15,"County Ground, Derby",2,44.4,44.4,Surrey,Derbyshire,SM Davies,ZS Ansari,TAI Taylor,0,0,,,,,,,,,,,,,
692937,2014,2014-06-15,"County Ground, Derby",2,44.5,44.5,Surrey,Derbyshire,SM Davies,ZS Ansari,TAI Taylor,4,0,,,,,,,,,,,,,
692937,2014,2014-06-15,"County Ground, Derby",2,44.6,44.6,Surrey,Derbyshire,SM Davies,ZS Ansari,TAI Taylor,0,0,,,,,,,,,,,,,
692937,2014,2014-06-15,"County Ground, Derby",2,45.1,45.1,Surrey,Derbyshire,ZS Ansari,SM Davies,MHA Footitt,0,0,,,,,,,,,,,,,
692937,2014,2014-06-15,"County Ground, Derby",2,45.2,45.2,Surrey,Derbyshire,ZS Ansari,SM Davies,MHA Footitt,0,0,,,,,,,,,,,,,
692937,2014,2014-06-15,"County Ground, Derby",2,45.3,45.3,Surrey,Derbyshire,ZS Ansari,SM Davies,MHA Footitt,1,0,,,,,,,,,,,,,
692937,2014,2014-06-15,"County Ground, Derby",2,45.4,45.4,Surrey,Derbyshire,SM Davies,ZS Ansari,MHA Footitt,0,0,,,,,,,,,,,,,
692937,2014,2014-06-15,"County Ground, Derby",2,45.5,45.5,Surrey,Derbyshire,SM Davies,ZS Ansari,MHA Footitt,0,4,,,4,,,,,,,,,,
692937,2014,2014-06-15,"County Ground, Derby",2,45.6,45.6,Surrey,Derbyshire,SM Davies,ZS Ansari,MHA Footitt,0,0,,,,,,,,,,,,,
692937,2014,2014-06-15,"County Ground, Derby",2,46.1,46.1,Surrey,Derbyshire,ZS Ansari,SM Davies,SL Elstone,1,0,,,,,,,,,,,,,
692937,2014,2014-06-15,"County Ground, Derby",2,46.2,46.2,Surrey,Derbyshire,SM Davies,ZS Ansari,SL Elstone,0,0,,,,,,,,,,,,,
692937,2014,2014-06-15,"County Ground, Derby",2,46.3,46.3,Surrey,Derbyshire,SM Davies,ZS Ansari,SL Elstone,4,0,,,,,,,,,,,,,
692937,2014,2014-06-15,"County Ground, Derby",2,46.4,46.4,Surrey,Derbyshire,SM Davies,ZS Ansari,SL Elstone,1,0,,,,,,,,,,,,,
692937,2014,2014-06-15,"County Ground, Derby",2,46.5,46.5,Surrey,Derbyshire,ZS Ansari,SM Davies,SL Elstone,1,0,,,,,,,,,,,,,
692937,2014,2014-06-15,"County Ground, Derby",2,46.6,46.6,Surrey,Derbyshire,SM Davies,ZS Ansari,SL Elstone,0,0,,,,,,,,,,,,,
692937,2014,2014-06-15,"County Ground, Derby",2,47.1,47.1,Surrey,Derbyshire,ZS Ansari,SM Davies,MHA Footitt,0,0,,,,,,,,,,,,,
692937,2014,2014-06-15,"County Ground, Derby",2,47.2,47.2,Surrey,Derbyshire,ZS Ansari,SM Davies,MHA Footitt,0,0,,,,,,,,,,,,,
692937,2014,2014-06-15,"County Ground, Derby",2,47.3,47.3,Surrey,Derbyshire,ZS Ansari,SM Davies,MHA Footitt,4,0,,,,,,,,,,,,,
692937,2014,2014-06-15,"County Ground, Derby",2,47.4,47.4,Surrey,Derbyshire,ZS Ansari,SM Davies,MHA Footitt,0,0,,,,,,,,,,,,,
692937,2014,2014-06-15,"County Ground, Derby",2,47.5,47.5,Surrey,Derbyshire,ZS Ansari,SM Davies,MHA Footitt,1,0,,,,,,,,,,,,,
692937,2014,2014-06-15,"County Ground, Derby",2,47.6,47.6,Surrey,Derbyshire,SM Davies,ZS Ansari,MHA Footitt,0,0,,,,,,,,,,,,,
692937,2014,2014-06-15,"County Ground, Derby",2,48.1,48.1,Surrey,Derbyshire,ZS Ansari,SM Davies,SL Elstone,0,0,,,,,,,,,,,,,
692937,2014,2014-06-15,"County Ground, Derby",2,48.2,48.2,Surrey,Derbyshire,ZS Ansari,SM Davies,SL Elstone,0,0,,,,,,,,,,,,,
692937,2014,2014-06-15,"County Ground, Derby",2,48.3,48.3,Surrey,Derbyshire,ZS Ansari,SM Davies,SL Elstone,0,0,,,,,,,,,,,,,
692937,2014,2014-06-15,"County Ground, Derby",2,48.4,48.4,Surrey,Derbyshire,ZS Ansari,SM Davies,SL Elstone,4,0,,,,,,,,,,,,,
692937,2014,2014-06-15,"County Ground, Derby",2,48.5,48.5,Surrey,Derbyshire,ZS Ansari,SM Davies,SL Elstone,1,0,,,,,,,,,,,,,
692937,2014,2014-06-15,"County Ground, Derby",2,48.6,48.6,Surrey,Derbyshire,SM Davies,ZS Ansari,SL Elstone,1,0,,,,,,,,,,,,,
692937,2014,2014-06-15,"County Ground, Derby",2,49.1,49.1,Surrey,Derbyshire,SM Davies,ZS Ansari,MHA Footitt,1,0,,,,,,,,,,,,,
692937,2014,2014-06-15,"County Ground, Derby",2,49.2,49.2,Surrey,Derbyshire,ZS Ansari,SM Davies,MHA Footitt,0,0,,,,,,,,,,,,,
692937,2014,2014-06-15,"County Ground, Derby",2,49.3,49.3,Surrey,Derbyshire,ZS Ansari,SM Davies,MHA Footitt,0,0,,,,,,,,,,,,,
692937,2014,2014-06-15,"County Ground, Derby",2,49.4,49.4,Surrey,Derbyshire,ZS Ansari,SM Davies,MHA Footitt,0,0,,,,,,,,,,,,,
692937,2014,2014-06-15,"County Ground, Derby",2,49.5,49.5,Surrey,Derbyshire,ZS Ansari,SM Davies,MHA Footitt,0,0,,,,,,,,,,,,,
692937,2014,2014-06-15,"County Ground, Derby",2,49.6,49.6,Surrey,Derbyshire,ZS Ansari,SM Davies,MHA Footitt,0,0,,,,,,,,,,,,,
692937,2014,2014-06-15,"County Ground, Derby",2,50.1,50.1,Surrey,Derbyshire,SM Davies,ZS Ansari,DJ Wainwright,1,0,,,,,,,,,,,,,
692937,2014,2014-06-15,"County Ground, Derby",2,50.2,50.2,Surrey,Derbyshire,ZS Ansari,SM Davies,DJ Wainwright,0,0,,,,,,,,,,,,,
692937,2014,2014-06-15,"County Ground, Derby",2,50.3,50.3,Surrey,Derbyshire,ZS Ansari,SM Davies,DJ Wainwright,0,0,,,,,,,,,,,,,
692937,2014,2014-06-15,"County Ground, Derby",2,50.4,50.4,Surrey,Derbyshire,ZS Ansari,SM Davies,DJ Wainwright,0,0,,,,,,,,,,,,,
692937,2014,2014-06-15,"County Ground, Derby",2,50.5,50.5,Surrey,Derbyshire,ZS Ansari,SM Davies,DJ Wainwright,1,0,,,,,,,,,,,,,
692937,2014,2014-06-15,"County Ground, Derby",2,50.6,50.6,Surrey,Derbyshire,SM Davies,ZS Ansari,DJ Wainwright,0,0,,,,,,,,,,,,,
692937,2014,2014-06-15,"County Ground, Derby",2,51.1,51.1,Surrey,Derbyshire,ZS Ansari,SM Davies,MHA Footitt,0,0,,,,,,,,,,,,,
692937,2014,2014-06-15,"County Ground, Derby",2,51.2,51.2,Surrey,Derbyshire,ZS Ansari,SM Davies,MHA Footitt,0,0,,,,,,,,,,,,,
692937,2014,2014-06-15,"County Ground, Derby",2,51.3,51.3,Surrey,Derbyshire,ZS Ansari,SM Davies,MHA Footitt,0,0,,,,,,,,,,,,,
692937,2014,2014-06-15,"County Ground, Derby",2,51.4,51.4,Surrey,Derbyshire,ZS Ansari,SM Davies,MHA Footitt,0,0,,,,,,,,,,,,,
692937,2014,2014-06-15,"County Ground, Derby",2,51.5,51.5,Surrey,Derbyshire,ZS Ansari,SM Davies,MHA Footitt,0,0,,,,,,,,,,,,,
692937,2014,2014-06-15,"County Ground, Derby",2,51.6,51.6,Surrey,Derbyshire,ZS Ansari,SM Davies,MHA Footitt,4,0,,,,,,,,,,,,,
692937,2014,2014-06-15,"County Ground, Derby",2,52.1,52.1,Surrey,Derbyshire,SM Davies,ZS Ansari,DJ Wainwright,1,0,,,,,,,,,,,,,
692937,2014,2014-06-15,"County Ground, Derby",2,52.2,52.2,Surrey,Derbyshire,ZS Ansari,SM Davies,DJ Wainwright,0,0,,,,,,,,,,,,,
692937,2014,2014-06-15,"County Ground, Derby",2,52.3,52.3,Surrey,Derbyshire,ZS Ansari,SM Davies,DJ Wainwright,0,0,,,,,,,,,,,,,
692937,2014,2014-06-15,"County Ground, Derby",2,52.4,52.4,Surrey,Derbyshire,ZS Ansari,SM Davies,DJ Wainwright,0,0,,,,,,,,,,,,,
692937,2014,2014-06-15,"County Ground, Derby",2,52.5,52.5,Surrey,Derbyshire,ZS Ansari,SM Davies,DJ Wainwright,0,0,,,,,,,,,,,,,
692937,2014,2014-06-15,"County Ground, Derby",2,52.6,52.6,Surrey,Derbyshire,ZS Ansari,SM Davies,DJ Wainwright,0,0,,,,,,,,,,,,,
692937,2014,2014-06-15,"County Ground, Derby",2,53.1,53.1,Surrey,Derbyshire,SM Davies,ZS Ansari,TAI Taylor,4,0,,,,,,,,,,,,,
692937,2014,2014-06-15,"County Ground, Derby",2,53.2,53.2,Surrey,Derbyshire,SM Davies,ZS Ansari,TAI Taylor,1,0,,,,,,,,,,,,,
692937,2014,2014-06-15,"County Ground, Derby",2,53.3,53.3,Surrey,Derbyshire,ZS Ansari,SM Davies,TAI Taylor,0,0,,,,,,,,,,,,,
692937,2014,2014-06-15,"County Ground, Derby",2,53.4,53.4,Surrey,Derbyshire,ZS Ansari,SM Davies,TAI Taylor,0,0,,,,,,,,,,,,,
692937,2014,2014-06-15,"County Ground, Derby",2,53.5,53.5,Surrey,Derbyshire,ZS Ansari,SM Davies,TAI Taylor,4,0,,,,,,,,,,,,,
692937,2014,2014-06-15,"County Ground, Derby",2,53.6,53.6,Surrey,Derbyshire,ZS Ansari,SM Davies,TAI Taylor,0,0,,,,,,,,,,,,,
692937,2014,2014-06-15,"County Ground, Derby",2,54.1,54.1,Surrey,Derbyshire,SM Davies,ZS Ansari,DJ Wainwright,1,0,,,,,,,,,,,,,
692937,2014,2014-06-15,"County Ground, Derby",2,54.2,54.2,Surrey,Derbyshire,ZS Ansari,SM Davies,DJ Wainwright,0,0,,,,,,,,,,,,,
692937,2014,2014-06-15,"County Ground, Derby",2,54.3,54.3,Surrey,Derbyshire,ZS Ansari,SM Davies,DJ Wainwright,0,0,,,,,,,,,,,,,
692937,2014,2014-06-15,"County Ground, Derby",2,54.4,54.4,Surrey,Derbyshire,ZS Ansari,SM Davies,DJ Wainwright,0,0,,,,,,,,,,,,,
692937,2014,2014-06-15,"County Ground, Derby",2,54.5,54.5,Surrey,Derbyshire,ZS Ansari,SM Davies,DJ Wainwright,1,0,,,,,,,,,,,,,
692937,2014,2014-06-15,"County Ground, Derby",2,54.6,54.6,Surrey,Derbyshire,SM Davies,ZS Ansari,DJ Wainwright,1,0,,,,,,,,,,,,,
692937,2014,2014-06-15,"County Ground, Derby",2,55.1,55.1,Surrey,Derbyshire,SM Davies,ZS Ansari,TAI Taylor,2,0,,,,,,,,,,,,,
692937,2014,2014-06-15,"County Ground, Derby",2,55.2,55.2,Surrey,Derbyshire,SM Davies,ZS Ansari,TAI Taylor,1,0,,,,,,,,,,,,,
692937,2014,2014-06-15,"County Ground, Derby",2,55.3,55.3,Surrey,Derbyshire,ZS Ansari,SM Davies,TAI Taylor,0,0,,,,,,,,,,,,,
692937,2014,2014-06-15,"County Ground, Derby",2,55.4,55.4,Surrey,Derbyshire,ZS Ansari,SM Davies,TAI Taylor,0,0,,,,,,,,,,,,,
692937,2014,2014-06-15,"County Ground, Derby",2,55.5,55.5,Surrey,Derbyshire,ZS Ansari,SM Davies,TAI Taylor,2,0,,,,,,,,,,,,,
692937,2014,2014-06-15,"County Ground, Derby",2,55.6,55.6,Surrey,Derbyshire,ZS Ansari,SM Davies,TAI Taylor,0,0,,,,,,,,,,,,,
692937,2014,2014-06-15,"County Ground, Derby",2,56.1,56.1,Surrey,Derbyshire,SM Davies,ZS Ansari,DJ Wainwright,1,0,,,,,,,,,,,,,
692937,2014,2014-06-15,"County Ground, Derby",2,56.2,56.2,Surrey,Derbyshire,ZS Ansari,SM Davies,DJ Wainwright,2,0,,,,,,,,,,,,,
692937,2014,2014-06-15,"County Ground, Derby",2,56.3,56.3,Surrey,Derbyshire,ZS Ansari,SM Davies,DJ Wainwright,0,0,,,,,,,,,,,,,
692937,2014,2014-06-15,"County Ground, Derby",2,56.4,56.4,Surrey,Derbyshire,ZS Ansari,SM Davies,DJ Wainwright,1,0,,,,,,,,,,,,,
692937,2014,2014-06-15,"County Ground, Derby",2,56.5,56.5,Surrey,Derbyshire,SM Davies,ZS Ansari,DJ Wainwright,0,0,,,,,,,,,,,,,
692937,2014,2014-06-15,"County Ground, Derby",2,56.6,56.6,Surrey,Derbyshire,SM Davies,ZS Ansari,DJ Wainwright,2,0,,,,,,,,,,,,,
692937,2014,2014-06-15,"County Ground, Derby",2,57.1,57.1,Surrey,Derbyshire,ZS Ansari,SM Davies,TAI Taylor,1,0,,,,,,,,,,,,,
692937,2014,2014-06-15,"County Ground, Derby",2,57.2,57.2,Surrey,Derbyshire,SM Davies,ZS Ansari,TAI Taylor,0,0,,,,,,,,,,,,,
692937,2014,2014-06-15,"County Ground, Derby",2,57.3,57.3,Surrey,Derbyshire,SM Davies,ZS Ansari,TAI Taylor,0,0,,,,,,,,,,,,,
692937,2014,2014-06-15,"County Ground, Derby",2,57.4,57.4,Surrey,Derbyshire,SM Davies,ZS Ansari,TAI Taylor,0,0,,,,,,,,,,,,,
692937,2014,2014-06-15,"County Ground, Derby",2,57.5,57.5,Surrey,Derbyshire,SM Davies,ZS Ansari,TAI Taylor,1,0,,,,,,,,,,,,,
692937,2014,2014-06-15,"County Ground, Derby",2,57.6,57.6,Surrey,Derbyshire,ZS Ansari,SM Davies,TAI Taylor,0,0,,,,,,,,,,,,,
692937,2014,2014-06-15,"County Ground, Derby",2,58.1,58.1,Surrey,Derbyshire,SM Davies,ZS Ansari,DJ Wainwright,2,0,,,,,,,,,,,,,
692937,2014,2014-06-15,"County Ground, Derby",2,58.2,58.2,Surrey,Derbyshire,SM Davies,ZS Ansari,DJ Wainwright,1,0,,,,,,,,,,,,,
692937,2014,2014-06-15,"County Ground, Derby",2,58.3,58.3,Surrey,Derbyshire,ZS Ansari,SM Davies,DJ Wainwright,0,0,,,,,,,,,,,,,
692937,2014,2014-06-15,"County Ground, Derby",2,58.4,58.4,Surrey,Derbyshire,ZS Ansari,SM Davies,DJ Wainwright,0,1,,,,1,,,,,,,,,
692937,2014,2014-06-15,"County Ground, Derby",2,58.5,58.5,Surrey,Derbyshire,SM Davies,ZS Ansari,DJ Wainwright,1,0,,,,,,,,,,,,,
692937,2014,2014-06-15,"County Ground, Derby",2,58.6,58.6,Surrey,Derbyshire,ZS Ansari,SM Davies,DJ Wainwright,0,0,,,,,,,,,,,,,
692937,2014,2014-06-15,"County Ground, Derby",2,59.1,59.1,Surrey,Derbyshire,SM Davies,ZS Ansari,TAI Taylor,0,0,,,,,,,,,,,,,
692937,2014,2014-06-15,"County Ground, Derby",2,59.2,59.2,Surrey,Derbyshire,SM Davies,ZS Ansari,TAI Taylor,0,0,,,,,,,,,,,,,
692937,2014,2014-06-15,"County Ground, Derby",2,59.3,59.3,Surrey,Derbyshire,SM Davies,ZS Ansari,TAI Taylor,4,0,,,,,,,,,,,,,
692937,2014,2014-06-15,"County Ground, Derby",2,59.4,59.4,Surrey,Derbyshire,SM Davies,ZS Ansari,TAI Taylor,0,1,,,1,,,,,,,,,,
692937,2014,2014-06-15,"County Ground, Derby",2,59.5,59.5,Surrey,Derbyshire,ZS Ansari,SM Davies,TAI Taylor,0,0,,,,,,,,,,,,,
692937,2014,2014-06-15,"County Ground, Derby",2,59.6,59.6,Surrey,Derbyshire,ZS Ansari,SM Davies,TAI Taylor,1,0,,,,,,,,,,,,,
692937,2014,2014-06-15,"County Ground, Derby",2,60.1,60.1,Surrey,Derbyshire,ZS Ansari,SM Davies,MJ North,1,0,,,,,,,,,,,,,
692937,2014,2014-06-15,"County Ground, Derby",2,60.2,60.2,Surrey,Derbyshire,SM Davies,ZS Ansari,MJ North,0,0,,,,,,,,,,,,,
692937,2014,2014-06-15,"County Ground, Derby",2,60.3,60.3,Surrey,Derbyshire,SM Davies,ZS Ansari,MJ North,1,0,,,,,,,,,,,,,
692937,2014,2014-06-15,"County Ground, Derby",2,60.4,60.4,Surrey,Derbyshire,ZS Ansari,SM Davies,MJ North,0,0,,,,,,,,,,,,,
692937,2014,2014-06-15,"County Ground, Derby",2,60.5,60.5,Surrey,Derbyshire,ZS Ansari,SM Davies,MJ North,0,0,,,,,,,,,,,,,
692937,2014,2014-06-15,"County Ground, Derby",2,60.6,60.6,Surrey,Derbyshire,ZS Ansari,SM Davies,MJ North,1,0,,,,,,,,,,,,,
692937,2014,2014-06-15,"County Ground, Derby",2,61.1,61.1,Surrey,Derbyshire,ZS Ansari,SM Davies,AP Palladino,0,0,,,,,,,,,,,,,
692937,2014,2014-06-15,"County Ground, Derby",2,61.2,61.2,Surrey,Derbyshire,ZS Ansari,SM Davies,AP Palladino,0,0,,,,,,,,,,,,,
692937,2014,2014-06-15,"County Ground, Derby",2,61.3,61.3,Surrey,Derbyshire,ZS Ansari,SM Davies,AP Palladino,2,0,,,,,,,,,,,,,
692937,2014,2014-06-15,"County Ground, Derby",2,61.4,61.4,Surrey,Derbyshire,ZS Ansari,SM Davies,AP Palladino,0,0,,,,,,,,,,,,,
692937,2014,2014-06-15,"County Ground, Derby",2,61.5,61.5,Surrey,Derbyshire,ZS Ansari,SM Davies,AP Palladino,0,0,,,,,,,,,,,,,
692937,2014,2014-06-15,"County Ground, Derby",2,61.6,61.6,Surrey,Derbyshire,ZS Ansari,SM Davies,AP Palladino,0,0,,,,,,,,,,,,,
692937,2014,2014-06-15,"County Ground, Derby",2,62.1,62.1,Surrey,Derbyshire,SM Davies,ZS Ansari,MJ North,0,0,,,,,,,,,,,,,
692937,2014,2014-06-15,"County Ground, Derby",2,62.2,62.2,Surrey,Derbyshire,SM Davies,ZS Ansari,MJ North,0,0,,,,,,,,,,,,,
692937,2014,2014-06-15,"County Ground, Derby",2,62.3,62.3,Surrey,Derbyshire,SM Davies,ZS Ansari,MJ North,2,0,,,,,,,,,,,,,
692937,2014,2014-06-15,"County Ground, Derby",2,62.4,62.4,Surrey,Derbyshire,SM Davies,ZS Ansari,MJ North,0,0,,,,,,,,,,,,,
692937,2014,2014-06-15,"County Ground, Derby",2,62.5,62.5,Surrey,Derbyshire,SM Davies,ZS Ansari,MJ North,0,0,,,,,,,,,,,,,
692937,2014,2014-06-15,"County Ground, Derby",2,62.6,62.6,Surrey,Derbyshire,SM Davies,ZS Ansari,MJ North,0,0,,,,,,,,,,,,,
692937,2014,2014-06-15,"County Ground, Derby",2,63.1,63.1,Surrey,Derbyshire,ZS Ansari,SM Davies,AP Palladino,1,0,,,,,,,,,,,,,
692937,2014,2014-06-15,"County Ground, Derby",2,63.2,63.2,Surrey,Derbyshire,SM Davies,ZS Ansari,AP Palladino,4,0,,,,,,,,,,,,,
692937,2014,2014-06-15,"County Ground, Derby",2,63.3,63.3,Surrey,Derbyshire,SM Davies,ZS Ansari,AP Palladino,1,0,,,,,,,,,,,,,
692937,2014,2014-06-15,"County Ground, Derby",2,63.4,63.4,Surrey,Derbyshire,ZS Ansari,SM Davies,AP Palladino,1,0,,,,,,,,,,,,,
692937,2014,2014-06-15,"County Ground, Derby",2,63.5,63.5,Surrey,Derbyshire,SM Davies,ZS Ansari,AP Palladino,0,0,,,,,,,,,,,,,
692937,2014,2014-06-15,"County Ground, Derby",2,63.6,63.6,Surrey,Derbyshire,SM Davies,ZS Ansari,AP Palladino,0,0,,,,,,,,,,,,,
692937,2014,2014-06-15,"County Ground, Derby",2,64.1,64.1,Surrey,Derbyshire,ZS Ansari,SM Davies,MJ North,0,0,,,,,,,,,,,,,
692937,2014,2014-06-15,"County Ground, Derby",2,64.2,64.2,Surrey,Derbyshire,ZS Ansari,SM Davies,MJ North,0,0,,,,,,,,,,,,,
692937,2014,2014-06-15,"County Ground, Derby",2,64.3,64.3,Surrey,Derbyshire,ZS Ansari,SM Davies,MJ North,0,0,,,,,,,,,,,,,
692937,2014,2014-06-15,"County Ground, Derby",2,64.4,64.4,Surrey,Derbyshire,ZS Ansari,SM Davies,MJ North,1,0,,,,,,,,,,,,,
692937,2014,2014-06-15,"County Ground, Derby",2,64.5,64.5,Surrey,Derbyshire,SM Davies,ZS Ansari,MJ North,0,0,,,,,,,,,,,,,
692937,2014,2014-06-15,"County Ground, Derby",2,64.6,64.6,Surrey,Derbyshire,SM Davies,ZS Ansari,MJ North,0,0,,,,,,,,,,,,,
692937,2014,2014-06-15,"County Ground, Derby",2,65.1,65.1,Surrey,Derbyshire,ZS Ansari,SM Davies,AP Palladino,0,0,,,,,,,,,,,,,
692937,2014,2014-06-15,"County Ground, Derby",2,65.2,65.2,Surrey,Derbyshire,ZS Ansari,SM Davies,AP Palladino,0,0,,,,,,,,,,,,,
692937,2014,2014-06-15,"County Ground, Derby",2,65.3,65.3,Surrey,Derbyshire,ZS Ansari,SM Davies,AP Palladino,0,0,,,,,,,,,,,,,
692937,2014,2014-06-15,"County Ground, Derby",2,65.4,65.4,Surrey,Derbyshire,ZS Ansari,SM Davies,AP Palladino,0,0,,,,,,,,,,,,,
692937,2014,2014-06-15,"County Ground, Derby",2,65.5,65.5,Surrey,Derbyshire,ZS Ansari,SM Davies,AP Palladino,0,0,,,,,,,,,,,,,
692937,2014,2014-06-15,"County Ground, Derby",2,65.6,65.6,Surrey,Derbyshire,ZS Ansari,SM Davies,AP Palladino,0,0,,,,,,,,,,,,,
692937,2014,2014-06-15,"County Ground, Derby",2,66.1,66.1,Surrey,Derbyshire,SM Davies,ZS Ansari,MJ North,0,0,,,,,,,,,,,,,
692937,2014,2014-06-15,"County Ground, Derby",2,66.2,66.2,Surrey,Derbyshire,SM Davies,ZS Ansari,MJ North,1,0,,,,,,,,,,,,,
692937,2014,2014-06-15,"County Ground, Derby",2,66.3,66.3,Surrey,Derbyshire,ZS Ansari,SM Davies,MJ North,2,0,,,,,,,,,,,,,
692937,2014,2014-06-15,"County Ground, Derby",2,66.4,66.4,Surrey,Derbyshire,ZS Ansari,SM Davies,MJ North,0,0,,,,,,,,,,,,,
692937,2014,2014-06-15,"County Ground, Derby",2,66.5,66.5,Surrey,Derbyshire,ZS Ansari,SM Davies,MJ North,0,0,,,,,,,,,,,,,
692937,2014,2014-06-15,"County Ground, Derby",2,66.6,66.6,Surrey,Derbyshire,ZS Ansari,SM Davies,MJ North,1,0,,,,,,,,,,,,,
692937,2014,2014-06-15,"County Ground, Derby",2,67.1,67.1,Surrey,Derbyshire,ZS Ansari,SM Davies,AP Palladino,0,0,,,,,,,,,,,,,
692937,2014,2014-06-15,"County Ground, Derby",2,67.2,67.2,Surrey,Derbyshire,ZS Ansari,SM Davies,AP Palladino,1,0,,,,,,,,,,,,,
692937,2014,2014-06-15,"County Ground, Derby",2,67.3,67.3,Surrey,Derbyshire,SM Davies,ZS Ansari,AP Palladino,0,0,,,,,,,,,,,,,
692937,2014,2014-06-15,"County Ground, Derby",2,67.4,67.4,Surrey,Derbyshire,SM Davies,ZS Ansari,AP Palladino,1,0,,,,,,,,,,,,,
692937,2014,2014-06-15,"County Ground, Derby",2,67.5,67.5,Surrey,Derbyshire,ZS Ansari,SM Davies,AP Palladino,0,0,,,,,,,,,,,,,
692937,2014,2014-06-15,"County Ground, Derby",2,67.6,67.6,Surrey,Derbyshire,ZS Ansari,SM Davies,AP Palladino,0,0,,,,,,,,,,,,,
692937,2014,2014-06-15,"County Ground, Derby",2,68.1,68.1,Surrey,Derbyshire,SM Davies,ZS Ansari,MJ North,0,0,,,,,,,,,,,,,
692937,2014,2014-06-15,"County Ground, Derby",2,68.2,68.2,Surrey,Derbyshire,SM Davies,ZS Ansari,MJ North,0,0,,,,,,,,,,,,,
692937,2014,2014-06-15,"County Ground, Derby",2,68.3,68.3,Surrey,Derbyshire,SM Davies,ZS Ansari,MJ North,1,0,,,,,,,,,,,,,
692937,2014,2014-06-15,"County Ground, Derby",2,68.4,68.4,Surrey,Derbyshire,ZS Ansari,SM Davies,MJ North,0,0,,,,,,,,,,,,,
692937,2014,2014-06-15,"County Ground, Derby",2,68.5,68.5,Surrey,Derbyshire,ZS Ansari,SM Davies,MJ North,0,0,,,,,,,,,,,,,
692937,2014,2014-06-15,"County Ground, Derby",2,68.6,68.6,Surrey,Derbyshire,ZS Ansari,SM Davies,MJ North,1,0,,,,,,,,,,,,,
692937,2014,2014-06-15,"County Ground, Derby",2,69.1,69.1,Surrey,Derbyshire,ZS Ansari,SM Davies,AP Palladino,0,0,,,,,,,,,,,,,
692937,2014,2014-06-15,"County Ground, Derby",2,69.2,69.2,Surrey,Derbyshire,ZS Ansari,SM Davies,AP Palladino,0,0,,,,,,,,,,,,,
692937,2014,2014-06-15,"County Ground, Derby",2,69.3,69.3,Surrey,Derbyshire,ZS Ansari,SM Davies,AP Palladino,0,0,,,,,,,,,,,,,
692937,2014,2014-06-15,"County Ground, Derby",2,69.4,69.4,Surrey,Derbyshire,ZS Ansari,SM Davies,AP Palladino,0,0,,,,,,,,,,,,,
692937,2014,2014-06-15,"County Ground, Derby",2,69.5,69.5,Surrey,Derbyshire,ZS Ansari,SM Davies,AP Palladino,1,0,,,,,,,,,,,,,
692937,2014,2014-06-15,"County Ground, Derby",2,69.6,69.6,Surrey,Derbyshire,SM Davies,ZS Ansari,AP Palladino,4,0,,,,,,,,,,,,,
692937,2014,2014-06-15,"County Ground, Derby",2,70.1,70.1,Surrey,Derbyshire,ZS Ansari,SM Davies,MJ North,0,0,,,,,,,,,,,,,
692937,2014,2014-06-15,"County Ground, Derby",2,70.2,70.2,Surrey,Derbyshire,ZS Ansari,SM Davies,MJ North,1,0,,,,,,,,,,,,,
692937,2014,2014-06-15,"County Ground, Derby",2,70.3,70.3,Surrey,Derbyshire,SM Davies,ZS Ansari,MJ North,0,0,,,,,,,,,,,,,
692937,2014,2014-06-15,"County Ground, Derby",2,70.4,70.4,Surrey,Derbyshire,SM Davies,ZS Ansari,MJ North,0,0,,,,,,,,,,,,,
692937,2014,2014-06-15,"County Ground, Derby",2,70.5,70.5,Surrey,Derbyshire,SM Davies,ZS Ansari,MJ North,0,0,,,,,,,,,,,,,
692937,2014,2014-06-15,"County Ground, Derby",2,70.6,70.6,Surrey,Derbyshire,SM Davies,ZS Ansari,MJ North,4,0,,,,,,,,,,,,,
692937,2014,2014-06-15,"County Ground, Derby",2,71.1,71.1,Surrey,Derbyshire,ZS Ansari,SM Davies,AL Hughes,1,0,,,,,,,,,,,,,
692937,2014,2014-06-15,"County Ground, Derby",2,71.2,71.2,Surrey,Derbyshire,SM Davies,ZS Ansari,AL Hughes,0,0,,,,,,,,,,,,,
692937,2014,2014-06-15,"County Ground, Derby",2,71.3,71.3,Surrey,Derbyshire,SM Davies,ZS Ansari,AL Hughes,1,0,,,,,,,,,,,,,
692937,2014,2014-06-15,"County Ground, Derby",2,71.4,71.4,Surrey,Derbyshire,ZS Ansari,SM Davies,AL Hughes,2,0,,,,,,,,,,,,,
692937,2014,2014-06-15,"County Ground, Derby",2,71.5,71.5,Surrey,Derbyshire,ZS Ansari,SM Davies,AL Hughes,0,0,,,,,,,,,,,,,
692937,2014,2014-06-15,"County Ground, Derby",2,71.6,71.6,Surrey,Derbyshire,ZS Ansari,SM Davies,AL Hughes,0,0,,,,,,,,,,,,,
692937,2014,2014-06-15,"County Ground, Derby",2,72.1,72.1,Surrey,Derbyshire,SM Davies,ZS Ansari,MJ North,0,0,,,,,,,,,,,,,
692937,2014,2014-06-15,"County Ground, Derby",2,72.2,72.2,Surrey,Derbyshire,SM Davies,ZS Ansari,MJ North,0,0,,,,,,,,,,,,,
692937,2014,2014-06-15,"County Ground, Derby",2,72.3,72.3,Surrey,Derbyshire,SM Davies,ZS Ansari,MJ North,0,0,,,,,,,,,,,,,
692937,2014,2014-06-15,"County Ground, Derby",2,72.4,72.4,Surrey,Derbyshire,SM Davies,ZS Ansari,MJ North,0,0,,,,,,,,,,,,,
692937,2014,2014-06-15,"County Ground, Derby",2,72.5,72.5,Surrey,Derbyshire,SM Davies,ZS Ansari,MJ North,0,0,,,,,,,,,,,,,
692937,2014,2014-06-15,"County Ground, Derby",2,72.6,72.6,Surrey,Derbyshire,SM Davies,ZS Ansari,MJ North,0,0,,,,,,,,,,,,,
692937,2014,2014-06-15,"County Ground, Derby",2,73.1,73.1,Surrey,Derbyshire,ZS Ansari,SM Davies,AL Hughes,4,0,,,,,,,,,,,,,
692937,2014,2014-06-15,"County Ground, Derby",2,73.2,73.2,Surrey,Derbyshire,ZS Ansari,SM Davies,AL Hughes,1,0,,,,,,,,,,,,,
692937,2014,2014-06-15,"County Ground, Derby",2,73.3,73.3,Surrey,Derbyshire,SM Davies,ZS Ansari,AL Hughes,0,0,,,,,,,,,,,,,
692937,2014,2014-06-15,"County Ground, Derby",2,73.4,73.4,Surrey,Derbyshire,SM Davies,ZS Ansari,AL Hughes,0,0,,,,,,,,,,,,,
692937,2014,2014-06-15,"County Ground, Derby",2,73.5,73.5,Surrey,Derbyshire,SM Davies,ZS Ansari,AL Hughes,4,0,,,,,,,,,,,,,
692937,2014,2014-06-15,"County Ground, Derby",2,73.6,73.6,Surrey,Derbyshire,SM Davies,ZS Ansari,AL Hughes,0,0,,,,,,,,,,,,,
692937,2014,2014-06-15,"County Ground, Derby",2,74.1,74.1,Surrey,Derbyshire,ZS Ansari,SM Davies,MJ North,0,0,,,,,,,,,,,,,
692937,2014,2014-06-15,"County Ground, Derby",2,74.2,74.2,Surrey,Derbyshire,ZS Ansari,SM Davies,MJ North,0,0,,,,,,,,,,,,,
692937,2014,2014-06-15,"County Ground, Derby",2,74.3,74.3,Surrey,Derbyshire,ZS Ansari,SM Davies,MJ North,0,0,,,,,,,,,,,,,
692937,2014,2014-06-15,"County Ground, Derby",2,74.4,74.4,Surrey,Derbyshire,ZS Ansari,SM Davies,MJ North,1,0,,,,,,,,,,,,,
692937,2014,2014-06-15,"County Ground, Derby",2,74.5,74.5,Surrey,Derbyshire,SM Davies,ZS Ansari,MJ North,1,0,,,,,,,,,,,,,
692937,2014,2014-06-15,"County Ground, Derby",2,74.6,74.6,Surrey,Derbyshire,ZS Ansari,SM Davies,MJ North,0,0,,,,,,,,,,,,,
692937,2014,2014-06-15,"County Ground, Derby",2,75.1,75.1,Surrey,Derbyshire,SM Davies,ZS Ansari,DJ Wainwright,0,0,,,,,,,,,,,,,
692937,2014,2014-06-15,"County Ground, Derby",2,75.2,75.2,Surrey,Derbyshire,SM Davies,ZS Ansari,DJ Wainwright,0,0,,,,,,,,,,,,,
692937,2014,2014-06-15,"County Ground, Derby",2,75.3,75.3,Surrey,Derbyshire,SM Davies,ZS Ansari,DJ Wainwright,4,0,,,,,,,,,,,,,
692937,2014,2014-06-15,"County Ground, Derby",2,75.4,75.4,Surrey,Derbyshire,SM Davies,ZS Ansari,DJ Wainwright,4,0,,,,,,,,,,,,,
692937,2014,2014-06-15,"County Ground, Derby",2,75.5,75.5,Surrey,Derbyshire,SM Davies,ZS Ansari,DJ Wainwright,0,2,,,2,,,,,,,,,,
692937,2014,2014-06-15,"County Ground, Derby",2,75.6,75.6,Surrey,Derbyshire,SM Davies,ZS Ansari,DJ Wainwright,0,0,,,,,,,,,,,,,
692937,2014,2014-06-15,"County Ground, Derby",2,76.1,76.1,Surrey,Derbyshire,ZS Ansari,SM Davies,MJ North,0,0,,,,,,,,,,,,,
692937,2014,2014-06-15,"County Ground, Derby",2,76.2,76.2,Surrey,Derbyshire,ZS Ansari,SM Davies,MJ North,0,0,,,,,,,,,,,,,
692937,2014,2014-06-15,"County Ground, Derby",2,76.3,76.3,Surrey,Derbyshire,ZS Ansari,SM Davies,MJ North,0,0,,,,,,,,,,,,,
692937,2014,2014-06-15,"County Ground, Derby",2,76.4,76.4,Surrey,Derbyshire,ZS Ansari,SM Davies,MJ North,0,0,,,,,,,,,,,,,
692937,2014,2014-06-15,"County Ground, Derby",2,76.5,76.5,Surrey,Derbyshire,ZS Ansari,SM Davies,MJ North,0,0,,,,,,,,,,,,,
692937,2014,2014-06-15,"County Ground, Derby",2,76.6,76.6,Surrey,Derbyshire,ZS Ansari,SM Davies,MJ North,1,0,,,,,,,,,,,,,
692937,2014,2014-06-15,"County Ground, Derby",2,77.1,77.1,Surrey,Derbyshire,ZS Ansari,SM Davies,DJ Wainwright,0,0,,,,,,,,,,,,,
692937,2014,2014-06-15,"County Ground, Derby",2,77.2,77.2,Surrey,Derbyshire,ZS Ansari,SM Davies,DJ Wainwright,0,0,,,,,,,caught,ZS Ansari,,,JL Clare,,
692937,2014,2014-06-15,"County Ground, Derby",2,77.3,77.3,Surrey,Derbyshire,JJ Roy,SM Davies,DJ Wainwright,0,0,,,,,,,,,,,,,
692937,2014,2014-06-15,"County Ground, Derby",2,77.4,77.4,Surrey,Derbyshire,JJ Roy,SM Davies,DJ Wainwright,4,0,,,,,,,,,,,,,
692937,2014,2014-06-15,"County Ground, Derby",2,77.5,77.5,Surrey,Derbyshire,JJ Roy,SM Davies,DJ Wainwright,0,0,,,,,,,,,,,,,
692937,2014,2014-06-15,"County Ground, Derby",2,77.6,77.6,Surrey,Derbyshire,JJ Roy,SM Davies,DJ Wainwright,0,0,,,,,,,,,,,,,
692937,2014,2014-06-15,"County Ground, Derby",2,78.1,78.1,Surrey,Derbyshire,SM Davies,JJ Roy,MJ North,0,0,,,,,,,,,,,,,
692937,2014,2014-06-15,"County Ground, Derby",2,78.2,78.2,Surrey,Derbyshire,SM Davies,JJ Roy,MJ North,0,0,,,,,,,,,,,,,
692937,2014,2014-06-15,"County Ground, Derby",2,78.3,78.3,Surrey,Derbyshire,SM Davies,JJ Roy,MJ North,0,0,,,,,,,,,,,,,
692937,2014,2014-06-15,"County Ground, Derby",2,78.4,78.4,Surrey,Derbyshire,SM Davies,JJ Roy,MJ North,0,0,,,,,,,,,,,,,
692937,2014,2014-06-15,"County Ground, Derby",2,78.5,78.5,Surrey,Derbyshire,SM Davies,JJ Roy,MJ North,0,0,,,,,,,,,,,,,
692937,2014,2014-06-15,"County Ground, Derby",2,78.6,78.6,Surrey,Derbyshire,SM Davies,JJ Roy,MJ North,0,0,,,,,,,,,,,,,
692937,2014,2014-06-15,"County Ground, Derby",2,79.1,79.1,Surrey,Derbyshire,JJ Roy,SM Davies,DJ Wainwright,0,0,,,,,,,,,,,,,
692937,2014,2014-06-15,"County Ground, Derby",2,79.2,79.2,Surrey,Derbyshire,JJ Roy,SM Davies,DJ Wainwright,0,0,,,,,,,,,,,,,
692937,2014,2014-06-15,"County Ground, Derby",2,79.3,79.3,Surrey,Derbyshire,JJ Roy,SM Davies,DJ Wainwright,0,0,,,,,,,,,,,,,
692937,2014,2014-06-15,"County Ground, Derby",2,79.4,79.4,Surrey,Derbyshire,JJ Roy,SM Davies,DJ Wainwright,0,0,,,,,,,,,,,,,
692937,2014,2014-06-15,"County Ground, Derby",2,79.5,79.5,Surrey,Derbyshire,JJ Roy,SM Davies,DJ Wainwright,1,0,,,,,,,,,,,,,
692937,2014,2014-06-15,"County Ground, Derby",2,79.6,79.6,Surrey,Derbyshire,SM Davies,JJ Roy,DJ Wainwright,0,0,,,,,,,,,,,,,
692937,2014,2014-06-15,"County Ground, Derby",2,80.1,80.1,Surrey,Derbyshire,JJ Roy,SM Davies,AP Palladino,0,0,,,,,,,,,,,,,
692937,2014,2014-06-15,"County Ground, Derby",2,80.2,80.2,Surrey,Derbyshire,JJ Roy,SM Davies,AP Palladino,0,0,,,,,,,,,,,,,
692937,2014,2014-06-15,"County Ground, Derby",2,80.3,80.3,Surrey,Derbyshire,JJ Roy,SM Davies,AP Palladino,0,0,,,,,,,,,,,,,
692937,2014,2014-06-15,"County Ground, Derby",2,80.4,80.4,Surrey,Derbyshire,JJ Roy,SM Davies,AP Palladino,0,0,,,,,,,,,,,,,
692937,2014,2014-06-15,"County Ground, Derby",2,80.5,80.5,Surrey,Derbyshire,JJ Roy,SM Davies,AP Palladino,0,0,,,,,,,,,,,,,
692937,2014,2014-06-15,"County Ground, Derby",2,80.6,80.6,Surrey,Derbyshire,JJ Roy,SM Davies,AP Palladino,0,0,,,,,,,,,,,,,
692937,2014,2014-06-15,"County Ground, Derby",2,81.1,81.1,Surrey,Derbyshire,SM Davies,JJ Roy,MHA Footitt,4,0,,,,,,,,,,,,,
692937,2014,2014-06-15,"County Ground, Derby",2,81.2,81.2,Surrey,Derbyshire,SM Davies,JJ Roy,MHA Footitt,1,0,,,,,,,,,,,,,
692937,2014,2014-06-15,"County Ground, Derby",2,81.3,81.3,Surrey,Derbyshire,JJ Roy,SM Davies,MHA Footitt,0,0,,,,,,,bowled,JJ Roy,,,,,
692937,2014,2014-06-15,"County Ground, Derby",2,81.4,81.4,Surrey,Derbyshire,GC Wilson,SM Davies,MHA Footitt,0,0,,,,,,,,,,,,,
692937,2014,2014-06-15,"County Ground, Derby",2,81.5,81.5,Surrey,Derbyshire,GC Wilson,SM Davies,MHA Footitt,0,0,,,,,,,,,,,,,
692937,2014,2014-06-15,"County Ground, Derby",2,81.6,81.6,Surrey,Derbyshire,GC Wilson,SM Davies,MHA Footitt,0,0,,,,,,,,,,,,,
692937,2014,2014-06-15,"County Ground, Derby",2,82.1,82.1,Surrey,Derbyshire,SM Davies,GC Wilson,AP Palladino,0,0,,,,,,,,,,,,,
692937,2014,2014-06-15,"County Ground, Derby",2,82.2,82.2,Surrey,Derbyshire,SM Davies,GC Wilson,AP Palladino,0,0,,,,,,,,,,,,,
692937,2014,2014-06-15,"County Ground, Derby",2,82.3,82.3,Surrey,Derbyshire,SM Davies,GC Wilson,AP Palladino,0,0,,,,,,,,,,,,,
692937,2014,2014-06-15,"County Ground, Derby",2,82.4,82.4,Surrey,Derbyshire,SM Davies,GC Wilson,AP Palladino,0,0,,,,,,,,,,,,,
692937,2014,2014-06-15,"County Ground, Derby",2,82.5,82.5,Surrey,Derbyshire,SM Davies,GC Wilson,AP Palladino,1,0,,,,,,,,,,,,,
692937,2014,2014-06-15,"County Ground, Derby",2,82.6,82.6,Surrey,Derbyshire,GC Wilson,SM Davies,AP Palladino,0,0,,,,,,,,,,,,,
692937,2014,2014-06-15,"County Ground, Derby",2,83.1,83.1,Surrey,Derbyshire,SM Davies,GC Wilson,MHA Footitt,1,0,,,,,,,,,,,,,
692937,2014,2014-06-15,"County Ground, Derby",2,83.2,83.2,Surrey,Derbyshire,GC Wilson,SM Davies,MHA Footitt,0,0,,,,,,,,,,,,,
692937,2014,2014-06-15,"County Ground, Derby",2,83.3,83.3,Surrey,Derbyshire,GC Wilson,SM Davies,MHA Footitt,0,0,,,,,,,,,,,,,
692937,2014,2014-06-15,"County Ground, Derby",2,83.4,83.4,Surrey,Derbyshire,GC Wilson,SM Davies,MHA Footitt,0,0,,,,,,,,,,,,,
692937,2014,2014-06-15,"County Ground, Derby",2,83.5,83.5,Surrey,Derbyshire,GC Wilson,SM Davies,MHA Footitt,0,0,,,,,,,,,,,,,
692937,2014,2014-06-15,"County Ground, Derby",2,83.6,83.6,Surrey,Derbyshire,GC Wilson,SM Davies,MHA Footitt,0,0,,,,,,,,,,,,,
692937,2014,2014-06-15,"County Ground, Derby",2,84.1,84.1,Surrey,Derbyshire,SM Davies,GC Wilson,AP Palladino,0,0,,,,,,,,,,,,,
692937,2014,2014-06-15,"County Ground, Derby",2,84.2,84.2,Surrey,Derbyshire,SM Davies,GC Wilson,AP Palladino,1,0,,,,,,,,,,,,,
692937,2014,2014-06-15,"County Ground, Derby",2,84.3,84.3,Surrey,Derbyshire,GC Wilson,SM Davies,AP Palladino,1,0,,,,,,,,,,,,,
692937,2014,2014-06-15,"County Ground, Derby",2,84.4,84.4,Surrey,Derbyshire,SM Davies,GC Wilson,AP Palladino,0,0,,,,,,,,,,,,,
692937,2014,2014-06-15,"County Ground, Derby",2,84.5,84.5,Surrey,Derbyshire,SM Davies,GC Wilson,AP Palladino,2,0,,,,,,,,,,,,,
692937,2014,2014-06-15,"County Ground, Derby",2,84.6,84.6,Surrey,Derbyshire,SM Davies,GC Wilson,AP Palladino,4,0,,,,,,,,,,,,,
692937,2014,2014-06-15,"County Ground, Derby",2,85.1,85.1,Surrey,Derbyshire,GC Wilson,SM Davies,MHA Footitt,0,0,,,,,,,,,,,,,
692937,2014,2014-06-15,"County Ground, Derby",2,85.2,85.2,Surrey,Derbyshire,GC Wilson,SM Davies,MHA Footitt,0,0,,,,,,,,,,,,,
692937,2014,2014-06-15,"County Ground, Derby",2,85.3,85.3,Surrey,Derbyshire,GC Wilson,SM Davies,MHA Footitt,0,0,,,,,,,,,,,,,
692937,2014,2014-06-15,"County Ground, Derby",2,85.4,85.4,Surrey,Derbyshire,GC Wilson,SM Davies,MHA Footitt,0,0,,,,,,,,,,,,,
692937,2014,2014-06-15,"County Ground, Derby",2,85.5,85.5,Surrey,Derbyshire,GC Wilson,SM Davies,MHA Footitt,0,0,,,,,,,,,,,,,
692937,2014,2014-06-15,"County Ground, Derby",2,85.6,85.6,Surrey,Derbyshire,GC Wilson,SM Davies,MHA Footitt,2,0,,,,,,,,,,,,,
692937,2014,2014-06-15,"County Ground, Derby",2,86.1,86.1,Surrey,Derbyshire,SM Davies,GC Wilson,TAI Taylor,0,0,,,,,,,,,,,,,
692937,2014,2014-06-15,"County Ground, Derby",2,86.2,86.2,Surrey,Derbyshire,SM Davies,GC Wilson,TAI Taylor,0,0,,,,,,,,,,,,,
692937,2014,2014-06-15,"County Ground, Derby",2,86.3,86.3,Surrey,Derbyshire,SM Davies,GC Wilson,TAI Taylor,1,0,,,,,,,,,,,,,
692937,2014,2014-06-15,"County Ground, Derby",2,86.4,86.4,Surrey,Derbyshire,GC Wilson,SM Davies,TAI Taylor,0,0,,,,,,,,,,,,,
692937,2014,2014-06-15,"County Ground, Derby",2,86.5,86.5,Surrey,Derbyshire,GC Wilson,SM Davies,TAI Taylor,0,0,,,,,,,,,,,,,
692937,2014,2014-06-15,"County Ground, Derby",2,86.6,86.6,Surrey,Derbyshire,GC Wilson,SM Davies,TAI Taylor,0,0,,,,,,,,,,,,,
692937,2014,2014-06-15,"County Ground, Derby",2,87.1,87.1,Surrey,Derbyshire,SM Davies,GC Wilson,MHA Footitt,0,2,,,2,,,,,,,,,,
692937,2014,2014-06-15,"County Ground, Derby",2,87.2,87.2,Surrey,Derbyshire,SM Davies,GC Wilson,MHA Footitt,1,0,,,,,,,,,,,,,
692937,2014,2014-06-15,"County Ground, Derby",2,87.3,87.3,Surrey,Derbyshire,GC Wilson,SM Davies,MHA Footitt,0,0,,,,,,,,,,,,,
692937,2014,2014-06-15,"County Ground, Derby",2,87.4,87.4,Surrey,Derbyshire,GC Wilson,SM Davies,MHA Footitt,0,0,,,,,,,lbw,GC Wilson,,,,,
692937,2014,2014-06-15,"County Ground, Derby",2,87.5,87.5,Surrey,Derbyshire,GJ Batty,SM Davies,MHA Footitt,0,0,,,,,,,,,,,,,
692937,2014,2014-06-15,"County Ground, Derby",2,87.6,87.6,Surrey,Derbyshire,GJ Batty,SM Davies,MHA Footitt,0,0,,,,,,,,,,,,,
692937,2014,2014-06-15,"County Ground, Derby",2,88.1,88.1,Surrey,Derbyshire,SM Davies,GJ Batty,TAI Taylor,2,0,,,,,,,,,,,,,
692937,2014,2014-06-15,"County Ground, Derby",2,88.2,88.2,Surrey,Derbyshire,SM Davies,GJ Batty,TAI Taylor,0,0,,,,,,,,,,,,,
692937,2014,2014-06-15,"County Ground, Derby",2,88.3,88.3,Surrey,Derbyshire,SM Davies,GJ Batty,TAI Taylor,1,0,,,,,,,,,,,,,
692937,2014,2014-06-15,"County Ground, Derby",2,88.4,88.4,Surrey,Derbyshire,GJ Batty,SM Davies,TAI Taylor,0,0,,,,,,,,,,,,,
692937,2014,2014-06-15,"County Ground, Derby",2,88.5,88.5,Surrey,Derbyshire,GJ Batty,SM Davies,TAI Taylor,0,0,,,,,,,,,,,,,
692937,2014,2014-06-15,"County Ground, Derby",2,88.6,88.6,Surrey,Derbyshire,GJ Batty,SM Davies,TAI Taylor,0,0,,,,,,,,,,,,,
692937,2014,2014-06-15,"County Ground, Derby",2,89.1,89.1,Surrey,Derbyshire,SM Davies,GJ Batty,MHA Footitt,1,0,,,,,,,,,,,,,
692937,2014,2014-06-15,"County Ground, Derby",2,89.2,89.2,Surrey,Derbyshire,GJ Batty,SM Davies,MHA Footitt,0,4,,,4,,,,,,,,,,
692937,2014,2014-06-15,"County Ground, Derby",2,89.3,89.3,Surrey,Derbyshire,GJ Batty,SM Davies,MHA Footitt,0,0,,,,,,,,,,,,,
692937,2014,2014-06-15,"County Ground, Derby",2,89.4,89.4,Surrey,Derbyshire,GJ Batty,SM Davies,MHA Footitt,0,0,,,,,,,,,,,,,
692937,2014,2014-06-15,"County Ground, Derby",2,89.5,89.5,Surrey,Derbyshire,GJ Batty,SM Davies,MHA Footitt,0,0,,,,,,,,,,,,,
692937,2014,2014-06-15,"County Ground, Derby",2,89.6,89.6,Surrey,Derbyshire,GJ Batty,SM Davies,MHA Footitt,0,0,,,,,,,,,,,,,
692937,2014,2014-06-15,"County Ground, Derby",2,90.1,90.1,Surrey,Derbyshire,SM Davies,GJ Batty,TAI Taylor,1,0,,,,,,,,,,,,,
692937,2014,2014-06-15,"County Ground, Derby",2,90.2,90.2,Surrey,Derbyshire,GJ Batty,SM Davies,TAI Taylor,0,0,,,,,,,,,,,,,
692937,2014,2014-06-15,"County Ground, Derby",2,90.3,90.3,Surrey,Derbyshire,GJ Batty,SM Davies,TAI Taylor,0,0,,,,,,,,,,,,,
692937,2014,2014-06-15,"County Ground, Derby",2,90.4,90.4,Surrey,Derbyshire,GJ Batty,SM Davies,TAI Taylor,3,0,,,,,,,,,,,,,
692937,2014,2014-06-15,"County Ground, Derby",2,90.5,90.5,Surrey,Derbyshire,SM Davies,GJ Batty,TAI Taylor,1,0,,,,,,,,,,,,,
692937,2014,2014-06-15,"County Ground, Derby",2,90.6,90.6,Surrey,Derbyshire,GJ Batty,SM Davies,TAI Taylor,0,0,,,,,,,,,,,,,
692937,2014,2014-06-15,"County Ground, Derby",2,91.1,91.1,Surrey,Derbyshire,SM Davies,GJ Batty,AP Palladino,1,0,,,,,,,,,,,,,
692937,2014,2014-06-15,"County Ground, Derby",2,91.2,91.2,Surrey,Derbyshire,GJ Batty,SM Davies,AP Palladino,0,0,,,,,,,,,,,,,
692937,2014,2014-06-15,"County Ground, Derby",2,91.3,91.3,Surrey,Derbyshire,GJ Batty,SM Davies,AP Palladino,0,0,,,,,,,,,,,,,
692937,2014,2014-06-15,"County Ground, Derby",2,91.4,91.4,Surrey,Derbyshire,GJ Batty,SM Davies,AP Palladino,0,0,,,,,,,,,,,,,
692937,2014,2014-06-15,"County Ground, Derby",2,91.5,91.5,Surrey,Derbyshire,GJ Batty,SM Davies,AP Palladino,1,0,,,,,,,,,,,,,
692937,2014,2014-06-15,"County Ground, Derby",2,91.6,91.6,Surrey,Derbyshire,SM Davies,GJ Batty,AP Palladino,0,0,,,,,,,,,,,,,
692937,2014,2014-06-15,"County Ground, Derby",2,92.1,92.1,Surrey,Derbyshire,GJ Batty,SM Davies,TAI Taylor,0,0,,,,,,,,,,,,,
692937,2014,2014-06-15,"County Ground, Derby",2,92.2,92.2,Surrey,Derbyshire,GJ Batty,SM Davies,TAI Taylor,0,0,,,,,,,,,,,,,
692937,2014,2014-06-15,"County Ground, Derby",2,92.3,92.3,Surrey,Derbyshire,GJ Batty,SM Davies,TAI Taylor,0,0,,,,,,,,,,,,,
692937,2014,2014-06-15,"County Ground, Derby",2,92.4,92.4,Surrey,Derbyshire,GJ Batty,SM Davies,TAI Taylor,0,0,,,,,,,,,,,,,
692937,2014,2014-06-15,"County Ground, Derby",2,92.5,92.5,Surrey,Derbyshire,GJ Batty,SM Davies,TAI Taylor,0,0,,,,,,,,,,,,,
692937,2014,2014-06-15,"County Ground, Derby",2,92.6,92.6,Surrey,Derbyshire,GJ Batty,SM Davies,TAI Taylor,0,0,,,,,,,,,,,,,
692937,2014,2014-06-15,"County Ground, Derby",2,93.1,93.1,Surrey,Derbyshire,SM Davies,GJ Batty,AP Palladino,1,0,,,,,,,,,,,,,
692937,2014,2014-06-15,"County Ground, Derby",2,93.2,93.2,Surrey,Derbyshire,GJ Batty,SM Davies,AP Palladino,0,0,,,,,,,,,,,,,
692937,2014,2014-06-15,"County Ground, Derby",2,93.3,93.3,Surrey,Derbyshire,GJ Batty,SM Davies,AP Palladino,0,0,,,,,,,,,,,,,
692937,2014,2014-06-15,"County Ground, Derby",2,93.4,93.4,Surrey,Derbyshire,GJ Batty,SM Davies,AP Palladino,0,0,,,,,,,,,,,,,
692937,2014,2014-06-15,"County Ground, Derby",2,93.5,93.5,Surrey,Derbyshire,GJ Batty,SM Davies,AP Palladino,0,0,,,,,,,,,,,,,
692937,2014,2014-06-15,"County Ground, Derby",2,93.6,93.6,Surrey,Derbyshire,GJ Batty,SM Davies,AP Palladino,0,0,,,,,,,,,,,,,
692937,2014,2014-06-15,"County Ground, Derby",2,94.1,94.1,Surrey,Derbyshire,SM Davies,GJ Batty,TAI Taylor,1,0,,,,,,,,,,,,,
692937,2014,2014-06-15,"County Ground, Derby",2,94.2,94.2,Surrey,Derbyshire,GJ Batty,SM Davies,TAI Taylor,4,0,,,,,,,,,,,,,
692937,2014,2014-06-15,"County Ground, Derby",2,94.3,94.3,Surrey,Derbyshire,GJ Batty,SM Davies,TAI Taylor,0,0,,,,,,,,,,,,,
692937,2014,2014-06-15,"County Ground, Derby",2,94.4,94.4,Surrey,Derbyshire,GJ Batty,SM Davies,TAI Taylor,0,0,,,,,,,,,,,,,
692937,2014,2014-06-15,"County Ground, Derby",2,94.5,94.5,Surrey,Derbyshire,GJ Batty,SM Davies,TAI Taylor,1,0,,,,,,,,,,,,,
692937,2014,2014-06-15,"County Ground, Derby",2,94.6,94.6,Surrey,Derbyshire,SM Davies,GJ Batty,TAI Taylor,1,0,,,,,,,,,,,,,
692937,2014,2014-06-15,"County Ground, Derby",2,95.1,95.1,Surrey,Derbyshire,SM Davies,GJ Batty,AP Palladino,1,0,,,,,,,,,,,,,
692937,2014,2014-06-15,"County Ground, Derby",2,95.2,95.2,Surrey,Derbyshire,GJ Batty,SM Davies,AP Palladino,0,2,,2,,,,,,,,,,,
692937,2014,2014-06-15,"County Ground, Derby",2,95.3,95.2,Surrey,Derbyshire,GJ Batty,SM Davies,AP Palladino,0,0,,,,,,,,,,,,,
692937,2014,2014-06-15,"County Ground, Derby",2,95.4,95.3,Surrey,Derbyshire,GJ Batty,SM Davies,AP Palladino,0,0,,,,,,,,,,,,,
692937,2014,2014-06-15,"County Ground, Derby",2,95.5,95.4,Surrey,Derbyshire,GJ Batty,SM Davies,AP Palladino,0,0,,,,,,,,,,,,,
692937,2014,2014-06-15,"County Ground, Derby",2,95.6,95.5,Surrey,Derbyshire,GJ Batty,SM Davies,AP Palladino,1,0,,,,,,,,,,,,,
692937,2014,2014-06-15,"County Ground, Derby",2,95.7,95.6,Surrey,Derbyshire,SM Davies,GJ Batty,AP Palladino,0,0,,,,,,,,,,,,,
692937,2014,2014-06-15,"County Ground, Derby",2,96.1,96.1,Surrey,Derbyshire,GJ Batty,SM Davies,DJ Wainwright,0,0,,,,,,,,,,,,,
692937,2014,2014-06-15,"County Ground, Derby",2,96.2,96.2,Surrey,Derbyshire,GJ Batty,SM Davies,DJ Wainwright,0,0,,,,,,,,,,,,,
692937,2014,2014-06-15,"County Ground, Derby",2,96.3,96.3,Surrey,Derbyshire,GJ Batty,SM Davies,DJ Wainwright,6,0,,,,,,,,,,,,,
692937,2014,2014-06-15,"County Ground, Derby",2,96.4,96.4,Surrey,Derbyshire,GJ Batty,SM Davies,DJ Wainwright,1,0,,,,,,,,,,,,,
692937,2014,2014-06-15,"County Ground, Derby",2,96.5,96.5,Surrey,Derbyshire,SM Davies,GJ Batty,DJ Wainwright,0,0,,,,,,,,,,,,,
692937,2014,2014-06-15,"County Ground, Derby",2,96.6,96.6,Surrey,Derbyshire,SM Davies,GJ Batty,DJ Wainwright,0,0,,,,,,,,,,,,,
692937,2014,2014-06-15,"County Ground, Derby",2,97.1,97.1,Surrey,Derbyshire,GJ Batty,SM Davies,AP Palladino,0,0,,,,,,,,,,,,,
692937,2014,2014-06-15,"County Ground, Derby",2,97.2,97.2,Surrey,Derbyshire,GJ Batty,SM Davies,AP Palladino,0,0,,,,,,,,,,,,,
692937,2014,2014-06-15,"County Ground, Derby",2,97.3,97.3,Surrey,Derbyshire,GJ Batty,SM Davies,AP Palladino,1,0,,,,,,,,,,,,,
692937,2014,2014-06-15,"County Ground, Derby",2,97.4,97.4,Surrey,Derbyshire,SM Davies,GJ Batty,AP Palladino,4,0,,,,,,,,,,,,,
692937,2014,2014-06-15,"County Ground, Derby",2,97.5,97.5,Surrey,Derbyshire,SM Davies,GJ Batty,AP Palladino,1,0,,,,,,,,,,,,,
692937,2014,2014-06-15,"County Ground, Derby",2,97.6,97.6,Surrey,Derbyshire,GJ Batty,SM Davies,AP Palladino,1,0,,,,,,,,,,,,,
692937,2014,2014-06-15,"County Ground, Derby",2,98.1,98.1,Surrey,Derbyshire,GJ Batty,SM Davies,SL Elstone,1,0,,,,,,,,,,,,,
692937,2014,2014-06-15,"County Ground, Derby",2,98.2,98.2,Surrey,Derbyshire,SM Davies,GJ Batty,SL Elstone,0,0,,,,,,,,,,,,,
692937,2014,2014-06-15,"County Ground, Derby",2,98.3,98.3,Surrey,Derbyshire,SM Davies,GJ Batty,SL Elstone,0,0,,,,,,,,,,,,,
692937,2014,2014-06-15,"County Ground, Derby",2,98.4,98.4,Surrey,Derbyshire,SM Davies,GJ Batty,SL Elstone,2,0,,,,,,,,,,,,,
692937,2014,2014-06-15,"County Ground, Derby",2,98.5,98.5,Surrey,Derbyshire,SM Davies,GJ Batty,SL Elstone,0,0,,,,,,,,,,,,,
692937,2014,2014-06-15,"County Ground, Derby",2,98.6,98.6,Surrey,Derbyshire,SM Davies,GJ Batty,SL Elstone,4,0,,,,,,,,,,,,,
692937,2014,2014-06-15,"County Ground, Derby",2,99.1,99.1,Surrey,Derbyshire,GJ Batty,SM Davies,DJ Wainwright,0,0,,,,,,,,,,,,,
692937,2014,2014-06-15,"County Ground, Derby",2,99.2,99.2,Surrey,Derbyshire,GJ Batty,SM Davies,DJ Wainwright,2,0,,,,,,,,,,,,,
692937,2014,2014-06-15,"County Ground, Derby",2,99.3,99.3,Surrey,Derbyshire,GJ Batty,SM Davies,DJ Wainwright,0,0,,,,,,,,,,,,,
692937,2014,2014-06-15,"County Ground, Derby",2,99.4,99.4,Surrey,Derbyshire,GJ Batty,SM Davies,DJ Wainwright,1,0,,,,,,,,,,,,,
692937,2014,2014-06-15,"County Ground, Derby",2,99.5,99.5,Surrey,Derbyshire,SM Davies,GJ Batty,DJ Wainwright,4,0,,,,,,,,,,,,,
692937,2014,2014-06-15,"County Ground, Derby",2,99.6,99.6,Surrey,Derbyshire,SM Davies,GJ Batty,DJ Wainwright,0,0,,,,,,,,,,,,,
692937,2014,2014-06-15,"County Ground, Derby",2,100.1,100.1,Surrey,Derbyshire,GJ Batty,SM Davies,SL Elstone,6,0,,,,,,,,,,,,,
692937,2014,2014-06-15,"County Ground, Derby",2,100.2,100.2,Surrey,Derbyshire,GJ Batty,SM Davies,SL Elstone,0,0,,,,,,,caught,GJ Batty,,,MJ North,,
692937,2014,2014-06-15,"County Ground, Derby",2,100.3,100.3,Surrey,Derbyshire,CT Tremlett,SM Davies,SL Elstone,0,0,,,,,,,,,,,,,
692937,2014,2014-06-15,"County Ground, Derby",2,100.4,100.4,Surrey,Derbyshire,CT Tremlett,SM Davies,SL Elstone,0,0,,,,,,,,,,,,,
692937,2014,2014-06-15,"County Ground, Derby",2,100.5,100.5,Surrey,Derbyshire,CT Tremlett,SM Davies,SL Elstone,0,0,,,,,,,,,,,,,
692937,2014,2014-06-15,"County Ground, Derby",2,100.6,100.6,Surrey,Derbyshire,CT Tremlett,SM Davies,SL Elstone,0,0,,,,,,,,,,,,,
692937,2014,2014-06-15,"County Ground, Derby",2,101.1,101.1,Surrey,Derbyshire,SM Davies,CT Tremlett,DJ Wainwright,1,0,,,,,,,,,,,,,
692937,2014,2014-06-15,"County Ground, Derby",2,101.2,101.2,Surrey,Derbyshire,CT Tremlett,SM Davies,DJ Wainwright,0,0,,,,,,,,,,,,,
692937,2014,2014-06-15,"County Ground, Derby",2,101.3,101.3,Surrey,Derbyshire,CT Tremlett,SM Davies,DJ Wainwright,0,0,,,,,,,,,,,,,
692937,2014,2014-06-15,"County Ground, Derby",2,101.4,101.4,Surrey,Derbyshire,CT Tremlett,SM Davies,DJ Wainwright,0,0,,,,,,,,,,,,,
692937,2014,2014-06-15,"County Ground, Derby",2,101.5,101.5,Surrey,Derbyshire,CT Tremlett,SM Davies,DJ Wainwright,0,0,,,,,,,,,,,,,
692937,2014,2014-06-15,"County Ground, Derby",2,101.6,101.6,Surrey,Derbyshire,CT Tremlett,SM Davies,DJ Wainwright,0,0,,,,,,,,,,,,,
692937,2014,2014-06-15,"County Ground, Derby",2,102.1,102.1,Surrey,Derbyshire,SM Davies,CT Tremlett,SL Elstone,1,0,,,,,,,,,,,,,
692937,2014,2014-06-15,"County Ground, Derby",2,102.2,102.2,Surrey,Derbyshire,CT Tremlett,SM Davies,SL Elstone,6,0,,,,,,,,,,,,,
692937,2014,2014-06-15,"County Ground, Derby",2,102.3,102.3,Surrey,Derbyshire,CT Tremlett,SM Davies,SL Elstone,4,0,,,,,,,,,,,,,
692937,2014,2014-06-15,"County Ground, Derby",2,102.4,102.4,Surrey,Derbyshire,CT Tremlett,SM Davies,SL Elstone,6,0,,,,,,,,,,,,,
692937,2014,2014-06-15,"County Ground, Derby",2,102.5,102.5,Surrey,Derbyshire,CT Tremlett,SM Davies,SL Elstone,0,0,,,,,,,,,,,,,
692937,2014,2014-06-15,"County Ground, Derby",2,102.6,102.6,Surrey,Derbyshire,CT Tremlett,SM Davies,SL Elstone,0,0,,,,,,,,,,,,,
692937,2014,2014-06-15,"County Ground, Derby",2,103.1,103.1,Surrey,Derbyshire,SM Davies,CT Tremlett,DJ Wainwright,2,0,,,,,,,,,,,,,
692937,2014,2014-06-15,"County Ground, Derby",2,103.2,103.2,Surrey,Derbyshire,SM Davies,CT Tremlett,DJ Wainwright,0,0,,,,,,,,,,,,,
692937,2014,2014-06-15,"County Ground, Derby",2,103.3,103.3,Surrey,Derbyshire,SM Davies,CT Tremlett,DJ Wainwright,1,0,,,,,,,,,,,,,
692937,2014,2014-06-15,"County Ground, Derby",2,103.4,103.4,Surrey,Derbyshire,CT Tremlett,SM Davies,DJ Wainwright,0,0,,,,,,,,,,,,,
692937,2014,2014-06-15,"County Ground, Derby",2,103.5,103.5,Surrey,Derbyshire,CT Tremlett,SM Davies,DJ Wainwright,0,0,,,,,,,,,,,,,
692937,2014,2014-06-15,"County Ground, Derby",2,103.6,103.6,Surrey,Derbyshire,CT Tremlett,SM Davies,DJ Wainwright,1,0,,,,,,,,,,,,,
692937,2014,2014-06-15,"County Ground, Derby",2,104.1,104.1,Surrey,Derbyshire,CT Tremlett,SM Davies,MJ North,0,0,,,,,,,,,,,,,
692937,2014,2014-06-15,"County Ground, Derby",2,104.2,104.2,Surrey,Derbyshire,CT Tremlett,SM Davies,MJ North,1,0,,,,,,,,,,,,,
692937,2014,2014-06-15,"County Ground, Derby",2,104.3,104.3,Surrey,Derbyshire,SM Davies,CT Tremlett,MJ North,0,0,,,,,,,,,,,,,
692937,2014,2014-06-15,"County Ground, Derby",2,104.4,104.4,Surrey,Derbyshire,SM Davies,CT Tremlett,MJ North,0,0,,,,,,,,,,,,,
692937,2014,2014-06-15,"County Ground, Derby",2,104.5,104.5,Surrey,Derbyshire,SM Davies,CT Tremlett,MJ North,0,0,,,,,,,,,,,,,
692937,2014,2014-06-15,"County Ground, Derby",2,104.6,104.6,Surrey,Derbyshire,SM Davies,CT Tremlett,MJ North,0,0,,,,,,,,,,,,,
692937,2014,2014-06-15,"County Ground, Derby",2,105.1,105.1,Surrey,Derbyshire,CT Tremlett,SM Davies,DJ Wainwright,0,0,,,,,,,,,,,,,
692937,2014,2014-06-15,"County Ground, Derby",2,105.2,105.2,Surrey,Derbyshire,CT Tremlett,SM Davies,DJ Wainwright,0,0,,,,,,,,,,,,,
692937,2014,2014-06-15,"County Ground, Derby",2,105.3,105.3,Surrey,Derbyshire,CT Tremlett,SM Davies,DJ Wainwright,0,0,,,,,,,,,,,,,
692937,2014,2014-06-15,"County Ground, Derby",2,105.4,105.4,Surrey,Derbyshire,CT Tremlett,SM Davies,DJ Wainwright,1,0,,,,,,,,,,,,,
692937,2014,2014-06-15,"County Ground, Derby",2,105.5,105.5,Surrey,Derbyshire,SM Davies,CT Tremlett,DJ Wainwright,1,0,,,,,,,,,,,,,
692937,2014,2014-06-15,"County Ground, Derby",2,105.6,105.6,Surrey,Derbyshire,CT Tremlett,SM Davies,DJ Wainwright,0,0,,,,,,,,,,,,,
692937,2014,2014-06-15,"County Ground, Derby",2,106.1,106.1,Surrey,Derbyshire,SM Davies,CT Tremlett,MJ North,1,0,,,,,,,,,,,,,
692937,2014,2014-06-15,"County Ground, Derby",2,106.2,106.2,Surrey,Derbyshire,CT Tremlett,SM Davies,MJ North,0,0,,,,,,,,,,,,,
692937,2014,2014-06-15,"County Ground, Derby",2,106.3,106.3,Surrey,Derbyshire,CT Tremlett,SM Davies,MJ North,0,0,,,,,,,,,,,,,
692937,2014,2014-06-15,"County Ground, Derby",2,106.4,106.4,Surrey,Derbyshire,CT Tremlett,SM Davies,MJ North,1,0,,,,,,,,,,,,,
692937,2014,2014-06-15,"County Ground, Derby",2,106.5,106.5,Surrey,Derbyshire,SM Davies,CT Tremlett,MJ North,0,0,,,,,,,,,,,,,
692937,2014,2014-06-15,"County Ground, Derby",2,106.6,106.6,Surrey,Derbyshire,SM Davies,CT Tremlett,MJ North,1,0,,,,,,,,,,,,,
692937,2014,2014-06-15,"County Ground, Derby",2,107.1,107.1,Surrey,Derbyshire,SM Davies,CT Tremlett,DJ Wainwright,0,0,,,,,,,,,,,,,
692937,2014,2014-06-15,"County Ground, Derby",2,107.2,107.2,Surrey,Derbyshire,SM Davies,CT Tremlett,DJ Wainwright,1,0,,,,,,,,,,,,,
692937,2014,2014-06-15,"County Ground, Derby",2,107.3,107.3,Surrey,Derbyshire,CT Tremlett,SM Davies,DJ Wainwright,0,0,,,,,,,,,,,,,
692937,2014,2014-06-15,"County Ground, Derby",2,107.4,107.4,Surrey,Derbyshire,CT Tremlett,SM Davies,DJ Wainwright,1,0,,,,,,,,,,,,,
692937,2014,2014-06-15,"County Ground, Derby",2,107.5,107.5,Surrey,Derbyshire,SM Davies,CT Tremlett,DJ Wainwright,1,0,,,,,,,,,,,,,
692937,2014,2014-06-15,"County Ground, Derby",2,107.6,107.6,Surrey,Derbyshire,CT Tremlett,SM Davies,DJ Wainwright,1,0,,,,,,,,,,,,,
692937,2014,2014-06-15,"County Ground, Derby",2,108.1,108.1,Surrey,Derbyshire,CT Tremlett,SM Davies,MJ North,1,0,,,,,,,,,,,,,
692937,2014,2014-06-15,"County Ground, Derby",2,108.2,108.2,Surrey,Derbyshire,SM Davies,CT Tremlett,MJ North,0,0,,,,,,,,,,,,,
692937,2014,2014-06-15,"County Ground, Derby",2,108.3,108.3,Surrey,Derbyshire,SM Davies,CT Tremlett,MJ North,0,0,,,,,,,,,,,,,
692937,2014,2014-06-15,"County Ground, Derby",2,108.4,108.4,Surrey,Derbyshire,SM Davies,CT Tremlett,MJ North,0,0,,,,,,,bowled,SM Davies,,,,,
692937,2014,2014-06-15,"County Ground, Derby",2,108.5,108.5,Surrey,Derbyshire,TK Curran,CT Tremlett,MJ North,0,0,,,,,,,,,,,,,
692937,2014,2014-06-15,"County Ground, Derby",2,108.6,108.6,Surrey,Derbyshire,TK Curran,CT Tremlett,MJ North,0,0,,,,,,,,,,,,,
692937,2014,2014-06-15,"County Ground, Derby",2,109.1,109.1,Surrey,Derbyshire,CT Tremlett,TK Curran,MHA Footitt,0,0,,,,,,,,,,,,,
692937,2014,2014-06-15,"County Ground, Derby",2,109.2,109.2,Surrey,Derbyshire,CT Tremlett,TK Curran,MHA Footitt,0,0,,,,,,,,,,,,,
692937,2014,2014-06-15,"County Ground, Derby",2,109.3,109.3,Surrey,Derbyshire,CT Tremlett,TK Curran,MHA Footitt,0,0,,,,,,,,,,,,,
692937,2014,2014-06-15,"County Ground, Derby",2,109.4,109.4,Surrey,Derbyshire,CT Tremlett,TK Curran,MHA Footitt,1,0,,,,,,,,,,,,,
692937,2014,2014-06-15,"County Ground, Derby",2,109.5,109.5,Surrey,Derbyshire,TK Curran,CT Tremlett,MHA Footitt,0,0,,,,,,,,,,,,,
692937,2014,2014-06-15,"County Ground, Derby",2,109.6,109.6,Surrey,Derbyshire,TK Curran,CT Tremlett,MHA Footitt,0,0,,,,,,,,,,,,,
692937,2014,2014-06-15,"County Ground, Derby",2,110.1,110.1,Surrey,Derbyshire,CT Tremlett,TK Curran,TAI Taylor,0,0,,,,,,,,,,,,,
692937,2014,2014-06-15,"County Ground, Derby",2,110.2,110.2,Surrey,Derbyshire,CT Tremlett,TK Curran,TAI Taylor,0,0,,,,,,,,,,,,,
692937,2014,2014-06-15,"County Ground, Derby",2,110.3,110.3,Surrey,Derbyshire,CT Tremlett,TK Curran,TAI Taylor,4,0,,,,,,,,,,,,,
692937,2014,2014-06-15,"County Ground, Derby",2,110.4,110.4,Surrey,Derbyshire,CT Tremlett,TK Curran,TAI Taylor,2,0,,,,,,,,,,,,,
692937,2014,2014-06-15,"County Ground, Derby",2,110.5,110.5,Surrey,Derbyshire,CT Tremlett,TK Curran,TAI Taylor,6,0,,,,,,,,,,,,,
692937,2014,2014-06-15,"County Ground, Derby",2,110.6,110.6,Surrey,Derbyshire,CT Tremlett,TK Curran,TAI Taylor,6,0,,,,,,,,,,,,,
692937,2014,2014-06-15,"County Ground, Derby",2,111.1,111.1,Surrey,Derbyshire,TK Curran,CT Tremlett,MHA Footitt,1,0,,,,,,,,,,,,,
692937,2014,2014-06-15,"County Ground, Derby",2,111.2,111.2,Surrey,Derbyshire,CT Tremlett,TK Curran,MHA Footitt,0,0,,,,,,,,,,,,,
692937,2014,2014-06-15,"County Ground, Derby",2,111.3,111.3,Surrey,Derbyshire,CT Tremlett,TK Curran,MHA Footitt,0,0,,,,,,,,,,,,,
692937,2014,2014-06-15,"County Ground, Derby",2,111.4,111.4,Surrey,Derbyshire,CT Tremlett,TK Curran,MHA Footitt,0,0,,,,,,,,,,,,,
692937,2014,2014-06-15,"County Ground, Derby",2,111.5,111.5,Surrey,Derbyshire,CT Tremlett,TK Curran,MHA Footitt,0,0,,,,,,,,,,,,,
692937,2014,2014-06-15,"County Ground, Derby",2,111.6,111.6,Surrey,Derbyshire,CT Tremlett,TK Curran,MHA Footitt,1,0,,,,,,,,,,,,,
692937,2014,2014-06-15,"County Ground, Derby",2,112.1,112.1,Surrey,Derbyshire,CT Tremlett,TK Curran,TAI Taylor,0,0,,,,,,,,,,,,,
692937,2014,2014-06-15,"County Ground, Derby",2,112.2,112.2,Surrey,Derbyshire,CT Tremlett,TK Curran,TAI Taylor,0,0,,,,,,,caught,CT Tremlett,,,AP Palladino,,
692937,2014,2014-06-15,"County Ground, Derby",2,112.3,112.3,Surrey,Derbyshire,TK Curran,JW Dernbach,TAI Taylor,0,0,,,,,,,,,,,,,
692937,2014,2014-06-15,"County Ground, Derby",2,112.4,112.4,Surrey,Derbyshire,TK Curran,JW Dernbach,TAI Taylor,0,0,,,,,,,,,,,,,
692937,2014,2014-06-15,"County Ground, Derby",2,112.5,112.5,Surrey,Derbyshire,TK Curran,JW Dernbach,TAI Taylor,2,0,,,,,,,,,,,,,
692937,2014,2014-06-15,"County Ground, Derby",2,112.6,112.6,Surrey,Derbyshire,TK Curran,JW Dernbach,TAI Taylor,1,0,,,,,,,,,,,,,
692937,2014,2014-06-15,"County Ground, Derby",2,113.1,113.1,Surrey,Derbyshire,TK Curran,JW Dernbach,MHA Footitt,0,0,,,,,,,,,,,,,
692937,2014,2014-06-15,"County Ground, Derby",2,113.2,113.2,Surrey,Derbyshire,TK Curran,JW Dernbach,MHA Footitt,4,0,,,,,,,,,,,,,
692937,2014,2014-06-15,"County Ground, Derby",2,113.3,113.3,Surrey,Derbyshire,TK Curran,JW Dernbach,MHA Footitt,1,0,,,,,,,,,,,,,
692937,2014,2014-06-15,"County Ground, Derby",2,113.4,113.4,Surrey,Derbyshire,JW Dernbach,TK Curran,MHA Footitt,0,0,,,,,,,bowled,JW Dernbach,,,,,
692937,2014,2014-06-15,"County Ground, Derby",3,0.1,0.1,Derbyshire,Surrey,SC Moore,PM Borrington,CT Tremlett,0,0,,,,,,,,,,,,,
692937,2014,2014-06-15,"County Ground, Derby",3,0.2,0.2,Derbyshire,Surrey,SC Moore,PM Borrington,CT Tremlett,0,0,,,,,,,,,,,,,
692937,2014,2014-06-15,"County Ground, Derby",3,0.3,0.3,Derbyshire,Surrey,SC Moore,PM Borrington,CT Tremlett,0,0,,,,,,,,,,,,,
692937,2014,2014-06-15,"County Ground, Derby",3,0.4,0.4,Derbyshire,Surrey,SC Moore,PM Borrington,CT Tremlett,0,0,,,,,,,,,,,,,
692937,2014,2014-06-15,"County Ground, Derby",3,0.5,0.5,Derbyshire,Surrey,SC Moore,PM Borrington,CT Tremlett,0,0,,,,,,,,,,,,,
692937,2014,2014-06-15,"County Ground, Derby",3,0.6,0.6,Derbyshire,Surrey,SC Moore,PM Borrington,CT Tremlett,0,0,,,,,,,,,,,,,
692937,2014,2014-06-15,"County Ground, Derby",3,1.1,1.1,Derbyshire,Surrey,PM Borrington,SC Moore,JW Dernbach,0,0,,,,,,,,,,,,,
692937,2014,2014-06-15,"County Ground, Derby",3,1.2,1.2,Derbyshire,Surrey,PM Borrington,SC Moore,JW Dernbach,2,0,,,,,,,,,,,,,
692937,2014,2014-06-15,"County Ground, Derby",3,1.3,1.3,Derbyshire,Surrey,PM Borrington,SC Moore,JW Dernbach,0,0,,,,,,,,,,,,,
692937,2014,2014-06-15,"County Ground, Derby",3,1.4,1.4,Derbyshire,Surrey,PM Borrington,SC Moore,JW Dernbach,0,0,,,,,,,,,,,,,
692937,2014,2014-06-15,"County Ground, Derby",3,1.5,1.5,Derbyshire,Surrey,PM Borrington,SC Moore,JW Dernbach,0,0,,,,,,,,,,,,,
692937,2014,2014-06-15,"County Ground, Derby",3,1.6,1.6,Derbyshire,Surrey,PM Borrington,SC Moore,JW Dernbach,0,0,,,,,,,,,,,,,
692937,2014,2014-06-15,"County Ground, Derby",3,2.1,2.1,Derbyshire,Surrey,SC Moore,PM Borrington,CT Tremlett,0,0,,,,,,,,,,,,,
692937,2014,2014-06-15,"County Ground, Derby",3,2.2,2.2,Derbyshire,Surrey,SC Moore,PM Borrington,CT Tremlett,0,0,,,,,,,,,,,,,
692937,2014,2014-06-15,"County Ground, Derby",3,2.3,2.3,Derbyshire,Surrey,SC Moore,PM Borrington,CT Tremlett,0,0,,,,,,,,,,,,,
692937,2014,2014-06-15,"County Ground, Derby",3,2.4,2.4,Derbyshire,Surrey,SC Moore,PM Borrington,CT Tremlett,4,0,,,,,,,,,,,,,
692937,2014,2014-06-15,"County Ground, Derby",3,2.5,2.5,Derbyshire,Surrey,SC Moore,PM Borrington,CT Tremlett,0,0,,,,,,,,,,,,,
692937,2014,2014-06-15,"County Ground, Derby",3,2.6,2.6,Derbyshire,Surrey,SC Moore,PM Borrington,CT Tremlett,0,0,,,,,,,,,,,,,
692937,2014,2014-06-15,"County Ground, Derby",3,3.1,3.1,Derbyshire,Surrey,PM Borrington,SC Moore,JW Dernbach,0,0,,,,,,,,,,,,,
692937,2014,2014-06-15,"County Ground, Derby",3,3.2,3.2,Derbyshire,Surrey,PM Borrington,SC Moore,JW Dernbach,0,0,,,,,,,,,,,,,
692937,2014,2014-06-15,"County Ground, Derby",3,3.3,3.3,Derbyshire,Surrey,PM Borrington,SC Moore,JW Dernbach,0,0,,,,,,,,,,,,,
692937,2014,2014-06-15,"County Ground, Derby",3,3.4,3.4,Derbyshire,Surrey,PM Borrington,SC Moore,JW Dernbach,2,0,,,,,,,,,,,,,
692937,2014,2014-06-15,"County Ground, Derby",3,3.5,3.5,Derbyshire,Surrey,PM Borrington,SC Moore,JW Dernbach,0,0,,,,,,,,,,,,,
692937,2014,2014-06-15,"County Ground, Derby",3,3.6,3.6,Derbyshire,Surrey,PM Borrington,SC Moore,JW Dernbach,0,0,,,,,,,,,,,,,
692937,2014,2014-06-15,"County Ground, Derby",3,4.1,4.1,Derbyshire,Surrey,SC Moore,PM Borrington,CT Tremlett,0,0,,,,,,,,,,,,,
692937,2014,2014-06-15,"County Ground, Derby",3,4.2,4.2,Derbyshire,Surrey,SC Moore,PM Borrington,CT Tremlett,0,0,,,,,,,,,,,,,
692937,2014,2014-06-15,"County Ground, Derby",3,4.3,4.3,Derbyshire,Surrey,SC Moore,PM Borrington,CT Tremlett,0,0,,,,,,,,,,,,,
692937,2014,2014-06-15,"County Ground, Derby",3,4.4,4.4,Derbyshire,Surrey,SC Moore,PM Borrington,CT Tremlett,0,0,,,,,,,,,,,,,
692937,2014,2014-06-15,"County Ground, Derby",3,4.5,4.5,Derbyshire,Surrey,SC Moore,PM Borrington,CT Tremlett,0,0,,,,,,,,,,,,,
692937,2014,2014-06-15,"County Ground, Derby",3,4.6,4.6,Derbyshire,Surrey,SC Moore,PM Borrington,CT Tremlett,4,0,,,,,,,,,,,,,
692937,2014,2014-06-15,"County Ground, Derby",3,5.1,5.1,Derbyshire,Surrey,PM Borrington,SC Moore,JW Dernbach,0,0,,,,,,,,,,,,,
692937,2014,2014-06-15,"County Ground, Derby",3,5.2,5.2,Derbyshire,Surrey,PM Borrington,SC Moore,JW Dernbach,0,0,,,,,,,,,,,,,
692937,2014,2014-06-15,"County Ground, Derby",3,5.3,5.3,Derbyshire,Surrey,PM Borrington,SC Moore,JW Dernbach,0,0,,,,,,,,,,,,,
692937,2014,2014-06-15,"County Ground, Derby",3,5.4,5.4,Derbyshire,Surrey,PM Borrington,SC Moore,JW Dernbach,0,0,,,,,,,,,,,,,
692937,2014,2014-06-15,"County Ground, Derby",3,5.5,5.5,Derbyshire,Surrey,PM Borrington,SC Moore,JW Dernbach,0,0,,,,,,,,,,,,,
692937,2014,2014-06-15,"County Ground, Derby",3,5.6,5.6,Derbyshire,Surrey,PM Borrington,SC Moore,JW Dernbach,0,4,,,,4,,,,,,,,,
692937,2014,2014-06-15,"County Ground, Derby",3,6.1,6.1,Derbyshire,Surrey,SC Moore,PM Borrington,CT Tremlett,1,0,,,,,,,,,,,,,
692937,2014,2014-06-15,"County Ground, Derby",3,6.2,6.2,Derbyshire,Surrey,PM Borrington,SC Moore,CT Tremlett,1,0,,,,,,,,,,,,,
692937,2014,2014-06-15,"County Ground, Derby",3,6.3,6.3,Derbyshire,Surrey,SC Moore,PM Borrington,CT Tremlett,0,0,,,,,,,,,,,,,
692937,2014,2014-06-15,"County Ground, Derby",3,6.4,6.4,Derbyshire,Surrey,SC Moore,PM Borrington,CT Tremlett,0,0,,,,,,,,,,,,,
692937,2014,2014-06-15,"County Ground, Derby",3,6.5,6.5,Derbyshire,Surrey,SC Moore,PM Borrington,CT Tremlett,0,0,,,,,,,,,,,,,
692937,2014,2014-06-15,"County Ground, Derby",3,6.6,6.6,Derbyshire,Surrey,SC Moore,PM Borrington,CT Tremlett,0,0,,,,,,,,,,,,,
692937,2014,2014-06-15,"County Ground, Derby",3,7.1,7.1,Derbyshire,Surrey,PM Borrington,SC Moore,TK Curran,0,0,,,,,,,,,,,,,
692937,2014,2014-06-15,"County Ground, Derby",3,7.2,7.2,Derbyshire,Surrey,PM Borrington,SC Moore,TK Curran,1,0,,,,,,,,,,,,,
692937,2014,2014-06-15,"County Ground, Derby",3,7.3,7.3,Derbyshire,Surrey,SC Moore,PM Borrington,TK Curran,1,0,,,,,,,,,,,,,
692937,2014,2014-06-15,"County Ground, Derby",3,7.4,7.4,Derbyshire,Surrey,PM Borrington,SC Moore,TK Curran,0,0,,,,,,,,,,,,,
692937,2014,2014-06-15,"County Ground, Derby",3,7.5,7.5,Derbyshire,Surrey,PM Borrington,SC Moore,TK Curran,0,0,,,,,,,,,,,,,
692937,2014,2014-06-15,"County Ground, Derby",3,7.6,7.6,Derbyshire,Surrey,PM Borrington,SC Moore,TK Curran,0,0,,,,,,,,,,,,,
692937,2014,2014-06-15,"County Ground, Derby",3,8.1,8.1,Derbyshire,Surrey,SC Moore,PM Borrington,CT Tremlett,2,0,,,,,,,,,,,,,
692937,2014,2014-06-15,"County Ground, Derby",3,8.2,8.2,Derbyshire,Surrey,SC Moore,PM Borrington,CT Tremlett,0,0,,,,,,,,,,,,,
692937,2014,2014-06-15,"County Ground, Derby",3,8.3,8.3,Derbyshire,Surrey,SC Moore,PM Borrington,CT Tremlett,0,0,,,,,,,,,,,,,
692937,2014,2014-06-15,"County Ground, Derby",3,8.4,8.4,Derbyshire,Surrey,SC Moore,PM Borrington,CT Tremlett,0,0,,,,,,,,,,,,,
692937,2014,2014-06-15,"County Ground, Derby",3,8.5,8.5,Derbyshire,Surrey,SC Moore,PM Borrington,CT Tremlett,0,0,,,,,,,,,,,,,
692937,2014,2014-06-15,"County Ground, Derby",3,8.6,8.6,Derbyshire,Surrey,SC Moore,PM Borrington,CT Tremlett,0,0,,,,,,,,,,,,,
692937,2014,2014-06-15,"County Ground, Derby",3,9.1,9.1,Derbyshire,Surrey,PM Borrington,SC Moore,TK Curran,0,0,,,,,,,,,,,,,
692937,2014,2014-06-15,"County Ground, Derby",3,9.2,9.2,Derbyshire,Surrey,PM Borrington,SC Moore,TK Curran,0,0,,,,,,,,,,,,,
692937,2014,2014-06-15,"County Ground, Derby",3,9.3,9.3,Derbyshire,Surrey,PM Borrington,SC Moore,TK Curran,0,0,,,,,,,,,,,,,
692937,2014,2014-06-15,"County Ground, Derby",3,9.4,9.4,Derbyshire,Surrey,PM Borrington,SC Moore,TK Curran,0,0,,,,,,,,,,,,,
692937,2014,2014-06-15,"County Ground, Derby",3,9.5,9.5,Derbyshire,Surrey,PM Borrington,SC Moore,TK Curran,0,0,,,,,,,,,,,,,
692937,2014,2014-06-15,"County Ground, Derby",3,9.6,9.6,Derbyshire,Surrey,PM Borrington,SC Moore,TK Curran,0,0,,,,,,,,,,,,,
692937,2014,2014-06-15,"County Ground, Derby",3,10.1,10.1,Derbyshire,Surrey,SC Moore,PM Borrington,JW Dernbach,0,0,,,,,,,,,,,,,
692937,2014,2014-06-15,"County Ground, Derby",3,10.2,10.2,Derbyshire,Surrey,SC Moore,PM Borrington,JW Dernbach,0,0,,,,,,,,,,,,,
692937,2014,2014-06-15,"County Ground, Derby",3,10.3,10.3,Derbyshire,Surrey,SC Moore,PM Borrington,JW Dernbach,0,0,,,,,,,,,,,,,
692937,2014,2014-06-15,"County Ground, Derby",3,10.4,10.4,Derbyshire,Surrey,SC Moore,PM Borrington,JW Dernbach,0,0,,,,,,,,,,,,,
692937,2014,2014-06-15,"County Ground, Derby",3,10.5,10.5,Derbyshire,Surrey,SC Moore,PM Borrington,JW Dernbach,1,0,,,,,,,,,,,,,
692937,2014,2014-06-15,"County Ground, Derby",3,10.6,10.6,Derbyshire,Surrey,PM Borrington,SC Moore,JW Dernbach,0,0,,,,,,,,,,,,,
692937,2014,2014-06-15,"County Ground, Derby",3,11.1,11.1,Derbyshire,Surrey,SC Moore,PM Borrington,TK Curran,0,0,,,,,,,,,,,,,
692937,2014,2014-06-15,"County Ground, Derby",3,11.2,11.2,Derbyshire,Surrey,SC Moore,PM Borrington,TK Curran,0,0,,,,,,,,,,,,,
692937,2014,2014-06-15,"County Ground, Derby",3,11.3,11.3,Derbyshire,Surrey,SC Moore,PM Borrington,TK Curran,4,0,,,,,,,,,,,,,
692937,2014,2014-06-15,"County Ground, Derby",3,11.4,11.4,Derbyshire,Surrey,SC Moore,PM Borrington,TK Curran,0,0,,,,,,,,,,,,,
692937,2014,2014-06-15,"County Ground, Derby",3,11.5,11.5,Derbyshire,Surrey,SC Moore,PM Borrington,TK Curran,0,0,,,,,,,,,,,,,
692937,2014,2014-06-15,"County Ground, Derby",3,11.6,11.6,Derbyshire,Surrey,SC Moore,PM Borrington,TK Curran,0,0,,,,,,,,,,,,,
692937,2014,2014-06-15,"County Ground, Derby",3,12.1,12.1,Derbyshire,Surrey,PM Borrington,SC Moore,JW Dernbach,0,0,,,,,,,,,,,,,
692937,2014,2014-06-15,"County Ground, Derby",3,12.2,12.2,Derbyshire,Surrey,PM Borrington,SC Moore,JW Dernbach,0,0,,,,,,,,,,,,,
692937,2014,2014-06-15,"County Ground, Derby",3,12.3,12.3,Derbyshire,Surrey,PM Borrington,SC Moore,JW Dernbach,4,0,,,,,,,,,,,,,
692937,2014,2014-06-15,"County Ground, Derby",3,12.4,12.4,Derbyshire,Surrey,PM Borrington,SC Moore,JW Dernbach,0,0,,,,,,,,,,,,,
692937,2014,2014-06-15,"County Ground, Derby",3,12.5,12.5,Derbyshire,Surrey,PM Borrington,SC Moore,JW Dernbach,0,0,,,,,,,,,,,,,
692937,2014,2014-06-15,"County Ground, Derby",3,12.6,12.6,Derbyshire,Surrey,PM Borrington,SC Moore,JW Dernbach,0,0,,,,,,,,,,,,,
692937,2014,2014-06-15,"County Ground, Derby",3,13.1,13.1,Derbyshire,Surrey,SC Moore,PM Borrington,TK Curran,0,0,,,,,,,,,,,,,
692937,2014,2014-06-15,"County Ground, Derby",3,13.2,13.2,Derbyshire,Surrey,SC Moore,PM Borrington,TK Curran,0,0,,,,,,,,,,,,,
692937,2014,2014-06-15,"County Ground, Derby",3,13.3,13.3,Derbyshire,Surrey,SC Moore,PM Borrington,TK Curran,4,0,,,,,,,,,,,,,
692937,2014,2014-06-15,"County Ground, Derby",3,13.4,13.4,Derbyshire,Surrey,SC Moore,PM Borrington,TK Curran,0,0,,,,,,,,,,,,,
692937,2014,2014-06-15,"County Ground, Derby",3,13.5,13.5,Derbyshire,Surrey,SC Moore,PM Borrington,TK Curran,0,0,,,,,,,,,,,,,
692937,2014,2014-06-15,"County Ground, Derby",3,13.6,13.6,Derbyshire,Surrey,SC Moore,PM Borrington,TK Curran,0,0,,,,,,,,,,,,,
692937,2014,2014-06-15,"County Ground, Derby",3,14.1,14.1,Derbyshire,Surrey,PM Borrington,SC Moore,JW Dernbach,2,0,,,,,,,,,,,,,
692937,2014,2014-06-15,"County Ground, Derby",3,14.2,14.2,Derbyshire,Surrey,PM Borrington,SC Moore,JW Dernbach,4,0,,,,,,,,,,,,,
692937,2014,2014-06-15,"County Ground, Derby",3,14.3,14.3,Derbyshire,Surrey,PM Borrington,SC Moore,JW Dernbach,4,0,,,,,,,,,,,,,
692937,2014,2014-06-15,"County Ground, Derby",3,14.4,14.4,Derbyshire,Surrey,PM Borrington,SC Moore,JW Dernbach,0,0,,,,,,,,,,,,,
692937,2014,2014-06-15,"County Ground, Derby",3,14.5,14.5,Derbyshire,Surrey,PM Borrington,SC Moore,JW Dernbach,0,0,,,,,,,,,,,,,
692937,2014,2014-06-15,"County Ground, Derby",3,14.6,14.6,Derbyshire,Surrey,PM Borrington,SC Moore,JW Dernbach,0,0,,,,,,,,,,,,,
692937,2014,2014-06-15,"County Ground, Derby",3,15.1,15.1,Derbyshire,Surrey,SC Moore,PM Borrington,GJ Batty,0,0,,,,,,,,,,,,,
692937,2014,2014-06-15,"County Ground, Derby",3,15.2,15.2,Derbyshire,Surrey,SC Moore,PM Borrington,GJ Batty,1,0,,,,,,,,,,,,,
692937,2014,2014-06-15,"County Ground, Derby",3,15.3,15.3,Derbyshire,Surrey,PM Borrington,SC Moore,GJ Batty,0,0,,,,,,,,,,,,,
692937,2014,2014-06-15,"County Ground, Derby",3,15.4,15.4,Derbyshire,Surrey,PM Borrington,SC Moore,GJ Batty,0,0,,,,,,,,,,,,,
692937,2014,2014-06-15,"County Ground, Derby",3,15.5,15.5,Derbyshire,Surrey,PM Borrington,SC Moore,GJ Batty,0,0,,,,,,,,,,,,,
692937,2014,2014-06-15,"County Ground, Derby",3,15.6,15.6,Derbyshire,Surrey,PM Borrington,SC Moore,GJ Batty,0,0,,,,,,,,,,,,,
692937,2014,2014-06-15,"County Ground, Derby",3,16.1,16.1,Derbyshire,Surrey,SC Moore,PM Borrington,TK Curran,0,0,,,,,,,,,,,,,
692937,2014,2014-06-15,"County Ground, Derby",3,16.2,16.2,Derbyshire,Surrey,SC Moore,PM Borrington,TK Curran,2,0,,,,,,,,,,,,,
692937,2014,2014-06-15,"County Ground, Derby",3,16.3,16.3,Derbyshire,Surrey,SC Moore,PM Borrington,TK Curran,3,0,,,,,,,,,,,,,
692937,2014,2014-06-15,"County Ground, Derby",3,16.4,16.4,Derbyshire,Surrey,PM Borrington,SC Moore,TK Curran,0,0,,,,,,,,,,,,,
692937,2014,2014-06-15,"County Ground, Derby",3,16.5,16.5,Derbyshire,Surrey,PM Borrington,SC Moore,TK Curran,4,0,,,,,,,,,,,,,
692937,2014,2014-06-15,"County Ground, Derby",3,16.6,16.6,Derbyshire,Surrey,PM Borrington,SC Moore,TK Curran,2,0,,,,,,,,,,,,,
692937,2014,2014-06-15,"County Ground, Derby",3,17.1,17.1,Derbyshire,Surrey,SC Moore,PM Borrington,GJ Batty,0,0,,,,,,,,,,,,,
692937,2014,2014-06-15,"County Ground, Derby",3,17.2,17.2,Derbyshire,Surrey,SC Moore,PM Borrington,GJ Batty,0,0,,,,,,,,,,,,,
692937,2014,2014-06-15,"County Ground, Derby",3,17.3,17.3,Derbyshire,Surrey,SC Moore,PM Borrington,GJ Batty,0,0,,,,,,,,,,,,,
692937,2014,2014-06-15,"County Ground, Derby",3,17.4,17.4,Derbyshire,Surrey,SC Moore,PM Borrington,GJ Batty,1,0,,,,,,,,,,,,,
692937,2014,2014-06-15,"County Ground, Derby",3,17.5,17.5,Derbyshire,Surrey,PM Borrington,SC Moore,GJ Batty,0,0,,,,,,,,,,,,,
692937,2014,2014-06-15,"County Ground, Derby",3,17.6,17.6,Derbyshire,Surrey,PM Borrington,SC Moore,GJ Batty,2,0,,,,,,,,,,,,,
692937,2014,2014-06-15,"County Ground, Derby",3,18.1,18.1,Derbyshire,Surrey,SC Moore,PM Borrington,TK Curran,0,0,,,,,,,,,,,,,
692937,2014,2014-06-15,"County Ground, Derby",3,18.2,18.2,Derbyshire,Surrey,SC Moore,PM Borrington,TK Curran,2,0,,,,,,,,,,,,,
692937,2014,2014-06-15,"County Ground, Derby",3,18.3,18.3,Derbyshire,Surrey,SC Moore,PM Borrington,TK Curran,0,0,,,,,,,,,,,,,
692937,2014,2014-06-15,"County Ground, Derby",3,18.4,18.4,Derbyshire,Surrey,SC Moore,PM Borrington,TK Curran,0,0,,,,,,,,,,,,,
692937,2014,2014-06-15,"County Ground, Derby",3,18.5,18.5,Derbyshire,Surrey,SC Moore,PM Borrington,TK Curran,0,0,,,,,,,,,,,,,
692937,2014,2014-06-15,"County Ground, Derby",3,18.6,18.6,Derbyshire,Surrey,SC Moore,PM Borrington,TK Curran,0,0,,,,,,,,,,,,,
692937,2014,2014-06-15,"County Ground, Derby",3,19.1,19.1,Derbyshire,Surrey,PM Borrington,SC Moore,GJ Batty,0,0,,,,,,,,,,,,,
692937,2014,2014-06-15,"County Ground, Derby",3,19.2,19.2,Derbyshire,Surrey,PM Borrington,SC Moore,GJ Batty,0,0,,,,,,,,,,,,,
692937,2014,2014-06-15,"County Ground, Derby",3,19.3,19.3,Derbyshire,Surrey,PM Borrington,SC Moore,GJ Batty,0,0,,,,,,,,,,,,,
692937,2014,2014-06-15,"County Ground, Derby",3,19.4,19.4,Derbyshire,Surrey,PM Borrington,SC Moore,GJ Batty,0,0,,,,,,,,,,,,,
692937,2014,2014-06-15,"County Ground, Derby",3,19.5,19.5,Derbyshire,Surrey,PM Borrington,SC Moore,GJ Batty,0,0,,,,,,,,,,,,,
692937,2014,2014-06-15,"County Ground, Derby",3,19.6,19.6,Derbyshire,Surrey,PM Borrington,SC Moore,GJ Batty,0,0,,,,,,,,,,,,,
692937,2014,2014-06-15,"County Ground, Derby",3,20.1,20.1,Derbyshire,Surrey,SC Moore,PM Borrington,ZS Ansari,0,0,,,,,,,,,,,,,
692937,2014,2014-06-15,"County Ground, Derby",3,20.2,20.2,Derbyshire,Surrey,SC Moore,PM Borrington,ZS Ansari,0,0,,,,,,,,,,,,,
692937,2014,2014-06-15,"County Ground, Derby",3,20.3,20.3,Derbyshire,Surrey,SC Moore,PM Borrington,ZS Ansari,0,0,,,,,,,caught,SC Moore,,,GC Wilson,,
692937,2014,2014-06-15,"County Ground, Derby",3,20.4,20.4,Derbyshire,Surrey,WL Madsen,PM Borrington,ZS Ansari,0,0,,,,,,,,,,,,,
692937,2014,2014-06-15,"County Ground, Derby",3,20.5,20.5,Derbyshire,Surrey,WL Madsen,PM Borrington,ZS Ansari,0,0,,,,,,,,,,,,,
692937,2014,2014-06-15,"County Ground, Derby",3,20.6,20.6,Derbyshire,Surrey,WL Madsen,PM Borrington,ZS Ansari,0,0,,,,,,,,,,,,,
692937,2014,2014-06-15,"County Ground, Derby",3,21.1,21.1,Derbyshire,Surrey,PM Borrington,WL Madsen,GJ Batty,0,0,,,,,,,,,,,,,
692937,2014,2014-06-15,"County Ground, Derby",3,21.2,21.2,Derbyshire,Surrey,PM Borrington,WL Madsen,GJ Batty,0,0,,,,,,,,,,,,,
692937,2014,2014-06-15,"County Ground, Derby",3,21.3,21.3,Derbyshire,Surrey,PM Borrington,WL Madsen,GJ Batty,0,0,,,,,,,,,,,,,
692937,2014,2014-06-15,"County Ground, Derby",3,21.4,21.4,Derbyshire,Surrey,PM Borrington,WL Madsen,GJ Batty,0,0,,,,,,,,,,,,,
692937,2014,2014-06-15,"County Ground, Derby",3,21.5,21.5,Derbyshire,Surrey,PM Borrington,WL Madsen,GJ Batty,0,0,,,,,,,,,,,,,
692937,2014,2014-06-15,"County Ground, Derby",3,21.6,21.6,Derbyshire,Surrey,PM Borrington,WL Madsen,GJ Batty,0,0,,,,,,,,,,,,,
692937,2014,2014-06-15,"County Ground, Derby",3,22.1,22.1,Derbyshire,Surrey,WL Madsen,PM Borrington,ZS Ansari,1,0,,,,,,,,,,,,,
692937,2014,2014-06-15,"County Ground, Derby",3,22.2,22.2,Derbyshire,Surrey,PM Borrington,WL Madsen,ZS Ansari,0,0,,,,,,,,,,,,,
692937,2014,2014-06-15,"County Ground, Derby",3,22.3,22.3,Derbyshire,Surrey,PM Borrington,WL Madsen,ZS Ansari,4,0,,,,,,,,,,,,,
692937,2014,2014-06-15,"County Ground, Derby",3,22.4,22.4,Derbyshire,Surrey,PM Borrington,WL Madsen,ZS Ansari,0,0,,,,,,,,,,,,,
692937,2014,2014-06-15,"County Ground, Derby",3,22.5,22.5,Derbyshire,Surrey,PM Borrington,WL Madsen,ZS Ansari,0,0,,,,,,,,,,,,,
692937,2014,2014-06-15,"County Ground, Derby",3,22.6,22.6,Derbyshire,Surrey,PM Borrington,WL Madsen,ZS Ansari,0,0,,,,,,,,,,,,,
692937,2014,2014-06-15,"County Ground, Derby",3,23.1,23.1,Derbyshire,Surrey,WL Madsen,PM Borrington,GJ Batty,2,0,,,,,,,,,,,,,
692937,2014,2014-06-15,"County Ground, Derby",3,23.2,23.2,Derbyshire,Surrey,WL Madsen,PM Borrington,GJ Batty,4,0,,,,,,,,,,,,,
692937,2014,2014-06-15,"County Ground, Derby",3,23.3,23.3,Derbyshire,Surrey,WL Madsen,PM Borrington,GJ Batty,0,0,,,,,,,,,,,,,
692937,2014,2014-06-15,"County Ground, Derby",3,23.4,23.4,Derbyshire,Surrey,WL Madsen,PM Borrington,GJ Batty,0,0,,,,,,,,,,,,,
692937,2014,2014-06-15,"County Ground, Derby",3,23.5,23.5,Derbyshire,Surrey,WL Madsen,PM Borrington,GJ Batty,0,0,,,,,,,,,,,,,
692937,2014,2014-06-15,"County Ground, Derby",3,23.6,23.6,Derbyshire,Surrey,WL Madsen,PM Borrington,GJ Batty,0,0,,,,,,,,,,,,,
692937,2014,2014-06-15,"County Ground, Derby",3,24.1,24.1,Derbyshire,Surrey,PM Borrington,WL Madsen,ZS Ansari,0,0,,,,,,,,,,,,,
692937,2014,2014-06-15,"County Ground, Derby",3,24.2,24.2,Derbyshire,Surrey,PM Borrington,WL Madsen,ZS Ansari,1,0,,,,,,,,,,,,,
692937,2014,2014-06-15,"County Ground, Derby",3,24.3,24.3,Derbyshire,Surrey,WL Madsen,PM Borrington,ZS Ansari,0,0,,,,,,,,,,,,,
692937,2014,2014-06-15,"County Ground, Derby",3,24.4,24.4,Derbyshire,Surrey,WL Madsen,PM Borrington,ZS Ansari,0,0,,,,,,,,,,,,,
692937,2014,2014-06-15,"County Ground, Derby",3,24.5,24.5,Derbyshire,Surrey,WL Madsen,PM Borrington,ZS Ansari,0,0,,,,,,,,,,,,,
692937,2014,2014-06-15,"County Ground, Derby",3,24.6,24.6,Derbyshire,Surrey,WL Madsen,PM Borrington,ZS Ansari,0,0,,,,,,,,,,,,,
692937,2014,2014-06-15,"County Ground, Derby",3,25.1,25.1,Derbyshire,Surrey,PM Borrington,WL Madsen,GJ Batty,0,0,,,,,,,,,,,,,
692937,2014,2014-06-15,"County Ground, Derby",3,25.2,25.2,Derbyshire,Surrey,PM Borrington,WL Madsen,GJ Batty,0,0,,,,,,,,,,,,,
692937,2014,2014-06-15,"County Ground, Derby",3,25.3,25.3,Derbyshire,Surrey,PM Borrington,WL Madsen,GJ Batty,0,0,,,,,,,,,,,,,
692937,2014,2014-06-15,"County Ground, Derby",3,25.4,25.4,Derbyshire,Surrey,PM Borrington,WL Madsen,GJ Batty,1,0,,,,,,,,,,,,,
692937,2014,2014-06-15,"County Ground, Derby",3,25.5,25.5,Derbyshire,Surrey,WL Madsen,PM Borrington,GJ Batty,0,0,,,,,,,,,,,,,
692937,2014,2014-06-15,"County Ground, Derby",3,25.6,25.6,Derbyshire,Surrey,WL Madsen,PM Borrington,GJ Batty,0,0,,,,,,,,,,,,,
692937,2014,2014-06-15,"County Ground, Derby",3,26.1,26.1,Derbyshire,Surrey,PM Borrington,WL Madsen,ZS Ansari,3,0,,,,,,,,,,,,,
692937,2014,2014-06-15,"County Ground, Derby",3,26.2,26.2,Derbyshire,Surrey,WL Madsen,PM Borrington,ZS Ansari,4,0,,,,,,,,,,,,,
692937,2014,2014-06-15,"County Ground, Derby",3,26.3,26.3,Derbyshire,Surrey,WL Madsen,PM Borrington,ZS Ansari,0,0,,,,,,,,,,,,,
692937,2014,2014-06-15,"County Ground, Derby",3,26.4,26.4,Derbyshire,Surrey,WL Madsen,PM Borrington,ZS Ansari,0,0,,,,,,,,,,,,,
692937,2014,2014-06-15,"County Ground, Derby",3,26.5,26.5,Derbyshire,Surrey,WL Madsen,PM Borrington,ZS Ansari,3,0,,,,,,,,,,,,,
692937,2014,2014-06-15,"County Ground, Derby",3,26.6,26.6,Derbyshire,Surrey,PM Borrington,WL Madsen,ZS Ansari,0,0,,,,,,,,,,,,,
692937,2014,2014-06-15,"County Ground, Derby",3,27.1,27.1,Derbyshire,Surrey,WL Madsen,PM Borrington,GJ Batty,0,0,,,,,,,,,,,,,
692937,2014,2014-06-15,"County Ground, Derby",3,27.2,27.2,Derbyshire,Surrey,WL Madsen,PM Borrington,GJ Batty,0,0,,,,,,,,,,,,,
692937,2014,2014-06-15,"County Ground, Derby",3,27.3,27.3,Derbyshire,Surrey,WL Madsen,PM Borrington,GJ Batty,0,0,,,,,,,,,,,,,
692937,2014,2014-06-15,"County Ground, Derby",3,27.4,27.4,Derbyshire,Surrey,WL Madsen,PM Borrington,GJ Batty,0,0,,,,,,,,,,,,,
692937,2014,2014-06-15,"County Ground, Derby",3,27.5,27.5,Derbyshire,Surrey,WL Madsen,PM Borrington,GJ Batty,0,0,,,,,,,,,,,,,
692937,2014,2014-06-15,"County Ground, Derby",3,27.6,27.6,Derbyshire,Surrey,WL Madsen,PM Borrington,GJ Batty,0,0,,,,,,,,,,,,,
692937,2014,2014-06-15,"County Ground, Derby",3,28.1,28.1,Derbyshire,Surrey,PM Borrington,WL Madsen,ZS Ansari,0,0,,,,,,,,,,,,,
692937,2014,2014-06-15,"County Ground, Derby",3,28.2,28.2,Derbyshire,Surrey,PM Borrington,WL Madsen,ZS Ansari,0,0,,,,,,,,,,,,,
692937,2014,2014-06-15,"County Ground, Derby",3,28.3,28.3,Derbyshire,Surrey,PM Borrington,WL Madsen,ZS Ansari,1,0,,,,,,,,,,,,,
692937,2014,2014-06-15,"County Ground, Derby",3,28.4,28.4,Derbyshire,Surrey,WL Madsen,PM Borrington,ZS Ansari,0,0,,,,,,,,,,,,,
692937,2014,2014-06-15,"County Ground, Derby",3,28.5,28.5,Derbyshire,Surrey,WL Madsen,PM Borrington,ZS Ansari,0,0,,,,,,,,,,,,,
692937,2014,2014-06-15,"County Ground, Derby",3,28.6,28.6,Derbyshire,Surrey,WL Madsen,PM Borrington,ZS Ansari,0,0,,,,,,,,,,,,,
692937,2014,2014-06-15,"County Ground, Derby",3,29.1,29.1,Derbyshire,Surrey,PM Borrington,WL Madsen,GJ Batty,0,0,,,,,,,,,,,,,
692937,2014,2014-06-15,"County Ground, Derby",3,29.2,29.2,Derbyshire,Surrey,PM Borrington,WL Madsen,GJ Batty,0,0,,,,,,,,,,,,,
692937,2014,2014-06-15,"County Ground, Derby",3,29.3,29.3,Derbyshire,Surrey,PM Borrington,WL Madsen,GJ Batty,0,0,,,,,,,,,,,,,
692937,2014,2014-06-15,"County Ground, Derby",3,29.4,29.4,Derbyshire,Surrey,PM Borrington,WL Madsen,GJ Batty,0,0,,,,,,,bowled,PM Borrington,,,,,
692937,2014,2014-06-15,"County Ground, Derby",3,29.5,29.5,Derbyshire,Surrey,MJ North,WL Madsen,GJ Batty,0,0,,,,,,,,,,,,,
692937,2014,2014-06-15,"County Ground, Derby",3,29.6,29.6,Derbyshire,Surrey,MJ North,WL Madsen,GJ Batty,0,0,,,,,,,,,,,,,
692937,2014,2014-06-15,"County Ground, Derby",3,30.1,30.1,Derbyshire,Surrey,WL Madsen,MJ North,ZS Ansari,0,0,,,,,,,,,,,,,
692937,2014,2014-06-15,"County Ground, Derby",3,30.2,30.2,Derbyshire,Surrey,WL Madsen,MJ North,ZS Ansari,0,0,,,,,,,,,,,,,
692937,2014,2014-06-15,"County Ground, Derby",3,30.3,30.3,Derbyshire,Surrey,WL Madsen,MJ North,ZS Ansari,0,4,,,4,,,,,,,,,,
692937,2014,2014-06-15,"County Ground, Derby",3,30.4,30.4,Derbyshire,Surrey,WL Madsen,MJ North,ZS Ansari,0,0,,,,,,,,,,,,,
692937,2014,2014-06-15,"County Ground, Derby",3,30.5,30.5,Derbyshire,Surrey,WL Madsen,MJ North,ZS Ansari,2,0,,,,,,,,,,,,,
692937,2014,2014-06-15,"County Ground, Derby",3,30.6,30.6,Derbyshire,Surrey,WL Madsen,MJ North,ZS Ansari,0,0,,,,,,,,,,,,,
692937,2014,2014-06-15,"County Ground, Derby",3,31.1,31.1,Derbyshire,Surrey,MJ North,WL Madsen,GJ Batty,0,0,,,,,,,,,,,,,
692937,2014,2014-06-15,"County Ground, Derby",3,31.2,31.2,Derbyshire,Surrey,MJ North,WL Madsen,GJ Batty,0,0,,,,,,,,,,,,,
692937,2014,2014-06-15,"County Ground, Derby",3,31.3,31.3,Derbyshire,Surrey,MJ North,WL Madsen,GJ Batty,0,0,,,,,,,,,,,,,
692937,2014,2014-06-15,"County Ground, Derby",3,31.4,31.4,Derbyshire,Surrey,MJ North,WL Madsen,GJ Batty,0,0,,,,,,,,,,,,,
692937,2014,2014-06-15,"County Ground, Derby",3,31.5,31.5,Derbyshire,Surrey,MJ North,WL Madsen,GJ Batty,0,0,,,,,,,,,,,,,
692937,2014,2014-06-15,"County Ground, Derby",3,31.6,31.6,Derbyshire,Surrey,MJ North,WL Madsen,GJ Batty,0,0,,,,,,,,,,,,,
692937,2014,2014-06-15,"County Ground, Derby",3,32.1,32.1,Derbyshire,Surrey,WL Madsen,MJ North,ZS Ansari,0,0,,,,,,,,,,,,,
692937,2014,2014-06-15,"County Ground, Derby",3,32.2,32.2,Derbyshire,Surrey,WL Madsen,MJ North,ZS Ansari,0,0,,,,,,,,,,,,,
692937,2014,2014-06-15,"County Ground, Derby",3,32.3,32.3,Derbyshire,Surrey,WL Madsen,MJ North,ZS Ansari,0,0,,,,,,,,,,,,,
692937,2014,2014-06-15,"County Ground, Derby",3,32.4,32.4,Derbyshire,Surrey,WL Madsen,MJ North,ZS Ansari,0,0,,,,,,,,,,,,,
692937,2014,2014-06-15,"County Ground, Derby",3,32.5,32.5,Derbyshire,Surrey,WL Madsen,MJ North,ZS Ansari,0,0,,,,,,,,,,,,,
692937,2014,2014-06-15,"County Ground, Derby",3,32.6,32.6,Derbyshire,Surrey,WL Madsen,MJ North,ZS Ansari,0,0,,,,,,,,,,,,,
692937,2014,2014-06-15,"County Ground, Derby",3,33.1,33.1,Derbyshire,Surrey,MJ North,WL Madsen,GJ Batty,0,0,,,,,,,,,,,,,
692937,2014,2014-06-15,"County Ground, Derby",3,33.2,33.2,Derbyshire,Surrey,MJ North,WL Madsen,GJ Batty,0,0,,,,,,,,,,,,,
692937,2014,2014-06-15,"County Ground, Derby",3,33.3,33.3,Derbyshire,Surrey,MJ North,WL Madsen,GJ Batty,0,0,,,,,,,,,,,,,
692937,2014,2014-06-15,"County Ground, Derby",3,33.4,33.4,Derbyshire,Surrey,MJ North,WL Madsen,GJ Batty,0,0,,,,,,,,,,,,,
692937,2014,2014-06-15,"County Ground, Derby",3,33.5,33.5,Derbyshire,Surrey,MJ North,WL Madsen,GJ Batty,0,0,,,,,,,,,,,,,
692937,2014,2014-06-15,"County Ground, Derby",3,33.6,33.6,Derbyshire,Surrey,MJ North,WL Madsen,GJ Batty,1,0,,,,,,,,,,,,,
692937,2014,2014-06-15,"County Ground, Derby",3,34.1,34.1,Derbyshire,Surrey,MJ North,WL Madsen,ZS Ansari,1,0,,,,,,,,,,,,,
692937,2014,2014-06-15,"County Ground, Derby",3,34.2,34.2,Derbyshire,Surrey,WL Madsen,MJ North,ZS Ansari,0,0,,,,,,,,,,,,,
692937,2014,2014-06-15,"County Ground, Derby",3,34.3,34.3,Derbyshire,Surrey,WL Madsen,MJ North,ZS Ansari,0,0,,,,,,,,,,,,,
692937,2014,2014-06-15,"County Ground, Derby",3,34.4,34.4,Derbyshire,Surrey,WL Madsen,MJ North,ZS Ansari,1,0,,,,,,,,,,,,,
692937,2014,2014-06-15,"County Ground, Derby",3,34.5,34.5,Derbyshire,Surrey,MJ North,WL Madsen,ZS Ansari,4,0,,,,,,,,,,,,,
692937,2014,2014-06-15,"County Ground, Derby",3,34.6,34.6,Derbyshire,Surrey,MJ North,WL Madsen,ZS Ansari,4,0,,,,,,,,,,,,,
692937,2014,2014-06-15,"County Ground, Derby",3,35.1,35.1,Derbyshire,Surrey,WL Madsen,MJ North,GJ Batty,0,0,,,,,,,,,,,,,
692937,2014,2014-06-15,"County Ground, Derby",3,35.2,35.2,Derbyshire,Surrey,WL Madsen,MJ North,GJ Batty,2,0,,,,,,,,,,,,,
692937,2014,2014-06-15,"County Ground, Derby",3,35.3,35.3,Derbyshire,Surrey,WL Madsen,MJ North,GJ Batty,0,0,,,,,,,,,,,,,
692937,2014,2014-06-15,"County Ground, Derby",3,35.4,35.4,Derbyshire,Surrey,WL Madsen,MJ North,GJ Batty,0,0,,,,,,,,,,,,,
692937,2014,2014-06-15,"County Ground, Derby",3,35.5,35.5,Derbyshire,Surrey,WL Madsen,MJ North,GJ Batty,1,0,,,,,,,,,,,,,
692937,2014,2014-06-15,"County Ground, Derby",3,35.6,35.6,Derbyshire,Surrey,MJ North,WL Madsen,GJ Batty,0,0,,,,,,,,,,,,,
692937,2014,2014-06-15,"County Ground, Derby",3,36.1,36.1,Derbyshire,Surrey,WL Madsen,MJ North,ZS Ansari,1,0,,,,,,,,,,,,,
692937,2014,2014-06-15,"County Ground, Derby",3,36.2,36.2,Derbyshire,Surrey,MJ North,WL Madsen,ZS Ansari,0,0,,,,,,,,,,,,,
692937,2014,2014-06-15,"County Ground, Derby",3,36.3,36.3,Derbyshire,Surrey,MJ North,WL Madsen,ZS Ansari,0,0,,,,,,,,,,,,,
692937,2014,2014-06-15,"County Ground, Derby",3,36.4,36.4,Derbyshire,Surrey,MJ North,WL Madsen,ZS Ansari,0,0,,,,,,,,,,,,,
692937,2014,2014-06-15,"County Ground, Derby",3,36.5,36.5,Derbyshire,Surrey,MJ North,WL Madsen,ZS Ansari,0,0,,,,,,,,,,,,,
692937,2014,2014-06-15,"County Ground, Derby",3,36.6,36.6,Derbyshire,Surrey,MJ North,WL Madsen,ZS Ansari,0,0,,,,,,,,,,,,,
692937,2014,2014-06-15,"County Ground, Derby",3,37.1,37.1,Derbyshire,Surrey,WL Madsen,MJ North,GJ Batty,0,0,,,,,,,,,,,,,
692937,2014,2014-06-15,"County Ground, Derby",3,37.2,37.2,Derbyshire,Surrey,WL Madsen,MJ North,GJ Batty,1,0,,,,,,,,,,,,,
692937,2014,2014-06-15,"County Ground, Derby",3,37.3,37.3,Derbyshire,Surrey,MJ North,WL Madsen,GJ Batty,0,0,,,,,,,,,,,,,
692937,2014,2014-06-15,"County Ground, Derby",3,37.4,37.4,Derbyshire,Surrey,MJ North,WL Madsen,GJ Batty,0,0,,,,,,,,,,,,,
692937,2014,2014-06-15,"County Ground, Derby",3,37.5,37.5,Derbyshire,Surrey,MJ North,WL Madsen,GJ Batty,0,0,,,,,,,,,,,,,
692937,2014,2014-06-15,"County Ground, Derby",3,37.6,37.6,Derbyshire,Surrey,MJ North,WL Madsen,GJ Batty,0,0,,,,,,,,,,,,,
692937,2014,2014-06-15,"County Ground, Derby",3,38.1,38.1,Derbyshire,Surrey,WL Madsen,MJ North,ZS Ansari,0,0,,,,,,,,,,,,,
692937,2014,2014-06-15,"County Ground, Derby",3,38.2,38.2,Derbyshire,Surrey,WL Madsen,MJ North,ZS Ansari,1,0,,,,,,,,,,,,,
692937,2014,2014-06-15,"County Ground, Derby",3,38.3,38.3,Derbyshire,Surrey,MJ North,WL Madsen,ZS Ansari,6,0,,,,,,,,,,,,,
692937,2014,2014-06-15,"County Ground, Derby",3,38.4,38.4,Derbyshire,Surrey,MJ North,WL Madsen,ZS Ansari,0,0,,,,,,,bowled,MJ North,,,,,
692937,2014,2014-06-15,"County Ground, Derby",3,38.5,38.5,Derbyshire,Surrey,SL Elstone,WL Madsen,ZS Ansari,0,0,,,,,,,,,,,,,
692937,2014,2014-06-15,"County Ground, Derby",3,38.6,38.6,Derbyshire,Surrey,SL Elstone,WL Madsen,ZS Ansari,2,0,,,,,,,,,,,,,
692937,2014,2014-06-15,"County Ground, Derby",3,39.1,39.1,Derbyshire,Surrey,WL Madsen,SL Elstone,GJ Batty,2,0,,,,,,,,,,,,,
692937,2014,2014-06-15,"County Ground, Derby",3,39.2,39.2,Derbyshire,Surrey,WL Madsen,SL Elstone,GJ Batty,1,0,,,,,,,,,,,,,
692937,2014,2014-06-15,"County Ground, Derby",3,39.3,39.3,Derbyshire,Surrey,SL Elstone,WL Madsen,GJ Batty,3,0,,,,,,,,,,,,,
692937,2014,2014-06-15,"County Ground, Derby",3,39.4,39.4,Derbyshire,Surrey,WL Madsen,SL Elstone,GJ Batty,0,0,,,,,,,,,,,,,
692937,2014,2014-06-15,"County Ground, Derby",3,39.5,39.5,Derbyshire,Surrey,WL Madsen,SL Elstone,GJ Batty,0,0,,,,,,,caught,WL Madsen,,,VS Solanki,,
692937,2014,2014-06-15,"County Ground, Derby",3,39.6,39.6,Derbyshire,Surrey,AL Hughes,SL Elstone,GJ Batty,0,0,,,,,,,,,,,,,
692937,2014,2014-06-15,"County Ground, Derby",3,40.1,40.1,Derbyshire,Surrey,SL Elstone,AL Hughes,ZS Ansari,0,0,,,,,,,,,,,,,
692937,2014,2014-06-15,"County Ground, Derby",3,40.2,40.2,Derbyshire,Surrey,SL Elstone,AL Hughes,ZS Ansari,0,0,,,,,,,,,,,,,
692937,2014,2014-06-15,"County Ground, Derby",3,40.3,40.3,Derbyshire,Surrey,SL Elstone,AL Hughes,ZS Ansari,0,0,,,,,,,,,,,,,
692937,2014,2014-06-15,"County Ground, Derby",3,40.4,40.4,Derbyshire,Surrey,SL Elstone,AL Hughes,ZS Ansari,0,0,,,,,,,,,,,,,
692937,2014,2014-06-15,"County Ground, Derby",3,40.5,40.5,Derbyshire,Surrey,SL Elstone,AL Hughes,ZS Ansari,2,0,,,,,,,,,,,,,
692937,2014,2014-06-15,"County Ground, Derby",3,40.6,40.6,Derbyshire,Surrey,SL Elstone,AL Hughes,ZS Ansari,0,0,,,,,,,,,,,,,
692937,2014,2014-06-15,"County Ground, Derby",3,41.1,41.1,Derbyshire,Surrey,AL Hughes,SL Elstone,GJ Batty,2,0,,,,,,,,,,,,,
692937,2014,2014-06-15,"County Ground, Derby",3,41.2,41.2,Derbyshire,Surrey,AL Hughes,SL Elstone,GJ Batty,0,0,,,,,,,,,,,,,
692937,2014,2014-06-15,"County Ground, Derby",3,41.3,41.3,Derbyshire,Surrey,AL Hughes,SL Elstone,GJ Batty,0,0,,,,,,,,,,,,,
692937,2014,2014-06-15,"County Ground, Derby",3,41.4,41.4,Derbyshire,Surrey,AL Hughes,SL Elstone,GJ Batty,0,0,,,,,,,,,,,,,
692937,2014,2014-06-15,"County Ground, Derby",3,41.5,41.5,Derbyshire,Surrey,AL Hughes,SL Elstone,GJ Batty,4,0,,,,,,,,,,,,,
692937,2014,2014-06-15,"County Ground, Derby",3,41.6,41.6,Derbyshire,Surrey,AL Hughes,SL Elstone,GJ Batty,1,0,,,,,,,,,,,,,
692937,2014,2014-06-15,"County Ground, Derby",3,42.1,42.1,Derbyshire,Surrey,AL Hughes,SL Elstone,ZS Ansari,0,0,,,,,,,,,,,,,
692937,2014,2014-06-15,"County Ground, Derby",3,42.2,42.2,Derbyshire,Surrey,AL Hughes,SL Elstone,ZS Ansari,0,0,,,,,,,,,,,,,
692937,2014,2014-06-15,"County Ground, Derby",3,42.3,42.3,Derbyshire,Surrey,AL Hughes,SL Elstone,ZS Ansari,0,0,,,,,,,,,,,,,
692937,2014,2014-06-15,"County Ground, Derby",3,42.4,42.4,Derbyshire,Surrey,AL Hughes,SL Elstone,ZS Ansari,0,0,,,,,,,,,,,,,
692937,2014,2014-06-15,"County Ground, Derby",3,42.5,42.5,Derbyshire,Surrey,AL Hughes,SL Elstone,ZS Ansari,0,0,,,,,,,,,,,,,
692937,2014,2014-06-15,"County Ground, Derby",3,42.6,42.6,Derbyshire,Surrey,AL Hughes,SL Elstone,ZS Ansari,0,0,,,,,,,,,,,,,
692937,2014,2014-06-15,"County Ground, Derby",3,43.1,43.1,Derbyshire,Surrey,SL Elstone,AL Hughes,GJ Batty,0,0,,,,,,,,,,,,,
692937,2014,2014-06-15,"County Ground, Derby",3,43.2,43.2,Derbyshire,Surrey,SL Elstone,AL Hughes,GJ Batty,0,0,,,,,,,,,,,,,
692937,2014,2014-06-15,"County Ground, Derby",3,43.3,43.3,Derbyshire,Surrey,SL Elstone,AL Hughes,GJ Batty,0,0,,,,,,,,,,,,,
692937,2014,2014-06-15,"County Ground, Derby",3,43.4,43.4,Derbyshire,Surrey,SL Elstone,AL Hughes,GJ Batty,2,0,,,,,,,,,,,,,
692937,2014,2014-06-15,"County Ground, Derby",3,43.5,43.5,Derbyshire,Surrey,SL Elstone,AL Hughes,GJ Batty,0,0,,,,,,,,,,,,,
692937,2014,2014-06-15,"County Ground, Derby",3,43.6,43.6,Derbyshire,Surrey,SL Elstone,AL Hughes,GJ Batty,0,0,,,,,,,,,,,,,
692937,2014,2014-06-15,"County Ground, Derby",3,44.1,44.1,Derbyshire,Surrey,AL Hughes,SL Elstone,ZS Ansari,0,0,,,,,,,,,,,,,
692937,2014,2014-06-15,"County Ground, Derby",3,44.2,44.2,Derbyshire,Surrey,AL Hughes,SL Elstone,ZS Ansari,0,0,,,,,,,,,,,,,
692937,2014,2014-06-15,"County Ground, Derby",3,44.3,44.3,Derbyshire,Surrey,AL Hughes,SL Elstone,ZS Ansari,0,0,,,,,,,,,,,,,
692937,2014,2014-06-15,"County Ground, Derby",3,44.4,44.4,Derbyshire,Surrey,AL Hughes,SL Elstone,ZS Ansari,3,0,,,,,,,,,,,,,
692937,2014,2014-06-15,"County Ground, Derby",3,44.5,44.5,Derbyshire,Surrey,SL Elstone,AL Hughes,ZS Ansari,0,0,,,,,,,,,,,,,
692937,2014,2014-06-15,"County Ground, Derby",3,44.6,44.6,Derbyshire,Surrey,SL Elstone,AL Hughes,ZS Ansari,0,0,,,,,,,,,,,,,
692937,2014,2014-06-15,"County Ground, Derby",3,45.1,45.1,Derbyshire,Surrey,AL Hughes,SL Elstone,GJ Batty,0,0,,,,,,,,,,,,,
692937,2014,2014-06-15,"County Ground, Derby",3,45.2,45.2,Derbyshire,Surrey,AL Hughes,SL Elstone,GJ Batty,0,0,,,,,,,,,,,,,
692937,2014,2014-06-15,"County Ground, Derby",3,45.3,45.3,Derbyshire,Surrey,AL Hughes,SL Elstone,GJ Batty,0,0,,,,,,,,,,,,,
692937,2014,2014-06-15,"County Ground, Derby",3,45.4,45.4,Derbyshire,Surrey,AL Hughes,SL Elstone,GJ Batty,0,0,,,,,,,,,,,,,
692937,2014,2014-06-15,"County Ground, Derby",3,45.5,45.5,Derbyshire,Surrey,AL Hughes,SL Elstone,GJ Batty,0,0,,,,,,,,,,,,,
692937,2014,2014-06-15,"County Ground, Derby",3,45.6,45.6,Derbyshire,Surrey,AL Hughes,SL Elstone,GJ Batty,1,0,,,,,,,,,,,,,
692937,2014,2014-06-15,"County Ground, Derby",3,46.1,46.1,Derbyshire,Surrey,AL Hughes,SL Elstone,ZS Ansari,0,0,,,,,,,,,,,,,
692937,2014,2014-06-15,"County Ground, Derby",3,46.2,46.2,Derbyshire,Surrey,AL Hughes,SL Elstone,ZS Ansari,1,0,,,,,,,,,,,,,
692937,2014,2014-06-15,"County Ground, Derby",3,46.3,46.3,Derbyshire,Surrey,SL Elstone,AL Hughes,ZS Ansari,0,0,,,,,,,,,,,,,
692937,2014,2014-06-15,"County Ground, Derby",3,46.4,46.4,Derbyshire,Surrey,SL Elstone,AL Hughes,ZS Ansari,0,0,,,,,,,,,,,,,
692937,2014,2014-06-15,"County Ground, Derby",3,46.5,46.5,Derbyshire,Surrey,SL Elstone,AL Hughes,ZS Ansari,0,0,,,,,,,,,,,,,
692937,2014,2014-06-15,"County Ground, Derby",3,46.6,46.6,Derbyshire,Surrey,SL Elstone,AL Hughes,ZS Ansari,0,0,,,,,,,,,,,,,
692937,2014,2014-06-15,"County Ground, Derby",3,47.1,47.1,Derbyshire,Surrey,AL Hughes,SL Elstone,GJ Batty,0,0,,,,,,,,,,,,,
692937,2014,2014-06-15,"County Ground, Derby",3,47.2,47.2,Derbyshire,Surrey,AL Hughes,SL Elstone,GJ Batty,0,0,,,,,,,,,,,,,
692937,2014,2014-06-15,"County Ground, Derby",3,47.3,47.3,Derbyshire,Surrey,AL Hughes,SL Elstone,GJ Batty,0,0,,,,,,,,,,,,,
692937,2014,2014-06-15,"County Ground, Derby",3,47.4,47.4,Derbyshire,Surrey,AL Hughes,SL Elstone,GJ Batty,0,0,,,,,,,,,,,,,
692937,2014,2014-06-15,"County Ground, Derby",3,47.5,47.5,Derbyshire,Surrey,AL Hughes,SL Elstone,GJ Batty,1,0,,,,,,,,,,,,,
692937,2014,2014-06-15,"County Ground, Derby",3,47.6,47.6,Derbyshire,Surrey,SL Elstone,AL Hughes,GJ Batty,0,0,,,,,,,,,,,,,
692937,2014,2014-06-15,"County Ground, Derby",3,48.1,48.1,Derbyshire,Surrey,AL Hughes,SL Elstone,ZS Ansari,0,0,,,,,,,,,,,,,
692937,2014,2014-06-15,"County Ground, Derby",3,48.2,48.2,Derbyshire,Surrey,AL Hughes,SL Elstone,ZS Ansari,1,0,,,,,,,,,,,,,
692937,2014,2014-06-15,"County Ground, Derby",3,48.3,48.3,Derbyshire,Surrey,SL Elstone,AL Hughes,ZS Ansari,0,0,,,,,,,,,,,,,
692937,2014,2014-06-15,"County Ground, Derby",3,48.4,48.4,Derbyshire,Surrey,SL Elstone,AL Hughes,ZS Ansari,0,0,,,,,,,,,,,,,
692937,2014,2014-06-15,"County Ground, Derby",3,48.5,48.5,Derbyshire,Surrey,SL Elstone,AL Hughes,ZS Ansari,2,0,,,,,,,,,,,,,
692937,2014,2014-06-15,"County Ground, Derby",3,48.6,48.6,Derbyshire,Surrey,SL Elstone,AL Hughes,ZS Ansari,1,0,,,,,,,,,,,,,
692937,2014,2014-06-15,"County Ground, Derby",3,49.1,49.1,Derbyshire,Surrey,SL Elstone,AL Hughes,TK Curran,0,0,,,,,,,,,,,,,
692937,2014,2014-06-15,"County Ground, Derby",3,49.2,49.2,Derbyshire,Surrey,SL Elstone,AL Hughes,TK Curran,0,0,,,,,,,,,,,,,
692937,2014,2014-06-15,"County Ground, Derby",3,49.3,49.3,Derbyshire,Surrey,SL Elstone,AL Hughes,TK Curran,0,0,,,,,,,,,,,,,
692937,2014,2014-06-15,"County Ground, Derby",3,49.4,49.4,Derbyshire,Surrey,SL Elstone,AL Hughes,TK Curran,0,0,,,,,,,,,,,,,
692937,2014,2014-06-15,"County Ground, Derby",3,49.5,49.5,Derbyshire,Surrey,SL Elstone,AL Hughes,TK Curran,1,0,,,,,,,,,,,,,
692937,2014,2014-06-15,"County Ground, Derby",3,49.6,49.6,Derbyshire,Surrey,AL Hughes,SL Elstone,TK Curran,0,0,,,,,,,,,,,,,
692937,2014,2014-06-15,"County Ground, Derby",3,50.1,50.1,Derbyshire,Surrey,SL Elstone,AL Hughes,JW Dernbach,0,0,,,,,,,,,,,,,
692937,2014,2014-06-15,"County Ground, Derby",3,50.2,50.2,Derbyshire,Surrey,SL Elstone,AL Hughes,JW Dernbach,1,0,,,,,,,,,,,,,
692937,2014,2014-06-15,"County Ground, Derby",3,50.3,50.3,Derbyshire,Surrey,AL Hughes,SL Elstone,JW Dernbach,0,0,,,,,,,,,,,,,
692937,2014,2014-06-15,"County Ground, Derby",3,50.4,50.4,Derbyshire,Surrey,AL Hughes,SL Elstone,JW Dernbach,0,0,,,,,,,,,,,,,
692937,2014,2014-06-15,"County Ground, Derby",3,50.5,50.5,Derbyshire,Surrey,AL Hughes,SL Elstone,JW Dernbach,0,0,,,,,,,,,,,,,
692937,2014,2014-06-15,"County Ground, Derby",3,50.6,50.6,Derbyshire,Surrey,AL Hughes,SL Elstone,JW Dernbach,0,0,,,,,,,,,,,,,
692937,2014,2014-06-15,"County Ground, Derby",3,51.1,51.1,Derbyshire,Surrey,SL Elstone,AL Hughes,TK Curran,0,0,,,,,,,,,,,,,
692937,2014,2014-06-15,"County Ground, Derby",3,51.2,51.2,Derbyshire,Surrey,SL Elstone,AL Hughes,TK Curran,1,0,,,,,,,,,,,,,
692937,2014,2014-06-15,"County Ground, Derby",3,51.3,51.3,Derbyshire,Surrey,AL Hughes,SL Elstone,TK Curran,0,0,,,,,,,,,,,,,
692937,2014,2014-06-15,"County Ground, Derby",3,51.4,51.4,Derbyshire,Surrey,AL Hughes,SL Elstone,TK Curran,0,0,,,,,,,,,,,,,
692937,2014,2014-06-15,"County Ground, Derby",3,51.5,51.5,Derbyshire,Surrey,AL Hughes,SL Elstone,TK Curran,0,0,,,,,,,,,,,,,
692937,2014,2014-06-15,"County Ground, Derby",3,51.6,51.6,Derbyshire,Surrey,AL Hughes,SL Elstone,TK Curran,0,0,,,,,,,,,,,,,
692937,2014,2014-06-15,"County Ground, Derby",3,52.1,52.1,Derbyshire,Surrey,SL Elstone,AL Hughes,JW Dernbach,0,0,,,,,,,,,,,,,
692937,2014,2014-06-15,"County Ground, Derby",3,52.2,52.2,Derbyshire,Surrey,SL Elstone,AL Hughes,JW Dernbach,0,0,,,,,,,,,,,,,
692937,2014,2014-06-15,"County Ground, Derby",3,52.3,52.3,Derbyshire,Surrey,SL Elstone,AL Hughes,JW Dernbach,0,0,,,,,,,,,,,,,
692937,2014,2014-06-15,"County Ground, Derby",3,52.4,52.4,Derbyshire,Surrey,SL Elstone,AL Hughes,JW Dernbach,0,0,,,,,,,,,,,,,
692937,2014,2014-06-15,"County Ground, Derby",3,52.5,52.5,Derbyshire,Surrey,SL Elstone,AL Hughes,JW Dernbach,0,0,,,,,,,,,,,,,
692937,2014,2014-06-15,"County Ground, Derby",3,52.6,52.6,Derbyshire,Surrey,SL Elstone,AL Hughes,JW Dernbach,1,0,,,,,,,,,,,,,
692937,2014,2014-06-15,"County Ground, Derby",3,53.1,53.1,Derbyshire,Surrey,SL Elstone,AL Hughes,TK Curran,0,0,,,,,,,,,,,,,
692937,2014,2014-06-15,"County Ground, Derby",3,53.2,53.2,Derbyshire,Surrey,SL Elstone,AL Hughes,TK Curran,0,0,,,,,,,,,,,,,
692937,2014,2014-06-15,"County Ground, Derby",3,53.3,53.3,Derbyshire,Surrey,SL Elstone,AL Hughes,TK Curran,0,0,,,,,,,,,,,,,
692937,2014,2014-06-15,"County Ground, Derby",3,53.4,53.4,Derbyshire,Surrey,SL Elstone,AL Hughes,TK Curran,0,0,,,,,,,,,,,,,
692937,2014,2014-06-15,"County Ground, Derby",3,53.5,53.5,Derbyshire,Surrey,SL Elstone,AL Hughes,TK Curran,1,0,,,,,,,,,,,,,
692937,2014,2014-06-15,"County Ground, Derby",3,53.6,53.6,Derbyshire,Surrey,AL Hughes,SL Elstone,TK Curran,0,0,,,,,,,,,,,,,
692937,2014,2014-06-15,"County Ground, Derby",3,54.1,54.1,Derbyshire,Surrey,SL Elstone,AL Hughes,JW Dernbach,0,0,,,,,,,,,,,,,
692937,2014,2014-06-15,"County Ground, Derby",3,54.2,54.2,Derbyshire,Surrey,SL Elstone,AL Hughes,JW Dernbach,0,0,,,,,,,,,,,,,
692937,2014,2014-06-15,"County Ground, Derby",3,54.3,54.3,Derbyshire,Surrey,SL Elstone,AL Hughes,JW Dernbach,0,0,,,,,,,,,,,,,
692937,2014,2014-06-15,"County Ground, Derby",3,54.4,54.4,Derbyshire,Surrey,SL Elstone,AL Hughes,JW Dernbach,0,0,,,,,,,,,,,,,
692937,2014,2014-06-15,"County Ground, Derby",3,54.5,54.5,Derbyshire,Surrey,SL Elstone,AL Hughes,JW Dernbach,4,0,,,,,,,,,,,,,
692937,2014,2014-06-15,"County Ground, Derby",3,54.6,54.6,Derbyshire,Surrey,SL Elstone,AL Hughes,JW Dernbach,0,0,,,,,,,,,,,,,
692937,2014,2014-06-15,"County Ground, Derby",3,55.1,55.1,Derbyshire,Surrey,AL Hughes,SL Elstone,ZS Ansari,0,0,,,,,,,,,,,,,
692937,2014,2014-06-15,"County Ground, Derby",3,55.2,55.2,Derbyshire,Surrey,AL Hughes,SL Elstone,ZS Ansari,0,0,,,,,,,,,,,,,
692937,2014,2014-06-15,"County Ground, Derby",3,55.3,55.3,Derbyshire,Surrey,AL Hughes,SL Elstone,ZS Ansari,0,0,,,,,,,,,,,,,
692937,2014,2014-06-15,"County Ground, Derby",3,55.4,55.4,Derbyshire,Surrey,AL Hughes,SL Elstone,ZS Ansari,0,0,,,,,,,,,,,,,
692937,2014,2014-06-15,"County Ground, Derby",3,55.5,55.5,Derbyshire,Surrey,AL Hughes,SL Elstone,ZS Ansari,0,0,,,,,,,,,,,,,
692937,2014,2014-06-15,"County Ground, Derby",3,55.6,55.6,Derbyshire,Surrey,AL Hughes,SL Elstone,ZS Ansari,0,0,,,,,,,,,,,,,
692937,2014,2014-06-15,"County Ground, Derby",3,56.1,56.1,Derbyshire,Surrey,SL Elstone,AL Hughes,GJ Batty,0,0,,,,,,,,,,,,,
692937,2014,2014-06-15,"County Ground, Derby",3,56.2,56.2,Derbyshire,Surrey,SL Elstone,AL Hughes,GJ Batty,0,0,,,,,,,,,,,,,
692937,2014,2014-06-15,"County Ground, Derby",3,56.3,56.3,Derbyshire,Surrey,SL Elstone,AL Hughes,GJ Batty,1,0,,,,,,,,,,,,,
692937,2014,2014-06-15,"County Ground, Derby",3,56.4,56.4,Derbyshire,Surrey,AL Hughes,SL Elstone,GJ Batty,0,0,,,,,,,,,,,,,
692937,2014,2014-06-15,"County Ground, Derby",3,56.5,56.5,Derbyshire,Surrey,AL Hughes,SL Elstone,GJ Batty,0,0,,,,,,,,,,,,,
692937,2014,2014-06-15,"County Ground, Derby",3,56.6,56.6,Derbyshire,Surrey,AL Hughes,SL Elstone,GJ Batty,0,0,,,,,,,,,,,,,
692937,2014,2014-06-15,"County Ground, Derby",3,57.1,57.1,Derbyshire,Surrey,SL Elstone,AL Hughes,ZS Ansari,0,0,,,,,,,,,,,,,
692937,2014,2014-06-15,"County Ground, Derby",3,57.2,57.2,Derbyshire,Surrey,SL Elstone,AL Hughes,ZS Ansari,0,0,,,,,,,,,,,,,
692937,2014,2014-06-15,"County Ground, Derby",3,57.3,57.3,Derbyshire,Surrey,SL Elstone,AL Hughes,ZS Ansari,0,0,,,,,,,,,,,,,
692937,2014,2014-06-15,"County Ground, Derby",3,57.4,57.4,Derbyshire,Surrey,SL Elstone,AL Hughes,ZS Ansari,0,0,,,,,,,,,,,,,
692937,2014,2014-06-15,"County Ground, Derby",3,57.5,57.5,Derbyshire,Surrey,SL Elstone,AL Hughes,ZS Ansari,1,0,,,,,,,,,,,,,
692937,2014,2014-06-15,"County Ground, Derby",3,57.6,57.6,Derbyshire,Surrey,AL Hughes,SL Elstone,ZS Ansari,1,0,,,,,,,,,,,,,
692937,2014,2014-06-15,"County Ground, Derby",3,58.1,58.1,Derbyshire,Surrey,AL Hughes,SL Elstone,GJ Batty,0,0,,,,,,,,,,,,,
692937,2014,2014-06-15,"County Ground, Derby",3,58.2,58.2,Derbyshire,Surrey,AL Hughes,SL Elstone,GJ Batty,3,0,,,,,,,,,,,,,
692937,2014,2014-06-15,"County Ground, Derby",3,58.3,58.3,Derbyshire,Surrey,SL Elstone,AL Hughes,GJ Batty,0,0,,,,,,,,,,,,,
692937,2014,2014-06-15,"County Ground, Derby",3,58.4,58.4,Derbyshire,Surrey,SL Elstone,AL Hughes,GJ Batty,0,0,,,,,,,,,,,,,
692937,2014,2014-06-15,"County Ground, Derby",3,58.5,58.5,Derbyshire,Surrey,SL Elstone,AL Hughes,GJ Batty,0,0,,,,,,,,,,,,,
692937,2014,2014-06-15,"County Ground, Derby",3,58.6,58.6,Derbyshire,Surrey,SL Elstone,AL Hughes,GJ Batty,0,0,,,,,,,,,,,,,
692937,2014,2014-06-15,"County Ground, Derby",3,59.1,59.1,Derbyshire,Surrey,AL Hughes,SL Elstone,ZS Ansari,0,0,,,,,,,,,,,,,
692937,2014,2014-06-15,"County Ground, Derby",3,59.2,59.2,Derbyshire,Surrey,AL Hughes,SL Elstone,ZS Ansari,0,0,,,,,,,,,,,,,
692937,2014,2014-06-15,"County Ground, Derby",3,59.3,59.3,Derbyshire,Surrey,AL Hughes,SL Elstone,ZS Ansari,0,0,,,,,,,lbw,AL Hughes,,,,,
692937,2014,2014-06-15,"County Ground, Derby",3,59.4,59.4,Derbyshire,Surrey,GD Cross,SL Elstone,ZS Ansari,1,0,,,,,,,,,,,,,
692937,2014,2014-06-15,"County Ground, Derby",3,59.5,59.5,Derbyshire,Surrey,SL Elstone,GD Cross,ZS Ansari,0,0,,,,,,,,,,,,,
692937,2014,2014-06-15,"County Ground, Derby",3,59.6,59.6,Derbyshire,Surrey,SL Elstone,GD Cross,ZS Ansari,0,0,,,,,,,,,,,,,
692937,2014,2014-06-15,"County Ground, Derby",3,60.1,60.1,Derbyshire,Surrey,GD Cross,SL Elstone,GJ Batty,0,0,,,,,,,,,,,,,
692937,2014,2014-06-15,"County Ground, Derby",3,60.2,60.2,Derbyshire,Surrey,GD Cross,SL Elstone,GJ Batty,0,0,,,,,,,,,,,,,
692937,2014,2014-06-15,"County Ground, Derby",3,60.3,60.3,Derbyshire,Surrey,GD Cross,SL Elstone,GJ Batty,0,0,,,,,,,,,,,,,
692937,2014,2014-06-15,"County Ground, Derby",3,60.4,60.4,Derbyshire,Surrey,GD Cross,SL Elstone,GJ Batty,0,0,,,,,,,,,,,,,
692937,2014,2014-06-15,"County Ground, Derby",3,60.5,60.5,Derbyshire,Surrey,GD Cross,SL Elstone,GJ Batty,0,0,,,,,,,,,,,,,
692937,2014,2014-06-15,"County Ground, Derby",3,60.6,60.6,Derbyshire,Surrey,GD Cross,SL Elstone,GJ Batty,0,0,,,,,,,,,,,,,
692937,2014,2014-06-15,"County Ground, Derby",3,61.1,61.1,Derbyshire,Surrey,SL Elstone,GD Cross,ZS Ansari,3,0,,,,,,,,,,,,,
692937,2014,2014-06-15,"County Ground, Derby",3,61.2,61.2,Derbyshire,Surrey,GD Cross,SL Elstone,ZS Ansari,1,0,,,,,,,,,,,,,
692937,2014,2014-06-15,"County Ground, Derby",3,61.3,61.3,Derbyshire,Surrey,SL Elstone,GD Cross,ZS Ansari,0,0,,,,,,,,,,,,,
692937,2014,2014-06-15,"County Ground, Derby",3,61.4,61.4,Derbyshire,Surrey,SL Elstone,GD Cross,ZS Ansari,0,0,,,,,,,,,,,,,
692937,2014,2014-06-15,"County Ground, Derby",3,61.5,61.5,Derbyshire,Surrey,SL Elstone,GD Cross,ZS Ansari,1,0,,,,,,,,,,,,,
692937,2014,2014-06-15,"County Ground, Derby",3,61.6,61.6,Derbyshire,Surrey,GD Cross,SL Elstone,ZS Ansari,0,0,,,,,,,,,,,,,
692937,2014,2014-06-15,"County Ground, Derby",3,62.1,62.1,Derbyshire,Surrey,SL Elstone,GD Cross,GJ Batty,0,0,,,,,,,,,,,,,
692937,2014,2014-06-15,"County Ground, Derby",3,62.2,62.2,Derbyshire,Surrey,SL Elstone,GD Cross,GJ Batty,0,0,,,,,,,,,,,,,
692937,2014,2014-06-15,"County Ground, Derby",3,62.3,62.3,Derbyshire,Surrey,SL Elstone,GD Cross,GJ Batty,0,0,,,,,,,,,,,,,
692937,2014,2014-06-15,"County Ground, Derby",3,62.4,62.4,Derbyshire,Surrey,SL Elstone,GD Cross,GJ Batty,0,0,,,,,,,,,,,,,
692937,2014,2014-06-15,"County Ground, Derby",3,62.5,62.5,Derbyshire,Surrey,SL Elstone,GD Cross,GJ Batty,0,0,,,,,,,,,,,,,
692937,2014,2014-06-15,"County Ground, Derby",3,62.6,62.6,Derbyshire,Surrey,SL Elstone,GD Cross,GJ Batty,0,0,,,,,,,,,,,,,
692937,2014,2014-06-15,"County Ground, Derby",3,63.1,63.1,Derbyshire,Surrey,GD Cross,SL Elstone,ZS Ansari,0,0,,,,,,,,,,,,,
692937,2014,2014-06-15,"County Ground, Derby",3,63.2,63.2,Derbyshire,Surrey,GD Cross,SL Elstone,ZS Ansari,1,0,,,,,,,,,,,,,
692937,2014,2014-06-15,"County Ground, Derby",3,63.3,63.3,Derbyshire,Surrey,SL Elstone,GD Cross,ZS Ansari,0,0,,,,,,,,,,,,,
692937,2014,2014-06-15,"County Ground, Derby",3,63.4,63.4,Derbyshire,Surrey,SL Elstone,GD Cross,ZS Ansari,0,0,,,,,,,,,,,,,
692937,2014,2014-06-15,"County Ground, Derby",3,63.5,63.5,Derbyshire,Surrey,SL Elstone,GD Cross,ZS Ansari,4,0,,,,,,,,,,,,,
692937,2014,2014-06-15,"County Ground, Derby",3,63.6,63.6,Derbyshire,Surrey,SL Elstone,GD Cross,ZS Ansari,0,0,,,,,,,,,,,,,
692937,2014,2014-06-15,"County Ground, Derby",3,64.1,64.1,Derbyshire,Surrey,GD Cross,SL Elstone,GJ Batty,0,0,,,,,,,,,,,,,
692937,2014,2014-06-15,"County Ground, Derby",3,64.2,64.2,Derbyshire,Surrey,GD Cross,SL Elstone,GJ Batty,0,0,,,,,,,,,,,,,
692937,2014,2014-06-15,"County Ground, Derby",3,64.3,64.3,Derbyshire,Surrey,GD Cross,SL Elstone,GJ Batty,0,0,,,,,,,,,,,,,
692937,2014,2014-06-15,"County Ground, Derby",3,64.4,64.4,Derbyshire,Surrey,GD Cross,SL Elstone,GJ Batty,2,0,,,,,,,,,,,,,
692937,2014,2014-06-15,"County Ground, Derby",3,64.5,64.5,Derbyshire,Surrey,GD Cross,SL Elstone,GJ Batty,0,0,,,,,,,,,,,,,
692937,2014,2014-06-15,"County Ground, Derby",3,64.6,64.6,Derbyshire,Surrey,GD Cross,SL Elstone,GJ Batty,0,0,,,,,,,,,,,,,
692937,2014,2014-06-15,"County Ground, Derby",3,65.1,65.1,Derbyshire,Surrey,SL Elstone,GD Cross,ZS Ansari,0,0,,,,,,,,,,,,,
692937,2014,2014-06-15,"County Ground, Derby",3,65.2,65.2,Derbyshire,Surrey,SL Elstone,GD Cross,ZS Ansari,0,0,,,,,,,,,,,,,
692937,2014,2014-06-15,"County Ground, Derby",3,65.3,65.3,Derbyshire,Surrey,SL Elstone,GD Cross,ZS Ansari,0,0,,,,,,,,,,,,,
692937,2014,2014-06-15,"County Ground, Derby",3,65.4,65.4,Derbyshire,Surrey,SL Elstone,GD Cross,ZS Ansari,0,0,,,,,,,,,,,,,
692937,2014,2014-06-15,"County Ground, Derby",3,65.5,65.5,Derbyshire,Surrey,SL Elstone,GD Cross,ZS Ansari,0,0,,,,,,,,,,,,,
692937,2014,2014-06-15,"County Ground, Derby",3,65.6,65.6,Derbyshire,Surrey,SL Elstone,GD Cross,ZS Ansari,0,0,,,,,,,,,,,,,
692937,2014,2014-06-15,"County Ground, Derby",3,66.1,66.1,Derbyshire,Surrey,GD Cross,SL Elstone,GJ Batty,0,0,,,,,,,,,,,,,
692937,2014,2014-06-15,"County Ground, Derby",3,66.2,66.2,Derbyshire,Surrey,GD Cross,SL Elstone,GJ Batty,0,0,,,,,,,,,,,,,
692937,2014,2014-06-15,"County Ground, Derby",3,66.3,66.3,Derbyshire,Surrey,GD Cross,SL Elstone,GJ Batty,0,0,,,,,,,,,,,,,
692937,2014,2014-06-15,"County Ground, Derby",3,66.4,66.4,Derbyshire,Surrey,GD Cross,SL Elstone,GJ Batty,0,0,,,,,,,,,,,,,
692937,2014,2014-06-15,"County Ground, Derby",3,66.5,66.5,Derbyshire,Surrey,GD Cross,SL Elstone,GJ Batty,1,0,,,,,,,,,,,,,
692937,2014,2014-06-15,"County Ground, Derby",3,66.6,66.6,Derbyshire,Surrey,SL Elstone,GD Cross,GJ Batty,0,2,,2,,,,,,,,,,,
692937,2014,2014-06-15,"County Ground, Derby",3,66.7,66.6,Derbyshire,Surrey,SL Elstone,GD Cross,GJ Batty,0,0,,,,,,,,,,,,,
692937,2014,2014-06-15,"County Ground, Derby",3,67.1,67.1,Derbyshire,Surrey,GD Cross,SL Elstone,HM Amla,0,0,,,,,,,,,,,,,
692937,2014,2014-06-15,"County Ground, Derby",3,67.2,67.2,Derbyshire,Surrey,GD Cross,SL Elstone,HM Amla,1,0,,,,,,,,,,,,,
692937,2014,2014-06-15,"County Ground, Derby",3,67.3,67.3,Derbyshire,Surrey,SL Elstone,GD Cross,HM Amla,0,0,,,,,,,,,,,,,
692937,2014,2014-06-15,"County Ground, Derby",3,67.4,67.4,Derbyshire,Surrey,SL Elstone,GD Cross,HM Amla,0,0,,,,,,,,,,,,,
692937,2014,2014-06-15,"County Ground, Derby",3,67.5,67.5,Derbyshire,Surrey,SL Elstone,GD Cross,HM Amla,0,1,1,,,,,,,,,,,,
692937,2014,2014-06-15,"County Ground, Derby",3,67.6,67.5,Derbyshire,Surrey,SL Elstone,GD Cross,HM Amla,0,0,,,,,,,,,,,,,
692937,2014,2014-06-15,"County Ground, Derby",3,67.7,67.6,Derbyshire,Surrey,SL Elstone,GD Cross,HM Amla,0,0,,,,,,,,,,,,,
692937,2014,2014-06-15,"County Ground, Derby",3,68.1,68.1,Derbyshire,Surrey,GD Cross,SL Elstone,ZS Ansari,0,0,,,,,,,,,,,,,
692937,2014,2014-06-15,"County Ground, Derby",3,68.2,68.2,Derbyshire,Surrey,GD Cross,SL Elstone,ZS Ansari,0,0,,,,,,,,,,,,,
692937,2014,2014-06-15,"County Ground, Derby",3,68.3,68.3,Derbyshire,Surrey,GD Cross,SL Elstone,ZS Ansari,0,0,,,,,,,,,,,,,
692937,2014,2014-06-15,"County Ground, Derby",3,68.4,68.4,Derbyshire,Surrey,GD Cross,SL Elstone,ZS Ansari,0,0,,,,,,,,,,,,,
692937,2014,2014-06-15,"County Ground, Derby",3,68.5,68.5,Derbyshire,Surrey,GD Cross,SL Elstone,ZS Ansari,1,0,,,,,,,,,,,,,
692937,2014,2014-06-15,"County Ground, Derby",3,68.6,68.6,Derbyshire,Surrey,SL Elstone,GD Cross,ZS Ansari,0,0,,,,,,,,,,,,,
692937,2014,2014-06-15,"County Ground, Derby",3,69.1,69.1,Derbyshire,Surrey,GD Cross,SL Elstone,GJ Batty,0,0,,,,,,,,,,,,,
692937,2014,2014-06-15,"County Ground, Derby",3,69.2,69.2,Derbyshire,Surrey,GD Cross,SL Elstone,GJ Batty,0,0,,,,,,,,,,,,,
692937,2014,2014-06-15,"County Ground, Derby",3,69.3,69.3,Derbyshire,Surrey,GD Cross,SL Elstone,GJ Batty,0,0,,,,,,,,,,,,,
692937,2014,2014-06-15,"County Ground, Derby",3,69.4,69.4,Derbyshire,Surrey,GD Cross,SL Elstone,GJ Batty,0,0,,,,,,,,,,,,,
692937,2014,2014-06-15,"County Ground, Derby",3,69.5,69.5,Derbyshire,Surrey,GD Cross,SL Elstone,GJ Batty,1,0,,,,,,,,,,,,,
692937,2014,2014-06-15,"County Ground, Derby",3,69.6,69.6,Derbyshire,Surrey,SL Elstone,GD Cross,GJ Batty,1,0,,,,,,,,,,,,,
692937,2014,2014-06-15,"County Ground, Derby",3,70.1,70.1,Derbyshire,Surrey,SL Elstone,GD Cross,ZS Ansari,0,0,,,,,,,,,,,,,
692937,2014,2014-06-15,"County Ground, Derby",3,70.2,70.2,Derbyshire,Surrey,SL Elstone,GD Cross,ZS Ansari,0,0,,,,,,,,,,,,,
692937,2014,2014-06-15,"County Ground, Derby",3,70.3,70.3,Derbyshire,Surrey,SL Elstone,GD Cross,ZS Ansari,0,0,,,,,,,,,,,,,
692937,2014,2014-06-15,"County Ground, Derby",3,70.4,70.4,Derbyshire,Surrey,SL Elstone,GD Cross,ZS Ansari,0,0,,,,,,,,,,,,,
692937,2014,2014-06-15,"County Ground, Derby",3,70.5,70.5,Derbyshire,Surrey,SL Elstone,GD Cross,ZS Ansari,2,0,,,,,,,,,,,,,
692937,2014,2014-06-15,"County Ground, Derby",3,70.6,70.6,Derbyshire,Surrey,SL Elstone,GD Cross,ZS Ansari,0,0,,,,,,,,,,,,,
692937,2014,2014-06-15,"County Ground, Derby",3,71.1,71.1,Derbyshire,Surrey,GD Cross,SL Elstone,GJ Batty,0,0,,,,,,,,,,,,,
692937,2014,2014-06-15,"County Ground, Derby",3,71.2,71.2,Derbyshire,Surrey,GD Cross,SL Elstone,GJ Batty,0,0,,,,,,,,,,,,,
692937,2014,2014-06-15,"County Ground, Derby",3,71.3,71.3,Derbyshire,Surrey,GD Cross,SL Elstone,GJ Batty,0,0,,,,,,,caught,GD Cross,,,GC Wilson,,
692937,2014,2014-06-15,"County Ground, Derby",3,71.4,71.4,Derbyshire,Surrey,DJ Wainwright,SL Elstone,GJ Batty,2,0,,,,,,,,,,,,,
692937,2014,2014-06-15,"County Ground, Derby",3,71.5,71.5,Derbyshire,Surrey,DJ Wainwright,SL Elstone,GJ Batty,0,0,,,,,,,,,,,,,
692937,2014,2014-06-15,"County Ground, Derby",3,71.6,71.6,Derbyshire,Surrey,DJ Wainwright,SL Elstone,GJ Batty,0,0,,,,,,,,,,,,,
692937,2014,2014-06-15,"County Ground, Derby",3,72.1,72.1,Derbyshire,Surrey,SL Elstone,DJ Wainwright,ZS Ansari,0,0,,,,,,,,,,,,,
692937,2014,2014-06-15,"County Ground, Derby",3,72.2,72.2,Derbyshire,Surrey,SL Elstone,DJ Wainwright,ZS Ansari,0,0,,,,,,,,,,,,,
692937,2014,2014-06-15,"County Ground, Derby",3,72.3,72.3,Derbyshire,Surrey,SL Elstone,DJ Wainwright,ZS Ansari,4,0,,,,,,,,,,,,,
692937,2014,2014-06-15,"County Ground, Derby",3,72.4,72.4,Derbyshire,Surrey,SL Elstone,DJ Wainwright,ZS Ansari,0,0,,,,,,,,,,,,,
692937,2014,2014-06-15,"County Ground, Derby",3,72.5,72.5,Derbyshire,Surrey,SL Elstone,DJ Wainwright,ZS Ansari,1,0,,,,,,,,,,,,,
692937,2014,2014-06-15,"County Ground, Derby",3,72.6,72.6,Derbyshire,Surrey,DJ Wainwright,SL Elstone,ZS Ansari,0,0,,,,,,,,,,,,,
692937,2014,2014-06-15,"County Ground, Derby",3,73.1,73.1,Derbyshire,Surrey,SL Elstone,DJ Wainwright,GJ Batty,0,0,,,,,,,,,,,,,
692937,2014,2014-06-15,"County Ground, Derby",3,73.2,73.2,Derbyshire,Surrey,SL Elstone,DJ Wainwright,GJ Batty,0,1,,,,1,,,,,,,,,
692937,2014,2014-06-15,"County Ground, Derby",3,73.3,73.3,Derbyshire,Surrey,DJ Wainwright,SL Elstone,GJ Batty,0,0,,,,,,,,,,,,,
692937,2014,2014-06-15,"County Ground, Derby",3,73.4,73.4,Derbyshire,Surrey,DJ Wainwright,SL Elstone,GJ Batty,0,0,,,,,,,,,,,,,
692937,2014,2014-06-15,"County Ground, Derby",3,73.5,73.5,Derbyshire,Surrey,DJ Wainwright,SL Elstone,GJ Batty,0,0,,,,,,,,,,,,,
692937,2014,2014-06-15,"County Ground, Derby",3,73.6,73.6,Derbyshire,Surrey,DJ Wainwright,SL Elstone,GJ Batty,0,0,,,,,,,,,,,,,
692937,2014,2014-06-15,"County Ground, Derby",3,74.1,74.1,Derbyshire,Surrey,SL Elstone,DJ Wainwright,ZS Ansari,0,0,,,,,,,,,,,,,
692937,2014,2014-06-15,"County Ground, Derby",3,74.2,74.2,Derbyshire,Surrey,SL Elstone,DJ Wainwright,ZS Ansari,0,0,,,,,,,,,,,,,
692937,2014,2014-06-15,"County Ground, Derby",3,74.3,74.3,Derbyshire,Surrey,SL Elstone,DJ Wainwright,ZS Ansari,0,0,,,,,,,,,,,,,
692937,2014,2014-06-15,"County Ground, Derby",3,74.4,74.4,Derbyshire,Surrey,SL Elstone,DJ Wainwright,ZS Ansari,0,0,,,,,,,,,,,,,
692937,2014,2014-06-15,"County Ground, Derby",3,74.5,74.5,Derbyshire,Surrey,SL Elstone,DJ Wainwright,ZS Ansari,2,0,,,,,,,,,,,,,
692937,2014,2014-06-15,"County Ground, Derby",3,74.6,74.6,Derbyshire,Surrey,SL Elstone,DJ Wainwright,ZS Ansari,0,0,,,,,,,,,,,,,
692937,2014,2014-06-15,"County Ground, Derby",3,75.1,75.1,Derbyshire,Surrey,DJ Wainwright,SL Elstone,GJ Batty,0,0,,,,,,,,,,,,,
692937,2014,2014-06-15,"County Ground, Derby",3,75.2,75.2,Derbyshire,Surrey,DJ Wainwright,SL Elstone,GJ Batty,0,0,,,,,,,,,,,,,
692937,2014,2014-06-15,"County Ground, Derby",3,75.3,75.3,Derbyshire,Surrey,DJ Wainwright,SL Elstone,GJ Batty,0,0,,,,,,,,,,,,,
692937,2014,2014-06-15,"County Ground, Derby",3,75.4,75.4,Derbyshire,Surrey,DJ Wainwright,SL Elstone,GJ Batty,0,0,,,,,,,,,,,,,
692937,2014,2014-06-15,"County Ground, Derby",3,75.5,75.5,Derbyshire,Surrey,DJ Wainwright,SL Elstone,GJ Batty,0,0,,,,,,,,,,,,,
692937,2014,2014-06-15,"County Ground, Derby",3,75.6,75.6,Derbyshire,Surrey,DJ Wainwright,SL Elstone,GJ Batty,1,0,,,,,,,,,,,,,
692937,2014,2014-06-15,"County Ground, Derby",3,76.1,76.1,Derbyshire,Surrey,DJ Wainwright,SL Elstone,ZS Ansari,1,0,,,,,,,,,,,,,
692937,2014,2014-06-15,"County Ground, Derby",3,76.2,76.2,Derbyshire,Surrey,SL Elstone,DJ Wainwright,ZS Ansari,2,0,,,,,,,,,,,,,
692937,2014,2014-06-15,"County Ground, Derby",3,76.3,76.3,Derbyshire,Surrey,SL Elstone,DJ Wainwright,ZS Ansari,0,0,,,,,,,,,,,,,
692937,2014,2014-06-15,"County Ground, Derby",3,76.4,76.4,Derbyshire,Surrey,SL Elstone,DJ Wainwright,ZS Ansari,0,0,,,,,,,,,,,,,
692937,2014,2014-06-15,"County Ground, Derby",3,76.5,76.5,Derbyshire,Surrey,SL Elstone,DJ Wainwright,ZS Ansari,2,0,,,,,,,,,,,,,
692937,2014,2014-06-15,"County Ground, Derby",3,76.6,76.6,Derbyshire,Surrey,SL Elstone,DJ Wainwright,ZS Ansari,0,0,,,,,,,,,,,,,
692937,2014,2014-06-15,"County Ground, Derby",3,77.1,77.1,Derbyshire,Surrey,DJ Wainwright,SL Elstone,GJ Batty,0,0,,,,,,,,,,,,,
692937,2014,2014-06-15,"County Ground, Derby",3,77.2,77.2,Derbyshire,Surrey,DJ Wainwright,SL Elstone,GJ Batty,4,0,,,,,,,,,,,,,
692937,2014,2014-06-15,"County Ground, Derby",3,77.3,77.3,Derbyshire,Surrey,DJ Wainwright,SL Elstone,GJ Batty,2,0,,,,,,,,,,,,,
692937,2014,2014-06-15,"County Ground, Derby",3,77.4,77.4,Derbyshire,Surrey,DJ Wainwright,SL Elstone,GJ Batty,0,0,,,,,,,,,,,,,
692937,2014,2014-06-15,"County Ground, Derby",3,77.5,77.5,Derbyshire,Surrey,DJ Wainwright,SL Elstone,GJ Batty,0,0,,,,,,,,,,,,,
692937,2014,2014-06-15,"County Ground, Derby",3,77.6,77.6,Derbyshire,Surrey,DJ Wainwright,SL Elstone,GJ Batty,0,0,,,,,,,,,,,,,
692937,2014,2014-06-15,"County Ground, Derby",3,78.1,78.1,Derbyshire,Surrey,SL Elstone,DJ Wainwright,ZS Ansari,1,0,,,,,,,,,,,,,
692937,2014,2014-06-15,"County Ground, Derby",3,78.2,78.2,Derbyshire,Surrey,DJ Wainwright,SL Elstone,ZS Ansari,4,0,,,,,,,,,,,,,
692937,2014,2014-06-15,"County Ground, Derby",3,78.3,78.3,Derbyshire,Surrey,DJ Wainwright,SL Elstone,ZS Ansari,0,0,,,,,,,,,,,,,
692937,2014,2014-06-15,"County Ground, Derby",3,78.4,78.4,Derbyshire,Surrey,DJ Wainwright,SL Elstone,ZS Ansari,0,0,,,,,,,,,,,,,
692937,2014,2014-06-15,"County Ground, Derby",3,78.5,78.5,Derbyshire,Surrey,DJ Wainwright,SL Elstone,ZS Ansari,0,0,,,,,,,,,,,,,
692937,2014,2014-06-15,"County Ground, Derby",3,78.6,78.6,Derbyshire,Surrey,DJ Wainwright,SL Elstone,ZS Ansari,0,0,,,,,,,,,,,,,
692937,2014,2014-06-15,"County Ground, Derby",3,79.1,79.1,Derbyshire,Surrey,SL Elstone,DJ Wainwright,GJ Batty,0,0,,,,,,,,,,,,,
692937,2014,2014-06-15,"County Ground, Derby",3,79.2,79.2,Derbyshire,Surrey,SL Elstone,DJ Wainwright,GJ Batty,0,0,,,,,,,,,,,,,
692937,2014,2014-06-15,"County Ground, Derby",3,79.3,79.3,Derbyshire,Surrey,SL Elstone,DJ Wainwright,GJ Batty,0,0,,,,,,,,,,,,,
692937,2014,2014-06-15,"County Ground, Derby",3,79.4,79.4,Derbyshire,Surrey,SL Elstone,DJ Wainwright,GJ Batty,0,0,,,,,,,,,,,,,
692937,2014,2014-06-15,"County Ground, Derby",3,79.5,79.5,Derbyshire,Surrey,SL Elstone,DJ Wainwright,GJ Batty,0,0,,,,,,,,,,,,,
692937,2014,2014-06-15,"County Ground, Derby",3,79.6,79.6,Derbyshire,Surrey,SL Elstone,DJ Wainwright,GJ Batty,0,0,,,,,,,,,,,,,
692937,2014,2014-06-15,"County Ground, Derby",3,80.1,80.1,Derbyshire,Surrey,DJ Wainwright,SL Elstone,CT Tremlett,0,0,,,,,,,,,,,,,
692937,2014,2014-06-15,"County Ground, Derby",3,80.2,80.2,Derbyshire,Surrey,DJ Wainwright,SL Elstone,CT Tremlett,0,0,,,,,,,,,,,,,
692937,2014,2014-06-15,"County Ground, Derby",3,80.3,80.3,Derbyshire,Surrey,DJ Wainwright,SL Elstone,CT Tremlett,0,0,,,,,,,,,,,,,
692937,2014,2014-06-15,"County Ground, Derby",3,80.4,80.4,Derbyshire,Surrey,DJ Wainwright,SL Elstone,CT Tremlett,0,0,,,,,,,,,,,,,
692937,2014,2014-06-15,"County Ground, Derby",3,80.5,80.5,Derbyshire,Surrey,DJ Wainwright,SL Elstone,CT Tremlett,0,0,,,,,,,,,,,,,
692937,2014,2014-06-15,"County Ground, Derby",3,80.6,80.6,Derbyshire,Surrey,DJ Wainwright,SL Elstone,CT Tremlett,3,0,,,,,,,,,,,,,
692937,2014,2014-06-15,"County Ground, Derby",3,81.1,81.1,Derbyshire,Surrey,DJ Wainwright,SL Elstone,JW Dernbach,0,0,,,,,,,,,,,,,
692937,2014,2014-06-15,"County Ground, Derby",3,81.2,81.2,Derbyshire,Surrey,DJ Wainwright,SL Elstone,JW Dernbach,0,0,,,,,,,,,,,,,
692937,2014,2014-06-15,"County Ground, Derby",3,81.3,81.3,Derbyshire,Surrey,DJ Wainwright,SL Elstone,JW Dernbach,0,0,,,,,,,,,,,,,
692937,2014,2014-06-15,"County Ground, Derby",3,81.4,81.4,Derbyshire,Surrey,DJ Wainwright,SL Elstone,JW Dernbach,0,0,,,,,,,,,,,,,
692937,2014,2014-06-15,"County Ground, Derby",3,81.5,81.5,Derbyshire,Surrey,DJ Wainwright,SL Elstone,JW Dernbach,0,0,,,,,,,,,,,,,
692937,2014,2014-06-15,"County Ground, Derby",3,81.6,81.6,Derbyshire,Surrey,DJ Wainwright,SL Elstone,JW Dernbach,0,0,,,,,,,,,,,,,
692937,2014,2014-06-15,"County Ground, Derby",3,82.1,82.1,Derbyshire,Surrey,SL Elstone,DJ Wainwright,CT Tremlett,1,0,,,,,,,,,,,,,
692937,2014,2014-06-15,"County Ground, Derby",3,82.2,82.2,Derbyshire,Surrey,DJ Wainwright,SL Elstone,CT Tremlett,0,0,,,,,,,,,,,,,
692937,2014,2014-06-15,"County Ground, Derby",3,82.3,82.3,Derbyshire,Surrey,DJ Wainwright,SL Elstone,CT Tremlett,0,2,,2,,,,,,,,,,,
692937,2014,2014-06-15,"County Ground, Derby",3,82.4,82.3,Derbyshire,Surrey,DJ Wainwright,SL Elstone,CT Tremlett,4,0,,,,,,,,,,,,,
692937,2014,2014-06-15,"County Ground, Derby",3,82.5,82.4,Derbyshire,Surrey,DJ Wainwright,SL Elstone,CT Tremlett,0,0,,,,,,,,,,,,,
692937,2014,2014-06-15,"County Ground, Derby",3,82.6,82.5,Derbyshire,Surrey,DJ Wainwright,SL Elstone,CT Tremlett,0,0,,,,,,,,,,,,,
692937,2014,2014-06-15,"County Ground, Derby",3,82.7,82.6,Derbyshire,Surrey,DJ Wainwright,SL Elstone,CT Tremlett,0,0,,,,,,,,,,,,,
692937,2014,2014-06-15,"County Ground, Derby",3,83.1,83.1,Derbyshire,Surrey,SL Elstone,DJ Wainwright,JW Dernbach,0,0,,,,,,,,,,,,,
692937,2014,2014-06-15,"County Ground, Derby",3,83.2,83.2,Derbyshire,Surrey,SL Elstone,DJ Wainwright,JW Dernbach,0,0,,,,,,,,,,,,,
692937,2014,2014-06-15,"County Ground, Derby",3,83.3,83.3,Derbyshire,Surrey,SL Elstone,DJ Wainwright,JW Dernbach,0,4,,,4,,,,,,,,,,
692937,2014,2014-06-15,"County Ground, Derby",3,83.4,83.4,Derbyshire,Surrey,SL Elstone,DJ Wainwright,JW Dernbach,0,0,,,,,,,,,,,,,
692937,2014,2014-06-15,"County Ground, Derby",3,83.5,83.5,Derbyshire,Surrey,SL Elstone,DJ Wainwright,JW Dernbach,0,0,,,,,,,,,,,,,
692937,2014,2014-06-15,"County Ground, Derby",3,83.6,83.6,Derbyshire,Surrey,SL Elstone,DJ Wainwright,JW Dernbach,0,0,,,,,,,bowled,SL Elstone,,,,,
692937,2014,2014-06-15,"County Ground, Derby",3,84.1,84.1,Derbyshire,Surrey,DJ Wainwright,AP Palladino,CT Tremlett,0,0,,,,,,,,,,,,,
692937,2014,2014-06-15,"County Ground, Derby",3,84.2,84.2,Derbyshire,Surrey,DJ Wainwright,AP Palladino,CT Tremlett,0,0,,,,,,,,,,,,,
692937,2014,2014-06-15,"County Ground, Derby",3,84.3,84.3,Derbyshire,Surrey,DJ Wainwright,AP Palladino,CT Tremlett,0,0,,,,,,,,,,,,,
692937,2014,2014-06-15,"County Ground, Derby",3,84.4,84.4,Derbyshire,Surrey,DJ Wainwright,AP Palladino,CT Tremlett,1,2,,2,,,,,,,,,,,
692937,2014,2014-06-15,"County Ground, Derby",3,84.5,84.4,Derbyshire,Surrey,AP Palladino,DJ Wainwright,CT Tremlett,0,0,,,,,,,,,,,,,
692937,2014,2014-06-15,"County Ground, Derby",3,84.6,84.5,Derbyshire,Surrey,AP Palladino,DJ Wainwright,CT Tremlett,0,0,,,,,,,,,,,,,
692937,2014,2014-06-15,"County Ground, Derby",3,84.7,84.6,Derbyshire,Surrey,AP Palladino,DJ Wainwright,CT Tremlett,0,0,,,,,,,,,,,,,
692937,2014,2014-06-15,"County Ground, Derby",3,85.1,85.1,Derbyshire,Surrey,DJ Wainwright,AP Palladino,TK Curran,0,0,,,,,,,,,,,,,
692937,2014,2014-06-15,"County Ground, Derby",3,85.2,85.2,Derbyshire,Surrey,DJ Wainwright,AP Palladino,TK Curran,0,0,,,,,,,,,,,,,
692937,2014,2014-06-15,"County Ground, Derby",3,85.3,85.3,Derbyshire,Surrey,DJ Wainwright,AP Palladino,TK Curran,0,0,,,,,,,,,,,,,
692937,2014,2014-06-15,"County Ground, Derby",3,85.4,85.4,Derbyshire,Surrey,DJ Wainwright,AP Palladino,TK Curran,0,0,,,,,,,,,,,,,
692937,2014,2014-06-15,"County Ground, Derby",3,85.5,85.5,Derbyshire,Surrey,DJ Wainwright,AP Palladino,TK Curran,3,0,,,,,,,,,,,,,
692937,2014,2014-06-15,"County Ground, Derby",3,85.6,85.6,Derbyshire,Surrey,AP Palladino,DJ Wainwright,TK Curran,0,0,,,,,,,,,,,,,
692937,2014,2014-06-15,"County Ground, Derby",3,86.1,86.1,Derbyshire,Surrey,DJ Wainwright,AP Palladino,CT Tremlett,2,0,,,,,,,,,,,,,
692937,2014,2014-06-15,"County Ground, Derby",3,86.2,86.2,Derbyshire,Surrey,DJ Wainwright,AP Palladino,CT Tremlett,0,0,,,,,,,,,,,,,
692937,2014,2014-06-15,"County Ground, Derby",3,86.3,86.3,Derbyshire,Surrey,DJ Wainwright,AP Palladino,CT Tremlett,0,0,,,,,,,,,,,,,
692937,2014,2014-06-15,"County Ground, Derby",3,86.4,86.4,Derbyshire,Surrey,DJ Wainwright,AP Palladino,CT Tremlett,0,0,,,,,,,,,,,,,
692937,2014,2014-06-15,"County Ground, Derby",3,86.5,86.5,Derbyshire,Surrey,DJ Wainwright,AP Palladino,CT Tremlett,0,0,,,,,,,,,,,,,
692937,2014,2014-06-15,"County Ground, Derby",3,86.6,86.6,Derbyshire,Surrey,DJ Wainwright,AP Palladino,CT Tremlett,0,0,,,,,,,,,,,,,
692937,2014,2014-06-15,"County Ground, Derby",3,87.1,87.1,Derbyshire,Surrey,AP Palladino,DJ Wainwright,TK Curran,3,0,,,,,,,,,,,,,
692937,2014,2014-06-15,"County Ground, Derby",3,87.2,87.2,Derbyshire,Surrey,DJ Wainwright,AP Palladino,TK Curran,0,0,,,,,,,,,,,,,
692937,2014,2014-06-15,"County Ground, Derby",3,87.3,87.3,Derbyshire,Surrey,DJ Wainwright,AP Palladino,TK Curran,4,0,,,,,,,,,,,,,
692937,2014,2014-06-15,"County Ground, Derby",3,87.4,87.4,Derbyshire,Surrey,DJ Wainwright,AP Palladino,TK Curran,1,0,,,,,,,,,,,,,
692937,2014,2014-06-15,"County Ground, Derby",3,87.5,87.5,Derbyshire,Surrey,AP Palladino,DJ Wainwright,TK Curran,1,0,,,,,,,,,,,,,
692937,2014,2014-06-15,"County Ground, Derby",3,87.6,87.6,Derbyshire,Surrey,DJ Wainwright,AP Palladino,TK Curran,0,0,,,,,,,,,,,,,
692937,2014,2014-06-15,"County Ground, Derby",3,88.1,88.1,Derbyshire,Surrey,AP Palladino,DJ Wainwright,JW Dernbach,4,0,,,,,,,,,,,,,
692937,2014,2014-06-15,"County Ground, Derby",3,88.2,88.2,Derbyshire,Surrey,AP Palladino,DJ Wainwright,JW Dernbach,0,0,,,,,,,,,,,,,
692937,2014,2014-06-15,"County Ground, Derby",3,88.3,88.3,Derbyshire,Surrey,AP Palladino,DJ Wainwright,JW Dernbach,0,0,,,,,,,,,,,,,
692937,2014,2014-06-15,"County Ground, Derby",3,88.4,88.4,Derbyshire,Surrey,AP Palladino,DJ Wainwright,JW Dernbach,0,0,,,,,,,,,,,,,
692937,2014,2014-06-15,"County Ground, Derby",3,88.5,88.5,Derbyshire,Surrey,AP Palladino,DJ Wainwright,JW Dernbach,0,0,,,,,,,bowled,AP Palladino,,,,,
692937,2014,2014-06-15,"County Ground, Derby",3,88.6,88.6,Derbyshire,Surrey,TAI Taylor,DJ Wainwright,JW Dernbach,0,0,,,,,,,,,,,,,
692937,2014,2014-06-15,"County Ground, Derby",3,89.1,89.1,Derbyshire,Surrey,DJ Wainwright,TAI Taylor,GJ Batty,0,0,,,,,,,,,,,,,
692937,2014,2014-06-15,"County Ground, Derby",3,89.2,89.2,Derbyshire,Surrey,DJ Wainwright,TAI Taylor,GJ Batty,1,0,,,,,,,,,,,,,
692937,2014,2014-06-15,"County Ground, Derby",3,89.3,89.3,Derbyshire,Surrey,TAI Taylor,DJ Wainwright,GJ Batty,0,0,,,,,,,,,,,,,
692937,2014,2014-06-15,"County Ground, Derby",3,89.4,89.4,Derbyshire,Surrey,TAI Taylor,DJ Wainwright,GJ Batty,0,0,,,,,,,,,,,,,
692937,2014,2014-06-15,"County Ground, Derby",3,89.5,89.5,Derbyshire,Surrey,TAI Taylor,DJ Wainwright,GJ Batty,0,0,,,,,,,,,,,,,
692937,2014,2014-06-15,"County Ground, Derby",3,89.6,89.6,Derbyshire,Surrey,TAI Taylor,DJ Wainwright,GJ Batty,0,0,,,,,,,,,,,,,
692937,2014,2014-06-15,"County Ground, Derby",3,90.1,90.1,Derbyshire,Surrey,DJ Wainwright,TAI Taylor,JW Dernbach,0,0,,,,,,,,,,,,,
692937,2014,2014-06-15,"County Ground, Derby",3,90.2,90.2,Derbyshire,Surrey,DJ Wainwright,TAI Taylor,JW Dernbach,2,0,,,,,,,,,,,,,
692937,2014,2014-06-15,"County Ground, Derby",3,90.3,90.3,Derbyshire,Surrey,DJ Wainwright,TAI Taylor,JW Dernbach,0,0,,,,,,,,,,,,,
692937,2014,2014-06-15,"County Ground, Derby",3,90.4,90.4,Derbyshire,Surrey,DJ Wainwright,TAI Taylor,JW Dernbach,0,0,,,,,,,,,,,,,
692937,2014,2014-06-15,"County Ground, Derby",3,90.5,90.5,Derbyshire,Surrey,DJ Wainwright,TAI Taylor,JW Dernbach,0,0,,,,,,,,,,,,,
692937,2014,2014-06-15,"County Ground, Derby",3,90.6,90.6,Derbyshire,Surrey,DJ Wainwright,TAI Taylor,JW Dernbach,0,0,,,,,,,,,,,,,
692937,2014,2014-06-15,"County Ground, Derby",3,91.1,91.1,Derbyshire,Surrey,TAI Taylor,DJ Wainwright,GJ Batty,0,0,,,,,,,,,,,,,
692937,2014,2014-06-15,"County Ground, Derby",3,91.2,91.2,Derbyshire,Surrey,TAI Taylor,DJ Wainwright,GJ Batty,0,0,,,,,,,,,,,,,
692937,2014,2014-06-15,"County Ground, Derby",3,91.3,91.3,Derbyshire,Surrey,TAI Taylor,DJ Wainwright,GJ Batty,0,0,,,,,,,,,,,,,
692937,2014,2014-06-15,"County Ground, Derby",3,91.4,91.4,Derbyshire,Surrey,TAI Taylor,DJ Wainwright,GJ Batty,0,0,,,,,,,,,,,,,
692937,2014,2014-06-15,"County Ground, Derby",3,91.5,91.5,Derbyshire,Surrey,TAI Taylor,DJ Wainwright,GJ Batty,0,0,,,,,,,,,,,,,
692937,2014,2014-06-15,"County Ground, Derby",3,91.6,91.6,Derbyshire,Surrey,TAI Taylor,DJ Wainwright,GJ Batty,0,0,,,,,,,,,,,,,
692937,2014,2014-06-15,"County Ground, Derby",3,92.1,92.1,Derbyshire,Surrey,DJ Wainwright,TAI Taylor,JW Dernbach,0,0,,,,,,,,,,,,,
692937,2014,2014-06-15,"County Ground, Derby",3,92.2,92.2,Derbyshire,Surrey,DJ Wainwright,TAI Taylor,JW Dernbach,2,0,,,,,,,,,,,,,
692937,2014,2014-06-15,"County Ground, Derby",3,92.3,92.3,Derbyshire,Surrey,DJ Wainwright,TAI Taylor,JW Dernbach,1,0,,,,,,,,,,,,,
692937,2014,2014-06-15,"County Ground, Derby",3,92.4,92.4,Derbyshire,Surrey,TAI Taylor,DJ Wainwright,JW Dernbach,0,0,,,,,,,,,,,,,
692937,2014,2014-06-15,"County Ground, Derby",3,92.5,92.5,Derbyshire,Surrey,TAI Taylor,DJ Wainwright,JW Dernbach,1,0,,,,,,,,,,,,,
692937,2014,2014-06-15,"County Ground, Derby",3,92.6,92.6,Derbyshire,Surrey,DJ Wainwright,TAI Taylor,JW Dernbach,4,0,,,,,,,,,,,,,
692937,2014,2014-06-15,"County Ground, Derby",3,93.1,93.1,Derbyshire,Surrey,TAI Taylor,DJ Wainwright,GJ Batty,0,0,,,,,,,,,,,,,
692937,2014,2014-06-15,"County Ground, Derby",3,93.2,93.2,Derbyshire,Surrey,TAI Taylor,DJ Wainwright,GJ Batty,2,0,,,,,,,,,,,,,
692937,2014,2014-06-15,"County Ground, Derby",3,93.3,93.3,Derbyshire,Surrey,TAI Taylor,DJ Wainwright,GJ Batty,0,0,,,,,,,,,,,,,
692937,2014,2014-06-15,"County Ground, Derby",3,93.4,93.4,Derbyshire,Surrey,TAI Taylor,DJ Wainwright,GJ Batty,0,0,,,,,,,,,,,,,
692937,2014,2014-06-15,"County Ground, Derby",3,93.5,93.5,Derbyshire,Surrey,TAI Taylor,DJ Wainwright,GJ Batty,0,0,,,,,,,,,,,,,
692937,2014,2014-06-15,"County Ground, Derby",3,93.6,93.6,Derbyshire,Surrey,TAI Taylor,DJ Wainwright,GJ Batty,0,0,,,,,,,,,,,,,
692937,2014,2014-06-15,"County Ground, Derby",3,94.1,94.1,Derbyshire,Surrey,DJ Wainwright,TAI Taylor,ZS Ansari,0,0,,,,,,,,,,,,,
692937,2014,2014-06-15,"County Ground, Derby",3,94.2,94.2,Derbyshire,Surrey,DJ Wainwright,TAI Taylor,ZS Ansari,2,0,,,,,,,,,,,,,
692937,2014,2014-06-15,"County Ground, Derby",3,94.3,94.3,Derbyshire,Surrey,DJ Wainwright,TAI Taylor,ZS Ansari,0,0,,,,,,,,,,,,,
692937,2014,2014-06-15,"County Ground, Derby",3,94.4,94.4,Derbyshire,Surrey,DJ Wainwright,TAI Taylor,ZS Ansari,1,0,,,,,,,,,,,,,
692937,2014,2014-06-15,"County Ground, Derby",3,94.5,94.5,Derbyshire,Surrey,TAI Taylor,DJ Wainwright,ZS Ansari,0,0,,,,,,,,,,,,,
692937,2014,2014-06-15,"County Ground, Derby",3,94.6,94.6,Derbyshire,Surrey,TAI Taylor,DJ Wainwright,ZS Ansari,0,0,,,,,,,,,,,,,
692937,2014,2014-06-15,"County Ground, Derby",3,95.1,95.1,Derbyshire,Surrey,DJ Wainwright,TAI Taylor,GJ Batty,0,0,,,,,,,,,,,,,
692937,2014,2014-06-15,"County Ground, Derby",3,95.2,95.2,Derbyshire,Surrey,DJ Wainwright,TAI Taylor,GJ Batty,0,0,,,,,,,,,,,,,
692937,2014,2014-06-15,"County Ground, Derby",3,95.3,95.3,Derbyshire,Surrey,DJ Wainwright,TAI Taylor,GJ Batty,1,0,,,,,,,,,,,,,
692937,2014,2014-06-15,"County Ground, Derby",3,95.4,95.4,Derbyshire,Surrey,TAI Taylor,DJ Wainwright,GJ Batty,1,0,,,,,,,,,,,,,
692937,2014,2014-06-15,"County Ground, Derby",3,95.5,95.5,Derbyshire,Surrey,DJ Wainwright,TAI Taylor,GJ Batty,0,0,,,,,,,,,,,,,
692937,2014,2014-06-15,"County Ground, Derby",3,95.6,95.6,Derbyshire,Surrey,DJ Wainwright,TAI Taylor,GJ Batty,0,0,,,,,,,,,,,,,
692937,2014,2014-06-15,"County Ground, Derby",3,96.1,96.1,Derbyshire,Surrey,TAI Taylor,DJ Wainwright,ZS Ansari,0,0,,,,,,,,,,,,,
692937,2014,2014-06-15,"County Ground, Derby",3,96.2,96.2,Derbyshire,Surrey,TAI Taylor,DJ Wainwright,ZS Ansari,0,0,,,,,,,,,,,,,
692937,2014,2014-06-15,"County Ground, Derby",3,96.3,96.3,Derbyshire,Surrey,TAI Taylor,DJ Wainwright,ZS Ansari,0,0,,,,,,,,,,,,,
692937,2014,2014-06-15,"County Ground, Derby",3,96.4,96.4,Derbyshire,Surrey,TAI Taylor,DJ Wainwright,ZS Ansari,0,0,,,,,,,,,,,,,
692937,2014,2014-06-15,"County Ground, Derby",3,96.5,96.5,Derbyshire,Surrey,TAI Taylor,DJ Wainwright,ZS Ansari,0,0,,,,,,,,,,,,,
692937,2014,2014-06-15,"County Ground, Derby",3,96.6,96.6,Derbyshire,Surrey,TAI Taylor,DJ Wainwright,ZS Ansari,0,0,,,,,,,,,,,,,
692937,2014,2014-06-15,"County Ground, Derby",3,97.1,97.1,Derbyshire,Surrey,DJ Wainwright,TAI Taylor,GJ Batty,1,0,,,,,,,,,,,,,
692937,2014,2014-06-15,"County Ground, Derby",3,97.2,97.2,Derbyshire,Surrey,TAI Taylor,DJ Wainwright,GJ Batty,0,0,,,,,,,,,,,,,
692937,2014,2014-06-15,"County Ground, Derby",3,97.3,97.3,Derbyshire,Surrey,TAI Taylor,DJ Wainwright,GJ Batty,0,0,,,,,,,,,,,,,
692937,2014,2014-06-15,"County Ground, Derby",3,97.4,97.4,Derbyshire,Surrey,TAI Taylor,DJ Wainwright,GJ Batty,2,0,,,,,,,,,,,,,
692937,2014,2014-06-15,"County Ground, Derby",3,97.5,97.5,Derbyshire,Surrey,TAI Taylor,DJ Wainwright,GJ Batty,0,0,,,,,,,,,,,,,
692937,2014,2014-06-15,"County Ground, Derby",3,97.6,97.6,Derbyshire,Surrey,TAI Taylor,DJ Wainwright,GJ Batty,0,0,,,,,,,,,,,,,
692937,2014,2014-06-15,"County Ground, Derby",3,98.1,98.1,Derbyshire,Surrey,DJ Wainwright,TAI Taylor,ZS Ansari,3,0,,,,,,,,,,,,,
692937,2014,2014-06-15,"County Ground, Derby",3,98.2,98.2,Derbyshire,Surrey,TAI Taylor,DJ Wainwright,ZS Ansari,0,0,,,,,,,,,,,,,
692937,2014,2014-06-15,"County Ground, Derby",3,98.3,98.3,Derbyshire,Surrey,TAI Taylor,DJ Wainwright,ZS Ansari,0,0,,,,,,,,,,,,,
692937,2014,2014-06-15,"County Ground, Derby",3,98.4,98.4,Derbyshire,Surrey,TAI Taylor,DJ Wainwright,ZS Ansari,4,0,,,,,,,,,,,,,
692937,2014,2014-06-15,"County Ground, Derby",3,98.5,98.5,Derbyshire,Surrey,TAI Taylor,DJ Wainwright,ZS Ansari,0,0,,,,,,,,,,,,,
692937,2014,2014-06-15,"County Ground, Derby",3,98.6,98.6,Derbyshire,Surrey,TAI Taylor,DJ Wainwright,ZS Ansari,0,4,,,4,,,,,,,,,,
692937,2014,2014-06-15,"County Ground, Derby",3,99.1,99.1,Derbyshire,Surrey,DJ Wainwright,TAI Taylor,GJ Batty,0,0,,,,,,,,,,,,,
692937,2014,2014-06-15,"County Ground, Derby",3,99.2,99.2,Derbyshire,Surrey,DJ Wainwright,TAI Taylor,GJ Batty,4,0,,,,,,,,,,,,,
692937,2014,2014-06-15,"County Ground, Derby",3,99.3,99.3,Derbyshire,Surrey,DJ Wainwright,TAI Taylor,GJ Batty,1,0,,,,,,,,,,,,,
692937,2014,2014-06-15,"County Ground, Derby",3,99.4,99.4,Derbyshire,Surrey,TAI Taylor,DJ Wainwright,GJ Batty,0,0,,,,,,,,,,,,,
692937,2014,2014-06-15,"County Ground, Derby",3,99.5,99.5,Derbyshire,Surrey,TAI Taylor,DJ Wainwright,GJ Batty,0,0,,,,,,,,,,,,,
692937,2014,2014-06-15,"County Ground, Derby",3,99.6,99.6,Derbyshire,Surrey,TAI Taylor,DJ Wainwright,GJ Batty,1,0,,,,,,,,,,,,,
692937,2014,2014-06-15,"County Ground, Derby",3,100.1,100.1,Derbyshire,Surrey,TAI Taylor,DJ Wainwright,ZS Ansari,0,0,,,,,,,,,,,,,
692937,2014,2014-06-15,"County Ground, Derby",3,100.2,100.2,Derbyshire,Surrey,TAI Taylor,DJ Wainwright,ZS Ansari,0,0,,,,,,,,,,,,,
692937,2014,2014-06-15,"County Ground, Derby",3,100.3,100.3,Derbyshire,Surrey,TAI Taylor,DJ Wainwright,ZS Ansari,0,0,,,,,,,,,,,,,
692937,2014,2014-06-15,"County Ground, Derby",3,100.4,100.4,Derbyshire,Surrey,TAI Taylor,DJ Wainwright,ZS Ansari,0,0,,,,,,,,,,,,,
692937,2014,2014-06-15,"County Ground, Derby",3,100.5,100.5,Derbyshire,Surrey,TAI Taylor,DJ Wainwright,ZS Ansari,0,0,,,,,,,,,,,,,
692937,2014,2014-06-15,"County Ground, Derby",3,100.6,100.6,Derbyshire,Surrey,TAI Taylor,DJ Wainwright,ZS Ansari,0,0,,,,,,,,,,,,,
692937,2014,2014-06-15,"County Ground, Derby",3,101.1,101.1,Derbyshire,Surrey,DJ Wainwright,TAI Taylor,GJ Batty,1,0,,,,,,,,,,,,,
692937,2014,2014-06-15,"County Ground, Derby",3,101.2,101.2,Derbyshire,Surrey,TAI Taylor,DJ Wainwright,GJ Batty,0,0,,,,,,,,,,,,,
692937,2014,2014-06-15,"County Ground, Derby",3,101.3,101.3,Derbyshire,Surrey,TAI Taylor,DJ Wainwright,GJ Batty,0,0,,,,,,,,,,,,,
692937,2014,2014-06-15,"County Ground, Derby",3,101.4,101.4,Derbyshire,Surrey,TAI Taylor,DJ Wainwright,GJ Batty,0,0,,,,,,,caught,TAI Taylor,,,VS Solanki,,
692937,2014,2014-06-15,"County Ground, Derby",3,101.5,101.5,Derbyshire,Surrey,MHA Footitt,DJ Wainwright,GJ Batty,1,0,,,,,,,,,,,,,
692937,2014,2014-06-15,"County Ground, Derby",3,101.6,101.6,Derbyshire,Surrey,DJ Wainwright,MHA Footitt,GJ Batty,0,0,,,,,,,,,,,,,
692937,2014,2014-06-15,"County Ground, Derby",3,102.1,102.1,Derbyshire,Surrey,MHA Footitt,DJ Wainwright,ZS Ansari,0,0,,,,,,,,,,,,,
692937,2014,2014-06-15,"County Ground, Derby",3,102.2,102.2,Derbyshire,Surrey,MHA Footitt,DJ Wainwright,ZS Ansari,0,0,,,,,,,,,,,,,
692937,2014,2014-06-15,"County Ground, Derby",3,102.3,102.3,Derbyshire,Surrey,MHA Footitt,DJ Wainwright,ZS Ansari,4,0,,,,,,,,,,,,,
692937,2014,2014-06-15,"County Ground, Derby",3,102.4,102.4,Derbyshire,Surrey,MHA Footitt,DJ Wainwright,ZS Ansari,0,0,,,,,,,caught,MHA Footitt,,,HM Amla,,
692937,2014,2014-06-15,"County Ground, Derby",4,0.1,0.1,Surrey,Derbyshire,RJ Burns,ZS Ansari,MHA Footitt,0,0,,,,,,,,,,,,,
692937,2014,2014-06-15,"County Ground, Derby",4,0.2,0.2,Surrey,Derbyshire,RJ Burns,ZS Ansari,MHA Footitt,0,0,,,,,,,,,,,,,
692937,2014,2014-06-15,"County Ground, Derby",4,0.3,0.3,Surrey,Derbyshire,RJ Burns,ZS Ansari,MHA Footitt,0,0,,,,,,,,,,,,,
692937,2014,2014-06-15,"County Ground, Derby",4,0.4,0.4,Surrey,Derbyshire,RJ Burns,ZS Ansari,MHA Footitt,0,0,,,,,,,,,,,,,
692937,2014,2014-06-15,"County Ground, Derby",4,0.5,0.5,Surrey,Derbyshire,RJ Burns,ZS Ansari,MHA Footitt,0,0,,,,,,,,,,,,,
692937,2014,2014-06-15,"County Ground, Derby",4,0.6,0.6,Surrey,Derbyshire,RJ Burns,ZS Ansari,MHA Footitt,0,0,,,,,,,,,,,,,
692937,2014,2014-06-15,"County Ground, Derby",4,1.1,1.1,Surrey,Derbyshire,ZS Ansari,RJ Burns,AP Palladino,1,0,,,,,,,,,,,,,
692937,2014,2014-06-15,"County Ground, Derby",4,1.2,1.2,Surrey,Derbyshire,RJ Burns,ZS Ansari,AP Palladino,0,0,,,,,,,,,,,,,
692937,2014,2014-06-15,"County Ground, Derby",4,1.3,1.3,Surrey,Derbyshire,RJ Burns,ZS Ansari,AP Palladino,3,0,,,,,,,,,,,,,
692937,2014,2014-06-15,"County Ground, Derby",4,1.4,1.4,Surrey,Derbyshire,ZS Ansari,RJ Burns,AP Palladino,0,0,,,,,,,,,,,,,
692937,2014,2014-06-15,"County Ground, Derby",4,1.5,1.5,Surrey,Derbyshire,ZS Ansari,RJ Burns,AP Palladino,0,0,,,,,,,,,,,,,
692937,2014,2014-06-15,"County Ground, Derby",4,1.6,1.6,Surrey,Derbyshire,ZS Ansari,RJ Burns,AP Palladino,1,0,,,,,,,,,,,,,
692937,2014,2014-06-15,"County Ground, Derby",4,2.1,2.1,Surrey,Derbyshire,ZS Ansari,RJ Burns,MHA Footitt,0,0,,,,,,,,,,,,,
692937,2014,2014-06-15,"County Ground, Derby",4,2.2,2.2,Surrey,Derbyshire,ZS Ansari,RJ Burns,MHA Footitt,0,0,,,,,,,,,,,,,
692937,2014,2014-06-15,"County Ground, Derby",4,2.3,2.3,Surrey,Derbyshire,ZS Ansari,RJ Burns,MHA Footitt,4,0,,,,,,,,,,,,,
692937,2014,2014-06-15,"County Ground, Derby",4,2.4,2.4,Surrey,Derbyshire,ZS Ansari,RJ Burns,MHA Footitt,0,0,,,,,,,,,,,,,
692937,2014,2014-06-15,"County Ground, Derby",4,2.5,2.5,Surrey,Derbyshire,ZS Ansari,RJ Burns,MHA Footitt,0,1,1,,,,,,,,,,,,
692937,2014,2014-06-15,"County Ground, Derby",4,2.6,2.5,Surrey,Derbyshire,ZS Ansari,RJ Burns,MHA Footitt,0,0,,,,,,,,,,,,,
692937,2014,2014-06-15,"County Ground, Derby",4,2.7,2.6,Surrey,Derbyshire,ZS Ansari,RJ Burns,MHA Footitt,2,0,,,,,,,,,,,,,
692937,2014,2014-06-15,"County Ground, Derby",4,3.1,3.1,Surrey,Derbyshire,RJ Burns,ZS Ansari,AP Palladino,0,0,,,,,,,,,,,,,
692937,2014,2014-06-15,"County Ground, Derby",4,3.2,3.2,Surrey,Derbyshire,RJ Burns,ZS Ansari,AP Palladino,1,0,,,,,,,,,,,,,
692937,2014,2014-06-15,"County Ground, Derby",4,3.3,3.3,Surrey,Derbyshire,ZS Ansari,RJ Burns,AP Palladino,0,0,,,,,,,,,,,,,
692937,2014,2014-06-15,"County Ground, Derby",4,3.4,3.4,Surrey,Derbyshire,ZS Ansari,RJ Burns,AP Palladino,0,0,,,,,,,,,,,,,
692937,2014,2014-06-15,"County Ground, Derby",4,3.5,3.5,Surrey,Derbyshire,ZS Ansari,RJ Burns,AP Palladino,0,0,,,,,,,,,,,,,
692937,2014,2014-06-15,"County Ground, Derby",4,3.6,3.6,Surrey,Derbyshire,ZS Ansari,RJ Burns,AP Palladino,3,0,,,,,,,,,,,,,
692937,2014,2014-06-15,"County Ground, Derby",4,4.1,4.1,Surrey,Derbyshire,ZS Ansari,RJ Burns,MHA Footitt,0,0,,,,,,,,,,,,,
692937,2014,2014-06-15,"County Ground, Derby",4,4.2,4.2,Surrey,Derbyshire,ZS Ansari,RJ Burns,MHA Footitt,0,0,,,,,,,,,,,,,
692937,2014,2014-06-15,"County Ground, Derby",4,4.3,4.3,Surrey,Derbyshire,ZS Ansari,RJ Burns,MHA Footitt,4,0,,,,,,,,,,,,,
692937,2014,2014-06-15,"County Ground, Derby",4,4.4,4.4,Surrey,Derbyshire,ZS Ansari,RJ Burns,MHA Footitt,0,0,,,,,,,,,,,,,
692937,2014,2014-06-15,"County Ground, Derby",4,4.5,4.5,Surrey,Derbyshire,ZS Ansari,RJ Burns,MHA Footitt,0,0,,,,,,,,,,,,,
692937,2014,2014-06-15,"County Ground, Derby",4,4.6,4.6,Surrey,Derbyshire,ZS Ansari,RJ Burns,MHA Footitt,0,0,,,,,,,,,,,,,
692937,2014,2014-06-15,"County Ground, Derby",4,5.1,5.1,Surrey,Derbyshire,RJ Burns,ZS Ansari,AP Palladino,0,0,,,,,,,,,,,,,
692937,2014,2014-06-15,"County Ground, Derby",4,5.2,5.2,Surrey,Derbyshire,RJ Burns,ZS Ansari,AP Palladino,0,0,,,,,,,,,,,,,
692937,2014,2014-06-15,"County Ground, Derby",4,5.3,5.3,Surrey,Derbyshire,RJ Burns,ZS Ansari,AP Palladino,0,0,,,,,,,,,,,,,
692937,2014,2014-06-15,"County Ground, Derby",4,5.4,5.4,Surrey,Derbyshire,RJ Burns,ZS Ansari,AP Palladino,0,0,,,,,,,,,,,,,
692937,2014,2014-06-15,"County Ground, Derby",4,5.5,5.5,Surrey,Derbyshire,RJ Burns,ZS Ansari,AP Palladino,1,0,,,,,,,,,,,,,
